frame_number,track_id,x,y,w,h,matched,detection_count,missed_frame_count,age_frames
5,2,1854.0,3429.0,9.0,14.0,1,3,0,3
6,2,1841.0,3432.0,24.0,11.0,1,4,0,4
7,2,1849.0,3430.0,19.0,9.0,1,5,0,5
8,2,1849.0,3430.0,19.0,9.0,0,5,1,6
9,2,1845.0,3418.0,18.0,9.0,1,6,0,7
10,2,1846.0,3421.0,13.0,11.0,1,7,0,8
11,2,1842.0,3418.0,13.0,10.0,1,8,0,9
12,2,1832.0,3410.0,22.0,10.0,1,9,0,10
13,2,1837.0,3410.0,18.0,8.0,1,10,0,11
14,2,1825.0,3410.0,17.0,9.0,1,11,0,12
15,2,1825.0,3404.0,21.0,9.0,1,12,0,13
16,2,1827.0,3396.0,20.0,10.0,1,13,0,14
17,2,1827.0,3402.0,20.0,6.0,1,14,0,15
18,2,1826.0,3398.0,18.0,5.0,1,15,0,16
19,2,1821.0,3395.0,19.0,5.0,1,16,0,17
20,2,1822.0,3388.0,19.0,6.0,1,17,0,18
21,2,1816.0,3389.0,18.0,6.0,1,18,0,19
22,2,1815.0,3383.0,20.0,8.0,1,19,0,20
23,2,1821.0,3375.0,22.0,8.0,1,20,0,21
24,2,1819.0,3382.0,20.0,7.0,1,21,0,22
25,2,1813.0,3370.0,20.0,7.0,1,22,0,23
26,2,1816.0,3372.0,19.0,7.0,1,23,0,24
27,2,1809.0,3373.0,20.0,7.0,1,24,0,25
28,2,1815.0,3370.0,19.0,8.0,1,25,0,26
29,2,1805.0,3372.0,23.0,9.0,1,26,0,27
30,2,1811.0,3367.0,21.0,10.0,1,27,0,28
31,2,1806.0,3360.0,22.0,10.0,1,28,0,29
32,2,1811.0,3356.0,19.0,11.0,1,29,0,30
33,2,1804.0,3360.0,19.0,12.0,1,30,0,31
34,2,1799.0,3353.0,19.0,10.0,1,31,0,32
35,2,1805.0,3359.0,19.0,10.0,1,32,0,33
36,2,1799.0,3356.0,19.0,10.0,1,33,0,34
37,2,1800.0,3353.0,17.0,9.0,1,34,0,35
38,2,1796.0,3356.0,19.0,11.0,1,35,0,36
39,2,1803.0,3357.0,18.0,8.0,1,36,0,37
40,2,1787.0,3350.0,17.0,9.0,1,37,0,38
41,2,1793.0,3344.0,17.0,8.0,1,38,0,39
42,2,1792.0,3346.0,21.0,10.0,1,39,0,40
43,2,1786.0,3352.0,21.0,6.0,1,40,0,41
44,2,1792.0,3350.0,23.0,8.0,1,41,0,42
45,2,1785.0,3355.0,23.0,8.0,1,42,0,43
46,2,1787.0,3347.0,22.0,7.0,1,43,0,44
47,2,1779.0,3355.0,17.0,6.0,1,44,0,45
48,2,1778.0,3349.0,17.0,7.0,1,45,0,46
49,2,1775.0,3347.0,15.0,5.0,1,46,0,47
50,2,1783.0,3348.0,15.0,6.0,1,47,0,48
51,2,1770.0,3345.0,16.0,6.0,1,48,0,49
52,2,1774.0,3348.0,18.0,7.0,1,49,0,50
53,2,1771.0,3348.0,17.0,6.0,1,50,0,51
54,2,1768.0,3347.0,17.0,6.0,1,51,0,52
55,2,1766.0,3347.0,17.0,6.0,1,52,0,53
56,2,1765.0,3351.0,17.0,6.0,1,53,0,54
57,2,1765.0,3350.0,16.0,6.0,1,54,0,55
58,2,1769.0,3342.0,17.0,6.0,1,55,0,56
59,2,1762.0,3348.0,17.0,6.0,1,56,0,57
60,2,1765.0,3351.0,18.0,6.0,1,57,0,58
61,2,1766.0,3347.0,15.0,5.0,1,58,0,59
62,2,1759.0,3346.0,18.0,7.0,1,59,0,60
63,2,1760.0,3355.0,16.0,5.0,1,60,0,61
64,2,1726.0,3429.0,9.0,6.0,1,61,0,62
65,2,1757.0,3350.0,16.0,6.0,1,62,0,63
66,2,1756.0,3348.0,15.0,6.0,1,63,0,64
67,2,1752.0,3350.0,17.0,8.0,1,64,0,65
68,2,1749.0,3347.0,17.0,8.0,1,65,0,66
69,2,1751.0,3352.0,16.0,6.0,1,66,0,67
70,2,1751.0,3352.0,16.0,6.0,0,66,1,68
71,2,1754.0,3350.0,18.0,8.0,1,67,0,69
72,2,1748.0,3347.0,18.0,11.0,1,68,0,70
73,2,1745.0,3352.0,14.0,12.0,1,69,0,71
74,2,1753.0,3346.0,17.0,15.0,1,70,0,72
75,2,1747.0,3345.0,20.0,14.0,1,71,0,73
76,2,1743.0,3354.0,21.0,10.0,1,72,0,74
77,2,1746.0,3353.0,14.0,14.0,1,73,0,75
78,2,1748.0,3354.0,14.0,6.0,1,74,0,76
78,41,2142.0,3026.0,5.0,5.0,1,3,0,3
79,2,1748.0,3351.0,12.0,13.0,1,75,0,77
79,41,2136.0,3024.0,5.0,7.0,1,4,0,4
80,2,1741.0,3352.0,22.0,10.0,1,76,0,78
80,41,2129.0,3029.0,8.0,5.0,1,5,0,5
81,2,1742.0,3365.0,18.0,17.0,1,77,0,79
81,41,2122.0,3032.0,8.0,6.0,1,6,0,6
82,2,1746.0,3359.0,12.0,10.0,1,78,0,80
82,41,2113.0,3035.0,8.0,4.0,1,7,0,7
82,44,2143.0,3029.0,11.0,6.0,1,3,0,3
83,2,1742.0,3360.0,17.0,10.0,1,79,0,81
83,41,2113.0,3034.0,7.0,6.0,1,8,0,8
83,44,2135.0,3032.0,8.0,7.0,1,4,0,4
84,2,1739.0,3358.0,20.0,13.0,1,80,0,82
84,41,2105.0,3030.0,9.0,7.0,1,9,0,9
84,44,2128.0,3034.0,10.0,8.0,1,5,0,5
85,2,1748.0,3367.0,15.0,7.0,1,81,0,83
85,41,2099.0,3025.0,8.0,6.0,1,10,0,10
85,44,2121.0,3031.0,11.0,10.0,1,6,0,6
86,2,1735.0,3361.0,15.0,12.0,1,82,0,84
86,41,2091.0,3024.0,7.0,6.0,1,11,0,11
86,44,2122.0,3029.0,9.0,8.0,1,7,0,7
86,45,2156.0,3031.0,4.0,8.0,1,3,0,3
86,46,2141.0,3030.0,5.0,6.0,1,3,0,3
87,2,1739.0,3362.0,14.0,7.0,1,83,0,85
87,41,2083.0,3025.0,7.0,6.0,1,12,0,12
87,44,2106.0,3026.0,10.0,7.0,1,8,0,8
87,45,2146.0,3033.0,9.0,7.0,1,4,0,4
87,46,2136.0,3032.0,6.0,7.0,1,4,0,4
87,47,2130.0,3039.0,7.0,6.0,1,3,0,3
88,2,1725.0,3360.0,19.0,13.0,1,84,0,86
88,41,2085.0,3029.0,7.0,6.0,1,13,0,13
88,44,2108.0,3026.0,10.0,9.0,1,9,0,9
88,45,2143.0,3034.0,9.0,5.0,1,5,0,5
88,46,2134.0,3032.0,7.0,6.0,1,5,0,5
88,47,2126.0,3031.0,7.0,6.0,1,4,0,4
89,2,1737.0,3363.0,14.0,6.0,1,85,0,87
89,41,2074.0,3031.0,6.0,8.0,1,14,0,14
89,44,2101.0,3028.0,10.0,8.0,1,10,0,10
89,45,2125.0,3027.0,5.0,6.0,1,6,0,6
89,46,2109.0,3027.0,8.0,8.0,1,6,0,6
89,47,2152.0,3023.0,8.0,8.0,1,5,0,5
90,2,1731.0,3369.0,17.0,10.0,1,86,0,88
90,41,2073.0,3031.0,7.0,6.0,1,15,0,15
90,44,2090.0,3028.0,9.0,8.0,1,11,0,11
90,45,2132.0,3031.0,10.0,9.0,1,7,0,7
90,46,2110.0,3033.0,8.0,7.0,1,7,0,7
90,47,2145.0,3029.0,9.0,7.0,1,6,0,6
91,2,1734.0,3363.0,14.0,7.0,1,87,0,89
91,41,2056.0,3033.0,11.0,8.0,1,16,0,16
91,44,2083.0,3023.0,11.0,9.0,1,12,0,12
91,45,2126.0,3033.0,10.0,7.0,1,8,0,8
91,46,2108.0,3031.0,9.0,7.0,1,8,0,8
91,47,2138.0,3030.0,8.0,5.0,1,7,0,7
92,2,1734.0,3363.0,14.0,7.0,0,87,1,90
92,41,2056.0,3036.0,8.0,7.0,1,17,0,17
92,44,2100.0,3034.0,7.0,10.0,1,13,0,13
92,45,2133.0,3029.0,7.0,6.0,1,9,0,9
92,46,2107.0,3033.0,11.0,5.0,1,9,0,9
92,47,2149.0,3024.0,11.0,7.0,1,8,0,8
93,2,1722.0,3360.0,25.0,9.0,1,88,0,91
93,41,2068.0,3032.0,9.0,8.0,1,18,0,18
93,44,2092.0,3027.0,8.0,7.0,1,14,0,14
93,45,2127.0,3030.0,8.0,6.0,1,10,0,10
93,46,2099.0,3029.0,7.0,9.0,1,10,0,10
93,47,2149.0,3024.0,11.0,7.0,0,8,1,9
93,53,2142.0,3031.0,9.0,5.0,1,3,0,3
94,2,1722.0,3361.0,17.0,15.0,1,89,0,92
94,41,2047.0,3030.0,7.0,10.0,1,19,0,19
94,44,2068.0,3025.0,12.0,10.0,1,15,0,15
94,45,2121.0,3027.0,8.0,6.0,1,11,0,11
94,46,2099.0,3028.0,7.0,6.0,1,11,0,11
94,47,2151.0,3021.0,7.0,4.0,1,9,0,10
94,53,2137.0,3026.0,9.0,6.0,1,4,0,4
95,2,1723.0,3357.0,10.0,12.0,1,90,0,93
95,41,2040.0,3026.0,7.0,6.0,1,20,0,20
95,44,2061.0,3030.0,7.0,6.0,1,16,0,16
95,45,2119.0,3031.0,7.0,6.0,1,12,0,12
95,46,2091.0,3032.0,7.0,6.0,1,12,0,12
95,47,2143.0,3028.0,7.0,6.0,1,10,0,11
95,53,2133.0,3026.0,9.0,6.0,1,5,0,5
96,2,1726.0,3359.0,15.0,12.0,1,91,0,94
96,41,2032.0,3030.0,7.0,6.0,1,21,0,21
96,44,2054.0,3032.0,9.0,8.0,1,17,0,17
96,45,2120.0,3028.0,10.0,6.0,1,13,0,13
96,46,2086.0,3027.0,7.0,5.0,1,13,0,13
96,47,2143.0,3028.0,7.0,6.0,0,10,1,12
96,53,2138.0,3027.0,8.0,6.0,1,6,0,6
96,54,2094.0,3032.0,10.0,7.0,1,3,0,3
97,2,1713.0,3356.0,18.0,12.0,1,92,0,95
97,41,2026.0,3031.0,9.0,6.0,1,22,0,22
97,44,2050.0,3032.0,10.0,9.0,1,18,0,18
97,45,2118.0,3026.0,8.0,6.0,1,14,0,14
97,46,2074.0,3033.0,7.0,8.0,1,14,0,14
97,47,2145.0,3020.0,11.0,7.0,1,11,0,13
97,53,2135.0,3027.0,8.0,6.0,1,7,0,7
97,54,2092.0,3027.0,10.0,11.0,1,4,0,4
97,56,2071.0,3035.0,8.0,9.0,1,3,0,3
98,2,1724.0,3366.0,13.0,9.0,1,93,0,96
98,41,2009.0,3026.0,8.0,8.0,1,23,0,23
98,44,2039.0,3029.0,11.0,10.0,1,19,0,19
98,45,2118.0,3024.0,8.0,6.0,1,15,0,15
98,46,2072.0,3032.0,9.0,4.0,1,15,0,15
98,47,2148.0,3028.0,8.0,5.0,1,12,0,14
98,53,2140.0,3026.0,9.0,7.0,1,8,0,8
98,54,2092.0,3027.0,10.0,11.0,0,4,1,5
98,56,2061.0,3029.0,8.0,8.0,1,4,0,4
99,2,1714.0,3359.0,16.0,13.0,1,94,0,97
99,41,2012.0,3033.0,12.0,6.0,1,24,0,24
99,44,2053.0,3031.0,7.0,8.0,1,20,0,20
99,45,2119.0,3025.0,9.0,5.0,1,16,0,16
99,46,2069.0,3030.0,6.0,5.0,1,16,0,16
99,47,2153.0,3025.0,7.0,6.0,1,13,0,15
99,53,2148.0,3029.0,7.0,5.0,1,9,0,9
99,54,2107.0,3025.0,9.0,6.0,1,5,0,6
99,56,2070.0,3029.0,10.0,7.0,1,5,0,5
99,58,2132.0,3024.0,9.0,7.0,1,3,0,3
100,2,1709.0,3359.0,16.0,7.0,1,95,0,98
100,41,2005.0,3023.0,9.0,7.0,1,25,0,25
100,44,2046.0,3030.0,9.0,9.0,1,21,0,21
100,45,2110.0,3030.0,9.0,5.0,1,17,0,17
100,46,2060.0,3034.0,6.0,5.0,1,17,0,17
100,47,2143.0,3018.0,8.0,5.0,1,14,0,16
100,53,2125.0,3022.0,10.0,8.0,1,10,0,10
100,54,2099.0,3028.0,8.0,7.0,1,6,0,7
100,56,2075.0,3031.0,10.0,7.0,1,6,0,6
100,58,2135.0,3020.0,7.0,6.0,1,4,0,4
101,2,1707.0,3350.0,17.0,14.0,1,96,0,99
101,41,2002.0,3034.0,9.0,7.0,1,26,0,26
101,44,2041.0,3026.0,9.0,8.0,1,22,0,22
101,45,2117.0,3024.0,10.0,8.0,1,18,0,18
101,46,2056.0,3032.0,7.0,5.0,1,18,0,18
101,47,2153.0,3022.0,6.0,5.0,1,15,0,17
101,53,2132.0,3026.0,6.0,5.0,1,11,0,11
101,54,2106.0,3030.0,9.0,5.0,1,7,0,8
101,56,2079.0,3034.0,8.0,5.0,1,7,0,7
101,58,2140.0,3016.0,6.0,7.0,1,5,0,5
102,2,1697.0,3361.0,22.0,8.0,1,97,0,100
102,41,1993.0,3031.0,9.0,7.0,1,27,0,27
102,44,2036.0,3029.0,10.0,8.0,1,23,0,23
102,45,2109.0,3027.0,10.0,8.0,1,19,0,19
102,46,2045.0,3032.0,6.0,4.0,1,19,0,19
102,47,2153.0,3022.0,6.0,5.0,0,15,1,18
102,53,2128.0,3025.0,7.0,4.0,1,12,0,12
102,54,2107.0,3026.0,8.0,5.0,1,8,0,9
102,56,2074.0,3028.0,8.0,7.0,1,8,0,8
102,58,2139.0,3015.0,6.0,6.0,1,6,0,6
102,59,2019.0,3028.0,12.0,10.0,1,3,0,3
102,60,2094.0,3019.0,8.0,5.0,1,3,0,3
103,2,1702.0,3355.0,18.0,12.0,1,98,0,101
103,41,1988.0,3028.0,10.0,8.0,1,28,0,28
103,44,2026.0,3027.0,10.0,9.0,1,24,0,24
103,45,2121.0,3024.0,7.0,5.0,1,20,0,20
103,46,2035.0,3034.0,9.0,5.0,1,20,0,20
103,47,2153.0,3022.0,6.0,5.0,0,15,2,19
103,53,2124.0,3020.0,9.0,5.0,1,13,0,13
103,54,2114.0,3024.0,9.0,8.0,1,9,0,10
103,56,2067.0,3023.0,7.0,7.0,1,9,0,9
103,58,2141.0,3021.0,6.0,5.0,1,7,0,7
103,59,2009.0,3031.0,9.0,7.0,1,4,0,4
103,60,2078.0,3026.0,8.0,6.0,1,4,0,4
103,61,2051.0,3035.0,11.0,7.0,1,3,0,3
104,2,1701.0,3353.0,13.0,8.0,1,99,0,102
104,41,1977.0,3029.0,8.0,9.0,1,29,0,29
104,44,2022.0,3027.0,9.0,9.0,1,25,0,25
104,45,2087.0,3027.0,9.0,7.0,1,21,0,21
104,46,2035.0,3032.0,7.0,5.0,1,21,0,21
104,47,2153.0,3021.0,7.0,6.0,1,16,0,20
104,53,2113.0,3019.0,8.0,6.0,1,14,0,14
104,54,2102.0,3018.0,10.0,7.0,1,10,0,11
104,56,2063.0,3024.0,8.0,6.0,1,10,0,10
104,58,2124.0,3021.0,8.0,5.0,1,8,0,8
104,59,2003.0,3025.0,10.0,7.0,1,5,0,5
104,60,2075.0,3030.0,9.0,5.0,1,5,0,5
104,61,2042.0,3025.0,10.0,8.0,1,4,0,4
105,2,1702.0,3351.0,17.0,11.0,1,100,0,103
105,41,1973.0,3034.0,6.0,7.0,1,30,0,30
105,44,2016.0,3026.0,8.0,10.0,1,26,0,26
105,45,2096.0,3022.0,7.0,7.0,1,22,0,22
105,46,2030.0,3037.0,7.0,5.0,1,22,0,22
105,47,2153.0,3021.0,7.0,6.0,0,16,1,21
105,53,2121.0,3021.0,7.0,5.0,1,15,0,15
105,54,2112.0,3019.0,7.0,5.0,1,11,0,12
105,56,2065.0,3032.0,8.0,6.0,1,11,0,11
105,58,2143.0,3020.0,7.0,6.0,1,9,0,9
105,59,1996.0,3029.0,9.0,8.0,1,6,0,6
105,60,2081.0,3024.0,8.0,6.0,1,6,0,6
105,61,2056.0,3037.0,8.0,6.0,1,5,0,5
106,2,1698.0,3350.0,19.0,15.0,1,101,0,104
106,41,1972.0,3029.0,6.0,7.0,1,31,0,31
106,44,2020.0,3033.0,7.0,5.0,1,27,0,27
106,45,2093.0,3028.0,8.0,7.0,1,23,0,23
106,46,2031.0,3031.0,10.0,7.0,1,23,0,23
106,47,2152.0,3027.0,5.0,4.0,1,17,0,22
106,53,2115.0,3016.0,7.0,6.0,1,16,0,16
106,54,2100.0,3028.0,7.0,5.0,1,12,0,13
106,56,2067.0,3029.0,9.0,6.0,1,12,0,12
106,58,2120.0,3025.0,6.0,5.0,1,10,0,10
106,59,1995.0,3025.0,9.0,8.0,1,7,0,7
106,60,2071.0,3026.0,9.0,5.0,1,7,0,7
106,61,2046.0,3030.0,7.0,5.0,1,6,0,6
107,2,1688.0,3348.0,23.0,10.0,1,102,0,105
107,41,1962.0,3034.0,10.0,8.0,1,32,0,32
107,44,2015.0,3036.0,8.0,5.0,1,28,0,28
107,45,2087.0,3027.0,8.0,8.0,1,24,0,24
107,46,2031.0,3027.0,10.0,7.0,1,24,0,24
107,47,2130.0,3029.0,6.0,5.0,1,18,0,23
107,53,2111.0,3014.0,7.0,4.0,1,17,0,17
107,54,2100.0,3033.0,7.0,5.0,1,13,0,14
107,56,2056.0,3029.0,9.0,5.0,1,13,0,13
107,58,2107.0,3017.0,6.0,7.0,1,11,0,11
107,59,1987.0,3032.0,8.0,9.0,1,8,0,8
107,60,2077.0,3026.0,9.0,6.0,1,8,0,8
107,61,2039.0,3024.0,7.0,7.0,1,7,0,7
108,2,1688.0,3348.0,23.0,10.0,0,102,1,106
108,41,1952.0,3033.0,9.0,8.0,1,33,0,33
108,44,1997.0,3030.0,9.0,9.0,1,29,0,29
108,45,2080.0,3024.0,7.0,7.0,1,25,0,25
108,46,2022.0,3035.0,10.0,6.0,1,25,0,25
108,47,2129.0,3022.0,8.0,6.0,1,19,0,24
108,53,2100.0,3021.0,7.0,6.0,1,18,0,18
108,54,2091.0,3021.0,5.0,5.0,1,14,0,15
108,56,2054.0,3030.0,9.0,6.0,1,14,0,14
108,58,2114.0,3027.0,7.0,6.0,1,12,0,12
108,59,1979.0,3032.0,11.0,8.0,1,9,0,9
108,60,2066.0,3029.0,8.0,5.0,1,9,0,9
108,61,2037.0,3031.0,9.0,6.0,1,8,0,8
109,2,1691.0,3347.0,15.0,6.0,1,103,0,107
109,41,1946.0,3029.0,9.0,9.0,1,34,0,34
109,44,1992.0,3026.0,9.0,11.0,1,30,0,30
109,45,2074.0,3017.0,9.0,7.0,1,26,0,26
109,46,2005.0,3034.0,8.0,6.0,1,26,0,26
109,47,2135.0,3025.0,7.0,5.0,1,20,0,25
109,53,2089.0,3023.0,6.0,4.0,1,19,0,19
109,54,2086.0,3025.0,8.0,7.0,1,15,0,16
109,56,2039.0,3038.0,9.0,6.0,1,15,0,15
109,58,2122.0,3022.0,6.0,6.0,1,13,0,13
109,59,1973.0,3029.0,10.0,9.0,1,10,0,10
109,60,2061.0,3030.0,9.0,6.0,1,10,0,10
109,61,2028.0,3030.0,9.0,7.0,1,9,0,9
109,64,2017.0,3027.0,11.0,6.0,1,3,0,3
110,2,1691.0,3347.0,15.0,6.0,0,103,1,108
110,41,1946.0,3029.0,9.0,9.0,0,34,1,35
110,44,1999.0,3028.0,7.0,5.0,1,31,0,31
110,45,2080.0,3026.0,7.0,5.0,1,27,0,27
110,46,2009.0,3031.0,10.0,7.0,1,27,0,27
110,47,2126.0,3025.0,6.0,6.0,1,21,0,26
110,53,2093.0,3017.0,7.0,5.0,1,20,0,20
110,54,2089.0,3021.0,7.0,7.0,1,16,0,17
110,56,2052.0,3026.0,9.0,7.0,1,16,0,16
110,58,2118.0,3026.0,8.0,6.0,1,14,0,14
110,59,1969.0,3029.0,11.0,9.0,1,11,0,11
110,60,2071.0,3027.0,9.0,7.0,1,11,0,11
110,61,2035.0,3030.0,10.0,7.0,1,10,0,10
110,64,2021.0,3023.0,10.0,5.0,1,4,0,4
110,66,2141.0,3026.0,7.0,5.0,1,3,0,3
111,2,1683.0,3343.0,23.0,10.0,1,104,0,109
111,41,1935.0,3026.0,11.0,10.0,1,35,0,36
111,44,1994.0,3035.0,9.0,6.0,1,32,0,32
111,45,2082.0,3018.0,9.0,7.0,1,28,0,28
111,46,2001.0,3030.0,9.0,6.0,1,28,0,28
111,47,2151.0,3015.0,2.0,8.0,1,22,0,27
111,53,2110.0,3023.0,7.0,6.0,1,21,0,21
111,54,2091.0,3023.0,7.0,6.0,1,17,0,18
111,56,2048.0,3030.0,8.0,6.0,1,17,0,17
111,58,2128.0,3018.0,6.0,8.0,1,15,0,15
111,59,1955.0,3034.0,11.0,8.0,1,12,0,12
111,60,2076.0,3026.0,8.0,5.0,1,12,0,12
111,61,2030.0,3027.0,8.0,7.0,1,11,0,11
111,64,2011.0,3029.0,9.0,7.0,1,5,0,5
111,66,2142.0,3025.0,8.0,5.0,1,4,0,4
112,2,1679.0,3343.0,18.0,10.0,1,105,0,110
112,41,1926.0,3035.0,9.0,8.0,1,36,0,37
112,44,1981.0,3034.0,8.0,5.0,1,33,0,33
112,45,2082.0,3018.0,8.0,6.0,1,29,0,29
112,46,1999.0,3034.0,11.0,8.0,1,29,0,29
112,47,2152.0,3012.0,8.0,6.0,1,23,0,28
112,53,2106.0,3026.0,8.0,6.0,1,22,0,22
112,54,2091.0,3027.0,7.0,5.0,1,18,0,19
112,56,2050.0,3027.0,10.0,7.0,1,18,0,18
112,58,2117.0,3021.0,7.0,9.0,1,16,0,16
112,59,1957.0,3031.0,9.0,10.0,1,13,0,13
112,60,2069.0,3028.0,7.0,5.0,1,13,0,13
112,61,2042.0,3023.0,8.0,7.0,1,12,0,12
112,64,2024.0,3030.0,8.0,6.0,1,6,0,6
112,66,2142.0,3025.0,8.0,5.0,0,4,1,5
113,2,1679.0,3343.0,18.0,10.0,0,105,1,111
113,41,1922.0,3028.0,8.0,8.0,1,37,0,38
113,44,1979.0,3028.0,7.0,6.0,1,34,0,34
113,45,2061.0,3024.0,6.0,5.0,1,30,0,30
113,46,1991.0,3035.0,10.0,7.0,1,30,0,30
113,47,2148.0,3022.0,7.0,6.0,1,24,0,29
113,53,2069.0,3023.0,8.0,7.0,1,23,0,23
113,54,2079.0,3024.0,8.0,4.0,1,19,0,20
113,56,2036.0,3029.0,9.0,6.0,1,19,0,19
113,58,2110.0,3022.0,8.0,7.0,1,17,0,17
113,59,1951.0,3029.0,9.0,11.0,1,14,0,14
113,60,2052.0,3026.0,8.0,6.0,1,14,0,14
113,61,2016.0,3031.0,10.0,8.0,1,13,0,13
113,64,2007.0,3037.0,7.0,5.0,1,7,0,7
113,66,2129.0,3027.0,7.0,7.0,1,5,0,6
113,69,1965.0,3035.0,9.0,10.0,1,3,0,3
114,2,1679.0,3339.0,19.0,10.0,1,106,0,112
114,41,1915.0,3034.0,14.0,8.0,1,38,0,39
114,44,1975.0,3026.0,7.0,7.0,1,35,0,35
114,45,2069.0,3019.0,8.0,5.0,1,31,0,31
114,46,1987.0,3033.0,10.0,8.0,1,31,0,31
114,47,2153.0,3022.0,7.0,6.0,1,25,0,30
114,53,2077.0,3022.0,6.0,6.0,1,24,0,24
114,54,2105.0,3023.0,8.0,7.0,1,20,0,21
114,56,2047.0,3024.0,8.0,6.0,1,20,0,20
114,58,2117.0,3031.0,10.0,6.0,1,18,0,18
114,59,1941.0,3031.0,9.0,10.0,1,15,0,15
114,60,2053.0,3025.0,7.0,4.0,1,15,0,15
114,61,2012.0,3026.0,8.0,6.0,1,14,0,14
114,64,2007.0,3037.0,7.0,5.0,0,7,1,8
114,66,2137.0,3020.0,7.0,7.0,1,6,0,7
114,69,1965.0,3031.0,8.0,10.0,1,4,0,4
115,2,1670.0,3329.0,18.0,12.0,1,107,0,113
115,41,1933.0,3037.0,9.0,8.0,1,39,0,40
115,44,1975.0,3034.0,10.0,6.0,1,36,0,36
115,45,2061.0,3022.0,7.0,6.0,1,32,0,32
115,46,1992.0,3027.0,8.0,5.0,1,32,0,32
115,47,2147.0,3014.0,7.0,5.0,1,26,0,31
115,53,2074.0,3018.0,8.0,4.0,1,25,0,25
115,54,2098.0,3025.0,7.0,7.0,1,21,0,22
115,56,2037.0,3026.0,9.0,6.0,1,21,0,21
115,58,2115.0,3028.0,8.0,7.0,1,19,0,19
115,59,1955.0,3034.0,8.0,6.0,1,16,0,16
115,60,2053.0,3028.0,8.0,6.0,1,16,0,16
115,61,2013.0,3024.0,7.0,6.0,1,15,0,15
115,64,2028.0,3030.0,9.0,6.0,1,8,0,9
115,66,2129.0,3018.0,7.0,8.0,1,7,0,8
115,69,1964.0,3033.0,9.0,7.0,1,5,0,5
116,2,1671.0,3338.0,11.0,9.0,1,108,0,114
116,41,1907.0,3037.0,8.0,8.0,1,40,0,41
116,44,1949.0,3035.0,8.0,6.0,1,37,0,37
116,45,2046.0,3025.0,7.0,5.0,1,33,0,33
116,46,1969.0,3031.0,10.0,7.0,1,33,0,33
116,47,2143.0,3021.0,8.0,5.0,1,27,0,32
116,53,2065.0,3021.0,9.0,7.0,1,26,0,26
116,54,2098.0,3025.0,7.0,7.0,0,21,1,23
116,56,2028.0,3024.0,9.0,6.0,1,22,0,22
116,58,2109.0,3025.0,8.0,7.0,1,20,0,20
116,59,1931.0,3034.0,9.0,8.0,1,17,0,17
116,60,2026.0,3027.0,9.0,7.0,1,17,0,17
116,61,1988.0,3029.0,9.0,5.0,1,16,0,16
116,64,2007.0,3029.0,7.0,6.0,1,9,0,10
116,66,2123.0,3019.0,6.0,6.0,1,8,0,9
116,69,1962.0,3034.0,9.0,7.0,1,6,0,6
117,2,1666.0,3329.0,15.0,9.0,1,109,0,115
117,41,1900.0,3033.0,7.0,4.0,1,41,0,42
117,44,1953.0,3028.0,9.0,7.0,1,38,0,38
117,45,2047.0,3026.0,9.0,6.0,1,34,0,34
117,46,1966.0,3034.0,7.0,7.0,1,34,0,34
117,47,2135.0,3014.0,7.0,7.0,1,28,0,33
117,53,2061.0,3022.0,10.0,6.0,1,27,0,27
117,54,2094.0,3022.0,7.0,8.0,1,22,0,24
117,56,2023.0,3028.0,12.0,7.0,1,23,0,23
117,58,2112.0,3026.0,8.0,5.0,1,21,0,21
117,59,1937.0,3036.0,7.0,6.0,1,18,0,18
117,60,2039.0,3024.0,7.0,5.0,1,18,0,18
117,61,2000.0,3028.0,7.0,7.0,1,17,0,17
117,64,2014.0,3026.0,8.0,7.0,1,10,0,11
117,66,2122.0,3018.0,8.0,6.0,1,9,0,10
117,69,1962.0,3034.0,9.0,7.0,0,6,1,7
117,71,2080.0,3020.0,7.0,5.0,1,3,0,3
118,2,1660.0,3324.0,15.0,9.0,1,110,0,116
118,41,1892.0,3028.0,6.0,4.0,1,42,0,43
118,44,1948.0,3034.0,7.0,8.0,1,39,0,39
118,45,2043.0,3016.0,8.0,7.0,1,35,0,35
118,46,1958.0,3030.0,8.0,9.0,1,35,0,35
118,47,2145.0,3024.0,7.0,6.0,1,29,0,34
118,53,2054.0,3027.0,10.0,6.0,1,28,0,28
118,54,2093.0,3024.0,9.0,6.0,1,23,0,25
118,56,2020.0,3029.0,11.0,7.0,1,24,0,24
118,58,2115.0,3020.0,8.0,6.0,1,22,0,22
118,59,1935.0,3034.0,5.0,6.0,1,19,0,19
118,60,2033.0,3024.0,7.0,5.0,1,19,0,19
118,61,1992.0,3030.0,8.0,7.0,1,18,0,18
118,64,2006.0,3025.0,7.0,6.0,1,11,0,12
118,66,2133.0,3022.0,5.0,5.0,1,10,0,11
118,69,1974.0,3033.0,7.0,6.0,1,7,0,8
118,71,2085.0,3020.0,6.0,7.0,1,4,0,4
119,2,1663.0,3323.0,16.0,11.0,1,111,0,117
119,41,1884.0,3033.0,13.0,7.0,1,43,0,44
119,44,1941.0,3033.0,8.0,6.0,1,40,0,40
119,45,2035.0,3024.0,10.0,7.0,1,36,0,36
119,46,1953.0,3031.0,10.0,8.0,1,36,0,36
119,47,2148.0,3025.0,7.0,6.0,1,30,0,35
119,53,2054.0,3027.0,10.0,6.0,0,28,1,29
119,54,2094.0,3026.0,9.0,5.0,1,24,0,26
119,56,2016.0,3027.0,10.0,7.0,1,25,0,25
119,58,2114.0,3016.0,6.0,6.0,1,23,0,23
119,59,1927.0,3031.0,6.0,7.0,1,20,0,20
119,60,2028.0,3027.0,8.0,4.0,1,20,0,20
119,61,1989.0,3028.0,9.0,8.0,1,19,0,19
119,64,1999.0,3031.0,8.0,6.0,1,12,0,13
119,66,2126.0,3018.0,6.0,6.0,1,11,0,12
119,69,1964.0,3031.0,7.0,5.0,1,8,0,9
119,71,2085.0,3020.0,6.0,7.0,0,4,1,5
120,2,1655.0,3322.0,19.0,13.0,1,112,0,118
120,41,1877.0,3037.0,9.0,8.0,1,44,0,45
120,44,1937.0,3033.0,8.0,7.0,1,41,0,41
120,45,2041.0,3021.0,9.0,5.0,1,37,0,37
120,46,1963.0,3033.0,6.0,7.0,1,37,0,37
120,47,2155.0,3019.0,5.0,6.0,1,31,0,36
120,53,2061.0,3021.0,8.0,4.0,1,29,0,30
120,54,2092.0,3026.0,11.0,6.0,1,25,0,27
120,56,2036.0,3026.0,9.0,7.0,1,26,0,26
120,58,2120.0,3019.0,8.0,5.0,1,24,0,24
120,59,1944.0,3030.0,10.0,8.0,1,21,0,21
120,60,2025.0,3025.0,7.0,5.0,1,21,0,21
120,61,1993.0,3028.0,8.0,6.0,1,20,0,20
120,64,2011.0,3027.0,10.0,6.0,1,13,0,14
120,66,2139.0,3018.0,8.0,7.0,1,12,0,13
120,69,1977.0,3031.0,9.0,5.0,1,9,0,10
120,71,2101.0,3014.0,8.0,8.0,1,5,0,6
120,72,1903.0,3031.0,8.0,8.0,1,3,0,3
120,73,2072.0,3025.0,6.0,8.0,1,3,0,3
121,2,1654.0,3321.0,21.0,8.0,1,113,0,119
121,41,1877.0,3035.0,8.0,8.0,1,45,0,46
121,44,1914.0,3032.0,7.0,6.0,1,42,0,42
121,45,2037.0,3020.0,8.0,6.0,1,38,0,38
121,46,1949.0,3032.0,8.0,7.0,1,38,0,38
121,47,2149.0,3019.0,8.0,7.0,1,32,0,37
121,53,2054.0,3028.0,9.0,4.0,1,30,0,31
121,54,2078.0,3027.0,9.0,5.0,1,26,0,28
121,56,2025.0,3026.0,9.0,7.0,1,27,0,27
121,58,2107.0,3018.0,10.0,6.0,1,25,0,25
121,59,1931.0,3029.0,9.0,9.0,1,22,0,22
121,60,1988.0,3026.0,9.0,6.0,1,22,0,22
121,61,1970.0,3028.0,10.0,6.0,1,21,0,21
121,64,1998.0,3028.0,10.0,6.0,1,14,0,15
121,66,2130.0,3022.0,4.0,6.0,1,13,0,14
121,69,1936.0,3030.0,9.0,8.0,1,10,0,11
121,71,2097.0,3019.0,7.0,5.0,1,6,0,7
121,72,1897.0,3028.0,7.0,7.0,1,4,0,4
121,73,2061.0,3022.0,7.0,7.0,1,4,0,4
122,2,1652.0,3324.0,19.0,11.0,1,114,0,120
122,41,1868.0,3032.0,7.0,10.0,1,46,0,47
122,44,1917.0,3035.0,6.0,5.0,1,43,0,43
122,45,2032.0,3022.0,7.0,7.0,1,39,0,39
122,46,1956.0,3033.0,8.0,7.0,1,39,0,39
122,47,2144.0,3019.0,11.0,8.0,1,33,0,38
122,53,2053.0,3023.0,9.0,6.0,1,31,0,32
122,54,2079.0,3026.0,9.0,5.0,1,27,0,29
122,56,2018.0,3020.0,8.0,5.0,1,28,0,28
122,58,2107.0,3018.0,10.0,6.0,0,25,1,26
122,59,1931.0,3029.0,9.0,9.0,0,22,1,23
122,60,1988.0,3026.0,9.0,6.0,0,22,1,23
122,61,1965.0,3033.0,10.0,6.0,1,22,0,22
122,64,2011.0,3029.0,7.0,6.0,1,15,0,16
122,66,2129.0,3026.0,7.0,7.0,1,14,0,15
122,69,1941.0,3038.0,9.0,8.0,1,11,0,12
122,71,2090.0,3017.0,7.0,5.0,1,7,0,8
122,72,1868.0,3021.0,10.0,6.0,1,5,0,5
122,73,2061.0,3022.0,7.0,7.0,0,4,1,5
123,2,1652.0,3320.0,15.0,8.0,1,115,0,121
123,41,1858.0,3026.0,7.0,4.0,1,47,0,48
123,44,1905.0,3034.0,7.0,6.0,1,44,0,44
123,45,2030.0,3020.0,8.0,5.0,1,40,0,40
123,46,1955.0,3031.0,11.0,7.0,1,40,0,40
123,47,2144.0,3019.0,11.0,8.0,0,33,1,39
123,53,2048.0,3020.0,7.0,5.0,1,32,0,33
123,54,2068.0,3025.0,8.0,6.0,1,28,0,30
123,56,2014.0,3015.0,7.0,9.0,1,29,0,29
123,58,2099.0,3017.0,10.0,6.0,1,26,0,27
123,59,1923.0,3029.0,11.0,9.0,1,23,0,24
123,60,1993.0,3026.0,10.0,6.0,1,23,0,24
123,61,1977.0,3032.0,9.0,9.0,1,23,0,23
123,64,2006.0,3031.0,8.0,4.0,1,16,0,17
123,66,2122.0,3020.0,8.0,5.0,1,15,0,16
123,69,1947.0,3031.0,10.0,7.0,1,12,0,13
123,71,2085.0,3011.0,8.0,5.0,1,8,0,9
123,72,1888.0,3036.0,10.0,8.0,1,6,0,6
123,73,2052.0,3021.0,7.0,8.0,1,5,0,6
124,2,1652.0,3313.0,14.0,7.0,1,116,0,122
124,41,1853.0,3032.0,7.0,7.0,1,48,0,49
124,44,1898.0,3033.0,7.0,6.0,1,45,0,45
124,45,2017.0,3022.0,8.0,6.0,1,41,0,41
124,46,1948.0,3032.0,11.0,7.0,1,41,0,41
124,47,2152.0,3019.0,7.0,5.0,1,34,0,40
124,53,2037.0,3026.0,9.0,6.0,1,33,0,34
124,54,2069.0,3025.0,7.0,5.0,1,29,0,31
124,56,2014.0,3015.0,7.0,9.0,0,29,1,30
124,58,2093.0,3018.0,7.0,5.0,1,27,0,28
124,59,1916.0,3033.0,7.0,7.0,1,24,0,25
124,60,1986.0,3023.0,10.0,6.0,1,24,0,25
124,61,1965.0,3025.0,9.0,8.0,1,24,0,24
124,64,2006.0,3031.0,8.0,4.0,0,16,1,18
124,66,2114.0,3020.0,8.0,7.0,1,16,0,17
124,69,1939.0,3031.0,11.0,7.0,1,13,0,14
124,71,2079.0,3025.0,7.0,5.0,1,9,0,10
124,72,1878.0,3026.0,7.0,7.0,1,7,0,7
124,73,2051.0,3027.0,7.0,8.0,1,6,0,7
125,2,1645.0,3310.0,14.0,8.0,1,117,0,123
125,41,1843.0,3026.0,15.0,5.0,1,49,0,50
125,44,1888.0,3034.0,6.0,6.0,1,46,0,46
125,45,2017.0,3029.0,9.0,7.0,1,42,0,42
125,46,1947.0,3028.0,10.0,7.0,1,42,0,42
125,47,2143.0,3024.0,9.0,6.0,1,35,0,41
125,53,2033.0,3028.0,8.0,5.0,1,34,0,35
125,54,2058.0,3028.0,6.0,6.0,1,30,0,32
125,56,2000.0,3025.0,7.0,6.0,1,30,0,31
125,58,2086.0,3021.0,10.0,6.0,1,28,0,29
125,59,1910.0,3028.0,9.0,8.0,1,25,0,26
125,60,1973.0,3021.0,10.0,7.0,1,25,0,26
125,61,1961.0,3026.0,8.0,8.0,1,25,0,25
125,64,1989.0,3027.0,8.0,4.0,1,17,0,19
125,66,2102.0,3023.0,9.0,7.0,1,17,0,18
125,69,1932.0,3027.0,8.0,7.0,1,14,0,15
125,71,2073.0,3020.0,8.0,4.0,1,10,0,11
125,72,1875.0,3035.0,7.0,7.0,1,8,0,8
125,73,2048.0,3025.0,6.0,5.0,1,7,0,8
126,2,1647.0,3312.0,13.0,8.0,1,118,0,124
126,41,1838.0,3027.0,8.0,9.0,1,50,0,51
126,44,1888.0,3033.0,5.0,6.0,1,47,0,47
126,45,2012.0,3014.0,8.0,8.0,1,43,0,43
126,46,1947.0,3028.0,10.0,7.0,0,42,1,43
126,47,2137.0,3023.0,8.0,6.0,1,36,0,42
126,53,2023.0,3019.0,9.0,7.0,1,35,0,36
126,54,2054.0,3023.0,6.0,6.0,1,31,0,33
126,56,1993.0,3020.0,7.0,6.0,1,31,0,32
126,58,2085.0,3024.0,8.0,5.0,1,29,0,30
126,59,1909.0,3031.0,10.0,8.0,1,26,0,27
126,60,1967.0,3024.0,10.0,8.0,1,26,0,27
126,61,1962.0,3032.0,9.0,7.0,1,26,0,26
126,64,1985.0,3031.0,6.0,5.0,1,18,0,20
126,66,2102.0,3023.0,9.0,7.0,0,17,1,19
126,69,1936.0,3028.0,11.0,7.0,1,15,0,16
126,71,2071.0,3019.0,8.0,7.0,1,11,0,12
126,72,1868.0,3024.0,8.0,7.0,1,9,0,9
126,73,2044.0,3023.0,8.0,6.0,1,8,0,9
127,2,1638.0,3314.0,16.0,6.0,1,119,0,125
127,41,1832.0,3029.0,7.0,10.0,1,51,0,52
127,44,1881.0,3027.0,8.0,8.0,1,48,0,48
127,45,2001.0,3022.0,10.0,6.0,1,44,0,44
127,46,1934.0,3032.0,10.0,7.0,1,43,0,44
127,47,2147.0,3018.0,9.0,8.0,1,37,0,43
127,53,2023.0,3019.0,9.0,7.0,0,35,1,37
127,54,2051.0,3028.0,9.0,6.0,1,32,0,34
127,56,1988.0,3018.0,7.0,7.0,1,32,0,33
127,58,2080.0,3019.0,7.0,9.0,1,30,0,31
127,59,1900.0,3027.0,10.0,9.0,1,27,0,28
127,60,1965.0,3022.0,10.0,8.0,1,27,0,28
127,61,1953.0,3025.0,10.0,7.0,1,27,0,27
127,64,1985.0,3031.0,6.0,5.0,0,18,1,21
127,66,2107.0,3022.0,10.0,8.0,1,18,0,20
127,69,1913.0,3037.0,10.0,6.0,1,16,0,17
127,71,2063.0,3020.0,8.0,7.0,1,12,0,13
127,72,1854.0,3031.0,9.0,10.0,1,10,0,10
127,73,2032.0,3025.0,7.0,5.0,1,9,0,10
127,77,2137.0,3018.0,8.0,5.0,1,3,0,3
127,78,1889.0,3029.0,7.0,6.0,1,3,0,3
128,2,1642.0,3305.0,16.0,7.0,1,120,0,126
128,41,1834.0,3034.0,13.0,9.0,1,52,0,53
128,44,1871.0,3028.0,9.0,7.0,1,49,0,49
128,45,2001.0,3023.0,10.0,6.0,1,45,0,45
128,46,1934.0,3032.0,10.0,7.0,0,43,1,45
128,47,2145.0,3021.0,8.0,7.0,1,38,0,44
128,53,2016.0,3020.0,7.0,8.0,1,36,0,38
128,54,2056.0,3019.0,7.0,7.0,1,33,0,35
128,56,1984.0,3022.0,7.0,5.0,1,33,0,34
128,58,2092.0,3024.0,6.0,7.0,1,31,0,32
128,59,1897.0,3030.0,10.0,8.0,1,28,0,29
128,60,1961.0,3027.0,9.0,7.0,1,28,0,29
128,61,1970.0,3034.0,8.0,6.0,1,28,0,28
128,64,2026.0,3029.0,7.0,5.0,1,19,0,22
128,66,2106.0,3023.0,10.0,6.0,1,19,0,21
128,69,1907.0,3027.0,9.0,7.0,1,17,0,18
128,71,2077.0,3018.0,7.0,5.0,1,13,0,14
128,72,1852.0,3023.0,10.0,8.0,1,11,0,11
128,73,2039.0,3030.0,7.0,6.0,1,10,0,11
128,77,2121.0,3021.0,8.0,7.0,1,4,0,4
128,78,1881.0,3029.0,7.0,7.0,1,4,0,4
129,2,1637.0,3307.0,18.0,6.0,1,121,0,127
129,41,1822.0,3031.0,9.0,9.0,1,53,0,54
129,44,1871.0,3028.0,9.0,7.0,0,49,1,50
129,45,1988.0,3025.0,9.0,6.0,1,46,0,46
129,46,1924.0,3033.0,9.0,7.0,1,44,0,46
129,47,2145.0,3007.0,6.0,9.0,1,39,0,45
129,53,2011.0,3020.0,8.0,6.0,1,37,0,39
129,54,2052.0,3021.0,8.0,6.0,1,34,0,36
129,56,1979.0,3026.0,7.0,6.0,1,34,0,35
129,58,2084.0,3022.0,8.0,5.0,1,32,0,33
129,59,1895.0,3037.0,10.0,10.0,1,29,0,30
129,60,1939.0,3027.0,10.0,7.0,1,29,0,30
129,61,1954.0,3031.0,9.0,7.0,1,29,0,29
129,64,2024.0,3022.0,7.0,5.0,1,20,0,23
129,66,2103.0,3019.0,11.0,6.0,1,20,0,22
129,69,1907.0,3034.0,8.0,7.0,1,18,0,19
129,71,2077.0,3018.0,7.0,5.0,0,13,1,15
129,72,1845.0,3028.0,7.0,9.0,1,12,0,12
129,73,2034.0,3026.0,8.0,6.0,1,11,0,12
129,77,2121.0,3020.0,6.0,8.0,1,5,0,5
129,78,1879.0,3030.0,7.0,6.0,1,5,0,5
130,2,1627.0,3306.0,20.0,5.0,1,122,0,128
130,41,1814.0,3028.0,9.0,10.0,1,54,0,55
130,44,1861.0,3032.0,7.0,9.0,1,50,0,51
130,45,1984.0,3025.0,9.0,6.0,1,47,0,47
130,46,1914.0,3024.0,11.0,7.0,1,45,0,47
130,47,2148.0,3015.0,8.0,8.0,1,40,0,46
130,53,1963.0,3029.0,8.0,6.0,1,38,0,40
130,54,2050.0,3016.0,7.0,9.0,1,35,0,37
130,56,1968.0,3024.0,6.0,5.0,1,35,0,36
130,58,2098.0,3019.0,8.0,7.0,1,33,0,34
130,59,1876.0,3031.0,9.0,10.0,1,30,0,31
130,60,1934.0,3023.0,10.0,8.0,1,30,0,31
130,61,1947.0,3029.0,9.0,7.0,1,30,0,30
130,64,2003.0,3023.0,10.0,7.0,1,21,0,24
130,66,2116.0,3019.0,9.0,7.0,1,21,0,23
130,69,1900.0,3033.0,10.0,7.0,1,19,0,20
130,71,2079.0,3023.0,8.0,7.0,1,14,0,16
130,72,1836.0,3034.0,11.0,9.0,1,13,0,13
130,73,2020.0,3032.0,6.0,7.0,1,12,0,13
130,77,2139.0,3023.0,8.0,7.0,1,6,0,6
130,78,1864.0,3027.0,8.0,9.0,1,6,0,6
131,2,1637.0,3305.0,17.0,5.0,1,123,0,129
131,41,1803.0,3024.0,8.0,5.0,1,55,0,56
131,44,1851.0,3032.0,7.0,9.0,1,51,0,52
131,45,1997.0,3020.0,8.0,5.0,1,48,0,48
131,46,1909.0,3029.0,9.0,6.0,1,46,0,48
131,47,2144.0,3014.0,6.0,6.0,1,41,0,47
131,53,1974.0,3019.0,9.0,6.0,1,39,0,41
131,54,2043.0,3020.0,7.0,8.0,1,36,0,38
131,56,1968.0,3025.0,8.0,7.0,1,36,0,37
131,58,2092.0,3024.0,8.0,6.0,1,34,0,35
131,59,1879.0,3034.0,8.0,8.0,1,31,0,32
131,60,1927.0,3029.0,8.0,8.0,1,31,0,32
131,61,1960.0,3028.0,8.0,6.0,1,31,0,31
131,64,2012.0,3025.0,4.0,5.0,1,22,0,25
131,66,2105.0,3020.0,8.0,7.0,1,22,0,24
131,69,1896.0,3031.0,10.0,6.0,1,20,0,21
131,71,2078.0,3025.0,6.0,7.0,1,15,0,17
131,72,1832.0,3037.0,9.0,10.0,1,14,0,14
131,73,2022.0,3029.0,8.0,7.0,1,13,0,14
131,77,2124.0,3018.0,11.0,7.0,1,7,0,7
131,78,1865.0,3032.0,7.0,8.0,1,7,0,7
132,2,1637.0,3305.0,17.0,5.0,0,123,1,130
132,41,1795.0,3028.0,6.0,8.0,1,56,0,57
132,44,1848.0,3032.0,6.0,6.0,1,52,0,53
132,45,1969.0,3027.0,11.0,5.0,1,49,0,49
132,46,1903.0,3030.0,8.0,8.0,1,47,0,49
132,47,2153.0,3016.0,6.0,6.0,1,42,0,48
132,53,1953.0,3026.0,9.0,8.0,1,40,0,42
132,54,2036.0,3019.0,7.0,8.0,1,37,0,39
132,56,1961.0,3026.0,7.0,7.0,1,37,0,38
132,58,2083.0,3023.0,8.0,6.0,1,35,0,36
132,59,1873.0,3028.0,9.0,9.0,1,32,0,33
132,60,1920.0,3024.0,9.0,8.0,1,32,0,33
132,61,1937.0,3032.0,9.0,6.0,1,32,0,32
132,64,1992.0,3020.0,10.0,8.0,1,23,0,26
132,66,2105.0,3019.0,9.0,7.0,1,23,0,25
132,69,1881.0,3029.0,10.0,9.0,1,21,0,22
132,71,2065.0,3020.0,7.0,6.0,1,16,0,18
132,72,1816.0,3027.0,10.0,9.0,1,15,0,15
132,73,2009.0,3027.0,6.0,5.0,1,14,0,15
132,77,2125.0,3018.0,10.0,8.0,1,8,0,8
132,78,1856.0,3031.0,7.0,7.0,1,8,0,8
133,2,1629.0,3298.0,19.0,6.0,1,124,0,131
133,41,1786.0,3028.0,6.0,6.0,1,57,0,58
133,44,1843.0,3026.0,8.0,8.0,1,53,0,54
133,45,1967.0,3021.0,9.0,7.0,1,50,0,50
133,46,1895.0,3023.0,10.0,10.0,1,48,0,50
133,47,2144.0,3017.0,8.0,5.0,1,43,0,49
133,53,1953.0,3026.0,9.0,8.0,0,40,1,43
133,54,2029.0,3021.0,8.0,7.0,1,38,0,40
133,56,1954.0,3020.0,9.0,7.0,1,38,0,39
133,58,2083.0,3023.0,8.0,6.0,0,35,1,37
133,59,1873.0,3028.0,9.0,9.0,0,32,1,34
133,60,1914.0,3027.0,9.0,8.0,1,33,0,34
133,61,1929.0,3024.0,7.0,8.0,1,33,0,33
133,64,1993.0,3023.0,10.0,5.0,1,24,0,27
133,66,2105.0,3019.0,9.0,7.0,0,23,1,26
133,69,1881.0,3029.0,10.0,9.0,0,21,1,23
133,71,2040.0,3025.0,8.0,6.0,1,17,0,19
133,72,1814.0,3028.0,9.0,9.0,1,16,0,16
133,73,2000.0,3025.0,6.0,6.0,1,15,0,16
133,77,2115.0,3018.0,11.0,5.0,1,9,0,9
133,78,1851.0,3033.0,6.0,7.0,1,9,0,9
133,81,2019.0,3028.0,8.0,6.0,1,3,0,3
134,2,1621.0,3299.0,18.0,6.0,1,125,0,132
134,41,1782.0,3030.0,7.0,9.0,1,58,0,59
134,44,1834.0,3029.0,6.0,7.0,1,54,0,55
134,45,1967.0,3021.0,9.0,7.0,0,50,1,51
134,46,1893.0,3034.0,11.0,8.0,1,49,0,51
134,47,2143.0,3019.0,8.0,5.0,1,44,0,50
134,53,1939.0,3025.0,8.0,5.0,1,41,0,44
134,54,2040.0,3025.0,9.0,6.0,1,39,0,41
134,56,1944.0,3026.0,9.0,5.0,1,39,0,40
134,58,2070.0,3020.0,7.0,5.0,1,36,0,38
134,59,1857.0,3027.0,9.0,9.0,1,33,0,35
134,60,1914.0,3026.0,7.0,10.0,1,34,0,35
134,61,1923.0,3027.0,9.0,8.0,1,34,0,34
134,64,2010.0,3025.0,8.0,6.0,1,25,0,28
134,66,2095.0,3021.0,8.0,6.0,1,24,0,27
134,69,1876.0,3027.0,10.0,9.0,1,22,0,24
134,71,2055.0,3024.0,6.0,7.0,1,18,0,20
134,72,1805.0,3031.0,12.0,8.0,1,17,0,17
134,73,1996.0,3025.0,6.0,5.0,1,16,0,17
134,77,2111.0,3016.0,7.0,7.0,1,10,0,10
134,78,1845.0,3030.0,7.0,6.0,1,10,0,10
134,81,2022.0,3022.0,9.0,5.0,1,4,0,4
135,2,1625.0,3292.0,18.0,5.0,1,126,0,133
135,41,1782.0,3030.0,7.0,9.0,0,58,1,60
135,44,1834.0,3029.0,6.0,7.0,0,54,1,56
135,45,1976.0,3016.0,8.0,7.0,1,51,0,52
135,46,1914.0,3027.0,8.0,7.0,1,50,0,52
135,47,2134.0,3014.0,8.0,7.0,1,45,0,51
135,53,1950.0,3018.0,12.0,8.0,1,42,0,45
135,54,2056.0,3020.0,6.0,7.0,1,40,0,42
135,56,1987.0,3023.0,6.0,6.0,1,40,0,41
135,58,2089.0,3016.0,10.0,7.0,1,37,0,39
135,59,1867.0,3028.0,8.0,7.0,1,34,0,36
135,60,1905.0,3026.0,9.0,7.0,1,35,0,36
135,61,1940.0,3020.0,9.0,9.0,1,35,0,35
135,64,2016.0,3019.0,8.0,7.0,1,26,0,29
135,66,2104.0,3021.0,11.0,6.0,1,25,0,28
135,69,1887.0,3019.0,12.0,8.0,1,23,0,25
135,71,2062.0,3022.0,9.0,7.0,1,19,0,21
135,72,1801.0,3032.0,9.0,8.0,1,18,0,18
135,73,1999.0,3034.0,10.0,6.0,1,17,0,18
135,77,2119.0,3011.0,6.0,7.0,1,11,0,11
135,78,1836.0,3027.0,7.0,7.0,1,11,0,11
135,81,2028.0,3023.0,8.0,8.0,1,5,0,5
136,2,1624.0,3294.0,18.0,7.0,1,127,0,134
136,41,1772.0,3035.0,5.0,9.0,1,59,0,61
136,44,1815.0,3027.0,6.0,8.0,1,55,0,57
136,45,1990.0,3021.0,7.0,7.0,1,52,0,53
136,46,1908.0,3029.0,8.0,8.0,1,51,0,53
136,47,2131.0,3014.0,9.0,6.0,1,46,0,52
136,53,1946.0,3028.0,10.0,7.0,1,43,0,46
136,54,2041.0,3015.0,8.0,7.0,1,41,0,43
136,56,1973.0,3025.0,8.0,6.0,1,41,0,42
136,58,2077.0,3023.0,10.0,6.0,1,38,0,40
136,59,1863.0,3032.0,6.0,6.0,1,35,0,37
136,60,1920.0,3029.0,8.0,6.0,1,36,0,37
136,61,1932.0,3026.0,9.0,7.0,1,36,0,36
136,64,2006.0,3022.0,9.0,7.0,1,27,0,30
136,66,2102.0,3021.0,8.0,7.0,1,26,0,29
136,69,1878.0,3031.0,11.0,6.0,1,24,0,26
136,71,2064.0,3019.0,8.0,8.0,1,20,0,22
136,72,1801.0,3032.0,9.0,8.0,0,18,1,19
136,73,1996.0,3024.0,9.0,6.0,1,18,0,19
136,77,2108.0,3014.0,6.0,8.0,1,12,0,12
136,78,1831.0,3030.0,6.0,7.0,1,12,0,12
136,81,2021.0,3022.0,8.0,8.0,1,6,0,6
137,2,1617.0,3290.0,19.0,7.0,1,128,0,135
137,41,1769.0,3031.0,9.0,7.0,1,60,0,62
137,44,1815.0,3027.0,6.0,8.0,0,55,1,58
137,45,1984.0,3022.0,7.0,7.0,1,53,0,54
137,46,1895.0,3027.0,7.0,7.0,1,52,0,54
137,47,2131.0,3014.0,9.0,6.0,0,46,1,53
137,53,1942.0,3029.0,10.0,6.0,1,44,0,47
137,54,2037.0,3023.0,8.0,7.0,1,42,0,44
137,56,1960.0,3020.0,10.0,6.0,1,42,0,43
137,58,2079.0,3013.0,7.0,10.0,1,39,0,41
137,59,1863.0,3032.0,6.0,6.0,0,35,1,38
137,60,1906.0,3033.0,9.0,7.0,1,37,0,38
137,61,1927.0,3024.0,10.0,7.0,1,37,0,37
137,64,2003.0,3017.0,9.0,9.0,1,28,0,31
137,66,2098.0,3013.0,10.0,8.0,1,27,0,30
137,69,1875.0,3027.0,8.0,7.0,1,25,0,27
137,71,2056.0,3016.0,7.0,8.0,1,21,0,23
137,72,1791.0,3026.0,7.0,8.0,1,19,0,20
137,73,1988.0,3021.0,6.0,6.0,1,19,0,20
137,77,2118.0,3013.0,10.0,5.0,1,13,0,13
137,78,1840.0,3028.0,7.0,11.0,1,13,0,13
137,81,2024.0,3020.0,8.0,6.0,1,7,0,7
138,2,1614.0,3289.0,18.0,6.0,1,129,0,136
138,41,1761.0,3024.0,6.0,8.0,1,61,0,63
138,44,1812.0,3036.0,5.0,7.0,1,56,0,59
138,45,1977.0,3027.0,6.0,5.0,1,54,0,55
138,46,1897.0,3026.0,8.0,7.0,1,53,0,55
138,47,2120.0,3012.0,7.0,6.0,1,47,0,54
138,53,1936.0,3020.0,8.0,7.0,1,45,0,48
138,54,2032.0,3024.0,7.0,8.0,1,43,0,45
138,56,1959.0,3022.0,11.0,6.0,1,43,0,44
138,58,2072.0,3016.0,6.0,8.0,1,40,0,42
138,59,1847.0,3029.0,7.0,8.0,1,36,0,39
138,60,1910.0,3028.0,8.0,5.0,1,38,0,39
138,61,1925.0,3016.0,8.0,9.0,1,38,0,38
138,64,1993.0,3019.0,8.0,6.0,1,29,0,32
138,66,2088.0,3023.0,9.0,9.0,1,28,0,31
138,69,1881.0,3028.0,8.0,8.0,1,26,0,28
138,71,2048.0,3021.0,8.0,6.0,1,22,0,24
138,72,1780.0,3034.0,7.0,6.0,1,20,0,21
138,73,1993.0,3022.0,6.0,5.0,1,20,0,21
138,77,2101.0,3019.0,10.0,8.0,1,14,0,14
138,78,1832.0,3027.0,8.0,8.0,1,14,0,14
138,81,2015.0,3025.0,9.0,7.0,1,8,0,8
138,85,2141.0,3016.0,9.0,8.0,1,3,0,3
139,2,1619.0,3285.0,18.0,7.0,1,130,0,137
139,41,1750.0,3030.0,6.0,5.0,1,62,0,64
139,44,1801.0,3029.0,6.0,6.0,1,57,0,60
139,45,1972.0,3026.0,8.0,7.0,1,55,0,56
139,46,1894.0,3029.0,9.0,7.0,1,54,0,56
139,47,2120.0,3012.0,7.0,6.0,0,47,1,55
139,53,1925.0,3015.0,8.0,7.0,1,46,0,49
139,54,2031.0,3020.0,8.0,7.0,1,44,0,46
139,56,1955.0,3015.0,9.0,7.0,1,44,0,45
139,58,2065.0,3024.0,9.0,7.0,1,41,0,43
139,59,1861.0,3035.0,9.0,7.0,1,37,0,40
139,60,1904.0,3034.0,8.0,3.0,1,39,0,40
139,61,1919.0,3024.0,8.0,7.0,1,39,0,39
139,64,1996.0,3017.0,6.0,6.0,1,30,0,33
139,66,2084.0,3022.0,12.0,8.0,1,29,0,32
139,69,1884.0,3027.0,8.0,8.0,1,27,0,29
139,71,2041.0,3023.0,7.0,6.0,1,23,0,25
139,72,1774.0,3024.0,8.0,6.0,1,21,0,22
139,73,1993.0,3022.0,6.0,5.0,0,20,1,22
139,77,2098.0,3015.0,7.0,11.0,1,15,0,15
139,78,1844.0,3034.0,6.0,8.0,1,15,0,15
139,81,2015.0,3025.0,9.0,7.0,0,8,1,9
139,85,2138.0,3011.0,6.0,7.0,1,4,0,4
140,2,1616.0,3285.0,17.0,6.0,1,131,0,138
140,41,1744.0,3031.0,6.0,7.0,1,63,0,65
140,44,1791.0,3035.0,7.0,5.0,1,58,0,61
140,45,1945.0,3027.0,9.0,8.0,1,56,0,57
140,46,1888.0,3029.0,8.0,8.0,1,55,0,57
140,47,2103.0,3009.0,9.0,6.0,1,48,0,56
140,53,1900.0,3029.0,7.0,6.0,1,47,0,50
140,54,1978.0,3025.0,8.0,6.0,1,45,0,47
140,56,1922.0,3016.0,8.0,5.0,1,45,0,46
140,58,2054.0,3023.0,7.0,5.0,1,42,0,44
140,59,1839.0,3027.0,6.0,7.0,1,38,0,41
140,60,1866.0,3031.0,8.0,8.0,1,40,0,41
140,61,1912.0,3027.0,8.0,7.0,1,40,0,40
140,64,1989.0,3018.0,7.0,7.0,1,31,0,34
140,66,2075.0,3022.0,8.0,8.0,1,30,0,33
140,69,1858.0,3028.0,7.0,7.0,1,28,0,30
140,71,2022.0,3027.0,9.0,7.0,1,24,0,26
140,72,1768.0,3025.0,11.0,7.0,1,22,0,23
140,73,1963.0,3022.0,7.0,4.0,1,21,0,23
140,77,2091.0,3009.0,7.0,8.0,1,16,0,16
140,78,1817.0,3026.0,7.0,10.0,1,16,0,16
140,81,1996.0,3027.0,11.0,8.0,1,9,0,10
140,85,2131.0,3015.0,7.0,8.0,1,5,0,5
141,2,1614.0,3283.0,18.0,7.0,1,132,0,139
141,41,1739.0,3021.0,6.0,7.0,1,64,0,66
141,44,1789.0,3027.0,9.0,9.0,1,59,0,62
141,45,1956.0,3022.0,7.0,7.0,1,57,0,58
141,46,1888.0,3029.0,8.0,8.0,0,55,1,58
141,47,2111.0,3015.0,8.0,6.0,1,49,0,57
141,53,1900.0,3029.0,7.0,6.0,0,47,1,51
141,54,1989.0,3023.0,11.0,6.0,1,46,0,48
141,56,1940.0,3023.0,10.0,7.0,1,46,0,47
141,58,2056.0,3020.0,7.0,8.0,1,43,0,45
141,59,1842.0,3028.0,7.0,7.0,1,39,0,42
141,60,1866.0,3031.0,8.0,8.0,0,40,1,42
141,61,1909.0,3020.0,9.0,7.0,1,41,0,41
141,64,1980.0,3015.0,7.0,7.0,1,32,0,35
141,66,2074.0,3017.0,8.0,10.0,1,31,0,34
141,69,1864.0,3026.0,5.0,9.0,1,29,0,31
141,71,2029.0,3017.0,7.0,7.0,1,25,0,27
141,72,1768.0,3025.0,11.0,7.0,0,22,1,24
141,73,1969.0,3021.0,9.0,6.0,1,22,0,24
141,77,2091.0,3009.0,7.0,8.0,0,16,1,17
141,78,1827.0,3031.0,5.0,6.0,1,17,0,17
141,81,2018.0,3023.0,7.0,7.0,1,10,0,11
141,85,2128.0,3017.0,7.0,7.0,1,6,0,6
142,2,1613.0,3282.0,17.0,7.0,1,133,0,140
142,41,1730.0,3024.0,6.0,6.0,1,65,0,67
142,44,1783.0,3029.0,8.0,10.0,1,60,0,63
142,45,1941.0,3022.0,9.0,7.0,1,58,0,59
142,46,1869.0,3028.0,8.0,7.0,1,56,0,59
142,47,2093.0,3015.0,11.0,8.0,1,50,0,58
142,53,1884.0,3028.0,6.0,6.0,1,48,0,52
142,54,1956.0,3026.0,9.0,7.0,1,47,0,49
142,56,1912.0,3022.0,6.0,4.0,1,47,0,48
142,58,2026.0,3021.0,7.0,7.0,1,44,0,46
142,59,1787.0,3026.0,5.0,7.0,1,40,0,43
142,60,1846.0,3031.0,9.0,7.0,1,41,0,43
142,61,1900.0,3019.0,7.0,8.0,1,42,0,42
142,64,1973.0,3018.0,8.0,5.0,1,33,0,36
142,66,2050.0,3019.0,9.0,8.0,1,32,0,35
142,69,1860.0,3027.0,8.0,8.0,1,30,0,32
142,71,2013.0,3028.0,5.0,7.0,1,26,0,28
142,72,1748.0,3025.0,12.0,7.0,1,23,0,25
142,73,1947.0,3020.0,7.0,10.0,1,23,0,25
142,77,2064.0,3015.0,9.0,9.0,1,17,0,18
142,78,1804.0,3028.0,8.0,11.0,1,18,0,18
142,81,1989.0,3020.0,12.0,5.0,1,11,0,12
142,85,2081.0,3017.0,7.0,10.0,1,7,0,7
143,2,1613.0,3282.0,17.0,7.0,0,133,1,141
143,41,1725.0,3027.0,6.0,8.0,1,66,0,68
143,44,1774.0,3024.0,8.0,13.0,1,61,0,64
143,45,1923.0,3021.0,10.0,8.0,1,59,0,60
143,46,1870.0,3032.0,7.0,7.0,1,57,0,60
143,47,2089.0,3012.0,10.0,8.0,1,51,0,59
143,53,1881.0,3025.0,6.0,4.0,1,49,0,53
143,54,1953.0,3023.0,7.0,6.0,1,48,0,50
143,56,1907.0,3022.0,6.0,8.0,1,48,0,49
143,58,2018.0,3019.0,8.0,6.0,1,45,0,47
143,59,1792.0,3031.0,7.0,10.0,1,41,0,44
143,60,1826.0,3025.0,8.0,7.0,1,42,0,44
143,61,1895.0,3017.0,8.0,9.0,1,43,0,43
143,64,1971.0,3026.0,7.0,7.0,1,34,0,37
143,66,2041.0,3013.0,9.0,9.0,1,33,0,36
143,69,1857.0,3021.0,7.0,9.0,1,31,0,33
143,71,2009.0,3028.0,7.0,6.0,1,27,0,29
143,72,1747.0,3028.0,12.0,8.0,1,24,0,26
143,73,1941.0,3018.0,9.0,10.0,1,24,0,26
143,77,2060.0,3020.0,9.0,8.0,1,18,0,19
143,78,1818.0,3028.0,6.0,7.0,1,19,0,19
143,81,1988.0,3023.0,7.0,4.0,1,12,0,13
143,85,2079.0,3013.0,8.0,12.0,1,8,0,8
144,2,1607.0,3274.0,17.0,6.0,1,134,0,142
144,41,1705.0,3028.0,10.0,5.0,1,67,0,69
144,44,1769.0,3034.0,9.0,5.0,1,62,0,65
144,45,1923.0,3023.0,9.0,6.0,1,60,0,61
144,46,1858.0,3019.0,9.0,7.0,1,58,0,61
144,47,2089.0,3012.0,10.0,8.0,0,51,1,60
144,53,1876.0,3027.0,7.0,6.0,1,50,0,54
144,54,1951.0,3022.0,8.0,6.0,1,49,0,51
144,56,1905.0,3020.0,7.0,6.0,1,49,0,50
144,58,2008.0,3015.0,7.0,8.0,1,46,0,48
144,59,1775.0,3030.0,7.0,6.0,1,42,0,45
144,60,1825.0,3029.0,9.0,7.0,1,43,0,45
144,61,1895.0,3017.0,8.0,9.0,0,43,1,44
144,64,1962.0,3023.0,7.0,5.0,1,35,0,38
144,66,2030.0,3016.0,8.0,7.0,1,34,0,37
144,69,1841.0,3023.0,9.0,8.0,1,32,0,34
144,71,1999.0,3023.0,6.0,6.0,1,28,0,30
144,72,1747.0,3028.0,12.0,8.0,0,24,1,27
144,73,1941.0,3018.0,9.0,10.0,0,24,1,27
144,77,2057.0,3016.0,8.0,8.0,1,19,0,20
144,78,1818.0,3028.0,6.0,7.0,0,19,1,20
144,81,1982.0,3019.0,7.0,7.0,1,13,0,14
144,85,2079.0,3013.0,8.0,12.0,0,8,1,9
145,2,1607.0,3275.0,17.0,6.0,1,135,0,143
145,41,1710.0,3024.0,5.0,7.0,1,68,0,70
145,44,1760.0,3028.0,7.0,5.0,1,63,0,66
145,45,1872.0,3028.0,5.0,3.0,1,61,0,62
145,46,1852.0,3025.0,10.0,10.0,1,59,0,62
145,47,2075.0,3017.0,8.0,7.0,1,52,0,61
145,53,1843.0,3032.0,7.0,7.0,1,51,0,55
145,54,1918.0,3031.0,12.0,7.0,1,50,0,52
145,56,1893.0,3021.0,8.0,6.0,1,50,0,51
145,58,1993.0,3020.0,9.0,8.0,1,47,0,49
145,59,1765.0,3025.0,6.0,5.0,1,43,0,46
145,60,1796.0,3032.0,7.0,7.0,1,44,0,46
145,61,1880.0,3017.0,8.0,7.0,1,44,0,45
145,64,1949.0,3026.0,8.0,8.0,1,36,0,39
145,66,2028.0,3021.0,7.0,7.0,1,35,0,38
145,69,1822.0,3026.0,9.0,7.0,1,33,0,35
145,71,1964.0,3024.0,8.0,6.0,1,29,0,31
145,72,1739.0,3033.0,6.0,7.0,1,25,0,28
145,73,1933.0,3020.0,9.0,8.0,1,25,0,28
145,77,2057.0,3016.0,8.0,8.0,0,19,1,21
145,78,1787.0,3032.0,7.0,9.0,1,20,0,21
145,81,1957.0,3021.0,8.0,8.0,1,14,0,15
145,85,2056.0,3013.0,10.0,9.0,1,9,0,10
145,90,2103.0,3019.0,7.0,6.0,1,3,0,3
146,2,1608.0,3274.0,17.0,6.0,1,136,0,144
146,41,1703.0,3023.0,7.0,8.0,1,69,0,71
146,44,1760.0,3028.0,7.0,5.0,0,63,1,67
146,45,1858.0,3023.0,7.0,6.0,1,62,0,63
146,46,1852.0,3028.0,8.0,7.0,1,60,0,63
146,47,2071.0,3016.0,9.0,6.0,1,53,0,62
146,53,1834.0,3025.0,7.0,9.0,1,52,0,56
146,54,1917.0,3021.0,10.0,8.0,1,51,0,53
146,56,1893.0,3021.0,8.0,6.0,0,50,1,52
146,58,2006.0,3024.0,8.0,7.0,1,48,0,50
146,59,1766.0,3024.0,6.0,6.0,1,44,0,47
146,60,1794.0,3028.0,7.0,7.0,1,45,0,47
146,61,1875.0,3020.0,9.0,8.0,1,45,0,46
146,64,1955.0,3019.0,7.0,7.0,1,37,0,40
146,66,2021.0,3020.0,6.0,5.0,1,36,0,39
146,69,1814.0,3032.0,9.0,7.0,1,34,0,36
146,71,1969.0,3023.0,8.0,6.0,1,30,0,32
146,72,1739.0,3033.0,6.0,7.0,0,25,1,29
146,73,1926.0,3021.0,9.0,9.0,1,26,0,29
146,77,2040.0,3020.0,8.0,9.0,1,20,0,22
146,78,1776.0,3028.0,8.0,8.0,1,21,0,22
146,81,1986.0,3022.0,7.0,5.0,1,15,0,16
146,85,2055.0,3012.0,9.0,9.0,1,10,0,11
146,90,2100.0,3013.0,8.0,7.0,1,4,0,4
147,2,1605.0,3269.0,18.0,9.0,1,137,0,145
147,41,1692.0,3026.0,7.0,8.0,1,70,0,72
147,44,1746.0,3028.0,7.0,8.0,1,64,0,68
147,45,1855.0,3028.0,7.0,4.0,1,63,0,64
147,46,1840.0,3026.0,8.0,7.0,1,61,0,64
147,47,2071.0,3010.0,9.0,7.0,1,54,0,63
147,53,1825.0,3025.0,8.0,8.0,1,53,0,57
147,54,1909.0,3020.0,10.0,7.0,1,52,0,54
147,56,1888.0,3023.0,8.0,8.0,1,51,0,53
147,58,1981.0,3015.0,8.0,6.0,1,49,0,51
147,59,1766.0,3024.0,6.0,6.0,0,44,1,48
147,60,1788.0,3028.0,7.0,8.0,1,46,0,48
147,61,1861.0,3022.0,9.0,8.0,1,46,0,47
147,64,1936.0,3021.0,7.0,6.0,1,38,0,41
147,66,1996.0,3025.0,7.0,8.0,1,37,0,40
147,69,1807.0,3028.0,10.0,8.0,1,35,0,37
147,71,1942.0,3016.0,9.0,7.0,1,31,0,33
147,72,1717.0,3030.0,10.0,8.0,1,26,0,30
147,73,1923.0,3020.0,9.0,9.0,1,27,0,30
147,77,2030.0,3022.0,11.0,9.0,1,21,0,23
147,78,1773.0,3029.0,7.0,8.0,1,22,0,23
147,81,1959.0,3016.0,9.0,7.0,1,16,0,17
147,85,2022.0,3021.0,8.0,7.0,1,11,0,12
147,90,2091.0,3018.0,6.0,7.0,1,5,0,5
148,2,1601.0,3275.0,16.0,7.0,1,138,0,146
148,41,1687.0,3023.0,6.0,8.0,1,71,0,73
148,44,1746.0,3028.0,7.0,8.0,0,64,1,69
148,45,1848.0,3027.0,6.0,7.0,1,64,0,65
148,46,1834.0,3027.0,8.0,7.0,1,62,0,65
148,47,2071.0,3010.0,9.0,7.0,0,54,1,64
148,53,1819.0,3027.0,7.0,9.0,1,54,0,58
148,54,1897.0,3016.0,10.0,8.0,1,53,0,55
148,56,1888.0,3023.0,8.0,8.0,0,51,1,54
148,58,1981.0,3015.0,8.0,6.0,0,49,1,52
148,59,1754.0,3025.0,7.0,6.0,1,45,0,49
148,60,1784.0,3028.0,8.0,9.0,1,47,0,49
148,61,1858.0,3023.0,11.0,8.0,1,47,0,48
148,64,1937.0,3019.0,7.0,6.0,1,39,0,42
148,66,1987.0,3021.0,8.0,8.0,1,38,0,41
148,69,1805.0,3028.0,9.0,8.0,1,36,0,38
148,71,1950.0,3023.0,8.0,7.0,1,32,0,34
148,72,1712.0,3022.0,9.0,9.0,1,27,0,31
148,73,1911.0,3015.0,9.0,7.0,1,28,0,31
148,77,2043.0,3012.0,9.0,11.0,1,22,0,24
148,78,1767.0,3027.0,8.0,9.0,1,23,0,24
148,81,1967.0,3022.0,7.0,7.0,1,17,0,18
148,85,2015.0,3015.0,8.0,9.0,1,12,0,13
148,90,2082.0,3011.0,7.0,8.0,1,6,0,6
149,2,1598.0,3266.0,17.0,7.0,1,139,0,147
149,41,1684.0,3024.0,6.0,7.0,1,72,0,74
149,44,1731.0,3033.0,9.0,5.0,1,65,0,70
149,45,1847.0,3028.0,7.0,7.0,1,65,0,66
149,46,1830.0,3029.0,9.0,8.0,1,63,0,66
149,47,2036.0,3007.0,8.0,9.0,1,55,0,65
149,53,1814.0,3028.0,6.0,8.0,1,55,0,59
149,54,1894.0,3020.0,8.0,6.0,1,54,0,56
149,56,1870.0,3030.0,8.0,6.0,1,52,0,55
149,58,1968.0,3016.0,8.0,5.0,1,50,0,53
149,59,1743.0,3025.0,6.0,6.0,1,46,0,50
149,60,1776.0,3030.0,9.0,8.0,1,48,0,50
149,61,1859.0,3020.0,11.0,7.0,1,48,0,49
149,64,1927.0,3024.0,8.0,6.0,1,40,0,43
149,66,1987.0,3021.0,8.0,8.0,0,38,1,42
149,69,1796.0,3029.0,9.0,7.0,1,37,0,39
149,71,1933.0,3015.0,8.0,7.0,1,33,0,35
149,72,1703.0,3032.0,6.0,7.0,1,28,0,32
149,73,1913.0,3024.0,9.0,5.0,1,29,0,32
149,77,2025.0,3013.0,5.0,9.0,1,23,0,25
149,78,1759.0,3031.0,7.0,10.0,1,24,0,25
149,81,1951.0,3016.0,8.0,8.0,1,18,0,19
149,85,2003.0,3018.0,8.0,9.0,1,13,0,14
149,90,2057.0,3016.0,7.0,8.0,1,7,0,7
150,2,1601.0,3270.0,18.0,8.0,1,140,0,148
150,41,1674.0,3022.0,6.0,6.0,1,73,0,75
150,44,1719.0,3025.0,4.0,7.0,1,66,0,71
150,45,1840.0,3025.0,8.0,6.0,1,66,0,67
150,46,1821.0,3024.0,9.0,8.0,1,64,0,67
150,47,2041.0,3015.0,7.0,7.0,1,56,0,66
150,53,1810.0,3029.0,8.0,5.0,1,56,0,60
150,54,1894.0,3020.0,8.0,6.0,0,54,1,57
150,56,1864.0,3020.0,7.0,5.0,1,53,0,56
150,58,1958.0,3013.0,7.0,9.0,1,51,0,54
150,59,1743.0,3025.0,6.0,6.0,1,47,0,51
150,60,1768.0,3033.0,8.0,8.0,1,49,0,51
150,61,1848.0,3018.0,12.0,10.0,1,49,0,50
150,64,1919.0,3025.0,7.0,6.0,1,41,0,44
150,66,2015.0,3020.0,11.0,8.0,1,39,0,43
150,69,1788.0,3028.0,8.0,7.0,1,38,0,40
150,71,1933.0,3015.0,8.0,7.0,0,33,1,36
150,72,1698.0,3022.0,6.0,8.0,1,29,0,33
150,73,1902.0,3019.0,9.0,7.0,1,30,0,33
150,77,2032.0,3011.0,8.0,10.0,1,24,0,26
150,78,1759.0,3031.0,7.0,10.0,0,24,1,26
150,81,1941.0,3022.0,7.0,7.0,1,19,0,20
150,85,2004.0,3016.0,8.0,10.0,1,14,0,15
150,90,2069.0,3021.0,10.0,6.0,1,8,0,8
151,2,1600.0,3274.0,17.0,7.0,1,141,0,149
151,41,1674.0,3022.0,6.0,6.0,0,73,1,76
151,44,1717.0,3027.0,6.0,7.0,1,67,0,72
151,45,1831.0,3029.0,7.0,6.0,1,67,0,68
151,46,1818.0,3029.0,9.0,9.0,1,65,0,68
151,47,2047.0,3004.0,7.0,8.0,1,57,0,67
151,53,1807.0,3030.0,7.0,7.0,1,57,0,61
151,54,1888.0,3014.0,11.0,8.0,1,55,0,58
151,56,1858.0,3021.0,7.0,8.0,1,54,0,57
151,58,1971.0,3019.0,6.0,6.0,1,52,0,55
151,59,1727.0,3031.0,7.0,5.0,1,48,0,52
151,60,1766.0,3024.0,5.0,6.0,1,50,0,52
151,61,1841.0,3024.0,11.0,8.0,1,50,0,51
151,64,1909.0,3019.0,8.0,6.0,1,42,0,45
151,66,2011.0,3021.0,10.0,7.0,1,40,0,44
151,69,1779.0,3028.0,8.0,8.0,1,39,0,41
151,71,1921.0,3016.0,9.0,7.0,1,34,0,37
151,72,1687.0,3024.0,9.0,6.0,1,30,0,34
151,73,1898.0,3018.0,8.0,8.0,1,31,0,34
151,77,2026.0,3014.0,7.0,12.0,1,25,0,27
151,78,1746.0,3027.0,7.0,9.0,1,25,0,27
151,81,1932.0,3017.0,8.0,7.0,1,20,0,21
151,85,1994.0,3021.0,6.0,7.0,1,15,0,16
151,90,2064.0,3019.0,11.0,8.0,1,9,0,9
152,2,1600.0,3274.0,17.0,7.0,0,141,1,150
152,41,1663.0,3031.0,8.0,6.0,1,74,0,77
152,44,1715.0,3027.0,6.0,7.0,1,68,0,73
152,45,1824.0,3024.0,6.0,6.0,1,68,0,69
152,46,1810.0,3030.0,11.0,8.0,1,66,0,69
152,47,2047.0,3004.0,7.0,8.0,0,57,1,68
152,53,1795.0,3021.0,7.0,7.0,1,58,0,62
152,54,1879.0,3021.0,10.0,7.0,1,56,0,59
152,56,1852.0,3024.0,8.0,8.0,1,55,0,58
152,58,1952.0,3023.0,8.0,7.0,1,53,0,56
152,59,1724.0,3031.0,7.0,7.0,1,49,0,53
152,60,1754.0,3019.0,6.0,7.0,1,51,0,53
152,61,1838.0,3030.0,9.0,7.0,1,51,0,52
152,64,1906.0,3020.0,8.0,9.0,1,43,0,46
152,66,2003.0,3022.0,10.0,8.0,1,41,0,45
152,69,1775.0,3024.0,9.0,8.0,1,40,0,42
152,71,1913.0,3022.0,8.0,7.0,1,35,0,38
152,72,1686.0,3029.0,7.0,7.0,1,31,0,35
152,73,1895.0,3020.0,9.0,6.0,1,32,0,35
152,77,2015.0,3005.0,8.0,11.0,1,26,0,28
152,78,1745.0,3023.0,8.0,11.0,1,26,0,28
152,81,1925.0,3016.0,7.0,9.0,1,21,0,22
152,85,1960.0,3022.0,8.0,5.0,1,16,0,17
152,90,2064.0,3009.0,6.0,9.0,1,10,0,10
153,2,1602.0,3268.0,15.0,8.0,1,142,0,151
153,41,1652.0,3023.0,7.0,8.0,1,75,0,78
153,44,1702.0,3024.0,8.0,7.0,1,69,0,74
153,45,1818.0,3026.0,8.0,5.0,1,69,0,70
153,46,1810.0,3030.0,11.0,8.0,0,66,1,70
153,47,2026.0,3008.0,8.0,8.0,1,58,0,69
153,53,1790.0,3029.0,11.0,7.0,1,59,0,63
153,54,1870.0,3022.0,10.0,8.0,1,57,0,60
153,56,1842.0,3021.0,9.0,8.0,1,56,0,59
153,58,1942.0,3017.0,8.0,7.0,1,54,0,57
153,59,1711.0,3028.0,7.0,5.0,1,50,0,54
153,60,1750.0,3028.0,9.0,8.0,1,52,0,54
153,61,1827.0,3024.0,8.0,7.0,1,52,0,53
153,64,1899.0,3022.0,9.0,7.0,1,44,0,47
153,66,2003.0,3022.0,10.0,8.0,0,41,1,46
153,69,1769.0,3023.0,8.0,8.0,1,41,0,43
153,71,1899.0,3017.0,10.0,7.0,1,36,0,39
153,72,1678.0,3022.0,6.0,9.0,1,32,0,36
153,73,1885.0,3019.0,8.0,10.0,1,33,0,36
153,77,2012.0,3011.0,10.0,9.0,1,27,0,29
153,78,1735.0,3022.0,8.0,11.0,1,27,0,29
153,81,1920.0,3022.0,7.0,8.0,1,22,0,23
153,85,1948.0,3018.0,9.0,6.0,1,17,0,18
153,90,2052.0,3012.0,9.0,9.0,1,11,0,11
154,2,1599.0,3260.0,16.0,9.0,1,143,0,152
154,41,1654.0,3024.0,7.0,8.0,1,76,0,79
154,44,1696.0,3026.0,8.0,5.0,1,70,0,75
154,45,1820.0,3020.0,8.0,8.0,1,70,0,71
154,46,1810.0,3030.0,5.0,5.0,1,67,0,71
154,47,2016.0,3011.0,8.0,8.0,1,59,0,70
154,53,1796.0,3025.0,11.0,7.0,1,60,0,64
154,54,1876.0,3018.0,9.0,9.0,1,58,0,61
154,56,1862.0,3017.0,9.0,7.0,1,57,0,60
154,58,1954.0,3018.0,8.0,8.0,1,55,0,58
154,59,1712.0,3030.0,8.0,5.0,1,51,0,55
154,60,1737.0,3025.0,8.0,8.0,1,53,0,55
154,61,1845.0,3025.0,8.0,6.0,1,53,0,54
154,64,1894.0,3021.0,8.0,7.0,1,45,0,48
154,66,1986.0,3016.0,11.0,8.0,1,42,0,47
154,69,1760.0,3024.0,9.0,7.0,1,42,0,44
154,71,1904.0,3018.0,7.0,7.0,1,37,0,40
154,72,1670.0,3025.0,5.0,5.0,1,33,0,37
154,73,1918.0,3023.0,8.0,10.0,1,34,0,37
154,77,2002.0,3012.0,10.0,9.0,1,28,0,30
154,78,1726.0,3027.0,8.0,10.0,1,28,0,30
154,81,1935.0,3014.0,7.0,10.0,1,23,0,24
154,85,1974.0,3018.0,10.0,7.0,1,18,0,19
154,90,2039.0,3008.0,10.0,9.0,1,12,0,12
155,2,1589.0,3267.0,17.0,8.0,1,144,0,153
155,41,1639.0,3024.0,7.0,7.0,1,77,0,80
155,44,1694.0,3026.0,5.0,6.0,1,71,0,76
155,45,1817.0,3026.0,9.0,7.0,1,71,0,72
155,46,1810.0,3030.0,5.0,5.0,0,67,1,72
155,47,2020.0,3010.0,8.0,9.0,1,60,0,71
155,53,1788.0,3027.0,10.0,8.0,1,61,0,65
155,54,1870.0,3018.0,9.0,9.0,1,59,0,62
155,56,1861.0,3021.0,9.0,8.0,1,58,0,61
155,58,1932.0,3023.0,7.0,6.0,1,56,0,59
155,59,1702.0,3026.0,8.0,5.0,1,52,0,56
155,60,1733.0,3028.0,7.0,7.0,1,54,0,56
155,61,1835.0,3024.0,6.0,7.0,1,54,0,55
155,64,1884.0,3016.0,9.0,8.0,1,46,0,49
155,66,1985.0,3016.0,10.0,7.0,1,43,0,48
155,69,1774.0,3029.0,7.0,7.0,1,43,0,45
155,71,1892.0,3022.0,7.0,8.0,1,38,0,41
155,72,1670.0,3025.0,5.0,5.0,0,33,1,38
155,73,1918.0,3023.0,8.0,10.0,0,34,1,38
155,77,2002.0,3012.0,10.0,9.0,0,28,1,31
155,78,1717.0,3027.0,7.0,10.0,1,29,0,31
155,81,1912.0,3018.0,8.0,10.0,1,24,0,25
155,85,1970.0,3016.0,9.0,10.0,1,19,0,20
155,90,2038.0,3010.0,9.0,8.0,1,13,0,13
156,2,1593.0,3265.0,16.0,8.0,1,145,0,154
156,41,1633.0,3028.0,7.0,5.0,1,78,0,81
156,44,1680.0,3031.0,6.0,5.0,1,72,0,77
156,45,1803.0,3031.0,8.0,5.0,1,72,0,73
156,46,1786.0,3026.0,8.0,7.0,1,68,0,73
156,47,1984.0,3017.0,9.0,6.0,1,61,0,72
156,53,1770.0,3028.0,7.0,7.0,1,62,0,66
156,54,1829.0,3021.0,7.0,6.0,1,60,0,63
156,56,1852.0,3022.0,8.0,5.0,1,59,0,62
156,58,1926.0,3021.0,8.0,7.0,1,57,0,60
156,59,1698.0,3034.0,9.0,5.0,1,53,0,57
156,60,1728.0,3021.0,9.0,10.0,1,55,0,57
156,61,1809.0,3023.0,11.0,8.0,1,55,0,56
156,64,1869.0,3023.0,11.0,6.0,1,47,0,50
156,66,1966.0,3022.0,7.0,5.0,1,44,0,49
156,69,1752.0,3027.0,9.0,7.0,1,44,0,46
156,71,1887.0,3019.0,8.0,9.0,1,39,0,42
156,72,1661.0,3028.0,5.0,5.0,1,34,0,39
156,73,1888.0,3021.0,7.0,8.0,1,35,0,39
156,77,1992.0,3011.0,7.0,10.0,1,29,0,32
156,78,1712.0,3020.0,6.0,11.0,1,30,0,32
156,81,1904.0,3013.0,8.0,12.0,1,25,0,26
156,85,1934.0,3016.0,9.0,8.0,1,20,0,21
156,90,2034.0,3008.0,8.0,8.0,1,14,0,14
157,2,1597.0,3256.0,16.0,9.0,1,146,0,155
157,41,1633.0,3028.0,7.0,5.0,0,78,1,82
157,44,1677.0,3031.0,7.0,8.0,1,73,0,78
157,45,1794.0,3026.0,6.0,6.0,1,73,0,74
157,46,1786.0,3026.0,8.0,7.0,0,68,1,74
157,47,2007.0,3012.0,8.0,8.0,1,62,0,73
157,53,1767.0,3027.0,9.0,8.0,1,63,0,67
157,54,1827.0,3021.0,8.0,7.0,1,61,0,64
157,56,1851.0,3024.0,8.0,7.0,1,60,0,63
157,58,1934.0,3020.0,8.0,7.0,1,58,0,61
157,59,1688.0,3027.0,7.0,6.0,1,54,0,58
157,60,1716.0,3026.0,6.0,6.0,1,56,0,58
157,61,1804.0,3025.0,9.0,7.0,1,56,0,57
157,64,1863.0,3022.0,9.0,7.0,1,48,0,51
157,66,1974.0,3027.0,10.0,7.0,1,45,0,50
157,69,1738.0,3032.0,9.0,7.0,1,45,0,47
157,71,1874.0,3019.0,7.0,7.0,1,40,0,43
157,72,1661.0,3028.0,5.0,5.0,0,34,1,40
157,73,1887.0,3020.0,7.0,9.0,1,36,0,40
157,77,1985.0,3011.0,7.0,10.0,1,30,0,33
157,78,1706.0,3027.0,7.0,10.0,1,31,0,33
157,81,1916.0,3020.0,8.0,5.0,1,26,0,27
157,85,1957.0,3019.0,9.0,9.0,1,21,0,22
157,90,2030.0,3006.0,9.0,10.0,1,15,0,15
158,2,1604.0,3265.0,15.0,9.0,1,147,0,156
158,41,1620.0,3023.0,7.0,6.0,1,79,0,83
158,44,1673.0,3027.0,4.0,6.0,1,74,0,79
158,45,1784.0,3027.0,7.0,5.0,1,74,0,75
158,46,1786.0,3026.0,8.0,7.0,0,68,2,75
158,47,2000.0,3010.0,7.0,9.0,1,63,0,74
158,53,1762.0,3026.0,7.0,7.0,1,64,0,68
158,54,1812.0,3024.0,8.0,6.0,1,62,0,65
158,56,1847.0,3024.0,9.0,7.0,1,61,0,64
158,58,1920.0,3020.0,9.0,5.0,1,59,0,62
158,59,1688.0,3027.0,7.0,6.0,0,54,1,59
158,60,1719.0,3030.0,7.0,7.0,1,57,0,59
158,61,1794.0,3017.0,11.0,10.0,1,57,0,58
158,64,1861.0,3015.0,8.0,10.0,1,49,0,52
158,66,1964.0,3020.0,11.0,7.0,1,46,0,51
158,69,1737.0,3030.0,8.0,7.0,1,46,0,48
158,71,1866.0,3016.0,7.0,8.0,1,41,0,44
158,72,1642.0,3029.0,7.0,7.0,1,35,0,41
158,73,1876.0,3018.0,8.0,8.0,1,37,0,41
158,77,1985.0,3011.0,7.0,10.0,0,30,1,34
158,78,1706.0,3027.0,7.0,10.0,0,31,1,34
158,81,1891.0,3019.0,10.0,10.0,1,27,0,28
158,85,1947.0,3015.0,8.0,9.0,1,22,0,23
158,90,2030.0,3006.0,9.0,10.0,0,15,1,16
159,2,1594.0,3263.0,16.0,8.0,1,148,0,157
159,41,1614.0,3022.0,8.0,7.0,1,80,0,84
159,44,1665.0,3025.0,4.0,7.0,1,75,0,80
159,45,1781.0,3027.0,6.0,3.0,1,75,0,76
159,46,1769.0,3029.0,10.0,6.0,1,69,0,76
159,47,1994.0,3006.0,7.0,7.0,1,64,0,75
159,53,1727.0,3024.0,9.0,7.0,1,65,0,69
159,54,1812.0,3018.0,7.0,5.0,1,63,0,66
159,56,1837.0,3021.0,8.0,11.0,1,62,0,65
159,58,1905.0,3027.0,8.0,6.0,1,60,0,63
159,59,1564.0,2866.0,6.0,7.0,1,55,0,60
159,60,1697.0,3025.0,8.0,9.0,1,58,0,60
159,61,1790.0,3018.0,8.0,7.0,1,58,0,59
159,64,1852.0,3023.0,7.0,9.0,1,50,0,53
159,66,1945.0,3016.0,8.0,8.0,1,47,0,52
159,69,1711.0,3026.0,7.0,6.0,1,47,0,49
159,71,1862.0,3018.0,7.0,10.0,1,42,0,45
159,72,1639.0,3033.0,8.0,6.0,1,36,0,42
159,73,1871.0,3017.0,11.0,7.0,1,38,0,42
159,77,1974.0,3009.0,7.0,10.0,1,31,0,35
159,78,1677.0,3016.0,7.0,6.0,1,32,0,35
159,81,1881.0,3017.0,10.0,8.0,1,28,0,29
159,85,1921.0,3016.0,8.0,9.0,1,23,0,24
159,90,2020.0,3013.0,10.0,8.0,1,16,0,17
160,2,1594.0,3257.0,15.0,9.0,1,149,0,158
160,41,1603.0,3022.0,7.0,7.0,1,81,0,85
160,44,1653.0,3025.0,9.0,5.0,1,76,0,81
160,45,1799.0,3029.0,8.0,5.0,1,76,0,77
160,46,1772.0,3034.0,6.0,5.0,1,70,0,77
160,47,1986.0,3008.0,8.0,9.0,1,65,0,76
160,53,1748.0,3025.0,7.0,7.0,1,66,0,70
160,54,1828.0,3018.0,8.0,9.0,1,64,0,67
160,56,1841.0,3024.0,9.0,6.0,1,63,0,66
160,58,1912.0,3017.0,8.0,6.0,1,61,0,64
160,59,1564.0,2866.0,6.0,7.0,0,55,1,61
160,60,1722.0,3026.0,8.0,6.0,1,59,0,61
160,61,1785.0,3020.0,8.0,8.0,1,59,0,60
160,64,1857.0,3022.0,9.0,11.0,1,51,0,54
160,66,1950.0,3019.0,10.0,7.0,1,48,0,53
160,69,1762.0,3030.0,10.0,7.0,1,48,0,50
160,71,1861.0,3017.0,9.0,8.0,1,43,0,46
160,72,1629.0,3021.0,6.0,8.0,1,37,0,43
160,73,1880.0,3014.0,9.0,9.0,1,39,0,43
160,77,1968.0,3007.0,6.0,10.0,1,32,0,36
160,78,1683.0,3025.0,7.0,8.0,1,33,0,36
160,81,1898.0,3020.0,6.0,6.0,1,29,0,30
160,85,1936.0,3014.0,9.0,7.0,1,24,0,25
160,90,2010.0,3009.0,8.0,8.0,1,17,0,18
161,2,1593.0,3258.0,15.0,7.0,1,150,0,159
161,41,1598.0,3021.0,10.0,8.0,1,82,0,86
161,44,1650.0,3032.0,11.0,5.0,1,77,0,82
161,45,1772.0,3025.0,6.0,7.0,1,77,0,78
161,46,1754.0,3026.0,9.0,7.0,1,71,0,78
161,47,1981.0,3008.0,10.0,9.0,1,66,0,77
161,53,1713.0,3027.0,8.0,6.0,1,67,0,71
161,54,1781.0,3021.0,6.0,8.0,1,65,0,68
161,56,1797.0,3028.0,6.0,5.0,1,64,0,67
161,58,1893.0,3019.0,6.0,5.0,1,62,0,65
161,59,1665.0,3028.0,7.0,6.0,1,56,0,62
161,60,1701.0,3025.0,6.0,6.0,1,60,0,62
161,61,1743.0,3023.0,7.0,7.0,1,60,0,61
161,64,1833.0,3028.0,10.0,6.0,1,52,0,55
161,66,1930.0,3016.0,8.0,7.0,1,49,0,54
161,69,1667.0,3079.0,8.0,8.0,1,49,0,51
161,71,1822.0,3022.0,11.0,8.0,1,44,0,47
161,72,1625.0,3024.0,6.0,6.0,1,38,0,44
161,73,1855.0,3022.0,10.0,5.0,1,40,0,44
161,77,1947.0,3017.0,10.0,9.0,1,33,0,37
161,78,1677.0,3023.0,7.0,11.0,1,34,0,37
161,81,1878.0,3018.0,9.0,8.0,1,30,0,31
161,85,1910.0,3019.0,7.0,5.0,1,25,0,26
161,90,2010.0,3013.0,8.0,9.0,1,18,0,19
162,2,1592.0,3264.0,15.0,8.0,1,151,0,160
162,41,1591.0,3020.0,10.0,7.0,1,83,0,87
162,44,1656.0,3020.0,7.0,6.0,1,78,0,83
162,45,1794.0,3023.0,8.0,6.0,1,78,0,79
162,46,1771.0,3020.0,8.0,9.0,1,72,0,79
162,47,1972.0,3011.0,11.0,8.0,1,67,0,78
162,53,1710.0,3029.0,8.0,6.0,1,68,0,72
162,54,1827.0,3018.0,7.0,9.0,1,66,0,69
162,56,1820.0,3025.0,9.0,7.0,1,65,0,68
162,58,1889.0,3017.0,5.0,9.0,1,63,0,66
162,59,1637.0,3020.0,8.0,6.0,1,57,0,63
162,60,1686.0,3030.0,8.0,9.0,1,61,0,63
162,61,1746.0,3024.0,8.0,7.0,1,61,0,62
162,64,1851.0,3022.0,10.0,6.0,1,53,0,56
162,66,1928.0,3015.0,8.0,9.0,1,50,0,55
162,69,1667.0,3079.0,8.0,8.0,0,49,1,52
162,71,1848.0,3015.0,9.0,10.0,1,45,0,48
162,72,1609.0,3024.0,5.0,5.0,1,39,0,45
162,73,1870.0,3021.0,9.0,8.0,1,41,0,45
162,77,1956.0,3009.0,8.0,11.0,1,34,0,38
162,78,1673.0,3021.0,8.0,8.0,1,35,0,38
162,81,1900.0,3015.0,7.0,6.0,1,31,0,32
162,85,1943.0,3020.0,7.0,9.0,1,26,0,27
162,90,1996.0,3010.0,9.0,7.0,1,19,0,20
163,2,1595.0,3258.0,15.0,8.0,1,152,0,161
163,41,1583.0,3021.0,10.0,8.0,1,84,0,88
163,44,1648.0,3019.0,8.0,9.0,1,79,0,84
163,45,1786.0,3017.0,7.0,7.0,1,79,0,80
163,46,1765.0,3021.0,11.0,8.0,1,73,0,80
163,47,1968.0,3015.0,10.0,8.0,1,68,0,79
163,53,1731.0,3026.0,6.0,6.0,1,69,0,73
163,54,1816.0,3014.0,9.0,7.0,1,67,0,70
163,56,1828.0,3026.0,7.0,5.0,1,66,0,69
163,58,1873.0,3027.0,9.0,6.0,1,64,0,67
163,59,1635.0,3022.0,8.0,8.0,1,58,0,64
163,60,1698.0,3023.0,8.0,7.0,1,62,0,64
163,61,1743.0,3025.0,8.0,7.0,1,62,0,63
163,64,1841.0,3019.0,9.0,7.0,1,54,0,57
163,66,1917.0,3023.0,7.0,6.0,1,51,0,56
163,69,1755.0,3027.0,5.0,5.0,1,50,0,53
163,71,1835.0,3021.0,10.0,8.0,1,46,0,49
163,72,1609.0,3024.0,5.0,5.0,0,39,1,46
163,73,1853.0,3017.0,10.0,7.0,1,42,0,46
163,77,1953.0,3015.0,6.0,11.0,1,35,0,39
163,78,1659.0,3021.0,8.0,11.0,1,36,0,39
163,81,1894.0,3018.0,8.0,8.0,1,32,0,33
163,85,1935.0,3016.0,9.0,9.0,1,27,0,28
163,90,1995.0,3010.0,9.0,8.0,1,20,0,21
164,2,1595.0,3258.0,15.0,8.0,0,152,1,162
164,41,1583.0,3021.0,10.0,8.0,0,84,1,89
164,44,1664.0,3030.0,7.0,9.0,1,80,0,85
164,45,1775.0,3019.0,6.0,7.0,1,80,0,81
164,46,1764.0,3018.0,7.0,8.0,1,74,0,81
164,47,1959.0,3012.0,10.0,10.0,1,69,0,80
164,53,1722.0,3025.0,8.0,7.0,1,70,0,74
164,54,1808.0,3017.0,7.0,7.0,1,68,0,71
164,56,1827.0,3022.0,9.0,8.0,1,67,0,70
164,58,1877.0,3020.0,8.0,7.0,1,65,0,68
164,59,1639.0,3025.0,7.0,9.0,1,59,0,65
164,60,1690.0,3029.0,7.0,6.0,1,63,0,65
164,61,1736.0,3025.0,9.0,6.0,1,63,0,64
164,64,1839.0,3018.0,10.0,7.0,1,55,0,58
164,66,1910.0,3019.0,7.0,7.0,1,52,0,57
164,69,1747.0,3027.0,6.0,5.0,1,51,0,54
164,71,1832.0,3023.0,9.0,7.0,1,47,0,50
164,72,1597.0,3023.0,7.0,6.0,1,40,0,47
164,73,1852.0,3020.0,9.0,6.0,1,43,0,47
164,77,1944.0,3010.0,7.0,10.0,1,36,0,40
164,78,1675.0,3022.0,7.0,10.0,1,37,0,40
164,81,1888.0,3021.0,8.0,6.0,1,33,0,34
164,85,1936.0,3019.0,8.0,7.0,1,28,0,29
164,90,1991.0,3011.0,8.0,10.0,1,21,0,22
165,2,1592.0,3264.0,16.0,8.0,1,153,0,163
165,41,1570.0,3013.0,8.0,10.0,1,85,0,90
165,44,1632.0,3024.0,7.0,7.0,1,81,0,86
165,45,1772.0,3028.0,6.0,5.0,1,81,0,82
165,46,1755.0,3020.0,9.0,7.0,1,75,0,82
165,47,1959.0,3012.0,10.0,10.0,0,69,1,81
165,53,1710.0,3022.0,6.0,5.0,1,71,0,75
165,54,1800.0,3019.0,9.0,7.0,1,69,0,72
165,56,1810.0,3021.0,9.0,7.0,1,68,0,71
165,58,1875.0,3022.0,7.0,5.0,1,66,0,69
165,59,1625.0,3030.0,7.0,7.0,1,60,0,66
165,60,1685.0,3028.0,7.0,5.0,1,64,0,66
165,61,1727.0,3023.0,9.0,8.0,1,64,0,65
165,64,1833.0,3017.0,8.0,5.0,1,56,0,59
165,66,1910.0,3019.0,7.0,7.0,0,52,1,58
165,69,1745.0,3025.0,6.0,6.0,1,52,0,55
165,71,1830.0,3013.0,8.0,10.0,1,48,0,51
165,72,1597.0,3023.0,7.0,6.0,0,40,1,48
165,73,1847.0,3019.0,9.0,6.0,1,44,0,48
165,77,1944.0,3010.0,7.0,10.0,0,36,1,41
165,78,1650.0,3020.0,9.0,10.0,1,38,0,41
165,81,1878.0,3021.0,7.0,6.0,1,34,0,35
165,85,1921.0,3020.0,9.0,8.0,1,29,0,30
165,90,1978.0,3010.0,6.0,9.0,1,22,0,23
166,2,1598.0,3265.0,16.0,8.0,1,154,0,164
166,41,1561.0,3021.0,10.0,7.0,1,86,0,91
166,44,1630.0,3026.0,6.0,8.0,1,82,0,87
166,45,1768.0,3023.0,7.0,6.0,1,82,0,83
166,46,1745.0,3019.0,10.0,6.0,1,76,0,83
166,47,1946.0,3010.0,7.0,8.0,1,70,0,82
166,53,1680.0,3028.0,8.0,5.0,1,72,0,76
166,54,1735.0,3020.0,9.0,6.0,1,70,0,73
166,56,1793.0,3023.0,10.0,6.0,1,69,0,72
166,58,1859.0,3023.0,6.0,8.0,1,67,0,70
166,59,1613.0,3024.0,7.0,7.0,1,61,0,67
166,60,1665.0,3027.0,6.0,9.0,1,65,0,67
166,61,1706.0,3026.0,7.0,6.0,1,65,0,66
166,64,1827.0,3024.0,7.0,6.0,1,57,0,60
166,66,1902.0,3018.0,7.0,10.0,1,53,0,59
166,69,1726.0,3026.0,8.0,6.0,1,53,0,56
166,71,1810.0,3018.0,8.0,9.0,1,49,0,52
166,72,1583.0,3020.0,8.0,5.0,1,41,0,49
166,73,1839.0,3020.0,8.0,6.0,1,45,0,49
166,77,1925.0,3010.0,8.0,8.0,1,37,0,42
166,78,1643.0,3022.0,9.0,11.0,1,39,0,42
166,81,1880.0,3017.0,8.0,6.0,1,35,0,36
166,85,1921.0,3020.0,9.0,8.0,0,29,1,31
166,90,1970.0,3014.0,8.0,9.0,1,23,0,24
167,2,1598.0,3258.0,16.0,8.0,1,155,0,165
167,41,1555.0,3020.0,9.0,8.0,1,87,0,92
167,44,1622.0,3025.0,7.0,6.0,1,83,0,88
167,45,1790.0,3023.0,8.0,8.0,1,83,0,84
167,46,1742.0,3017.0,8.0,6.0,1,77,0,84
167,47,1941.0,3013.0,7.0,8.0,1,71,0,83
167,53,1672.0,3027.0,9.0,7.0,1,73,0,77
167,54,1735.0,3020.0,9.0,6.0,0,70,1,74
167,56,1804.0,3024.0,8.0,5.0,1,70,0,73
167,58,1856.0,3019.0,7.0,7.0,1,68,0,71
167,59,1606.0,3020.0,5.0,10.0,1,62,0,68
167,60,1655.0,3026.0,7.0,8.0,1,66,0,68
167,61,1696.0,3024.0,8.0,6.0,1,66,0,67
167,64,1827.0,3020.0,8.0,6.0,1,58,0,61
167,66,1891.0,3013.0,9.0,8.0,1,54,0,60
167,69,1717.0,3029.0,9.0,7.0,1,54,0,57
167,71,1813.0,3015.0,9.0,10.0,1,50,0,53
167,72,1575.0,3016.0,9.0,5.0,1,42,0,50
167,73,1833.0,3016.0,9.0,8.0,1,46,0,50
167,77,1926.0,3006.0,6.0,8.0,1,38,0,43
167,78,1643.0,3022.0,9.0,11.0,0,39,1,43
167,81,1867.0,3017.0,8.0,8.0,1,36,0,37
167,85,1920.0,3016.0,9.0,9.0,1,30,0,32
167,90,1968.0,3010.0,8.0,9.0,1,24,0,25
168,2,1595.0,3261.0,13.0,8.0,1,156,0,166
168,41,1548.0,3017.0,6.0,6.0,1,88,0,93
168,44,1622.0,3025.0,7.0,6.0,0,83,1,89
168,45,1758.0,3019.0,9.0,8.0,1,84,0,85
168,46,1727.0,3025.0,8.0,7.0,1,78,0,85
168,47,1938.0,3016.0,8.0,7.0,1,72,0,84
168,53,1670.0,3018.0,9.0,7.0,1,74,0,78
168,54,1735.0,3020.0,10.0,6.0,1,71,0,75
168,56,1787.0,3025.0,10.0,6.0,1,71,0,74
168,58,1813.0,3019.0,6.0,7.0,1,69,0,72
168,59,1606.0,3020.0,5.0,10.0,0,62,1,69
168,60,1646.0,3023.0,9.0,7.0,1,67,0,69
168,61,1687.0,3027.0,8.0,8.0,1,67,0,68
168,64,1809.0,3023.0,8.0,7.0,1,59,0,62
168,66,1882.0,3015.0,7.0,8.0,1,55,0,61
168,69,1711.0,3024.0,9.0,8.0,1,55,0,58
168,71,1796.0,3021.0,7.0,6.0,1,51,0,54
168,72,1575.0,3016.0,9.0,5.0,0,42,1,51
168,73,1820.0,3013.0,12.0,8.0,1,47,0,51
168,77,1914.0,3009.0,8.0,10.0,1,39,0,44
168,78,1626.0,3025.0,8.0,8.0,1,40,0,44
168,81,1854.0,3013.0,7.0,7.0,1,37,0,38
168,85,1902.0,3013.0,10.0,8.0,1,31,0,33
168,90,1968.0,3010.0,8.0,9.0,0,24,1,26
169,2,1595.0,3262.0,14.0,7.0,1,157,0,167
169,41,1536.0,3017.0,9.0,9.0,1,89,0,94
169,44,1614.0,3022.0,6.0,5.0,1,84,0,90
169,45,1758.0,3019.0,9.0,8.0,0,84,1,86
169,46,1718.0,3025.0,8.0,7.0,1,79,0,86
169,47,1928.0,3008.0,9.0,9.0,1,73,0,85
169,53,1662.0,3028.0,10.0,8.0,1,75,0,79
169,54,1728.0,3016.0,9.0,8.0,1,72,0,76
169,56,1791.0,3027.0,8.0,4.0,1,72,0,75
169,58,1813.0,3023.0,6.0,4.0,1,70,0,73
169,59,1593.0,3014.0,9.0,10.0,1,63,0,70
169,60,1646.0,3023.0,9.0,7.0,0,67,1,70
169,61,1682.0,3025.0,9.0,6.0,1,68,0,69
169,64,1808.0,3027.0,9.0,7.0,1,60,0,63
169,66,1887.0,3020.0,7.0,8.0,1,56,0,62
169,69,1706.0,3025.0,9.0,6.0,1,56,0,59
169,71,1781.0,3018.0,10.0,7.0,1,52,0,55
169,72,1565.0,3013.0,6.0,7.0,1,43,0,52
169,73,1845.0,3019.0,6.0,8.0,1,48,0,52
169,77,1900.0,3018.0,8.0,11.0,1,40,0,45
169,78,1626.0,3025.0,8.0,8.0,0,40,1,45
169,81,1856.0,3015.0,8.0,7.0,1,38,0,39
169,85,1905.0,3014.0,8.0,7.0,1,32,0,34
169,90,1960.0,3007.0,6.0,9.0,1,25,0,27
170,2,1594.0,3265.0,15.0,7.0,1,158,0,168
170,41,1538.0,3021.0,6.0,7.0,1,90,0,95
170,44,1599.0,3022.0,7.0,5.0,1,85,0,91
170,45,1740.0,3022.0,7.0,7.0,1,85,0,87
170,46,1712.0,3021.0,7.0,6.0,1,80,0,87
170,47,1921.0,3011.0,9.0,9.0,1,74,0,86
170,53,1655.0,3024.0,10.0,8.0,1,76,0,80
170,54,1728.0,3013.0,7.0,7.0,1,73,0,77
170,56,1790.0,3014.0,6.0,7.0,1,73,0,76
170,58,1804.0,3018.0,7.0,4.0,1,71,0,74
170,59,1584.0,3020.0,5.0,4.0,1,64,0,71
170,60,1629.0,3021.0,8.0,9.0,1,68,0,71
170,61,1677.0,3020.0,9.0,8.0,1,69,0,70
170,64,1799.0,3019.0,8.0,6.0,1,61,0,64
170,66,1875.0,3020.0,8.0,7.0,1,57,0,63
170,69,1694.0,3022.0,9.0,6.0,1,57,0,60
170,71,1773.0,3020.0,10.0,8.0,1,53,0,56
170,72,1555.0,3019.0,7.0,5.0,1,44,0,53
170,73,1835.0,3015.0,7.0,9.0,1,49,0,53
170,77,1892.0,3015.0,9.0,6.0,1,41,0,46
170,78,1614.0,3026.0,10.0,9.0,1,41,0,46
170,81,1856.0,3021.0,9.0,10.0,1,39,0,40
170,85,1907.0,3013.0,8.0,5.0,1,33,0,35
170,90,1950.0,3005.0,6.0,10.0,1,26,0,28
171,2,1602.0,3254.0,15.0,7.0,1,159,0,169
171,41,1529.0,3020.0,8.0,5.0,1,91,0,96
171,44,1594.0,3023.0,7.0,5.0,1,86,0,92
171,45,1739.0,3017.0,4.0,8.0,1,86,0,88
171,46,1704.0,3023.0,7.0,5.0,1,81,0,88
171,47,1916.0,3015.0,9.0,8.0,1,75,0,87
171,53,1648.0,3024.0,9.0,7.0,1,77,0,81
171,54,1717.0,3017.0,10.0,8.0,1,74,0,78
171,56,1778.0,3023.0,8.0,4.0,1,74,0,77
171,58,1795.0,3020.0,6.0,4.0,1,72,0,75
171,59,1581.0,3021.0,4.0,7.0,1,65,0,72
171,60,1627.0,3020.0,9.0,7.0,1,69,0,72
171,61,1667.0,3027.0,10.0,9.0,1,70,0,71
171,64,1788.0,3018.0,8.0,8.0,1,62,0,65
171,66,1864.0,3019.0,7.0,7.0,1,58,0,64
171,69,1695.0,3022.0,10.0,6.0,1,58,0,61
171,71,1762.0,3016.0,9.0,8.0,1,54,0,57
171,72,1547.0,3021.0,8.0,7.0,1,45,0,54
171,73,1835.0,3015.0,7.0,9.0,0,49,1,54
171,77,1884.0,3013.0,8.0,9.0,1,42,0,47
171,78,1608.0,3023.0,8.0,9.0,1,42,0,47
171,81,1844.0,3016.0,9.0,8.0,1,40,0,41
171,85,1899.0,3011.0,7.0,9.0,1,34,0,36
171,90,1950.0,3005.0,6.0,10.0,0,26,1,29
172,2,1597.0,3254.0,18.0,8.0,1,160,0,170
172,41,1529.0,3020.0,8.0,5.0,0,91,1,97
172,44,1588.0,3021.0,7.0,7.0,1,87,0,93
172,45,1731.0,3019.0,6.0,8.0,1,87,0,89
172,46,1707.0,3021.0,7.0,5.0,1,82,0,89
172,47,1914.0,3012.0,11.0,8.0,1,76,0,88
172,53,1643.0,3025.0,9.0,8.0,1,78,0,82
172,54,1714.0,3016.0,9.0,6.0,1,75,0,79
172,56,1774.0,3026.0,7.0,5.0,1,75,0,78
172,58,1789.0,3014.0,6.0,5.0,1,73,0,76
172,59,1572.0,3024.0,4.0,5.0,1,66,0,73
172,60,1617.0,3017.0,10.0,10.0,1,70,0,73
172,61,1664.0,3026.0,9.0,7.0,1,71,0,72
172,64,1782.0,3017.0,8.0,7.0,1,63,0,66
172,66,1857.0,3014.0,8.0,9.0,1,59,0,65
172,69,1680.0,3016.0,10.0,7.0,1,59,0,62
172,71,1754.0,3024.0,9.0,9.0,1,55,0,58
172,72,1548.0,3022.0,9.0,8.0,1,46,0,55
172,73,1821.0,3027.0,7.0,6.0,1,50,0,55
172,77,1874.0,3018.0,8.0,6.0,1,43,0,48
172,78,1605.0,3021.0,8.0,7.0,1,43,0,48
172,81,1834.0,3016.0,7.0,7.0,1,41,0,42
172,85,1899.0,3011.0,7.0,9.0,0,34,1,37
172,90,1950.0,3005.0,6.0,10.0,0,26,2,30
172,105,1803.0,3021.0,7.0,6.0,1,3,0,3
173,2,1599.0,3255.0,18.0,9.0,1,161,0,171
173,41,1520.0,3014.0,6.0,6.0,1,92,0,98
173,44,1578.0,3017.0,7.0,5.0,1,88,0,94
173,45,1723.0,3018.0,6.0,6.0,1,88,0,90
173,46,1694.0,3025.0,7.0,5.0,1,83,0,90
173,47,1904.0,3010.0,10.0,7.0,1,77,0,89
173,53,1638.0,3025.0,8.0,8.0,1,79,0,83
173,54,1703.0,3016.0,12.0,10.0,1,76,0,80
173,56,1765.0,3022.0,6.0,5.0,1,76,0,79
173,58,1789.0,3023.0,7.0,6.0,1,74,0,77
173,59,1567.0,3023.0,5.0,7.0,1,67,0,74
173,60,1615.0,3017.0,8.0,8.0,1,71,0,74
173,61,1658.0,3020.0,7.0,6.0,1,72,0,73
173,64,1780.0,3019.0,8.0,10.0,1,64,0,67
173,66,1852.0,3016.0,7.0,9.0,1,60,0,66
173,69,1679.0,3022.0,7.0,7.0,1,60,0,63
173,71,1641.0,3244.0,8.0,6.0,1,56,0,59
173,72,1548.0,3022.0,9.0,8.0,0,46,1,56
173,73,1813.0,3024.0,8.0,6.0,1,51,0,56
173,77,1873.0,3022.0,7.0,6.0,1,44,0,49
173,78,1595.0,3024.0,9.0,7.0,1,44,0,49
173,81,1830.0,3020.0,6.0,7.0,1,42,0,43
173,85,1888.0,3011.0,6.0,7.0,1,35,0,38
173,90,1935.0,3009.0,6.0,8.0,1,27,0,31
173,105,1795.0,3022.0,8.0,6.0,1,4,0,4
174,2,1590.0,3265.0,19.0,8.0,1,162,0,172
174,41,1520.0,3014.0,6.0,6.0,0,92,1,99
174,44,1578.0,3014.0,7.0,6.0,1,89,0,95
174,45,1741.0,3014.0,8.0,8.0,1,89,0,91
174,46,1688.0,3021.0,6.0,6.0,1,84,0,91
174,47,1898.0,3016.0,8.0,6.0,1,78,0,90
174,53,1633.0,3020.0,9.0,7.0,1,80,0,84
174,54,1703.0,3016.0,12.0,10.0,0,76,1,81
174,56,1761.0,3015.0,7.0,6.0,1,77,0,80
174,58,1779.0,3014.0,6.0,6.0,1,75,0,78
174,59,1559.0,3014.0,5.0,5.0,1,68,0,75
174,60,1602.0,3022.0,10.0,8.0,1,72,0,75
174,61,1652.0,3024.0,6.0,6.0,1,73,0,74
174,64,1776.0,3015.0,7.0,7.0,1,65,0,68
174,66,1849.0,3011.0,6.0,10.0,1,61,0,67
174,69,1670.0,3024.0,9.0,7.0,1,61,0,64
174,71,1641.0,3244.0,8.0,6.0,0,56,1,60
174,72,1529.0,3017.0,9.0,7.0,1,47,0,57
174,73,1808.0,3016.0,8.0,7.0,1,52,0,57
174,77,1867.0,3016.0,7.0,8.0,1,45,0,50
174,78,1589.0,3020.0,8.0,7.0,1,45,0,50
174,81,1825.0,3008.0,8.0,11.0,1,43,0,44
174,85,1878.0,3012.0,6.0,7.0,1,36,0,39
174,90,1935.0,3009.0,6.0,8.0,0,27,1,32
174,105,1792.0,3018.0,9.0,6.0,1,5,0,5
175,2,1595.0,3265.0,19.0,7.0,1,163,0,173
175,41,1506.0,3015.0,5.0,6.0,1,93,0,100
175,44,1561.0,3019.0,7.0,5.0,1,90,0,96
175,45,1712.0,3017.0,5.0,6.0,1,90,0,92
175,46,1680.0,3024.0,6.0,6.0,1,85,0,92
175,47,1894.0,3005.0,9.0,7.0,1,79,0,91
175,53,1616.0,3024.0,10.0,7.0,1,81,0,85
175,54,1694.0,3017.0,8.0,7.0,1,77,0,82
175,56,1741.0,3014.0,10.0,10.0,1,78,0,81
175,58,1774.0,3020.0,4.0,5.0,1,76,0,79
175,59,1550.0,3016.0,6.0,6.0,1,69,0,76
175,60,1598.0,3016.0,9.0,7.0,1,73,0,76
175,61,1652.0,3028.0,5.0,6.0,1,74,0,75
175,64,1749.0,3030.0,7.0,5.0,1,66,0,69
175,66,1839.0,3020.0,8.0,8.0,1,62,0,68
175,69,1666.0,3017.0,9.0,7.0,1,62,0,65
175,71,1641.0,3244.0,8.0,6.0,0,56,2,61
175,72,1530.0,3013.0,9.0,7.0,1,48,0,58
175,73,1803.0,3021.0,9.0,7.0,1,53,0,58
175,77,1866.0,3013.0,6.0,8.0,1,46,0,51
175,78,1583.0,3021.0,7.0,7.0,1,46,0,51
175,81,1819.0,3015.0,10.0,9.0,1,44,0,45
175,85,1875.0,3015.0,6.0,7.0,1,37,0,40
175,90,1915.0,3010.0,7.0,11.0,1,28,0,33
175,105,1786.0,3013.0,8.0,6.0,1,6,0,6
176,2,1601.0,3264.0,16.0,7.0,1,164,0,174
176,41,1506.0,3015.0,5.0,6.0,0,93,1,101
176,44,1561.0,3021.0,7.0,7.0,1,91,0,97
176,45,1730.0,3015.0,8.0,7.0,1,91,0,93
176,46,1686.0,3021.0,8.0,7.0,1,86,0,93
176,47,1881.0,3008.0,9.0,7.0,1,80,0,92
176,53,1616.0,3025.0,10.0,7.0,1,82,0,86
176,54,1706.0,3013.0,7.0,5.0,1,78,0,83
176,56,1761.0,3016.0,9.0,6.0,1,79,0,82
176,58,1769.0,3019.0,6.0,6.0,1,77,0,80
176,59,1538.0,3018.0,7.0,5.0,1,70,0,77
176,60,1594.0,3012.0,7.0,8.0,1,74,0,77
176,61,1633.0,3019.0,8.0,8.0,1,75,0,76
176,64,1747.0,3026.0,7.0,5.0,1,67,0,70
176,66,1839.0,3017.0,6.0,10.0,1,63,0,69
176,69,1657.0,3018.0,9.0,9.0,1,63,0,66
176,71,1641.0,3244.0,8.0,6.0,0,56,3,62
176,72,1519.0,3013.0,7.0,7.0,1,49,0,59
176,73,1797.0,3019.0,7.0,8.0,1,54,0,59
176,77,1866.0,3013.0,6.0,8.0,0,46,1,52
176,78,1579.0,3020.0,8.0,8.0,1,47,0,52
176,81,1812.0,3012.0,8.0,8.0,1,45,0,46
176,85,1875.0,3015.0,6.0,7.0,0,37,1,41
176,90,1904.0,3015.0,8.0,9.0,1,29,0,34
176,105,1778.0,3018.0,8.0,7.0,1,7,0,7
177,2,1607.0,3263.0,13.0,6.0,1,165,0,175
177,41,1506.0,3015.0,5.0,6.0,0,93,2,102
177,44,1549.0,3016.0,9.0,5.0,1,92,0,98
177,45,1730.0,3020.0,7.0,7.0,1,92,0,94
177,46,1679.0,3013.0,9.0,8.0,1,87,0,94
177,47,1879.0,3010.0,8.0,8.0,1,81,0,93
177,53,1669.0,3019.0,5.0,6.0,1,83,0,87
177,54,1695.0,3018.0,6.0,7.0,1,79,0,84
177,56,1745.0,3015.0,6.0,6.0,1,80,0,83
177,58,1766.0,3018.0,7.0,6.0,1,78,0,81
177,59,1540.0,3018.0,7.0,5.0,1,71,0,78
177,60,1585.0,3020.0,8.0,6.0,1,75,0,78
177,61,1635.0,3021.0,8.0,6.0,1,76,0,77
177,64,1750.0,3020.0,7.0,7.0,1,68,0,71
177,66,1828.0,3011.0,8.0,10.0,1,64,0,70
177,69,1653.0,3019.0,7.0,7.0,1,64,0,67
177,71,1822.0,3311.0,20.0,9.0,1,57,0,63
177,72,1510.0,3016.0,8.0,7.0,1,50,0,60
177,73,1791.0,3020.0,8.0,6.0,1,55,0,60
177,77,1847.0,3016.0,7.0,6.0,1,47,0,53
177,78,1567.0,3020.0,10.0,7.0,1,48,0,53
177,81,1802.0,3018.0,7.0,7.0,1,46,0,47
177,85,1858.0,3013.0,7.0,6.0,1,38,0,42
177,90,1910.0,3015.0,9.0,10.0,1,30,0,35
177,105,1772.0,3018.0,8.0,6.0,1,8,0,8
178,2,1603.0,3264.0,14.0,8.0,1,166,0,176
178,41,1505.0,3008.0,7.0,6.0,1,94,0,103
178,44,1546.0,3017.0,8.0,5.0,1,93,0,99
178,45,1718.0,3014.0,9.0,7.0,1,93,0,95
178,46,1668.0,3016.0,8.0,6.0,1,88,0,95
178,47,1869.0,3008.0,9.0,7.0,1,82,0,94
178,53,1654.0,3020.0,7.0,6.0,1,84,0,88
178,54,1691.0,3014.0,7.0,7.0,1,80,0,85
178,56,1732.0,3013.0,8.0,6.0,1,81,0,84
178,58,1757.0,3013.0,4.0,6.0,1,79,0,82
178,59,1560.0,3009.0,9.0,8.0,1,72,0,79
178,60,1599.0,3019.0,10.0,7.0,1,76,0,79
178,61,1628.0,3025.0,8.0,8.0,1,77,0,78
178,64,1747.0,3017.0,8.0,8.0,1,69,0,72
178,66,1814.0,3013.0,9.0,8.0,1,65,0,71
178,69,1646.0,3012.0,9.0,8.0,1,65,0,68
178,71,1822.0,3311.0,20.0,9.0,0,57,1,64
178,72,1524.0,3017.0,7.0,7.0,1,51,0,61
178,73,1786.0,3018.0,8.0,7.0,1,56,0,61
178,77,1837.0,3016.0,9.0,7.0,1,48,0,54
178,78,1582.0,3023.0,9.0,8.0,1,49,0,54
178,81,1795.0,3019.0,8.0,9.0,1,47,0,48
178,85,1856.0,3015.0,8.0,8.0,1,39,0,43
178,90,1897.0,3009.0,7.0,11.0,1,31,0,36
178,105,1772.0,3018.0,8.0,6.0,0,8,1,9
179,2,1607.0,3262.0,21.0,8.0,1,167,0,177
179,41,1479.0,3013.0,7.0,8.0,1,95,0,104
179,44,1536.0,3020.0,8.0,7.0,1,94,0,100
179,45,1709.0,3018.0,7.0,6.0,1,94,0,96
179,46,1665.0,3013.0,7.0,6.0,1,89,0,96
179,47,1863.0,3016.0,6.0,6.0,1,83,0,95
179,53,1651.0,3017.0,5.0,5.0,1,85,0,89
179,54,1682.0,3014.0,7.0,6.0,1,81,0,86
179,56,1731.0,3015.0,8.0,7.0,1,82,0,85
179,58,1747.0,3016.0,7.0,6.0,1,80,0,83
179,59,1556.0,3023.0,9.0,7.0,1,73,0,80
179,60,1593.0,3010.0,10.0,5.0,1,77,0,80
179,61,1626.0,3020.0,8.0,6.0,1,78,0,79
179,64,1737.0,3018.0,6.0,6.0,1,70,0,73
179,66,1818.0,3020.0,9.0,7.0,1,66,0,72
179,69,1636.0,3018.0,10.0,8.0,1,66,0,69
179,71,1822.0,3311.0,20.0,9.0,0,57,2,65
179,72,1499.0,3012.0,8.0,7.0,1,52,0,62
179,73,1782.0,3016.0,8.0,6.0,1,57,0,62
179,77,1833.0,3016.0,8.0,8.0,1,49,0,55
179,78,1579.0,3016.0,6.0,7.0,1,50,0,55
179,81,1788.0,3020.0,7.0,8.0,1,48,0,49
179,85,1846.0,3013.0,5.0,7.0,1,40,0,44
179,90,1893.0,3012.0,7.0,11.0,1,32,0,37
179,105,1757.0,3015.0,7.0,6.0,1,9,0,10
180,2,1605.0,3267.0,16.0,9.0,1,168,0,178
180,41,1474.0,3011.0,6.0,6.0,1,96,0,105
180,44,1521.0,3016.0,5.0,3.0,1,95,0,101
180,45,1680.0,3014.0,8.0,7.0,1,95,0,97
180,46,1648.0,3023.0,6.0,5.0,1,90,0,97
180,47,1863.0,3016.0,6.0,6.0,0,83,1,96
180,53,1634.0,3021.0,9.0,7.0,1,86,0,90
180,54,1664.0,3015.0,6.0,5.0,1,82,0,87
180,56,1727.0,3016.0,7.0,7.0,1,83,0,86
180,58,1746.0,3015.0,8.0,6.0,1,81,0,84
180,59,1533.0,3022.0,6.0,7.0,1,74,0,81
180,60,1546.0,3012.0,10.0,7.0,1,78,0,81
180,61,1588.0,3017.0,9.0,9.0,1,79,0,80
180,64,1736.0,3017.0,8.0,8.0,1,71,0,74
180,66,1809.0,3019.0,8.0,9.0,1,67,0,73
180,69,1619.0,3019.0,9.0,7.0,1,67,0,70
180,71,1822.0,3311.0,20.0,9.0,0,57,3,66
180,72,1494.0,3012.0,7.0,5.0,1,53,0,63
180,73,1774.0,3020.0,7.0,6.0,1,58,0,63
180,77,1828.0,3013.0,8.0,10.0,1,50,0,56
180,78,1568.0,3019.0,8.0,9.0,1,51,0,56
180,81,1784.0,3019.0,7.0,7.0,1,49,0,50
180,85,1838.0,3013.0,6.0,8.0,1,41,0,45
180,90,1887.0,3009.0,7.0,11.0,1,33,0,38
180,105,1757.0,3015.0,7.0,6.0,0,9,1,11
181,2,1614.0,3270.0,18.0,9.0,1,169,0,179
181,41,1471.0,3013.0,7.0,8.0,1,97,0,106
181,44,1513.0,3018.0,6.0,7.0,1,96,0,102
181,45,1696.0,3022.0,7.0,6.0,1,96,0,98
181,46,1654.0,3014.0,7.0,6.0,1,91,0,98
181,47,1863.0,3016.0,6.0,6.0,0,83,2,97
181,53,1640.0,3023.0,7.0,7.0,1,87,0,91
181,54,1670.0,3021.0,6.0,6.0,1,83,0,88
181,56,1719.0,3011.0,7.0,7.0,1,84,0,87
181,58,1746.0,3015.0,8.0,6.0,0,81,1,85
181,59,1531.0,3017.0,8.0,7.0,1,75,0,82
181,60,1542.0,3017.0,7.0,6.0,1,79,0,82
181,61,1588.0,3017.0,9.0,9.0,0,79,1,81
181,64,1727.0,3014.0,8.0,7.0,1,72,0,75
181,66,1800.0,3017.0,8.0,9.0,1,68,0,74
181,69,1627.0,3016.0,9.0,7.0,1,68,0,71
181,71,1822.0,3311.0,20.0,9.0,0,57,4,67
181,72,1485.0,3007.0,9.0,8.0,1,54,0,64
181,73,1767.0,3014.0,6.0,7.0,1,59,0,64
181,77,1816.0,3016.0,7.0,7.0,1,51,0,57
181,78,1573.0,3021.0,8.0,9.0,1,52,0,57
181,81,1775.0,3021.0,6.0,7.0,1,50,0,51
181,85,1834.0,3011.0,7.0,9.0,1,42,0,46
181,90,1883.0,3012.0,5.0,8.0,1,34,0,39
181,105,1744.0,3016.0,8.0,6.0,1,10,0,12
182,2,1614.0,3265.0,13.0,15.0,1,170,0,180
182,41,1454.0,3004.0,8.0,7.0,1,98,0,107
182,44,1507.0,3023.0,9.0,5.0,1,97,0,103
182,45,1662.0,3014.0,6.0,6.0,1,97,0,99
182,46,1623.0,3016.0,10.0,7.0,1,92,0,99
182,47,1844.0,3012.0,8.0,8.0,1,84,0,98
182,53,1636.0,3021.0,6.0,7.0,1,88,0,92
182,54,1646.0,3011.0,8.0,5.0,1,84,0,89
182,56,1697.0,3018.0,8.0,7.0,1,85,0,88
182,58,1726.0,3018.0,7.0,6.0,1,82,0,86
182,59,1522.0,3014.0,8.0,8.0,1,76,0,83
182,60,1532.0,3015.0,10.0,9.0,1,80,0,83
182,61,1577.0,3020.0,8.0,7.0,1,80,0,82
182,64,1720.0,3014.0,7.0,6.0,1,73,0,76
182,66,1795.0,3018.0,10.0,7.0,1,69,0,75
182,69,1603.0,3017.0,8.0,8.0,1,69,0,72
182,71,1822.0,3311.0,20.0,9.0,0,57,5,68
182,72,1475.0,3008.0,10.0,10.0,1,55,0,65
182,73,1763.0,3015.0,5.0,6.0,1,60,0,65
182,77,1816.0,3016.0,7.0,7.0,0,51,1,58
182,78,1554.0,3017.0,7.0,7.0,1,53,0,58
182,81,1768.0,3015.0,8.0,7.0,1,51,0,52
182,85,1827.0,3008.0,8.0,9.0,1,43,0,47
182,90,1873.0,3006.0,8.0,8.0,1,35,0,40
182,105,1742.0,3011.0,7.0,6.0,1,11,0,13
183,2,1604.0,3270.0,18.0,14.0,1,171,0,181
183,41,1448.0,3004.0,9.0,7.0,1,99,0,108
183,44,1505.0,3014.0,10.0,6.0,1,98,0,104
183,45,1658.0,3013.0,6.0,7.0,1,98,0,100
183,46,1610.0,3023.0,10.0,8.0,1,93,0,100
183,47,1842.0,3013.0,7.0,7.0,1,85,0,99
183,53,1632.0,3021.0,5.0,7.0,1,89,0,93
183,54,1646.0,3016.0,8.0,6.0,1,85,0,90
183,56,1706.0,3018.0,6.0,7.0,1,86,0,89
183,58,1719.0,3015.0,7.0,6.0,1,83,0,87
183,59,1522.0,3014.0,8.0,8.0,0,76,1,84
183,60,1528.0,3017.0,10.0,9.0,1,81,0,84
183,61,1572.0,3022.0,8.0,8.0,1,81,0,83
183,64,1713.0,3015.0,5.0,6.0,1,74,0,77
183,66,1786.0,3016.0,7.0,8.0,1,70,0,76
183,69,1592.0,3015.0,8.0,7.0,1,70,0,73
183,71,1822.0,3311.0,20.0,9.0,0,57,6,69
183,72,1467.0,3011.0,9.0,6.0,1,56,0,66
183,73,1747.0,3017.0,5.0,7.0,1,61,0,66
183,77,1807.0,3014.0,9.0,7.0,1,52,0,59
183,78,1545.0,3012.0,8.0,8.0,1,54,0,59
183,81,1762.0,3018.0,7.0,7.0,1,52,0,53
183,85,1827.0,3008.0,8.0,9.0,0,43,1,48
183,90,1864.0,3011.0,9.0,5.0,1,36,0,41
183,105,1737.0,3013.0,6.0,7.0,1,12,0,14
184,2,1613.0,3273.0,18.0,11.0,1,172,0,182
184,41,1445.0,3008.0,6.0,6.0,1,100,0,109
184,44,1490.0,3019.0,6.0,4.0,1,99,0,105
184,45,1656.0,3017.0,7.0,6.0,1,99,0,101
184,46,1608.0,3019.0,7.0,8.0,1,94,0,101
184,47,1837.0,3012.0,10.0,9.0,1,86,0,100
184,53,1621.0,3017.0,6.0,8.0,1,90,0,94
184,54,1635.0,3017.0,8.0,5.0,1,86,0,91
184,56,1685.0,3017.0,7.0,8.0,1,87,0,90
184,58,1710.0,3016.0,8.0,8.0,1,84,0,88
184,59,1509.0,3013.0,8.0,7.0,1,77,0,85
184,60,1526.0,3015.0,10.0,9.0,1,82,0,85
184,61,1567.0,3018.0,7.0,7.0,1,82,0,84
184,64,1700.0,3013.0,7.0,8.0,1,75,0,78
184,66,1781.0,3019.0,6.0,8.0,1,71,0,77
184,69,1589.0,3015.0,6.0,8.0,1,71,0,74
184,71,1822.0,3311.0,20.0,9.0,0,57,7,70
184,72,1461.0,3010.0,10.0,8.0,1,57,0,67
184,73,1717.0,3019.0,6.0,5.0,1,62,0,67
184,77,1797.0,3013.0,8.0,9.0,1,53,0,60
184,78,1535.0,3016.0,8.0,8.0,1,55,0,60
184,81,1748.0,3021.0,5.0,7.0,1,53,0,54
184,85,1812.0,3014.0,7.0,7.0,1,44,0,49
184,90,1857.0,3011.0,9.0,6.0,1,37,0,42
184,105,1725.0,3015.0,8.0,6.0,1,13,0,15
185,2,1619.0,3277.0,12.0,8.0,1,173,0,183
185,41,1433.0,3004.0,8.0,6.0,1,101,0,110
185,44,1481.0,3015.0,7.0,5.0,1,100,0,106
185,45,1648.0,3020.0,7.0,6.0,1,100,0,102
185,46,1603.0,3017.0,8.0,9.0,1,95,0,102
185,47,1825.0,3007.0,9.0,9.0,1,87,0,101
185,53,1621.0,3015.0,8.0,7.0,1,91,0,95
185,54,1625.0,3010.0,8.0,5.0,1,87,0,92
185,56,1675.0,3014.0,10.0,8.0,1,88,0,91
185,58,1701.0,3022.0,6.0,8.0,1,85,0,89
185,59,1500.0,3013.0,7.0,7.0,1,78,0,86
185,60,1512.0,3017.0,9.0,7.0,1,83,0,86
185,61,1556.0,3016.0,8.0,7.0,1,83,0,85
185,64,1690.0,3019.0,7.0,8.0,1,76,0,79
185,66,1775.0,3015.0,7.0,7.0,1,72,0,78
185,69,1579.0,3021.0,8.0,8.0,1,72,0,75
185,71,1822.0,3311.0,20.0,9.0,0,57,8,71
185,72,1451.0,3013.0,9.0,7.0,1,58,0,68
185,73,1708.0,3016.0,6.0,6.0,1,63,0,68
185,77,1792.0,3019.0,7.0,7.0,1,54,0,61
185,78,1535.0,3018.0,9.0,10.0,1,56,0,61
185,81,1747.0,3014.0,6.0,8.0,1,54,0,55
185,85,1811.0,3009.0,6.0,8.0,1,45,0,50
185,90,1858.0,3017.0,7.0,7.0,1,38,0,43
185,105,1722.0,3012.0,7.0,6.0,1,14,0,16
186,2,1619.0,3277.0,12.0,8.0,0,173,1,184
186,41,1432.0,3009.0,13.0,11.0,1,102,0,111
186,44,1473.0,3011.0,4.0,4.0,1,101,0,107
186,45,1645.0,3017.0,6.0,5.0,1,101,0,103
186,46,1593.0,3018.0,9.0,7.0,1,96,0,103
186,47,1814.0,3015.0,8.0,9.0,1,88,0,102
186,53,1610.0,3022.0,6.0,6.0,1,92,0,96
186,54,1618.0,3010.0,7.0,6.0,1,88,0,93
186,56,1668.0,3015.0,8.0,6.0,1,89,0,92
186,58,1697.0,3016.0,6.0,7.0,1,86,0,90
186,59,1487.0,3011.0,6.0,7.0,1,79,0,87
186,60,1511.0,3014.0,10.0,7.0,1,84,0,87
186,61,1554.0,3013.0,6.0,7.0,1,84,0,86
186,64,1574.0,2931.0,7.0,5.0,1,77,0,80
186,66,1767.0,3017.0,8.0,8.0,1,73,0,79
186,69,1572.0,3013.0,8.0,8.0,1,73,0,76
186,71,1822.0,3311.0,20.0,9.0,0,57,9,72
186,72,1450.0,3009.0,10.0,9.0,1,59,0,69
186,73,1707.0,3018.0,6.0,6.0,1,64,0,69
186,77,1789.0,3018.0,7.0,9.0,1,55,0,62
186,78,1521.0,3015.0,9.0,9.0,1,57,0,62
186,81,1741.0,3017.0,7.0,8.0,1,55,0,56
186,85,1799.0,3011.0,6.0,9.0,1,46,0,51
186,90,1842.0,3012.0,7.0,11.0,1,39,0,44
186,105,1722.0,3012.0,7.0,6.0,0,14,1,17
187,2,1615.0,3268.0,18.0,14.0,1,174,0,185
187,41,1432.0,3009.0,13.0,11.0,0,102,1,112
187,44,1468.0,3023.0,6.0,6.0,1,102,0,108
187,45,1657.0,3012.0,8.0,7.0,1,102,0,104
187,46,1594.0,3017.0,9.0,7.0,1,97,0,104
187,47,1813.0,3010.0,8.0,7.0,1,89,0,103
187,53,1602.0,3016.0,6.0,5.0,1,93,0,97
187,54,1618.0,3010.0,7.0,6.0,0,88,1,94
187,56,1681.0,3012.0,7.0,6.0,1,90,0,93
187,58,1691.0,3009.0,7.0,8.0,1,87,0,91
187,59,1487.0,3011.0,6.0,7.0,0,79,1,88
187,60,1497.0,3017.0,7.0,8.0,1,85,0,88
187,61,1539.0,3015.0,9.0,7.0,1,85,0,87
187,64,1574.0,2931.0,7.0,5.0,0,77,1,81
187,66,1741.0,3017.0,5.0,7.0,1,74,0,80
187,69,1570.0,3019.0,9.0,9.0,1,74,0,77
187,71,1822.0,3311.0,20.0,9.0,0,57,10,73
187,72,1437.0,3009.0,11.0,7.0,1,60,0,70
187,73,1697.0,3010.0,4.0,7.0,1,65,0,70
187,77,1760.0,3015.0,7.0,7.0,1,56,0,63
187,78,1513.0,3012.0,9.0,9.0,1,58,0,63
187,81,1722.0,3019.0,6.0,8.0,1,56,0,57
187,85,1786.0,3016.0,7.0,9.0,1,47,0,52
187,90,1838.0,3017.0,6.0,8.0,1,40,0,45
187,105,1703.0,3022.0,6.0,8.0,1,15,0,18
188,2,1613.0,3268.0,22.0,10.0,1,175,0,186
188,41,1419.0,3006.0,11.0,8.0,1,103,0,113
188,44,1457.0,3011.0,9.0,4.0,1,103,0,109
188,45,1626.0,3015.0,6.0,8.0,1,103,0,105
188,46,1587.0,3016.0,9.0,7.0,1,98,0,105
188,47,1803.0,3007.0,8.0,8.0,1,90,0,104
188,53,1597.0,3018.0,7.0,5.0,1,94,0,98
188,54,1608.0,3014.0,9.0,6.0,1,89,0,95
188,56,1661.0,3019.0,7.0,6.0,1,91,0,94
188,58,1673.0,3014.0,6.0,6.0,1,88,0,92
188,59,1478.0,3016.0,7.0,9.0,1,80,0,89
188,60,1492.0,3012.0,8.0,8.0,1,86,0,89
188,61,1538.0,3011.0,9.0,8.0,1,86,0,88
188,64,1574.0,2931.0,7.0,5.0,0,77,2,82
188,66,1758.0,3015.0,6.0,8.0,1,75,0,81
188,69,1570.0,3019.0,9.0,9.0,0,74,1,78
188,71,1822.0,3311.0,20.0,9.0,0,57,11,74
188,72,1441.0,3007.0,12.0,9.0,1,61,0,71
188,73,1681.0,3010.0,7.0,11.0,1,66,0,71
188,77,1771.0,3015.0,9.0,9.0,1,57,0,64
188,78,1513.0,3012.0,9.0,9.0,0,58,1,64
188,81,1694.0,3012.0,7.0,4.0,1,57,0,58
188,85,1778.0,3009.0,7.0,8.0,1,48,0,53
188,90,1835.0,3014.0,5.0,8.0,1,41,0,46
188,105,1697.0,3017.0,9.0,6.0,1,16,0,19
189,2,1629.0,3272.0,15.0,12.0,1,176,0,187
189,41,1416.0,3007.0,7.0,7.0,1,104,0,114
189,44,1457.0,3011.0,9.0,4.0,0,103,1,110
189,45,1649.0,3019.0,8.0,5.0,1,104,0,106
189,46,1583.0,3012.0,8.0,8.0,1,99,0,106
189,47,1798.0,3010.0,8.0,8.0,1,91,0,105
189,53,1598.0,3016.0,8.0,5.0,1,95,0,99
189,54,1625.0,3010.0,6.0,7.0,1,90,0,96
189,56,1679.0,3016.0,7.0,9.0,1,92,0,95
189,58,1686.0,3013.0,6.0,5.0,1,89,0,93
189,59,1472.0,3006.0,10.0,8.0,1,81,0,90
189,60,1484.0,3011.0,8.0,8.0,1,87,0,90
189,61,1533.0,3015.0,8.0,7.0,1,87,0,89
189,64,1671.0,3008.0,7.0,6.0,1,78,0,83
189,66,1746.0,3010.0,7.0,6.0,1,76,0,82
189,69,1557.0,3020.0,10.0,7.0,1,75,0,79
189,71,1822.0,3311.0,20.0,9.0,0,57,12,75
189,72,1434.0,3008.0,11.0,7.0,1,62,0,72
189,73,1692.0,3010.0,8.0,6.0,1,67,0,72
189,77,1770.0,3017.0,8.0,7.0,1,58,0,65
189,78,1509.0,3010.0,11.0,6.0,1,59,0,65
189,81,1716.0,3014.0,5.0,7.0,1,58,0,59
189,85,1778.0,3008.0,7.0,9.0,1,49,0,54
189,90,1835.0,3011.0,6.0,8.0,1,42,0,47
189,105,1718.0,3015.0,6.0,7.0,1,17,0,20
190,2,1621.0,3276.0,15.0,7.0,1,177,0,188
190,41,1412.0,3004.0,6.0,7.0,1,105,0,115
190,44,1454.0,3006.0,7.0,6.0,1,104,0,111
190,45,1614.0,3015.0,5.0,6.0,1,105,0,107
190,46,1577.0,3020.0,7.0,8.0,1,100,0,107
190,47,1795.0,3013.0,8.0,8.0,1,92,0,106
190,53,1582.0,3013.0,7.0,6.0,1,96,0,100
190,54,1600.0,3014.0,8.0,6.0,1,91,0,97
190,56,1664.0,3017.0,7.0,6.0,1,93,0,96
190,58,1693.0,3009.0,8.0,6.0,1,90,0,94
190,59,1466.0,3012.0,9.0,9.0,1,82,0,91
190,60,1478.0,3008.0,12.0,7.0,1,88,0,91
190,61,1522.0,3012.0,9.0,7.0,1,88,0,90
190,64,1671.0,3011.0,7.0,6.0,1,79,0,84
190,66,1737.0,3015.0,8.0,5.0,1,77,0,83
190,69,1552.0,3011.0,9.0,7.0,1,76,0,80
190,71,1822.0,3311.0,20.0,9.0,0,57,13,76
190,72,1420.0,3000.0,11.0,9.0,1,63,0,73
190,73,1683.0,3006.0,7.0,7.0,1,68,0,73
190,77,1767.0,3016.0,8.0,9.0,1,59,0,66
190,78,1509.0,3010.0,11.0,6.0,0,59,1,66
190,81,1715.0,3016.0,7.0,7.0,1,59,0,60
190,85,1772.0,3009.0,6.0,6.0,1,50,0,55
190,90,1821.0,3011.0,5.0,8.0,1,43,0,48
190,105,1712.0,3016.0,5.0,6.0,1,18,0,21
191,2,1622.0,3271.0,18.0,12.0,1,178,0,189
191,41,1396.0,3011.0,6.0,7.0,1,106,0,116
191,44,1448.0,3005.0,7.0,7.0,1,105,0,112
191,45,1642.0,3013.0,8.0,5.0,1,106,0,108
191,46,1570.0,3015.0,8.0,9.0,1,101,0,108
191,47,1789.0,3014.0,8.0,7.0,1,93,0,107
191,53,1579.0,3018.0,7.0,7.0,1,97,0,101
191,54,1611.0,3011.0,6.0,6.0,1,92,0,98
191,56,1657.0,3019.0,6.0,6.0,1,94,0,97
191,58,1684.0,3011.0,7.0,7.0,1,91,0,95
191,59,1465.0,3007.0,8.0,7.0,1,83,0,92
191,60,1477.0,3014.0,11.0,8.0,1,89,0,92
191,61,1524.0,3015.0,7.0,6.0,1,89,0,91
191,64,1663.0,3009.0,9.0,8.0,1,80,0,85
191,66,1729.0,3017.0,7.0,5.0,1,78,0,84
191,69,1545.0,3018.0,9.0,10.0,1,77,0,81
191,71,1822.0,3311.0,20.0,9.0,0,57,14,77
191,72,1415.0,3007.0,8.0,9.0,1,64,0,74
191,73,1680.0,3009.0,5.0,6.0,1,69,0,74
191,77,1752.0,3010.0,9.0,9.0,1,60,0,67
191,78,1499.0,3009.0,5.0,6.0,1,60,0,67
191,81,1716.0,3010.0,5.0,7.0,1,60,0,61
191,85,1769.0,3009.0,5.0,8.0,1,51,0,56
191,90,1811.0,3013.0,5.0,8.0,1,44,0,49
191,105,1707.0,3016.0,5.0,7.0,1,19,0,22
192,2,1620.0,3277.0,23.0,7.0,1,179,0,190
192,41,1389.0,3005.0,10.0,7.0,1,107,0,117
192,44,1436.0,3001.0,7.0,7.0,1,106,0,113
192,45,1630.0,3015.0,7.0,4.0,1,107,0,109
192,46,1570.0,3015.0,8.0,9.0,0,101,1,109
192,47,1783.0,3007.0,8.0,6.0,1,94,0,108
192,53,1586.0,3010.0,8.0,6.0,1,98,0,102
192,54,1611.0,3011.0,6.0,6.0,0,92,1,99
192,56,1649.0,3015.0,6.0,6.0,1,95,0,98
192,58,1673.0,3012.0,8.0,7.0,1,92,0,96
192,59,1451.0,3007.0,8.0,7.0,1,84,0,93
192,60,1466.0,3012.0,9.0,8.0,1,90,0,93
192,61,1511.0,3014.0,7.0,7.0,1,90,0,92
192,64,1663.0,3009.0,9.0,8.0,0,80,1,86
192,66,1726.0,3011.0,8.0,6.0,1,79,0,85
192,69,1537.0,3012.0,11.0,6.0,1,78,0,82
192,71,1822.0,3311.0,20.0,9.0,0,57,15,78
192,72,1410.0,3008.0,8.0,7.0,1,65,0,75
192,73,1666.0,3008.0,7.0,8.0,1,70,0,75
192,77,1750.0,3015.0,7.0,7.0,1,61,0,68
192,78,1499.0,3009.0,5.0,6.0,0,60,1,68
192,81,1716.0,3010.0,5.0,7.0,0,60,1,62
192,85,1765.0,3008.0,6.0,7.0,1,52,0,57
192,90,1807.0,3010.0,6.0,8.0,1,45,0,50
192,105,1693.0,3016.0,6.0,7.0,1,20,0,23
193,2,1622.0,3274.0,16.0,12.0,1,180,0,191
193,41,1384.0,3004.0,10.0,7.0,1,108,0,118
193,44,1433.0,3006.0,8.0,7.0,1,107,0,114
193,45,1600.0,3016.0,7.0,6.0,1,108,0,110
193,46,1548.0,3016.0,11.0,8.0,1,102,0,110
193,47,1783.0,3007.0,8.0,6.0,0,94,1,109
193,53,1568.0,3016.0,5.0,8.0,1,99,0,103
193,54,1578.0,3010.0,9.0,6.0,1,93,0,100
193,56,1629.0,3015.0,9.0,6.0,1,96,0,99
193,58,1670.0,3011.0,9.0,6.0,1,93,0,97
193,59,1443.0,3010.0,8.0,6.0,1,85,0,94
193,60,1460.0,3006.0,9.0,7.0,1,91,0,94
193,61,1502.0,3010.0,9.0,7.0,1,91,0,93
193,64,1654.0,3017.0,6.0,5.0,1,81,0,87
193,66,1696.0,3012.0,6.0,7.0,1,80,0,86
193,69,1532.0,3015.0,9.0,6.0,1,79,0,83
193,71,1822.0,3311.0,20.0,9.0,0,57,16,79
193,72,1402.0,3003.0,9.0,7.0,1,66,0,76
193,73,1645.0,3010.0,5.0,6.0,1,71,0,76
193,77,1723.0,3012.0,8.0,6.0,1,62,0,69
193,78,1479.0,3018.0,9.0,5.0,1,61,0,69
193,81,1693.0,3009.0,5.0,8.0,1,61,0,63
193,85,1745.0,3017.0,6.0,7.0,1,53,0,58
193,90,1796.0,3015.0,7.0,6.0,1,46,0,51
193,105,1660.0,3012.0,7.0,7.0,1,21,0,24
194,2,1621.0,3274.0,14.0,6.0,1,181,0,192
194,41,1382.0,3005.0,9.0,7.0,1,109,0,119
194,44,1421.0,3007.0,7.0,5.0,1,108,0,115
194,45,1597.0,3009.0,6.0,6.0,1,109,0,111
194,46,1549.0,3014.0,9.0,6.0,1,103,0,111
194,47,1783.0,3007.0,8.0,6.0,0,94,2,110
194,53,1554.0,3011.0,8.0,6.0,1,100,0,104
194,54,1564.0,3007.0,8.0,9.0,1,94,0,101
194,56,1619.0,3015.0,8.0,6.0,1,97,0,100
194,58,1670.0,3011.0,9.0,6.0,0,93,1,98
194,59,1437.0,3002.0,7.0,7.0,1,86,0,95
194,60,1453.0,3007.0,10.0,7.0,1,92,0,95
194,61,1498.0,3008.0,10.0,7.0,1,92,0,94
194,64,1651.0,3014.0,9.0,8.0,1,82,0,88
194,66,1696.0,3012.0,6.0,7.0,0,80,1,87
194,69,1523.0,3005.0,9.0,6.0,1,80,0,84
194,71,1822.0,3311.0,20.0,9.0,0,57,17,80
194,72,1398.0,3006.0,11.0,7.0,1,67,0,77
194,73,1643.0,3009.0,5.0,5.0,1,72,0,77
194,77,1713.0,3018.0,8.0,7.0,1,63,0,70
194,78,1475.0,3012.0,6.0,5.0,1,62,0,70
194,81,1690.0,3008.0,7.0,8.0,1,62,0,64
194,85,1737.0,3007.0,9.0,8.0,1,54,0,59
194,90,1795.0,3016.0,6.0,8.0,1,47,0,52
194,105,1661.0,3014.0,8.0,6.0,1,22,0,25
195,2,1621.0,3274.0,14.0,6.0,0,181,1,193
195,41,1374.0,3001.0,8.0,7.0,1,110,0,120
195,44,1416.0,3008.0,5.0,5.0,1,109,0,116
195,45,1584.0,3016.0,7.0,6.0,1,110,0,112
195,46,1549.0,3014.0,9.0,6.0,0,103,1,112
195,47,1758.0,3007.0,7.0,5.0,1,95,0,111
195,53,1558.0,3014.0,7.0,5.0,1,101,0,105
195,54,1565.0,3014.0,8.0,6.0,1,95,0,102
195,56,1614.0,3007.0,9.0,6.0,1,98,0,101
195,58,1670.0,3011.0,9.0,6.0,0,93,2,99
195,59,1431.0,3007.0,7.0,6.0,1,87,0,96
195,60,1446.0,3012.0,12.0,9.0,1,93,0,96
195,61,1490.0,3009.0,7.0,10.0,1,93,0,95
195,64,1639.0,3012.0,8.0,8.0,1,83,0,89
195,66,1681.0,3016.0,7.0,7.0,1,81,0,88
195,69,1517.0,3010.0,10.0,8.0,1,81,0,85
195,71,1822.0,3311.0,20.0,9.0,0,57,18,81
195,72,1398.0,3006.0,11.0,7.0,0,67,1,78
195,73,1631.0,3013.0,7.0,7.0,1,73,0,78
195,77,1708.0,3008.0,3.0,8.0,1,64,0,71
195,78,1464.0,3011.0,8.0,7.0,1,63,0,71
195,81,1677.0,3019.0,4.0,6.0,1,63,0,65
195,85,1729.0,3016.0,6.0,9.0,1,55,0,60
195,90,1790.0,3017.0,6.0,5.0,1,48,0,53
195,105,1651.0,3009.0,7.0,6.0,1,23,0,26
196,2,1623.0,3284.0,23.0,7.0,1,182,0,194
196,41,1368.0,3000.0,10.0,7.0,1,111,0,121
196,44,1418.0,3013.0,5.0,5.0,1,110,0,117
196,45,1576.0,3006.0,6.0,6.0,1,111,0,113
196,46,1533.0,3014.0,12.0,7.0,1,104,0,113
196,47,1755.0,3009.0,6.0,5.0,1,96,0,112
196,53,1547.0,3013.0,7.0,4.0,1,102,0,106
196,54,1555.0,3005.0,7.0,8.0,1,96,0,103
196,56,1610.0,3018.0,7.0,6.0,1,99,0,102
196,58,1655.0,3009.0,8.0,9.0,1,94,0,100
196,59,1423.0,3009.0,8.0,7.0,1,88,0,97
196,60,1442.0,3010.0,11.0,7.0,1,94,0,97
196,61,1489.0,3007.0,7.0,7.0,1,94,0,96
196,64,1631.0,3015.0,8.0,8.0,1,84,0,90
196,66,1673.0,3013.0,5.0,5.0,1,82,0,89
196,69,1511.0,3007.0,7.0,6.0,1,82,0,86
196,71,1822.0,3311.0,20.0,9.0,0,57,19,82
196,72,1381.0,2998.0,13.0,8.0,1,68,0,79
196,73,1625.0,3011.0,6.0,7.0,1,74,0,79
196,77,1703.0,3010.0,6.0,9.0,1,65,0,72
196,78,1461.0,3014.0,6.0,6.0,1,64,0,72
196,81,1677.0,3012.0,5.0,6.0,1,64,0,66
196,85,1722.0,3017.0,6.0,6.0,1,56,0,61
196,90,1781.0,3014.0,7.0,7.0,1,49,0,54
196,105,1642.0,3015.0,6.0,5.0,1,24,0,27
197,2,1623.0,3284.0,23.0,7.0,0,182,1,195
197,41,1359.0,2994.0,9.0,8.0,1,112,0,122
197,44,1418.0,3013.0,5.0,5.0,0,110,1,118
197,45,1604.0,3009.0,8.0,5.0,1,112,0,114
197,46,1530.0,3012.0,10.0,9.0,1,105,0,114
197,47,1753.0,3000.0,7.0,5.0,1,97,0,113
197,53,1535.0,3018.0,7.0,5.0,1,103,0,107
197,54,1555.0,3008.0,9.0,7.0,1,97,0,104
197,56,1625.0,3007.0,7.0,6.0,1,100,0,103
197,58,1651.0,3009.0,8.0,6.0,1,95,0,101
197,59,1421.0,3006.0,7.0,5.0,1,89,0,98
197,60,1434.0,3005.0,10.0,7.0,1,95,0,98
197,61,1473.0,3004.0,8.0,10.0,1,95,0,97
197,64,1665.0,3009.0,4.0,7.0,1,85,0,91
197,66,1672.0,3012.0,6.0,7.0,1,83,0,90
197,69,1513.0,3005.0,7.0,7.0,1,83,0,87
197,71,1822.0,3311.0,20.0,9.0,0,57,20,83
197,72,1374.0,3002.0,10.0,6.0,1,69,0,80
197,73,1626.0,3008.0,7.0,7.0,1,75,0,80
197,77,1724.0,3003.0,5.0,7.0,1,66,0,73
197,78,1450.0,3010.0,10.0,8.0,1,65,0,73
197,81,1697.0,3011.0,7.0,7.0,1,65,0,67
197,85,1720.0,3011.0,8.0,10.0,1,57,0,62
197,90,1774.0,3014.0,6.0,6.0,1,50,0,55
197,105,1637.0,3011.0,6.0,6.0,1,25,0,28
198,2,1628.0,3274.0,15.0,6.0,1,183,0,196
198,41,1353.0,3000.0,8.0,8.0,1,113,0,123
198,44,1401.0,3012.0,5.0,5.0,1,111,0,119
198,45,1594.0,3004.0,7.0,7.0,1,113,0,115
198,46,1530.0,3012.0,7.0,6.0,1,106,0,115
198,47,1747.0,3005.0,7.0,6.0,1,98,0,114
198,53,1542.0,3007.0,9.0,7.0,1,104,0,108
198,54,1564.0,3007.0,5.0,5.0,1,98,0,105
198,56,1611.0,3005.0,7.0,7.0,1,101,0,104
198,58,1638.0,3015.0,9.0,7.0,1,96,0,102
198,59,1421.0,3006.0,7.0,5.0,0,89,1,99
198,60,1428.0,3001.0,10.0,8.0,1,96,0,99
198,61,1493.0,3008.0,8.0,8.0,1,96,0,98
198,64,1655.0,3014.0,4.0,4.0,1,86,0,92
198,66,1660.0,3008.0,6.0,8.0,1,84,0,91
198,69,1521.0,3015.0,9.0,6.0,1,84,0,88
198,71,1822.0,3311.0,20.0,9.0,0,57,21,84
198,72,1370.0,2997.0,9.0,8.0,1,70,0,81
198,73,1621.0,3008.0,6.0,8.0,1,76,0,81
198,77,1710.0,3007.0,5.0,8.0,1,67,0,74
198,78,1448.0,3006.0,8.0,6.0,1,66,0,74
198,81,1692.0,3013.0,7.0,8.0,1,66,0,68
198,85,1723.0,3007.0,5.0,8.0,1,58,0,63
198,90,1764.0,3008.0,7.0,7.0,1,51,0,56
198,105,1633.0,3012.0,7.0,7.0,1,26,0,29
199,2,1632.0,3269.0,16.0,10.0,1,184,0,197
199,41,1347.0,3000.0,8.0,10.0,1,114,0,124
199,44,1401.0,3012.0,5.0,5.0,0,111,1,120
199,45,1592.0,3014.0,8.0,7.0,1,114,0,116
199,46,1517.0,3014.0,9.0,8.0,1,107,0,116
199,47,1736.0,3006.0,7.0,9.0,1,99,0,115
199,53,1539.0,3012.0,8.0,5.0,1,105,0,109
199,54,1564.0,3007.0,5.0,5.0,0,98,1,106
199,56,1604.0,3010.0,7.0,7.0,1,102,0,105
199,58,1635.0,3013.0,8.0,6.0,1,97,0,103
199,59,1405.0,3003.0,8.0,8.0,1,90,0,100
199,60,1426.0,3005.0,11.0,6.0,1,97,0,100
199,61,1458.0,3007.0,10.0,10.0,1,97,0,99
199,64,1651.0,3013.0,5.0,6.0,1,87,0,93
199,66,1658.0,3006.0,6.0,7.0,1,85,0,92
199,69,1495.0,3007.0,7.0,8.0,1,85,0,89
199,71,1822.0,3311.0,20.0,9.0,0,57,22,85
199,72,1370.0,2997.0,9.0,8.0,0,70,1,82
199,73,1619.0,3004.0,8.0,9.0,1,77,0,82
199,77,1710.0,3007.0,5.0,8.0,0,67,1,75
199,78,1440.0,3005.0,7.0,8.0,1,67,0,75
199,81,1687.0,3014.0,6.0,6.0,1,67,0,69
199,85,1715.0,3002.0,6.0,9.0,1,59,0,64
199,90,1764.0,3008.0,7.0,7.0,0,51,1,57
199,105,1631.0,3014.0,6.0,7.0,1,27,0,30
200,2,1626.0,3276.0,23.0,9.0,1,185,0,198
200,41,1336.0,3002.0,6.0,5.0,1,115,0,125
200,44,1386.0,3010.0,8.0,6.0,1,112,0,121
200,45,1575.0,3008.0,10.0,7.0,1,115,0,117
200,46,1509.0,3013.0,10.0,8.0,1,108,0,117
200,47,1729.0,3003.0,8.0,8.0,1,100,0,116
200,53,1539.0,3012.0,8.0,5.0,0,105,1,110
200,54,1556.0,3004.0,8.0,7.0,1,99,0,107
200,56,1604.0,3006.0,6.0,6.0,1,103,0,106
200,58,1630.0,3008.0,8.0,6.0,1,98,0,104
200,59,1399.0,3001.0,9.0,7.0,1,91,0,101
200,60,1415.0,3006.0,11.0,5.0,1,98,0,101
200,61,1458.0,3007.0,10.0,10.0,0,97,1,100
200,64,1644.0,3014.0,4.0,8.0,1,88,0,94
200,66,1651.0,3007.0,6.0,7.0,1,86,0,93
200,69,1487.0,3011.0,6.0,6.0,1,86,0,90
200,71,1822.0,3311.0,20.0,9.0,0,57,23,86
200,72,1358.0,2997.0,8.0,9.0,1,71,0,83
200,73,1607.0,3006.0,9.0,7.0,1,78,0,83
200,77,1699.0,3013.0,8.0,7.0,1,68,0,76
200,78,1433.0,3008.0,6.0,6.0,1,68,0,76
200,81,1669.0,3008.0,8.0,7.0,1,68,0,70
200,85,1717.0,3005.0,6.0,8.0,1,60,0,65
200,90,1753.0,3012.0,8.0,7.0,1,52,0,58
200,105,1626.0,3013.0,6.0,6.0,1,28,0,31
201,2,1631.0,3279.0,18.0,13.0,1,186,0,199
201,41,1331.0,2998.0,8.0,8.0,1,116,0,126
201,44,1384.0,3002.0,7.0,5.0,1,113,0,122
201,45,1578.0,3007.0,8.0,6.0,1,116,0,118
201,46,1514.0,3013.0,7.0,7.0,1,109,0,118
201,47,1729.0,3003.0,8.0,8.0,0,100,1,117
201,53,1527.0,3002.0,8.0,7.0,1,106,0,111
201,54,1548.0,3004.0,6.0,7.0,1,100,0,108
201,56,1595.0,3009.0,8.0,8.0,1,104,0,107
201,58,1619.0,3010.0,8.0,7.0,1,99,0,105
201,59,1410.0,3006.0,11.0,6.0,1,92,0,102
201,60,1452.0,3004.0,11.0,13.0,1,99,0,102
201,61,1483.0,3005.0,6.0,9.0,1,98,0,101
201,64,1644.0,3014.0,5.0,8.0,1,89,0,95
201,66,1641.0,3010.0,4.0,8.0,1,87,0,94
201,69,1501.0,3012.0,11.0,8.0,1,87,0,91
201,71,1822.0,3311.0,20.0,9.0,0,57,24,87
201,72,1351.0,2999.0,10.0,8.0,1,72,0,84
201,73,1598.0,3004.0,8.0,8.0,1,79,0,84
201,77,1693.0,3009.0,7.0,7.0,1,69,0,77
201,78,1426.0,3007.0,8.0,6.0,1,69,0,77
201,81,1672.0,3012.0,6.0,6.0,1,69,0,71
201,85,1717.0,3005.0,6.0,8.0,0,60,1,66
201,90,1747.0,3011.0,6.0,7.0,1,53,0,59
201,105,1611.0,3010.0,7.0,5.0,1,29,0,32
202,2,1631.0,3279.0,18.0,13.0,0,186,1,200
202,41,1324.0,2996.0,7.0,6.0,1,117,0,127
202,44,1368.0,3001.0,7.0,7.0,1,114,0,123
202,45,1571.0,3004.0,8.0,9.0,1,117,0,119
202,46,1511.0,3004.0,7.0,6.0,1,110,0,119
202,47,1717.0,3008.0,9.0,7.0,1,101,0,118
202,53,1521.0,3011.0,6.0,5.0,1,107,0,112
202,54,1548.0,3004.0,6.0,7.0,0,100,1,109
202,56,1597.0,3007.0,7.0,7.0,1,105,0,108
202,58,1610.0,3010.0,6.0,7.0,1,100,0,106
202,59,1385.0,3002.0,9.0,7.0,1,93,0,103
202,60,1442.0,3007.0,11.0,9.0,1,100,0,103
202,61,1478.0,3011.0,8.0,8.0,1,99,0,102
202,64,1644.0,3014.0,5.0,8.0,0,89,1,96
202,66,1637.0,3008.0,6.0,7.0,1,88,0,95
202,69,1492.0,3007.0,12.0,8.0,1,88,0,92
202,71,1822.0,3311.0,20.0,9.0,0,57,25,88
202,72,1344.0,2998.0,7.0,7.0,1,73,0,85
202,73,1592.0,3003.0,7.0,10.0,1,80,0,85
202,77,1688.0,3015.0,8.0,6.0,1,70,0,78
202,78,1400.0,3005.0,10.0,7.0,1,70,0,78
202,81,1666.0,3011.0,6.0,6.0,1,70,0,72
202,85,1698.0,3005.0,6.0,5.0,1,61,0,67
202,90,1740.0,3013.0,7.0,8.0,1,54,0,60
202,105,1607.0,3007.0,7.0,7.0,1,30,0,33
203,2,1631.0,3279.0,18.0,13.0,0,186,2,201
203,41,1322.0,2996.0,9.0,9.0,1,118,0,128
203,44,1368.0,3004.0,5.0,6.0,1,115,0,124
203,45,1568.0,3008.0,7.0,6.0,1,118,0,120
203,46,1502.0,3010.0,7.0,8.0,1,111,0,120
203,47,1709.0,3007.0,9.0,5.0,1,102,0,119
203,53,1512.0,3009.0,7.0,6.0,1,108,0,113
203,54,1535.0,3010.0,7.0,6.0,1,101,0,110
203,56,1592.0,3008.0,8.0,8.0,1,106,0,109
203,58,1610.0,2999.0,7.0,7.0,1,101,0,107
203,59,1380.0,3003.0,9.0,7.0,1,94,0,104
203,60,1412.0,3000.0,9.0,10.0,1,101,0,104
203,61,1474.0,3000.0,7.0,9.0,1,100,0,103
203,64,1644.0,3014.0,5.0,8.0,0,89,2,97
203,66,1629.0,3008.0,7.0,6.0,1,89,0,96
203,69,1486.0,3004.0,11.0,7.0,1,89,0,93
203,71,1822.0,3311.0,20.0,9.0,0,57,26,89
203,72,1335.0,2989.0,7.0,7.0,1,74,0,86
203,73,1583.0,3011.0,7.0,7.0,1,81,0,86
203,77,1675.0,3012.0,8.0,5.0,1,71,0,79
203,78,1396.0,2999.0,9.0,9.0,1,71,0,79
203,81,1650.0,3009.0,7.0,6.0,1,71,0,73
203,85,1683.0,3000.0,8.0,9.0,1,62,0,68
203,90,1734.0,3014.0,6.0,6.0,1,55,0,61
203,105,1598.0,3006.0,7.0,7.0,1,31,0,34
204,2,1626.0,3264.0,19.0,14.0,1,187,0,202
204,41,1306.0,2999.0,12.0,8.0,1,119,0,129
204,44,1353.0,2997.0,7.0,7.0,1,116,0,125
204,45,1558.0,3008.0,8.0,6.0,1,119,0,121
204,46,1497.0,3013.0,7.0,5.0,1,112,0,121
204,47,1706.0,3003.0,8.0,8.0,1,103,0,120
204,53,1509.0,3010.0,8.0,5.0,1,109,0,114
204,54,1534.0,3000.0,7.0,9.0,1,102,0,111
204,56,1584.0,3008.0,8.0,7.0,1,107,0,110
204,58,1604.0,3002.0,7.0,8.0,1,102,0,108
204,59,1371.0,2997.0,9.0,8.0,1,95,0,105
204,60,1430.0,3001.0,10.0,7.0,1,102,0,105
204,61,1458.0,3005.0,6.0,6.0,1,101,0,104
204,64,1617.0,3012.0,8.0,5.0,1,90,0,98
204,66,1623.0,3001.0,5.0,8.0,1,90,0,97
204,69,1484.0,3011.0,9.0,8.0,1,90,0,94
204,71,1822.0,3311.0,20.0,9.0,0,57,27,90
204,72,1333.0,2996.0,10.0,8.0,1,75,0,87
204,73,1581.0,3008.0,7.0,8.0,1,82,0,87
204,77,1670.0,3010.0,9.0,8.0,1,72,0,80
204,78,1413.0,2999.0,7.0,7.0,1,72,0,80
204,81,1645.0,3007.0,6.0,7.0,1,72,0,74
204,85,1676.0,3001.0,8.0,6.0,1,63,0,69
204,90,1725.0,3008.0,8.0,8.0,1,56,0,62
204,105,1596.0,3004.0,7.0,6.0,1,32,0,35
205,2,1636.0,3271.0,19.0,8.0,1,188,0,203
205,41,1303.0,2992.0,7.0,10.0,1,120,0,130
205,44,1353.0,3004.0,8.0,8.0,1,117,0,126
205,45,1502.0,3007.0,7.0,6.0,1,120,0,122
205,46,1474.0,3004.0,10.0,7.0,1,113,0,122
205,47,1699.0,3003.0,8.0,10.0,1,104,0,121
205,53,1494.0,3007.0,7.0,6.0,1,110,0,115
205,54,1518.0,3004.0,7.0,6.0,1,103,0,112
205,56,1575.0,3009.0,6.0,7.0,1,108,0,111
205,58,1593.0,3006.0,7.0,6.0,1,103,0,109
205,59,1371.0,3002.0,7.0,6.0,1,96,0,106
205,60,1389.0,2993.0,9.0,8.0,1,103,0,106
205,61,1431.0,3003.0,10.0,6.0,1,102,0,105
205,64,1610.0,3017.0,7.0,5.0,1,91,0,99
205,66,1597.0,3008.0,8.0,6.0,1,91,0,98
205,69,1459.0,3010.0,9.0,8.0,1,91,0,95
205,71,1822.0,3311.0,20.0,9.0,0,57,28,91
205,72,1322.0,2999.0,7.0,7.0,1,76,0,88
205,73,1553.0,3006.0,8.0,6.0,1,83,0,88
205,77,1666.0,3012.0,5.0,7.0,1,73,0,81
205,78,1396.0,2998.0,9.0,8.0,1,73,0,81
205,81,1645.0,3008.0,7.0,7.0,1,73,0,75
205,85,1676.0,3001.0,8.0,6.0,0,63,1,70
205,90,1715.0,3013.0,7.0,6.0,1,57,0,63
205,105,1579.0,3012.0,6.0,8.0,1,33,0,36
206,2,1635.0,3269.0,13.0,9.0,1,189,0,204
206,41,1299.0,2999.0,6.0,5.0,1,121,0,131
206,44,1345.0,2997.0,7.0,8.0,1,118,0,127
206,45,1502.0,3007.0,7.0,6.0,0,120,1,123
206,46,1474.0,3006.0,9.0,7.0,1,114,0,123
206,47,1691.0,3002.0,9.0,7.0,1,105,0,122
206,53,1494.0,3008.0,9.0,5.0,1,111,0,116
206,54,1515.0,3007.0,8.0,6.0,1,104,0,113
206,56,1566.0,3009.0,6.0,7.0,1,109,0,112
206,58,1580.0,3006.0,7.0,6.0,1,104,0,110
206,59,1361.0,2999.0,7.0,7.0,1,97,0,107
206,60,1397.0,3003.0,7.0,7.0,1,104,0,107
206,61,1431.0,2999.0,8.0,8.0,1,103,0,106
206,64,1604.0,3004.0,5.0,6.0,1,92,0,100
206,66,1584.0,2997.0,10.0,8.0,1,92,0,99
206,69,1459.0,3010.0,9.0,8.0,0,91,1,96
206,71,1822.0,3311.0,20.0,9.0,0,57,29,92
206,72,1320.0,2992.0,9.0,8.0,1,77,0,89
206,73,1548.0,3004.0,8.0,9.0,1,84,0,89
206,77,1657.0,3006.0,9.0,9.0,1,74,0,82
206,78,1377.0,3000.0,9.0,9.0,1,74,0,82
206,81,1631.0,3010.0,10.0,8.0,1,74,0,76
206,85,1668.0,3008.0,8.0,6.0,1,64,0,71
206,90,1716.0,3009.0,7.0,10.0,1,58,0,64
206,105,1572.0,3002.0,6.0,7.0,1,34,0,37
207,2,1629.0,3270.0,15.0,8.0,1,190,0,205
207,41,1296.0,3000.0,6.0,5.0,1,122,0,132
207,44,1333.0,2998.0,8.0,6.0,1,119,0,128
207,45,1489.0,3001.0,8.0,7.0,1,121,0,124
207,46,1465.0,3008.0,9.0,6.0,1,115,0,124
207,47,1685.0,3008.0,10.0,8.0,1,106,0,123
207,53,1474.0,3006.0,7.0,5.0,1,112,0,117
207,54,1511.0,3006.0,7.0,5.0,1,105,0,114
207,56,1561.0,3006.0,5.0,8.0,1,110,0,113
207,58,1576.0,3001.0,6.0,6.0,1,105,0,111
207,59,1357.0,2994.0,7.0,9.0,1,98,0,108
207,60,1392.0,2997.0,7.0,9.0,1,105,0,108
207,61,1405.0,3005.0,10.0,10.0,1,104,0,107
207,64,1609.0,3002.0,7.0,7.0,1,93,0,101
207,66,1595.0,3008.0,6.0,7.0,1,93,0,100
207,69,1444.0,2997.0,8.0,7.0,1,92,0,97
207,72,1311.0,2991.0,8.0,7.0,1,78,0,90
207,73,1543.0,3009.0,8.0,6.0,1,85,0,90
207,77,1657.0,3006.0,9.0,9.0,0,74,1,83
207,78,1377.0,3000.0,9.0,9.0,0,74,1,83
207,81,1635.0,3006.0,6.0,7.0,1,75,0,77
207,85,1667.0,2999.0,8.0,11.0,1,65,0,72
207,90,1716.0,3009.0,7.0,10.0,0,58,1,65
207,105,1571.0,3003.0,6.0,6.0,1,35,0,38
208,2,1629.0,3270.0,15.0,8.0,0,190,1,206
208,41,1289.0,2995.0,7.0,8.0,1,123,0,133
208,44,1331.0,2996.0,7.0,6.0,1,120,0,129
208,45,1501.0,3000.0,8.0,7.0,1,122,0,125
208,46,1487.0,3005.0,7.0,7.0,1,116,0,125
208,47,1674.0,2997.0,10.0,8.0,1,107,0,124
208,53,1473.0,3006.0,6.0,5.0,1,113,0,118
208,54,1536.0,3004.0,6.0,8.0,1,106,0,115
208,56,1566.0,3003.0,7.0,9.0,1,111,0,114
208,58,1577.0,3008.0,8.0,8.0,1,106,0,112
208,59,1345.0,2996.0,8.0,7.0,1,99,0,109
208,60,1405.0,2995.0,13.0,9.0,1,106,0,109
208,61,1434.0,3004.0,8.0,7.0,1,105,0,108
208,64,1596.0,3002.0,10.0,7.0,1,94,0,102
208,66,1592.0,3013.0,8.0,5.0,1,94,0,101
208,69,1461.0,3003.0,8.0,8.0,1,93,0,98
208,72,1307.0,2994.0,8.0,8.0,1,79,0,91
208,73,1550.0,3006.0,6.0,9.0,1,86,0,91
208,77,1646.0,3007.0,10.0,7.0,1,75,0,84
208,78,1377.0,3000.0,9.0,9.0,0,74,2,84
208,81,1622.0,3010.0,7.0,4.0,1,76,0,78
208,85,1654.0,3002.0,9.0,6.0,1,66,0,73
208,90,1699.0,3006.0,6.0,6.0,1,59,0,66
208,105,1562.0,3003.0,6.0,8.0,1,36,0,39
209,2,1628.0,3264.0,20.0,9.0,1,191,0,207
209,41,1280.0,2995.0,6.0,8.0,1,124,0,134
209,44,1325.0,2995.0,5.0,6.0,1,121,0,130
209,45,1497.0,3006.0,9.0,5.0,1,123,0,126
209,46,1483.0,2995.0,6.0,8.0,1,117,0,126
209,47,1674.0,2997.0,10.0,8.0,0,107,1,125
209,53,1468.0,3004.0,5.0,6.0,1,114,0,119
209,54,1532.0,3009.0,7.0,5.0,1,107,0,116
209,56,1561.0,3001.0,7.0,6.0,1,112,0,115
209,58,1572.0,3006.0,9.0,7.0,1,107,0,113
209,59,1341.0,2996.0,8.0,8.0,1,100,0,110
209,60,1375.0,2998.0,9.0,9.0,1,107,0,110
209,61,1400.0,2993.0,12.0,8.0,1,106,0,109
209,64,1594.0,3008.0,5.0,6.0,1,95,0,103
209,66,1592.0,3013.0,8.0,5.0,0,94,1,102
209,69,1454.0,3007.0,8.0,6.0,1,94,0,99
209,72,1294.0,2991.0,10.0,8.0,1,80,0,92
209,73,1544.0,3007.0,6.0,7.0,1,87,0,92
209,77,1641.0,3011.0,8.0,6.0,1,76,0,85
209,78,1362.0,2992.0,10.0,9.0,1,75,0,85
209,81,1617.0,3009.0,7.0,8.0,1,77,0,79
209,85,1646.0,3004.0,10.0,6.0,1,67,0,74
209,90,1695.0,3016.0,7.0,5.0,1,60,0,67
209,105,1554.0,3006.0,7.0,8.0,1,37,0,40
210,2,1632.0,3265.0,15.0,14.0,1,192,0,208
210,41,1276.0,2991.0,6.0,7.0,1,125,0,135
210,44,1325.0,2995.0,5.0,6.0,0,121,1,131
210,45,1487.0,3002.0,8.0,6.0,1,124,0,127
210,46,1472.0,3000.0,9.0,7.0,1,118,0,127
210,47,1663.0,3002.0,9.0,7.0,1,108,0,126
210,53,1463.0,3006.0,6.0,4.0,1,115,0,120
210,54,1521.0,3002.0,8.0,8.0,1,108,0,117
210,56,1549.0,3007.0,6.0,6.0,1,113,0,116
210,58,1556.0,3008.0,7.0,5.0,1,108,0,114
210,59,1339.0,2993.0,8.0,8.0,1,101,0,111
210,60,1381.0,3000.0,8.0,8.0,1,108,0,111
210,61,1400.0,2993.0,12.0,8.0,0,106,1,110
210,64,1594.0,3008.0,5.0,6.0,0,95,1,104
210,66,1572.0,3004.0,9.0,8.0,1,95,0,103
210,69,1452.0,3007.0,12.0,7.0,1,95,0,100
210,72,1294.0,2991.0,10.0,8.0,0,80,1,93
210,73,1544.0,3007.0,6.0,7.0,0,87,1,93
210,77,1632.0,3008.0,7.0,7.0,1,77,0,86
210,78,1362.0,2992.0,10.0,9.0,0,75,1,86
210,81,1612.0,3006.0,6.0,6.0,1,78,0,80
210,85,1647.0,3006.0,7.0,6.0,1,68,0,75
210,90,1695.0,3016.0,7.0,5.0,0,60,1,68
210,105,1547.0,3001.0,6.0,7.0,1,38,0,41
211,2,1639.0,3259.0,12.0,11.0,1,193,0,209
211,41,1272.0,2989.0,7.0,8.0,1,126,0,136
211,44,1315.0,2995.0,9.0,7.0,1,122,0,132
211,45,1487.0,3001.0,7.0,6.0,1,125,0,128
211,46,1465.0,2999.0,7.0,6.0,1,119,0,128
211,47,1654.0,3005.0,11.0,7.0,1,109,0,127
211,53,1455.0,3004.0,5.0,6.0,1,116,0,121
211,54,1517.0,3003.0,9.0,6.0,1,109,0,118
211,56,1555.0,3009.0,7.0,6.0,1,114,0,117
211,58,1572.0,3017.0,7.0,6.0,1,109,0,115
211,59,1333.0,2999.0,9.0,8.0,1,102,0,112
211,60,1364.0,2999.0,5.0,9.0,1,109,0,112
211,61,1390.0,2998.0,9.0,9.0,1,107,0,111
211,64,1573.0,3004.0,8.0,7.0,1,96,0,105
211,66,1563.0,3005.0,8.0,9.0,1,96,0,104
211,69,1422.0,3000.0,7.0,6.0,1,96,0,101
211,72,1292.0,2996.0,8.0,7.0,1,81,0,94
211,73,1540.0,3007.0,4.0,5.0,1,88,0,94
211,77,1617.0,3008.0,8.0,6.0,1,78,0,87
211,78,1351.0,3003.0,9.0,9.0,1,76,0,87
211,81,1601.0,3005.0,6.0,8.0,1,79,0,81
211,85,1638.0,3002.0,8.0,10.0,1,69,0,76
211,90,1681.0,3006.0,8.0,5.0,1,61,0,69
211,105,1542.0,3005.0,6.0,6.0,1,39,0,42
212,2,1639.0,3253.0,12.0,10.0,1,194,0,210
212,41,1264.0,2993.0,7.0,6.0,1,127,0,137
212,44,1310.0,2995.0,10.0,8.0,1,123,0,133
212,45,1450.0,3007.0,7.0,3.0,1,126,0,129
212,46,1460.0,3001.0,8.0,7.0,1,120,0,129
212,47,1654.0,3005.0,11.0,7.0,0,109,1,128
212,53,1437.0,3005.0,12.0,10.0,1,117,0,122
212,54,1510.0,3002.0,8.0,8.0,1,110,0,119
212,56,1537.0,3006.0,7.0,8.0,1,115,0,118
212,58,1555.0,3011.0,5.0,7.0,1,110,0,116
212,59,1320.0,2989.0,9.0,8.0,1,103,0,113
212,60,1359.0,2996.0,8.0,9.0,1,110,0,113
212,61,1385.0,2995.0,9.0,8.0,1,108,0,112
212,64,1570.0,3007.0,7.0,8.0,1,97,0,106
212,66,1544.0,3003.0,7.0,8.0,1,97,0,105
212,69,1411.0,2995.0,7.0,7.0,1,97,0,102
212,72,1282.0,2996.0,7.0,6.0,1,82,0,95
212,73,1476.0,3004.0,5.0,7.0,1,89,0,95
212,77,1596.0,3009.0,9.0,6.0,1,79,0,88
212,78,1336.0,2997.0,8.0,7.0,1,77,0,88
212,81,1570.0,3009.0,7.0,6.0,1,80,0,82
212,85,1631.0,2993.0,8.0,8.0,1,70,0,77
212,90,1678.0,3012.0,6.0,6.0,1,62,0,70
212,105,1529.0,3001.0,8.0,11.0,1,40,0,43
213,2,1633.0,3256.0,18.0,11.0,1,195,0,211
213,41,1264.0,2993.0,7.0,6.0,0,127,1,138
213,44,1297.0,2994.0,12.0,8.0,1,124,0,134
213,45,1440.0,3001.0,8.0,6.0,1,127,0,130
213,46,1457.0,2997.0,6.0,6.0,1,121,0,130
213,47,1611.0,3011.0,8.0,6.0,1,110,0,129
213,53,1432.0,2998.0,10.0,8.0,1,118,0,123
213,54,1504.0,3005.0,9.0,6.0,1,111,0,120
213,56,1537.0,3006.0,7.0,6.0,1,116,0,119
213,58,1553.0,3001.0,8.0,9.0,1,111,0,117
213,59,1314.0,2997.0,8.0,8.0,1,104,0,114
213,60,1345.0,2995.0,9.0,8.0,1,111,0,114
213,61,1375.0,2998.0,8.0,10.0,1,109,0,113
213,64,1563.0,2999.0,6.0,8.0,1,98,0,107
213,66,1529.0,2995.0,8.0,10.0,1,98,0,106
213,69,1410.0,3000.0,6.0,9.0,1,98,0,103
213,72,1275.0,2993.0,9.0,7.0,1,83,0,96
213,73,1474.0,2999.0,6.0,8.0,1,90,0,96
213,77,1592.0,3010.0,5.0,8.0,1,80,0,89
213,78,1337.0,2993.0,8.0,7.0,1,78,0,89
213,81,1562.0,3010.0,4.0,6.0,1,81,0,83
213,85,1620.0,3001.0,8.0,9.0,1,71,0,78
213,90,1668.0,3008.0,8.0,9.0,1,63,0,71
213,105,1518.0,3004.0,7.0,10.0,1,41,0,44
214,2,1640.0,3261.0,18.0,10.0,1,196,0,212
214,41,1246.0,2995.0,7.0,8.0,1,128,0,139
214,44,1294.0,2992.0,10.0,7.0,1,125,0,135
214,45,1444.0,3002.0,9.0,7.0,1,128,0,131
214,46,1499.0,3003.0,5.0,9.0,1,122,0,131
214,47,1633.0,3000.0,12.0,9.0,1,111,0,130
214,53,1433.0,3007.0,6.0,4.0,1,119,0,124
214,54,1516.0,3008.0,7.0,9.0,1,112,0,121
214,56,1538.0,2998.0,7.0,9.0,1,117,0,120
214,58,1556.0,3005.0,7.0,5.0,1,112,0,118
214,59,1311.0,2991.0,9.0,6.0,1,105,0,115
214,60,1349.0,3000.0,8.0,9.0,1,112,0,115
214,61,1416.0,3004.0,9.0,9.0,1,110,0,114
214,64,1560.0,2998.0,6.0,6.0,1,99,0,108
214,66,1535.0,2998.0,6.0,9.0,1,99,0,107
214,69,1404.0,2999.0,6.0,6.0,1,99,0,104
214,72,1265.0,2991.0,8.0,7.0,1,84,0,97
214,73,1464.0,3001.0,8.0,8.0,1,91,0,97
214,77,1607.0,3007.0,7.0,7.0,1,81,0,90
214,78,1324.0,2998.0,10.0,9.0,1,79,0,90
214,81,1584.0,3003.0,7.0,6.0,1,82,0,84
214,85,1615.0,3001.0,9.0,8.0,1,72,0,79
214,90,1661.0,3005.0,7.0,8.0,1,64,0,72
214,105,1530.0,3000.0,5.0,8.0,1,42,0,45
215,2,1641.0,3256.0,14.0,16.0,1,197,0,213
215,41,1236.0,2989.0,11.0,8.0,1,129,0,140
215,44,1294.0,2992.0,10.0,7.0,0,125,1,136
215,45,1440.0,2998.0,9.0,7.0,1,129,0,132
215,46,1489.0,2996.0,11.0,6.0,1,123,0,132
215,47,1630.0,2998.0,12.0,10.0,1,112,0,131
215,53,1426.0,3005.0,5.0,6.0,1,120,0,125
215,54,1516.0,3008.0,7.0,9.0,0,112,1,122
215,56,1534.0,2999.0,9.0,8.0,1,118,0,121
215,58,1556.0,3005.0,7.0,5.0,0,112,1,119
215,59,1305.0,2994.0,9.0,7.0,1,106,0,116
215,60,1365.0,2995.0,10.0,12.0,1,113,0,116
215,61,1392.0,3001.0,9.0,7.0,1,111,0,115
215,64,1560.0,2998.0,6.0,6.0,0,99,1,109
215,66,1525.0,3000.0,9.0,8.0,1,100,0,108
215,69,1415.0,2996.0,11.0,9.0,1,100,0,105
215,72,1258.0,2986.0,9.0,10.0,1,85,0,98
215,73,1459.0,2999.0,7.0,4.0,1,92,0,98
215,77,1597.0,3003.0,9.0,6.0,1,82,0,91
215,78,1339.0,2995.0,11.0,9.0,1,80,0,91
215,81,1572.0,2999.0,9.0,8.0,1,83,0,85
215,85,1611.0,2999.0,9.0,9.0,1,73,0,80
215,90,1654.0,3008.0,8.0,7.0,1,65,0,73
215,105,1517.0,3000.0,6.0,8.0,1,43,0,46
216,2,1643.0,3257.0,15.0,11.0,1,198,0,214
216,41,1232.0,2989.0,10.0,8.0,1,130,0,141
216,44,1277.0,2993.0,10.0,10.0,1,126,0,137
216,45,1432.0,2999.0,8.0,9.0,1,130,0,133
216,46,1488.0,3001.0,7.0,7.0,1,124,0,133
216,47,1624.0,2998.0,11.0,9.0,1,113,0,132
216,53,1426.0,3005.0,5.0,6.0,0,120,1,126
216,54,1501.0,2997.0,7.0,5.0,1,113,0,123
216,56,1528.0,3005.0,8.0,12.0,1,119,0,122
216,58,1545.0,3004.0,7.0,7.0,1,113,0,120
216,59,1318.0,2993.0,13.0,8.0,1,107,0,117
216,60,1356.0,2994.0,9.0,8.0,1,114,0,117
216,61,1392.0,3001.0,9.0,7.0,0,111,1,116
216,64,1541.0,2998.0,8.0,6.0,1,100,0,110
216,66,1521.0,2999.0,5.0,6.0,1,101,0,109
216,69,1408.0,3000.0,11.0,8.0,1,101,0,106
216,72,1253.0,2990.0,9.0,9.0,1,86,0,99
216,73,1451.0,2996.0,7.0,7.0,1,93,0,99
216,77,1589.0,3007.0,9.0,7.0,1,83,0,92
216,78,1337.0,2995.0,7.0,9.0,1,81,0,92
216,81,1564.0,3003.0,9.0,7.0,1,84,0,86
216,85,1603.0,2996.0,11.0,9.0,1,74,0,81
216,90,1652.0,3007.0,8.0,6.0,1,66,0,74
216,105,1511.0,3002.0,7.0,7.0,1,44,0,47
217,2,1638.0,3250.0,17.0,12.0,1,199,0,215
217,41,1227.0,2994.0,7.0,7.0,1,131,0,142
217,44,1277.0,2989.0,7.0,10.0,1,127,0,138
217,45,1432.0,2999.0,8.0,9.0,0,130,1,134
217,46,1476.0,3002.0,9.0,8.0,1,125,0,134
217,47,1616.0,3002.0,9.0,8.0,1,114,0,133
217,53,1416.0,3004.0,6.0,8.0,1,121,0,127
217,54,1495.0,3006.0,7.0,6.0,1,114,0,124
217,56,1528.0,3005.0,8.0,12.0,0,119,1,123
217,58,1545.0,3004.0,7.0,7.0,0,113,1,121
217,59,1304.0,2992.0,11.0,8.0,1,108,0,118
217,60,1355.0,2994.0,10.0,8.0,1,115,0,118
217,61,1381.0,2986.0,10.0,8.0,1,112,0,117
217,64,1538.0,2997.0,7.0,6.0,1,101,0,111
217,66,1516.0,3000.0,8.0,6.0,1,102,0,110
217,69,1405.0,2998.0,9.0,9.0,1,102,0,107
217,72,1253.0,2985.0,11.0,9.0,1,87,0,100
217,73,1451.0,2996.0,7.0,7.0,0,93,1,100
217,77,1584.0,3009.0,10.0,6.0,1,84,0,93
217,78,1326.0,3002.0,7.0,8.0,1,82,0,93
217,81,1558.0,3004.0,9.0,6.0,1,85,0,87
217,85,1594.0,2996.0,10.0,9.0,1,75,0,82
217,90,1643.0,3005.0,7.0,7.0,1,67,0,75
217,105,1504.0,2997.0,7.0,6.0,1,45,0,48
218,2,1646.0,3250.0,17.0,7.0,1,200,0,216
218,41,1221.0,2987.0,7.0,6.0,1,132,0,143
218,44,1261.0,2990.0,9.0,8.0,1,128,0,139
218,45,1424.0,2999.0,7.0,6.0,1,131,0,135
218,46,1475.0,2999.0,8.0,7.0,1,126,0,135
218,47,1619.0,2993.0,10.0,6.0,1,115,0,134
218,53,1411.0,3003.0,9.0,6.0,1,122,0,128
218,54,1497.0,3005.0,5.0,7.0,1,115,0,125
218,56,1520.0,2994.0,8.0,8.0,1,120,0,124
218,58,1524.0,3006.0,10.0,7.0,1,114,0,122
218,59,1287.0,2994.0,9.0,8.0,1,109,0,119
218,60,1300.0,2994.0,13.0,9.0,1,116,0,119
218,61,1345.0,2992.0,9.0,11.0,1,113,0,118
218,64,1537.0,2993.0,6.0,8.0,1,102,0,112
218,66,1514.0,3000.0,6.0,8.0,1,103,0,111
218,69,1396.0,2995.0,13.0,8.0,1,103,0,108
218,72,1241.0,2992.0,9.0,8.0,1,88,0,101
218,73,1445.0,2997.0,5.0,6.0,1,94,0,101
218,77,1585.0,3004.0,9.0,8.0,1,85,0,94
218,78,1317.0,2997.0,8.0,8.0,1,83,0,94
218,81,1566.0,3001.0,7.0,7.0,1,86,0,88
218,85,1593.0,2999.0,9.0,8.0,1,76,0,83
218,90,1643.0,3005.0,7.0,7.0,0,67,1,76
218,105,1489.0,3000.0,9.0,7.0,1,46,0,49
219,2,1639.0,3248.0,14.0,14.0,1,201,0,217
219,41,1213.0,2995.0,7.0,7.0,1,133,0,144
219,44,1260.0,2990.0,8.0,8.0,1,129,0,140
219,45,1416.0,2998.0,8.0,6.0,1,132,0,136
219,46,1475.0,2999.0,8.0,7.0,0,126,1,136
219,47,1599.0,2998.0,11.0,10.0,1,116,0,135
219,53,1408.0,2997.0,6.0,8.0,1,123,0,129
219,54,1497.0,2999.0,7.0,8.0,1,116,0,126
219,56,1509.0,2997.0,8.0,7.0,1,121,0,125
219,58,1521.0,3007.0,9.0,7.0,1,115,0,123
219,59,1277.0,2991.0,7.0,4.0,1,110,0,120
219,60,1292.0,2986.0,12.0,9.0,1,117,0,120
219,61,1369.0,2996.0,9.0,6.0,1,114,0,119
219,64,1525.0,2993.0,7.0,12.0,1,103,0,113
219,66,1499.0,3001.0,8.0,7.0,1,104,0,112
219,69,1387.0,2994.0,11.0,9.0,1,104,0,109
219,72,1231.0,2989.0,9.0,8.0,1,89,0,102
219,73,1432.0,2997.0,5.0,6.0,1,95,0,102
219,77,1571.0,3001.0,7.0,6.0,1,86,0,95
219,78,1316.0,2991.0,6.0,10.0,1,84,0,95
219,81,1551.0,2997.0,6.0,8.0,1,87,0,89
219,85,1581.0,2994.0,8.0,6.0,1,77,0,84
219,90,1631.0,3003.0,8.0,8.0,1,68,0,77
219,105,1485.0,2998.0,6.0,7.0,1,47,0,50
220,2,1637.0,3251.0,19.0,7.0,1,202,0,218
220,41,1207.0,2992.0,10.0,4.0,1,134,0,145
220,44,1252.0,2989.0,11.0,10.0,1,130,0,141
220,45,1414.0,3003.0,8.0,7.0,1,133,0,137
220,46,1462.0,3003.0,6.0,8.0,1,127,0,137
220,47,1604.0,2999.0,9.0,8.0,1,117,0,136
220,53,1398.0,2995.0,6.0,5.0,1,124,0,130
220,54,1486.0,3002.0,6.0,8.0,1,117,0,127
220,56,1507.0,2999.0,6.0,8.0,1,122,0,126
220,58,1515.0,3003.0,6.0,6.0,1,116,0,124
220,59,1277.0,2991.0,7.0,4.0,0,110,1,121
220,60,1285.0,2998.0,14.0,9.0,1,118,0,121
220,61,1335.0,2991.0,10.0,8.0,1,115,0,120
220,64,1522.0,2993.0,8.0,9.0,1,104,0,114
220,66,1495.0,2998.0,6.0,7.0,1,105,0,113
220,69,1387.0,2994.0,11.0,9.0,0,104,1,110
220,72,1229.0,2988.0,10.0,9.0,1,90,0,103
220,73,1432.0,2997.0,5.0,6.0,0,95,1,103
220,77,1564.0,3000.0,8.0,6.0,1,87,0,96
220,78,1316.0,2991.0,6.0,10.0,0,84,1,96
220,81,1545.0,3002.0,8.0,9.0,1,88,0,90
220,85,1581.0,2994.0,8.0,6.0,0,77,1,85
220,90,1621.0,3008.0,10.0,6.0,1,69,0,78
220,105,1475.0,3005.0,9.0,7.0,1,48,0,51
221,2,1643.0,3239.0,15.0,13.0,1,203,0,219
221,41,1201.0,2995.0,7.0,6.0,1,135,0,146
221,44,1243.0,2991.0,9.0,6.0,1,131,0,142
221,45,1409.0,2999.0,8.0,7.0,1,134,0,138
221,46,1454.0,2996.0,6.0,6.0,1,128,0,138
221,47,1594.0,2992.0,10.0,11.0,1,118,0,137
221,53,1399.0,3000.0,6.0,6.0,1,125,0,131
221,54,1484.0,2998.0,7.0,8.0,1,118,0,128
221,56,1497.0,3000.0,7.0,8.0,1,123,0,127
221,58,1510.0,3003.0,7.0,8.0,1,117,0,125
221,59,1268.0,2988.0,9.0,8.0,1,111,0,122
221,60,1279.0,2987.0,14.0,9.0,1,119,0,122
221,61,1332.0,2988.0,7.0,7.0,1,116,0,121
221,64,1515.0,2997.0,8.0,7.0,1,105,0,115
221,66,1494.0,3003.0,5.0,7.0,1,106,0,114
221,69,1378.0,2991.0,12.0,9.0,1,105,0,111
221,72,1222.0,2985.0,10.0,9.0,1,91,0,104
221,73,1425.0,2998.0,7.0,5.0,1,96,0,104
221,77,1555.0,3003.0,7.0,7.0,1,88,0,97
221,78,1300.0,2985.0,6.0,7.0,1,85,0,97
221,81,1544.0,2999.0,7.0,9.0,1,89,0,91
221,85,1569.0,2997.0,8.0,7.0,1,78,0,86
221,90,1620.0,3004.0,8.0,8.0,1,70,0,79
221,105,1478.0,3004.0,8.0,8.0,1,49,0,52
222,2,1637.0,3245.0,17.0,11.0,1,204,0,220
222,41,1196.0,2993.0,7.0,6.0,1,136,0,147
222,44,1243.0,2993.0,9.0,8.0,1,132,0,143
222,45,1400.0,3003.0,7.0,5.0,1,135,0,139
222,46,1454.0,2996.0,6.0,6.0,0,128,1,139
222,47,1591.0,2997.0,7.0,7.0,1,119,0,138
222,53,1390.0,2994.0,6.0,5.0,1,126,0,132
222,54,1484.0,2998.0,7.0,8.0,0,118,1,129
222,56,1497.0,3000.0,7.0,8.0,0,123,1,128
222,58,1510.0,3003.0,7.0,8.0,0,117,1,126
222,59,1256.0,2987.0,7.0,8.0,1,112,0,123
222,60,1272.0,2986.0,11.0,9.0,1,120,0,123
222,61,1348.0,2992.0,10.0,7.0,1,117,0,122
222,64,1510.0,2997.0,5.0,8.0,1,106,0,116
222,66,1483.0,3004.0,6.0,10.0,1,107,0,115
222,69,1376.0,2995.0,10.0,9.0,1,106,0,112
222,72,1212.0,2989.0,8.0,8.0,1,92,0,105
222,73,1413.0,2993.0,8.0,7.0,1,97,0,105
222,77,1552.0,3004.0,8.0,7.0,1,89,0,98
222,78,1319.0,2988.0,9.0,9.0,1,86,0,98
222,81,1528.0,2994.0,7.0,9.0,1,90,0,92
222,85,1566.0,3000.0,9.0,7.0,1,79,0,87
222,90,1606.0,3005.0,7.0,8.0,1,71,0,80
222,105,1464.0,2999.0,6.0,7.0,1,50,0,53
223,2,1640.0,3252.0,17.0,11.0,1,205,0,221
223,41,1191.0,2992.0,6.0,5.0,1,137,0,148
223,44,1238.0,2991.0,9.0,6.0,1,133,0,144
223,45,1388.0,2989.0,8.0,7.0,1,136,0,140
223,46,1445.0,3000.0,6.0,5.0,1,129,0,140
223,47,1591.0,2997.0,7.0,7.0,0,119,1,139
223,53,1384.0,2995.0,6.0,5.0,1,127,0,133
223,54,1469.0,2996.0,7.0,6.0,1,119,0,130
223,56,1485.0,2995.0,5.0,9.0,1,124,0,129
223,58,1496.0,3003.0,7.0,9.0,1,118,0,127
223,59,1251.0,2986.0,8.0,6.0,1,113,0,124
223,60,1264.0,2989.0,13.0,7.0,1,121,0,124
223,61,1341.0,2995.0,9.0,7.0,1,118,0,123
223,64,1496.0,2997.0,6.0,6.0,1,107,0,117
223,66,1484.0,3003.0,5.0,6.0,1,108,0,116
223,69,1366.0,2992.0,11.0,9.0,1,107,0,113
223,72,1209.0,2986.0,7.0,7.0,1,93,0,106
223,73,1414.0,2994.0,6.0,7.0,1,98,0,106
223,77,1546.0,3001.0,7.0,8.0,1,90,0,99
223,78,1315.0,2990.0,8.0,10.0,1,87,0,99
223,81,1527.0,2995.0,7.0,8.0,1,91,0,93
223,85,1555.0,2993.0,7.0,8.0,1,80,0,88
223,90,1607.0,2998.0,8.0,6.0,1,72,0,81
223,105,1458.0,3000.0,7.0,8.0,1,51,0,54
224,2,1644.0,3240.0,17.0,9.0,1,206,0,222
224,41,1185.0,2985.0,6.0,5.0,1,138,0,149
224,44,1235.0,2991.0,7.0,7.0,1,134,0,145
224,45,1391.0,2999.0,6.0,5.0,1,137,0,141
224,46,1440.0,2999.0,6.0,6.0,1,130,0,141
224,47,1577.0,2993.0,11.0,9.0,1,120,0,140
224,53,1375.0,2997.0,7.0,7.0,1,128,0,134
224,54,1469.0,2998.0,6.0,6.0,1,120,0,131
224,56,1483.0,2997.0,5.0,8.0,1,125,0,130
224,58,1495.0,3007.0,6.0,7.0,1,119,0,128
224,59,1245.0,2991.0,7.0,6.0,1,114,0,125
224,60,1263.0,2989.0,11.0,7.0,1,122,0,125
224,61,1339.0,2988.0,10.0,8.0,1,119,0,124
224,64,1492.0,2990.0,7.0,8.0,1,108,0,118
224,66,1482.0,3003.0,6.0,8.0,1,109,0,117
224,69,1361.0,2986.0,6.0,7.0,1,108,0,114
224,72,1205.0,2991.0,8.0,7.0,1,94,0,107
224,73,1399.0,2992.0,7.0,6.0,1,99,0,107
224,77,1538.0,3001.0,7.0,8.0,1,91,0,100
224,78,1315.0,2990.0,8.0,10.0,0,87,1,100
224,81,1524.0,3003.0,6.0,7.0,1,92,0,94
224,85,1548.0,2993.0,7.0,7.0,1,81,0,89
224,90,1607.0,2998.0,8.0,6.0,0,72,1,82
224,105,1458.0,3000.0,7.0,8.0,0,51,1,55
225,2,1645.0,3241.0,13.0,9.0,1,207,0,223
225,41,1176.0,2990.0,7.0,7.0,1,139,0,150
225,44,1235.0,2991.0,7.0,7.0,0,134,1,146
225,45,1387.0,2997.0,5.0,4.0,1,138,0,142
225,46,1430.0,3001.0,8.0,6.0,1,131,0,142
225,47,1573.0,3000.0,9.0,8.0,1,121,0,141
225,53,1368.0,2994.0,6.0,5.0,1,129,0,135
225,54,1467.0,3000.0,7.0,6.0,1,121,0,132
225,56,1483.0,2997.0,5.0,8.0,0,125,1,131
225,58,1490.0,3001.0,8.0,7.0,1,120,0,129
225,59,1239.0,2995.0,8.0,6.0,1,115,0,126
225,60,1279.0,2982.0,8.0,8.0,1,123,0,126
225,61,1323.0,2986.0,12.0,9.0,1,120,0,125
225,64,1485.0,2996.0,8.0,6.0,1,109,0,119
225,66,1476.0,3002.0,6.0,9.0,1,110,0,118
225,69,1349.0,2997.0,10.0,7.0,1,109,0,115
225,72,1200.0,2993.0,8.0,7.0,1,95,0,108
225,73,1402.0,2993.0,6.0,7.0,1,100,0,108
225,77,1538.0,3001.0,7.0,8.0,0,91,1,101
225,78,1303.0,2989.0,9.0,8.0,1,88,0,101
225,81,1513.0,2991.0,5.0,5.0,1,93,0,95
225,85,1550.0,2997.0,6.0,5.0,1,82,0,90
225,90,1594.0,2997.0,8.0,6.0,1,73,0,83
225,105,1447.0,2992.0,10.0,7.0,1,52,0,56
226,2,1649.0,3232.0,15.0,13.0,1,208,0,224
226,41,1172.0,2981.0,6.0,6.0,1,140,0,151
226,44,1215.0,2986.0,11.0,10.0,1,135,0,147
226,45,1380.0,2993.0,7.0,6.0,1,139,0,143
226,46,1430.0,2998.0,9.0,6.0,1,132,0,143
226,47,1573.0,3000.0,9.0,8.0,0,121,1,142
226,53,1362.0,2994.0,7.0,8.0,1,130,0,136
226,54,1457.0,3000.0,9.0,7.0,1,122,0,133
226,56,1474.0,2993.0,6.0,7.0,1,126,0,132
226,58,1482.0,3004.0,6.0,5.0,1,121,0,130
226,59,1234.0,2989.0,8.0,8.0,1,116,0,127
226,60,1243.0,2988.0,13.0,9.0,1,124,0,127
226,61,1321.0,2990.0,11.0,8.0,1,121,0,126
226,64,1486.0,2991.0,5.0,6.0,1,110,0,120
226,66,1467.0,3005.0,5.0,6.0,1,111,0,119
226,69,1349.0,2988.0,8.0,8.0,1,110,0,116
226,72,1192.0,2987.0,7.0,6.0,1,96,0,109
226,73,1398.0,2994.0,6.0,6.0,1,101,0,109
226,77,1528.0,2996.0,4.0,10.0,1,92,0,102
226,78,1265.0,2986.0,6.0,6.0,1,89,0,102
226,81,1505.0,2993.0,6.0,7.0,1,94,0,96
226,85,1544.0,2999.0,7.0,6.0,1,83,0,91
226,90,1588.0,3001.0,8.0,7.0,1,74,0,84
226,105,1441.0,2994.0,7.0,7.0,1,53,0,57
227,2,1646.0,3236.0,17.0,8.0,1,209,0,225
227,41,1171.0,2993.0,7.0,5.0,1,141,0,152
227,44,1215.0,2986.0,11.0,10.0,0,135,1,148
227,45,1380.0,2993.0,7.0,6.0,0,139,1,144
227,46,1421.0,2994.0,9.0,5.0,1,133,0,144
227,47,1553.0,2998.0,9.0,8.0,1,122,0,143
227,53,1362.0,2994.0,7.0,8.0,0,130,1,137
227,54,1457.0,2998.0,7.0,6.0,1,123,0,134
227,56,1466.0,2995.0,6.0,9.0,1,127,0,133
227,58,1474.0,3005.0,7.0,8.0,1,122,0,131
227,59,1230.0,2983.0,12.0,7.0,1,117,0,128
227,60,1239.0,2988.0,12.0,7.0,1,125,0,128
227,61,1313.0,2988.0,10.0,8.0,1,122,0,127
227,64,1476.0,2993.0,6.0,7.0,1,111,0,121
227,66,1445.0,3004.0,8.0,7.0,1,112,0,120
227,69,1349.0,2988.0,8.0,8.0,0,110,1,117
227,72,1182.0,2986.0,11.0,7.0,1,97,0,110
227,73,1385.0,2990.0,6.0,8.0,1,102,0,110
227,77,1527.0,2994.0,6.0,6.0,1,93,0,103
227,78,1284.0,2988.0,10.0,10.0,1,90,0,103
227,81,1500.0,2991.0,6.0,6.0,1,95,0,97
227,85,1527.0,2995.0,5.0,8.0,1,84,0,92
227,90,1579.0,2994.0,6.0,8.0,1,75,0,85
227,105,1434.0,2989.0,7.0,7.0,1,54,0,58
228,2,1646.0,3236.0,17.0,8.0,0,209,1,226
228,41,1159.0,2985.0,7.0,8.0,1,142,0,153
228,44,1201.0,2984.0,8.0,9.0,1,136,0,149
228,45,1351.0,2995.0,8.0,5.0,1,140,0,145
228,46,1412.0,2999.0,10.0,7.0,1,134,0,145
228,47,1547.0,2992.0,7.0,7.0,1,123,0,144
228,53,1334.0,2991.0,9.0,5.0,1,131,0,138
228,54,1452.0,3000.0,5.0,7.0,1,124,0,135
228,56,1450.0,2995.0,8.0,6.0,1,128,0,134
228,58,1459.0,3001.0,8.0,6.0,1,123,0,132
228,59,1217.0,2987.0,9.0,8.0,1,118,0,129
228,60,1232.0,2983.0,13.0,8.0,1,126,0,129
228,61,1281.0,2989.0,9.0,9.0,1,123,0,128
228,64,1475.0,2991.0,7.0,7.0,1,112,0,122
228,66,1440.0,2994.0,7.0,7.0,1,113,0,121
228,69,1307.0,2986.0,8.0,7.0,1,111,0,118
228,72,1174.0,2986.0,9.0,7.0,1,98,0,111
228,73,1360.0,2986.0,7.0,8.0,1,103,0,111
228,77,1514.0,3000.0,8.0,7.0,1,94,0,104
228,78,1258.0,2987.0,9.0,7.0,1,91,0,104
228,81,1490.0,2994.0,9.0,6.0,1,96,0,98
228,85,1527.0,2995.0,5.0,8.0,0,84,1,93
228,90,1571.0,3000.0,7.0,6.0,1,76,0,86
228,105,1430.0,2998.0,9.0,6.0,1,55,0,59
229,2,1648.0,3234.0,13.0,10.0,1,210,0,227
229,41,1152.0,2991.0,6.0,6.0,1,143,0,154
229,44,1201.0,2984.0,8.0,8.0,1,137,0,150
229,45,1348.0,2989.0,6.0,4.0,1,141,0,146
229,46,1403.0,2990.0,9.0,7.0,1,135,0,146
229,47,1543.0,2999.0,8.0,9.0,1,124,0,145
229,53,1334.0,2990.0,10.0,6.0,1,132,0,139
229,54,1449.0,3005.0,7.0,6.0,1,125,0,136
229,56,1446.0,2999.0,6.0,6.0,1,129,0,135
229,58,1458.0,2997.0,7.0,7.0,1,124,0,133
229,59,1218.0,2982.0,8.0,8.0,1,119,0,130
229,60,1226.0,2986.0,14.0,9.0,1,127,0,130
229,61,1278.0,2986.0,7.0,9.0,1,124,0,129
229,64,1457.0,2988.0,7.0,6.0,1,113,0,123
229,66,1437.0,3000.0,7.0,7.0,1,114,0,122
229,69,1298.0,2985.0,9.0,7.0,1,112,0,119
229,72,1167.0,2989.0,6.0,7.0,1,99,0,112
229,73,1358.0,2997.0,6.0,6.0,1,104,0,112
229,77,1508.0,2998.0,6.0,7.0,1,95,0,105
229,78,1251.0,2985.0,10.0,9.0,1,92,0,105
229,81,1490.0,2988.0,7.0,8.0,1,97,0,99
229,85,1518.0,2993.0,6.0,8.0,1,85,0,94
229,90,1559.0,2995.0,9.0,8.0,1,77,0,87
229,105,1423.0,3000.0,8.0,6.0,1,56,0,60
230,2,1651.0,3215.0,15.0,11.0,1,211,0,228
230,41,1146.0,2984.0,8.0,8.0,1,144,0,155
230,44,1192.0,2983.0,10.0,9.0,1,138,0,151
230,45,1345.0,2993.0,6.0,5.0,1,142,0,147
230,46,1395.0,2993.0,8.0,8.0,1,136,0,147
230,47,1542.0,2993.0,8.0,6.0,1,125,0,146
230,53,1324.0,2985.0,10.0,8.0,1,133,0,140
230,54,1447.0,3000.0,8.0,6.0,1,126,0,137
230,56,1440.0,3000.0,6.0,5.0,1,130,0,136
230,58,1456.0,3000.0,6.0,6.0,1,125,0,134
230,59,1207.0,2983.0,8.0,9.0,1,120,0,131
230,60,1219.0,2985.0,15.0,10.0,1,128,0,131
230,61,1271.0,2982.0,8.0,8.0,1,125,0,130
230,64,1453.0,2984.0,7.0,7.0,1,114,0,124
230,66,1431.0,2993.0,7.0,7.0,1,115,0,123
230,69,1295.0,2987.0,8.0,7.0,1,113,0,120
230,72,1158.0,2987.0,8.0,6.0,1,100,0,113
230,73,1351.0,2993.0,7.0,7.0,1,105,0,113
230,77,1508.0,2998.0,6.0,7.0,0,95,1,106
230,78,1246.0,2990.0,7.0,6.0,1,93,0,106
230,81,1484.0,2987.0,7.0,7.0,1,98,0,100
230,85,1513.0,2996.0,7.0,8.0,1,86,0,95
230,90,1559.0,2998.0,10.0,9.0,1,78,0,88
230,105,1316.0,3118.0,7.0,8.0,1,57,0,61
231,2,1650.0,3219.0,17.0,10.0,1,212,0,229
231,41,1132.0,2987.0,8.0,6.0,1,145,0,156
231,44,1184.0,2987.0,8.0,8.0,1,139,0,152
231,45,1345.0,2993.0,6.0,5.0,0,142,1,148
231,46,1395.0,2993.0,8.0,8.0,0,136,1,148
231,47,1535.0,2992.0,8.0,6.0,1,126,0,147
231,53,1318.0,2989.0,9.0,9.0,1,134,0,141
231,54,1445.0,3000.0,9.0,7.0,1,127,0,138
231,56,1435.0,3005.0,6.0,6.0,1,131,0,137
231,58,1456.0,3000.0,6.0,6.0,0,125,1,135
231,59,1204.0,2984.0,6.0,8.0,1,121,0,132
231,60,1217.0,2983.0,14.0,7.0,1,129,0,132
231,61,1261.0,2987.0,8.0,6.0,1,126,0,131
231,64,1454.0,2987.0,8.0,7.0,1,115,0,125
231,66,1424.0,2998.0,7.0,6.0,1,116,0,124
231,69,1294.0,2989.0,8.0,5.0,1,114,0,121
231,72,1160.0,2992.0,6.0,6.0,1,101,0,114
231,73,1352.0,2990.0,8.0,6.0,1,106,0,114
231,77,1491.0,2995.0,9.0,9.0,1,96,0,107
231,78,1246.0,2990.0,7.0,6.0,0,93,1,107
231,81,1479.0,2985.0,8.0,6.0,1,99,0,101
231,85,1513.0,2996.0,7.0,8.0,0,86,1,96
231,90,1559.0,2998.0,10.0,9.0,0,78,1,89
231,105,1316.0,3118.0,7.0,8.0,0,57,1,62
231,131,1365.0,2992.0,9.0,7.0,1,3,0,3
232,2,1650.0,3219.0,17.0,10.0,0,212,1,230
232,41,1133.0,2988.0,6.0,5.0,1,146,0,157
232,44,1179.0,2979.0,9.0,9.0,1,140,0,153
232,45,1326.0,2994.0,7.0,5.0,1,143,0,149
232,46,1388.0,2997.0,6.0,6.0,1,137,0,149
232,47,1526.0,2990.0,9.0,6.0,1,127,0,148
232,53,1309.0,2987.0,10.0,8.0,1,135,0,142
232,54,1441.0,3004.0,8.0,7.0,1,128,0,139
232,56,1416.0,2999.0,7.0,5.0,1,132,0,138
232,58,1430.0,2997.0,7.0,7.0,1,126,0,136
232,59,1197.0,2989.0,8.0,7.0,1,122,0,133
232,60,1213.0,2988.0,13.0,8.0,1,130,0,133
232,61,1261.0,2984.0,9.0,10.0,1,127,0,132
232,64,1447.0,2991.0,8.0,6.0,1,116,0,126
232,66,1407.0,2998.0,7.0,7.0,1,117,0,125
232,69,1284.0,2981.0,6.0,8.0,1,115,0,122
232,72,1144.0,2988.0,8.0,6.0,1,102,0,115
232,73,1339.0,2990.0,7.0,5.0,1,107,0,115
232,77,1488.0,2993.0,7.0,9.0,1,97,0,108
232,78,1231.0,2987.0,9.0,5.0,1,94,0,108
232,81,1465.0,2994.0,8.0,6.0,1,100,0,102
232,85,1500.0,2986.0,7.0,10.0,1,87,0,97
232,90,1539.0,3004.0,6.0,5.0,1,79,0,90
232,105,1316.0,3118.0,7.0,8.0,0,57,2,63
232,131,1360.0,2994.0,6.0,6.0,1,4,0,4
233,2,1646.0,3223.0,15.0,10.0,1,213,0,231
233,41,1129.0,2990.0,6.0,6.0,1,147,0,158
233,44,1179.0,2983.0,5.0,5.0,1,141,0,154
233,45,1325.0,2992.0,7.0,5.0,1,144,0,150
233,46,1377.0,2997.0,10.0,7.0,1,138,0,150
233,47,1513.0,2991.0,8.0,8.0,1,128,0,149
233,53,1304.0,2983.0,10.0,8.0,1,136,0,143
233,54,1422.0,2997.0,7.0,6.0,1,129,0,140
233,56,1408.0,2997.0,8.0,7.0,1,133,0,139
233,58,1423.0,2996.0,7.0,8.0,1,127,0,137
233,59,1191.0,2990.0,8.0,5.0,1,123,0,134
233,60,1202.0,2988.0,14.0,6.0,1,131,0,134
233,61,1246.0,2982.0,12.0,9.0,1,128,0,133
233,64,1437.0,2986.0,7.0,7.0,1,117,0,127
233,66,1398.0,2990.0,8.0,8.0,1,118,0,126
233,69,1278.0,2984.0,8.0,7.0,1,116,0,123
233,72,1146.0,2988.0,8.0,6.0,1,103,0,116
233,73,1336.0,2998.0,9.0,7.0,1,108,0,116
233,77,1463.0,2992.0,9.0,6.0,1,98,0,109
233,78,1223.0,2988.0,8.0,9.0,1,95,0,109
233,81,1433.0,2993.0,9.0,10.0,1,101,0,103
233,85,1493.0,2986.0,7.0,7.0,1,88,0,98
233,90,1543.0,3001.0,8.0,6.0,1,80,0,91
233,105,1316.0,3118.0,7.0,8.0,0,57,3,64
233,131,1345.0,2991.0,8.0,7.0,1,5,0,5
234,2,1654.0,3218.0,14.0,7.0,1,214,0,232
234,41,1120.0,2986.0,8.0,7.0,1,148,0,159
234,44,1170.0,2987.0,8.0,6.0,1,142,0,155
234,45,1316.0,2992.0,7.0,6.0,1,145,0,151
234,46,1381.0,2987.0,9.0,6.0,1,139,0,151
234,47,1512.0,2991.0,9.0,9.0,1,129,0,150
234,53,1302.0,2989.0,10.0,6.0,1,137,0,144
234,54,1421.0,2996.0,7.0,7.0,1,130,0,141
234,56,1408.0,2997.0,8.0,7.0,0,133,1,140
234,58,1414.0,2997.0,7.0,5.0,1,128,0,138
234,59,1187.0,2981.0,8.0,8.0,1,124,0,135
234,60,1198.0,2983.0,15.0,8.0,1,132,0,135
234,61,1241.0,2986.0,10.0,7.0,1,129,0,134
234,64,1433.0,2985.0,7.0,6.0,1,118,0,128
234,66,1395.0,2990.0,8.0,8.0,1,119,0,127
234,69,1273.0,2988.0,7.0,5.0,1,117,0,124
234,72,1139.0,2989.0,9.0,8.0,1,104,0,117
234,73,1336.0,2998.0,9.0,7.0,0,108,1,117
234,77,1483.0,2997.0,7.0,6.0,1,99,0,110
234,78,1219.0,2988.0,6.0,7.0,1,96,0,110
234,81,1454.0,2990.0,9.0,6.0,1,102,0,104
234,85,1492.0,2988.0,7.0,9.0,1,89,0,99
234,90,1531.0,2997.0,6.0,8.0,1,81,0,92
234,105,1316.0,3118.0,7.0,8.0,0,57,4,65
234,131,1352.0,2986.0,5.0,8.0,1,6,0,6
235,2,1658.0,3214.0,11.0,8.0,1,215,0,233
235,41,1109.0,2988.0,8.0,6.0,1,149,0,160
235,44,1164.0,2985.0,9.0,8.0,1,143,0,156
235,45,1310.0,2996.0,7.0,5.0,1,146,0,152
235,46,1370.0,2995.0,8.0,8.0,1,140,0,152
235,47,1499.0,2993.0,9.0,7.0,1,130,0,151
235,53,1290.0,2980.0,13.0,11.0,1,138,0,145
235,54,1415.0,3002.0,7.0,6.0,1,131,0,142
235,56,1397.0,2994.0,6.0,6.0,1,134,0,141
235,58,1408.0,2998.0,6.0,6.0,1,129,0,139
235,59,1176.0,2983.0,8.0,7.0,1,125,0,136
235,60,1193.0,2986.0,13.0,6.0,1,133,0,136
235,61,1241.0,2986.0,10.0,7.0,0,129,1,135
235,64,1417.0,2989.0,6.0,7.0,1,119,0,129
235,66,1386.0,2994.0,6.0,7.0,1,120,0,128
235,69,1273.0,2988.0,7.0,5.0,0,117,1,125
235,72,1132.0,2984.0,8.0,7.0,1,105,0,118
235,73,1325.0,2995.0,9.0,8.0,1,109,0,118
235,77,1471.0,2995.0,8.0,7.0,1,100,0,111
235,78,1206.0,2982.0,7.0,10.0,1,97,0,111
235,81,1423.0,2988.0,9.0,8.0,1,103,0,105
235,85,1484.0,2988.0,7.0,7.0,1,90,0,100
235,90,1527.0,2997.0,8.0,10.0,1,82,0,93
235,105,1316.0,3118.0,7.0,8.0,0,57,5,66
235,131,1339.0,2988.0,6.0,8.0,1,7,0,7
236,2,1654.0,3205.0,19.0,11.0,1,216,0,234
236,41,1109.0,2988.0,8.0,6.0,0,149,1,161
236,44,1153.0,2981.0,8.0,8.0,1,144,0,157
236,45,1303.0,2988.0,6.0,5.0,1,147,0,153
236,46,1370.0,2995.0,8.0,8.0,0,140,1,153
236,47,1498.0,2995.0,9.0,6.0,1,131,0,152
236,53,1290.0,2980.0,13.0,11.0,0,138,1,146
236,54,1414.0,2998.0,8.0,7.0,1,132,0,143
236,56,1393.0,2996.0,6.0,7.0,1,135,0,142
236,58,1401.0,2991.0,7.0,6.0,1,130,0,140
236,59,1164.0,2981.0,8.0,6.0,1,126,0,137
236,60,1185.0,2983.0,15.0,8.0,1,134,0,137
236,61,1233.0,2986.0,10.0,6.0,1,130,0,136
236,64,1406.0,2993.0,7.0,8.0,1,120,0,130
236,66,1380.0,2995.0,6.0,8.0,1,121,0,129
236,69,1259.0,2983.0,8.0,6.0,1,118,0,126
236,72,1129.0,2985.0,11.0,8.0,1,106,0,119
236,73,1316.0,2988.0,9.0,5.0,1,110,0,119
236,77,1461.0,2997.0,9.0,7.0,1,101,0,112
236,78,1206.0,2982.0,7.0,10.0,0,97,1,112
236,81,1420.0,2987.0,6.0,7.0,1,104,0,106
236,85,1472.0,2983.0,8.0,9.0,1,91,0,101
236,90,1523.0,3000.0,7.0,6.0,1,83,0,94
236,105,1316.0,3118.0,7.0,8.0,0,57,6,67
236,131,1339.0,2988.0,6.0,8.0,0,7,1,8
237,2,1652.0,3215.0,14.0,8.0,1,217,0,235
237,41,1101.0,2988.0,7.0,7.0,1,150,0,162
237,44,1145.0,2985.0,7.0,8.0,1,145,0,158
237,45,1297.0,2987.0,8.0,5.0,1,148,0,154
237,46,1373.0,2991.0,8.0,8.0,1,141,0,154
237,47,1500.0,2991.0,8.0,8.0,1,132,0,153
237,53,1283.0,2989.0,7.0,7.0,1,139,0,147
237,54,1413.0,2995.0,6.0,8.0,1,133,0,144
237,56,1395.0,2998.0,6.0,6.0,1,136,0,143
237,58,1403.0,2999.0,7.0,7.0,1,131,0,141
237,59,1171.0,2983.0,7.0,5.0,1,127,0,138
237,60,1177.0,2982.0,15.0,8.0,1,135,0,138
237,61,1219.0,2983.0,13.0,9.0,1,131,0,137
237,64,1407.0,2987.0,6.0,7.0,1,121,0,131
237,66,1387.0,2991.0,5.0,8.0,1,122,0,130
237,69,1260.0,2982.0,8.0,7.0,1,119,0,127
237,72,1129.0,2985.0,11.0,8.0,0,106,1,120
237,73,1331.0,2995.0,7.0,5.0,1,111,0,120
237,77,1471.0,2992.0,7.0,5.0,1,102,0,113
237,78,1195.0,2986.0,6.0,7.0,1,98,0,113
237,81,1434.0,2984.0,6.0,6.0,1,105,0,107
237,85,1461.0,2985.0,7.0,7.0,1,92,0,102
237,90,1514.0,2998.0,8.0,8.0,1,84,0,95
237,105,1316.0,3118.0,7.0,8.0,0,57,7,68
237,131,1358.0,2991.0,8.0,6.0,1,8,0,9
238,2,1654.0,3212.0,14.0,10.0,1,218,0,236
238,41,1093.0,2986.0,6.0,7.0,1,151,0,163
238,44,1139.0,2985.0,10.0,9.0,1,146,0,159
238,45,1304.0,2991.0,9.0,6.0,1,149,0,155
238,46,1369.0,2989.0,8.0,6.0,1,142,0,155
238,47,1486.0,2989.0,8.0,7.0,1,133,0,154
238,53,1297.0,2993.0,5.0,5.0,1,140,0,148
238,54,1404.0,2992.0,7.0,6.0,1,134,0,145
238,56,1395.0,2998.0,6.0,6.0,0,136,1,144
238,58,1396.0,2995.0,8.0,7.0,1,132,0,142
238,59,1160.0,2984.0,7.0,6.0,1,128,0,139
238,60,1174.0,2981.0,15.0,8.0,1,136,0,139
238,61,1220.0,2985.0,8.0,8.0,1,132,0,138
238,64,1397.0,2993.0,6.0,7.0,1,122,0,132
238,66,1387.0,2991.0,5.0,8.0,0,122,1,131
238,69,1251.0,2985.0,8.0,6.0,1,120,0,128
238,72,1116.0,2984.0,10.0,8.0,1,107,0,121
238,73,1322.0,2986.0,7.0,7.0,1,112,0,121
238,77,1469.0,2990.0,8.0,7.0,1,103,0,114
238,78,1195.0,2984.0,5.0,7.0,1,99,0,114
238,81,1429.0,2991.0,6.0,6.0,1,106,0,108
238,85,1452.0,2993.0,5.0,5.0,1,93,0,103
238,90,1504.0,2992.0,7.0,5.0,1,85,0,96
238,105,1316.0,3118.0,7.0,8.0,0,57,8,69
238,131,1352.0,2992.0,8.0,6.0,1,9,0,10
239,2,1656.0,3209.0,14.0,8.0,1,219,0,237
239,41,1085.0,2990.0,6.0,5.0,1,152,0,164
239,44,1129.0,2979.0,10.0,10.0,1,147,0,160
239,45,1288.0,2988.0,7.0,7.0,1,150,0,156
239,46,1377.0,2990.0,5.0,5.0,1,143,0,156
239,47,1480.0,2989.0,10.0,8.0,1,134,0,155
239,53,1270.0,2982.0,9.0,9.0,1,141,0,149
239,54,1399.0,2980.0,9.0,10.0,1,135,0,146
239,56,1388.0,3000.0,8.0,7.0,1,137,0,145
239,58,1394.0,2991.0,7.0,11.0,1,133,0,143
239,59,1162.0,2990.0,17.0,8.0,1,129,0,140
239,60,1162.0,2978.0,7.0,7.0,1,137,0,140
239,61,1215.0,2982.0,10.0,10.0,1,133,0,139
239,64,1394.0,2987.0,7.0,7.0,1,123,0,133
239,66,1368.0,2989.0,7.0,8.0,1,123,0,132
239,69,1242.0,2978.0,7.0,7.0,1,121,0,129
239,72,1112.0,2982.0,10.0,7.0,1,108,0,122
239,73,1299.0,2982.0,8.0,6.0,1,113,0,122
239,77,1455.0,2987.0,6.0,6.0,1,104,0,115
239,78,1186.0,2987.0,6.0,7.0,1,100,0,115
239,81,1424.0,2980.0,7.0,9.0,1,107,0,109
239,85,1447.0,2991.0,8.0,6.0,1,94,0,104
239,90,1502.0,2990.0,8.0,11.0,1,86,0,97
239,105,1316.0,3118.0,7.0,8.0,0,57,9,70
239,131,1352.0,2993.0,9.0,7.0,1,10,0,11
240,2,1661.0,3205.0,13.0,11.0,1,220,0,238
240,41,1080.0,2983.0,7.0,8.0,1,153,0,165
240,44,1128.0,2987.0,10.0,9.0,1,148,0,161
240,45,1285.0,2987.0,6.0,5.0,1,151,0,157
240,46,1377.0,2990.0,5.0,5.0,0,143,1,157
240,47,1477.0,2989.0,8.0,6.0,1,135,0,156
240,53,1270.0,2982.0,9.0,9.0,0,141,1,150
240,54,1399.0,2984.0,6.0,8.0,1,136,0,147
240,56,1383.0,2997.0,8.0,7.0,1,138,0,146
240,58,1393.0,2997.0,7.0,7.0,1,134,0,144
240,59,1161.0,2986.0,14.0,8.0,1,130,0,141
240,60,1148.0,2986.0,6.0,7.0,1,138,0,141
240,61,1202.0,2980.0,10.0,9.0,1,134,0,140
240,64,1387.0,2989.0,7.0,7.0,1,124,0,134
240,66,1358.0,2994.0,7.0,10.0,1,124,0,133
240,69,1229.0,2981.0,8.0,6.0,1,122,0,130
240,72,1101.0,2979.0,8.0,7.0,1,109,0,123
240,73,1313.0,2988.0,6.0,5.0,1,114,0,123
240,77,1449.0,2987.0,9.0,11.0,1,105,0,116
240,78,1184.0,2985.0,7.0,9.0,1,101,0,116
240,81,1420.0,2987.0,8.0,7.0,1,108,0,110
240,85,1436.0,2993.0,7.0,6.0,1,95,0,105
240,90,1502.0,2990.0,8.0,11.0,0,86,1,98
240,105,1316.0,3118.0,7.0,8.0,0,57,10,71
240,131,1338.0,2988.0,9.0,6.0,1,11,0,12
241,2,1657.0,3199.0,20.0,10.0,1,221,0,239
241,41,1069.0,2983.0,7.0,6.0,1,154,0,166
241,44,1118.0,2977.0,10.0,7.0,1,149,0,162
241,45,1274.0,2982.0,6.0,8.0,1,152,0,158
241,46,1359.0,2991.0,7.0,5.0,1,144,0,158
241,47,1432.0,2878.0,10.0,8.0,1,136,0,157
241,53,1256.0,2985.0,10.0,10.0,1,142,0,151
241,54,1390.0,2981.0,7.0,6.0,1,137,0,148
241,56,1379.0,2996.0,6.0,6.0,1,139,0,147
241,58,1388.0,2995.0,7.0,7.0,1,135,0,145
241,59,1156.0,2978.0,14.0,7.0,1,131,0,142
241,60,1140.0,2979.0,7.0,6.0,1,139,0,142
241,61,1198.0,2977.0,10.0,9.0,1,135,0,141
241,64,1370.0,2992.0,5.0,5.0,1,125,0,135
241,66,1354.0,2990.0,9.0,6.0,1,125,0,134
241,69,1227.0,2980.0,7.0,8.0,1,123,0,131
241,72,1095.0,2985.0,8.0,5.0,1,110,0,124
241,73,1301.0,2990.0,7.0,7.0,1,115,0,124
241,77,1442.0,2985.0,9.0,6.0,1,106,0,117
241,78,1174.0,2983.0,7.0,7.0,1,102,0,117
241,81,1411.0,2991.0,6.0,7.0,1,109,0,111
241,85,1430.0,2990.0,7.0,5.0,1,96,0,106
241,90,1491.0,2995.0,9.0,7.0,1,87,0,99
241,105,1316.0,3118.0,7.0,8.0,0,57,11,72
241,131,1333.0,2987.0,8.0,8.0,1,12,0,13
242,2,1661.0,3202.0,18.0,11.0,1,222,0,240
242,41,1064.0,2983.0,6.0,9.0,1,155,0,167
242,44,1107.0,2977.0,10.0,8.0,1,150,0,163
242,45,1264.0,2984.0,7.0,6.0,1,153,0,159
242,46,1356.0,2998.0,6.0,5.0,1,145,0,159
242,47,1461.0,2983.0,9.0,9.0,1,137,0,158
242,53,1248.0,2985.0,9.0,8.0,1,143,0,152
242,54,1385.0,2986.0,6.0,8.0,1,138,0,149
242,56,1371.0,2994.0,6.0,5.0,1,140,0,148
242,58,1383.0,2993.0,7.0,6.0,1,136,0,146
242,59,1148.0,2984.0,15.0,8.0,1,132,0,143
242,60,1132.0,2987.0,8.0,7.0,1,140,0,143
242,61,1193.0,2980.0,9.0,9.0,1,136,0,142
242,64,1366.0,2995.0,7.0,7.0,1,126,0,136
242,66,1347.0,2994.0,8.0,8.0,1,126,0,135
242,69,1222.0,2980.0,8.0,6.0,1,124,0,132
242,72,1092.0,2987.0,9.0,8.0,1,111,0,125
242,73,1301.0,2990.0,7.0,7.0,0,115,1,125
242,77,1437.0,2988.0,9.0,9.0,1,107,0,118
242,78,1173.0,2982.0,5.0,6.0,1,103,0,118
242,81,1406.0,2980.0,5.0,8.0,1,110,0,112
242,85,1421.0,2989.0,7.0,4.0,1,97,0,107
242,90,1480.0,2991.0,10.0,8.0,1,88,0,100
242,105,1363.0,3319.0,7.0,8.0,1,58,0,73
242,131,1324.0,2987.0,10.0,6.0,1,13,0,14
243,2,1663.0,3199.0,14.0,9.0,1,223,0,241
243,41,1060.0,2990.0,5.0,5.0,1,156,0,168
243,44,1107.0,2977.0,10.0,8.0,0,150,1,164
243,45,1263.0,2985.0,7.0,7.0,1,154,0,160
243,46,1352.0,2992.0,6.0,5.0,1,146,0,160
243,47,1451.0,2990.0,7.0,8.0,1,138,0,159
243,53,1248.0,2985.0,9.0,8.0,0,143,1,153
243,54,1379.0,2986.0,8.0,7.0,1,139,0,150
243,56,1363.0,2991.0,7.0,7.0,1,141,0,149
243,58,1374.0,2996.0,7.0,7.0,1,137,0,147
243,59,1147.0,2985.0,14.0,9.0,1,133,0,144
243,60,1112.0,2985.0,9.0,9.0,1,141,0,144
243,61,1187.0,2981.0,12.0,10.0,1,137,0,143
243,64,1362.0,2988.0,6.0,6.0,1,127,0,137
243,66,1343.0,2991.0,5.0,6.0,1,127,0,136
243,69,1212.0,2981.0,10.0,6.0,1,125,0,133
243,72,1084.0,2990.0,10.0,8.0,1,112,0,126
243,73,1294.0,2986.0,5.0,4.0,1,116,0,126
243,77,1434.0,2990.0,8.0,10.0,1,108,0,119
243,78,1161.0,2985.0,8.0,7.0,1,104,0,119
243,81,1403.0,2980.0,6.0,7.0,1,111,0,113
243,85,1422.0,2991.0,6.0,6.0,1,98,0,108
243,90,1474.0,2993.0,7.0,8.0,1,89,0,101
243,105,1363.0,3319.0,7.0,8.0,0,58,1,74
243,131,1318.0,2988.0,10.0,6.0,1,14,0,15
243,143,1275.0,2979.0,8.0,7.0,1,3,0,3
244,2,1660.0,3199.0,14.0,11.0,1,224,0,242
244,41,1053.0,2985.0,8.0,8.0,1,157,0,169
244,44,1107.0,2977.0,10.0,8.0,0,150,2,165
244,45,1259.0,2985.0,6.0,6.0,1,155,0,161
244,46,1343.0,2990.0,5.0,6.0,1,147,0,161
244,47,1443.0,2985.0,8.0,5.0,1,139,0,160
244,53,1234.0,2980.0,11.0,8.0,1,144,0,154
244,54,1368.0,2987.0,8.0,8.0,1,140,0,151
244,56,1358.0,2991.0,6.0,6.0,1,142,0,150
244,58,1365.0,2993.0,7.0,7.0,1,138,0,148
244,59,1128.0,2985.0,17.0,11.0,1,134,0,145
244,60,1123.0,2986.0,6.0,7.0,1,142,0,145
244,61,1186.0,2980.0,9.0,10.0,1,138,0,144
244,64,1362.0,2988.0,6.0,6.0,0,127,1,138
244,66,1336.0,2992.0,6.0,6.0,1,128,0,137
244,69,1209.0,2981.0,5.0,6.0,1,126,0,134
244,72,1069.0,2988.0,9.0,9.0,1,113,0,127
244,73,1285.0,2993.0,6.0,6.0,1,117,0,127
244,77,1429.0,2976.0,7.0,11.0,1,109,0,120
244,78,1154.0,2982.0,8.0,6.0,1,105,0,120
244,81,1395.0,2981.0,6.0,8.0,1,112,0,114
244,85,1414.0,2982.0,5.0,7.0,1,99,0,109
244,90,1468.0,2990.0,7.0,6.0,1,90,0,102
244,105,1363.0,3319.0,7.0,8.0,0,58,2,75
244,131,1318.0,2988.0,10.0,6.0,0,14,1,16
244,143,1267.0,2986.0,8.0,7.0,1,4,0,4
245,2,1661.0,3186.0,16.0,13.0,1,225,0,243
245,41,1044.0,2986.0,7.0,7.0,1,158,0,170
245,44,1107.0,2977.0,10.0,8.0,0,150,3,166
245,45,1256.0,2983.0,5.0,6.0,1,156,0,162
245,46,1338.0,2989.0,8.0,7.0,1,148,0,162
245,47,1441.0,2972.0,9.0,9.0,1,140,0,161
245,53,1233.0,2980.0,11.0,9.0,1,145,0,155
245,54,1366.0,2980.0,10.0,8.0,1,141,0,152
245,56,1356.0,2991.0,8.0,6.0,1,143,0,151
245,58,1368.0,2991.0,8.0,9.0,1,139,0,149
245,59,1123.0,2983.0,16.0,8.0,1,135,0,146
245,60,1118.0,2991.0,8.0,7.0,1,143,0,146
245,61,1177.0,2981.0,10.0,7.0,1,139,0,145
245,64,1347.0,3004.0,6.0,6.0,1,128,0,139
245,66,1330.0,2989.0,8.0,7.0,1,129,0,138
245,69,1202.0,2982.0,7.0,5.0,1,127,0,135
245,72,1064.0,2985.0,9.0,7.0,1,114,0,128
245,73,1278.0,2988.0,6.0,4.0,1,118,0,128
245,77,1429.0,2976.0,7.0,11.0,0,109,1,121
245,78,1154.0,2982.0,8.0,6.0,0,105,1,121
245,81,1390.0,2982.0,7.0,8.0,1,113,0,115
245,85,1403.0,2991.0,6.0,6.0,1,100,0,110
245,90,1462.0,2991.0,7.0,10.0,1,91,0,103
245,105,1363.0,3319.0,7.0,8.0,0,58,3,76
245,131,1311.0,2986.0,10.0,6.0,1,15,0,17
245,143,1263.0,2991.0,6.0,7.0,1,5,0,5
246,2,1661.0,3186.0,16.0,13.0,0,225,1,244
246,41,1040.0,2985.0,8.0,9.0,1,159,0,171
246,44,1088.0,2979.0,7.0,8.0,1,151,0,167
246,45,1243.0,2986.0,5.0,7.0,1,157,0,163
246,46,1330.0,2991.0,6.0,7.0,1,149,0,163
246,47,1437.0,2980.0,8.0,8.0,1,141,0,162
246,53,1223.0,2976.0,9.0,8.0,1,146,0,156
246,54,1356.0,2983.0,6.0,9.0,1,142,0,153
246,56,1347.0,2990.0,7.0,7.0,1,144,0,152
246,58,1368.0,2991.0,8.0,9.0,0,139,1,150
246,59,1116.0,2984.0,16.0,9.0,1,136,0,147
246,60,1118.0,2991.0,8.0,7.0,0,143,1,147
246,61,1164.0,2982.0,12.0,8.0,1,140,0,146
246,64,1346.0,2995.0,6.0,6.0,1,129,0,140
246,66,1319.0,2984.0,6.0,7.0,1,130,0,139
246,69,1198.0,2983.0,7.0,6.0,1,128,0,136
246,72,1064.0,2992.0,7.0,8.0,1,115,0,129
246,73,1275.0,2986.0,5.0,5.0,1,119,0,129
246,77,1414.0,2983.0,6.0,7.0,1,110,0,122
246,78,1141.0,2983.0,5.0,8.0,1,106,0,122
246,81,1382.0,2983.0,6.0,6.0,1,114,0,116
246,85,1405.0,2990.0,6.0,5.0,1,101,0,111
246,90,1464.0,2994.0,5.0,7.0,1,92,0,104
246,105,1363.0,3319.0,7.0,8.0,0,58,4,77
246,131,1304.0,2991.0,11.0,7.0,1,16,0,18
246,143,1260.0,2982.0,7.0,7.0,1,6,0,6
247,2,1656.0,3195.0,14.0,10.0,1,226,0,245
247,41,1040.0,2985.0,8.0,9.0,0,159,1,172
247,44,1082.0,2984.0,7.0,7.0,1,152,0,168
247,45,1244.0,2984.0,7.0,9.0,1,158,0,164
247,46,1325.0,2987.0,5.0,5.0,1,150,0,164
247,47,1425.0,2986.0,11.0,8.0,1,142,0,163
247,53,1217.0,2979.0,11.0,10.0,1,147,0,157
247,54,1347.0,2985.0,7.0,9.0,1,143,0,154
247,56,1343.0,2987.0,7.0,8.0,1,145,0,153
247,58,1354.0,2990.0,6.0,10.0,1,140,0,151
247,59,1104.0,2982.0,7.0,7.0,1,137,0,148
247,60,1118.0,2991.0,8.0,7.0,0,143,2,148
247,61,1161.0,2978.0,11.0,9.0,1,141,0,147
247,64,1339.0,2989.0,8.0,6.0,1,130,0,141
247,66,1313.0,2990.0,8.0,6.0,1,131,0,140
247,69,1186.0,2983.0,7.0,7.0,1,129,0,137
247,72,1051.0,2984.0,9.0,6.0,1,116,0,130
247,73,1271.0,2990.0,7.0,5.0,1,120,0,130
247,77,1410.0,2984.0,7.0,8.0,1,111,0,123
247,78,1141.0,2983.0,6.0,6.0,1,107,0,123
247,81,1381.0,2986.0,8.0,6.0,1,115,0,117
247,85,1398.0,2987.0,6.0,6.0,1,102,0,112
247,90,1445.0,2990.0,8.0,10.0,1,93,0,105
247,105,1363.0,3319.0,7.0,8.0,0,58,5,78
247,131,1300.0,2986.0,10.0,8.0,1,17,0,19
247,143,1255.0,2987.0,6.0,6.0,1,7,0,7
248,2,1656.0,3195.0,14.0,10.0,0,226,1,246
248,41,1027.0,2992.0,7.0,8.0,1,160,0,173
248,44,1078.0,2981.0,8.0,9.0,1,153,0,169
248,45,1234.0,2985.0,5.0,9.0,1,159,0,165
248,46,1320.0,2991.0,6.0,6.0,1,151,0,165
248,47,1426.0,2985.0,9.0,10.0,1,143,0,164
248,53,1217.0,2979.0,11.0,10.0,0,147,1,158
248,54,1341.0,2981.0,6.0,8.0,1,144,0,155
248,56,1332.0,2988.0,7.0,8.0,1,146,0,154
248,58,1348.0,2985.0,6.0,9.0,1,141,0,152
248,59,1101.0,2983.0,16.0,9.0,1,138,0,149
248,60,1102.0,2989.0,6.0,6.0,1,144,0,149
248,61,1161.0,2978.0,11.0,9.0,0,141,1,148
248,64,1334.0,2992.0,7.0,8.0,1,131,0,142
248,66,1312.0,2986.0,8.0,9.0,1,132,0,141
248,69,1183.0,2984.0,8.0,6.0,1,130,0,138
248,72,1046.0,2984.0,8.0,7.0,1,117,0,131
248,73,1261.0,2987.0,7.0,7.0,1,121,0,131
248,77,1403.0,2977.0,5.0,8.0,1,112,0,124
248,78,1131.0,2989.0,6.0,8.0,1,108,0,124
248,81,1365.0,2982.0,8.0,5.0,1,116,0,118
248,85,1391.0,2983.0,7.0,7.0,1,103,0,113
248,90,1443.0,2988.0,7.0,7.0,1,94,0,106
248,105,1363.0,3319.0,7.0,8.0,0,58,6,79
248,131,1301.0,2990.0,9.0,7.0,1,18,0,20
248,143,1245.0,2979.0,7.0,7.0,1,8,0,8
249,2,1656.0,3195.0,14.0,10.0,0,226,2,247
249,41,1018.0,2983.0,5.0,8.0,1,161,0,174
249,44,1067.0,2975.0,7.0,10.0,1,154,0,170
249,45,1226.0,2981.0,4.0,6.0,1,160,0,166
249,46,1320.0,2991.0,6.0,6.0,0,151,1,166
249,47,1415.0,2981.0,8.0,9.0,1,144,0,165
249,53,1206.0,2981.0,12.0,11.0,1,148,0,159
249,54,1337.0,2984.0,9.0,6.0,1,145,0,156
249,56,1332.0,2988.0,7.0,8.0,0,146,1,155
249,58,1337.0,2990.0,5.0,8.0,1,142,0,153
249,59,1101.0,2983.0,16.0,9.0,0,138,1,150
249,60,1093.0,2986.0,7.0,5.0,1,145,0,150
249,61,1151.0,2981.0,10.0,8.0,1,142,0,149
249,64,1330.0,2992.0,7.0,8.0,1,132,0,143
249,66,1312.0,2986.0,8.0,9.0,0,132,1,142
249,69,1179.0,2979.0,6.0,9.0,1,131,0,139
249,72,1040.0,2989.0,11.0,7.0,1,118,0,132
249,73,1255.0,2982.0,7.0,6.0,1,122,0,132
249,77,1398.0,2979.0,7.0,8.0,1,113,0,125
249,78,1131.0,2989.0,6.0,8.0,0,108,1,125
249,81,1367.0,2985.0,7.0,5.0,1,117,0,119
249,85,1385.0,2984.0,6.0,7.0,1,104,0,114
249,90,1442.0,2992.0,7.0,7.0,1,95,0,107
249,105,1363.0,3319.0,7.0,8.0,0,58,7,80
249,131,1301.0,2990.0,9.0,7.0,0,18,1,21
249,143,1240.0,2988.0,8.0,8.0,1,9,0,9
250,2,1661.0,3178.0,16.0,15.0,1,227,0,248
250,41,1021.0,2984.0,6.0,7.0,1,162,0,175
250,44,1067.0,2976.0,7.0,7.0,1,155,0,171
250,45,1221.0,2985.0,6.0,7.0,1,161,0,167
250,46,1313.0,2988.0,7.0,6.0,1,152,0,167
250,47,1414.0,2978.0,8.0,8.0,1,145,0,166
250,53,1200.0,2981.0,10.0,9.0,1,149,0,160
250,54,1329.0,2976.0,6.0,8.0,1,146,0,157
250,56,1316.0,2994.0,7.0,6.0,1,147,0,156
250,58,1338.0,2987.0,5.0,7.0,1,143,0,154
250,59,1101.0,2983.0,16.0,9.0,0,138,2,151
250,60,1083.0,2985.0,6.0,9.0,1,146,0,151
250,61,1142.0,2980.0,10.0,9.0,1,143,0,150
250,64,1328.0,2997.0,7.0,6.0,1,133,0,144
250,66,1302.0,2988.0,7.0,7.0,1,133,0,143
250,69,1170.0,2979.0,7.0,8.0,1,132,0,140
250,72,1037.0,2989.0,8.0,7.0,1,119,0,133
250,73,1250.0,2984.0,5.0,6.0,1,123,0,133
250,77,1393.0,2982.0,6.0,8.0,1,114,0,126
250,78,1117.0,2986.0,6.0,7.0,1,109,0,126
250,81,1360.0,2983.0,9.0,8.0,1,118,0,120
250,85,1377.0,2979.0,7.0,6.0,1,105,0,115
250,90,1435.0,2989.0,8.0,6.0,1,96,0,108
250,105,1363.0,3319.0,7.0,8.0,0,58,8,81
250,131,1276.0,2990.0,11.0,7.0,1,19,0,22
250,143,1233.0,2982.0,8.0,7.0,1,10,0,10
251,2,1661.0,3176.0,21.0,8.0,1,228,0,249
251,41,1011.0,2993.0,4.0,4.0,1,163,0,176
251,44,1061.0,2986.0,9.0,7.0,1,156,0,172
251,45,1209.0,2987.0,6.0,8.0,1,162,0,168
251,46,1305.0,2986.0,7.0,4.0,1,153,0,168
251,47,1402.0,2979.0,9.0,6.0,1,146,0,167
251,53,1190.0,2979.0,9.0,10.0,1,150,0,161
251,54,1329.0,2976.0,8.0,10.0,1,147,0,158
251,56,1310.0,2982.0,6.0,7.0,1,148,0,157
251,58,1325.0,2995.0,7.0,6.0,1,144,0,155
251,59,1085.0,2986.0,17.0,10.0,1,139,0,152
251,60,1078.0,2984.0,6.0,8.0,1,147,0,152
251,61,1134.0,2982.0,7.0,7.0,1,144,0,151
251,64,1317.0,2992.0,8.0,7.0,1,134,0,145
251,66,1292.0,2987.0,6.0,6.0,1,134,0,144
251,69,1163.0,2978.0,7.0,9.0,1,133,0,141
251,72,1029.0,2992.0,8.0,7.0,1,120,0,134
251,73,1245.0,2984.0,5.0,7.0,1,124,0,134
251,77,1384.0,2979.0,8.0,7.0,1,115,0,127
251,78,1101.0,2985.0,6.0,7.0,1,110,0,127
251,81,1349.0,2975.0,8.0,8.0,1,119,0,121
251,85,1369.0,2992.0,8.0,6.0,1,106,0,116
251,90,1433.0,2979.0,7.0,10.0,1,97,0,109
251,105,1363.0,3319.0,7.0,8.0,0,58,9,82
251,131,1276.0,2990.0,11.0,7.0,0,19,1,23
251,143,1229.0,2988.0,8.0,9.0,1,11,0,11
252,2,1659.0,3177.0,19.0,12.0,1,229,0,250
252,41,1001.0,2983.0,12.0,7.0,1,164,0,177
252,44,1049.0,2981.0,8.0,7.0,1,157,0,173
252,45,1210.0,2981.0,6.0,7.0,1,163,0,169
252,46,1302.0,2986.0,5.0,6.0,1,154,0,169
252,47,1406.0,2978.0,7.0,7.0,1,147,0,168
252,53,1188.0,2985.0,10.0,9.0,1,151,0,162
252,54,1319.0,2985.0,8.0,6.0,1,148,0,159
252,56,1293.0,2984.0,7.0,6.0,1,149,0,158
252,58,1326.0,2989.0,7.0,7.0,1,145,0,156
252,59,1084.0,2985.0,15.0,9.0,1,140,0,153
252,60,1067.0,2990.0,8.0,7.0,1,148,0,153
252,61,1127.0,2976.0,10.0,9.0,1,145,0,152
252,64,1311.0,2985.0,7.0,7.0,1,135,0,146
252,66,1287.0,2984.0,6.0,6.0,1,135,0,145
252,69,1155.0,2974.0,8.0,8.0,1,134,0,142
252,72,1031.0,2989.0,7.0,7.0,1,121,0,135
252,73,1239.0,2979.0,5.0,7.0,1,125,0,135
252,77,1379.0,2983.0,6.0,8.0,1,116,0,128
252,78,1106.0,2983.0,7.0,7.0,1,111,0,128
252,81,1346.0,2978.0,5.0,8.0,1,120,0,122
252,85,1368.0,2984.0,6.0,5.0,1,107,0,117
252,90,1426.0,2983.0,6.0,9.0,1,98,0,110
252,105,1363.0,3319.0,7.0,8.0,0,58,10,83
252,131,1276.0,2990.0,11.0,7.0,0,19,2,24
252,143,1220.0,2977.0,8.0,7.0,1,12,0,12
253,2,1672.0,3176.0,10.0,6.0,1,230,0,251
253,41,992.0,2987.0,12.0,8.0,1,165,0,178
253,44,1047.0,2981.0,7.0,11.0,1,158,0,174
253,45,1200.0,2980.0,6.0,7.0,1,164,0,170
253,46,1293.0,2990.0,9.0,6.0,1,155,0,170
253,47,1394.0,2976.0,9.0,7.0,1,148,0,169
253,53,1181.0,2984.0,8.0,9.0,1,152,0,163
253,54,1315.0,2979.0,7.0,6.0,1,149,0,160
253,56,1289.0,2989.0,7.0,5.0,1,150,0,159
253,58,1316.0,2989.0,7.0,8.0,1,146,0,157
253,59,1076.0,2982.0,15.0,9.0,1,141,0,154
253,60,1060.0,2978.0,8.0,7.0,1,149,0,154
253,61,1127.0,2976.0,10.0,9.0,0,145,1,153
253,64,1304.0,2992.0,8.0,8.0,1,136,0,147
253,66,1281.0,2975.0,7.0,8.0,1,136,0,146
253,69,1150.0,2977.0,9.0,7.0,1,135,0,143
253,72,1018.0,2993.0,7.0,6.0,1,122,0,136
253,73,1231.0,2977.0,6.0,7.0,1,126,0,136
253,77,1375.0,2980.0,7.0,8.0,1,117,0,129
253,78,1094.0,2989.0,9.0,9.0,1,112,0,129
253,81,1342.0,2980.0,6.0,7.0,1,121,0,123
253,85,1357.0,2984.0,8.0,7.0,1,108,0,118
253,90,1412.0,2982.0,11.0,8.0,1,99,0,111
253,105,1363.0,3319.0,7.0,8.0,0,58,11,84
253,131,1260.0,2984.0,10.0,7.0,1,20,0,25
253,143,1210.0,2980.0,9.0,8.0,1,13,0,13
254,2,1672.0,3176.0,10.0,6.0,0,230,1,252
254,41,986.0,2986.0,7.0,11.0,1,166,0,179
254,44,1040.0,2984.0,9.0,7.0,1,159,0,175
254,45,1199.0,2981.0,6.0,7.0,1,165,0,171
254,46,1286.0,2987.0,7.0,5.0,1,156,0,171
254,47,1388.0,2978.0,8.0,8.0,1,149,0,170
254,53,1179.0,2983.0,9.0,9.0,1,153,0,164
254,54,1307.0,2984.0,7.0,8.0,1,150,0,161
254,56,1276.0,2987.0,7.0,6.0,1,151,0,160
254,58,1306.0,2987.0,8.0,6.0,1,147,0,158
254,59,1071.0,2985.0,14.0,9.0,1,142,0,155
254,60,1060.0,2981.0,7.0,7.0,1,150,0,155
254,61,1120.0,2977.0,11.0,11.0,1,146,0,154
254,64,1294.0,2988.0,9.0,5.0,1,137,0,148
254,66,1281.0,2975.0,7.0,8.0,0,136,1,147
254,69,1142.0,2981.0,8.0,9.0,1,136,0,144
254,72,1011.0,2985.0,10.0,8.0,1,123,0,137
254,73,1230.0,2974.0,5.0,9.0,1,127,0,137
254,77,1363.0,2974.0,8.0,8.0,1,118,0,130
254,78,1090.0,2985.0,9.0,7.0,1,113,0,130
254,81,1334.0,2975.0,7.0,7.0,1,122,0,124
254,85,1348.0,2977.0,6.0,5.0,1,109,0,119
254,90,1401.0,2983.0,10.0,8.0,1,100,0,112
254,105,1363.0,3319.0,7.0,8.0,0,58,12,85
254,131,1260.0,2984.0,10.0,7.0,0,20,1,26
254,143,1212.0,2981.0,8.0,6.0,1,14,0,14
255,2,1668.0,3170.0,12.0,8.0,1,231,0,253
255,41,981.0,2987.0,6.0,7.0,1,167,0,180
255,44,1027.0,2986.0,9.0,7.0,1,160,0,176
255,45,1186.0,2982.0,7.0,6.0,1,166,0,172
255,46,1283.0,2984.0,7.0,8.0,1,157,0,172
255,47,1383.0,2982.0,6.0,6.0,1,150,0,171
255,53,1172.0,2979.0,7.0,10.0,1,154,0,165
255,54,1307.0,2984.0,7.0,8.0,0,150,1,162
255,56,1270.0,2986.0,6.0,8.0,1,152,0,161
255,58,1306.0,2987.0,8.0,6.0,0,147,1,159
255,59,1060.0,2981.0,15.0,9.0,1,143,0,156
255,60,1052.0,2984.0,7.0,8.0,1,151,0,156
255,61,1111.0,2980.0,10.0,6.0,1,147,0,155
255,64,1290.0,2985.0,8.0,7.0,1,138,0,149
255,66,1280.0,2983.0,7.0,6.0,1,137,0,148
255,69,1142.0,2981.0,11.0,9.0,1,137,0,145
255,72,1011.0,2985.0,10.0,8.0,0,123,1,138
255,73,1215.0,2981.0,6.0,5.0,1,128,0,138
255,77,1363.0,2974.0,8.0,8.0,0,118,1,131
255,78,1088.0,2986.0,10.0,6.0,1,114,0,131
255,81,1330.0,2973.0,6.0,7.0,1,123,0,125
255,85,1346.0,2975.0,7.0,7.0,1,110,0,120
255,90,1399.0,2987.0,8.0,7.0,1,101,0,113
255,105,1363.0,3319.0,7.0,8.0,0,58,13,86
255,131,1250.0,2980.0,10.0,8.0,1,21,0,27
255,143,1200.0,2981.0,10.0,6.0,1,15,0,15
256,2,1675.0,3168.0,11.0,5.0,1,232,0,254
256,41,976.0,2983.0,6.0,7.0,1,168,0,181
256,44,1030.0,2980.0,9.0,8.0,1,161,0,177
256,45,1182.0,2978.0,6.0,6.0,1,167,0,173
256,46,1278.0,2994.0,7.0,5.0,1,158,0,173
256,47,1371.0,2978.0,8.0,6.0,1,151,0,172
256,53,1163.0,2974.0,11.0,7.0,1,155,0,166
256,54,1295.0,2982.0,9.0,8.0,1,151,0,163
256,56,1265.0,2985.0,7.0,7.0,1,153,0,162
256,58,1295.0,2989.0,6.0,6.0,1,148,0,160
256,59,1055.0,2978.0,15.0,10.0,1,144,0,157
256,60,1045.0,2983.0,10.0,9.0,1,152,0,157
256,61,1105.0,2981.0,9.0,6.0,1,148,0,156
256,64,1291.0,2985.0,6.0,6.0,1,139,0,150
256,66,1268.0,2984.0,8.0,6.0,1,138,0,149
256,69,1131.0,2977.0,7.0,7.0,1,138,0,146
256,72,995.0,2989.0,7.0,9.0,1,124,0,139
256,73,1220.0,2984.0,5.0,5.0,1,129,0,139
256,77,1353.0,2974.0,8.0,9.0,1,119,0,132
256,78,1076.0,2982.0,8.0,8.0,1,115,0,132
256,81,1320.0,2982.0,5.0,6.0,1,124,0,126
256,85,1341.0,2985.0,6.0,7.0,1,111,0,121
256,90,1399.0,2987.0,8.0,7.0,0,101,1,114
256,105,1363.0,3319.0,7.0,8.0,0,58,14,87
256,131,1246.0,2977.0,9.0,7.0,1,22,0,28
256,143,1197.0,2980.0,9.0,6.0,1,16,0,16
257,2,1672.0,3168.0,17.0,6.0,1,233,0,255
257,41,964.0,2988.0,8.0,9.0,1,169,0,182
257,44,1017.0,2975.0,8.0,11.0,1,162,0,178
257,45,1177.0,2978.0,7.0,5.0,1,168,0,174
257,46,1278.0,2991.0,8.0,7.0,1,159,0,174
257,47,1372.0,2972.0,8.0,8.0,1,152,0,173
257,53,1155.0,2989.0,9.0,8.0,1,156,0,167
257,54,1290.0,2976.0,8.0,9.0,1,152,0,164
257,56,1251.0,2975.0,7.0,7.0,1,154,0,163
257,58,1291.0,2986.0,8.0,8.0,1,149,0,161
257,59,1050.0,2982.0,14.0,10.0,1,145,0,158
257,60,1038.0,2979.0,8.0,8.0,1,153,0,158
257,61,1095.0,2984.0,10.0,8.0,1,149,0,157
257,64,1291.0,2985.0,6.0,6.0,0,139,1,151
257,66,1268.0,2984.0,8.0,6.0,0,138,1,150
257,69,1128.0,2975.0,8.0,9.0,1,139,0,147
257,72,991.0,2992.0,8.0,7.0,1,125,0,140
257,73,1205.0,2982.0,6.0,6.0,1,130,0,140
257,77,1345.0,2971.0,7.0,8.0,1,120,0,133
257,78,1072.0,2985.0,7.0,9.0,1,116,0,133
257,81,1309.0,2984.0,10.0,7.0,1,125,0,127
257,85,1331.0,2978.0,7.0,7.0,1,112,0,122
257,90,1399.0,2987.0,8.0,7.0,0,101,2,115
257,105,1363.0,3319.0,7.0,8.0,0,58,15,88
257,131,1238.0,2982.0,9.0,6.0,1,23,0,29
257,143,1189.0,2979.0,10.0,7.0,1,17,0,17
258,2,1666.0,3168.0,17.0,5.0,1,234,0,256
258,41,965.0,2985.0,6.0,8.0,1,170,0,183
258,44,1012.0,2982.0,6.0,7.0,1,163,0,179
258,45,1167.0,2976.0,8.0,6.0,1,169,0,175
258,46,1267.0,2990.0,10.0,5.0,1,160,0,175
258,47,1365.0,2973.0,7.0,7.0,1,153,0,174
258,53,1156.0,2980.0,8.0,8.0,1,157,0,168
258,54,1287.0,2970.0,7.0,11.0,1,153,0,165
258,56,1251.0,2975.0,7.0,7.0,0,154,1,164
258,58,1285.0,2986.0,5.0,7.0,1,150,0,162
258,59,1040.0,2981.0,14.0,10.0,1,146,0,159
258,60,1032.0,2985.0,9.0,8.0,1,154,0,159
258,61,1090.0,2984.0,8.0,11.0,1,150,0,158
258,64,1281.0,2986.0,8.0,6.0,1,140,0,152
258,66,1257.0,2986.0,8.0,7.0,1,139,0,151
258,69,1124.0,2983.0,8.0,10.0,1,140,0,148
258,72,981.0,2983.0,10.0,7.0,1,126,0,141
258,73,1201.0,2978.0,7.0,6.0,1,131,0,141
258,77,1351.0,2973.0,8.0,9.0,1,121,0,134
258,78,1069.0,2985.0,8.0,7.0,1,117,0,134
258,81,1312.0,2979.0,7.0,7.0,1,126,0,128
258,85,1325.0,2982.0,7.0,7.0,1,113,0,123
258,90,1382.0,2985.0,5.0,6.0,1,102,0,116
258,105,1363.0,3319.0,7.0,8.0,0,58,16,89
258,131,1236.0,2982.0,9.0,7.0,1,24,0,30
258,143,1188.0,2974.0,9.0,8.0,1,18,0,18
259,2,1674.0,3166.0,15.0,5.0,1,235,0,257
259,41,954.0,2985.0,10.0,8.0,1,171,0,184
259,44,1054.0,3038.0,8.0,7.0,1,164,0,180
259,45,1166.0,2984.0,8.0,5.0,1,170,0,176
259,46,1267.0,2991.0,9.0,6.0,1,161,0,176
259,47,1357.0,2979.0,7.0,7.0,1,154,0,175
259,53,1147.0,2976.0,7.0,7.0,1,158,0,169
259,54,1287.0,2970.0,7.0,11.0,0,153,1,166
259,56,1244.0,2981.0,6.0,6.0,1,155,0,165
259,58,1283.0,2984.0,8.0,5.0,1,151,0,163
259,59,1035.0,2982.0,7.0,7.0,1,147,0,160
259,60,1037.0,2983.0,16.0,11.0,1,155,0,160
259,61,1085.0,2983.0,10.0,7.0,1,151,0,159
259,64,1272.0,2988.0,6.0,5.0,1,141,0,153
259,66,1255.0,2981.0,7.0,6.0,1,140,0,152
259,69,1108.0,2979.0,8.0,8.0,1,141,0,149
259,72,978.0,2987.0,9.0,8.0,1,127,0,142
259,73,1196.0,2978.0,7.0,6.0,1,132,0,142
259,77,1334.0,2973.0,10.0,9.0,1,122,0,135
259,78,1058.0,2988.0,8.0,7.0,1,118,0,135
259,81,1310.0,2978.0,8.0,8.0,1,127,0,129
259,85,1319.0,2976.0,6.0,6.0,1,114,0,124
259,90,1378.0,2978.0,6.0,6.0,1,103,0,117
259,105,1363.0,3319.0,7.0,8.0,0,58,17,90
259,131,1225.0,2984.0,8.0,8.0,1,25,0,31
259,143,1185.0,2973.0,9.0,8.0,1,19,0,19
260,2,1672.0,3156.0,17.0,6.0,1,236,0,258
260,41,948.0,2984.0,10.0,10.0,1,172,0,185
260,44,1020.0,2983.0,7.0,8.0,1,165,0,181
260,45,1153.0,2979.0,7.0,5.0,1,171,0,177
260,46,1260.0,2985.0,6.0,6.0,1,162,0,177
260,47,1347.0,2973.0,5.0,7.0,1,155,0,176
260,53,1140.0,2975.0,7.0,7.0,1,159,0,170
260,54,1266.0,2979.0,10.0,8.0,1,154,0,167
260,56,1238.0,2978.0,8.0,8.0,1,156,0,166
260,58,1280.0,2988.0,8.0,5.0,1,152,0,164
260,59,1007.0,2970.0,9.0,10.0,1,148,0,161
260,60,1028.0,2982.0,16.0,12.0,1,156,0,161
260,61,1082.0,2980.0,8.0,9.0,1,152,0,160
260,64,1268.0,2986.0,6.0,6.0,1,142,0,154
260,66,1250.0,2982.0,6.0,5.0,1,141,0,153
260,69,1108.0,2979.0,8.0,8.0,0,141,1,150
260,72,970.0,2991.0,10.0,8.0,1,128,0,143
260,73,1190.0,2983.0,6.0,5.0,1,133,0,143
260,77,1324.0,2974.0,9.0,8.0,1,123,0,136
260,78,1052.0,2984.0,7.0,9.0,1,119,0,136
260,81,1300.0,2976.0,7.0,9.0,1,128,0,130
260,85,1314.0,2978.0,7.0,7.0,1,115,0,125
260,90,1365.0,2980.0,6.0,5.0,1,104,0,118
260,105,1363.0,3319.0,7.0,8.0,0,58,18,91
260,131,1222.0,2976.0,8.0,8.0,1,26,0,32
260,143,1176.0,2982.0,9.0,6.0,1,20,0,20
261,2,1672.0,3159.0,16.0,5.0,1,237,0,259
261,41,945.0,2987.0,6.0,6.0,1,173,0,186
261,44,1015.0,2982.0,7.0,6.0,1,166,0,182
261,45,1160.0,2976.0,6.0,6.0,1,172,0,178
261,46,1252.0,2988.0,6.0,7.0,1,163,0,178
261,47,1347.0,2973.0,5.0,7.0,0,155,1,177
261,53,1133.0,2977.0,9.0,8.0,1,160,0,171
261,54,1264.0,2976.0,10.0,8.0,1,155,0,168
261,56,1236.0,2983.0,7.0,8.0,1,157,0,167
261,58,1280.0,2988.0,8.0,5.0,0,152,1,165
261,59,994.0,2975.0,10.0,9.0,1,149,0,162
261,60,1021.0,2980.0,15.0,10.0,1,157,0,162
261,61,1077.0,2979.0,9.0,10.0,1,153,0,161
261,64,1258.0,2988.0,6.0,7.0,1,143,0,155
261,66,1250.0,2982.0,6.0,5.0,0,141,1,154
261,69,1103.0,2980.0,9.0,6.0,1,142,0,151
261,72,959.0,2988.0,13.0,7.0,1,129,0,144
261,73,1180.0,2973.0,6.0,6.0,1,134,0,144
261,77,1329.0,2974.0,9.0,10.0,1,124,0,137
261,78,1041.0,2983.0,7.0,8.0,1,120,0,137
261,81,1292.0,2975.0,8.0,6.0,1,129,0,131
261,85,1312.0,2979.0,6.0,6.0,1,116,0,126
261,90,1366.0,2979.0,7.0,5.0,1,105,0,119
261,105,1363.0,3319.0,7.0,8.0,0,58,19,92
261,131,1215.0,2981.0,7.0,9.0,1,27,0,33
261,143,1169.0,2972.0,9.0,8.0,1,21,0,21
262,2,1668.0,3156.0,17.0,5.0,1,238,0,260
262,41,938.0,2985.0,12.0,8.0,1,174,0,187
262,44,1013.0,2988.0,15.0,11.0,1,167,0,183
262,45,1156.0,2980.0,9.0,8.0,1,173,0,179
262,46,1247.0,2989.0,5.0,6.0,1,164,0,179
262,47,1347.0,2973.0,5.0,7.0,0,155,2,178
262,53,1128.0,2978.0,8.0,7.0,1,161,0,172
262,54,1261.0,2982.0,10.0,8.0,1,156,0,169
262,56,1230.0,2979.0,7.0,5.0,1,158,0,168
262,58,1262.0,2986.0,8.0,9.0,1,153,0,166
262,59,987.0,2982.0,8.0,7.0,1,150,0,163
262,60,1008.0,2983.0,7.0,5.0,1,158,0,163
262,61,1064.0,2980.0,10.0,11.0,1,154,0,162
262,64,1254.0,2981.0,6.0,6.0,1,144,0,156
262,66,1250.0,2982.0,6.0,5.0,0,141,2,155
262,69,1094.0,2981.0,7.0,6.0,1,143,0,152
262,72,961.0,2993.0,11.0,9.0,1,130,0,145
262,73,1176.0,2981.0,6.0,7.0,1,135,0,145
262,77,1321.0,2973.0,13.0,7.0,1,125,0,138
262,78,1041.0,2983.0,7.0,8.0,0,120,1,138
262,81,1282.0,2976.0,7.0,7.0,1,130,0,132
262,85,1303.0,2978.0,6.0,7.0,1,117,0,127
262,90,1358.0,2980.0,7.0,4.0,1,106,0,120
262,105,1363.0,3319.0,7.0,8.0,0,58,20,93
262,131,1203.0,2977.0,10.0,8.0,1,28,0,34
262,143,1169.0,2972.0,9.0,8.0,0,21,1,22
263,2,1675.0,3154.0,17.0,5.0,1,239,0,261
263,41,924.0,2984.0,9.0,7.0,1,175,0,188
263,44,999.0,2985.0,7.0,8.0,1,168,0,184
263,45,1138.0,2982.0,6.0,6.0,1,174,0,180
263,46,1226.0,2992.0,7.0,5.0,1,165,0,180
263,47,1331.0,2975.0,7.0,6.0,1,156,0,179
263,53,1122.0,2975.0,9.0,7.0,1,162,0,173
263,54,1261.0,2982.0,10.0,8.0,0,156,1,170
263,56,1222.0,2982.0,5.0,6.0,1,159,0,169
263,58,1252.0,2984.0,8.0,7.0,1,154,0,167
263,59,986.0,2980.0,8.0,7.0,1,151,0,164
263,60,1006.0,2982.0,16.0,10.0,1,159,0,164
263,61,1062.0,2984.0,8.0,9.0,1,155,0,163
263,64,1244.0,2981.0,6.0,6.0,1,145,0,157
263,66,1239.0,2980.0,6.0,7.0,1,142,0,156
263,69,1090.0,2976.0,8.0,5.0,1,144,0,153
263,72,961.0,2993.0,11.0,9.0,0,130,1,146
263,73,1173.0,2975.0,6.0,6.0,1,136,0,146
263,77,1308.0,2975.0,9.0,9.0,1,126,0,139
263,78,1041.0,2983.0,7.0,8.0,0,120,2,139
263,81,1282.0,2973.0,7.0,7.0,1,131,0,133
263,85,1303.0,2978.0,6.0,7.0,0,117,1,128
263,90,1358.0,2980.0,7.0,4.0,0,106,1,121
263,105,1363.0,3319.0,7.0,8.0,0,58,21,94
263,131,1200.0,2984.0,9.0,8.0,1,29,0,35
263,143,1169.0,2972.0,9.0,8.0,0,21,2,23
264,2,1675.0,3157.0,17.0,5.0,1,240,0,262
264,41,925.0,2983.0,8.0,9.0,1,176,0,189
264,44,999.0,2984.0,16.0,11.0,1,169,0,185
264,45,1140.0,2985.0,7.0,5.0,1,175,0,181
264,46,1219.0,2983.0,8.0,6.0,1,166,0,181
264,47,1328.0,2973.0,7.0,5.0,1,157,0,180
264,53,1110.0,2979.0,9.0,8.0,1,163,0,174
264,54,1244.0,2976.0,8.0,7.0,1,157,0,171
264,56,1215.0,2977.0,5.0,6.0,1,160,0,170
264,58,1252.0,2986.0,5.0,4.0,1,155,0,168
264,59,979.0,2986.0,8.0,7.0,1,152,0,165
264,60,1006.0,2982.0,16.0,10.0,0,159,1,165
264,61,1060.0,2979.0,9.0,8.0,1,156,0,164
264,64,1244.0,2981.0,6.0,6.0,0,145,1,158
264,66,1235.0,2981.0,7.0,7.0,1,143,0,157
264,69,1077.0,2987.0,7.0,8.0,1,145,0,154
264,72,946.0,2991.0,8.0,6.0,1,131,0,147
264,73,1167.0,2973.0,5.0,5.0,1,137,0,147
264,77,1304.0,2979.0,7.0,7.0,1,127,0,140
264,78,1024.0,2986.0,9.0,8.0,1,121,0,140
264,81,1272.0,2981.0,7.0,8.0,1,132,0,134
264,85,1291.0,2976.0,5.0,6.0,1,118,0,129
264,90,1337.0,2973.0,9.0,8.0,1,107,0,122
264,105,1363.0,3319.0,7.0,8.0,0,58,22,95
264,131,1199.0,2977.0,7.0,7.0,1,30,0,36
264,143,1151.0,2978.0,9.0,8.0,1,22,0,24
265,2,1675.0,3150.0,18.0,6.0,1,241,0,263
265,41,923.0,2983.0,9.0,7.0,1,177,0,190
265,44,993.0,2988.0,4.0,6.0,1,170,0,186
265,45,1125.0,2974.0,6.0,5.0,1,176,0,182
265,46,1224.0,2978.0,6.0,4.0,1,167,0,182
265,47,1318.0,2977.0,6.0,6.0,1,158,0,181
265,53,1106.0,2976.0,10.0,7.0,1,164,0,175
265,54,1242.0,2976.0,8.0,7.0,1,158,0,172
265,56,1212.0,2978.0,7.0,9.0,1,161,0,171
265,58,1243.0,2980.0,8.0,8.0,1,156,0,169
265,59,966.0,2982.0,7.0,10.0,1,153,0,166
265,60,996.0,2983.0,16.0,10.0,1,160,0,166
265,61,1045.0,2980.0,9.0,9.0,1,157,0,165
265,64,1233.0,2979.0,7.0,6.0,1,146,0,159
265,66,1231.0,2976.0,5.0,9.0,1,144,0,158
265,69,1079.0,2981.0,8.0,7.0,1,146,0,155
265,72,937.0,2987.0,8.0,7.0,1,132,0,148
265,73,1155.0,2982.0,6.0,6.0,1,138,0,148
265,77,1304.0,2979.0,7.0,7.0,0,127,1,141
265,78,1023.0,2988.0,7.0,8.0,1,122,0,141
265,81,1267.0,2970.0,7.0,7.0,1,133,0,135
265,85,1285.0,2976.0,5.0,6.0,1,119,0,130
265,90,1337.0,2973.0,9.0,8.0,0,107,1,123
265,105,1363.0,3319.0,7.0,8.0,0,58,23,96
265,131,1183.0,2978.0,8.0,5.0,1,31,0,37
265,143,1144.0,2983.0,9.0,8.0,1,23,0,25
266,2,1675.0,3149.0,17.0,5.0,1,242,0,264
266,41,907.0,2984.0,8.0,9.0,1,178,0,191
266,44,987.0,2986.0,6.0,7.0,1,171,0,187
266,45,1122.0,2979.0,5.0,5.0,1,177,0,183
266,46,1207.0,2976.0,8.0,8.0,1,168,0,183
266,47,1313.0,2966.0,9.0,9.0,1,159,0,182
266,53,1097.0,2976.0,9.0,8.0,1,165,0,176
266,54,1233.0,2972.0,9.0,7.0,1,159,0,173
266,56,1200.0,2981.0,6.0,7.0,1,162,0,172
266,58,1235.0,2984.0,5.0,6.0,1,157,0,170
266,59,966.0,2982.0,7.0,10.0,0,153,1,167
266,60,989.0,2985.0,12.0,9.0,1,161,0,167
266,61,1045.0,2985.0,9.0,6.0,1,158,0,166
266,64,1235.0,2986.0,6.0,6.0,1,147,0,160
266,66,1230.0,2984.0,7.0,7.0,1,145,0,159
266,69,1068.0,2978.0,7.0,7.0,1,147,0,156
266,72,934.0,2982.0,11.0,10.0,1,133,0,149
266,73,1157.0,2982.0,6.0,5.0,1,139,0,149
266,77,1296.0,2976.0,7.0,6.0,1,128,0,142
266,78,1010.0,2985.0,8.0,8.0,1,123,0,142
266,81,1262.0,2974.0,9.0,9.0,1,134,0,136
266,85,1281.0,2974.0,7.0,6.0,1,120,0,131
266,90,1326.0,2977.0,8.0,7.0,1,108,0,124
266,105,1363.0,3319.0,7.0,8.0,0,58,24,97
266,131,1183.0,2977.0,10.0,7.0,1,32,0,38
266,143,1140.0,2971.0,7.0,8.0,1,24,0,26
267,2,1676.0,3149.0,16.0,5.0,1,243,0,265
267,41,898.0,2983.0,7.0,6.0,1,179,0,192
267,44,973.0,2991.0,6.0,4.0,1,172,0,188
267,45,1118.0,2982.0,5.0,6.0,1,178,0,184
267,46,1207.0,2976.0,8.0,8.0,0,168,1,184
267,47,1309.0,2973.0,8.0,9.0,1,160,0,183
267,53,1096.0,2979.0,6.0,7.0,1,166,0,177
267,54,1230.0,2977.0,7.0,6.0,1,160,0,174
267,56,1196.0,2979.0,6.0,7.0,1,163,0,173
267,58,1235.0,2989.0,7.0,6.0,1,158,0,171
267,59,966.0,2982.0,7.0,10.0,0,153,2,168
267,60,982.0,2984.0,14.0,9.0,1,162,0,168
267,61,1034.0,2986.0,10.0,9.0,1,159,0,167
267,64,1226.0,2978.0,7.0,6.0,1,148,0,161
267,66,1214.0,2982.0,6.0,7.0,1,146,0,160
267,69,1065.0,2980.0,6.0,6.0,1,148,0,157
267,72,924.0,2984.0,9.0,6.0,1,134,0,150
267,73,1150.0,2977.0,7.0,7.0,1,140,0,150
267,77,1289.0,2976.0,8.0,7.0,1,129,0,143
267,78,1009.0,2985.0,7.0,5.0,1,124,0,143
267,81,1256.0,2975.0,8.0,5.0,1,135,0,137
267,85,1268.0,2971.0,8.0,9.0,1,121,0,132
267,90,1326.0,2977.0,8.0,7.0,0,108,1,125
267,105,1363.0,3319.0,7.0,8.0,0,58,25,98
267,131,1177.0,2980.0,9.0,7.0,1,33,0,39
267,143,1132.0,2975.0,9.0,7.0,1,25,0,27
268,2,1676.0,3149.0,16.0,5.0,0,243,1,266
268,41,900.0,2981.0,13.0,10.0,1,180,0,193
268,44,972.0,2986.0,6.0,6.0,1,173,0,189
268,45,1105.0,2974.0,6.0,5.0,1,179,0,185
268,46,1197.0,2975.0,7.0,7.0,1,169,0,185
268,47,1308.0,2972.0,9.0,8.0,1,161,0,184
268,53,1089.0,2981.0,7.0,5.0,1,167,0,178
268,54,1220.0,2975.0,10.0,6.0,1,161,0,175
268,56,1185.0,2985.0,7.0,7.0,1,164,0,174
268,58,1224.0,2986.0,7.0,8.0,1,159,0,172
268,59,956.0,2979.0,9.0,6.0,1,154,0,169
268,60,978.0,2977.0,14.0,9.0,1,163,0,169
268,61,1028.0,2986.0,10.0,7.0,1,160,0,168
268,64,1219.0,2982.0,6.0,6.0,1,149,0,162
268,66,1211.0,2982.0,8.0,7.0,1,147,0,161
268,69,1051.0,2980.0,8.0,6.0,1,149,0,158
268,72,917.0,2979.0,10.0,9.0,1,135,0,151
268,73,1137.0,2981.0,5.0,4.0,1,141,0,151
268,77,1283.0,2975.0,9.0,8.0,1,130,0,144
268,78,1009.0,2985.0,7.0,5.0,0,124,1,144
268,81,1245.0,2971.0,7.0,5.0,1,136,0,138
268,85,1269.0,2978.0,7.0,6.0,1,122,0,133
268,90,1321.0,2972.0,7.0,9.0,1,109,0,126
268,105,1363.0,3319.0,7.0,8.0,0,58,26,99
268,131,1172.0,2973.0,8.0,7.0,1,34,0,40
268,143,1127.0,2981.0,9.0,9.0,1,26,0,28
269,2,1679.0,3140.0,18.0,5.0,1,244,0,267
269,41,900.0,2981.0,13.0,10.0,0,180,1,194
269,44,959.0,2990.0,7.0,6.0,1,174,0,190
269,45,1102.0,2982.0,6.0,4.0,1,180,0,186
269,46,1187.0,2974.0,6.0,7.0,1,170,0,186
269,47,1293.0,2973.0,10.0,7.0,1,162,0,185
269,53,1086.0,2981.0,5.0,5.0,1,168,0,179
269,54,1214.0,2974.0,8.0,7.0,1,162,0,176
269,56,1180.0,2979.0,6.0,6.0,1,165,0,175
269,58,1220.0,2980.0,7.0,7.0,1,160,0,173
269,59,942.0,2977.0,10.0,10.0,1,155,0,170
269,60,968.0,2986.0,13.0,9.0,1,164,0,170
269,61,1028.0,2986.0,10.0,7.0,0,160,1,169
269,64,1213.0,2979.0,7.0,8.0,1,150,0,163
269,66,1205.0,2982.0,8.0,7.0,1,148,0,162
269,69,1044.0,2981.0,9.0,7.0,1,150,0,159
269,72,911.0,2984.0,12.0,7.0,1,136,0,152
269,73,1134.0,2978.0,6.0,7.0,1,142,0,152
269,77,1282.0,2971.0,6.0,9.0,1,131,0,145
269,78,991.0,2989.0,7.0,7.0,1,125,0,145
269,81,1251.0,2975.0,6.0,5.0,1,137,0,139
269,85,1256.0,2977.0,8.0,6.0,1,123,0,134
269,90,1315.0,2971.0,9.0,8.0,1,110,0,127
269,105,1363.0,3319.0,7.0,8.0,0,58,27,100
269,131,1172.0,2973.0,8.0,7.0,0,34,1,41
269,143,1127.0,2981.0,9.0,9.0,0,26,1,29
270,2,1683.0,3140.0,18.0,6.0,1,245,0,268
270,41,883.0,2984.0,8.0,10.0,1,181,0,195
270,44,959.0,2983.0,5.0,9.0,1,175,0,191
270,45,1097.0,2979.0,5.0,3.0,1,181,0,187
270,46,1184.0,2983.0,6.0,6.0,1,171,0,187
270,47,1288.0,2970.0,10.0,8.0,1,163,0,186
270,53,1073.0,2981.0,9.0,8.0,1,169,0,180
270,54,1212.0,2972.0,10.0,10.0,1,163,0,177
270,56,1177.0,2980.0,8.0,6.0,1,166,0,176
270,58,1217.0,2984.0,6.0,4.0,1,161,0,174
270,59,942.0,2977.0,10.0,10.0,0,155,1,171
270,60,963.0,2982.0,15.0,9.0,1,165,0,171
270,61,1016.0,2981.0,8.0,9.0,1,161,0,170
270,64,1199.0,2982.0,6.0,7.0,1,151,0,164
270,66,1202.0,2982.0,7.0,8.0,1,149,0,163
270,69,1044.0,2981.0,9.0,7.0,0,150,1,160
270,72,903.0,2990.0,10.0,9.0,1,137,0,153
270,73,1134.0,2978.0,6.0,7.0,0,142,1,153
270,77,1277.0,2971.0,6.0,6.0,1,132,0,146
270,78,991.0,2993.0,8.0,8.0,1,126,0,146
270,81,1234.0,2971.0,8.0,6.0,1,138,0,140
270,85,1257.0,2976.0,5.0,5.0,1,124,0,135
270,90,1314.0,2971.0,9.0,6.0,1,111,0,128
270,105,1363.0,3319.0,7.0,8.0,0,58,28,101
270,131,1161.0,2977.0,9.0,8.0,1,35,0,42
270,143,1111.0,2971.0,8.0,6.0,1,27,0,30
271,2,1685.0,3139.0,18.0,6.0,1,246,0,269
271,41,881.0,2986.0,7.0,8.0,1,182,0,196
271,44,944.0,2984.0,11.0,5.0,1,176,0,192
271,45,1092.0,2979.0,8.0,5.0,1,182,0,188
271,46,1174.0,2975.0,6.0,6.0,1,172,0,188
271,47,1287.0,2975.0,8.0,7.0,1,164,0,187
271,53,1073.0,2981.0,9.0,8.0,0,169,1,181
271,54,1212.0,2969.0,9.0,7.0,1,164,0,178
271,56,1172.0,2975.0,7.0,7.0,1,167,0,177
271,58,1213.0,2980.0,8.0,5.0,1,162,0,175
271,59,932.0,2980.0,7.0,8.0,1,156,0,172
271,60,957.0,2980.0,14.0,10.0,1,166,0,172
271,61,1009.0,2985.0,11.0,9.0,1,162,0,171
271,64,1197.0,2975.0,6.0,8.0,1,152,0,165
271,66,1193.0,2981.0,7.0,7.0,1,150,0,164
271,69,1033.0,2978.0,9.0,5.0,1,151,0,161
271,72,894.0,2984.0,8.0,7.0,1,138,0,154
271,73,1134.0,2978.0,6.0,7.0,0,142,2,154
271,77,1259.0,2969.0,6.0,8.0,1,133,0,147
271,78,981.0,2984.0,8.0,5.0,1,127,0,147
271,81,1236.0,2971.0,5.0,5.0,1,139,0,141
271,85,1253.0,2970.0,6.0,7.0,1,125,0,136
271,90,1304.0,2977.0,9.0,8.0,1,112,0,129
271,105,1363.0,3319.0,7.0,8.0,0,58,29,102
271,131,1161.0,2977.0,9.0,8.0,0,35,1,43
271,143,1110.0,2973.0,8.0,6.0,1,28,0,31
272,2,1687.0,3127.0,18.0,7.0,1,247,0,270
272,41,869.0,2987.0,8.0,7.0,1,183,0,197
272,44,939.0,2990.0,9.0,9.0,1,177,0,193
272,45,1086.0,2975.0,5.0,6.0,1,183,0,189
272,46,1177.0,2972.0,6.0,5.0,1,173,0,189
272,47,1273.0,2968.0,8.0,7.0,1,165,0,188
272,53,1062.0,2979.0,8.0,7.0,1,170,0,182
272,54,1196.0,2970.0,13.0,9.0,1,165,0,179
272,56,1163.0,2977.0,7.0,7.0,1,168,0,178
272,58,1203.0,2975.0,6.0,8.0,1,163,0,176
272,59,929.0,2979.0,8.0,8.0,1,157,0,173
272,60,952.0,2984.0,15.0,9.0,1,167,0,173
272,61,1008.0,2983.0,10.0,8.0,1,163,0,172
272,64,1194.0,2980.0,8.0,6.0,1,153,0,166
272,66,1179.0,2980.0,6.0,6.0,1,151,0,165
272,69,1027.0,2986.0,9.0,5.0,1,152,0,162
272,72,934.0,3215.0,9.0,5.0,1,139,0,155
272,73,1123.0,2978.0,5.0,5.0,1,143,0,155
272,77,1257.0,2971.0,5.0,7.0,1,134,0,148
272,78,972.0,2981.0,7.0,7.0,1,128,0,148
272,81,1223.0,2978.0,9.0,7.0,1,140,0,142
272,85,1244.0,2978.0,5.0,5.0,1,126,0,137
272,90,1298.0,2974.0,7.0,7.0,1,113,0,130
272,131,1151.0,2969.0,7.0,7.0,1,36,0,44
272,143,1109.0,2977.0,10.0,8.0,1,29,0,32
273,2,1688.0,3137.0,19.0,7.0,1,248,0,271
273,41,867.0,2986.0,7.0,7.0,1,184,0,198
273,44,929.0,2989.0,9.0,6.0,1,178,0,194
273,45,1079.0,2977.0,7.0,6.0,1,184,0,190
273,46,1167.0,2972.0,6.0,6.0,1,174,0,190
273,47,1275.0,2969.0,9.0,9.0,1,166,0,189
273,53,1062.0,2979.0,8.0,7.0,0,170,1,183
273,54,1190.0,2979.0,8.0,7.0,1,166,0,180
273,56,1159.0,2973.0,6.0,6.0,1,169,0,179
273,58,1197.0,2974.0,8.0,7.0,1,164,0,177
273,59,886.0,2984.0,9.0,7.0,1,158,0,174
273,60,928.0,2979.0,7.0,10.0,1,168,0,174
273,61,971.0,2988.0,8.0,7.0,1,164,0,173
273,64,1191.0,2982.0,6.0,8.0,1,154,0,167
273,66,1183.0,2979.0,7.0,6.0,1,152,0,166
273,69,1023.0,2982.0,9.0,7.0,1,153,0,163
273,72,934.0,3215.0,9.0,5.0,0,139,1,156
273,73,1111.0,2979.0,8.0,7.0,1,144,0,156
273,77,1253.0,2964.0,7.0,11.0,1,135,0,149
273,78,948.0,2980.0,14.0,9.0,1,129,0,149
273,81,1223.0,2970.0,5.0,7.0,1,141,0,143
273,85,1237.0,2973.0,8.0,6.0,1,127,0,138
273,90,1296.0,2970.0,7.0,8.0,1,114,0,131
273,131,1144.0,2971.0,7.0,8.0,1,37,0,45
273,143,1091.0,2974.0,10.0,8.0,1,30,0,33
274,2,1685.0,3130.0,19.0,10.0,1,249,0,272
274,41,862.0,2980.0,8.0,7.0,1,185,0,199
274,44,942.0,2981.0,14.0,9.0,1,179,0,195
274,45,1076.0,2971.0,6.0,6.0,1,185,0,191
274,46,1156.0,2979.0,6.0,6.0,1,175,0,191
274,47,1263.0,2967.0,9.0,7.0,1,167,0,190
274,53,1062.0,2979.0,8.0,7.0,0,170,2,184
274,54,1184.0,2976.0,7.0,6.0,1,167,0,181
274,56,1152.0,2980.0,7.0,6.0,1,170,0,180
274,58,1188.0,2969.0,9.0,7.0,1,165,0,178
274,59,877.0,2988.0,9.0,6.0,1,159,0,175
274,60,913.0,2976.0,6.0,9.0,1,169,0,175
274,61,989.0,2984.0,10.0,11.0,1,165,0,174
274,64,1196.0,2984.0,6.0,5.0,1,155,0,168
274,66,1173.0,2982.0,6.0,7.0,1,153,0,167
274,69,1015.0,2980.0,7.0,10.0,1,154,0,164
274,72,934.0,3215.0,9.0,5.0,0,139,2,157
274,73,1103.0,2974.0,9.0,6.0,1,145,0,157
274,77,1247.0,2976.0,9.0,9.0,1,136,0,150
274,78,959.0,2986.0,7.0,7.0,1,130,0,150
274,81,1212.0,2965.0,8.0,8.0,1,142,0,144
274,85,1227.0,2975.0,8.0,5.0,1,128,0,139
274,90,1287.0,2972.0,11.0,5.0,1,115,0,132
274,131,1136.0,2974.0,8.0,8.0,1,38,0,46
274,143,1092.0,2971.0,9.0,8.0,1,31,0,34
275,2,1692.0,3127.0,19.0,9.0,1,250,0,273
275,41,853.0,2988.0,7.0,6.0,1,186,0,200
275,44,919.0,2984.0,8.0,7.0,1,180,0,196
275,45,1067.0,2981.0,5.0,5.0,1,186,0,192
275,46,1159.0,2973.0,7.0,7.0,1,176,0,192
275,47,1263.0,2969.0,5.0,7.0,1,168,0,191
275,53,1038.0,2981.0,10.0,7.0,1,171,0,185
275,54,1174.0,2972.0,9.0,6.0,1,168,0,182
275,56,1146.0,2979.0,8.0,8.0,1,171,0,181
275,58,1188.0,2969.0,9.0,7.0,0,165,1,179
275,59,869.0,2989.0,8.0,6.0,1,160,0,176
275,60,910.0,2978.0,12.0,7.0,1,170,0,176
275,61,958.0,2980.0,7.0,7.0,1,166,0,175
275,64,1196.0,2984.0,6.0,5.0,0,155,1,169
275,66,1166.0,2977.0,6.0,7.0,1,154,0,168
275,69,979.0,2985.0,11.0,6.0,1,155,0,165
275,72,934.0,3215.0,9.0,5.0,0,139,3,158
275,73,1103.0,2974.0,9.0,6.0,0,145,1,158
275,77,1239.0,2977.0,10.0,9.0,1,137,0,151
275,78,935.0,2984.0,14.0,9.0,1,131,0,151
275,81,1209.0,2970.0,6.0,8.0,1,143,0,145
275,85,1223.0,2969.0,7.0,7.0,1,129,0,140
275,90,1272.0,2971.0,8.0,10.0,1,116,0,133
275,131,1132.0,2973.0,8.0,7.0,1,39,0,47
275,143,1082.0,2981.0,8.0,8.0,1,32,0,35
276,2,1695.0,3123.0,19.0,9.0,1,251,0,274
276,41,845.0,2982.0,9.0,9.0,1,187,0,201
276,44,918.0,2985.0,7.0,7.0,1,181,0,197
276,45,1037.0,2978.0,7.0,8.0,1,187,0,193
276,46,1148.0,2975.0,6.0,6.0,1,177,0,193
276,47,1239.0,2966.0,8.0,8.0,1,169,0,192
276,53,1004.0,2983.0,10.0,10.0,1,172,0,186
276,54,1169.0,2980.0,6.0,6.0,1,169,0,183
276,56,1124.0,2977.0,6.0,8.0,1,172,0,182
276,58,1171.0,2969.0,9.0,8.0,1,166,0,180
276,59,868.0,2978.0,9.0,9.0,1,161,0,177
276,60,909.0,2981.0,6.0,7.0,1,171,0,177
276,61,943.0,2988.0,8.0,10.0,1,167,0,176
276,64,1174.0,2977.0,7.0,5.0,1,156,0,170
276,66,1159.0,2979.0,6.0,5.0,1,155,0,169
276,69,981.0,2984.0,12.0,7.0,1,156,0,166
276,72,934.0,3215.0,9.0,5.0,0,139,4,159
276,73,1065.0,2982.0,6.0,5.0,1,146,0,159
276,77,1182.0,3183.0,7.0,7.0,1,138,0,152
276,78,921.0,2983.0,14.0,9.0,1,132,0,152
276,81,1201.0,2968.0,8.0,11.0,1,144,0,146
276,85,1223.0,2974.0,6.0,6.0,1,130,0,141
276,90,1257.0,2968.0,9.0,6.0,1,117,0,134
276,131,1098.0,2971.0,7.0,5.0,1,40,0,48
276,143,1073.0,2978.0,9.0,8.0,1,33,0,36
277,2,1690.0,3125.0,21.0,10.0,1,252,0,275
277,41,840.0,2984.0,9.0,8.0,1,188,0,202
277,44,910.0,2983.0,8.0,7.0,1,182,0,198
277,45,1033.0,2981.0,9.0,7.0,1,188,0,194
277,46,1140.0,2967.0,7.0,8.0,1,178,0,194
277,47,1247.0,2970.0,9.0,7.0,1,170,0,193
277,53,994.0,2981.0,13.0,6.0,1,173,0,187
277,54,1164.0,2978.0,6.0,8.0,1,170,0,184
277,56,1131.0,2975.0,9.0,7.0,1,173,0,183
277,58,1167.0,2970.0,11.0,6.0,1,167,0,181
277,59,861.0,2985.0,7.0,6.0,1,162,0,178
277,60,901.0,2977.0,8.0,12.0,1,172,0,178
277,61,939.0,2982.0,11.0,7.0,1,168,0,177
277,64,1174.0,2981.0,7.0,7.0,1,157,0,171
277,66,1156.0,2976.0,7.0,6.0,1,156,0,170
277,69,974.0,2987.0,10.0,5.0,1,157,0,167
277,72,934.0,3215.0,9.0,5.0,0,139,5,160
277,73,1058.0,2984.0,5.0,4.0,1,147,0,160
277,77,1227.0,2968.0,10.0,7.0,1,139,0,153
277,78,917.0,2985.0,17.0,11.0,1,133,0,153
277,81,1201.0,2965.0,9.0,5.0,1,145,0,147
277,85,1214.0,2973.0,7.0,8.0,1,131,0,142
277,90,1264.0,2964.0,11.0,9.0,1,118,0,135
277,131,1117.0,2979.0,9.0,7.0,1,41,0,49
277,143,1088.0,2977.0,9.0,8.0,1,34,0,37
278,2,1691.0,3126.0,19.0,7.0,1,253,0,276
278,41,836.0,2981.0,8.0,10.0,1,189,0,203
278,44,904.0,2982.0,15.0,9.0,1,183,0,199
278,45,1047.0,2980.0,6.0,5.0,1,189,0,195
278,46,1139.0,2974.0,8.0,7.0,1,179,0,195
278,47,1247.0,2968.0,8.0,6.0,1,171,0,194
278,53,991.0,2983.0,7.0,6.0,1,174,0,188
278,54,1152.0,2979.0,7.0,5.0,1,171,0,185
278,56,1122.0,2983.0,6.0,6.0,1,174,0,184
278,58,1166.0,2975.0,9.0,7.0,1,168,0,182
278,59,853.0,2987.0,7.0,4.0,1,163,0,179
278,60,902.0,2981.0,7.0,11.0,1,173,0,179
278,61,937.0,2984.0,10.0,7.0,1,169,0,178
278,64,1169.0,2981.0,8.0,5.0,1,158,0,172
278,66,1147.0,2982.0,7.0,6.0,1,157,0,171
278,69,1024.0,2984.0,9.0,6.0,1,158,0,168
278,72,934.0,3215.0,9.0,5.0,0,139,6,161
278,73,1059.0,2977.0,9.0,8.0,1,148,0,161
278,77,1230.0,2967.0,11.0,7.0,1,140,0,154
278,78,967.0,2992.0,8.0,6.0,1,134,0,154
278,81,1198.0,2970.0,9.0,8.0,1,146,0,148
278,85,1208.0,2973.0,9.0,7.0,1,132,0,143
278,90,1260.0,2970.0,10.0,8.0,1,119,0,136
278,131,1109.0,2980.0,9.0,8.0,1,42,0,50
278,143,1076.0,2971.0,7.0,8.0,1,35,0,38
279,2,1698.0,3118.0,18.0,9.0,1,254,0,277
279,41,831.0,2986.0,6.0,6.0,1,190,0,204
279,44,904.0,2987.0,15.0,10.0,1,184,0,200
279,45,1044.0,2983.0,5.0,5.0,1,190,0,196
279,46,1127.0,2972.0,7.0,6.0,1,180,0,196
279,47,1239.0,2965.0,9.0,7.0,1,172,0,195
279,53,985.0,2983.0,10.0,5.0,1,175,0,189
279,54,1144.0,2976.0,9.0,7.0,1,172,0,186
279,56,1116.0,2975.0,7.0,7.0,1,175,0,185
279,58,1156.0,2970.0,7.0,6.0,1,169,0,183
279,59,847.0,2983.0,10.0,8.0,1,164,0,180
279,60,885.0,2986.0,11.0,11.0,1,174,0,180
279,61,923.0,2988.0,10.0,8.0,1,170,0,179
279,64,1163.0,2978.0,7.0,6.0,1,159,0,173
279,66,1143.0,2982.0,7.0,6.0,1,158,0,172
279,69,1022.0,2983.0,8.0,7.0,1,159,0,169
279,72,934.0,3215.0,9.0,5.0,0,139,7,162
279,73,1064.0,2983.0,9.0,6.0,1,149,0,162
279,77,1230.0,2967.0,11.0,7.0,0,140,1,155
279,78,955.0,2988.0,9.0,6.0,1,135,0,155
279,81,1189.0,2972.0,8.0,5.0,1,147,0,149
279,85,1205.0,2965.0,9.0,10.0,1,133,0,144
279,90,1257.0,2968.0,9.0,7.0,1,120,0,137
279,131,1109.0,2980.0,9.0,8.0,0,42,1,51
279,143,1078.0,2970.0,8.0,8.0,1,36,0,39
280,2,1699.0,3115.0,19.0,6.0,1,255,0,278
280,41,813.0,2987.0,7.0,8.0,1,191,0,205
280,44,884.0,2984.0,7.0,7.0,1,185,0,201
280,45,1007.0,2976.0,11.0,9.0,1,191,0,197
280,46,1118.0,2972.0,6.0,7.0,1,181,0,197
280,47,1230.0,2971.0,9.0,6.0,1,173,0,196
280,53,951.0,2992.0,10.0,7.0,1,176,0,190
280,54,1124.0,2972.0,8.0,6.0,1,173,0,187
280,56,1099.0,2970.0,10.0,7.0,1,176,0,186
280,58,1151.0,2974.0,8.0,9.0,1,170,0,184
280,59,841.0,2987.0,7.0,7.0,1,165,0,181
280,60,873.0,2978.0,10.0,7.0,1,175,0,181
280,61,899.0,2979.0,14.0,8.0,1,171,0,180
280,64,1155.0,2979.0,8.0,7.0,1,160,0,174
280,66,1135.0,2980.0,7.0,9.0,1,159,0,173
280,69,978.0,2980.0,9.0,7.0,1,160,0,170
280,72,934.0,3215.0,9.0,5.0,0,139,8,163
280,73,1046.0,2982.0,10.0,6.0,1,150,0,163
280,77,1216.0,2968.0,8.0,9.0,1,141,0,156
280,78,920.0,2978.0,9.0,11.0,1,136,0,156
280,81,1152.0,2977.0,8.0,7.0,1,148,0,150
280,85,1195.0,2974.0,7.0,9.0,1,134,0,145
280,90,1257.0,2968.0,9.0,7.0,0,120,1,138
280,131,1033.0,2984.0,7.0,4.0,1,43,0,52
280,143,1067.0,2971.0,8.0,6.0,1,37,0,40
281,2,1697.0,3121.0,18.0,6.0,1,256,0,279
281,41,806.0,2978.0,9.0,9.0,1,192,0,206
281,44,884.0,2990.0,10.0,6.0,1,186,0,202
281,45,1003.0,2978.0,11.0,6.0,1,192,0,198
281,46,1108.0,2973.0,6.0,6.0,1,182,0,198
281,47,1228.0,2971.0,8.0,6.0,1,174,0,197
281,53,947.0,2987.0,8.0,4.0,1,177,0,191
281,54,1121.0,2964.0,7.0,8.0,1,174,0,188
281,56,1088.0,2974.0,13.0,8.0,1,177,0,187
281,58,1138.0,2976.0,8.0,7.0,1,171,0,185
281,59,830.0,2982.0,12.0,7.0,1,166,0,182
281,60,872.0,2979.0,11.0,8.0,1,176,0,182
281,61,890.0,2978.0,15.0,8.0,1,172,0,181
281,64,1147.0,2969.0,8.0,8.0,1,161,0,175
281,66,1133.0,2975.0,5.0,6.0,1,160,0,174
281,69,975.0,2982.0,8.0,6.0,1,161,0,171
281,72,934.0,3215.0,9.0,5.0,0,139,9,164
281,73,1045.0,2981.0,9.0,7.0,1,151,0,164
281,77,1203.0,2966.0,9.0,8.0,1,142,0,157
281,78,916.0,2982.0,10.0,7.0,1,137,0,157
281,81,1155.0,2975.0,6.0,6.0,1,149,0,151
281,85,1193.0,2974.0,8.0,6.0,1,135,0,146
281,90,1244.0,2969.0,6.0,8.0,1,121,0,139
281,131,1024.0,2985.0,7.0,3.0,1,44,0,53
281,143,1060.0,2975.0,8.0,8.0,1,38,0,41
282,2,1699.0,3113.0,21.0,7.0,1,257,0,280
282,41,802.0,2985.0,8.0,8.0,1,193,0,207
282,44,876.0,2981.0,7.0,7.0,1,187,0,203
282,45,998.0,2981.0,12.0,7.0,1,193,0,199
282,46,1107.0,2972.0,6.0,7.0,1,183,0,199
282,47,1220.0,2969.0,8.0,6.0,1,175,0,198
282,53,935.0,2991.0,7.0,5.0,1,178,0,192
282,54,1118.0,2974.0,7.0,7.0,1,175,0,189
282,56,1084.0,2970.0,12.0,8.0,1,178,0,188
282,58,1136.0,2981.0,8.0,7.0,1,172,0,186
282,59,821.0,2985.0,11.0,8.0,1,167,0,183
282,60,874.0,2983.0,5.0,8.0,1,177,0,183
282,61,884.0,2982.0,18.0,10.0,1,173,0,182
282,64,1147.0,2969.0,8.0,8.0,0,161,1,176
282,66,1122.0,2978.0,6.0,6.0,1,161,0,175
282,69,966.0,2983.0,11.0,7.0,1,162,0,172
282,72,934.0,3215.0,9.0,5.0,0,139,10,165
282,73,1040.0,2974.0,10.0,9.0,1,152,0,165
282,77,1199.0,2971.0,7.0,7.0,1,143,0,158
282,78,904.0,2984.0,8.0,6.0,1,138,0,158
282,81,1155.0,2975.0,6.0,6.0,0,149,1,152
282,85,1181.0,2972.0,8.0,8.0,1,136,0,147
282,90,1237.0,2967.0,7.0,9.0,1,122,0,140
282,131,1021.0,2979.0,8.0,5.0,1,45,0,54
282,143,1057.0,2977.0,7.0,8.0,1,39,0,42
283,2,1700.0,3112.0,19.0,8.0,1,258,0,281
283,41,798.0,2981.0,9.0,8.0,1,194,0,208
283,44,870.0,2984.0,8.0,7.0,1,188,0,204
283,45,987.0,2980.0,12.0,5.0,1,194,0,200
283,46,1090.0,2976.0,6.0,6.0,1,184,0,200
283,47,1210.0,2969.0,8.0,6.0,1,176,0,199
283,53,933.0,2981.0,7.0,5.0,1,179,0,193
283,54,1105.0,2972.0,6.0,6.0,1,176,0,190
283,56,1078.0,2974.0,11.0,8.0,1,179,0,189
283,58,1134.0,2970.0,7.0,7.0,1,173,0,187
283,59,819.0,2985.0,12.0,8.0,1,168,0,184
283,60,860.0,2991.0,9.0,7.0,1,178,0,184
283,61,880.0,2985.0,14.0,8.0,1,174,0,183
283,64,1134.0,2967.0,9.0,6.0,1,162,0,177
283,66,1120.0,2973.0,6.0,6.0,1,162,0,176
283,69,966.0,2983.0,11.0,7.0,0,162,1,173
283,72,934.0,3215.0,9.0,5.0,0,139,11,166
283,73,1037.0,2976.0,9.0,8.0,1,153,0,166
283,77,1195.0,2966.0,7.0,9.0,1,144,0,159
283,78,901.0,2986.0,8.0,7.0,1,139,0,159
283,81,1136.0,2977.0,9.0,7.0,1,150,0,153
283,85,1177.0,2970.0,7.0,7.0,1,137,0,148
283,90,1236.0,2966.0,8.0,7.0,1,123,0,141
283,131,1017.0,2978.0,5.0,5.0,1,46,0,55
283,143,1049.0,2969.0,5.0,10.0,1,40,0,43
283,157,1161.0,2964.0,9.0,10.0,1,3,0,3
284,2,1695.0,3105.0,20.0,8.0,1,259,0,282
284,41,794.0,2983.0,9.0,8.0,1,195,0,209
284,44,866.0,2985.0,14.0,6.0,1,189,0,205
284,45,981.0,2983.0,10.0,8.0,1,195,0,201
284,46,1091.0,2976.0,7.0,7.0,1,185,0,201
284,47,1207.0,2965.0,9.0,6.0,1,177,0,200
284,53,926.0,2989.0,9.0,8.0,1,180,0,194
284,54,1100.0,2974.0,8.0,6.0,1,177,0,191
284,56,1078.0,2975.0,9.0,6.0,1,180,0,190
284,58,1134.0,2970.0,7.0,7.0,0,173,1,188
284,59,815.0,2979.0,11.0,6.0,1,169,0,185
284,60,859.0,2982.0,8.0,9.0,1,179,0,185
284,61,878.0,2984.0,8.0,8.0,1,175,0,184
284,64,1127.0,2969.0,8.0,7.0,1,163,0,178
284,66,1114.0,2974.0,6.0,8.0,1,163,0,177
284,69,955.0,2985.0,9.0,6.0,1,163,0,174
284,72,934.0,3215.0,9.0,5.0,0,139,12,167
284,73,1026.0,2978.0,10.0,9.0,1,154,0,167
284,77,1197.0,2969.0,8.0,8.0,1,145,0,160
284,78,899.0,2986.0,9.0,8.0,1,140,0,160
284,81,1136.0,2977.0,9.0,7.0,0,150,1,154
284,85,1168.0,2972.0,8.0,8.0,1,138,0,149
284,90,1228.0,2970.0,8.0,9.0,1,124,0,142
284,131,1010.0,2986.0,8.0,5.0,1,47,0,56
284,143,1042.0,2978.0,8.0,8.0,1,41,0,44
284,157,1160.0,2966.0,9.0,6.0,1,4,0,4
285,2,1699.0,3114.0,20.0,9.0,1,260,0,283
285,41,786.0,2979.0,9.0,9.0,1,196,0,210
285,44,859.0,2981.0,13.0,9.0,1,190,0,206
285,45,981.0,2983.0,10.0,8.0,0,195,1,202
285,46,1091.0,2976.0,7.0,7.0,0,185,1,202
285,47,1199.0,2962.0,10.0,6.0,1,178,0,201
285,53,917.0,2983.0,9.0,5.0,1,181,0,195
285,54,1093.0,2971.0,6.0,9.0,1,178,0,192
285,56,1063.0,2979.0,11.0,8.0,1,181,0,191
285,58,1124.0,2975.0,8.0,7.0,1,174,0,189
285,59,813.0,2985.0,7.0,5.0,1,170,0,186
285,60,847.0,2981.0,10.0,8.0,1,180,0,186
285,61,874.0,2986.0,8.0,8.0,1,176,0,185
285,64,1124.0,2971.0,8.0,7.0,1,164,0,179
285,66,1108.0,2980.0,5.0,7.0,1,164,0,178
285,69,944.0,2987.0,8.0,6.0,1,164,0,175
285,72,934.0,3215.0,9.0,5.0,0,139,13,168
285,73,1026.0,2976.0,9.0,8.0,1,155,0,168
285,77,1189.0,2965.0,7.0,8.0,1,146,0,161
285,78,899.0,2986.0,9.0,8.0,0,140,1,161
285,81,1118.0,2980.0,7.0,7.0,1,151,0,155
285,85,1164.0,2971.0,10.0,9.0,1,139,0,150
285,90,1224.0,2969.0,8.0,7.0,1,125,0,143
285,131,1005.0,2980.0,5.0,4.0,1,48,0,57
285,143,1043.0,2983.0,7.0,7.0,1,42,0,45
285,157,1154.0,2970.0,8.0,6.0,1,5,0,5
286,2,1707.0,3110.0,19.0,9.0,1,261,0,284
286,41,775.0,2980.0,9.0,8.0,1,197,0,211
286,44,846.0,2979.0,11.0,10.0,1,191,0,207
286,45,978.0,2980.0,11.0,8.0,1,196,0,203
286,46,1091.0,2976.0,7.0,7.0,0,185,2,203
286,47,1196.0,2964.0,8.0,7.0,1,179,0,202
286,53,913.0,2985.0,10.0,7.0,1,182,0,196
286,54,1081.0,2973.0,5.0,6.0,1,179,0,193
286,56,1060.0,2974.0,9.0,7.0,1,182,0,192
286,58,1120.0,2979.0,8.0,7.0,1,175,0,190
286,59,801.0,2983.0,8.0,9.0,1,171,0,187
286,60,842.0,2989.0,7.0,9.0,1,181,0,187
286,61,866.0,2987.0,7.0,9.0,1,177,0,186
286,64,1115.0,2967.0,8.0,7.0,1,165,0,180
286,66,1092.0,2976.0,7.0,6.0,1,165,0,179
286,69,943.0,2985.0,11.0,7.0,1,165,0,176
286,72,934.0,3215.0,9.0,5.0,0,139,14,169
286,73,1018.0,2982.0,9.0,7.0,1,156,0,169
286,77,1176.0,2968.0,6.0,8.0,1,147,0,162
286,78,885.0,2984.0,7.0,7.0,1,141,0,162
286,81,1114.0,2976.0,7.0,7.0,1,152,0,156
286,85,1158.0,2966.0,9.0,6.0,1,140,0,151
286,90,1219.0,2968.0,8.0,6.0,1,126,0,144
286,131,996.0,2978.0,6.0,5.0,1,49,0,58
286,143,1035.0,2976.0,5.0,5.0,1,43,0,46
286,157,1154.0,2970.0,8.0,6.0,0,5,1,6
287,2,1709.0,3107.0,19.0,9.0,1,262,0,285
287,41,769.0,2983.0,10.0,10.0,1,198,0,212
287,44,849.0,2985.0,13.0,9.0,1,192,0,208
287,45,970.0,2983.0,8.0,5.0,1,197,0,204
287,46,1091.0,2976.0,7.0,7.0,0,185,3,204
287,47,1191.0,2970.0,10.0,8.0,1,180,0,203
287,53,903.0,2989.0,8.0,5.0,1,183,0,197
287,54,1081.0,2973.0,5.0,6.0,0,179,1,194
287,56,1051.0,2975.0,8.0,5.0,1,183,0,193
287,58,1115.0,2978.0,6.0,7.0,1,176,0,191
287,59,791.0,2986.0,9.0,9.0,1,172,0,188
287,60,838.0,2987.0,8.0,8.0,1,182,0,188
287,61,860.0,2981.0,8.0,12.0,1,178,0,187
287,64,1118.0,2967.0,7.0,6.0,1,166,0,181
287,66,1095.0,2976.0,7.0,8.0,1,166,0,180
287,69,935.0,2984.0,10.0,5.0,1,166,0,177
287,72,934.0,3215.0,9.0,5.0,0,139,15,170
287,73,1009.0,2978.0,8.0,6.0,1,157,0,170
287,77,1171.0,2970.0,7.0,7.0,1,148,0,163
287,78,870.0,2985.0,7.0,7.0,1,142,0,163
287,81,1105.0,2977.0,8.0,8.0,1,153,0,157
287,85,1154.0,2962.0,10.0,6.0,1,141,0,152
287,90,1212.0,2971.0,9.0,7.0,1,127,0,145
287,131,987.0,2985.0,5.0,2.0,1,50,0,59
287,143,1027.0,2972.0,6.0,10.0,1,44,0,47
287,157,1141.0,2970.0,10.0,6.0,1,6,0,7
288,2,1698.0,3109.0,20.0,9.0,1,263,0,286
288,41,766.0,2985.0,8.0,6.0,1,199,0,213
288,44,833.0,2981.0,7.0,7.0,1,193,0,209
288,45,958.0,2981.0,10.0,8.0,1,198,0,205
288,46,1065.0,2978.0,7.0,5.0,1,186,0,205
288,47,1188.0,2968.0,9.0,6.0,1,181,0,204
288,53,898.0,2983.0,9.0,8.0,1,184,0,198
288,54,1081.0,2973.0,5.0,6.0,0,179,2,195
288,56,1045.0,2974.0,12.0,10.0,1,184,0,194
288,58,1109.0,2972.0,6.0,8.0,1,177,0,192
288,59,795.0,2981.0,8.0,11.0,1,173,0,189
288,60,832.0,2987.0,16.0,9.0,1,183,0,189
288,61,860.0,2981.0,8.0,12.0,0,178,1,188
288,64,1108.0,2967.0,9.0,9.0,1,167,0,182
288,66,1085.0,2977.0,9.0,5.0,1,167,0,181
288,69,920.0,2986.0,7.0,8.0,1,167,0,178
288,72,934.0,3215.0,9.0,5.0,0,139,16,171
288,73,1001.0,2977.0,13.0,8.0,1,158,0,171
288,77,1169.0,2969.0,8.0,6.0,1,149,0,164
288,78,857.0,2982.0,7.0,9.0,1,143,0,164
288,81,1092.0,2974.0,8.0,8.0,1,154,0,158
288,85,1148.0,2964.0,9.0,7.0,1,142,0,153
288,90,1203.0,2972.0,8.0,10.0,1,128,0,146
288,131,987.0,2987.0,8.0,6.0,1,51,0,60
288,143,1020.0,2979.0,7.0,9.0,1,45,0,48
288,157,1134.0,2968.0,5.0,5.0,1,7,0,8
289,2,1701.0,3107.0,19.0,9.0,1,264,0,287
289,41,766.0,2985.0,8.0,6.0,0,199,1,214
289,44,825.0,2981.0,8.0,9.0,1,194,0,210
289,45,958.0,2981.0,10.0,8.0,0,198,1,206
289,46,1065.0,2976.0,8.0,9.0,1,187,0,206
289,47,1181.0,2961.0,8.0,8.0,1,182,0,205
289,53,898.0,2983.0,9.0,8.0,0,184,1,199
289,54,1064.0,2975.0,7.0,9.0,1,180,0,196
289,56,1043.0,2968.0,9.0,9.0,1,185,0,195
289,58,1101.0,2980.0,7.0,7.0,1,178,0,193
289,59,780.0,2982.0,10.0,6.0,1,174,0,190
289,60,833.0,2982.0,9.0,10.0,1,184,0,190
289,61,839.0,2982.0,9.0,6.0,1,179,0,189
289,64,1104.0,2963.0,9.0,10.0,1,168,0,183
289,66,1082.0,2976.0,5.0,5.0,1,168,0,182
289,69,917.0,2982.0,9.0,6.0,1,168,0,179
289,72,671.0,3278.0,9.0,7.0,1,140,0,172
289,73,992.0,2980.0,11.0,6.0,1,159,0,172
289,77,1161.0,2966.0,8.0,10.0,1,150,0,165
289,78,863.0,2983.0,8.0,11.0,1,144,0,165
289,81,1092.0,2974.0,8.0,8.0,0,154,1,159
289,85,1144.0,2969.0,9.0,5.0,1,143,0,154
289,90,1196.0,2969.0,8.0,9.0,1,129,0,147
289,131,981.0,2980.0,7.0,6.0,1,52,0,61
289,143,1016.0,2979.0,9.0,7.0,1,46,0,49
289,157,1125.0,2970.0,5.0,5.0,1,8,0,9
290,2,1705.0,3105.0,21.0,10.0,1,265,0,288
290,41,753.0,2980.0,9.0,8.0,1,200,0,215
290,44,814.0,2983.0,8.0,10.0,1,195,0,211
290,45,945.0,2982.0,11.0,9.0,1,199,0,207
290,46,1068.0,2973.0,8.0,6.0,1,188,0,207
290,47,1177.0,2960.0,7.0,10.0,1,183,0,206
290,53,886.0,2985.0,11.0,9.0,1,185,0,200
290,54,1054.0,2974.0,7.0,6.0,1,181,0,197
290,56,1042.0,2972.0,11.0,7.0,1,186,0,196
290,58,1097.0,2980.0,7.0,6.0,1,179,0,194
290,59,776.0,2979.0,8.0,9.0,1,175,0,191
290,60,833.0,2982.0,9.0,10.0,0,184,1,191
290,61,829.0,2980.0,12.0,9.0,1,180,0,190
290,64,1091.0,2961.0,9.0,9.0,1,169,0,184
290,66,1087.0,2976.0,6.0,6.0,1,169,0,183
290,69,912.0,2987.0,7.0,5.0,1,169,0,180
290,72,671.0,3278.0,9.0,7.0,0,140,1,173
290,73,993.0,2977.0,9.0,7.0,1,160,0,173
290,77,1160.0,2969.0,8.0,7.0,1,151,0,166
290,78,862.0,2991.0,8.0,8.0,1,145,0,166
290,81,1076.0,2975.0,7.0,8.0,1,155,0,160
290,85,1138.0,2974.0,9.0,7.0,1,144,0,155
290,90,1196.0,2969.0,8.0,9.0,0,129,1,148
290,131,973.0,2975.0,8.0,7.0,1,53,0,62
290,143,1009.0,2970.0,10.0,6.0,1,47,0,50
290,157,1125.0,2970.0,5.0,5.0,0,8,1,10
291,2,1710.0,3106.0,21.0,11.0,1,266,0,289
291,41,745.0,2977.0,7.0,8.0,1,201,0,216
291,44,810.0,2981.0,7.0,10.0,1,196,0,212
291,45,939.0,2984.0,8.0,7.0,1,200,0,208
291,46,1061.0,2973.0,7.0,9.0,1,189,0,208
291,47,1171.0,2957.0,8.0,8.0,1,184,0,207
291,53,883.0,2988.0,12.0,9.0,1,186,0,201
291,54,1047.0,2976.0,7.0,8.0,1,182,0,198
291,56,1042.0,2972.0,11.0,7.0,0,186,1,197
291,58,1097.0,2980.0,7.0,6.0,0,179,1,195
291,59,776.0,2981.0,10.0,5.0,1,176,0,192
291,60,833.0,2982.0,9.0,10.0,0,184,2,192
291,61,823.0,2980.0,11.0,7.0,1,181,0,191
291,64,1086.0,2966.0,8.0,8.0,1,170,0,185
291,66,1078.0,2974.0,8.0,7.0,1,170,0,184
291,69,904.0,2981.0,9.0,7.0,1,170,0,181
291,72,671.0,3278.0,9.0,7.0,0,140,2,174
291,73,985.0,2976.0,8.0,7.0,1,161,0,174
291,77,1149.0,2971.0,8.0,8.0,1,152,0,167
291,78,856.0,2985.0,4.0,7.0,1,146,0,167
291,81,1067.0,2976.0,5.0,8.0,1,156,0,161
291,85,1130.0,2966.0,9.0,6.0,1,145,0,156
291,90,1196.0,2969.0,8.0,9.0,0,129,2,149
291,131,960.0,2983.0,9.0,3.0,1,54,0,63
291,143,999.0,2979.0,8.0,7.0,1,48,0,51
291,157,1119.0,2962.0,7.0,8.0,1,9,0,11
292,2,1710.0,3103.0,20.0,10.0,1,267,0,290
292,41,745.0,2977.0,7.0,8.0,0,201,1,217
292,44,808.0,2977.0,7.0,11.0,1,197,0,213
292,45,933.0,2983.0,9.0,8.0,1,201,0,209
292,46,1056.0,2974.0,10.0,6.0,1,190,0,209
292,47,1163.0,2966.0,8.0,6.0,1,185,0,208
292,53,868.0,2981.0,7.0,8.0,1,187,0,202
292,54,1040.0,2967.0,7.0,10.0,1,183,0,199
292,56,1021.0,2966.0,11.0,10.0,1,187,0,198
292,58,1084.0,2976.0,7.0,8.0,1,180,0,196
292,59,762.0,2975.0,8.0,9.0,1,177,0,193
292,60,817.0,2988.0,11.0,10.0,1,185,0,193
292,61,833.0,2989.0,7.0,9.0,1,182,0,192
292,64,1081.0,2965.0,10.0,7.0,1,171,0,186
292,66,1078.0,2974.0,8.0,7.0,0,170,1,185
292,69,899.0,2991.0,8.0,9.0,1,171,0,182
292,72,671.0,3278.0,9.0,7.0,0,140,3,175
292,73,982.0,2979.0,10.0,7.0,1,162,0,175
292,77,1141.0,2970.0,9.0,5.0,1,153,0,168
292,78,847.0,2979.0,6.0,12.0,1,147,0,168
292,81,1062.0,2967.0,7.0,10.0,1,157,0,162
292,85,1130.0,2966.0,9.0,6.0,0,145,1,157
292,90,1181.0,2966.0,8.0,9.0,1,130,0,150
292,131,960.0,2991.0,8.0,6.0,1,55,0,64
292,143,999.0,2979.0,8.0,7.0,0,48,1,52
292,157,1112.0,2968.0,9.0,5.0,1,10,0,12
293,2,1707.0,3104.0,20.0,11.0,1,268,0,291
293,41,745.0,2977.0,7.0,8.0,0,201,2,218
293,44,800.0,2986.0,9.0,10.0,1,198,0,214
293,45,928.0,2983.0,9.0,7.0,1,202,0,210
293,46,1056.0,2979.0,7.0,6.0,1,191,0,210
293,47,1155.0,2964.0,9.0,6.0,1,186,0,209
293,53,867.0,2985.0,8.0,7.0,1,188,0,203
293,54,1040.0,2967.0,7.0,10.0,0,183,1,200
293,56,1017.0,2967.0,11.0,9.0,1,188,0,199
293,58,1075.0,2972.0,8.0,7.0,1,181,0,197
293,59,763.0,2984.0,8.0,5.0,1,178,0,194
293,60,809.0,2981.0,10.0,9.0,1,186,0,194
293,61,833.0,2989.0,7.0,9.0,0,182,1,193
293,64,1075.0,2961.0,11.0,9.0,1,172,0,187
293,66,1069.0,2979.0,6.0,6.0,1,171,0,186
293,69,895.0,2990.0,9.0,5.0,1,172,0,183
293,72,671.0,3278.0,9.0,7.0,0,140,4,176
293,73,979.0,2979.0,9.0,9.0,1,163,0,176
293,77,1140.0,2960.0,10.0,10.0,1,154,0,169
293,78,845.0,2989.0,9.0,7.0,1,148,0,169
293,81,1047.0,2976.0,7.0,7.0,1,158,0,163
293,85,1117.0,2966.0,8.0,5.0,1,146,0,158
293,90,1174.0,2968.0,9.0,9.0,1,131,0,151
293,131,958.0,2980.0,8.0,6.0,1,56,0,65
293,143,983.0,2979.0,9.0,5.0,1,49,0,53
293,157,1109.0,2967.0,10.0,6.0,1,11,0,13
294,2,1708.0,3106.0,20.0,10.0,1,269,0,292
294,41,745.0,2977.0,7.0,8.0,0,201,3,219
294,44,797.0,2985.0,9.0,8.0,1,199,0,215
294,45,919.0,2984.0,8.0,6.0,1,203,0,211
294,46,1056.0,2979.0,7.0,6.0,0,191,1,211
294,47,1151.0,2962.0,7.0,9.0,1,187,0,210
294,53,863.0,2984.0,7.0,7.0,1,189,0,204
294,54,1028.0,2979.0,7.0,8.0,1,184,0,201
294,56,1017.0,2967.0,11.0,9.0,0,188,1,200
294,58,1067.0,2973.0,6.0,7.0,1,182,0,198
294,59,746.0,2983.0,8.0,7.0,1,179,0,195
294,60,809.0,2981.0,10.0,9.0,0,186,1,195
294,61,820.0,2982.0,7.0,8.0,1,183,0,194
294,64,1071.0,2968.0,10.0,8.0,1,173,0,188
294,66,1067.0,2978.0,6.0,7.0,1,172,0,187
294,69,886.0,2981.0,9.0,10.0,1,173,0,184
294,72,671.0,3278.0,9.0,7.0,0,140,5,177
294,73,969.0,2974.0,11.0,8.0,1,164,0,177
294,77,1138.0,2962.0,7.0,10.0,1,155,0,170
294,78,833.0,2983.0,7.0,8.0,1,149,0,170
294,81,1047.0,2976.0,7.0,7.0,0,158,1,164
294,85,1108.0,2971.0,10.0,5.0,1,147,0,159
294,90,1170.0,2970.0,8.0,8.0,1,132,0,152
294,131,951.0,2982.0,7.0,7.0,1,57,0,66
294,143,980.0,2974.0,8.0,6.0,1,50,0,54
294,157,1096.0,2970.0,10.0,9.0,1,12,0,14
295,2,1707.0,3103.0,20.0,11.0,1,270,0,293
295,41,745.0,2977.0,7.0,8.0,0,201,4,220
295,44,797.0,2985.0,9.0,8.0,0,199,1,216
295,45,922.0,2982.0,8.0,7.0,1,204,0,212
295,46,1044.0,2975.0,9.0,8.0,1,192,0,212
295,47,1150.0,2957.0,8.0,8.0,1,188,0,211
295,53,857.0,2983.0,9.0,8.0,1,190,0,205
295,54,1022.0,2975.0,7.0,10.0,1,185,0,202
295,56,1004.0,2974.0,12.0,11.0,1,189,0,201
295,58,1055.0,2975.0,8.0,8.0,1,183,0,199
295,59,748.0,2980.0,7.0,7.0,1,180,0,196
295,60,799.0,2979.0,9.0,6.0,1,187,0,196
295,61,812.0,2980.0,7.0,8.0,1,184,0,195
295,64,1068.0,2964.0,8.0,10.0,1,174,0,189
295,66,1066.0,2983.0,9.0,6.0,1,173,0,188
295,69,878.0,2986.0,8.0,9.0,1,174,0,185
295,72,671.0,3278.0,9.0,7.0,0,140,6,178
295,73,956.0,2982.0,9.0,7.0,1,165,0,178
295,77,1124.0,2967.0,8.0,8.0,1,156,0,171
295,78,834.0,2984.0,6.0,8.0,1,150,0,171
295,81,1035.0,2979.0,10.0,9.0,1,159,0,165
295,85,1108.0,2971.0,10.0,5.0,0,147,1,160
295,90,1170.0,2970.0,8.0,8.0,0,132,1,153
295,131,951.0,2982.0,7.0,7.0,0,57,1,67
295,143,980.0,2974.0,7.0,9.0,1,51,0,55
295,157,1094.0,2966.0,9.0,9.0,1,13,0,15
296,2,1712.0,3105.0,20.0,12.0,1,271,0,294
296,41,718.0,2978.0,6.0,5.0,1,202,0,221
296,44,797.0,2985.0,9.0,8.0,0,199,2,217
296,45,911.0,2981.0,9.0,9.0,1,205,0,213
296,46,1040.0,2972.0,9.0,12.0,1,193,0,213
296,47,1150.0,2957.0,8.0,8.0,0,188,1,212
296,53,848.0,2983.0,9.0,9.0,1,191,0,206
296,54,1015.0,2971.0,10.0,6.0,1,186,0,203
296,56,1005.0,2966.0,8.0,8.0,1,190,0,202
296,58,1047.0,2972.0,10.0,7.0,1,184,0,200
296,59,748.0,2980.0,7.0,7.0,0,180,1,197
296,60,799.0,2979.0,9.0,6.0,0,187,1,197
296,61,806.0,2987.0,8.0,6.0,1,185,0,196
296,64,1056.0,2970.0,8.0,7.0,1,175,0,190
296,66,1059.0,2980.0,6.0,5.0,1,174,0,189
296,69,872.0,2983.0,12.0,9.0,1,175,0,186
296,72,671.0,3278.0,9.0,7.0,0,140,7,179
296,73,951.0,2984.0,11.0,8.0,1,166,0,179
296,77,1120.0,2970.0,7.0,8.0,1,157,0,172
296,78,819.0,2973.0,8.0,13.0,1,151,0,172
296,81,1025.0,2974.0,9.0,8.0,1,160,0,166
296,85,1103.0,2962.0,10.0,8.0,1,148,0,161
296,90,1156.0,2969.0,7.0,7.0,1,133,0,154
296,131,936.0,2978.0,6.0,6.0,1,58,0,68
296,143,980.0,2974.0,7.0,9.0,0,51,1,56
296,157,1082.0,2965.0,11.0,6.0,1,14,0,16
297,2,1708.0,3105.0,22.0,12.0,1,272,0,295
297,41,704.0,2974.0,12.0,9.0,1,203,0,222
297,44,774.0,2989.0,7.0,5.0,1,200,0,218
297,45,901.0,2981.0,11.0,8.0,1,206,0,214
297,46,1031.0,2973.0,6.0,8.0,1,194,0,214
297,47,1130.0,2962.0,9.0,5.0,1,189,0,213
297,53,850.0,2985.0,9.0,9.0,1,192,0,207
297,54,1003.0,2972.0,11.0,9.0,1,187,0,204
297,56,1005.0,2966.0,8.0,8.0,0,190,1,203
297,58,1046.0,2976.0,8.0,8.0,1,185,0,201
297,59,748.0,2980.0,7.0,7.0,0,180,2,198
297,60,778.0,2982.0,10.0,7.0,1,188,0,198
297,61,791.0,2984.0,9.0,6.0,1,186,0,197
297,64,1055.0,2960.0,10.0,9.0,1,176,0,191
297,66,1054.0,2975.0,7.0,6.0,1,175,0,190
297,69,869.0,2977.0,7.0,10.0,1,176,0,187
297,72,671.0,3278.0,9.0,7.0,0,140,8,180
297,73,955.0,2981.0,7.0,6.0,1,167,0,180
297,77,1118.0,2962.0,6.0,11.0,1,158,0,173
297,78,812.0,2983.0,8.0,8.0,1,152,0,173
297,81,1023.0,2969.0,8.0,8.0,1,161,0,167
297,85,1101.0,2966.0,9.0,6.0,1,149,0,162
297,90,1144.0,2963.0,9.0,9.0,1,134,0,155
297,131,931.0,2987.0,8.0,5.0,1,59,0,69
297,143,970.0,2980.0,9.0,5.0,1,52,0,57
297,157,1084.0,2962.0,7.0,6.0,1,15,0,17
298,2,1706.0,3104.0,22.0,13.0,1,273,0,296
298,41,699.0,2980.0,7.0,5.0,1,204,0,223
298,44,767.0,2987.0,11.0,8.0,1,201,0,219
298,45,900.0,2988.0,9.0,7.0,1,207,0,215
298,46,1025.0,2974.0,8.0,11.0,1,195,0,215
298,47,1130.0,2962.0,9.0,5.0,0,189,1,214
298,53,842.0,2984.0,10.0,11.0,1,193,0,208
298,54,1007.0,2974.0,7.0,10.0,1,188,0,205
298,56,991.0,2975.0,11.0,12.0,1,191,0,204
298,58,1035.0,2981.0,9.0,6.0,1,186,0,202
298,59,748.0,2980.0,7.0,7.0,0,180,3,199
298,60,765.0,2990.0,8.0,10.0,1,189,0,199
298,61,791.0,2984.0,11.0,6.0,1,187,0,198
298,64,1049.0,2973.0,9.0,8.0,1,177,0,192
298,66,1043.0,2978.0,8.0,8.0,1,176,0,191
298,69,869.0,2977.0,7.0,10.0,0,176,1,188
298,72,671.0,3278.0,9.0,7.0,0,140,9,181
298,73,946.0,2978.0,9.0,6.0,1,168,0,181
298,77,1114.0,2962.0,10.0,6.0,1,159,0,174
298,78,806.0,2987.0,7.0,8.0,1,153,0,174
298,81,1015.0,2975.0,11.0,8.0,1,162,0,168
298,85,1092.0,2963.0,7.0,5.0,1,150,0,163
298,90,1149.0,2971.0,8.0,6.0,1,135,0,156
298,131,926.0,2983.0,5.0,6.0,1,60,0,70
298,143,956.0,2981.0,7.0,6.0,1,53,0,58
298,157,1078.0,2968.0,7.0,8.0,1,16,0,18
299,2,1701.0,3108.0,21.0,11.0,1,274,0,297
299,41,695.0,2980.0,13.0,11.0,1,205,0,224
299,44,760.0,2986.0,8.0,6.0,1,202,0,220
299,45,895.0,2979.0,8.0,8.0,1,208,0,216
299,46,1025.0,2972.0,10.0,7.0,1,196,0,216
299,47,1124.0,2960.0,8.0,9.0,1,190,0,215
299,53,828.0,2984.0,10.0,10.0,1,194,0,209
299,54,1007.0,2974.0,7.0,10.0,0,188,1,206
299,56,979.0,2979.0,9.0,10.0,1,192,0,205
299,58,1029.0,2976.0,9.0,9.0,1,187,0,203
299,59,719.0,2978.0,8.0,5.0,1,181,0,200
299,60,765.0,2990.0,8.0,10.0,0,189,1,200
299,61,786.0,2978.0,11.0,8.0,1,188,0,199
299,64,1041.0,2963.0,11.0,8.0,1,178,0,193
299,66,1037.0,2972.0,8.0,9.0,1,177,0,192
299,69,850.0,2983.0,12.0,9.0,1,177,0,189
299,72,671.0,3278.0,9.0,7.0,0,140,10,182
299,73,930.0,2986.0,9.0,5.0,1,169,0,182
299,77,1111.0,2967.0,7.0,8.0,1,160,0,175
299,78,801.0,2982.0,10.0,6.0,1,154,0,175
299,81,1008.0,2978.0,8.0,9.0,1,163,0,169
299,85,1086.0,2967.0,9.0,6.0,1,151,0,164
299,90,1144.0,2960.0,8.0,10.0,1,136,0,157
299,131,912.0,2988.0,7.0,5.0,1,61,0,71
299,143,951.0,2978.0,7.0,7.0,1,54,0,59
299,157,1078.0,2968.0,7.0,8.0,0,16,1,19
300,2,1701.0,3108.0,21.0,11.0,0,274,1,298
300,41,684.0,2972.0,16.0,15.0,1,206,0,225
300,44,764.0,2982.0,13.0,7.0,1,203,0,221
300,45,882.0,2985.0,11.0,8.0,1,209,0,217
300,46,1025.0,2972.0,10.0,7.0,0,196,1,217
300,47,1116.0,2967.0,8.0,7.0,1,191,0,216
300,53,820.0,2981.0,11.0,9.0,1,195,0,210
300,54,984.0,2978.0,9.0,7.0,1,189,0,207
300,56,972.0,2970.0,12.0,10.0,1,193,0,206
300,58,1029.0,2976.0,9.0,9.0,0,187,1,204
300,59,719.0,2980.0,5.0,5.0,1,182,0,201
300,60,750.0,2983.0,8.0,12.0,1,190,0,201
300,61,777.0,2978.0,12.0,8.0,1,189,0,200
300,64,1033.0,2965.0,10.0,7.0,1,179,0,194
300,66,1032.0,2980.0,8.0,9.0,1,178,0,193
300,69,848.0,2980.0,10.0,9.0,1,178,0,190
300,72,671.0,3278.0,9.0,7.0,0,140,11,183
300,73,931.0,2985.0,8.0,8.0,1,170,0,183
300,77,1111.0,2967.0,7.0,8.0,0,160,1,176
300,78,798.0,2979.0,8.0,9.0,1,155,0,176
300,81,1007.0,2976.0,9.0,11.0,1,164,0,170
300,85,1084.0,2966.0,8.0,8.0,1,152,0,165
300,90,1138.0,2968.0,7.0,7.0,1,137,0,158
300,131,909.0,2987.0,6.0,6.0,1,62,0,72
300,143,945.0,2981.0,7.0,3.0,1,55,0,60
300,157,1064.0,2964.0,9.0,10.0,1,17,0,20
301,2,1711.0,3108.0,19.0,11.0,1,275,0,299
301,41,684.0,2972.0,16.0,15.0,0,206,1,226
301,44,758.0,2976.0,11.0,10.0,1,204,0,222
301,45,880.0,2988.0,8.0,10.0,1,210,0,218
301,46,1009.0,2974.0,7.0,6.0,1,197,0,218
301,47,1113.0,2964.0,8.0,8.0,1,192,0,217
301,53,820.0,2981.0,11.0,9.0,0,195,1,211
301,54,984.0,2978.0,9.0,7.0,0,189,1,208
301,56,966.0,2971.0,11.0,8.0,1,194,0,207
301,58,1021.0,2972.0,8.0,8.0,1,188,0,205
301,59,719.0,2980.0,5.0,5.0,0,182,1,202
301,60,750.0,2988.0,10.0,7.0,1,191,0,202
301,61,774.0,2978.0,11.0,5.0,1,190,0,201
301,64,1031.0,2964.0,10.0,8.0,1,180,0,195
301,66,1032.0,2980.0,8.0,9.0,0,178,1,194
301,69,844.0,2978.0,9.0,9.0,1,179,0,191
301,72,671.0,3278.0,9.0,7.0,0,140,12,184
301,73,925.0,2978.0,9.0,7.0,1,171,0,184
301,77,1088.0,2958.0,10.0,8.0,1,161,0,177
301,78,789.0,2981.0,9.0,6.0,1,156,0,177
301,81,999.0,2972.0,10.0,9.0,1,165,0,171
301,85,1079.0,2967.0,9.0,7.0,1,153,0,166
301,90,1138.0,2969.0,6.0,7.0,1,138,0,159
301,131,908.0,2982.0,8.0,5.0,1,63,0,73
301,143,938.0,2982.0,7.0,5.0,1,56,0,61
301,157,1064.0,2968.0,9.0,7.0,1,18,0,21
302,2,1709.0,3104.0,19.0,10.0,1,276,0,300
302,41,675.0,2975.0,9.0,10.0,1,207,0,227
302,44,746.0,2984.0,12.0,9.0,1,205,0,223
302,45,880.0,2988.0,8.0,10.0,0,210,1,219
302,46,1011.0,2980.0,8.0,9.0,1,198,0,219
302,47,1108.0,2962.0,9.0,10.0,1,193,0,218
302,53,805.0,2975.0,11.0,11.0,1,196,0,212
302,54,981.0,2976.0,8.0,5.0,1,190,0,209
302,56,964.0,2976.0,9.0,9.0,1,195,0,208
302,58,1012.0,2971.0,7.0,9.0,1,189,0,206
302,59,719.0,2980.0,5.0,5.0,0,182,2,203
302,60,745.0,2987.0,12.0,8.0,1,192,0,203
302,61,768.0,2975.0,8.0,6.0,1,191,0,202
302,64,1031.0,2964.0,10.0,8.0,0,180,1,196
302,66,1017.0,2982.0,9.0,8.0,1,179,0,195
302,69,831.0,2976.0,11.0,9.0,1,180,0,192
302,72,671.0,3278.0,9.0,7.0,0,140,13,185
302,73,919.0,2985.0,9.0,9.0,1,172,0,185
302,77,1085.0,2969.0,10.0,6.0,1,162,0,178
302,78,781.0,2978.0,10.0,7.0,1,157,0,178
302,81,999.0,2972.0,10.0,9.0,0,165,1,172
302,85,1072.0,2962.0,9.0,9.0,1,154,0,167
302,90,1129.0,2963.0,6.0,6.0,1,139,0,160
302,131,895.0,2985.0,9.0,9.0,1,64,0,74
302,143,940.0,2976.0,6.0,6.0,1,57,0,62
302,157,1053.0,2967.0,10.0,7.0,1,19,0,22
303,2,1710.0,3102.0,20.0,9.0,1,277,0,301
303,41,666.0,2971.0,14.0,13.0,1,208,0,228
303,44,741.0,2978.0,11.0,7.0,1,206,0,224
303,45,866.0,2981.0,9.0,9.0,1,211,0,220
303,46,999.0,2974.0,8.0,9.0,1,199,0,220
303,47,1100.0,2964.0,7.0,8.0,1,194,0,219
303,53,802.0,2979.0,10.0,8.0,1,197,0,213
303,54,971.0,2977.0,9.0,7.0,1,191,0,210
303,56,955.0,2970.0,12.0,9.0,1,196,0,209
303,58,1011.0,2971.0,10.0,8.0,1,190,0,207
303,59,692.0,2982.0,13.0,7.0,1,183,0,204
303,60,733.0,2982.0,8.0,8.0,1,193,0,204
303,61,761.0,2983.0,7.0,6.0,1,192,0,203
303,64,1018.0,2966.0,10.0,7.0,1,181,0,197
303,66,1022.0,2982.0,6.0,6.0,1,180,0,196
303,69,830.0,2979.0,10.0,12.0,1,181,0,193
303,72,671.0,3278.0,9.0,7.0,0,140,14,186
303,73,909.0,2982.0,9.0,6.0,1,173,0,186
303,77,1082.0,2969.0,10.0,7.0,1,163,0,179
303,78,781.0,2985.0,8.0,6.0,1,158,0,179
303,81,983.0,2981.0,6.0,7.0,1,166,0,173
303,85,1067.0,2969.0,7.0,7.0,1,155,0,168
303,90,1119.0,2961.0,7.0,8.0,1,140,0,161
303,131,885.0,2984.0,5.0,8.0,1,65,0,75
303,143,929.0,2971.0,8.0,9.0,1,58,0,63
303,157,1054.0,2967.0,6.0,5.0,1,20,0,23
304,2,1710.0,3104.0,15.0,8.0,1,278,0,302
304,41,665.0,2973.0,11.0,9.0,1,209,0,229
304,44,735.0,2984.0,13.0,8.0,1,207,0,225
304,45,856.0,2984.0,9.0,9.0,1,212,0,221
304,46,986.0,2978.0,9.0,8.0,1,200,0,221
304,47,1100.0,2964.0,7.0,8.0,0,194,1,220
304,53,799.0,2981.0,9.0,9.0,1,198,0,214
304,54,968.0,2973.0,6.0,9.0,1,192,0,211
304,56,949.0,2972.0,10.0,8.0,1,197,0,210
304,58,1003.0,2974.0,8.0,10.0,1,191,0,208
304,59,680.0,2977.0,11.0,8.0,1,184,0,205
304,60,733.0,2982.0,8.0,8.0,0,193,1,205
304,61,755.0,2981.0,10.0,8.0,1,193,0,204
304,64,1013.0,2967.0,10.0,8.0,1,182,0,198
304,66,1011.0,2970.0,8.0,10.0,1,181,0,197
304,69,825.0,2977.0,11.0,11.0,1,182,0,194
304,72,671.0,3278.0,9.0,7.0,0,140,15,187
304,73,902.0,2981.0,8.0,7.0,1,174,0,187
304,77,1078.0,2969.0,6.0,7.0,1,164,0,180
304,78,781.0,2985.0,8.0,6.0,0,158,1,180
304,81,982.0,2981.0,8.0,9.0,1,167,0,174
304,85,1055.0,2966.0,9.0,10.0,1,156,0,169
304,90,1119.0,2961.0,7.0,8.0,0,140,1,162
304,131,885.0,2983.0,6.0,8.0,1,66,0,76
304,143,923.0,2986.0,5.0,4.0,1,59,0,64
304,157,1054.0,2967.0,6.0,5.0,0,20,1,24
305,2,1706.0,3109.0,16.0,8.0,1,279,0,303
305,41,653.0,2971.0,15.0,10.0,1,210,0,230
305,44,731.0,2983.0,12.0,10.0,1,208,0,226
305,45,851.0,2988.0,10.0,9.0,1,213,0,222
305,46,985.0,2975.0,9.0,9.0,1,201,0,222
305,47,1089.0,2959.0,8.0,7.0,1,195,0,221
305,53,798.0,2980.0,9.0,10.0,1,199,0,215
305,54,959.0,2975.0,7.0,8.0,1,193,0,212
305,56,947.0,2983.0,10.0,8.0,1,198,0,211
305,58,993.0,2979.0,10.0,8.0,1,192,0,209
305,59,685.0,2983.0,7.0,5.0,1,185,0,206
305,60,718.0,2983.0,13.0,6.0,1,194,0,206
305,61,747.0,2980.0,9.0,6.0,1,194,0,205
305,64,1014.0,2966.0,12.0,7.0,1,183,0,199
305,66,1009.0,2974.0,6.0,7.0,1,182,0,198
305,69,818.0,2977.0,12.0,11.0,1,183,0,195
305,72,671.0,3278.0,9.0,7.0,0,140,16,188
305,73,897.0,2976.0,9.0,8.0,1,175,0,188
305,77,1075.0,2963.0,5.0,7.0,1,165,0,181
305,78,768.0,2979.0,9.0,7.0,1,159,0,181
305,81,979.0,2974.0,6.0,7.0,1,168,0,175
305,85,1054.0,2968.0,8.0,5.0,1,157,0,170
305,90,1106.0,2963.0,9.0,8.0,1,141,0,163
305,131,878.0,2981.0,6.0,9.0,1,67,0,77
305,143,914.0,2980.0,9.0,7.0,1,60,0,65
305,157,1037.0,2967.0,9.0,6.0,1,21,0,25
306,2,1708.0,3106.0,15.0,8.0,1,280,0,304
306,41,652.0,2973.0,11.0,10.0,1,211,0,231
306,44,722.0,2977.0,13.0,10.0,1,209,0,227
306,45,848.0,2980.0,8.0,7.0,1,214,0,223
306,46,977.0,2974.0,9.0,8.0,1,202,0,223
306,47,1089.0,2958.0,5.0,8.0,1,196,0,222
306,53,787.0,2987.0,10.0,7.0,1,200,0,216
306,54,953.0,2976.0,6.0,8.0,1,194,0,213
306,56,938.0,2977.0,11.0,9.0,1,199,0,212
306,58,988.0,2971.0,9.0,8.0,1,193,0,210
306,59,678.0,2983.0,8.0,5.0,1,186,0,207
306,60,713.0,2987.0,10.0,7.0,1,195,0,207
306,61,747.0,2980.0,9.0,6.0,0,194,1,206
306,64,1003.0,2966.0,11.0,9.0,1,184,0,200
306,66,995.0,2979.0,7.0,7.0,1,183,0,199
306,69,809.0,2978.0,13.0,11.0,1,184,0,196
306,72,671.0,3278.0,9.0,7.0,0,140,17,189
306,73,893.0,2982.0,8.0,7.0,1,176,0,189
306,77,1075.0,2963.0,5.0,7.0,0,165,1,182
306,78,756.0,2982.0,10.0,8.0,1,160,0,182
306,81,965.0,2979.0,8.0,7.0,1,169,0,176
306,85,1041.0,2963.0,10.0,9.0,1,158,0,171
306,90,1100.0,2965.0,10.0,3.0,1,142,0,164
306,131,878.0,2981.0,6.0,9.0,0,67,1,78
306,143,914.0,2980.0,9.0,7.0,0,60,1,66
306,157,1033.0,2971.0,10.0,6.0,1,22,0,26
307,2,1705.0,3113.0,15.0,8.0,1,281,0,305
307,41,638.0,2971.0,9.0,7.0,1,212,0,232
307,44,722.0,2977.0,12.0,8.0,1,210,0,228
307,45,842.0,2972.0,11.0,10.0,1,215,0,224
307,46,972.0,2975.0,8.0,8.0,1,203,0,224
307,47,1084.0,2955.0,8.0,9.0,1,197,0,223
307,53,776.0,2979.0,9.0,6.0,1,201,0,217
307,54,947.0,2973.0,7.0,7.0,1,195,0,214
307,56,930.0,2982.0,10.0,9.0,1,200,0,213
307,58,978.0,2969.0,9.0,9.0,1,194,0,211
307,59,668.0,2974.0,6.0,7.0,1,187,0,208
307,60,709.0,2983.0,6.0,10.0,1,196,0,208
307,61,737.0,2982.0,9.0,8.0,1,195,0,207
307,64,1001.0,2961.0,11.0,9.0,1,185,0,201
307,66,994.0,2975.0,7.0,8.0,1,184,0,200
307,69,805.0,2982.0,9.0,10.0,1,185,0,197
307,72,671.0,3278.0,9.0,7.0,0,140,18,190
307,73,888.0,2980.0,9.0,10.0,1,177,0,190
307,77,1066.0,2961.0,9.0,7.0,1,166,0,183
307,78,753.0,2977.0,11.0,10.0,1,161,0,183
307,81,962.0,2981.0,8.0,6.0,1,170,0,177
307,85,1044.0,2962.0,12.0,8.0,1,159,0,172
307,90,1094.0,2962.0,7.0,7.0,1,143,0,165
307,131,867.0,2981.0,8.0,7.0,1,68,0,79
307,143,901.0,2972.0,8.0,4.0,1,61,0,67
307,157,1024.0,2963.0,8.0,8.0,1,23,0,27
308,2,1702.0,3114.0,16.0,8.0,1,282,0,306
308,41,636.0,2973.0,9.0,11.0,1,213,0,233
308,44,708.0,2980.0,11.0,9.0,1,211,0,229
308,45,842.0,2972.0,11.0,10.0,0,215,1,225
308,46,967.0,2976.0,7.0,7.0,1,204,0,225
308,47,1078.0,2960.0,11.0,6.0,1,198,0,224
308,53,777.0,2976.0,10.0,7.0,1,202,0,218
308,54,942.0,2975.0,6.0,9.0,1,196,0,215
308,56,916.0,2975.0,14.0,12.0,1,201,0,214
308,58,964.0,2977.0,10.0,7.0,1,195,0,212
308,59,658.0,2976.0,9.0,9.0,1,188,0,209
308,60,700.0,2980.0,6.0,12.0,1,197,0,209
308,61,734.0,2981.0,9.0,8.0,1,196,0,208
308,64,1000.0,2968.0,10.0,8.0,1,186,0,202
308,66,987.0,2981.0,7.0,10.0,1,185,0,201
308,69,801.0,2981.0,10.0,7.0,1,186,0,198
308,72,671.0,3278.0,9.0,7.0,0,140,19,191
308,73,879.0,2978.0,9.0,7.0,1,178,0,191
308,77,1060.0,2966.0,8.0,6.0,1,167,0,184
308,78,746.0,2978.0,8.0,9.0,1,162,0,184
308,81,952.0,2980.0,10.0,7.0,1,171,0,178
308,85,1036.0,2969.0,10.0,8.0,1,160,0,173
308,90,1085.0,2958.0,7.0,6.0,1,144,0,166
308,131,867.0,2981.0,8.0,7.0,0,68,1,80
308,143,898.0,2986.0,6.0,8.0,1,62,0,68
308,157,1016.0,2965.0,10.0,7.0,1,24,0,28
309,2,1707.0,3107.0,15.0,11.0,1,283,0,307
309,41,626.0,2973.0,11.0,11.0,1,214,0,234
309,44,703.0,2977.0,13.0,13.0,1,212,0,230
309,45,842.0,2972.0,11.0,10.0,0,215,2,226
309,46,967.0,2976.0,7.0,7.0,0,204,1,226
309,47,1064.0,2964.0,12.0,7.0,1,199,0,225
309,53,764.0,2971.0,10.0,9.0,1,203,0,219
309,54,929.0,2977.0,6.0,9.0,1,197,0,216
309,56,922.0,2982.0,8.0,8.0,1,202,0,215
309,58,974.0,2971.0,7.0,7.0,1,196,0,213
309,59,658.0,2979.0,7.0,6.0,1,189,0,210
309,60,696.0,2984.0,11.0,8.0,1,198,0,210
309,61,726.0,2978.0,9.0,8.0,1,197,0,209
309,64,988.0,2971.0,10.0,7.0,1,187,0,203
309,66,985.0,2980.0,6.0,8.0,1,186,0,202
309,69,801.0,2981.0,10.0,7.0,0,186,1,199
309,72,671.0,3278.0,9.0,7.0,0,140,20,192
309,73,874.0,2979.0,8.0,8.0,1,179,0,192
309,77,1052.0,2964.0,11.0,6.0,1,168,0,185
309,78,744.0,2974.0,8.0,10.0,1,163,0,185
309,81,945.0,2976.0,7.0,8.0,1,172,0,179
309,85,1032.0,2963.0,11.0,7.0,1,161,0,174
309,90,1081.0,2961.0,9.0,8.0,1,145,0,167
309,131,856.0,2975.0,6.0,9.0,1,69,0,81
309,143,896.0,2982.0,7.0,9.0,1,63,0,69
309,157,1012.0,2965.0,11.0,8.0,1,25,0,29
310,2,1697.0,3110.0,18.0,8.0,1,284,0,308
310,41,622.0,2975.0,10.0,10.0,1,215,0,235
310,44,693.0,2972.0,15.0,12.0,1,213,0,231
310,45,821.0,2984.0,10.0,7.0,1,216,0,227
310,46,955.0,2977.0,10.0,9.0,1,205,0,227
310,47,1065.0,2963.0,12.0,6.0,1,200,0,226
310,53,764.0,2971.0,10.0,9.0,0,203,1,220
310,54,932.0,2878.0,14.0,9.0,1,198,0,217
310,56,912.0,2980.0,9.0,9.0,1,203,0,216
310,58,971.0,2970.0,9.0,8.0,1,197,0,214
310,59,649.0,2978.0,6.0,6.0,1,190,0,211
310,60,684.0,2985.0,13.0,6.0,1,199,0,211
310,61,723.0,2979.0,6.0,8.0,1,198,0,210
310,64,983.0,2966.0,13.0,8.0,1,188,0,204
310,66,977.0,2981.0,8.0,9.0,1,187,0,203
310,69,801.0,2981.0,10.0,7.0,0,186,2,200
310,72,671.0,3278.0,9.0,7.0,0,140,21,193
310,73,868.0,2979.0,7.0,6.0,1,180,0,193
310,77,1052.0,2964.0,11.0,6.0,0,168,1,186
310,78,736.0,2981.0,14.0,11.0,1,164,0,186
310,81,945.0,2976.0,7.0,8.0,0,172,1,180
310,85,1025.0,2966.0,10.0,8.0,1,162,0,175
310,90,1080.0,2968.0,12.0,8.0,1,146,0,168
310,131,843.0,2984.0,10.0,6.0,1,70,0,82
310,143,885.0,2979.0,7.0,6.0,1,64,0,70
310,157,1005.0,2970.0,11.0,6.0,1,26,0,30
311,2,1701.0,3110.0,15.0,8.0,1,285,0,309
311,41,623.0,2975.0,6.0,7.0,1,216,0,236
311,44,693.0,2978.0,15.0,9.0,1,214,0,232
311,45,812.0,2982.0,11.0,9.0,1,217,0,228
311,46,947.0,2976.0,9.0,7.0,1,206,0,228
311,47,1056.0,2961.0,9.0,7.0,1,201,0,227
311,53,751.0,2983.0,11.0,8.0,1,204,0,221
311,54,932.0,2878.0,14.0,9.0,0,198,1,218
311,56,912.0,2979.0,10.0,9.0,1,204,0,217
311,58,959.0,2972.0,9.0,8.0,1,198,0,215
311,59,649.0,2978.0,6.0,6.0,0,190,1,212
311,60,682.0,2978.0,8.0,8.0,1,200,0,212
311,61,723.0,2979.0,6.0,8.0,0,198,1,211
311,64,981.0,2969.0,9.0,7.0,1,189,0,205
311,66,968.0,2978.0,6.0,9.0,1,188,0,204
311,69,784.0,2980.0,11.0,7.0,1,187,0,201
311,72,671.0,3278.0,9.0,7.0,0,140,22,194
311,73,861.0,2979.0,7.0,7.0,1,181,0,194
311,77,1040.0,2966.0,8.0,7.0,1,169,0,187
311,78,728.0,2978.0,11.0,9.0,1,165,0,187
311,81,928.0,2978.0,7.0,10.0,1,173,0,181
311,85,1022.0,2961.0,10.0,12.0,1,163,0,176
311,90,1076.0,2965.0,9.0,7.0,1,147,0,169
311,131,833.0,2981.0,8.0,10.0,1,71,0,83
311,143,876.0,2982.0,8.0,8.0,1,65,0,71
311,157,1005.0,2958.0,7.0,8.0,1,27,0,31
312,2,1703.0,3120.0,14.0,5.0,1,286,0,310
312,41,611.0,2968.0,9.0,10.0,1,217,0,237
312,44,677.0,2978.0,15.0,11.0,1,215,0,233
312,45,810.0,2977.0,8.0,8.0,1,218,0,229
312,46,944.0,2970.0,7.0,12.0,1,207,0,229
312,47,1046.0,2967.0,11.0,7.0,1,202,0,228
312,53,751.0,2983.0,11.0,8.0,0,204,1,222
312,54,932.0,2878.0,14.0,9.0,0,198,2,219
312,56,914.0,2973.0,7.0,9.0,1,205,0,218
312,58,956.0,2975.0,8.0,9.0,1,199,0,216
312,59,649.0,2978.0,6.0,6.0,0,190,2,213
312,60,674.0,2982.0,10.0,6.0,1,201,0,213
312,61,723.0,2979.0,6.0,8.0,0,198,2,212
312,64,968.0,2959.0,9.0,9.0,1,190,0,206
312,66,960.0,2971.0,7.0,10.0,1,189,0,205
312,69,776.0,2975.0,6.0,9.0,1,188,0,202
312,72,671.0,3278.0,9.0,7.0,0,140,23,195
312,73,860.0,2983.0,5.0,5.0,1,182,0,195
312,77,1035.0,2961.0,6.0,5.0,1,170,0,188
312,78,723.0,2981.0,9.0,7.0,1,166,0,188
312,81,931.0,2977.0,9.0,8.0,1,174,0,182
312,85,1015.0,2963.0,9.0,7.0,1,164,0,177
312,90,1066.0,2962.0,8.0,7.0,1,148,0,170
312,131,838.0,2981.0,10.0,8.0,1,72,0,84
312,143,879.0,2980.0,9.0,7.0,1,66,0,72
312,157,1006.0,2965.0,7.0,7.0,1,28,0,32
313,2,1699.0,3118.0,18.0,6.0,1,287,0,311
313,41,609.0,2966.0,9.0,11.0,1,218,0,238
313,44,677.0,2978.0,15.0,11.0,0,215,1,234
313,45,810.0,2977.0,8.0,8.0,0,218,1,230
313,46,935.0,2976.0,7.0,7.0,1,208,0,230
313,47,1049.0,2963.0,9.0,6.0,1,203,0,229
313,53,751.0,2983.0,11.0,8.0,0,204,2,223
313,54,932.0,2878.0,14.0,9.0,0,198,3,220
313,56,894.0,2979.0,11.0,11.0,1,206,0,219
313,58,943.0,2971.0,10.0,8.0,1,200,0,217
313,59,627.0,2972.0,9.0,7.0,1,191,0,214
313,60,674.0,2982.0,10.0,6.0,0,201,1,214
313,61,704.0,2983.0,7.0,5.0,1,199,0,213
313,64,970.0,2964.0,8.0,8.0,1,191,0,207
313,66,956.0,2979.0,6.0,11.0,1,190,0,206
313,69,768.0,2976.0,9.0,8.0,1,189,0,203
313,72,671.0,3278.0,9.0,7.0,0,140,24,196
313,73,847.0,2980.0,8.0,8.0,1,183,0,196
313,77,1028.0,2955.0,11.0,10.0,1,171,0,189
313,78,720.0,2980.0,9.0,9.0,1,167,0,189
313,81,919.0,2976.0,5.0,8.0,1,175,0,183
313,85,1008.0,2957.0,7.0,9.0,1,165,0,178
313,90,1062.0,2966.0,10.0,8.0,1,149,0,171
313,131,825.0,2980.0,7.0,10.0,1,73,0,85
313,143,867.0,2986.0,9.0,9.0,1,67,0,73
313,157,989.0,2967.0,9.0,9.0,1,29,0,33
314,2,1696.0,3117.0,14.0,6.0,1,288,0,312
314,41,600.0,2974.0,11.0,11.0,1,219,0,239
314,44,669.0,2974.0,19.0,11.0,1,216,0,235
314,45,795.0,2975.0,8.0,5.0,1,219,0,231
314,46,902.0,2972.0,10.0,10.0,1,209,0,231
314,47,1039.0,2961.0,10.0,7.0,1,204,0,230
314,53,740.0,2980.0,9.0,8.0,1,205,0,224
314,54,932.0,2878.0,14.0,9.0,0,198,4,221
314,56,890.0,2977.0,10.0,10.0,1,207,0,220
314,58,932.0,2974.0,9.0,9.0,1,201,0,218
314,59,625.0,2973.0,9.0,6.0,1,192,0,215
314,60,668.0,2984.0,11.0,6.0,1,202,0,215
314,61,695.0,2980.0,9.0,5.0,1,200,0,214
314,64,960.0,2967.0,9.0,9.0,1,192,0,208
314,66,944.0,2963.0,9.0,12.0,1,191,0,207
314,69,765.0,2975.0,11.0,9.0,1,190,0,204
314,72,671.0,3278.0,9.0,7.0,0,140,25,197
314,73,846.0,2977.0,7.0,9.0,1,184,0,197
314,77,1017.0,2965.0,8.0,4.0,1,172,0,190
314,78,713.0,2987.0,12.0,9.0,1,168,0,190
314,81,907.0,2979.0,9.0,6.0,1,176,0,184
314,85,1002.0,2966.0,8.0,8.0,1,166,0,179
314,90,1063.0,2960.0,8.0,9.0,1,150,0,172
314,131,821.0,2981.0,7.0,5.0,1,74,0,86
314,143,858.0,2979.0,9.0,11.0,1,68,0,74
314,157,990.0,2965.0,4.0,8.0,1,30,0,34
315,2,1699.0,3125.0,13.0,5.0,1,289,0,313
315,41,600.0,2974.0,11.0,11.0,0,219,1,240
315,44,666.0,2978.0,9.0,7.0,1,217,0,236
315,45,793.0,2980.0,8.0,5.0,1,220,0,232
315,46,912.0,2982.0,10.0,9.0,1,210,0,232
315,47,1039.0,2956.0,11.0,8.0,1,205,0,231
315,53,733.0,2979.0,8.0,8.0,1,206,0,225
315,54,932.0,2878.0,14.0,9.0,0,198,5,222
315,56,878.0,2979.0,12.0,8.0,1,208,0,221
315,58,922.0,2976.0,9.0,9.0,1,202,0,219
315,59,620.0,2977.0,10.0,9.0,1,193,0,216
315,60,649.0,2977.0,10.0,8.0,1,203,0,216
315,61,691.0,2978.0,7.0,5.0,1,201,0,215
315,64,960.0,2967.0,9.0,9.0,0,192,1,209
315,66,934.0,2966.0,10.0,9.0,1,192,0,208
315,69,753.0,2976.0,9.0,8.0,1,191,0,205
315,72,671.0,3278.0,9.0,7.0,0,140,26,198
315,73,843.0,2979.0,9.0,9.0,1,185,0,198
315,77,1017.0,2962.0,9.0,10.0,1,173,0,191
315,78,709.0,2979.0,9.0,8.0,1,169,0,191
315,81,899.0,2978.0,9.0,9.0,1,177,0,185
315,85,998.0,2967.0,9.0,8.0,1,167,0,180
315,90,1056.0,2966.0,7.0,7.0,1,151,0,173
315,131,820.0,2983.0,8.0,6.0,1,75,0,87
315,143,851.0,2980.0,7.0,10.0,1,69,0,75
315,157,984.0,2962.0,10.0,10.0,1,31,0,35
316,2,1694.0,3127.0,15.0,4.0,1,290,0,314
316,41,590.0,2971.0,6.0,11.0,1,220,0,241
316,44,659.0,2976.0,16.0,13.0,1,218,0,237
316,45,793.0,2980.0,8.0,5.0,0,220,1,233
316,46,906.0,2977.0,9.0,9.0,1,211,0,233
316,47,1029.0,2955.0,9.0,8.0,1,206,0,232
316,53,725.0,2979.0,10.0,8.0,1,207,0,226
316,54,932.0,2878.0,14.0,9.0,0,198,6,223
316,56,871.0,2979.0,11.0,11.0,1,209,0,222
316,58,921.0,2968.0,8.0,10.0,1,203,0,220
316,59,609.0,2972.0,12.0,9.0,1,194,0,217
316,60,644.0,2979.0,13.0,8.0,1,204,0,217
316,61,685.0,2985.0,8.0,7.0,1,202,0,216
316,64,946.0,2963.0,13.0,11.0,1,193,0,210
316,66,931.0,2970.0,8.0,8.0,1,193,0,209
316,69,753.0,2975.0,10.0,9.0,1,192,0,206
316,72,671.0,3278.0,9.0,7.0,0,140,27,199
316,73,831.0,2976.0,11.0,10.0,1,186,0,199
316,77,1015.0,2968.0,9.0,7.0,1,174,0,192
316,78,705.0,2972.0,11.0,9.0,1,170,0,192
316,81,890.0,2974.0,10.0,10.0,1,178,0,186
316,85,992.0,2963.0,9.0,8.0,1,168,0,181
316,90,1049.0,2962.0,8.0,7.0,1,152,0,174
316,131,810.0,2980.0,7.0,10.0,1,76,0,88
316,143,851.0,2980.0,7.0,10.0,0,69,1,76
316,157,936.0,2975.0,7.0,6.0,1,32,0,36
317,2,1688.0,3131.0,14.0,5.0,1,291,0,315
317,41,578.0,2971.0,11.0,7.0,1,221,0,242
317,44,648.0,2974.0,22.0,14.0,1,219,0,238
317,45,775.0,2973.0,10.0,5.0,1,221,0,234
317,46,897.0,2974.0,10.0,8.0,1,212,0,234
317,47,1029.0,2955.0,9.0,8.0,0,206,1,233
317,53,721.0,2974.0,9.0,8.0,1,208,0,227
317,54,932.0,2878.0,14.0,9.0,0,198,7,224
317,56,868.0,2974.0,10.0,11.0,1,210,0,223
317,58,911.0,2976.0,9.0,8.0,1,204,0,221
317,59,604.0,2974.0,10.0,9.0,1,195,0,218
317,60,634.0,2982.0,10.0,8.0,1,205,0,218
317,61,685.0,2985.0,8.0,7.0,0,202,1,217
317,64,946.0,2963.0,13.0,11.0,0,193,1,211
317,66,924.0,2978.0,7.0,8.0,1,194,0,210
317,69,742.0,2973.0,10.0,9.0,1,193,0,207
317,72,671.0,3278.0,9.0,7.0,0,140,28,200
317,73,825.0,2983.0,11.0,8.0,1,187,0,200
317,77,1015.0,2968.0,9.0,7.0,0,174,1,193
317,78,698.0,2977.0,7.0,7.0,1,171,0,193
317,81,890.0,2974.0,10.0,10.0,0,178,1,187
317,85,988.0,2962.0,9.0,9.0,1,169,0,182
317,90,1041.0,2966.0,10.0,5.0,1,153,0,175
317,131,799.0,2980.0,9.0,7.0,1,77,0,89
317,143,846.0,2982.0,7.0,9.0,1,70,0,77
317,157,936.0,2974.0,5.0,8.0,1,33,0,37
318,2,1693.0,3123.0,11.0,8.0,1,292,0,316
318,41,566.0,2962.0,11.0,26.0,1,222,0,243
318,44,648.0,2974.0,22.0,14.0,0,219,1,239
318,45,773.0,2983.0,10.0,6.0,1,222,0,235
318,46,892.0,2972.0,10.0,9.0,1,213,0,235
318,47,1025.0,2954.0,8.0,9.0,1,207,0,234
318,53,721.0,2974.0,9.0,8.0,0,208,1,228
318,54,932.0,2878.0,14.0,9.0,0,198,8,225
318,56,862.0,2981.0,12.0,13.0,1,211,0,224
318,58,912.0,2976.0,10.0,10.0,1,205,0,222
318,59,600.0,2969.0,10.0,11.0,1,196,0,219
318,60,632.0,2979.0,12.0,6.0,1,206,0,219
318,61,685.0,2985.0,8.0,7.0,0,202,2,218
318,64,939.0,2966.0,9.0,8.0,1,194,0,212
318,66,915.0,2968.0,10.0,11.0,1,195,0,211
318,69,741.0,2979.0,10.0,10.0,1,194,0,208
318,72,671.0,3278.0,9.0,7.0,0,140,29,201
318,73,812.0,2982.0,11.0,8.0,1,188,0,201
318,77,969.0,2958.0,9.0,11.0,1,175,0,194
318,78,688.0,2978.0,10.0,12.0,1,172,0,194
318,81,880.0,2975.0,8.0,10.0,1,179,0,188
318,85,982.0,2961.0,7.0,9.0,1,170,0,183
318,90,1037.0,2964.0,9.0,6.0,1,154,0,176
318,131,795.0,2986.0,7.0,5.0,1,78,0,90
318,143,836.0,2971.0,8.0,11.0,1,71,0,78
318,157,926.0,2974.0,5.0,9.0,1,34,0,38
319,2,1688.0,3124.0,13.0,7.0,1,293,0,317
319,41,569.0,2966.0,10.0,9.0,1,223,0,244
319,44,634.0,2977.0,19.0,10.0,1,220,0,240
319,45,766.0,2976.0,11.0,6.0,1,223,0,236
319,46,900.0,2977.0,9.0,8.0,1,214,0,236
319,47,1015.0,2963.0,11.0,6.0,1,208,0,235
319,53,707.0,2980.0,9.0,6.0,1,209,0,229
319,54,932.0,2878.0,14.0,9.0,0,198,9,226
319,56,854.0,2983.0,9.0,9.0,1,212,0,225
319,58,928.0,2957.0,13.0,13.0,1,206,0,223
319,59,594.0,2967.0,11.0,7.0,1,197,0,220
319,60,630.0,2977.0,8.0,9.0,1,207,0,220
319,61,661.0,2986.0,10.0,6.0,1,203,0,219
319,64,963.0,2971.0,10.0,6.0,1,195,0,213
319,66,909.0,2970.0,10.0,13.0,1,196,0,212
319,69,736.0,2980.0,9.0,9.0,1,195,0,209
319,73,818.0,2980.0,9.0,6.0,1,189,0,202
319,77,971.0,2957.0,10.0,8.0,1,176,0,195
319,78,679.0,2977.0,9.0,10.0,1,173,0,195
319,81,880.0,2981.0,11.0,8.0,1,180,0,189
319,85,998.0,2967.0,5.0,9.0,1,171,0,184
319,90,1032.0,2959.0,9.0,7.0,1,155,0,177
319,131,799.0,2982.0,7.0,4.0,1,79,0,91
319,143,836.0,2971.0,8.0,11.0,0,71,1,79
319,157,921.0,2973.0,9.0,13.0,1,35,0,39
320,2,1686.0,3129.0,14.0,7.0,1,294,0,318
320,41,564.0,2964.0,11.0,15.0,1,224,0,245
320,44,637.0,2982.0,9.0,7.0,1,221,0,241
320,45,764.0,2975.0,10.0,7.0,1,224,0,237
320,46,895.0,2974.0,10.0,12.0,1,215,0,237
320,47,1010.0,2965.0,8.0,9.0,1,209,0,236
320,53,697.0,2979.0,8.0,5.0,1,210,0,230
320,54,932.0,2878.0,14.0,9.0,0,198,10,227
320,56,866.0,2976.0,8.0,9.0,1,213,0,226
320,58,926.0,2965.0,10.0,9.0,1,207,0,224
320,59,586.0,2969.0,9.0,8.0,1,198,0,221
320,60,630.0,2977.0,8.0,9.0,0,207,1,221
320,61,657.0,2979.0,10.0,7.0,1,204,0,220
320,64,954.0,2962.0,9.0,10.0,1,196,0,214
320,66,904.0,2967.0,11.0,10.0,1,197,0,213
320,69,732.0,2972.0,8.0,11.0,1,196,0,210
320,73,806.0,2979.0,11.0,6.0,1,190,0,203
320,77,972.0,2958.0,8.0,9.0,1,177,0,196
320,78,680.0,2979.0,6.0,8.0,1,174,0,196
320,81,881.0,2975.0,12.0,10.0,1,181,0,190
320,85,989.0,2958.0,9.0,6.0,1,172,0,185
320,90,1032.0,2959.0,9.0,7.0,0,155,1,178
320,131,787.0,2977.0,8.0,5.0,1,80,0,92
320,143,826.0,2977.0,8.0,9.0,1,72,0,80
320,157,921.0,2973.0,6.0,8.0,1,36,0,40
321,2,1688.0,3127.0,14.0,7.0,1,295,0,319
321,41,567.0,2969.0,7.0,7.0,1,225,0,246
321,44,635.0,2979.0,9.0,5.0,1,222,0,242
321,45,753.0,2978.0,11.0,7.0,1,225,0,238
321,46,866.0,2976.0,7.0,7.0,1,216,0,238
321,47,1009.0,2958.0,7.0,5.0,1,210,0,237
321,53,698.0,2978.0,7.0,6.0,1,211,0,231
321,54,932.0,2878.0,14.0,9.0,0,198,11,228
321,56,842.0,2982.0,12.0,11.0,1,214,0,227
321,58,917.0,2968.0,10.0,7.0,1,208,0,225
321,59,588.0,2974.0,11.0,9.0,1,199,0,222
321,60,611.0,2966.0,18.0,17.0,1,208,0,222
321,61,646.0,2977.0,9.0,5.0,1,205,0,221
321,64,953.0,2963.0,9.0,5.0,1,197,0,215
321,66,896.0,2976.0,10.0,8.0,1,198,0,214
321,69,727.0,2971.0,10.0,8.0,1,197,0,211
321,73,802.0,2979.0,10.0,6.0,1,191,0,204
321,77,964.0,2957.0,9.0,9.0,1,178,0,197
321,78,680.0,2979.0,6.0,8.0,0,174,1,197
321,81,873.0,2977.0,10.0,10.0,1,182,0,191
321,85,986.0,2960.0,8.0,9.0,1,173,0,186
321,90,1022.0,2961.0,9.0,6.0,1,156,0,179
321,131,782.0,2971.0,6.0,5.0,1,81,0,93
321,143,820.0,2979.0,9.0,5.0,1,73,0,81
321,157,912.0,2970.0,8.0,9.0,1,37,0,41
322,2,1690.0,3132.0,12.0,7.0,1,296,0,320
322,41,552.0,2973.0,12.0,8.0,1,226,0,247
322,44,623.0,2975.0,8.0,9.0,1,223,0,243
322,45,749.0,2975.0,9.0,7.0,1,226,0,239
322,46,864.0,2975.0,8.0,10.0,1,217,0,239
322,47,1000.0,2957.0,8.0,9.0,1,211,0,238
322,53,698.0,2978.0,7.0,6.0,0,211,1,232
322,54,932.0,2878.0,14.0,9.0,0,198,12,229
322,56,841.0,2983.0,11.0,11.0,1,215,0,228
322,58,915.0,2960.0,7.0,7.0,1,209,0,226
322,59,573.0,2972.0,12.0,9.0,1,200,0,223
322,60,606.0,2973.0,18.0,16.0,1,209,0,223
322,61,646.0,2977.0,9.0,5.0,0,205,1,222
322,64,941.0,2962.0,11.0,9.0,1,198,0,216
322,66,896.0,2976.0,10.0,8.0,0,198,1,215
322,69,716.0,2976.0,9.0,8.0,1,198,0,212
322,73,796.0,2981.0,10.0,6.0,1,192,0,205
322,77,959.0,2961.0,7.0,10.0,1,179,0,198
322,78,664.0,2976.0,10.0,9.0,1,175,0,198
322,81,858.0,2985.0,8.0,9.0,1,183,0,192
322,85,985.0,2969.0,8.0,6.0,1,174,0,187
322,90,1017.0,2961.0,9.0,7.0,1,157,0,180
322,131,771.0,2985.0,10.0,7.0,1,82,0,94
322,143,814.0,2971.0,9.0,9.0,1,74,0,82
322,157,903.0,2971.0,7.0,9.0,1,38,0,42
323,2,1682.0,3135.0,15.0,8.0,1,297,0,321
323,41,552.0,2973.0,12.0,8.0,0,226,1,248
323,44,624.0,2976.0,9.0,5.0,1,224,0,244
323,45,743.0,2975.0,9.0,5.0,1,227,0,240
323,46,857.0,2976.0,9.0,8.0,1,218,0,240
323,47,958.0,2963.0,8.0,8.0,1,212,0,239
323,53,679.0,2973.0,10.0,7.0,1,212,0,233
323,54,932.0,2878.0,14.0,9.0,0,198,13,230
323,56,829.0,2975.0,10.0,9.0,1,216,0,229
323,58,909.0,2957.0,11.0,8.0,1,210,0,227
323,59,568.0,2967.0,9.0,8.0,1,201,0,224
323,60,605.0,2978.0,17.0,10.0,1,210,0,224
323,61,644.0,2980.0,9.0,8.0,1,206,0,223
323,64,898.0,2973.0,8.0,12.0,1,199,0,217
323,66,885.0,2975.0,9.0,10.0,1,199,0,216
323,69,716.0,2975.0,10.0,8.0,1,199,0,213
323,73,783.0,2978.0,7.0,5.0,1,193,0,206
323,77,943.0,2957.0,6.0,9.0,1,180,0,199
323,78,657.0,2981.0,6.0,5.0,1,176,0,199
323,81,853.0,2979.0,9.0,7.0,1,184,0,193
323,85,975.0,2966.0,7.0,10.0,1,175,0,188
323,90,1015.0,2960.0,4.0,6.0,1,158,0,181
323,131,766.0,2986.0,9.0,4.0,1,83,0,95
323,143,799.0,2981.0,11.0,5.0,1,75,0,83
323,157,892.0,2969.0,9.0,9.0,1,39,0,43
324,2,1682.0,3135.0,15.0,8.0,0,297,1,322
324,41,544.0,2966.0,11.0,11.0,1,227,0,249
324,44,615.0,2981.0,8.0,6.0,1,225,0,245
324,45,732.0,2975.0,11.0,7.0,1,228,0,241
324,46,875.0,2965.0,10.0,13.0,1,219,0,241
324,47,972.0,2960.0,6.0,6.0,1,213,0,240
324,53,677.0,2974.0,11.0,7.0,1,213,0,234
324,54,932.0,2878.0,14.0,9.0,0,198,14,231
324,56,828.0,2977.0,11.0,12.0,1,217,0,230
324,58,908.0,2961.0,9.0,9.0,1,211,0,228
324,59,566.0,2969.0,9.0,8.0,1,202,0,225
324,60,596.0,2976.0,14.0,17.0,1,211,0,225
324,61,627.0,2983.0,7.0,6.0,1,207,0,224
324,64,932.0,2962.0,9.0,8.0,1,200,0,218
324,66,892.0,2971.0,6.0,11.0,1,200,0,217
324,69,703.0,2972.0,10.0,11.0,1,200,0,214
324,73,783.0,2977.0,7.0,5.0,1,194,0,207
324,77,946.0,2964.0,9.0,11.0,1,181,0,200
324,78,650.0,2973.0,9.0,6.0,1,177,0,200
324,81,851.0,2980.0,12.0,9.0,1,185,0,194
324,85,982.0,2955.0,10.0,6.0,1,176,0,189
324,90,1011.0,2959.0,7.0,5.0,1,159,0,182
324,131,763.0,2976.0,5.0,8.0,1,84,0,96
324,143,799.0,2981.0,11.0,5.0,0,75,1,84
324,157,883.0,2971.0,12.0,10.0,1,40,0,44
325,2,1682.0,3134.0,16.0,7.0,1,298,0,323
325,41,533.0,2969.0,10.0,9.0,1,228,0,250
325,44,607.0,2975.0,6.0,6.0,1,226,0,246
325,45,726.0,2976.0,8.0,9.0,1,229,0,242
325,46,859.0,2980.0,8.0,5.0,1,220,0,242
325,47,967.0,2962.0,8.0,5.0,1,214,0,241
325,53,672.0,2974.0,10.0,6.0,1,214,0,235
325,54,932.0,2878.0,14.0,9.0,0,198,15,232
325,56,817.0,2978.0,12.0,12.0,1,218,0,231
325,58,880.0,2963.0,10.0,12.0,1,212,0,229
325,59,564.0,2974.0,6.0,5.0,1,203,0,226
325,60,592.0,2972.0,13.0,16.0,1,212,0,226
325,61,622.0,2979.0,9.0,5.0,1,208,0,225
325,64,930.0,2957.0,6.0,12.0,1,201,0,219
325,66,883.0,2977.0,9.0,10.0,1,201,0,218
325,69,698.0,2973.0,10.0,8.0,1,201,0,215
325,73,781.0,2977.0,8.0,5.0,1,195,0,208
325,77,943.0,2958.0,9.0,9.0,1,182,0,201
325,78,650.0,2973.0,9.0,6.0,0,177,1,201
325,81,838.0,2981.0,5.0,5.0,1,186,0,195
325,85,979.0,2959.0,7.0,9.0,1,177,0,190
325,90,1004.0,2961.0,6.0,7.0,1,160,0,183
325,131,755.0,2978.0,9.0,5.0,1,85,0,97
325,143,795.0,2977.0,7.0,5.0,1,76,0,85
325,157,870.0,2973.0,10.0,10.0,1,41,0,45
326,2,1685.0,3141.0,15.0,7.0,1,299,0,324
326,41,529.0,2960.0,11.0,9.0,1,229,0,251
326,44,609.0,2972.0,6.0,5.0,1,227,0,247
326,45,724.0,2970.0,8.0,6.0,1,230,0,243
326,46,870.0,2966.0,10.0,10.0,1,221,0,243
326,47,963.0,2959.0,6.0,9.0,1,215,0,242
326,53,665.0,2971.0,10.0,7.0,1,215,0,236
326,54,932.0,2878.0,14.0,9.0,0,198,16,233
326,56,826.0,2975.0,8.0,9.0,1,219,0,232
326,58,892.0,2960.0,9.0,10.0,1,213,0,230
326,59,555.0,2967.0,9.0,7.0,1,204,0,227
326,60,589.0,2974.0,16.0,12.0,1,213,0,227
326,61,619.0,2980.0,7.0,5.0,1,209,0,226
326,64,925.0,2962.0,11.0,10.0,1,202,0,220
326,66,881.0,2974.0,12.0,10.0,1,202,0,219
326,69,695.0,2972.0,9.0,6.0,1,202,0,216
326,73,807.0,2978.0,13.0,11.0,1,196,0,209
326,77,942.0,2961.0,9.0,7.0,1,183,0,202
326,78,635.0,2979.0,11.0,8.0,1,178,0,202
326,81,844.0,2967.0,10.0,10.0,1,187,0,196
326,85,980.0,2951.0,10.0,11.0,1,178,0,191
326,90,1003.0,2958.0,5.0,9.0,1,161,0,184
326,131,747.0,2976.0,12.0,5.0,1,86,0,98
326,143,787.0,2974.0,9.0,9.0,1,77,0,86
326,157,870.0,2974.0,9.0,11.0,1,42,0,46
327,2,1676.0,3141.0,15.0,7.0,1,300,0,325
327,41,529.0,2960.0,11.0,9.0,0,229,1,252
327,44,605.0,2975.0,6.0,8.0,1,228,0,248
327,45,719.0,2976.0,8.0,8.0,1,231,0,244
327,46,869.0,2966.0,9.0,12.0,1,222,0,244
327,47,963.0,2959.0,6.0,9.0,0,215,1,243
327,53,655.0,2975.0,9.0,6.0,1,216,0,237
327,54,932.0,2878.0,14.0,9.0,0,198,17,234
327,56,820.0,2979.0,10.0,7.0,1,220,0,233
327,58,894.0,2965.0,8.0,7.0,1,214,0,231
327,59,555.0,2967.0,9.0,7.0,0,204,1,228
327,60,578.0,2969.0,17.0,8.0,1,214,0,228
327,61,608.0,2979.0,8.0,6.0,1,210,0,227
327,64,919.0,2961.0,11.0,11.0,1,203,0,221
327,66,877.0,2975.0,8.0,9.0,1,203,0,220
327,69,688.0,2976.0,9.0,5.0,1,203,0,217
327,73,807.0,2979.0,11.0,9.0,1,197,0,210
327,77,932.0,2954.0,9.0,10.0,1,184,0,203
327,78,635.0,2981.0,8.0,5.0,1,179,0,203
327,81,845.0,2976.0,7.0,8.0,1,188,0,197
327,85,980.0,2951.0,10.0,11.0,0,178,1,192
327,90,987.0,2953.0,7.0,11.0,1,162,0,185
327,131,740.0,2980.0,11.0,6.0,1,87,0,99
327,143,766.0,2976.0,9.0,6.0,1,78,0,87
327,157,870.0,2974.0,9.0,11.0,0,42,1,47
328,2,1675.0,3138.0,16.0,6.0,1,301,0,326
328,41,511.0,2962.0,13.0,13.0,1,230,0,253
328,44,591.0,2977.0,9.0,9.0,1,229,0,249
328,45,706.0,2970.0,11.0,6.0,1,232,0,245
328,46,869.0,2966.0,9.0,12.0,0,222,1,245
328,47,963.0,2959.0,6.0,9.0,0,215,2,244
328,53,655.0,2975.0,9.0,6.0,0,216,1,238
328,54,932.0,2878.0,14.0,9.0,0,198,18,235
328,56,817.0,2978.0,9.0,9.0,1,221,0,234
328,58,883.0,2965.0,10.0,7.0,1,215,0,232
328,59,541.0,2963.0,11.0,9.0,1,205,0,229
328,60,578.0,2969.0,17.0,8.0,0,214,1,229
328,61,608.0,2979.0,8.0,6.0,0,210,1,228
328,64,915.0,2955.0,9.0,10.0,1,204,0,222
328,66,873.0,2977.0,9.0,8.0,1,204,0,221
328,69,682.0,2971.0,9.0,9.0,1,204,0,218
328,73,800.0,2976.0,10.0,9.0,1,198,0,211
328,77,931.0,2956.0,10.0,7.0,1,185,0,204
328,78,623.0,2969.0,7.0,10.0,1,180,0,204
328,81,835.0,2984.0,8.0,8.0,1,189,0,198
328,85,974.0,2955.0,10.0,8.0,1,179,0,193
328,90,989.0,2957.0,10.0,11.0,1,163,0,186
328,131,739.0,2975.0,8.0,7.0,1,88,0,100
328,143,777.0,2981.0,9.0,5.0,1,79,0,88
328,157,856.0,2970.0,7.0,11.0,1,43,0,48
329,2,1676.0,3139.0,15.0,5.0,1,302,0,327
329,41,518.0,2970.0,10.0,7.0,1,231,0,254
329,44,585.0,2970.0,9.0,9.0,1,230,0,250
329,45,700.0,2975.0,11.0,6.0,1,233,0,246
329,46,865.0,2962.0,9.0,11.0,1,223,0,246
329,47,963.0,2959.0,6.0,9.0,0,215,3,245
329,53,643.0,2976.0,10.0,7.0,1,217,0,239
329,54,932.0,2878.0,14.0,9.0,0,198,19,236
329,56,812.0,2979.0,9.0,8.0,1,222,0,235
329,58,888.0,2964.0,10.0,9.0,1,216,0,233
329,59,529.0,2967.0,12.0,8.0,1,206,0,230
329,60,565.0,2968.0,15.0,17.0,1,215,0,230
329,61,600.0,2975.0,9.0,8.0,1,211,0,229
329,64,909.0,2956.0,8.0,9.0,1,205,0,223
329,66,862.0,2973.0,9.0,10.0,1,205,0,222
329,69,675.0,2973.0,11.0,8.0,1,205,0,219
329,73,800.0,2976.0,10.0,9.0,0,198,1,212
329,77,921.0,2957.0,10.0,8.0,1,186,0,205
329,78,623.0,2969.0,7.0,10.0,0,180,1,205
329,81,835.0,2984.0,8.0,8.0,0,189,1,199
329,85,969.0,2959.0,7.0,9.0,1,180,0,194
329,90,983.0,2957.0,9.0,10.0,1,164,0,187
329,131,739.0,2975.0,8.0,7.0,0,88,1,101
329,143,765.0,2981.0,9.0,5.0,1,80,0,89
329,157,845.0,2977.0,9.0,7.0,1,44,0,49
330,2,1680.0,3140.0,16.0,8.0,1,303,0,328
330,41,508.0,2966.0,16.0,9.0,1,232,0,255
330,44,580.0,2972.0,6.0,7.0,1,231,0,251
330,45,700.0,2975.0,11.0,6.0,0,233,1,247
330,46,853.0,2963.0,11.0,8.0,1,224,0,247
330,47,941.0,2960.0,6.0,11.0,1,216,0,246
330,53,634.0,2971.0,11.0,8.0,1,218,0,240
330,54,932.0,2878.0,14.0,9.0,0,198,20,237
330,56,812.0,2979.0,9.0,8.0,0,222,1,236
330,58,878.0,2959.0,11.0,10.0,1,217,0,234
330,59,529.0,2967.0,12.0,8.0,0,206,1,231
330,60,559.0,2972.0,17.0,8.0,1,216,0,231
330,61,595.0,2972.0,10.0,7.0,1,212,0,230
330,64,909.0,2961.0,6.0,6.0,1,206,0,224
330,66,861.0,2973.0,8.0,10.0,1,206,0,223
330,69,662.0,2973.0,11.0,9.0,1,206,0,220
330,73,800.0,2976.0,10.0,9.0,0,198,2,213
330,77,917.0,2962.0,11.0,9.0,1,187,0,206
330,78,613.0,2974.0,11.0,7.0,1,181,0,206
330,81,821.0,2973.0,9.0,7.0,1,190,0,200
330,85,958.0,2949.0,7.0,11.0,1,181,0,195
330,90,978.0,2960.0,7.0,7.0,1,165,0,188
330,131,724.0,2975.0,9.0,8.0,1,89,0,102
330,143,765.0,2981.0,9.0,5.0,0,80,1,90
330,157,845.0,2977.0,9.0,7.0,0,44,1,50
331,2,1671.0,3137.0,13.0,6.0,1,304,0,329
331,41,499.0,2961.0,11.0,9.0,1,233,0,256
331,44,575.0,2972.0,7.0,8.0,1,232,0,252
331,45,695.0,2973.0,10.0,6.0,1,234,0,248
331,46,833.0,2971.0,11.0,8.0,1,225,0,248
331,47,928.0,2958.0,10.0,9.0,1,217,0,247
331,53,634.0,2971.0,11.0,8.0,0,218,1,241
331,54,932.0,2878.0,14.0,9.0,0,198,21,238
331,56,792.0,2982.0,10.0,9.0,1,223,0,237
331,58,841.0,2970.0,10.0,7.0,1,218,0,235
331,59,525.0,2963.0,9.0,7.0,1,207,0,232
331,60,551.0,2974.0,16.0,14.0,1,217,0,232
331,61,594.0,2975.0,10.0,7.0,1,213,0,231
331,64,899.0,2958.0,10.0,8.0,1,207,0,225
331,66,855.0,2973.0,12.0,6.0,1,207,0,224
331,69,667.0,2968.0,9.0,6.0,1,207,0,221
331,73,758.0,2982.0,10.0,5.0,1,199,0,214
331,77,914.0,2961.0,8.0,8.0,1,188,0,207
331,78,605.0,2980.0,12.0,7.0,1,182,0,207
331,81,804.0,2979.0,10.0,7.0,1,191,0,201
331,85,953.0,2957.0,10.0,8.0,1,182,0,196
331,90,978.0,2960.0,7.0,7.0,0,165,1,189
331,131,718.0,2977.0,9.0,7.0,1,90,0,103
331,143,741.0,2978.0,8.0,7.0,1,81,0,91
331,157,820.0,2980.0,11.0,8.0,1,45,0,51
332,2,1674.0,3140.0,14.0,6.0,1,305,0,330
332,41,496.0,2961.0,12.0,10.0,1,234,0,257
332,44,569.0,2973.0,8.0,7.0,1,233,0,253
332,45,688.0,2972.0,10.0,7.0,1,235,0,249
332,46,835.0,2972.0,11.0,11.0,1,226,0,249
332,47,909.0,2959.0,9.0,6.0,1,218,0,248
332,53,628.0,2973.0,9.0,8.0,1,219,0,242
332,54,932.0,2878.0,14.0,9.0,0,198,22,239
332,56,778.0,2978.0,9.0,10.0,1,224,0,238
332,58,840.0,2966.0,10.0,8.0,1,219,0,236
332,59,521.0,2968.0,9.0,9.0,1,208,0,233
332,60,551.0,2974.0,16.0,14.0,0,217,1,233
332,61,583.0,2972.0,8.0,8.0,1,214,0,232
332,64,862.0,2957.0,14.0,9.0,1,208,0,226
332,66,846.0,2977.0,10.0,10.0,1,208,0,225
332,69,655.0,2967.0,10.0,10.0,1,208,0,222
332,73,750.0,2982.0,9.0,5.0,1,200,0,215
332,77,895.0,2961.0,7.0,8.0,1,189,0,208
332,78,601.0,2974.0,14.0,11.0,1,183,0,208
332,81,793.0,2979.0,11.0,7.0,1,192,0,202
332,85,948.0,2955.0,9.0,8.0,1,183,0,197
332,90,928.0,2960.0,9.0,9.0,1,166,0,190
332,131,715.0,2977.0,5.0,5.0,1,91,0,104
332,143,734.0,2974.0,9.0,7.0,1,82,0,92
332,157,807.0,2977.0,11.0,8.0,1,46,0,52
333,2,1669.0,3137.0,14.0,7.0,1,306,0,331
333,41,492.0,2960.0,11.0,8.0,1,235,0,258
333,44,567.0,2972.0,9.0,9.0,1,234,0,254
333,45,684.0,2974.0,9.0,8.0,1,236,0,250
333,46,828.0,2976.0,12.0,8.0,1,227,0,250
333,47,932.0,2963.0,6.0,7.0,1,219,0,249
333,53,620.0,2972.0,12.0,10.0,1,220,0,243
333,54,932.0,2878.0,14.0,9.0,0,198,23,240
333,56,768.0,2974.0,9.0,10.0,1,225,0,239
333,58,838.0,2966.0,9.0,11.0,1,220,0,237
333,59,516.0,2964.0,9.0,7.0,1,209,0,234
333,60,539.0,2967.0,17.0,15.0,1,218,0,234
333,61,576.0,2978.0,6.0,4.0,1,215,0,233
333,64,888.0,2958.0,10.0,6.0,1,209,0,227
333,66,854.0,2960.0,11.0,11.0,1,209,0,226
333,69,648.0,2975.0,9.0,7.0,1,209,0,223
333,73,746.0,2982.0,9.0,8.0,1,201,0,216
333,77,904.0,2962.0,7.0,6.0,1,190,0,209
333,78,597.0,2979.0,8.0,10.0,1,184,0,209
333,81,793.0,2979.0,11.0,7.0,0,192,1,203
333,85,949.0,2955.0,7.0,6.0,1,184,0,198
333,90,956.0,2957.0,7.0,6.0,1,167,0,191
333,131,704.0,2975.0,9.0,5.0,1,92,0,105
333,143,728.0,2976.0,10.0,8.0,1,83,0,93
333,157,803.0,2974.0,9.0,6.0,1,47,0,53
334,2,1671.0,3144.0,15.0,7.0,1,307,0,332
334,41,481.0,2963.0,10.0,6.0,1,236,0,259
334,44,555.0,2974.0,8.0,8.0,1,235,0,255
334,45,676.0,2968.0,10.0,6.0,1,237,0,251
334,46,835.0,2977.0,9.0,9.0,1,228,0,251
334,47,920.0,2960.0,10.0,7.0,1,220,0,250
334,53,614.0,2973.0,12.0,7.0,1,221,0,244
334,54,932.0,2878.0,14.0,9.0,0,198,24,241
334,56,768.0,2974.0,9.0,10.0,0,225,1,240
334,58,835.0,2962.0,10.0,11.0,1,221,0,238
334,59,516.0,2966.0,9.0,5.0,1,210,0,235
334,60,538.0,2972.0,16.0,11.0,1,219,0,235
334,61,570.0,2975.0,11.0,9.0,1,216,0,234
334,64,877.0,2954.0,10.0,9.0,1,210,0,228
334,66,847.0,2961.0,14.0,10.0,1,210,0,227
334,69,648.0,2975.0,9.0,7.0,0,209,1,224
334,73,740.0,2972.0,9.0,7.0,1,202,0,217
334,77,904.0,2962.0,7.0,6.0,0,190,1,210
334,78,588.0,2973.0,13.0,8.0,1,185,0,210
334,81,780.0,2979.0,10.0,8.0,1,193,0,204
334,85,956.0,2956.0,9.0,8.0,1,185,0,199
334,90,939.0,2948.0,11.0,9.0,1,168,0,192
334,131,697.0,2982.0,10.0,5.0,1,93,0,106
334,143,718.0,2977.0,9.0,7.0,1,84,0,94
334,157,815.0,2970.0,11.0,8.0,1,48,0,54
335,2,1674.0,3147.0,16.0,7.0,1,308,0,333
335,41,483.0,2960.0,7.0,8.0,1,237,0,260
335,44,551.0,2973.0,8.0,7.0,1,236,0,256
335,45,668.0,2971.0,9.0,9.0,1,238,0,252
335,46,835.0,2985.0,8.0,5.0,1,229,0,252
335,47,922.0,2961.0,6.0,10.0,1,221,0,251
335,53,606.0,2969.0,12.0,8.0,1,222,0,245
335,54,932.0,2878.0,14.0,9.0,0,198,25,242
335,56,763.0,2975.0,8.0,9.0,1,226,0,241
335,58,811.0,2972.0,9.0,7.0,1,222,0,239
335,59,505.0,2964.0,10.0,7.0,1,211,0,236
335,60,535.0,2970.0,15.0,12.0,1,220,0,236
335,61,563.0,2973.0,8.0,5.0,1,217,0,235
335,64,877.0,2954.0,10.0,9.0,0,210,1,229
335,66,844.0,2954.0,15.0,12.0,1,211,0,228
335,69,640.0,2965.0,9.0,10.0,1,210,0,225
335,73,733.0,2977.0,11.0,10.0,1,203,0,218
335,77,892.0,2958.0,11.0,9.0,1,191,0,211
335,78,578.0,2974.0,11.0,9.0,1,186,0,211
335,81,776.0,2978.0,10.0,7.0,1,194,0,205
335,85,956.0,2956.0,9.0,8.0,0,185,1,200
335,90,938.0,2952.0,9.0,6.0,1,169,0,193
335,131,695.0,2970.0,7.0,5.0,1,94,0,107
335,143,714.0,2971.0,9.0,6.0,1,85,0,95
335,157,788.0,2977.0,11.0,7.0,1,49,0,55
336,2,1667.0,3144.0,16.0,8.0,1,309,0,334
336,41,469.0,2960.0,12.0,6.0,1,238,0,261
336,44,545.0,2968.0,9.0,8.0,1,237,0,257
336,45,667.0,2969.0,7.0,5.0,1,239,0,253
336,46,831.0,2977.0,10.0,8.0,1,230,0,253
336,47,914.0,2956.0,13.0,11.0,1,222,0,252
336,53,599.0,2969.0,10.0,11.0,1,223,0,246
336,54,932.0,2878.0,14.0,9.0,0,198,26,243
336,56,765.0,2979.0,10.0,5.0,1,227,0,242
336,58,810.0,2969.0,11.0,9.0,1,223,0,240
336,59,502.0,2965.0,10.0,7.0,1,212,0,237
336,60,525.0,2965.0,17.0,15.0,1,221,0,237
336,61,560.0,2962.0,11.0,13.0,1,218,0,236
336,64,871.0,2958.0,5.0,8.0,1,211,0,230
336,66,840.0,2956.0,15.0,11.0,1,212,0,229
336,69,633.0,2966.0,10.0,9.0,1,211,0,226
336,73,728.0,2976.0,9.0,7.0,1,204,0,219
336,77,887.0,2960.0,10.0,8.0,1,192,0,212
336,78,575.0,2975.0,12.0,9.0,1,187,0,212
336,81,777.0,2976.0,12.0,8.0,1,195,0,206
336,85,950.0,2953.0,10.0,6.0,1,186,0,201
336,90,932.0,2958.0,8.0,8.0,1,170,0,194
336,131,687.0,2969.0,7.0,10.0,1,95,0,108
336,143,710.0,2967.0,10.0,8.0,1,86,0,96
336,157,822.0,2957.0,10.0,11.0,1,50,0,56
337,2,1675.0,3148.0,15.0,7.0,1,310,0,335
337,41,468.0,2958.0,8.0,6.0,1,239,0,262
337,44,536.0,2966.0,9.0,8.0,1,238,0,258
337,45,650.0,2971.0,12.0,8.0,1,240,0,254
337,46,819.0,2977.0,8.0,9.0,1,231,0,254
337,47,906.0,2964.0,10.0,7.0,1,223,0,253
337,53,598.0,2970.0,13.0,10.0,1,224,0,247
337,54,696.0,2771.0,12.0,8.0,1,199,0,244
337,56,741.0,2979.0,12.0,8.0,1,228,0,243
337,58,777.0,2975.0,12.0,7.0,1,224,0,241
337,59,499.0,2957.0,12.0,8.0,1,213,0,238
337,60,522.0,2962.0,14.0,14.0,1,222,0,238
337,61,553.0,2973.0,10.0,10.0,1,219,0,237
337,64,870.0,2959.0,8.0,6.0,1,212,0,231
337,66,839.0,2955.0,15.0,11.0,1,213,0,230
337,69,627.0,2964.0,10.0,9.0,1,212,0,227
337,73,724.0,2974.0,8.0,9.0,1,205,0,220
337,77,884.0,2959.0,11.0,10.0,1,193,0,213
337,78,575.0,2975.0,12.0,9.0,0,187,1,213
337,81,758.0,2980.0,10.0,5.0,1,196,0,207
337,85,949.0,2954.0,5.0,8.0,1,187,0,202
337,90,924.0,2956.0,9.0,7.0,1,171,0,195
337,131,687.0,2969.0,7.0,10.0,0,95,1,109
337,143,708.0,2974.0,11.0,7.0,1,87,0,97
337,157,821.0,2963.0,10.0,11.0,1,51,0,57
338,2,1668.0,3142.0,15.0,7.0,1,311,0,336
338,41,464.0,2959.0,11.0,8.0,1,240,0,263
338,44,532.0,2967.0,7.0,9.0,1,239,0,259
338,45,655.0,2968.0,8.0,8.0,1,241,0,255
338,46,812.0,2974.0,10.0,10.0,1,232,0,255
338,47,907.0,2957.0,10.0,9.0,1,224,0,254
338,53,587.0,2974.0,11.0,10.0,1,225,0,248
338,54,696.0,2771.0,12.0,8.0,0,199,1,245
338,56,752.0,2984.0,8.0,5.0,1,229,0,244
338,58,803.0,2969.0,12.0,9.0,1,225,0,242
338,59,488.0,2963.0,10.0,8.0,1,214,0,239
338,60,512.0,2965.0,14.0,10.0,1,223,0,239
338,61,544.0,2976.0,11.0,9.0,1,220,0,238
338,64,866.0,2957.0,9.0,11.0,1,213,0,232
338,66,833.0,2957.0,13.0,9.0,1,214,0,231
338,69,620.0,2964.0,10.0,10.0,1,213,0,228
338,73,741.0,2973.0,12.0,8.0,1,206,0,221
338,77,872.0,2960.0,9.0,8.0,1,194,0,214
338,78,575.0,2975.0,12.0,9.0,0,187,2,214
338,81,774.0,2976.0,12.0,8.0,1,197,0,208
338,85,949.0,2954.0,5.0,8.0,0,187,1,203
338,90,924.0,2956.0,9.0,7.0,0,171,1,196
338,131,668.0,2975.0,9.0,10.0,1,96,0,110
338,143,702.0,2970.0,10.0,9.0,1,88,0,98
338,157,816.0,2964.0,9.0,11.0,1,52,0,58
339,2,1666.0,3147.0,17.0,8.0,1,312,0,337
339,41,456.0,2960.0,10.0,11.0,1,241,0,264
339,44,532.0,2967.0,7.0,9.0,0,239,1,260
339,45,643.0,2961.0,13.0,12.0,1,242,0,256
339,46,807.0,2972.0,11.0,6.0,1,233,0,256
339,47,907.0,2957.0,10.0,9.0,0,224,1,255
339,53,581.0,2973.0,10.0,8.0,1,226,0,249
339,54,696.0,2771.0,12.0,8.0,0,199,2,246
339,56,731.0,2974.0,13.0,11.0,1,230,0,245
339,58,767.0,2974.0,11.0,7.0,1,226,0,243
339,59,487.0,2960.0,8.0,5.0,1,215,0,240
339,60,511.0,2967.0,15.0,13.0,1,224,0,240
339,61,541.0,2972.0,12.0,8.0,1,221,0,239
339,64,859.0,2956.0,11.0,7.0,1,214,0,233
339,66,827.0,2960.0,14.0,11.0,1,215,0,232
339,69,618.0,2966.0,9.0,9.0,1,214,0,229
339,73,706.0,2975.0,11.0,8.0,1,207,0,222
339,77,876.0,2946.0,11.0,10.0,1,195,0,215
339,78,559.0,2968.0,11.0,8.0,1,188,0,215
339,81,753.0,2974.0,9.0,9.0,1,198,0,209
339,85,933.0,2949.0,13.0,8.0,1,188,0,204
339,90,909.0,2953.0,11.0,7.0,1,172,0,197
339,131,667.0,2977.0,5.0,10.0,1,97,0,111
339,143,694.0,2971.0,10.0,8.0,1,89,0,99
339,157,790.0,2973.0,10.0,9.0,1,53,0,59
340,2,1670.0,3144.0,17.0,7.0,1,313,0,338
340,41,450.0,2963.0,11.0,8.0,1,242,0,265
340,44,526.0,2970.0,8.0,10.0,1,240,0,261
340,45,636.0,2966.0,8.0,9.0,1,243,0,257
340,46,805.0,2978.0,11.0,8.0,1,234,0,257
340,47,889.0,2956.0,13.0,7.0,1,225,0,256
340,53,578.0,2966.0,10.0,8.0,1,227,0,250
340,54,696.0,2771.0,12.0,8.0,0,199,3,247
340,56,729.0,2972.0,12.0,9.0,1,231,0,246
340,58,758.0,2976.0,9.0,6.0,1,227,0,244
340,59,480.0,2958.0,6.0,6.0,1,216,0,241
340,60,511.0,2967.0,15.0,13.0,0,224,1,241
340,61,533.0,2967.0,11.0,10.0,1,222,0,240
340,64,857.0,2958.0,9.0,7.0,1,215,0,234
340,66,801.0,2959.0,13.0,10.0,1,216,0,233
340,69,607.0,2959.0,13.0,11.0,1,215,0,230
340,73,706.0,2975.0,11.0,8.0,0,207,1,223
340,77,868.0,2961.0,10.0,8.0,1,196,0,216
340,78,549.0,2967.0,12.0,10.0,1,189,0,216
340,81,749.0,2983.0,6.0,4.0,1,199,0,210
340,85,928.0,2954.0,13.0,10.0,1,189,0,205
340,90,909.0,2961.0,10.0,6.0,1,173,0,198
340,131,665.0,2963.0,9.0,9.0,1,98,0,112
340,143,690.0,2974.0,10.0,10.0,1,90,0,100
340,157,783.0,2968.0,9.0,8.0,1,54,0,60
341,2,1669.0,3142.0,16.0,7.0,1,314,0,339
341,41,445.0,2955.0,12.0,10.0,1,243,0,266
341,44,514.0,2968.0,10.0,9.0,1,241,0,262
341,45,636.0,2965.0,13.0,9.0,1,244,0,258
341,46,792.0,2962.0,13.0,10.0,1,235,0,258
341,47,885.0,2952.0,12.0,8.0,1,226,0,257
341,53,576.0,2968.0,10.0,7.0,1,228,0,251
341,54,696.0,2771.0,12.0,8.0,0,199,4,248
341,56,719.0,2974.0,13.0,10.0,1,232,0,247
341,58,758.0,2976.0,9.0,6.0,0,227,1,245
341,59,475.0,2961.0,9.0,5.0,1,217,0,242
341,60,495.0,2964.0,9.0,13.0,1,225,0,242
341,61,527.0,2974.0,9.0,6.0,1,223,0,241
341,64,857.0,2964.0,9.0,7.0,1,216,0,235
341,66,811.0,2952.0,13.0,9.0,1,217,0,234
341,69,602.0,2968.0,11.0,7.0,1,216,0,231
341,73,695.0,2972.0,10.0,8.0,1,208,0,224
341,77,863.0,2959.0,10.0,9.0,1,197,0,217
341,78,543.0,2967.0,11.0,9.0,1,190,0,217
341,81,739.0,2974.0,10.0,7.0,1,200,0,211
341,85,925.0,2952.0,8.0,9.0,1,190,0,206
341,90,910.0,2951.0,10.0,6.0,1,174,0,199
341,131,665.0,2963.0,9.0,9.0,0,98,1,113
341,143,683.0,2971.0,9.0,5.0,1,91,0,101
341,157,783.0,2972.0,11.0,9.0,1,55,0,61
342,2,1667.0,3142.0,16.0,7.0,1,315,0,340
342,41,443.0,2957.0,10.0,7.0,1,244,0,267
342,44,511.0,2962.0,8.0,12.0,1,242,0,263
342,45,627.0,2964.0,8.0,10.0,1,245,0,259
342,46,794.0,2962.0,12.0,11.0,1,236,0,259
342,47,881.0,2955.0,10.0,8.0,1,227,0,258
342,53,566.0,2975.0,12.0,8.0,1,229,0,252
342,54,696.0,2771.0,12.0,8.0,0,199,5,249
342,56,702.0,2972.0,13.0,11.0,1,233,0,248
342,58,791.0,2974.0,12.0,10.0,1,228,0,246
342,59,471.0,2961.0,10.0,6.0,1,218,0,243
342,60,495.0,2965.0,10.0,9.0,1,226,0,243
342,61,519.0,2967.0,9.0,10.0,1,224,0,242
342,64,842.0,2959.0,9.0,8.0,1,217,0,236
342,66,809.0,2956.0,15.0,13.0,1,218,0,235
342,69,594.0,2964.0,8.0,9.0,1,217,0,232
342,73,689.0,2973.0,9.0,5.0,1,209,0,225
342,77,861.0,2958.0,8.0,7.0,1,198,0,218
342,78,538.0,2971.0,10.0,7.0,1,191,0,218
342,81,737.0,2976.0,7.0,6.0,1,201,0,212
342,85,922.0,2954.0,9.0,9.0,1,191,0,207
342,90,904.0,2945.0,9.0,6.0,1,175,0,200
342,131,652.0,2972.0,6.0,9.0,1,99,0,114
342,143,673.0,2965.0,9.0,7.0,1,92,0,102
342,157,778.0,2970.0,8.0,9.0,1,56,0,62
343,2,1669.0,3145.0,15.0,7.0,1,316,0,341
343,41,440.0,2954.0,8.0,10.0,1,245,0,268
343,44,502.0,2963.0,6.0,11.0,1,243,0,264
343,45,629.0,2966.0,9.0,10.0,1,246,0,260
343,46,790.0,2962.0,13.0,10.0,1,237,0,260
343,47,878.0,2952.0,9.0,7.0,1,228,0,259
343,53,556.0,2971.0,10.0,7.0,1,230,0,253
343,54,696.0,2771.0,12.0,8.0,0,199,6,250
343,56,722.0,2974.0,7.0,9.0,1,234,0,249
343,58,789.0,2981.0,11.0,11.0,1,229,0,247
343,59,461.0,2957.0,9.0,8.0,1,219,0,244
343,60,490.0,2960.0,11.0,12.0,1,227,0,244
343,61,518.0,2967.0,7.0,6.0,1,225,0,243
343,64,833.0,2959.0,11.0,10.0,1,218,0,237
343,66,805.0,2959.0,15.0,9.0,1,219,0,236
343,69,590.0,2964.0,10.0,5.0,1,218,0,233
343,73,707.0,2974.0,13.0,11.0,1,210,0,226
343,77,851.0,2954.0,11.0,9.0,1,199,0,219
343,78,533.0,2962.0,10.0,11.0,1,192,0,219
343,81,738.0,2976.0,6.0,7.0,1,202,0,213
343,85,916.0,2953.0,10.0,7.0,1,192,0,208
343,90,899.0,2960.0,11.0,6.0,1,176,0,201
343,131,685.0,2975.0,9.0,8.0,1,100,0,115
343,143,671.0,2968.0,10.0,8.0,1,93,0,103
343,157,769.0,2967.0,11.0,7.0,1,57,0,63
344,2,1666.0,3150.0,16.0,7.0,1,317,0,342
344,41,432.0,2958.0,8.0,7.0,1,246,0,269
344,44,500.0,2966.0,8.0,11.0,1,244,0,265
344,45,620.0,2969.0,6.0,8.0,1,247,0,261
344,46,789.0,2962.0,11.0,9.0,1,238,0,261
344,47,874.0,2964.0,10.0,5.0,1,229,0,260
344,53,557.0,2969.0,10.0,9.0,1,231,0,254
344,54,696.0,2771.0,12.0,8.0,0,199,7,251
344,56,703.0,2969.0,11.0,10.0,1,235,0,250
344,58,783.0,2976.0,9.0,10.0,1,230,0,248
344,59,452.0,2957.0,9.0,7.0,1,220,0,245
344,60,481.0,2967.0,10.0,12.0,1,228,0,245
344,61,515.0,2969.0,9.0,6.0,1,226,0,244
344,64,835.0,2953.0,11.0,8.0,1,219,0,238
344,66,802.0,2955.0,16.0,12.0,1,220,0,237
344,69,587.0,2962.0,10.0,11.0,1,219,0,234
344,73,675.0,2971.0,7.0,7.0,1,211,0,227
344,77,851.0,2960.0,9.0,6.0,1,200,0,220
344,78,532.0,2973.0,7.0,8.0,1,193,0,220
344,81,723.0,2975.0,5.0,7.0,1,203,0,214
344,85,913.0,2950.0,7.0,9.0,1,193,0,209
344,90,892.0,2959.0,10.0,7.0,1,177,0,202
344,131,661.0,2973.0,8.0,8.0,1,101,0,116
344,143,644.0,2963.0,9.0,9.0,1,94,0,104
344,157,766.0,2968.0,11.0,9.0,1,58,0,64
345,2,1656.0,3147.0,17.0,8.0,1,318,0,343
345,41,428.0,2950.0,11.0,10.0,1,247,0,270
345,44,496.0,2966.0,6.0,7.0,1,245,0,266
345,45,605.0,2964.0,8.0,11.0,1,248,0,262
345,46,789.0,2962.0,11.0,9.0,0,238,1,262
345,47,870.0,2958.0,11.0,6.0,1,230,0,261
345,53,550.0,2970.0,9.0,7.0,1,232,0,255
345,54,696.0,2771.0,12.0,8.0,0,199,8,252
345,56,728.0,2967.0,11.0,11.0,1,236,0,251
345,58,778.0,2975.0,10.0,10.0,1,231,0,249
345,59,442.0,2957.0,10.0,10.0,1,221,0,246
345,60,477.0,2966.0,8.0,12.0,1,229,0,246
345,61,508.0,2969.0,7.0,10.0,1,227,0,245
345,64,835.0,2953.0,11.0,8.0,0,219,1,239
345,66,793.0,2953.0,16.0,11.0,1,221,0,238
345,69,573.0,2965.0,10.0,7.0,1,220,0,235
345,73,698.0,2976.0,14.0,10.0,1,212,0,228
345,77,846.0,2959.0,8.0,11.0,1,201,0,221
345,78,523.0,2975.0,11.0,12.0,1,194,0,221
345,81,718.0,2972.0,9.0,9.0,1,204,0,215
345,85,913.0,2950.0,7.0,9.0,0,193,1,210
345,90,897.0,2958.0,8.0,6.0,1,178,0,203
345,131,660.0,2969.0,7.0,9.0,1,102,0,117
345,143,640.0,2969.0,5.0,7.0,1,95,0,105
345,157,760.0,2966.0,10.0,9.0,1,59,0,65
346,2,1666.0,3145.0,14.0,7.0,1,319,0,344
346,41,422.0,2958.0,10.0,8.0,1,248,0,271
346,44,486.0,2962.0,10.0,10.0,1,246,0,267
346,45,602.0,2964.0,9.0,8.0,1,249,0,263
346,46,776.0,2964.0,13.0,11.0,1,239,0,263
346,47,866.0,2959.0,11.0,8.0,1,231,0,262
346,53,577.0,2971.0,7.0,6.0,1,233,0,256
346,54,696.0,2771.0,12.0,8.0,0,199,9,253
346,56,729.0,2974.0,11.0,7.0,1,237,0,252
346,58,773.0,2981.0,11.0,6.0,1,232,0,250
346,59,444.0,2959.0,9.0,8.0,1,222,0,247
346,60,470.0,2962.0,11.0,10.0,1,230,0,247
346,61,500.0,2966.0,6.0,5.0,1,228,0,246
346,64,819.0,2956.0,10.0,6.0,1,220,0,240
346,66,791.0,2957.0,13.0,9.0,1,222,0,239
346,69,625.0,2965.0,10.0,8.0,1,221,0,236
346,73,688.0,2967.0,11.0,9.0,1,213,0,229
346,77,840.0,2958.0,10.0,9.0,1,202,0,222
346,78,516.0,2966.0,12.0,11.0,1,195,0,222
346,81,714.0,2971.0,5.0,9.0,1,205,0,216
346,85,903.0,2959.0,9.0,10.0,1,194,0,211
346,90,879.0,2949.0,12.0,7.0,1,179,0,204
346,131,664.0,2971.0,10.0,9.0,1,103,0,118
346,143,656.0,2968.0,7.0,7.0,1,96,0,106
346,157,752.0,2965.0,9.0,7.0,1,60,0,66
347,2,1668.0,3138.0,15.0,8.0,1,320,0,345
347,41,415.0,2953.0,8.0,10.0,1,249,0,272
347,44,483.0,2962.0,7.0,6.0,1,247,0,268
347,45,569.0,2964.0,9.0,8.0,1,250,0,264
347,46,764.0,2962.0,12.0,10.0,1,240,0,264
347,47,863.0,2956.0,5.0,6.0,1,232,0,263
347,53,540.0,2971.0,7.0,8.0,1,234,0,257
347,54,696.0,2771.0,12.0,8.0,0,199,10,254
347,56,717.0,2975.0,12.0,8.0,1,238,0,253
347,58,772.0,2983.0,10.0,10.0,1,233,0,251
347,59,437.0,2958.0,7.0,7.0,1,223,0,248
347,60,466.0,2965.0,12.0,11.0,1,231,0,248
347,61,495.0,2964.0,9.0,9.0,1,229,0,247
347,64,818.0,2956.0,10.0,11.0,1,221,0,241
347,66,788.0,2954.0,12.0,10.0,1,223,0,240
347,69,600.0,2963.0,10.0,10.0,1,222,0,237
347,73,684.0,2969.0,12.0,11.0,1,214,0,230
347,77,835.0,2957.0,11.0,8.0,1,203,0,223
347,78,507.0,2961.0,9.0,13.0,1,196,0,223
347,81,664.0,2973.0,10.0,9.0,1,206,0,217
347,85,899.0,2952.0,10.0,8.0,1,195,0,212
347,90,881.0,2960.0,8.0,7.0,1,180,0,205
347,131,651.0,2963.0,10.0,10.0,1,104,0,119
347,143,624.0,2968.0,9.0,9.0,1,97,0,107
347,157,752.0,2965.0,9.0,7.0,0,60,1,67
348,2,1660.0,3150.0,14.0,7.0,1,321,0,346
348,41,409.0,2957.0,10.0,5.0,1,250,0,273
348,44,472.0,2973.0,8.0,6.0,1,248,0,269
348,45,559.0,2967.0,9.0,9.0,1,251,0,265
348,46,762.0,2955.0,12.0,10.0,1,241,0,265
348,47,857.0,2953.0,10.0,10.0,1,233,0,264
348,53,533.0,2967.0,10.0,9.0,1,235,0,258
348,54,696.0,2771.0,12.0,8.0,0,199,11,255
348,56,710.0,2975.0,12.0,10.0,1,239,0,254
348,58,770.0,2974.0,7.0,11.0,1,234,0,252
348,59,435.0,2960.0,8.0,6.0,1,224,0,249
348,60,463.0,2958.0,7.0,11.0,1,232,0,249
348,61,493.0,2967.0,8.0,5.0,1,230,0,248
348,64,813.0,2958.0,9.0,6.0,1,222,0,242
348,66,780.0,2954.0,13.0,11.0,1,224,0,241
348,69,598.0,2969.0,11.0,8.0,1,223,0,238
348,73,680.0,2971.0,10.0,7.0,1,215,0,231
348,77,839.0,2959.0,7.0,8.0,1,204,0,224
348,78,507.0,2967.0,7.0,6.0,1,197,0,224
348,81,658.0,2970.0,5.0,5.0,1,207,0,218
348,85,889.0,2954.0,11.0,6.0,1,196,0,213
348,90,871.0,2958.0,10.0,7.0,1,181,0,206
348,131,643.0,2976.0,9.0,8.0,1,105,0,120
348,143,620.0,2971.0,10.0,8.0,1,98,0,108
348,157,748.0,2967.0,6.0,7.0,1,61,0,68
349,2,1671.0,3141.0,12.0,7.0,1,322,0,347
349,41,407.0,2961.0,7.0,8.0,1,251,0,274
349,44,469.0,2969.0,11.0,7.0,1,249,0,270
349,45,557.0,2969.0,7.0,8.0,1,252,0,266
349,46,763.0,2961.0,14.0,9.0,1,242,0,266
349,47,852.0,2958.0,11.0,6.0,1,234,0,265
349,53,522.0,2965.0,14.0,10.0,1,236,0,259
349,54,696.0,2771.0,12.0,8.0,0,199,12,256
349,56,705.0,2965.0,12.0,11.0,1,240,0,255
349,58,754.0,2975.0,10.0,9.0,1,235,0,253
349,59,429.0,2958.0,10.0,7.0,1,225,0,250
349,60,461.0,2960.0,9.0,9.0,1,233,0,250
349,61,483.0,2968.0,5.0,6.0,1,231,0,249
349,64,809.0,2954.0,11.0,8.0,1,223,0,243
349,66,776.0,2953.0,11.0,9.0,1,225,0,242
349,69,585.0,2964.0,12.0,8.0,1,224,0,239
349,73,680.0,2973.0,9.0,8.0,1,216,0,232
349,77,829.0,2960.0,12.0,10.0,1,205,0,225
349,78,512.0,2967.0,7.0,9.0,1,198,0,225
349,81,658.0,2970.0,5.0,5.0,0,207,1,219
349,85,891.0,2957.0,10.0,6.0,1,197,0,214
349,90,876.0,2962.0,9.0,6.0,1,182,0,207
349,131,635.0,2961.0,9.0,7.0,1,106,0,121
349,143,613.0,2971.0,6.0,6.0,1,99,0,109
349,157,740.0,2974.0,6.0,5.0,1,62,0,69
350,2,1671.0,3142.0,17.0,10.0,1,323,0,348
350,41,401.0,2958.0,10.0,7.0,1,252,0,275
350,44,469.0,2969.0,11.0,7.0,0,249,1,271
350,45,547.0,2965.0,10.0,9.0,1,253,0,267
350,46,762.0,2956.0,11.0,9.0,1,243,0,267
350,47,847.0,2957.0,10.0,9.0,1,235,0,266
350,53,516.0,2968.0,11.0,8.0,1,237,0,260
350,54,696.0,2771.0,12.0,8.0,0,199,13,257
350,56,706.0,2972.0,11.0,10.0,1,241,0,256
350,58,749.0,2977.0,11.0,6.0,1,236,0,254
350,59,424.0,2958.0,10.0,7.0,1,226,0,251
350,60,448.0,2961.0,10.0,10.0,1,234,0,251
350,61,471.0,2959.0,13.0,6.0,1,232,0,250
350,64,803.0,2961.0,10.0,8.0,1,224,0,244
350,66,776.0,2953.0,10.0,9.0,1,226,0,243
350,69,583.0,2964.0,9.0,9.0,1,225,0,240
350,73,667.0,2967.0,9.0,9.0,1,217,0,233
350,77,829.0,2955.0,11.0,10.0,1,206,0,226
350,78,495.0,2960.0,10.0,12.0,1,199,0,226
350,81,652.0,2972.0,6.0,9.0,1,208,0,220
350,85,884.0,2955.0,11.0,8.0,1,198,0,215
350,90,861.0,2956.0,10.0,8.0,1,183,0,208
350,131,628.0,2968.0,9.0,6.0,1,107,0,122
350,143,608.0,2965.0,9.0,7.0,1,100,0,110
350,157,732.0,2971.0,10.0,9.0,1,63,0,70
350,184,688.0,2970.0,11.0,10.0,1,3,0,3
351,2,1668.0,3143.0,15.0,10.0,1,324,0,349
351,41,393.0,2952.0,14.0,8.0,1,253,0,276
351,44,462.0,2968.0,11.0,7.0,1,250,0,272
351,45,548.0,2956.0,9.0,11.0,1,254,0,268
351,46,762.0,2956.0,11.0,9.0,0,243,1,268
351,47,843.0,2959.0,10.0,8.0,1,236,0,267
351,53,514.0,2963.0,12.0,11.0,1,238,0,261
351,54,696.0,2771.0,12.0,8.0,0,199,14,258
351,56,693.0,2972.0,11.0,9.0,1,242,0,257
351,58,749.0,2977.0,11.0,6.0,0,236,1,255
351,59,424.0,2958.0,10.0,7.0,0,226,1,252
351,60,442.0,2961.0,9.0,12.0,1,235,0,252
351,61,471.0,2959.0,13.0,6.0,0,232,1,251
351,64,801.0,2954.0,10.0,12.0,1,225,0,245
351,66,774.0,2947.0,14.0,12.0,1,227,0,244
351,69,576.0,2962.0,11.0,10.0,1,226,0,241
351,73,660.0,2973.0,13.0,8.0,1,218,0,234
351,77,821.0,2953.0,12.0,7.0,1,207,0,227
351,78,491.0,2958.0,12.0,13.0,1,200,0,227
351,81,638.0,2971.0,8.0,7.0,1,209,0,221
351,85,874.0,2957.0,11.0,5.0,1,199,0,216
351,90,859.0,2957.0,10.0,6.0,1,184,0,209
351,131,620.0,2969.0,9.0,6.0,1,108,0,123
351,143,602.0,2966.0,6.0,6.0,1,101,0,111
351,157,732.0,2971.0,10.0,9.0,0,63,1,71
351,184,676.0,2965.0,9.0,13.0,1,4,0,4
352,2,1674.0,3137.0,17.0,6.0,1,325,0,350
352,41,389.0,2953.0,14.0,6.0,1,254,0,277
352,44,455.0,2960.0,9.0,6.0,1,251,0,273
352,45,542.0,2960.0,7.0,8.0,1,255,0,269
352,46,753.0,2956.0,12.0,13.0,1,244,0,269
352,47,837.0,2953.0,12.0,8.0,1,237,0,268
352,53,508.0,2964.0,12.0,10.0,1,239,0,262
352,54,696.0,2771.0,12.0,8.0,0,199,15,259
352,56,693.0,2972.0,11.0,9.0,0,242,1,258
352,58,749.0,2977.0,11.0,6.0,0,236,2,256
352,59,409.0,2954.0,9.0,8.0,1,227,0,253
352,60,442.0,2959.0,7.0,11.0,1,236,0,253
352,61,461.0,2962.0,6.0,8.0,1,233,0,252
352,64,797.0,2956.0,10.0,10.0,1,226,0,246
352,66,767.0,2949.0,11.0,10.0,1,228,0,245
352,69,567.0,2965.0,8.0,8.0,1,227,0,242
352,73,658.0,2970.0,13.0,11.0,1,219,0,235
352,77,811.0,2952.0,11.0,9.0,1,208,0,228
352,78,483.0,2968.0,8.0,10.0,1,201,0,228
352,81,643.0,2966.0,5.0,8.0,1,210,0,222
352,85,878.0,2950.0,7.0,8.0,1,200,0,217
352,90,855.0,2955.0,11.0,8.0,1,185,0,210
352,131,622.0,2974.0,9.0,6.0,1,109,0,124
352,143,598.0,2967.0,14.0,7.0,1,102,0,112
352,157,724.0,2968.0,8.0,8.0,1,64,0,72
352,184,676.0,2965.0,9.0,13.0,0,4,1,5
353,2,1674.0,3137.0,17.0,6.0,0,325,1,351
353,41,389.0,2953.0,14.0,6.0,0,254,1,278
353,44,455.0,2969.0,12.0,6.0,1,252,0,274
353,45,533.0,2964.0,9.0,11.0,1,256,0,270
353,46,752.0,2955.0,12.0,8.0,1,245,0,270
353,47,833.0,2957.0,10.0,9.0,1,238,0,269
353,53,506.0,2967.0,12.0,11.0,1,240,0,263
353,54,696.0,2771.0,12.0,8.0,0,199,16,260
353,56,681.0,2968.0,12.0,9.0,1,243,0,259
353,58,749.0,2977.0,11.0,6.0,0,236,3,257
353,59,407.0,2954.0,11.0,8.0,1,228,0,254
353,60,439.0,2960.0,7.0,9.0,1,237,0,254
353,61,461.0,2962.0,6.0,8.0,0,233,1,253
353,64,791.0,2958.0,10.0,9.0,1,227,0,247
353,66,763.0,2955.0,11.0,11.0,1,229,0,246
353,69,560.0,2961.0,9.0,9.0,1,228,0,243
353,73,645.0,2969.0,12.0,8.0,1,220,0,236
353,77,807.0,2957.0,12.0,7.0,1,209,0,229
353,78,479.0,2961.0,8.0,11.0,1,202,0,229
353,81,633.0,2965.0,9.0,10.0,1,211,0,223
353,85,878.0,2958.0,7.0,7.0,1,201,0,218
353,90,855.0,2955.0,11.0,8.0,0,185,1,211
353,131,622.0,2974.0,9.0,6.0,0,109,1,125
353,143,589.0,2968.0,12.0,8.0,1,103,0,113
353,157,718.0,2963.0,10.0,9.0,1,65,0,73
353,184,665.0,2970.0,9.0,11.0,1,5,0,6
354,2,1677.0,3139.0,13.0,11.0,1,326,0,352
354,41,377.0,2952.0,11.0,6.0,1,255,0,279
354,44,452.0,2962.0,12.0,5.0,1,253,0,275
354,45,534.0,2964.0,10.0,9.0,1,257,0,271
354,46,751.0,2961.0,12.0,9.0,1,246,0,271
354,47,832.0,2956.0,11.0,9.0,1,239,0,270
354,53,495.0,2967.0,8.0,6.0,1,241,0,264
354,54,696.0,2771.0,12.0,8.0,0,199,17,261
354,56,681.0,2971.0,10.0,9.0,1,244,0,260
354,58,733.0,2980.0,9.0,5.0,1,237,0,258
354,59,402.0,2955.0,10.0,10.0,1,229,0,255
354,60,437.0,2956.0,11.0,10.0,1,238,0,255
354,61,461.0,2962.0,6.0,8.0,0,233,2,254
354,64,791.0,2954.0,9.0,10.0,1,228,0,248
354,66,760.0,2956.0,13.0,10.0,1,230,0,247
354,69,560.0,2961.0,9.0,9.0,0,228,1,244
354,73,646.0,2967.0,12.0,11.0,1,221,0,237
354,77,805.0,2951.0,10.0,8.0,1,210,0,230
354,78,460.0,2959.0,6.0,8.0,1,203,0,230
354,81,619.0,2969.0,11.0,8.0,1,212,0,224
354,85,865.0,2959.0,11.0,8.0,1,202,0,219
354,90,850.0,2956.0,13.0,9.0,1,186,0,212
354,131,607.0,2964.0,9.0,7.0,1,110,0,126
354,143,582.0,2964.0,11.0,7.0,1,104,0,114
354,157,719.0,2974.0,10.0,5.0,1,66,0,74
354,184,660.0,2963.0,10.0,9.0,1,6,0,7
355,2,1677.0,3143.0,13.0,10.0,1,327,0,353
355,41,372.0,2951.0,11.0,9.0,1,256,0,280
355,44,457.0,2967.0,9.0,6.0,1,254,0,276
355,45,524.0,2960.0,10.0,11.0,1,258,0,272
355,46,742.0,2952.0,11.0,9.0,1,247,0,272
355,47,829.0,2950.0,10.0,7.0,1,240,0,271
355,53,492.0,2949.0,6.0,10.0,1,242,0,265
355,54,696.0,2771.0,12.0,8.0,0,199,18,262
355,56,675.0,2969.0,12.0,11.0,1,245,0,261
355,58,733.0,2980.0,9.0,5.0,0,237,1,259
355,59,391.0,2954.0,10.0,7.0,1,230,0,256
355,60,421.0,2955.0,13.0,11.0,1,239,0,256
355,61,444.0,2965.0,10.0,5.0,1,234,0,255
355,64,779.0,2958.0,10.0,6.0,1,229,0,249
355,66,753.0,2951.0,10.0,9.0,1,231,0,248
355,69,560.0,2961.0,9.0,9.0,0,228,2,245
355,73,644.0,2965.0,10.0,10.0,1,222,0,238
355,77,802.0,2951.0,11.0,8.0,1,211,0,231
355,78,466.0,2961.0,9.0,11.0,1,204,0,231
355,81,614.0,2971.0,8.0,6.0,1,213,0,225
355,85,861.0,2956.0,11.0,7.0,1,203,0,220
355,90,850.0,2956.0,13.0,9.0,0,186,1,213
355,131,597.0,2968.0,9.0,7.0,1,111,0,127
355,143,580.0,2966.0,6.0,6.0,1,105,0,115
355,157,715.0,2964.0,8.0,10.0,1,67,0,75
355,184,658.0,2971.0,10.0,6.0,1,7,0,8
356,2,1674.0,3127.0,13.0,10.0,1,328,0,354
356,41,372.0,2954.0,10.0,8.0,1,257,0,281
356,44,446.0,2962.0,10.0,9.0,1,255,0,277
356,45,516.0,2956.0,10.0,9.0,1,259,0,273
356,46,739.0,2960.0,12.0,8.0,1,248,0,273
356,47,821.0,2956.0,11.0,8.0,1,241,0,272
356,53,480.0,2964.0,12.0,10.0,1,243,0,266
356,54,696.0,2771.0,12.0,8.0,0,199,19,263
356,56,666.0,2965.0,11.0,9.0,1,246,0,262
356,58,723.0,2970.0,13.0,9.0,1,238,0,260
356,59,396.0,2955.0,8.0,7.0,1,231,0,257
356,60,423.0,2957.0,8.0,9.0,1,240,0,257
356,61,440.0,2964.0,9.0,4.0,1,235,0,256
356,64,772.0,2952.0,14.0,9.0,1,230,0,250
356,66,750.0,2953.0,9.0,7.0,1,232,0,249
356,69,550.0,2964.0,9.0,8.0,1,229,0,246
356,73,631.0,2971.0,12.0,9.0,1,223,0,239
356,77,796.0,2956.0,12.0,10.0,1,212,0,232
356,78,464.0,2967.0,10.0,10.0,1,205,0,232
356,81,614.0,2971.0,8.0,6.0,0,213,1,226
356,85,861.0,2952.0,8.0,9.0,1,204,0,221
356,90,841.0,2954.0,11.0,7.0,1,187,0,214
356,131,596.0,2971.0,7.0,5.0,1,112,0,128
356,143,574.0,2968.0,9.0,7.0,1,106,0,116
356,157,708.0,2962.0,11.0,8.0,1,68,0,76
356,184,646.0,2971.0,12.0,12.0,1,8,0,9
357,2,1670.0,3128.0,16.0,12.0,1,329,0,355
357,41,363.0,2958.0,14.0,11.0,1,258,0,282
357,44,442.0,2962.0,11.0,7.0,1,256,0,278
357,45,509.0,2961.0,9.0,12.0,1,260,0,274
357,46,731.0,2950.0,13.0,7.0,1,249,0,274
357,47,813.0,2956.0,9.0,8.0,1,242,0,273
357,53,484.0,2966.0,9.0,9.0,1,244,0,267
357,54,696.0,2771.0,12.0,8.0,0,199,20,264
357,56,657.0,2963.0,12.0,9.0,1,247,0,263
357,58,724.0,2972.0,7.0,9.0,1,239,0,261
357,59,391.0,2950.0,8.0,8.0,1,232,0,258
357,60,417.0,2962.0,9.0,9.0,1,241,0,258
357,61,432.0,2970.0,9.0,11.0,1,236,0,257
357,64,777.0,2952.0,11.0,7.0,1,231,0,251
357,66,747.0,2944.0,10.0,12.0,1,233,0,250
357,69,539.0,2968.0,9.0,7.0,1,230,0,247
357,73,625.0,2972.0,8.0,7.0,1,224,0,240
357,77,795.0,2956.0,12.0,8.0,1,213,0,233
357,78,466.0,2965.0,11.0,9.0,1,206,0,233
357,81,604.0,2970.0,11.0,7.0,1,214,0,227
357,85,852.0,2958.0,13.0,6.0,1,205,0,222
357,90,837.0,2953.0,9.0,7.0,1,188,0,215
357,131,583.0,2964.0,9.0,9.0,1,113,0,129
357,143,569.0,2963.0,8.0,6.0,1,107,0,117
357,157,695.0,2967.0,13.0,10.0,1,69,0,77
357,184,644.0,2974.0,11.0,7.0,1,9,0,10
358,2,1675.0,3131.0,20.0,8.0,1,330,0,356
358,41,358.0,2957.0,12.0,8.0,1,259,0,283
358,44,441.0,2970.0,11.0,7.0,1,257,0,279
358,45,506.0,2963.0,11.0,7.0,1,261,0,275
358,46,727.0,2958.0,11.0,8.0,1,250,0,275
358,47,811.0,2957.0,11.0,9.0,1,243,0,274
358,53,484.0,2966.0,9.0,9.0,0,244,1,268
358,54,696.0,2771.0,12.0,8.0,0,199,21,265
358,56,657.0,2968.0,11.0,9.0,1,248,0,264
358,58,714.0,2971.0,8.0,8.0,1,240,0,262
358,59,385.0,2955.0,10.0,8.0,1,233,0,259
358,60,413.0,2956.0,12.0,9.0,1,242,0,259
358,61,427.0,2960.0,8.0,8.0,1,237,0,258
358,64,764.0,2950.0,11.0,9.0,1,232,0,252
358,66,747.0,2944.0,10.0,12.0,0,233,1,251
358,69,540.0,2957.0,9.0,8.0,1,231,0,248
358,73,619.0,2967.0,13.0,11.0,1,225,0,241
358,77,781.0,2947.0,13.0,10.0,1,214,0,234
358,78,458.0,2962.0,10.0,11.0,1,207,0,234
358,81,597.0,2967.0,9.0,9.0,1,215,0,228
358,85,849.0,2956.0,10.0,8.0,1,206,0,223
358,90,825.0,2949.0,12.0,8.0,1,189,0,216
358,131,584.0,2966.0,9.0,9.0,1,114,0,130
358,143,563.0,2966.0,10.0,6.0,1,108,0,118
358,157,691.0,2968.0,12.0,8.0,1,70,0,78
358,184,641.0,2976.0,6.0,6.0,1,10,0,11
359,2,1676.0,3132.0,15.0,9.0,1,331,0,357
359,41,354.0,2953.0,8.0,10.0,1,260,0,284
359,44,436.0,2959.0,12.0,7.0,1,258,0,280
359,45,499.0,2959.0,11.0,10.0,1,262,0,276
359,46,725.0,2952.0,9.0,7.0,1,251,0,276
359,47,811.0,2957.0,11.0,9.0,0,243,1,275
359,53,466.0,2960.0,15.0,12.0,1,245,0,269
359,54,696.0,2771.0,12.0,8.0,0,199,22,266
359,56,648.0,2958.0,9.0,8.0,1,249,0,265
359,58,707.0,2972.0,9.0,9.0,1,241,0,263
359,59,377.0,2951.0,8.0,6.0,1,234,0,260
359,60,401.0,2964.0,11.0,10.0,1,243,0,260
359,61,418.0,2959.0,10.0,10.0,1,238,0,259
359,64,759.0,2953.0,10.0,8.0,1,233,0,253
359,66,737.0,2948.0,9.0,8.0,1,234,0,252
359,69,530.0,2953.0,9.0,9.0,1,232,0,249
359,73,621.0,2967.0,11.0,9.0,1,226,0,242
359,77,781.0,2947.0,13.0,10.0,0,214,1,235
359,78,458.0,2962.0,10.0,11.0,0,207,1,235
359,81,598.0,2970.0,5.0,8.0,1,216,0,229
359,85,843.0,2959.0,11.0,9.0,1,207,0,224
359,90,823.0,2956.0,12.0,7.0,1,190,0,217
359,131,553.0,2860.0,20.0,7.0,1,115,0,131
359,143,560.0,2961.0,8.0,9.0,1,109,0,119
359,157,686.0,2963.0,11.0,9.0,1,71,0,79
359,184,639.0,2966.0,5.0,8.0,1,11,0,12
360,2,1676.0,3127.0,17.0,10.0,1,332,0,358
360,41,345.0,2947.0,10.0,8.0,1,261,0,285
360,44,428.0,2960.0,10.0,6.0,1,259,0,281
360,45,494.0,2959.0,10.0,10.0,1,263,0,277
360,46,729.0,2954.0,7.0,6.0,1,252,0,277
360,47,806.0,2950.0,11.0,9.0,1,244,0,276
360,53,462.0,2960.0,13.0,10.0,1,246,0,270
360,54,696.0,2771.0,12.0,8.0,0,199,23,267
360,56,651.0,2960.0,10.0,12.0,1,250,0,266
360,58,706.0,2973.0,12.0,9.0,1,242,0,264
360,59,371.0,2948.0,13.0,8.0,1,235,0,261
360,60,399.0,2957.0,12.0,11.0,1,244,0,261
360,61,416.0,2959.0,10.0,9.0,1,239,0,260
360,64,760.0,2953.0,11.0,8.0,1,234,0,254
360,66,727.0,2950.0,9.0,9.0,1,235,0,253
360,69,518.0,2965.0,13.0,9.0,1,233,0,250
360,73,608.0,2967.0,13.0,8.0,1,227,0,243
360,77,777.0,2953.0,10.0,9.0,1,215,0,236
360,78,452.0,2964.0,8.0,6.0,1,208,0,236
360,81,587.0,2956.0,9.0,10.0,1,217,0,230
360,85,845.0,2960.0,14.0,9.0,1,208,0,225
360,90,822.0,2956.0,11.0,7.0,1,191,0,218
360,131,553.0,2860.0,20.0,7.0,0,115,1,132
360,143,564.0,2961.0,10.0,11.0,1,110,0,120
360,157,686.0,2960.0,11.0,7.0,1,72,0,80
360,184,631.0,2967.0,7.0,7.0,1,12,0,13
361,2,1683.0,3121.0,13.0,10.0,1,333,0,359
361,41,336.0,2952.0,10.0,8.0,1,262,0,286
361,44,427.0,2959.0,9.0,9.0,1,260,0,282
361,45,484.0,2959.0,12.0,10.0,1,264,0,278
361,46,724.0,2960.0,8.0,4.0,1,253,0,278
361,47,806.0,2950.0,11.0,9.0,0,244,1,277
361,53,464.0,2961.0,12.0,6.0,1,247,0,271
361,54,696.0,2771.0,12.0,8.0,0,199,24,268
361,56,625.0,2964.0,6.0,7.0,1,251,0,267
361,58,702.0,2975.0,14.0,6.0,1,243,0,265
361,59,365.0,2954.0,12.0,7.0,1,236,0,262
361,60,397.0,2954.0,11.0,9.0,1,245,0,262
361,61,407.0,2963.0,11.0,8.0,1,240,0,261
361,64,759.0,2953.0,11.0,10.0,1,235,0,255
361,66,727.0,2950.0,9.0,9.0,0,235,1,254
361,69,521.0,2964.0,13.0,7.0,1,234,0,251
361,73,605.0,2968.0,14.0,8.0,1,228,0,244
361,77,773.0,2952.0,9.0,10.0,1,216,0,237
361,78,443.0,2961.0,9.0,7.0,1,209,0,237
361,81,562.0,2965.0,9.0,8.0,1,218,0,231
361,85,838.0,2962.0,10.0,6.0,1,209,0,226
361,90,822.0,2956.0,11.0,7.0,0,191,1,219
361,131,553.0,2860.0,20.0,7.0,0,115,2,133
361,143,543.0,2964.0,10.0,7.0,1,111,0,121
361,157,678.0,2967.0,7.0,9.0,1,73,0,81
361,184,584.0,2963.0,10.0,9.0,1,13,0,14
362,2,1685.0,3119.0,18.0,11.0,1,334,0,360
362,41,337.0,2949.0,10.0,10.0,1,263,0,287
362,44,425.0,2958.0,8.0,8.0,1,261,0,283
362,45,519.0,2959.0,10.0,10.0,1,265,0,279
362,46,722.0,2958.0,5.0,4.0,1,254,0,279
362,47,794.0,2958.0,11.0,10.0,1,245,0,278
362,53,453.0,2954.0,12.0,10.0,1,248,0,272
362,54,696.0,2771.0,12.0,8.0,0,199,25,269
362,56,630.0,2963.0,10.0,9.0,1,252,0,268
362,58,693.0,2966.0,13.0,8.0,1,244,0,266
362,59,359.0,2956.0,11.0,8.0,1,237,0,263
362,60,389.0,2956.0,11.0,10.0,1,246,0,263
362,61,410.0,2956.0,10.0,10.0,1,241,0,262
362,64,754.0,2954.0,5.0,5.0,1,236,0,256
362,66,726.0,2942.0,11.0,6.0,1,236,0,255
362,69,540.0,2967.0,9.0,7.0,1,235,0,252
362,73,630.0,2966.0,17.0,12.0,1,229,0,245
362,77,767.0,2951.0,11.0,10.0,1,217,0,238
362,78,439.0,2955.0,11.0,11.0,1,210,0,238
362,81,575.0,2971.0,10.0,9.0,1,219,0,232
362,85,836.0,2960.0,11.0,7.0,1,210,0,227
362,90,815.0,2960.0,12.0,7.0,1,192,0,220
362,131,553.0,2860.0,20.0,7.0,0,115,3,134
362,143,560.0,2965.0,9.0,8.0,1,112,0,122
362,157,681.0,2960.0,8.0,6.0,1,74,0,82
362,184,600.0,2962.0,12.0,10.0,1,14,0,15
363,2,1681.0,3122.0,17.0,12.0,1,335,0,361
363,41,337.0,2947.0,11.0,10.0,1,264,0,288
363,44,415.0,2955.0,13.0,9.0,1,262,0,284
363,45,476.0,2964.0,11.0,8.0,1,266,0,280
363,46,719.0,2951.0,8.0,6.0,1,255,0,280
363,47,792.0,2955.0,10.0,7.0,1,246,0,279
363,53,452.0,2963.0,12.0,6.0,1,249,0,273
363,54,696.0,2771.0,12.0,8.0,0,199,26,270
363,56,636.0,2970.0,10.0,10.0,1,253,0,269
363,58,692.0,2969.0,13.0,12.0,1,245,0,267
363,59,358.0,2954.0,12.0,8.0,1,238,0,264
363,60,380.0,2958.0,10.0,11.0,1,247,0,264
363,61,410.0,2956.0,10.0,10.0,0,241,1,263
363,64,754.0,2954.0,5.0,5.0,0,236,1,257
363,66,711.0,2945.0,10.0,7.0,1,237,0,256
363,69,515.0,2962.0,11.0,6.0,1,236,0,253
363,73,615.0,2966.0,9.0,9.0,1,230,0,246
363,77,758.0,2957.0,10.0,9.0,1,218,0,239
363,78,436.0,2965.0,6.0,7.0,1,211,0,239
363,81,574.0,2967.0,5.0,9.0,1,220,0,233
363,85,832.0,2959.0,10.0,6.0,1,211,0,228
363,90,812.0,2953.0,12.0,9.0,1,193,0,221
363,131,553.0,2860.0,20.0,7.0,0,115,4,135
363,143,544.0,2965.0,8.0,6.0,1,113,0,123
363,157,675.0,2959.0,8.0,11.0,1,75,0,83
363,184,598.0,2965.0,10.0,10.0,1,15,0,16
364,2,1684.0,3123.0,13.0,10.0,1,336,0,362
364,41,327.0,2954.0,10.0,10.0,1,265,0,289
364,44,409.0,2961.0,12.0,9.0,1,263,0,285
364,45,481.0,2965.0,10.0,10.0,1,267,0,281
364,46,718.0,2955.0,12.0,5.0,1,256,0,281
364,47,785.0,2951.0,10.0,10.0,1,247,0,280
364,53,448.0,2960.0,14.0,8.0,1,250,0,274
364,54,696.0,2771.0,12.0,8.0,0,199,27,271
364,56,624.0,2967.0,11.0,12.0,1,254,0,270
364,58,692.0,2969.0,13.0,12.0,0,245,1,268
364,59,353.0,2953.0,10.0,8.0,1,239,0,265
364,60,376.0,2957.0,12.0,10.0,1,248,0,265
364,61,397.0,2958.0,8.0,9.0,1,242,0,264
364,64,744.0,2951.0,8.0,6.0,1,237,0,258
364,66,714.0,2953.0,11.0,5.0,1,238,0,257
364,69,503.0,2965.0,12.0,9.0,1,237,0,254
364,73,610.0,2964.0,11.0,10.0,1,231,0,247
364,77,758.0,2953.0,11.0,7.0,1,219,0,240
364,78,427.0,2958.0,11.0,7.0,1,212,0,240
364,81,566.0,2965.0,8.0,8.0,1,221,0,234
364,85,825.0,2959.0,12.0,8.0,1,212,0,229
364,90,805.0,2955.0,11.0,9.0,1,194,0,222
364,131,553.0,2860.0,20.0,7.0,0,115,5,136
364,143,534.0,2960.0,10.0,4.0,1,114,0,124
364,157,666.0,2966.0,10.0,9.0,1,76,0,84
364,184,587.0,2965.0,13.0,9.0,1,16,0,17
365,2,1690.0,3112.0,13.0,9.0,1,337,0,363
365,41,327.0,2954.0,10.0,10.0,0,265,1,290
365,44,406.0,2960.0,7.0,6.0,1,264,0,286
365,45,473.0,2956.0,10.0,6.0,1,268,0,282
365,46,715.0,2960.0,8.0,5.0,1,257,0,282
365,47,785.0,2955.0,10.0,6.0,1,248,0,281
365,53,447.0,2960.0,9.0,8.0,1,251,0,275
365,54,696.0,2771.0,12.0,8.0,0,199,28,272
365,56,624.0,2967.0,11.0,12.0,0,254,1,271
365,58,675.0,2972.0,9.0,10.0,1,246,0,269
365,59,350.0,2953.0,12.0,7.0,1,240,0,266
365,60,376.0,2954.0,11.0,9.0,1,249,0,266
365,61,391.0,2960.0,9.0,10.0,1,243,0,265
365,64,744.0,2951.0,8.0,6.0,0,237,1,259
365,66,714.0,2953.0,11.0,5.0,0,238,1,258
365,69,495.0,2961.0,11.0,7.0,1,238,0,255
365,73,606.0,2961.0,8.0,7.0,1,232,0,248
365,77,758.0,2953.0,11.0,7.0,0,219,1,241
365,78,423.0,2962.0,7.0,7.0,1,213,0,241
365,81,562.0,2963.0,9.0,5.0,1,222,0,235
365,85,821.0,2959.0,11.0,7.0,1,213,0,230
365,90,797.0,2952.0,11.0,7.0,1,195,0,223
365,131,553.0,2860.0,20.0,7.0,0,115,6,137
365,143,547.0,2965.0,10.0,7.0,1,115,0,125
365,157,661.0,2967.0,11.0,8.0,1,77,0,85
365,184,580.0,2968.0,11.0,6.0,1,17,0,18
366,2,1690.0,3112.0,13.0,9.0,0,337,1,364
366,41,315.0,2948.0,12.0,10.0,1,266,0,291
366,44,402.0,2958.0,7.0,5.0,1,265,0,287
366,45,467.0,2948.0,9.0,10.0,1,269,0,283
366,46,705.0,2956.0,11.0,6.0,1,258,0,283
366,47,779.0,2954.0,10.0,10.0,1,249,0,282
366,53,440.0,2962.0,12.0,8.0,1,252,0,276
366,54,696.0,2771.0,12.0,8.0,0,199,29,273
366,56,598.0,2961.0,10.0,10.0,1,255,0,272
366,58,676.0,2973.0,11.0,7.0,1,247,0,270
366,59,340.0,2948.0,12.0,9.0,1,241,0,267
366,60,367.0,2953.0,13.0,10.0,1,250,0,267
366,61,383.0,2954.0,9.0,12.0,1,244,0,266
366,64,732.0,2953.0,12.0,7.0,1,238,0,260
366,66,711.0,2946.0,11.0,8.0,1,239,0,259
366,69,490.0,2954.0,12.0,10.0,1,239,0,256
366,73,578.0,2953.0,13.0,13.0,1,233,0,249
366,77,748.0,2953.0,13.0,8.0,1,220,0,242
366,78,419.0,2957.0,9.0,9.0,1,214,0,242
366,81,540.0,2966.0,9.0,7.0,1,223,0,236
366,85,811.0,2955.0,12.0,6.0,1,214,0,231
366,90,795.0,2952.0,10.0,7.0,1,196,0,224
366,131,553.0,2860.0,20.0,7.0,0,115,7,138
366,143,515.0,2961.0,10.0,7.0,1,116,0,126
366,157,658.0,2964.0,9.0,10.0,1,78,0,86
366,184,558.0,2961.0,9.0,9.0,1,18,0,19
367,2,1686.0,3117.0,21.0,8.0,1,338,0,365
367,41,322.0,2947.0,12.0,11.0,1,267,0,292
367,44,395.0,2957.0,11.0,8.0,1,266,0,288
367,45,463.0,2961.0,10.0,5.0,1,270,0,284
367,46,703.0,2951.0,10.0,5.0,1,259,0,284
367,47,774.0,2951.0,8.0,6.0,1,250,0,283
367,53,440.0,2962.0,12.0,8.0,0,252,1,277
367,56,606.0,2967.0,13.0,7.0,1,256,0,273
367,58,669.0,2972.0,11.0,7.0,1,248,0,271
367,59,336.0,2950.0,8.0,8.0,1,242,0,268
367,60,358.0,2951.0,11.0,9.0,1,251,0,268
367,61,385.0,2957.0,9.0,8.0,1,245,0,267
367,64,740.0,2950.0,10.0,7.0,1,239,0,261
367,66,704.0,2938.0,9.0,7.0,1,240,0,260
367,69,518.0,2961.0,10.0,5.0,1,240,0,257
367,73,591.0,2966.0,8.0,8.0,1,234,0,250
367,77,752.0,2948.0,14.0,10.0,1,221,0,243
367,78,419.0,2957.0,9.0,9.0,0,214,1,243
367,81,553.0,2967.0,8.0,8.0,1,224,0,237
367,85,817.0,2954.0,7.0,7.0,1,215,0,232
367,90,792.0,2959.0,11.0,7.0,1,197,0,225
367,131,553.0,2860.0,20.0,7.0,0,115,8,139
367,143,532.0,2966.0,10.0,8.0,1,117,0,127
367,157,656.0,2955.0,10.0,10.0,1,79,0,87
367,184,570.0,2963.0,10.0,9.0,1,19,0,20
368,2,1695.0,3116.0,17.0,13.0,1,339,0,366
368,41,308.0,2957.0,9.0,7.0,1,268,0,293
368,44,391.0,2953.0,13.0,8.0,1,267,0,289
368,45,457.0,2960.0,10.0,10.0,1,271,0,285
368,46,693.0,2954.0,12.0,6.0,1,260,0,285
368,47,773.0,2952.0,10.0,9.0,1,251,0,284
368,53,429.0,2962.0,8.0,8.0,1,253,0,278
368,56,602.0,2959.0,12.0,9.0,1,257,0,274
368,58,670.0,2966.0,7.0,8.0,1,249,0,272
368,59,335.0,2953.0,5.0,7.0,1,243,0,269
368,60,364.0,2958.0,10.0,7.0,1,252,0,269
368,61,377.0,2963.0,11.0,8.0,1,246,0,268
368,64,726.0,2944.0,14.0,8.0,1,240,0,262
368,66,700.0,2945.0,11.0,8.0,1,241,0,261
368,69,508.0,2958.0,12.0,8.0,1,241,0,258
368,73,588.0,2965.0,10.0,7.0,1,235,0,251
368,77,752.0,2948.0,14.0,10.0,0,221,1,244
368,78,415.0,2961.0,11.0,6.0,1,215,0,244
368,81,541.0,2960.0,10.0,7.0,1,225,0,238
368,85,806.0,2958.0,12.0,7.0,1,216,0,233
368,90,786.0,2954.0,10.0,9.0,1,198,0,226
368,131,483.0,2961.0,10.0,10.0,1,116,0,140
368,143,532.0,2954.0,11.0,10.0,1,118,0,128
368,157,653.0,2961.0,8.0,10.0,1,80,0,88
368,184,565.0,2962.0,12.0,10.0,1,20,0,21
369,2,1696.0,3106.0,10.0,9.0,1,340,0,367
369,41,299.0,2949.0,13.0,10.0,1,269,0,294
369,44,391.0,2958.0,11.0,6.0,1,268,0,290
369,45,457.0,2955.0,10.0,6.0,1,272,0,286
369,46,700.0,2951.0,8.0,7.0,1,261,0,286
369,47,766.0,2954.0,10.0,9.0,1,252,0,285
369,53,430.0,2961.0,11.0,7.0,1,254,0,279
369,56,602.0,2963.0,11.0,11.0,1,258,0,275
369,58,656.0,2966.0,13.0,10.0,1,250,0,273
369,59,327.0,2949.0,11.0,8.0,1,244,0,270
369,60,351.0,2950.0,10.0,7.0,1,253,0,270
369,61,377.0,2962.0,6.0,5.0,1,247,0,269
369,64,727.0,2945.0,11.0,5.0,1,241,0,263
369,66,700.0,2938.0,9.0,8.0,1,242,0,262
369,69,505.0,2956.0,9.0,8.0,1,242,0,259
369,73,588.0,2960.0,10.0,9.0,1,236,0,252
369,77,752.0,2948.0,14.0,10.0,0,221,2,245
369,78,405.0,2959.0,11.0,8.0,1,216,0,245
369,81,541.0,2960.0,10.0,7.0,0,225,1,239
369,85,809.0,2959.0,9.0,7.0,1,217,0,234
369,90,780.0,2948.0,9.0,7.0,1,199,0,227
369,131,483.0,2961.0,10.0,10.0,0,116,1,141
369,143,526.0,2968.0,8.0,10.0,1,119,0,129
369,157,644.0,2956.0,12.0,12.0,1,81,0,89
369,184,560.0,2967.0,12.0,8.0,1,21,0,22
370,2,1704.0,3105.0,13.0,10.0,1,341,0,368
370,41,300.0,2950.0,13.0,9.0,1,270,0,295
370,44,384.0,2955.0,11.0,7.0,1,269,0,291
370,45,452.0,2957.0,11.0,10.0,1,273,0,287
370,46,693.0,2955.0,13.0,6.0,1,262,0,287
370,47,758.0,2952.0,12.0,8.0,1,253,0,286
370,53,428.0,2952.0,12.0,8.0,1,255,0,280
370,56,590.0,2966.0,13.0,10.0,1,259,0,276
370,58,651.0,2963.0,11.0,10.0,1,251,0,274
370,59,327.0,2949.0,11.0,8.0,0,244,1,271
370,60,349.0,2952.0,13.0,8.0,1,254,0,271
370,61,373.0,2955.0,7.0,4.0,1,248,0,270
370,64,723.0,2951.0,11.0,10.0,1,242,0,264
370,66,699.0,2942.0,5.0,7.0,1,243,0,263
370,69,505.0,2956.0,9.0,8.0,0,242,1,260
370,73,588.0,2960.0,10.0,9.0,0,236,1,253
370,77,744.0,2946.0,9.0,10.0,1,222,0,246
370,78,404.0,2964.0,8.0,9.0,1,217,0,246
370,81,541.0,2960.0,10.0,7.0,0,225,2,240
370,85,801.0,2957.0,12.0,9.0,1,218,0,235
370,90,781.0,2950.0,10.0,11.0,1,200,0,228
370,131,476.0,2951.0,9.0,11.0,1,117,0,142
370,143,523.0,2963.0,10.0,6.0,1,120,0,130
370,157,634.0,2958.0,10.0,8.0,1,82,0,90
370,184,561.0,2959.0,10.0,10.0,1,22,0,23
371,2,1693.0,3104.0,17.0,11.0,1,342,0,369
371,41,294.0,2952.0,11.0,7.0,1,271,0,296
371,44,385.0,2957.0,13.0,7.0,1,270,0,292
371,45,441.0,2965.0,10.0,5.0,1,274,0,288
371,46,686.0,2958.0,10.0,6.0,1,263,0,288
371,47,762.0,2949.0,12.0,10.0,1,254,0,287
371,53,421.0,2954.0,12.0,7.0,1,256,0,281
371,56,590.0,2966.0,13.0,10.0,0,259,1,277
371,58,647.0,2965.0,7.0,9.0,1,252,0,275
371,59,320.0,2949.0,7.0,6.0,1,245,0,272
371,60,338.0,2955.0,10.0,10.0,1,255,0,272
371,61,365.0,2962.0,8.0,6.0,1,249,0,271
371,64,725.0,2942.0,10.0,8.0,1,243,0,265
371,66,692.0,2952.0,10.0,6.0,1,244,0,264
371,69,497.0,2964.0,9.0,7.0,1,243,0,261
371,73,572.0,2969.0,9.0,9.0,1,237,0,254
371,77,737.0,2950.0,12.0,11.0,1,223,0,247
371,78,396.0,2964.0,10.0,8.0,1,218,0,247
371,81,532.0,2960.0,11.0,6.0,1,226,0,241
371,85,796.0,2958.0,12.0,6.0,1,219,0,236
371,90,774.0,2952.0,11.0,10.0,1,201,0,229
371,131,476.0,2951.0,9.0,11.0,0,117,1,143
371,143,513.0,2964.0,10.0,7.0,1,121,0,131
371,157,636.0,2949.0,10.0,11.0,1,83,0,91
371,184,558.0,2958.0,10.0,9.0,1,23,0,24
372,2,1704.0,3105.0,13.0,12.0,1,343,0,370
372,41,293.0,2950.0,11.0,6.0,1,272,0,297
372,44,378.0,2955.0,10.0,5.0,1,271,0,293
372,45,442.0,2964.0,10.0,5.0,1,275,0,289
372,46,686.0,2958.0,10.0,6.0,0,263,1,289
372,47,750.0,2945.0,11.0,11.0,1,255,0,288
372,53,414.0,2955.0,11.0,6.0,1,257,0,282
372,56,592.0,2949.0,11.0,12.0,1,260,0,278
372,58,651.0,2964.0,10.0,9.0,1,253,0,276
372,59,316.0,2951.0,8.0,6.0,1,246,0,273
372,60,338.0,2955.0,10.0,10.0,0,255,1,273
372,61,353.0,2957.0,10.0,8.0,1,250,0,272
372,64,709.0,2943.0,10.0,7.0,1,244,0,266
372,66,690.0,2952.0,9.0,5.0,1,245,0,265
372,69,486.0,2960.0,11.0,9.0,1,244,0,262
372,73,560.0,2962.0,9.0,9.0,1,238,0,255
372,77,732.0,2951.0,11.0,8.0,1,224,0,248
372,78,391.0,2959.0,9.0,8.0,1,219,0,248
372,81,526.0,2965.0,10.0,7.0,1,227,0,242
372,85,787.0,2955.0,7.0,9.0,1,220,0,237
372,90,774.0,2952.0,11.0,10.0,0,201,1,230
372,131,459.0,2963.0,13.0,9.0,1,118,0,144
372,143,511.0,2955.0,10.0,9.0,1,122,0,132
372,157,633.0,2965.0,9.0,10.0,1,84,0,92
372,184,551.0,2964.0,11.0,10.0,1,24,0,25
373,2,1700.0,3104.0,13.0,8.0,1,344,0,371
373,41,285.0,2954.0,13.0,10.0,1,273,0,298
373,44,378.0,2955.0,10.0,5.0,0,271,1,294
373,45,432.0,2962.0,11.0,8.0,1,276,0,290
373,46,684.0,2958.0,8.0,7.0,1,264,0,290
373,47,749.0,2950.0,12.0,11.0,1,256,0,289
373,53,406.0,2961.0,12.0,7.0,1,258,0,283
373,56,577.0,2960.0,12.0,10.0,1,261,0,279
373,58,643.0,2971.0,10.0,7.0,1,254,0,277
373,59,310.0,2951.0,12.0,7.0,1,247,0,274
373,60,339.0,2953.0,11.0,8.0,1,256,0,274
373,61,355.0,2952.0,11.0,4.0,1,251,0,273
373,64,716.0,2943.0,8.0,7.0,1,245,0,267
373,66,680.0,2946.0,9.0,6.0,1,246,0,266
373,69,479.0,2956.0,10.0,8.0,1,245,0,263
373,73,566.0,2967.0,11.0,6.0,1,239,0,256
373,77,729.0,2952.0,11.0,8.0,1,225,0,249
373,78,390.0,2954.0,12.0,8.0,1,220,0,249
373,81,519.0,2962.0,9.0,10.0,1,228,0,243
373,85,790.0,2958.0,9.0,9.0,1,221,0,238
373,90,768.0,2957.0,9.0,6.0,1,202,0,231
373,131,462.0,2954.0,11.0,6.0,1,119,0,145
373,143,505.0,2957.0,11.0,7.0,1,123,0,133
373,157,629.0,2958.0,10.0,11.0,1,85,0,93
373,184,544.0,2965.0,11.0,8.0,1,25,0,26
374,2,1710.0,3095.0,13.0,6.0,1,345,0,372
374,41,280.0,2949.0,11.0,6.0,1,274,0,299
374,44,370.0,2954.0,11.0,6.0,1,272,0,295
374,45,431.0,2951.0,11.0,8.0,1,277,0,291
374,46,684.0,2958.0,8.0,7.0,0,264,1,291
374,47,741.0,2949.0,12.0,9.0,1,257,0,290
374,53,406.0,2955.0,11.0,8.0,1,259,0,284
374,56,575.0,2955.0,11.0,9.0,1,262,0,280
374,58,640.0,2959.0,12.0,10.0,1,255,0,278
374,59,299.0,2949.0,11.0,5.0,1,248,0,275
374,60,326.0,2952.0,13.0,9.0,1,257,0,275
374,61,344.0,2954.0,12.0,5.0,1,252,0,274
374,64,713.0,2946.0,13.0,10.0,1,246,0,268
374,66,683.0,2949.0,10.0,5.0,1,247,0,267
374,69,484.0,2965.0,9.0,7.0,1,246,0,264
374,73,557.0,2962.0,11.0,7.0,1,240,0,257
374,77,728.0,2950.0,11.0,7.0,1,226,0,250
374,78,385.0,2956.0,13.0,8.0,1,221,0,250
374,81,513.0,2959.0,13.0,7.0,1,229,0,244
374,85,780.0,2955.0,11.0,10.0,1,222,0,239
374,90,758.0,2950.0,9.0,11.0,1,203,0,232
374,131,461.0,2958.0,12.0,7.0,1,120,0,146
374,143,499.0,2963.0,8.0,6.0,1,124,0,134
374,157,623.0,2954.0,10.0,11.0,1,86,0,94
374,184,537.0,2963.0,11.0,10.0,1,26,0,27
375,2,1712.0,3094.0,12.0,11.0,1,346,0,373
375,41,273.0,2950.0,10.0,6.0,1,275,0,300
375,44,370.0,2954.0,11.0,6.0,0,272,1,296
375,45,429.0,2957.0,9.0,8.0,1,278,0,292
375,46,684.0,2958.0,8.0,7.0,0,264,2,292
375,47,750.0,2951.0,6.0,6.0,1,258,0,291
375,53,403.0,2954.0,11.0,7.0,1,260,0,285
375,56,574.0,2957.0,10.0,7.0,1,263,0,281
375,58,636.0,2964.0,6.0,5.0,1,256,0,279
375,59,303.0,2951.0,7.0,5.0,1,249,0,276
375,60,326.0,2952.0,12.0,7.0,1,258,0,276
375,61,342.0,2956.0,13.0,7.0,1,253,0,275
375,64,702.0,2944.0,11.0,6.0,1,247,0,269
375,66,683.0,2949.0,10.0,5.0,0,247,1,268
375,69,473.0,2958.0,7.0,9.0,1,247,0,265
375,73,554.0,2963.0,9.0,10.0,1,241,0,258
375,77,721.0,2951.0,11.0,7.0,1,227,0,251
375,78,385.0,2956.0,13.0,8.0,0,221,1,251
375,81,511.0,2954.0,8.0,8.0,1,230,0,245
375,85,784.0,2954.0,13.0,6.0,1,223,0,240
375,90,755.0,2950.0,10.0,8.0,1,204,0,233
375,131,454.0,2961.0,12.0,7.0,1,121,0,147
375,143,499.0,2963.0,8.0,6.0,0,124,1,135
375,157,625.0,2956.0,10.0,11.0,1,87,0,95
375,184,542.0,2959.0,10.0,9.0,1,27,0,28
376,2,1707.0,3091.0,14.0,9.0,1,347,0,374
376,41,275.0,2954.0,11.0,5.0,1,276,0,301
376,44,359.0,2953.0,11.0,7.0,1,273,0,297
376,45,422.0,2956.0,12.0,7.0,1,279,0,293
376,46,684.0,2958.0,8.0,7.0,0,264,3,293
376,47,736.0,2947.0,11.0,8.0,1,259,0,292
376,53,396.0,2954.0,9.0,8.0,1,261,0,286
376,56,564.0,2958.0,13.0,10.0,1,264,0,282
376,58,626.0,2962.0,10.0,7.0,1,257,0,280
376,59,297.0,2951.0,9.0,7.0,1,250,0,277
376,60,316.0,2945.0,9.0,8.0,1,259,0,277
376,61,336.0,2950.0,16.0,7.0,1,254,0,276
376,64,703.0,2935.0,12.0,9.0,1,248,0,270
376,66,674.0,2940.0,10.0,8.0,1,248,0,269
376,69,467.0,2961.0,12.0,9.0,1,248,0,266
376,73,546.0,2963.0,12.0,9.0,1,242,0,259
376,77,719.0,2942.0,9.0,6.0,1,228,0,252
376,78,375.0,2955.0,12.0,8.0,1,222,0,252
376,81,510.0,2962.0,5.0,7.0,1,231,0,246
376,85,776.0,2954.0,10.0,10.0,1,224,0,241
376,90,761.0,2952.0,12.0,10.0,1,205,0,234
376,131,446.0,2952.0,11.0,9.0,1,122,0,148
376,143,500.0,2962.0,9.0,7.0,1,125,0,136
376,157,611.0,2955.0,10.0,10.0,1,88,0,96
376,184,528.0,2958.0,10.0,9.0,1,28,0,29
377,2,1712.0,3098.0,16.0,14.0,1,348,0,375
377,41,275.0,2954.0,11.0,5.0,0,276,1,302
377,44,347.0,2955.0,12.0,7.0,1,274,0,298
377,45,418.0,2956.0,9.0,7.0,1,280,0,294
377,46,667.0,2954.0,10.0,6.0,1,265,0,294
377,47,742.0,2946.0,9.0,6.0,1,260,0,293
377,53,393.0,2957.0,10.0,8.0,1,262,0,287
377,56,562.0,2957.0,11.0,11.0,1,265,0,283
377,58,626.0,2960.0,7.0,9.0,1,258,0,281
377,59,292.0,2955.0,9.0,6.0,1,251,0,278
377,60,312.0,2949.0,11.0,7.0,1,260,0,278
377,61,329.0,2950.0,11.0,7.0,1,255,0,277
377,64,694.0,2944.0,12.0,8.0,1,249,0,271
377,66,668.0,2933.0,15.0,9.0,1,249,0,270
377,69,465.0,2961.0,11.0,9.0,1,249,0,267
377,73,544.0,2956.0,9.0,8.0,1,243,0,260
377,77,715.0,2950.0,5.0,6.0,1,229,0,253
377,78,372.0,2953.0,11.0,9.0,1,223,0,253
377,81,506.0,2960.0,9.0,7.0,1,232,0,247
377,85,770.0,2954.0,10.0,10.0,1,225,0,242
377,90,761.0,2952.0,12.0,10.0,0,205,1,235
377,131,447.0,2960.0,11.0,7.0,1,123,0,149
377,143,482.0,2963.0,14.0,10.0,1,126,0,137
377,157,611.0,2955.0,10.0,10.0,0,88,1,97
377,184,524.0,2961.0,11.0,9.0,1,29,0,30
378,2,1710.0,3093.0,15.0,9.0,1,349,0,376
378,41,263.0,2952.0,9.0,7.0,1,277,0,303
378,44,336.0,2956.0,12.0,6.0,1,275,0,299
378,45,414.0,2955.0,11.0,6.0,1,281,0,295
378,46,666.0,2947.0,11.0,6.0,1,266,0,295
378,47,732.0,2948.0,13.0,7.0,1,261,0,294
378,53,388.0,2958.0,12.0,6.0,1,263,0,288
378,56,555.0,2960.0,12.0,7.0,1,266,0,284
378,58,625.0,2957.0,9.0,9.0,1,259,0,282
378,59,286.0,2947.0,10.0,6.0,1,252,0,279
378,60,309.0,2945.0,12.0,6.0,1,261,0,279
378,61,329.0,2950.0,11.0,7.0,0,255,1,278
378,64,692.0,2941.0,10.0,8.0,1,250,0,272
378,66,670.0,2939.0,8.0,7.0,1,250,0,271
378,69,459.0,2963.0,6.0,5.0,1,250,0,268
378,73,544.0,2956.0,9.0,8.0,0,243,1,261
378,77,711.0,2951.0,11.0,10.0,1,230,0,254
378,78,367.0,2956.0,11.0,6.0,1,224,0,254
378,81,497.0,2961.0,11.0,8.0,1,233,0,248
378,85,766.0,2954.0,10.0,9.0,1,226,0,243
378,90,747.0,2950.0,11.0,9.0,1,206,0,236
378,131,447.0,2960.0,11.0,7.0,0,123,1,150
378,143,484.0,2961.0,9.0,6.0,1,127,0,138
378,157,605.0,2951.0,9.0,11.0,1,89,0,98
378,184,524.0,2961.0,11.0,9.0,0,29,1,31
379,2,1716.0,3095.0,14.0,6.0,1,350,0,377
379,41,185.0,2869.0,7.0,9.0,1,278,0,304
379,44,345.0,2951.0,13.0,7.0,1,276,0,300
379,45,405.0,2956.0,10.0,6.0,1,282,0,296
379,46,668.0,2949.0,9.0,7.0,1,267,0,296
379,47,725.0,2947.0,12.0,6.0,1,262,0,295
379,53,384.0,2954.0,14.0,7.0,1,264,0,289
379,56,552.0,2951.0,13.0,10.0,1,267,0,285
379,58,624.0,2956.0,7.0,11.0,1,260,0,283
379,59,282.0,2956.0,7.0,5.0,1,253,0,280
379,60,305.0,2952.0,12.0,7.0,1,262,0,280
379,61,324.0,2957.0,14.0,7.0,1,256,0,279
379,64,695.0,2939.0,10.0,12.0,1,251,0,273
379,66,668.0,2946.0,8.0,5.0,1,251,0,272
379,69,455.0,2953.0,9.0,9.0,1,251,0,269
379,73,535.0,2964.0,8.0,9.0,1,244,0,262
379,77,710.0,2948.0,12.0,5.0,1,231,0,255
379,78,363.0,2955.0,10.0,7.0,1,225,0,255
379,81,497.0,2961.0,11.0,8.0,0,233,1,249
379,85,766.0,2954.0,10.0,9.0,0,226,1,244
379,90,742.0,2952.0,8.0,8.0,1,207,0,237
379,131,447.0,2960.0,11.0,7.0,0,123,2,151
379,143,473.0,2960.0,10.0,6.0,1,128,0,139
379,157,603.0,2952.0,13.0,7.0,1,90,0,99
379,184,514.0,2962.0,12.0,10.0,1,30,0,32
380,2,1726.0,3090.0,13.0,9.0,1,351,0,378
380,41,5.0,3018.0,9.0,7.0,1,279,0,305
380,44,317.0,2952.0,12.0,6.0,1,277,0,301
380,45,402.0,2960.0,11.0,6.0,1,283,0,297
380,46,660.0,2946.0,11.0,5.0,1,268,0,297
380,47,725.0,2954.0,11.0,7.0,1,263,0,296
380,53,380.0,2957.0,12.0,7.0,1,265,0,290
380,56,552.0,2956.0,12.0,8.0,1,268,0,286
380,58,614.0,2953.0,9.0,9.0,1,261,0,284
380,59,253.0,2952.0,9.0,6.0,1,254,0,281
380,60,278.0,2953.0,9.0,6.0,1,263,0,281
380,61,302.0,2949.0,12.0,6.0,1,257,0,280
380,64,685.0,2946.0,11.0,9.0,1,252,0,274
380,66,661.0,2939.0,12.0,7.0,1,252,0,273
380,69,455.0,2961.0,9.0,6.0,1,252,0,270
380,73,531.0,2960.0,10.0,7.0,1,245,0,263
380,77,698.0,2947.0,12.0,8.0,1,232,0,256
380,78,343.0,2951.0,8.0,6.0,1,226,0,256
380,81,487.0,2963.0,9.0,6.0,1,234,0,250
380,85,756.0,2955.0,14.0,7.0,1,227,0,245
380,90,742.0,2956.0,11.0,8.0,1,208,0,238
380,131,447.0,2960.0,11.0,7.0,0,123,3,152
380,143,469.0,2958.0,10.0,8.0,1,129,0,140
380,157,596.0,2954.0,9.0,8.0,1,91,0,100
380,184,511.0,2959.0,12.0,8.0,1,31,0,33
381,2,1713.0,3085.0,17.0,12.0,1,352,0,379
381,41,245.0,2950.0,12.0,8.0,1,280,0,306
381,44,339.0,2947.0,10.0,6.0,1,278,0,302
381,45,399.0,2954.0,10.0,8.0,1,284,0,298
381,46,661.0,2955.0,13.0,6.0,1,269,0,298
381,47,721.0,2948.0,11.0,6.0,1,264,0,297
381,53,377.0,2953.0,11.0,7.0,1,266,0,291
381,56,549.0,2961.0,10.0,9.0,1,269,0,287
381,58,614.0,2949.0,10.0,9.0,1,262,0,285
381,59,266.0,2954.0,11.0,8.0,1,255,0,282
381,60,293.0,2944.0,11.0,7.0,1,264,0,282
381,61,313.0,2951.0,7.0,6.0,1,258,0,281
381,64,685.0,2946.0,11.0,9.0,0,252,1,275
381,66,660.0,2931.0,10.0,9.0,1,253,0,274
381,69,441.0,2964.0,10.0,7.0,1,253,0,271
381,73,522.0,2964.0,11.0,10.0,1,246,0,264
381,77,697.0,2946.0,11.0,5.0,1,233,0,257
381,78,352.0,2957.0,10.0,6.0,1,227,0,257
381,81,484.0,2958.0,12.0,8.0,1,235,0,251
381,85,757.0,2953.0,13.0,11.0,1,228,0,246
381,90,737.0,2951.0,13.0,9.0,1,209,0,239
381,131,421.0,2955.0,14.0,8.0,1,124,0,153
381,143,465.0,2962.0,11.0,8.0,1,130,0,141
381,157,591.0,2952.0,12.0,8.0,1,92,0,101
381,184,504.0,2956.0,13.0,10.0,1,32,0,34
382,2,1725.0,3086.0,19.0,11.0,1,353,0,380
382,41,240.0,2955.0,10.0,7.0,1,281,0,307
382,44,334.0,2947.0,12.0,7.0,1,279,0,303
382,45,387.0,2957.0,11.0,8.0,1,285,0,299
382,46,654.0,2943.0,12.0,7.0,1,270,0,299
382,47,716.0,2948.0,13.0,8.0,1,265,0,298
382,53,373.0,2951.0,10.0,8.0,1,267,0,292
382,56,541.0,2962.0,12.0,8.0,1,270,0,288
382,58,615.0,2952.0,11.0,12.0,1,263,0,286
382,59,263.0,2952.0,11.0,9.0,1,256,0,283
382,60,284.0,2953.0,13.0,6.0,1,265,0,283
382,61,315.0,2950.0,7.0,7.0,1,259,0,282
382,64,686.0,2936.0,12.0,7.0,1,253,0,276
382,66,653.0,2935.0,10.0,7.0,1,254,0,275
382,69,449.0,2958.0,10.0,5.0,1,254,0,272
382,73,523.0,2960.0,4.0,6.0,1,247,0,265
382,77,697.0,2946.0,12.0,8.0,1,234,0,258
382,78,353.0,2952.0,10.0,8.0,1,228,0,258
382,81,474.0,2959.0,9.0,6.0,1,236,0,252
382,85,752.0,2954.0,12.0,9.0,1,229,0,247
382,90,736.0,2948.0,10.0,9.0,1,210,0,240
382,131,422.0,2956.0,12.0,6.0,1,125,0,154
382,143,464.0,2963.0,11.0,5.0,1,131,0,142
382,157,590.0,2947.0,9.0,10.0,1,93,0,102
382,184,508.0,2958.0,9.0,11.0,1,33,0,35
383,2,1725.0,3091.0,13.0,9.0,1,354,0,381
383,41,235.0,2955.0,12.0,7.0,1,282,0,308
383,44,325.0,2953.0,11.0,6.0,1,280,0,304
383,45,389.0,2949.0,9.0,7.0,1,286,0,300
383,46,646.0,2954.0,12.0,5.0,1,271,0,300
383,47,717.0,2946.0,10.0,7.0,1,266,0,299
383,53,354.0,2956.0,14.0,8.0,1,268,0,293
383,56,532.0,2959.0,15.0,10.0,1,271,0,289
383,58,607.0,2955.0,12.0,10.0,1,264,0,287
383,59,261.0,2952.0,9.0,6.0,1,257,0,284
383,60,281.0,2949.0,13.0,6.0,1,266,0,284
383,61,313.0,2952.0,11.0,5.0,1,260,0,283
383,64,680.0,2942.0,12.0,6.0,1,254,0,277
383,66,645.0,2934.0,13.0,9.0,1,255,0,276
383,69,434.0,2953.0,11.0,6.0,1,255,0,273
383,73,508.0,2963.0,11.0,6.0,1,248,0,266
383,77,691.0,2945.0,10.0,7.0,1,235,0,259
383,78,347.0,2951.0,13.0,6.0,1,229,0,259
383,81,477.0,2955.0,10.0,7.0,1,237,0,253
383,85,747.0,2945.0,13.0,10.0,1,230,0,248
383,90,736.0,2948.0,10.0,9.0,0,210,1,241
383,131,411.0,2950.0,13.0,9.0,1,126,0,155
383,143,460.0,2958.0,7.0,6.0,1,132,0,143
383,157,590.0,2947.0,9.0,10.0,0,93,1,103
383,184,500.0,2965.0,12.0,10.0,1,34,0,36
384,2,1738.0,3090.0,15.0,6.0,1,355,0,382
384,41,226.0,2947.0,12.0,7.0,1,283,0,309
384,44,316.0,2952.0,9.0,7.0,1,281,0,305
384,45,384.0,2953.0,13.0,8.0,1,287,0,301
384,46,647.0,2945.0,10.0,5.0,1,272,0,301
384,47,721.0,2945.0,9.0,8.0,1,267,0,300
384,53,359.0,2952.0,13.0,8.0,1,269,0,294
384,56,531.0,2960.0,12.0,8.0,1,272,0,290
384,58,598.0,2951.0,12.0,8.0,1,265,0,288
384,59,260.0,2947.0,7.0,7.0,1,258,0,285
384,60,276.0,2952.0,12.0,7.0,1,267,0,285
384,61,303.0,2950.0,11.0,6.0,1,261,0,284
384,64,674.0,2939.0,13.0,6.0,1,255,0,278
384,66,645.0,2933.0,13.0,8.0,1,256,0,277
384,69,426.0,2888.0,6.0,8.0,1,256,0,274
384,73,514.0,2967.0,10.0,6.0,1,249,0,267
384,77,690.0,2949.0,10.0,5.0,1,236,0,260
384,78,337.0,2952.0,12.0,8.0,1,230,0,260
384,81,476.0,2961.0,9.0,5.0,1,238,0,254
384,85,739.0,2955.0,12.0,8.0,1,231,0,249
384,90,732.0,2951.0,11.0,9.0,1,211,0,242
384,131,409.0,2952.0,11.0,9.0,1,127,0,156
384,143,451.0,2952.0,9.0,8.0,1,133,0,144
384,157,581.0,2951.0,13.0,10.0,1,94,0,104
384,184,496.0,2956.0,11.0,8.0,1,35,0,37
385,2,1738.0,3078.0,10.0,9.0,1,356,0,383
385,41,220.0,2948.0,13.0,10.0,1,284,0,310
385,44,316.0,2948.0,10.0,7.0,1,282,0,306
385,45,386.0,2948.0,8.0,9.0,1,288,0,302
385,46,639.0,2945.0,15.0,7.0,1,273,0,302
385,47,705.0,2949.0,10.0,9.0,1,268,0,301
385,53,355.0,2951.0,12.0,10.0,1,270,0,295
385,56,527.0,2953.0,10.0,11.0,1,273,0,291
385,58,601.0,2942.0,9.0,13.0,1,266,0,289
385,59,253.0,2955.0,10.0,9.0,1,259,0,286
385,60,275.0,2952.0,13.0,7.0,1,268,0,286
385,61,299.0,2947.0,9.0,7.0,1,262,0,285
385,64,667.0,2935.0,11.0,7.0,1,256,0,279
385,66,643.0,2931.0,12.0,9.0,1,257,0,278
385,69,426.0,2888.0,6.0,8.0,0,256,1,275
385,73,510.0,2961.0,11.0,9.0,1,250,0,268
385,77,690.0,2949.0,10.0,5.0,0,236,1,261
385,78,333.0,2945.0,12.0,9.0,1,231,0,261
385,81,452.0,2954.0,10.0,5.0,1,239,0,255
385,85,742.0,2948.0,8.0,8.0,1,232,0,250
385,90,724.0,2947.0,11.0,6.0,1,212,0,243
385,131,406.0,2958.0,10.0,8.0,1,128,0,157
385,143,430.0,2954.0,11.0,7.0,1,134,0,145
385,157,585.0,2951.0,5.0,8.0,1,95,0,105
385,184,493.0,2958.0,11.0,9.0,1,36,0,38
386,2,1734.0,3083.0,15.0,7.0,1,357,0,384
386,41,215.0,2952.0,12.0,10.0,1,285,0,311
386,44,314.0,2954.0,10.0,7.0,1,283,0,307
386,45,375.0,2948.0,7.0,7.0,1,289,0,303
386,46,641.0,2935.0,12.0,8.0,1,274,0,303
386,47,705.0,2947.0,9.0,8.0,1,269,0,302
386,53,357.0,2958.0,13.0,9.0,1,271,0,296
386,56,527.0,2957.0,8.0,6.0,1,274,0,292
386,58,601.0,2942.0,9.0,13.0,0,266,1,290
386,59,245.0,2953.0,10.0,8.0,1,260,0,287
386,60,263.0,2947.0,14.0,7.0,1,269,0,287
386,61,299.0,2949.0,9.0,9.0,1,263,0,286
386,64,665.0,2930.0,10.0,8.0,1,257,0,280
386,66,637.0,2932.0,12.0,9.0,1,258,0,279
386,69,426.0,2888.0,6.0,8.0,0,256,2,276
386,73,503.0,2957.0,10.0,7.0,1,251,0,269
386,77,688.0,2944.0,12.0,6.0,1,237,0,262
386,78,329.0,2955.0,11.0,8.0,1,232,0,262
386,81,464.0,2958.0,9.0,5.0,1,240,0,256
386,85,735.0,2953.0,11.0,8.0,1,233,0,251
386,90,722.0,2951.0,11.0,8.0,1,213,0,244
386,131,401.0,2954.0,10.0,8.0,1,129,0,158
386,143,443.0,2954.0,12.0,5.0,1,135,0,146
386,157,578.0,2948.0,10.0,12.0,1,96,0,106
386,184,487.0,2954.0,13.0,7.0,1,37,0,39
387,2,1739.0,3081.0,14.0,11.0,1,358,0,385
387,41,211.0,2945.0,14.0,12.0,1,286,0,312
387,44,309.0,2946.0,11.0,7.0,1,284,0,308
387,45,367.0,2951.0,9.0,7.0,1,290,0,304
387,46,640.0,2946.0,14.0,7.0,1,275,0,304
387,47,701.0,2941.0,12.0,8.0,1,270,0,303
387,53,353.0,2954.0,10.0,7.0,1,272,0,297
387,56,521.0,2953.0,9.0,8.0,1,275,0,293
387,58,589.0,2950.0,11.0,11.0,1,267,0,291
387,59,242.0,2949.0,10.0,9.0,1,261,0,288
387,60,258.0,2951.0,15.0,7.0,1,270,0,288
387,61,285.0,2952.0,11.0,9.0,1,264,0,287
387,64,662.0,2938.0,12.0,8.0,1,258,0,281
387,66,630.0,2932.0,13.0,9.0,1,259,0,280
387,69,426.0,2888.0,6.0,8.0,0,256,3,277
387,73,497.0,2954.0,12.0,8.0,1,252,0,270
387,77,680.0,2942.0,12.0,7.0,1,238,0,263
387,78,332.0,2948.0,10.0,7.0,1,233,0,263
387,81,438.0,2955.0,10.0,6.0,1,241,0,257
387,85,735.0,2950.0,10.0,12.0,1,234,0,252
387,90,714.0,2948.0,11.0,6.0,1,214,0,245
387,131,399.0,2950.0,11.0,7.0,1,130,0,159
387,143,423.0,2958.0,9.0,5.0,1,136,0,147
387,157,571.0,2953.0,9.0,8.0,1,97,0,107
387,184,459.0,2964.0,10.0,6.0,1,38,0,40
388,2,1739.0,3080.0,10.0,8.0,1,359,0,386
388,41,204.0,2949.0,12.0,7.0,1,287,0,313
388,44,317.0,2952.0,12.0,6.0,1,285,0,309
388,45,389.0,2949.0,15.0,9.0,1,291,0,305
388,46,641.0,2941.0,12.0,7.0,1,276,0,305
388,47,700.0,2941.0,10.0,9.0,1,271,0,304
388,53,369.0,2952.0,8.0,7.0,1,273,0,298
388,56,518.0,2956.0,14.0,7.0,1,276,0,294
388,58,585.0,2952.0,10.0,6.0,1,268,0,292
388,59,236.0,2947.0,8.0,7.0,1,262,0,289
388,60,258.0,2951.0,15.0,7.0,0,270,1,289
388,61,283.0,2948.0,12.0,8.0,1,265,0,288
388,64,660.0,2930.0,12.0,9.0,1,259,0,282
388,66,628.0,2929.0,13.0,7.0,1,260,0,281
388,69,426.0,2888.0,6.0,8.0,0,256,4,278
388,73,494.0,2959.0,9.0,6.0,1,253,0,271
388,77,674.0,2940.0,10.0,8.0,1,239,0,264
388,78,341.0,2944.0,11.0,8.0,1,234,0,264
388,81,453.0,2959.0,9.0,4.0,1,242,0,258
388,85,730.0,2951.0,10.0,10.0,1,235,0,253
388,90,716.0,2947.0,12.0,5.0,1,215,0,246
388,131,413.0,2959.0,12.0,5.0,1,131,0,160
388,143,434.0,2952.0,11.0,9.0,1,137,0,148
388,157,565.0,2951.0,5.0,4.0,1,98,0,108
388,184,468.0,2964.0,9.0,5.0,1,39,0,41
389,2,1747.0,3075.0,14.0,7.0,1,360,0,387
389,41,206.0,2947.0,12.0,9.0,1,288,0,314
389,44,302.0,2940.0,9.0,7.0,1,286,0,310
389,45,367.0,2950.0,8.0,6.0,1,292,0,306
389,46,635.0,2939.0,16.0,8.0,1,277,0,306
389,47,693.0,2946.0,13.0,8.0,1,272,0,305
389,53,336.0,2947.0,12.0,9.0,1,274,0,299
389,56,508.0,2955.0,12.0,8.0,1,277,0,295
389,58,579.0,2950.0,13.0,9.0,1,269,0,293
389,59,228.0,2950.0,10.0,9.0,1,263,0,290
389,60,248.0,2943.0,13.0,10.0,1,271,0,290
389,61,275.0,2942.0,9.0,9.0,1,266,0,289
389,64,654.0,2938.0,13.0,10.0,1,260,0,283
389,66,628.0,2930.0,11.0,7.0,1,261,0,282
389,69,426.0,2888.0,6.0,8.0,0,256,5,279
389,73,482.0,2954.0,12.0,6.0,1,254,0,272
389,77,673.0,2945.0,12.0,8.0,1,240,0,265
389,78,319.0,2954.0,11.0,10.0,1,235,0,265
389,81,444.0,2956.0,11.0,7.0,1,243,0,259
389,85,727.0,2949.0,11.0,9.0,1,236,0,254
389,90,708.0,2952.0,11.0,6.0,1,216,0,247
389,131,390.0,2953.0,11.0,9.0,1,132,0,161
389,143,409.0,2956.0,12.0,6.0,1,138,0,149
389,157,566.0,2943.0,9.0,9.0,1,99,0,109
389,184,468.0,2964.0,9.0,5.0,0,39,1,42
390,2,1748.0,3079.0,9.0,11.0,1,361,0,388
390,41,195.0,2946.0,10.0,9.0,1,289,0,315
390,44,298.0,2944.0,10.0,8.0,1,287,0,311
390,45,357.0,2949.0,10.0,6.0,1,293,0,307
390,46,633.0,2939.0,11.0,9.0,1,278,0,307
390,47,693.0,2947.0,10.0,10.0,1,273,0,306
390,53,337.0,2951.0,10.0,6.0,1,275,0,300
390,56,507.0,2949.0,11.0,7.0,1,278,0,296
390,58,575.0,2943.0,14.0,10.0,1,270,0,294
390,59,224.0,2946.0,6.0,9.0,1,264,0,291
390,60,242.0,2946.0,15.0,8.0,1,272,0,291
390,61,277.0,2947.0,9.0,8.0,1,267,0,290
390,64,653.0,2929.0,12.0,13.0,1,261,0,284
390,66,628.0,2930.0,11.0,7.0,0,261,1,283
390,69,426.0,2888.0,6.0,8.0,0,256,6,280
390,73,483.0,2959.0,15.0,6.0,1,255,0,273
390,77,677.0,2940.0,14.0,6.0,1,241,0,266
390,78,322.0,2947.0,10.0,8.0,1,236,0,266
390,81,447.0,2953.0,10.0,5.0,1,244,0,260
390,85,728.0,2948.0,9.0,9.0,1,237,0,255
390,90,708.0,2950.0,9.0,6.0,1,217,0,248
390,131,385.0,2951.0,11.0,8.0,1,133,0,162
390,143,400.0,2952.0,10.0,5.0,1,139,0,150
390,157,561.0,2948.0,13.0,9.0,1,100,0,110
390,184,467.0,2958.0,12.0,8.0,1,40,0,43
391,2,1742.0,3076.0,19.0,11.0,1,362,0,389
391,41,199.0,2948.0,11.0,8.0,1,290,0,316
391,44,298.0,2944.0,10.0,8.0,0,287,1,312
391,45,360.0,2948.0,10.0,6.0,1,294,0,308
391,46,633.0,2944.0,14.0,8.0,1,279,0,308
391,47,692.0,2939.0,11.0,9.0,1,274,0,307
391,53,377.0,2952.0,11.0,8.0,1,276,0,301
391,56,508.0,2954.0,11.0,7.0,1,279,0,297
391,58,579.0,2947.0,10.0,11.0,1,271,0,295
391,59,226.0,2954.0,6.0,6.0,1,265,0,292
391,60,241.0,2949.0,16.0,5.0,1,273,0,292
391,61,272.0,2952.0,9.0,8.0,1,268,0,291
391,64,650.0,2929.0,10.0,10.0,1,262,0,285
391,66,612.0,2931.0,14.0,10.0,1,262,0,284
391,69,426.0,2888.0,6.0,8.0,0,256,7,281
391,73,479.0,2954.0,11.0,8.0,1,256,0,274
391,77,667.0,2944.0,11.0,8.0,1,242,0,267
391,78,311.0,2951.0,12.0,9.0,1,237,0,267
391,81,434.0,2950.0,11.0,8.0,1,245,0,261
391,85,722.0,2950.0,10.0,7.0,1,238,0,256
391,90,710.0,2949.0,10.0,6.0,1,218,0,249
391,131,405.0,2947.0,10.0,5.0,1,134,0,163
391,143,423.0,2950.0,13.0,8.0,1,140,0,151
391,157,561.0,2948.0,13.0,9.0,0,100,1,111
391,184,463.0,2956.0,13.0,9.0,1,41,0,44
392,2,1748.0,3076.0,20.0,14.0,1,363,0,390
392,41,186.0,2952.0,13.0,5.0,1,291,0,317
392,44,285.0,2953.0,9.0,7.0,1,288,0,313
392,45,327.0,2949.0,14.0,9.0,1,295,0,309
392,46,629.0,2937.0,12.0,7.0,1,280,0,309
392,47,688.0,2945.0,11.0,6.0,1,275,0,308
392,53,349.0,2950.0,11.0,7.0,1,277,0,302
392,56,502.0,2951.0,13.0,8.0,1,280,0,298
392,58,575.0,2947.0,12.0,9.0,1,272,0,296
392,59,221.0,2949.0,11.0,6.0,1,266,0,293
392,60,239.0,2946.0,15.0,7.0,1,274,0,293
392,61,263.0,2947.0,11.0,8.0,1,269,0,292
392,64,648.0,2934.0,12.0,10.0,1,263,0,286
392,66,615.0,2925.0,12.0,10.0,1,263,0,285
392,69,426.0,2888.0,6.0,8.0,0,256,8,282
392,73,456.0,2952.0,11.0,6.0,1,257,0,275
392,77,663.0,2940.0,12.0,6.0,1,243,0,268
392,78,304.0,2956.0,11.0,10.0,1,238,0,268
392,81,418.0,2956.0,10.0,8.0,1,246,0,262
392,85,716.0,2949.0,12.0,10.0,1,239,0,257
392,90,710.0,2949.0,10.0,6.0,0,218,1,250
392,131,369.0,2951.0,12.0,11.0,1,135,0,164
392,143,401.0,2953.0,12.0,7.0,1,141,0,152
392,157,555.0,2949.0,12.0,7.0,1,101,0,112
392,184,433.0,2955.0,10.0,6.0,1,42,0,45
393,2,1757.0,3074.0,12.0,8.0,1,364,0,391
393,41,184.0,2955.0,10.0,8.0,1,292,0,318
393,44,280.0,2948.0,10.0,7.0,1,289,0,314
393,45,320.0,2946.0,11.0,9.0,1,296,0,310
393,46,623.0,2937.0,10.0,6.0,1,281,0,310
393,47,681.0,2940.0,13.0,8.0,1,276,0,309
393,53,335.0,2949.0,9.0,6.0,1,278,0,303
393,56,487.0,2953.0,13.0,8.0,1,281,0,299
393,58,572.0,2943.0,13.0,11.0,1,273,0,297
393,59,208.0,2952.0,9.0,8.0,1,267,0,294
393,60,231.0,2948.0,12.0,7.0,1,275,0,294
393,61,260.0,2949.0,11.0,7.0,1,270,0,293
393,64,645.0,2930.0,9.0,7.0,1,264,0,287
393,66,615.0,2925.0,12.0,10.0,0,263,1,286
393,69,426.0,2888.0,6.0,8.0,0,256,9,283
393,73,468.0,2952.0,10.0,9.0,1,258,0,276
393,77,656.0,2938.0,11.0,9.0,1,244,0,269
393,78,293.0,2945.0,12.0,9.0,1,239,0,269
393,81,413.0,2951.0,12.0,8.0,1,247,0,263
393,85,720.0,2950.0,12.0,9.0,1,240,0,258
393,90,702.0,2950.0,10.0,6.0,1,219,0,251
393,131,368.0,2952.0,9.0,9.0,1,136,0,165
393,143,401.0,2953.0,12.0,7.0,0,141,1,153
393,157,551.0,2946.0,9.0,10.0,1,102,0,113
393,184,427.0,2955.0,11.0,7.0,1,43,0,46
394,2,1753.0,3068.0,17.0,8.0,1,365,0,392
394,41,184.0,2955.0,10.0,8.0,0,292,1,319
394,44,272.0,2947.0,12.0,9.0,1,290,0,315
394,45,316.0,2945.0,12.0,9.0,1,297,0,311
394,46,618.0,2941.0,12.0,6.0,1,282,0,311
394,47,682.0,2948.0,13.0,7.0,1,277,0,310
394,53,366.0,2944.0,9.0,9.0,1,279,0,304
394,56,483.0,2946.0,12.0,8.0,1,282,0,300
394,58,564.0,2942.0,11.0,13.0,1,274,0,298
394,59,209.0,2948.0,7.0,6.0,1,268,0,295
394,60,221.0,2945.0,13.0,8.0,1,276,0,295
394,61,255.0,2955.0,11.0,9.0,1,271,0,294
394,64,640.0,2928.0,9.0,8.0,1,265,0,288
394,66,608.0,2929.0,10.0,7.0,1,264,0,287
394,69,426.0,2888.0,6.0,8.0,0,256,10,284
394,73,464.0,2959.0,11.0,7.0,1,259,0,277
394,77,655.0,2936.0,15.0,7.0,1,245,0,270
394,78,300.0,2950.0,13.0,10.0,1,240,0,270
394,81,428.0,2946.0,10.0,6.0,1,248,0,264
394,85,723.0,2944.0,12.0,9.0,1,241,0,259
394,90,702.0,2950.0,10.0,6.0,0,219,1,252
394,131,407.0,2951.0,11.0,7.0,1,137,0,166
394,143,396.0,2952.0,9.0,5.0,1,142,0,154
394,157,540.0,2947.0,10.0,8.0,1,103,0,114
394,184,446.0,2950.0,9.0,7.0,1,44,0,47
395,2,1764.0,3071.0,11.0,11.0,1,366,0,393
395,41,172.0,2946.0,12.0,8.0,1,293,0,320
395,44,272.0,2947.0,12.0,9.0,0,290,1,316
395,45,336.0,2949.0,9.0,6.0,1,298,0,312
395,46,618.0,2941.0,12.0,6.0,0,282,1,312
395,47,677.0,2935.0,10.0,8.0,1,278,0,311
395,53,364.0,2948.0,8.0,5.0,1,280,0,305
395,56,483.0,2953.0,10.0,8.0,1,283,0,301
395,58,566.0,2936.0,10.0,9.0,1,275,0,299
395,59,204.0,2951.0,5.0,6.0,1,269,0,296
395,60,213.0,2946.0,16.0,8.0,1,277,0,296
395,61,245.0,2952.0,14.0,9.0,1,272,0,295
395,64,630.0,2932.0,13.0,8.0,1,266,0,289
395,66,609.0,2924.0,12.0,7.0,1,265,0,288
395,69,426.0,2888.0,6.0,8.0,0,256,11,285
395,73,464.0,2958.0,11.0,7.0,1,260,0,278
395,77,660.0,2937.0,12.0,8.0,1,246,0,271
395,78,292.0,2949.0,12.0,10.0,1,241,0,271
395,81,425.0,2957.0,11.0,7.0,1,249,0,265
395,85,716.0,2945.0,9.0,7.0,1,242,0,260
395,90,691.0,2946.0,8.0,8.0,1,220,0,253
395,131,390.0,2951.0,7.0,6.0,1,138,0,167
395,143,404.0,2951.0,11.0,8.0,1,143,0,155
395,157,544.0,2950.0,15.0,11.0,1,104,0,115
395,184,444.0,2953.0,10.0,9.0,1,45,0,48
396,2,1751.0,3076.0,15.0,8.0,1,367,0,394
396,41,173.0,2954.0,11.0,7.0,1,294,0,321
396,44,286.0,2948.0,8.0,8.0,1,291,0,317
396,45,331.0,2946.0,12.0,7.0,1,299,0,313
396,46,613.0,2933.0,10.0,6.0,1,283,0,313
396,47,669.0,2947.0,10.0,7.0,1,279,0,312
396,53,353.0,2948.0,14.0,10.0,1,281,0,306
396,56,479.0,2954.0,12.0,6.0,1,284,0,302
396,58,564.0,2937.0,10.0,14.0,1,276,0,300
396,59,192.0,2951.0,8.0,6.0,1,270,0,297
396,60,213.0,2949.0,15.0,8.0,1,278,0,297
396,61,241.0,2946.0,13.0,9.0,1,273,0,296
396,64,630.0,2932.0,13.0,8.0,0,266,1,290
396,66,605.0,2927.0,11.0,7.0,1,266,0,289
396,69,426.0,2888.0,6.0,8.0,0,256,12,286
396,73,459.0,2957.0,8.0,7.0,1,261,0,279
396,77,651.0,2931.0,11.0,9.0,1,247,0,272
396,78,305.0,2944.0,12.0,8.0,1,242,0,272
396,81,420.0,2952.0,10.0,6.0,1,250,0,266
396,85,708.0,2946.0,12.0,9.0,1,243,0,261
396,90,694.0,2942.0,10.0,8.0,1,221,0,254
396,131,378.0,2944.0,11.0,5.0,1,139,0,168
396,143,404.0,2951.0,11.0,8.0,0,143,1,156
396,157,543.0,2944.0,11.0,8.0,1,105,0,116
396,184,447.0,2947.0,9.0,8.0,1,46,0,49
397,2,1761.0,3077.0,15.0,9.0,1,368,0,395
397,41,165.0,2948.0,11.0,7.0,1,295,0,322
397,44,283.0,2945.0,10.0,6.0,1,292,0,318
397,45,327.0,2952.0,9.0,8.0,1,300,0,314
397,46,609.0,2934.0,12.0,8.0,1,284,0,314
397,47,673.0,2934.0,12.0,11.0,1,280,0,313
397,53,355.0,2948.0,12.0,8.0,1,282,0,307
397,56,477.0,2956.0,14.0,8.0,1,285,0,303
397,58,559.0,2940.0,12.0,8.0,1,277,0,301
397,59,187.0,2949.0,13.0,6.0,1,271,0,298
397,60,214.0,2947.0,14.0,7.0,1,279,0,298
397,61,242.0,2944.0,11.0,7.0,1,274,0,297
397,64,631.0,2927.0,11.0,8.0,1,267,0,291
397,66,596.0,2918.0,11.0,7.0,1,267,0,290
397,69,426.0,2888.0,6.0,8.0,0,256,13,287
397,73,459.0,2958.0,9.0,5.0,1,262,0,280
397,77,651.0,2931.0,11.0,9.0,0,247,1,273
397,78,305.0,2944.0,12.0,8.0,0,242,1,273
397,81,409.0,2952.0,10.0,8.0,1,251,0,267
397,85,705.0,2943.0,11.0,9.0,1,244,0,262
397,90,684.0,2945.0,11.0,7.0,1,222,0,255
397,131,378.0,2944.0,11.0,5.0,0,139,1,169
397,143,398.0,2947.0,10.0,9.0,1,144,0,157
397,157,537.0,2944.0,12.0,10.0,1,106,0,117
397,184,435.0,2951.0,10.0,8.0,1,47,0,50
398,2,1762.0,3068.0,12.0,11.0,1,369,0,396
398,41,161.0,2947.0,10.0,6.0,1,296,0,323
398,44,258.0,2950.0,12.0,9.0,1,293,0,319
398,45,329.0,2945.0,7.0,8.0,1,301,0,315
398,46,607.0,2933.0,11.0,8.0,1,285,0,315
398,47,668.0,2934.0,13.0,11.0,1,281,0,314
398,53,348.0,2942.0,13.0,6.0,1,283,0,308
398,56,468.0,2949.0,10.0,8.0,1,286,0,304
398,58,563.0,2941.0,9.0,10.0,1,278,0,302
398,59,179.0,2953.0,8.0,6.0,1,272,0,299
398,60,204.0,2944.0,17.0,7.0,1,280,0,299
398,61,236.0,2942.0,10.0,8.0,1,275,0,298
398,64,630.0,2929.0,10.0,7.0,1,268,0,292
398,66,599.0,2920.0,14.0,6.0,1,268,0,291
398,69,426.0,2888.0,6.0,8.0,0,256,14,288
398,73,443.0,2953.0,12.0,6.0,1,263,0,281
398,77,648.0,2928.0,11.0,8.0,1,248,0,274
398,78,280.0,2944.0,9.0,6.0,1,243,0,274
398,81,408.0,2953.0,9.0,6.0,1,252,0,268
398,85,706.0,2939.0,11.0,7.0,1,245,0,263
398,90,685.0,2940.0,10.0,6.0,1,223,0,256
398,131,371.0,2953.0,8.0,7.0,1,140,0,170
398,143,389.0,2951.0,11.0,8.0,1,145,0,158
398,157,540.0,2939.0,10.0,6.0,1,107,0,118
398,184,431.0,2952.0,11.0,8.0,1,48,0,51
399,2,1762.0,3068.0,12.0,11.0,0,369,1,397
399,41,155.0,2945.0,9.0,7.0,1,297,0,324
399,44,248.0,2945.0,13.0,8.0,1,294,0,320
399,45,314.0,2947.0,8.0,7.0,1,302,0,316
399,46,600.0,2932.0,11.0,9.0,1,286,0,316
399,47,669.0,2938.0,12.0,11.0,1,282,0,315
399,53,292.0,2946.0,11.0,7.0,1,284,0,309
399,56,458.0,2953.0,12.0,6.0,1,287,0,305
399,58,560.0,2939.0,9.0,9.0,1,279,0,303
399,59,184.0,2949.0,6.0,7.0,1,273,0,300
399,60,198.0,2950.0,14.0,8.0,1,281,0,300
399,61,227.0,2947.0,10.0,9.0,1,276,0,299
399,64,617.0,2928.0,13.0,10.0,1,269,0,293
399,66,592.0,2918.0,14.0,8.0,1,269,0,292
399,69,426.0,2888.0,6.0,8.0,0,256,15,289
399,73,440.0,2954.0,12.0,8.0,1,264,0,282
399,77,640.0,2930.0,9.0,7.0,1,249,0,275
399,78,271.0,2950.0,8.0,6.0,1,244,0,275
399,81,408.0,2946.0,10.0,5.0,1,253,0,269
399,85,697.0,2943.0,11.0,7.0,1,246,0,264
399,90,687.0,2940.0,11.0,6.0,1,224,0,257
399,131,366.0,2945.0,7.0,8.0,1,141,0,171
399,143,389.0,2949.0,9.0,7.0,1,146,0,159
399,157,528.0,2947.0,11.0,8.0,1,108,0,119
399,184,425.0,2959.0,10.0,7.0,1,49,0,52
400,2,1768.0,3068.0,11.0,11.0,1,370,0,398
400,41,145.0,2950.0,10.0,8.0,1,298,0,325
400,44,266.0,2943.0,9.0,7.0,1,295,0,321
400,45,339.0,2945.0,13.0,7.0,1,303,0,317
400,46,602.0,2935.0,13.0,7.0,1,287,0,317
400,47,662.0,2935.0,10.0,9.0,1,283,0,316
400,53,315.0,2942.0,9.0,7.0,1,285,0,310
400,56,459.0,2944.0,12.0,9.0,1,288,0,306
400,58,550.0,2932.0,14.0,15.0,1,280,0,304
400,59,171.0,2955.0,10.0,6.0,1,274,0,301
400,60,196.0,2947.0,14.0,9.0,1,282,0,301
400,61,221.0,2946.0,11.0,9.0,1,277,0,300
400,64,620.0,2929.0,10.0,10.0,1,270,0,294
400,66,592.0,2921.0,12.0,7.0,1,270,0,293
400,69,426.0,2888.0,6.0,8.0,0,256,16,290
400,73,441.0,2952.0,8.0,9.0,1,265,0,283
400,77,635.0,2931.0,12.0,10.0,1,250,0,276
400,78,290.0,2942.0,11.0,10.0,1,245,0,276
400,81,395.0,2954.0,10.0,5.0,1,254,0,270
400,85,695.0,2942.0,11.0,6.0,1,247,0,265
400,90,680.0,2938.0,10.0,6.0,1,225,0,258
400,131,357.0,2944.0,13.0,8.0,1,142,0,172
400,143,377.0,2943.0,10.0,7.0,1,147,0,160
400,157,527.0,2948.0,12.0,6.0,1,109,0,120
400,184,423.0,2945.0,9.0,5.0,1,50,0,53
401,2,1764.0,3071.0,17.0,11.0,1,371,0,399
401,41,168.0,2950.0,13.0,9.0,1,299,0,326
401,44,265.0,2944.0,13.0,10.0,1,296,0,322
401,45,332.0,2951.0,14.0,7.0,1,304,0,318
401,46,593.0,2927.0,13.0,9.0,1,288,0,318
401,47,655.0,2936.0,11.0,9.0,1,284,0,317
401,53,308.0,2941.0,10.0,8.0,1,286,0,311
401,56,455.0,2941.0,14.0,9.0,1,289,0,307
401,58,551.0,2936.0,13.0,10.0,1,281,0,305
401,59,185.0,2943.0,15.0,9.0,1,275,0,302
401,60,215.0,2944.0,12.0,8.0,1,283,0,302
401,61,240.0,2944.0,14.0,9.0,1,278,0,301
401,64,614.0,2914.0,12.0,10.0,1,271,0,295
401,66,592.0,2921.0,12.0,7.0,0,270,1,294
401,69,426.0,2888.0,6.0,8.0,0,256,17,291
401,73,434.0,2952.0,12.0,6.0,1,266,0,284
401,77,629.0,2930.0,12.0,9.0,1,251,0,277
401,78,281.0,2944.0,12.0,8.0,1,246,0,277
401,81,391.0,2947.0,13.0,9.0,1,255,0,271
401,85,695.0,2942.0,11.0,6.0,0,247,1,266
401,90,675.0,2939.0,11.0,8.0,1,226,0,259
401,131,357.0,2945.0,11.0,8.0,1,143,0,173
401,143,386.0,2949.0,10.0,7.0,1,148,0,161
401,157,523.0,2935.0,15.0,11.0,1,110,0,121
401,184,411.0,2946.0,13.0,9.0,1,51,0,54
402,2,1768.0,3070.0,15.0,8.0,1,372,0,400
402,41,142.0,2943.0,9.0,8.0,1,300,0,327
402,44,259.0,2946.0,12.0,9.0,1,297,0,323
402,45,328.0,2947.0,12.0,9.0,1,305,0,319
402,46,596.0,2928.0,11.0,9.0,1,289,0,319
402,47,660.0,2935.0,9.0,7.0,1,285,0,318
402,53,302.0,2943.0,10.0,9.0,1,287,0,312
402,56,452.0,2946.0,13.0,9.0,1,290,0,308
402,58,547.0,2935.0,11.0,9.0,1,282,0,306
402,59,166.0,2944.0,8.0,11.0,1,276,0,303
402,60,185.0,2945.0,15.0,9.0,1,284,0,303
402,61,233.0,2948.0,13.0,9.0,1,279,0,302
402,64,607.0,2924.0,11.0,7.0,1,272,0,296
402,66,579.0,2925.0,11.0,9.0,1,271,0,295
402,69,209.0,2945.0,13.0,7.0,1,257,0,292
402,73,429.0,2952.0,11.0,7.0,1,267,0,285
402,77,630.0,2922.0,11.0,8.0,1,252,0,278
402,78,280.0,2943.0,12.0,8.0,1,247,0,278
402,81,391.0,2943.0,12.0,7.0,1,256,0,272
402,85,695.0,2942.0,11.0,6.0,0,247,2,267
402,90,678.0,2938.0,9.0,9.0,1,227,0,260
402,131,358.0,2946.0,7.0,9.0,1,144,0,174
402,143,368.0,2939.0,14.0,9.0,1,149,0,162
402,157,523.0,2941.0,10.0,9.0,1,111,0,122
402,184,410.0,2946.0,9.0,6.0,1,52,0,55
403,2,1769.0,3075.0,12.0,10.0,1,373,0,401
403,41,130.0,2945.0,10.0,7.0,1,301,0,328
403,44,246.0,2951.0,12.0,8.0,1,298,0,324
403,45,322.0,2941.0,12.0,9.0,1,306,0,320
403,46,590.0,2921.0,11.0,9.0,1,290,0,320
403,47,657.0,2937.0,10.0,7.0,1,286,0,319
403,53,302.0,2940.0,8.0,9.0,1,288,0,313
403,56,449.0,2946.0,12.0,8.0,1,291,0,309
403,58,549.0,2938.0,12.0,11.0,1,283,0,307
403,59,166.0,2944.0,8.0,11.0,0,276,1,304
403,60,176.0,2950.0,16.0,9.0,1,285,0,304
403,61,237.0,2943.0,11.0,7.0,1,280,0,303
403,64,612.0,2920.0,10.0,7.0,1,273,0,297
403,66,570.0,2919.0,12.0,10.0,1,272,0,296
403,69,210.0,2946.0,13.0,7.0,1,258,0,293
403,73,422.0,2953.0,10.0,4.0,1,268,0,286
403,77,630.0,2922.0,11.0,8.0,0,252,1,279
403,78,270.0,2945.0,14.0,9.0,1,248,0,279
403,81,391.0,2943.0,12.0,7.0,0,256,1,273
403,85,692.0,2936.0,9.0,7.0,1,248,0,268
403,90,673.0,2939.0,9.0,5.0,1,228,0,261
403,131,354.0,2946.0,7.0,10.0,1,145,0,175
403,143,368.0,2947.0,13.0,8.0,1,150,0,163
403,157,517.0,2942.0,10.0,9.0,1,112,0,123
403,184,406.0,2947.0,13.0,7.0,1,53,0,56
404,2,1767.0,3068.0,13.0,10.0,1,374,0,402
404,41,124.0,2943.0,10.0,7.0,1,302,0,329
404,44,243.0,2946.0,9.0,7.0,1,299,0,325
404,45,315.0,2940.0,13.0,9.0,1,307,0,321
404,46,589.0,2932.0,13.0,8.0,1,291,0,321
404,47,653.0,2926.0,8.0,6.0,1,287,0,320
404,53,294.0,2944.0,11.0,9.0,1,289,0,314
404,56,439.0,2947.0,13.0,11.0,1,292,0,310
404,58,549.0,2938.0,12.0,11.0,0,283,1,308
404,59,154.0,2946.0,9.0,5.0,1,277,0,305
404,60,171.0,2945.0,17.0,9.0,1,286,0,305
404,61,224.0,2947.0,12.0,7.0,1,281,0,304
404,64,603.0,2914.0,11.0,7.0,1,274,0,298
404,66,573.0,2916.0,12.0,6.0,1,273,0,297
404,69,202.0,2946.0,13.0,9.0,1,259,0,294
404,73,424.0,2947.0,11.0,10.0,1,269,0,287
404,77,626.0,2929.0,10.0,9.0,1,253,0,280
404,78,266.0,2944.0,12.0,8.0,1,249,0,280
404,81,378.0,2951.0,11.0,6.0,1,257,0,274
404,85,685.0,2938.0,10.0,7.0,1,249,0,269
404,90,671.0,2929.0,8.0,8.0,1,229,0,262
404,131,339.0,2946.0,10.0,10.0,1,146,0,176
404,143,365.0,2941.0,11.0,9.0,1,151,0,164
404,157,524.0,2938.0,9.0,8.0,1,113,0,124
404,184,407.0,2947.0,13.0,7.0,1,54,0,57
405,2,1773.0,3065.0,14.0,12.0,1,375,0,403
405,41,117.0,2945.0,10.0,6.0,1,303,0,330
405,44,248.0,2944.0,8.0,10.0,1,300,0,326
405,45,314.0,2943.0,12.0,8.0,1,308,0,322
405,46,604.0,2921.0,9.0,7.0,1,292,0,322
405,47,665.0,2935.0,8.0,9.0,1,288,0,321
405,53,290.0,2944.0,9.0,7.0,1,290,0,315
405,56,438.0,2944.0,12.0,8.0,1,293,0,311
405,58,539.0,2938.0,11.0,8.0,1,284,0,309
405,59,141.0,2950.0,10.0,8.0,1,278,0,306
405,60,163.0,2950.0,15.0,8.0,1,287,0,306
405,61,218.0,2947.0,11.0,6.0,1,282,0,305
405,64,617.0,2925.0,8.0,7.0,1,275,0,299
405,66,587.0,2922.0,12.0,8.0,1,274,0,298
405,69,199.0,2944.0,13.0,6.0,1,260,0,295
405,73,416.0,2950.0,10.0,7.0,1,270,0,288
405,77,644.0,2933.0,12.0,9.0,1,254,0,281
405,78,260.0,2937.0,12.0,10.0,1,250,0,281
405,81,377.0,2944.0,9.0,6.0,1,258,0,275
405,85,825.0,2892.0,9.0,9.0,1,250,0,270
405,90,680.0,2939.0,9.0,8.0,1,230,0,263
405,131,339.0,2943.0,10.0,10.0,1,147,0,177
405,143,360.0,2941.0,12.0,8.0,1,152,0,165
405,157,514.0,2935.0,9.0,7.0,1,114,0,125
405,184,401.0,2943.0,11.0,10.0,1,55,0,58
406,2,1770.0,3069.0,18.0,10.0,1,376,0,404
406,41,118.0,2948.0,11.0,9.0,1,304,0,331
406,44,233.0,2945.0,13.0,9.0,1,301,0,327
406,45,312.0,2937.0,12.0,11.0,1,309,0,323
406,46,600.0,2923.0,9.0,6.0,1,293,0,323
406,47,661.0,2935.0,11.0,8.0,1,289,0,322
406,53,290.0,2944.0,9.0,7.0,0,290,1,316
406,56,433.0,2945.0,11.0,7.0,1,294,0,312
406,58,536.0,2930.0,9.0,7.0,1,285,0,310
406,59,146.0,2946.0,9.0,5.0,1,279,0,307
406,60,164.0,2942.0,14.0,7.0,1,288,0,307
406,61,215.0,2948.0,10.0,7.0,1,283,0,306
406,64,617.0,2925.0,8.0,7.0,0,275,1,300
406,66,581.0,2926.0,11.0,9.0,1,275,0,299
406,69,190.0,2948.0,12.0,7.0,1,261,0,296
406,73,410.0,2948.0,13.0,10.0,1,271,0,289
406,77,639.0,2926.0,12.0,9.0,1,255,0,282
406,78,262.0,2943.0,12.0,8.0,1,251,0,282
406,81,370.0,2944.0,8.0,7.0,1,259,0,276
406,85,825.0,2892.0,9.0,9.0,0,250,1,271
406,90,683.0,2926.0,7.0,9.0,1,231,0,264
406,131,339.0,2943.0,10.0,10.0,0,147,1,178
406,143,358.0,2940.0,10.0,8.0,1,153,0,166
406,157,512.0,2937.0,14.0,6.0,1,115,0,126
406,184,393.0,2943.0,9.0,8.0,1,56,0,59
407,2,1771.0,3073.0,18.0,10.0,1,377,0,405
407,41,113.0,2943.0,10.0,9.0,1,305,0,332
407,44,229.0,2941.0,11.0,9.0,1,302,0,328
407,45,303.0,2939.0,10.0,8.0,1,310,0,324
407,46,590.0,2920.0,12.0,7.0,1,294,0,324
407,47,656.0,2935.0,9.0,6.0,1,290,0,323
407,53,275.0,2936.0,10.0,6.0,1,291,0,317
407,56,427.0,2945.0,9.0,9.0,1,295,0,313
407,58,540.0,2929.0,9.0,8.0,1,286,0,311
407,59,134.0,2947.0,11.0,7.0,1,280,0,308
407,60,154.0,2945.0,16.0,7.0,1,289,0,308
407,61,210.0,2947.0,8.0,6.0,1,284,0,307
407,64,579.0,2932.0,11.0,8.0,1,276,0,301
407,66,559.0,2920.0,11.0,6.0,1,276,0,300
407,69,184.0,2946.0,12.0,7.0,1,262,0,297
407,73,407.0,2945.0,8.0,7.0,1,272,0,290
407,77,613.0,2919.0,12.0,9.0,1,256,0,283
407,78,255.0,2948.0,12.0,8.0,1,252,0,283
407,81,368.0,2940.0,10.0,7.0,1,260,0,277
407,85,677.0,2930.0,13.0,9.0,1,251,0,272
407,90,646.0,2925.0,11.0,9.0,1,232,0,265
407,131,323.0,2941.0,8.0,6.0,1,148,0,179
407,143,354.0,2940.0,9.0,8.0,1,154,0,167
407,157,507.0,2935.0,12.0,8.0,1,116,0,127
407,184,389.0,2949.0,12.0,9.0,1,57,0,60
408,2,1769.0,3068.0,12.0,11.0,1,378,0,406
408,41,100.0,2944.0,13.0,9.0,1,306,0,333
408,44,225.0,2944.0,13.0,7.0,1,303,0,329
408,45,297.0,2941.0,14.0,10.0,1,311,0,325
408,46,589.0,2917.0,9.0,8.0,1,295,0,325
408,47,654.0,2929.0,12.0,8.0,1,291,0,324
408,53,270.0,2944.0,10.0,7.0,1,292,0,318
408,56,422.0,2947.0,14.0,9.0,1,296,0,314
408,58,535.0,2936.0,10.0,5.0,1,287,0,312
408,59,136.0,2943.0,12.0,7.0,1,281,0,309
408,60,150.0,2941.0,18.0,10.0,1,290,0,309
408,61,202.0,2949.0,8.0,6.0,1,285,0,308
408,64,574.0,2921.0,10.0,8.0,1,277,0,302
408,66,556.0,2916.0,12.0,8.0,1,277,0,301
408,69,177.0,2944.0,10.0,7.0,1,263,0,298
408,73,403.0,2942.0,8.0,8.0,1,273,0,291
408,77,610.0,2927.0,10.0,6.0,1,257,0,284
408,78,247.0,2941.0,11.0,8.0,1,253,0,284
408,81,362.0,2942.0,5.0,5.0,1,261,0,278
408,85,666.0,2931.0,12.0,8.0,1,252,0,273
408,90,640.0,2924.0,10.0,10.0,1,233,0,266
408,131,323.0,2941.0,8.0,6.0,0,148,1,180
408,143,347.0,2940.0,11.0,7.0,1,155,0,168
408,157,509.0,2937.0,12.0,8.0,1,117,0,128
408,184,382.0,2946.0,10.0,8.0,1,58,0,61
409,2,1777.0,3070.0,10.0,9.0,1,379,0,407
409,41,102.0,2947.0,13.0,8.0,1,307,0,334
409,44,228.0,2943.0,11.0,9.0,1,304,0,330
409,45,297.0,2941.0,14.0,10.0,0,311,1,326
409,46,583.0,2917.0,10.0,7.0,1,296,0,326
409,47,657.0,2931.0,8.0,11.0,1,292,0,325
409,53,267.0,2946.0,10.0,9.0,1,293,0,319
409,56,416.0,2940.0,13.0,9.0,1,297,0,315
409,58,535.0,2933.0,11.0,7.0,1,288,0,313
409,59,126.0,2947.0,12.0,6.0,1,282,0,310
409,60,147.0,2949.0,16.0,7.0,1,291,0,310
409,61,198.0,2942.0,11.0,6.0,1,286,0,309
409,64,569.0,2925.0,11.0,8.0,1,278,0,303
409,66,562.0,2916.0,12.0,10.0,1,278,0,302
409,69,171.0,2952.0,11.0,7.0,1,264,0,299
409,73,400.0,2944.0,8.0,8.0,1,274,0,292
409,77,596.0,2920.0,13.0,8.0,1,258,0,285
409,78,247.0,2941.0,11.0,8.0,0,253,1,285
409,81,356.0,2942.0,13.0,8.0,1,262,0,279
409,85,674.0,2932.0,9.0,11.0,1,253,0,274
409,90,634.0,2921.0,10.0,11.0,1,234,0,267
409,131,316.0,2941.0,10.0,7.0,1,149,0,181
409,143,347.0,2941.0,9.0,10.0,1,156,0,169
409,157,506.0,2936.0,8.0,8.0,1,118,0,129
409,184,372.0,2943.0,12.0,9.0,1,59,0,62
410,2,1784.0,3041.0,8.0,7.0,1,380,0,408
410,41,89.0,2941.0,11.0,9.0,1,308,0,335
410,44,208.0,2946.0,11.0,9.0,1,305,0,331
410,45,284.0,2939.0,13.0,9.0,1,312,0,327
410,46,578.0,2910.0,13.0,9.0,1,297,0,327
410,47,644.0,2930.0,10.0,8.0,1,293,0,326
410,53,266.0,2937.0,11.0,9.0,1,294,0,320
410,56,408.0,2943.0,14.0,7.0,1,298,0,316
410,58,535.0,2933.0,11.0,7.0,0,288,1,314
410,59,127.0,2948.0,8.0,7.0,1,283,0,311
410,60,139.0,2941.0,15.0,8.0,1,292,0,311
410,61,192.0,2948.0,10.0,6.0,1,287,0,310
410,64,569.0,2925.0,11.0,8.0,0,278,1,304
410,66,556.0,2917.0,12.0,8.0,1,279,0,303
410,69,166.0,2947.0,13.0,8.0,1,265,0,300
410,73,395.0,2946.0,12.0,7.0,1,275,0,293
410,77,598.0,2922.0,11.0,7.0,1,259,0,286
410,78,239.0,2947.0,10.0,7.0,1,254,0,286
410,81,348.0,2939.0,9.0,6.0,1,263,0,280
410,85,672.0,2926.0,8.0,12.0,1,254,0,275
410,90,627.0,2928.0,11.0,8.0,1,235,0,268
410,131,316.0,2942.0,9.0,5.0,1,150,0,182
410,143,347.0,2941.0,9.0,10.0,0,156,1,170
410,157,500.0,2934.0,10.0,9.0,1,119,0,130
410,184,373.0,2941.0,12.0,7.0,1,60,0,63
411,2,1772.0,3068.0,18.0,8.0,1,381,0,409
411,41,87.0,2944.0,14.0,10.0,1,309,0,336
411,44,211.0,2947.0,16.0,9.0,1,306,0,332
411,45,284.0,2939.0,13.0,9.0,0,312,1,328
411,46,582.0,2911.0,11.0,8.0,1,298,0,328
411,47,641.0,2925.0,12.0,9.0,1,294,0,327
411,53,261.0,2945.0,10.0,7.0,1,295,0,321
411,56,408.0,2939.0,12.0,8.0,1,299,0,317
411,58,529.0,2929.0,11.0,9.0,1,289,0,315
411,59,113.0,2942.0,12.0,11.0,1,284,0,312
411,60,139.0,2941.0,15.0,8.0,0,292,1,312
411,61,185.0,2945.0,10.0,8.0,1,288,0,311
411,64,564.0,2924.0,11.0,8.0,1,279,0,305
411,66,557.0,2913.0,11.0,9.0,1,280,0,304
411,69,160.0,2945.0,14.0,12.0,1,266,0,301
411,73,390.0,2941.0,10.0,7.0,1,276,0,294
411,77,600.0,2926.0,14.0,8.0,1,260,0,287
411,78,239.0,2947.0,10.0,7.0,0,254,1,287
411,81,347.0,2935.0,12.0,7.0,1,264,0,281
411,85,661.0,2929.0,10.0,9.0,1,255,0,276
411,90,623.0,2924.0,8.0,10.0,1,236,0,269
411,131,309.0,2939.0,9.0,6.0,1,151,0,183
411,143,330.0,2944.0,15.0,9.0,1,157,0,171
411,157,504.0,2932.0,9.0,7.0,1,120,0,131
411,184,370.0,2946.0,11.0,7.0,1,61,0,64
412,2,1773.0,3072.0,14.0,7.0,1,382,0,410
412,41,82.0,2948.0,13.0,11.0,1,310,0,337
412,44,211.0,2947.0,16.0,9.0,0,306,1,333
412,45,284.0,2939.0,13.0,9.0,0,312,2,329
412,46,579.0,2913.0,9.0,9.0,1,299,0,329
412,47,647.0,2921.0,12.0,8.0,1,295,0,328
412,53,252.0,2943.0,9.0,7.0,1,296,0,322
412,56,403.0,2938.0,14.0,8.0,1,300,0,318
412,58,526.0,2931.0,13.0,9.0,1,290,0,316
412,59,108.0,2945.0,11.0,7.0,1,285,0,313
412,60,133.0,2944.0,14.0,9.0,1,293,0,313
412,61,183.0,2954.0,11.0,7.0,1,289,0,312
412,64,555.0,2923.0,14.0,9.0,1,280,0,306
412,66,551.0,2919.0,13.0,5.0,1,281,0,305
412,69,160.0,2946.0,12.0,10.0,1,267,0,302
412,73,388.0,2945.0,8.0,8.0,1,277,0,295
412,77,600.0,2926.0,14.0,8.0,0,260,1,288
412,78,230.0,2950.0,13.0,10.0,1,255,0,288
412,81,342.0,2941.0,8.0,4.0,1,265,0,282
412,85,655.0,2932.0,13.0,11.0,1,256,0,277
412,90,617.0,2926.0,11.0,8.0,1,237,0,270
412,131,304.0,2947.0,8.0,5.0,1,152,0,184
412,143,327.0,2936.0,16.0,11.0,1,158,0,172
412,157,497.0,2930.0,10.0,9.0,1,121,0,132
412,184,363.0,2945.0,13.0,6.0,1,62,0,65
413,2,1776.0,3072.0,12.0,7.0,1,383,0,411
413,41,80.0,2945.0,9.0,8.0,1,311,0,338
413,44,193.0,2944.0,15.0,10.0,1,307,0,334
413,45,271.0,2941.0,11.0,6.0,1,313,0,330
413,46,573.0,2908.0,8.0,8.0,1,300,0,330
413,47,635.0,2924.0,13.0,9.0,1,296,0,329
413,53,249.0,2945.0,8.0,6.0,1,297,0,323
413,56,393.0,2939.0,12.0,8.0,1,301,0,319
413,58,526.0,2931.0,13.0,9.0,0,290,1,317
413,59,104.0,2947.0,12.0,7.0,1,286,0,314
413,60,123.0,2954.0,18.0,7.0,1,294,0,314
413,61,176.0,2942.0,12.0,7.0,1,290,0,313
413,64,557.0,2918.0,10.0,8.0,1,281,0,307
413,66,548.0,2916.0,10.0,6.0,1,282,0,306
413,69,151.0,2944.0,9.0,9.0,1,268,0,303
413,73,375.0,2938.0,11.0,5.0,1,278,0,296
413,77,591.0,2919.0,11.0,7.0,1,261,0,289
413,78,226.0,2942.0,13.0,9.0,1,256,0,289
413,81,342.0,2941.0,8.0,4.0,0,265,1,283
413,85,656.0,2923.0,11.0,8.0,1,257,0,278
413,90,609.0,2916.0,13.0,11.0,1,238,0,271
413,131,299.0,2946.0,10.0,5.0,1,153,0,185
413,143,320.0,2937.0,12.0,10.0,1,159,0,173
413,157,492.0,2935.0,9.0,6.0,1,122,0,133
413,184,358.0,2943.0,12.0,8.0,1,63,0,66
414,2,1781.0,3073.0,9.0,7.0,1,384,0,412
414,41,72.0,2938.0,12.0,13.0,1,312,0,339
414,44,185.0,2944.0,15.0,7.0,1,308,0,335
414,45,267.0,2939.0,11.0,7.0,1,314,0,331
414,46,566.0,2912.0,11.0,7.0,1,301,0,331
414,47,633.0,2927.0,14.0,10.0,1,297,0,330
414,53,241.0,2943.0,12.0,9.0,1,298,0,324
414,56,394.0,2937.0,14.0,7.0,1,302,0,320
414,58,520.0,2929.0,11.0,10.0,1,291,0,318
414,59,107.0,2949.0,11.0,6.0,1,287,0,315
414,60,122.0,2943.0,16.0,7.0,1,295,0,315
414,61,171.0,2949.0,10.0,6.0,1,291,0,314
414,64,551.0,2922.0,15.0,8.0,1,282,0,308
414,66,545.0,2912.0,9.0,5.0,1,283,0,307
414,69,151.0,2944.0,9.0,9.0,0,268,1,304
414,73,373.0,2940.0,13.0,7.0,1,279,0,297
414,77,592.0,2920.0,11.0,6.0,1,262,0,290
414,78,216.0,2946.0,12.0,9.0,1,257,0,290
414,81,337.0,2932.0,10.0,6.0,1,266,0,284
414,85,657.0,2924.0,11.0,11.0,1,258,0,279
414,90,617.0,2918.0,10.0,7.0,1,239,0,272
414,131,292.0,2934.0,9.0,6.0,1,154,0,186
414,143,320.0,2937.0,12.0,10.0,0,159,1,174
414,157,486.0,2933.0,11.0,8.0,1,123,0,134
414,184,354.0,2943.0,12.0,7.0,1,64,0,67
415,2,1778.0,3067.0,11.0,11.0,1,385,0,413
415,41,71.0,2941.0,10.0,9.0,1,313,0,340
415,44,189.0,2946.0,14.0,9.0,1,309,0,336
415,45,267.0,2939.0,11.0,7.0,0,314,1,332
415,46,562.0,2903.0,8.0,8.0,1,302,0,332
415,47,633.0,2925.0,11.0,10.0,1,298,0,331
415,53,243.0,2944.0,9.0,8.0,1,299,0,325
415,56,389.0,2944.0,11.0,6.0,1,303,0,321
415,58,521.0,2930.0,13.0,10.0,1,292,0,319
415,59,98.0,2948.0,7.0,6.0,1,288,0,316
415,60,117.0,2945.0,17.0,8.0,1,296,0,316
415,61,158.0,2941.0,10.0,6.0,1,292,0,315
415,64,551.0,2922.0,15.0,8.0,0,282,1,309
415,66,538.0,2912.0,11.0,7.0,1,284,0,308
415,69,151.0,2944.0,9.0,9.0,0,268,2,305
415,73,366.0,2942.0,11.0,6.0,1,280,0,298
415,77,592.0,2920.0,11.0,6.0,0,262,1,291
415,78,219.0,2950.0,12.0,8.0,1,258,0,291
415,81,328.0,2936.0,10.0,7.0,1,267,0,285
415,85,649.0,2930.0,13.0,8.0,1,259,0,280
415,90,617.0,2918.0,10.0,7.0,0,239,1,273
415,131,293.0,2942.0,11.0,8.0,1,155,0,187
415,143,310.0,2933.0,13.0,9.0,1,160,0,175
415,157,495.0,2933.0,7.0,5.0,1,124,0,135
415,184,348.0,2945.0,11.0,8.0,1,65,0,68
416,2,1778.0,3070.0,13.0,10.0,1,386,0,414
416,41,62.0,2946.0,14.0,9.0,1,314,0,341
416,44,184.0,2943.0,11.0,7.0,1,310,0,337
416,45,259.0,2944.0,11.0,7.0,1,315,0,333
416,46,562.0,2903.0,8.0,8.0,0,302,1,333
416,47,630.0,2919.0,11.0,11.0,1,299,0,332
416,53,243.0,2944.0,9.0,8.0,0,299,1,326
416,56,379.0,2939.0,13.0,7.0,1,304,0,322
416,58,517.0,2927.0,13.0,10.0,1,293,0,320
416,59,98.0,2948.0,7.0,6.0,0,288,1,317
416,60,107.0,2943.0,18.0,6.0,1,297,0,317
416,61,160.0,2946.0,11.0,6.0,1,293,0,316
416,64,540.0,2921.0,12.0,7.0,1,283,0,310
416,66,538.0,2912.0,11.0,7.0,0,284,1,309
416,69,134.0,2943.0,13.0,8.0,1,269,0,306
416,73,368.0,2941.0,9.0,8.0,1,281,0,299
416,77,574.0,2918.0,11.0,7.0,1,263,0,292
416,78,207.0,2947.0,11.0,8.0,1,259,0,292
416,81,325.0,2936.0,10.0,9.0,1,268,0,286
416,85,642.0,2928.0,10.0,10.0,1,260,0,281
416,90,600.0,2917.0,10.0,8.0,1,240,0,274
416,131,286.0,2941.0,12.0,7.0,1,156,0,188
416,143,309.0,2937.0,14.0,7.0,1,161,0,176
416,157,488.0,2928.0,10.0,6.0,1,125,0,136
416,184,347.0,2934.0,13.0,10.0,1,66,0,69
417,2,1780.0,3069.0,17.0,12.0,1,387,0,415
417,41,56.0,2942.0,10.0,7.0,1,315,0,342
417,44,184.0,2943.0,11.0,7.0,0,310,1,338
417,45,249.0,2945.0,14.0,6.0,1,316,0,334
417,46,557.0,2914.0,6.0,6.0,1,303,0,334
417,47,623.0,2918.0,12.0,11.0,1,300,0,333
417,53,222.0,2946.0,10.0,8.0,1,300,0,327
417,56,377.0,2937.0,13.0,10.0,1,305,0,323
417,58,509.0,2928.0,11.0,9.0,1,294,0,321
417,59,83.0,2941.0,13.0,7.0,1,289,0,318
417,60,105.0,2946.0,18.0,8.0,1,298,0,318
417,61,160.0,2946.0,11.0,6.0,0,293,1,317
417,64,540.0,2922.0,12.0,6.0,1,284,0,311
417,66,530.0,2912.0,13.0,8.0,1,285,0,310
417,69,134.0,2943.0,13.0,8.0,0,269,1,307
417,73,358.0,2934.0,9.0,5.0,1,282,0,300
417,77,572.0,2913.0,11.0,7.0,1,264,0,293
417,78,194.0,2950.0,10.0,8.0,1,260,0,293
417,81,327.0,2939.0,11.0,7.0,1,269,0,287
417,85,641.0,2924.0,11.0,9.0,1,261,0,282
417,90,600.0,2917.0,10.0,8.0,0,240,1,275
417,131,279.0,2942.0,13.0,8.0,1,157,0,189
417,143,310.0,2935.0,11.0,8.0,1,162,0,177
417,157,485.0,2934.0,8.0,6.0,1,126,0,137
417,184,342.0,2938.0,11.0,8.0,1,67,0,70
418,2,1775.0,3072.0,11.0,9.0,1,388,0,416
418,41,51.0,2937.0,12.0,9.0,1,316,0,343
418,44,184.0,2943.0,11.0,7.0,0,310,2,339
418,45,252.0,2941.0,9.0,9.0,1,317,0,335
418,46,552.0,2908.0,5.0,8.0,1,304,0,335
418,47,623.0,2918.0,12.0,11.0,0,300,1,334
418,53,218.0,2944.0,9.0,9.0,1,301,0,328
418,56,380.0,2937.0,10.0,7.0,1,306,0,324
418,58,507.0,2920.0,11.0,10.0,1,295,0,322
418,59,75.0,2945.0,10.0,7.0,1,290,0,319
418,60,96.0,2940.0,18.0,9.0,1,299,0,319
418,61,147.0,2946.0,10.0,8.0,1,294,0,318
418,64,542.0,2917.0,10.0,11.0,1,285,0,312
418,66,525.0,2904.0,12.0,10.0,1,286,0,311
418,69,134.0,2943.0,13.0,8.0,0,269,2,308
418,73,353.0,2938.0,13.0,8.0,1,283,0,301
418,77,573.0,2913.0,12.0,6.0,1,265,0,294
418,78,199.0,2944.0,12.0,11.0,1,261,0,294
418,81,315.0,2939.0,12.0,7.0,1,270,0,288
418,85,642.0,2918.0,10.0,9.0,1,262,0,283
418,90,605.0,2917.0,8.0,7.0,1,241,0,276
418,131,270.0,2939.0,10.0,6.0,1,158,0,190
418,143,302.0,2936.0,12.0,7.0,1,163,0,178
418,157,485.0,2934.0,8.0,6.0,0,126,1,138
418,184,332.0,2936.0,10.0,6.0,1,68,0,71
419,2,1776.0,3081.0,15.0,11.0,1,389,0,417
419,41,41.0,2936.0,11.0,7.0,1,317,0,344
419,44,167.0,2953.0,11.0,7.0,1,311,0,340
419,45,245.0,2932.0,9.0,8.0,1,318,0,336
419,46,547.0,2911.0,4.0,9.0,1,305,0,336
419,47,611.0,2916.0,11.0,9.0,1,301,0,335
419,53,213.0,2947.0,10.0,10.0,1,302,0,329
419,56,368.0,2937.0,9.0,7.0,1,307,0,325
419,58,516.0,2928.0,7.0,10.0,1,296,0,323
419,59,75.0,2945.0,10.0,7.0,0,290,1,320
419,60,94.0,2951.0,17.0,8.0,1,300,0,320
419,61,142.0,2945.0,11.0,9.0,1,295,0,319
419,64,539.0,2924.0,10.0,8.0,1,286,0,313
419,66,519.0,2910.0,13.0,8.0,1,287,0,312
419,69,117.0,2949.0,10.0,5.0,1,270,0,309
419,73,353.0,2933.0,10.0,7.0,1,284,0,302
419,77,566.0,2911.0,11.0,7.0,1,266,0,295
419,78,190.0,2942.0,11.0,10.0,1,262,0,295
419,81,315.0,2939.0,12.0,7.0,0,270,1,289
419,85,637.0,2926.0,11.0,6.0,1,263,0,284
419,90,588.0,2915.0,14.0,8.0,1,242,0,277
419,131,270.0,2937.0,12.0,7.0,1,159,0,191
419,143,294.0,2940.0,12.0,9.0,1,164,0,179
419,157,481.0,2926.0,7.0,9.0,1,127,0,139
419,184,332.0,2932.0,14.0,10.0,1,69,0,72
420,2,1782.0,3065.0,15.0,12.0,1,390,0,418
420,41,37.0,2939.0,13.0,8.0,1,318,0,345
420,44,164.0,2947.0,10.0,8.0,1,312,0,341
420,45,242.0,2936.0,11.0,8.0,1,319,0,337
420,46,542.0,2910.0,7.0,5.0,1,306,0,337
420,47,613.0,2912.0,11.0,11.0,1,302,0,336
420,53,212.0,2940.0,12.0,9.0,1,303,0,330
420,56,369.0,2933.0,11.0,8.0,1,308,0,326
420,58,502.0,2929.0,14.0,9.0,1,297,0,324
420,59,65.0,2940.0,11.0,6.0,1,291,0,321
420,60,89.0,2945.0,18.0,8.0,1,301,0,321
420,61,132.0,2944.0,11.0,6.0,1,296,0,320
420,64,532.0,2910.0,11.0,8.0,1,287,0,314
420,66,520.0,2905.0,10.0,10.0,1,288,0,313
420,69,118.0,2941.0,10.0,8.0,1,271,0,310
420,73,348.0,2937.0,10.0,9.0,1,285,0,303
420,77,555.0,2915.0,12.0,8.0,1,267,0,296
420,78,185.0,2944.0,12.0,10.0,1,263,0,296
420,81,311.0,2932.0,8.0,5.0,1,271,0,290
420,85,635.0,2922.0,10.0,7.0,1,264,0,285
420,90,588.0,2912.0,13.0,7.0,1,243,0,278
420,131,266.0,2942.0,12.0,7.0,1,160,0,192
420,143,294.0,2931.0,11.0,7.0,1,165,0,180
420,157,473.0,2927.0,9.0,9.0,1,128,0,140
420,184,326.0,2930.0,12.0,10.0,1,70,0,73
421,2,1775.0,3069.0,19.0,9.0,1,391,0,419
421,41,39.0,2936.0,14.0,8.0,1,319,0,346
421,44,158.0,2940.0,14.0,8.0,1,313,0,342
421,45,231.0,2939.0,13.0,9.0,1,320,0,338
421,46,540.0,2908.0,6.0,7.0,1,307,0,338
421,47,607.0,2912.0,14.0,11.0,1,303,0,337
421,53,204.0,2941.0,11.0,9.0,1,304,0,331
421,56,360.0,2941.0,12.0,9.0,1,309,0,327
421,58,504.0,2931.0,10.0,6.0,1,298,0,325
421,59,62.0,2942.0,11.0,7.0,1,292,0,322
421,60,83.0,2943.0,19.0,8.0,1,302,0,322
421,61,131.0,2951.0,12.0,8.0,1,297,0,321
421,64,525.0,2918.0,12.0,8.0,1,288,0,315
421,66,517.0,2913.0,9.0,6.0,1,289,0,314
421,69,118.0,2941.0,10.0,8.0,0,271,1,311
421,73,348.0,2937.0,10.0,9.0,0,285,1,304
421,77,562.0,2909.0,11.0,10.0,1,268,0,297
421,78,179.0,2937.0,14.0,9.0,1,264,0,297
421,81,304.0,2935.0,9.0,5.0,1,272,0,291
421,85,632.0,2917.0,10.0,8.0,1,265,0,286
421,90,588.0,2912.0,13.0,7.0,0,243,1,279
421,131,254.0,2937.0,11.0,8.0,1,161,0,193
421,143,287.0,2925.0,12.0,9.0,1,166,0,181
421,157,474.0,2933.0,7.0,11.0,1,129,0,141
421,184,327.0,2932.0,9.0,10.0,1,71,0,74
422,2,1777.0,3070.0,16.0,11.0,1,392,0,420
422,41,39.0,2936.0,14.0,8.0,0,319,1,347
422,44,154.0,2947.0,10.0,8.0,1,314,0,343
422,45,225.0,2939.0,10.0,9.0,1,321,0,339
422,46,529.0,2909.0,7.0,6.0,1,308,0,339
422,47,600.0,2919.0,13.0,10.0,1,304,0,338
422,53,198.0,2940.0,11.0,8.0,1,305,0,332
422,56,354.0,2933.0,10.0,8.0,1,310,0,328
422,58,494.0,2921.0,11.0,8.0,1,299,0,326
422,59,58.0,2944.0,7.0,5.0,1,293,0,323
422,60,72.0,2942.0,18.0,8.0,1,303,0,323
422,61,126.0,2944.0,10.0,8.0,1,298,0,322
422,64,530.0,2916.0,9.0,8.0,1,289,0,316
422,66,502.0,2912.0,15.0,8.0,1,290,0,315
422,69,107.0,2944.0,7.0,6.0,1,272,0,312
422,73,343.0,2933.0,11.0,10.0,1,286,0,305
422,77,553.0,2911.0,13.0,9.0,1,269,0,298
422,78,167.0,2937.0,15.0,10.0,1,265,0,298
422,81,304.0,2935.0,9.0,5.0,0,272,1,292
422,85,624.0,2919.0,12.0,11.0,1,266,0,287
422,90,581.0,2915.0,12.0,7.0,1,244,0,280
422,131,257.0,2935.0,10.0,9.0,1,162,0,194
422,143,281.0,2930.0,10.0,8.0,1,167,0,182
422,157,463.0,2924.0,14.0,10.0,1,130,0,142
422,184,327.0,2932.0,9.0,10.0,0,71,1,75
423,2,1777.0,3076.0,14.0,7.0,1,393,0,421
423,41,29.0,2934.0,7.0,6.0,1,320,0,348
423,44,154.0,2947.0,10.0,8.0,0,314,1,344
423,45,222.0,2944.0,10.0,10.0,1,322,0,340
423,46,523.0,2899.0,11.0,7.0,1,309,0,340
423,47,598.0,2918.0,12.0,8.0,1,305,0,339
423,53,197.0,2941.0,10.0,7.0,1,306,0,333
423,56,353.0,2938.0,12.0,8.0,1,311,0,329
423,58,490.0,2924.0,9.0,7.0,1,300,0,327
423,59,47.0,2932.0,10.0,8.0,1,294,0,324
423,60,72.0,2943.0,19.0,8.0,1,304,0,324
423,61,120.0,2949.0,12.0,8.0,1,299,0,323
423,64,520.0,2914.0,12.0,7.0,1,290,0,317
423,66,503.0,2905.0,11.0,7.0,1,291,0,316
423,69,107.0,2944.0,7.0,6.0,0,272,1,313
423,73,338.0,2937.0,8.0,7.0,1,287,0,306
423,77,551.0,2913.0,14.0,8.0,1,270,0,299
423,78,171.0,2946.0,8.0,7.0,1,266,0,299
423,81,292.0,2933.0,12.0,6.0,1,273,0,293
423,85,623.0,2914.0,13.0,8.0,1,267,0,288
423,90,572.0,2909.0,11.0,9.0,1,245,0,281
423,131,257.0,2935.0,10.0,9.0,0,162,1,195
423,143,284.0,2934.0,12.0,10.0,1,168,0,183
423,157,469.0,2927.0,10.0,7.0,1,131,0,143
423,184,314.0,2930.0,11.0,9.0,1,72,0,76
424,2,1782.0,3076.0,9.0,6.0,1,394,0,422
424,41,14.0,2938.0,13.0,12.0,1,321,0,349
424,44,140.0,2942.0,9.0,10.0,1,315,0,345
424,45,215.0,2941.0,14.0,10.0,1,323,0,341
424,46,515.0,2908.0,9.0,4.0,1,310,0,341
424,47,598.0,2918.0,12.0,8.0,0,305,1,340
424,53,188.0,2943.0,11.0,7.0,1,307,0,334
424,56,343.0,2937.0,10.0,7.0,1,312,0,330
424,58,489.0,2922.0,11.0,7.0,1,301,0,328
424,59,46.0,2941.0,10.0,7.0,1,295,0,325
424,60,61.0,2942.0,18.0,9.0,1,305,0,325
424,61,117.0,2945.0,12.0,9.0,1,300,0,324
424,64,511.0,2912.0,12.0,8.0,1,291,0,318
424,66,498.0,2907.0,13.0,9.0,1,292,0,317
424,69,95.0,2946.0,11.0,9.0,1,273,0,314
424,73,327.0,2932.0,7.0,6.0,1,288,0,307
424,77,553.0,2905.0,13.0,9.0,1,271,0,300
424,78,171.0,2946.0,8.0,7.0,0,266,1,300
424,81,288.0,2931.0,11.0,6.0,1,274,0,294
424,85,623.0,2914.0,13.0,8.0,0,267,1,289
424,90,573.0,2917.0,12.0,8.0,1,246,0,282
424,131,243.0,2935.0,11.0,6.0,1,163,0,196
424,143,275.0,2929.0,12.0,9.0,1,169,0,184
424,157,463.0,2927.0,9.0,8.0,1,132,0,144
424,184,314.0,2930.0,11.0,9.0,0,72,1,77
425,2,1779.0,3065.0,13.0,9.0,1,395,0,423
425,41,19.0,2936.0,10.0,11.0,1,322,0,350
425,44,140.0,2942.0,9.0,10.0,0,315,1,346
425,45,209.0,2940.0,13.0,9.0,1,324,0,342
425,46,514.0,2908.0,12.0,7.0,1,311,0,342
425,47,586.0,2907.0,11.0,10.0,1,306,0,341
425,53,181.0,2942.0,12.0,6.0,1,308,0,335
425,56,342.0,2934.0,13.0,7.0,1,313,0,331
425,58,489.0,2922.0,11.0,7.0,0,301,1,329
425,59,46.0,2941.0,10.0,7.0,0,295,1,326
425,60,57.0,2936.0,22.0,9.0,1,306,0,326
425,61,106.0,2945.0,10.0,7.0,1,301,0,325
425,64,511.0,2912.0,12.0,8.0,0,291,1,319
425,66,490.0,2906.0,14.0,8.0,1,293,0,318
425,69,91.0,2945.0,10.0,8.0,1,274,0,315
425,73,323.0,2929.0,9.0,5.0,1,289,0,308
425,77,542.0,2908.0,12.0,7.0,1,272,0,301
425,78,165.0,2943.0,10.0,7.0,1,267,0,301
425,81,284.0,2935.0,12.0,5.0,1,275,0,295
425,85,607.0,2917.0,11.0,9.0,1,268,0,290
425,90,563.0,2912.0,14.0,10.0,1,247,0,283
425,131,238.0,2936.0,10.0,5.0,1,164,0,197
425,143,265.0,2928.0,11.0,9.0,1,170,0,185
425,157,462.0,2927.0,11.0,8.0,1,133,0,145
425,184,308.0,2926.0,9.0,6.0,1,73,0,78
426,2,1778.0,3074.0,12.0,9.0,1,396,0,424
426,41,11.0,2929.0,10.0,13.0,1,323,0,351
426,44,126.0,2944.0,14.0,9.0,1,316,0,347
426,45,205.0,2940.0,12.0,8.0,1,325,0,343
426,46,502.0,2903.0,9.0,7.0,1,312,0,343
426,47,587.0,2908.0,10.0,14.0,1,307,0,342
426,53,181.0,2942.0,12.0,6.0,0,308,1,336
426,56,340.0,2931.0,13.0,7.0,1,314,0,332
426,58,488.0,2919.0,10.0,9.0,1,302,0,330
426,59,46.0,2941.0,10.0,7.0,0,295,2,327
426,60,56.0,2944.0,19.0,7.0,1,307,0,327
426,61,102.0,2942.0,11.0,7.0,1,302,0,326
426,64,504.0,2909.0,13.0,7.0,1,292,0,320
426,66,491.0,2909.0,12.0,7.0,1,294,0,319
426,69,81.0,2949.0,10.0,8.0,1,275,0,316
426,73,315.0,2937.0,10.0,7.0,1,290,0,309
426,77,538.0,2906.0,13.0,7.0,1,273,0,302
426,78,150.0,2941.0,13.0,11.0,1,268,0,302
426,81,278.0,2931.0,12.0,7.0,1,276,0,296
426,85,610.0,2917.0,12.0,8.0,1,269,0,291
426,90,570.0,2914.0,10.0,7.0,1,248,0,284
426,131,237.0,2937.0,8.0,6.0,1,165,0,198
426,143,261.0,2927.0,13.0,7.0,1,171,0,186
426,157,457.0,2925.0,11.0,10.0,1,134,0,146
426,184,308.0,2926.0,9.0,6.0,0,73,1,79
427,2,1784.0,3071.0,13.0,8.0,1,397,0,425
427,41,3.0,2933.0,9.0,11.0,1,324,0,352
427,44,120.0,2946.0,10.0,7.0,1,317,0,348
427,45,201.0,2937.0,14.0,7.0,1,326,0,344
427,46,504.0,2907.0,8.0,8.0,1,313,0,344
427,47,582.0,2908.0,11.0,10.0,1,308,0,343
427,53,178.0,2947.0,11.0,7.0,1,309,0,337
427,56,331.0,2934.0,12.0,8.0,1,315,0,333
427,58,483.0,2922.0,9.0,8.0,1,303,0,331
427,59,46.0,2941.0,10.0,7.0,0,295,3,328
427,60,49.0,2946.0,21.0,8.0,1,308,0,328
427,61,95.0,2943.0,9.0,6.0,1,303,0,327
427,64,507.0,2910.0,11.0,7.0,1,293,0,321
427,66,491.0,2902.0,9.0,8.0,1,295,0,320
427,69,76.0,2940.0,11.0,9.0,1,276,0,317
427,73,322.0,2936.0,7.0,6.0,1,291,0,310
427,77,534.0,2902.0,12.0,9.0,1,274,0,303
427,78,145.0,2942.0,15.0,8.0,1,269,0,303
427,81,276.0,2925.0,8.0,6.0,1,277,0,297
427,85,605.0,2914.0,12.0,8.0,1,270,0,292
427,90,566.0,2903.0,11.0,11.0,1,249,0,285
427,131,227.0,2939.0,8.0,7.0,1,166,0,199
427,143,253.0,2925.0,13.0,6.0,1,172,0,187
427,157,457.0,2925.0,11.0,10.0,0,134,1,147
427,184,295.0,2929.0,13.0,8.0,1,74,0,80
428,2,1781.0,3080.0,9.0,5.0,1,398,0,426
428,41,0.0,2931.0,7.0,12.0,1,325,0,353
428,44,114.0,2944.0,14.0,11.0,1,318,0,349
428,45,192.0,2940.0,14.0,8.0,1,327,0,345
428,46,493.0,2909.0,8.0,6.0,1,314,0,345
428,47,582.0,2908.0,10.0,9.0,1,309,0,344
428,53,161.0,2945.0,11.0,5.0,1,310,0,338
428,56,327.0,2932.0,10.0,7.0,1,316,0,334
428,58,477.0,2921.0,9.0,9.0,1,304,0,332
428,59,27.0,2943.0,10.0,7.0,1,296,0,329
428,60,39.0,2942.0,20.0,9.0,1,309,0,329
428,61,85.0,2939.0,10.0,7.0,1,304,0,328
428,64,497.0,2913.0,11.0,6.0,1,294,0,322
428,66,491.0,2905.0,7.0,8.0,1,296,0,321
428,69,76.0,2940.0,11.0,9.0,0,276,1,318
428,73,311.0,2936.0,10.0,8.0,1,292,0,311
428,77,533.0,2907.0,13.0,9.0,1,275,0,304
428,78,141.0,2949.0,12.0,11.0,1,270,0,304
428,81,274.0,2926.0,7.0,6.0,1,278,0,298
428,85,601.0,2915.0,12.0,12.0,1,271,0,293
428,90,560.0,2907.0,12.0,9.0,1,250,0,286
428,131,222.0,2935.0,9.0,9.0,1,167,0,200
428,143,258.0,2927.0,11.0,6.0,1,173,0,188
428,157,392.0,2931.0,4.0,6.0,1,135,0,148
428,184,296.0,2931.0,10.0,10.0,1,75,0,81
429,2,1794.0,3076.0,9.0,7.0,1,399,0,427
429,41,1.0,2934.0,2.0,7.0,1,326,0,354
429,44,109.0,2940.0,10.0,9.0,1,319,0,350
429,45,187.0,3080.0,9.0,4.0,1,328,0,346
429,46,480.0,2916.0,11.0,9.0,1,315,0,346
429,47,578.0,2907.0,13.0,8.0,1,310,0,345
429,53,163.0,2942.0,11.0,7.0,1,311,0,339
429,56,328.0,2932.0,11.0,8.0,1,317,0,335
429,58,452.0,2923.0,11.0,9.0,1,305,0,333
429,59,17.0,2939.0,14.0,9.0,1,297,0,330
429,60,34.0,2937.0,21.0,7.0,1,310,0,330
429,61,85.0,2939.0,10.0,7.0,0,304,1,329
429,64,498.0,2906.0,7.0,7.0,1,295,0,323
429,66,483.0,2907.0,9.0,8.0,1,297,0,322
429,69,61.0,2938.0,12.0,9.0,1,277,0,319
429,73,311.0,2936.0,10.0,8.0,0,292,1,312
429,77,532.0,2907.0,11.0,8.0,1,276,0,305
429,78,137.0,2941.0,13.0,10.0,1,271,0,305
429,81,267.0,2930.0,10.0,6.0,1,279,0,299
429,85,599.0,2910.0,9.0,5.0,1,272,0,294
429,90,555.0,2908.0,9.0,8.0,1,251,0,287
429,131,223.0,2933.0,10.0,5.0,1,168,0,201
429,143,249.0,2927.0,7.0,7.0,1,174,0,189
429,157,392.0,2931.0,4.0,6.0,0,135,1,149
429,184,287.0,2929.0,9.0,9.0,1,76,0,82
430,2,1792.0,3073.0,10.0,7.0,1,400,0,428
430,41,1.0,2934.0,2.0,7.0,0,326,1,355
430,44,101.0,2944.0,10.0,7.0,1,320,0,351
430,45,187.0,3080.0,9.0,4.0,0,328,1,347
430,46,479.0,2921.0,10.0,6.0,1,316,0,347
430,47,565.0,2910.0,13.0,9.0,1,311,0,346
430,53,185.0,2938.0,8.0,6.0,1,312,0,340
430,56,321.0,2923.0,12.0,8.0,1,318,0,336
430,58,449.0,2919.0,16.0,9.0,1,306,0,334
430,59,17.0,2939.0,14.0,9.0,0,297,1,331
430,60,34.0,2938.0,18.0,7.0,1,311,0,331
430,61,77.0,2946.0,9.0,9.0,1,305,0,330
430,64,483.0,2905.0,8.0,5.0,1,296,0,324
430,66,478.0,2905.0,8.0,7.0,1,298,0,323
430,69,63.0,2943.0,11.0,6.0,1,278,0,320
430,73,301.0,2930.0,9.0,6.0,1,293,0,313
430,77,526.0,2906.0,11.0,7.0,1,277,0,306
430,78,137.0,2941.0,13.0,10.0,0,271,1,306
430,81,265.0,2928.0,9.0,7.0,1,280,0,300
430,85,592.0,2906.0,11.0,10.0,1,273,0,295
430,90,494.0,2905.0,10.0,8.0,1,252,0,288
430,131,210.0,2932.0,10.0,9.0,1,169,0,202
430,143,244.0,2929.0,11.0,9.0,1,175,0,190
430,157,392.0,2931.0,4.0,6.0,0,135,2,150
430,184,286.0,2929.0,10.0,7.0,1,77,0,83
431,2,1786.0,3066.0,10.0,7.0,1,401,0,429
431,41,1.0,2934.0,2.0,7.0,0,326,2,356
431,44,99.0,2939.0,11.0,8.0,1,321,0,352
431,45,187.0,3080.0,9.0,4.0,0,328,2,348
431,46,474.0,2923.0,12.0,6.0,1,317,0,348
431,47,571.0,2905.0,12.0,11.0,1,312,0,347
431,53,147.0,2937.0,12.0,9.0,1,313,0,341
431,56,307.0,2927.0,12.0,8.0,1,319,0,337
431,58,476.0,2902.0,8.0,6.0,1,307,0,335
431,59,9.0,2938.0,11.0,10.0,1,298,0,332
431,60,32.0,2937.0,21.0,9.0,1,312,0,332
431,61,69.0,2937.0,10.0,5.0,1,306,0,331
431,64,487.0,2907.0,12.0,7.0,1,297,0,325
431,66,480.0,2902.0,5.0,6.0,1,299,0,324
431,69,55.0,2940.0,10.0,8.0,1,279,0,321
431,73,298.0,2924.0,9.0,6.0,1,294,0,314
431,77,544.0,2900.0,13.0,9.0,1,278,0,307
431,78,122.0,2943.0,10.0,9.0,1,272,0,307
431,81,263.0,2926.0,6.0,7.0,1,281,0,301
431,85,592.0,2906.0,14.0,9.0,1,274,0,296
431,90,516.0,2906.0,11.0,8.0,1,253,0,289
431,131,211.0,2931.0,12.0,7.0,1,170,0,203
431,143,236.0,2928.0,14.0,11.0,1,176,0,191
431,157,444.0,2924.0,14.0,11.0,1,136,0,151
431,184,280.0,2927.0,13.0,8.0,1,78,0,84
432,2,1787.0,3078.0,12.0,6.0,1,402,0,430
432,41,1.0,2934.0,2.0,7.0,0,326,3,357
432,44,88.0,2942.0,13.0,11.0,1,322,0,353
432,45,187.0,3080.0,9.0,4.0,0,328,3,349
432,46,467.0,2922.0,9.0,6.0,1,318,0,349
432,47,562.0,2902.0,12.0,8.0,1,313,0,348
432,53,147.0,2944.0,10.0,6.0,1,314,0,342
432,56,313.0,2925.0,12.0,8.0,1,320,0,338
432,58,477.0,2906.0,8.0,6.0,1,308,0,336
432,59,10.0,2932.0,9.0,9.0,1,299,0,333
432,60,16.0,2938.0,21.0,8.0,1,313,0,333
432,61,69.0,2944.0,12.0,8.0,1,307,0,332
432,64,483.0,2902.0,11.0,8.0,1,298,0,326
432,66,473.0,2902.0,7.0,7.0,1,300,0,325
432,69,54.0,2941.0,11.0,7.0,1,280,0,322
432,73,294.0,2924.0,6.0,5.0,1,295,0,315
432,77,543.0,2907.0,14.0,10.0,1,279,0,308
432,78,118.0,2944.0,13.0,9.0,1,273,0,308
432,81,236.0,2933.0,10.0,7.0,1,282,0,302
432,85,592.0,2906.0,14.0,9.0,0,274,1,297
432,90,520.0,2910.0,12.0,8.0,1,254,0,290
432,131,205.0,2931.0,10.0,8.0,1,171,0,204
432,143,170.0,2938.0,12.0,7.0,1,177,0,192
432,157,442.0,2919.0,12.0,9.0,1,137,0,152
432,184,255.0,2923.0,12.0,8.0,1,79,0,85
433,2,1790.0,3077.0,14.0,6.0,1,403,0,431
433,41,1.0,2934.0,2.0,7.0,0,326,4,358
433,44,81.0,2940.0,13.0,11.0,1,323,0,354
433,45,187.0,3080.0,9.0,4.0,0,328,4,350
433,46,467.0,2914.0,11.0,9.0,1,319,0,350
433,47,556.0,2904.0,13.0,9.0,1,314,0,349
433,53,146.0,2935.0,13.0,9.0,1,315,0,343
433,56,303.0,2927.0,13.0,8.0,1,321,0,339
433,58,475.0,2908.0,14.0,8.0,1,309,0,337
433,59,1.0,2934.0,8.0,9.0,1,300,0,334
433,60,16.0,2933.0,21.0,10.0,1,314,0,334
433,61,62.0,2945.0,13.0,6.0,1,308,0,333
433,64,483.0,2902.0,11.0,8.0,0,298,1,327
433,66,469.0,2901.0,10.0,6.0,1,301,0,326
433,69,49.0,2938.0,10.0,7.0,1,281,0,323
433,73,294.0,2924.0,6.0,5.0,0,295,1,316
433,77,539.0,2901.0,12.0,8.0,1,280,0,309
433,78,113.0,2942.0,12.0,10.0,1,274,0,309
433,81,246.0,2927.0,11.0,5.0,1,283,0,303
433,85,581.0,2907.0,12.0,5.0,1,275,0,298
433,90,518.0,2901.0,12.0,8.0,1,255,0,291
433,131,196.0,2930.0,10.0,5.0,1,172,0,205
433,143,168.0,2940.0,12.0,6.0,1,178,0,193
433,157,435.0,2923.0,11.0,6.0,1,138,0,153
433,184,269.0,2924.0,11.0,7.0,1,80,0,86
434,2,1799.0,3074.0,15.0,6.0,1,404,0,432
434,41,1.0,2934.0,2.0,7.0,0,326,5,359
434,44,82.0,2948.0,8.0,6.0,1,324,0,355
434,45,227.0,2921.0,13.0,10.0,1,329,0,351
434,46,461.0,2919.0,11.0,7.0,1,320,0,351
434,47,554.0,2907.0,11.0,10.0,1,315,0,350
434,53,136.0,2938.0,13.0,6.0,1,316,0,344
434,56,304.0,2927.0,13.0,9.0,1,322,0,340
434,58,471.0,2906.0,11.0,7.0,1,310,0,338
434,59,0.0,2932.0,2.0,6.0,1,301,0,335
434,60,12.0,2938.0,21.0,7.0,1,315,0,335
434,61,52.0,2938.0,10.0,5.0,1,309,0,334
434,64,461.0,2906.0,11.0,7.0,1,299,0,328
434,66,458.0,2900.0,11.0,6.0,1,302,0,327
434,69,36.0,2936.0,10.0,10.0,1,282,0,324
434,73,281.0,2923.0,12.0,8.0,1,296,0,317
434,77,535.0,2905.0,11.0,7.0,1,281,0,310
434,78,108.0,2940.0,12.0,9.0,1,275,0,310
434,81,247.0,2926.0,10.0,5.0,1,284,0,304
434,85,572.0,2910.0,15.0,12.0,1,276,0,299
434,90,504.0,2905.0,13.0,7.0,1,256,0,292
434,131,190.0,2931.0,11.0,6.0,1,173,0,206
434,143,168.0,2934.0,12.0,9.0,1,179,0,194
434,157,434.0,2914.0,11.0,6.0,1,139,0,154
434,184,267.0,2923.0,11.0,9.0,1,81,0,87
435,2,1793.0,3075.0,14.0,6.0,1,405,0,433
435,41,1.0,2934.0,2.0,7.0,0,326,6,360
435,44,75.0,2934.0,13.0,10.0,1,325,0,356
435,45,222.0,2922.0,13.0,9.0,1,330,0,352
435,46,461.0,2915.0,11.0,9.0,1,321,0,352
435,47,554.0,2899.0,11.0,11.0,1,316,0,351
435,53,122.0,2940.0,11.0,8.0,1,317,0,345
435,56,295.0,2928.0,12.0,7.0,1,323,0,341
435,58,474.0,2906.0,12.0,8.0,1,311,0,339
435,59,0.0,2932.0,2.0,6.0,0,301,1,336
435,60,6.0,2942.0,20.0,6.0,1,316,0,336
435,61,52.0,2938.0,10.0,5.0,0,309,1,335
435,64,464.0,2897.0,9.0,9.0,1,300,0,329
435,66,449.0,2897.0,10.0,7.0,1,303,0,328
435,69,36.0,2936.0,10.0,10.0,0,282,1,325
435,73,286.0,2930.0,9.0,5.0,1,297,0,318
435,77,535.0,2905.0,11.0,7.0,0,281,1,311
435,78,107.0,2940.0,12.0,9.0,1,276,0,311
435,81,239.0,2925.0,11.0,6.0,1,285,0,305
435,85,575.0,2904.0,12.0,6.0,1,277,0,300
435,90,502.0,2904.0,13.0,8.0,1,257,0,293
435,131,190.0,2931.0,11.0,6.0,0,173,1,207
435,143,157.0,2940.0,10.0,8.0,1,180,0,195
435,157,431.0,2917.0,11.0,7.0,1,140,0,155
435,184,268.0,2922.0,8.0,9.0,1,82,0,88
436,2,1795.0,3081.0,12.0,5.0,1,406,0,434
436,41,1.0,2934.0,2.0,7.0,0,326,7,361
436,44,75.0,2934.0,13.0,10.0,0,325,1,357
436,45,211.0,2918.0,13.0,10.0,1,331,0,353
436,46,456.0,2918.0,8.0,9.0,1,322,0,353
436,47,555.0,2896.0,10.0,11.0,1,317,0,352
436,53,129.0,2937.0,10.0,6.0,1,318,0,346
436,56,296.0,2920.0,10.0,6.0,1,324,0,342
436,58,468.0,2900.0,11.0,7.0,1,312,0,340
436,59,0.0,2932.0,2.0,6.0,0,301,2,337
436,60,0.0,2936.0,17.0,8.0,1,317,0,337
436,61,45.0,2936.0,11.0,6.0,1,310,0,336
436,64,457.0,2898.0,11.0,6.0,1,301,0,330
436,66,441.0,2899.0,8.0,9.0,1,304,0,329
436,69,24.0,2932.0,9.0,7.0,1,283,0,326
436,73,286.0,2930.0,9.0,5.0,0,297,1,319
436,77,529.0,2907.0,14.0,9.0,1,282,0,312
436,78,96.0,2943.0,13.0,8.0,1,277,0,312
436,81,235.0,2921.0,11.0,6.0,1,286,0,306
436,85,566.0,2906.0,13.0,10.0,1,278,0,301
436,90,500.0,2903.0,13.0,6.0,1,258,0,294
436,131,186.0,2933.0,9.0,8.0,1,174,0,208
436,143,151.0,2941.0,13.0,6.0,1,181,0,196
436,157,434.0,2917.0,11.0,6.0,1,141,0,156
436,184,257.0,2923.0,13.0,11.0,1,83,0,89
437,2,1796.0,3073.0,13.0,5.0,1,407,0,435
437,41,1.0,2934.0,2.0,7.0,0,326,8,362
437,44,66.0,2942.0,13.0,8.0,1,326,0,358
437,45,209.0,2922.0,9.0,8.0,1,332,0,354
437,46,455.0,2910.0,8.0,10.0,1,323,0,354
437,47,551.0,2902.0,8.0,9.0,1,318,0,353
437,53,116.0,2938.0,11.0,6.0,1,319,0,347
437,56,290.0,2924.0,9.0,7.0,1,325,0,343
437,58,463.0,2900.0,10.0,8.0,1,313,0,341
437,59,0.0,2932.0,2.0,6.0,0,301,3,338
437,60,3.0,2937.0,12.0,7.0,1,318,0,338
437,61,37.0,2936.0,8.0,7.0,1,311,0,337
437,64,451.0,2900.0,10.0,9.0,1,302,0,331
437,66,443.0,2892.0,12.0,7.0,1,305,0,330
437,69,24.0,2932.0,9.0,7.0,0,283,1,327
437,73,268.0,2922.0,13.0,7.0,1,298,0,320
437,77,524.0,2900.0,13.0,7.0,1,283,0,313
437,78,86.0,2935.0,14.0,10.0,1,278,0,313
437,81,226.0,2922.0,11.0,5.0,1,287,0,307
437,85,571.0,2908.0,9.0,7.0,1,279,0,302
437,90,500.0,2896.0,13.0,10.0,1,259,0,295
437,131,178.0,2931.0,6.0,8.0,1,175,0,209
437,143,148.0,2929.0,13.0,9.0,1,182,0,197
437,157,433.0,2920.0,12.0,7.0,1,142,0,157
437,184,253.0,2923.0,13.0,12.0,1,84,0,90
438,2,1799.0,3072.0,13.0,5.0,1,408,0,436
438,41,1.0,2934.0,2.0,7.0,0,326,9,363
438,44,61.0,2937.0,11.0,8.0,1,327,0,359
438,45,198.0,2922.0,10.0,8.0,1,333,0,355
438,46,449.0,2914.0,13.0,8.0,1,324,0,355
438,47,539.0,2901.0,11.0,9.0,1,319,0,354
438,53,113.0,2937.0,8.0,8.0,1,320,0,348
438,56,283.0,2924.0,11.0,9.0,1,326,0,344
438,58,456.0,2898.0,9.0,8.0,1,314,0,342
438,59,0.0,2932.0,2.0,6.0,0,301,4,339
438,60,7.0,2935.0,9.0,6.0,1,319,0,339
438,61,28.0,2936.0,11.0,9.0,1,312,0,338
438,64,445.0,2899.0,11.0,9.0,1,303,0,332
438,66,426.0,2892.0,17.0,9.0,1,306,0,331
438,69,16.0,2932.0,11.0,9.0,1,284,0,328
438,73,261.0,2922.0,12.0,8.0,1,299,0,321
438,77,518.0,2896.0,9.0,9.0,1,284,0,314
438,78,84.0,2939.0,16.0,11.0,1,279,0,314
438,81,224.0,2925.0,12.0,7.0,1,288,0,308
438,85,559.0,2905.0,10.0,9.0,1,280,0,303
438,90,492.0,2898.0,12.0,9.0,1,260,0,296
438,131,171.0,2921.0,12.0,9.0,1,176,0,210
438,143,142.0,2934.0,10.0,9.0,1,183,0,198
438,157,426.0,2916.0,11.0,8.0,1,143,0,158
438,184,247.0,2921.0,10.0,10.0,1,85,0,91
439,2,1800.0,3083.0,13.0,6.0,1,409,0,437
439,41,1.0,2934.0,2.0,7.0,0,326,10,364
439,44,53.0,2939.0,10.0,11.0,1,328,0,360
439,45,195.0,2923.0,13.0,9.0,1,334,0,356
439,46,445.0,2915.0,12.0,8.0,1,325,0,356
439,47,542.0,2902.0,12.0,8.0,1,320,0,355
439,53,109.0,2940.0,11.0,8.0,1,321,0,349
439,56,278.0,2929.0,10.0,8.0,1,327,0,345
439,58,456.0,2898.0,9.0,8.0,0,314,1,343
439,59,0.0,2932.0,2.0,6.0,0,301,5,340
439,60,0.0,2935.0,4.0,7.0,1,320,0,340
439,61,27.0,2938.0,10.0,9.0,1,313,0,339
439,64,442.0,2896.0,9.0,8.0,1,304,0,333
439,66,427.0,2898.0,12.0,7.0,1,307,0,332
439,69,6.0,2933.0,12.0,5.0,1,285,0,329
439,73,262.0,2926.0,10.0,6.0,1,300,0,322
439,77,518.0,2896.0,9.0,9.0,0,284,1,315
439,78,90.0,2944.0,9.0,10.0,1,280,0,315
439,81,220.0,2927.0,11.0,7.0,1,289,0,309
439,85,559.0,2906.0,10.0,9.0,1,281,0,304
439,90,492.0,2897.0,11.0,9.0,1,261,0,297
439,131,167.0,2929.0,11.0,8.0,1,177,0,211
439,143,136.0,2932.0,11.0,7.0,1,184,0,199
439,157,421.0,2912.0,11.0,9.0,1,144,0,159
439,184,247.0,2921.0,10.0,10.0,0,85,1,92
440,2,1799.0,3076.0,13.0,6.0,1,410,0,438
440,41,1.0,2934.0,2.0,7.0,0,326,11,365
440,44,47.0,2937.0,12.0,13.0,1,329,0,361
440,45,199.0,2920.0,12.0,11.0,1,335,0,357
440,46,440.0,2909.0,12.0,10.0,1,326,0,357
440,47,537.0,2893.0,10.0,10.0,1,321,0,356
440,53,99.0,2934.0,10.0,7.0,1,322,0,350
440,56,273.0,2921.0,8.0,9.0,1,328,0,346
440,58,448.0,2896.0,9.0,8.0,1,315,0,344
440,59,0.0,2932.0,2.0,6.0,0,301,6,341
440,60,0.0,2935.0,4.0,7.0,0,320,1,341
440,61,25.0,2935.0,10.0,5.0,1,314,0,340
440,64,441.0,2900.0,10.0,7.0,1,305,0,334
440,66,417.0,2894.0,13.0,7.0,1,308,0,333
440,69,10.0,2934.0,7.0,7.0,1,286,0,330
440,73,261.0,2917.0,9.0,7.0,1,301,0,323
440,77,518.0,2896.0,9.0,9.0,0,284,2,316
440,78,76.0,2936.0,10.0,7.0,1,281,0,316
440,81,216.0,2918.0,9.0,9.0,1,290,0,310
440,85,557.0,2899.0,9.0,9.0,1,282,0,305
440,90,481.0,2894.0,11.0,9.0,1,262,0,298
440,131,161.0,2928.0,11.0,8.0,1,178,0,212
440,143,131.0,2934.0,10.0,6.0,1,185,0,200
440,157,421.0,2911.0,11.0,9.0,1,145,0,160
440,184,234.0,2921.0,13.0,10.0,1,86,0,93
441,2,1800.0,3074.0,16.0,5.0,1,411,0,439
441,41,1.0,2934.0,2.0,7.0,0,326,12,366
441,44,39.0,2933.0,12.0,12.0,1,330,0,362
441,45,193.0,2918.0,10.0,8.0,1,336,0,358
441,46,439.0,2909.0,9.0,11.0,1,327,0,358
441,47,528.0,2897.0,11.0,11.0,1,322,0,357
441,53,97.0,2940.0,12.0,7.0,1,323,0,351
441,56,273.0,2920.0,9.0,7.0,1,329,0,347
441,58,441.0,2898.0,13.0,8.0,1,316,0,345
441,59,0.0,2932.0,2.0,6.0,0,301,7,342
441,60,0.0,2935.0,4.0,7.0,0,320,2,342
441,61,17.0,2935.0,10.0,9.0,1,315,0,341
441,64,436.0,2897.0,10.0,6.0,1,306,0,335
441,66,409.0,2894.0,12.0,7.0,1,309,0,334
441,69,3.0,2933.0,10.0,6.0,1,287,0,331
441,73,253.0,2920.0,12.0,8.0,1,302,0,324
441,77,509.0,2905.0,11.0,9.0,1,285,0,317
441,78,66.0,2935.0,11.0,8.0,1,282,0,317
441,81,207.0,2919.0,13.0,5.0,1,291,0,311
441,85,553.0,2902.0,7.0,5.0,1,283,0,306
441,90,483.0,2894.0,12.0,11.0,1,263,0,299
441,131,160.0,2920.0,8.0,6.0,1,179,0,213
441,143,126.0,2931.0,11.0,6.0,1,186,0,201
441,157,420.0,2912.0,10.0,8.0,1,146,0,161
441,184,232.0,2910.0,14.0,10.0,1,87,0,94
442,2,1809.0,3079.0,9.0,5.0,1,412,0,440
442,41,1.0,2934.0,2.0,7.0,0,326,13,367
442,44,36.0,2937.0,12.0,12.0,1,331,0,363
442,45,189.0,2917.0,9.0,7.0,1,337,0,359
442,46,437.0,2911.0,13.0,7.0,1,328,0,359
442,47,531.0,2901.0,11.0,8.0,1,323,0,358
442,53,92.0,2937.0,10.0,7.0,1,324,0,352
442,56,266.0,2922.0,12.0,8.0,1,330,0,348
442,58,437.0,2899.0,11.0,10.0,1,317,0,346
442,59,0.0,2932.0,2.0,6.0,0,301,8,343
442,60,0.0,2935.0,4.0,7.0,0,320,3,343
442,61,12.0,2932.0,11.0,6.0,1,316,0,342
442,64,425.0,2887.0,8.0,8.0,1,307,0,336
442,66,404.0,2894.0,10.0,8.0,1,310,0,335
442,69,0.0,2924.0,8.0,8.0,1,288,0,332
442,73,251.0,2924.0,14.0,6.0,1,303,0,325
442,77,508.0,2895.0,10.0,12.0,1,286,0,318
442,78,62.0,2936.0,13.0,8.0,1,283,0,318
442,81,207.0,2919.0,13.0,5.0,0,291,1,312
442,85,548.0,2898.0,7.0,9.0,1,284,0,307
442,90,476.0,2898.0,13.0,9.0,1,264,0,300
442,131,163.0,2932.0,8.0,4.0,1,180,0,214
442,143,126.0,2931.0,11.0,6.0,0,186,1,202
442,157,408.0,2904.0,12.0,8.0,1,147,0,162
442,184,227.0,2914.0,13.0,11.0,1,88,0,95
443,2,1806.0,3077.0,9.0,5.0,1,413,0,441
443,41,1.0,2934.0,2.0,7.0,0,326,14,368
443,44,28.0,2927.0,8.0,10.0,1,332,0,364
443,45,183.0,2918.0,12.0,9.0,1,338,0,360
443,46,431.0,2916.0,12.0,8.0,1,329,0,360
443,47,519.0,2903.0,14.0,9.0,1,324,0,359
443,53,87.0,2935.0,11.0,7.0,1,325,0,353
443,56,265.0,2921.0,14.0,8.0,1,331,0,349
443,58,442.0,2899.0,13.0,10.0,1,318,0,347
443,59,0.0,2932.0,2.0,6.0,0,301,9,344
443,60,0.0,2935.0,4.0,7.0,0,320,4,344
443,61,1.0,2934.0,10.0,8.0,1,317,0,343
443,64,428.0,2894.0,10.0,9.0,1,308,0,337
443,66,404.0,2894.0,10.0,8.0,0,310,1,336
443,69,0.0,2931.0,2.0,3.0,1,289,0,333
443,73,247.0,2918.0,11.0,7.0,1,304,0,326
443,77,508.0,2895.0,10.0,12.0,0,286,1,319
443,78,54.0,2935.0,12.0,10.0,1,284,0,319
443,81,203.0,2919.0,7.0,7.0,1,292,0,313
443,85,544.0,2904.0,7.0,4.0,1,285,0,308
443,90,476.0,2898.0,13.0,9.0,0,264,1,301
443,131,146.0,2930.0,13.0,6.0,1,181,0,215
443,143,113.0,2930.0,11.0,6.0,1,187,0,203
443,157,411.0,2911.0,8.0,10.0,1,148,0,163
443,184,224.0,2913.0,11.0,9.0,1,89,0,96
444,2,1810.0,3076.0,9.0,5.0,1,414,0,442
444,41,1.0,2934.0,2.0,7.0,0,326,15,369
444,44,23.0,2938.0,12.0,12.0,1,333,0,365
444,45,176.0,2924.0,12.0,8.0,1,339,0,361
444,46,431.0,2916.0,12.0,8.0,0,329,1,361
444,47,523.0,2899.0,11.0,7.0,1,325,0,360
444,53,81.0,2938.0,10.0,4.0,1,326,0,354
444,56,258.0,2909.0,12.0,9.0,1,332,0,350
444,58,434.0,2895.0,12.0,8.0,1,319,0,348
444,59,0.0,2932.0,2.0,6.0,0,301,10,345
444,60,0.0,2935.0,4.0,7.0,0,320,5,345
444,61,1.0,2934.0,9.0,4.0,1,318,0,344
444,64,413.0,2898.0,12.0,7.0,1,309,0,338
444,66,393.0,2894.0,12.0,8.0,1,311,0,337
444,69,0.0,2931.0,2.0,3.0,0,289,1,334
444,73,237.0,2917.0,9.0,7.0,1,305,0,327
444,77,506.0,2894.0,11.0,7.0,1,287,0,320
444,78,55.0,2935.0,12.0,10.0,1,285,0,320
444,81,203.0,2919.0,7.0,7.0,0,292,1,314
444,85,537.0,2898.0,6.0,9.0,1,286,0,309
444,90,470.0,2895.0,14.0,7.0,1,265,0,302
444,131,137.0,2926.0,12.0,7.0,1,182,0,216
444,143,111.0,2935.0,13.0,10.0,1,188,0,204
444,157,411.0,2911.0,9.0,9.0,1,149,0,164
444,184,220.0,2918.0,14.0,12.0,1,90,0,97
445,2,1810.0,3076.0,9.0,5.0,0,414,1,443
445,41,1.0,2934.0,2.0,7.0,0,326,16,370
445,44,20.0,2934.0,9.0,12.0,1,334,0,366
445,45,168.0,2921.0,12.0,6.0,1,340,0,362
445,46,426.0,2910.0,12.0,9.0,1,330,0,362
445,47,518.0,2901.0,11.0,10.0,1,326,0,361
445,53,72.0,2933.0,10.0,6.0,1,327,0,355
445,56,253.0,2918.0,11.0,7.0,1,333,0,351
445,58,430.0,2898.0,11.0,9.0,1,320,0,349
445,59,0.0,2932.0,2.0,6.0,0,301,11,346
445,60,0.0,2935.0,4.0,7.0,0,320,6,346
445,61,2.0,2935.0,6.0,6.0,1,319,0,345
445,64,412.0,2895.0,11.0,8.0,1,310,0,339
445,66,390.0,2894.0,13.0,7.0,1,312,0,338
445,69,0.0,2931.0,2.0,3.0,0,289,2,335
445,73,240.0,2919.0,11.0,7.0,1,306,0,328
445,77,490.0,2892.0,12.0,8.0,1,288,0,321
445,78,48.0,2932.0,11.0,9.0,1,286,0,321
445,81,184.0,2925.0,12.0,5.0,1,293,0,315
445,85,547.0,2900.0,6.0,7.0,1,287,0,310
445,90,464.0,2895.0,12.0,9.0,1,266,0,303
445,131,143.0,2924.0,9.0,7.0,1,183,0,217
445,143,99.0,2927.0,11.0,10.0,1,189,0,205
445,157,401.0,2906.0,10.0,9.0,1,150,0,165
445,184,218.0,2918.0,12.0,11.0,1,91,0,98
446,2,1817.0,3080.0,10.0,5.0,1,415,0,444
446,41,1.0,2934.0,2.0,7.0,0,326,17,371
446,44,17.0,2924.0,9.0,12.0,1,335,0,367
446,45,162.0,2919.0,12.0,10.0,1,341,0,363
446,46,420.0,2909.0,12.0,10.0,1,331,0,363
446,47,515.0,2895.0,16.0,9.0,1,327,0,362
446,53,66.0,2938.0,11.0,5.0,1,328,0,356
446,56,245.0,2914.0,12.0,9.0,1,334,0,352
446,58,426.0,2895.0,14.0,7.0,1,321,0,350
446,59,0.0,2932.0,2.0,6.0,0,301,12,347
446,60,0.0,2935.0,4.0,7.0,0,320,7,347
446,61,2.0,2935.0,6.0,6.0,0,319,1,346
446,64,412.0,2891.0,10.0,5.0,1,311,0,340
446,66,382.0,2887.0,12.0,7.0,1,313,0,339
446,69,0.0,2931.0,2.0,3.0,0,289,3,336
446,73,231.0,2921.0,10.0,6.0,1,307,0,329
446,77,491.0,2895.0,10.0,9.0,1,289,0,322
446,78,43.0,2932.0,14.0,11.0,1,287,0,322
446,81,183.0,2922.0,10.0,8.0,1,294,0,316
446,85,535.0,2891.0,8.0,9.0,1,288,0,311
446,90,466.0,2890.0,10.0,9.0,1,267,0,304
446,131,143.0,2924.0,9.0,7.0,0,183,1,218
446,143,102.0,2930.0,9.0,8.0,1,190,0,206
446,157,399.0,2910.0,10.0,9.0,1,151,0,166
446,184,214.0,2915.0,10.0,10.0,1,92,0,99
447,2,1817.0,3076.0,10.0,6.0,1,416,0,445
447,41,1.0,2934.0,2.0,7.0,0,326,18,372
447,44,17.0,2924.0,9.0,12.0,0,335,1,368
447,45,224.0,2792.0,8.0,4.0,1,342,0,364
447,46,419.0,2912.0,13.0,9.0,1,332,0,364
447,47,514.0,2898.0,10.0,10.0,1,328,0,363
447,53,62.0,2933.0,10.0,5.0,1,329,0,357
447,56,239.0,2917.0,13.0,8.0,1,335,0,353
447,58,422.0,2891.0,13.0,8.0,1,322,0,351
447,59,0.0,2932.0,2.0,6.0,0,301,13,348
447,60,0.0,2935.0,4.0,7.0,0,320,8,348
447,61,2.0,2935.0,6.0,6.0,0,319,2,347
447,64,412.0,2891.0,10.0,5.0,0,311,1,341
447,66,375.0,2889.0,12.0,7.0,1,314,0,340
447,69,0.0,2931.0,2.0,3.0,0,289,4,337
447,73,226.0,2923.0,11.0,7.0,1,308,0,330
447,77,484.0,2891.0,11.0,10.0,1,290,0,323
447,78,43.0,2932.0,14.0,11.0,0,287,1,323
447,81,183.0,2918.0,7.0,5.0,1,295,0,317
447,85,517.0,2896.0,11.0,7.0,1,289,0,312
447,90,459.0,2892.0,13.0,8.0,1,268,0,305
447,131,133.0,2919.0,10.0,8.0,1,184,0,219
447,143,93.0,2934.0,11.0,7.0,1,191,0,207
447,157,397.0,2904.0,10.0,12.0,1,152,0,167
447,184,206.0,2915.0,13.0,9.0,1,93,0,100
448,2,1819.0,3081.0,10.0,6.0,1,417,0,446
448,41,1.0,2934.0,2.0,7.0,0,326,19,373
448,44,2.0,2927.0,13.0,12.0,1,336,0,369
448,45,163.0,2922.0,10.0,8.0,1,343,0,365
448,46,414.0,2912.0,9.0,10.0,1,333,0,365
448,47,501.0,2893.0,11.0,11.0,1,329,0,364
448,53,59.0,2931.0,11.0,9.0,1,330,0,358
448,56,239.0,2912.0,10.0,8.0,1,336,0,354
448,58,415.0,2894.0,11.0,8.0,1,323,0,352
448,59,0.0,2932.0,2.0,6.0,0,301,14,349
448,60,0.0,2935.0,4.0,7.0,0,320,9,349
448,61,69.0,2954.0,6.0,5.0,1,320,0,348
448,64,403.0,2896.0,11.0,7.0,1,312,0,342
448,66,365.0,2891.0,13.0,7.0,1,315,0,341
448,69,0.0,2931.0,2.0,3.0,0,289,5,338
448,73,222.0,2912.0,10.0,9.0,1,309,0,331
448,77,476.0,2894.0,13.0,12.0,1,291,0,324
448,78,33.0,2925.0,12.0,11.0,1,288,0,324
448,81,173.0,2917.0,9.0,8.0,1,296,0,318
448,85,519.0,2896.0,9.0,7.0,1,290,0,313
448,90,461.0,2894.0,12.0,6.0,1,269,0,306
448,131,127.0,2914.0,8.0,7.0,1,185,0,220
448,143,85.0,2936.0,12.0,8.0,1,192,0,208
448,157,396.0,2908.0,11.0,7.0,1,153,0,168
448,184,205.0,2918.0,15.0,10.0,1,94,0,101
449,2,1824.0,3082.0,9.0,5.0,1,418,0,447
449,41,1.0,2934.0,2.0,7.0,0,326,20,374
449,44,0.0,2928.0,9.0,8.0,1,337,0,370
449,45,150.0,2922.0,13.0,7.0,1,344,0,366
449,46,409.0,2907.0,13.0,7.0,1,334,0,366
449,47,506.0,2891.0,9.0,12.0,1,330,0,365
449,53,53.0,2935.0,8.0,7.0,1,331,0,359
449,56,238.0,2916.0,10.0,7.0,1,337,0,355
449,58,414.0,2902.0,12.0,8.0,1,324,0,353
449,59,0.0,2932.0,2.0,6.0,0,301,15,350
449,60,0.0,2935.0,4.0,7.0,0,320,10,350
449,61,69.0,2954.0,6.0,5.0,0,320,1,349
449,64,398.0,2896.0,9.0,7.0,1,313,0,343
449,66,365.0,2891.0,13.0,7.0,0,315,1,342
449,69,0.0,2931.0,2.0,3.0,0,289,6,339
449,73,218.0,2912.0,9.0,9.0,1,310,0,332
449,77,478.0,2891.0,10.0,8.0,1,292,0,325
449,78,21.0,2934.0,11.0,8.0,1,289,0,325
449,81,165.0,2914.0,10.0,6.0,1,297,0,319
449,85,519.0,2896.0,9.0,7.0,0,290,1,314
449,90,453.0,2894.0,11.0,7.0,1,270,0,307
449,131,123.0,2915.0,12.0,12.0,1,186,0,221
449,143,86.0,2925.0,10.0,10.0,1,193,0,209
449,157,388.0,2909.0,11.0,7.0,1,154,0,169
449,184,198.0,2909.0,13.0,10.0,1,95,0,102
450,2,1813.0,3078.0,11.0,5.0,1,419,0,448
450,41,1.0,2934.0,2.0,7.0,0,326,21,375
450,44,0.0,2928.0,9.0,8.0,0,337,1,371
450,45,140.0,2915.0,12.0,7.0,1,345,0,367
450,46,412.0,2912.0,11.0,8.0,1,335,0,367
450,47,499.0,2903.0,11.0,9.0,1,331,0,366
450,53,45.0,2934.0,9.0,5.0,1,332,0,360
450,56,226.0,2913.0,13.0,9.0,1,338,0,356
450,58,407.0,2898.0,11.0,8.0,1,325,0,354
450,59,0.0,2932.0,2.0,6.0,0,301,16,351
450,60,0.0,2935.0,4.0,7.0,0,320,11,351
450,61,69.0,2954.0,6.0,5.0,0,320,2,350
450,64,395.0,2899.0,8.0,7.0,1,314,0,344
450,66,356.0,2886.0,13.0,8.0,1,316,0,343
450,69,0.0,2931.0,2.0,3.0,0,289,7,340
450,73,210.0,2914.0,14.0,10.0,1,311,0,333
450,77,472.0,2893.0,9.0,12.0,1,293,0,326
450,78,23.0,2927.0,9.0,9.0,1,290,0,326
450,81,166.0,2914.0,12.0,6.0,1,298,0,320
450,85,503.0,2900.0,11.0,5.0,1,291,0,315
450,90,446.0,2896.0,11.0,8.0,1,271,0,308
450,131,113.0,2923.0,13.0,11.0,1,187,0,222
450,143,73.0,2928.0,10.0,8.0,1,194,0,210
450,157,388.0,2909.0,11.0,7.0,0,154,1,170
450,184,187.0,2913.0,13.0,9.0,1,96,0,103
451,2,1813.0,3078.0,11.0,5.0,0,419,1,449
451,41,1.0,2934.0,2.0,7.0,0,326,22,376
451,44,0.0,2928.0,9.0,8.0,0,337,2,372
451,45,147.0,2919.0,11.0,7.0,1,346,0,368
451,46,402.0,2907.0,10.0,7.0,1,336,0,368
451,47,491.0,2896.0,12.0,9.0,1,332,0,367
451,53,50.0,2928.0,10.0,8.0,1,333,0,361
451,56,224.0,2909.0,10.0,10.0,1,339,0,357
451,58,407.0,2891.0,10.0,9.0,1,326,0,355
451,59,0.0,2932.0,2.0,6.0,0,301,17,352
451,60,0.0,2935.0,4.0,7.0,0,320,12,352
451,61,69.0,2954.0,6.0,5.0,0,320,3,351
451,64,395.0,2899.0,8.0,7.0,0,314,1,345
451,66,350.0,2886.0,14.0,10.0,1,317,0,344
451,69,0.0,2931.0,2.0,3.0,0,289,8,341
451,73,213.0,2913.0,10.0,7.0,1,312,0,334
451,77,472.0,2894.0,10.0,9.0,1,294,0,327
451,78,14.0,2928.0,10.0,7.0,1,291,0,327
451,81,162.0,2914.0,7.0,6.0,1,299,0,321
451,85,498.0,2900.0,11.0,7.0,1,292,0,316
451,90,440.0,2887.0,12.0,8.0,1,272,0,309
451,131,113.0,2923.0,13.0,11.0,0,187,1,223
451,143,70.0,2922.0,14.0,10.0,1,195,0,211
451,157,381.0,2909.0,10.0,11.0,1,155,0,171
451,184,187.0,2913.0,13.0,9.0,0,96,1,104
452,2,1813.0,3078.0,11.0,5.0,0,419,2,450
452,41,1.0,2934.0,2.0,7.0,0,326,23,377
452,44,0.0,2928.0,9.0,8.0,0,337,3,373
452,45,138.0,2920.0,11.0,7.0,1,347,0,369
452,46,396.0,2911.0,10.0,7.0,1,337,0,369
452,47,490.0,2896.0,10.0,10.0,1,333,0,368
452,53,38.0,2927.0,10.0,9.0,1,334,0,362
452,56,221.0,2913.0,11.0,8.0,1,340,0,358
452,58,400.0,2895.0,10.0,7.0,1,327,0,356
452,59,0.0,2932.0,2.0,6.0,0,301,18,353
452,60,0.0,2935.0,4.0,7.0,0,320,13,353
452,61,69.0,2954.0,6.0,5.0,0,320,4,352
452,64,381.0,2888.0,13.0,9.0,1,315,0,346
452,66,344.0,2881.0,15.0,8.0,1,318,0,345
452,69,0.0,2931.0,2.0,3.0,0,289,9,342
452,73,205.0,2910.0,9.0,10.0,1,313,0,335
452,77,467.0,2893.0,12.0,12.0,1,295,0,328
452,78,10.0,2927.0,12.0,10.0,1,292,0,328
452,81,155.0,2913.0,10.0,5.0,1,300,0,322
452,85,499.0,2891.0,10.0,11.0,1,293,0,317
452,90,438.0,2898.0,11.0,7.0,1,273,0,310
452,131,109.0,2919.0,9.0,9.0,1,188,0,224
452,143,68.0,2925.0,15.0,10.0,1,196,0,212
452,157,381.0,2907.0,12.0,10.0,1,156,0,172
452,184,174.0,2909.0,13.0,11.0,1,97,0,105
453,2,1823.0,3085.0,9.0,5.0,1,420,0,451
453,41,1.0,2934.0,2.0,7.0,0,326,24,378
453,44,0.0,2928.0,9.0,8.0,0,337,4,374
453,45,123.0,2911.0,15.0,9.0,1,348,0,370
453,46,393.0,2906.0,12.0,8.0,1,338,0,370
453,47,476.0,2894.0,10.0,10.0,1,334,0,369
453,53,29.0,2927.0,10.0,9.0,1,335,0,363
453,56,214.0,2922.0,10.0,9.0,1,341,0,359
453,58,398.0,2895.0,11.0,9.0,1,328,0,357
453,59,0.0,2932.0,2.0,6.0,0,301,19,354
453,60,0.0,2935.0,4.0,7.0,0,320,14,354
453,61,69.0,2954.0,6.0,5.0,0,320,5,353
453,64,384.0,2895.0,11.0,7.0,1,316,0,347
453,66,335.0,2887.0,14.0,10.0,1,319,0,346
453,69,0.0,2931.0,2.0,3.0,0,289,10,343
453,73,207.0,2909.0,8.0,9.0,1,314,0,336
453,77,461.0,2894.0,11.0,10.0,1,296,0,329
453,78,0.0,2923.0,11.0,9.0,1,293,0,329
453,81,143.0,2911.0,11.0,9.0,1,301,0,323
453,85,493.0,2893.0,9.0,5.0,1,294,0,318
453,90,430.0,2895.0,10.0,7.0,1,274,0,311
453,131,100.0,2908.0,12.0,9.0,1,189,0,225
453,143,57.0,2926.0,12.0,10.0,1,197,0,213
453,157,381.0,2907.0,12.0,10.0,0,156,1,173
453,184,177.0,2917.0,11.0,10.0,1,98,0,106
454,2,1829.0,3083.0,12.0,5.0,1,421,0,452
454,41,1.0,2934.0,2.0,7.0,0,326,25,379
454,44,0.0,2928.0,9.0,8.0,0,337,5,375
454,45,121.0,2917.0,12.0,10.0,1,349,0,371
454,46,391.0,2904.0,11.0,9.0,1,339,0,371
454,47,479.0,2892.0,13.0,4.0,1,335,0,370
454,53,34.0,2925.0,9.0,11.0,1,336,0,364
454,56,214.0,2922.0,10.0,9.0,0,341,1,360
454,58,398.0,2895.0,11.0,9.0,0,328,1,358
454,59,0.0,2932.0,2.0,6.0,0,301,20,355
454,60,0.0,2935.0,4.0,7.0,0,320,15,355
454,61,69.0,2954.0,6.0,5.0,0,320,6,354
454,64,371.0,2886.0,13.0,10.0,1,317,0,348
454,66,335.0,2880.0,9.0,10.0,1,320,0,347
454,69,0.0,2931.0,2.0,3.0,0,289,11,344
454,73,192.0,2916.0,11.0,8.0,1,315,0,337
454,77,460.0,2893.0,10.0,10.0,1,297,0,330
454,78,0.0,2923.0,11.0,9.0,1,294,0,330
454,81,140.0,2915.0,12.0,5.0,1,302,0,324
454,85,480.0,2899.0,8.0,9.0,1,295,0,319
454,90,430.0,2899.0,13.0,9.0,1,275,0,312
454,131,101.0,2915.0,13.0,9.0,1,190,0,226
454,143,55.0,2920.0,13.0,9.0,1,198,0,214
454,157,381.0,2907.0,12.0,10.0,0,156,2,174
454,184,171.0,2916.0,11.0,9.0,1,99,0,107
455,2,1827.0,3087.0,14.0,4.0,1,422,0,453
455,41,1.0,2934.0,2.0,7.0,0,326,26,380
455,44,0.0,2928.0,9.0,8.0,0,337,6,376
455,45,121.0,2917.0,12.0,10.0,0,349,1,372
455,46,387.0,2908.0,11.0,8.0,1,340,0,372
455,47,465.0,2891.0,11.0,8.0,1,336,0,371
455,53,25.0,2926.0,10.0,10.0,1,337,0,365
455,56,203.0,2914.0,14.0,9.0,1,342,0,361
455,58,389.0,2892.0,8.0,9.0,1,329,0,359
455,59,0.0,2932.0,2.0,6.0,0,301,21,356
455,60,0.0,2935.0,4.0,7.0,0,320,16,356
455,61,69.0,2954.0,6.0,5.0,0,320,7,355
455,64,371.0,2885.0,11.0,5.0,1,318,0,349
455,66,329.0,2882.0,9.0,9.0,1,321,0,348
455,69,0.0,2931.0,2.0,3.0,0,289,12,345
455,73,189.0,2911.0,11.0,10.0,1,316,0,338
455,77,449.0,2894.0,10.0,8.0,1,298,0,331
455,78,4.0,2928.0,6.0,10.0,1,295,0,331
455,81,140.0,2917.0,9.0,7.0,1,303,0,325
455,85,473.0,2895.0,12.0,3.0,1,296,0,320
455,90,425.0,2895.0,11.0,5.0,1,276,0,313
455,131,96.0,2911.0,11.0,11.0,1,191,0,227
455,143,47.0,2926.0,15.0,10.0,1,199,0,215
455,157,368.0,2904.0,14.0,11.0,1,157,0,175
455,184,168.0,2913.0,12.0,10.0,1,100,0,108
456,2,1829.0,3087.0,13.0,4.0,1,423,0,454
456,41,1.0,2934.0,2.0,7.0,0,326,27,381
456,44,0.0,2928.0,9.0,8.0,0,337,7,377
456,45,118.0,2914.0,15.0,8.0,1,350,0,373
456,46,390.0,2906.0,9.0,9.0,1,341,0,373
456,47,472.0,2892.0,12.0,8.0,1,337,0,372
456,53,22.0,2929.0,9.0,9.0,1,338,0,366
456,56,199.0,2908.0,14.0,9.0,1,343,0,362
456,58,383.0,2893.0,10.0,7.0,1,330,0,360
456,59,0.0,2932.0,2.0,6.0,0,301,22,357
456,60,0.0,2935.0,4.0,7.0,0,320,17,357
456,61,69.0,2954.0,6.0,5.0,0,320,8,356
456,64,366.0,2892.0,10.0,7.0,1,319,0,350
456,66,318.0,2878.0,15.0,10.0,1,322,0,349
456,69,0.0,2931.0,2.0,3.0,0,289,13,346
456,73,187.0,2917.0,8.0,9.0,1,317,0,339
456,77,453.0,2892.0,13.0,9.0,1,299,0,332
456,78,4.0,2928.0,6.0,10.0,0,295,1,332
456,81,140.0,2917.0,9.0,7.0,0,303,1,326
456,85,469.0,2895.0,10.0,12.0,1,297,0,321
456,90,425.0,2895.0,11.0,5.0,0,276,1,314
456,131,89.0,2911.0,11.0,10.0,1,192,0,228
456,143,48.0,2925.0,13.0,8.0,1,200,0,216
456,157,363.0,2907.0,12.0,8.0,1,158,0,176
456,184,162.0,2913.0,14.0,9.0,1,101,0,109
457,2,1832.0,3087.0,13.0,5.0,1,424,0,455
457,41,1.0,2934.0,2.0,7.0,0,326,28,382
457,44,0.0,2928.0,9.0,8.0,0,337,8,378
457,45,108.0,2916.0,12.0,8.0,1,351,0,374
457,46,380.0,2906.0,9.0,8.0,1,342,0,374
457,47,458.0,2890.0,11.0,7.0,1,338,0,373
457,53,12.0,2920.0,9.0,5.0,1,339,0,367
457,56,205.0,2913.0,8.0,5.0,1,344,0,363
457,58,373.0,2890.0,10.0,8.0,1,331,0,361
457,59,0.0,2932.0,2.0,6.0,0,301,23,358
457,60,0.0,2935.0,4.0,7.0,0,320,18,358
457,61,69.0,2954.0,6.0,5.0,0,320,9,357
457,64,369.0,2888.0,6.0,6.0,1,320,0,351
457,66,316.0,2881.0,14.0,8.0,1,323,0,350
457,69,0.0,2931.0,2.0,3.0,0,289,14,347
457,73,179.0,2913.0,8.0,7.0,1,318,0,340
457,77,447.0,2891.0,11.0,7.0,1,300,0,333
457,78,4.0,2928.0,6.0,10.0,0,295,2,333
457,81,133.0,2916.0,10.0,8.0,1,304,0,327
457,85,462.0,2895.0,9.0,8.0,1,298,0,322
457,90,413.0,2893.0,10.0,7.0,1,277,0,315
457,131,89.0,2916.0,10.0,4.0,1,193,0,229
457,143,41.0,2921.0,10.0,10.0,1,201,0,217
457,157,362.0,2908.0,12.0,8.0,1,159,0,177
457,184,159.0,2916.0,15.0,8.0,1,102,0,110
458,2,1829.0,3088.0,12.0,4.0,1,425,0,456
458,41,1.0,2934.0,2.0,7.0,0,326,29,383
458,44,0.0,2928.0,9.0,8.0,0,337,9,379
458,45,104.0,2909.0,15.0,9.0,1,352,0,375
458,46,375.0,2904.0,10.0,8.0,1,343,0,375
458,47,458.0,2890.0,11.0,7.0,0,338,1,374
458,53,8.0,2920.0,11.0,10.0,1,340,0,368
458,56,193.0,2909.0,11.0,7.0,1,345,0,364
458,58,375.0,2893.0,11.0,7.0,1,332,0,362
458,59,0.0,2932.0,2.0,6.0,0,301,24,359
458,60,0.0,2935.0,4.0,7.0,0,320,19,359
458,61,69.0,2954.0,6.0,5.0,0,320,10,358
458,64,363.0,2888.0,9.0,8.0,1,321,0,352
458,66,307.0,2878.0,9.0,9.0,1,324,0,351
458,69,0.0,2931.0,2.0,3.0,0,289,15,348
458,73,179.0,2913.0,8.0,7.0,0,318,1,341
458,77,433.0,2886.0,12.0,10.0,1,301,0,334
458,78,4.0,2928.0,6.0,10.0,0,295,3,334
458,81,127.0,2908.0,9.0,9.0,1,305,0,328
458,85,452.0,2894.0,9.0,6.0,1,299,0,323
458,90,412.0,2892.0,11.0,9.0,1,278,0,316
458,131,75.0,2912.0,14.0,7.0,1,194,0,230
458,143,43.0,2921.0,9.0,8.0,1,202,0,218
458,157,354.0,2905.0,12.0,9.0,1,160,0,178
458,184,156.0,2918.0,13.0,9.0,1,103,0,111
459,2,1831.0,3086.0,14.0,5.0,1,426,0,457
459,44,0.0,2928.0,9.0,8.0,0,337,10,380
459,45,98.0,2907.0,12.0,10.0,1,353,0,376
459,46,373.0,2902.0,12.0,10.0,1,344,0,376
459,47,449.0,2889.0,9.0,7.0,1,339,0,375
459,53,7.0,2921.0,11.0,6.0,1,341,0,369
459,56,187.0,2914.0,12.0,6.0,1,346,0,365
459,58,368.0,2887.0,8.0,8.0,1,333,0,363
459,59,0.0,2932.0,2.0,6.0,0,301,25,360
459,60,0.0,2935.0,4.0,7.0,0,320,20,360
459,61,69.0,2954.0,6.0,5.0,0,320,11,359
459,64,355.0,2890.0,12.0,8.0,1,322,0,353
459,66,301.0,2879.0,9.0,9.0,1,325,0,352
459,69,0.0,2931.0,2.0,3.0,0,289,16,349
459,73,176.0,2912.0,14.0,9.0,1,319,0,342
459,77,434.0,2894.0,8.0,9.0,1,302,0,335
459,78,4.0,2928.0,6.0,10.0,0,295,4,335
459,81,125.0,2915.0,9.0,10.0,1,306,0,329
459,85,450.0,2894.0,10.0,7.0,1,300,0,324
459,90,406.0,2891.0,10.0,7.0,1,279,0,317
459,131,79.0,2912.0,9.0,6.0,1,195,0,231
459,143,35.0,2922.0,13.0,10.0,1,203,0,219
459,157,351.0,2905.0,11.0,10.0,1,161,0,179
459,184,150.0,2909.0,12.0,9.0,1,104,0,112
460,2,1840.0,3092.0,13.0,5.0,1,427,0,458
460,44,0.0,2928.0,9.0,8.0,0,337,11,381
460,45,98.0,2903.0,10.0,10.0,1,354,0,377
460,46,372.0,2900.0,10.0,9.0,1,345,0,377
460,47,446.0,2883.0,12.0,7.0,1,340,0,376
460,53,1.0,2925.0,10.0,8.0,1,342,0,370
460,56,181.0,2909.0,14.0,8.0,1,347,0,366
460,58,362.0,2894.0,10.0,7.0,1,334,0,364
460,59,0.0,2932.0,2.0,6.0,0,301,26,361
460,60,0.0,2935.0,4.0,7.0,0,320,21,361
460,61,69.0,2954.0,6.0,5.0,0,320,12,360
460,64,343.0,2888.0,13.0,9.0,1,323,0,354
460,66,287.0,2876.0,15.0,11.0,1,326,0,353
460,69,0.0,2931.0,2.0,3.0,0,289,17,350
460,73,168.0,2908.0,10.0,8.0,1,320,0,343
460,77,434.0,2894.0,8.0,9.0,0,302,1,336
460,78,4.0,2928.0,6.0,10.0,0,295,5,336
460,81,113.0,2915.0,12.0,8.0,1,307,0,330
460,85,447.0,2889.0,10.0,7.0,1,301,0,325
460,90,400.0,2889.0,12.0,11.0,1,280,0,318
460,131,77.0,2910.0,11.0,9.0,1,196,0,232
460,143,31.0,2921.0,15.0,10.0,1,204,0,220
460,157,344.0,2909.0,12.0,9.0,1,162,0,180
460,184,147.0,2914.0,11.0,9.0,1,105,0,113
461,2,1840.0,3092.0,13.0,5.0,0,427,1,459
461,44,0.0,2928.0,9.0,8.0,0,337,12,382
461,45,89.0,2917.0,14.0,9.0,1,355,0,378
461,46,363.0,2904.0,13.0,10.0,1,346,0,378
461,47,439.0,2889.0,8.0,5.0,1,341,0,377
461,53,4.0,2923.0,4.0,6.0,1,343,0,371
461,56,180.0,2909.0,13.0,8.0,1,348,0,367
461,58,356.0,2885.0,12.0,8.0,1,335,0,365
461,59,0.0,2932.0,2.0,6.0,0,301,27,362
461,60,0.0,2935.0,4.0,7.0,0,320,22,362
461,61,69.0,2954.0,6.0,5.0,0,320,13,361
461,64,349.0,2884.0,13.0,12.0,1,324,0,355
461,66,287.0,2876.0,15.0,11.0,0,326,1,354
461,69,0.0,2931.0,2.0,3.0,0,289,18,351
461,73,164.0,2911.0,10.0,8.0,1,321,0,344
461,77,424.0,2890.0,11.0,4.0,1,303,0,337
461,78,4.0,2928.0,6.0,10.0,0,295,6,337
461,81,113.0,2912.0,12.0,9.0,1,308,0,331
461,85,435.0,2894.0,12.0,7.0,1,302,0,326
461,90,396.0,2890.0,14.0,8.0,1,281,0,319
461,131,70.0,2909.0,9.0,6.0,1,197,0,233
461,143,20.0,2918.0,14.0,9.0,1,205,0,221
461,157,345.0,2911.0,10.0,7.0,1,163,0,181
461,184,137.0,2912.0,14.0,11.0,1,106,0,114
462,2,1836.0,3086.0,17.0,5.0,1,428,0,460
462,44,0.0,2928.0,9.0,8.0,0,337,13,383
462,45,84.0,2912.0,13.0,7.0,1,356,0,379
462,46,363.0,2904.0,13.0,10.0,0,346,1,379
462,47,432.0,2881.0,9.0,7.0,1,342,0,378
462,53,4.0,2923.0,4.0,6.0,0,343,1,372
462,56,176.0,2906.0,15.0,9.0,1,349,0,368
462,58,355.0,2887.0,12.0,8.0,1,336,0,366
462,59,0.0,2932.0,2.0,6.0,0,301,28,363
462,60,0.0,2935.0,4.0,7.0,0,320,23,363
462,61,69.0,2954.0,6.0,5.0,0,320,14,362
462,64,342.0,2887.0,11.0,8.0,1,325,0,356
462,66,285.0,2880.0,8.0,7.0,1,327,0,355
462,69,0.0,2931.0,2.0,3.0,0,289,19,352
462,73,164.0,2914.0,11.0,7.0,1,322,0,345
462,77,424.0,2890.0,11.0,4.0,0,303,1,338
462,78,4.0,2928.0,6.0,10.0,0,295,7,338
462,81,111.0,2914.0,10.0,4.0,1,309,0,332
462,85,433.0,2891.0,9.0,8.0,1,303,0,327
462,90,398.0,2891.0,14.0,9.0,1,282,0,320
462,131,61.0,2909.0,13.0,11.0,1,198,0,234
462,143,18.0,2924.0,9.0,5.0,1,206,0,222
462,157,338.0,2904.0,12.0,8.0,1,164,0,182
462,184,133.0,2909.0,13.0,10.0,1,107,0,115
463,2,1836.0,3086.0,16.0,6.0,1,429,0,461
463,44,0.0,2928.0,9.0,8.0,0,337,14,384
463,45,84.0,2912.0,13.0,7.0,0,356,1,380
463,46,353.0,2894.0,12.0,9.0,1,347,0,380
463,47,425.0,2884.0,10.0,7.0,1,343,0,379
463,53,4.0,2923.0,4.0,6.0,0,343,2,373
463,56,163.0,2909.0,15.0,7.0,1,350,0,369
463,58,352.0,2891.0,11.0,9.0,1,337,0,367
463,59,0.0,2932.0,2.0,6.0,0,301,29,364
463,60,0.0,2935.0,4.0,7.0,0,320,24,364
463,61,69.0,2954.0,6.0,5.0,0,320,15,363
463,64,342.0,2887.0,11.0,8.0,0,325,1,357
463,66,278.0,2877.0,12.0,8.0,1,328,0,356
463,69,0.0,2931.0,2.0,3.0,0,289,20,353
463,73,151.0,2905.0,16.0,9.0,1,323,0,346
463,77,412.0,2891.0,13.0,5.0,1,304,0,339
463,78,4.0,2928.0,6.0,10.0,0,295,8,339
463,81,100.0,2901.0,14.0,9.0,1,310,0,333
463,85,433.0,2891.0,9.0,8.0,0,303,1,328
463,90,384.0,2889.0,11.0,10.0,1,283,0,321
463,131,57.0,2906.0,12.0,8.0,1,199,0,235
463,143,18.0,2924.0,9.0,5.0,0,206,1,223
463,157,335.0,2903.0,14.0,9.0,1,165,0,183
463,184,132.0,2912.0,16.0,11.0,1,108,0,116
464,2,1843.0,3085.0,17.0,6.0,1,430,0,462
464,44,0.0,2928.0,9.0,8.0,0,337,15,385
464,45,78.0,2907.0,16.0,8.0,1,357,0,381
464,46,350.0,2899.0,14.0,9.0,1,348,0,381
464,47,424.0,2881.0,10.0,8.0,1,344,0,380
464,53,4.0,2923.0,4.0,6.0,0,343,3,374
464,56,166.0,2909.0,12.0,9.0,1,351,0,370
464,58,351.0,2890.0,9.0,10.0,1,338,0,368
464,60,0.0,2935.0,4.0,7.0,0,320,25,365
464,61,69.0,2954.0,6.0,5.0,0,320,16,364
464,64,339.0,2885.0,6.0,7.0,1,326,0,358
464,66,274.0,2877.0,12.0,6.0,1,329,0,357
464,69,0.0,2931.0,2.0,3.0,0,289,21,354
464,73,152.0,2901.0,9.0,6.0,1,324,0,347
464,77,410.0,2893.0,11.0,7.0,1,305,0,340
464,78,4.0,2928.0,6.0,10.0,0,295,9,340
464,81,97.0,2911.0,12.0,7.0,1,311,0,334
464,85,419.0,2888.0,11.0,6.0,1,304,0,329
464,90,384.0,2889.0,11.0,10.0,0,283,1,322
464,131,49.0,2901.0,9.0,10.0,1,200,0,236
464,143,6.0,2923.0,12.0,8.0,1,207,0,224
464,157,330.0,2907.0,14.0,8.0,1,166,0,184
464,184,125.0,2910.0,14.0,9.0,1,109,0,117
465,2,1843.0,3086.0,16.0,6.0,1,431,0,463
465,44,0.0,2928.0,9.0,8.0,0,337,16,386
465,45,72.0,2910.0,15.0,8.0,1,358,0,382
465,46,344.0,2903.0,14.0,9.0,1,349,0,382
465,47,412.0,2883.0,9.0,5.0,1,345,0,381
465,53,4.0,2923.0,4.0,6.0,0,343,4,375
465,56,158.0,2904.0,13.0,8.0,1,352,0,371
465,58,337.0,2887.0,10.0,10.0,1,339,0,369
465,60,0.0,2935.0,4.0,7.0,0,320,26,366
465,61,69.0,2954.0,6.0,5.0,0,320,17,365
465,64,328.0,2879.0,10.0,8.0,1,327,0,359
465,66,265.0,2879.0,14.0,7.0,1,330,0,358
465,69,0.0,2931.0,2.0,3.0,0,289,22,355
465,73,143.0,2907.0,11.0,6.0,1,325,0,348
465,77,403.0,2889.0,8.0,5.0,1,306,0,341
465,78,4.0,2928.0,6.0,10.0,0,295,10,341
465,81,97.0,2907.0,14.0,7.0,1,312,0,335
465,85,417.0,2890.0,9.0,7.0,1,305,0,330
465,90,377.0,2890.0,11.0,7.0,1,284,0,323
465,131,48.0,2906.0,9.0,10.0,1,201,0,237
465,143,6.0,2914.0,10.0,9.0,1,208,0,225
465,157,327.0,2900.0,10.0,10.0,1,167,0,185
465,184,121.0,2905.0,12.0,10.0,1,110,0,118
466,2,1843.0,3086.0,15.0,5.0,1,432,0,464
466,44,0.0,2928.0,9.0,8.0,0,337,17,387
466,45,68.0,2908.0,16.0,8.0,1,359,0,383
466,46,343.0,2897.0,12.0,6.0,1,350,0,383
466,47,412.0,2883.0,9.0,5.0,0,345,1,382
466,53,4.0,2923.0,4.0,6.0,0,343,5,376
466,56,158.0,2902.0,13.0,9.0,1,353,0,372
466,58,341.0,2880.0,10.0,9.0,1,340,0,370
466,60,0.0,2935.0,4.0,7.0,0,320,27,367
466,61,69.0,2954.0,6.0,5.0,0,320,18,366
466,64,328.0,2884.0,12.0,7.0,1,328,0,360
466,66,262.0,2874.0,13.0,8.0,1,331,0,359
466,69,0.0,2931.0,2.0,3.0,0,289,23,356
466,73,139.0,2911.0,16.0,6.0,1,326,0,349
466,77,402.0,2889.0,10.0,5.0,1,307,0,342
466,78,4.0,2928.0,6.0,10.0,0,295,11,342
466,81,87.0,2909.0,11.0,9.0,1,313,0,336
466,85,417.0,2890.0,9.0,7.0,0,305,1,331
466,90,377.0,2885.0,11.0,7.0,1,285,0,324
466,131,45.0,2905.0,12.0,10.0,1,202,0,238
466,143,0.0,2914.0,11.0,6.0,1,209,0,226
466,157,325.0,2899.0,11.0,11.0,1,168,0,186
466,184,115.0,2904.0,13.0,13.0,1,111,0,119
467,2,1841.0,3087.0,17.0,6.0,1,433,0,465
467,44,0.0,2928.0,9.0,8.0,0,337,18,388
467,45,65.0,2908.0,13.0,7.0,1,360,0,384
467,46,330.0,2893.0,14.0,10.0,1,351,0,384
467,47,412.0,2883.0,9.0,5.0,0,345,2,383
467,53,4.0,2923.0,4.0,6.0,0,343,6,377
467,56,153.0,2903.0,14.0,9.0,1,354,0,373
467,58,330.0,2886.0,11.0,9.0,1,341,0,371
467,60,0.0,2935.0,4.0,7.0,0,320,28,368
467,61,69.0,2954.0,6.0,5.0,0,320,19,367
467,64,320.0,2890.0,11.0,6.0,1,329,0,361
467,66,255.0,2873.0,13.0,5.0,1,332,0,360
467,69,0.0,2931.0,2.0,3.0,0,289,24,357
467,73,139.0,2911.0,16.0,6.0,0,326,1,350
467,77,394.0,2884.0,11.0,5.0,1,308,0,343
467,78,4.0,2928.0,6.0,10.0,0,295,12,343
467,81,82.0,2909.0,14.0,9.0,1,314,0,337
467,85,417.0,2890.0,9.0,7.0,0,305,2,332
467,90,368.0,2884.0,10.0,8.0,1,286,0,325
467,131,36.0,2904.0,10.0,7.0,1,203,0,239
467,143,0.0,2916.0,7.0,8.0,1,210,0,227
467,157,318.0,2897.0,9.0,12.0,1,169,0,187
467,184,109.0,2903.0,10.0,10.0,1,112,0,120
468,2,1851.0,3082.0,16.0,6.0,1,434,0,466
468,44,0.0,2928.0,9.0,8.0,0,337,19,389
468,45,62.0,2912.0,13.0,11.0,1,361,0,385
468,46,335.0,2898.0,10.0,8.0,1,352,0,385
468,47,393.0,2879.0,14.0,8.0,1,346,0,384
468,53,4.0,2923.0,4.0,6.0,0,343,7,378
468,56,148.0,2902.0,13.0,8.0,1,355,0,374
468,58,330.0,2886.0,11.0,9.0,0,341,1,372
468,60,0.0,2935.0,4.0,7.0,0,320,29,369
468,61,69.0,2954.0,6.0,5.0,0,320,20,368
468,64,318.0,2876.0,13.0,9.0,1,330,0,362
468,66,254.0,2869.0,8.0,9.0,1,333,0,361
468,69,0.0,2931.0,2.0,3.0,0,289,25,358
468,73,125.0,2906.0,11.0,7.0,1,327,0,351
468,77,392.0,2886.0,13.0,6.0,1,309,0,344
468,78,4.0,2928.0,6.0,10.0,0,295,13,344
468,81,78.0,2909.0,7.0,5.0,1,315,0,338
468,85,395.0,2891.0,11.0,7.0,1,306,0,333
468,90,369.0,2887.0,11.0,8.0,1,287,0,326
468,131,34.0,2900.0,12.0,10.0,1,204,0,240
468,143,0.0,2916.0,7.0,8.0,0,210,1,228
468,157,314.0,2903.0,12.0,9.0,1,170,0,188
468,184,111.0,2904.0,13.0,10.0,1,113,0,121
469,2,1847.0,3081.0,16.0,5.0,1,435,0,467
469,44,0.0,2928.0,9.0,8.0,0,337,20,390
469,45,54.0,2899.0,10.0,9.0,1,362,0,386
469,46,326.0,2898.0,12.0,8.0,1,353,0,386
469,47,383.0,2880.0,12.0,8.0,1,347,0,385
469,53,4.0,2923.0,4.0,6.0,0,343,8,379
469,56,139.0,2908.0,15.0,10.0,1,356,0,375
469,58,319.0,2884.0,13.0,9.0,1,342,0,373
469,61,69.0,2954.0,6.0,5.0,0,320,21,369
469,64,312.0,2885.0,12.0,9.0,1,331,0,363
469,66,243.0,2872.0,11.0,10.0,1,334,0,362
469,69,0.0,2931.0,2.0,3.0,0,289,26,359
469,73,125.0,2909.0,9.0,5.0,1,328,0,352
469,77,387.0,2883.0,10.0,5.0,1,310,0,345
469,78,4.0,2928.0,6.0,10.0,0,295,14,345
469,81,73.0,2908.0,11.0,8.0,1,316,0,339
469,85,395.0,2891.0,11.0,7.0,0,306,1,334
469,90,362.0,2885.0,12.0,11.0,1,288,0,327
469,131,28.0,2901.0,10.0,9.0,1,205,0,241
469,143,0.0,2916.0,7.0,8.0,0,210,2,229
469,157,307.0,2907.0,15.0,8.0,1,171,0,189
469,184,103.0,2902.0,17.0,9.0,1,114,0,122
470,2,1850.0,3085.0,17.0,5.0,1,436,0,468
470,44,0.0,2928.0,9.0,8.0,0,337,21,391
470,45,50.0,2899.0,13.0,9.0,1,363,0,387
470,46,325.0,2893.0,11.0,8.0,1,354,0,387
470,47,383.0,2880.0,12.0,8.0,0,347,1,386
470,53,4.0,2923.0,4.0,6.0,0,343,9,380
470,56,138.0,2913.0,13.0,9.0,1,357,0,376
470,58,319.0,2885.0,13.0,8.0,1,343,0,374
470,61,69.0,2954.0,6.0,5.0,0,320,22,370
470,64,299.0,2881.0,13.0,7.0,1,332,0,364
470,66,235.0,2874.0,14.0,6.0,1,335,0,363
470,69,0.0,2931.0,2.0,3.0,0,289,27,360
470,73,121.0,2910.0,14.0,6.0,1,329,0,353
470,77,384.0,2884.0,9.0,7.0,1,311,0,346
470,78,4.0,2928.0,6.0,10.0,0,295,15,346
470,81,65.0,2900.0,9.0,7.0,1,317,0,340
470,85,395.0,2891.0,11.0,7.0,0,306,2,335
470,90,362.0,2885.0,12.0,11.0,0,288,1,328
470,131,26.0,2904.0,13.0,9.0,1,206,0,242
470,143,0.0,2916.0,7.0,8.0,0,210,3,230
470,157,307.0,2907.0,15.0,8.0,0,171,1,190
470,184,103.0,2902.0,17.0,9.0,0,114,1,123
471,2,1852.0,3082.0,17.0,5.0,1,437,0,469
471,44,0.0,2928.0,9.0,8.0,0,337,22,392
471,45,45.0,2908.0,11.0,10.0,1,364,0,388
471,46,319.0,2892.0,11.0,6.0,1,355,0,388
471,47,373.0,2880.0,10.0,6.0,1,348,0,387
471,53,4.0,2923.0,4.0,6.0,0,343,10,381
471,56,132.0,2904.0,13.0,8.0,1,358,0,377
471,58,313.0,2880.0,12.0,8.0,1,344,0,375
471,61,69.0,2954.0,6.0,5.0,0,320,23,371
471,64,310.0,2888.0,10.0,6.0,1,333,0,365
471,66,230.0,2879.0,13.0,9.0,1,336,0,364
471,69,0.0,2931.0,2.0,3.0,0,289,28,361
471,73,113.0,2910.0,13.0,6.0,1,330,0,354
471,77,373.0,2879.0,12.0,11.0,1,312,0,347
471,78,4.0,2928.0,6.0,10.0,0,295,16,347
471,81,63.0,2910.0,9.0,7.0,1,318,0,341
471,85,382.0,2887.0,9.0,7.0,1,307,0,336
471,90,354.0,2882.0,11.0,9.0,1,289,0,329
471,131,26.0,2904.0,13.0,9.0,0,206,1,243
471,143,0.0,2916.0,7.0,8.0,0,210,4,231
471,157,296.0,2899.0,11.0,9.0,1,172,0,191
471,184,103.0,2902.0,17.0,9.0,0,114,2,124
472,2,1850.0,3079.0,17.0,5.0,1,438,0,470
472,44,0.0,2928.0,9.0,8.0,0,337,23,393
472,45,40.0,2898.0,12.0,12.0,1,365,0,389
472,46,314.0,2891.0,12.0,7.0,1,356,0,389
472,47,362.0,2880.0,11.0,10.0,1,349,0,388
472,53,4.0,2923.0,4.0,6.0,0,343,11,382
472,56,129.0,2905.0,12.0,8.0,1,359,0,378
472,58,308.0,2874.0,9.0,9.0,1,345,0,376
472,61,69.0,2954.0,6.0,5.0,0,320,24,372
472,64,300.0,2878.0,9.0,7.0,1,334,0,366
472,66,230.0,2870.0,13.0,9.0,1,337,0,365
472,69,0.0,2931.0,2.0,3.0,0,289,29,362
472,73,114.0,2906.0,15.0,6.0,1,331,0,355
472,77,373.0,2879.0,12.0,11.0,0,312,1,348
472,78,4.0,2928.0,6.0,10.0,0,295,17,348
472,81,54.0,2907.0,13.0,7.0,1,319,0,342
472,85,378.0,2880.0,11.0,7.0,1,308,0,337
472,90,347.0,2888.0,12.0,7.0,1,290,0,330
472,131,20.0,2903.0,12.0,9.0,1,207,0,244
472,143,0.0,2916.0,7.0,8.0,0,210,5,232
472,157,304.0,2899.0,9.0,7.0,1,173,0,192
472,184,89.0,2901.0,13.0,9.0,1,115,0,125
473,2,1845.0,3087.0,16.0,5.0,1,439,0,471
473,44,0.0,2928.0,9.0,8.0,0,337,24,394
473,45,36.0,2901.0,11.0,8.0,1,366,0,390
473,46,308.0,2893.0,12.0,8.0,1,357,0,390
473,47,357.0,2877.0,10.0,5.0,1,350,0,389
473,53,4.0,2923.0,4.0,6.0,0,343,12,383
473,56,125.0,2906.0,12.0,7.0,1,360,0,379
473,58,303.0,2878.0,9.0,9.0,1,346,0,377
473,61,69.0,2954.0,6.0,5.0,0,320,25,373
473,64,292.0,2873.0,6.0,5.0,1,335,0,367
473,66,230.0,2870.0,13.0,9.0,0,337,1,366
473,73,108.0,2906.0,10.0,6.0,1,332,0,356
473,77,362.0,2877.0,10.0,7.0,1,313,0,349
473,78,4.0,2928.0,6.0,10.0,0,295,18,349
473,81,51.0,2906.0,9.0,8.0,1,320,0,343
473,85,373.0,2884.0,9.0,7.0,1,309,0,338
473,90,343.0,2877.0,11.0,8.0,1,291,0,331
473,131,15.0,2900.0,9.0,7.0,1,208,0,245
473,143,0.0,2916.0,7.0,8.0,0,210,6,233
473,157,286.0,2893.0,15.0,9.0,1,174,0,193
473,184,83.0,2901.0,12.0,9.0,1,116,0,126
474,2,1859.0,3079.0,17.0,6.0,1,440,0,472
474,44,0.0,2928.0,9.0,8.0,0,337,25,395
474,45,27.0,2899.0,11.0,9.0,1,367,0,391
474,46,307.0,2890.0,14.0,7.0,1,358,0,391
474,47,355.0,2873.0,12.0,10.0,1,351,0,390
474,53,4.0,2923.0,4.0,6.0,0,343,13,384
474,56,122.0,2900.0,14.0,9.0,1,361,0,380
474,58,301.0,2877.0,11.0,9.0,1,347,0,378
474,61,69.0,2954.0,6.0,5.0,0,320,26,374
474,64,283.0,2877.0,12.0,6.0,1,336,0,368
474,66,215.0,2868.0,11.0,8.0,1,338,0,367
474,73,100.0,2908.0,13.0,7.0,1,333,0,357
474,77,357.0,2875.0,11.0,9.0,1,314,0,350
474,78,4.0,2928.0,6.0,10.0,0,295,19,350
474,81,51.0,2906.0,9.0,8.0,0,320,1,344
474,85,373.0,2884.0,9.0,7.0,0,309,1,339
474,90,340.0,2881.0,10.0,5.0,1,292,0,332
474,131,7.0,2910.0,11.0,6.0,1,209,0,246
474,143,0.0,2916.0,7.0,8.0,0,210,7,234
474,157,281.0,2897.0,9.0,6.0,1,175,0,194
474,184,78.0,2902.0,14.0,9.0,1,117,0,127
475,2,1857.0,3080.0,14.0,10.0,1,441,0,473
475,44,0.0,2928.0,9.0,8.0,0,337,26,396
475,45,22.0,2900.0,13.0,11.0,1,368,0,392
475,46,307.0,2890.0,14.0,7.0,0,358,1,392
475,47,340.0,2875.0,14.0,9.0,1,352,0,391
475,53,4.0,2923.0,4.0,6.0,0,343,14,385
475,56,117.0,2904.0,12.0,7.0,1,362,0,381
475,58,298.0,2880.0,8.0,8.0,1,348,0,379
475,61,69.0,2954.0,6.0,5.0,0,320,27,375
475,64,281.0,2877.0,10.0,7.0,1,337,0,369
475,66,207.0,2874.0,11.0,7.0,1,339,0,368
475,73,96.0,2898.0,13.0,7.0,1,334,0,358
475,77,353.0,2880.0,11.0,7.0,1,315,0,351
475,78,4.0,2928.0,6.0,10.0,0,295,20,351
475,81,36.0,2901.0,12.0,6.0,1,321,0,345
475,85,362.0,2882.0,9.0,7.0,1,310,0,340
475,90,327.0,2876.0,13.0,9.0,1,293,0,333
475,131,7.0,2910.0,11.0,6.0,0,209,1,247
475,143,0.0,2916.0,7.0,8.0,0,210,8,235
475,157,287.0,2892.0,14.0,9.0,1,176,0,195
475,184,72.0,2908.0,18.0,8.0,1,118,0,128
476,2,1852.0,3072.0,15.0,7.0,1,442,0,474
476,44,0.0,2928.0,9.0,8.0,0,337,27,397
476,45,18.0,2896.0,14.0,12.0,1,369,0,393
476,46,307.0,2890.0,14.0,7.0,0,358,2,393
476,47,340.0,2875.0,14.0,9.0,0,352,1,392
476,53,4.0,2923.0,4.0,6.0,0,343,15,386
476,56,110.0,2904.0,15.0,9.0,1,363,0,382
476,58,290.0,2875.0,11.0,7.0,1,349,0,380
476,61,69.0,2954.0,6.0,5.0,0,320,28,376
476,64,285.0,2874.0,8.0,9.0,1,338,0,370
476,66,198.0,2865.0,13.0,9.0,1,340,0,369
476,73,87.0,2905.0,12.0,10.0,1,335,0,359
476,77,343.0,2871.0,13.0,10.0,1,316,0,352
476,78,4.0,2928.0,6.0,10.0,0,295,21,352
476,81,38.0,2906.0,11.0,8.0,1,322,0,346
476,85,359.0,2885.0,12.0,6.0,1,311,0,341
476,90,327.0,2881.0,15.0,7.0,1,294,0,334
476,131,9.0,2901.0,11.0,8.0,1,210,0,248
476,143,0.0,2916.0,7.0,8.0,0,210,9,236
476,157,277.0,2893.0,11.0,8.0,1,177,0,196
476,184,72.0,2908.0,18.0,8.0,0,118,1,129
477,2,1862.0,3076.0,14.0,10.0,1,443,0,475
477,44,0.0,2928.0,9.0,8.0,0,337,28,398
477,45,13.0,2896.0,12.0,9.0,1,370,0,394
477,46,291.0,2883.0,11.0,10.0,1,359,0,394
477,47,337.0,2870.0,12.0,9.0,1,353,0,393
477,53,4.0,2923.0,4.0,6.0,0,343,16,387
477,56,108.0,2902.0,14.0,10.0,1,364,0,383
477,58,285.0,2882.0,9.0,6.0,1,350,0,381
477,61,69.0,2954.0,6.0,5.0,0,320,29,377
477,64,267.0,2870.0,9.0,4.0,1,339,0,371
477,66,203.0,2872.0,11.0,11.0,1,341,0,370
477,73,86.0,2903.0,11.0,9.0,1,336,0,360
477,77,345.0,2872.0,11.0,6.0,1,317,0,353
477,78,4.0,2928.0,6.0,10.0,0,295,22,353
477,81,34.0,2899.0,10.0,6.0,1,323,0,347
477,85,359.0,2885.0,12.0,6.0,0,311,1,342
477,90,322.0,2877.0,13.0,10.0,1,295,0,335
477,131,0.0,2906.0,8.0,6.0,1,211,0,249
477,143,0.0,2916.0,7.0,8.0,0,210,10,237
477,157,265.0,2895.0,14.0,10.0,1,178,0,197
477,184,68.0,2899.0,11.0,11.0,1,119,0,130
478,2,1862.0,3076.0,14.0,10.0,0,443,1,476
478,44,0.0,2928.0,9.0,8.0,0,337,29,399
478,45,5.0,2900.0,11.0,9.0,1,371,0,395
478,46,287.0,2884.0,10.0,7.0,1,360,0,395
478,47,329.0,2866.0,12.0,11.0,1,354,0,394
478,53,4.0,2923.0,4.0,6.0,0,343,17,388
478,56,101.0,2905.0,10.0,11.0,1,365,0,384
478,58,281.0,2876.0,9.0,8.0,1,351,0,382
478,64,267.0,2877.0,10.0,5.0,1,340,0,372
478,66,191.0,2870.0,12.0,7.0,1,342,0,371
478,73,80.0,2909.0,12.0,8.0,1,337,0,361
478,77,337.0,2878.0,7.0,5.0,1,318,0,354
478,78,4.0,2928.0,6.0,10.0,0,295,23,354
478,81,30.0,2899.0,10.0,6.0,1,324,0,348
478,85,349.0,2881.0,7.0,7.0,1,312,0,343
478,90,314.0,2879.0,13.0,7.0,1,296,0,336
478,131,22.0,3043.0,6.0,4.0,1,212,0,250
478,143,0.0,2916.0,7.0,8.0,0,210,11,238
478,157,268.0,2890.0,9.0,7.0,1,179,0,198
478,184,61.0,2903.0,11.0,8.0,1,120,0,131
479,2,1859.0,3073.0,15.0,10.0,1,444,0,477
479,45,1.0,2900.0,12.0,11.0,1,372,0,396
479,46,287.0,2884.0,10.0,7.0,0,360,1,396
479,47,329.0,2866.0,12.0,11.0,0,354,1,395
479,53,4.0,2923.0,4.0,6.0,0,343,18,389
479,56,101.0,2905.0,10.0,11.0,0,365,1,385
479,58,280.0,2878.0,10.0,7.0,1,352,0,383
479,64,268.0,2873.0,8.0,7.0,1,341,0,373
479,66,184.0,2862.0,12.0,9.0,1,343,0,372
479,73,76.0,2899.0,12.0,9.0,1,338,0,362
479,77,337.0,2878.0,7.0,5.0,0,318,1,355
479,78,4.0,2928.0,6.0,10.0,0,295,24,355
479,81,17.0,2898.0,9.0,6.0,1,325,0,349
479,85,349.0,2884.0,10.0,6.0,1,313,0,344
479,90,318.0,2875.0,12.0,8.0,1,297,0,337
479,131,22.0,3043.0,6.0,4.0,0,212,1,251
479,143,0.0,2916.0,7.0,8.0,0,210,12,239
479,157,266.0,2896.0,13.0,9.0,1,180,0,199
479,184,61.0,2903.0,11.0,8.0,0,120,1,132
480,2,1859.0,3072.0,14.0,9.0,1,445,0,478
480,45,0.0,2895.0,10.0,11.0,1,373,0,397
480,46,276.0,2879.0,9.0,7.0,1,361,0,397
480,47,309.0,2872.0,10.0,7.0,1,355,0,396
480,53,4.0,2923.0,4.0,6.0,0,343,19,390
480,56,88.0,2907.0,15.0,10.0,1,366,0,386
480,58,272.0,2872.0,10.0,9.0,1,353,0,384
480,64,255.0,2873.0,11.0,6.0,1,342,0,374
480,66,182.0,2867.0,12.0,9.0,1,344,0,373
480,73,74.0,2900.0,9.0,9.0,1,339,0,363
480,77,320.0,2873.0,13.0,6.0,1,319,0,356
480,78,4.0,2928.0,6.0,10.0,0,295,25,356
480,81,17.0,2902.0,13.0,10.0,1,326,0,350
480,85,349.0,2884.0,10.0,6.0,0,313,1,345
480,90,311.0,2876.0,10.0,8.0,1,298,0,338
480,131,22.0,3043.0,6.0,4.0,0,212,2,252
480,143,0.0,2916.0,7.0,8.0,0,210,13,240
480,157,253.0,2880.0,17.0,10.0,1,181,0,200
480,184,52.0,2906.0,11.0,7.0,1,121,0,133
481,2,1859.0,3073.0,14.0,8.0,1,446,0,479
481,45,0.0,2892.0,7.0,10.0,1,374,0,398
481,46,271.0,2884.0,13.0,10.0,1,362,0,398
481,47,303.0,2872.0,12.0,9.0,1,356,0,397
481,53,4.0,2923.0,4.0,6.0,0,343,20,391
481,56,88.0,2903.0,15.0,9.0,1,367,0,387
481,58,264.0,2880.0,8.0,8.0,1,354,0,385
481,64,253.0,2873.0,12.0,6.0,1,343,0,375
481,66,182.0,2867.0,12.0,9.0,0,344,1,374
481,73,64.0,2901.0,12.0,7.0,1,340,0,364
481,77,314.0,2875.0,9.0,7.0,1,320,0,357
481,78,4.0,2928.0,6.0,10.0,0,295,26,357
481,81,9.0,2901.0,9.0,5.0,1,327,0,351
481,85,349.0,2884.0,10.0,6.0,0,313,2,346
481,90,310.0,2871.0,12.0,6.0,1,299,0,339
481,131,22.0,3043.0,6.0,4.0,0,212,3,253
481,143,0.0,2916.0,7.0,8.0,0,210,14,241
481,157,255.0,2895.0,13.0,8.0,1,182,0,201
481,184,49.0,2897.0,10.0,7.0,1,122,0,134
482,2,1860.0,3064.0,13.0,12.0,1,447,0,480
482,45,0.0,2892.0,7.0,10.0,0,374,1,399
482,46,267.0,2882.0,11.0,6.0,1,363,0,399
482,47,300.0,2876.0,9.0,8.0,1,357,0,398
482,53,4.0,2923.0,4.0,6.0,0,343,21,392
482,56,82.0,2899.0,14.0,9.0,1,368,0,388
482,58,164.0,2770.0,7.0,8.0,1,355,0,386
482,64,248.0,2870.0,11.0,7.0,1,344,0,376
482,66,172.0,2865.0,13.0,7.0,1,345,0,375
482,73,68.0,2896.0,12.0,7.0,1,341,0,365
482,77,310.0,2873.0,10.0,5.0,1,321,0,358
482,78,4.0,2928.0,6.0,10.0,0,295,27,358
482,81,10.0,2890.0,11.0,9.0,1,328,0,352
482,85,326.0,2878.0,11.0,4.0,1,314,0,347
482,90,312.0,2865.0,12.0,8.0,1,300,0,340
482,131,22.0,3043.0,6.0,4.0,0,212,4,254
482,143,0.0,2916.0,7.0,8.0,0,210,15,242
482,157,250.0,2889.0,12.0,8.0,1,183,0,202
482,184,39.0,2898.0,10.0,6.0,1,123,0,135
483,2,1856.0,3072.0,18.0,5.0,1,448,0,481
483,45,0.0,2892.0,7.0,10.0,0,374,2,400
483,46,265.0,2880.0,13.0,8.0,1,364,0,400
483,47,310.0,2932.0,12.0,10.0,1,358,0,399
483,53,4.0,2923.0,4.0,6.0,0,343,22,393
483,56,75.0,2903.0,15.0,7.0,1,369,0,389
483,58,247.0,2869.0,8.0,11.0,1,356,0,387
483,64,251.0,2872.0,10.0,8.0,1,345,0,377
483,66,167.0,2869.0,13.0,8.0,1,346,0,376
483,73,56.0,2900.0,11.0,6.0,1,342,0,366
483,77,304.0,2871.0,8.0,7.0,1,322,0,359
483,78,4.0,2928.0,6.0,10.0,0,295,28,359
483,81,1.0,2895.0,9.0,8.0,1,329,0,353
483,85,328.0,2875.0,10.0,6.0,1,315,0,348
483,90,298.0,2872.0,10.0,4.0,1,301,0,341
483,131,22.0,3043.0,6.0,4.0,0,212,5,255
483,143,0.0,2916.0,7.0,8.0,0,210,16,243
483,157,247.0,2885.0,10.0,8.0,1,184,0,203
483,184,38.0,2893.0,14.0,8.0,1,124,0,136
484,2,1869.0,3069.0,13.0,9.0,1,449,0,482
484,45,0.0,2892.0,7.0,10.0,0,374,3,401
484,46,255.0,2877.0,12.0,8.0,1,365,0,401
484,47,283.0,2876.0,9.0,9.0,1,359,0,400
484,53,4.0,2923.0,4.0,6.0,0,343,23,394
484,56,71.0,2896.0,16.0,10.0,1,370,0,390
484,58,236.0,2870.0,10.0,4.0,1,357,0,388
484,64,249.0,2871.0,11.0,7.0,1,346,0,378
484,66,164.0,2861.0,12.0,8.0,1,347,0,377
484,73,53.0,2902.0,10.0,9.0,1,343,0,367
484,77,297.0,2871.0,6.0,7.0,1,323,0,360
484,78,4.0,2928.0,6.0,10.0,0,295,29,360
484,81,0.0,2897.0,7.0,9.0,1,330,0,354
484,85,318.0,2873.0,12.0,4.0,1,316,0,349
484,90,305.0,2870.0,7.0,8.0,1,302,0,342
484,131,22.0,3043.0,6.0,4.0,0,212,6,256
484,143,0.0,2916.0,7.0,8.0,0,210,17,244
484,157,239.0,2887.0,15.0,7.0,1,185,0,204
484,184,24.0,2896.0,13.0,9.0,1,125,0,137
485,2,1871.0,3066.0,10.0,9.0,1,450,0,483
485,45,0.0,2892.0,7.0,10.0,0,374,4,402
485,46,256.0,2877.0,11.0,8.0,1,366,0,402
485,47,285.0,2872.0,10.0,7.0,1,360,0,401
485,53,4.0,2923.0,4.0,6.0,0,343,24,395
485,56,71.0,2896.0,16.0,10.0,0,370,1,391
485,58,228.0,2867.0,14.0,6.0,1,358,0,389
485,64,249.0,2871.0,11.0,7.0,0,346,1,379
485,66,152.0,2868.0,11.0,10.0,1,348,0,378
485,73,54.0,2901.0,11.0,7.0,1,344,0,368
485,77,291.0,2872.0,7.0,4.0,1,324,0,361
485,81,0.0,2897.0,7.0,9.0,0,330,1,355
485,85,319.0,2871.0,10.0,6.0,1,317,0,350
485,90,293.0,2869.0,9.0,5.0,1,303,0,343
485,131,22.0,3043.0,6.0,4.0,0,212,7,257
485,143,0.0,2916.0,7.0,8.0,0,210,18,245
485,157,237.0,2886.0,14.0,9.0,1,186,0,205
485,184,21.0,2896.0,13.0,9.0,1,126,0,138
486,2,1870.0,3062.0,11.0,10.0,1,451,0,484
486,45,0.0,2892.0,7.0,10.0,0,374,5,403
486,46,256.0,2877.0,11.0,8.0,0,366,1,403
486,47,285.0,2872.0,10.0,7.0,0,360,1,402
486,53,4.0,2923.0,4.0,6.0,0,343,25,396
486,56,56.0,2895.0,15.0,6.0,1,371,0,392
486,58,228.0,2867.0,13.0,7.0,1,359,0,390
486,64,236.0,2864.0,12.0,8.0,1,347,0,380
486,66,149.0,2857.0,12.0,6.0,1,349,0,379
486,73,42.0,2896.0,12.0,6.0,1,345,0,369
486,77,291.0,2872.0,7.0,4.0,0,324,1,362
486,81,0.0,2897.0,7.0,9.0,0,330,2,356
486,85,313.0,2878.0,11.0,4.0,1,318,0,351
486,90,288.0,2863.0,10.0,5.0,1,304,0,344
486,131,22.0,3043.0,6.0,4.0,0,212,8,258
486,143,0.0,2916.0,7.0,8.0,0,210,19,246
486,157,227.0,2879.0,17.0,7.0,1,187,0,206
486,184,27.0,2900.0,12.0,9.0,1,127,0,139
487,2,1862.0,3065.0,17.0,10.0,1,452,0,485
487,45,0.0,2892.0,7.0,10.0,0,374,6,404
487,46,251.0,2879.0,10.0,5.0,1,367,0,404
487,47,280.0,2869.0,9.0,6.0,1,361,0,403
487,53,4.0,2923.0,4.0,6.0,0,343,26,397
487,56,60.0,2897.0,14.0,9.0,1,372,0,393
487,58,225.0,2869.0,7.0,7.0,1,360,0,391
487,64,235.0,2870.0,13.0,10.0,1,348,0,381
487,66,144.0,2863.0,14.0,6.0,1,350,0,380
487,73,42.0,2894.0,9.0,6.0,1,346,0,370
487,77,278.0,2870.0,10.0,7.0,1,325,0,363
487,81,0.0,2897.0,7.0,9.0,0,330,3,357
487,85,301.0,2873.0,13.0,7.0,1,319,0,352
487,90,281.0,2866.0,5.0,8.0,1,305,0,345
487,131,22.0,3043.0,6.0,4.0,0,212,9,259
487,143,0.0,2916.0,7.0,8.0,0,210,20,247
487,157,224.0,2883.0,12.0,7.0,1,188,0,207
487,184,18.0,2895.0,12.0,8.0,1,128,0,140
488,2,1861.0,3070.0,18.0,9.0,1,453,0,486
488,45,0.0,2892.0,7.0,10.0,0,374,7,405
488,46,238.0,2872.0,13.0,8.0,1,368,0,405
488,47,276.0,2869.0,8.0,7.0,1,362,0,404
488,53,4.0,2923.0,4.0,6.0,0,343,27,398
488,56,52.0,2898.0,13.0,9.0,1,373,0,394
488,58,212.0,2870.0,10.0,5.0,1,361,0,392
488,64,234.0,2864.0,11.0,9.0,1,349,0,382
488,66,144.0,2859.0,9.0,10.0,1,351,0,381
488,73,35.0,2892.0,10.0,8.0,1,347,0,371
488,77,272.0,2869.0,7.0,9.0,1,326,0,364
488,81,0.0,2897.0,7.0,9.0,0,330,4,358
488,85,301.0,2868.0,13.0,6.0,1,320,0,353
488,90,274.0,2864.0,8.0,9.0,1,306,0,346
488,131,22.0,3043.0,6.0,4.0,0,212,10,260
488,143,0.0,2916.0,7.0,8.0,0,210,21,248
488,157,224.0,2883.0,12.0,7.0,0,188,1,208
488,184,14.0,2898.0,11.0,9.0,1,129,0,141
489,2,1860.0,3063.0,14.0,10.0,1,454,0,487
489,45,0.0,2892.0,7.0,10.0,0,374,8,406
489,46,232.0,2869.0,12.0,7.0,1,369,0,406
489,47,269.0,2870.0,8.0,8.0,1,363,0,405
489,53,4.0,2923.0,4.0,6.0,0,343,28,399
489,56,52.0,2898.0,13.0,9.0,0,373,1,395
489,58,210.0,2864.0,12.0,8.0,1,362,0,393
489,64,225.0,2864.0,10.0,9.0,1,350,0,383
489,66,138.0,2859.0,9.0,10.0,1,352,0,382
489,73,33.0,2892.0,9.0,8.0,1,348,0,372
489,77,266.0,2867.0,8.0,5.0,1,327,0,365
489,81,0.0,2897.0,7.0,9.0,0,330,5,359
489,85,301.0,2868.0,13.0,6.0,0,320,1,354
489,90,274.0,2868.0,8.0,5.0,1,307,0,347
489,131,22.0,3043.0,6.0,4.0,0,212,11,261
489,143,0.0,2916.0,7.0,8.0,0,210,22,249
489,157,216.0,2885.0,12.0,6.0,1,189,0,209
489,184,7.0,2892.0,14.0,9.0,1,130,0,142
490,2,1868.0,3061.0,10.0,8.0,1,455,0,488
490,45,0.0,2892.0,7.0,10.0,0,374,9,407
490,46,232.0,2868.0,9.0,9.0,1,370,0,407
490,47,266.0,2860.0,11.0,7.0,1,364,0,406
490,53,4.0,2923.0,4.0,6.0,0,343,29,400
490,56,40.0,2890.0,13.0,8.0,1,374,0,396
490,58,220.0,2867.0,8.0,7.0,1,363,0,394
490,64,220.0,2866.0,12.0,9.0,1,351,0,384
490,66,130.0,2862.0,10.0,10.0,1,353,0,383
490,73,24.0,2892.0,12.0,7.0,1,349,0,373
490,77,261.0,2866.0,7.0,8.0,1,328,0,366
490,81,0.0,2897.0,7.0,9.0,0,330,6,360
490,85,293.0,2865.0,10.0,7.0,1,321,0,355
490,90,272.0,2863.0,7.0,8.0,1,308,0,348
490,131,22.0,3043.0,6.0,4.0,0,212,12,262
490,143,0.0,2916.0,7.0,8.0,0,210,23,250
490,157,216.0,2885.0,12.0,6.0,0,189,1,210
490,184,7.0,2892.0,14.0,9.0,0,130,1,143
491,2,1870.0,3054.0,14.0,13.0,1,456,0,489
491,45,0.0,2892.0,7.0,10.0,0,374,10,408
491,46,230.0,2868.0,10.0,6.0,1,371,0,408
491,47,266.0,2866.0,6.0,7.0,1,365,0,407
491,56,37.0,2889.0,14.0,9.0,1,375,0,397
491,58,205.0,2857.0,10.0,9.0,1,364,0,395
491,64,213.0,2865.0,11.0,8.0,1,352,0,385
491,66,129.0,2863.0,12.0,10.0,1,354,0,384
491,73,24.0,2892.0,9.0,8.0,1,350,0,374
491,77,256.0,2862.0,9.0,7.0,1,329,0,367
491,81,0.0,2897.0,7.0,9.0,0,330,7,361
491,85,282.0,2868.0,12.0,8.0,1,322,0,356
491,90,269.0,2865.0,8.0,5.0,1,309,0,349
491,131,22.0,3043.0,6.0,4.0,0,212,13,263
491,143,0.0,2916.0,7.0,8.0,0,210,24,251
491,157,212.0,2875.0,9.0,8.0,1,190,0,211
491,184,7.0,2894.0,10.0,10.0,1,131,0,144
492,2,1878.0,3059.0,9.0,8.0,1,457,0,490
492,45,0.0,2892.0,7.0,10.0,0,374,11,409
492,46,222.0,2877.0,14.0,11.0,1,372,0,409
492,47,254.0,2864.0,8.0,4.0,1,366,0,408
492,56,29.0,2892.0,13.0,10.0,1,376,0,398
492,58,198.0,2866.0,9.0,5.0,1,365,0,396
492,64,212.0,2860.0,9.0,10.0,1,353,0,386
492,66,118.0,2861.0,9.0,7.0,1,355,0,385
492,73,20.0,2887.0,12.0,8.0,1,351,0,375
492,77,251.0,2862.0,11.0,6.0,1,330,0,368
492,81,0.0,2897.0,7.0,9.0,0,330,8,362
492,85,281.0,2860.0,12.0,8.0,1,323,0,357
492,90,253.0,2861.0,10.0,7.0,1,310,0,350
492,131,22.0,3043.0,6.0,4.0,0,212,14,264
492,143,0.0,2916.0,7.0,8.0,0,210,25,252
492,157,204.0,2873.0,11.0,8.0,1,191,0,212
492,184,0.0,2894.0,4.0,10.0,1,132,0,145
493,2,1869.0,3065.0,14.0,10.0,1,458,0,491
493,45,0.0,2892.0,7.0,10.0,0,374,12,410
493,46,213.0,2867.0,12.0,12.0,1,373,0,410
493,47,250.0,2864.0,8.0,7.0,1,367,0,409
493,56,32.0,2893.0,14.0,9.0,1,377,0,399
493,58,191.0,2861.0,11.0,7.0,1,366,0,397
493,64,211.0,2865.0,10.0,9.0,1,354,0,387
493,66,118.0,2861.0,9.0,7.0,0,355,1,386
493,73,9.0,2892.0,11.0,8.0,1,352,0,376
493,77,243.0,2865.0,9.0,6.0,1,331,0,369
493,81,0.0,2897.0,7.0,9.0,0,330,9,363
493,85,281.0,2860.0,12.0,8.0,0,323,1,358
493,90,253.0,2861.0,10.0,7.0,0,310,1,351
493,131,22.0,3043.0,6.0,4.0,0,212,15,265
493,143,0.0,2916.0,7.0,8.0,0,210,26,253
493,157,195.0,2877.0,13.0,8.0,1,192,0,213
493,184,0.0,2894.0,4.0,10.0,0,132,1,146
494,2,1874.0,3063.0,11.0,7.0,1,459,0,492
494,45,0.0,2892.0,7.0,10.0,0,374,13,411
494,46,216.0,2870.0,9.0,8.0,1,374,0,411
494,47,250.0,2864.0,8.0,7.0,0,367,1,410
494,56,25.0,2890.0,12.0,9.0,1,378,0,400
494,58,184.0,2861.0,9.0,8.0,1,367,0,398
494,64,199.0,2864.0,14.0,9.0,1,355,0,388
494,66,104.0,2868.0,12.0,6.0,1,356,0,387
494,73,8.0,2892.0,10.0,8.0,1,353,0,377
494,77,241.0,2860.0,8.0,7.0,1,332,0,370
494,81,0.0,2897.0,7.0,9.0,0,330,10,364
494,85,270.0,2869.0,12.0,8.0,1,324,0,359
494,90,248.0,2857.0,8.0,5.0,1,311,0,352
494,131,22.0,3043.0,6.0,4.0,0,212,16,266
494,143,0.0,2916.0,7.0,8.0,0,210,27,254
494,157,195.0,2875.0,11.0,6.0,1,193,0,214
494,184,0.0,2894.0,4.0,10.0,0,132,2,147
495,2,1871.0,3046.0,10.0,9.0,1,460,0,493
495,45,0.0,2892.0,7.0,10.0,0,374,14,412
495,46,197.0,2853.0,11.0,10.0,1,375,0,412
495,47,242.0,2860.0,9.0,6.0,1,368,0,411
495,56,14.0,2886.0,15.0,7.0,1,379,0,401
495,58,181.0,2854.0,12.0,7.0,1,368,0,399
495,64,199.0,2866.0,9.0,6.0,1,356,0,389
495,66,105.0,2864.0,10.0,8.0,1,357,0,388
495,73,2.0,2892.0,10.0,4.0,1,354,0,378
495,77,234.0,2858.0,8.0,8.0,1,333,0,371
495,81,0.0,2897.0,7.0,9.0,0,330,11,365
495,85,269.0,2862.0,13.0,9.0,1,325,0,360
495,90,248.0,2857.0,8.0,5.0,0,311,1,353
495,131,22.0,3043.0,6.0,4.0,0,212,17,267
495,143,0.0,2916.0,7.0,8.0,0,210,28,255
495,157,191.0,2873.0,13.0,8.0,1,194,0,215
495,184,47.0,2793.0,8.0,6.0,1,133,0,148
496,2,1865.0,3052.0,17.0,9.0,1,461,0,494
496,45,0.0,2892.0,7.0,10.0,0,374,15,413
496,46,188.0,2857.0,12.0,7.0,1,376,0,413
496,47,241.0,2867.0,10.0,6.0,1,369,0,412
496,56,19.0,2886.0,14.0,8.0,1,380,0,402
496,58,172.0,2861.0,12.0,8.0,1,369,0,400
496,64,196.0,2866.0,14.0,10.0,1,357,0,390
496,66,99.0,2855.0,14.0,9.0,1,358,0,389
496,73,0.0,2889.0,7.0,6.0,1,355,0,379
496,77,234.0,2858.0,8.0,8.0,0,333,1,372
496,81,0.0,2897.0,7.0,9.0,0,330,12,366
496,85,259.0,2863.0,9.0,7.0,1,326,0,361
496,90,240.0,2861.0,7.0,9.0,1,312,0,354
496,131,22.0,3043.0,6.0,4.0,0,212,18,268
496,143,0.0,2916.0,7.0,8.0,0,210,29,256
496,157,184.0,2879.0,11.0,10.0,1,195,0,216
496,184,47.0,2793.0,8.0,6.0,0,133,1,149
497,2,1868.0,3049.0,12.0,8.0,1,462,0,495
497,45,0.0,2892.0,7.0,10.0,0,374,16,414
497,46,178.0,2861.0,13.0,9.0,1,377,0,414
497,47,241.0,2867.0,10.0,6.0,0,369,1,413
497,56,19.0,2886.0,14.0,8.0,0,380,1,403
497,58,174.0,2862.0,11.0,8.0,1,370,0,401
497,64,190.0,2863.0,13.0,6.0,1,358,0,391
497,66,84.0,2858.0,14.0,10.0,1,359,0,390
497,73,0.0,2892.0,3.0,6.0,1,356,0,380
497,77,221.0,2863.0,11.0,6.0,1,334,0,373
497,81,0.0,2897.0,7.0,9.0,0,330,13,367
497,85,265.0,2858.0,9.0,8.0,1,327,0,362
497,90,235.0,2858.0,8.0,6.0,1,313,0,355
497,131,22.0,3043.0,6.0,4.0,0,212,19,269
497,157,184.0,2879.0,12.0,7.0,1,196,0,217
497,184,47.0,2793.0,8.0,6.0,0,133,2,150
498,2,1872.0,3051.0,12.0,8.0,1,463,0,496
498,45,0.0,2892.0,7.0,10.0,0,374,17,415
498,46,179.0,2860.0,11.0,10.0,1,378,0,415
498,47,228.0,2857.0,8.0,7.0,1,370,0,414
498,56,3.0,2885.0,10.0,8.0,1,381,0,404
498,58,170.0,2857.0,9.0,9.0,1,371,0,402
498,64,191.0,2863.0,10.0,7.0,1,359,0,392
498,66,86.0,2855.0,12.0,6.0,1,360,0,391
498,73,0.0,2892.0,3.0,6.0,0,356,1,381
498,77,221.0,2863.0,11.0,6.0,0,334,1,374
498,81,0.0,2897.0,7.0,9.0,0,330,14,368
498,85,249.0,2853.0,12.0,6.0,1,328,0,363
498,90,227.0,2853.0,10.0,7.0,1,314,0,356
498,131,22.0,3043.0,6.0,4.0,0,212,20,270
498,157,177.0,2873.0,8.0,5.0,1,197,0,218
498,184,47.0,2793.0,8.0,6.0,0,133,3,151
499,2,1877.0,3046.0,14.0,11.0,1,464,0,497
499,45,0.0,2892.0,7.0,10.0,0,374,18,416
499,46,172.0,2859.0,13.0,8.0,1,379,0,416
499,47,219.0,2857.0,9.0,8.0,1,371,0,415
499,56,41.0,2880.0,9.0,13.0,1,382,0,405
499,58,160.0,2857.0,9.0,7.0,1,372,0,403
499,64,180.0,2871.0,12.0,6.0,1,360,0,393
499,66,78.0,2859.0,14.0,9.0,1,361,0,392
499,73,2.0,2885.0,11.0,7.0,1,357,0,382
499,77,206.0,2857.0,10.0,7.0,1,335,0,375
499,81,0.0,2897.0,7.0,9.0,0,330,15,369
499,85,251.0,2861.0,11.0,8.0,1,329,0,364
499,90,227.0,2853.0,10.0,7.0,0,314,1,357
499,131,22.0,3043.0,6.0,4.0,0,212,21,271
499,157,177.0,2873.0,11.0,8.0,1,198,0,219
499,184,78.0,2836.0,21.0,10.0,1,134,0,152
500,2,1869.0,3045.0,12.0,10.0,1,465,0,498
500,45,0.0,2892.0,7.0,10.0,0,374,19,417
500,46,162.0,2860.0,11.0,9.0,1,380,0,417
500,47,214.0,2856.0,8.0,8.0,1,372,0,416
500,56,41.0,2880.0,9.0,13.0,0,382,1,406
500,58,153.0,2855.0,10.0,8.0,1,373,0,404
500,64,177.0,2866.0,13.0,8.0,1,361,0,394
500,66,76.0,2857.0,13.0,8.0,1,362,0,393
500,73,0.0,2883.0,9.0,7.0,1,358,0,383
500,77,205.0,2857.0,9.0,6.0,1,336,0,376
500,81,0.0,2897.0,7.0,9.0,0,330,16,370
500,85,243.0,2857.0,13.0,7.0,1,330,0,365
500,90,223.0,2855.0,8.0,7.0,1,315,0,358
500,131,22.0,3043.0,6.0,4.0,0,212,22,272
500,157,175.0,2873.0,7.0,7.0,1,199,0,220
500,184,78.0,2836.0,21.0,10.0,0,134,1,153
501,2,1864.0,3044.0,16.0,8.0,1,466,0,499
501,45,0.0,2892.0,7.0,10.0,0,374,20,418
501,46,162.0,2860.0,11.0,9.0,0,380,1,418
501,47,208.0,2857.0,9.0,6.0,1,373,0,417
501,56,41.0,2880.0,9.0,13.0,0,382,2,407
501,58,147.0,2853.0,10.0,7.0,1,374,0,405
501,64,174.0,2861.0,10.0,6.0,1,362,0,395
501,66,72.0,2856.0,13.0,8.0,1,363,0,394
501,73,0.0,2883.0,9.0,7.0,0,358,1,384
501,77,200.0,2847.0,9.0,6.0,1,337,0,377
501,81,0.0,2897.0,7.0,9.0,0,330,17,371
501,85,243.0,2857.0,13.0,7.0,0,330,1,366
501,90,209.0,2855.0,12.0,8.0,1,316,0,359
501,131,22.0,3043.0,6.0,4.0,0,212,23,273
501,157,160.0,2872.0,14.0,8.0,1,200,0,221
501,184,78.0,2836.0,21.0,10.0,0,134,2,154
502,2,1871.0,3045.0,13.0,9.0,1,467,0,500
502,45,0.0,2892.0,7.0,10.0,0,374,21,419
502,46,160.0,2856.0,14.0,8.0,1,381,0,419
502,47,206.0,2856.0,8.0,8.0,1,374,0,418
502,56,41.0,2880.0,9.0,13.0,0,382,3,408
502,58,145.0,2861.0,10.0,8.0,1,375,0,406
502,64,166.0,2864.0,9.0,5.0,1,363,0,396
502,66,65.0,2854.0,13.0,8.0,1,364,0,395
502,73,0.0,2883.0,9.0,7.0,0,358,2,385
502,77,193.0,2853.0,10.0,7.0,1,338,0,378
502,81,0.0,2897.0,7.0,9.0,0,330,18,372
502,85,234.0,2852.0,11.0,8.0,1,331,0,367
502,90,210.0,2851.0,11.0,9.0,1,317,0,360
502,131,22.0,3043.0,6.0,4.0,0,212,24,274
502,157,162.0,2870.0,12.0,6.0,1,201,0,222
502,184,78.0,2836.0,21.0,10.0,0,134,3,155
503,2,1874.0,3040.0,10.0,8.0,1,468,0,501
503,45,0.0,2892.0,7.0,10.0,0,374,22,420
503,46,156.0,2854.0,10.0,9.0,1,382,0,420
503,47,201.0,2854.0,10.0,7.0,1,375,0,419
503,56,41.0,2880.0,9.0,13.0,0,382,4,409
503,58,140.0,2860.0,10.0,5.0,1,376,0,407
503,64,158.0,2866.0,14.0,5.0,1,364,0,397
503,66,56.0,2855.0,15.0,8.0,1,365,0,396
503,73,0.0,2883.0,9.0,7.0,0,358,3,386
503,77,190.0,2851.0,10.0,6.0,1,339,0,379
503,81,0.0,2897.0,7.0,9.0,0,330,19,373
503,85,224.0,2856.0,15.0,7.0,1,332,0,368
503,90,200.0,2851.0,8.0,7.0,1,318,0,361
503,131,22.0,3043.0,6.0,4.0,0,212,25,275
503,157,151.0,2866.0,10.0,5.0,1,202,0,223
503,184,78.0,2836.0,21.0,10.0,0,134,4,156
504,2,1878.0,3034.0,13.0,6.0,1,469,0,502
504,45,0.0,2892.0,7.0,10.0,0,374,23,421
504,46,149.0,2854.0,10.0,7.0,1,383,0,421
504,47,196.0,2857.0,7.0,6.0,1,376,0,420
504,56,41.0,2880.0,9.0,13.0,0,382,5,410
504,58,140.0,2860.0,10.0,5.0,0,376,1,408
504,64,156.0,2866.0,13.0,7.0,1,365,0,398
504,66,59.0,2856.0,13.0,8.0,1,366,0,397
504,73,0.0,2883.0,9.0,7.0,0,358,4,387
504,77,174.0,2863.0,13.0,7.0,1,340,0,380
504,81,0.0,2897.0,7.0,9.0,0,330,20,374
504,85,226.0,2856.0,14.0,9.0,1,333,0,369
504,90,193.0,2854.0,9.0,7.0,1,319,0,362
504,131,22.0,3043.0,6.0,4.0,0,212,26,276
504,157,151.0,2872.0,10.0,6.0,1,203,0,224
504,184,78.0,2836.0,21.0,10.0,0,134,5,157
505,2,1874.0,3039.0,10.0,11.0,1,470,0,503
505,45,0.0,2892.0,7.0,10.0,0,374,24,422
505,46,142.0,2855.0,11.0,9.0,1,384,0,422
505,47,190.0,2854.0,11.0,8.0,1,377,0,421
505,56,41.0,2880.0,9.0,13.0,0,382,6,411
505,58,133.0,2854.0,10.0,9.0,1,377,0,409
505,64,150.0,2861.0,9.0,7.0,1,366,0,399
505,66,46.0,2852.0,12.0,8.0,1,367,0,398
505,73,0.0,2883.0,9.0,7.0,0,358,5,388
505,77,177.0,2850.0,12.0,9.0,1,341,0,381
505,81,0.0,2897.0,7.0,9.0,0,330,21,375
505,85,218.0,2853.0,14.0,9.0,1,334,0,370
505,90,187.0,2853.0,10.0,5.0,1,320,0,363
505,131,22.0,3043.0,6.0,4.0,0,212,27,277
505,157,146.0,2862.0,12.0,7.0,1,204,0,225
505,184,78.0,2836.0,21.0,10.0,0,134,6,158
506,2,1870.0,3035.0,16.0,7.0,1,471,0,504
506,45,0.0,2892.0,7.0,10.0,0,374,25,423
506,46,141.0,2850.0,11.0,8.0,1,385,0,423
506,47,182.0,2860.0,10.0,8.0,1,378,0,422
506,56,41.0,2880.0,9.0,13.0,0,382,7,412
506,58,119.0,2853.0,9.0,9.0,1,378,0,410
506,64,155.0,2862.0,9.0,5.0,1,367,0,400
506,66,40.0,2856.0,11.0,6.0,1,368,0,399
506,73,0.0,2883.0,9.0,7.0,0,358,6,389
506,77,170.0,2853.0,12.0,7.0,1,342,0,382
506,81,0.0,2897.0,7.0,9.0,0,330,22,376
506,85,207.0,2851.0,14.0,8.0,1,335,0,371
506,90,179.0,2858.0,8.0,7.0,1,321,0,364
506,131,22.0,3043.0,6.0,4.0,0,212,28,278
506,157,138.0,2868.0,11.0,8.0,1,205,0,226
506,184,78.0,2836.0,21.0,10.0,0,134,7,159
507,2,1868.0,3033.0,13.0,10.0,1,472,0,505
507,45,0.0,2892.0,7.0,10.0,0,374,26,424
507,46,133.0,2858.0,13.0,9.0,1,386,0,424
507,47,177.0,2858.0,9.0,7.0,1,379,0,423
507,56,41.0,2880.0,9.0,13.0,0,382,8,413
507,58,119.0,2849.0,12.0,8.0,1,379,0,411
507,64,155.0,2862.0,9.0,5.0,0,367,1,401
507,66,37.0,2848.0,12.0,9.0,1,369,0,400
507,73,0.0,2883.0,9.0,7.0,0,358,7,390
507,77,164.0,2853.0,10.0,7.0,1,343,0,383
507,81,0.0,2897.0,7.0,9.0,0,330,23,377
507,85,201.0,2857.0,12.0,7.0,1,336,0,372
507,90,182.0,2858.0,10.0,8.0,1,322,0,365
507,131,22.0,3043.0,6.0,4.0,0,212,29,279
507,157,134.0,2864.0,6.0,6.0,1,206,0,227
507,184,78.0,2836.0,21.0,10.0,0,134,8,160
508,2,1873.0,3035.0,8.0,8.0,1,473,0,506
508,45,0.0,2892.0,7.0,10.0,0,374,27,425
508,46,124.0,2853.0,12.0,11.0,1,387,0,425
508,47,166.0,2851.0,14.0,9.0,1,380,0,424
508,56,41.0,2880.0,9.0,13.0,0,382,9,414
508,58,113.0,2851.0,12.0,10.0,1,380,0,412
508,64,134.0,2862.0,11.0,7.0,1,368,0,402
508,66,37.0,2848.0,10.0,8.0,1,370,0,401
508,73,0.0,2883.0,9.0,7.0,0,358,8,391
508,77,157.0,2848.0,11.0,7.0,1,344,0,384
508,81,0.0,2897.0,7.0,9.0,0,330,24,378
508,85,201.0,2857.0,12.0,7.0,0,336,1,373
508,90,175.0,2850.0,11.0,8.0,1,323,0,366
508,157,131.0,2860.0,10.0,6.0,1,207,0,228
508,184,78.0,2836.0,21.0,10.0,0,134,9,161
509,2,1872.0,3026.0,9.0,9.0,1,474,0,507
509,45,0.0,2892.0,7.0,10.0,0,374,28,426
509,46,119.0,2848.0,12.0,10.0,1,388,0,426
509,47,164.0,2856.0,11.0,7.0,1,381,0,425
509,56,41.0,2880.0,9.0,13.0,0,382,10,415
509,58,108.0,2850.0,9.0,11.0,1,381,0,413
509,64,133.0,2858.0,10.0,6.0,1,369,0,403
509,66,23.0,2854.0,13.0,9.0,1,371,0,402
509,73,0.0,2883.0,9.0,7.0,0,358,9,392
509,77,150.0,2846.0,11.0,9.0,1,345,0,385
509,81,0.0,2897.0,7.0,9.0,0,330,25,379
509,85,193.0,2851.0,10.0,8.0,1,337,0,374
509,90,167.0,2855.0,11.0,9.0,1,324,0,367
509,157,124.0,2860.0,11.0,9.0,1,208,0,229
509,184,78.0,2836.0,21.0,10.0,0,134,10,162
510,2,1869.0,3021.0,11.0,11.0,1,475,0,508
510,45,0.0,2892.0,7.0,10.0,0,374,29,427
510,46,116.0,2854.0,12.0,10.0,1,389,0,427
510,47,158.0,2850.0,9.0,7.0,1,382,0,426
510,56,41.0,2880.0,9.0,13.0,0,382,11,416
510,58,95.0,2857.0,11.0,8.0,1,382,0,414
510,64,128.0,2852.0,8.0,7.0,1,370,0,404
510,66,20.0,2848.0,12.0,9.0,1,372,0,403
510,73,0.0,2883.0,9.0,7.0,0,358,10,393
510,77,137.0,2852.0,14.0,6.0,1,346,0,386
510,81,0.0,2897.0,7.0,9.0,0,330,26,380
510,85,189.0,2846.0,10.0,7.0,1,338,0,375
510,90,161.0,2847.0,11.0,8.0,1,325,0,368
510,157,120.0,2856.0,12.0,11.0,1,209,0,230
510,184,78.0,2836.0,21.0,10.0,0,134,11,163
511,2,1870.0,3019.0,11.0,11.0,1,476,0,509
511,46,109.0,2855.0,12.0,10.0,1,390,0,428
511,47,158.0,2850.0,9.0,7.0,0,382,1,427
511,56,41.0,2880.0,9.0,13.0,0,382,12,417
511,58,94.0,2853.0,12.0,9.0,1,383,0,415
511,64,125.0,2853.0,11.0,7.0,1,371,0,405
511,66,20.0,2848.0,12.0,9.0,0,372,1,404
511,73,0.0,2883.0,9.0,7.0,0,358,11,394
511,77,137.0,2852.0,14.0,6.0,0,346,1,387
511,81,0.0,2897.0,7.0,9.0,0,330,27,381
511,85,179.0,2855.0,14.0,6.0,1,339,0,376
511,90,156.0,2851.0,9.0,7.0,1,326,0,369
511,157,113.0,2858.0,7.0,7.0,1,210,0,231
511,184,78.0,2836.0,21.0,10.0,0,134,12,164
512,2,1864.0,3026.0,13.0,8.0,1,477,0,510
512,46,109.0,2855.0,12.0,10.0,0,390,1,429
512,47,146.0,2855.0,14.0,7.0,1,383,0,428
512,56,41.0,2880.0,9.0,13.0,0,382,13,418
512,58,84.0,2852.0,12.0,6.0,1,384,0,416
512,64,117.0,2856.0,10.0,6.0,1,372,0,406
512,66,10.0,2845.0,13.0,10.0,1,373,0,405
512,73,0.0,2883.0,9.0,7.0,0,358,12,395
512,77,132.0,2845.0,9.0,7.0,1,347,0,388
512,81,0.0,2897.0,7.0,9.0,0,330,28,382
512,85,182.0,2852.0,11.0,10.0,1,340,0,377
512,90,148.0,2853.0,13.0,7.0,1,327,0,370
512,157,108.0,2850.0,10.0,9.0,1,211,0,232
512,184,78.0,2836.0,21.0,10.0,0,134,13,165
513,2,1861.0,3020.0,14.0,8.0,1,478,0,511
513,46,102.0,2855.0,9.0,7.0,1,391,0,430
513,47,148.0,2860.0,12.0,7.0,1,384,0,429
513,56,41.0,2880.0,9.0,13.0,0,382,14,419
513,58,82.0,2850.0,9.0,8.0,1,385,0,417
513,64,111.0,2858.0,11.0,6.0,1,373,0,407
513,66,2.0,2850.0,14.0,10.0,1,374,0,406
513,73,0.0,2883.0,9.0,7.0,0,358,13,396
513,77,126.0,2847.0,11.0,8.0,1,348,0,389
513,81,0.0,2897.0,7.0,9.0,0,330,29,383
513,85,174.0,2845.0,10.0,8.0,1,341,0,378
513,90,149.0,2853.0,11.0,6.0,1,328,0,371
513,157,107.0,2858.0,12.0,9.0,1,212,0,233
513,184,78.0,2836.0,21.0,10.0,0,134,14,166
514,2,1857.0,3020.0,13.0,9.0,1,479,0,512
514,46,89.0,2846.0,12.0,8.0,1,392,0,431
514,47,138.0,2853.0,10.0,9.0,1,385,0,430
514,56,41.0,2880.0,9.0,13.0,0,382,15,420
514,58,75.0,2845.0,12.0,7.0,1,386,0,418
514,64,110.0,2854.0,10.0,7.0,1,374,0,408
514,66,0.0,2850.0,9.0,9.0,1,375,0,407
514,73,0.0,2883.0,9.0,7.0,0,358,14,397
514,77,119.0,2844.0,11.0,7.0,1,349,0,390
514,85,171.0,2848.0,12.0,8.0,1,342,0,379
514,90,143.0,2852.0,11.0,9.0,1,329,0,372
514,157,101.0,2856.0,10.0,9.0,1,213,0,234
514,184,78.0,2836.0,21.0,10.0,0,134,15,167
515,2,1863.0,3016.0,12.0,9.0,1,480,0,513
515,46,84.0,2847.0,10.0,10.0,1,393,0,432
515,47,128.0,2851.0,12.0,7.0,1,386,0,431
515,56,41.0,2880.0,9.0,13.0,0,382,16,421
515,58,69.0,2853.0,10.0,11.0,1,387,0,419
515,64,99.0,2858.0,13.0,6.0,1,375,0,409
515,66,0.0,2850.0,9.0,9.0,0,375,1,408
515,73,0.0,2883.0,9.0,7.0,0,358,15,398
515,77,119.0,2844.0,11.0,7.0,0,349,1,391
515,85,167.0,2843.0,8.0,10.0,1,343,0,380
515,90,136.0,2855.0,12.0,7.0,1,330,0,373
515,157,91.0,2855.0,9.0,8.0,1,214,0,235
515,184,78.0,2836.0,21.0,10.0,0,134,16,168
516,2,1864.0,3010.0,13.0,8.0,1,481,0,514
516,46,84.0,2847.0,10.0,10.0,0,393,1,433
516,47,127.0,2850.0,13.0,9.0,1,387,0,432
516,56,41.0,2880.0,9.0,13.0,0,382,17,422
516,58,62.0,2855.0,9.0,7.0,1,388,0,420
516,64,95.0,2855.0,13.0,8.0,1,376,0,410
516,66,0.0,2850.0,9.0,9.0,0,375,2,409
516,73,0.0,2883.0,9.0,7.0,0,358,16,399
516,77,119.0,2844.0,11.0,7.0,0,349,2,392
516,85,155.0,2853.0,13.0,7.0,1,344,0,381
516,90,128.0,2853.0,12.0,8.0,1,331,0,374
516,157,89.0,2858.0,11.0,7.0,1,215,0,236
516,184,78.0,2836.0,21.0,10.0,0,134,17,169
517,2,1864.0,3010.0,13.0,8.0,0,481,1,515
517,46,73.0,2847.0,10.0,10.0,1,394,0,434
517,47,121.0,2852.0,10.0,6.0,1,388,0,433
517,56,41.0,2880.0,9.0,13.0,0,382,18,423
517,58,58.0,2850.0,10.0,5.0,1,389,0,421
517,64,93.0,2849.0,10.0,7.0,1,377,0,411
517,66,0.0,2850.0,9.0,9.0,0,375,3,410
517,73,0.0,2883.0,9.0,7.0,0,358,17,400
517,77,103.0,2846.0,13.0,7.0,1,350,0,393
517,85,155.0,2853.0,13.0,7.0,0,344,1,382
517,90,128.0,2853.0,12.0,8.0,0,331,1,375
517,157,78.0,2860.0,11.0,7.0,1,216,0,237
517,184,78.0,2836.0,21.0,10.0,0,134,18,170
518,2,1856.0,3011.0,11.0,7.0,1,482,0,516
518,46,74.0,2852.0,10.0,10.0,1,395,0,435
518,47,112.0,2849.0,9.0,6.0,1,389,0,434
518,56,41.0,2880.0,9.0,13.0,0,382,19,424
518,58,50.0,2851.0,11.0,7.0,1,390,0,422
518,64,84.0,2853.0,9.0,6.0,1,378,0,412
518,66,0.0,2850.0,9.0,9.0,0,375,4,411
518,73,0.0,2883.0,9.0,7.0,0,358,18,401
518,77,95.0,2842.0,11.0,8.0,1,351,0,394
518,85,145.0,2842.0,11.0,13.0,1,345,0,383
518,90,118.0,2851.0,12.0,5.0,1,332,0,376
518,157,74.0,2857.0,10.0,10.0,1,217,0,238
518,184,78.0,2836.0,21.0,10.0,0,134,19,171
519,2,1859.0,3011.0,13.0,7.0,1,483,0,517
519,46,63.0,2854.0,11.0,10.0,1,396,0,436
519,47,108.0,2847.0,13.0,6.0,1,390,0,435
519,56,41.0,2880.0,9.0,13.0,0,382,20,425
519,58,49.0,2847.0,12.0,9.0,1,391,0,423
519,64,76.0,2849.0,11.0,7.0,1,379,0,413
519,66,0.0,2850.0,9.0,9.0,0,375,5,412
519,73,0.0,2883.0,9.0,7.0,0,358,19,402
519,77,93.0,2838.0,11.0,11.0,1,352,0,395
519,85,134.0,2849.0,13.0,7.0,1,346,0,384
519,90,109.0,2854.0,11.0,5.0,1,333,0,377
519,157,69.0,2856.0,9.0,6.0,1,218,0,239
519,184,78.0,2836.0,21.0,10.0,0,134,20,172
520,2,1856.0,3007.0,14.0,11.0,1,484,0,518
520,46,58.0,2847.0,10.0,9.0,1,397,0,437
520,47,102.0,2844.0,10.0,10.0,1,391,0,436
520,56,41.0,2880.0,9.0,13.0,0,382,21,426
520,58,43.0,2850.0,10.0,8.0,1,392,0,424
520,64,69.0,2851.0,11.0,5.0,1,380,0,414
520,66,0.0,2850.0,9.0,9.0,0,375,6,413
520,73,0.0,2883.0,9.0,7.0,0,358,20,403
520,77,87.0,2834.0,11.0,10.0,1,353,0,396
520,85,127.0,2853.0,13.0,9.0,1,347,0,385
520,90,109.0,2852.0,11.0,9.0,1,334,0,378
520,157,62.0,2857.0,9.0,6.0,1,219,0,240
520,184,78.0,2836.0,21.0,10.0,0,134,21,173
521,2,1856.0,3007.0,14.0,11.0,0,484,1,519
521,46,55.0,2843.0,10.0,11.0,1,398,0,438
521,47,97.0,2845.0,11.0,7.0,1,392,0,437
521,56,41.0,2880.0,9.0,13.0,0,382,22,427
521,58,33.0,2845.0,11.0,8.0,1,393,0,425
521,64,67.0,2849.0,12.0,6.0,1,381,0,415
521,66,0.0,2850.0,9.0,9.0,0,375,7,414
521,73,0.0,2883.0,9.0,7.0,0,358,21,404
521,77,87.0,2834.0,11.0,10.0,0,353,1,397
521,85,127.0,2853.0,13.0,9.0,0,347,1,386
521,90,102.0,2851.0,11.0,8.0,1,335,0,379
521,157,60.0,2853.0,12.0,7.0,1,220,0,241
521,184,78.0,2836.0,21.0,10.0,0,134,22,174
522,2,1856.0,3006.0,11.0,10.0,1,485,0,520
522,46,45.0,2849.0,11.0,10.0,1,399,0,439
522,47,93.0,2845.0,9.0,8.0,1,393,0,438
522,56,41.0,2880.0,9.0,13.0,0,382,23,428
522,58,28.0,2854.0,11.0,8.0,1,394,0,426
522,64,67.0,2849.0,12.0,6.0,0,381,1,416
522,66,0.0,2850.0,9.0,9.0,0,375,8,415
522,73,0.0,2883.0,9.0,7.0,0,358,22,405
522,77,87.0,2834.0,11.0,10.0,0,353,2,398
522,85,119.0,2838.0,14.0,9.0,1,348,0,387
522,90,96.0,2847.0,9.0,7.0,1,336,0,380
522,157,57.0,2858.0,11.0,9.0,1,221,0,242
522,184,78.0,2836.0,21.0,10.0,0,134,23,175
523,2,1852.0,3007.0,9.0,8.0,1,486,0,521
523,46,43.0,2851.0,14.0,10.0,1,400,0,440
523,47,85.0,2851.0,11.0,5.0,1,394,0,439
523,56,41.0,2880.0,9.0,13.0,0,382,24,429
523,58,18.0,2854.0,10.0,7.0,1,395,0,427
523,64,45.0,2851.0,9.0,10.0,1,382,0,417
523,66,0.0,2850.0,9.0,9.0,0,375,9,416
523,73,0.0,2883.0,9.0,7.0,0,358,23,406
523,77,63.0,2837.0,11.0,8.0,1,354,0,399
523,85,113.0,2847.0,13.0,9.0,1,349,0,388
523,90,85.0,2854.0,11.0,7.0,1,337,0,381
523,157,51.0,2856.0,10.0,5.0,1,222,0,243
523,184,78.0,2836.0,21.0,10.0,0,134,24,176
524,2,1854.0,3003.0,11.0,9.0,1,487,0,522
524,46,33.0,2845.0,12.0,10.0,1,401,0,441
524,47,87.0,2849.0,12.0,8.0,1,395,0,440
524,56,41.0,2880.0,9.0,13.0,0,382,25,430
524,58,16.0,2848.0,11.0,10.0,1,396,0,428
524,64,42.0,2856.0,12.0,11.0,1,383,0,418
524,66,0.0,2850.0,9.0,9.0,0,375,10,417
524,73,0.0,2883.0,9.0,7.0,0,358,24,407
524,77,62.0,2844.0,9.0,8.0,1,355,0,400
524,85,111.0,2846.0,12.0,10.0,1,350,0,389
524,90,77.0,2853.0,12.0,9.0,1,338,0,382
524,157,46.0,2851.0,11.0,6.0,1,223,0,244
524,184,78.0,2836.0,21.0,10.0,0,134,25,177
525,2,1848.0,2995.0,12.0,11.0,1,488,0,523
525,46,28.0,2852.0,11.0,12.0,1,402,0,442
525,47,75.0,2843.0,10.0,7.0,1,396,0,441
525,56,41.0,2880.0,9.0,13.0,0,382,26,431
525,58,8.0,2850.0,14.0,8.0,1,397,0,429
525,64,40.0,2851.0,12.0,8.0,1,384,0,419
525,66,0.0,2850.0,9.0,9.0,0,375,11,418
525,73,0.0,2883.0,9.0,7.0,0,358,25,408
525,77,54.0,2838.0,10.0,9.0,1,356,0,401
525,85,105.0,2845.0,13.0,8.0,1,351,0,390
525,90,63.0,2849.0,14.0,7.0,1,339,0,383
525,157,42.0,2852.0,10.0,6.0,1,224,0,245
525,184,78.0,2836.0,21.0,10.0,0,134,26,178
526,2,1849.0,3001.0,9.0,10.0,1,489,0,524
526,46,18.0,2852.0,12.0,9.0,1,403,0,443
526,47,67.0,2850.0,11.0,6.0,1,397,0,442
526,56,41.0,2880.0,9.0,13.0,0,382,27,432
526,58,8.0,2850.0,14.0,8.0,0,397,1,430
526,64,30.0,2858.0,11.0,8.0,1,385,0,420
526,66,0.0,2850.0,9.0,9.0,0,375,12,419
526,73,0.0,2883.0,9.0,7.0,0,358,26,409
526,77,49.0,2838.0,12.0,8.0,1,357,0,402
526,85,96.0,2837.0,12.0,11.0,1,352,0,391
526,90,67.0,2851.0,11.0,6.0,1,340,0,384
526,157,39.0,2848.0,10.0,7.0,1,225,0,246
526,184,78.0,2836.0,21.0,10.0,0,134,27,179
527,2,1843.0,3003.0,13.0,9.0,1,490,0,525
527,46,18.0,2852.0,12.0,9.0,0,403,1,444
527,47,63.0,2847.0,11.0,7.0,1,398,0,443
527,56,3.0,2846.0,7.0,6.0,1,383,0,433
527,58,8.0,2850.0,14.0,8.0,0,397,2,431
527,64,22.0,2859.0,13.0,8.0,1,386,0,421
527,66,0.0,2850.0,9.0,9.0,0,375,13,420
527,73,0.0,2883.0,9.0,7.0,0,358,27,410
527,77,38.0,2842.0,11.0,10.0,1,358,0,403
527,85,88.0,2844.0,17.0,9.0,1,353,0,392
527,90,64.0,2853.0,12.0,7.0,1,341,0,385
527,157,26.0,2854.0,13.0,5.0,1,226,0,247
527,184,78.0,2836.0,21.0,10.0,0,134,28,180
528,2,1843.0,3006.0,13.0,7.0,1,491,0,526
528,46,12.0,2843.0,12.0,12.0,1,404,0,445
528,47,54.0,2852.0,12.0,8.0,1,399,0,444
528,56,3.0,2846.0,7.0,6.0,0,383,1,434
528,58,8.0,2850.0,14.0,8.0,0,397,3,432
528,64,22.0,2859.0,13.0,8.0,0,386,1,422
528,66,0.0,2850.0,9.0,9.0,0,375,14,421
528,73,0.0,2883.0,9.0,7.0,0,358,28,411
528,77,32.0,2839.0,9.0,8.0,1,359,0,404
528,85,87.0,2849.0,12.0,9.0,1,354,0,393
528,90,56.0,2850.0,13.0,11.0,1,342,0,386
528,157,28.0,2859.0,12.0,5.0,1,227,0,248
528,184,78.0,2836.0,21.0,10.0,0,134,29,181
529,2,1843.0,3000.0,10.0,9.0,1,492,0,527
529,46,12.0,2843.0,12.0,12.0,0,404,1,446
529,47,47.0,2849.0,10.0,6.0,1,400,0,445
529,56,0.0,2850.0,11.0,10.0,1,384,0,435
529,58,8.0,2850.0,14.0,8.0,0,397,4,433
529,64,9.0,2855.0,13.0,9.0,1,387,0,423
529,66,0.0,2850.0,9.0,9.0,0,375,15,422
529,73,0.0,2883.0,9.0,7.0,0,358,29,412
529,77,25.0,2839.0,11.0,8.0,1,360,0,405
529,85,79.0,2840.0,11.0,9.0,1,355,0,394
529,90,52.0,2856.0,10.0,8.0,1,343,0,387
529,157,17.0,2855.0,12.0,5.0,1,228,0,249
530,2,1838.0,2993.0,13.0,12.0,1,493,0,528
530,46,12.0,2843.0,12.0,12.0,0,404,2,447
530,47,39.0,2850.0,13.0,8.0,1,401,0,446
530,56,5.0,2854.0,4.0,10.0,1,385,0,436
530,58,8.0,2850.0,14.0,8.0,0,397,5,434
530,64,2.0,2858.0,11.0,8.0,1,388,0,424
530,66,0.0,2850.0,9.0,9.0,0,375,16,423
530,77,20.0,2844.0,8.0,8.0,1,361,0,406
530,85,71.0,2842.0,13.0,10.0,1,356,0,395
530,90,45.0,2855.0,12.0,8.0,1,344,0,388
530,157,8.0,2856.0,11.0,6.0,1,229,0,250
531,2,1833.0,3004.0,14.0,8.0,1,494,0,529
531,46,12.0,2843.0,12.0,12.0,0,404,3,448
531,47,36.0,2849.0,10.0,10.0,1,402,0,447
531,56,5.0,2854.0,4.0,10.0,0,385,1,437
531,58,8.0,2850.0,14.0,8.0,0,397,6,435
531,64,0.0,2861.0,8.0,8.0,1,389,0,425
531,66,0.0,2850.0,9.0,9.0,0,375,17,424
531,77,13.0,2834.0,11.0,10.0,1,362,0,407
531,85,76.0,2841.0,12.0,9.0,1,357,0,396
531,90,40.0,2854.0,12.0,6.0,1,345,0,389
531,157,1.0,2859.0,10.0,6.0,1,230,0,251
532,2,1833.0,3004.0,14.0,8.0,0,494,1,530
532,46,12.0,2843.0,12.0,12.0,0,404,4,449
532,47,24.0,2856.0,13.0,9.0,1,403,0,448
532,56,5.0,2854.0,4.0,10.0,0,385,2,438
532,58,8.0,2850.0,14.0,8.0,0,397,7,436
532,64,0.0,2861.0,8.0,8.0,0,389,1,426
532,66,0.0,2850.0,9.0,9.0,0,375,18,425
532,77,5.0,2842.0,8.0,7.0,1,363,0,408
532,85,76.0,2841.0,12.0,9.0,0,357,1,397
532,90,29.0,2855.0,12.0,9.0,1,346,0,390
532,157,3.0,2863.0,6.0,4.0,1,231,0,252
533,2,1831.0,2999.0,11.0,7.0,1,495,0,531
533,46,12.0,2843.0,12.0,12.0,0,404,5,450
533,47,23.0,2847.0,11.0,7.0,1,404,0,449
533,56,5.0,2854.0,4.0,10.0,0,385,3,439
533,58,8.0,2850.0,14.0,8.0,0,397,8,437
533,64,0.0,2861.0,8.0,8.0,0,389,2,427
533,66,0.0,2850.0,9.0,9.0,0,375,19,426
533,77,0.0,2842.0,9.0,9.0,1,364,0,409
533,85,57.0,2849.0,12.0,7.0,1,358,0,398
533,90,25.0,2853.0,10.0,8.0,1,347,0,391
533,157,3.0,2863.0,6.0,4.0,0,231,1,253
534,2,1829.0,2992.0,12.0,5.0,1,496,0,532
534,46,12.0,2843.0,12.0,12.0,0,404,6,451
534,47,14.0,2853.0,11.0,8.0,1,405,0,450
534,56,5.0,2854.0,4.0,10.0,0,385,4,440
534,58,8.0,2850.0,14.0,8.0,0,397,9,438
534,64,0.0,2861.0,8.0,8.0,0,389,3,428
534,66,0.0,2850.0,9.0,9.0,0,375,20,427
534,77,0.0,2842.0,9.0,9.0,0,364,1,410
534,85,57.0,2849.0,12.0,7.0,0,358,1,399
534,90,20.0,2854.0,11.0,8.0,1,348,0,392
534,157,3.0,2863.0,6.0,4.0,0,231,2,254
535,2,1833.0,3000.0,11.0,4.0,1,497,0,533
535,46,12.0,2843.0,12.0,12.0,0,404,7,452
535,47,5.0,2851.0,13.0,7.0,1,406,0,451
535,56,5.0,2854.0,4.0,10.0,0,385,5,441
535,58,8.0,2850.0,14.0,8.0,0,397,10,439
535,64,0.0,2861.0,8.0,8.0,0,389,4,429
535,66,0.0,2850.0,9.0,9.0,0,375,21,428
535,77,0.0,2842.0,9.0,9.0,0,364,2,411
535,85,47.0,2839.0,12.0,8.0,1,359,0,400
535,90,14.0,2852.0,14.0,7.0,1,349,0,393
535,157,3.0,2863.0,6.0,4.0,0,231,3,255
536,2,1823.0,3003.0,11.0,5.0,1,498,0,534
536,46,12.0,2843.0,12.0,12.0,0,404,8,453
536,47,5.0,2851.0,13.0,7.0,0,406,1,452
536,56,5.0,2854.0,4.0,10.0,0,385,6,442
536,58,8.0,2850.0,14.0,8.0,0,397,11,440
536,64,0.0,2861.0,8.0,8.0,0,389,5,430
536,66,0.0,2850.0,9.0,9.0,0,375,22,429
536,77,0.0,2842.0,9.0,9.0,0,364,3,412
536,85,35.0,2850.0,15.0,5.0,1,360,0,401
536,90,7.0,2851.0,13.0,12.0,1,350,0,394
536,157,3.0,2863.0,6.0,4.0,0,231,4,256
537,2,1828.0,2999.0,12.0,5.0,1,499,0,535
537,46,12.0,2843.0,12.0,12.0,0,404,9,454
537,47,5.0,2851.0,13.0,7.0,0,406,2,453
537,56,5.0,2854.0,4.0,10.0,0,385,7,443
537,58,8.0,2850.0,14.0,8.0,0,397,12,441
537,64,0.0,2861.0,8.0,8.0,0,389,6,431
537,66,0.0,2850.0,9.0,9.0,0,375,23,430
537,77,0.0,2842.0,9.0,9.0,0,364,4,413
537,85,34.0,2844.0,10.0,6.0,1,361,0,402
537,90,0.0,2848.0,9.0,10.0,1,351,0,395
537,157,3.0,2863.0,6.0,4.0,0,231,5,257
538,2,1825.0,2992.0,10.0,5.0,1,500,0,536
538,46,12.0,2843.0,12.0,12.0,0,404,10,455
538,47,5.0,2851.0,13.0,7.0,0,406,3,454
538,56,5.0,2854.0,4.0,10.0,0,385,8,444
538,58,8.0,2850.0,14.0,8.0,0,397,13,442
538,64,0.0,2861.0,8.0,8.0,0,389,7,432
538,66,0.0,2850.0,9.0,9.0,0,375,24,431
538,77,0.0,2842.0,9.0,9.0,0,364,5,414
538,85,26.0,2841.0,11.0,9.0,1,362,0,403
538,90,0.0,2850.0,3.0,7.0,1,352,0,396
538,157,3.0,2863.0,6.0,4.0,0,231,6,258
539,2,1820.0,3001.0,14.0,6.0,1,501,0,537
539,46,12.0,2843.0,12.0,12.0,0,404,11,456
539,47,5.0,2851.0,13.0,7.0,0,406,4,455
539,56,5.0,2854.0,4.0,10.0,0,385,9,445
539,58,8.0,2850.0,14.0,8.0,0,397,14,443
539,64,0.0,2861.0,8.0,8.0,0,389,8,433
539,66,0.0,2850.0,9.0,9.0,0,375,25,432
539,77,0.0,2842.0,9.0,9.0,0,364,6,415
539,85,220.0,2926.0,13.0,10.0,1,363,0,404
539,90,0.0,2850.0,3.0,7.0,0,352,1,397
539,157,3.0,2863.0,6.0,4.0,0,231,7,259
540,2,1820.0,3001.0,14.0,6.0,0,501,1,538
540,46,12.0,2843.0,12.0,12.0,0,404,12,457
540,47,5.0,2851.0,13.0,7.0,0,406,5,456
540,56,11.0,2848.0,14.0,8.0,1,386,0,446
540,58,8.0,2850.0,14.0,8.0,0,397,15,444
540,64,0.0,2861.0,8.0,8.0,0,389,9,434
540,66,0.0,2850.0,9.0,9.0,0,375,26,433
540,77,0.0,2842.0,9.0,9.0,0,364,7,416
540,85,220.0,2926.0,13.0,10.0,0,363,1,405
540,90,0.0,2850.0,3.0,7.0,0,352,2,398
540,157,3.0,2863.0,6.0,4.0,0,231,8,260
541,2,1815.0,2998.0,13.0,5.0,1,502,0,539
541,46,12.0,2843.0,12.0,12.0,0,404,13,458
541,47,5.0,2851.0,13.0,7.0,0,406,6,457
541,56,5.0,2842.0,12.0,9.0,1,387,0,447
541,58,8.0,2850.0,14.0,8.0,0,397,16,445
541,64,0.0,2861.0,8.0,8.0,0,389,10,435
541,66,0.0,2850.0,9.0,9.0,0,375,27,434
541,77,0.0,2842.0,9.0,9.0,0,364,8,417
541,85,220.0,2926.0,13.0,10.0,0,363,2,406
541,90,0.0,2850.0,3.0,7.0,0,352,3,399
541,157,3.0,2863.0,6.0,4.0,0,231,9,261
542,2,1815.0,2998.0,13.0,5.0,0,502,1,540
542,46,12.0,2843.0,12.0,12.0,0,404,14,459
542,47,5.0,2851.0,13.0,7.0,0,406,7,458
542,56,2.0,2847.0,9.0,15.0,1,388,0,448
542,58,8.0,2850.0,14.0,8.0,0,397,17,446
542,64,0.0,2861.0,8.0,8.0,0,389,11,436
542,66,0.0,2850.0,9.0,9.0,0,375,28,435
542,77,0.0,2842.0,9.0,9.0,0,364,9,418
542,85,220.0,2926.0,13.0,10.0,0,363,3,407
542,90,0.0,2850.0,3.0,7.0,0,352,4,400
542,157,3.0,2863.0,6.0,4.0,0,231,10,262
543,2,1809.0,3000.0,11.0,5.0,1,503,0,541
543,46,12.0,2843.0,12.0,12.0,0,404,15,460
543,47,5.0,2851.0,13.0,7.0,0,406,8,459
543,56,2.0,2847.0,9.0,15.0,0,388,1,449
543,58,8.0,2850.0,14.0,8.0,0,397,18,447
543,64,0.0,2861.0,8.0,8.0,0,389,12,437
543,66,0.0,2850.0,9.0,9.0,0,375,29,436
543,77,0.0,2842.0,9.0,9.0,0,364,10,419
543,85,220.0,2926.0,13.0,10.0,0,363,4,408
543,90,0.0,2850.0,3.0,7.0,0,352,5,401
543,157,3.0,2863.0,6.0,4.0,0,231,11,263
544,2,1808.0,2996.0,12.0,4.0,1,504,0,542
544,46,12.0,2843.0,12.0,12.0,0,404,16,461
544,47,5.0,2851.0,13.0,7.0,0,406,9,460
544,56,2.0,2847.0,9.0,15.0,0,388,2,450
544,58,8.0,2850.0,14.0,8.0,0,397,19,448
544,64,0.0,2861.0,8.0,8.0,0,389,13,438
544,77,0.0,2842.0,9.0,9.0,0,364,11,420
544,85,220.0,2926.0,13.0,10.0,0,363,5,409
544,90,0.0,2850.0,3.0,7.0,0,352,6,402
544,157,3.0,2863.0,6.0,4.0,0,231,12,264
545,2,1808.0,2998.0,11.0,4.0,1,505,0,543
545,46,12.0,2843.0,12.0,12.0,0,404,17,462
545,47,5.0,2851.0,13.0,7.0,0,406,10,461
545,56,2.0,2847.0,9.0,15.0,0,388,3,451
545,58,8.0,2850.0,14.0,8.0,0,397,20,449
545,64,0.0,2861.0,8.0,8.0,0,389,14,439
545,77,0.0,2842.0,9.0,9.0,0,364,12,421
545,85,220.0,2926.0,13.0,10.0,0,363,6,410
545,90,0.0,2850.0,3.0,7.0,0,352,7,403
545,157,3.0,2863.0,6.0,4.0,0,231,13,265
546,2,1806.0,2998.0,10.0,5.0,1,506,0,544
546,46,12.0,2843.0,12.0,12.0,0,404,18,463
546,47,5.0,2851.0,13.0,7.0,0,406,11,462
546,56,2.0,2847.0,9.0,15.0,0,388,4,452
546,58,8.0,2850.0,14.0,8.0,0,397,21,450
546,64,0.0,2861.0,8.0,8.0,0,389,15,440
546,77,0.0,2842.0,9.0,9.0,0,364,13,422
546,85,220.0,2926.0,13.0,10.0,0,363,7,411
546,90,0.0,2850.0,3.0,7.0,0,352,8,404
546,157,3.0,2863.0,6.0,4.0,0,231,14,266
547,2,1802.0,2996.0,11.0,5.0,1,507,0,545
547,46,12.0,2843.0,12.0,12.0,0,404,19,464
547,47,5.0,2851.0,13.0,7.0,0,406,12,463
547,56,2.0,2847.0,9.0,15.0,0,388,5,453
547,58,8.0,2850.0,14.0,8.0,0,397,22,451
547,64,0.0,2861.0,8.0,8.0,0,389,16,441
547,77,0.0,2842.0,9.0,9.0,0,364,14,423
547,85,220.0,2926.0,13.0,10.0,0,363,8,412
547,90,0.0,2850.0,3.0,7.0,0,352,9,405
547,157,3.0,2863.0,6.0,4.0,0,231,15,267
548,2,1799.0,3001.0,10.0,5.0,1,508,0,546
548,46,12.0,2843.0,12.0,12.0,0,404,20,465
548,47,5.0,2851.0,13.0,7.0,0,406,13,464
548,56,2.0,2847.0,9.0,15.0,0,388,6,454
548,58,8.0,2850.0,14.0,8.0,0,397,23,452
548,64,0.0,2861.0,8.0,8.0,0,389,17,442
548,77,0.0,2842.0,9.0,9.0,0,364,15,424
548,85,220.0,2926.0,13.0,10.0,0,363,9,413
548,90,0.0,2850.0,3.0,7.0,0,352,10,406
548,157,3.0,2863.0,6.0,4.0,0,231,16,268
549,2,1803.0,2996.0,10.0,5.0,1,509,0,547
549,46,12.0,2843.0,12.0,12.0,0,404,21,466
549,47,5.0,2851.0,13.0,7.0,0,406,14,465
549,56,2.0,2847.0,9.0,15.0,0,388,7,455
549,58,8.0,2850.0,14.0,8.0,0,397,24,453
549,64,0.0,2861.0,8.0,8.0,0,389,18,443
549,77,0.0,2842.0,9.0,9.0,0,364,16,425
549,85,220.0,2926.0,13.0,10.0,0,363,10,414
549,90,0.0,2850.0,3.0,7.0,0,352,11,407
549,157,3.0,2863.0,6.0,4.0,0,231,17,269
550,2,1803.0,3002.0,10.0,5.0,1,510,0,548
550,46,12.0,2843.0,12.0,12.0,0,404,22,467
550,47,5.0,2851.0,13.0,7.0,0,406,15,466
550,56,2.0,2847.0,9.0,15.0,0,388,8,456
550,58,8.0,2850.0,14.0,8.0,0,397,25,454
550,64,0.0,2861.0,8.0,8.0,0,389,19,444
550,77,0.0,2842.0,9.0,9.0,0,364,17,426
550,85,220.0,2926.0,13.0,10.0,0,363,11,415
550,90,0.0,2850.0,3.0,7.0,0,352,12,408
550,157,3.0,2863.0,6.0,4.0,0,231,18,270
551,2,1799.0,3000.0,10.0,5.0,1,511,0,549
551,46,12.0,2843.0,12.0,12.0,0,404,23,468
551,47,5.0,2851.0,13.0,7.0,0,406,16,467
551,56,2.0,2847.0,9.0,15.0,0,388,9,457
551,58,8.0,2850.0,14.0,8.0,0,397,26,455
551,64,0.0,2861.0,8.0,8.0,0,389,20,445
551,77,0.0,2842.0,9.0,9.0,0,364,18,427
551,85,220.0,2926.0,13.0,10.0,0,363,12,416
551,90,0.0,2850.0,3.0,7.0,0,352,13,409
551,157,3.0,2863.0,6.0,4.0,0,231,19,271
552,2,1799.0,3004.0,11.0,5.0,1,512,0,550
552,46,12.0,2843.0,12.0,12.0,0,404,24,469
552,47,5.0,2851.0,13.0,7.0,0,406,17,468
552,56,2.0,2847.0,9.0,15.0,0,388,10,458
552,58,8.0,2850.0,14.0,8.0,0,397,27,456
552,64,0.0,2861.0,8.0,8.0,0,389,21,446
552,77,0.0,2842.0,9.0,9.0,0,364,19,428
552,85,220.0,2926.0,13.0,10.0,0,363,13,417
552,90,0.0,2850.0,3.0,7.0,0,352,14,410
552,157,3.0,2863.0,6.0,4.0,0,231,20,272
553,2,1794.0,3004.0,11.0,5.0,1,513,0,551
553,46,12.0,2843.0,12.0,12.0,0,404,25,470
553,47,5.0,2851.0,13.0,7.0,0,406,18,469
553,56,2.0,2847.0,9.0,15.0,0,388,11,459
553,58,8.0,2850.0,14.0,8.0,0,397,28,457
553,64,0.0,2861.0,8.0,8.0,0,389,22,447
553,77,0.0,2842.0,9.0,9.0,0,364,20,429
553,85,220.0,2926.0,13.0,10.0,0,363,14,418
553,90,0.0,2850.0,3.0,7.0,0,352,15,411
553,157,3.0,2863.0,6.0,4.0,0,231,21,273
554,2,1793.0,3006.0,10.0,5.0,1,514,0,552
554,46,12.0,2843.0,12.0,12.0,0,404,26,471
554,47,5.0,2851.0,13.0,7.0,0,406,19,470
554,56,2.0,2847.0,9.0,15.0,0,388,12,460
554,58,8.0,2850.0,14.0,8.0,0,397,29,458
554,64,0.0,2861.0,8.0,8.0,0,389,23,448
554,77,0.0,2842.0,9.0,9.0,0,364,21,430
554,85,220.0,2926.0,13.0,10.0,0,363,15,419
554,90,0.0,2850.0,3.0,7.0,0,352,16,412
554,157,3.0,2863.0,6.0,4.0,0,231,22,274
555,2,1793.0,3006.0,10.0,5.0,0,514,1,553
555,46,12.0,2843.0,12.0,12.0,0,404,27,472
555,47,5.0,2851.0,13.0,7.0,0,406,20,471
555,56,2.0,2847.0,9.0,15.0,0,388,13,461
555,64,0.0,2861.0,8.0,8.0,0,389,24,449
555,77,0.0,2842.0,9.0,9.0,0,364,22,431
555,85,220.0,2926.0,13.0,10.0,0,363,16,420
555,90,0.0,2850.0,3.0,7.0,0,352,17,413
555,157,3.0,2863.0,6.0,4.0,0,231,23,275
556,2,1791.0,3002.0,11.0,5.0,1,515,0,554
556,46,12.0,2843.0,12.0,12.0,0,404,28,473
556,47,5.0,2851.0,13.0,7.0,0,406,21,472
556,56,2.0,2847.0,9.0,15.0,0,388,14,462
556,64,0.0,2861.0,8.0,8.0,0,389,25,450
556,77,0.0,2842.0,9.0,9.0,0,364,23,432
556,85,220.0,2926.0,13.0,10.0,0,363,17,421
556,90,0.0,2850.0,3.0,7.0,0,352,18,414
556,157,3.0,2863.0,6.0,4.0,0,231,24,276
557,2,1791.0,3002.0,11.0,5.0,0,515,1,555
557,46,12.0,2843.0,12.0,12.0,0,404,29,474
557,47,5.0,2851.0,13.0,7.0,0,406,22,473
557,56,2.0,2847.0,9.0,15.0,0,388,15,463
557,64,0.0,2861.0,8.0,8.0,0,389,26,451
557,77,0.0,2842.0,9.0,9.0,0,364,24,433
557,85,220.0,2926.0,13.0,10.0,0,363,18,422
557,90,0.0,2850.0,3.0,7.0,0,352,19,415
557,157,3.0,2863.0,6.0,4.0,0,231,25,277
558,2,1795.0,3006.0,9.0,5.0,1,516,0,556
558,47,5.0,2851.0,13.0,7.0,0,406,23,474
558,56,2.0,2847.0,9.0,15.0,0,388,16,464
558,64,0.0,2861.0,8.0,8.0,0,389,27,452
558,77,0.0,2842.0,9.0,9.0,0,364,25,434
558,85,220.0,2926.0,13.0,10.0,0,363,19,423
558,90,0.0,2850.0,3.0,7.0,0,352,20,416
558,157,3.0,2863.0,6.0,4.0,0,231,26,278
559,2,1795.0,3006.0,9.0,5.0,0,516,1,557
559,47,5.0,2851.0,13.0,7.0,0,406,24,475
559,56,2.0,2847.0,9.0,15.0,0,388,17,465
559,64,0.0,2861.0,8.0,8.0,0,389,28,453
559,77,0.0,2842.0,9.0,9.0,0,364,26,435
559,85,220.0,2926.0,13.0,10.0,0,363,20,424
559,90,0.0,2850.0,3.0,7.0,0,352,21,417
559,157,3.0,2863.0,6.0,4.0,0,231,27,279
560,2,1789.0,3005.0,12.0,5.0,1,517,0,558
560,47,5.0,2851.0,13.0,7.0,0,406,25,476
560,56,2.0,2847.0,9.0,15.0,0,388,18,466
560,64,0.0,2861.0,8.0,8.0,0,389,29,454
560,77,0.0,2842.0,9.0,9.0,0,364,27,436
560,85,220.0,2926.0,13.0,10.0,0,363,21,425
560,90,0.0,2850.0,3.0,7.0,0,352,22,418
560,157,3.0,2863.0,6.0,4.0,0,231,28,280
561,2,1787.0,3010.0,12.0,5.0,1,518,0,559
561,47,5.0,2851.0,13.0,7.0,0,406,26,477
561,56,2.0,2847.0,9.0,15.0,0,388,19,467
561,77,0.0,2842.0,9.0,9.0,0,364,28,437
561,85,220.0,2926.0,13.0,10.0,0,363,22,426
561,90,0.0,2850.0,3.0,7.0,0,352,23,419
561,157,3.0,2863.0,6.0,4.0,0,231,29,281
562,2,1785.0,3013.0,13.0,5.0,1,519,0,560
562,47,5.0,2851.0,13.0,7.0,0,406,27,478
562,56,2.0,2847.0,9.0,15.0,0,388,20,468
562,77,0.0,2842.0,9.0,9.0,0,364,29,438
562,85,220.0,2926.0,13.0,10.0,0,363,23,427
562,90,0.0,2850.0,3.0,7.0,0,352,24,420
563,2,1787.0,3010.0,12.0,5.0,1,520,0,561
563,47,5.0,2851.0,13.0,7.0,0,406,28,479
563,56,4.0,2922.0,9.0,7.0,1,389,0,469
563,85,220.0,2926.0,13.0,10.0,0,363,24,428
563,90,0.0,2850.0,3.0,7.0,0,352,25,421
564,2,1779.0,3011.0,13.0,5.0,1,521,0,562
564,47,5.0,2851.0,13.0,7.0,0,406,29,480
564,56,4.0,2922.0,9.0,7.0,0,389,1,470
564,85,220.0,2926.0,13.0,10.0,0,363,25,429
564,90,0.0,2850.0,3.0,7.0,0,352,26,422
565,2,1781.0,3017.0,10.0,4.0,1,522,0,563
565,56,4.0,2922.0,9.0,7.0,0,389,2,471
565,85,220.0,2926.0,13.0,10.0,0,363,26,430
565,90,0.0,2850.0,3.0,7.0,0,352,27,423
566,2,1784.0,3019.0,12.0,5.0,1,523,0,564
566,56,4.0,2922.0,9.0,7.0,0,389,3,472
566,85,220.0,2926.0,13.0,10.0,0,363,27,431
566,90,0.0,2850.0,3.0,7.0,0,352,28,424
567,2,1781.0,3023.0,11.0,4.0,1,524,0,565
567,56,4.0,2922.0,9.0,7.0,0,389,4,473
567,85,220.0,2926.0,13.0,10.0,0,363,28,432
567,90,0.0,2850.0,3.0,7.0,0,352,29,425
568,2,1782.0,3023.0,10.0,4.0,1,525,0,566
568,56,4.0,2922.0,9.0,7.0,0,389,5,474
568,85,220.0,2926.0,13.0,10.0,0,363,29,433
569,2,1776.0,3028.0,10.0,4.0,1,526,0,567
569,56,4.0,2922.0,9.0,7.0,0,389,6,475
570,2,1779.0,3026.0,10.0,4.0,1,527,0,568
570,56,4.0,2922.0,9.0,7.0,0,389,7,476
571,2,1774.0,3031.0,12.0,5.0,1,528,0,569
571,56,4.0,2922.0,9.0,7.0,0,389,8,477
572,2,1784.0,3029.0,12.0,7.0,1,529,0,570
572,56,4.0,2922.0,9.0,7.0,0,389,9,478
573,2,1775.0,3031.0,10.0,7.0,1,530,0,571
573,56,4.0,2922.0,9.0,7.0,0,389,10,479
574,2,1775.0,3031.0,10.0,7.0,0,530,1,572
574,56,4.0,2922.0,9.0,7.0,0,389,11,480
575,2,1775.0,3031.0,10.0,7.0,0,530,2,573
575,56,4.0,2922.0,9.0,7.0,0,389,12,481
576,2,1775.0,3043.0,8.0,6.0,1,531,0,574
576,56,4.0,2922.0,9.0,7.0,0,389,13,482
577,2,1775.0,3043.0,9.0,6.0,1,532,0,575
577,56,26.0,2965.0,10.0,7.0,1,390,0,483
578,2,1771.0,3048.0,9.0,6.0,1,533,0,576
578,56,26.0,2965.0,10.0,7.0,0,390,1,484
579,2,1773.0,3046.0,11.0,6.0,1,534,0,577
579,56,26.0,2965.0,10.0,7.0,0,390,2,485
580,2,1772.0,3054.0,10.0,6.0,1,535,0,578
580,56,26.0,2965.0,10.0,7.0,0,390,3,486
581,2,1769.0,3049.0,10.0,5.0,1,536,0,579
581,56,26.0,2965.0,10.0,7.0,0,390,4,487
582,2,1770.0,3050.0,8.0,4.0,1,537,0,580
582,56,26.0,2965.0,10.0,7.0,0,390,5,488
583,2,1767.0,3057.0,8.0,5.0,1,538,0,581
583,56,26.0,2965.0,10.0,7.0,0,390,6,489
584,2,1770.0,3056.0,8.0,5.0,1,539,0,582
584,56,26.0,2965.0,10.0,7.0,0,390,7,490
585,2,1764.0,3062.0,7.0,5.0,1,540,0,583
585,56,26.0,2965.0,10.0,7.0,0,390,8,491
586,2,1763.0,3064.0,8.0,5.0,1,541,0,584
586,56,26.0,2965.0,10.0,7.0,0,390,9,492
587,2,1766.0,3064.0,8.0,4.0,1,542,0,585
587,56,26.0,2965.0,10.0,7.0,0,390,10,493
588,2,1764.0,3065.0,9.0,5.0,1,543,0,586
588,56,26.0,2965.0,10.0,7.0,0,390,11,494
589,2,1762.0,3060.0,8.0,4.0,1,544,0,587
589,56,26.0,2965.0,10.0,7.0,0,390,12,495
590,2,1762.0,3072.0,9.0,5.0,1,545,0,588
590,56,26.0,2965.0,10.0,7.0,0,390,13,496
591,2,1762.0,3068.0,9.0,5.0,1,546,0,589
591,56,26.0,2965.0,10.0,7.0,0,390,14,497
592,2,1755.0,3071.0,9.0,5.0,1,547,0,590
592,56,26.0,2965.0,10.0,7.0,0,390,15,498
593,2,1761.0,3070.0,7.0,4.0,1,548,0,591
593,56,26.0,2965.0,10.0,7.0,0,390,16,499
594,2,1758.0,3077.0,9.0,4.0,1,549,0,592
594,56,26.0,2965.0,10.0,7.0,0,390,17,500
595,2,1758.0,3077.0,9.0,4.0,0,549,1,593
595,56,26.0,2965.0,10.0,7.0,0,390,18,501
596,2,1758.0,3075.0,10.0,5.0,1,550,0,594
596,56,26.0,2965.0,10.0,7.0,0,390,19,502
597,2,1753.0,3085.0,13.0,5.0,1,551,0,595
597,56,26.0,2965.0,10.0,7.0,0,390,20,503
598,2,1753.0,3085.0,13.0,5.0,0,551,1,596
598,56,26.0,2965.0,10.0,7.0,0,390,21,504
599,2,1751.0,3081.0,8.0,5.0,1,552,0,597
599,56,26.0,2965.0,10.0,7.0,0,390,22,505
600,2,1748.0,3087.0,9.0,4.0,1,553,0,598
600,56,26.0,2965.0,10.0,7.0,0,390,23,506
601,2,1744.0,3087.0,9.0,4.0,1,554,0,599
601,56,26.0,2965.0,10.0,7.0,0,390,24,507
602,2,1751.0,3087.0,9.0,4.0,1,555,0,600
602,56,26.0,2965.0,10.0,7.0,0,390,25,508
603,2,1743.0,3090.0,10.0,5.0,1,556,0,601
603,56,26.0,2965.0,10.0,7.0,0,390,26,509
604,2,1737.0,3090.0,11.0,4.0,1,557,0,602
604,56,26.0,2965.0,10.0,7.0,0,390,27,510
605,2,1741.0,3090.0,9.0,5.0,1,558,0,603
605,56,26.0,2965.0,10.0,7.0,0,390,28,511
606,2,1745.0,3091.0,9.0,4.0,1,559,0,604
606,56,26.0,2965.0,10.0,7.0,0,390,29,512
607,2,1747.0,3096.0,9.0,5.0,1,560,0,605
608,2,1738.0,3098.0,11.0,5.0,1,561,0,606
609,2,1740.0,3095.0,11.0,6.0,1,562,0,607
610,2,1733.0,3091.0,10.0,5.0,1,563,0,608
611,2,1733.0,3091.0,10.0,5.0,0,563,1,609
612,2,1735.0,3098.0,10.0,5.0,1,564,0,610
613,2,1729.0,3104.0,11.0,6.0,1,565,0,611
614,2,1721.0,3108.0,14.0,8.0,1,566,0,612
615,2,1726.0,3106.0,12.0,8.0,1,567,0,613
616,2,1726.0,3106.0,12.0,8.0,0,567,1,614
617,2,1726.0,3106.0,12.0,8.0,0,567,2,615
618,2,1721.0,3107.0,15.0,9.0,1,568,0,616
619,2,1723.0,3119.0,14.0,9.0,1,569,0,617
620,2,1721.0,3113.0,10.0,7.0,1,570,0,618
621,2,1718.0,3117.0,10.0,10.0,1,571,0,619
622,2,1718.0,3114.0,11.0,9.0,1,572,0,620
623,2,1708.0,3118.0,15.0,9.0,1,573,0,621
624,2,1712.0,3117.0,12.0,9.0,1,574,0,622
625,2,1707.0,3118.0,10.0,8.0,1,575,0,623
626,2,1705.0,3119.0,12.0,10.0,1,576,0,624
627,2,1704.0,3123.0,11.0,7.0,1,577,0,625
628,2,1697.0,3128.0,10.0,9.0,1,578,0,626
629,2,1694.0,3122.0,11.0,8.0,1,579,0,627
630,2,1693.0,3121.0,10.0,13.0,1,580,0,628
631,2,1688.0,3124.0,9.0,10.0,1,581,0,629
632,2,1683.0,3122.0,13.0,11.0,1,582,0,630
633,2,1676.0,3124.0,11.0,8.0,1,583,0,631
634,2,1674.0,3128.0,13.0,10.0,1,584,0,632
635,2,1664.0,3124.0,13.0,10.0,1,585,0,633
636,2,1660.0,3131.0,13.0,9.0,1,586,0,634
637,2,1660.0,3131.0,13.0,9.0,0,586,1,635
638,2,1654.0,3125.0,12.0,9.0,1,587,0,636
639,2,1649.0,3122.0,16.0,13.0,1,588,0,637
640,2,1651.0,3126.0,10.0,11.0,1,589,0,638
641,2,1643.0,3126.0,9.0,10.0,1,590,0,639
642,2,1642.0,3122.0,9.0,6.0,1,591,0,640
643,2,1640.0,3118.0,8.0,12.0,1,592,0,641
644,2,1640.0,3118.0,8.0,12.0,0,592,1,642
645,2,1624.0,3121.0,13.0,12.0,1,593,0,643
646,2,1611.0,3119.0,13.0,10.0,1,594,0,644
647,2,1610.0,3119.0,10.0,8.0,1,595,0,645
648,2,1606.0,3118.0,12.0,10.0,1,596,0,646
649,2,1598.0,3121.0,12.0,9.0,1,597,0,647
650,2,1593.0,3117.0,11.0,9.0,1,598,0,648
651,2,1585.0,3115.0,9.0,6.0,1,599,0,649
652,2,1576.0,3113.0,10.0,9.0,1,600,0,650
653,2,1575.0,3111.0,10.0,11.0,1,601,0,651
654,2,1570.0,3111.0,10.0,11.0,1,602,0,652
655,2,1567.0,3106.0,8.0,9.0,1,603,0,653
656,2,1559.0,3104.0,7.0,6.0,1,604,0,654
657,2,1548.0,3104.0,11.0,10.0,1,605,0,655
658,2,1545.0,3104.0,10.0,12.0,1,606,0,656
659,2,1531.0,3106.0,11.0,10.0,1,607,0,657
660,2,1531.0,3106.0,11.0,10.0,0,607,1,658
661,2,1519.0,3095.0,11.0,10.0,1,608,0,659
662,2,1513.0,3093.0,11.0,11.0,1,609,0,660
663,2,1511.0,3095.0,11.0,10.0,1,610,0,661
664,2,1506.0,3086.0,11.0,9.0,1,611,0,662
665,2,1493.0,3085.0,11.0,11.0,1,612,0,663
666,2,1486.0,3084.0,13.0,12.0,1,613,0,664
667,2,1481.0,3084.0,12.0,10.0,1,614,0,665
668,2,1476.0,3082.0,9.0,10.0,1,615,0,666
669,2,1476.0,3082.0,9.0,10.0,0,615,1,667
670,2,1468.0,3071.0,9.0,11.0,1,616,0,668
671,2,1468.0,3071.0,9.0,11.0,0,616,1,669
672,2,1451.0,3072.0,9.0,10.0,1,617,0,670
673,2,1447.0,3065.0,9.0,9.0,1,618,0,671
674,2,1437.0,3062.0,8.0,8.0,1,619,0,672
675,2,1430.0,3056.0,8.0,10.0,1,620,0,673
676,2,1426.0,3054.0,7.0,10.0,1,621,0,674
677,2,1419.0,3053.0,12.0,10.0,1,622,0,675
678,2,1419.0,3052.0,8.0,6.0,1,623,0,676
679,2,1407.0,3051.0,8.0,9.0,1,624,0,677
680,2,1402.0,3035.0,8.0,13.0,1,625,0,678
681,2,1399.0,3038.0,10.0,12.0,1,626,0,679
682,2,1389.0,3035.0,10.0,9.0,1,627,0,680
683,2,1380.0,3040.0,8.0,6.0,1,628,0,681
684,2,1382.0,3033.0,9.0,8.0,1,629,0,682
685,2,1250.0,3134.0,12.0,8.0,1,630,0,683
686,2,1250.0,3134.0,12.0,8.0,0,630,1,684
687,2,1363.0,3027.0,7.0,7.0,1,631,0,685
688,2,1359.0,3017.0,7.0,6.0,1,632,0,686
689,2,1347.0,3013.0,10.0,10.0,1,633,0,687
690,2,1347.0,3013.0,10.0,10.0,0,633,1,688
691,2,1340.0,3017.0,8.0,9.0,1,634,0,689
692,2,1331.0,3006.0,7.0,5.0,1,635,0,690
693,2,1331.0,3006.0,7.0,5.0,0,635,1,691
694,2,1326.0,3005.0,6.0,6.0,1,636,0,692
695,2,1318.0,3002.0,6.0,8.0,1,637,0,693
696,2,1312.0,3000.0,7.0,8.0,1,638,0,694
697,2,1306.0,2997.0,8.0,7.0,1,639,0,695
698,2,1298.0,2990.0,8.0,5.0,1,640,0,696
699,2,1292.0,2982.0,8.0,8.0,1,641,0,697
700,2,1283.0,2986.0,9.0,8.0,1,642,0,698
701,2,1286.0,2986.0,8.0,7.0,1,643,0,699
702,2,1276.0,2980.0,9.0,11.0,1,644,0,700
703,2,1276.0,2985.0,8.0,5.0,1,645,0,701
704,2,1266.0,2974.0,9.0,9.0,1,646,0,702
705,2,1254.0,2975.0,11.0,11.0,1,647,0,703
706,2,1258.0,2978.0,7.0,6.0,1,648,0,704
707,2,1250.0,2966.0,9.0,11.0,1,649,0,705
708,2,1242.0,2970.0,6.0,7.0,1,650,0,706
709,2,1240.0,2963.0,7.0,7.0,1,651,0,707
710,2,1231.0,2961.0,9.0,9.0,1,652,0,708
711,2,1223.0,2963.0,13.0,7.0,1,653,0,709
712,2,1223.0,2963.0,11.0,7.0,1,654,0,710
713,2,1214.0,2962.0,8.0,7.0,1,655,0,711
714,2,1205.0,2950.0,9.0,7.0,1,656,0,712
715,2,1208.0,2954.0,9.0,10.0,1,657,0,713
716,2,1204.0,2951.0,9.0,8.0,1,658,0,714
717,2,1204.0,2951.0,9.0,8.0,0,658,1,715
718,2,1193.0,2949.0,8.0,8.0,1,659,0,716
719,2,1189.0,2946.0,9.0,8.0,1,660,0,717
720,2,1181.0,2945.0,7.0,6.0,1,661,0,718
721,2,1180.0,2944.0,8.0,5.0,1,662,0,719
722,2,1172.0,2942.0,8.0,6.0,1,663,0,720
723,2,1166.0,2937.0,9.0,5.0,1,664,0,721
724,2,1161.0,2938.0,8.0,6.0,1,665,0,722
725,2,1155.0,2937.0,8.0,4.0,1,666,0,723
726,2,1150.0,2937.0,8.0,5.0,1,667,0,724
727,2,1154.0,2926.0,6.0,5.0,1,668,0,725
728,2,1150.0,2936.0,6.0,5.0,1,669,0,726
729,2,1139.0,2923.0,7.0,5.0,1,670,0,727
730,2,1143.0,2926.0,8.0,5.0,1,671,0,728
731,2,1128.0,2928.0,9.0,5.0,1,672,0,729
732,2,1130.0,2926.0,7.0,5.0,1,673,0,730
733,2,1127.0,2926.0,8.0,5.0,1,674,0,731
734,2,1120.0,2927.0,8.0,4.0,1,675,0,732
735,2,1115.0,2926.0,8.0,4.0,1,676,0,733
736,2,1110.0,2922.0,8.0,5.0,1,677,0,734
737,2,1110.0,2925.0,8.0,4.0,1,678,0,735
738,2,1105.0,2920.0,9.0,4.0,1,679,0,736
739,2,1102.0,2921.0,10.0,5.0,1,680,0,737
740,2,1099.0,2920.0,9.0,4.0,1,681,0,738
741,2,1086.0,2916.0,9.0,4.0,1,682,0,739
742,2,1091.0,2920.0,9.0,5.0,1,683,0,740
743,2,1079.0,2918.0,10.0,5.0,1,684,0,741
744,2,1079.0,2918.0,10.0,5.0,0,684,1,742
745,2,1075.0,2918.0,10.0,5.0,1,685,0,743
746,2,1075.0,2915.0,10.0,4.0,1,686,0,744
747,2,1071.0,2911.0,9.0,5.0,1,687,0,745
748,2,1067.0,2912.0,12.0,5.0,1,688,0,746
749,2,1067.0,2912.0,10.0,5.0,1,689,0,747
750,2,1058.0,2915.0,10.0,5.0,1,690,0,748
751,2,1052.0,2913.0,9.0,4.0,1,691,0,749
752,2,1056.0,2911.0,10.0,5.0,1,692,0,750
753,2,1049.0,2914.0,8.0,5.0,1,693,0,751
754,2,1047.0,2913.0,7.0,4.0,1,694,0,752
755,2,1039.0,2911.0,10.0,4.0,1,695,0,753
756,2,1038.0,2913.0,8.0,4.0,1,696,0,754
757,2,1033.0,2903.0,9.0,5.0,1,697,0,755
758,2,1032.0,2907.0,10.0,6.0,1,698,0,756
759,2,1029.0,2908.0,10.0,4.0,1,699,0,757
760,2,1025.0,2909.0,9.0,4.0,1,700,0,758
761,2,1025.0,2909.0,9.0,4.0,0,700,1,759
762,2,1018.0,2903.0,9.0,4.0,1,701,0,760
763,2,1020.0,2909.0,9.0,5.0,1,702,0,761
764,2,1012.0,2907.0,9.0,4.0,1,703,0,762
765,2,1006.0,2910.0,12.0,5.0,1,704,0,763
766,2,1006.0,2908.0,12.0,5.0,1,705,0,764
767,2,997.0,2907.0,8.0,5.0,1,706,0,765
768,2,1002.0,2905.0,7.0,4.0,1,707,0,766
769,2,994.0,2903.0,8.0,5.0,1,708,0,767
770,2,989.0,2901.0,8.0,5.0,1,709,0,768
771,2,987.0,2903.0,7.0,5.0,1,710,0,769
772,2,987.0,2903.0,7.0,5.0,0,710,1,770
773,2,983.0,2900.0,10.0,5.0,1,711,0,771
774,2,978.0,2907.0,10.0,5.0,1,712,0,772
775,2,977.0,2903.0,9.0,5.0,1,713,0,773
776,2,968.0,2905.0,9.0,5.0,1,714,0,774
777,2,966.0,2904.0,11.0,4.0,1,715,0,775
778,2,973.0,2898.0,12.0,6.0,1,716,0,776
779,2,959.0,2899.0,12.0,6.0,1,717,0,777
780,2,959.0,2906.0,11.0,6.0,1,718,0,778
781,2,958.0,2903.0,10.0,5.0,1,719,0,779
782,2,958.0,2900.0,10.0,5.0,1,720,0,780
783,2,730.0,2992.0,6.0,6.0,1,721,0,781
784,2,947.0,2901.0,10.0,6.0,1,722,0,782
785,2,943.0,2903.0,10.0,6.0,1,723,0,783
786,2,939.0,2906.0,11.0,11.0,1,724,0,784
787,2,942.0,2903.0,7.0,8.0,1,725,0,785
788,2,944.0,2900.0,10.0,11.0,1,726,0,786
789,2,939.0,2898.0,8.0,12.0,1,727,0,787
790,2,939.0,2898.0,8.0,12.0,0,727,1,788
791,2,930.0,2902.0,10.0,12.0,1,728,0,789
792,2,925.0,2905.0,9.0,9.0,1,729,0,790
793,2,922.0,2902.0,11.0,12.0,1,730,0,791
794,2,922.0,2908.0,11.0,10.0,1,731,0,792
795,2,916.0,2903.0,8.0,10.0,1,732,0,793
796,2,917.0,2906.0,9.0,10.0,1,733,0,794
797,2,908.0,2901.0,11.0,13.0,1,734,0,795
798,2,902.0,2896.0,10.0,8.0,1,735,0,796
799,2,892.0,2903.0,10.0,10.0,1,736,0,797
800,2,906.0,2904.0,8.0,5.0,1,737,0,798
801,2,892.0,2897.0,16.0,11.0,1,738,0,799
802,2,892.0,2897.0,16.0,11.0,0,738,1,800
803,2,882.0,2904.0,10.0,11.0,1,739,0,801
804,2,882.0,2903.0,8.0,7.0,1,740,0,802
805,2,879.0,2898.0,8.0,12.0,1,741,0,803
806,2,879.0,2898.0,8.0,12.0,0,741,1,804
807,2,870.0,2893.0,11.0,10.0,1,742,0,805
808,2,865.0,2890.0,10.0,8.0,1,743,0,806
809,2,861.0,2883.0,8.0,11.0,1,744,0,807
810,2,861.0,2883.0,8.0,11.0,0,744,1,808
811,2,849.0,2885.0,12.0,10.0,1,745,0,809
812,2,847.0,2885.0,10.0,10.0,1,746,0,810
813,2,840.0,2886.0,11.0,7.0,1,747,0,811
814,2,836.0,2876.0,10.0,11.0,1,748,0,812
815,2,837.0,2886.0,10.0,7.0,1,749,0,813
816,2,831.0,2882.0,8.0,9.0,1,750,0,814
817,2,821.0,2876.0,8.0,6.0,1,751,0,815
818,2,813.0,2863.0,10.0,13.0,1,752,0,816
819,2,816.0,2866.0,12.0,11.0,1,753,0,817
820,2,800.0,2870.0,12.0,8.0,1,754,0,818
821,2,805.0,2863.0,9.0,9.0,1,755,0,819
822,2,796.0,2858.0,11.0,8.0,1,756,0,820
823,2,795.0,2860.0,7.0,11.0,1,757,0,821
824,2,794.0,2861.0,9.0,5.0,1,758,0,822
825,2,794.0,2861.0,9.0,5.0,0,758,1,823
826,2,783.0,2851.0,11.0,8.0,1,759,0,824
827,2,783.0,2851.0,11.0,8.0,0,759,1,825
828,2,773.0,2843.0,10.0,12.0,1,760,0,826
829,2,767.0,2850.0,11.0,10.0,1,761,0,827
830,2,762.0,2847.0,8.0,10.0,1,762,0,828
831,2,756.0,2844.0,12.0,6.0,1,763,0,829
832,2,746.0,2839.0,12.0,10.0,1,764,0,830
833,2,748.0,2834.0,11.0,13.0,1,765,0,831
834,2,737.0,2836.0,12.0,12.0,1,766,0,832
835,2,740.0,2835.0,10.0,11.0,1,767,0,833
836,2,738.0,2833.0,8.0,10.0,1,768,0,834
837,2,729.0,2825.0,11.0,14.0,1,769,0,835
838,2,721.0,2819.0,9.0,10.0,1,770,0,836
839,2,711.0,2825.0,12.0,13.0,1,771,0,837
840,2,715.0,2821.0,10.0,9.0,1,772,0,838
841,2,707.0,2819.0,10.0,9.0,1,773,0,839
842,2,701.0,2816.0,10.0,9.0,1,774,0,840
843,2,694.0,2810.0,11.0,9.0,1,775,0,841
844,2,689.0,2819.0,9.0,10.0,1,776,0,842
845,2,683.0,2812.0,8.0,7.0,1,777,0,843
846,2,682.0,2809.0,9.0,9.0,1,778,0,844
847,2,674.0,2800.0,10.0,12.0,1,779,0,845
848,2,670.0,2805.0,9.0,9.0,1,780,0,846
849,2,667.0,2804.0,10.0,12.0,1,781,0,847
850,2,658.0,2802.0,7.0,6.0,1,782,0,848
851,2,653.0,2799.0,10.0,6.0,1,783,0,849
852,2,649.0,2797.0,8.0,8.0,1,784,0,850
853,2,639.0,2795.0,8.0,6.0,1,785,0,851
854,2,632.0,2796.0,10.0,10.0,1,786,0,852
855,2,518.0,2891.0,14.0,7.0,1,787,0,853
856,2,518.0,2891.0,14.0,7.0,0,787,1,854
857,2,518.0,2891.0,14.0,7.0,0,787,2,855
858,2,615.0,2786.0,10.0,9.0,1,788,0,856
859,2,610.0,2789.0,5.0,3.0,1,789,0,857
860,2,610.0,2789.0,5.0,3.0,0,789,1,858
861,2,598.0,2786.0,11.0,5.0,1,790,0,859
862,2,596.0,2786.0,12.0,4.0,1,791,0,860
863,2,580.0,2783.0,14.0,6.0,1,792,0,861
864,2,581.0,2775.0,13.0,8.0,1,793,0,862
865,2,579.0,2782.0,14.0,9.0,1,794,0,863
866,2,579.0,2782.0,14.0,9.0,0,794,1,864
867,2,572.0,2778.0,10.0,6.0,1,795,0,865
868,2,562.0,2767.0,10.0,6.0,1,796,0,866
869,2,560.0,2775.0,10.0,5.0,1,797,0,867
870,2,555.0,2770.0,10.0,4.0,1,798,0,868
871,2,548.0,2778.0,10.0,5.0,1,799,0,869
872,2,546.0,2773.0,10.0,5.0,1,800,0,870
873,2,540.0,2774.0,9.0,5.0,1,801,0,871
874,2,534.0,2765.0,7.0,4.0,1,802,0,872
875,2,535.0,2771.0,8.0,5.0,1,803,0,873
876,2,526.0,2766.0,8.0,5.0,1,804,0,874
877,2,523.0,2770.0,8.0,4.0,1,805,0,875
878,2,518.0,2766.0,9.0,5.0,1,806,0,876
879,2,515.0,2766.0,10.0,5.0,1,807,0,877
880,2,510.0,2765.0,9.0,5.0,1,808,0,878
881,2,503.0,2757.0,10.0,5.0,1,809,0,879
882,2,500.0,2764.0,9.0,5.0,1,810,0,880
883,2,498.0,2762.0,10.0,5.0,1,811,0,881
884,2,496.0,2756.0,10.0,5.0,1,812,0,882
885,2,489.0,2757.0,9.0,5.0,1,813,0,883
886,2,484.0,2754.0,10.0,4.0,1,814,0,884
887,2,484.0,2756.0,11.0,5.0,1,815,0,885
888,2,484.0,2765.0,9.0,4.0,1,816,0,886
889,2,480.0,2751.0,11.0,5.0,1,817,0,887
890,2,468.0,2756.0,10.0,5.0,1,818,0,888
891,2,468.0,2756.0,10.0,5.0,0,818,1,889
892,2,468.0,2756.0,10.0,5.0,0,818,2,890
893,2,457.0,2745.0,11.0,5.0,1,819,0,891
894,2,452.0,2749.0,10.0,6.0,1,820,0,892
895,2,453.0,2744.0,10.0,5.0,1,821,0,893
896,2,445.0,2745.0,10.0,5.0,1,822,0,894
897,2,445.0,2745.0,10.0,5.0,0,822,1,895
898,2,441.0,2746.0,14.0,5.0,1,823,0,896
899,2,433.0,2740.0,12.0,6.0,1,824,0,897
900,2,444.0,2741.0,12.0,5.0,1,825,0,898
901,2,431.0,2737.0,11.0,5.0,1,826,0,899
902,2,428.0,2746.0,11.0,5.0,1,827,0,900
903,2,427.0,2731.0,12.0,5.0,1,828,0,901
904,2,424.0,2738.0,10.0,5.0,1,829,0,902
905,2,421.0,2736.0,11.0,5.0,1,830,0,903
906,2,414.0,2744.0,10.0,5.0,1,831,0,904
907,2,412.0,2733.0,11.0,5.0,1,832,0,905
908,2,406.0,2733.0,10.0,5.0,1,833,0,906
909,2,404.0,2735.0,10.0,5.0,1,834,0,907
910,2,403.0,2741.0,11.0,6.0,1,835,0,908
910,438,1254.0,2833.0,6.0,8.0,1,3,0,3
911,2,402.0,2734.0,9.0,6.0,1,836,0,909
911,438,1254.0,2833.0,6.0,8.0,0,3,1,4
912,2,400.0,2736.0,10.0,6.0,1,837,0,910
912,438,1254.0,2833.0,6.0,8.0,0,3,2,5
913,2,397.0,2739.0,9.0,7.0,1,838,0,911
913,438,1254.0,2833.0,6.0,8.0,0,3,3,6
914,2,393.0,2741.0,7.0,5.0,1,839,0,912
914,438,1254.0,2833.0,6.0,8.0,0,3,4,7
915,2,388.0,2737.0,9.0,6.0,1,840,0,913
915,438,1254.0,2833.0,6.0,8.0,0,3,5,8
916,2,379.0,2740.0,8.0,5.0,1,841,0,914
916,438,1254.0,2833.0,6.0,8.0,0,3,6,9
917,2,379.0,2737.0,9.0,6.0,1,842,0,915
917,438,1254.0,2833.0,6.0,8.0,0,3,7,10
918,2,375.0,2736.0,8.0,6.0,1,843,0,916
918,438,1254.0,2833.0,6.0,8.0,0,3,8,11
919,2,373.0,2734.0,7.0,6.0,1,844,0,917
919,438,1254.0,2833.0,6.0,8.0,0,3,9,12
920,2,370.0,2742.0,7.0,7.0,1,845,0,918
920,438,1254.0,2833.0,6.0,8.0,0,3,10,13
921,2,367.0,2740.0,7.0,7.0,1,846,0,919
921,438,1254.0,2833.0,6.0,8.0,0,3,11,14
922,2,364.0,2743.0,8.0,7.0,1,847,0,920
922,438,1254.0,2833.0,6.0,8.0,0,3,12,15
923,2,363.0,2740.0,7.0,8.0,1,848,0,921
923,438,1254.0,2833.0,6.0,8.0,0,3,13,16
924,2,361.0,2740.0,7.0,8.0,1,849,0,922
924,438,1254.0,2833.0,6.0,8.0,0,3,14,17
925,2,353.0,2743.0,8.0,9.0,1,850,0,923
925,438,1254.0,2833.0,6.0,8.0,0,3,15,18
926,2,355.0,2743.0,8.0,8.0,1,851,0,924
926,438,1254.0,2833.0,6.0,8.0,0,3,16,19
927,2,347.0,2746.0,7.0,7.0,1,852,0,925
927,438,1254.0,2833.0,6.0,8.0,0,3,17,20
928,2,350.0,2744.0,7.0,8.0,1,853,0,926
928,438,1254.0,2833.0,6.0,8.0,0,3,18,21
929,2,344.0,2750.0,8.0,9.0,1,854,0,927
929,438,1254.0,2833.0,6.0,8.0,0,3,19,22
930,2,346.0,2749.0,9.0,9.0,1,855,0,928
930,438,1254.0,2833.0,6.0,8.0,0,3,20,23
931,2,336.0,2751.0,9.0,8.0,1,856,0,929
931,438,1254.0,2833.0,6.0,8.0,0,3,21,24
932,2,333.0,2751.0,8.0,9.0,1,857,0,930
932,438,1254.0,2833.0,6.0,8.0,0,3,22,25
933,2,332.0,2751.0,9.0,9.0,1,858,0,931
933,438,1254.0,2833.0,6.0,8.0,0,3,23,26
934,2,329.0,2754.0,10.0,9.0,1,859,0,932
934,438,1254.0,2833.0,6.0,8.0,0,3,24,27
935,2,326.0,2762.0,9.0,7.0,1,860,0,933
935,438,1254.0,2833.0,6.0,8.0,0,3,25,28
936,2,322.0,2756.0,10.0,8.0,1,861,0,934
936,438,1254.0,2833.0,6.0,8.0,0,3,26,29
937,2,314.0,2757.0,9.0,9.0,1,862,0,935
937,438,1254.0,2833.0,6.0,8.0,0,3,27,30
938,2,315.0,2760.0,10.0,9.0,1,863,0,936
938,438,1254.0,2833.0,6.0,8.0,0,3,28,31
939,2,314.0,2762.0,11.0,10.0,1,864,0,937
939,438,1254.0,2833.0,6.0,8.0,0,3,29,32
940,2,311.0,2758.0,12.0,9.0,1,865,0,938
941,2,309.0,2762.0,13.0,9.0,1,866,0,939
942,2,307.0,2762.0,12.0,8.0,1,867,0,940
943,2,293.0,2766.0,12.0,9.0,1,868,0,941
944,2,298.0,2769.0,13.0,8.0,1,869,0,942
945,2,297.0,2772.0,13.0,7.0,1,870,0,943
946,2,298.0,2771.0,11.0,7.0,1,871,0,944
947,2,288.0,2777.0,12.0,8.0,1,872,0,945
948,2,290.0,2776.0,12.0,8.0,1,873,0,946
949,2,292.0,2777.0,12.0,7.0,1,874,0,947
950,2,281.0,2775.0,14.0,8.0,1,875,0,948
951,2,280.0,2782.0,15.0,8.0,1,876,0,949
952,2,277.0,2781.0,13.0,7.0,1,877,0,950
953,2,278.0,2778.0,11.0,8.0,1,878,0,951
954,2,268.0,2783.0,15.0,10.0,1,879,0,952
955,2,273.0,2787.0,11.0,6.0,1,880,0,953
956,2,270.0,2783.0,10.0,10.0,1,881,0,954
957,2,268.0,2787.0,9.0,7.0,1,882,0,955
958,2,260.0,2782.0,11.0,11.0,1,883,0,956
959,2,257.0,2786.0,15.0,5.0,1,884,0,957
960,2,254.0,2783.0,13.0,9.0,1,885,0,958
961,2,249.0,2797.0,9.0,7.0,1,886,0,959
962,2,244.0,2788.0,10.0,10.0,1,887,0,960
963,2,243.0,2792.0,16.0,7.0,1,888,0,961
964,2,239.0,2798.0,11.0,6.0,1,889,0,962
965,2,236.0,2797.0,5.0,7.0,1,890,0,963
966,2,234.0,2791.0,10.0,10.0,1,891,0,964
967,2,223.0,2790.0,16.0,10.0,1,892,0,965
968,2,213.0,2793.0,13.0,9.0,1,893,0,966
969,2,219.0,2792.0,11.0,10.0,1,894,0,967
970,2,214.0,2797.0,10.0,7.0,1,895,0,968
971,2,211.0,2788.0,11.0,9.0,1,896,0,969
972,2,198.0,2790.0,14.0,11.0,1,897,0,970
973,2,197.0,2790.0,10.0,7.0,1,898,0,971
974,2,185.0,2782.0,9.0,8.0,1,899,0,972
975,2,183.0,2779.0,15.0,12.0,1,900,0,973
976,2,180.0,2783.0,9.0,7.0,1,901,0,974
977,2,177.0,2784.0,9.0,7.0,1,902,0,975
978,2,170.0,2780.0,8.0,8.0,1,903,0,976
979,2,167.0,2772.0,11.0,10.0,1,904,0,977
980,2,157.0,2778.0,13.0,8.0,1,905,0,978
981,2,157.0,2778.0,13.0,8.0,0,905,1,979
982,2,149.0,2770.0,10.0,6.0,1,906,0,980
983,2,149.0,2770.0,10.0,6.0,0,906,1,981
984,2,149.0,2770.0,10.0,6.0,0,906,2,982
985,2,131.0,2768.0,9.0,10.0,1,907,0,983
986,2,132.0,2768.0,9.0,5.0,1,908,0,984
987,2,122.0,2753.0,10.0,14.0,1,909,0,985
988,2,113.0,2760.0,12.0,9.0,1,910,0,986
989,2,107.0,2750.0,10.0,12.0,1,911,0,987
990,2,100.0,2758.0,10.0,8.0,1,912,0,988
991,2,100.0,2749.0,9.0,7.0,1,913,0,989
992,2,91.0,2745.0,13.0,14.0,1,914,0,990
993,2,87.0,2745.0,9.0,4.0,1,915,0,991
994,2,76.0,2743.0,12.0,10.0,1,916,0,992
995,2,76.0,2743.0,12.0,10.0,0,916,1,993
996,2,69.0,2731.0,9.0,8.0,1,917,0,994
997,2,58.0,2725.0,9.0,11.0,1,918,0,995
998,2,58.0,2725.0,9.0,11.0,0,918,1,996
999,2,52.0,2725.0,14.0,9.0,1,919,0,997
1000,2,47.0,2726.0,9.0,4.0,1,920,0,998
1001,2,44.0,2722.0,10.0,8.0,1,921,0,999
1002,2,34.0,2717.0,10.0,10.0,1,922,0,1000
1003,2,25.0,2720.0,10.0,8.0,1,923,0,1001
1004,2,24.0,2714.0,10.0,8.0,1,924,0,1002
1005,2,22.0,2707.0,9.0,5.0,1,925,0,1003
1006,2,10.0,2701.0,11.0,10.0,1,926,0,1004
1007,2,6.0,2693.0,10.0,9.0,1,927,0,1005
1008,2,0.0,2708.0,7.0,9.0,1,928,0,1006
