frame_number,track_id,x,y,w,h,matched,detection_count,missed_frame_count,age_frames
8,3,1843.0,3429.0,14.0,11.0,1,3,0,3
9,3,1844.0,3421.0,18.0,9.0,1,4,0,4
10,3,1846.0,3421.0,13.0,11.0,1,5,0,5
11,3,1838.0,3410.0,13.0,10.0,1,6,0,6
12,3,1835.0,3414.0,22.0,10.0,1,7,0,7
13,3,1836.0,3411.0,18.0,8.0,1,8,0,8
14,3,1836.0,3404.0,17.0,9.0,1,9,0,9
15,3,1831.0,3408.0,21.0,9.0,1,10,0,10
16,3,1825.0,3397.0,20.0,10.0,1,11,0,11
17,3,1826.0,3402.0,20.0,6.0,1,12,0,12
18,3,1826.0,3402.0,20.0,6.0,0,12,1,13
19,3,1826.0,3402.0,20.0,6.0,0,12,2,14
20,3,1819.0,3390.0,19.0,6.0,1,13,0,15
21,3,1823.0,3390.0,18.0,6.0,1,14,0,16
22,3,1821.0,3382.0,20.0,8.0,1,15,0,17
23,3,1821.0,3382.0,20.0,8.0,0,15,1,18
24,3,1821.0,3382.0,20.0,8.0,0,15,2,19
25,3,1821.0,3382.0,20.0,8.0,0,15,3,20
26,3,1810.0,3374.0,19.0,7.0,1,16,0,21
27,3,1810.0,3367.0,20.0,7.0,1,17,0,22
28,3,1815.0,3370.0,19.0,8.0,1,18,0,23
29,3,1810.0,3365.0,23.0,9.0,1,19,0,24
30,3,1809.0,3360.0,21.0,10.0,1,20,0,25
31,3,1813.0,3363.0,22.0,10.0,1,21,0,26
32,3,1813.0,3363.0,22.0,10.0,0,21,1,27
33,3,1803.0,3362.0,19.0,12.0,1,22,0,28
34,3,1803.0,3362.0,19.0,12.0,0,22,1,29
35,3,1801.0,3354.0,19.0,10.0,1,23,0,30
36,3,1801.0,3354.0,19.0,10.0,0,23,1,31
37,3,1801.0,3354.0,19.0,10.0,0,23,2,32
38,3,1793.0,3358.0,19.0,11.0,1,24,0,33
39,3,1793.0,3358.0,19.0,11.0,0,24,1,34
40,3,1790.0,3350.0,17.0,9.0,1,25,0,35
41,3,1790.0,3350.0,17.0,9.0,0,25,1,36
42,3,1790.0,3350.0,17.0,9.0,0,25,2,37
43,3,1786.0,3350.0,21.0,6.0,1,26,0,38
44,3,1785.0,3352.0,23.0,8.0,1,27,0,39
45,3,1787.0,3357.0,23.0,8.0,1,28,0,40
46,3,1782.0,3356.0,22.0,7.0,1,29,0,41
47,3,1782.0,3356.0,22.0,7.0,0,29,1,42
48,3,1776.0,3351.0,17.0,7.0,1,30,0,43
49,3,1780.0,3350.0,15.0,5.0,1,31,0,44
50,3,1781.0,3351.0,15.0,6.0,1,32,0,45
51,3,1772.0,3349.0,16.0,6.0,1,33,0,46
52,3,1773.0,3350.0,18.0,7.0,1,34,0,47
53,3,1769.0,3346.0,17.0,6.0,1,35,0,48
54,3,1767.0,3348.0,17.0,6.0,1,36,0,49
55,3,1772.0,3346.0,17.0,6.0,1,37,0,50
56,3,1765.0,3354.0,17.0,6.0,1,38,0,51
57,3,1765.0,3354.0,17.0,6.0,0,38,1,52
58,3,1761.0,3346.0,17.0,6.0,1,39,0,53
59,3,1762.0,3349.0,17.0,6.0,1,40,0,54
60,3,1762.0,3349.0,17.0,6.0,0,40,1,55
61,3,1758.0,3353.0,15.0,5.0,1,41,0,56
62,3,1760.0,3344.0,18.0,7.0,1,42,0,57
63,3,1760.0,3344.0,18.0,7.0,0,42,1,58
64,3,1755.0,3348.0,17.0,6.0,1,43,0,59
65,3,1757.0,3350.0,16.0,6.0,1,44,0,60
66,3,1757.0,3350.0,16.0,6.0,0,44,1,61
67,3,1750.0,3345.0,17.0,8.0,1,45,0,62
68,3,1746.0,3351.0,17.0,8.0,1,46,0,63
69,3,1750.0,3352.0,16.0,6.0,1,47,0,64
70,3,1751.0,3347.0,17.0,8.0,1,48,0,65
71,3,1751.0,3347.0,17.0,8.0,0,48,1,66
72,3,1746.0,3355.0,18.0,11.0,1,49,0,67
73,3,1744.0,3350.0,14.0,12.0,1,50,0,68
74,3,1744.0,3350.0,14.0,12.0,0,50,1,69
75,3,1744.0,3350.0,14.0,12.0,0,50,2,70
76,3,1744.0,3350.0,14.0,12.0,0,50,3,71
77,3,1751.0,3359.0,14.0,14.0,1,51,0,72
78,3,1751.0,3359.0,14.0,14.0,0,51,1,73
78,4,2142.0,3029.0,5.0,5.0,1,3,0,3
79,3,1754.0,3352.0,12.0,13.0,1,52,0,74
79,4,2140.0,3022.0,5.0,7.0,1,4,0,4
80,3,1754.0,3352.0,12.0,13.0,0,52,1,75
80,4,2132.0,3028.0,8.0,5.0,1,5,0,5
81,3,1741.0,3362.0,18.0,17.0,1,53,0,76
81,4,2122.0,3029.0,8.0,6.0,1,6,0,6
82,3,1748.0,3363.0,12.0,10.0,1,54,0,77
82,4,2124.0,3032.0,8.0,4.0,1,7,0,7
82,5,2134.0,3031.0,11.0,6.0,1,3,0,3
83,3,1748.0,3363.0,12.0,10.0,0,54,1,78
83,4,2124.0,3032.0,8.0,4.0,0,7,1,8
83,5,2138.0,3027.0,8.0,7.0,1,4,0,4
84,3,1748.0,3363.0,12.0,10.0,0,54,2,79
84,4,2110.0,3034.0,9.0,7.0,1,8,0,9
84,5,2126.0,3026.0,10.0,8.0,1,5,0,5
85,3,1748.0,3363.0,12.0,10.0,0,54,3,80
85,4,2110.0,3034.0,9.0,7.0,0,8,1,10
85,5,2123.0,3028.0,11.0,10.0,1,6,0,6
86,3,1734.0,3371.0,15.0,12.0,1,55,0,81
86,4,2110.0,3034.0,9.0,7.0,0,8,2,11
86,5,2118.0,3025.0,9.0,8.0,1,7,0,7
86,6,2133.0,3030.0,9.0,7.0,1,3,0,3
86,7,2154.0,3025.0,4.0,8.0,1,3,0,3
87,3,1735.0,3361.0,14.0,7.0,1,56,0,82
87,4,2087.0,3035.0,7.0,6.0,1,9,0,12
87,5,2108.0,3031.0,10.0,7.0,1,8,0,8
87,6,2134.0,3032.0,7.0,6.0,1,4,0,4
87,7,2146.0,3029.0,9.0,7.0,1,4,0,4
88,3,1731.0,3355.0,19.0,13.0,1,57,0,83
88,4,2082.0,3039.0,7.0,6.0,1,10,0,13
88,5,2106.0,3029.0,10.0,9.0,1,9,0,9
88,6,2119.0,3025.0,7.0,6.0,1,5,0,5
88,7,2145.0,3036.0,9.0,5.0,1,5,0,5
89,3,1742.0,3364.0,14.0,6.0,1,58,0,84
89,4,2072.0,3034.0,6.0,8.0,1,11,0,14
89,5,2097.0,3031.0,10.0,8.0,1,10,0,10
89,6,2116.0,3026.0,8.0,8.0,1,6,0,6
89,7,2148.0,3028.0,8.0,8.0,1,6,0,6
89,8,2131.0,3029.0,10.0,11.0,1,3,0,3
90,3,1734.0,3365.0,17.0,10.0,1,59,0,85
90,4,2070.0,3029.0,7.0,6.0,1,12,0,15
90,5,2090.0,3031.0,9.0,8.0,1,11,0,11
90,6,2112.0,3027.0,8.0,7.0,1,7,0,7
90,7,2147.0,3027.0,9.0,7.0,1,7,0,7
90,8,2129.0,3028.0,10.0,9.0,1,4,0,4
91,3,1734.0,3365.0,17.0,10.0,0,59,1,86
91,4,2064.0,3033.0,11.0,8.0,1,13,0,16
91,5,2085.0,3030.0,11.0,9.0,1,12,0,12
91,6,2108.0,3034.0,9.0,7.0,1,8,0,8
91,7,2150.0,3030.0,5.0,6.0,1,8,0,8
91,8,2137.0,3029.0,8.0,5.0,1,5,0,5
91,9,2124.0,3028.0,10.0,7.0,1,3,0,3
92,3,1720.0,3358.0,21.0,14.0,1,60,0,87
92,4,2056.0,3025.0,8.0,7.0,1,14,0,17
92,5,2085.0,3030.0,11.0,9.0,0,12,1,13
92,6,2098.0,3035.0,7.0,10.0,1,9,0,9
92,7,2147.0,3026.0,11.0,7.0,1,9,0,9
92,8,2135.0,3034.0,7.0,6.0,1,6,0,6
92,9,2121.0,3027.0,10.0,8.0,1,4,0,4
93,3,1724.0,3368.0,25.0,9.0,1,61,0,88
93,4,2045.0,3028.0,8.0,7.0,1,15,0,18
93,5,2085.0,3030.0,11.0,9.0,0,12,2,14
93,6,2087.0,3034.0,8.0,7.0,1,10,0,10
93,7,2142.0,3029.0,9.0,5.0,1,10,0,10
93,8,2135.0,3034.0,7.0,6.0,0,6,1,7
93,9,2128.0,3027.0,8.0,6.0,1,5,0,5
93,10,2108.0,3028.0,7.0,9.0,1,3,0,3
94,3,1725.0,3365.0,17.0,15.0,1,62,0,89
94,4,2045.0,3028.0,8.0,7.0,0,15,1,19
94,5,2085.0,3030.0,11.0,9.0,0,12,3,15
94,6,2086.0,3024.0,7.0,11.0,1,11,0,11
94,7,2150.0,3023.0,7.0,4.0,1,11,0,11
94,8,2135.0,3034.0,7.0,6.0,0,6,2,8
94,9,2120.0,3023.0,8.0,6.0,1,6,0,6
94,10,2093.0,3031.0,7.0,6.0,1,4,0,4
95,3,1721.0,3361.0,10.0,12.0,1,63,0,90
95,4,2036.0,3034.0,7.0,6.0,1,16,0,20
95,5,2065.0,3028.0,7.0,6.0,1,13,0,16
95,6,2084.0,3033.0,8.0,7.0,1,12,0,12
95,7,2140.0,3021.0,7.0,6.0,1,12,0,12
95,8,2134.0,3021.0,9.0,6.0,1,7,0,9
95,9,2111.0,3027.0,7.0,6.0,1,7,0,7
95,10,2096.0,3029.0,10.0,7.0,1,5,0,5
96,3,1718.0,3360.0,15.0,12.0,1,64,0,91
96,4,2029.0,3033.0,7.0,6.0,1,17,0,21
96,5,2056.0,3030.0,9.0,8.0,1,14,0,17
96,6,2084.0,3033.0,8.0,7.0,0,12,1,13
96,7,2137.0,3026.0,8.0,6.0,1,13,0,13
96,8,2124.0,3029.0,10.0,6.0,1,8,0,10
96,9,2106.0,3033.0,9.0,6.0,1,8,0,8
96,10,2099.0,3030.0,10.0,7.0,1,6,0,6
97,3,1718.0,3360.0,15.0,12.0,0,64,1,92
97,4,2028.0,3034.0,9.0,6.0,1,18,0,22
97,5,2047.0,3033.0,10.0,9.0,1,15,0,18
97,6,2067.0,3027.0,8.0,9.0,1,13,0,14
97,7,2140.0,3027.0,11.0,7.0,1,14,0,14
97,8,2124.0,3029.0,10.0,6.0,0,8,1,11
97,9,2096.0,3026.0,8.0,8.0,1,9,0,9
97,10,2086.0,3026.0,10.0,11.0,1,7,0,7
97,11,2074.0,3030.0,7.0,8.0,1,3,0,3
98,3,1718.0,3360.0,15.0,12.0,0,64,2,93
98,4,2021.0,3028.0,8.0,8.0,1,19,0,23
98,5,2045.0,3027.0,11.0,10.0,1,16,0,19
98,6,2061.0,3028.0,8.0,8.0,1,14,0,15
98,7,2137.0,3018.0,9.0,7.0,1,15,0,15
98,8,2123.0,3024.0,8.0,6.0,1,9,0,12
98,9,2097.0,3028.0,8.0,8.0,1,10,0,10
98,10,2082.0,3027.0,10.0,10.0,1,8,0,8
98,11,2068.0,3036.0,9.0,4.0,1,4,0,4
99,3,1710.0,3361.0,16.0,13.0,1,65,0,94
99,4,2012.0,3031.0,12.0,6.0,1,20,0,24
99,5,2065.0,3028.0,6.0,5.0,1,17,0,20
99,6,2056.0,3028.0,7.0,8.0,1,15,0,16
99,7,2148.0,3023.0,7.0,5.0,1,16,0,16
99,8,2126.0,3020.0,9.0,7.0,1,10,0,13
99,9,2103.0,3028.0,9.0,6.0,1,11,0,11
99,10,2091.0,3022.0,9.0,9.0,1,9,0,9
99,11,2075.0,3032.0,10.0,7.0,1,5,0,5
100,3,1710.0,3361.0,16.0,13.0,0,65,1,95
100,4,2005.0,3034.0,9.0,7.0,1,21,0,25
100,5,2055.0,3029.0,6.0,5.0,1,18,0,21
100,6,2029.0,3024.0,9.0,10.0,1,16,0,17
100,7,2148.0,3023.0,7.0,5.0,0,16,1,17
100,8,2124.0,3027.0,10.0,8.0,1,11,0,14
100,9,2104.0,3031.0,8.0,7.0,1,12,0,12
100,10,2085.0,3028.0,9.0,7.0,1,10,0,10
100,11,2071.0,3030.0,10.0,7.0,1,6,0,6
100,12,2115.0,3022.0,9.0,5.0,1,3,0,3
100,13,2151.0,3014.0,8.0,5.0,1,3,0,3
101,3,1708.0,3350.0,17.0,14.0,1,66,0,96
101,4,2007.0,3027.0,9.0,7.0,1,22,0,26
101,5,2049.0,3030.0,7.0,5.0,1,19,0,22
101,6,2028.0,3030.0,10.0,9.0,1,17,0,18
101,7,2140.0,3016.0,6.0,7.0,1,17,0,18
101,8,2122.0,3023.0,10.0,8.0,1,12,0,15
101,9,2101.0,3028.0,7.0,7.0,1,13,0,13
101,10,2080.0,3032.0,8.0,5.0,1,11,0,11
101,11,2058.0,3030.0,13.0,9.0,1,7,0,7
101,12,2116.0,3026.0,9.0,5.0,1,4,0,4
101,13,2148.0,3020.0,6.0,5.0,1,4,0,4
102,3,1698.0,3358.0,22.0,8.0,1,67,0,97
102,4,2007.0,3027.0,9.0,7.0,0,22,1,27
102,5,2046.0,3031.0,6.0,4.0,1,20,0,23
102,6,2016.0,3030.0,12.0,10.0,1,18,0,19
102,7,2140.0,3016.0,6.0,7.0,0,17,1,19
102,8,2122.0,3023.0,10.0,8.0,0,12,1,16
102,9,2101.0,3024.0,8.0,5.0,1,14,0,14
102,10,2087.0,3028.0,8.0,5.0,1,12,0,12
102,11,2057.0,3028.0,14.0,9.0,1,8,0,8
102,12,2116.0,3026.0,9.0,5.0,0,4,1,5
102,13,2142.0,3024.0,6.0,6.0,1,5,0,5
103,3,1705.0,3352.0,18.0,12.0,1,68,0,98
103,4,1987.0,3023.0,10.0,8.0,1,23,0,28
103,5,2043.0,3030.0,9.0,5.0,1,21,0,24
103,6,2013.0,3028.0,9.0,7.0,1,19,0,20
103,7,2140.0,3016.0,6.0,7.0,0,17,2,20
103,8,2123.0,3026.0,7.0,5.0,1,13,0,17
103,9,2103.0,3024.0,8.0,5.0,1,15,0,15
103,10,2087.0,3028.0,8.0,5.0,0,12,1,13
103,11,2051.0,3030.0,11.0,7.0,1,9,0,9
103,12,2116.0,3026.0,9.0,5.0,0,4,2,6
103,13,2136.0,3022.0,6.0,5.0,1,6,0,6
104,3,1701.0,3355.0,13.0,8.0,1,69,0,99
104,4,1984.0,3035.0,8.0,9.0,1,24,0,29
104,5,2023.0,3028.0,9.0,9.0,1,22,0,25
104,6,2005.0,3028.0,10.0,7.0,1,20,0,21
104,7,2150.0,3021.0,7.0,6.0,1,18,0,21
104,8,2106.0,3032.0,10.0,7.0,1,14,0,18
104,9,2073.0,3028.0,9.0,5.0,1,16,0,16
104,10,2047.0,3032.0,10.0,8.0,1,13,0,14
104,11,2031.0,3034.0,7.0,5.0,1,10,0,10
104,12,2090.0,3028.0,9.0,7.0,1,5,0,7
104,13,2115.0,3022.0,8.0,6.0,1,7,0,7
105,3,1698.0,3343.0,17.0,11.0,1,70,0,100
105,4,1984.0,3035.0,8.0,9.0,0,24,1,30
105,5,2030.0,3026.0,7.0,5.0,1,23,0,26
105,6,2015.0,3030.0,8.0,10.0,1,21,0,22
105,7,2150.0,3021.0,7.0,6.0,0,18,1,22
105,8,2096.0,3024.0,7.0,7.0,1,15,0,19
105,9,2073.0,3033.0,8.0,6.0,1,17,0,17
105,10,2054.0,3028.0,8.0,6.0,1,14,0,15
105,11,2040.0,3034.0,9.0,8.0,1,11,0,11
105,12,2082.0,3029.0,8.0,6.0,1,6,0,8
105,13,2131.0,3023.0,7.0,5.0,1,8,0,8
106,3,1694.0,3346.0,19.0,15.0,1,71,0,101
106,4,1969.0,3031.0,6.0,7.0,1,25,0,31
106,5,2017.0,3035.0,7.0,5.0,1,24,0,27
106,6,1992.0,3030.0,9.0,8.0,1,22,0,23
106,7,2154.0,3023.0,5.0,4.0,1,19,0,23
106,8,2100.0,3022.0,7.0,5.0,1,16,0,20
106,9,2060.0,3025.0,9.0,6.0,1,18,0,18
106,10,2052.0,3032.0,7.0,5.0,1,15,0,16
106,11,2036.0,3033.0,10.0,7.0,1,12,0,12
106,12,2075.0,3024.0,9.0,5.0,1,7,0,9
106,13,2117.0,3022.0,6.0,5.0,1,9,0,9
107,3,1694.0,3346.0,19.0,15.0,0,71,1,102
107,4,1958.0,3030.0,10.0,8.0,1,26,0,32
107,5,2009.0,3022.0,7.0,10.0,1,25,0,28
107,6,1988.0,3031.0,8.0,9.0,1,23,0,24
107,7,2154.0,3023.0,5.0,4.0,0,19,1,24
107,8,2097.0,3031.0,7.0,5.0,1,17,0,21
107,9,2054.0,3028.0,9.0,5.0,1,19,0,19
107,10,2046.0,3028.0,7.0,7.0,1,16,0,17
107,11,2016.0,3031.0,8.0,5.0,1,13,0,13
107,12,2074.0,3023.0,9.0,6.0,1,8,0,10
107,13,2119.0,3024.0,7.0,4.0,1,10,0,10
108,3,1692.0,3349.0,15.0,13.0,1,72,0,103
108,4,1954.0,3031.0,9.0,8.0,1,27,0,33
108,5,1994.0,3031.0,9.0,9.0,1,26,0,29
108,6,1982.0,3027.0,11.0,8.0,1,24,0,25
108,7,2150.0,3029.0,6.0,5.0,1,20,0,25
108,8,2091.0,3022.0,5.0,5.0,1,18,0,22
108,9,2018.0,3032.0,10.0,6.0,1,20,0,20
108,10,2037.0,3029.0,9.0,6.0,1,17,0,18
108,11,2013.0,3032.0,9.0,6.0,1,14,0,14
108,12,2068.0,3022.0,8.0,5.0,1,9,0,11
108,13,2119.0,3024.0,7.0,4.0,0,10,1,11
108,16,2128.0,3031.0,8.0,6.0,1,3,0,3
108,17,2109.0,3017.0,7.0,6.0,1,3,0,3
109,3,1695.0,3346.0,15.0,6.0,1,73,0,104
109,4,1946.0,3030.0,9.0,9.0,1,28,0,34
109,5,1987.0,3028.0,9.0,11.0,1,27,0,30
109,6,1975.0,3034.0,10.0,9.0,1,25,0,26
109,7,2149.0,3020.0,7.0,6.0,1,21,0,26
109,8,2095.0,3027.0,6.0,4.0,1,19,0,23
109,9,2015.0,3031.0,11.0,6.0,1,21,0,21
109,10,2026.0,3024.0,9.0,7.0,1,18,0,19
109,11,2003.0,3032.0,8.0,6.0,1,15,0,15
109,12,2064.0,3028.0,9.0,6.0,1,10,0,12
109,13,2097.0,3019.0,8.0,7.0,1,11,0,12
109,16,2135.0,3026.0,7.0,5.0,1,4,0,4
109,17,2103.0,3017.0,7.0,7.0,1,4,0,4
110,3,1687.0,3336.0,15.0,14.0,1,74,0,105
110,4,1942.0,3038.0,10.0,7.0,1,29,0,35
110,5,1977.0,3027.0,9.0,10.0,1,28,0,31
110,6,1967.0,3035.0,11.0,9.0,1,26,0,27
110,7,2149.0,3020.0,7.0,6.0,0,21,1,27
110,8,2079.0,3023.0,7.0,5.0,1,20,0,24
110,9,2009.0,3031.0,10.0,7.0,1,22,0,22
110,10,2027.0,3027.0,10.0,5.0,1,19,0,20
110,11,2003.0,3032.0,8.0,6.0,0,15,1,16
110,12,2061.0,3024.0,9.0,7.0,1,11,0,13
110,13,2089.0,3023.0,7.0,7.0,1,12,0,13
110,16,2135.0,3026.0,7.0,5.0,0,4,1,5
110,17,2103.0,3020.0,7.0,5.0,1,5,0,5
111,3,1680.0,3344.0,23.0,10.0,1,75,0,106
111,4,1943.0,3027.0,11.0,10.0,1,30,0,36
111,5,1980.0,3029.0,8.0,11.0,1,29,0,32
111,6,1967.0,3035.0,11.0,9.0,0,26,1,28
111,7,2150.0,3013.0,2.0,8.0,1,22,0,28
111,8,2076.0,3019.0,9.0,7.0,1,21,0,25
111,9,2000.0,3034.0,9.0,6.0,1,23,0,23
111,10,2015.0,3031.0,9.0,7.0,1,20,0,21
111,11,1986.0,3028.0,9.0,6.0,1,16,0,17
111,12,2048.0,3024.0,8.0,6.0,1,12,0,14
111,13,2094.0,3019.0,7.0,6.0,1,13,0,14
111,16,2138.0,3024.0,8.0,5.0,1,5,0,6
111,17,2112.0,3029.0,7.0,6.0,1,6,0,6
111,18,2125.0,3023.0,6.0,8.0,1,3,0,3
111,19,2033.0,3027.0,8.0,7.0,1,3,0,3
111,20,2065.0,3021.0,9.0,6.0,1,3,0,3
112,3,1675.0,3341.0,18.0,10.0,1,76,0,107
112,4,1932.0,3030.0,9.0,8.0,1,31,0,37
112,5,1980.0,3029.0,8.0,11.0,0,29,1,33
112,6,1967.0,3035.0,11.0,9.0,0,26,2,29
112,7,2143.0,3018.0,8.0,6.0,1,23,0,29
112,8,2074.0,3026.0,7.0,5.0,1,22,0,26
112,9,1998.0,3032.0,11.0,8.0,1,24,0,24
112,10,2016.0,3034.0,7.0,5.0,1,21,0,22
112,11,1979.0,3025.0,8.0,5.0,1,17,0,18
112,12,2037.0,3029.0,8.0,7.0,1,13,0,15
112,13,2089.0,3022.0,7.0,5.0,1,14,0,15
112,16,2132.0,3021.0,8.0,8.0,1,6,0,7
112,17,2106.0,3023.0,8.0,6.0,1,7,0,7
112,18,2121.0,3030.0,7.0,9.0,1,4,0,4
112,19,2027.0,3023.0,8.0,6.0,1,4,0,4
112,20,2065.0,3021.0,9.0,6.0,0,3,1,4
113,3,1675.0,3335.0,11.0,8.0,1,77,0,108
113,4,1922.0,3027.0,8.0,8.0,1,32,0,38
113,5,1980.0,3029.0,8.0,11.0,0,29,2,34
113,6,1949.0,3032.0,9.0,11.0,1,27,0,30
113,7,2142.0,3013.0,7.0,6.0,1,24,0,30
113,8,2070.0,3021.0,6.0,5.0,1,23,0,27
113,9,1992.0,3030.0,10.0,7.0,1,25,0,25
113,10,2001.0,3026.0,7.0,5.0,1,22,0,23
113,11,1983.0,3028.0,7.0,6.0,1,18,0,19
113,12,2038.0,3029.0,9.0,6.0,1,14,0,16
113,13,2073.0,3022.0,8.0,7.0,1,15,0,16
113,16,2131.0,3023.0,7.0,7.0,1,7,0,8
113,17,2083.0,3019.0,8.0,4.0,1,8,0,8
113,18,2094.0,3026.0,7.0,6.0,1,5,0,5
113,19,2018.0,3030.0,10.0,8.0,1,5,0,5
113,20,2050.0,3026.0,8.0,6.0,1,4,0,5
114,3,1675.0,3337.0,19.0,10.0,1,78,0,109
114,4,1913.0,3032.0,14.0,8.0,1,33,0,39
114,5,1980.0,3029.0,8.0,11.0,0,29,3,35
114,6,1933.0,3028.0,9.0,10.0,1,28,0,31
114,7,2150.0,3017.0,7.0,6.0,1,25,0,31
114,8,2076.0,3020.0,6.0,6.0,1,24,0,28
114,9,1977.0,3030.0,10.0,8.0,1,26,0,26
114,10,2009.0,3029.0,8.0,6.0,1,23,0,24
114,11,1969.0,3032.0,7.0,7.0,1,19,0,20
114,12,2032.0,3028.0,9.0,6.0,1,15,0,17
114,13,2096.0,3018.0,7.0,5.0,1,16,0,17
114,16,2139.0,3020.0,7.0,7.0,1,8,0,9
114,17,2119.0,3026.0,10.0,6.0,1,9,0,9
114,18,2107.0,3029.0,8.0,7.0,1,6,0,6
114,19,2044.0,3025.0,8.0,6.0,1,6,0,6
114,20,2064.0,3023.0,8.0,5.0,1,5,0,6
115,3,1670.0,3330.0,18.0,12.0,1,79,0,110
115,4,1913.0,3032.0,14.0,8.0,0,33,1,40
115,5,1966.0,3032.0,9.0,7.0,1,30,0,36
115,6,1933.0,3034.0,9.0,8.0,1,29,0,32
115,7,2141.0,3016.0,7.0,5.0,1,26,0,32
115,8,2068.0,3023.0,8.0,4.0,1,25,0,29
115,9,1989.0,3031.0,8.0,5.0,1,27,0,27
115,10,2014.0,3031.0,7.0,6.0,1,24,0,25
115,11,1977.0,3034.0,10.0,6.0,1,20,0,21
115,12,2021.0,3020.0,9.0,6.0,1,16,0,18
115,13,2082.0,3023.0,7.0,5.0,1,17,0,18
115,16,2127.0,3013.0,7.0,8.0,1,9,0,10
115,17,2114.0,3025.0,8.0,7.0,1,10,0,10
115,18,2104.0,3017.0,7.0,7.0,1,7,0,7
115,19,2038.0,3025.0,9.0,6.0,1,7,0,7
115,20,2057.0,3021.0,7.0,6.0,1,6,0,7
116,3,1670.0,3330.0,18.0,12.0,0,79,1,111
116,4,1929.0,3032.0,9.0,8.0,1,34,0,41
116,5,1963.0,3035.0,9.0,7.0,1,31,0,37
116,6,1949.0,3039.0,8.0,6.0,1,30,0,33
116,7,2141.0,3015.0,8.0,5.0,1,27,0,33
116,8,2062.0,3022.0,9.0,7.0,1,26,0,30
116,9,1986.0,3030.0,9.0,5.0,1,28,0,28
116,10,1999.0,3028.0,7.0,6.0,1,25,0,26
116,11,1972.0,3028.0,10.0,7.0,1,21,0,22
116,12,2017.0,3030.0,9.0,7.0,1,17,0,19
116,13,2080.0,3024.0,8.0,5.0,1,18,0,19
116,16,2127.0,3013.0,7.0,8.0,0,9,1,11
116,17,2113.0,3026.0,8.0,7.0,1,11,0,11
116,18,2104.0,3017.0,7.0,7.0,0,7,1,8
116,19,2044.0,3027.0,7.0,5.0,1,8,0,8
116,20,2053.0,3024.0,8.0,6.0,1,7,0,8
117,3,1665.0,3330.0,15.0,9.0,1,80,0,112
117,4,1919.0,3028.0,10.0,8.0,1,35,0,42
117,5,1950.0,3034.0,9.0,7.0,1,32,0,38
117,6,1938.0,3032.0,7.0,6.0,1,31,0,34
117,7,2136.0,3025.0,7.0,7.0,1,28,0,34
117,8,2054.0,3020.0,10.0,6.0,1,27,0,31
117,9,1986.0,3030.0,9.0,5.0,0,28,1,29
117,10,1990.0,3032.0,7.0,7.0,1,26,0,27
117,11,1972.0,3028.0,10.0,7.0,0,21,1,23
117,12,2010.0,3031.0,8.0,7.0,1,18,0,20
117,13,2080.0,3020.0,7.0,5.0,1,19,0,20
117,16,2122.0,3019.0,8.0,6.0,1,10,0,12
117,17,2113.0,3026.0,8.0,7.0,0,11,1,12
117,18,2103.0,3024.0,8.0,5.0,1,8,0,9
117,19,2027.0,3032.0,12.0,7.0,1,9,0,9
117,20,2037.0,3027.0,7.0,5.0,1,8,0,9
118,3,1665.0,3330.0,15.0,9.0,0,80,1,113
118,4,1918.0,3031.0,10.0,9.0,1,36,0,43
118,5,1945.0,3034.0,7.0,8.0,1,33,0,39
118,6,1940.0,3034.0,5.0,6.0,1,32,0,35
118,7,2135.0,3024.0,5.0,5.0,1,29,0,35
118,8,2053.0,3025.0,10.0,6.0,1,28,0,32
118,9,1986.0,3030.0,9.0,5.0,0,28,2,30
118,10,1995.0,3025.0,8.0,7.0,1,27,0,28
118,11,1959.0,3027.0,8.0,9.0,1,22,0,24
118,12,2016.0,3031.0,11.0,7.0,1,19,0,21
118,13,2084.0,3030.0,6.0,7.0,1,20,0,21
118,16,2113.0,3011.0,8.0,6.0,1,11,0,13
118,17,2113.0,3026.0,8.0,7.0,0,11,2,13
118,18,2103.0,3024.0,8.0,5.0,0,8,1,10
118,19,2027.0,3032.0,12.0,7.0,0,9,1,10
118,20,2038.0,3018.0,8.0,7.0,1,9,0,10
119,3,1658.0,3323.0,16.0,11.0,1,81,0,114
119,4,1882.0,3028.0,13.0,7.0,1,37,0,44
119,5,1936.0,3029.0,8.0,6.0,1,34,0,40
119,6,1935.0,3031.0,6.0,7.0,1,33,0,36
119,7,2140.0,3022.0,7.0,6.0,1,30,0,36
119,8,2060.0,3028.0,7.0,5.0,1,29,0,33
119,9,1970.0,3031.0,7.0,5.0,1,29,0,31
119,10,1996.0,3032.0,8.0,6.0,1,28,0,29
119,11,1954.0,3033.0,10.0,8.0,1,23,0,25
119,12,2013.0,3032.0,10.0,7.0,1,20,0,22
119,13,2084.0,3030.0,6.0,7.0,0,20,1,22
119,16,2113.0,3011.0,8.0,6.0,0,11,1,14
119,17,2119.0,3021.0,6.0,6.0,1,12,0,14
119,18,2110.0,3023.0,6.0,6.0,1,9,0,11
119,19,2028.0,3027.0,8.0,4.0,1,10,0,11
119,20,2034.0,3022.0,10.0,7.0,1,10,0,11
120,3,1652.0,3316.0,19.0,13.0,1,82,0,115
120,4,1878.0,3033.0,9.0,8.0,1,38,0,45
120,5,1929.0,3030.0,8.0,7.0,1,35,0,41
120,6,1902.0,3031.0,8.0,8.0,1,34,0,37
120,7,2110.0,3021.0,8.0,5.0,1,31,0,37
120,8,2037.0,3026.0,9.0,5.0,1,30,0,34
120,9,1950.0,3029.0,10.0,8.0,1,30,0,32
120,10,1963.0,3028.0,6.0,7.0,1,29,0,30
120,11,1923.0,3040.0,6.0,5.0,1,24,0,26
120,12,1977.0,3034.0,9.0,5.0,1,21,0,23
120,13,2076.0,3028.0,6.0,8.0,1,21,0,23
120,16,2060.0,3024.0,8.0,4.0,1,12,0,15
120,17,2097.0,3020.0,8.0,8.0,1,13,0,15
120,18,2017.0,3034.0,7.0,5.0,1,10,0,12
120,19,2010.0,3029.0,10.0,6.0,1,11,0,12
120,20,1993.0,3029.0,8.0,6.0,1,11,0,12
121,3,1657.0,3325.0,21.0,8.0,1,83,0,116
121,4,1875.0,3023.0,8.0,8.0,1,39,0,46
121,5,1915.0,3029.0,7.0,6.0,1,36,0,42
121,6,1897.0,3037.0,7.0,7.0,1,35,0,38
121,7,2135.0,3022.0,4.0,6.0,1,32,0,38
121,8,2055.0,3024.0,9.0,4.0,1,31,0,35
121,9,1946.0,3032.0,9.0,8.0,1,31,0,33
121,10,1973.0,3028.0,10.0,6.0,1,30,0,31
121,11,1926.0,3031.0,9.0,9.0,1,25,0,27
121,12,1989.0,3025.0,9.0,6.0,1,22,0,24
121,13,2078.0,3028.0,9.0,5.0,1,22,0,24
121,16,2098.0,3018.0,7.0,5.0,1,13,0,16
121,17,2106.0,3019.0,10.0,6.0,1,14,0,16
121,18,2064.0,3028.0,7.0,7.0,1,11,0,13
121,19,2023.0,3025.0,9.0,7.0,1,12,0,13
121,20,2036.0,3022.0,8.0,6.0,1,12,0,13
122,3,1648.0,3321.0,19.0,11.0,1,84,0,117
122,4,1875.0,3023.0,8.0,8.0,0,39,1,47
122,5,1964.0,3026.0,10.0,6.0,1,37,0,43
122,6,1897.0,3037.0,7.0,7.0,0,35,1,39
122,7,2149.0,3019.0,11.0,8.0,1,33,0,39
122,8,2048.0,3025.0,9.0,6.0,1,32,0,36
122,9,1951.0,3028.0,8.0,7.0,1,32,0,34
122,10,1981.0,3030.0,7.0,5.0,1,31,0,32
122,11,1934.0,3030.0,9.0,8.0,1,26,0,28
122,12,1995.0,3023.0,10.0,7.0,1,23,0,25
122,13,2064.0,3023.0,8.0,8.0,1,23,0,25
122,16,2098.0,3018.0,7.0,5.0,0,13,1,17
122,17,2128.0,3029.0,7.0,7.0,1,15,0,17
122,18,2031.0,3017.0,7.0,7.0,1,12,0,14
122,19,2017.0,3027.0,8.0,5.0,1,13,0,14
122,20,2005.0,3023.0,7.0,6.0,1,13,0,14
123,3,1649.0,3320.0,15.0,8.0,1,85,0,118
123,4,1875.0,3023.0,8.0,8.0,0,39,2,48
123,5,1949.0,3027.0,10.0,7.0,1,38,0,44
123,6,1885.0,3028.0,10.0,8.0,1,36,0,40
123,7,2149.0,3019.0,11.0,8.0,0,33,1,40
123,8,2021.0,3017.0,8.0,5.0,1,33,0,37
123,9,1930.0,3035.0,11.0,9.0,1,33,0,35
123,10,1960.0,3023.0,11.0,7.0,1,32,0,33
123,11,1914.0,3036.0,7.0,7.0,1,27,0,29
123,12,1979.0,3026.0,9.0,9.0,1,24,0,26
123,13,2072.0,3028.0,8.0,6.0,1,24,0,26
123,16,2098.0,3018.0,7.0,5.0,0,13,2,18
123,17,2121.0,3029.0,8.0,5.0,1,16,0,18
123,18,2018.0,3021.0,7.0,9.0,1,13,0,15
123,19,2001.0,3029.0,8.0,4.0,1,14,0,15
123,20,1990.0,3026.0,10.0,6.0,1,14,0,15
124,3,1651.0,3319.0,14.0,7.0,1,86,0,119
124,4,1854.0,3036.0,7.0,7.0,1,40,0,49
124,5,1933.0,3033.0,11.0,7.0,1,39,0,45
124,6,1877.0,3034.0,7.0,7.0,1,37,0,41
124,7,2151.0,3018.0,7.0,5.0,1,34,0,41
124,8,2038.0,3026.0,9.0,6.0,1,34,0,38
124,9,1918.0,3038.0,8.0,7.0,1,34,0,36
124,10,1967.0,3027.0,9.0,8.0,1,33,0,34
124,11,1909.0,3034.0,7.0,7.0,1,28,0,30
124,12,1984.0,3026.0,10.0,6.0,1,25,0,27
124,13,2064.0,3029.0,7.0,5.0,1,25,0,27
124,16,2075.0,3021.0,7.0,5.0,1,14,0,19
124,17,2127.0,3023.0,9.0,6.0,1,17,0,19
124,18,2017.0,3023.0,8.0,6.0,1,14,0,16
124,19,2005.0,3022.0,7.0,5.0,1,15,0,16
124,20,1998.0,3027.0,8.0,5.0,1,15,0,16
125,3,1654.0,3313.0,14.0,8.0,1,87,0,120
125,4,1854.0,3036.0,7.0,7.0,0,40,1,50
125,5,1947.0,3034.0,10.0,7.0,1,40,0,46
125,6,1877.0,3034.0,7.0,7.0,0,37,1,42
125,7,2141.0,3015.0,9.0,6.0,1,35,0,42
125,8,2035.0,3027.0,8.0,5.0,1,35,0,39
125,9,1917.0,3029.0,9.0,8.0,1,35,0,37
125,10,1960.0,3031.0,8.0,8.0,1,34,0,35
125,11,1903.0,3031.0,6.0,7.0,1,29,0,31
125,12,1975.0,3021.0,10.0,7.0,1,26,0,28
125,13,2063.0,3024.0,6.0,6.0,1,26,0,28
125,16,2075.0,3021.0,7.0,5.0,0,14,1,20
125,17,2124.0,3014.0,11.0,8.0,1,18,0,20
125,18,2014.0,3022.0,9.0,7.0,1,15,0,17
125,19,2001.0,3021.0,7.0,6.0,1,16,0,17
125,20,1991.0,3030.0,8.0,4.0,1,16,0,17
126,3,1650.0,3312.0,13.0,8.0,1,88,0,121
126,4,1841.0,3028.0,8.0,9.0,1,41,0,51
126,5,1939.0,3028.0,11.0,7.0,1,41,0,47
126,6,1890.0,3033.0,5.0,6.0,1,38,0,43
126,7,2141.0,3021.0,8.0,6.0,1,36,0,43
126,8,2027.0,3027.0,9.0,7.0,1,36,0,40
126,9,1912.0,3032.0,10.0,8.0,1,36,0,38
126,10,1954.0,3023.0,9.0,7.0,1,35,0,36
126,11,1901.0,3029.0,8.0,7.0,1,30,0,32
126,12,1968.0,3030.0,10.0,8.0,1,27,0,29
126,13,2057.0,3024.0,6.0,6.0,1,27,0,29
126,16,2079.0,3022.0,8.0,5.0,1,15,0,21
126,17,2120.0,3021.0,9.0,7.0,1,19,0,21
126,18,2014.0,3022.0,9.0,7.0,0,15,1,18
126,19,1992.0,3021.0,7.0,6.0,1,17,0,18
126,20,1986.0,3028.0,6.0,5.0,1,17,0,18
126,22,1925.0,3034.0,11.0,8.0,1,3,0,3
127,3,1635.0,3303.0,16.0,6.0,1,89,0,122
127,4,1836.0,3030.0,7.0,10.0,1,42,0,52
127,5,1930.0,3028.0,10.0,7.0,1,42,0,48
127,6,1855.0,3031.0,9.0,10.0,1,39,0,44
127,7,2151.0,3017.0,9.0,8.0,1,37,0,44
127,8,2034.0,3027.0,7.0,5.0,1,37,0,41
127,9,1889.0,3042.0,7.0,6.0,1,37,0,39
127,10,1903.0,3026.0,10.0,9.0,1,36,0,37
127,11,1882.0,3027.0,8.0,8.0,1,31,0,33
127,12,1966.0,3030.0,10.0,8.0,1,28,0,30
127,13,2077.0,3015.0,7.0,9.0,1,28,0,30
127,16,2100.0,3023.0,7.0,8.0,1,16,0,22
127,17,2134.0,3023.0,8.0,5.0,1,20,0,22
127,18,2003.0,3025.0,10.0,6.0,1,16,0,19
127,19,2044.0,3025.0,9.0,6.0,1,18,0,19
127,20,1981.0,3026.0,8.0,5.0,1,18,0,19
127,22,1918.0,3035.0,10.0,6.0,1,4,0,4
128,3,1637.0,3304.0,16.0,7.0,1,90,0,123
128,4,1845.0,3035.0,10.0,8.0,1,43,0,53
128,5,1930.0,3026.0,9.0,7.0,1,43,0,49
128,6,1873.0,3029.0,9.0,7.0,1,40,0,45
128,7,2145.0,3019.0,8.0,7.0,1,38,0,45
128,8,2031.0,3030.0,7.0,5.0,1,38,0,42
128,9,1899.0,3030.0,10.0,8.0,1,38,0,40
128,10,1911.0,3037.0,9.0,7.0,1,37,0,38
128,11,1882.0,3032.0,7.0,7.0,1,32,0,34
128,12,1961.0,3028.0,9.0,7.0,1,29,0,31
128,13,2073.0,3019.0,7.0,5.0,1,29,0,31
128,16,2094.0,3021.0,6.0,7.0,1,17,0,23
128,17,2128.0,3019.0,8.0,7.0,1,21,0,23
128,18,1985.0,3026.0,7.0,5.0,1,17,0,20
128,19,2020.0,3019.0,7.0,8.0,1,19,0,20
128,20,1972.0,3027.0,8.0,6.0,1,19,0,20
128,22,1946.0,3022.0,10.0,6.0,1,5,0,5
129,3,1633.0,3306.0,18.0,6.0,1,91,0,124
129,4,1846.0,3030.0,7.0,9.0,1,44,0,54
129,5,1938.0,3025.0,10.0,7.0,1,44,0,50
129,6,1863.0,3031.0,9.0,9.0,1,41,0,46
129,7,2153.0,3015.0,6.0,9.0,1,39,0,46
129,8,2023.0,3023.0,7.0,5.0,1,39,0,43
129,9,1891.0,3026.0,10.0,10.0,1,39,0,41
129,10,1904.0,3033.0,8.0,7.0,1,38,0,39
129,11,1882.0,3032.0,7.0,7.0,0,32,1,35
129,12,1952.0,3030.0,9.0,7.0,1,30,0,32
129,13,2087.0,3022.0,8.0,5.0,1,30,0,32
129,16,2107.0,3020.0,11.0,6.0,1,18,0,24
129,17,2136.0,3021.0,11.0,8.0,1,22,0,24
129,18,1986.0,3025.0,9.0,6.0,1,18,0,21
129,19,2008.0,3022.0,8.0,6.0,1,20,0,21
129,20,1972.0,3027.0,8.0,6.0,0,19,1,21
129,22,1946.0,3022.0,10.0,6.0,0,5,1,6
130,3,1627.0,3307.0,20.0,5.0,1,92,0,125
130,4,1828.0,3032.0,11.0,9.0,1,45,0,55
130,5,1916.0,3032.0,11.0,7.0,1,45,0,51
130,6,1853.0,3022.0,7.0,9.0,1,42,0,47
130,7,2149.0,3017.0,8.0,8.0,1,40,0,47
130,8,2046.0,3014.0,7.0,9.0,1,40,0,44
130,9,1883.0,3032.0,9.0,10.0,1,40,0,42
130,10,1898.0,3032.0,10.0,7.0,1,39,0,40
130,11,1868.0,3033.0,8.0,9.0,1,33,0,36
130,12,1935.0,3026.0,10.0,8.0,1,31,0,33
130,13,2084.0,3027.0,8.0,7.0,1,31,0,33
130,16,2098.0,3021.0,8.0,7.0,1,19,0,25
130,17,2133.0,3017.0,8.0,7.0,1,23,0,25
130,18,1980.0,3021.0,9.0,6.0,1,19,0,22
130,19,2020.0,3023.0,6.0,7.0,1,21,0,22
130,20,1955.0,3026.0,8.0,6.0,1,20,0,22
130,22,1973.0,3018.0,6.0,5.0,1,6,0,7
130,24,2060.0,3022.0,8.0,5.0,1,3,0,3
130,25,2116.0,3021.0,9.0,7.0,1,3,0,3
131,3,1630.0,3306.0,17.0,5.0,1,93,0,126
131,4,1806.0,3030.0,8.0,5.0,1,46,0,56
131,5,1911.0,3025.0,9.0,6.0,1,46,0,52
131,6,1831.0,3028.0,9.0,10.0,1,43,0,48
131,7,2143.0,3018.0,6.0,6.0,1,41,0,48
131,8,2043.0,3018.0,7.0,8.0,1,41,0,45
131,9,1862.0,3028.0,7.0,8.0,1,41,0,43
131,10,1878.0,3034.0,8.0,8.0,1,40,0,41
131,11,1857.0,3026.0,7.0,9.0,1,34,0,37
131,12,1942.0,3023.0,10.0,7.0,1,32,0,34
131,13,2077.0,3022.0,6.0,7.0,1,32,0,34
131,16,2089.0,3024.0,8.0,6.0,1,20,0,26
131,17,2125.0,3023.0,11.0,7.0,1,24,0,26
131,18,1970.0,3020.0,8.0,7.0,1,20,0,23
131,19,2018.0,3023.0,4.0,5.0,1,22,0,23
131,20,1961.0,3026.0,8.0,6.0,1,21,0,23
131,22,1979.0,3023.0,9.0,6.0,1,7,0,8
131,24,2061.0,3015.0,7.0,9.0,1,4,0,4
131,25,2109.0,3028.0,8.0,7.0,1,4,0,4
132,3,1628.0,3304.0,18.0,6.0,1,94,0,127
132,4,1801.0,3031.0,6.0,8.0,1,47,0,57
132,5,1902.0,3027.0,8.0,8.0,1,47,0,53
132,6,1819.0,3028.0,10.0,9.0,1,44,0,49
132,7,2149.0,3015.0,6.0,6.0,1,42,0,49
132,8,2043.0,3018.0,7.0,8.0,0,41,1,46
132,9,1859.0,3032.0,7.0,7.0,1,42,0,44
132,10,1871.0,3029.0,9.0,9.0,1,41,0,42
132,11,1857.0,3026.0,7.0,9.0,0,34,1,38
132,12,1930.0,3031.0,9.0,6.0,1,33,0,35
132,13,2077.0,3022.0,6.0,7.0,0,32,1,35
132,16,2088.0,3028.0,8.0,6.0,1,21,0,27
132,17,2135.0,3009.0,8.0,7.0,1,25,0,27
132,18,1966.0,3021.0,7.0,7.0,1,21,0,24
132,19,2004.0,3018.0,6.0,5.0,1,23,0,24
132,20,1948.0,3026.0,9.0,8.0,1,22,0,24
132,22,1991.0,3018.0,10.0,8.0,1,8,0,9
132,24,2064.0,3024.0,7.0,6.0,1,5,0,5
132,25,2103.0,3020.0,9.0,7.0,1,5,0,5
133,3,1628.0,3304.0,19.0,6.0,1,95,0,128
133,4,1796.0,3027.0,6.0,6.0,1,48,0,58
133,5,1883.0,3025.0,8.0,9.0,1,48,0,54
133,6,1818.0,3035.0,9.0,9.0,1,45,0,50
133,7,2146.0,3015.0,8.0,5.0,1,43,0,50
133,8,2039.0,3022.0,8.0,6.0,1,42,0,47
133,9,1847.0,3025.0,6.0,7.0,1,43,0,45
133,10,1863.0,3023.0,9.0,14.0,1,42,0,43
133,11,1838.0,3032.0,8.0,8.0,1,35,0,39
133,12,1900.0,3032.0,10.0,10.0,1,34,0,36
133,13,2085.0,3015.0,7.0,8.0,1,33,0,36
133,16,2094.0,3021.0,9.0,7.0,1,22,0,28
133,17,2126.0,3014.0,8.0,9.0,1,26,0,28
133,18,1951.0,3023.0,9.0,7.0,1,22,0,25
133,19,2013.0,3028.0,8.0,6.0,1,24,0,25
133,20,1911.0,3026.0,9.0,8.0,1,23,0,25
133,22,2004.0,3020.0,6.0,6.0,1,9,0,10
133,24,2058.0,3027.0,8.0,8.0,1,6,0,6
133,25,2109.0,3023.0,11.0,5.0,1,6,0,6
133,26,1941.0,3029.0,8.0,5.0,1,3,0,3
133,27,2032.0,3020.0,8.0,7.0,1,3,0,3
134,3,1620.0,3296.0,18.0,6.0,1,96,0,129
134,4,1787.0,3024.0,7.0,9.0,1,49,0,59
134,5,1877.0,3032.0,10.0,9.0,1,49,0,55
134,6,1800.0,3034.0,12.0,8.0,1,46,0,51
134,7,2140.0,3016.0,8.0,5.0,1,44,0,51
134,8,2036.0,3022.0,9.0,6.0,1,43,0,48
134,9,1843.0,3030.0,7.0,6.0,1,44,0,46
134,10,1859.0,3027.0,9.0,9.0,1,43,0,44
134,11,1830.0,3031.0,6.0,7.0,1,36,0,40
134,12,1896.0,3028.0,11.0,8.0,1,35,0,37
134,13,2079.0,3023.0,7.0,5.0,1,34,0,37
134,16,2093.0,3018.0,8.0,6.0,1,23,0,29
134,17,2124.0,3013.0,8.0,8.0,1,27,0,29
134,18,1940.0,3025.0,8.0,5.0,1,23,0,26
134,19,1982.0,3022.0,9.0,7.0,1,25,0,26
134,20,1908.0,3027.0,7.0,10.0,1,24,0,26
134,22,1996.0,3020.0,6.0,5.0,1,10,0,11
134,24,2057.0,3023.0,6.0,7.0,1,7,0,7
134,25,2107.0,3015.0,7.0,7.0,1,7,0,7
134,26,1918.0,3028.0,9.0,8.0,1,4,0,4
134,27,2006.0,3020.0,8.0,6.0,1,4,0,4
135,3,1627.0,3294.0,18.0,5.0,1,97,0,130
135,4,1778.0,3032.0,6.0,6.0,1,50,0,60
135,5,1901.0,3027.0,9.0,7.0,1,50,0,56
135,6,1800.0,3034.0,9.0,8.0,1,47,0,52
135,7,2136.0,3008.0,8.0,7.0,1,45,0,52
135,8,2013.0,3018.0,8.0,7.0,1,44,0,49
135,9,1868.0,3029.0,8.0,7.0,1,45,0,47
135,10,1879.0,3026.0,12.0,8.0,1,44,0,45
135,11,1825.0,3028.0,6.0,7.0,1,37,0,41
135,12,1929.0,3030.0,8.0,5.0,1,36,0,38
135,13,2065.0,3022.0,9.0,7.0,1,35,0,38
135,16,2088.0,3021.0,10.0,7.0,1,24,0,30
135,17,2122.0,3010.0,6.0,7.0,1,28,0,30
135,18,1954.0,3019.0,12.0,8.0,1,24,0,27
135,19,1972.0,3019.0,8.0,7.0,1,26,0,27
135,20,1917.0,3025.0,8.0,7.0,1,25,0,27
135,22,2004.0,3022.0,10.0,6.0,1,11,0,12
135,24,2028.0,3018.0,8.0,8.0,1,8,0,8
135,25,2107.0,3015.0,7.0,7.0,0,7,1,8
135,26,1940.0,3022.0,9.0,9.0,1,5,0,5
135,27,1993.0,3024.0,6.0,6.0,1,5,0,5
136,3,1625.0,3292.0,18.0,7.0,1,98,0,131
136,4,1767.0,3030.0,5.0,9.0,1,51,0,61
136,5,1879.0,3032.0,11.0,6.0,1,51,0,57
136,6,1816.0,3030.0,6.0,8.0,1,48,0,53
136,7,2153.0,3020.0,4.0,6.0,1,46,0,53
136,8,2026.0,3020.0,8.0,8.0,1,45,0,50
136,9,1845.0,3032.0,10.0,7.0,1,46,0,48
136,10,1863.0,3035.0,6.0,6.0,1,45,0,46
136,11,1830.0,3026.0,6.0,7.0,1,38,0,42
136,12,1910.0,3029.0,8.0,8.0,1,37,0,39
136,13,2079.0,3025.0,10.0,6.0,1,36,0,39
136,16,2105.0,3018.0,8.0,7.0,1,25,0,31
136,17,2127.0,3017.0,9.0,6.0,1,29,0,31
136,18,1945.0,3024.0,10.0,7.0,1,25,0,28
136,19,1979.0,3024.0,8.0,6.0,1,27,0,28
136,20,1899.0,3029.0,8.0,8.0,1,26,0,28
136,22,2011.0,3024.0,9.0,7.0,1,12,0,13
136,24,2045.0,3025.0,8.0,7.0,1,9,0,9
136,25,2111.0,3010.0,6.0,8.0,1,8,0,9
136,26,1926.0,3028.0,8.0,6.0,1,6,0,6
136,27,1984.0,3019.0,7.0,7.0,1,6,0,6
137,3,1617.0,3289.0,19.0,7.0,1,99,0,132
137,4,1764.0,3034.0,9.0,7.0,1,52,0,62
137,5,1870.0,3030.0,8.0,7.0,1,52,0,58
137,6,1793.0,3028.0,7.0,8.0,1,49,0,54
137,7,2150.0,3008.0,10.0,8.0,1,47,0,54
137,8,2037.0,3023.0,8.0,7.0,1,46,0,51
137,9,1845.0,3032.0,10.0,7.0,0,46,1,49
137,10,1856.0,3035.0,6.0,8.0,1,46,0,47
137,11,1816.0,3026.0,8.0,9.0,1,39,0,43
137,12,1917.0,3031.0,7.0,5.0,1,38,0,40
137,13,2078.0,3019.0,7.0,10.0,1,37,0,40
137,16,2095.0,3019.0,10.0,8.0,1,26,0,32
137,17,2123.0,3017.0,10.0,5.0,1,30,0,32
137,18,1925.0,3020.0,10.0,7.0,1,26,0,29
137,19,1957.0,3023.0,10.0,6.0,1,28,0,29
137,20,1889.0,3030.0,7.0,7.0,1,27,0,29
137,22,2019.0,3026.0,8.0,6.0,1,13,0,14
137,24,2059.0,3024.0,7.0,8.0,1,10,0,10
137,25,2110.0,3013.0,9.0,7.0,1,9,0,10
137,26,1905.0,3021.0,9.0,7.0,1,7,0,7
137,27,1981.0,3025.0,7.0,7.0,1,7,0,7
138,3,1621.0,3287.0,18.0,6.0,1,100,0,133
138,4,1758.0,3025.0,6.0,8.0,1,53,0,63
138,5,1870.0,3032.0,6.0,6.0,1,53,0,59
138,6,1781.0,3022.0,7.0,6.0,1,50,0,55
138,7,2140.0,3014.0,9.0,8.0,1,48,0,55
138,8,1998.0,3022.0,8.0,6.0,1,47,0,52
138,9,1834.0,3034.0,8.0,8.0,1,47,0,50
138,10,1856.0,3035.0,6.0,8.0,0,46,1,48
138,11,1805.0,3029.0,5.0,7.0,1,40,0,44
138,12,1902.0,3030.0,8.0,7.0,1,39,0,41
138,13,2035.0,3025.0,7.0,8.0,1,38,0,41
138,16,2090.0,3021.0,9.0,9.0,1,27,0,33
138,17,2123.0,3017.0,10.0,5.0,0,30,1,33
138,18,1926.0,3022.0,8.0,9.0,1,27,0,30
138,19,1959.0,3023.0,11.0,6.0,1,29,0,30
138,20,1883.0,3024.0,8.0,8.0,1,28,0,30
138,22,2016.0,3023.0,9.0,7.0,1,14,0,15
138,24,2052.0,3024.0,8.0,6.0,1,11,0,11
138,25,2101.0,3014.0,10.0,8.0,1,10,0,11
138,26,1905.0,3021.0,9.0,7.0,0,7,1,8
138,27,1967.0,3024.0,6.0,5.0,1,8,0,8
138,28,1935.0,3023.0,8.0,7.0,1,3,0,3
138,29,1987.0,3027.0,6.0,5.0,1,3,0,3
139,3,1613.0,3285.0,18.0,7.0,1,101,0,134
139,4,1752.0,3030.0,6.0,5.0,1,54,0,64
139,5,1855.0,3025.0,9.0,7.0,1,54,0,60
139,6,1781.0,3022.0,7.0,6.0,0,50,1,56
139,7,2135.0,3016.0,6.0,7.0,1,49,0,56
139,8,2005.0,3021.0,6.0,6.0,1,48,0,53
139,9,1826.0,3031.0,8.0,7.0,1,48,0,51
139,10,1840.0,3025.0,6.0,8.0,1,47,0,49
139,11,1805.0,3029.0,5.0,7.0,0,40,1,45
139,12,1906.0,3034.0,8.0,3.0,1,40,0,42
139,13,2041.0,3030.0,7.0,6.0,1,39,0,42
139,16,2078.0,3020.0,12.0,8.0,1,28,0,34
139,17,2119.0,3009.0,8.0,8.0,1,31,0,34
139,18,1918.0,3017.0,8.0,7.0,1,28,0,31
139,19,1972.0,3023.0,7.0,5.0,1,30,0,31
139,20,1879.0,3026.0,8.0,8.0,1,29,0,31
139,22,2026.0,3021.0,8.0,7.0,1,15,0,16
139,24,2059.0,3023.0,9.0,7.0,1,12,0,12
139,25,2101.0,3014.0,10.0,8.0,0,10,1,12
139,26,1890.0,3024.0,9.0,7.0,1,8,0,9
139,27,1976.0,3027.0,8.0,7.0,1,9,0,9
139,28,1953.0,3019.0,9.0,7.0,1,4,0,4
139,29,2006.0,3018.0,9.0,6.0,1,4,0,4
140,3,1614.0,3288.0,17.0,6.0,1,102,0,135
140,4,1744.0,3027.0,6.0,7.0,1,55,0,65
140,5,1850.0,3028.0,7.0,7.0,1,55,0,61
140,6,1765.0,3022.0,11.0,7.0,1,51,0,57
140,7,2135.0,3016.0,6.0,7.0,0,49,1,57
140,8,1983.0,3027.0,7.0,7.0,1,49,0,54
140,9,1826.0,3031.0,8.0,7.0,0,48,1,52
140,10,1829.0,3031.0,6.0,7.0,1,48,0,50
140,11,1799.0,3031.0,6.0,6.0,1,41,0,46
140,12,1887.0,3030.0,8.0,8.0,1,41,0,43
140,13,2041.0,3030.0,7.0,6.0,0,39,1,43
140,16,2074.0,3019.0,8.0,8.0,1,29,0,35
140,17,2126.0,3016.0,7.0,8.0,1,32,0,35
140,18,1908.0,3020.0,8.0,7.0,1,29,0,32
140,19,1960.0,3027.0,7.0,4.0,1,31,0,32
140,20,1879.0,3026.0,8.0,8.0,0,29,1,32
140,22,2022.0,3017.0,9.0,7.0,1,16,0,17
140,24,2063.0,3021.0,7.0,5.0,1,13,0,13
140,25,2096.0,3010.0,7.0,8.0,1,11,0,13
140,26,1879.0,3023.0,8.0,8.0,1,9,0,10
140,27,1974.0,3028.0,8.0,6.0,1,10,0,10
140,28,1950.0,3022.0,9.0,8.0,1,5,0,5
140,29,1997.0,3019.0,11.0,8.0,1,5,0,5
141,3,1615.0,3288.0,18.0,7.0,1,103,0,136
141,4,1741.0,3027.0,6.0,7.0,1,56,0,66
141,5,1827.0,3031.0,5.0,6.0,1,56,0,62
141,6,1764.0,3023.0,11.0,7.0,1,52,0,58
141,7,2129.0,3009.0,7.0,7.0,1,50,0,58
141,8,1970.0,3019.0,9.0,6.0,1,50,0,55
141,9,1810.0,3031.0,7.0,11.0,1,49,0,53
141,10,1798.0,3026.0,6.0,7.0,1,49,0,51
141,11,1789.0,3036.0,9.0,9.0,1,42,0,47
141,12,1895.0,3028.0,7.0,6.0,1,42,0,44
141,13,2030.0,3022.0,7.0,7.0,1,40,0,44
141,16,2068.0,3019.0,9.0,8.0,1,30,0,36
141,17,2097.0,3018.0,8.0,6.0,1,33,0,36
141,18,1903.0,3019.0,9.0,7.0,1,30,0,33
141,19,1943.0,3025.0,10.0,7.0,1,32,0,33
141,20,1845.0,3030.0,7.0,7.0,1,30,0,33
141,22,1994.0,3022.0,11.0,6.0,1,17,0,18
141,24,2054.0,3021.0,7.0,8.0,1,14,0,14
141,25,2086.0,3019.0,8.0,10.0,1,12,0,14
141,26,1880.0,3027.0,9.0,8.0,1,10,0,11
141,27,1958.0,3022.0,7.0,7.0,1,11,0,11
141,28,1916.0,3024.0,9.0,6.0,1,6,0,6
141,29,1975.0,3019.0,7.0,7.0,1,6,0,6
142,3,1606.0,3281.0,17.0,7.0,1,104,0,137
142,4,1732.0,3026.0,6.0,6.0,1,57,0,67
142,5,1844.0,3030.0,9.0,7.0,1,57,0,63
142,6,1764.0,3023.0,11.0,7.0,0,52,1,59
142,7,2124.0,3013.0,9.0,7.0,1,51,0,59
142,8,1970.0,3021.0,9.0,7.0,1,51,0,56
142,9,1821.0,3035.0,7.0,8.0,1,50,0,54
142,10,1804.0,3027.0,8.0,11.0,1,50,0,52
142,11,1776.0,3028.0,8.0,10.0,1,43,0,48
142,12,1894.0,3030.0,6.0,6.0,1,43,0,45
142,13,1988.0,3027.0,12.0,5.0,1,41,0,45
142,16,2067.0,3023.0,9.0,9.0,1,31,0,37
142,17,2095.0,3013.0,11.0,8.0,1,34,0,37
142,18,1901.0,3018.0,7.0,8.0,1,31,0,34
142,19,1936.0,3019.0,9.0,7.0,1,33,0,34
142,20,1860.0,3027.0,8.0,8.0,1,31,0,34
142,22,2012.0,3020.0,5.0,7.0,1,18,0,19
142,24,2040.0,3021.0,9.0,8.0,1,15,0,15
142,25,2082.0,3017.0,7.0,10.0,1,13,0,15
142,26,1874.0,3026.0,8.0,7.0,1,11,0,12
142,27,1948.0,3016.0,7.0,10.0,1,12,0,12
142,28,1911.0,3026.0,6.0,4.0,1,7,0,7
142,29,1974.0,3019.0,8.0,5.0,1,7,0,7
143,3,1608.0,3277.0,17.0,6.0,1,105,0,138
143,4,1732.0,3026.0,6.0,6.0,0,57,1,68
143,5,1838.0,3032.0,8.0,7.0,1,58,0,64
143,6,1745.0,3034.0,12.0,8.0,1,53,0,60
143,7,2115.0,3015.0,8.0,7.0,1,52,0,60
143,8,1957.0,3025.0,7.0,6.0,1,52,0,57
143,9,1813.0,3027.0,6.0,7.0,1,51,0,55
143,10,1779.0,3032.0,7.0,7.0,1,51,0,53
143,11,1773.0,3023.0,8.0,13.0,1,44,0,49
143,12,1880.0,3024.0,6.0,4.0,1,44,0,46
143,13,2002.0,3026.0,7.0,6.0,1,42,0,46
143,16,2062.0,3021.0,9.0,8.0,1,32,0,38
143,17,2087.0,3014.0,10.0,8.0,1,35,0,38
143,18,1893.0,3021.0,8.0,9.0,1,32,0,35
143,19,1930.0,3015.0,10.0,8.0,1,34,0,35
143,20,1860.0,3027.0,8.0,8.0,0,31,1,35
143,22,2012.0,3020.0,5.0,7.0,0,18,1,20
143,24,2037.0,3014.0,9.0,9.0,1,16,0,16
143,25,2071.0,3007.0,8.0,12.0,1,14,0,16
143,26,1874.0,3027.0,7.0,7.0,1,12,0,13
143,27,1948.0,3017.0,9.0,10.0,1,13,0,13
143,28,1908.0,3018.0,6.0,8.0,1,8,0,8
143,29,1966.0,3022.0,7.0,7.0,1,8,0,8
144,3,1605.0,3278.0,17.0,6.0,1,106,0,139
144,4,1718.0,3032.0,10.0,5.0,1,58,0,69
144,5,1825.0,3030.0,9.0,7.0,1,59,0,65
144,6,1739.0,3026.0,10.0,7.0,1,54,0,61
144,7,2110.0,3013.0,8.0,7.0,1,53,0,61
144,8,1936.0,3027.0,11.0,7.0,1,53,0,58
144,9,1795.0,3028.0,7.0,8.0,1,52,0,56
144,10,1779.0,3031.0,7.0,6.0,1,52,0,54
144,11,1763.0,3031.0,9.0,5.0,1,45,0,50
144,12,1875.0,3027.0,7.0,6.0,1,45,0,47
144,13,1973.0,3019.0,7.0,7.0,1,43,0,47
144,16,2052.0,3018.0,8.0,8.0,1,33,0,39
144,17,2064.0,3014.0,9.0,8.0,1,36,0,39
144,18,1845.0,3026.0,9.0,8.0,1,33,0,36
144,19,1903.0,3025.0,7.0,6.0,1,35,0,36
144,20,1813.0,3026.0,7.0,7.0,1,32,0,36
144,22,2000.0,3021.0,6.0,6.0,1,19,0,21
144,24,2013.0,3016.0,7.0,8.0,1,17,0,17
144,25,2035.0,3018.0,8.0,7.0,1,15,0,17
144,26,1859.0,3026.0,9.0,7.0,1,13,0,14
144,27,1925.0,3021.0,9.0,6.0,1,14,0,14
144,28,1878.0,3022.0,9.0,7.0,1,9,0,9
144,29,1965.0,3016.0,7.0,5.0,1,9,0,9
145,3,1601.0,3275.0,17.0,6.0,1,107,0,140
145,4,1707.0,3026.0,5.0,7.0,1,59,0,70
145,5,1823.0,3028.0,9.0,7.0,1,60,0,66
145,6,1736.0,3026.0,6.0,7.0,1,55,0,62
145,7,2110.0,3013.0,8.0,7.0,0,53,1,62
145,8,1936.0,3027.0,11.0,7.0,0,53,1,59
145,9,1783.0,3028.0,7.0,9.0,1,53,0,57
145,10,1779.0,3031.0,7.0,6.0,0,52,1,55
145,11,1763.0,3031.0,9.0,5.0,0,45,1,51
145,12,1871.0,3033.0,5.0,3.0,1,46,0,48
145,13,1966.0,3022.0,8.0,6.0,1,44,0,48
145,16,2062.0,3011.0,10.0,9.0,1,34,0,40
145,17,2074.0,3010.0,8.0,7.0,1,37,0,40
145,18,1845.0,3026.0,9.0,8.0,0,33,1,37
145,19,1903.0,3025.0,7.0,6.0,0,35,1,37
145,20,1800.0,3030.0,7.0,7.0,1,33,0,37
145,22,2000.0,3021.0,6.0,6.0,0,19,1,22
145,24,2031.0,3017.0,7.0,7.0,1,18,0,18
145,25,2047.0,3014.0,9.0,8.0,1,16,0,18
145,26,1843.0,3029.0,7.0,7.0,1,14,0,15
145,27,1917.0,3023.0,12.0,7.0,1,15,0,15
145,28,1882.0,3023.0,8.0,7.0,1,10,0,10
145,29,1965.0,3016.0,7.0,5.0,0,9,1,10
146,3,1607.0,3273.0,17.0,6.0,1,108,0,141
146,4,1699.0,3026.0,7.0,8.0,1,60,0,71
146,5,1823.0,3028.0,9.0,7.0,0,60,1,67
146,6,1724.0,3028.0,8.0,7.0,1,56,0,63
146,7,2097.0,3010.0,8.0,7.0,1,54,0,63
146,8,1927.0,3025.0,9.0,9.0,1,54,0,60
146,9,1778.0,3025.0,8.0,8.0,1,54,0,58
146,10,1763.0,3033.0,6.0,6.0,1,53,0,56
146,11,1749.0,3031.0,5.0,5.0,1,46,0,52
146,12,1859.0,3032.0,7.0,6.0,1,47,0,49
146,13,1956.0,3022.0,7.0,7.0,1,45,0,49
146,16,2056.0,3014.0,9.0,9.0,1,35,0,41
146,17,2070.0,3010.0,9.0,6.0,1,38,0,41
146,18,1850.0,3030.0,8.0,7.0,1,34,0,38
146,19,1899.0,3015.0,7.0,6.0,1,36,0,38
146,20,1798.0,3033.0,7.0,7.0,1,34,0,38
146,22,2000.0,3022.0,8.0,7.0,1,20,0,23
146,24,2017.0,3021.0,6.0,5.0,1,19,0,19
146,25,2042.0,3013.0,8.0,9.0,1,17,0,19
146,26,1833.0,3029.0,7.0,9.0,1,15,0,16
146,27,1915.0,3015.0,10.0,8.0,1,16,0,16
146,28,1875.0,3024.0,9.0,8.0,1,11,0,11
146,29,1946.0,3024.0,8.0,5.0,1,10,0,11
147,3,1605.0,3272.0,18.0,9.0,1,109,0,142
147,4,1699.0,3026.0,7.0,8.0,0,60,1,72
147,5,1823.0,3028.0,9.0,7.0,0,60,2,68
147,6,1715.0,3030.0,10.0,8.0,1,57,0,64
147,7,2094.0,3013.0,6.0,7.0,1,55,0,64
147,8,1926.0,3023.0,9.0,9.0,1,55,0,61
147,9,1773.0,3028.0,7.0,8.0,1,55,0,59
147,10,1756.0,3028.0,7.0,5.0,1,54,0,57
147,11,1743.0,3027.0,7.0,8.0,1,47,0,53
147,12,1859.0,3029.0,7.0,4.0,1,48,0,50
147,13,1955.0,3017.0,9.0,7.0,1,46,0,50
147,16,2056.0,3014.0,9.0,9.0,0,35,1,42
147,17,2070.0,3010.0,9.0,6.0,0,38,1,42
147,18,1842.0,3028.0,8.0,7.0,1,35,0,39
147,19,1899.0,3015.0,7.0,6.0,0,36,1,39
147,20,1787.0,3026.0,7.0,8.0,1,35,0,39
147,22,1981.0,3017.0,8.0,6.0,1,21,0,24
147,24,2015.0,3017.0,8.0,7.0,1,20,0,20
147,25,2033.0,3023.0,11.0,9.0,1,18,0,20
147,26,1833.0,3029.0,7.0,9.0,0,15,1,17
147,27,1911.0,3017.0,10.0,7.0,1,17,0,17
147,28,1875.0,3024.0,9.0,8.0,0,11,1,12
147,29,1932.0,3020.0,7.0,6.0,1,11,0,12
148,3,1605.0,3272.0,18.0,9.0,0,109,1,143
148,4,1694.0,3030.0,6.0,8.0,1,61,0,73
148,5,1794.0,3029.0,9.0,8.0,1,61,0,69
148,6,1715.0,3030.0,10.0,8.0,0,57,1,65
148,7,2058.0,3011.0,7.0,8.0,1,56,0,65
148,8,1916.0,3024.0,9.0,7.0,1,56,0,62
148,9,1765.0,3029.0,8.0,9.0,1,56,0,60
148,10,1756.0,3028.0,7.0,5.0,0,54,1,58
148,11,1743.0,3027.0,7.0,8.0,0,47,1,54
148,12,1858.0,3019.0,11.0,8.0,1,49,0,51
148,13,1952.0,3018.0,8.0,7.0,1,47,0,51
148,16,2013.0,3019.0,8.0,9.0,1,36,0,43
148,17,2044.0,3009.0,9.0,11.0,1,39,0,43
148,18,1834.0,3025.0,8.0,7.0,1,36,0,40
148,19,1903.0,3020.0,10.0,8.0,1,37,0,40
148,20,1780.0,3029.0,8.0,9.0,1,36,0,40
148,22,1987.0,3019.0,8.0,8.0,1,22,0,25
148,24,1971.0,3023.0,7.0,7.0,1,21,0,21
148,25,2030.0,3020.0,8.0,7.0,1,19,0,21
148,26,1819.0,3028.0,7.0,9.0,1,16,0,18
148,27,1930.0,3017.0,7.0,5.0,1,18,0,18
148,28,1884.0,3019.0,7.0,7.0,1,12,0,13
148,29,1939.0,3015.0,7.0,6.0,1,12,0,13
149,3,1603.0,3264.0,17.0,7.0,1,110,0,144
149,4,1678.0,3030.0,6.0,7.0,1,62,0,74
149,5,1831.0,3030.0,9.0,8.0,1,62,0,70
149,6,1704.0,3020.0,6.0,7.0,1,58,0,66
149,7,2079.0,3005.0,7.0,7.0,1,57,0,66
149,8,1923.0,3019.0,8.0,6.0,1,57,0,63
149,9,1795.0,3031.0,9.0,7.0,1,57,0,61
149,10,1755.0,3029.0,7.0,10.0,1,55,0,59
149,11,1729.0,3026.0,9.0,5.0,1,48,0,55
149,12,1858.0,3022.0,11.0,7.0,1,50,0,52
149,13,1965.0,3022.0,8.0,5.0,1,48,0,52
149,16,2030.0,3017.0,8.0,9.0,1,37,0,44
149,17,2052.0,3011.0,7.0,8.0,1,40,0,44
149,18,1869.0,3024.0,8.0,6.0,1,37,0,41
149,19,1896.0,3021.0,8.0,6.0,1,38,0,41
149,20,1820.0,3033.0,6.0,8.0,1,37,0,41
149,22,2012.0,3014.0,8.0,9.0,1,23,0,26
149,24,1980.0,3026.0,9.0,5.0,1,22,0,22
149,25,2027.0,3023.0,5.0,9.0,1,20,0,22
149,26,1850.0,3028.0,7.0,7.0,1,17,0,19
149,27,1934.0,3019.0,8.0,7.0,1,19,0,19
149,28,1909.0,3030.0,9.0,5.0,1,13,0,14
149,29,1948.0,3020.0,8.0,8.0,1,13,0,14
150,3,1604.0,3269.0,18.0,8.0,1,111,0,145
150,4,1696.0,3026.0,6.0,8.0,1,63,0,75
150,5,1805.0,3031.0,8.0,5.0,1,63,0,71
150,6,1737.0,3022.0,6.0,6.0,1,59,0,67
150,7,2070.0,3013.0,10.0,6.0,1,58,0,67
150,8,1923.0,3019.0,8.0,6.0,0,57,1,64
150,9,1771.0,3029.0,8.0,8.0,1,58,0,62
150,10,1750.0,3022.0,8.0,11.0,1,56,0,60
150,11,1732.0,3031.0,4.0,7.0,1,49,0,56
150,12,1849.0,3018.0,12.0,10.0,1,51,0,53
150,13,1962.0,3021.0,7.0,9.0,1,49,0,53
150,16,2030.0,3017.0,8.0,9.0,0,37,1,45
150,17,2052.0,3011.0,7.0,8.0,0,40,1,45
150,18,1843.0,3028.0,8.0,6.0,1,38,0,42
150,19,1861.0,3019.0,7.0,5.0,1,39,0,42
150,20,1789.0,3024.0,8.0,7.0,1,38,0,42
150,22,1998.0,3018.0,8.0,10.0,1,24,0,27
150,24,1977.0,3022.0,6.0,7.0,1,23,0,23
150,25,2027.0,3023.0,5.0,9.0,0,20,1,23
150,26,1824.0,3030.0,9.0,8.0,1,18,0,20
150,27,1926.0,3017.0,9.0,7.0,1,20,0,20
150,28,1902.0,3022.0,9.0,7.0,1,14,0,15
150,29,1940.0,3020.0,7.0,7.0,1,14,0,15
151,3,1604.0,3269.0,18.0,8.0,0,111,1,146
151,4,1663.0,3029.0,7.0,7.0,1,64,0,76
151,5,1803.0,3025.0,7.0,7.0,1,64,0,72
151,6,1692.0,3024.0,9.0,6.0,1,60,0,68
151,7,2052.0,3012.0,7.0,8.0,1,59,0,68
151,8,1906.0,3018.0,8.0,6.0,1,58,0,65
151,9,1766.0,3033.0,5.0,6.0,1,59,0,63
151,10,1728.0,3030.0,7.0,5.0,1,57,0,61
151,11,1721.0,3030.0,6.0,7.0,1,50,0,57
151,12,1849.0,3018.0,12.0,10.0,0,51,1,54
151,13,1962.0,3021.0,7.0,9.0,0,49,1,54
151,16,2030.0,3017.0,8.0,9.0,0,37,2,46
151,17,2052.0,3011.0,7.0,8.0,0,40,2,46
151,18,1829.0,3032.0,7.0,6.0,1,39,0,43
151,19,1886.0,3020.0,11.0,8.0,1,40,0,43
151,20,1789.0,3024.0,8.0,7.0,0,38,1,43
151,22,1998.0,3018.0,8.0,10.0,0,24,1,28
151,24,1971.0,3019.0,6.0,6.0,1,24,0,24
151,25,2014.0,3021.0,10.0,7.0,1,21,0,24
151,26,1819.0,3026.0,9.0,9.0,1,19,0,21
151,27,1919.0,3022.0,9.0,7.0,1,21,0,21
151,28,1901.0,3019.0,8.0,8.0,1,15,0,16
151,29,1936.0,3028.0,8.0,7.0,1,15,0,16
152,3,1602.0,3268.0,15.0,6.0,1,112,0,147
152,4,1663.0,3026.0,8.0,6.0,1,65,0,77
152,5,1801.0,3028.0,7.0,7.0,1,65,0,73
152,6,1689.0,3025.0,7.0,7.0,1,61,0,69
152,7,2061.0,3014.0,6.0,9.0,1,60,0,69
152,8,1907.0,3020.0,8.0,9.0,1,59,0,66
152,9,1749.0,3031.0,6.0,7.0,1,60,0,64
152,10,1735.0,3021.0,8.0,11.0,1,58,0,62
152,11,1725.0,3024.0,7.0,7.0,1,51,0,58
152,12,1855.0,3019.0,8.0,8.0,1,52,0,55
152,13,1947.0,3024.0,8.0,7.0,1,50,0,55
152,16,2018.0,3007.0,8.0,11.0,1,38,0,47
152,17,2052.0,3011.0,7.0,8.0,0,40,3,47
152,18,1842.0,3022.0,9.0,7.0,1,40,0,44
152,19,1880.0,3018.0,10.0,7.0,1,41,0,44
152,20,1778.0,3019.0,9.0,8.0,1,39,0,44
152,22,2003.0,3017.0,10.0,8.0,1,25,0,29
152,24,1971.0,3019.0,6.0,6.0,0,24,1,25
152,25,1990.0,3013.0,7.0,7.0,1,22,0,25
152,26,1804.0,3031.0,11.0,8.0,1,20,0,22
152,27,1918.0,3017.0,8.0,7.0,1,22,0,22
152,28,1897.0,3017.0,9.0,6.0,1,16,0,17
152,29,1937.0,3015.0,7.0,9.0,1,16,0,17
153,3,1589.0,3262.0,15.0,8.0,1,113,0,148
153,4,1654.0,3020.0,7.0,8.0,1,66,0,78
153,5,1769.0,3026.0,8.0,8.0,1,66,0,74
153,6,1679.0,3024.0,6.0,9.0,1,62,0,70
153,7,2050.0,3005.0,9.0,9.0,1,61,0,70
153,8,1900.0,3021.0,9.0,7.0,1,60,0,67
153,9,1729.0,3029.0,8.0,11.0,1,61,0,65
153,10,1716.0,3030.0,7.0,5.0,1,59,0,63
153,11,1703.0,3033.0,8.0,7.0,1,52,0,59
153,12,1810.0,3026.0,8.0,7.0,1,53,0,56
153,13,1940.0,3027.0,8.0,7.0,1,51,0,56
153,16,2012.0,3010.0,10.0,9.0,1,39,0,48
153,17,2035.0,3013.0,8.0,8.0,1,41,0,48
153,18,1830.0,3025.0,8.0,7.0,1,41,0,45
153,19,1888.0,3018.0,8.0,10.0,1,42,0,45
153,20,1751.0,3022.0,9.0,8.0,1,40,0,45
153,22,1996.0,3016.0,11.0,8.0,1,26,0,30
153,24,1971.0,3019.0,6.0,6.0,0,24,2,26
153,25,1984.0,3019.0,10.0,10.0,1,23,0,26
153,26,1787.0,3033.0,11.0,7.0,1,21,0,23
153,27,1922.0,3020.0,7.0,8.0,1,23,0,23
153,28,1899.0,3017.0,10.0,7.0,1,17,0,18
153,29,1937.0,3015.0,7.0,9.0,0,16,1,18
154,3,1589.0,3262.0,15.0,8.0,0,113,1,149
154,4,1650.0,3026.0,7.0,8.0,1,67,0,79
154,5,1761.0,3025.0,9.0,7.0,1,67,0,75
154,6,1674.0,3030.0,5.0,5.0,1,63,0,71
154,7,2050.0,3005.0,9.0,9.0,0,61,1,71
154,8,1865.0,3024.0,9.0,7.0,1,61,0,68
154,9,1728.0,3030.0,8.0,10.0,1,62,0,66
154,10,1708.0,3028.0,8.0,5.0,1,60,0,64
154,11,1696.0,3023.0,8.0,5.0,1,53,0,60
154,12,1813.0,3024.0,5.0,5.0,1,54,0,57
154,13,1936.0,3024.0,7.0,10.0,1,52,0,57
154,16,2004.0,3012.0,10.0,9.0,1,40,0,49
154,17,2026.0,3012.0,8.0,8.0,1,42,0,49
154,18,1827.0,3016.0,8.0,8.0,1,42,0,46
154,19,1836.0,3025.0,8.0,6.0,1,43,0,46
154,20,1741.0,3028.0,8.0,8.0,1,41,0,46
154,22,1994.0,3019.0,11.0,8.0,1,27,0,31
154,24,1947.0,3019.0,8.0,8.0,1,25,0,27
154,25,1976.0,3023.0,10.0,7.0,1,24,0,27
154,26,1781.0,3026.0,8.0,8.0,1,22,0,24
154,27,1916.0,3016.0,8.0,10.0,1,24,0,24
154,28,1905.0,3015.0,7.0,7.0,1,18,0,19
154,29,1937.0,3015.0,7.0,9.0,0,16,2,19
155,3,1593.0,3266.0,17.0,8.0,1,114,0,150
155,4,1650.0,3026.0,7.0,8.0,0,67,1,80
155,5,1793.0,3028.0,10.0,8.0,1,68,0,76
155,6,1664.0,3029.0,5.0,6.0,1,64,0,72
155,7,2036.0,3012.0,9.0,8.0,1,62,0,72
155,8,1871.0,3019.0,9.0,9.0,1,62,0,69
155,9,1717.0,3030.0,7.0,10.0,1,63,0,67
155,10,1699.0,3024.0,8.0,5.0,1,61,0,65
155,11,1691.0,3025.0,5.0,6.0,1,54,0,61
155,12,1807.0,3023.0,5.0,6.0,1,55,0,58
155,13,1936.0,3022.0,7.0,6.0,1,53,0,58
155,16,2004.0,3012.0,10.0,9.0,0,40,1,50
155,17,2017.0,3010.0,8.0,9.0,1,43,0,50
155,18,1835.0,3024.0,6.0,7.0,1,43,0,47
155,19,1854.0,3022.0,9.0,8.0,1,44,0,47
155,20,1729.0,3027.0,7.0,7.0,1,42,0,47
155,22,1994.0,3019.0,11.0,8.0,0,27,1,32
155,24,1944.0,3019.0,9.0,7.0,1,26,0,28
155,25,1968.0,3015.0,9.0,10.0,1,25,0,28
155,26,1777.0,3028.0,7.0,7.0,1,23,0,25
155,27,1908.0,3013.0,8.0,10.0,1,25,0,25
155,28,1883.0,3021.0,9.0,8.0,1,19,0,20
155,29,1901.0,3025.0,7.0,8.0,1,17,0,20
156,3,1598.0,3266.0,16.0,8.0,1,115,0,151
156,4,1633.0,3027.0,7.0,5.0,1,68,0,81
156,5,1795.0,3031.0,8.0,5.0,1,69,0,77
156,6,1662.0,3027.0,5.0,5.0,1,65,0,73
156,7,2036.0,3012.0,9.0,8.0,0,62,1,73
156,8,1862.0,3028.0,11.0,6.0,1,63,0,70
156,9,1733.0,3027.0,9.0,10.0,1,64,0,68
156,10,1699.0,3024.0,8.0,5.0,0,61,1,66
156,11,1682.0,3030.0,6.0,5.0,1,55,0,62
156,12,1810.0,3026.0,11.0,8.0,1,56,0,59
156,13,1927.0,3021.0,8.0,7.0,1,54,0,59
156,16,1995.0,3010.0,7.0,10.0,1,41,0,51
156,17,2009.0,3006.0,9.0,10.0,1,44,0,51
156,18,1829.0,3024.0,7.0,6.0,1,44,0,48
156,19,1852.0,3029.0,8.0,5.0,1,45,0,48
156,20,1750.0,3025.0,9.0,7.0,1,43,0,48
156,22,1979.0,3016.0,9.0,6.0,1,28,0,33
156,24,1940.0,3020.0,9.0,8.0,1,27,0,29
156,25,1961.0,3019.0,7.0,5.0,1,26,0,29
156,26,1766.0,3028.0,7.0,7.0,1,24,0,26
156,27,1904.0,3014.0,8.0,12.0,1,26,0,26
156,28,1876.0,3023.0,8.0,9.0,1,20,0,21
156,29,1890.0,3022.0,7.0,8.0,1,18,0,21
157,3,1594.0,3264.0,16.0,9.0,1,116,0,152
157,4,1628.0,3026.0,6.0,5.0,1,69,0,82
157,5,1778.0,3026.0,8.0,7.0,1,70,0,78
157,6,1648.0,3030.0,6.0,6.0,1,66,0,74
157,7,2028.0,3016.0,9.0,10.0,1,63,0,74
157,8,1851.0,3021.0,8.0,7.0,1,64,0,71
157,9,1705.0,3031.0,7.0,10.0,1,65,0,69
157,10,1689.0,3026.0,7.0,6.0,1,62,0,67
157,11,1676.0,3024.0,7.0,8.0,1,56,0,63
157,12,1803.0,3023.0,9.0,7.0,1,57,0,60
157,13,1915.0,3023.0,8.0,5.0,1,55,0,60
157,16,1991.0,3007.0,7.0,10.0,1,42,0,52
157,17,2008.0,3009.0,8.0,8.0,1,45,0,52
157,18,1822.0,3023.0,8.0,7.0,1,45,0,49
157,19,1852.0,3029.0,8.0,5.0,0,45,1,49
157,20,1720.0,3025.0,6.0,6.0,1,44,0,49
157,22,1979.0,3016.0,9.0,6.0,0,28,1,34
157,24,1938.0,3021.0,8.0,7.0,1,28,0,30
157,25,1956.0,3017.0,9.0,9.0,1,27,0,30
157,26,1767.0,3027.0,9.0,8.0,1,25,0,27
157,27,1898.0,3018.0,8.0,12.0,1,27,0,27
157,28,1874.0,3024.0,7.0,7.0,1,21,0,22
157,29,1886.0,3019.0,7.0,9.0,1,19,0,22
158,3,1599.0,3256.0,15.0,9.0,1,117,0,153
158,4,1615.0,3022.0,7.0,6.0,1,70,0,83
158,5,1771.0,3027.0,9.0,5.0,1,71,0,79
158,6,1635.0,3029.0,7.0,7.0,1,67,0,75
158,7,2022.0,3010.0,10.0,10.0,1,64,0,75
158,8,1840.0,3025.0,9.0,7.0,1,65,0,72
158,9,1699.0,3028.0,8.0,11.0,1,66,0,70
158,10,1677.0,3027.0,7.0,7.0,1,63,0,68
158,11,1674.0,3027.0,4.0,6.0,1,57,0,64
158,12,1760.0,3024.0,7.0,7.0,1,58,0,61
158,13,1889.0,3018.0,10.0,10.0,1,56,0,61
158,16,1991.0,3007.0,7.0,10.0,0,42,1,53
158,17,1996.0,3010.0,7.0,9.0,1,46,0,53
158,18,1798.0,3019.0,11.0,10.0,1,46,0,50
158,19,1787.0,3026.0,7.0,5.0,1,46,0,50
158,20,1711.0,3025.0,7.0,7.0,1,45,0,50
158,22,1966.0,3020.0,11.0,7.0,1,29,0,35
158,24,1926.0,3021.0,9.0,5.0,1,29,0,31
158,25,1956.0,3017.0,9.0,9.0,0,27,1,31
158,26,1732.0,3026.0,8.0,7.0,1,26,0,28
158,27,1882.0,3012.0,8.0,8.0,1,28,0,28
158,28,1852.0,3019.0,8.0,10.0,1,22,0,23
158,29,1870.0,3016.0,7.0,8.0,1,20,0,23
159,3,1594.0,3260.0,16.0,8.0,1,118,0,154
159,4,1612.0,3019.0,8.0,7.0,1,71,0,84
159,5,1771.0,3027.0,9.0,5.0,0,71,1,80
159,6,1633.0,3030.0,8.0,6.0,1,68,0,76
159,7,2021.0,3014.0,10.0,8.0,1,65,0,76
159,8,1838.0,3017.0,8.0,11.0,1,66,0,73
159,9,1694.0,3028.0,8.0,9.0,1,67,0,71
159,10,1674.0,3022.0,7.0,6.0,1,64,0,69
159,11,1665.0,3021.0,4.0,7.0,1,58,0,65
159,12,1762.0,3025.0,10.0,6.0,1,59,0,62
159,13,1908.0,3026.0,8.0,6.0,1,57,0,62
159,16,1976.0,3004.0,7.0,10.0,1,43,0,54
159,17,1999.0,3016.0,7.0,7.0,1,47,0,54
159,18,1808.0,3025.0,7.0,5.0,1,47,0,51
159,19,1786.0,3027.0,6.0,3.0,1,47,0,51
159,20,1704.0,3031.0,7.0,6.0,1,46,0,51
159,22,1966.0,3020.0,11.0,7.0,0,29,1,36
159,24,1920.0,3017.0,8.0,9.0,1,30,0,32
159,25,1945.0,3013.0,8.0,8.0,1,28,0,32
159,26,1732.0,3024.0,9.0,7.0,1,27,0,29
159,27,1884.0,3023.0,10.0,8.0,1,29,0,29
159,28,1859.0,3014.0,7.0,10.0,1,23,0,24
159,29,1875.0,3021.0,11.0,7.0,1,21,0,24
160,3,1594.0,3261.0,15.0,9.0,1,119,0,155
160,4,1606.0,3020.0,7.0,7.0,1,72,0,85
160,5,1782.0,3020.0,8.0,8.0,1,72,0,81
160,6,1630.0,3022.0,6.0,8.0,1,69,0,77
160,7,2021.0,3014.0,10.0,8.0,0,65,1,77
160,8,1831.0,3021.0,8.0,9.0,1,67,0,74
160,9,1681.0,3026.0,7.0,8.0,1,68,0,72
160,10,1671.0,3020.0,6.0,7.0,1,65,0,70
160,11,1653.0,3027.0,9.0,5.0,1,59,0,66
160,12,1757.0,3028.0,10.0,7.0,1,60,0,63
160,13,1895.0,3020.0,6.0,6.0,1,58,0,63
160,16,1962.0,3006.0,6.0,10.0,1,44,0,55
160,17,1999.0,3016.0,7.0,7.0,0,47,1,55
160,18,1806.0,3020.0,8.0,5.0,1,48,0,52
160,19,1776.0,3029.0,6.0,5.0,1,48,0,52
160,20,1707.0,3018.0,6.0,8.0,1,47,0,52
160,22,1959.0,3017.0,10.0,7.0,1,30,0,37
160,24,1908.0,3014.0,8.0,6.0,1,31,0,33
160,25,1933.0,3022.0,9.0,7.0,1,29,0,33
160,26,1745.0,3025.0,7.0,7.0,1,28,0,30
160,27,1884.0,3023.0,10.0,8.0,0,29,1,30
160,28,1842.0,3023.0,9.0,6.0,1,24,0,25
160,29,1855.0,3018.0,9.0,11.0,1,22,0,25
161,3,1592.0,3256.0,15.0,7.0,1,120,0,156
161,4,1606.0,3020.0,7.0,7.0,0,72,1,86
161,5,1777.0,3019.0,6.0,8.0,1,73,0,82
161,6,1626.0,3025.0,6.0,6.0,1,70,0,78
161,7,2003.0,3005.0,8.0,9.0,1,66,0,78
161,8,1820.0,3018.0,11.0,8.0,1,68,0,75
161,9,1675.0,3026.0,7.0,11.0,1,69,0,73
161,10,1660.0,3026.0,7.0,6.0,1,66,0,71
161,11,1653.0,3027.0,9.0,5.0,0,59,1,67
161,12,1757.0,3028.0,10.0,7.0,0,60,1,64
161,13,1863.0,3018.0,10.0,5.0,1,59,0,64
161,16,1964.0,3010.0,7.0,10.0,1,45,0,56
161,17,1982.0,3011.0,10.0,9.0,1,48,0,56
161,18,1793.0,3023.0,6.0,5.0,1,49,0,53
161,19,1758.0,3024.0,9.0,7.0,1,49,0,53
161,20,1694.0,3025.0,6.0,6.0,1,48,0,53
161,22,1945.0,3021.0,10.0,9.0,1,31,0,38
161,24,1892.0,3025.0,6.0,5.0,1,32,0,34
161,25,1909.0,3020.0,7.0,5.0,1,30,0,34
161,26,1712.0,3033.0,8.0,6.0,1,29,0,31
161,27,1870.0,3019.0,9.0,8.0,1,30,0,31
161,28,1837.0,3023.0,10.0,6.0,1,25,0,26
161,29,1851.0,3016.0,8.0,9.0,1,23,0,26
162,3,1593.0,3262.0,15.0,8.0,1,121,0,157
162,4,1587.0,3025.0,10.0,7.0,1,73,0,87
162,5,1767.0,3028.0,7.0,5.0,1,74,0,83
162,6,1615.0,3025.0,5.0,5.0,1,71,0,79
162,7,1996.0,3016.0,9.0,7.0,1,67,0,79
162,8,1818.0,3016.0,9.0,7.0,1,69,0,76
162,9,1671.0,3022.0,8.0,8.0,1,70,0,74
162,10,1660.0,3026.0,7.0,6.0,0,66,1,72
162,11,1653.0,3027.0,9.0,5.0,0,59,2,68
162,12,1734.0,3023.0,8.0,5.0,1,61,0,65
162,13,1889.0,3015.0,5.0,9.0,1,60,0,65
162,16,1953.0,3011.0,8.0,11.0,1,46,0,57
162,17,1982.0,3011.0,10.0,9.0,0,48,1,57
162,18,1787.0,3022.0,8.0,6.0,1,50,0,54
162,19,1746.0,3025.0,8.0,7.0,1,50,0,54
162,20,1681.0,3022.0,8.0,9.0,1,49,0,54
162,22,1943.0,3020.0,7.0,9.0,1,32,0,39
162,24,1896.0,3019.0,7.0,6.0,1,33,0,35
162,25,1922.0,3013.0,8.0,9.0,1,31,0,35
162,26,1713.0,3019.0,8.0,6.0,1,30,0,32
162,27,1872.0,3022.0,9.0,8.0,1,31,0,32
162,28,1850.0,3022.0,10.0,6.0,1,26,0,27
162,29,1850.0,3016.0,9.0,10.0,1,24,0,27
163,3,1597.0,3263.0,15.0,8.0,1,122,0,158
163,4,1586.0,3020.0,10.0,8.0,1,74,0,88
163,5,1761.0,3019.0,11.0,8.0,1,75,0,84
163,6,1606.0,3027.0,8.0,8.0,1,72,0,80
163,7,1992.0,3015.0,9.0,8.0,1,68,0,80
163,8,1813.0,3022.0,9.0,7.0,1,70,0,77
163,9,1663.0,3021.0,8.0,11.0,1,71,0,75
163,10,1649.0,3024.0,8.0,9.0,1,67,0,73
163,11,1633.0,3023.0,8.0,8.0,1,60,0,69
163,12,1742.0,3025.0,8.0,7.0,1,62,0,66
163,13,1864.0,3015.0,10.0,7.0,1,61,0,66
163,16,1954.0,3016.0,6.0,11.0,1,47,0,58
163,17,1968.0,3006.0,10.0,8.0,1,49,0,58
163,18,1786.0,3019.0,7.0,7.0,1,51,0,55
163,19,1759.0,3026.0,5.0,5.0,1,51,0,55
163,20,1698.0,3020.0,8.0,7.0,1,50,0,55
163,22,1932.0,3019.0,9.0,9.0,1,33,0,40
163,24,1879.0,3018.0,9.0,6.0,1,34,0,36
163,25,1922.0,3013.0,8.0,9.0,0,31,1,36
163,26,1730.0,3026.0,6.0,6.0,1,31,0,33
163,27,1844.0,3018.0,9.0,7.0,1,32,0,33
163,28,1824.0,3022.0,7.0,5.0,1,27,0,28
163,29,1835.0,3018.0,10.0,8.0,1,25,0,28
164,3,1599.0,3263.0,16.0,8.0,1,123,0,159
164,4,1585.0,3026.0,9.0,6.0,1,75,0,89
164,5,1764.0,3017.0,7.0,8.0,1,76,0,85
164,6,1604.0,3022.0,7.0,6.0,1,73,0,81
164,7,1987.0,3008.0,8.0,10.0,1,69,0,81
164,8,1813.0,3022.0,9.0,7.0,0,70,1,78
164,9,1663.0,3021.0,8.0,11.0,0,71,1,76
164,10,1642.0,3025.0,7.0,9.0,1,68,0,74
164,11,1633.0,3023.0,8.0,8.0,0,60,1,70
164,12,1737.0,3019.0,9.0,6.0,1,63,0,67
164,13,1852.0,3022.0,9.0,6.0,1,62,0,67
164,16,1954.0,3016.0,6.0,11.0,0,47,1,59
164,17,1959.0,3007.0,10.0,10.0,1,50,0,59
164,18,1786.0,3019.0,7.0,7.0,0,51,1,56
164,19,1749.0,3024.0,6.0,5.0,1,52,0,56
164,20,1678.0,3022.0,7.0,10.0,1,51,0,56
164,22,1930.0,3018.0,8.0,7.0,1,34,0,41
164,24,1872.0,3023.0,8.0,7.0,1,35,0,37
164,25,1889.0,3021.0,8.0,6.0,1,32,0,37
164,26,1696.0,3027.0,7.0,6.0,1,32,0,34
164,27,1845.0,3022.0,10.0,7.0,1,33,0,34
164,28,1824.0,3022.0,7.0,5.0,0,27,1,29
164,29,1830.0,3018.0,9.0,7.0,1,26,0,29
165,3,1598.0,3257.0,16.0,8.0,1,124,0,160
165,4,1585.0,3026.0,9.0,6.0,0,75,1,90
165,5,1752.0,3016.0,9.0,7.0,1,77,0,86
165,6,1604.0,3022.0,7.0,6.0,0,73,1,82
165,7,1984.0,3013.0,6.0,9.0,1,70,0,82
165,8,1798.0,3023.0,9.0,7.0,1,71,0,79
165,9,1663.0,3021.0,8.0,11.0,0,71,2,77
165,10,1632.0,3020.0,7.0,7.0,1,69,0,75
165,11,1633.0,3023.0,8.0,8.0,0,60,2,71
165,12,1731.0,3021.0,9.0,8.0,1,64,0,68
165,13,1843.0,3021.0,9.0,6.0,1,63,0,68
165,16,1954.0,3016.0,6.0,11.0,0,47,2,60
165,17,1957.0,3013.0,10.0,7.0,1,51,0,60
165,18,1776.0,3026.0,6.0,5.0,1,52,0,57
165,19,1745.0,3020.0,6.0,6.0,1,53,0,57
165,20,1693.0,3029.0,7.0,5.0,1,52,0,57
165,22,1930.0,3018.0,8.0,7.0,0,34,1,42
165,24,1866.0,3028.0,7.0,5.0,1,36,0,38
165,25,1903.0,3015.0,8.0,6.0,1,33,0,38
165,26,1715.0,3025.0,6.0,5.0,1,33,0,35
165,27,1836.0,3018.0,8.0,5.0,1,34,0,35
165,28,1812.0,3025.0,9.0,7.0,1,28,0,30
165,29,1830.0,3018.0,9.0,7.0,0,26,1,30
166,3,1598.0,3257.0,16.0,8.0,0,124,1,161
166,4,1567.0,3013.0,10.0,7.0,1,76,0,91
166,5,1750.0,3018.0,10.0,6.0,1,78,0,87
166,6,1585.0,3019.0,8.0,5.0,1,74,0,83
166,7,1976.0,3011.0,8.0,9.0,1,71,0,83
166,8,1794.0,3022.0,10.0,6.0,1,72,0,80
166,9,1646.0,3019.0,9.0,11.0,1,72,0,78
166,10,1629.0,3022.0,6.0,8.0,1,70,0,76
166,11,1612.0,3028.0,7.0,7.0,1,61,0,72
166,12,1725.0,3027.0,8.0,6.0,1,65,0,69
166,13,1840.0,3021.0,8.0,6.0,1,64,0,69
166,16,1926.0,3012.0,8.0,8.0,1,48,0,61
166,17,1955.0,3009.0,7.0,8.0,1,52,0,61
166,18,1769.0,3022.0,7.0,6.0,1,53,0,58
166,19,1736.0,3023.0,9.0,6.0,1,54,0,58
166,20,1693.0,3029.0,7.0,5.0,0,52,1,58
166,22,1915.0,3016.0,10.0,5.0,1,35,0,43
166,24,1874.0,3024.0,8.0,6.0,1,37,0,39
166,25,1893.0,3010.0,7.0,10.0,1,34,0,39
166,26,1703.0,3026.0,7.0,6.0,1,34,0,36
166,27,1865.0,3021.0,6.0,8.0,1,35,0,36
166,28,1809.0,3019.0,8.0,9.0,1,29,0,31
166,29,1820.0,3018.0,7.0,9.0,1,27,0,31
167,3,1589.0,3262.0,16.0,8.0,1,125,0,162
167,4,1557.0,3012.0,9.0,8.0,1,77,0,92
167,5,1738.0,3024.0,8.0,6.0,1,79,0,88
167,6,1606.0,3017.0,5.0,10.0,1,75,0,84
167,7,1964.0,3012.0,8.0,9.0,1,72,0,84
167,8,1782.0,3016.0,8.0,8.0,1,73,0,81
167,9,1639.0,3019.0,9.0,12.0,1,73,0,79
167,10,1625.0,3020.0,7.0,6.0,1,71,0,77
167,11,1656.0,3023.0,7.0,8.0,1,62,0,73
167,12,1713.0,3025.0,9.0,7.0,1,66,0,70
167,13,1818.0,3023.0,8.0,6.0,1,65,0,70
167,16,1923.0,3015.0,6.0,8.0,1,49,0,62
167,17,1955.0,3009.0,7.0,8.0,0,52,1,62
167,18,1757.0,3022.0,9.0,7.0,1,54,0,59
167,19,1723.0,3027.0,7.0,5.0,1,55,0,59
167,20,1673.0,3025.0,9.0,7.0,1,53,0,59
167,22,1915.0,3016.0,10.0,5.0,0,35,1,44
167,24,1857.0,3019.0,7.0,7.0,1,38,0,40
167,25,1865.0,3018.0,8.0,8.0,1,35,0,40
167,26,1701.0,3033.0,8.0,6.0,1,35,0,37
167,27,1835.0,3017.0,9.0,8.0,1,36,0,37
167,28,1805.0,3024.0,8.0,5.0,1,30,0,32
167,29,1810.0,3016.0,9.0,10.0,1,28,0,32
168,3,1599.0,3263.0,13.0,8.0,1,126,0,163
168,4,1570.0,3023.0,10.0,6.0,1,78,0,93
168,5,1730.0,3020.0,10.0,6.0,1,80,0,89
168,6,1606.0,3017.0,5.0,10.0,0,75,1,85
168,7,1963.0,3018.0,6.0,7.0,1,73,0,85
168,8,1782.0,3022.0,10.0,6.0,1,74,0,82
168,9,1639.0,3019.0,9.0,12.0,0,73,1,80
168,10,1615.0,3024.0,7.0,6.0,1,72,0,78
168,11,1656.0,3023.0,7.0,8.0,0,62,1,74
168,12,1713.0,3020.0,9.0,8.0,1,67,0,71
168,13,1834.0,3020.0,12.0,8.0,1,66,0,71
168,16,1916.0,3013.0,8.0,10.0,1,50,0,63
168,17,1940.0,3010.0,8.0,7.0,1,53,0,63
168,18,1757.0,3022.0,9.0,7.0,0,54,1,60
168,19,1726.0,3024.0,8.0,7.0,1,56,0,60
168,20,1669.0,3024.0,9.0,7.0,1,54,0,60
168,22,1902.0,3013.0,10.0,8.0,1,36,0,45
168,24,1862.0,3014.0,8.0,8.0,1,39,0,41
168,25,1890.0,3013.0,7.0,8.0,1,36,0,41
168,26,1701.0,3033.0,8.0,6.0,0,35,1,38
168,27,1847.0,3022.0,7.0,7.0,1,37,0,38
168,28,1798.0,3021.0,7.0,6.0,1,31,0,33
168,29,1813.0,3016.0,8.0,7.0,1,29,0,33
169,3,1596.0,3262.0,14.0,7.0,1,127,0,164
169,4,1542.0,3009.0,9.0,9.0,1,79,0,94
169,5,1726.0,3016.0,9.0,8.0,1,81,0,90
169,6,1571.0,3020.0,6.0,7.0,1,76,0,86
169,7,1953.0,3006.0,6.0,9.0,1,74,0,86
169,8,1773.0,3024.0,10.0,7.0,1,75,0,83
169,9,1625.0,3024.0,8.0,9.0,1,74,0,81
169,10,1605.0,3022.0,6.0,5.0,1,73,0,79
169,11,1656.0,3023.0,7.0,8.0,0,62,2,75
169,12,1708.0,3022.0,9.0,6.0,1,68,0,72
169,13,1826.0,3016.0,10.0,6.0,1,67,0,72
169,16,1910.0,3018.0,8.0,7.0,1,51,0,64
169,17,1928.0,3012.0,9.0,9.0,1,54,0,64
169,18,1757.0,3022.0,9.0,7.0,0,54,2,61
169,19,1720.0,3023.0,8.0,7.0,1,57,0,61
169,20,1666.0,3022.0,10.0,8.0,1,55,0,61
169,22,1900.0,3016.0,8.0,11.0,1,37,0,46
169,24,1850.0,3018.0,8.0,7.0,1,40,0,42
169,25,1882.0,3011.0,7.0,8.0,1,37,0,42
169,26,1682.0,3019.0,9.0,6.0,1,36,0,39
169,27,1847.0,3019.0,6.0,8.0,1,38,0,39
169,28,1798.0,3021.0,7.0,6.0,0,31,1,34
169,29,1802.0,3025.0,9.0,7.0,1,30,0,34
170,3,1594.0,3253.0,15.0,7.0,1,128,0,165
170,4,1553.0,3013.0,7.0,5.0,1,80,0,95
170,5,1723.0,3017.0,7.0,7.0,1,82,0,91
170,6,1589.0,3017.0,5.0,4.0,1,77,0,87
170,7,1949.0,3006.0,6.0,10.0,1,75,0,87
170,8,1764.0,3018.0,10.0,8.0,1,76,0,84
170,9,1625.0,3024.0,8.0,9.0,0,74,1,82
170,10,1601.0,3021.0,7.0,5.0,1,74,0,80
170,11,1631.0,3025.0,8.0,9.0,1,63,0,76
170,12,1700.0,3019.0,9.0,6.0,1,69,0,73
170,13,1814.0,3023.0,8.0,7.0,1,68,0,73
170,16,1910.0,3018.0,8.0,7.0,0,51,1,65
170,17,1922.0,3010.0,9.0,9.0,1,55,0,65
170,18,1744.0,3020.0,7.0,7.0,1,55,0,62
170,19,1710.0,3022.0,7.0,6.0,1,58,0,62
170,20,1666.0,3022.0,10.0,8.0,0,55,1,62
170,22,1886.0,3018.0,9.0,6.0,1,38,0,47
170,24,1845.0,3016.0,9.0,10.0,1,41,0,43
170,25,1868.0,3015.0,8.0,7.0,1,38,0,43
170,26,1681.0,3019.0,9.0,8.0,1,37,0,40
170,27,1837.0,3021.0,7.0,9.0,1,39,0,40
170,28,1785.0,3020.0,6.0,7.0,1,32,0,35
170,29,1794.0,3025.0,8.0,6.0,1,31,0,35
171,3,1595.0,3260.0,15.0,7.0,1,129,0,166
171,4,1530.0,3019.0,8.0,5.0,1,81,0,96
171,5,1715.0,3016.0,10.0,8.0,1,83,0,92
171,6,1547.0,3020.0,8.0,7.0,1,78,0,88
171,7,1949.0,3006.0,6.0,10.0,0,75,1,88
171,8,1764.0,3016.0,9.0,8.0,1,77,0,85
171,9,1593.0,3024.0,7.0,5.0,1,75,0,83
171,10,1581.0,3016.0,4.0,7.0,1,75,0,81
171,11,1617.0,3026.0,9.0,7.0,1,64,0,77
171,12,1689.0,3026.0,10.0,6.0,1,70,0,74
171,13,1814.0,3023.0,8.0,7.0,0,68,1,74
171,16,1900.0,3009.0,7.0,9.0,1,52,0,66
171,17,1912.0,3014.0,9.0,8.0,1,56,0,66
171,18,1740.0,3014.0,4.0,8.0,1,56,0,63
171,19,1706.0,3024.0,7.0,5.0,1,59,0,63
171,20,1606.0,3024.0,8.0,9.0,1,56,0,63
171,22,1888.0,3013.0,8.0,9.0,1,39,0,48
171,24,1842.0,3015.0,9.0,8.0,1,42,0,44
171,25,1871.0,3013.0,7.0,7.0,1,39,0,44
171,26,1674.0,3022.0,10.0,9.0,1,38,0,41
171,27,1837.0,3021.0,7.0,9.0,0,39,1,41
171,28,1779.0,3024.0,8.0,4.0,1,33,0,36
171,29,1790.0,3019.0,8.0,8.0,1,32,0,36
172,3,1591.0,3261.0,18.0,8.0,1,130,0,167
172,4,1526.0,3020.0,8.0,6.0,1,82,0,97
172,5,1731.0,3016.0,6.0,8.0,1,84,0,93
172,6,1542.0,3012.0,9.0,8.0,1,79,0,89
172,7,1935.0,3012.0,8.0,6.0,1,76,0,89
172,8,1757.0,3017.0,9.0,9.0,1,78,0,86
172,9,1593.0,3024.0,7.0,5.0,0,75,1,84
172,10,1574.0,3020.0,4.0,5.0,1,76,0,82
172,11,1640.0,3027.0,9.0,8.0,1,65,0,78
172,12,1678.0,3027.0,10.0,7.0,1,71,0,75
172,13,1809.0,3020.0,7.0,6.0,1,69,0,75
172,16,1900.0,3009.0,7.0,9.0,0,52,1,67
172,17,1909.0,3012.0,11.0,8.0,1,57,0,67
172,18,1770.0,3023.0,7.0,5.0,1,57,0,64
172,19,1709.0,3020.0,9.0,6.0,1,60,0,64
172,20,1620.0,3014.0,10.0,10.0,1,57,0,64
172,22,1881.0,3015.0,8.0,6.0,1,40,0,49
172,24,1836.0,3020.0,7.0,7.0,1,43,0,45
172,25,1860.0,3012.0,8.0,9.0,1,40,0,45
172,26,1667.0,3020.0,9.0,7.0,1,39,0,42
172,27,1823.0,3019.0,7.0,6.0,1,40,0,42
172,28,1779.0,3023.0,8.0,7.0,1,34,0,37
172,29,1789.0,3016.0,6.0,5.0,1,33,0,37
173,3,1600.0,3257.0,18.0,9.0,1,131,0,168
173,4,1523.0,3017.0,6.0,6.0,1,83,0,98
173,5,1728.0,3024.0,6.0,6.0,1,85,0,94
173,6,1538.0,3019.0,10.0,7.0,1,80,0,90
173,7,1933.0,3015.0,6.0,8.0,1,77,0,90
173,8,1757.0,3017.0,9.0,9.0,0,78,1,87
173,9,1581.0,3024.0,7.0,5.0,1,76,0,85
173,10,1568.0,3022.0,5.0,7.0,1,77,0,83
173,11,1614.0,3020.0,8.0,8.0,1,66,0,79
173,12,1685.0,3022.0,7.0,5.0,1,72,0,76
173,13,1797.0,3017.0,8.0,6.0,1,70,0,76
173,16,1884.0,3011.0,6.0,7.0,1,53,0,68
173,17,1907.0,3011.0,10.0,7.0,1,58,0,68
173,18,1754.0,3018.0,12.0,8.0,1,58,0,65
173,19,1700.0,3015.0,12.0,10.0,1,61,0,65
173,20,1597.0,3019.0,9.0,7.0,1,58,0,65
173,22,1875.0,3017.0,7.0,6.0,1,41,0,50
173,24,1836.0,3020.0,7.0,7.0,0,43,1,46
173,25,1860.0,3012.0,8.0,9.0,0,40,1,46
173,26,1667.0,3020.0,9.0,7.0,0,39,1,43
173,27,1822.0,3020.0,8.0,6.0,1,41,0,43
173,28,1789.0,3024.0,7.0,6.0,1,35,0,38
173,29,1782.0,3020.0,8.0,10.0,1,34,0,38
174,3,1593.0,3258.0,19.0,8.0,1,132,0,169
174,4,1514.0,3013.0,8.0,8.0,1,84,0,99
174,5,1693.0,3009.0,9.0,8.0,1,86,0,95
174,6,1531.0,3021.0,9.0,7.0,1,81,0,91
174,7,1932.0,3004.0,6.0,11.0,1,78,0,91
174,8,1720.0,3018.0,6.0,6.0,1,79,0,88
174,9,1575.0,3019.0,7.0,6.0,1,77,0,86
174,10,1557.0,3023.0,5.0,5.0,1,78,0,84
174,11,1601.0,3024.0,10.0,8.0,1,67,0,80
174,12,1653.0,3026.0,6.0,6.0,1,73,0,77
174,13,1787.0,3018.0,9.0,6.0,1,71,0,77
174,16,1879.0,3016.0,6.0,7.0,1,54,0,69
174,17,1899.0,3019.0,8.0,6.0,1,59,0,69
174,18,1743.0,3011.0,8.0,8.0,1,59,0,66
174,19,1685.0,3018.0,6.0,6.0,1,62,0,66
174,20,1590.0,3021.0,8.0,7.0,1,59,0,66
174,22,1867.0,3013.0,7.0,8.0,1,42,0,51
174,24,1825.0,3019.0,8.0,11.0,1,44,0,47
174,25,1844.0,3017.0,6.0,10.0,1,41,0,47
174,26,1635.0,3022.0,9.0,7.0,1,40,0,44
174,27,1808.0,3020.0,8.0,7.0,1,42,0,44
174,28,1761.0,3020.0,7.0,6.0,1,36,0,39
174,29,1772.0,3017.0,7.0,7.0,1,35,0,39
175,3,1601.0,3259.0,19.0,7.0,1,133,0,170
175,4,1502.0,3013.0,5.0,6.0,1,85,0,100
175,5,1694.0,3016.0,8.0,7.0,1,87,0,96
175,6,1522.0,3014.0,9.0,7.0,1,82,0,92
175,7,1925.0,3015.0,7.0,11.0,1,79,0,92
175,8,1713.0,3021.0,5.0,6.0,1,80,0,89
175,9,1563.0,3021.0,7.0,5.0,1,78,0,87
175,10,1550.0,3021.0,6.0,6.0,1,79,0,85
175,11,1598.0,3022.0,9.0,7.0,1,68,0,81
175,12,1653.0,3021.0,5.0,6.0,1,74,0,78
175,13,1783.0,3021.0,8.0,6.0,1,72,0,78
175,16,1873.0,3014.0,6.0,7.0,1,55,0,70
175,17,1899.0,3019.0,8.0,6.0,0,59,1,70
175,18,1743.0,3011.0,8.0,8.0,0,59,1,67
175,19,1679.0,3020.0,6.0,6.0,1,63,0,67
175,20,1583.0,3024.0,7.0,7.0,1,60,0,67
175,22,1861.0,3016.0,6.0,8.0,1,43,0,52
175,24,1818.0,3011.0,10.0,9.0,1,45,0,48
175,25,1835.0,3019.0,8.0,8.0,1,42,0,48
175,26,1622.0,3025.0,10.0,7.0,1,41,0,45
175,27,1808.0,3020.0,8.0,7.0,0,42,1,45
175,28,1759.0,3025.0,7.0,5.0,1,37,0,40
175,29,1765.0,3016.0,5.0,7.0,1,36,0,40
176,3,1600.0,3268.0,16.0,7.0,1,134,0,171
176,4,1502.0,3013.0,5.0,6.0,0,85,1,101
176,5,1682.0,3022.0,8.0,7.0,1,88,0,97
176,6,1516.0,3019.0,7.0,7.0,1,83,0,93
176,7,1912.0,3014.0,8.0,9.0,1,80,0,93
176,8,1700.0,3012.0,7.0,5.0,1,81,0,90
176,9,1559.0,3021.0,7.0,7.0,1,79,0,88
176,10,1543.0,3019.0,7.0,5.0,1,80,0,86
176,11,1617.0,3020.0,10.0,7.0,1,69,0,82
176,12,1654.0,3021.0,9.0,9.0,1,75,0,79
176,13,1764.0,3020.0,6.0,6.0,1,73,0,79
176,16,1868.0,3007.0,6.0,9.0,1,56,0,71
176,17,1884.0,3008.0,9.0,7.0,1,60,0,71
176,18,1743.0,3011.0,8.0,8.0,0,59,2,68
176,19,1672.0,3019.0,7.0,5.0,1,64,0,68
176,20,1593.0,3020.0,7.0,8.0,1,61,0,68
176,22,1848.0,3021.0,9.0,9.0,1,44,0,53
176,24,1808.0,3016.0,8.0,8.0,1,46,0,49
176,25,1834.0,3012.0,6.0,10.0,1,43,0,49
176,26,1647.0,3014.0,8.0,8.0,1,42,0,46
176,27,1808.0,3020.0,8.0,7.0,0,42,2,46
176,28,1753.0,3025.0,7.0,5.0,1,38,0,41
176,29,1752.0,3017.0,9.0,6.0,1,37,0,41
177,3,1600.0,3263.0,13.0,6.0,1,135,0,172
177,4,1491.0,3008.0,5.0,9.0,1,86,0,102
177,5,1675.0,3015.0,9.0,8.0,1,89,0,98
177,6,1509.0,3011.0,8.0,7.0,1,84,0,94
177,7,1908.0,3006.0,9.0,10.0,1,81,0,94
177,8,1703.0,3023.0,6.0,7.0,1,82,0,91
177,9,1554.0,3022.0,9.0,5.0,1,80,0,89
177,10,1529.0,3021.0,7.0,5.0,1,81,0,87
177,11,1588.0,3016.0,8.0,6.0,1,70,0,83
177,12,1632.0,3022.0,8.0,6.0,1,76,0,80
177,13,1765.0,3018.0,7.0,6.0,1,74,0,80
177,16,1857.0,3013.0,7.0,6.0,1,57,0,72
177,17,1883.0,3009.0,8.0,8.0,1,61,0,72
177,18,1746.0,3017.0,6.0,6.0,1,60,0,69
177,19,1652.0,3023.0,7.0,7.0,1,65,0,69
177,20,1568.0,3019.0,10.0,7.0,1,62,0,69
177,22,1844.0,3021.0,7.0,6.0,1,45,0,54
177,24,1799.0,3016.0,7.0,7.0,1,47,0,50
177,25,1834.0,3012.0,6.0,10.0,0,43,1,50
177,26,1609.0,3023.0,10.0,7.0,1,43,0,47
177,27,1797.0,3015.0,8.0,6.0,1,43,0,47
177,28,1771.0,3018.0,8.0,6.0,1,39,0,42
177,29,1756.0,3017.0,7.0,7.0,1,38,0,42
178,3,1605.0,3265.0,14.0,8.0,1,136,0,173
178,4,1484.0,3010.0,8.0,6.0,1,87,0,103
178,5,1670.0,3014.0,8.0,6.0,1,90,0,99
178,6,1505.0,3010.0,7.0,6.0,1,85,0,95
178,7,1900.0,3010.0,7.0,11.0,1,82,0,95
178,8,1692.0,3016.0,7.0,7.0,1,83,0,92
178,9,1544.0,3012.0,8.0,5.0,1,81,0,90
178,10,1531.0,3017.0,7.0,7.0,1,82,0,88
178,11,1601.0,3019.0,10.0,7.0,1,71,0,84
178,12,1645.0,3016.0,9.0,8.0,1,77,0,81
178,13,1756.0,3015.0,4.0,6.0,1,75,0,81
178,16,1857.0,3013.0,7.0,6.0,0,57,1,73
178,17,1872.0,3013.0,9.0,7.0,1,62,0,73
178,18,1717.0,3020.0,9.0,7.0,1,61,0,70
178,19,1662.0,3019.0,7.0,6.0,1,66,0,70
178,20,1557.0,3015.0,9.0,8.0,1,63,0,70
178,22,1837.0,3014.0,9.0,7.0,1,46,0,55
178,24,1797.0,3013.0,8.0,9.0,1,48,0,51
178,25,1817.0,3014.0,9.0,8.0,1,44,0,51
178,26,1625.0,3020.0,8.0,8.0,1,44,0,48
178,27,1786.0,3022.0,8.0,7.0,1,44,0,48
178,28,1767.0,3018.0,7.0,5.0,1,40,0,43
178,29,1735.0,3019.0,8.0,6.0,1,39,0,43
179,3,1608.0,3265.0,21.0,8.0,1,137,0,174
179,4,1480.0,3019.0,7.0,8.0,1,88,0,104
179,5,1666.0,3015.0,7.0,6.0,1,91,0,100
179,6,1502.0,3006.0,8.0,7.0,1,86,0,96
179,7,1892.0,3012.0,7.0,11.0,1,83,0,96
179,8,1689.0,3021.0,7.0,6.0,1,84,0,93
179,9,1537.0,3015.0,8.0,7.0,1,82,0,91
179,10,1525.0,3016.0,6.0,7.0,1,83,0,89
179,11,1579.0,3020.0,6.0,7.0,1,72,0,85
179,12,1623.0,3017.0,8.0,6.0,1,78,0,82
179,13,1743.0,3026.0,6.0,6.0,1,76,0,82
179,16,1848.0,3011.0,5.0,7.0,1,58,0,74
179,17,1869.0,3010.0,6.0,6.0,1,63,0,74
179,18,1710.0,3014.0,7.0,6.0,1,62,0,71
179,19,1653.0,3018.0,5.0,5.0,1,67,0,71
179,20,1555.0,3019.0,9.0,7.0,1,64,0,71
179,22,1836.0,3012.0,8.0,8.0,1,47,0,56
179,24,1797.0,3013.0,8.0,9.0,0,48,1,52
179,25,1810.0,3022.0,9.0,7.0,1,45,0,52
179,26,1625.0,3020.0,8.0,8.0,0,44,1,49
179,27,1777.0,3025.0,8.0,6.0,1,45,0,49
179,28,1763.0,3018.0,7.0,6.0,1,41,0,44
179,29,1729.0,3022.0,8.0,7.0,1,40,0,44
180,3,1602.0,3260.0,16.0,9.0,1,138,0,175
180,4,1476.0,3010.0,6.0,6.0,1,89,0,105
180,5,1657.0,3020.0,6.0,5.0,1,92,0,101
180,6,1502.0,3006.0,8.0,7.0,0,86,1,97
180,7,1887.0,3013.0,7.0,11.0,1,84,0,97
180,8,1689.0,3021.0,7.0,6.0,0,84,1,94
180,9,1537.0,3015.0,8.0,7.0,0,82,1,92
180,10,1525.0,3016.0,6.0,7.0,0,83,1,90
180,11,1591.0,3021.0,9.0,9.0,1,73,0,86
180,12,1623.0,3017.0,8.0,6.0,0,78,1,83
180,13,1749.0,3015.0,6.0,7.0,1,77,0,83
180,16,1837.0,3015.0,6.0,8.0,1,59,0,75
180,17,1857.0,3011.0,7.0,9.0,1,64,0,75
180,18,1707.0,3020.0,6.0,8.0,1,63,0,72
180,19,1647.0,3012.0,6.0,5.0,1,68,0,72
180,20,1547.0,3014.0,10.0,7.0,1,65,0,72
180,22,1830.0,3016.0,8.0,10.0,1,48,0,57
180,24,1797.0,3013.0,8.0,9.0,0,48,2,53
180,25,1813.0,3011.0,8.0,9.0,1,46,0,53
180,26,1614.0,3024.0,9.0,7.0,1,45,0,50
180,27,1774.0,3019.0,7.0,6.0,1,46,0,50
180,28,1749.0,3014.0,8.0,6.0,1,42,0,45
180,29,1737.0,3013.0,8.0,8.0,1,41,0,45
181,3,1605.0,3273.0,18.0,9.0,1,139,0,176
181,4,1466.0,3011.0,7.0,8.0,1,90,0,106
181,5,1674.0,3011.0,6.0,6.0,1,93,0,102
181,6,1502.0,3006.0,8.0,7.0,0,86,2,98
181,7,1880.0,3012.0,5.0,8.0,1,85,0,98
181,8,1717.0,3015.0,7.0,7.0,1,85,0,95
181,9,1528.0,3012.0,8.0,7.0,1,83,0,93
181,10,1515.0,3016.0,6.0,7.0,1,84,0,91
181,11,1580.0,3018.0,8.0,9.0,1,74,0,87
181,12,1628.0,3013.0,9.0,7.0,1,79,0,84
181,13,1735.0,3016.0,7.0,5.0,1,78,0,84
181,16,1828.0,3016.0,7.0,9.0,1,60,0,76
181,17,1853.0,3010.0,7.0,8.0,1,65,0,76
181,18,1701.0,3020.0,7.0,6.0,1,64,0,73
181,19,1650.0,3013.0,7.0,6.0,1,69,0,73
181,20,1546.0,3019.0,7.0,6.0,1,66,0,73
181,22,1826.0,3016.0,7.0,7.0,1,49,0,58
181,24,1782.0,3019.0,6.0,7.0,1,49,0,54
181,25,1801.0,3011.0,8.0,9.0,1,47,0,54
181,26,1643.0,3018.0,7.0,7.0,1,46,0,51
181,27,1765.0,3020.0,6.0,7.0,1,47,0,51
181,28,1740.0,3018.0,8.0,6.0,1,43,0,46
181,29,1733.0,3016.0,8.0,7.0,1,42,0,46
182,3,1611.0,3268.0,13.0,15.0,1,140,0,177
182,4,1450.0,3010.0,8.0,7.0,1,91,0,107
182,5,1665.0,3019.0,6.0,6.0,1,94,0,103
182,6,1477.0,3002.0,10.0,10.0,1,87,0,99
182,7,1872.0,3014.0,8.0,8.0,1,86,0,99
182,8,1706.0,3015.0,8.0,7.0,1,86,0,96
182,9,1517.0,3011.0,8.0,8.0,1,84,0,94
182,10,1501.0,3018.0,9.0,5.0,1,85,0,92
182,11,1576.0,3017.0,8.0,7.0,1,75,0,88
182,12,1619.0,3017.0,10.0,7.0,1,80,0,85
182,13,1729.0,3015.0,7.0,6.0,1,79,0,85
182,16,1825.0,3015.0,8.0,9.0,1,61,0,77
182,17,1850.0,3011.0,8.0,8.0,1,66,0,77
182,18,1702.0,3014.0,8.0,7.0,1,65,0,74
182,19,1642.0,3014.0,8.0,5.0,1,70,0,74
182,20,1559.0,3013.0,7.0,7.0,1,67,0,74
182,22,1809.0,3007.0,9.0,10.0,1,50,0,59
182,24,1774.0,3013.0,8.0,7.0,1,50,0,55
182,25,1792.0,3010.0,10.0,7.0,1,48,0,55
182,26,1635.0,3014.0,6.0,7.0,1,47,0,52
182,27,1756.0,3010.0,5.0,6.0,1,48,0,52
182,28,1738.0,3016.0,7.0,6.0,1,44,0,47
182,29,1716.0,3011.0,7.0,6.0,1,43,0,47
183,3,1604.0,3265.0,18.0,14.0,1,141,0,178
183,4,1453.0,3009.0,9.0,7.0,1,92,0,108
183,5,1660.0,3014.0,6.0,7.0,1,95,0,104
183,6,1473.0,3012.0,9.0,6.0,1,88,0,100
183,7,1872.0,3014.0,8.0,8.0,0,86,1,100
183,8,1705.0,3016.0,6.0,7.0,1,87,0,97
183,9,1507.0,3013.0,10.0,6.0,1,85,0,95
183,10,1497.0,3013.0,7.0,8.0,1,86,0,93
183,11,1548.0,3015.0,8.0,8.0,1,76,0,89
183,12,1614.0,3025.0,10.0,8.0,1,81,0,86
183,13,1727.0,3017.0,7.0,6.0,1,80,0,86
183,16,1823.0,3013.0,5.0,9.0,1,62,0,78
183,17,1841.0,3016.0,7.0,7.0,1,67,0,78
183,18,1697.0,3018.0,7.0,6.0,1,66,0,75
183,19,1634.0,3012.0,8.0,6.0,1,71,0,75
183,20,1528.0,3018.0,10.0,9.0,1,68,0,75
183,22,1808.0,3016.0,9.0,7.0,1,51,0,60
183,24,1759.0,3018.0,7.0,7.0,1,51,0,56
183,25,1788.0,3014.0,7.0,8.0,1,49,0,56
183,26,1633.0,3014.0,5.0,7.0,1,48,0,53
183,27,1755.0,3016.0,5.0,7.0,1,49,0,53
183,28,1735.0,3014.0,6.0,7.0,1,45,0,48
183,29,1716.0,3012.0,5.0,6.0,1,44,0,48
184,3,1615.0,3272.0,18.0,11.0,1,142,0,179
184,4,1447.0,3012.0,6.0,6.0,1,93,0,109
184,5,1657.0,3015.0,7.0,6.0,1,96,0,105
184,6,1459.0,3006.0,10.0,8.0,1,89,0,101
184,7,1861.0,3017.0,9.0,6.0,1,87,0,101
184,8,1705.0,3016.0,6.0,7.0,0,87,1,98
184,9,1506.0,3009.0,8.0,7.0,1,86,0,96
184,10,1489.0,3015.0,6.0,4.0,1,87,0,94
184,11,1561.0,3020.0,7.0,7.0,1,77,0,90
184,12,1614.0,3025.0,10.0,8.0,0,81,1,87
184,13,1724.0,3020.0,8.0,6.0,1,81,0,87
184,16,1815.0,3011.0,7.0,7.0,1,63,0,79
184,17,1833.0,3009.0,10.0,9.0,1,68,0,79
184,18,1697.0,3018.0,7.0,6.0,0,66,1,76
184,19,1630.0,3015.0,8.0,5.0,1,72,0,76
184,20,1528.0,3017.0,10.0,9.0,1,69,0,76
184,22,1801.0,3017.0,8.0,9.0,1,52,0,61
184,24,1758.0,3019.0,7.0,7.0,1,52,0,57
184,25,1788.0,3014.0,7.0,8.0,0,49,1,57
184,26,1624.0,3020.0,6.0,8.0,1,49,0,54
184,27,1748.0,3012.0,5.0,7.0,1,50,0,54
184,28,1735.0,3014.0,6.0,7.0,0,45,1,49
184,29,1716.0,3012.0,5.0,6.0,0,44,1,49
185,3,1612.0,3269.0,12.0,8.0,1,143,0,180
185,4,1437.0,3007.0,8.0,6.0,1,94,0,110
185,5,1651.0,3023.0,7.0,6.0,1,97,0,106
185,6,1456.0,3015.0,9.0,7.0,1,90,0,102
185,7,1849.0,3013.0,7.0,7.0,1,88,0,102
185,8,1689.0,3012.0,7.0,8.0,1,88,0,99
185,9,1502.0,3012.0,7.0,7.0,1,87,0,97
185,10,1484.0,3014.0,7.0,5.0,1,88,0,95
185,11,1557.0,3015.0,8.0,7.0,1,78,0,91
185,12,1583.0,3014.0,8.0,8.0,1,82,0,88
185,13,1716.0,3017.0,6.0,6.0,1,82,0,88
185,16,1804.0,3008.0,6.0,8.0,1,64,0,80
185,17,1833.0,3009.0,10.0,9.0,0,68,1,80
185,18,1671.0,3013.0,10.0,8.0,1,67,0,77
185,19,1630.0,3013.0,8.0,5.0,1,73,0,77
185,20,1532.0,3017.0,9.0,10.0,1,70,0,77
185,22,1790.0,3013.0,7.0,7.0,1,53,0,62
185,24,1744.0,3018.0,5.0,7.0,1,53,0,58
185,25,1777.0,3011.0,7.0,7.0,1,50,0,58
185,26,1624.0,3020.0,6.0,8.0,0,49,1,55
185,27,1748.0,3012.0,5.0,7.0,0,50,1,55
185,28,1722.0,3015.0,7.0,6.0,1,46,0,50
185,29,1702.0,3022.0,6.0,8.0,1,45,0,50
186,3,1620.0,3272.0,14.0,9.0,1,144,0,181
186,4,1426.0,3003.0,13.0,11.0,1,95,0,111
186,5,1614.0,3020.0,6.0,6.0,1,98,0,107
186,6,1448.0,3005.0,10.0,9.0,1,91,0,103
186,7,1845.0,3006.0,7.0,11.0,1,89,0,103
186,8,1641.0,3014.0,6.0,5.0,1,89,0,100
186,9,1494.0,3016.0,6.0,7.0,1,88,0,98
186,10,1478.0,3011.0,4.0,4.0,1,89,0,96
186,11,1552.0,3015.0,6.0,7.0,1,79,0,92
186,12,1525.0,3012.0,9.0,9.0,1,83,0,89
186,13,1707.0,3017.0,6.0,6.0,1,83,0,89
186,16,1801.0,3010.0,6.0,9.0,1,65,0,81
186,17,1833.0,3009.0,10.0,9.0,0,68,2,81
186,18,1626.0,3015.0,7.0,6.0,1,68,0,78
186,19,1599.0,3014.0,9.0,7.0,1,74,0,78
186,20,1511.0,3019.0,10.0,7.0,1,71,0,78
186,22,1790.0,3013.0,7.0,7.0,0,53,1,63
186,24,1744.0,3018.0,5.0,7.0,0,53,1,59
186,25,1771.0,3008.0,8.0,8.0,1,51,0,59
186,26,1575.0,3018.0,8.0,8.0,1,50,0,56
186,27,1748.0,3012.0,5.0,7.0,0,50,2,56
186,28,1722.0,3015.0,7.0,6.0,0,46,1,51
186,29,1697.0,3008.0,6.0,7.0,1,46,0,51
187,3,1613.0,3264.0,18.0,14.0,1,145,0,182
187,4,1423.0,3009.0,6.0,4.0,1,96,0,112
187,5,1618.0,3016.0,9.0,5.0,1,99,0,108
187,6,1445.0,3007.0,11.0,7.0,1,92,0,104
187,7,1835.0,3017.0,6.0,8.0,1,90,0,104
187,8,1641.0,3014.0,6.0,5.0,0,89,1,101
187,9,1489.0,3015.0,7.0,8.0,1,89,0,99
187,10,1471.0,3016.0,6.0,6.0,1,90,0,97
187,11,1567.0,3016.0,9.0,9.0,1,80,0,93
187,12,1519.0,3015.0,9.0,9.0,1,84,0,90
187,13,1707.0,3017.0,6.0,6.0,0,83,1,90
187,16,1798.0,3007.0,6.0,8.0,1,66,0,82
187,17,1815.0,3008.0,8.0,7.0,1,69,0,82
187,18,1626.0,3015.0,7.0,6.0,0,68,1,79
187,19,1604.0,3018.0,6.0,5.0,1,75,0,79
187,20,1503.0,3015.0,7.0,8.0,1,72,0,79
187,22,1788.0,3013.0,7.0,9.0,1,54,0,64
187,24,1729.0,3018.0,6.0,8.0,1,54,0,60
187,25,1760.0,3017.0,7.0,7.0,1,52,0,60
187,26,1592.0,3017.0,9.0,7.0,1,51,0,57
187,27,1748.0,3012.0,5.0,7.0,0,50,3,57
187,28,1722.0,3015.0,7.0,6.0,0,46,2,52
187,29,1695.0,3013.0,7.0,8.0,1,47,0,52
188,3,1616.0,3273.0,22.0,10.0,1,146,0,183
188,4,1415.0,3003.0,11.0,8.0,1,97,0,113
188,5,1609.0,3012.0,9.0,6.0,1,100,0,109
188,6,1438.0,3010.0,12.0,9.0,1,93,0,105
188,7,1836.0,3012.0,5.0,8.0,1,91,0,105
188,8,1655.0,3009.0,7.0,6.0,1,90,0,102
188,9,1475.0,3012.0,7.0,9.0,1,90,0,100
188,10,1463.0,3011.0,9.0,4.0,1,91,0,98
188,11,1560.0,3015.0,9.0,9.0,1,81,0,94
188,12,1515.0,3014.0,9.0,8.0,1,85,0,91
188,13,1677.0,3018.0,6.0,6.0,1,84,0,91
188,16,1786.0,3003.0,7.0,8.0,1,67,0,83
188,17,1815.0,3008.0,8.0,7.0,0,69,1,83
188,18,1624.0,3013.0,6.0,8.0,1,69,0,80
188,19,1595.0,3013.0,7.0,5.0,1,76,0,80
188,20,1495.0,3009.0,8.0,8.0,1,73,0,80
188,22,1772.0,3015.0,9.0,9.0,1,55,0,65
188,24,1724.0,3019.0,6.0,7.0,1,55,0,61
188,25,1757.0,3016.0,6.0,8.0,1,53,0,61
188,26,1585.0,3021.0,9.0,7.0,1,52,0,58
188,27,1727.0,3012.0,5.0,8.0,1,51,0,58
188,28,1705.0,3016.0,9.0,6.0,1,47,0,53
188,29,1688.0,3012.0,7.0,11.0,1,48,0,53
189,3,1616.0,3273.0,22.0,10.0,0,146,1,184
189,4,1411.0,3008.0,7.0,7.0,1,98,0,114
189,5,1602.0,3008.0,8.0,5.0,1,101,0,110
189,6,1432.0,3010.0,11.0,7.0,1,94,0,106
189,7,1825.0,3013.0,6.0,8.0,1,92,0,106
189,8,1648.0,3015.0,8.0,5.0,1,91,0,103
189,9,1470.0,3009.0,10.0,8.0,1,91,0,101
189,10,1463.0,3011.0,9.0,4.0,0,91,1,99
189,11,1525.0,3009.0,8.0,7.0,1,82,0,95
189,12,1506.0,3015.0,11.0,6.0,1,86,0,92
189,13,1669.0,3015.0,7.0,6.0,1,85,0,92
189,16,1780.0,3008.0,7.0,9.0,1,68,0,84
189,17,1815.0,3008.0,8.0,7.0,0,69,2,84
189,18,1628.0,3006.0,6.0,7.0,1,70,0,81
189,19,1595.0,3009.0,7.0,6.0,1,77,0,81
189,20,1495.0,3010.0,8.0,8.0,1,74,0,81
189,22,1747.0,3013.0,7.0,6.0,1,56,0,66
189,24,1717.0,3016.0,5.0,7.0,1,56,0,62
189,25,1726.0,3016.0,6.0,7.0,1,54,0,62
189,26,1582.0,3013.0,8.0,8.0,1,53,0,59
189,27,1699.0,3005.0,8.0,6.0,1,52,0,59
189,28,1690.0,3014.0,6.0,5.0,1,48,0,54
189,29,1679.0,3009.0,7.0,9.0,1,49,0,54
190,3,1624.0,3277.0,15.0,7.0,1,147,0,185
190,4,1403.0,2999.0,6.0,7.0,1,99,0,115
190,5,1602.0,3008.0,8.0,5.0,0,101,1,111
190,6,1432.0,3010.0,11.0,7.0,0,94,1,107
190,7,1823.0,3008.0,5.0,8.0,1,93,0,107
190,8,1646.0,3013.0,8.0,7.0,1,92,0,104
190,9,1467.0,3007.0,9.0,9.0,1,92,0,102
190,10,1449.0,3009.0,7.0,6.0,1,92,0,100
190,11,1549.0,3018.0,9.0,7.0,1,83,0,96
190,12,1501.0,3014.0,5.0,5.0,1,87,0,93
190,13,1663.0,3013.0,7.0,6.0,1,86,0,93
190,16,1774.0,3013.0,6.0,6.0,1,69,0,85
190,17,1815.0,3008.0,8.0,7.0,0,69,3,85
190,18,1611.0,3018.0,5.0,6.0,1,71,0,82
190,19,1595.0,3009.0,7.0,6.0,0,77,1,82
190,20,1484.0,3018.0,12.0,7.0,1,75,0,82
190,22,1763.0,3023.0,8.0,9.0,1,57,0,67
190,24,1708.0,3016.0,5.0,6.0,1,57,0,63
190,25,1742.0,3015.0,8.0,5.0,1,55,0,63
190,26,1567.0,3017.0,7.0,8.0,1,54,0,60
190,27,1699.0,3005.0,8.0,6.0,0,52,1,60
190,28,1688.0,3013.0,8.0,6.0,1,49,0,55
190,29,1682.0,3013.0,7.0,7.0,1,50,0,55
191,3,1622.0,3273.0,18.0,12.0,1,148,0,186
191,4,1398.0,3009.0,6.0,7.0,1,100,0,116
191,5,1592.0,3012.0,8.0,5.0,1,102,0,112
191,6,1415.0,3004.0,8.0,9.0,1,95,0,108
191,7,1823.0,3008.0,5.0,8.0,0,93,1,108
191,8,1642.0,3013.0,8.0,5.0,1,93,0,105
191,9,1467.0,3015.0,11.0,8.0,1,93,0,103
191,10,1444.0,3006.0,7.0,7.0,1,93,0,101
191,11,1549.0,3010.0,9.0,10.0,1,84,0,97
191,12,1496.0,3008.0,5.0,6.0,1,88,0,94
191,13,1664.0,3017.0,9.0,8.0,1,87,0,94
191,16,1768.0,3008.0,5.0,8.0,1,70,0,86
191,17,1815.0,3008.0,8.0,7.0,0,69,4,86
191,18,1610.0,3009.0,6.0,6.0,1,72,0,83
191,19,1581.0,3016.0,7.0,7.0,1,78,0,83
191,20,1484.0,3018.0,12.0,7.0,0,75,1,83
191,22,1753.0,3010.0,9.0,9.0,1,58,0,68
191,24,1702.0,3018.0,5.0,7.0,1,58,0,64
191,25,1742.0,3015.0,8.0,5.0,0,55,1,64
191,26,1568.0,3014.0,8.0,9.0,1,55,0,61
191,27,1699.0,3005.0,8.0,6.0,0,52,2,61
191,28,1688.0,3013.0,7.0,7.0,1,50,0,56
191,29,1669.0,3012.0,5.0,6.0,1,51,0,56
192,3,1616.0,3279.0,23.0,7.0,1,149,0,187
192,4,1398.0,3009.0,6.0,7.0,0,100,1,117
192,5,1581.0,3008.0,8.0,6.0,1,103,0,113
192,6,1405.0,3004.0,8.0,7.0,1,96,0,109
192,7,1810.0,3011.0,6.0,8.0,1,94,0,109
192,8,1640.0,3020.0,7.0,4.0,1,94,0,106
192,9,1452.0,3011.0,8.0,7.0,1,94,0,104
192,10,1444.0,3006.0,7.0,7.0,0,93,1,102
192,11,1534.0,3018.0,11.0,6.0,1,85,0,98
192,12,1516.0,3015.0,7.0,7.0,1,89,0,95
192,13,1646.0,3015.0,6.0,6.0,1,88,0,95
192,16,1759.0,3005.0,6.0,7.0,1,71,0,87
192,17,1780.0,3010.0,8.0,6.0,1,70,0,87
192,18,1608.0,3011.0,6.0,6.0,1,73,0,84
192,19,1581.0,3016.0,7.0,7.0,0,78,1,84
192,20,1470.0,3017.0,9.0,8.0,1,76,0,84
192,22,1750.0,3017.0,7.0,7.0,1,59,0,69
192,24,1700.0,3009.0,6.0,6.0,1,59,0,65
192,25,1728.0,3012.0,8.0,6.0,1,56,0,65
192,26,1568.0,3014.0,8.0,9.0,0,55,1,62
192,27,1674.0,3008.0,8.0,7.0,1,53,0,62
192,28,1666.0,3010.0,6.0,7.0,1,51,0,57
192,29,1660.0,3015.0,7.0,8.0,1,52,0,57
193,3,1616.0,3279.0,23.0,7.0,0,149,1,188
193,4,1383.0,3001.0,10.0,7.0,1,101,0,118
193,5,1572.0,3012.0,9.0,6.0,1,104,0,114
193,6,1405.0,3007.0,9.0,7.0,1,97,0,110
193,7,1798.0,3011.0,7.0,6.0,1,95,0,110
193,8,1630.0,3009.0,9.0,6.0,1,95,0,107
193,9,1452.0,3011.0,8.0,7.0,0,94,1,105
193,10,1429.0,3008.0,8.0,7.0,1,94,0,103
193,11,1531.0,3016.0,9.0,6.0,1,86,0,99
193,12,1516.0,3015.0,7.0,7.0,0,89,1,96
193,13,1642.0,3012.0,5.0,6.0,1,89,0,96
193,16,1748.0,3009.0,6.0,7.0,1,72,0,88
193,17,1756.0,3011.0,6.0,6.0,1,71,0,88
193,18,1598.0,3012.0,7.0,6.0,1,74,0,85
193,19,1567.0,3016.0,5.0,8.0,1,79,0,85
193,20,1463.0,3008.0,9.0,7.0,1,77,0,85
193,22,1696.0,3020.0,6.0,7.0,1,60,0,70
193,24,1684.0,3011.0,5.0,8.0,1,60,0,66
193,25,1715.0,3010.0,8.0,6.0,1,57,0,66
193,26,1554.0,3014.0,11.0,8.0,1,56,0,63
193,27,1672.0,3012.0,9.0,6.0,1,54,0,63
193,28,1666.0,3010.0,7.0,7.0,1,52,0,58
193,29,1655.0,3018.0,6.0,5.0,1,53,0,58
194,3,1629.0,3275.0,14.0,6.0,1,150,0,189
194,4,1383.0,3001.0,10.0,7.0,0,101,1,119
194,5,1573.0,3010.0,8.0,9.0,1,105,0,115
194,6,1399.0,3003.0,11.0,7.0,1,98,0,111
194,7,1772.0,3013.0,6.0,6.0,1,96,0,111
194,8,1630.0,3009.0,9.0,6.0,0,95,1,108
194,9,1440.0,3007.0,7.0,7.0,1,95,0,106
194,10,1423.0,3011.0,7.0,5.0,1,95,0,104
194,11,1527.0,3007.0,9.0,6.0,1,87,0,100
194,12,1469.0,3012.0,6.0,5.0,1,90,0,97
194,13,1641.0,3011.0,5.0,5.0,1,90,0,97
194,16,1735.0,3012.0,9.0,8.0,1,73,0,89
194,17,1746.0,3017.0,6.0,6.0,1,72,0,89
194,18,1598.0,3014.0,6.0,6.0,1,75,0,86
194,19,1561.0,3016.0,8.0,6.0,1,80,0,86
194,20,1453.0,3000.0,10.0,7.0,1,78,0,86
194,22,1693.0,3011.0,7.0,8.0,1,61,0,71
194,24,1684.0,3011.0,5.0,8.0,0,60,1,67
194,25,1710.0,3012.0,8.0,7.0,1,58,0,67
194,26,1554.0,3014.0,11.0,8.0,0,56,1,64
194,27,1662.0,3008.0,8.0,6.0,1,55,0,64
194,28,1657.0,3011.0,7.0,6.0,1,53,0,59
194,29,1651.0,3014.0,9.0,8.0,1,54,0,59
195,3,1619.0,3267.0,16.0,12.0,1,151,0,190
195,4,1369.0,3002.0,8.0,7.0,1,102,0,120
195,5,1549.0,3015.0,7.0,5.0,1,106,0,116
195,6,1388.0,3003.0,10.0,9.0,1,99,0,112
195,7,1789.0,3009.0,6.0,5.0,1,97,0,112
195,8,1611.0,3009.0,9.0,6.0,1,96,0,109
195,9,1434.0,3003.0,7.0,6.0,1,96,0,107
195,10,1419.0,3004.0,5.0,5.0,1,96,0,105
195,11,1490.0,3012.0,7.0,10.0,1,88,0,101
195,12,1466.0,3011.0,8.0,7.0,1,91,0,98
195,13,1586.0,3011.0,7.0,6.0,1,91,0,98
195,16,1749.0,3008.0,5.0,8.0,1,74,0,90
195,17,1766.0,3009.0,7.0,5.0,1,73,0,90
195,18,1563.0,3013.0,8.0,6.0,1,76,0,87
195,19,1539.0,3020.0,12.0,7.0,1,81,0,87
195,20,1448.0,3007.0,12.0,9.0,1,79,0,87
195,22,1712.0,3007.0,3.0,8.0,1,62,0,72
195,24,1681.0,3010.0,7.0,7.0,1,61,0,68
195,25,1726.0,3013.0,6.0,9.0,1,59,0,68
195,26,1522.0,3011.0,10.0,8.0,1,57,0,65
195,27,1683.0,3014.0,4.0,6.0,1,56,0,65
195,28,1653.0,3008.0,7.0,6.0,1,54,0,60
195,29,1640.0,3016.0,8.0,8.0,1,55,0,60
196,3,1617.0,3279.0,23.0,7.0,1,152,0,191
196,4,1360.0,3004.0,10.0,7.0,1,103,0,121
196,5,1549.0,3014.0,7.0,4.0,1,107,0,117
196,6,1381.0,3002.0,13.0,8.0,1,100,0,113
196,7,1783.0,3017.0,7.0,7.0,1,98,0,113
196,8,1633.0,3013.0,6.0,7.0,1,97,0,110
196,9,1424.0,3006.0,8.0,7.0,1,97,0,108
196,10,1415.0,3003.0,5.0,5.0,1,97,0,106
196,11,1491.0,3003.0,7.0,7.0,1,89,0,102
196,12,1463.0,3012.0,6.0,6.0,1,92,0,99
196,13,1604.0,3011.0,7.0,6.0,1,92,0,99
196,16,1735.0,3000.0,6.0,8.0,1,75,0,91
196,17,1766.0,3009.0,7.0,5.0,0,73,1,91
196,18,1562.0,3006.0,7.0,8.0,1,77,0,88
196,19,1539.0,3007.0,12.0,7.0,1,82,0,88
196,20,1440.0,3009.0,11.0,7.0,1,80,0,88
196,22,1712.0,3007.0,3.0,8.0,0,62,1,73
196,24,1675.0,3010.0,5.0,5.0,1,62,0,69
196,25,1707.0,3015.0,6.0,9.0,1,60,0,69
196,26,1522.0,3011.0,10.0,8.0,0,57,1,66
196,27,1648.0,3008.0,8.0,9.0,1,57,0,66
196,28,1642.0,3012.0,6.0,5.0,1,55,0,61
196,29,1637.0,3010.0,8.0,8.0,1,56,0,61
197,3,1617.0,3279.0,23.0,7.0,0,152,1,192
197,4,1360.0,2995.0,9.0,8.0,1,104,0,122
197,5,1539.0,3015.0,7.0,5.0,1,108,0,118
197,6,1378.0,2999.0,10.0,6.0,1,101,0,114
197,7,1748.0,3007.0,7.0,5.0,1,99,0,114
197,8,1621.0,3006.0,7.0,6.0,1,98,0,111
197,9,1424.0,3006.0,8.0,7.0,0,97,1,109
197,10,1412.0,3006.0,7.0,5.0,1,98,0,107
197,11,1475.0,3011.0,8.0,10.0,1,90,0,103
197,12,1445.0,3004.0,10.0,8.0,1,93,0,100
197,13,1602.0,3015.0,8.0,5.0,1,93,0,100
197,16,1721.0,3003.0,5.0,7.0,1,76,0,92
197,17,1717.0,3007.0,8.0,10.0,1,74,0,92
197,18,1552.0,3009.0,9.0,7.0,1,78,0,89
197,19,1527.0,3011.0,10.0,9.0,1,83,0,89
197,20,1434.0,3004.0,10.0,7.0,1,81,0,89
197,22,1665.0,3013.0,4.0,7.0,1,63,0,74
197,24,1667.0,3010.0,6.0,7.0,1,63,0,70
197,25,1694.0,3009.0,7.0,7.0,1,61,0,70
197,26,1513.0,3012.0,7.0,7.0,1,58,0,67
197,27,1646.0,3010.0,8.0,6.0,1,58,0,67
197,28,1638.0,3017.0,6.0,6.0,1,56,0,62
197,29,1623.0,3009.0,7.0,7.0,1,57,0,62
198,3,1627.0,3279.0,15.0,6.0,1,153,0,193
198,4,1350.0,3003.0,8.0,8.0,1,105,0,123
198,5,1533.0,3012.0,7.0,6.0,1,109,0,119
198,6,1370.0,2998.0,9.0,8.0,1,102,0,115
198,7,1767.0,3008.0,7.0,7.0,1,100,0,115
198,8,1615.0,3005.0,7.0,7.0,1,99,0,112
198,9,1416.0,3001.0,7.0,9.0,1,98,0,110
198,10,1412.0,3006.0,7.0,5.0,0,98,1,108
198,11,1469.0,3005.0,11.0,7.0,1,91,0,104
198,12,1446.0,3008.0,8.0,6.0,1,94,0,101
198,13,1598.0,3012.0,7.0,7.0,1,94,0,101
198,16,1745.0,3001.0,7.0,6.0,1,77,0,93
198,17,1709.0,3014.0,5.0,8.0,1,75,0,93
198,18,1565.0,3008.0,5.0,5.0,1,79,0,90
198,19,1524.0,3015.0,9.0,6.0,1,84,0,90
198,20,1429.0,3004.0,10.0,8.0,1,82,0,90
198,22,1665.0,3013.0,4.0,7.0,0,63,1,75
198,24,1667.0,3010.0,6.0,8.0,1,64,0,71
198,25,1691.0,3015.0,7.0,8.0,1,62,0,71
198,26,1501.0,3011.0,8.0,8.0,1,59,0,68
198,27,1637.0,3008.0,9.0,7.0,1,59,0,68
198,28,1631.0,3011.0,7.0,7.0,1,57,0,63
198,29,1624.0,3012.0,6.0,8.0,1,58,0,63
199,3,1626.0,3270.0,16.0,10.0,1,154,0,194
199,4,1350.0,3003.0,8.0,8.0,0,105,1,124
199,5,1528.0,3012.0,7.0,5.0,1,110,0,120
199,6,1364.0,3001.0,8.0,10.0,1,103,0,116
199,7,1760.0,3018.0,6.0,5.0,1,101,0,116
199,8,1608.0,3009.0,7.0,7.0,1,100,0,113
199,9,1404.0,3006.0,8.0,8.0,1,99,0,111
199,10,1386.0,3001.0,10.0,6.0,1,99,0,109
199,11,1465.0,3002.0,10.0,10.0,1,92,0,105
199,12,1445.0,3008.0,7.0,8.0,1,95,0,102
199,13,1593.0,3006.0,8.0,7.0,1,95,0,102
199,16,1717.0,2995.0,6.0,9.0,1,78,0,94
199,17,1709.0,3014.0,5.0,8.0,0,75,1,94
199,18,1534.0,3005.0,8.0,5.0,1,80,0,91
199,19,1524.0,3015.0,9.0,6.0,0,84,1,91
199,20,1423.0,3007.0,11.0,6.0,1,83,0,91
199,22,1665.0,3013.0,4.0,7.0,0,63,2,76
199,24,1658.0,3005.0,6.0,7.0,1,65,0,72
199,25,1685.0,3016.0,6.0,6.0,1,63,0,72
199,26,1496.0,3010.0,7.0,8.0,1,60,0,69
199,27,1637.0,3008.0,9.0,7.0,0,59,1,69
199,28,1631.0,3011.0,7.0,7.0,0,57,1,64
199,29,1617.0,3011.0,8.0,9.0,1,59,0,64
200,3,1633.0,3274.0,23.0,9.0,1,155,0,195
200,4,1337.0,2997.0,6.0,5.0,1,106,0,125
200,5,1533.0,3009.0,9.0,5.0,1,111,0,121
200,6,1361.0,2998.0,8.0,9.0,1,104,0,117
200,7,1730.0,3008.0,8.0,8.0,1,102,0,117
200,8,1599.0,3009.0,6.0,6.0,1,101,0,114
200,9,1398.0,3002.0,9.0,7.0,1,100,0,112
200,10,1386.0,3001.0,10.0,6.0,0,99,1,110
200,11,1464.0,3006.0,11.0,9.0,1,93,0,106
200,12,1439.0,3004.0,6.0,6.0,1,96,0,103
200,13,1585.0,3012.0,10.0,7.0,1,96,0,103
200,16,1710.0,3006.0,6.0,8.0,1,79,0,95
200,17,1709.0,3014.0,5.0,8.0,0,75,2,95
200,18,1552.0,3007.0,8.0,7.0,1,81,0,92
200,19,1524.0,3013.0,7.0,7.0,1,85,0,92
200,20,1409.0,3006.0,11.0,5.0,1,84,0,92
200,22,1645.0,3016.0,4.0,8.0,1,64,0,77
200,24,1658.0,3005.0,6.0,7.0,0,65,1,73
200,25,1679.0,3007.0,8.0,7.0,1,64,0,73
200,26,1487.0,3005.0,6.0,6.0,1,61,0,70
200,27,1624.0,3008.0,8.0,6.0,1,60,0,70
200,28,1621.0,3010.0,6.0,6.0,1,58,0,65
200,29,1617.0,3011.0,8.0,9.0,0,59,1,65
201,3,1631.0,3275.0,18.0,13.0,1,156,0,196
201,4,1331.0,2996.0,8.0,8.0,1,107,0,126
201,5,1533.0,3009.0,9.0,5.0,0,111,1,122
201,6,1352.0,2997.0,10.0,8.0,1,105,0,118
201,7,1750.0,3010.0,6.0,7.0,1,103,0,118
201,8,1598.0,3009.0,8.0,8.0,1,102,0,115
201,9,1398.0,3002.0,9.0,7.0,0,100,1,113
201,10,1376.0,3001.0,7.0,5.0,1,100,0,111
201,11,1449.0,3005.0,11.0,13.0,1,94,0,107
201,12,1424.0,3005.0,8.0,6.0,1,97,0,104
201,13,1585.0,3012.0,10.0,7.0,0,96,1,104
201,16,1707.0,3005.0,6.0,5.0,1,80,0,96
201,17,1692.0,3011.0,7.0,7.0,1,76,0,96
201,18,1553.0,3006.0,6.0,7.0,1,82,0,93
201,19,1516.0,3013.0,7.0,7.0,1,86,0,93
201,20,1413.0,3000.0,11.0,6.0,1,85,0,93
201,22,1637.0,3011.0,4.0,8.0,1,65,0,78
201,24,1640.0,3008.0,5.0,8.0,1,66,0,74
201,25,1679.0,3007.0,8.0,7.0,0,64,1,74
201,26,1499.0,3005.0,11.0,8.0,1,62,0,71
201,27,1619.0,3005.0,7.0,5.0,1,61,0,71
201,28,1622.0,3007.0,8.0,7.0,1,59,0,66
201,29,1617.0,3011.0,8.0,9.0,0,59,2,66
202,3,1630.0,3271.0,17.0,10.0,1,157,0,197
202,4,1325.0,2998.0,7.0,6.0,1,108,0,127
202,5,1514.0,3009.0,7.0,6.0,1,112,0,123
202,6,1352.0,2997.0,10.0,8.0,0,105,1,119
202,7,1715.0,3008.0,9.0,7.0,1,104,0,119
202,8,1593.0,3007.0,7.0,10.0,1,103,0,116
202,9,1398.0,3002.0,9.0,7.0,0,100,2,114
202,10,1373.0,2999.0,7.0,7.0,1,101,0,112
202,11,1448.0,3005.0,11.0,9.0,1,95,0,108
202,12,1424.0,3005.0,8.0,6.0,0,97,1,105
202,13,1573.0,3006.0,8.0,9.0,1,97,0,105
202,16,1696.0,3009.0,6.0,5.0,1,81,0,97
202,17,1683.0,3012.0,8.0,6.0,1,77,0,97
202,18,1522.0,3007.0,6.0,5.0,1,83,0,94
202,19,1491.0,3013.0,12.0,8.0,1,87,0,94
202,20,1403.0,3002.0,10.0,7.0,1,86,0,94
202,22,1637.0,3011.0,4.0,8.0,0,65,1,79
202,24,1635.0,3016.0,6.0,7.0,1,67,0,75
202,25,1663.0,3012.0,6.0,6.0,1,65,0,75
202,26,1477.0,3006.0,8.0,8.0,1,63,0,72
202,27,1606.0,3011.0,7.0,7.0,1,62,0,72
202,28,1619.0,3006.0,6.0,7.0,1,60,0,67
202,29,1617.0,3011.0,8.0,9.0,0,59,3,67
203,3,1642.0,3273.0,14.0,11.0,1,158,0,198
203,4,1323.0,2990.0,9.0,9.0,1,109,0,128
203,5,1515.0,3006.0,7.0,6.0,1,113,0,124
203,6,1340.0,3000.0,7.0,7.0,1,106,0,120
203,7,1734.0,3013.0,6.0,6.0,1,105,0,120
203,8,1593.0,3007.0,7.0,10.0,0,103,1,117
203,9,1398.0,3002.0,9.0,7.0,0,100,3,115
203,10,1371.0,3000.0,5.0,6.0,1,102,0,113
203,11,1444.0,3005.0,9.0,7.0,1,96,0,109
203,12,1424.0,3005.0,8.0,6.0,0,97,2,106
203,13,1565.0,3007.0,7.0,6.0,1,98,0,106
203,16,1715.0,3011.0,9.0,5.0,1,82,0,98
203,17,1673.0,3012.0,8.0,5.0,1,78,0,98
203,18,1531.0,3007.0,7.0,6.0,1,84,0,95
203,19,1493.0,3005.0,11.0,7.0,1,88,0,95
203,20,1398.0,3010.0,9.0,9.0,1,87,0,95
203,22,1622.0,3013.0,7.0,6.0,1,66,0,80
203,24,1627.0,3011.0,5.0,8.0,1,68,0,76
203,25,1689.0,3003.0,8.0,9.0,1,66,0,76
203,26,1467.0,3004.0,7.0,9.0,1,64,0,73
203,27,1606.0,3003.0,7.0,7.0,1,63,0,73
203,28,1611.0,3010.0,7.0,7.0,1,61,0,68
203,29,1593.0,3010.0,8.0,8.0,1,60,0,68
204,3,1629.0,3266.0,19.0,14.0,1,159,0,199
204,4,1323.0,2990.0,9.0,9.0,0,109,1,129
204,5,1499.0,3011.0,7.0,5.0,1,114,0,125
204,6,1328.0,2997.0,10.0,8.0,1,107,0,121
204,7,1726.0,3011.0,8.0,8.0,1,106,0,121
204,8,1579.0,3006.0,7.0,8.0,1,104,0,118
204,9,1372.0,3002.0,9.0,8.0,1,101,0,116
204,10,1359.0,3004.0,7.0,7.0,1,103,0,114
204,11,1436.0,3003.0,10.0,7.0,1,97,0,110
204,12,1424.0,3005.0,8.0,6.0,0,97,3,107
204,13,1529.0,3001.0,7.0,9.0,1,99,0,107
204,16,1701.0,3007.0,8.0,8.0,1,83,0,99
204,17,1669.0,3010.0,9.0,8.0,1,79,0,99
204,18,1509.0,3006.0,8.0,5.0,1,85,0,96
204,19,1481.0,3003.0,9.0,8.0,1,89,0,96
204,20,1398.0,3010.0,9.0,9.0,0,87,1,96
204,22,1612.0,3012.0,8.0,5.0,1,67,0,81
204,24,1622.0,3003.0,5.0,8.0,1,69,0,77
204,25,1680.0,3002.0,8.0,6.0,1,67,0,77
204,26,1461.0,3003.0,6.0,6.0,1,65,0,74
204,27,1594.0,3001.0,7.0,6.0,1,64,0,74
204,28,1602.0,3008.0,7.0,8.0,1,62,0,69
204,29,1561.0,3011.0,8.0,6.0,1,61,0,69
205,3,1634.0,3274.0,19.0,8.0,1,160,0,200
205,4,1313.0,2997.0,7.0,10.0,1,110,0,130
205,5,1492.0,3011.0,7.0,6.0,1,115,0,126
205,6,1322.0,3001.0,7.0,7.0,1,108,0,122
205,7,1722.0,3009.0,7.0,6.0,1,107,0,122
205,8,1578.0,3006.0,6.0,8.0,1,105,0,119
205,9,1374.0,2996.0,7.0,6.0,1,102,0,117
205,10,1351.0,3001.0,8.0,8.0,1,104,0,115
205,11,1429.0,3005.0,10.0,6.0,1,98,0,111
205,12,1424.0,3005.0,8.0,6.0,0,97,4,108
205,13,1530.0,3004.0,7.0,6.0,1,100,0,108
205,16,1698.0,3001.0,8.0,10.0,1,84,0,100
205,17,1648.0,3016.0,7.0,7.0,1,80,0,100
205,18,1553.0,3012.0,8.0,6.0,1,86,0,97
205,19,1481.0,3007.0,10.0,7.0,1,90,0,97
205,20,1398.0,3010.0,9.0,9.0,0,87,2,97
205,22,1610.0,3015.0,7.0,5.0,1,68,0,82
205,24,1620.0,3004.0,4.0,7.0,1,70,0,78
205,25,1668.0,3006.0,7.0,8.0,1,68,0,78
205,26,1456.0,3003.0,9.0,8.0,1,66,0,75
205,27,1589.0,3001.0,7.0,6.0,1,65,0,75
205,28,1599.0,3004.0,8.0,6.0,1,63,0,70
205,29,1578.0,3008.0,6.0,7.0,1,62,0,70
206,3,1627.0,3272.0,13.0,9.0,1,161,0,201
206,4,1298.0,2994.0,6.0,5.0,1,111,0,131
206,5,1493.0,3007.0,9.0,5.0,1,116,0,127
206,6,1317.0,2993.0,9.0,8.0,1,109,0,123
206,7,1715.0,3008.0,7.0,10.0,1,108,0,123
206,8,1577.0,3009.0,6.0,7.0,1,106,0,120
206,9,1358.0,2994.0,7.0,7.0,1,103,0,118
206,10,1341.0,3000.0,7.0,8.0,1,105,0,116
206,11,1425.0,2998.0,8.0,8.0,1,99,0,112
206,12,1400.0,3000.0,7.0,7.0,1,98,0,109
206,13,1519.0,3010.0,8.0,6.0,1,101,0,109
206,16,1689.0,3000.0,9.0,7.0,1,85,0,101
206,17,1660.0,3012.0,9.0,9.0,1,81,0,101
206,18,1551.0,3002.0,8.0,9.0,1,87,0,98
206,19,1486.0,3004.0,6.0,7.0,1,91,0,98
206,20,1379.0,2996.0,9.0,9.0,1,88,0,98
206,22,1636.0,3011.0,10.0,8.0,1,69,0,83
206,24,1609.0,3002.0,5.0,6.0,1,71,0,79
206,25,1672.0,3006.0,8.0,6.0,1,69,0,79
206,26,1449.0,2993.0,6.0,10.0,1,67,0,76
206,27,1577.0,3005.0,7.0,6.0,1,66,0,76
206,28,1593.0,3003.0,10.0,8.0,1,64,0,71
206,29,1568.0,3009.0,6.0,7.0,1,63,0,71
207,3,1627.0,3272.0,13.0,9.0,0,161,1,202
207,4,1290.0,2997.0,6.0,5.0,1,112,0,132
207,5,1477.0,3005.0,7.0,5.0,1,117,0,128
207,6,1310.0,2991.0,8.0,7.0,1,110,0,124
207,7,1715.0,3008.0,7.0,10.0,0,108,1,124
207,8,1570.0,3012.0,6.0,6.0,1,107,0,121
207,9,1359.0,3000.0,7.0,9.0,1,104,0,119
207,10,1337.0,2997.0,8.0,6.0,1,106,0,117
207,11,1414.0,3002.0,10.0,10.0,1,100,0,113
207,12,1387.0,2994.0,7.0,9.0,1,99,0,110
207,13,1490.0,3001.0,8.0,7.0,1,102,0,110
207,16,1661.0,2994.0,8.0,11.0,1,86,0,102
207,17,1627.0,3007.0,6.0,7.0,1,82,0,102
207,18,1544.0,3005.0,8.0,6.0,1,88,0,99
207,19,1462.0,3009.0,9.0,6.0,1,92,0,99
207,20,1373.0,3000.0,9.0,8.0,1,89,0,99
207,22,1593.0,3017.0,6.0,7.0,1,70,0,84
207,24,1586.0,3000.0,9.0,6.0,1,72,0,80
207,25,1601.0,3004.0,7.0,7.0,1,70,0,80
207,26,1443.0,3003.0,8.0,7.0,1,68,0,77
207,27,1558.0,3005.0,5.0,8.0,1,67,0,77
207,28,1573.0,2998.0,6.0,6.0,1,65,0,72
207,29,1511.0,3003.0,7.0,5.0,1,64,0,72
208,3,1638.0,3260.0,14.0,11.0,1,162,0,203
208,4,1285.0,2996.0,7.0,8.0,1,113,0,133
208,5,1482.0,3007.0,6.0,5.0,1,118,0,129
208,6,1305.0,2993.0,8.0,8.0,1,111,0,125
208,7,1702.0,3010.0,6.0,6.0,1,109,0,125
208,8,1564.0,3004.0,7.0,9.0,1,108,0,122
208,9,1352.0,2992.0,8.0,7.0,1,105,0,120
208,10,1337.0,2997.0,8.0,6.0,0,106,1,118
208,11,1408.0,2996.0,13.0,9.0,1,101,0,114
208,12,1387.0,2994.0,7.0,9.0,0,99,1,111
208,13,1485.0,3001.0,7.0,7.0,1,103,0,111
208,16,1675.0,3003.0,10.0,8.0,1,87,0,103
208,17,1651.0,3001.0,9.0,6.0,1,83,0,103
208,18,1538.0,3005.0,6.0,8.0,1,89,0,100
208,19,1465.0,3003.0,8.0,8.0,1,93,0,100
208,20,1363.0,2995.0,9.0,8.0,1,90,0,100
208,22,1592.0,3014.0,8.0,5.0,1,71,0,85
208,24,1591.0,3012.0,10.0,7.0,1,73,0,81
208,25,1619.0,3007.0,7.0,4.0,1,71,0,81
208,26,1437.0,3000.0,8.0,7.0,1,69,0,78
208,27,1552.0,3005.0,6.0,9.0,1,68,0,78
208,28,1577.0,3006.0,8.0,8.0,1,66,0,73
208,29,1511.0,3003.0,7.0,5.0,0,64,1,73
209,3,1637.0,3266.0,20.0,9.0,1,163,0,204
209,4,1285.0,2996.0,7.0,8.0,0,113,1,134
209,5,1466.0,3000.0,5.0,6.0,1,119,0,130
209,6,1296.0,2996.0,10.0,8.0,1,112,0,126
209,7,1696.0,3011.0,7.0,5.0,1,110,0,126
209,8,1564.0,3005.0,7.0,6.0,1,109,0,123
209,9,1341.0,2998.0,8.0,8.0,1,106,0,121
209,10,1331.0,2995.0,5.0,6.0,1,107,0,119
209,11,1399.0,2996.0,12.0,8.0,1,102,0,115
209,12,1376.0,2994.0,9.0,9.0,1,100,0,112
209,13,1481.0,3000.0,6.0,8.0,1,104,0,112
209,16,1668.0,3003.0,11.0,6.0,1,88,0,104
209,17,1652.0,3005.0,10.0,6.0,1,84,0,104
209,18,1560.0,3000.0,7.0,8.0,1,90,0,101
209,19,1451.0,3002.0,8.0,6.0,1,94,0,101
209,20,1357.0,3000.0,10.0,9.0,1,91,0,101
209,22,1592.0,3009.0,5.0,6.0,1,72,0,86
209,24,1590.0,3008.0,7.0,8.0,1,74,0,82
209,25,1619.0,3007.0,7.0,4.0,0,71,1,82
209,26,1430.0,3002.0,10.0,5.0,1,70,0,79
209,27,1550.0,3005.0,6.0,7.0,1,69,0,79
209,28,1572.0,3002.0,9.0,7.0,1,67,0,74
209,29,1496.0,3004.0,9.0,5.0,1,65,0,74
210,3,1632.0,3268.0,15.0,14.0,1,164,0,205
210,4,1274.0,2999.0,6.0,7.0,1,114,0,135
210,5,1466.0,3000.0,5.0,6.0,0,119,1,131
210,6,1296.0,2991.0,9.0,7.0,1,113,0,127
210,7,1692.0,3012.0,10.0,10.0,1,111,0,127
210,8,1564.0,3005.0,7.0,6.0,0,109,1,124
210,9,1341.0,2998.0,8.0,8.0,0,106,1,122
210,10,1316.0,2996.0,8.0,7.0,1,108,0,120
210,11,1398.0,2997.0,10.0,9.0,1,103,0,116
210,12,1370.0,2996.0,8.0,8.0,1,101,0,113
210,13,1481.0,3000.0,6.0,8.0,0,104,1,113
210,16,1663.0,3001.0,9.0,7.0,1,89,0,105
210,17,1634.0,3008.0,7.0,7.0,1,85,0,105
210,18,1543.0,3012.0,6.0,7.0,1,91,0,102
210,19,1449.0,3010.0,12.0,7.0,1,95,0,102
210,20,1346.0,3003.0,9.0,10.0,1,92,0,102
210,22,1585.0,3006.0,7.0,5.0,1,73,0,87
210,24,1590.0,3008.0,7.0,8.0,0,74,1,83
210,25,1619.0,3007.0,7.0,4.0,0,71,2,83
210,26,1425.0,2999.0,11.0,9.0,1,71,0,80
210,27,1520.0,3003.0,8.0,8.0,1,70,0,80
210,28,1567.0,3004.0,9.0,8.0,1,68,0,75
210,29,1487.0,3003.0,8.0,6.0,1,66,0,75
211,3,1634.0,3265.0,12.0,11.0,1,165,0,206
211,4,1271.0,2992.0,7.0,8.0,1,115,0,136
211,5,1483.0,3000.0,7.0,6.0,1,120,0,132
211,6,1296.0,2991.0,9.0,7.0,0,113,1,128
211,7,1683.0,3012.0,8.0,5.0,1,112,0,128
211,8,1558.0,3006.0,7.0,6.0,1,110,0,125
211,9,1335.0,2994.0,9.0,8.0,1,107,0,123
211,10,1316.0,2996.0,8.0,7.0,0,108,1,121
211,11,1412.0,3000.0,7.0,6.0,1,104,0,117
211,12,1389.0,2997.0,9.0,9.0,1,102,0,114
211,13,1471.0,2999.0,7.0,6.0,1,105,0,114
211,16,1659.0,3000.0,11.0,7.0,1,90,0,106
211,17,1621.0,3009.0,8.0,6.0,1,86,0,106
211,18,1547.0,3006.0,6.0,6.0,1,92,0,103
211,19,1456.0,3002.0,5.0,6.0,1,96,0,103
211,20,1343.0,3004.0,9.0,9.0,1,93,0,103
211,22,1580.0,3006.0,7.0,6.0,1,74,0,88
211,24,1576.0,3004.0,8.0,7.0,1,75,0,84
211,25,1603.0,3004.0,6.0,8.0,1,72,0,84
211,26,1435.0,3005.0,11.0,5.0,1,72,0,81
211,27,1539.0,3012.0,4.0,5.0,1,71,0,81
211,28,1560.0,3005.0,8.0,9.0,1,69,0,76
211,29,1518.0,3006.0,9.0,6.0,1,67,0,76
212,3,1639.0,3261.0,12.0,10.0,1,166,0,207
212,4,1265.0,2996.0,7.0,6.0,1,116,0,137
212,5,1478.0,3002.0,5.0,7.0,1,121,0,133
212,6,1287.0,3000.0,7.0,6.0,1,114,0,129
212,7,1678.0,3012.0,6.0,6.0,1,113,0,129
212,8,1552.0,3004.0,7.0,8.0,1,111,0,126
212,9,1321.0,2994.0,9.0,8.0,1,108,0,124
212,10,1307.0,2996.0,10.0,8.0,1,109,0,122
212,11,1410.0,3000.0,7.0,7.0,1,105,0,118
212,12,1356.0,2992.0,8.0,9.0,1,103,0,115
212,13,1461.0,2998.0,8.0,7.0,1,106,0,115
212,16,1649.0,2998.0,11.0,10.0,1,91,0,107
212,17,1621.0,3009.0,8.0,6.0,0,86,1,107
212,18,1547.0,3006.0,6.0,6.0,0,92,1,104
212,19,1448.0,3010.0,7.0,3.0,1,97,0,104
212,20,1338.0,2996.0,8.0,7.0,1,94,0,104
212,22,1566.0,2996.0,7.0,8.0,1,75,0,89
212,24,1566.0,3006.0,7.0,6.0,1,76,0,85
212,25,1591.0,3007.0,9.0,6.0,1,73,0,85
212,26,1437.0,2992.0,12.0,10.0,1,73,0,82
212,27,1522.0,3000.0,8.0,11.0,1,72,0,82
212,28,1560.0,3005.0,5.0,7.0,1,70,0,77
212,29,1512.0,3004.0,8.0,8.0,1,68,0,77
213,3,1641.0,3256.0,18.0,11.0,1,167,0,208
213,4,1258.0,2993.0,6.0,9.0,1,117,0,138
213,5,1481.0,3007.0,6.0,8.0,1,122,0,134
213,6,1267.0,2995.0,9.0,7.0,1,115,0,130
213,7,1678.0,3012.0,6.0,6.0,0,113,1,130
213,8,1540.0,3001.0,7.0,6.0,1,112,0,127
213,9,1320.0,2991.0,8.0,8.0,1,109,0,125
213,10,1296.0,2986.0,12.0,8.0,1,110,0,123
213,11,1374.0,2997.0,8.0,10.0,1,106,0,119
213,12,1348.0,2993.0,9.0,8.0,1,104,0,116
213,13,1461.0,2998.0,8.0,7.0,0,106,1,116
213,16,1649.0,3003.0,9.0,8.0,1,92,0,108
213,17,1610.0,3009.0,8.0,6.0,1,87,0,108
213,18,1528.0,3002.0,8.0,10.0,1,93,0,105
213,19,1448.0,3010.0,7.0,3.0,0,97,1,105
213,20,1331.0,2997.0,8.0,7.0,1,95,0,105
213,22,1560.0,3001.0,6.0,8.0,1,76,0,90
213,24,1562.0,3010.0,4.0,6.0,1,77,0,86
213,25,1591.0,3007.0,9.0,6.0,0,73,1,86
213,26,1437.0,2992.0,12.0,10.0,0,73,1,83
213,27,1518.0,3000.0,7.0,10.0,1,73,0,83
213,28,1551.0,3002.0,8.0,9.0,1,71,0,78
213,29,1503.0,3001.0,9.0,6.0,1,69,0,78
213,31,1623.0,3000.0,8.0,9.0,1,3,0,3
214,3,1635.0,3261.0,18.0,10.0,1,168,0,209
214,4,1252.0,2992.0,7.0,8.0,1,118,0,139
214,5,1461.0,3006.0,8.0,8.0,1,123,0,135
214,6,1267.0,2984.0,8.0,7.0,1,116,0,131
214,7,1659.0,3004.0,7.0,8.0,1,114,0,131
214,8,1537.0,3007.0,6.0,9.0,1,113,0,128
214,9,1314.0,2989.0,9.0,6.0,1,110,0,126
214,10,1296.0,2986.0,12.0,8.0,0,110,1,124
214,11,1368.0,2997.0,7.0,9.0,1,107,0,120
214,12,1347.0,2990.0,8.0,9.0,1,105,0,117
214,13,1447.0,2998.0,9.0,7.0,1,107,0,117
214,16,1649.0,3003.0,9.0,8.0,0,92,1,109
214,17,1603.0,3010.0,7.0,7.0,1,88,0,109
214,18,1524.0,3004.0,5.0,8.0,1,94,0,106
214,19,1448.0,3010.0,7.0,3.0,0,97,2,106
214,20,1322.0,2997.0,10.0,9.0,1,96,0,106
214,22,1561.0,2996.0,6.0,6.0,1,77,0,91
214,24,1554.0,3004.0,7.0,5.0,1,78,0,87
214,25,1581.0,3000.0,7.0,6.0,1,74,0,87
214,26,1403.0,2993.0,6.0,6.0,1,74,0,84
214,27,1513.0,2999.0,7.0,9.0,1,74,0,84
214,28,1545.0,2999.0,7.0,9.0,1,72,0,79
214,29,1501.0,2997.0,5.0,9.0,1,70,0,79
214,31,1620.0,3000.0,9.0,8.0,1,4,0,4
215,3,1636.0,3260.0,14.0,16.0,1,169,0,210
215,4,1241.0,2991.0,11.0,8.0,1,119,0,140
215,5,1461.0,3006.0,8.0,8.0,0,123,1,136
215,6,1259.0,2990.0,9.0,10.0,1,117,0,132
215,7,1656.0,3007.0,8.0,7.0,1,115,0,132
215,8,1530.0,3001.0,9.0,8.0,1,114,0,129
215,9,1301.0,2997.0,9.0,7.0,1,111,0,127
215,10,1286.0,2990.0,11.0,10.0,1,111,0,125
215,11,1362.0,3002.0,10.0,12.0,1,108,0,121
215,12,1339.0,2991.0,11.0,9.0,1,106,0,118
215,13,1431.0,2999.0,5.0,6.0,1,108,0,118
215,16,1631.0,2996.0,12.0,10.0,1,93,0,110
215,17,1603.0,3010.0,7.0,7.0,0,88,1,110
215,18,1517.0,3002.0,6.0,8.0,1,95,0,107
215,19,1416.0,3002.0,11.0,9.0,1,98,0,107
215,20,1313.0,2995.0,12.0,9.0,1,97,0,107
215,22,1552.0,2998.0,7.0,7.0,1,78,0,92
215,24,1549.0,3008.0,9.0,9.0,1,79,0,88
215,25,1581.0,3000.0,7.0,6.0,0,74,1,88
215,26,1389.0,2994.0,9.0,7.0,1,75,0,85
215,27,1510.0,2995.0,7.0,7.0,1,75,0,85
215,28,1533.0,2999.0,9.0,8.0,1,73,0,80
215,29,1488.0,3005.0,11.0,6.0,1,71,0,80
215,31,1610.0,2998.0,9.0,9.0,1,5,0,5
216,3,1637.0,3255.0,15.0,11.0,1,170,0,211
216,4,1233.0,2989.0,10.0,8.0,1,120,0,141
216,5,1461.0,3006.0,8.0,8.0,0,123,2,137
216,6,1259.0,2990.0,9.0,10.0,0,117,1,133
216,7,1654.0,3010.0,8.0,6.0,1,116,0,133
216,8,1524.0,2996.0,5.0,6.0,1,115,0,130
216,9,1299.0,2994.0,8.0,6.0,1,112,0,128
216,10,1286.0,2990.0,11.0,10.0,0,111,1,126
216,11,1359.0,2993.0,9.0,8.0,1,109,0,122
216,12,1335.0,2993.0,7.0,9.0,1,107,0,119
216,13,1432.0,3001.0,8.0,9.0,1,109,0,119
216,16,1628.0,2996.0,11.0,9.0,1,94,0,111
216,17,1586.0,3004.0,9.0,7.0,1,89,0,111
216,18,1520.0,3002.0,7.0,7.0,1,96,0,108
216,19,1414.0,3002.0,11.0,8.0,1,99,0,108
216,20,1311.0,2986.0,13.0,8.0,1,98,0,108
216,22,1548.0,2997.0,8.0,6.0,1,79,0,93
216,24,1549.0,3008.0,9.0,9.0,0,79,1,89
216,25,1564.0,2999.0,9.0,7.0,1,75,0,89
216,26,1384.0,3000.0,7.0,4.0,1,76,0,86
216,27,1508.0,3005.0,7.0,5.0,1,76,0,86
216,28,1532.0,3002.0,8.0,12.0,1,74,0,81
216,29,1484.0,3003.0,7.0,7.0,1,72,0,81
216,31,1603.0,3000.0,11.0,9.0,1,6,0,6
217,3,1639.0,3251.0,17.0,12.0,1,171,0,212
217,4,1228.0,2985.0,7.0,7.0,1,121,0,142
217,5,1427.0,2994.0,9.0,6.0,1,124,0,138
217,6,1244.0,2985.0,11.0,9.0,1,118,0,134
217,7,1641.0,3009.0,7.0,7.0,1,117,0,134
217,8,1524.0,2996.0,5.0,6.0,0,115,1,131
217,9,1296.0,2990.0,7.0,7.0,1,113,0,129
217,10,1286.0,2990.0,11.0,10.0,0,111,2,127
217,11,1346.0,2996.0,10.0,8.0,1,110,0,123
217,12,1324.0,2992.0,7.0,8.0,1,108,0,120
217,13,1420.0,3001.0,6.0,8.0,1,110,0,120
217,16,1618.0,2996.0,9.0,8.0,1,95,0,112
217,17,1581.0,2998.0,10.0,6.0,1,90,0,112
217,18,1519.0,3007.0,8.0,6.0,1,97,0,109
217,19,1403.0,2999.0,9.0,9.0,1,100,0,109
217,20,1301.0,2993.0,11.0,8.0,1,99,0,109
217,22,1540.0,3000.0,7.0,6.0,1,80,0,94
217,24,1537.0,3006.0,8.0,8.0,1,80,0,90
217,25,1560.0,3005.0,9.0,6.0,1,76,0,90
217,26,1384.0,3000.0,7.0,4.0,0,76,1,87
217,27,1508.0,3005.0,7.0,5.0,0,76,1,87
217,28,1522.0,2999.0,8.0,7.0,1,75,0,82
217,29,1483.0,3000.0,9.0,8.0,1,73,0,82
217,31,1597.0,3000.0,10.0,9.0,1,7,0,7
218,3,1639.0,3255.0,17.0,7.0,1,172,0,213
218,4,1223.0,2995.0,7.0,6.0,1,122,0,143
218,5,1424.0,2995.0,7.0,6.0,1,125,0,139
218,6,1237.0,2994.0,9.0,8.0,1,119,0,135
218,7,1641.0,3009.0,7.0,7.0,0,117,1,135
218,8,1503.0,2999.0,5.0,7.0,1,116,0,132
218,9,1285.0,2993.0,9.0,8.0,1,114,0,130
218,10,1286.0,2990.0,11.0,10.0,0,111,3,128
218,11,1343.0,2990.0,9.0,11.0,1,111,0,124
218,12,1312.0,2990.0,8.0,8.0,1,109,0,121
218,13,1404.0,2998.0,9.0,6.0,1,111,0,121
218,16,1618.0,2996.0,9.0,8.0,0,95,1,113
218,17,1581.0,2998.0,10.0,6.0,0,90,1,113
218,18,1515.0,3003.0,6.0,8.0,1,98,0,110
218,19,1398.0,2996.0,13.0,8.0,1,101,0,110
218,20,1302.0,2990.0,13.0,9.0,1,100,0,110
218,22,1525.0,2995.0,6.0,8.0,1,81,0,95
218,24,1537.0,3006.0,8.0,8.0,0,80,1,91
218,25,1563.0,3004.0,7.0,7.0,1,77,0,91
218,26,1384.0,3000.0,7.0,4.0,0,76,2,88
218,27,1491.0,3003.0,9.0,7.0,1,77,0,88
218,28,1513.0,3001.0,8.0,8.0,1,76,0,83
218,29,1477.0,3000.0,8.0,7.0,1,74,0,83
218,31,1591.0,3002.0,9.0,8.0,1,8,0,8
219,3,1639.0,3250.0,14.0,14.0,1,173,0,214
219,4,1211.0,2994.0,7.0,7.0,1,123,0,144
219,5,1421.0,3008.0,8.0,6.0,1,126,0,140
219,6,1234.0,2991.0,9.0,8.0,1,120,0,136
219,7,1631.0,3003.0,8.0,8.0,1,118,0,136
219,8,1500.0,3005.0,7.0,8.0,1,117,0,133
219,9,1281.0,2993.0,7.0,4.0,1,115,0,131
219,10,1266.0,2994.0,8.0,8.0,1,112,0,129
219,11,1336.0,2996.0,10.0,7.0,1,112,0,125
219,12,1317.0,2987.0,6.0,10.0,1,110,0,122
219,13,1403.0,2995.0,6.0,8.0,1,112,0,122
219,16,1606.0,3000.0,11.0,10.0,1,96,0,114
219,17,1571.0,3002.0,7.0,6.0,1,91,0,114
219,18,1516.0,3003.0,8.0,7.0,1,99,0,111
219,19,1388.0,2992.0,11.0,9.0,1,102,0,111
219,20,1292.0,2993.0,12.0,9.0,1,101,0,111
219,22,1531.0,2989.0,7.0,12.0,1,82,0,96
219,24,1519.0,3010.0,9.0,7.0,1,81,0,92
219,25,1551.0,2995.0,6.0,8.0,1,78,0,92
219,26,1370.0,2998.0,9.0,6.0,1,77,0,89
219,27,1482.0,3000.0,6.0,7.0,1,78,0,89
219,28,1502.0,3004.0,8.0,7.0,1,77,0,84
219,29,1436.0,2996.0,5.0,6.0,1,75,0,84
219,31,1591.0,3002.0,9.0,8.0,0,8,1,9
220,3,1640.0,3248.0,19.0,7.0,1,174,0,215
220,4,1209.0,2993.0,10.0,4.0,1,124,0,145
220,5,1412.0,2998.0,8.0,7.0,1,127,0,141
220,6,1234.0,2991.0,9.0,8.0,0,120,1,137
220,7,1620.0,3005.0,10.0,6.0,1,119,0,137
220,8,1500.0,3005.0,7.0,8.0,0,117,1,134
220,9,1271.0,2993.0,8.0,9.0,1,116,0,132
220,10,1250.0,2981.0,11.0,10.0,1,113,0,130
220,11,1335.0,2989.0,10.0,8.0,1,113,0,126
220,12,1317.0,2987.0,6.0,10.0,0,110,1,123
220,13,1403.0,2995.0,6.0,8.0,0,112,1,123
220,16,1602.0,2998.0,9.0,8.0,1,97,0,115
220,17,1563.0,3002.0,8.0,6.0,1,92,0,115
220,18,1516.0,3003.0,8.0,7.0,0,99,1,112
220,19,1386.0,2993.0,11.0,9.0,1,103,0,112
220,20,1287.0,3000.0,14.0,9.0,1,102,0,112
220,22,1531.0,2989.0,7.0,12.0,0,82,1,97
220,24,1519.0,3010.0,9.0,7.0,0,81,1,93
220,25,1543.0,2998.0,8.0,9.0,1,79,0,93
220,26,1362.0,2991.0,9.0,6.0,1,78,0,90
220,27,1482.0,3000.0,6.0,7.0,0,78,1,90
220,28,1500.0,3003.0,6.0,7.0,1,78,0,85
220,29,1432.0,2992.0,5.0,6.0,1,76,0,85
220,31,1583.0,2990.0,7.0,9.0,1,9,0,10
221,3,1644.0,3243.0,15.0,13.0,1,175,0,216
221,4,1206.0,2988.0,7.0,6.0,1,125,0,146
221,5,1403.0,2996.0,8.0,7.0,1,128,0,142
221,6,1222.0,2988.0,10.0,9.0,1,121,0,138
221,7,1616.0,3009.0,8.0,8.0,1,120,0,138
221,8,1483.0,3002.0,7.0,8.0,1,118,0,135
221,9,1265.0,2988.0,9.0,8.0,1,117,0,133
221,10,1250.0,2992.0,9.0,6.0,1,114,0,131
221,11,1327.0,2984.0,7.0,7.0,1,114,0,127
221,12,1306.0,2989.0,6.0,7.0,1,111,0,124
221,13,1397.0,2998.0,6.0,6.0,1,113,0,124
221,16,1591.0,2993.0,10.0,11.0,1,98,0,116
221,17,1558.0,2999.0,7.0,7.0,1,93,0,116
221,18,1510.0,3006.0,7.0,8.0,1,100,0,113
221,19,1374.0,2990.0,12.0,9.0,1,104,0,113
221,20,1282.0,2987.0,14.0,9.0,1,103,0,113
221,22,1515.0,2992.0,8.0,7.0,1,83,0,98
221,24,1498.0,3002.0,5.0,7.0,1,82,0,94
221,25,1538.0,3003.0,7.0,9.0,1,80,0,94
221,26,1354.0,2989.0,8.0,6.0,1,79,0,91
221,27,1459.0,3000.0,6.0,6.0,1,79,0,91
221,28,1496.0,3002.0,7.0,8.0,1,79,0,86
221,29,1432.0,2999.0,7.0,5.0,1,77,0,86
221,31,1572.0,2994.0,8.0,7.0,1,10,0,11
222,3,1644.0,3243.0,15.0,13.0,0,175,1,217
222,4,1194.0,2989.0,7.0,6.0,1,126,0,147
222,5,1397.0,3004.0,7.0,5.0,1,129,0,143
222,6,1213.0,2993.0,8.0,8.0,1,122,0,139
222,7,1614.0,3008.0,7.0,8.0,1,121,0,139
222,8,1467.0,3003.0,6.0,7.0,1,119,0,136
222,9,1261.0,2989.0,7.0,8.0,1,118,0,134
222,10,1241.0,2996.0,9.0,8.0,1,115,0,132
222,11,1321.0,2991.0,9.0,9.0,1,115,0,128
222,12,1306.0,2989.0,6.0,7.0,0,111,1,125
222,13,1387.0,2996.0,6.0,5.0,1,114,0,125
222,16,1591.0,2997.0,7.0,7.0,1,99,0,117
222,17,1549.0,2998.0,8.0,7.0,1,94,0,117
222,18,1495.0,2999.0,8.0,10.0,1,101,0,114
222,19,1374.0,2990.0,12.0,9.0,0,104,1,114
222,20,1274.0,2992.0,11.0,9.0,1,104,0,114
222,22,1502.0,2993.0,5.0,8.0,1,84,0,99
222,24,1487.0,3000.0,6.0,10.0,1,83,0,95
222,25,1535.0,2995.0,7.0,9.0,1,81,0,95
222,26,1354.0,2989.0,8.0,6.0,0,79,1,92
222,27,1449.0,2998.0,7.0,7.0,1,80,0,92
222,28,1477.0,2999.0,8.0,7.0,1,80,0,87
222,29,1414.0,2998.0,8.0,7.0,1,78,0,87
222,31,1562.0,2994.0,9.0,7.0,1,11,0,12
223,3,1643.0,3247.0,17.0,11.0,1,176,0,218
223,4,1189.0,2990.0,6.0,5.0,1,127,0,148
223,5,1394.0,3005.0,8.0,7.0,1,130,0,144
223,6,1204.0,2988.0,7.0,7.0,1,123,0,140
223,7,1602.0,3000.0,8.0,6.0,1,122,0,140
223,8,1461.0,2992.0,7.0,8.0,1,120,0,137
223,9,1254.0,2984.0,8.0,6.0,1,119,0,135
223,10,1235.0,2983.0,9.0,6.0,1,116,0,133
223,11,1319.0,2983.0,8.0,10.0,1,116,0,129
223,12,1287.0,2989.0,8.0,8.0,1,112,0,126
223,13,1385.0,2998.0,6.0,5.0,1,115,0,126
223,16,1578.0,2997.0,9.0,6.0,1,100,0,118
223,17,1545.0,2993.0,7.0,8.0,1,95,0,118
223,18,1489.0,2998.0,5.0,9.0,1,102,0,115
223,19,1365.0,2988.0,11.0,9.0,1,105,0,115
223,20,1272.0,2994.0,13.0,7.0,1,105,0,115
223,22,1497.0,2994.0,6.0,6.0,1,85,0,100
223,24,1482.0,3003.0,5.0,6.0,1,84,0,96
223,25,1525.0,2993.0,7.0,8.0,1,82,0,96
223,26,1342.0,2991.0,9.0,7.0,1,80,0,93
223,27,1449.0,2998.0,7.0,7.0,0,80,1,93
223,28,1477.0,2999.0,8.0,7.0,0,80,1,88
223,29,1414.0,2998.0,8.0,7.0,0,78,1,88
223,31,1560.0,2993.0,7.0,8.0,1,12,0,13
224,3,1646.0,3241.0,17.0,9.0,1,177,0,219
224,4,1185.0,2985.0,6.0,5.0,1,128,0,149
224,5,1383.0,2993.0,6.0,5.0,1,131,0,145
224,6,1206.0,2988.0,8.0,7.0,1,124,0,141
224,7,1602.0,3000.0,8.0,6.0,0,122,1,141
224,8,1470.0,3003.0,6.0,6.0,1,121,0,138
224,9,1252.0,2993.0,7.0,6.0,1,120,0,136
224,10,1234.0,2983.0,7.0,7.0,1,117,0,134
224,11,1308.0,2986.0,10.0,12.0,1,117,0,130
224,12,1287.0,2989.0,8.0,8.0,0,112,1,127
224,13,1375.0,2998.0,7.0,7.0,1,116,0,127
224,16,1568.0,2994.0,11.0,9.0,1,101,0,119
224,17,1544.0,2999.0,7.0,8.0,1,96,0,119
224,18,1495.0,3005.0,6.0,7.0,1,103,0,116
224,19,1364.0,3000.0,6.0,7.0,1,106,0,116
224,20,1264.0,2988.0,11.0,7.0,1,106,0,116
224,22,1494.0,2991.0,7.0,8.0,1,86,0,101
224,24,1480.0,2994.0,6.0,8.0,1,85,0,97
224,25,1516.0,2997.0,6.0,7.0,1,83,0,97
224,26,1332.0,2992.0,10.0,8.0,1,81,0,94
224,27,1449.0,2998.0,7.0,7.0,0,80,2,94
224,28,1468.0,2998.0,5.0,8.0,1,81,0,89
224,29,1414.0,2998.0,8.0,7.0,0,78,2,89
224,31,1560.0,2993.0,7.0,8.0,0,12,1,14
225,3,1650.0,3241.0,13.0,9.0,1,178,0,220
225,4,1174.0,2989.0,7.0,7.0,1,129,0,150
225,5,1380.0,2999.0,5.0,4.0,1,132,0,146
225,6,1206.0,2988.0,8.0,7.0,0,124,1,142
225,7,1602.0,3000.0,8.0,6.0,0,122,2,142
225,8,1448.0,2997.0,10.0,7.0,1,122,0,139
225,9,1238.0,2990.0,8.0,6.0,1,121,0,137
225,10,1223.0,2989.0,10.0,7.0,1,118,0,135
225,11,1303.0,2992.0,9.0,8.0,1,118,0,131
225,12,1273.0,2991.0,8.0,8.0,1,113,0,128
225,13,1373.0,2998.0,6.0,5.0,1,117,0,128
225,16,1568.0,2991.0,9.0,8.0,1,102,0,120
225,17,1544.0,2999.0,7.0,8.0,0,96,1,120
225,18,1495.0,3005.0,6.0,7.0,0,103,1,117
225,19,1351.0,2990.0,10.0,7.0,1,107,0,117
225,20,1264.0,2988.0,11.0,7.0,0,106,1,117
225,22,1483.0,2994.0,8.0,6.0,1,87,0,102
225,24,1472.0,2997.0,6.0,9.0,1,86,0,98
225,25,1515.0,2995.0,5.0,5.0,1,84,0,98
225,26,1332.0,2985.0,12.0,9.0,1,82,0,95
225,27,1449.0,2998.0,7.0,7.0,0,80,3,95
225,28,1468.0,2998.0,5.0,8.0,0,81,1,90
225,29,1401.0,2996.0,6.0,7.0,1,79,0,90
225,31,1560.0,2993.0,7.0,8.0,0,12,2,15
226,3,1644.0,3229.0,15.0,13.0,1,179,0,221
226,4,1168.0,2987.0,6.0,6.0,1,130,0,151
226,5,1372.0,2997.0,7.0,6.0,1,133,0,147
226,6,1194.0,2993.0,7.0,6.0,1,125,0,143
226,7,1584.0,2997.0,8.0,7.0,1,123,0,143
226,8,1453.0,3003.0,9.0,7.0,1,123,0,140
226,9,1227.0,2991.0,8.0,8.0,1,122,0,138
226,10,1215.0,2990.0,11.0,10.0,1,119,0,136
226,11,1293.0,2986.0,9.0,9.0,1,119,0,132
226,12,1273.0,2993.0,6.0,6.0,1,114,0,129
226,13,1394.0,2994.0,6.0,6.0,1,118,0,129
226,16,1557.0,2993.0,9.0,6.0,1,103,0,121
226,17,1526.0,3002.0,4.0,10.0,1,97,0,121
226,18,1478.0,3002.0,6.0,5.0,1,104,0,118
226,19,1364.0,2992.0,7.0,8.0,1,108,0,118
226,20,1264.0,2988.0,11.0,7.0,0,106,2,118
226,22,1482.0,2993.0,5.0,6.0,1,88,0,103
226,24,1474.0,2996.0,6.0,7.0,1,87,0,99
226,25,1505.0,2991.0,6.0,7.0,1,85,0,99
226,26,1320.0,2996.0,11.0,8.0,1,83,0,96
226,27,1428.0,2999.0,9.0,6.0,1,81,0,96
226,28,1465.0,3008.0,5.0,6.0,1,82,0,91
226,29,1438.0,2988.0,7.0,7.0,1,80,0,91
226,31,1533.0,2998.0,7.0,6.0,1,13,0,16
227,3,1641.0,3235.0,17.0,8.0,1,180,0,222
227,4,1165.0,2994.0,7.0,5.0,1,131,0,152
227,5,1370.0,2990.0,8.0,5.0,1,134,0,148
227,6,1181.0,2988.0,11.0,7.0,1,126,0,144
227,7,1575.0,2995.0,6.0,8.0,1,124,0,144
227,8,1443.0,2998.0,8.0,7.0,1,124,0,141
227,9,1226.0,2988.0,12.0,7.0,1,123,0,139
227,10,1209.0,2985.0,10.0,8.0,1,120,0,137
227,11,1291.0,2989.0,10.0,10.0,1,120,0,133
227,12,1273.0,2993.0,6.0,6.0,0,114,1,130
227,13,1394.0,2994.0,6.0,6.0,0,118,1,130
227,16,1555.0,2997.0,9.0,8.0,1,104,0,122
227,17,1521.0,2993.0,5.0,8.0,1,98,0,122
227,18,1469.0,3004.0,7.0,8.0,1,105,0,119
227,19,1337.0,2986.0,9.0,8.0,1,109,0,119
227,20,1245.0,2987.0,12.0,7.0,1,107,0,119
227,22,1473.0,2989.0,6.0,7.0,1,89,0,104
227,24,1459.0,3000.0,6.0,9.0,1,88,0,100
227,25,1500.0,2992.0,6.0,6.0,1,86,0,100
227,26,1315.0,2989.0,10.0,8.0,1,84,0,97
227,27,1440.0,2991.0,7.0,7.0,1,82,0,97
227,28,1450.0,3001.0,7.0,6.0,1,83,0,92
227,29,1417.0,2993.0,9.0,5.0,1,81,0,92
227,31,1533.0,2998.0,6.0,6.0,1,14,0,17
228,3,1647.0,3231.0,14.0,12.0,1,181,0,223
228,4,1157.0,2987.0,7.0,8.0,1,132,0,153
228,5,1354.0,2997.0,8.0,5.0,1,135,0,149
228,6,1177.0,2985.0,9.0,7.0,1,127,0,145
228,7,1575.0,2995.0,6.0,8.0,0,124,1,145
228,8,1431.0,2999.0,9.0,6.0,1,125,0,142
228,9,1220.0,2992.0,9.0,8.0,1,124,0,140
228,10,1206.0,2981.0,8.0,9.0,1,121,0,138
228,11,1280.0,2993.0,9.0,9.0,1,121,0,134
228,12,1273.0,2993.0,6.0,6.0,0,114,2,131
228,13,1385.0,2995.0,6.0,5.0,1,119,0,131
228,16,1553.0,2994.0,7.0,7.0,1,105,0,123
228,17,1521.0,2993.0,5.0,8.0,0,98,1,123
228,18,1469.0,3004.0,7.0,8.0,0,105,1,120
228,19,1334.0,2992.0,9.0,5.0,1,110,0,120
228,20,1245.0,2987.0,12.0,7.0,0,107,1,120
228,22,1471.0,2992.0,7.0,7.0,1,90,0,105
228,24,1455.0,2997.0,5.0,7.0,1,89,0,101
228,25,1489.0,2996.0,9.0,6.0,1,87,0,101
228,26,1307.0,2984.0,8.0,7.0,1,85,0,98
228,27,1440.0,2991.0,7.0,7.0,0,82,1,98
228,28,1451.0,3001.0,8.0,6.0,1,84,0,93
228,29,1417.0,2993.0,9.0,5.0,0,81,1,93
228,31,1525.0,2993.0,8.0,7.0,1,15,0,18
229,3,1639.0,3229.0,13.0,10.0,1,182,0,224
229,4,1150.0,2984.0,6.0,6.0,1,133,0,154
229,5,1344.0,2993.0,6.0,4.0,1,136,0,150
229,6,1177.0,2985.0,9.0,7.0,0,127,1,146
229,7,1566.0,2999.0,9.0,8.0,1,125,0,146
229,8,1427.0,2994.0,7.0,7.0,1,126,0,143
229,9,1215.0,2988.0,8.0,8.0,1,125,0,141
229,10,1195.0,2985.0,8.0,8.0,1,122,0,139
229,11,1280.0,2993.0,9.0,9.0,0,121,1,135
229,12,1273.0,2993.0,6.0,6.0,0,114,3,132
229,13,1361.0,2992.0,6.0,6.0,1,120,0,132
229,16,1545.0,2991.0,8.0,9.0,1,106,0,124
229,17,1513.0,3002.0,6.0,7.0,1,99,0,124
229,18,1462.0,2995.0,7.0,7.0,1,106,0,121
229,19,1331.0,2990.0,10.0,6.0,1,111,0,121
229,20,1231.0,2984.0,14.0,9.0,1,108,0,121
229,22,1468.0,2991.0,7.0,6.0,1,91,0,106
229,24,1448.0,3000.0,7.0,6.0,1,90,0,102
229,25,1489.0,2991.0,7.0,8.0,1,88,0,102
229,26,1303.0,2985.0,9.0,7.0,1,86,0,99
229,27,1401.0,2999.0,9.0,7.0,1,83,0,99
229,28,1451.0,3001.0,8.0,6.0,0,84,1,94
229,29,1378.0,2998.0,8.0,6.0,1,82,0,94
229,31,1524.0,2993.0,6.0,8.0,1,16,0,19
230,3,1656.0,3224.0,15.0,11.0,1,183,0,225
230,4,1150.0,2984.0,6.0,6.0,0,133,1,155
230,5,1338.0,2993.0,6.0,5.0,1,137,0,151
230,6,1165.0,2988.0,8.0,6.0,1,128,0,147
230,7,1561.0,2999.0,10.0,9.0,1,126,0,147
230,8,1421.0,2993.0,8.0,8.0,1,127,0,144
230,9,1210.0,2981.0,8.0,9.0,1,126,0,142
230,10,1190.0,2994.0,10.0,9.0,1,123,0,140
230,11,1280.0,2993.0,9.0,9.0,0,121,2,136
230,12,1245.0,2985.0,7.0,6.0,1,115,0,133
230,13,1355.0,2995.0,7.0,7.0,1,121,0,133
230,16,1539.0,2990.0,8.0,6.0,1,107,0,125
230,17,1497.0,2992.0,7.0,6.0,1,100,0,125
230,18,1458.0,2998.0,6.0,6.0,1,107,0,122
230,19,1331.0,2990.0,10.0,6.0,0,111,1,122
230,20,1223.0,2984.0,15.0,10.0,1,109,0,122
230,22,1468.0,2991.0,7.0,6.0,0,91,1,107
230,24,1442.0,2995.0,8.0,6.0,1,91,0,103
230,25,1478.0,2989.0,7.0,7.0,1,89,0,103
230,26,1297.0,2990.0,8.0,7.0,1,87,0,100
230,27,1402.0,2991.0,8.0,8.0,1,84,0,100
230,28,1434.0,3002.0,7.0,7.0,1,85,0,95
230,29,1368.0,2998.0,4.0,7.0,1,83,0,95
230,31,1517.0,2995.0,7.0,8.0,1,17,0,20
231,3,1645.0,3220.0,17.0,10.0,1,184,0,226
231,4,1142.0,2984.0,8.0,6.0,1,134,0,156
231,5,1333.0,2986.0,8.0,6.0,1,138,0,152
231,6,1157.0,2988.0,6.0,6.0,1,129,0,148
231,7,1553.0,3000.0,7.0,5.0,1,127,0,148
231,8,1415.0,2990.0,8.0,7.0,1,128,0,145
231,9,1205.0,2984.0,6.0,8.0,1,127,0,143
231,10,1190.0,2994.0,10.0,9.0,0,123,1,141
231,11,1269.0,2989.0,8.0,6.0,1,122,0,137
231,12,1242.0,2990.0,9.0,7.0,1,116,0,134
231,13,1346.0,2991.0,8.0,6.0,1,122,0,134
231,16,1531.0,2993.0,8.0,6.0,1,108,0,126
231,17,1495.0,2993.0,9.0,9.0,1,101,0,126
231,18,1447.0,3003.0,9.0,7.0,1,108,0,123
231,19,1331.0,2990.0,10.0,6.0,0,111,2,123
231,20,1219.0,2987.0,14.0,7.0,1,110,0,123
231,22,1468.0,2991.0,7.0,6.0,0,91,2,108
231,24,1438.0,2999.0,5.0,7.0,1,92,0,104
231,25,1478.0,2989.0,7.0,7.0,0,89,1,104
231,26,1289.0,2986.0,8.0,5.0,1,88,0,101
231,27,1402.0,2991.0,8.0,8.0,0,84,1,101
231,28,1434.0,3002.0,7.0,7.0,0,85,1,96
231,29,1361.0,2990.0,9.0,7.0,1,84,0,96
231,31,1508.0,2995.0,8.0,9.0,1,18,0,21
232,3,1651.0,3223.0,21.0,8.0,1,185,0,227
232,4,1127.0,2991.0,6.0,5.0,1,135,0,157
232,5,1326.0,2991.0,7.0,5.0,1,139,0,153
232,6,1154.0,2990.0,8.0,6.0,1,130,0,149
232,7,1545.0,3002.0,6.0,5.0,1,128,0,149
232,8,1409.0,2994.0,7.0,7.0,1,129,0,146
232,9,1192.0,2993.0,8.0,7.0,1,128,0,144
232,10,1175.0,2976.0,9.0,9.0,1,124,0,142
232,11,1260.0,2981.0,9.0,10.0,1,123,0,138
232,12,1229.0,2989.0,9.0,5.0,1,117,0,135
232,13,1336.0,2991.0,7.0,5.0,1,123,0,135
232,16,1520.0,2995.0,9.0,6.0,1,109,0,127
232,17,1488.0,2992.0,7.0,9.0,1,102,0,127
232,18,1435.0,2999.0,7.0,7.0,1,109,0,124
232,19,1331.0,2990.0,10.0,6.0,0,111,3,124
232,20,1215.0,2988.0,13.0,8.0,1,111,0,124
232,22,1448.0,2993.0,8.0,6.0,1,92,0,109
232,24,1426.0,3000.0,5.0,8.0,1,93,0,105
232,25,1447.0,3000.0,8.0,7.0,1,90,0,105
232,26,1284.0,2983.0,6.0,8.0,1,89,0,102
232,27,1396.0,2994.0,6.0,6.0,1,85,0,102
232,28,1419.0,2991.0,7.0,5.0,1,86,0,97
232,29,1354.0,2992.0,6.0,6.0,1,85,0,97
232,31,1498.0,2986.0,7.0,10.0,1,19,0,22
233,3,1648.0,3220.0,15.0,10.0,1,186,0,228
233,4,1128.0,2989.0,6.0,6.0,1,136,0,158
233,5,1324.0,2991.0,7.0,5.0,1,140,0,154
233,6,1141.0,2988.0,8.0,6.0,1,131,0,150
233,7,1540.0,3001.0,8.0,6.0,1,129,0,150
233,8,1400.0,2990.0,8.0,8.0,1,130,0,147
233,9,1178.0,2984.0,5.0,5.0,1,129,0,145
233,10,1175.0,2976.0,9.0,9.0,0,124,1,143
233,11,1260.0,2981.0,9.0,10.0,0,123,1,139
233,12,1225.0,2983.0,8.0,9.0,1,118,0,136
233,13,1329.0,2994.0,9.0,7.0,1,124,0,136
233,16,1521.0,2992.0,8.0,8.0,1,110,0,128
233,17,1481.0,3004.0,8.0,6.0,1,103,0,128
233,18,1435.0,3000.0,9.0,10.0,1,110,0,125
233,19,1301.0,2992.0,10.0,8.0,1,112,0,125
233,20,1215.0,2988.0,13.0,8.0,0,111,1,125
233,22,1437.0,2992.0,7.0,7.0,1,93,0,110
233,24,1423.0,2997.0,7.0,8.0,1,94,0,106
233,25,1463.0,2991.0,9.0,6.0,1,91,0,106
233,26,1279.0,2989.0,8.0,7.0,1,90,0,103
233,27,1389.0,2995.0,10.0,7.0,1,86,0,103
233,28,1408.0,3001.0,8.0,7.0,1,87,0,98
233,29,1349.0,2994.0,8.0,7.0,1,86,0,98
233,31,1493.0,2989.0,7.0,7.0,1,20,0,23
234,3,1644.0,3220.0,14.0,7.0,1,187,0,229
234,4,1112.0,2991.0,8.0,7.0,1,137,0,159
234,5,1324.0,2991.0,7.0,5.0,0,140,1,155
234,6,1141.0,2988.0,8.0,6.0,0,131,1,151
234,7,1534.0,2997.0,6.0,8.0,1,130,0,151
234,8,1392.0,2990.0,8.0,8.0,1,131,0,148
234,9,1165.0,2986.0,8.0,6.0,1,130,0,146
234,10,1175.0,2976.0,9.0,9.0,0,124,2,144
234,11,1242.0,2986.0,10.0,7.0,1,124,0,140
234,12,1214.0,2988.0,6.0,7.0,1,119,0,137
234,13,1327.0,2989.0,10.0,8.0,1,125,0,137
234,16,1509.0,2991.0,9.0,9.0,1,111,0,129
234,17,1481.0,3004.0,8.0,6.0,0,103,1,129
234,18,1422.0,2991.0,7.0,7.0,1,111,0,126
234,19,1302.0,2986.0,10.0,6.0,1,113,0,126
234,20,1197.0,2981.0,15.0,8.0,1,112,0,126
234,22,1433.0,2990.0,7.0,6.0,1,94,0,111
234,24,1412.0,2995.0,7.0,5.0,1,95,0,107
234,25,1453.0,2990.0,9.0,6.0,1,92,0,107
234,26,1268.0,2988.0,7.0,5.0,1,91,0,104
234,27,1381.0,2992.0,9.0,6.0,1,87,0,104
234,28,1407.0,2998.0,8.0,6.0,1,88,0,99
234,29,1348.0,2990.0,5.0,8.0,1,87,0,99
234,31,1493.0,2989.0,7.0,7.0,0,20,1,24
235,3,1653.0,3219.0,11.0,8.0,1,188,0,230
235,4,1109.0,2986.0,8.0,6.0,1,138,0,160
235,5,1314.0,2985.0,7.0,5.0,1,141,0,156
235,6,1141.0,2988.0,8.0,6.0,0,131,2,152
235,7,1527.0,2996.0,8.0,10.0,1,131,0,152
235,8,1388.0,2992.0,6.0,7.0,1,132,0,149
235,9,1165.0,2986.0,8.0,6.0,0,130,1,147
235,10,1175.0,2976.0,9.0,9.0,0,124,3,145
235,11,1240.0,2986.0,11.0,6.0,1,125,0,141
235,12,1213.0,2984.0,7.0,10.0,1,120,0,138
235,13,1323.0,2984.0,9.0,8.0,1,126,0,138
235,16,1502.0,2988.0,9.0,7.0,1,112,0,130
235,17,1469.0,2990.0,8.0,7.0,1,104,0,130
235,18,1422.0,3002.0,7.0,6.0,1,112,0,127
235,19,1302.0,2986.0,10.0,6.0,0,113,1,127
235,20,1179.0,2986.0,8.0,7.0,1,113,0,127
235,22,1433.0,2990.0,7.0,6.0,0,94,1,112
235,24,1411.0,2992.0,6.0,6.0,1,96,0,108
235,25,1453.0,2990.0,9.0,6.0,0,92,1,108
235,26,1264.0,2983.0,8.0,7.0,1,92,0,105
235,27,1375.0,2984.0,8.0,8.0,1,88,0,105
235,28,1400.0,2992.0,6.0,6.0,1,89,0,100
235,29,1344.0,2990.0,6.0,8.0,1,88,0,100
235,31,1493.0,2989.0,7.0,7.0,0,20,2,25
236,3,1654.0,3219.0,19.0,11.0,1,189,0,231
236,4,1103.0,2994.0,9.0,8.0,1,139,0,161
236,5,1314.0,2985.0,7.0,5.0,0,141,1,157
236,6,1122.0,2986.0,11.0,8.0,1,132,0,153
236,7,1523.0,2997.0,7.0,6.0,1,132,0,153
236,8,1405.0,2997.0,7.0,6.0,1,133,0,150
236,9,1169.0,2989.0,8.0,6.0,1,131,0,148
236,10,1157.0,2984.0,8.0,8.0,1,125,0,146
236,11,1228.0,2979.0,10.0,6.0,1,126,0,142
236,12,1203.0,2984.0,6.0,7.0,1,121,0,139
236,13,1319.0,2991.0,9.0,5.0,1,127,0,139
236,16,1491.0,2989.0,9.0,6.0,1,113,0,131
236,17,1466.0,2994.0,9.0,7.0,1,105,0,131
236,18,1420.0,3002.0,8.0,7.0,1,113,0,128
236,19,1302.0,2986.0,10.0,6.0,0,113,2,128
236,20,1183.0,2987.0,15.0,8.0,1,114,0,128
236,22,1422.0,2992.0,6.0,7.0,1,95,0,113
236,24,1410.0,2997.0,7.0,8.0,1,97,0,109
236,25,1438.0,2988.0,8.0,6.0,1,93,0,109
236,26,1264.0,2988.0,8.0,6.0,1,93,0,106
236,27,1377.0,2991.0,6.0,8.0,1,89,0,106
236,28,1393.0,2993.0,6.0,7.0,1,90,0,101
236,29,1335.0,2989.0,4.0,6.0,1,89,0,101
236,31,1474.0,2983.0,8.0,9.0,1,21,0,26
237,3,1650.0,3215.0,14.0,8.0,1,190,0,232
237,4,1103.0,2991.0,7.0,7.0,1,140,0,162
237,5,1301.0,2989.0,8.0,5.0,1,142,0,158
237,6,1116.0,2989.0,11.0,7.0,1,133,0,154
237,7,1512.0,2991.0,8.0,8.0,1,133,0,154
237,8,1405.0,2997.0,7.0,6.0,0,133,1,151
237,9,1169.0,2989.0,8.0,6.0,0,131,1,149
237,10,1149.0,2977.0,7.0,8.0,1,126,0,147
237,11,1228.0,2984.0,13.0,9.0,1,127,0,143
237,12,1203.0,2988.0,6.0,7.0,1,122,0,140
237,13,1305.0,2991.0,8.0,6.0,1,128,0,140
237,16,1493.0,2989.0,8.0,8.0,1,114,0,132
237,17,1458.0,2986.0,7.0,7.0,1,106,0,132
237,18,1416.0,2997.0,6.0,8.0,1,114,0,129
237,19,1302.0,2986.0,10.0,6.0,0,113,3,129
237,20,1180.0,2985.0,15.0,8.0,1,115,0,129
237,22,1415.0,2986.0,6.0,7.0,1,96,0,114
237,24,1398.0,2996.0,7.0,7.0,1,98,0,110
237,25,1438.0,2988.0,8.0,6.0,0,93,1,110
237,26,1254.0,2980.0,8.0,7.0,1,94,0,107
237,27,1360.0,2990.0,8.0,6.0,1,90,0,107
237,28,1377.0,2997.0,8.0,8.0,1,91,0,102
237,29,1331.0,2992.0,7.0,5.0,1,90,0,102
237,31,1473.0,2990.0,7.0,5.0,1,22,0,27
238,3,1661.0,3210.0,14.0,10.0,1,191,0,233
238,4,1103.0,2991.0,7.0,7.0,0,140,1,163
238,5,1295.0,2986.0,5.0,5.0,1,143,0,159
238,6,1115.0,2987.0,10.0,8.0,1,134,0,155
238,7,1506.0,2991.0,7.0,5.0,1,134,0,155
238,8,1385.0,2989.0,8.0,7.0,1,134,0,152
238,9,1161.0,2981.0,7.0,6.0,1,132,0,150
238,10,1141.0,2983.0,10.0,9.0,1,127,0,148
238,11,1214.0,2989.0,8.0,8.0,1,128,0,144
238,12,1195.0,2984.0,5.0,7.0,1,123,0,141
238,13,1302.0,2984.0,9.0,6.0,1,129,0,141
238,16,1491.0,2988.0,8.0,7.0,1,115,0,133
238,17,1452.0,2990.0,5.0,5.0,1,107,0,133
238,18,1396.0,2998.0,6.0,7.0,1,115,0,130
238,19,1282.0,2980.0,6.0,8.0,1,114,0,130
238,20,1176.0,2980.0,15.0,8.0,1,116,0,130
238,22,1415.0,2986.0,6.0,7.0,0,96,1,115
238,24,1389.0,2998.0,8.0,7.0,1,99,0,111
238,25,1438.0,2988.0,8.0,6.0,0,93,2,111
238,26,1248.0,2979.0,8.0,6.0,1,95,0,108
238,27,1360.0,2990.0,8.0,6.0,0,90,1,108
238,28,1372.0,2988.0,8.0,6.0,1,92,0,103
238,29,1324.0,2985.0,7.0,7.0,1,91,0,103
238,31,1464.0,2986.0,8.0,7.0,1,23,0,28
239,3,1657.0,3203.0,14.0,8.0,1,192,0,234
239,4,1088.0,2991.0,6.0,5.0,1,141,0,164
239,5,1286.0,2985.0,7.0,7.0,1,144,0,160
239,6,1109.0,2980.0,10.0,7.0,1,135,0,156
239,7,1499.0,2994.0,8.0,11.0,1,135,0,156
239,8,1374.0,2990.0,5.0,5.0,1,135,0,153
239,9,1156.0,2979.0,7.0,7.0,1,133,0,151
239,10,1136.0,2983.0,10.0,10.0,1,128,0,149
239,11,1212.0,2983.0,10.0,10.0,1,129,0,145
239,12,1185.0,2989.0,6.0,7.0,1,124,0,142
239,13,1303.0,2982.0,8.0,6.0,1,130,0,142
239,16,1446.0,2991.0,8.0,6.0,1,116,0,134
239,17,1399.0,2995.0,7.0,11.0,1,108,0,134
239,18,1385.0,2992.0,7.0,7.0,1,116,0,131
239,19,1273.0,2978.0,9.0,9.0,1,115,0,131
239,20,1162.0,2984.0,17.0,8.0,1,117,0,131
239,22,1402.0,2983.0,9.0,10.0,1,97,0,116
239,24,1382.0,2993.0,8.0,7.0,1,100,0,112
239,25,1417.0,2986.0,7.0,9.0,1,94,0,112
239,26,1238.0,2984.0,7.0,7.0,1,96,0,109
239,27,1340.0,2989.0,9.0,7.0,1,91,0,109
239,28,1365.0,2992.0,7.0,8.0,1,93,0,104
239,29,1309.0,2988.0,8.0,6.0,1,92,0,104
239,31,1454.0,2983.0,6.0,6.0,1,24,0,29
240,3,1659.0,3204.0,13.0,11.0,1,193,0,235
240,4,1076.0,2980.0,7.0,8.0,1,142,0,165
240,5,1274.0,2986.0,6.0,5.0,1,145,0,161
240,6,1109.0,2980.0,10.0,7.0,0,135,1,157
240,7,1499.0,2994.0,8.0,11.0,0,135,1,157
240,8,1364.0,2999.0,6.0,6.0,1,136,0,154
240,9,1151.0,2985.0,6.0,7.0,1,134,0,152
240,10,1131.0,2982.0,10.0,9.0,1,129,0,150
240,11,1201.0,2985.0,10.0,9.0,1,130,0,146
240,12,1185.0,2984.0,7.0,9.0,1,125,0,143
240,13,1290.0,2982.0,7.0,5.0,1,131,0,143
240,16,1469.0,2989.0,8.0,6.0,1,117,0,135
240,17,1392.0,2996.0,7.0,7.0,1,109,0,135
240,18,1384.0,2999.0,7.0,7.0,1,117,0,132
240,19,1264.0,2990.0,10.0,8.0,1,116,0,132
240,20,1162.0,2984.0,17.0,8.0,0,117,1,132
240,22,1402.0,2983.0,9.0,10.0,0,97,1,117
240,24,1382.0,2993.0,8.0,7.0,0,100,1,113
240,25,1417.0,2986.0,7.0,9.0,0,94,1,113
240,26,1235.0,2978.0,8.0,6.0,1,97,0,110
240,27,1340.0,2990.0,9.0,6.0,1,92,0,110
240,28,1358.0,2989.0,7.0,10.0,1,94,0,105
240,29,1311.0,2991.0,6.0,5.0,1,93,0,105
240,31,1452.0,2983.0,9.0,11.0,1,25,0,30
241,3,1655.0,3205.0,20.0,10.0,1,194,0,236
241,4,1077.0,2983.0,7.0,6.0,1,143,0,166
241,5,1276.0,2979.0,6.0,8.0,1,146,0,162
241,6,1101.0,2988.0,8.0,5.0,1,136,0,158
241,7,1499.0,2994.0,8.0,11.0,0,135,2,158
241,8,1364.0,2999.0,6.0,6.0,0,136,1,155
241,9,1143.0,2988.0,7.0,6.0,1,135,0,153
241,10,1116.0,2982.0,10.0,7.0,1,130,0,151
241,11,1201.0,2985.0,10.0,9.0,0,130,1,147
241,12,1173.0,2986.0,7.0,7.0,1,126,0,144
241,13,1290.0,2988.0,8.0,5.0,1,132,0,144
241,16,1459.0,2985.0,11.0,7.0,1,118,0,136
241,17,1388.0,2990.0,7.0,7.0,1,110,0,136
241,18,1374.0,2993.0,6.0,6.0,1,118,0,133
241,19,1252.0,2986.0,10.0,10.0,1,117,0,133
241,20,1162.0,2984.0,17.0,8.0,0,117,2,133
241,22,1395.0,2984.0,7.0,6.0,1,98,0,118
241,24,1371.0,2998.0,5.0,5.0,1,101,0,114
241,25,1431.0,2995.0,7.0,5.0,1,95,0,114
241,26,1231.0,2982.0,7.0,8.0,1,98,0,111
241,27,1340.0,2988.0,8.0,8.0,1,93,0,111
241,28,1354.0,2990.0,9.0,6.0,1,95,0,106
241,29,1301.0,2985.0,7.0,7.0,1,94,0,106
241,31,1440.0,2987.0,9.0,6.0,1,26,0,31
242,3,1658.0,3209.0,18.0,11.0,1,195,0,237
242,4,1062.0,2991.0,6.0,9.0,1,144,0,167
242,5,1267.0,2986.0,7.0,6.0,1,147,0,163
242,6,1084.0,2988.0,9.0,8.0,1,137,0,159
242,7,1480.0,2996.0,10.0,8.0,1,136,0,159
242,8,1364.0,2999.0,6.0,6.0,0,136,2,156
242,9,1127.0,2990.0,8.0,7.0,1,136,0,154
242,10,1112.0,2983.0,10.0,8.0,1,131,0,152
242,11,1193.0,2976.0,9.0,9.0,1,131,0,148
242,12,1173.0,2986.0,7.0,7.0,0,126,1,145
242,13,1280.0,2980.0,7.0,6.0,1,133,0,145
242,16,1459.0,2985.0,11.0,7.0,0,118,1,137
242,17,1383.0,2991.0,7.0,6.0,1,111,0,137
242,18,1371.0,2991.0,6.0,5.0,1,119,0,134
242,19,1249.0,2983.0,9.0,8.0,1,118,0,134
242,20,1147.0,2979.0,15.0,8.0,1,118,0,134
242,22,1378.0,2978.0,6.0,8.0,1,99,0,119
242,24,1363.0,2998.0,7.0,7.0,1,102,0,115
242,25,1405.0,2986.0,5.0,8.0,1,96,0,115
242,26,1223.0,2981.0,8.0,6.0,1,99,0,112
242,27,1325.0,2989.0,10.0,6.0,1,94,0,112
242,28,1346.0,2982.0,8.0,8.0,1,96,0,107
242,29,1296.0,2990.0,7.0,5.0,1,95,0,107
242,31,1440.0,2990.0,9.0,9.0,1,27,0,32
243,3,1658.0,3209.0,18.0,11.0,0,195,1,238
243,4,1063.0,2988.0,5.0,5.0,1,145,0,168
243,5,1266.0,2980.0,7.0,7.0,1,148,0,164
243,6,1084.0,2987.0,10.0,8.0,1,138,0,160
243,7,1471.0,2990.0,7.0,8.0,1,137,0,160
243,8,1355.0,2992.0,6.0,5.0,1,137,0,157
243,9,1127.0,2990.0,8.0,7.0,0,136,1,155
243,10,1111.0,2978.0,9.0,9.0,1,132,0,153
243,11,1185.0,2984.0,12.0,10.0,1,132,0,149
243,12,1157.0,2984.0,8.0,7.0,1,127,0,146
243,13,1276.0,2985.0,8.0,7.0,1,134,0,146
243,16,1459.0,2989.0,7.0,8.0,1,119,0,138
243,17,1406.0,2984.0,6.0,7.0,1,112,0,138
243,18,1375.0,2993.0,7.0,7.0,1,120,0,135
243,19,1249.0,2983.0,9.0,8.0,0,118,1,135
243,20,1136.0,2982.0,14.0,9.0,1,119,0,135
243,22,1372.0,2976.0,8.0,7.0,1,100,0,120
243,24,1361.0,2995.0,7.0,7.0,1,103,0,116
243,25,1420.0,2988.0,6.0,6.0,1,97,0,116
243,26,1213.0,2982.0,10.0,6.0,1,100,0,113
243,27,1322.0,2989.0,10.0,6.0,1,95,0,113
243,28,1358.0,2991.0,6.0,6.0,1,97,0,108
243,29,1285.0,2990.0,5.0,4.0,1,96,0,108
243,31,1434.0,2979.0,8.0,10.0,1,28,0,33
244,3,1652.0,3192.0,14.0,11.0,1,196,0,239
244,4,1051.0,2990.0,8.0,8.0,1,146,0,169
244,5,1261.0,2982.0,6.0,6.0,1,149,0,165
244,6,1079.0,2984.0,9.0,9.0,1,139,0,161
244,7,1473.0,2988.0,7.0,6.0,1,138,0,161
244,8,1345.0,2993.0,5.0,6.0,1,138,0,158
244,9,1127.0,2990.0,8.0,7.0,0,136,2,156
244,10,1111.0,2978.0,9.0,9.0,0,132,1,154
244,11,1185.0,2984.0,12.0,10.0,0,132,1,150
244,12,1156.0,2983.0,8.0,6.0,1,128,0,147
244,13,1267.0,2987.0,8.0,7.0,1,135,0,147
244,16,1447.0,2982.0,8.0,5.0,1,120,0,139
244,17,1406.0,2984.0,6.0,7.0,0,112,1,139
244,18,1368.0,2993.0,7.0,7.0,1,121,0,136
244,19,1237.0,2980.0,11.0,8.0,1,119,0,136
244,20,1135.0,2977.0,17.0,11.0,1,120,0,136
244,22,1372.0,2976.0,8.0,7.0,0,100,1,121
244,24,1361.0,2995.0,7.0,7.0,0,103,1,117
244,25,1414.0,2989.0,5.0,7.0,1,98,0,117
244,26,1214.0,2991.0,5.0,6.0,1,101,0,114
244,27,1322.0,2989.0,10.0,6.0,0,95,1,114
244,28,1334.0,2994.0,6.0,6.0,1,98,0,109
244,29,1286.0,2984.0,6.0,6.0,1,97,0,109
244,31,1428.0,2980.0,7.0,11.0,1,29,0,34
245,3,1652.0,3192.0,14.0,11.0,0,196,1,240
245,4,1051.0,2990.0,8.0,8.0,0,146,1,170
245,5,1261.0,2982.0,6.0,6.0,0,149,1,166
245,6,1070.0,2988.0,9.0,7.0,1,140,0,162
245,7,1464.0,3000.0,7.0,10.0,1,139,0,162
245,8,1351.0,2993.0,6.0,6.0,1,139,0,159
245,9,1127.0,2990.0,8.0,7.0,0,136,3,157
245,10,1094.0,2982.0,7.0,8.0,1,133,0,155
245,11,1185.0,2984.0,12.0,10.0,0,132,2,151
245,12,1156.0,2983.0,8.0,6.0,0,128,1,148
245,13,1262.0,2985.0,6.0,7.0,1,136,0,148
245,16,1436.0,2984.0,9.0,9.0,1,121,0,140
245,17,1385.0,2981.0,7.0,8.0,1,113,0,140
245,18,1359.0,2988.0,8.0,9.0,1,122,0,137
245,19,1229.0,2988.0,11.0,9.0,1,120,0,137
245,20,1131.0,2979.0,16.0,8.0,1,121,0,137
245,22,1362.0,2980.0,10.0,8.0,1,101,0,122
245,24,1353.0,2994.0,8.0,6.0,1,104,0,118
245,25,1414.0,2989.0,5.0,7.0,0,98,1,118
245,26,1214.0,2991.0,5.0,6.0,0,101,1,115
245,27,1327.0,2991.0,8.0,7.0,1,96,0,115
245,28,1337.0,2984.0,8.0,7.0,1,99,0,110
245,29,1286.0,2984.0,6.0,6.0,0,97,1,110
245,31,1428.0,2980.0,7.0,11.0,0,29,1,35
246,3,1659.0,3195.0,20.0,6.0,1,197,0,241
246,4,1040.0,2983.0,8.0,9.0,1,147,0,171
246,5,1241.0,2989.0,5.0,7.0,1,150,0,167
246,6,1070.0,2988.0,9.0,7.0,0,140,1,163
246,7,1464.0,2984.0,5.0,7.0,1,140,0,163
246,8,1340.0,2997.0,6.0,6.0,1,140,0,160
246,9,1106.0,2990.0,7.0,7.0,1,137,0,158
246,10,1083.0,2984.0,7.0,8.0,1,134,0,156
246,11,1185.0,2984.0,12.0,10.0,0,132,3,152
246,12,1156.0,2983.0,8.0,6.0,0,128,2,149
246,13,1262.0,2985.0,6.0,7.0,0,136,1,149
246,16,1435.0,2982.0,8.0,8.0,1,122,0,141
246,17,1385.0,2981.0,7.0,8.0,0,113,1,141
246,18,1357.0,2989.0,6.0,9.0,1,123,0,138
246,19,1223.0,2981.0,9.0,8.0,1,121,0,138
246,20,1116.0,2983.0,16.0,9.0,1,122,0,138
246,22,1351.0,2985.0,7.0,6.0,1,102,0,123
246,24,1349.0,2990.0,7.0,7.0,1,105,0,119
246,25,1404.0,2989.0,6.0,5.0,1,99,0,119
246,26,1194.0,2981.0,7.0,6.0,1,102,0,116
246,27,1319.0,2987.0,6.0,7.0,1,97,0,116
246,28,1328.0,2989.0,6.0,7.0,1,100,0,111
246,29,1279.0,2982.0,5.0,5.0,1,98,0,111
246,31,1410.0,2984.0,6.0,7.0,1,30,0,36
247,3,1666.0,3196.0,14.0,10.0,1,198,0,242
247,4,1025.0,2988.0,9.0,7.0,1,148,0,172
247,5,1268.0,2983.0,7.0,5.0,1,151,0,168
247,6,1089.0,2979.0,7.0,7.0,1,141,0,164
247,7,1449.0,2986.0,8.0,10.0,1,141,0,164
247,8,1340.0,2988.0,8.0,6.0,1,141,0,161
247,9,1106.0,2981.0,17.0,10.0,1,138,0,159
247,10,1105.0,2980.0,7.0,7.0,1,135,0,157
247,11,1234.0,2982.0,7.0,9.0,1,133,0,153
247,12,1163.0,2985.0,11.0,9.0,1,129,0,150
247,13,1251.0,2984.0,6.0,6.0,1,137,0,150
247,16,1428.0,2985.0,11.0,8.0,1,123,0,142
247,17,1378.0,2987.0,8.0,6.0,1,114,0,142
247,18,1352.0,2987.0,6.0,10.0,1,124,0,139
247,19,1216.0,2983.0,11.0,10.0,1,122,0,139
247,20,1139.0,2983.0,6.0,6.0,1,123,0,139
247,22,1355.0,2977.0,7.0,9.0,1,103,0,124
247,24,1343.0,2990.0,7.0,8.0,1,106,0,120
247,25,1387.0,2986.0,6.0,6.0,1,100,0,120
247,26,1190.0,2982.0,7.0,7.0,1,103,0,117
247,27,1310.0,2985.0,8.0,6.0,1,98,0,117
247,28,1326.0,2991.0,5.0,5.0,1,101,0,112
247,29,1299.0,2993.0,10.0,8.0,1,99,0,112
247,31,1416.0,2989.0,7.0,8.0,1,31,0,37
248,3,1662.0,3187.0,10.0,8.0,1,199,0,243
248,4,1027.0,2984.0,7.0,8.0,1,149,0,173
248,5,1264.0,2990.0,7.0,7.0,1,152,0,169
248,6,1048.0,2981.0,8.0,7.0,1,142,0,165
248,7,1449.0,2986.0,8.0,10.0,0,141,1,165
248,8,1333.0,2990.0,7.0,8.0,1,142,0,162
248,9,1098.0,2987.0,6.0,6.0,1,139,0,160
248,10,1078.0,2983.0,8.0,9.0,1,136,0,158
248,11,1230.0,2985.0,5.0,9.0,1,134,0,154
248,12,1131.0,2978.0,6.0,8.0,1,130,0,151
248,13,1247.0,2984.0,7.0,7.0,1,138,0,151
248,16,1428.0,2985.0,11.0,8.0,0,123,1,143
248,17,1366.0,2983.0,8.0,5.0,1,115,0,143
248,18,1346.0,2994.0,6.0,9.0,1,125,0,140
248,19,1217.0,2983.0,8.0,7.0,1,123,0,140
248,20,1102.0,2983.0,16.0,9.0,1,124,0,140
248,22,1344.0,2978.0,6.0,8.0,1,104,0,125
248,24,1343.0,2990.0,7.0,8.0,0,106,1,121
248,25,1390.0,2985.0,7.0,7.0,1,101,0,121
248,26,1182.0,2980.0,8.0,6.0,1,104,0,118
248,27,1311.0,2988.0,8.0,9.0,1,99,0,118
248,28,1319.0,2989.0,6.0,6.0,1,102,0,113
248,29,1293.0,2990.0,9.0,7.0,1,100,0,113
248,31,1403.0,2980.0,5.0,8.0,1,32,0,38
249,3,1664.0,3184.0,14.0,11.0,1,200,0,244
249,4,1027.0,2984.0,7.0,8.0,0,149,1,174
249,5,1256.0,2982.0,7.0,6.0,1,153,0,170
249,6,1047.0,2987.0,11.0,7.0,1,143,0,166
249,7,1449.0,2986.0,8.0,10.0,0,141,2,166
249,8,1317.0,2990.0,8.0,7.0,1,143,0,163
249,9,1091.0,2992.0,7.0,5.0,1,140,0,161
249,10,1071.0,2981.0,7.0,10.0,1,137,0,159
249,11,1224.0,2984.0,4.0,6.0,1,135,0,155
249,12,1131.0,2978.0,6.0,8.0,0,130,1,152
249,13,1236.0,2980.0,8.0,8.0,1,139,0,152
249,16,1415.0,2982.0,8.0,9.0,1,124,0,144
249,17,1365.0,2985.0,7.0,5.0,1,116,0,144
249,18,1338.0,2990.0,7.0,8.0,1,126,0,141
249,19,1208.0,2989.0,12.0,11.0,1,124,0,141
249,20,1088.0,2980.0,16.0,9.0,1,125,0,141
249,22,1344.0,2978.0,6.0,8.0,0,104,1,126
249,24,1343.0,2990.0,7.0,8.0,0,106,2,122
249,25,1382.0,2987.0,6.0,7.0,1,102,0,122
249,26,1175.0,2976.0,6.0,9.0,1,105,0,119
249,27,1304.0,2988.0,7.0,6.0,1,100,0,119
249,28,1311.0,2993.0,7.0,5.0,1,103,0,114
249,29,1284.0,2978.0,11.0,8.0,1,101,0,114
249,31,1395.0,2980.0,7.0,8.0,1,33,0,39
250,3,1664.0,3184.0,14.0,11.0,0,200,1,245
250,4,1015.0,2986.0,6.0,7.0,1,150,0,175
250,5,1253.0,2985.0,5.0,6.0,1,154,0,171
250,6,1036.0,2989.0,8.0,7.0,1,144,0,167
250,7,1449.0,2986.0,8.0,10.0,0,141,3,167
250,8,1320.0,2992.0,7.0,6.0,1,144,0,164
250,9,1121.0,2981.0,6.0,7.0,1,141,0,162
250,10,1066.0,2978.0,7.0,7.0,1,138,0,160
250,11,1225.0,2980.0,6.0,7.0,1,136,0,156
250,12,1143.0,2981.0,10.0,9.0,1,131,0,153
250,13,1235.0,2984.0,8.0,7.0,1,140,0,153
250,16,1407.0,2975.0,8.0,8.0,1,125,0,145
250,17,1360.0,2970.0,9.0,8.0,1,117,0,145
250,18,1339.0,2989.0,5.0,7.0,1,127,0,142
250,19,1199.0,2978.0,10.0,9.0,1,125,0,142
250,20,1088.0,2984.0,6.0,9.0,1,126,0,142
250,22,1329.0,2981.0,6.0,8.0,1,105,0,127
250,24,1326.0,2987.0,7.0,6.0,1,107,0,123
250,25,1376.0,2984.0,7.0,6.0,1,103,0,123
250,26,1170.0,2979.0,7.0,8.0,1,106,0,120
250,27,1295.0,2988.0,7.0,7.0,1,101,0,120
250,28,1304.0,2989.0,7.0,6.0,1,104,0,115
250,29,1282.0,2984.0,11.0,7.0,1,102,0,115
250,31,1394.0,2976.0,6.0,8.0,1,34,0,40
251,3,1660.0,3183.0,21.0,8.0,1,201,0,246
251,4,1009.0,2987.0,4.0,4.0,1,151,0,176
251,5,1244.0,2984.0,5.0,7.0,1,155,0,172
251,6,1033.0,2989.0,8.0,7.0,1,145,0,168
251,7,1428.0,2983.0,7.0,10.0,1,142,0,168
251,8,1315.0,2989.0,6.0,7.0,1,145,0,165
251,9,1088.0,2984.0,17.0,10.0,1,142,0,163
251,10,1059.0,2983.0,9.0,7.0,1,139,0,161
251,11,1216.0,2980.0,6.0,8.0,1,137,0,157
251,12,1111.0,2985.0,6.0,7.0,1,132,0,154
251,13,1228.0,2980.0,8.0,9.0,1,141,0,154
251,16,1402.0,2981.0,9.0,6.0,1,126,0,146
251,17,1356.0,2975.0,8.0,8.0,1,118,0,146
251,18,1323.0,2988.0,7.0,6.0,1,128,0,143
251,19,1192.0,2978.0,9.0,10.0,1,126,0,143
251,20,1081.0,2981.0,6.0,8.0,1,127,0,143
251,22,1329.0,2973.0,8.0,10.0,1,106,0,128
251,24,1319.0,2988.0,8.0,7.0,1,108,0,124
251,25,1368.0,2981.0,8.0,6.0,1,104,0,124
251,26,1137.0,2987.0,7.0,7.0,1,107,0,121
251,27,1287.0,2987.0,6.0,6.0,1,102,0,121
251,28,1304.0,2989.0,7.0,6.0,0,104,1,116
251,29,1272.0,2984.0,12.0,7.0,1,103,0,116
251,31,1382.0,2981.0,8.0,7.0,1,35,0,41
252,3,1670.0,3186.0,19.0,12.0,1,202,0,247
252,4,1009.0,2987.0,4.0,4.0,0,151,1,177
252,5,1244.0,2984.0,5.0,7.0,0,155,1,173
252,6,1020.0,2983.0,7.0,7.0,1,146,0,169
252,7,1424.0,2978.0,6.0,9.0,1,143,0,169
252,8,1315.0,2989.0,6.0,7.0,0,145,1,166
252,9,1097.0,2983.0,7.0,7.0,1,143,0,164
252,10,1059.0,2983.0,9.0,7.0,0,139,1,162
252,11,1209.0,2984.0,6.0,7.0,1,138,0,158
252,12,1111.0,2985.0,6.0,7.0,0,132,1,155
252,13,1222.0,2979.0,8.0,7.0,1,142,0,155
252,16,1402.0,2981.0,9.0,6.0,0,126,1,147
252,17,1346.0,2979.0,5.0,8.0,1,119,0,147
252,18,1324.0,2990.0,8.0,6.0,1,129,0,144
252,19,1190.0,2979.0,10.0,9.0,1,127,0,144
252,20,1069.0,2986.0,8.0,7.0,1,128,0,144
252,22,1329.0,2973.0,8.0,10.0,0,106,1,129
252,24,1322.0,2984.0,7.0,7.0,1,109,0,125
252,25,1362.0,2988.0,6.0,5.0,1,105,0,125
252,26,1158.0,2978.0,8.0,8.0,1,108,0,122
252,27,1290.0,2985.0,6.0,6.0,1,103,0,122
252,28,1296.0,2985.0,7.0,6.0,1,105,0,117
252,29,1274.0,2982.0,10.0,7.0,1,104,0,117
252,31,1375.0,2986.0,6.0,8.0,1,36,0,42
253,3,1672.0,3175.0,10.0,6.0,1,203,0,248
253,4,990.0,2984.0,12.0,8.0,1,152,0,178
253,5,1233.0,2986.0,6.0,7.0,1,156,0,174
253,6,1020.0,2983.0,7.0,7.0,0,146,1,170
253,7,1408.0,2985.0,11.0,8.0,1,144,0,170
253,8,1315.0,2989.0,6.0,7.0,0,145,2,167
253,9,1071.0,2980.0,15.0,9.0,1,144,0,165
253,10,1041.0,2976.0,7.0,11.0,1,140,0,163
253,11,1197.0,2981.0,6.0,7.0,1,139,0,159
253,12,1123.0,2978.0,11.0,8.0,1,133,0,156
253,13,1215.0,2984.0,9.0,8.0,1,143,0,156
253,16,1402.0,2981.0,9.0,6.0,0,126,2,148
253,17,1346.0,2979.0,5.0,8.0,0,119,1,148
253,18,1316.0,2988.0,7.0,8.0,1,130,0,145
253,19,1190.0,2979.0,10.0,9.0,0,127,1,145
253,20,1068.0,2986.0,8.0,7.0,1,129,0,145
253,22,1329.0,2973.0,8.0,10.0,0,106,2,130
253,24,1310.0,2981.0,8.0,8.0,1,110,0,126
253,25,1362.0,2988.0,6.0,5.0,0,105,1,126
253,26,1150.0,2978.0,9.0,7.0,1,109,0,123
253,27,1282.0,2978.0,7.0,8.0,1,104,0,123
253,28,1292.0,2990.0,7.0,5.0,1,106,0,118
253,29,1260.0,2978.0,10.0,7.0,1,105,0,118
253,31,1371.0,2980.0,7.0,8.0,1,37,0,43
254,3,1670.0,3172.0,9.0,6.0,1,204,0,249
254,4,990.0,2982.0,7.0,11.0,1,153,0,179
254,5,1233.0,2986.0,6.0,7.0,0,156,1,175
254,6,1037.0,2985.0,9.0,7.0,1,147,0,171
254,7,1407.0,2982.0,10.0,8.0,1,145,0,171
254,8,1296.0,2991.0,9.0,5.0,1,146,0,168
254,9,1094.0,2987.0,9.0,7.0,1,145,0,166
254,10,1056.0,2986.0,7.0,7.0,1,141,0,164
254,11,1197.0,2976.0,6.0,7.0,1,140,0,160
254,12,1117.0,2987.0,11.0,11.0,1,134,0,157
254,13,1215.0,2984.0,9.0,8.0,0,143,1,157
254,16,1387.0,2977.0,8.0,8.0,1,127,0,149
254,17,1336.0,2976.0,7.0,7.0,1,120,0,149
254,18,1307.0,2988.0,7.0,8.0,1,131,0,146
254,19,1177.0,2980.0,9.0,9.0,1,128,0,146
254,20,1059.0,2984.0,14.0,9.0,1,130,0,146
254,22,1311.0,2970.0,7.0,9.0,1,107,0,131
254,24,1302.0,2989.0,8.0,6.0,1,111,0,127
254,25,1362.0,2988.0,6.0,5.0,0,105,2,127
254,26,1144.0,2979.0,8.0,9.0,1,110,0,124
254,27,1281.0,2981.0,7.0,5.0,1,105,0,124
254,28,1292.0,2990.0,7.0,5.0,0,106,1,119
254,29,1260.0,2983.0,10.0,9.0,1,106,0,119
254,31,1366.0,2978.0,8.0,8.0,1,38,0,44
255,3,1669.0,3168.0,12.0,8.0,1,205,0,250
255,4,1002.0,2983.0,8.0,6.0,1,154,0,180
255,5,1222.0,2986.0,6.0,5.0,1,157,0,176
255,6,1037.0,2985.0,9.0,7.0,0,147,1,172
255,7,1407.0,2982.0,10.0,8.0,0,145,1,172
255,8,1296.0,2991.0,9.0,5.0,0,146,1,169
255,9,1078.0,2982.0,10.0,6.0,1,146,0,167
255,10,1033.0,2979.0,9.0,7.0,1,142,0,165
255,11,1188.0,2980.0,7.0,6.0,1,141,0,161
255,12,1115.0,2986.0,10.0,6.0,1,135,0,158
255,13,1200.0,2981.0,10.0,6.0,1,144,0,158
255,16,1383.0,2976.0,6.0,6.0,1,128,0,150
255,17,1328.0,2979.0,6.0,7.0,1,121,0,150
255,18,1307.0,2988.0,7.0,8.0,0,131,1,147
255,19,1173.0,2974.0,7.0,10.0,1,129,0,147
255,20,1061.0,2980.0,15.0,9.0,1,131,0,147
255,22,1311.0,2970.0,7.0,9.0,0,107,1,132
255,24,1302.0,2989.0,8.0,6.0,0,111,1,128
255,25,1348.0,2977.0,7.0,7.0,1,106,0,128
255,26,1135.0,2982.0,11.0,9.0,1,111,0,125
255,27,1279.0,2981.0,7.0,6.0,1,106,0,125
255,28,1281.0,2987.0,7.0,8.0,1,107,0,120
255,29,1250.0,2984.0,10.0,8.0,1,107,0,120
255,31,1360.0,2978.0,9.0,6.0,1,39,0,45
256,3,1669.0,3168.0,12.0,8.0,0,205,1,251
256,4,992.0,2983.0,7.0,9.0,1,155,0,181
256,5,1210.0,2988.0,5.0,5.0,1,158,0,177
256,6,1021.0,2983.0,9.0,8.0,1,148,0,173
256,7,1407.0,2982.0,10.0,8.0,0,145,2,173
256,8,1285.0,2986.0,7.0,5.0,1,147,0,170
256,9,1076.0,2983.0,8.0,8.0,1,147,0,168
256,10,1040.0,2983.0,10.0,9.0,1,143,0,166
256,11,1182.0,2983.0,6.0,6.0,1,142,0,162
256,12,1115.0,2986.0,10.0,6.0,0,135,1,159
256,13,1203.0,2971.0,9.0,6.0,1,145,0,159
256,16,1374.0,2974.0,8.0,6.0,1,129,0,151
256,17,1325.0,2980.0,5.0,6.0,1,122,0,151
256,18,1307.0,2988.0,7.0,8.0,0,131,2,148
256,19,1163.0,2974.0,11.0,7.0,1,130,0,148
256,20,1050.0,2986.0,15.0,10.0,1,132,0,148
256,22,1296.0,2973.0,9.0,8.0,1,108,0,133
256,24,1290.0,2989.0,6.0,6.0,1,112,0,129
256,25,1346.0,2982.0,6.0,7.0,1,107,0,129
256,26,1133.0,2982.0,7.0,7.0,1,112,0,126
256,27,1257.0,2983.0,7.0,7.0,1,107,0,126
256,28,1269.0,2988.0,8.0,6.0,1,108,0,121
256,29,1249.0,2983.0,9.0,7.0,1,108,0,121
256,31,1360.0,2978.0,9.0,6.0,0,39,1,46
257,3,1666.0,3170.0,17.0,6.0,1,206,0,252
257,4,968.0,2983.0,8.0,9.0,1,156,0,182
257,5,1207.0,2975.0,6.0,6.0,1,159,0,178
257,6,993.0,2992.0,8.0,7.0,1,149,0,174
257,7,1380.0,2978.0,7.0,6.0,1,146,0,174
257,8,1282.0,2988.0,8.0,7.0,1,148,0,171
257,9,1043.0,2985.0,8.0,8.0,1,148,0,169
257,10,1018.0,2980.0,8.0,11.0,1,144,0,167
257,11,1176.0,2979.0,7.0,5.0,1,143,0,163
257,12,1098.0,2986.0,10.0,8.0,1,136,0,160
257,13,1188.0,2976.0,10.0,7.0,1,146,0,160
257,16,1368.0,2973.0,8.0,8.0,1,130,0,152
257,17,1325.0,2980.0,5.0,6.0,0,122,1,152
257,18,1296.0,2985.0,8.0,8.0,1,132,0,149
257,19,1152.0,2986.0,9.0,8.0,1,131,0,149
257,20,1045.0,2985.0,14.0,10.0,1,133,0,149
257,22,1295.0,2979.0,8.0,9.0,1,109,0,134
257,24,1286.0,2981.0,7.0,6.0,1,113,0,130
257,25,1333.0,2981.0,7.0,7.0,1,108,0,130
257,26,1121.0,2971.0,8.0,9.0,1,113,0,127
257,27,1256.0,2979.0,7.0,7.0,1,108,0,127
257,28,1269.0,2988.0,8.0,6.0,0,108,1,122
257,29,1243.0,2987.0,9.0,6.0,1,109,0,122
257,31,1350.0,2973.0,7.0,8.0,1,40,0,47
258,3,1664.0,3169.0,17.0,5.0,1,207,0,253
258,4,965.0,2990.0,6.0,8.0,1,157,0,183
258,5,1204.0,2984.0,7.0,6.0,1,160,0,179
258,6,985.0,2983.0,10.0,7.0,1,150,0,175
258,7,1382.0,2982.0,5.0,6.0,1,147,0,175
258,8,1263.0,2985.0,10.0,5.0,1,149,0,172
258,9,1044.0,2976.0,14.0,10.0,1,149,0,170
258,10,1017.0,2982.0,6.0,7.0,1,145,0,168
258,11,1176.0,2979.0,7.0,5.0,0,143,1,164
258,12,1096.0,2980.0,8.0,11.0,1,137,0,161
258,13,1188.0,2976.0,10.0,7.0,0,146,1,161
258,16,1365.0,2974.0,7.0,7.0,1,131,0,153
258,17,1307.0,2976.0,7.0,7.0,1,123,0,153
258,18,1296.0,2985.0,8.0,8.0,0,132,1,150
258,19,1152.0,2986.0,9.0,8.0,0,131,1,150
258,20,1028.0,2980.0,9.0,8.0,1,134,0,150
258,22,1282.0,2969.0,7.0,11.0,1,110,0,135
258,24,1278.0,2986.0,8.0,6.0,1,114,0,131
258,25,1325.0,2973.0,7.0,7.0,1,109,0,131
258,26,1115.0,2977.0,8.0,10.0,1,114,0,128
258,27,1253.0,2983.0,8.0,7.0,1,109,0,128
258,28,1249.0,2988.0,7.0,5.0,1,109,0,123
258,29,1231.0,2985.0,9.0,7.0,1,110,0,123
258,31,1350.0,2973.0,7.0,8.0,0,40,1,48
259,3,1669.0,3165.0,15.0,5.0,1,208,0,254
259,4,965.0,2990.0,6.0,8.0,0,157,1,184
259,5,1204.0,2984.0,7.0,6.0,0,160,1,180
259,6,976.0,2983.0,9.0,8.0,1,151,0,176
259,7,1373.0,2978.0,6.0,6.0,1,148,0,176
259,8,1260.0,2985.0,9.0,6.0,1,150,0,173
259,9,1058.0,2981.0,8.0,7.0,1,150,0,171
259,10,1009.0,2978.0,11.0,11.0,1,146,0,169
259,11,1163.0,2982.0,8.0,5.0,1,144,0,165
259,12,1096.0,2980.0,8.0,11.0,0,137,1,162
259,13,1181.0,2978.0,9.0,8.0,1,147,0,162
259,16,1354.0,2978.0,7.0,7.0,1,132,0,154
259,17,1303.0,2979.0,8.0,8.0,1,124,0,154
259,18,1284.0,2990.0,8.0,5.0,1,133,0,151
259,19,1148.0,2981.0,7.0,7.0,1,132,0,151
259,20,1037.0,2985.0,16.0,11.0,1,135,0,151
259,22,1282.0,2969.0,7.0,11.0,0,110,1,136
259,24,1270.0,2986.0,6.0,5.0,1,115,0,132
259,25,1320.0,2978.0,6.0,6.0,1,110,0,132
259,26,1115.0,2977.0,8.0,10.0,0,114,1,129
259,27,1259.0,2979.0,7.0,6.0,1,110,0,129
259,28,1243.0,2982.0,6.0,6.0,1,110,0,124
259,29,1231.0,2985.0,9.0,7.0,0,110,1,124
259,31,1337.0,2978.0,10.0,9.0,1,41,0,49
260,3,1676.0,3157.0,17.0,6.0,1,209,0,255
260,4,965.0,2990.0,6.0,8.0,0,157,2,185
260,5,1185.0,2986.0,6.0,5.0,1,161,0,181
260,6,970.0,2984.0,10.0,8.0,1,152,0,177
260,7,1373.0,2980.0,6.0,5.0,1,149,0,177
260,8,1264.0,2982.0,6.0,6.0,1,151,0,174
260,9,1029.0,2983.0,16.0,12.0,1,151,0,172
260,10,999.0,2981.0,9.0,10.0,1,147,0,170
260,11,1157.0,2977.0,7.0,5.0,1,145,0,166
260,12,1077.0,2982.0,8.0,9.0,1,138,0,163
260,13,1171.0,2980.0,9.0,6.0,1,148,0,163
260,16,1348.0,2974.0,5.0,7.0,1,133,0,155
260,17,1296.0,2976.0,7.0,9.0,1,125,0,155
260,18,1272.0,2988.0,8.0,5.0,1,134,0,152
260,19,1142.0,2980.0,7.0,7.0,1,133,0,152
260,20,1020.0,2984.0,7.0,8.0,1,136,0,152
260,22,1271.0,2978.0,10.0,8.0,1,111,0,137
260,24,1264.0,2986.0,6.0,6.0,1,116,0,133
260,25,1313.0,2978.0,7.0,7.0,1,111,0,133
260,26,1103.0,2978.0,9.0,9.0,1,115,0,130
260,27,1247.0,2984.0,6.0,5.0,1,111,0,130
260,28,1235.0,2981.0,8.0,8.0,1,111,0,125
260,29,1221.0,2983.0,8.0,8.0,1,111,0,125
260,31,1329.0,2970.0,9.0,8.0,1,42,0,50
261,3,1674.0,3150.0,16.0,5.0,1,210,0,256
261,4,967.0,2987.0,13.0,7.0,1,158,0,186
261,5,1185.0,2986.0,6.0,5.0,0,161,1,182
261,6,989.0,2981.0,10.0,9.0,1,153,0,178
261,7,1365.0,2987.0,7.0,5.0,1,150,0,178
261,8,1264.0,2982.0,6.0,6.0,0,151,1,175
261,9,1048.0,2984.0,7.0,8.0,1,152,0,173
261,10,1013.0,2977.0,7.0,6.0,1,148,0,171
261,11,1157.0,2977.0,7.0,5.0,0,145,1,167
261,12,1074.0,2978.0,9.0,10.0,1,139,0,164
261,13,1169.0,2974.0,9.0,8.0,1,149,0,164
261,16,1341.0,2978.0,7.0,6.0,1,134,0,156
261,17,1290.0,2982.0,8.0,6.0,1,126,0,156
261,18,1268.0,2988.0,7.0,6.0,1,135,0,153
261,19,1135.0,2980.0,9.0,8.0,1,134,0,153
261,20,1019.0,2978.0,15.0,10.0,1,137,0,153
261,22,1267.0,2974.0,10.0,8.0,1,112,0,138
261,24,1258.0,2984.0,6.0,7.0,1,117,0,134
261,25,1307.0,2972.0,6.0,6.0,1,112,0,134
261,26,1101.0,2984.0,9.0,6.0,1,116,0,131
261,27,1247.0,2984.0,6.0,5.0,0,111,1,131
261,28,1232.0,2977.0,7.0,8.0,1,112,0,126
261,29,1211.0,2983.0,7.0,9.0,1,112,0,126
261,31,1318.0,2964.0,9.0,10.0,1,43,0,51
262,3,1674.0,3150.0,16.0,5.0,0,210,1,257
262,4,958.0,2988.0,11.0,9.0,1,159,0,187
262,5,1174.0,2974.0,6.0,7.0,1,162,0,183
262,6,931.0,2977.0,12.0,8.0,1,154,0,179
262,7,1354.0,2980.0,7.0,4.0,1,151,0,179
262,8,1244.0,2985.0,5.0,6.0,1,152,0,176
262,9,1042.0,2988.0,9.0,6.0,1,153,0,174
262,10,988.0,2978.0,8.0,7.0,1,149,0,172
262,11,1139.0,2972.0,6.0,7.0,1,146,0,168
262,12,1068.0,2978.0,10.0,11.0,1,140,0,165
262,13,1169.0,2974.0,9.0,8.0,0,149,1,165
262,16,1342.0,2974.0,8.0,6.0,1,135,0,157
262,17,1279.0,2976.0,7.0,7.0,1,127,0,157
262,18,1260.0,2984.0,8.0,9.0,1,136,0,154
262,19,1126.0,2978.0,8.0,7.0,1,135,0,154
262,20,1014.0,2987.0,7.0,5.0,1,138,0,154
262,22,1260.0,2972.0,10.0,8.0,1,113,0,139
262,24,1251.0,2984.0,6.0,6.0,1,118,0,135
262,25,1303.0,2979.0,6.0,7.0,1,113,0,135
262,26,1097.0,2978.0,7.0,6.0,1,117,0,132
262,27,1233.0,2980.0,7.0,6.0,1,112,0,132
262,28,1232.0,2977.0,7.0,8.0,0,112,1,127
262,29,1205.0,2984.0,10.0,8.0,1,113,0,127
262,31,1318.0,2964.0,9.0,10.0,0,43,1,52
263,3,1670.0,3157.0,17.0,5.0,1,211,0,258
263,4,954.0,2990.0,9.0,7.0,1,160,0,188
263,5,1175.0,2977.0,6.0,6.0,1,163,0,184
263,6,931.0,2983.0,9.0,7.0,1,155,0,180
263,7,1349.0,2970.0,7.0,6.0,1,152,0,180
263,8,1244.0,2985.0,5.0,6.0,0,152,1,177
263,9,1035.0,2981.0,8.0,9.0,1,154,0,175
263,10,987.0,2983.0,8.0,7.0,1,150,0,173
263,11,1140.0,2974.0,6.0,6.0,1,147,0,169
263,12,1068.0,2978.0,10.0,11.0,0,140,1,166
263,13,1153.0,2977.0,8.0,8.0,1,150,0,166
263,16,1336.0,2977.0,7.0,6.0,1,136,0,158
263,17,1279.0,2976.0,7.0,7.0,0,127,1,158
263,18,1257.0,2986.0,8.0,7.0,1,137,0,155
263,19,1121.0,2974.0,9.0,7.0,1,136,0,155
263,20,1014.0,2987.0,7.0,5.0,0,138,1,155
263,22,1249.0,2978.0,6.0,6.0,1,114,0,140
263,24,1243.0,2985.0,6.0,7.0,1,119,0,136
263,25,1292.0,2973.0,8.0,7.0,1,114,0,136
263,26,1086.0,2982.0,8.0,5.0,1,118,0,133
263,27,1226.0,2990.0,7.0,5.0,1,113,0,133
263,28,1215.0,2984.0,5.0,6.0,1,113,0,128
263,29,1205.0,2984.0,10.0,8.0,0,113,1,128
263,31,1314.0,2971.0,9.0,9.0,1,44,0,53
264,3,1674.0,3148.0,17.0,5.0,1,212,0,259
264,4,954.0,2990.0,9.0,7.0,0,160,1,189
264,5,1175.0,2977.0,6.0,6.0,0,163,1,185
264,6,931.0,2983.0,9.0,7.0,0,155,1,181
264,7,1349.0,2978.0,9.0,8.0,1,153,0,181
264,8,1244.0,2985.0,5.0,6.0,0,152,2,178
264,9,1025.0,2984.0,9.0,8.0,1,155,0,176
264,10,975.0,2982.0,8.0,7.0,1,151,0,174
264,11,1137.0,2980.0,7.0,5.0,1,148,0,170
264,12,1056.0,2979.0,9.0,8.0,1,141,0,167
264,13,1147.0,2977.0,9.0,8.0,1,151,0,167
264,16,1327.0,2978.0,7.0,5.0,1,137,0,159
264,17,1274.0,2969.0,7.0,8.0,1,128,0,159
264,18,1247.0,2985.0,5.0,4.0,1,138,0,156
264,19,1108.0,2971.0,9.0,8.0,1,137,0,156
264,20,1001.0,2986.0,16.0,11.0,1,139,0,156
264,22,1247.0,2975.0,8.0,7.0,1,115,0,141
264,24,1240.0,2983.0,7.0,7.0,1,120,0,137
264,25,1296.0,2978.0,5.0,6.0,1,115,0,137
264,26,1082.0,2981.0,7.0,8.0,1,119,0,134
264,27,1218.0,2988.0,5.0,6.0,1,114,0,134
264,28,1215.0,2984.0,5.0,6.0,0,113,1,129
264,29,1200.0,2985.0,7.0,7.0,1,114,0,129
264,31,1314.0,2971.0,9.0,9.0,0,44,1,54
265,3,1680.0,3147.0,18.0,6.0,1,213,0,260
265,4,943.0,2986.0,8.0,7.0,1,161,0,190
265,5,1160.0,2983.0,6.0,6.0,1,164,0,186
265,6,914.0,2983.0,9.0,7.0,1,156,0,182
265,7,1336.0,2978.0,5.0,6.0,1,154,0,182
265,8,1229.0,2987.0,5.0,9.0,1,153,0,179
265,9,998.0,2983.0,16.0,10.0,1,156,0,177
265,10,972.0,2979.0,7.0,10.0,1,152,0,175
265,11,1130.0,2979.0,6.0,5.0,1,149,0,171
265,12,1044.0,2983.0,9.0,9.0,1,142,0,168
265,13,1147.0,2977.0,9.0,8.0,0,151,1,168
265,16,1327.0,2978.0,7.0,5.0,0,137,1,160
265,17,1269.0,2972.0,7.0,7.0,1,129,0,160
265,18,1243.0,2980.0,8.0,8.0,1,139,0,157
265,19,1108.0,2971.0,9.0,8.0,0,137,1,157
265,20,989.0,2990.0,4.0,6.0,1,140,0,157
265,22,1241.0,2977.0,8.0,7.0,1,116,0,142
265,24,1234.0,2988.0,7.0,6.0,1,121,0,138
265,25,1288.0,2972.0,5.0,6.0,1,116,0,138
265,26,1070.0,2974.0,8.0,7.0,1,120,0,135
265,27,1212.0,2978.0,6.0,4.0,1,115,0,135
265,28,1215.0,2984.0,5.0,6.0,0,113,2,130
265,29,1200.0,2985.0,7.0,7.0,0,114,1,130
265,31,1302.0,2972.0,7.0,9.0,1,45,0,55
266,3,1682.0,3149.0,17.0,5.0,1,214,0,261
266,4,930.0,2987.0,11.0,10.0,1,162,0,191
266,5,1154.0,2977.0,6.0,5.0,1,165,0,187
266,6,914.0,2983.0,9.0,7.0,0,156,1,183
266,7,1331.0,2976.0,8.0,7.0,1,155,0,183
266,8,1217.0,2984.0,7.0,7.0,1,154,0,180
266,9,995.0,2980.0,12.0,9.0,1,157,0,178
266,10,962.0,2979.0,8.0,6.0,1,153,0,176
266,11,1122.0,2982.0,5.0,5.0,1,150,0,172
266,12,1011.0,2986.0,8.0,8.0,1,143,0,169
266,13,1140.0,2974.0,7.0,8.0,1,152,0,169
266,16,1315.0,2969.0,9.0,9.0,1,138,0,161
266,17,1258.0,2968.0,9.0,9.0,1,130,0,161
266,18,1240.0,2985.0,5.0,6.0,1,140,0,158
266,19,1073.0,2978.0,7.0,7.0,1,138,0,158
266,20,985.0,2985.0,6.0,7.0,1,141,0,158
266,22,1236.0,2969.0,9.0,7.0,1,117,0,143
266,24,1232.0,2982.0,6.0,6.0,1,122,0,139
266,25,1281.0,2976.0,7.0,6.0,1,117,0,139
266,26,1039.0,2985.0,9.0,6.0,1,121,0,136
266,27,1211.0,2979.0,8.0,8.0,1,116,0,136
266,28,1203.0,2978.0,6.0,7.0,1,114,0,131
266,29,1182.0,2974.0,10.0,7.0,1,115,0,131
266,31,1297.0,2974.0,7.0,6.0,1,46,0,56
267,3,1681.0,3146.0,16.0,5.0,1,215,0,262
267,4,930.0,2987.0,11.0,10.0,0,162,1,192
267,5,1139.0,2975.0,9.0,7.0,1,166,0,188
267,6,898.0,2987.0,7.0,6.0,1,157,0,184
267,7,1331.0,2976.0,8.0,7.0,0,155,1,184
267,8,1212.0,2982.0,6.0,7.0,1,155,0,181
267,9,995.0,2980.0,12.0,9.0,0,157,1,179
267,10,954.0,2982.0,8.0,8.0,1,154,0,177
267,11,1096.0,2974.0,6.0,7.0,1,151,0,173
267,12,1012.0,2984.0,7.0,5.0,1,144,0,170
267,13,1121.0,2980.0,5.0,6.0,1,153,0,170
267,16,1315.0,2969.0,9.0,9.0,0,138,1,162
267,17,1258.0,2980.0,8.0,5.0,1,131,0,162
267,18,1229.0,2980.0,7.0,6.0,1,141,0,159
267,19,1058.0,2982.0,6.0,6.0,1,139,0,159
267,20,985.0,2985.0,6.0,7.0,0,141,1,159
267,22,1233.0,2975.0,7.0,6.0,1,118,0,144
267,24,1223.0,2981.0,7.0,6.0,1,123,0,140
267,25,1284.0,2980.0,8.0,7.0,1,118,0,140
267,26,1035.0,2985.0,10.0,9.0,1,122,0,137
267,27,1211.0,2982.0,7.0,6.0,1,117,0,137
267,28,1199.0,2983.0,6.0,7.0,1,115,0,132
267,29,1145.0,2973.0,7.0,7.0,1,116,0,132
267,31,1297.0,2974.0,7.0,6.0,0,46,1,57
268,3,1678.0,3147.0,20.0,5.0,1,216,0,263
268,4,930.0,2987.0,11.0,10.0,0,162,2,193
268,5,1126.0,2975.0,9.0,9.0,1,167,0,189
268,6,892.0,2984.0,13.0,10.0,1,158,0,185
268,7,1331.0,2976.0,8.0,7.0,0,155,2,185
268,8,1214.0,2982.0,8.0,7.0,1,156,0,182
268,9,976.0,2979.0,14.0,9.0,1,158,0,180
268,10,958.0,2978.0,9.0,6.0,1,155,0,178
268,11,1092.0,2976.0,7.0,5.0,1,152,0,174
268,12,1012.0,2984.0,7.0,5.0,0,144,1,171
268,13,1112.0,2979.0,6.0,5.0,1,154,0,171
268,16,1295.0,2972.0,9.0,8.0,1,139,0,163
268,17,1252.0,2970.0,7.0,5.0,1,132,0,163
268,18,1227.0,2980.0,7.0,8.0,1,142,0,160
268,19,1056.0,2980.0,8.0,6.0,1,140,0,160
268,20,973.0,2987.0,6.0,6.0,1,142,0,160
268,22,1228.0,2979.0,10.0,6.0,1,119,0,145
268,24,1219.0,2980.0,6.0,6.0,1,124,0,141
268,25,1268.0,2978.0,7.0,6.0,1,119,0,141
268,26,1029.0,2986.0,10.0,7.0,1,123,0,138
268,27,1189.0,2973.0,7.0,7.0,1,118,0,138
268,28,1169.0,2978.0,8.0,7.0,1,116,0,133
268,29,1142.0,2977.0,5.0,4.0,1,117,0,133
268,31,1286.0,2972.0,9.0,8.0,1,47,0,58
269,3,1686.0,3139.0,18.0,5.0,1,217,0,264
269,4,908.0,2991.0,12.0,7.0,1,163,0,194
269,5,1126.0,2975.0,9.0,9.0,0,167,1,190
269,6,894.0,2982.0,7.0,7.0,1,159,0,186
269,7,1331.0,2976.0,8.0,7.0,0,155,3,186
269,8,1204.0,2982.0,8.0,7.0,1,157,0,183
269,9,977.0,2981.0,13.0,9.0,1,159,0,181
269,10,945.0,2979.0,10.0,10.0,1,156,0,179
269,11,1092.0,2976.0,7.0,5.0,0,152,1,175
269,12,999.0,2988.0,7.0,7.0,1,145,0,172
269,13,1102.0,2977.0,6.0,4.0,1,155,0,172
269,16,1291.0,2974.0,10.0,7.0,1,140,0,164
269,17,1252.0,2970.0,7.0,5.0,0,132,1,164
269,18,1211.0,2983.0,7.0,8.0,1,143,0,161
269,19,1056.0,2980.0,8.0,6.0,0,140,1,161
269,20,958.0,2986.0,7.0,6.0,1,143,0,161
269,22,1220.0,2982.0,7.0,7.0,1,120,0,146
269,24,1193.0,2976.0,6.0,7.0,1,125,0,142
269,25,1263.0,2976.0,8.0,6.0,1,120,0,142
269,26,1022.0,2987.0,11.0,8.0,1,124,0,139
269,27,1181.0,2979.0,6.0,6.0,1,119,0,139
269,28,1163.0,2979.0,8.0,6.0,1,117,0,134
269,29,1135.0,2981.0,6.0,7.0,1,118,0,134
269,31,1286.0,2972.0,9.0,8.0,0,47,1,59
270,3,1682.0,3142.0,18.0,6.0,1,218,0,265
270,4,904.0,2995.0,10.0,9.0,1,164,0,195
270,5,1126.0,2975.0,9.0,9.0,0,167,2,191
270,6,884.0,2983.0,8.0,10.0,1,160,0,187
270,7,1309.0,2975.0,9.0,6.0,1,156,0,187
270,8,1203.0,2982.0,7.0,8.0,1,158,0,184
270,9,962.0,2979.0,15.0,9.0,1,160,0,182
270,10,945.0,2979.0,10.0,10.0,0,156,1,180
270,11,1074.0,2982.0,9.0,8.0,1,153,0,176
270,12,988.0,2986.0,8.0,8.0,1,146,0,173
270,13,1103.0,2979.0,5.0,3.0,1,156,0,173
270,16,1287.0,2964.0,10.0,8.0,1,141,0,165
270,17,1238.0,2974.0,8.0,6.0,1,133,0,165
270,18,1211.0,2983.0,7.0,8.0,0,143,1,162
270,19,1056.0,2980.0,8.0,6.0,0,140,2,162
270,20,955.0,2985.0,5.0,9.0,1,144,0,162
270,22,1218.0,2984.0,6.0,4.0,1,121,0,147
270,24,1183.0,2976.0,6.0,6.0,1,126,0,143
270,25,1263.0,2976.0,8.0,6.0,0,120,1,143
270,26,1022.0,2987.0,11.0,8.0,0,124,1,140
270,27,1174.0,2983.0,8.0,6.0,1,120,0,140
270,28,1159.0,2981.0,9.0,8.0,1,118,0,135
270,29,1118.0,2981.0,8.0,6.0,1,119,0,135
270,31,1277.0,2971.0,6.0,6.0,1,48,0,60
271,3,1691.0,3135.0,18.0,6.0,1,219,0,266
271,4,904.0,2995.0,10.0,9.0,0,164,1,196
271,5,1104.0,2979.0,8.0,6.0,1,168,0,192
271,6,880.0,2986.0,7.0,8.0,1,161,0,188
271,7,1299.0,2973.0,9.0,8.0,1,157,0,188
271,8,1206.0,2970.0,9.0,7.0,1,159,0,185
271,9,962.0,2979.0,15.0,9.0,0,160,1,183
271,10,929.0,2981.0,7.0,8.0,1,157,0,181
271,11,1067.0,2979.0,10.0,7.0,1,154,0,177
271,12,983.0,2986.0,8.0,5.0,1,147,0,174
271,13,1087.0,2982.0,8.0,5.0,1,157,0,174
271,16,1290.0,2973.0,8.0,7.0,1,142,0,166
271,17,1236.0,2972.0,5.0,5.0,1,134,0,166
271,18,1207.0,2979.0,6.0,8.0,1,144,0,163
271,19,1036.0,2980.0,9.0,5.0,1,141,0,163
271,20,950.0,2985.0,11.0,5.0,1,145,0,163
271,22,1214.0,2988.0,8.0,5.0,1,122,0,148
271,24,1194.0,2977.0,7.0,7.0,1,127,0,144
271,25,1246.0,2969.0,6.0,7.0,1,121,0,144
271,26,1015.0,2980.0,11.0,9.0,1,125,0,141
271,27,1174.0,2983.0,8.0,6.0,0,120,1,141
271,28,1156.0,2974.0,7.0,8.0,1,119,0,136
271,29,1119.0,2974.0,7.0,6.0,1,120,0,136
271,31,1277.0,2971.0,6.0,6.0,0,48,1,61
272,3,1688.0,3137.0,18.0,7.0,1,220,0,267
272,4,890.0,2983.0,7.0,8.0,1,165,0,197
272,5,1101.0,2976.0,10.0,8.0,1,169,0,193
272,6,880.0,2986.0,7.0,8.0,0,161,1,189
272,7,1299.0,2973.0,9.0,8.0,0,157,1,189
272,8,1195.0,2975.0,13.0,9.0,1,160,0,186
272,9,948.0,2980.0,15.0,9.0,1,161,0,184
272,10,931.0,2978.0,8.0,8.0,1,158,0,182
272,11,1063.0,2972.0,8.0,7.0,1,155,0,178
272,12,981.0,2985.0,7.0,7.0,1,148,0,175
272,13,1082.0,2980.0,5.0,6.0,1,158,0,175
272,16,1278.0,2969.0,8.0,7.0,1,143,0,167
272,17,1224.0,2977.0,9.0,7.0,1,135,0,167
272,18,1186.0,2979.0,6.0,6.0,1,145,0,164
272,19,1028.0,2987.0,9.0,5.0,1,142,0,164
272,20,949.0,2988.0,9.0,9.0,1,146,0,164
272,22,1207.0,2980.0,6.0,8.0,1,123,0,149
272,24,1178.0,2973.0,6.0,5.0,1,128,0,145
272,25,1241.0,2970.0,5.0,5.0,1,122,0,145
272,26,1002.0,2989.0,10.0,8.0,1,126,0,142
272,27,1167.0,2977.0,7.0,7.0,1,121,0,142
272,28,1156.0,2974.0,7.0,8.0,0,119,1,137
272,29,1120.0,2976.0,5.0,5.0,1,121,0,137
272,31,1277.0,2971.0,6.0,6.0,0,48,2,62
273,3,1686.0,3130.0,19.0,7.0,1,221,0,268
273,4,890.0,2983.0,7.0,8.0,0,165,1,198
273,5,1094.0,2976.0,10.0,8.0,1,170,0,194
273,6,862.0,2980.0,7.0,7.0,1,162,0,190
273,7,1294.0,2966.0,7.0,8.0,1,158,0,190
273,8,1195.0,2975.0,13.0,9.0,0,160,1,187
273,9,943.0,2980.0,14.0,9.0,1,162,0,185
273,10,920.0,2980.0,7.0,10.0,1,159,0,183
273,11,1063.0,2972.0,8.0,7.0,0,155,1,179
273,12,966.0,2991.0,8.0,7.0,1,149,0,176
273,13,1082.0,2980.0,5.0,6.0,0,158,1,176
273,16,1268.0,2972.0,9.0,9.0,1,144,0,168
273,17,1219.0,2972.0,5.0,7.0,1,136,0,168
273,18,1188.0,2978.0,6.0,8.0,1,146,0,165
273,19,1021.0,2986.0,9.0,7.0,1,143,0,165
273,20,933.0,2989.0,9.0,6.0,1,147,0,165
273,22,1207.0,2980.0,6.0,8.0,0,123,1,150
273,24,1160.0,2972.0,6.0,6.0,1,129,0,146
273,25,1239.0,2971.0,8.0,6.0,1,123,0,146
273,26,992.0,2988.0,9.0,6.0,1,127,0,143
273,27,1156.0,2979.0,6.0,6.0,1,122,0,143
273,28,1139.0,2970.0,7.0,8.0,1,120,0,138
273,29,1108.0,2979.0,8.0,7.0,1,122,0,138
273,31,1252.0,2970.0,7.0,11.0,1,49,0,63
274,3,1686.0,3130.0,19.0,10.0,1,222,0,269
274,4,878.0,2985.0,9.0,6.0,1,166,0,199
274,5,1090.0,2987.0,9.0,8.0,1,171,0,195
274,6,855.0,2983.0,8.0,7.0,1,163,0,191
274,7,1282.0,2970.0,11.0,5.0,1,159,0,191
274,8,1195.0,2975.0,13.0,9.0,0,160,2,188
274,9,944.0,2982.0,14.0,9.0,1,163,0,186
274,10,916.0,2977.0,6.0,9.0,1,160,0,184
274,11,1048.0,2983.0,7.0,7.0,1,156,0,180
274,12,967.0,2986.0,7.0,7.0,1,150,0,177
274,13,1075.0,2977.0,6.0,6.0,1,159,0,177
274,16,1265.0,2969.0,9.0,7.0,1,145,0,169
274,17,1216.0,2969.0,8.0,8.0,1,137,0,169
274,18,1188.0,2978.0,6.0,8.0,0,146,1,166
274,19,1020.0,2984.0,7.0,10.0,1,144,0,166
274,20,928.0,2989.0,7.0,9.0,1,148,0,166
274,22,1207.0,2980.0,6.0,8.0,0,123,2,151
274,24,1158.0,2973.0,6.0,6.0,1,130,0,147
274,25,1228.0,2976.0,8.0,5.0,1,124,0,147
274,26,989.0,2982.0,10.0,11.0,1,128,0,144
274,27,1145.0,2976.0,7.0,6.0,1,123,0,144
274,28,1139.0,2973.0,8.0,8.0,1,121,0,139
274,29,1108.0,2979.0,8.0,7.0,0,122,1,139
274,31,1255.0,2970.0,9.0,9.0,1,50,0,64
275,3,1686.0,3130.0,19.0,10.0,0,222,1,270
275,4,878.0,2985.0,9.0,6.0,0,166,1,200
275,5,1082.0,2976.0,8.0,8.0,1,172,0,196
275,6,850.0,2983.0,7.0,6.0,1,164,0,192
275,7,1275.0,2970.0,8.0,10.0,1,160,0,192
275,8,1184.0,2978.0,7.0,7.0,1,161,0,189
275,9,944.0,2982.0,14.0,9.0,0,163,1,187
275,10,916.0,2977.0,6.0,9.0,0,160,1,185
275,11,1045.0,2984.0,10.0,7.0,1,157,0,181
275,12,955.0,2983.0,7.0,7.0,1,151,0,178
275,13,1069.0,2985.0,5.0,5.0,1,160,0,178
275,16,1261.0,2969.0,5.0,7.0,1,146,0,170
275,17,1204.0,2974.0,6.0,8.0,1,138,0,170
275,18,1164.0,2980.0,6.0,7.0,1,147,0,167
275,19,1002.0,2985.0,9.0,6.0,1,145,0,167
275,20,917.0,2984.0,8.0,7.0,1,149,0,167
275,22,1191.0,2976.0,9.0,6.0,1,124,0,152
275,24,1150.0,2971.0,8.0,8.0,1,131,0,148
275,25,1228.0,2964.0,7.0,7.0,1,125,0,148
275,26,984.0,2986.0,11.0,6.0,1,129,0,145
275,27,1159.0,2966.0,7.0,7.0,1,124,0,145
275,28,1131.0,2976.0,8.0,7.0,1,122,0,140
275,29,1102.0,2980.0,8.0,6.0,1,123,0,140
275,31,1242.0,2970.0,10.0,9.0,1,51,0,65
276,3,1692.0,3122.0,19.0,9.0,1,223,0,271
276,4,878.0,2985.0,9.0,6.0,0,166,2,201
276,5,1082.0,2976.0,8.0,8.0,0,172,1,197
276,6,842.0,2986.0,9.0,9.0,1,165,0,193
276,7,1272.0,2970.0,8.0,7.0,1,161,0,193
276,8,1165.0,2977.0,6.0,6.0,1,162,0,190
276,9,927.0,2986.0,14.0,9.0,1,164,0,188
276,10,902.0,2985.0,6.0,7.0,1,161,0,186
276,11,1038.0,2981.0,7.0,8.0,1,158,0,182
276,12,951.0,2984.0,8.0,10.0,1,152,0,179
276,13,1063.0,2979.0,6.0,5.0,1,161,0,179
276,16,1256.0,2963.0,9.0,6.0,1,147,0,171
276,17,1176.0,2969.0,9.0,8.0,1,139,0,171
276,18,1158.0,2980.0,6.0,5.0,1,148,0,168
276,19,1003.0,2982.0,10.0,10.0,1,146,0,168
276,20,915.0,2985.0,7.0,7.0,1,150,0,168
276,22,1178.0,2982.0,7.0,5.0,1,125,0,153
276,24,1136.0,2978.0,7.0,7.0,1,132,0,149
276,25,1199.0,2967.0,8.0,11.0,1,126,0,149
276,26,981.0,2984.0,12.0,7.0,1,130,0,146
276,27,1151.0,2971.0,6.0,6.0,1,125,0,146
276,28,1124.0,2976.0,6.0,8.0,1,123,0,141
276,29,1102.0,2980.0,8.0,6.0,0,123,1,141
276,31,1241.0,2966.0,8.0,8.0,1,52,0,66
277,3,1691.0,3120.0,21.0,10.0,1,224,0,272
277,4,862.0,2990.0,7.0,6.0,1,167,0,202
277,5,1071.0,2976.0,9.0,7.0,1,173,0,198
277,6,839.0,2982.0,9.0,8.0,1,166,0,194
277,7,1266.0,2963.0,11.0,9.0,1,162,0,194
277,8,1173.0,2975.0,11.0,6.0,1,163,0,191
277,9,919.0,2982.0,17.0,11.0,1,165,0,189
277,10,900.0,2977.0,8.0,12.0,1,162,0,187
277,11,1033.0,2982.0,9.0,7.0,1,159,0,183
277,12,942.0,2983.0,11.0,7.0,1,153,0,180
277,13,1056.0,2980.0,5.0,4.0,1,162,0,180
277,16,1252.0,2973.0,9.0,7.0,1,148,0,172
277,17,1200.0,2970.0,9.0,5.0,1,140,0,172
277,18,1155.0,2979.0,7.0,6.0,1,149,0,169
277,19,995.0,2984.0,13.0,6.0,1,147,0,169
277,20,907.0,2993.0,8.0,7.0,1,151,0,169
277,22,1173.0,2979.0,7.0,7.0,1,126,0,154
277,24,1127.0,2972.0,9.0,7.0,1,133,0,150
277,25,1213.0,2974.0,7.0,8.0,1,127,0,150
277,26,967.0,2989.0,10.0,5.0,1,131,0,147
277,27,1164.0,2982.0,6.0,8.0,1,126,0,147
277,28,1112.0,2975.0,9.0,7.0,1,124,0,142
277,29,1084.0,2976.0,9.0,8.0,1,124,0,142
277,31,1226.0,2968.0,10.0,7.0,1,53,0,67
278,3,1691.0,3119.0,19.0,7.0,1,225,0,273
278,4,853.0,2988.0,7.0,4.0,1,168,0,203
278,5,1065.0,2975.0,9.0,8.0,1,174,0,199
278,6,839.0,2982.0,9.0,8.0,0,166,1,195
278,7,1266.0,2963.0,11.0,9.0,0,162,1,195
278,8,1162.0,2976.0,9.0,7.0,1,164,0,192
278,9,904.0,2979.0,7.0,11.0,1,166,0,190
278,10,900.0,2977.0,8.0,12.0,0,162,1,188
278,11,1033.0,2982.0,9.0,7.0,0,159,1,184
278,12,933.0,2986.0,10.0,7.0,1,154,0,181
278,13,1049.0,2980.0,6.0,5.0,1,163,0,181
278,16,1242.0,2976.0,8.0,6.0,1,149,0,173
278,17,1200.0,2970.0,9.0,5.0,0,140,1,173
278,18,1130.0,2977.0,6.0,6.0,1,150,0,170
278,19,991.0,2979.0,7.0,6.0,1,148,0,170
278,20,907.0,2993.0,8.0,7.0,0,151,1,170
278,22,1162.0,2983.0,8.0,5.0,1,127,0,155
278,24,1130.0,2975.0,8.0,7.0,1,134,0,151
278,25,1205.0,2972.0,9.0,7.0,1,128,0,151
278,26,965.0,2987.0,8.0,6.0,1,132,0,148
278,27,1149.0,2977.0,7.0,6.0,1,127,0,148
278,28,1112.0,2975.0,9.0,7.0,0,124,1,143
278,29,1076.0,2977.0,7.0,8.0,1,125,0,143
278,31,1224.0,2969.0,11.0,7.0,1,54,0,68
279,3,1695.0,3120.0,18.0,9.0,1,226,0,274
279,4,843.0,2986.0,10.0,8.0,1,169,0,204
279,5,1065.0,2975.0,9.0,8.0,0,174,1,200
279,6,823.0,2985.0,6.0,6.0,1,167,0,196
279,7,1253.0,2970.0,9.0,7.0,1,163,0,196
279,8,1164.0,2971.0,7.0,6.0,1,165,0,193
279,9,902.0,2982.0,15.0,10.0,1,167,0,191
279,10,880.0,2985.0,11.0,11.0,1,163,0,189
279,11,1012.0,2984.0,8.0,7.0,1,160,0,185
279,12,933.0,2980.0,10.0,8.0,1,155,0,182
279,13,1046.0,2983.0,5.0,5.0,1,164,0,182
279,16,1236.0,2969.0,9.0,7.0,1,150,0,174
279,17,1200.0,2970.0,9.0,5.0,0,140,2,174
279,18,1144.0,2980.0,7.0,6.0,1,151,0,171
279,19,991.0,2979.0,7.0,6.0,0,148,1,171
279,20,907.0,2993.0,8.0,7.0,0,151,2,171
279,22,1160.0,2983.0,7.0,6.0,1,128,0,156
279,24,1130.0,2975.0,8.0,7.0,0,134,1,152
279,25,1205.0,2964.0,9.0,10.0,1,129,0,152
279,26,965.0,2987.0,8.0,6.0,0,132,1,149
279,27,1148.0,2973.0,9.0,7.0,1,128,0,149
279,28,1104.0,2978.0,9.0,7.0,1,125,0,144
279,29,1078.0,2976.0,8.0,8.0,1,126,0,144
279,31,1214.0,2968.0,11.0,8.0,1,55,0,69
280,3,1694.0,3116.0,19.0,6.0,1,227,0,275
280,4,843.0,2986.0,10.0,8.0,0,169,1,205
280,5,1046.0,2975.0,10.0,6.0,1,175,0,201
280,6,823.0,2985.0,6.0,6.0,0,167,1,197
280,7,1253.0,2970.0,9.0,7.0,0,163,1,197
280,8,1155.0,2962.0,8.0,9.0,1,166,0,194
280,9,900.0,2977.0,14.0,8.0,1,168,0,192
280,10,882.0,2978.0,10.0,7.0,1,164,0,190
280,11,1009.0,2977.0,11.0,9.0,1,161,0,186
280,12,933.0,2980.0,10.0,8.0,0,155,1,183
280,13,1046.0,2983.0,5.0,5.0,0,164,1,183
280,16,1233.0,2973.0,9.0,6.0,1,151,0,175
280,17,1182.0,2969.0,7.0,7.0,1,141,0,175
280,18,1125.0,2972.0,8.0,6.0,1,152,0,172
280,19,984.0,2985.0,9.0,7.0,1,149,0,172
280,20,888.0,2989.0,7.0,7.0,1,152,0,172
280,22,1153.0,2981.0,8.0,7.0,1,129,0,157
280,24,1130.0,2975.0,8.0,7.0,0,134,2,153
280,25,1199.0,2972.0,7.0,9.0,1,130,0,153
280,26,965.0,2987.0,8.0,6.0,0,132,2,150
280,27,1146.0,2978.0,8.0,7.0,1,129,0,150
280,28,1098.0,2975.0,10.0,7.0,1,126,0,145
280,29,1066.0,2974.0,8.0,6.0,1,127,0,145
280,31,1212.0,2968.0,8.0,9.0,1,56,0,70
281,3,1696.0,3118.0,18.0,6.0,1,228,0,276
281,4,833.0,2978.0,12.0,7.0,1,170,0,206
281,5,1046.0,2975.0,10.0,6.0,0,175,1,202
281,6,814.0,2977.0,9.0,9.0,1,168,0,198
281,7,1248.0,2971.0,6.0,8.0,1,164,0,198
281,8,1147.0,2971.0,8.0,8.0,1,167,0,195
281,9,900.0,2977.0,14.0,8.0,0,168,1,193
281,10,871.0,2982.0,11.0,8.0,1,165,0,191
281,11,1010.0,2976.0,11.0,6.0,1,162,0,187
281,12,913.0,2987.0,10.0,7.0,1,156,0,184
281,13,1028.0,2981.0,7.0,3.0,1,165,0,184
281,16,1227.0,2976.0,8.0,6.0,1,152,0,176
281,17,1149.0,2977.0,6.0,6.0,1,142,0,176
281,18,1120.0,2966.0,7.0,8.0,1,153,0,173
281,19,968.0,2985.0,8.0,6.0,1,150,0,173
281,20,881.0,2986.0,10.0,6.0,1,153,0,173
281,22,1137.0,2980.0,8.0,7.0,1,130,0,158
281,24,1109.0,2980.0,6.0,6.0,1,135,0,154
281,25,1192.0,2973.0,8.0,6.0,1,131,0,154
281,26,945.0,2988.0,8.0,4.0,1,133,0,151
281,27,1128.0,2976.0,5.0,6.0,1,130,0,151
281,28,1085.0,2971.0,13.0,8.0,1,127,0,146
281,29,1059.0,2981.0,8.0,8.0,1,128,0,146
281,31,1208.0,2966.0,9.0,8.0,1,57,0,71
282,3,1696.0,3118.0,18.0,6.0,0,228,1,277
282,4,832.0,2984.0,11.0,8.0,1,171,0,207
282,5,1043.0,2974.0,10.0,9.0,1,176,0,203
282,6,806.0,2985.0,8.0,8.0,1,169,0,199
282,7,1236.0,2964.0,7.0,9.0,1,165,0,199
282,8,1141.0,2968.0,10.0,7.0,1,168,0,196
282,9,900.0,2977.0,14.0,8.0,0,168,2,194
282,10,871.0,2982.0,11.0,8.0,0,165,1,192
282,11,995.0,2984.0,12.0,7.0,1,163,0,188
282,12,908.0,2986.0,8.0,6.0,1,157,0,185
282,13,1026.0,2978.0,8.0,5.0,1,166,0,185
282,16,1227.0,2976.0,8.0,6.0,0,152,1,177
282,17,1149.0,2977.0,6.0,6.0,0,142,1,177
282,18,1120.0,2966.0,7.0,8.0,0,153,1,174
282,19,968.0,2985.0,8.0,6.0,0,150,1,174
282,20,879.0,2983.0,18.0,10.0,1,154,0,174
282,22,1130.0,2986.0,6.0,6.0,1,131,0,159
282,24,1101.0,2974.0,6.0,7.0,1,136,0,155
282,25,1180.0,2967.0,8.0,8.0,1,132,0,155
282,26,938.0,2988.0,7.0,5.0,1,134,0,152
282,27,1131.0,2977.0,8.0,7.0,1,131,0,152
282,28,1081.0,2974.0,12.0,8.0,1,128,0,147
282,29,1056.0,2976.0,7.0,8.0,1,129,0,147
282,31,1206.0,2970.0,7.0,7.0,1,58,0,72
283,3,1696.0,3118.0,18.0,6.0,0,228,2,278
283,4,825.0,2973.0,12.0,8.0,1,172,0,208
283,5,1043.0,2974.0,10.0,9.0,0,176,1,204
283,6,798.0,2982.0,9.0,8.0,1,170,0,200
283,7,1235.0,2968.0,8.0,7.0,1,166,0,200
283,8,1137.0,2974.0,9.0,6.0,1,169,0,197
283,9,879.0,2980.0,14.0,8.0,1,169,0,195
283,10,859.0,2988.0,9.0,7.0,1,166,0,193
283,11,997.0,2982.0,12.0,5.0,1,164,0,189
283,12,901.0,2989.0,8.0,7.0,1,158,0,186
283,13,1020.0,2981.0,5.0,5.0,1,167,0,186
283,16,1216.0,2970.0,8.0,6.0,1,153,0,178
283,17,1162.0,2973.0,9.0,10.0,1,143,0,178
283,18,1120.0,2966.0,7.0,8.0,0,153,2,175
283,19,968.0,2985.0,8.0,6.0,0,150,2,175
283,20,874.0,2982.0,8.0,7.0,1,155,0,175
283,22,1130.0,2986.0,6.0,6.0,0,131,1,160
283,24,1101.0,2974.0,6.0,7.0,0,136,1,156
283,25,1177.0,2971.0,7.0,7.0,1,133,0,156
283,26,938.0,2988.0,7.0,5.0,0,134,1,153
283,27,1124.0,2976.0,6.0,6.0,1,132,0,153
283,28,1081.0,2974.0,12.0,8.0,0,128,1,148
283,29,1048.0,2974.0,5.0,10.0,1,130,0,148
283,31,1195.0,2968.0,7.0,9.0,1,59,0,73
284,3,1701.0,3116.0,20.0,8.0,1,229,0,279
284,4,825.0,2973.0,12.0,8.0,0,172,1,209
284,5,1033.0,2983.0,10.0,9.0,1,177,0,205
284,6,795.0,2981.0,9.0,8.0,1,171,0,201
284,7,1229.0,2968.0,8.0,9.0,1,167,0,201
284,8,1125.0,2969.0,8.0,7.0,1,170,0,198
284,9,878.0,2987.0,8.0,8.0,1,170,0,196
284,10,857.0,2982.0,8.0,9.0,1,167,0,194
284,11,979.0,2985.0,10.0,8.0,1,165,0,190
284,12,895.0,2982.0,9.0,8.0,1,159,0,187
284,13,1009.0,2981.0,8.0,5.0,1,168,0,187
284,16,1208.0,2971.0,9.0,6.0,1,154,0,179
284,17,1155.0,2969.0,9.0,6.0,1,144,0,179
284,18,1103.0,2976.0,8.0,6.0,1,154,0,176
284,19,952.0,2983.0,9.0,6.0,1,151,0,176
284,20,866.0,2984.0,14.0,6.0,1,156,0,176
284,22,1136.0,2980.0,6.0,6.0,1,132,0,161
284,24,1092.0,2973.0,7.0,7.0,1,137,0,157
284,25,1175.0,2971.0,8.0,8.0,1,134,0,157
284,26,929.0,2984.0,9.0,8.0,1,135,0,154
284,27,1119.0,2973.0,7.0,7.0,1,133,0,154
284,28,1075.0,2971.0,9.0,6.0,1,129,0,149
284,29,1047.0,2972.0,8.0,8.0,1,131,0,149
284,31,1195.0,2968.0,7.0,9.0,0,59,1,74
285,3,1698.0,3108.0,20.0,9.0,1,230,0,280
285,4,825.0,2973.0,12.0,8.0,0,172,2,210
285,5,1023.0,2977.0,9.0,8.0,1,178,0,206
285,6,788.0,2980.0,9.0,9.0,1,172,0,202
285,7,1223.0,2963.0,8.0,7.0,1,168,0,202
285,8,1125.0,2973.0,8.0,7.0,1,171,0,199
285,9,878.0,2987.0,8.0,8.0,0,170,1,197
285,10,844.0,2980.0,10.0,8.0,1,168,0,195
285,11,979.0,2985.0,10.0,8.0,0,165,1,191
285,12,895.0,2982.0,9.0,8.0,0,159,1,188
285,13,1009.0,2981.0,8.0,5.0,0,168,1,188
285,16,1205.0,2968.0,10.0,6.0,1,155,0,180
285,17,1151.0,2974.0,8.0,6.0,1,145,0,180
285,18,1092.0,2971.0,6.0,9.0,1,155,0,177
285,19,946.0,2985.0,8.0,6.0,1,152,0,177
285,20,862.0,2981.0,13.0,9.0,1,157,0,177
285,22,1128.0,2978.0,8.0,7.0,1,133,0,162
285,24,1083.0,2971.0,7.0,8.0,1,138,0,158
285,25,1169.0,2970.0,10.0,9.0,1,135,0,158
285,26,914.0,2984.0,9.0,5.0,1,136,0,155
285,27,1118.0,2978.0,7.0,7.0,1,134,0,155
285,28,1061.0,2975.0,11.0,8.0,1,130,0,150
285,29,1036.0,2977.0,7.0,7.0,1,132,0,150
285,31,1182.0,2968.0,7.0,8.0,1,60,0,75
286,3,1704.0,3112.0,19.0,9.0,1,231,0,281
286,4,825.0,2973.0,12.0,8.0,0,172,3,211
286,5,1019.0,2977.0,9.0,7.0,1,179,0,207
286,6,776.0,2985.0,9.0,8.0,1,173,0,203
286,7,1217.0,2962.0,8.0,6.0,1,169,0,203
286,8,1114.0,2969.0,8.0,7.0,1,172,0,200
286,9,867.0,2987.0,7.0,9.0,1,171,0,198
286,10,844.0,2983.0,7.0,9.0,1,169,0,196
286,11,970.0,2980.0,11.0,8.0,1,166,0,192
286,12,895.0,2982.0,9.0,8.0,0,159,2,189
286,13,997.0,2979.0,6.0,5.0,1,169,0,189
286,16,1200.0,2970.0,8.0,7.0,1,156,0,181
286,17,1151.0,2974.0,8.0,6.0,0,145,1,181
286,18,1093.0,2972.0,7.0,6.0,1,156,0,178
286,19,946.0,2985.0,8.0,6.0,0,152,1,178
286,20,862.0,2981.0,13.0,9.0,0,157,1,178
286,22,1121.0,2971.0,8.0,7.0,1,134,0,163
286,24,1077.0,2975.0,5.0,6.0,1,139,0,159
286,25,1169.0,2970.0,10.0,9.0,0,135,1,159
286,26,913.0,2984.0,10.0,7.0,1,137,0,156
286,27,1100.0,2976.0,8.0,8.0,1,135,0,156
286,28,1059.0,2976.0,9.0,7.0,1,131,0,151
286,29,1036.0,2977.0,7.0,7.0,0,132,1,151
286,31,1175.0,2961.0,6.0,8.0,1,61,0,76
287,3,1700.0,3102.0,19.0,9.0,1,232,0,282
287,4,795.0,2983.0,9.0,9.0,1,173,0,212
287,5,1016.0,2978.0,8.0,6.0,1,180,0,208
287,6,771.0,2981.0,10.0,10.0,1,174,0,204
287,7,1208.0,2965.0,9.0,7.0,1,170,0,204
287,8,1108.0,2968.0,7.0,6.0,1,173,0,201
287,9,859.0,2988.0,8.0,12.0,1,172,0,199
287,10,831.0,2984.0,8.0,8.0,1,170,0,197
287,11,970.0,2984.0,8.0,5.0,1,167,0,193
287,12,876.0,2982.0,7.0,7.0,1,160,0,190
287,13,994.0,2986.0,5.0,2.0,1,170,0,190
287,16,1195.0,2961.0,10.0,8.0,1,157,0,182
287,17,1134.0,2969.0,10.0,6.0,1,146,0,182
287,18,1097.0,2972.0,7.0,8.0,1,157,0,179
287,19,939.0,2984.0,10.0,5.0,1,153,0,179
287,20,862.0,2981.0,13.0,9.0,0,157,2,179
287,22,1115.0,2980.0,6.0,7.0,1,135,0,164
287,24,1086.0,2981.0,6.0,6.0,1,140,0,160
287,25,1156.0,2970.0,10.0,6.0,1,136,0,160
287,26,907.0,2984.0,8.0,5.0,1,138,0,157
287,27,1106.0,2973.0,8.0,8.0,1,136,0,157
287,28,1074.0,2980.0,6.0,6.0,1,132,0,152
287,29,1036.0,2977.0,7.0,7.0,0,132,2,152
287,31,1179.0,2968.0,7.0,7.0,1,62,0,77
288,3,1710.0,3102.0,20.0,9.0,1,233,0,283
288,4,826.0,2978.0,7.0,7.0,1,174,0,213
288,5,1019.0,2977.0,7.0,9.0,1,181,0,209
288,6,771.0,2981.0,10.0,10.0,0,174,1,205
288,7,1206.0,2969.0,8.0,10.0,1,171,0,205
288,8,1110.0,2966.0,9.0,9.0,1,174,0,202
288,9,897.0,2984.0,9.0,8.0,1,173,0,200
288,10,836.0,2984.0,16.0,9.0,1,171,0,198
288,11,983.0,2981.0,8.0,6.0,1,168,0,194
288,12,875.0,2983.0,8.0,10.0,1,161,0,191
288,13,999.0,2975.0,13.0,8.0,1,171,0,191
288,16,1189.0,2965.0,9.0,6.0,1,158,0,183
288,17,1134.0,2970.0,5.0,5.0,1,147,0,183
288,18,1094.0,2974.0,9.0,5.0,1,158,0,180
288,19,959.0,2980.0,10.0,8.0,1,154,0,180
288,20,851.0,2984.0,7.0,9.0,1,158,0,180
288,22,1112.0,2975.0,6.0,8.0,1,136,0,165
288,24,1076.0,2975.0,6.0,5.0,1,141,0,161
288,25,1146.0,2976.0,9.0,7.0,1,137,0,161
288,26,931.0,2987.0,7.0,8.0,1,139,0,158
288,27,1100.0,2972.0,8.0,8.0,1,137,0,158
288,28,1062.0,2973.0,7.0,5.0,1,133,0,153
288,29,1045.0,2973.0,12.0,10.0,1,133,0,153
288,31,1165.0,2966.0,8.0,6.0,1,63,0,78
289,3,1705.0,3110.0,19.0,9.0,1,234,0,284
289,4,781.0,2984.0,10.0,6.0,1,175,0,214
289,5,1013.0,2973.0,9.0,7.0,1,182,0,210
289,6,758.0,2984.0,10.0,9.0,1,175,0,206
289,7,1198.0,2969.0,8.0,9.0,1,172,0,206
289,8,1101.0,2967.0,9.0,10.0,1,175,0,203
289,9,897.0,2984.0,9.0,8.0,0,173,1,201
289,10,821.0,2985.0,8.0,9.0,1,172,0,199
289,11,983.0,2981.0,8.0,6.0,0,168,1,195
289,12,863.0,2978.0,8.0,11.0,1,162,0,192
289,13,998.0,2980.0,11.0,6.0,1,172,0,192
289,16,1181.0,2969.0,8.0,8.0,1,159,0,184
289,17,1137.0,2967.0,5.0,5.0,1,148,0,184
289,18,1081.0,2970.0,5.0,5.0,1,159,0,181
289,19,959.0,2980.0,10.0,8.0,0,154,1,181
289,20,839.0,2980.0,9.0,10.0,1,159,0,181
289,22,1095.0,2977.0,7.0,7.0,1,137,0,166
289,24,1076.0,2975.0,6.0,5.0,0,141,1,162
289,25,1145.0,2972.0,9.0,5.0,1,138,0,162
289,26,916.0,2980.0,9.0,6.0,1,140,0,159
289,27,1092.0,2976.0,8.0,7.0,1,138,0,159
289,28,1059.0,2969.0,7.0,9.0,1,134,0,154
289,29,1040.0,2970.0,9.0,9.0,1,134,0,154
289,31,1164.0,2961.0,8.0,10.0,1,64,0,79
290,3,1701.0,3107.0,21.0,10.0,1,235,0,285
290,4,781.0,2984.0,10.0,6.0,0,175,1,215
290,5,1013.0,2973.0,9.0,7.0,0,182,1,211
290,6,750.0,2974.0,9.0,8.0,1,176,0,207
290,7,1186.0,2964.0,8.0,10.0,1,173,0,207
290,8,1094.0,2967.0,9.0,9.0,1,176,0,204
290,9,882.0,2986.0,11.0,9.0,1,174,0,202
290,10,821.0,2982.0,8.0,10.0,1,173,0,200
290,11,970.0,2981.0,8.0,7.0,1,169,0,196
290,12,861.0,2986.0,8.0,8.0,1,163,0,193
290,13,995.0,2974.0,9.0,7.0,1,173,0,193
290,16,1169.0,2961.0,7.0,10.0,1,160,0,185
290,17,1137.0,2967.0,5.0,5.0,0,148,1,185
290,18,1074.0,2978.0,7.0,8.0,1,160,0,182
290,19,950.0,2976.0,11.0,9.0,1,155,0,182
290,20,828.0,2980.0,12.0,9.0,1,160,0,182
290,22,1099.0,2979.0,7.0,6.0,1,138,0,167
290,24,1064.0,2969.0,8.0,6.0,1,142,0,163
290,25,1141.0,2962.0,9.0,7.0,1,139,0,163
290,26,912.0,2984.0,7.0,5.0,1,141,0,160
290,27,1092.0,2976.0,8.0,7.0,0,138,1,160
290,28,1055.0,2976.0,7.0,6.0,1,135,0,155
290,29,1034.0,2976.0,11.0,7.0,1,135,0,155
290,31,1162.0,2967.0,8.0,7.0,1,65,0,80
291,3,1701.0,3107.0,21.0,10.0,0,235,1,286
291,4,781.0,2984.0,10.0,6.0,0,175,2,216
291,5,999.0,2983.0,8.0,7.0,1,183,0,212
291,6,750.0,2974.0,9.0,8.0,0,176,1,208
291,7,1186.0,2964.0,8.0,10.0,0,173,1,208
291,8,1094.0,2967.0,9.0,9.0,0,176,1,205
291,9,853.0,2985.0,4.0,7.0,1,175,0,203
291,10,810.0,2977.0,7.0,10.0,1,174,0,201
291,11,970.0,2981.0,8.0,7.0,0,169,1,197
291,12,841.0,2979.0,8.0,11.0,1,164,0,194
291,13,990.0,2978.0,8.0,7.0,1,174,0,194
291,16,1167.0,2963.0,8.0,8.0,1,161,0,186
291,17,1120.0,2972.0,7.0,8.0,1,149,0,186
291,18,1069.0,2976.0,5.0,8.0,1,161,0,183
291,19,937.0,2981.0,8.0,7.0,1,156,0,183
291,20,825.0,2986.0,11.0,7.0,1,161,0,183
291,22,1089.0,2977.0,7.0,6.0,1,139,0,168
291,24,1060.0,2981.0,7.0,9.0,1,143,0,164
291,25,1138.0,2967.0,9.0,6.0,1,140,0,164
291,26,910.0,2985.0,9.0,7.0,1,142,0,161
291,27,1092.0,2976.0,8.0,7.0,0,138,2,161
291,28,1045.0,2973.0,7.0,8.0,1,136,0,156
291,29,1025.0,2974.0,10.0,10.0,1,136,0,156
291,31,1148.0,2968.0,8.0,8.0,1,66,0,81
292,3,1712.0,3108.0,20.0,10.0,1,236,0,287
292,4,814.0,2984.0,7.0,11.0,1,176,0,217
292,5,998.0,2974.0,9.0,5.0,1,184,0,213
292,6,764.0,2979.0,8.0,9.0,1,177,0,209
292,7,1183.0,2970.0,8.0,9.0,1,174,0,209
292,8,1085.0,2965.0,10.0,7.0,1,177,0,206
292,9,869.0,2988.0,7.0,8.0,1,176,0,204
292,10,815.0,2982.0,11.0,10.0,1,175,0,202
292,11,960.0,2985.0,8.0,6.0,1,170,0,198
292,12,845.0,2971.0,6.0,12.0,1,165,0,195
292,13,990.0,2978.0,8.0,7.0,0,174,1,195
292,16,1160.0,2963.0,8.0,6.0,1,162,0,187
292,17,1114.0,2968.0,9.0,5.0,1,150,0,187
292,18,1071.0,2975.0,6.0,6.0,1,162,0,184
292,19,939.0,2982.0,9.0,8.0,1,157,0,184
292,20,829.0,2988.0,7.0,9.0,1,162,0,184
292,22,1081.0,2972.0,7.0,8.0,1,140,0,169
292,24,1055.0,2974.0,10.0,6.0,1,144,0,165
292,25,1126.0,2970.0,8.0,9.0,1,141,0,165
292,26,897.0,2987.0,8.0,9.0,1,143,0,162
292,27,1071.0,2970.0,7.0,10.0,1,139,0,162
292,28,1039.0,2973.0,7.0,10.0,1,137,0,157
292,29,1027.0,2969.0,11.0,10.0,1,137,0,157
292,31,1148.0,2968.0,8.0,8.0,0,66,1,82
293,3,1709.0,3104.0,20.0,11.0,1,237,0,288
293,4,795.0,2987.0,9.0,10.0,1,177,0,218
293,5,988.0,2976.0,9.0,5.0,1,185,0,214
293,6,755.0,2981.0,8.0,5.0,1,178,0,210
293,7,1172.0,2967.0,9.0,9.0,1,175,0,210
293,8,1080.0,2961.0,11.0,9.0,1,178,0,207
293,9,868.0,2984.0,8.0,7.0,1,177,0,205
293,10,806.0,2982.0,10.0,9.0,1,176,0,203
293,11,954.0,2981.0,8.0,6.0,1,171,0,199
293,12,845.0,2971.0,6.0,12.0,0,165,1,196
293,13,972.0,2982.0,9.0,9.0,1,175,0,196
293,16,1160.0,2963.0,8.0,6.0,0,162,1,188
293,17,1114.0,2968.0,9.0,5.0,0,150,1,188
293,18,1058.0,2974.0,7.0,6.0,1,163,0,185
293,19,930.0,2984.0,9.0,7.0,1,158,0,185
293,20,823.0,2984.0,7.0,9.0,1,163,0,185
293,22,1071.0,2973.0,8.0,7.0,1,141,0,170
293,24,1055.0,2974.0,10.0,6.0,0,144,1,166
293,25,1118.0,2965.0,8.0,5.0,1,142,0,166
293,26,897.0,2984.0,9.0,5.0,1,144,0,163
293,27,1071.0,2970.0,7.0,10.0,0,139,1,163
293,28,1031.0,2967.0,8.0,11.0,1,138,0,158
293,29,1027.0,2969.0,11.0,10.0,0,137,1,158
293,31,1141.0,2960.0,10.0,10.0,1,67,0,83
294,3,1713.0,3106.0,20.0,10.0,1,238,0,289
294,4,790.0,2987.0,11.0,8.0,1,178,0,219
294,5,984.0,2979.0,8.0,6.0,1,186,0,215
294,6,749.0,2978.0,8.0,7.0,1,179,0,211
294,7,1169.0,2963.0,8.0,8.0,1,176,0,211
294,8,1080.0,2961.0,11.0,9.0,0,178,1,208
294,9,863.0,2983.0,7.0,7.0,1,178,0,206
294,10,802.0,2982.0,9.0,8.0,1,177,0,204
294,11,945.0,2983.0,7.0,7.0,1,172,0,200
294,12,845.0,2971.0,6.0,12.0,0,165,2,197
294,13,962.0,2982.0,11.0,8.0,1,176,0,197
294,16,1151.0,2967.0,7.0,9.0,1,163,0,189
294,17,1114.0,2968.0,9.0,5.0,0,150,2,189
294,18,1054.0,2976.0,9.0,11.0,1,164,0,186
294,19,925.0,2985.0,8.0,6.0,1,159,0,186
294,20,812.0,2978.0,7.0,8.0,1,164,0,186
294,22,1072.0,2981.0,6.0,7.0,1,142,0,171
294,24,1055.0,2974.0,10.0,6.0,0,144,2,167
294,25,1113.0,2965.0,10.0,5.0,1,143,0,167
294,26,890.0,2974.0,9.0,10.0,1,145,0,164
294,27,1071.0,2970.0,7.0,10.0,0,139,2,164
294,28,1028.0,2978.0,7.0,8.0,1,139,0,159
294,29,1013.0,2975.0,13.0,8.0,1,138,0,159
294,31,1128.0,2965.0,7.0,10.0,1,68,0,84
295,3,1708.0,3102.0,20.0,11.0,1,239,0,290
295,4,783.0,2986.0,9.0,7.0,1,179,0,220
295,5,984.0,2979.0,8.0,6.0,0,186,1,216
295,6,717.0,2979.0,6.0,7.0,1,180,0,212
295,7,1169.0,2963.0,8.0,8.0,0,176,1,212
295,8,1070.0,2963.0,8.0,10.0,1,179,0,209
295,9,853.0,2982.0,9.0,8.0,1,179,0,207
295,10,748.0,2981.0,7.0,7.0,1,178,0,205
295,11,945.0,2983.0,7.0,7.0,0,172,1,201
295,12,830.0,2983.0,6.0,8.0,1,166,0,198
295,13,962.0,2982.0,11.0,8.0,0,176,1,198
295,16,1139.0,2962.0,8.0,8.0,1,164,0,190
295,17,1092.0,2969.0,9.0,9.0,1,151,0,190
295,18,1043.0,2975.0,9.0,8.0,1,165,0,187
295,19,919.0,2983.0,8.0,7.0,1,160,0,187
295,20,812.0,2978.0,7.0,8.0,0,164,1,187
295,22,1064.0,2978.0,9.0,6.0,1,143,0,172
295,24,1033.0,2979.0,10.0,9.0,1,145,0,168
295,25,1107.0,2962.0,6.0,6.0,1,144,0,168
295,26,883.0,2985.0,8.0,9.0,1,146,0,165
295,27,1054.0,2972.0,8.0,8.0,1,140,0,165
295,28,1026.0,2971.0,7.0,10.0,1,140,0,160
295,29,1002.0,2973.0,12.0,11.0,1,139,0,160
295,31,1126.0,2970.0,8.0,8.0,1,69,0,85
296,3,1712.0,3104.0,20.0,12.0,1,240,0,291
296,4,783.0,2985.0,10.0,9.0,1,180,0,221
296,5,984.0,2979.0,8.0,6.0,0,186,2,217
296,6,717.0,2979.0,6.0,7.0,0,180,1,213
296,7,1154.0,2966.0,7.0,7.0,1,177,0,213
296,8,1060.0,2960.0,8.0,7.0,1,180,0,210
296,9,846.0,2982.0,9.0,9.0,1,180,0,208
296,10,737.0,2980.0,7.0,10.0,1,179,0,206
296,11,936.0,2981.0,6.0,6.0,1,173,0,202
296,12,818.0,2981.0,8.0,13.0,1,167,0,199
296,13,956.0,2981.0,11.0,8.0,1,177,0,199
296,16,1147.0,2963.0,8.0,7.0,1,165,0,191
296,17,1086.0,2970.0,11.0,6.0,1,152,0,191
296,18,1041.0,2972.0,9.0,12.0,1,166,0,188
296,19,918.0,2975.0,9.0,9.0,1,161,0,188
296,20,777.0,2985.0,10.0,9.0,1,165,0,188
296,22,1057.0,2977.0,6.0,5.0,1,144,0,173
296,24,1032.0,2977.0,9.0,8.0,1,146,0,169
296,25,1105.0,2962.0,10.0,8.0,1,145,0,169
296,26,883.0,2985.0,8.0,9.0,0,146,1,166
296,27,1047.0,2979.0,10.0,7.0,1,141,0,166
296,28,1018.0,2972.0,10.0,6.0,1,141,0,161
296,29,997.0,2974.0,8.0,8.0,1,140,0,161
296,31,1126.0,2965.0,7.0,8.0,1,70,0,86
297,3,1705.0,3103.0,22.0,12.0,1,241,0,292
297,4,798.0,2985.0,9.0,6.0,1,181,0,222
297,5,963.0,2984.0,9.0,5.0,1,187,0,218
297,6,705.0,2979.0,12.0,9.0,1,181,0,214
297,7,1151.0,2973.0,9.0,9.0,1,178,0,214
297,8,1055.0,2967.0,10.0,9.0,1,181,0,211
297,9,841.0,2979.0,9.0,9.0,1,181,0,209
297,10,771.0,2986.0,7.0,5.0,1,180,0,207
297,11,936.0,2981.0,6.0,6.0,0,173,1,203
297,12,814.0,2984.0,8.0,8.0,1,168,0,200
297,13,953.0,2980.0,7.0,6.0,1,178,0,200
297,16,1133.0,2961.0,9.0,5.0,1,166,0,192
297,17,1085.0,2968.0,7.0,6.0,1,153,0,192
297,18,1032.0,2974.0,6.0,8.0,1,167,0,189
297,19,899.0,2979.0,11.0,8.0,1,162,0,189
297,20,781.0,2984.0,10.0,7.0,1,166,0,189
297,22,1055.0,2974.0,7.0,6.0,1,145,0,174
297,24,1023.0,2969.0,8.0,8.0,1,147,0,170
297,25,1105.0,2962.0,10.0,8.0,0,145,1,170
297,26,872.0,2981.0,7.0,10.0,1,147,0,167
297,27,1044.0,2981.0,8.0,8.0,1,142,0,167
297,28,1009.0,2977.0,11.0,9.0,1,142,0,162
297,29,987.0,2974.0,12.0,10.0,1,141,0,162
297,31,1116.0,2960.0,6.0,11.0,1,71,0,87
298,3,1700.0,3098.0,22.0,13.0,1,242,0,293
298,4,788.0,2990.0,11.0,6.0,1,182,0,223
298,5,963.0,2984.0,9.0,5.0,0,187,1,219
298,6,703.0,2980.0,7.0,5.0,1,182,0,215
298,7,1151.0,2973.0,9.0,9.0,0,178,1,215
298,8,1046.0,2968.0,9.0,8.0,1,182,0,212
298,9,840.0,2979.0,10.0,11.0,1,182,0,210
298,10,771.0,2986.0,7.0,5.0,0,180,1,208
298,11,920.0,2980.0,5.0,6.0,1,174,0,204
298,12,810.0,2985.0,7.0,8.0,1,169,0,201
298,13,941.0,2981.0,9.0,6.0,1,179,0,201
298,16,1128.0,2958.0,8.0,9.0,1,167,0,193
298,17,1081.0,2966.0,7.0,8.0,1,154,0,193
298,18,1036.0,2971.0,8.0,11.0,1,168,0,190
298,19,897.0,2980.0,9.0,7.0,1,163,0,190
298,20,781.0,2984.0,10.0,7.0,0,166,1,190
298,22,1046.0,2979.0,8.0,8.0,1,146,0,175
298,24,1012.0,2974.0,7.0,10.0,1,148,0,171
298,25,1095.0,2965.0,7.0,5.0,1,146,0,171
298,26,861.0,2980.0,9.0,10.0,1,148,0,168
298,27,1037.0,2973.0,9.0,6.0,1,143,0,168
298,28,1010.0,2975.0,11.0,8.0,1,143,0,163
298,29,990.0,2975.0,11.0,12.0,1,142,0,163
298,31,1110.0,2967.0,10.0,6.0,1,72,0,88
299,3,1714.0,3103.0,21.0,11.0,1,243,0,294
299,4,787.0,2976.0,11.0,8.0,1,183,0,224
299,5,951.0,2979.0,7.0,7.0,1,188,0,220
299,6,692.0,2978.0,13.0,11.0,1,183,0,216
299,7,1140.0,2966.0,8.0,10.0,1,179,0,216
299,8,1044.0,2966.0,11.0,8.0,1,183,0,213
299,9,831.0,2980.0,10.0,10.0,1,183,0,211
299,10,722.0,2979.0,8.0,5.0,1,181,0,209
299,11,917.0,2983.0,7.0,5.0,1,175,0,205
299,12,801.0,2982.0,10.0,6.0,1,170,0,202
299,13,935.0,2985.0,9.0,5.0,1,180,0,202
299,16,1122.0,2963.0,8.0,9.0,1,168,0,194
299,17,1081.0,2966.0,7.0,8.0,0,154,1,194
299,18,1036.0,2971.0,8.0,11.0,0,168,1,191
299,19,887.0,2982.0,8.0,8.0,1,164,0,191
299,20,771.0,2983.0,11.0,6.0,1,167,0,191
299,22,1046.0,2979.0,8.0,8.0,0,146,1,176
299,24,1012.0,2974.0,7.0,10.0,0,148,1,172
299,25,1088.0,2968.0,9.0,6.0,1,147,0,172
299,26,852.0,2980.0,12.0,9.0,1,149,0,169
299,27,1032.0,2974.0,9.0,9.0,1,144,0,169
299,28,1010.0,2975.0,11.0,8.0,0,143,1,164
299,29,990.0,2975.0,11.0,12.0,0,142,1,164
299,31,1107.0,2970.0,7.0,8.0,1,73,0,89
300,3,1710.0,3106.0,20.0,11.0,1,244,0,295
300,4,779.0,2979.0,12.0,8.0,1,184,0,225
300,5,949.0,2979.0,7.0,3.0,1,189,0,221
300,6,685.0,2972.0,16.0,15.0,1,184,0,217
300,7,1134.0,2964.0,7.0,7.0,1,180,0,217
300,8,1038.0,2964.0,10.0,7.0,1,184,0,214
300,9,831.0,2980.0,10.0,10.0,0,183,1,212
300,10,712.0,2979.0,5.0,5.0,1,182,0,210
300,11,917.0,2983.0,7.0,5.0,0,175,1,206
300,12,798.0,2979.0,8.0,9.0,1,171,0,203
300,13,935.0,2985.0,9.0,5.0,0,180,1,203
300,16,1117.0,2966.0,8.0,7.0,1,169,0,195
300,17,1066.0,2963.0,9.0,10.0,1,155,0,195
300,18,1015.0,2973.0,7.0,10.0,1,169,0,192
300,19,887.0,2982.0,8.0,8.0,0,164,1,192
300,20,751.0,2984.0,8.0,12.0,1,168,0,192
300,22,1036.0,2972.0,8.0,9.0,1,147,0,177
300,24,1005.0,2971.0,9.0,11.0,1,149,0,173
300,25,1083.0,2968.0,8.0,8.0,1,148,0,173
300,26,852.0,2980.0,12.0,9.0,0,149,1,170
300,27,1028.0,2977.0,9.0,9.0,1,145,0,170
300,28,1010.0,2975.0,11.0,8.0,0,143,2,165
300,29,970.0,2971.0,12.0,10.0,1,143,0,165
300,31,1107.0,2970.0,7.0,8.0,0,73,1,90
301,3,1714.0,3110.0,19.0,11.0,1,245,0,296
301,4,779.0,2979.0,12.0,8.0,0,184,1,226
301,5,949.0,2979.0,7.0,3.0,0,189,1,222
301,6,679.0,2969.0,17.0,13.0,1,185,0,218
301,7,1130.0,2964.0,6.0,7.0,1,181,0,218
301,8,1038.0,2964.0,10.0,7.0,0,184,1,215
301,9,817.0,2979.0,8.0,9.0,1,184,0,213
301,10,706.0,2981.0,7.0,5.0,1,183,0,211
301,11,903.0,2983.0,8.0,5.0,1,176,0,207
301,12,789.0,2974.0,9.0,6.0,1,172,0,204
301,13,935.0,2985.0,9.0,5.0,0,180,2,204
301,16,1111.0,2960.0,8.0,8.0,1,170,0,196
301,17,1066.0,2963.0,9.0,10.0,0,155,1,196
301,18,1010.0,2976.0,7.0,6.0,1,170,0,193
301,19,887.0,2982.0,8.0,8.0,0,164,2,193
301,20,758.0,2983.0,11.0,10.0,1,169,0,193
301,22,1036.0,2972.0,8.0,9.0,0,147,1,178
301,24,995.0,2978.0,10.0,9.0,1,150,0,174
301,25,1075.0,2969.0,9.0,7.0,1,149,0,174
301,26,844.0,2977.0,9.0,9.0,1,150,0,171
301,27,1018.0,2974.0,8.0,8.0,1,146,0,171
301,28,985.0,2976.0,10.0,8.0,1,144,0,166
301,29,968.0,2982.0,11.0,8.0,1,144,0,166
301,31,1097.0,2962.0,10.0,8.0,1,74,0,91
302,3,1703.0,3106.0,19.0,10.0,1,246,0,297
302,4,772.0,2980.0,8.0,6.0,1,185,0,227
302,5,949.0,2979.0,7.0,3.0,0,189,2,223
302,6,679.0,2969.0,17.0,13.0,0,185,1,219
302,7,1130.0,2964.0,6.0,7.0,0,181,1,219
302,8,1027.0,2965.0,9.0,8.0,1,185,0,216
302,9,817.0,2979.0,8.0,9.0,0,184,1,214
302,10,701.0,2974.0,10.0,9.0,1,184,0,212
302,11,892.0,2978.0,9.0,9.0,1,177,0,208
302,12,789.0,2974.0,9.0,6.0,0,172,1,205
302,13,935.0,2985.0,9.0,5.0,0,180,3,205
302,16,1104.0,2960.0,9.0,10.0,1,171,0,197
302,17,1056.0,2964.0,10.0,7.0,1,156,0,197
302,18,1004.0,2973.0,8.0,9.0,1,171,0,194
302,19,869.0,2985.0,8.0,8.0,1,165,0,194
302,20,737.0,2982.0,12.0,8.0,1,170,0,194
302,22,1027.0,2985.0,9.0,8.0,1,148,0,179
302,24,995.0,2978.0,10.0,9.0,0,150,1,175
302,25,1073.0,2958.0,9.0,9.0,1,150,0,175
302,26,844.0,2977.0,9.0,9.0,0,150,1,172
302,27,1012.0,2974.0,7.0,9.0,1,147,0,172
302,28,983.0,2978.0,8.0,5.0,1,145,0,167
302,29,963.0,2981.0,9.0,9.0,1,145,0,167
302,31,1097.0,2962.0,10.0,8.0,0,74,1,92
303,3,1710.0,3107.0,20.0,9.0,1,247,0,298
303,4,772.0,2980.0,8.0,6.0,0,185,1,228
303,5,928.0,2982.0,8.0,9.0,1,190,0,224
303,6,667.0,2971.0,14.0,13.0,1,186,0,220
303,7,1123.0,2965.0,7.0,8.0,1,182,0,220
303,8,1027.0,2963.0,10.0,7.0,1,186,0,217
303,9,808.0,2980.0,10.0,8.0,1,185,0,215
303,10,694.0,2978.0,13.0,7.0,1,185,0,213
303,11,888.0,2991.0,5.0,8.0,1,178,0,209
303,12,779.0,2981.0,8.0,6.0,1,173,0,206
303,13,935.0,2985.0,9.0,5.0,0,180,4,206
303,16,1106.0,2959.0,7.0,8.0,1,172,0,198
303,17,1056.0,2964.0,10.0,7.0,0,156,1,198
303,18,1001.0,2974.0,8.0,9.0,1,172,0,195
303,19,863.0,2975.0,9.0,9.0,1,166,0,195
303,20,737.0,2974.0,8.0,8.0,1,171,0,195
303,22,1015.0,2976.0,6.0,6.0,1,149,0,180
303,24,982.0,2981.0,6.0,7.0,1,151,0,176
303,25,1069.0,2966.0,7.0,7.0,1,151,0,176
303,26,833.0,2976.0,10.0,12.0,1,151,0,173
303,27,1008.0,2972.0,10.0,8.0,1,148,0,173
303,28,976.0,2977.0,9.0,7.0,1,146,0,168
303,29,956.0,2976.0,12.0,9.0,1,146,0,168
303,31,1097.0,2962.0,10.0,8.0,0,74,2,93
304,3,1708.0,3105.0,15.0,8.0,1,248,0,299
304,4,757.0,2981.0,10.0,8.0,1,186,0,229
304,5,924.0,2978.0,5.0,4.0,1,191,0,225
304,6,680.0,2973.0,11.0,8.0,1,187,0,221
304,7,1118.0,2965.0,6.0,4.0,1,183,0,221
304,8,1018.0,2965.0,10.0,8.0,1,187,0,218
304,9,795.0,2986.0,9.0,9.0,1,186,0,216
304,10,728.0,2984.0,7.0,8.0,1,186,0,214
304,11,888.0,2991.0,5.0,8.0,0,178,1,210
304,12,773.0,2982.0,12.0,11.0,1,174,0,207
304,13,905.0,2986.0,8.0,7.0,1,181,0,207
304,16,1092.0,2960.0,8.0,7.0,1,173,0,199
304,17,1045.0,2972.0,9.0,9.0,1,157,0,199
304,18,1001.0,2974.0,8.0,9.0,0,172,1,196
304,19,860.0,2980.0,9.0,9.0,1,167,0,196
304,20,739.0,2981.0,13.0,8.0,1,172,0,196
304,22,1010.0,2974.0,8.0,10.0,1,150,0,181
304,24,975.0,2972.0,8.0,9.0,1,152,0,177
304,25,1069.0,2966.0,7.0,7.0,0,151,1,177
304,26,833.0,2976.0,10.0,12.0,0,151,1,174
304,27,1002.0,2967.0,8.0,10.0,1,149,0,174
304,28,970.0,2972.0,6.0,9.0,1,147,0,169
304,29,951.0,2973.0,10.0,8.0,1,147,0,169
304,31,1081.0,2962.0,6.0,7.0,1,75,0,94
305,3,1708.0,3108.0,16.0,8.0,1,249,0,300
305,4,757.0,2981.0,10.0,8.0,0,186,1,230
305,5,916.0,2980.0,9.0,7.0,1,192,0,226
305,6,649.0,2970.0,15.0,10.0,1,188,0,222
305,7,1105.0,2961.0,9.0,8.0,1,184,0,222
305,8,1008.0,2963.0,12.0,7.0,1,188,0,219
305,9,794.0,2979.0,9.0,10.0,1,187,0,217
305,10,686.0,2975.0,7.0,5.0,1,187,0,215
305,11,880.0,2978.0,6.0,9.0,1,179,0,211
305,12,767.0,2979.0,9.0,7.0,1,175,0,208
305,13,905.0,2986.0,8.0,7.0,0,181,1,208
305,16,1092.0,2960.0,8.0,7.0,0,173,1,200
305,17,1045.0,2972.0,9.0,9.0,0,157,1,200
305,18,1001.0,2974.0,8.0,9.0,0,172,2,197
305,19,860.0,2980.0,9.0,9.0,0,167,1,197
305,20,733.0,2980.0,12.0,10.0,1,173,0,197
305,22,1006.0,2976.0,6.0,7.0,1,151,0,182
305,24,975.0,2974.0,6.0,7.0,1,153,0,178
305,25,1052.0,2960.0,8.0,5.0,1,152,0,178
305,26,817.0,2975.0,12.0,11.0,1,152,0,175
305,27,999.0,2980.0,10.0,8.0,1,150,0,175
305,28,957.0,2978.0,7.0,8.0,1,148,0,170
305,29,943.0,2975.0,10.0,8.0,1,148,0,170
305,31,1077.0,2964.0,5.0,7.0,1,76,0,95
306,3,1705.0,3111.0,15.0,8.0,1,250,0,301
306,4,746.0,2976.0,9.0,6.0,1,187,0,231
306,5,916.0,2980.0,9.0,7.0,0,192,1,227
306,6,653.0,2973.0,11.0,10.0,1,189,0,223
306,7,1098.0,2966.0,10.0,3.0,1,185,0,223
306,8,997.0,2968.0,11.0,9.0,1,189,0,220
306,9,790.0,2983.0,10.0,7.0,1,188,0,218
306,10,710.0,2986.0,10.0,7.0,1,188,0,216
306,11,870.0,2976.0,8.0,8.0,1,180,0,212
306,12,758.0,2976.0,10.0,8.0,1,176,0,209
306,13,894.0,2983.0,8.0,7.0,1,182,0,209
306,16,1083.0,2969.0,5.0,8.0,1,174,0,201
306,17,1032.0,2967.0,10.0,6.0,1,158,0,201
306,18,979.0,2974.0,9.0,8.0,1,173,0,198
306,19,845.0,2987.0,8.0,7.0,1,168,0,198
306,20,725.0,2982.0,13.0,10.0,1,174,0,198
306,22,999.0,2976.0,7.0,7.0,1,152,0,183
306,24,975.0,2974.0,6.0,7.0,0,153,1,179
306,25,1048.0,2966.0,10.0,9.0,1,153,0,179
306,26,809.0,2981.0,13.0,11.0,1,153,0,176
306,27,987.0,2980.0,9.0,8.0,1,151,0,176
306,28,957.0,2977.0,6.0,8.0,1,149,0,171
306,29,931.0,2979.0,11.0,9.0,1,149,0,171
306,31,1077.0,2964.0,5.0,7.0,0,76,1,96
307,3,1709.0,3111.0,15.0,8.0,1,251,0,302
307,4,736.0,2974.0,9.0,8.0,1,188,0,232
307,5,916.0,2980.0,9.0,7.0,0,192,2,228
307,6,653.0,2973.0,11.0,10.0,0,189,1,224
307,7,1097.0,2966.0,7.0,7.0,1,186,0,224
307,8,999.0,2961.0,11.0,9.0,1,190,0,221
307,9,779.0,2982.0,9.0,6.0,1,189,0,219
307,10,716.0,2987.0,6.0,10.0,1,189,0,217
307,11,859.0,2982.0,8.0,7.0,1,181,0,213
307,12,755.0,2984.0,11.0,10.0,1,177,0,210
307,13,887.0,2978.0,9.0,10.0,1,183,0,210
307,16,1083.0,2963.0,8.0,9.0,1,175,0,202
307,17,1028.0,2964.0,8.0,8.0,1,159,0,202
307,18,978.0,2970.0,9.0,9.0,1,174,0,199
307,19,835.0,2971.0,11.0,10.0,1,169,0,199
307,20,718.0,2978.0,12.0,8.0,1,175,0,199
307,22,994.0,2972.0,7.0,8.0,1,153,0,184
307,24,966.0,2980.0,8.0,6.0,1,154,0,180
307,25,1042.0,2965.0,12.0,8.0,1,154,0,180
307,26,812.0,2980.0,9.0,10.0,1,154,0,177
307,27,977.0,2981.0,8.0,8.0,1,152,0,177
307,28,948.0,2975.0,7.0,7.0,1,150,0,172
307,29,932.0,2976.0,10.0,9.0,1,150,0,172
307,31,1062.0,2963.0,9.0,7.0,1,77,0,97
308,3,1702.0,3109.0,16.0,8.0,1,252,0,303
308,4,729.0,2976.0,9.0,8.0,1,189,0,233
308,5,902.0,2977.0,6.0,8.0,1,193,0,229
308,6,634.0,2980.0,9.0,11.0,1,190,0,225
308,7,1097.0,2966.0,7.0,7.0,0,186,1,225
308,8,990.0,2961.0,10.0,8.0,1,191,0,222
308,9,747.0,2980.0,8.0,9.0,1,190,0,220
308,10,667.0,2977.0,9.0,9.0,1,190,0,218
308,11,859.0,2982.0,8.0,7.0,0,181,1,214
308,12,705.0,2982.0,6.0,12.0,1,178,0,211
308,13,882.0,2985.0,9.0,7.0,1,184,0,211
308,16,1083.0,2963.0,8.0,9.0,0,175,1,203
308,17,1014.0,2964.0,10.0,7.0,1,160,0,203
308,18,978.0,2970.0,9.0,9.0,0,174,1,200
308,19,798.0,2977.0,10.0,7.0,1,170,0,200
308,20,714.0,2979.0,11.0,9.0,1,176,0,200
308,22,987.0,2977.0,7.0,10.0,1,154,0,185
308,24,953.0,2978.0,10.0,7.0,1,155,0,181
308,25,1036.0,2968.0,10.0,8.0,1,155,0,181
308,26,777.0,2981.0,10.0,7.0,1,155,0,178
308,27,977.0,2981.0,8.0,8.0,0,152,1,178
308,28,945.0,2977.0,6.0,9.0,1,151,0,173
308,29,913.0,2973.0,14.0,12.0,1,151,0,173
308,31,1058.0,2967.0,8.0,6.0,1,78,0,98
309,3,1698.0,3114.0,15.0,11.0,1,253,0,304
309,4,729.0,2976.0,9.0,8.0,0,189,1,234
309,5,891.0,2981.0,7.0,9.0,1,194,0,230
309,6,630.0,2968.0,11.0,11.0,1,191,0,226
309,7,1088.0,2964.0,9.0,8.0,1,187,0,226
309,8,989.0,2961.0,10.0,7.0,1,192,0,223
309,9,744.0,2981.0,8.0,10.0,1,191,0,221
309,10,657.0,2975.0,7.0,6.0,1,191,0,219
309,11,859.0,2982.0,8.0,7.0,0,181,2,215
309,12,690.0,2992.0,11.0,8.0,1,179,0,212
309,13,873.0,2979.0,8.0,8.0,1,185,0,212
309,16,1065.0,2965.0,12.0,7.0,1,176,0,204
309,17,1017.0,2966.0,11.0,8.0,1,161,0,204
309,18,969.0,2975.0,7.0,7.0,1,175,0,201
309,19,793.0,2975.0,10.0,10.0,1,171,0,201
309,20,703.0,2978.0,13.0,13.0,1,177,0,201
309,22,987.0,2977.0,7.0,10.0,0,154,1,186
309,24,953.0,2978.0,10.0,7.0,0,155,1,182
309,25,1033.0,2966.0,11.0,7.0,1,156,0,182
309,26,767.0,2981.0,10.0,9.0,1,156,0,179
309,27,977.0,2981.0,8.0,8.0,0,152,2,179
309,28,938.0,2978.0,6.0,9.0,1,152,0,174
309,29,922.0,2972.0,8.0,8.0,1,152,0,174
309,31,1058.0,2967.0,8.0,6.0,0,78,1,99
310,3,1698.0,3114.0,15.0,11.0,0,253,1,305
310,4,729.0,2976.0,9.0,8.0,0,189,2,235
310,5,889.0,2973.0,7.0,6.0,1,195,0,231
310,6,630.0,2971.0,10.0,10.0,1,192,0,227
310,7,1077.0,2962.0,12.0,8.0,1,188,0,227
310,8,984.0,2969.0,13.0,8.0,1,193,0,224
310,9,731.0,2981.0,14.0,11.0,1,192,0,222
310,10,654.0,2978.0,6.0,6.0,1,192,0,220
310,11,839.0,2985.0,10.0,6.0,1,182,0,216
310,12,681.0,2989.0,13.0,6.0,1,180,0,213
310,13,871.0,2982.0,7.0,6.0,1,186,0,213
310,16,1065.0,2965.0,12.0,7.0,0,176,1,205
310,17,1011.0,2969.0,11.0,6.0,1,162,0,205
310,18,965.0,2973.0,9.0,8.0,1,176,0,202
310,19,792.0,2979.0,11.0,6.0,1,172,0,202
310,20,696.0,2975.0,15.0,12.0,1,178,0,202
310,22,977.0,2978.0,8.0,9.0,1,155,0,187
310,24,943.0,2980.0,8.0,7.0,1,156,0,183
310,25,1024.0,2964.0,10.0,8.0,1,157,0,183
310,26,765.0,2978.0,11.0,9.0,1,157,0,180
310,27,960.0,2977.0,10.0,9.0,1,153,0,180
310,28,935.0,2981.0,6.0,8.0,1,153,0,175
310,29,910.0,2975.0,9.0,9.0,1,153,0,175
310,31,1046.0,2963.0,8.0,5.0,1,79,0,100
311,3,1702.0,3114.0,15.0,8.0,1,254,0,306
311,4,711.0,2985.0,6.0,5.0,1,190,0,236
311,5,844.0,2982.0,8.0,10.0,1,196,0,232
311,6,630.0,2971.0,10.0,10.0,0,192,1,228
311,7,1077.0,2962.0,12.0,8.0,0,188,1,228
311,8,972.0,2966.0,9.0,7.0,1,194,0,225
311,9,734.0,2978.0,11.0,9.0,1,193,0,223
311,10,639.0,2976.0,9.0,6.0,1,193,0,221
311,11,816.0,2978.0,11.0,9.0,1,183,0,217
311,12,682.0,2985.0,8.0,8.0,1,181,0,214
311,13,859.0,2985.0,7.0,7.0,1,187,0,214
311,16,1065.0,2965.0,12.0,7.0,0,176,2,206
311,17,1004.0,2959.0,7.0,8.0,1,163,0,206
311,18,956.0,2969.0,9.0,8.0,1,177,0,203
311,19,784.0,2974.0,11.0,7.0,1,173,0,203
311,20,692.0,2979.0,15.0,9.0,1,179,0,203
311,22,964.0,2975.0,6.0,9.0,1,156,0,188
311,24,932.0,2978.0,9.0,8.0,1,157,0,184
311,25,1013.0,2962.0,10.0,12.0,1,158,0,184
311,26,749.0,2983.0,11.0,8.0,1,158,0,181
311,27,944.0,2971.0,9.0,7.0,1,154,0,181
311,28,923.0,2985.0,7.0,10.0,1,154,0,176
311,29,909.0,2982.0,10.0,9.0,1,154,0,176
311,31,1042.0,2964.0,8.0,7.0,1,80,0,101
312,3,1702.0,3118.0,14.0,5.0,1,255,0,307
312,4,705.0,2978.0,9.0,6.0,1,191,0,237
312,5,831.0,2984.0,10.0,8.0,1,197,0,233
312,6,615.0,2967.0,9.0,10.0,1,193,0,229
312,7,1068.0,2963.0,8.0,7.0,1,189,0,229
312,8,972.0,2966.0,9.0,7.0,0,194,1,226
312,9,734.0,2978.0,11.0,9.0,0,193,1,224
312,10,636.0,2972.0,10.0,9.0,1,194,0,222
312,11,816.0,2978.0,11.0,9.0,0,183,1,218
312,12,673.0,2981.0,10.0,6.0,1,182,0,215
312,13,854.0,2985.0,5.0,5.0,1,188,0,215
312,16,1055.0,2963.0,11.0,7.0,1,177,0,207
312,17,1004.0,2959.0,7.0,8.0,0,163,1,207
312,18,956.0,2969.0,9.0,8.0,0,177,1,204
312,19,776.0,2976.0,6.0,9.0,1,174,0,204
312,20,684.0,2975.0,15.0,11.0,1,180,0,204
312,22,964.0,2975.0,6.0,9.0,0,156,1,189
312,24,931.0,2983.0,9.0,8.0,1,158,0,185
312,25,1005.0,2968.0,7.0,7.0,1,159,0,185
312,26,749.0,2976.0,10.0,7.0,1,159,0,182
312,27,944.0,2975.0,7.0,12.0,1,155,0,182
312,28,918.0,2975.0,7.0,9.0,1,155,0,177
312,29,901.0,2981.0,9.0,10.0,1,155,0,177
312,31,1037.0,2963.0,6.0,5.0,1,81,0,102
313,3,1701.0,3119.0,18.0,6.0,1,256,0,308
313,4,699.0,2981.0,7.0,5.0,1,192,0,238
313,5,831.0,2980.0,7.0,10.0,1,198,0,234
313,6,607.0,2969.0,9.0,11.0,1,194,0,230
313,7,1063.0,2962.0,10.0,8.0,1,190,0,230
313,8,972.0,2966.0,9.0,7.0,0,194,2,227
313,9,718.0,2974.0,9.0,9.0,1,194,0,225
313,10,630.0,2977.0,9.0,7.0,1,195,0,223
313,11,802.0,2979.0,8.0,9.0,1,184,0,219
313,12,667.0,2989.0,12.0,8.0,1,183,0,216
313,13,854.0,2985.0,5.0,5.0,0,188,1,216
313,16,1047.0,2960.0,9.0,6.0,1,178,0,208
313,17,994.0,2968.0,9.0,9.0,1,164,0,208
313,18,950.0,2974.0,10.0,8.0,1,178,0,205
313,19,776.0,2976.0,6.0,9.0,0,174,1,205
313,20,681.0,2972.0,19.0,11.0,1,181,0,205
313,22,956.0,2978.0,6.0,11.0,1,157,0,190
313,24,918.0,2979.0,5.0,8.0,1,159,0,186
313,25,1010.0,2964.0,7.0,9.0,1,160,0,186
313,26,747.0,2975.0,8.0,7.0,1,160,0,183
313,27,938.0,2979.0,7.0,7.0,1,156,0,183
313,28,918.0,2975.0,7.0,9.0,0,155,1,178
313,29,895.0,2972.0,11.0,11.0,1,156,0,178
313,31,1032.0,2958.0,11.0,10.0,1,82,0,103
314,3,1701.0,3119.0,18.0,6.0,0,256,1,309
314,4,698.0,2979.0,9.0,5.0,1,193,0,239
314,5,822.0,2979.0,7.0,5.0,1,199,0,235
314,6,605.0,2972.0,11.0,11.0,1,195,0,231
314,7,1058.0,2962.0,8.0,9.0,1,191,0,231
314,8,957.0,2963.0,9.0,9.0,1,195,0,228
314,9,709.0,2982.0,12.0,9.0,1,195,0,226
314,10,624.0,2980.0,9.0,6.0,1,196,0,224
314,11,802.0,2979.0,8.0,9.0,0,184,1,220
314,12,658.0,2982.0,11.0,6.0,1,184,0,217
314,13,858.0,2978.0,9.0,11.0,1,189,0,217
314,16,1037.0,2958.0,10.0,7.0,1,179,0,209
314,17,989.0,2963.0,4.0,8.0,1,165,0,209
314,18,944.0,2968.0,9.0,12.0,1,179,0,206
314,19,764.0,2972.0,11.0,9.0,1,175,0,206
314,20,664.0,2978.0,19.0,11.0,1,182,0,206
314,22,956.0,2978.0,6.0,11.0,0,157,1,191
314,24,915.0,2976.0,9.0,6.0,1,160,0,187
314,25,1006.0,2963.0,8.0,8.0,1,161,0,187
314,26,747.0,2975.0,8.0,7.0,0,160,1,184
314,27,928.0,2971.0,9.0,9.0,1,157,0,184
314,28,900.0,2983.0,10.0,10.0,1,156,0,179
314,29,887.0,2973.0,10.0,10.0,1,157,0,179
314,31,1020.0,2962.0,8.0,4.0,1,83,0,104
315,3,1701.0,3119.0,18.0,6.0,0,256,2,310
315,4,688.0,2982.0,7.0,5.0,1,194,0,240
315,5,818.0,2984.0,8.0,6.0,1,200,0,236
315,6,599.0,2971.0,11.0,9.0,1,196,0,232
315,7,1055.0,2962.0,7.0,7.0,1,192,0,232
315,8,952.0,2961.0,10.0,11.0,1,196,0,229
315,9,706.0,2977.0,9.0,8.0,1,196,0,227
315,10,617.0,2968.0,10.0,9.0,1,197,0,225
315,11,790.0,2982.0,8.0,5.0,1,185,0,221
315,12,655.0,2982.0,10.0,8.0,1,185,0,218
315,13,838.0,2983.0,9.0,9.0,1,190,0,218
315,16,1036.0,2961.0,11.0,8.0,1,180,0,210
315,17,985.0,2960.0,10.0,10.0,1,166,0,210
315,18,944.0,2968.0,9.0,12.0,0,179,1,207
315,19,765.0,2976.0,9.0,8.0,1,176,0,207
315,20,662.0,2977.0,9.0,7.0,1,183,0,207
315,22,944.0,2974.0,5.0,9.0,1,158,0,192
315,24,907.0,2977.0,10.0,9.0,1,161,0,188
315,25,995.0,2970.0,9.0,8.0,1,162,0,188
315,26,730.0,2973.0,8.0,8.0,1,161,0,185
315,27,926.0,2972.0,9.0,9.0,1,158,0,185
315,28,901.0,2978.0,9.0,9.0,1,157,0,180
315,29,882.0,2981.0,12.0,8.0,1,158,0,180
315,31,1020.0,2961.0,9.0,10.0,1,84,0,105
316,3,1697.0,3128.0,15.0,4.0,1,257,0,311
316,4,688.0,2980.0,8.0,7.0,1,195,0,241
316,5,818.0,2984.0,8.0,6.0,0,200,1,237
316,6,593.0,2964.0,6.0,11.0,1,197,0,233
316,7,1046.0,2958.0,8.0,7.0,1,193,0,233
316,8,948.0,2961.0,13.0,11.0,1,197,0,230
316,9,697.0,2972.0,11.0,9.0,1,197,0,228
316,10,608.0,2970.0,12.0,9.0,1,198,0,226
316,11,790.0,2982.0,8.0,5.0,0,185,1,222
316,12,645.0,2984.0,13.0,8.0,1,186,0,219
316,13,832.0,2971.0,11.0,10.0,1,191,0,219
316,16,1027.0,2960.0,9.0,8.0,1,181,0,211
316,17,985.0,2960.0,10.0,10.0,0,166,1,211
316,18,944.0,2968.0,9.0,12.0,0,179,2,208
316,19,757.0,2973.0,10.0,9.0,1,177,0,208
316,20,655.0,2976.0,16.0,13.0,1,184,0,208
316,22,933.0,2973.0,8.0,8.0,1,159,0,193
316,24,906.0,2972.0,9.0,9.0,1,162,0,189
316,25,987.0,2966.0,9.0,8.0,1,163,0,189
316,26,722.0,2978.0,10.0,8.0,1,162,0,186
316,27,926.0,2972.0,9.0,9.0,0,158,1,186
316,28,896.0,2976.0,10.0,10.0,1,158,0,181
316,29,882.0,2981.0,12.0,8.0,0,158,1,181
316,31,1013.0,2961.0,9.0,7.0,1,85,0,106
317,3,1699.0,3124.0,14.0,5.0,1,258,0,312
317,4,688.0,2980.0,8.0,7.0,0,195,1,242
317,5,806.0,2978.0,9.0,7.0,1,201,0,238
317,6,579.0,2964.0,11.0,7.0,1,198,0,234
317,7,1038.0,2964.0,10.0,5.0,1,194,0,234
317,8,936.0,2959.0,10.0,12.0,1,198,0,231
317,9,701.0,2977.0,7.0,7.0,1,198,0,229
317,10,609.0,2971.0,10.0,9.0,1,199,0,227
317,11,780.0,2982.0,10.0,5.0,1,186,0,223
317,12,642.0,2983.0,10.0,8.0,1,187,0,220
317,13,830.0,2979.0,11.0,8.0,1,192,0,220
317,16,1021.0,2959.0,10.0,7.0,1,182,0,212
317,17,969.0,2966.0,9.0,11.0,1,167,0,212
317,18,944.0,2968.0,9.0,12.0,0,179,3,209
317,19,743.0,2976.0,10.0,9.0,1,178,0,209
317,20,651.0,2972.0,22.0,14.0,1,185,0,209
317,22,920.0,2973.0,7.0,8.0,1,160,0,194
317,24,894.0,2977.0,10.0,8.0,1,163,0,190
317,25,983.0,2962.0,9.0,9.0,1,164,0,190
317,26,722.0,2978.0,10.0,8.0,0,162,1,187
317,27,890.0,2980.0,6.0,9.0,1,159,0,187
317,28,868.0,2981.0,10.0,11.0,1,159,0,182
317,29,843.0,2983.0,7.0,9.0,1,159,0,182
317,31,1008.0,2957.0,9.0,12.0,1,86,0,107
318,3,1699.0,3124.0,14.0,5.0,0,258,1,313
318,4,688.0,2980.0,8.0,7.0,0,195,2,243
318,5,806.0,2978.0,9.0,7.0,0,201,1,239
318,6,577.0,2966.0,11.0,26.0,1,199,0,235
318,7,1040.0,2961.0,9.0,6.0,1,195,0,235
318,8,916.0,2959.0,10.0,11.0,1,199,0,232
318,9,687.0,2980.0,10.0,12.0,1,199,0,230
318,10,604.0,2974.0,10.0,11.0,1,200,0,228
318,11,776.0,2975.0,10.0,6.0,1,187,0,224
318,12,636.0,2982.0,12.0,6.0,1,188,0,221
318,13,817.0,2982.0,11.0,8.0,1,193,0,221
318,16,1021.0,2957.0,8.0,9.0,1,183,0,213
318,17,966.0,2960.0,9.0,11.0,1,168,0,213
318,18,930.0,2980.0,5.0,9.0,1,180,0,210
318,19,739.0,2970.0,10.0,10.0,1,179,0,210
318,20,651.0,2972.0,22.0,14.0,0,185,1,210
318,22,912.0,2978.0,10.0,10.0,1,161,0,195
318,24,891.0,2977.0,10.0,9.0,1,164,0,191
318,25,982.0,2960.0,7.0,9.0,1,165,0,191
318,26,719.0,2980.0,7.0,7.0,1,163,0,188
318,27,883.0,2981.0,8.0,10.0,1,160,0,188
318,28,857.0,2981.0,12.0,13.0,1,160,0,183
318,29,839.0,2976.0,8.0,11.0,1,160,0,183
318,31,1008.0,2957.0,9.0,12.0,0,86,1,108
319,3,1689.0,3129.0,13.0,7.0,1,259,0,314
319,4,688.0,2980.0,8.0,7.0,0,195,3,244
319,5,792.0,2985.0,7.0,4.0,1,202,0,240
319,6,568.0,2968.0,10.0,9.0,1,200,0,236
319,7,1033.0,2963.0,9.0,7.0,1,196,0,236
319,8,911.0,2969.0,10.0,13.0,1,200,0,233
319,9,687.0,2980.0,10.0,12.0,0,199,1,231
319,10,592.0,2973.0,11.0,7.0,1,201,0,229
319,11,769.0,2985.0,11.0,6.0,1,188,0,225
319,12,631.0,2981.0,8.0,9.0,1,189,0,222
319,13,814.0,2976.0,9.0,6.0,1,194,0,222
319,16,1012.0,2963.0,11.0,6.0,1,184,0,214
319,17,960.0,2960.0,10.0,6.0,1,169,0,214
319,18,920.0,2975.0,9.0,13.0,1,181,0,211
319,19,736.0,2975.0,9.0,9.0,1,180,0,211
319,20,643.0,2975.0,19.0,10.0,1,186,0,211
319,22,905.0,2978.0,9.0,8.0,1,162,0,196
319,24,878.0,2982.0,11.0,8.0,1,165,0,192
319,25,974.0,2963.0,10.0,8.0,1,166,0,192
319,26,705.0,2979.0,9.0,6.0,1,164,0,189
319,27,871.0,2984.0,9.0,7.0,1,161,0,189
319,28,855.0,2981.0,9.0,9.0,1,161,0,184
319,29,828.0,2977.0,8.0,10.0,1,161,0,184
319,31,999.0,2964.0,5.0,9.0,1,87,0,109
320,3,1689.0,3129.0,13.0,7.0,0,259,1,315
320,4,656.0,2985.0,10.0,7.0,1,196,0,245
320,5,792.0,2985.0,7.0,4.0,0,202,1,241
320,6,571.0,2967.0,11.0,15.0,1,201,0,237
320,7,1027.0,2956.0,8.0,6.0,1,197,0,237
320,8,905.0,2965.0,11.0,10.0,1,201,0,234
320,9,681.0,2976.0,6.0,8.0,1,200,0,232
320,10,591.0,2968.0,9.0,8.0,1,202,0,230
320,11,760.0,2978.0,10.0,7.0,1,189,0,226
320,12,631.0,2981.0,8.0,9.0,0,189,1,223
320,13,810.0,2971.0,11.0,6.0,1,195,0,223
320,16,1007.0,2960.0,8.0,9.0,1,185,0,215
320,17,955.0,2966.0,9.0,10.0,1,170,0,215
320,18,920.0,2976.0,6.0,8.0,1,182,0,212
320,19,734.0,2971.0,8.0,11.0,1,181,0,212
320,20,635.0,2977.0,9.0,7.0,1,187,0,212
320,22,895.0,2972.0,10.0,12.0,1,163,0,197
320,24,879.0,2972.0,12.0,10.0,1,166,0,193
320,25,974.0,2963.0,10.0,8.0,0,166,1,193
320,26,699.0,2979.0,8.0,5.0,1,165,0,190
320,27,871.0,2978.0,8.0,9.0,1,162,0,190
320,28,850.0,2976.0,11.0,11.0,1,162,0,185
320,29,821.0,2982.0,8.0,9.0,1,162,0,185
320,31,990.0,2963.0,9.0,6.0,1,88,0,110
321,3,1690.0,3128.0,14.0,7.0,1,260,0,316
321,4,645.0,2980.0,9.0,5.0,1,197,0,246
321,5,784.0,2982.0,6.0,5.0,1,203,0,242
321,6,564.0,2970.0,7.0,7.0,1,202,0,238
321,7,1019.0,2960.0,9.0,6.0,1,198,0,238
321,8,903.0,2966.0,11.0,10.0,1,202,0,235
321,9,673.0,2981.0,7.0,8.0,1,201,0,233
321,10,579.0,2969.0,11.0,9.0,1,203,0,231
321,11,754.0,2977.0,11.0,7.0,1,190,0,227
321,12,631.0,2981.0,8.0,9.0,0,189,2,224
321,13,803.0,2981.0,10.0,6.0,1,196,0,224
321,16,1009.0,2953.0,7.0,5.0,1,186,0,216
321,17,926.0,2961.0,10.0,7.0,1,171,0,216
321,18,911.0,2978.0,8.0,9.0,1,183,0,213
321,19,723.0,2976.0,10.0,8.0,1,182,0,213
321,20,632.0,2978.0,9.0,5.0,1,188,0,213
321,22,895.0,2972.0,10.0,12.0,0,163,1,198
321,24,879.0,2979.0,10.0,10.0,1,167,0,194
321,25,955.0,2964.0,9.0,5.0,1,167,0,194
321,26,692.0,2978.0,7.0,6.0,1,166,0,191
321,27,871.0,2978.0,8.0,9.0,0,162,1,191
321,28,850.0,2976.0,11.0,11.0,0,162,1,186
321,29,813.0,2981.0,9.0,5.0,1,163,0,186
321,31,985.0,2953.0,8.0,9.0,1,89,0,111
322,3,1686.0,3132.0,12.0,7.0,1,261,0,317
322,4,645.0,2980.0,9.0,5.0,0,197,1,247
322,5,784.0,2982.0,6.0,5.0,0,203,1,243
322,6,556.0,2968.0,12.0,8.0,1,203,0,239
322,7,1016.0,2960.0,9.0,7.0,1,199,0,239
322,8,897.0,2963.0,11.0,10.0,1,203,0,236
322,9,665.0,2978.0,10.0,9.0,1,202,0,234
322,10,568.0,2969.0,12.0,9.0,1,204,0,232
322,11,754.0,2977.0,11.0,7.0,0,190,1,228
322,12,603.0,2971.0,18.0,16.0,1,190,0,225
322,13,803.0,2981.0,10.0,6.0,0,196,1,225
322,16,998.0,2954.0,8.0,9.0,1,187,0,217
322,17,936.0,2959.0,11.0,9.0,1,172,0,217
322,18,906.0,2975.0,7.0,9.0,1,184,0,214
322,19,720.0,2972.0,9.0,8.0,1,183,0,214
322,20,632.0,2966.0,8.0,9.0,1,189,0,214
322,22,889.0,2975.0,9.0,9.0,1,164,0,199
322,24,872.0,2977.0,8.0,10.0,1,168,0,195
322,25,958.0,2964.0,7.0,10.0,1,168,0,195
322,26,691.0,2976.0,8.0,4.0,1,167,0,192
322,27,857.0,2984.0,8.0,9.0,1,163,0,192
322,28,842.0,2980.0,11.0,11.0,1,163,0,187
322,29,810.0,2975.0,9.0,9.0,1,164,0,187
322,31,990.0,2971.0,8.0,6.0,1,90,0,112
323,3,1686.0,3132.0,12.0,7.0,0,261,1,318
323,4,642.0,2976.0,9.0,8.0,1,198,0,248
323,5,784.0,2982.0,6.0,5.0,0,203,2,244
323,6,547.0,2963.0,14.0,11.0,1,204,0,240
323,7,995.0,2959.0,9.0,7.0,1,200,0,240
323,8,887.0,2964.0,9.0,9.0,1,204,0,237
323,9,656.0,2979.0,6.0,5.0,1,203,0,235
323,10,568.0,2969.0,12.0,9.0,0,204,1,233
323,11,743.0,2968.0,9.0,5.0,1,191,0,229
323,12,603.0,2971.0,18.0,16.0,0,190,1,226
323,13,793.0,2980.0,7.0,5.0,1,197,0,226
323,16,959.0,2958.0,8.0,8.0,1,188,0,218
323,17,912.0,2958.0,11.0,8.0,1,173,0,218
323,18,898.0,2967.0,8.0,12.0,1,185,0,215
323,19,713.0,2973.0,10.0,8.0,1,184,0,215
323,20,619.0,2983.0,9.0,5.0,1,190,0,215
323,22,878.0,2973.0,9.0,10.0,1,165,0,200
323,24,858.0,2980.0,9.0,8.0,1,169,0,196
323,25,939.0,2959.0,6.0,9.0,1,169,0,196
323,26,682.0,2979.0,10.0,7.0,1,168,0,193
323,27,847.0,2980.0,9.0,7.0,1,164,0,193
323,28,842.0,2980.0,11.0,11.0,0,163,1,188
323,29,803.0,2979.0,11.0,5.0,1,165,0,188
323,31,974.0,2963.0,7.0,10.0,1,91,0,113
324,3,1677.0,3133.0,14.0,6.0,1,262,0,319
324,4,631.0,2982.0,7.0,6.0,1,199,0,249
324,5,759.0,2974.0,5.0,8.0,1,204,0,245
324,6,537.0,2959.0,11.0,11.0,1,205,0,241
324,7,1011.0,2961.0,7.0,5.0,1,201,0,241
324,8,905.0,2960.0,9.0,9.0,1,205,0,238
324,9,656.0,2982.0,9.0,6.0,1,204,0,236
324,10,565.0,2967.0,9.0,8.0,1,205,0,234
324,11,733.0,2979.0,11.0,7.0,1,192,0,230
324,12,599.0,2975.0,14.0,17.0,1,191,0,227
324,13,788.0,2983.0,7.0,5.0,1,198,0,227
324,16,994.0,2956.0,10.0,6.0,1,189,0,219
324,17,947.0,2964.0,9.0,11.0,1,174,0,219
324,18,892.0,2968.0,12.0,10.0,1,186,0,216
324,19,713.0,2973.0,10.0,8.0,0,184,1,216
324,20,616.0,2982.0,8.0,6.0,1,191,0,216
324,22,899.0,2973.0,6.0,11.0,1,166,0,201
324,24,852.0,2978.0,12.0,9.0,1,170,0,197
324,25,936.0,2963.0,9.0,8.0,1,170,0,197
324,26,673.0,2968.0,11.0,7.0,1,169,0,194
324,27,844.0,2980.0,10.0,9.0,1,165,0,194
324,28,875.0,2970.0,10.0,13.0,1,164,0,189
324,29,796.0,2976.0,10.0,8.0,1,166,0,189
324,31,972.0,2960.0,6.0,6.0,1,92,0,114
325,3,1680.0,3134.0,16.0,7.0,1,263,0,320
325,4,627.0,2982.0,9.0,5.0,1,200,0,250
325,5,758.0,2982.0,9.0,5.0,1,205,0,246
325,6,539.0,2970.0,10.0,9.0,1,206,0,242
325,7,1003.0,2958.0,6.0,7.0,1,202,0,242
325,8,905.0,2960.0,9.0,9.0,0,205,1,239
325,9,656.0,2982.0,9.0,6.0,0,204,1,237
325,10,563.0,2972.0,6.0,5.0,1,206,0,235
325,11,733.0,2979.0,11.0,7.0,0,192,1,231
325,12,593.0,2971.0,13.0,16.0,1,192,0,228
325,13,773.0,2981.0,8.0,5.0,1,199,0,228
325,16,985.0,2951.0,7.0,9.0,1,190,0,220
325,17,934.0,2957.0,6.0,12.0,1,175,0,220
325,18,888.0,2973.0,9.0,10.0,1,187,0,217
325,19,699.0,2970.0,10.0,8.0,1,185,0,217
325,20,608.0,2977.0,6.0,6.0,1,192,0,217
325,22,867.0,2970.0,10.0,10.0,1,167,0,202
325,24,840.0,2980.0,5.0,5.0,1,171,0,198
325,25,943.0,2952.0,9.0,9.0,1,171,0,198
325,26,669.0,2981.0,10.0,6.0,1,170,0,195
325,27,820.0,2975.0,12.0,12.0,1,166,0,195
325,28,851.0,2980.0,8.0,5.0,1,165,0,190
325,29,789.0,2977.0,7.0,5.0,1,167,0,190
325,31,963.0,2968.0,8.0,5.0,1,93,0,115
326,3,1679.0,3138.0,15.0,7.0,1,264,0,321
326,4,627.0,2982.0,9.0,5.0,0,200,1,251
326,5,750.0,2983.0,12.0,5.0,1,206,0,247
326,6,531.0,2966.0,11.0,9.0,1,207,0,243
326,7,1003.0,2958.0,6.0,7.0,0,202,1,243
326,8,894.0,2962.0,9.0,10.0,1,206,0,240
326,9,633.0,2978.0,11.0,8.0,1,205,0,238
326,10,555.0,2967.0,9.0,7.0,1,207,0,236
326,11,723.0,2978.0,8.0,6.0,1,193,0,232
326,12,585.0,2972.0,16.0,12.0,1,193,0,229
326,13,773.0,2981.0,8.0,5.0,0,199,1,229
326,16,975.0,2955.0,10.0,11.0,1,191,0,221
326,17,923.0,2960.0,11.0,10.0,1,176,0,221
326,18,883.0,2968.0,12.0,10.0,1,188,0,218
326,19,692.0,2973.0,9.0,6.0,1,186,0,218
326,20,601.0,2984.0,6.0,5.0,1,193,0,218
326,22,865.0,2972.0,9.0,11.0,1,168,0,203
326,24,831.0,2973.0,8.0,9.0,1,172,0,199
326,25,942.0,2968.0,9.0,7.0,1,172,0,199
326,26,661.0,2973.0,10.0,7.0,1,171,0,196
326,27,813.0,2974.0,13.0,11.0,1,167,0,196
326,28,844.0,2977.0,10.0,10.0,1,166,0,191
326,29,786.0,2978.0,9.0,9.0,1,168,0,191
326,31,964.0,2968.0,6.0,9.0,1,94,0,116
327,3,1682.0,3142.0,15.0,7.0,1,265,0,322
327,4,612.0,2983.0,8.0,6.0,1,201,0,252
327,5,746.0,2975.0,11.0,6.0,1,207,0,248
327,6,531.0,2966.0,11.0,9.0,0,207,1,244
327,7,991.0,2957.0,7.0,11.0,1,203,0,244
327,8,896.0,2964.0,8.0,7.0,1,207,0,241
327,9,635.0,2978.0,8.0,5.0,1,206,0,239
327,10,555.0,2967.0,9.0,7.0,0,207,1,237
327,11,723.0,2978.0,8.0,6.0,0,193,1,233
327,12,575.0,2975.0,17.0,8.0,1,194,0,230
327,13,773.0,2981.0,8.0,5.0,0,199,2,230
327,16,972.0,2953.0,10.0,8.0,1,192,0,222
327,17,918.0,2959.0,11.0,11.0,1,177,0,222
327,18,874.0,2975.0,8.0,9.0,1,189,0,219
327,19,692.0,2973.0,9.0,6.0,0,186,1,219
327,20,609.0,2979.0,6.0,8.0,1,194,0,219
327,22,871.0,2963.0,9.0,12.0,1,169,0,204
327,24,823.0,2982.0,10.0,7.0,1,173,0,200
327,25,931.0,2961.0,9.0,10.0,1,173,0,200
327,26,659.0,2978.0,9.0,6.0,1,172,0,197
327,27,805.0,2970.0,11.0,9.0,1,168,0,197
327,28,846.0,2978.0,7.0,8.0,1,167,0,192
327,29,771.0,2975.0,9.0,6.0,1,169,0,192
327,31,958.0,2958.0,7.0,7.0,1,95,0,117
328,3,1682.0,3142.0,15.0,7.0,0,265,1,323
328,4,610.0,2977.0,5.0,4.0,1,202,0,253
328,5,746.0,2975.0,11.0,6.0,0,207,1,249
328,6,518.0,2961.0,13.0,13.0,1,208,0,245
328,7,991.0,2957.0,7.0,11.0,0,203,1,245
328,8,896.0,2964.0,8.0,7.0,0,207,1,242
328,9,635.0,2978.0,8.0,5.0,0,206,1,240
328,10,555.0,2967.0,9.0,7.0,0,207,2,238
328,11,708.0,2973.0,11.0,6.0,1,194,0,234
328,12,574.0,2969.0,18.0,17.0,1,195,0,231
328,13,773.0,2981.0,8.0,5.0,0,199,3,231
328,16,970.0,2954.0,10.0,8.0,1,193,0,223
328,17,917.0,2962.0,9.0,10.0,1,178,0,223
328,18,868.0,2979.0,9.0,8.0,1,190,0,220
328,19,686.0,2966.0,9.0,9.0,1,187,0,220
328,20,609.0,2979.0,6.0,8.0,0,194,1,220
328,22,858.0,2970.0,7.0,11.0,1,170,0,205
328,24,819.0,2984.0,9.0,9.0,1,174,0,201
328,25,931.0,2961.0,9.0,10.0,0,173,1,201
328,26,652.0,2978.0,11.0,5.0,1,173,0,198
328,27,805.0,2970.0,11.0,9.0,0,168,1,198
328,28,827.0,2980.0,8.0,8.0,1,168,0,193
328,29,777.0,2976.0,9.0,5.0,1,170,0,193
328,31,948.0,2961.0,6.0,10.0,1,96,0,118
329,3,1678.0,3139.0,15.0,5.0,1,266,0,324
329,4,607.0,2979.0,9.0,8.0,1,203,0,254
329,5,730.0,2977.0,8.0,7.0,1,208,0,250
329,6,518.0,2961.0,13.0,13.0,0,208,1,246
329,7,980.0,2957.0,9.0,10.0,1,204,0,246
329,8,878.0,2960.0,10.0,9.0,1,208,0,243
329,9,635.0,2978.0,8.0,5.0,0,206,2,241
329,10,534.0,2965.0,12.0,8.0,1,208,0,239
329,11,702.0,2972.0,11.0,6.0,1,195,0,235
329,12,561.0,2962.0,15.0,17.0,1,196,0,232
329,13,773.0,2981.0,8.0,5.0,0,199,4,232
329,16,965.0,2960.0,7.0,9.0,1,194,0,224
329,17,906.0,2954.0,8.0,9.0,1,179,0,224
329,18,864.0,2971.0,9.0,10.0,1,191,0,221
329,19,675.0,2971.0,11.0,8.0,1,188,0,221
329,20,589.0,2973.0,9.0,9.0,1,195,0,221
329,22,860.0,2964.0,9.0,11.0,1,171,0,206
329,24,816.0,2976.0,9.0,8.0,1,175,0,202
329,25,928.0,2953.0,10.0,8.0,1,174,0,202
329,26,648.0,2973.0,10.0,7.0,1,174,0,199
329,27,788.0,2983.0,14.0,10.0,1,169,0,199
329,28,844.0,2971.0,9.0,7.0,1,169,0,194
329,29,777.0,2976.0,9.0,5.0,0,170,1,194
329,31,948.0,2961.0,6.0,10.0,0,96,1,119
330,3,1671.0,3137.0,16.0,8.0,1,267,0,325
330,4,606.0,2976.0,11.0,7.0,1,204,0,255
330,5,724.0,2975.0,9.0,8.0,1,209,0,251
330,6,510.0,2962.0,16.0,9.0,1,209,0,247
330,7,980.0,2957.0,9.0,10.0,0,204,1,247
330,8,874.0,2959.0,11.0,10.0,1,209,0,244
330,9,635.0,2978.0,8.0,5.0,0,206,3,242
330,10,536.0,2970.0,9.0,7.0,1,209,0,240
330,11,696.0,2973.0,10.0,6.0,1,196,0,236
330,12,561.0,2962.0,15.0,17.0,0,196,1,233
330,13,748.0,2971.0,6.0,8.0,1,200,0,233
330,16,959.0,2952.0,7.0,11.0,1,195,0,225
330,17,911.0,2960.0,6.0,6.0,1,180,0,225
330,18,855.0,2967.0,11.0,8.0,1,192,0,222
330,19,664.0,2972.0,11.0,9.0,1,189,0,222
330,20,585.0,2971.0,6.0,7.0,1,196,0,222
330,22,821.0,2979.0,9.0,7.0,1,172,0,207
330,24,805.0,2982.0,7.0,9.0,1,176,0,203
330,25,915.0,2958.0,11.0,9.0,1,175,0,203
330,26,638.0,2977.0,11.0,8.0,1,175,0,200
330,27,793.0,2979.0,11.0,8.0,1,170,0,200
330,28,834.0,2971.0,11.0,10.0,1,170,0,195
330,29,761.0,2980.0,5.0,5.0,1,171,0,195
330,31,947.0,2961.0,6.0,11.0,1,97,0,120
331,3,1677.0,3140.0,13.0,6.0,1,268,0,326
331,4,591.0,2971.0,10.0,7.0,1,205,0,256
331,5,717.0,2978.0,9.0,7.0,1,210,0,252
331,6,510.0,2962.0,16.0,9.0,0,209,1,248
331,7,980.0,2957.0,9.0,10.0,0,204,2,248
331,8,866.0,2960.0,11.0,11.0,1,210,0,245
331,9,600.0,2978.0,12.0,7.0,1,207,0,243
331,10,523.0,2965.0,9.0,7.0,1,210,0,241
331,11,693.0,2972.0,10.0,6.0,1,197,0,237
331,12,552.0,2971.0,16.0,14.0,1,197,0,234
331,13,748.0,2971.0,6.0,8.0,0,200,1,234
331,16,949.0,2953.0,10.0,8.0,1,196,0,226
331,17,894.0,2958.0,10.0,8.0,1,181,0,226
331,18,857.0,2976.0,12.0,6.0,1,193,0,223
331,19,664.0,2972.0,11.0,9.0,0,189,1,223
331,20,569.0,2979.0,7.0,8.0,1,197,0,223
331,22,817.0,2978.0,11.0,8.0,1,173,0,208
331,24,800.0,2979.0,10.0,7.0,1,177,0,204
331,25,916.0,2960.0,8.0,8.0,1,176,0,204
331,26,638.0,2977.0,11.0,8.0,0,175,1,201
331,27,793.0,2979.0,11.0,8.0,0,170,1,201
331,28,851.0,2974.0,10.0,7.0,1,171,0,196
331,29,763.0,2976.0,10.0,5.0,1,172,0,196
331,31,934.0,2960.0,10.0,9.0,1,98,0,121
332,3,1668.0,3144.0,14.0,6.0,1,269,0,327
332,4,577.0,2972.0,8.0,8.0,1,206,0,257
332,5,719.0,2974.0,5.0,5.0,1,211,0,253
332,6,497.0,2967.0,12.0,10.0,1,210,0,249
332,7,980.0,2957.0,9.0,10.0,0,204,3,249
332,8,863.0,2960.0,14.0,9.0,1,211,0,246
332,9,600.0,2978.0,12.0,7.0,0,207,1,244
332,10,523.0,2965.0,9.0,7.0,0,210,1,242
332,11,693.0,2972.0,10.0,6.0,0,197,1,238
332,12,549.0,2969.0,16.0,13.0,1,198,0,235
332,13,748.0,2971.0,6.0,8.0,0,200,2,235
332,16,949.0,2957.0,9.0,8.0,1,197,0,227
332,17,893.0,2961.0,7.0,8.0,1,182,0,227
332,18,845.0,2970.0,10.0,8.0,1,194,0,224
332,19,649.0,2966.0,10.0,10.0,1,190,0,224
332,20,574.0,2969.0,8.0,7.0,1,198,0,224
332,22,804.0,2982.0,11.0,8.0,1,174,0,209
332,24,796.0,2976.0,11.0,7.0,1,178,0,205
332,25,908.0,2963.0,9.0,6.0,1,177,0,205
332,26,630.0,2975.0,9.0,8.0,1,176,0,202
332,27,779.0,2980.0,9.0,10.0,1,171,0,202
332,28,826.0,2971.0,11.0,11.0,1,172,0,197
332,29,751.0,2976.0,9.0,5.0,1,173,0,197
332,31,934.0,2962.0,9.0,9.0,1,99,0,122
333,3,1673.0,3141.0,14.0,7.0,1,270,0,328
333,4,583.0,2977.0,6.0,4.0,1,207,0,258
333,5,719.0,2974.0,5.0,5.0,0,211,1,254
333,6,490.0,2961.0,11.0,8.0,1,211,0,250
333,7,964.0,2960.0,7.0,6.0,1,205,0,250
333,8,855.0,2954.0,11.0,11.0,1,212,0,247
333,9,593.0,2979.0,8.0,10.0,1,208,0,245
333,10,523.0,2965.0,9.0,7.0,0,210,2,243
333,11,680.0,2975.0,9.0,8.0,1,198,0,239
333,12,539.0,2967.0,17.0,15.0,1,199,0,236
333,13,748.0,2971.0,6.0,8.0,0,200,3,236
333,16,944.0,2953.0,7.0,6.0,1,198,0,228
333,17,881.0,2960.0,10.0,6.0,1,183,0,228
333,18,846.0,2973.0,7.0,11.0,1,195,0,225
333,19,654.0,2968.0,9.0,7.0,1,191,0,225
333,20,574.0,2969.0,8.0,7.0,0,198,1,225
333,22,837.0,2959.0,9.0,11.0,1,175,0,210
333,24,799.0,2978.0,9.0,6.0,1,179,0,206
333,25,906.0,2963.0,7.0,6.0,1,178,0,206
333,26,616.0,2975.0,12.0,10.0,1,177,0,203
333,27,787.0,2983.0,11.0,8.0,1,172,0,203
333,28,825.0,2972.0,12.0,8.0,1,173,0,198
333,29,748.0,2972.0,9.0,8.0,1,174,0,198
333,31,928.0,2970.0,6.0,7.0,1,100,0,123
334,3,1675.0,3148.0,15.0,7.0,1,271,0,329
334,4,568.0,2974.0,11.0,9.0,1,208,0,259
334,5,697.0,2978.0,10.0,5.0,1,212,0,255
334,6,490.0,2964.0,10.0,6.0,1,212,0,251
334,7,951.0,2956.0,9.0,8.0,1,206,0,251
334,8,855.0,2954.0,11.0,11.0,0,212,1,248
334,9,589.0,2974.0,13.0,8.0,1,209,0,246
334,10,510.0,2968.0,9.0,5.0,1,211,0,244
334,11,679.0,2969.0,10.0,6.0,1,199,0,240
334,12,535.0,2970.0,16.0,11.0,1,200,0,237
334,13,721.0,2969.0,9.0,7.0,1,201,0,237
334,16,944.0,2953.0,7.0,6.0,0,198,1,229
334,17,882.0,2956.0,10.0,9.0,1,184,0,229
334,18,845.0,2973.0,9.0,9.0,1,196,0,226
334,19,648.0,2967.0,10.0,10.0,1,192,0,226
334,20,574.0,2969.0,8.0,7.0,0,198,2,226
334,22,837.0,2959.0,9.0,11.0,0,175,1,211
334,24,796.0,2980.0,11.0,6.0,1,180,0,207
334,25,900.0,2965.0,9.0,10.0,1,179,0,207
334,26,615.0,2971.0,12.0,7.0,1,178,0,204
334,27,782.0,2975.0,10.0,8.0,1,173,0,204
334,28,836.0,2966.0,10.0,11.0,1,174,0,199
334,29,761.0,2977.0,12.0,7.0,1,175,0,199
334,31,923.0,2964.0,10.0,7.0,1,101,0,124
335,3,1670.0,3142.0,16.0,7.0,1,272,0,330
335,4,568.0,2974.0,11.0,9.0,0,208,1,260
335,5,693.0,2981.0,7.0,5.0,1,213,0,256
335,6,485.0,2961.0,7.0,8.0,1,213,0,252
335,7,951.0,2954.0,11.0,4.0,1,207,0,252
335,8,837.0,2959.0,15.0,12.0,1,213,0,249
335,9,589.0,2974.0,13.0,8.0,0,209,1,247
335,10,499.0,2964.0,10.0,7.0,1,212,0,245
335,11,669.0,2966.0,9.0,9.0,1,200,0,241
335,12,535.0,2970.0,16.0,11.0,0,200,1,238
335,13,711.0,2966.0,9.0,6.0,1,202,0,238
335,16,944.0,2953.0,7.0,6.0,0,198,2,230
335,17,882.0,2956.0,10.0,9.0,0,184,1,230
335,18,832.0,2979.0,8.0,5.0,1,197,0,227
335,19,640.0,2969.0,9.0,10.0,1,193,0,227
335,20,549.0,2979.0,8.0,7.0,1,199,0,227
335,22,817.0,2977.0,9.0,7.0,1,176,0,212
335,24,796.0,2980.0,11.0,6.0,0,180,1,208
335,25,894.0,2953.0,11.0,9.0,1,180,0,208
335,26,615.0,2971.0,12.0,7.0,0,178,1,205
335,27,779.0,2977.0,10.0,7.0,1,174,0,205
335,28,830.0,2966.0,11.0,9.0,1,175,0,200
335,29,726.0,2979.0,11.0,10.0,1,176,0,200
335,31,920.0,2957.0,6.0,10.0,1,102,0,125
336,3,1665.0,3144.0,16.0,8.0,1,273,0,331
336,4,555.0,2969.0,11.0,13.0,1,209,0,261
336,5,693.0,2974.0,7.0,10.0,1,214,0,257
336,6,467.0,2959.0,12.0,6.0,1,214,0,253
336,7,951.0,2954.0,11.0,4.0,0,207,1,253
336,8,842.0,2956.0,15.0,11.0,1,214,0,250
336,9,589.0,2974.0,13.0,8.0,0,209,2,248
336,10,500.0,2961.0,10.0,7.0,1,213,0,246
336,11,661.0,2968.0,7.0,5.0,1,201,0,242
336,12,523.0,2968.0,17.0,15.0,1,201,0,239
336,13,708.0,2978.0,10.0,8.0,1,203,0,239
336,16,944.0,2953.0,7.0,6.0,0,198,3,231
336,17,871.0,2956.0,5.0,8.0,1,185,0,231
336,18,832.0,2979.0,8.0,5.0,0,197,1,228
336,19,627.0,2960.0,10.0,9.0,1,194,0,228
336,20,544.0,2971.0,9.0,8.0,1,200,0,228
336,22,803.0,2970.0,11.0,9.0,1,177,0,213
336,24,789.0,2971.0,12.0,8.0,1,181,0,209
336,25,891.0,2953.0,10.0,8.0,1,181,0,209
336,26,606.0,2970.0,10.0,11.0,1,179,0,206
336,27,764.0,2979.0,10.0,5.0,1,175,0,206
336,28,824.0,2959.0,10.0,11.0,1,176,0,201
336,29,730.0,2979.0,9.0,7.0,1,177,0,201
336,31,920.0,2957.0,6.0,10.0,0,102,1,126
337,3,1665.0,3144.0,16.0,8.0,0,273,1,332
337,4,553.0,2972.0,10.0,10.0,1,210,0,262
337,5,693.0,2974.0,7.0,10.0,0,214,1,258
337,6,469.0,2966.0,8.0,6.0,1,215,0,254
337,7,946.0,2960.0,5.0,8.0,1,208,0,254
337,8,838.0,2950.0,15.0,11.0,1,215,0,251
337,9,589.0,2974.0,13.0,8.0,0,209,3,249
337,10,500.0,2961.0,10.0,7.0,0,213,1,247
337,11,655.0,2971.0,12.0,8.0,1,202,0,243
337,12,523.0,2968.0,17.0,15.0,0,201,1,240
337,13,703.0,2978.0,11.0,7.0,1,204,0,240
337,16,930.0,2957.0,9.0,7.0,1,199,0,232
337,17,868.0,2958.0,8.0,6.0,1,186,0,232
337,18,827.0,2975.0,8.0,9.0,1,198,0,229
337,19,627.0,2960.0,10.0,9.0,0,194,1,229
337,20,536.0,2970.0,9.0,8.0,1,201,0,229
337,22,802.0,2973.0,11.0,7.0,1,178,0,214
337,24,773.0,2976.0,12.0,7.0,1,182,0,210
337,25,891.0,2953.0,10.0,8.0,0,181,1,210
337,26,606.0,2970.0,10.0,11.0,0,179,1,207
337,27,759.0,2978.0,10.0,5.0,1,176,0,207
337,28,824.0,2959.0,10.0,11.0,0,176,1,202
337,29,723.0,2971.0,8.0,9.0,1,178,0,202
337,31,905.0,2965.0,10.0,7.0,1,103,0,127
338,3,1665.0,3144.0,16.0,8.0,0,273,2,333
338,4,553.0,2972.0,10.0,10.0,0,210,1,263
338,5,671.0,2977.0,9.0,10.0,1,215,0,259
338,6,464.0,2958.0,11.0,8.0,1,216,0,255
338,7,943.0,2961.0,6.0,10.0,1,209,0,255
338,8,833.0,2965.0,13.0,9.0,1,216,0,252
338,9,563.0,2972.0,13.0,13.0,1,210,0,250
338,10,481.0,2963.0,10.0,8.0,1,214,0,248
338,11,651.0,2969.0,8.0,8.0,1,203,0,244
338,12,517.0,2957.0,14.0,10.0,1,202,0,241
338,13,702.0,2969.0,10.0,9.0,1,205,0,241
338,16,916.0,2949.0,10.0,9.0,1,200,0,233
338,17,868.0,2958.0,8.0,6.0,0,186,1,233
338,18,815.0,2974.0,10.0,10.0,1,199,0,230
338,19,620.0,2966.0,10.0,10.0,1,195,0,230
338,20,531.0,2968.0,7.0,9.0,1,202,0,230
338,22,795.0,2975.0,12.0,9.0,1,179,0,215
338,24,765.0,2977.0,12.0,8.0,1,183,0,211
338,25,891.0,2953.0,10.0,8.0,0,181,2,211
338,26,589.0,2974.0,11.0,10.0,1,180,0,208
338,27,758.0,2979.0,8.0,5.0,1,177,0,208
338,28,815.0,2962.0,9.0,11.0,1,177,0,203
338,29,713.0,2976.0,9.0,6.0,1,179,0,203
338,31,902.0,2964.0,10.0,9.0,1,104,0,128
339,3,1664.0,3150.0,17.0,8.0,1,274,0,334
339,4,530.0,2973.0,9.0,8.0,1,211,0,264
339,5,671.0,2975.0,5.0,10.0,1,216,0,260
339,6,458.0,2953.0,10.0,11.0,1,217,0,256
339,7,933.0,2953.0,13.0,8.0,1,210,0,256
339,8,830.0,2958.0,14.0,11.0,1,217,0,253
339,9,552.0,2973.0,11.0,8.0,1,211,0,251
339,10,481.0,2963.0,10.0,8.0,0,214,1,249
339,11,644.0,2965.0,13.0,12.0,1,204,0,245
339,12,509.0,2968.0,15.0,13.0,1,203,0,242
339,13,688.0,2968.0,10.0,8.0,1,206,0,242
339,16,916.0,2949.0,10.0,9.0,0,200,1,234
339,17,857.0,2952.0,11.0,7.0,1,187,0,234
339,18,812.0,2981.0,11.0,6.0,1,200,0,231
339,19,615.0,2973.0,9.0,9.0,1,196,0,231
339,20,531.0,2968.0,7.0,9.0,0,202,1,231
339,22,795.0,2975.0,12.0,9.0,0,179,1,216
339,24,767.0,2976.0,11.0,7.0,1,184,0,212
339,25,872.0,2949.0,11.0,10.0,1,182,0,212
339,26,577.0,2976.0,10.0,8.0,1,181,0,209
339,27,750.0,2976.0,9.0,9.0,1,178,0,209
339,28,805.0,2965.0,12.0,11.0,1,178,0,204
339,29,707.0,2976.0,11.0,8.0,1,180,0,204
339,31,899.0,2958.0,11.0,9.0,1,105,0,129
340,3,1664.0,3150.0,17.0,8.0,0,274,1,335
340,4,524.0,2965.0,8.0,10.0,1,212,0,265
340,5,661.0,2962.0,9.0,9.0,1,217,0,261
340,6,444.0,2964.0,11.0,8.0,1,218,0,257
340,7,933.0,2953.0,13.0,8.0,0,210,1,257
340,8,823.0,2954.0,12.0,12.0,1,218,0,254
340,9,537.0,2963.0,11.0,10.0,1,212,0,252
340,10,480.0,2967.0,6.0,6.0,1,215,0,250
340,11,644.0,2965.0,13.0,12.0,0,204,1,246
340,12,504.0,2969.0,12.0,13.0,1,204,0,243
340,13,688.0,2973.0,10.0,10.0,1,207,0,243
340,16,916.0,2962.0,10.0,6.0,1,201,0,235
340,17,854.0,2963.0,9.0,7.0,1,188,0,235
340,18,805.0,2980.0,11.0,8.0,1,201,0,232
340,19,615.0,2973.0,9.0,9.0,0,196,1,232
340,20,531.0,2968.0,7.0,9.0,0,202,2,232
340,22,795.0,2975.0,12.0,9.0,0,179,2,217
340,24,767.0,2976.0,11.0,7.0,0,184,1,213
340,25,869.0,2962.0,10.0,8.0,1,183,0,213
340,26,578.0,2967.0,10.0,8.0,1,182,0,210
340,27,741.0,2979.0,6.0,4.0,1,179,0,210
340,28,803.0,2964.0,13.0,10.0,1,179,0,205
340,29,727.0,2975.0,12.0,9.0,1,181,0,205
340,31,891.0,2956.0,13.0,7.0,1,106,0,130
341,3,1667.0,3146.0,16.0,7.0,1,275,0,336
341,4,524.0,2965.0,8.0,10.0,0,212,1,266
341,5,660.0,2968.0,5.0,6.0,1,218,0,262
341,6,448.0,2955.0,12.0,10.0,1,219,0,258
341,7,925.0,2961.0,8.0,9.0,1,211,0,258
341,8,813.0,2946.0,13.0,9.0,1,219,0,255
341,9,544.0,2973.0,11.0,9.0,1,213,0,253
341,10,480.0,2967.0,6.0,6.0,0,215,1,251
341,11,630.0,2968.0,13.0,9.0,1,205,0,247
341,12,502.0,2969.0,9.0,13.0,1,205,0,244
341,13,684.0,2970.0,9.0,5.0,1,208,0,244
341,16,902.0,2954.0,10.0,6.0,1,202,0,236
341,17,854.0,2963.0,9.0,7.0,0,188,1,236
341,18,805.0,2980.0,11.0,8.0,0,201,1,233
341,19,602.0,2961.0,11.0,7.0,1,197,0,233
341,20,510.0,2966.0,10.0,9.0,1,203,0,233
341,22,795.0,2975.0,12.0,9.0,0,179,3,218
341,24,767.0,2976.0,11.0,7.0,0,184,2,214
341,25,870.0,2952.0,10.0,9.0,1,184,0,214
341,26,565.0,2967.0,10.0,7.0,1,183,0,211
341,27,737.0,2981.0,10.0,7.0,1,180,0,211
341,28,802.0,2962.0,13.0,10.0,1,180,0,206
341,29,694.0,2976.0,10.0,8.0,1,182,0,206
341,31,886.0,2954.0,12.0,8.0,1,107,0,131
342,3,1667.0,3150.0,16.0,7.0,1,276,0,337
342,4,511.0,2964.0,8.0,12.0,1,213,0,267
342,5,656.0,2963.0,6.0,9.0,1,219,0,263
342,6,442.0,2960.0,10.0,7.0,1,220,0,259
342,7,920.0,2954.0,9.0,9.0,1,212,0,259
342,8,808.0,2957.0,15.0,13.0,1,220,0,256
342,9,538.0,2968.0,10.0,7.0,1,214,0,254
342,10,463.0,2963.0,10.0,6.0,1,216,0,252
342,11,628.0,2964.0,8.0,10.0,1,206,0,248
342,12,497.0,2969.0,10.0,9.0,1,206,0,245
342,13,692.0,2972.0,9.0,5.0,1,209,0,245
342,16,902.0,2954.0,10.0,6.0,0,202,1,237
342,17,841.0,2963.0,9.0,8.0,1,189,0,237
342,18,805.0,2980.0,11.0,8.0,0,201,2,234
342,19,602.0,2961.0,11.0,7.0,0,197,1,234
342,20,522.0,2965.0,9.0,10.0,1,204,0,234
342,22,773.0,2977.0,8.0,9.0,1,180,0,219
342,24,767.0,2976.0,11.0,7.0,0,184,3,215
342,25,870.0,2952.0,10.0,9.0,0,184,1,215
342,26,564.0,2973.0,12.0,8.0,1,184,0,212
342,27,733.0,2973.0,7.0,6.0,1,181,0,212
342,28,795.0,2962.0,12.0,11.0,1,181,0,207
342,29,713.0,2967.0,13.0,11.0,1,183,0,207
342,31,883.0,2958.0,10.0,8.0,1,108,0,132
343,3,1664.0,3146.0,15.0,7.0,1,277,0,338
343,4,508.0,2966.0,6.0,11.0,1,214,0,268
343,5,645.0,2970.0,9.0,5.0,1,220,0,264
343,6,435.0,2953.0,8.0,10.0,1,221,0,260
343,7,920.0,2953.0,10.0,7.0,1,213,0,260
343,8,804.0,2954.0,15.0,9.0,1,221,0,257
343,9,537.0,2969.0,10.0,11.0,1,215,0,255
343,10,463.0,2966.0,9.0,8.0,1,217,0,253
343,11,621.0,2970.0,9.0,10.0,1,207,0,249
343,12,486.0,2964.0,11.0,12.0,1,207,0,246
343,13,665.0,2967.0,10.0,8.0,1,210,0,246
343,16,896.0,2959.0,11.0,6.0,1,203,0,238
343,17,837.0,2952.0,11.0,10.0,1,190,0,238
343,18,786.0,2979.0,11.0,11.0,1,202,0,235
343,19,589.0,2963.0,10.0,5.0,1,198,0,235
343,20,520.0,2966.0,7.0,6.0,1,205,0,235
343,22,763.0,2967.0,11.0,7.0,1,181,0,220
343,24,767.0,2976.0,11.0,7.0,0,184,4,216
343,25,848.0,2952.0,11.0,9.0,1,185,0,216
343,26,561.0,2976.0,10.0,7.0,1,185,0,213
343,27,724.0,2969.0,7.0,9.0,1,182,0,213
343,28,792.0,2965.0,13.0,10.0,1,182,0,208
343,29,691.0,2977.0,9.0,8.0,1,184,0,208
343,31,881.0,2959.0,9.0,7.0,1,109,0,133
344,3,1669.0,3146.0,16.0,7.0,1,278,0,339
344,4,508.0,2966.0,6.0,11.0,0,214,1,269
344,5,636.0,2963.0,9.0,9.0,1,221,0,265
344,6,430.0,2961.0,8.0,7.0,1,222,0,261
344,7,916.0,2952.0,7.0,9.0,1,214,0,261
344,8,799.0,2954.0,16.0,12.0,1,222,0,258
344,9,534.0,2973.0,7.0,8.0,1,216,0,256
344,10,460.0,2958.0,9.0,7.0,1,218,0,254
344,11,616.0,2967.0,6.0,8.0,1,208,0,250
344,12,479.0,2966.0,10.0,12.0,1,208,0,247
344,13,661.0,2970.0,8.0,8.0,1,211,0,247
344,16,892.0,2959.0,10.0,7.0,1,204,0,239
344,17,837.0,2952.0,11.0,10.0,0,190,1,239
344,18,790.0,2979.0,9.0,10.0,1,203,0,236
344,19,589.0,2963.0,10.0,5.0,0,198,1,236
344,20,509.0,2965.0,8.0,11.0,1,206,0,236
344,22,763.0,2966.0,11.0,9.0,1,182,0,221
344,24,728.0,2979.0,5.0,7.0,1,185,0,217
344,25,848.0,2952.0,11.0,9.0,0,185,1,217
344,26,554.0,2965.0,10.0,9.0,1,186,0,214
344,27,708.0,2978.0,11.0,10.0,1,183,0,214
344,28,788.0,2957.0,11.0,9.0,1,183,0,209
344,29,685.0,2973.0,7.0,7.0,1,185,0,209
344,31,877.0,2959.0,10.0,5.0,1,110,0,134
345,3,1663.0,3145.0,17.0,8.0,1,279,0,340
345,4,499.0,2971.0,6.0,7.0,1,215,0,270
345,5,643.0,2970.0,5.0,7.0,1,222,0,266
345,6,428.0,2955.0,11.0,10.0,1,223,0,262
345,7,916.0,2952.0,7.0,9.0,0,214,1,262
345,8,793.0,2957.0,16.0,11.0,1,223,0,259
345,9,518.0,2972.0,11.0,12.0,1,217,0,257
345,10,448.0,2963.0,10.0,10.0,1,219,0,255
345,11,616.0,2967.0,6.0,8.0,0,208,1,251
345,12,483.0,2963.0,8.0,12.0,1,209,0,248
345,13,655.0,2970.0,7.0,9.0,1,212,0,248
345,16,893.0,2952.0,8.0,6.0,1,205,0,240
345,17,828.0,2954.0,10.0,11.0,1,191,0,240
345,18,775.0,2975.0,10.0,10.0,1,204,0,237
345,19,580.0,2969.0,10.0,7.0,1,199,0,237
345,20,506.0,2967.0,7.0,10.0,1,207,0,237
345,22,762.0,2967.0,10.0,9.0,1,183,0,222
345,24,717.0,2972.0,9.0,9.0,1,186,0,218
345,25,845.0,2959.0,8.0,11.0,1,186,0,218
345,26,543.0,2969.0,9.0,7.0,1,187,0,215
345,27,700.0,2979.0,14.0,10.0,1,184,0,215
345,28,788.0,2957.0,11.0,9.0,0,183,1,210
345,29,674.0,2969.0,8.0,10.0,1,186,0,210
345,31,877.0,2959.0,10.0,5.0,0,110,1,135
346,3,1665.0,3146.0,14.0,7.0,1,280,0,341
346,4,488.0,2970.0,10.0,10.0,1,216,0,271
346,5,632.0,2967.0,10.0,8.0,1,223,0,267
346,6,420.0,2957.0,10.0,8.0,1,224,0,263
346,7,903.0,2955.0,9.0,10.0,1,215,0,263
346,8,792.0,2957.0,13.0,9.0,1,224,0,260
346,9,518.0,2972.0,11.0,12.0,0,217,1,258
346,10,443.0,2964.0,9.0,8.0,1,220,0,256
346,11,607.0,2964.0,9.0,8.0,1,209,0,252
346,12,469.0,2963.0,11.0,10.0,1,210,0,249
346,13,655.0,2970.0,7.0,9.0,0,212,1,249
346,16,887.0,2958.0,12.0,7.0,1,206,0,241
346,17,825.0,2959.0,10.0,6.0,1,192,0,241
346,18,721.0,2975.0,11.0,7.0,1,205,0,238
346,19,571.0,2971.0,7.0,6.0,1,200,0,238
346,20,501.0,2967.0,6.0,5.0,1,208,0,238
346,22,757.0,2967.0,9.0,7.0,1,184,0,223
346,24,712.0,2971.0,5.0,9.0,1,187,0,219
346,25,845.0,2959.0,8.0,11.0,0,186,1,219
346,26,543.0,2969.0,9.0,7.0,0,187,1,216
346,27,692.0,2971.0,11.0,9.0,1,185,0,216
346,28,778.0,2957.0,13.0,11.0,1,184,0,211
346,29,671.0,2973.0,10.0,9.0,1,187,0,211
346,31,867.0,2958.0,11.0,8.0,1,111,0,136
347,3,1664.0,3144.0,15.0,8.0,1,281,0,342
347,4,490.0,2967.0,7.0,6.0,1,217,0,272
347,5,687.0,2968.0,12.0,11.0,1,224,0,268
347,6,411.0,2957.0,8.0,10.0,1,225,0,264
347,7,900.0,2951.0,10.0,8.0,1,216,0,264
347,8,788.0,2957.0,12.0,10.0,1,225,0,261
347,9,510.0,2960.0,9.0,13.0,1,218,0,259
347,10,437.0,2956.0,7.0,7.0,1,221,0,257
347,11,625.0,2973.0,9.0,9.0,1,210,0,253
347,12,461.0,2964.0,12.0,11.0,1,211,0,250
347,13,640.0,2970.0,10.0,10.0,1,213,0,250
347,16,884.0,2956.0,8.0,7.0,1,207,0,242
347,17,814.0,2956.0,10.0,11.0,1,193,0,242
347,18,768.0,2975.0,10.0,10.0,1,206,0,239
347,19,567.0,2962.0,9.0,8.0,1,201,0,239
347,20,498.0,2962.0,9.0,9.0,1,209,0,239
347,22,754.0,2964.0,8.0,11.0,1,185,0,224
347,24,707.0,2970.0,10.0,10.0,1,188,0,220
347,25,839.0,2955.0,11.0,8.0,1,187,0,220
347,26,542.0,2971.0,7.0,8.0,1,188,0,217
347,27,717.0,2977.0,12.0,8.0,1,186,0,217
347,28,774.0,2961.0,12.0,10.0,1,185,0,212
347,29,663.0,2972.0,10.0,9.0,1,188,0,212
347,31,864.0,2954.0,5.0,6.0,1,112,0,137
348,3,1669.0,3145.0,14.0,7.0,1,282,0,343
348,4,490.0,2967.0,7.0,6.0,0,217,1,273
348,5,661.0,2970.0,5.0,5.0,1,225,0,269
348,6,406.0,2961.0,10.0,5.0,1,226,0,265
348,7,893.0,2955.0,11.0,6.0,1,217,0,265
348,8,783.0,2945.0,13.0,11.0,1,226,0,262
348,9,505.0,2970.0,7.0,6.0,1,219,0,260
348,10,435.0,2956.0,8.0,6.0,1,222,0,258
348,11,613.0,2972.0,10.0,8.0,1,211,0,254
348,12,463.0,2962.0,7.0,11.0,1,212,0,251
348,13,593.0,2970.0,11.0,8.0,1,214,0,251
348,16,878.0,2960.0,10.0,7.0,1,208,0,243
348,17,814.0,2956.0,10.0,11.0,0,193,1,243
348,18,758.0,2972.0,7.0,11.0,1,207,0,240
348,19,560.0,2967.0,9.0,9.0,1,202,0,240
348,20,491.0,2967.0,8.0,5.0,1,210,0,240
348,22,754.0,2964.0,8.0,11.0,0,185,1,225
348,24,707.0,2970.0,10.0,10.0,0,188,1,221
348,25,839.0,2955.0,11.0,8.0,0,187,1,221
348,26,528.0,2962.0,10.0,9.0,1,189,0,218
348,27,717.0,2977.0,12.0,8.0,0,186,1,218
348,28,768.0,2955.0,12.0,10.0,1,186,0,213
348,29,641.0,2970.0,9.0,8.0,1,189,0,213
348,31,864.0,2954.0,5.0,6.0,0,112,1,138
349,3,1667.0,3141.0,12.0,7.0,1,283,0,344
349,4,469.0,2968.0,11.0,7.0,1,218,0,274
349,5,647.0,2972.0,9.0,9.0,1,226,0,270
349,6,409.0,2960.0,7.0,8.0,1,227,0,266
349,7,888.0,2950.0,10.0,6.0,1,218,0,266
349,8,777.0,2957.0,11.0,9.0,1,227,0,263
349,9,502.0,2964.0,7.0,9.0,1,220,0,261
349,10,427.0,2959.0,10.0,7.0,1,223,0,259
349,11,616.0,2968.0,6.0,6.0,1,212,0,255
349,12,463.0,2962.0,7.0,11.0,0,212,1,252
349,13,585.0,2966.0,12.0,8.0,1,215,0,252
349,16,872.0,2959.0,9.0,6.0,1,209,0,244
349,17,814.0,2956.0,10.0,11.0,0,193,2,244
349,18,756.0,2976.0,10.0,9.0,1,208,0,241
349,19,560.0,2967.0,9.0,9.0,0,202,1,241
349,20,485.0,2967.0,5.0,6.0,1,211,0,241
349,22,706.0,2970.0,12.0,11.0,1,186,0,226
349,24,681.0,2971.0,9.0,8.0,1,189,0,222
349,25,832.0,2955.0,12.0,10.0,1,188,0,222
349,26,522.0,2970.0,14.0,10.0,1,190,0,219
349,27,692.0,2973.0,9.0,9.0,1,187,0,219
349,28,768.0,2955.0,12.0,10.0,0,186,1,214
349,29,626.0,2969.0,9.0,7.0,1,190,0,214
349,31,864.0,2954.0,5.0,6.0,0,112,2,139
350,3,1671.0,3142.0,17.0,10.0,1,284,0,345
350,4,467.0,2963.0,13.0,6.0,1,219,0,275
350,5,646.0,2974.0,6.0,9.0,1,227,0,271
350,6,406.0,2952.0,10.0,7.0,1,228,0,267
350,7,885.0,2959.0,11.0,8.0,1,219,0,267
350,8,774.0,2957.0,10.0,9.0,1,228,0,264
350,9,502.0,2964.0,7.0,9.0,0,220,1,262
350,10,427.0,2959.0,10.0,7.0,0,223,1,260
350,11,606.0,2968.0,9.0,7.0,1,213,0,256
350,12,463.0,2962.0,7.0,11.0,0,212,2,253
350,13,583.0,2967.0,9.0,9.0,1,216,0,253
350,16,872.0,2959.0,9.0,6.0,0,209,1,245
350,17,797.0,2956.0,10.0,8.0,1,194,0,245
350,18,732.0,2967.0,10.0,9.0,1,209,0,242
350,19,560.0,2967.0,9.0,9.0,0,202,2,242
350,20,485.0,2967.0,5.0,6.0,0,211,1,242
350,22,700.0,2966.0,11.0,10.0,1,187,0,227
350,24,667.0,2971.0,9.0,9.0,1,190,0,223
350,25,826.0,2948.0,11.0,10.0,1,189,0,223
350,26,520.0,2967.0,11.0,8.0,1,191,0,220
350,27,689.0,2967.0,11.0,10.0,1,188,0,220
350,28,768.0,2955.0,12.0,10.0,0,186,2,215
350,29,625.0,2966.0,9.0,6.0,1,191,0,215
350,31,847.0,2958.0,10.0,9.0,1,113,0,140
351,3,1664.0,3140.0,15.0,10.0,1,285,0,346
351,4,453.0,2965.0,9.0,12.0,1,220,0,276
351,5,637.0,2971.0,8.0,7.0,1,228,0,272
351,6,399.0,2952.0,14.0,8.0,1,229,0,268
351,7,877.0,2957.0,11.0,5.0,1,220,0,268
351,8,767.0,2949.0,14.0,12.0,1,229,0,265
351,9,502.0,2964.0,7.0,9.0,0,220,2,263
351,10,422.0,2958.0,7.0,6.0,1,224,0,261
351,11,608.0,2967.0,6.0,6.0,1,214,0,257
351,12,463.0,2962.0,7.0,11.0,0,212,3,254
351,13,575.0,2961.0,11.0,10.0,1,217,0,254
351,16,872.0,2959.0,9.0,6.0,0,209,2,246
351,17,797.0,2956.0,10.0,8.0,0,194,1,246
351,18,732.0,2967.0,10.0,9.0,0,209,1,243
351,19,541.0,2960.0,9.0,11.0,1,203,0,243
351,20,485.0,2967.0,5.0,6.0,0,211,2,243
351,22,693.0,2971.0,11.0,9.0,1,188,0,228
351,24,658.0,2969.0,13.0,8.0,1,191,0,224
351,25,826.0,2948.0,11.0,10.0,0,189,1,224
351,26,520.0,2967.0,11.0,8.0,0,191,1,221
351,27,682.0,2968.0,9.0,13.0,1,189,0,221
351,28,751.0,2959.0,12.0,8.0,1,187,0,216
351,29,621.0,2967.0,9.0,6.0,1,192,0,216
351,31,845.0,2955.0,10.0,8.0,1,114,0,141
352,3,1674.0,3141.0,17.0,6.0,1,286,0,347
352,4,457.0,2967.0,9.0,6.0,1,221,0,277
352,5,632.0,2968.0,5.0,8.0,1,229,0,273
352,6,385.0,2958.0,14.0,6.0,1,230,0,269
352,7,877.0,2956.0,7.0,8.0,1,221,0,269
352,8,767.0,2949.0,14.0,12.0,0,229,1,266
352,9,486.0,2965.0,8.0,10.0,1,221,0,264
352,10,422.0,2958.0,7.0,6.0,0,224,1,262
352,11,591.0,2968.0,14.0,7.0,1,215,0,258
352,12,445.0,2953.0,7.0,11.0,1,213,0,255
352,13,575.0,2961.0,11.0,10.0,0,217,1,255
352,16,857.0,2957.0,11.0,8.0,1,210,0,247
352,17,797.0,2951.0,10.0,10.0,1,195,0,247
352,18,728.0,2964.0,8.0,8.0,1,210,0,244
352,19,539.0,2964.0,7.0,8.0,1,204,0,244
352,20,469.0,2965.0,6.0,8.0,1,212,0,244
352,22,682.0,2972.0,14.0,10.0,1,189,0,229
352,24,655.0,2973.0,13.0,11.0,1,192,0,225
352,25,820.0,2956.0,11.0,9.0,1,190,0,225
352,26,507.0,2962.0,12.0,10.0,1,192,0,222
352,27,671.0,2969.0,8.0,12.0,1,190,0,222
352,28,745.0,2972.0,10.0,8.0,1,188,0,217
352,29,617.0,2967.0,9.0,6.0,1,193,0,217
352,31,833.0,2952.0,12.0,8.0,1,115,0,142
353,3,1670.0,3138.0,17.0,12.0,1,287,0,348
353,4,453.0,2970.0,12.0,6.0,1,222,0,278
353,5,631.0,2963.0,9.0,10.0,1,230,0,274
353,6,383.0,2954.0,11.0,9.0,1,231,0,270
353,7,873.0,2948.0,7.0,7.0,1,222,0,270
353,8,767.0,2949.0,14.0,12.0,0,229,2,267
353,9,479.0,2960.0,8.0,11.0,1,222,0,265
353,10,409.0,2955.0,11.0,8.0,1,225,0,263
353,11,590.0,2970.0,12.0,8.0,1,216,0,259
353,12,437.0,2958.0,7.0,9.0,1,214,0,256
353,13,568.0,2963.0,9.0,9.0,1,218,0,256
353,16,852.0,2960.0,11.0,7.0,1,211,0,248
353,17,792.0,2956.0,10.0,9.0,1,196,0,248
353,18,717.0,2964.0,10.0,9.0,1,211,0,245
353,19,539.0,2964.0,7.0,8.0,0,204,1,245
353,20,469.0,2965.0,6.0,8.0,0,212,1,245
353,22,689.0,2969.0,12.0,9.0,1,190,0,230
353,24,652.0,2969.0,12.0,8.0,1,193,0,226
353,25,820.0,2956.0,11.0,9.0,0,190,1,226
353,26,500.0,2967.0,12.0,11.0,1,193,0,223
353,27,672.0,2975.0,9.0,11.0,1,191,0,223
353,28,745.0,2972.0,10.0,8.0,0,188,1,218
353,29,606.0,2959.0,9.0,7.0,1,194,0,218
353,31,835.0,2947.0,10.0,9.0,1,116,0,143
354,3,1677.0,3131.0,13.0,11.0,1,288,0,349
354,4,449.0,2964.0,12.0,5.0,1,223,0,279
354,5,621.0,2976.0,11.0,8.0,1,231,0,275
354,6,374.0,2957.0,11.0,6.0,1,232,0,271
354,7,873.0,2948.0,7.0,7.0,0,222,1,271
354,8,758.0,2952.0,13.0,10.0,1,230,0,268
354,9,477.0,2967.0,7.0,14.0,1,223,0,266
354,10,405.0,2956.0,10.0,10.0,1,226,0,264
354,11,587.0,2965.0,11.0,7.0,1,217,0,260
354,12,431.0,2962.0,11.0,10.0,1,215,0,257
354,13,561.0,2960.0,7.0,6.0,1,219,0,257
354,16,845.0,2955.0,13.0,9.0,1,212,0,249
354,17,787.0,2948.0,9.0,10.0,1,197,0,249
354,18,713.0,2970.0,10.0,5.0,1,212,0,246
354,19,528.0,2960.0,10.0,9.0,1,205,0,246
354,20,466.0,2960.0,6.0,8.0,1,213,0,246
354,22,677.0,2967.0,10.0,9.0,1,191,0,231
354,24,645.0,2972.0,12.0,11.0,1,194,0,227
354,25,804.0,2948.0,10.0,8.0,1,191,0,227
354,26,494.0,2965.0,8.0,6.0,1,194,0,224
354,27,660.0,2964.0,10.0,9.0,1,192,0,224
354,28,745.0,2972.0,10.0,8.0,0,188,2,219
354,29,601.0,2968.0,9.0,7.0,1,195,0,219
354,31,826.0,2954.0,11.0,9.0,1,117,0,144
355,3,1674.0,3138.0,13.0,10.0,1,289,0,350
355,4,444.0,2964.0,10.0,5.0,1,224,0,280
355,5,618.0,2969.0,8.0,6.0,1,232,0,276
355,6,374.0,2957.0,11.0,6.0,0,232,1,272
355,7,861.0,2958.0,11.0,7.0,1,223,0,272
355,8,753.0,2946.0,10.0,9.0,1,231,0,269
355,9,473.0,2964.0,9.0,11.0,1,224,0,267
355,10,398.0,2947.0,10.0,7.0,1,227,0,265
355,11,587.0,2965.0,11.0,7.0,0,217,1,261
355,12,422.0,2958.0,13.0,11.0,1,216,0,258
355,13,561.0,2960.0,7.0,6.0,0,219,1,258
355,16,844.0,2953.0,10.0,7.0,1,213,0,250
355,17,782.0,2956.0,10.0,6.0,1,198,0,250
355,18,708.0,2961.0,8.0,10.0,1,213,0,247
355,19,528.0,2960.0,10.0,9.0,0,205,1,247
355,20,455.0,2963.0,9.0,6.0,1,214,0,247
355,22,672.0,2974.0,12.0,11.0,1,192,0,232
355,24,637.0,2966.0,10.0,10.0,1,195,0,228
355,25,801.0,2955.0,11.0,8.0,1,192,0,228
355,26,494.0,2965.0,8.0,6.0,0,194,1,225
355,27,656.0,2965.0,10.0,6.0,1,193,0,225
355,28,745.0,2972.0,10.0,8.0,0,188,3,220
355,29,601.0,2968.0,9.0,7.0,0,195,1,220
355,31,821.0,2958.0,10.0,7.0,1,118,0,145
356,3,1674.0,3132.0,13.0,10.0,1,290,0,351
356,4,441.0,2970.0,9.0,4.0,1,225,0,281
356,5,613.0,2958.0,9.0,9.0,1,233,0,277
356,6,371.0,2956.0,10.0,8.0,1,233,0,273
356,7,863.0,2953.0,8.0,9.0,1,224,0,273
356,8,735.0,2955.0,12.0,8.0,1,232,0,270
356,9,469.0,2972.0,10.0,10.0,1,225,0,268
356,10,399.0,2956.0,8.0,7.0,1,228,0,266
356,11,573.0,2969.0,9.0,7.0,1,218,0,262
356,12,422.0,2964.0,8.0,9.0,1,217,0,259
356,13,549.0,2964.0,9.0,8.0,1,220,0,259
356,16,834.0,2959.0,11.0,7.0,1,214,0,251
356,17,775.0,2952.0,14.0,9.0,1,199,0,251
356,18,698.0,2968.0,11.0,8.0,1,214,0,248
356,19,517.0,2961.0,10.0,9.0,1,206,0,248
356,20,455.0,2963.0,9.0,6.0,0,214,1,248
356,22,663.0,2970.0,11.0,9.0,1,193,0,233
356,24,630.0,2974.0,12.0,9.0,1,196,0,229
356,25,801.0,2955.0,11.0,8.0,0,192,1,229
356,26,486.0,2956.0,12.0,10.0,1,195,0,226
356,27,652.0,2966.0,12.0,12.0,1,194,0,226
356,28,721.0,2975.0,13.0,9.0,1,189,0,221
356,29,597.0,2968.0,7.0,5.0,1,196,0,221
356,31,821.0,2955.0,11.0,8.0,1,119,0,146
357,3,1674.0,3132.0,13.0,10.0,0,290,1,352
357,4,431.0,2964.0,9.0,11.0,1,226,0,282
357,5,605.0,2968.0,11.0,7.0,1,234,0,278
357,6,364.0,2951.0,14.0,11.0,1,234,0,274
357,7,853.0,2950.0,13.0,6.0,1,225,0,274
357,8,749.0,2952.0,10.0,12.0,1,233,0,271
357,9,464.0,2961.0,11.0,9.0,1,226,0,269
357,10,387.0,2956.0,8.0,8.0,1,229,0,267
357,11,568.0,2970.0,8.0,6.0,1,219,0,263
357,12,419.0,2960.0,9.0,9.0,1,218,0,260
357,13,544.0,2964.0,9.0,7.0,1,221,0,260
357,16,836.0,2955.0,9.0,7.0,1,215,0,252
357,17,775.0,2951.0,11.0,7.0,1,200,0,252
357,18,734.0,2958.0,13.0,7.0,1,215,0,249
357,19,517.0,2963.0,9.0,12.0,1,207,0,249
357,20,449.0,2964.0,11.0,7.0,1,215,0,249
357,22,662.0,2970.0,12.0,9.0,1,194,0,234
357,24,626.0,2966.0,8.0,7.0,1,197,0,230
357,25,790.0,2958.0,12.0,8.0,1,193,0,230
357,26,482.0,2965.0,9.0,9.0,1,196,0,227
357,27,643.0,2969.0,11.0,7.0,1,195,0,227
357,28,719.0,2978.0,7.0,9.0,1,190,0,222
357,29,588.0,2968.0,9.0,9.0,1,197,0,222
357,31,815.0,2954.0,9.0,8.0,1,120,0,147
358,3,1674.0,3132.0,13.0,10.0,0,290,2,353
358,4,430.0,2961.0,8.0,8.0,1,227,0,283
358,5,602.0,2966.0,9.0,9.0,1,235,0,279
358,6,364.0,2951.0,14.0,11.0,0,234,1,275
358,7,853.0,2950.0,13.0,6.0,0,225,1,275
358,8,741.0,2947.0,11.0,10.0,1,234,0,272
358,9,455.0,2956.0,10.0,11.0,1,227,0,270
358,10,387.0,2956.0,8.0,8.0,0,229,1,268
358,11,558.0,2969.0,10.0,6.0,1,220,0,264
358,12,407.0,2954.0,12.0,9.0,1,219,0,261
358,13,535.0,2958.0,9.0,8.0,1,222,0,261
358,16,826.0,2957.0,12.0,8.0,1,216,0,253
358,17,767.0,2954.0,11.0,9.0,1,201,0,253
358,18,727.0,2957.0,11.0,8.0,1,216,0,250
358,19,506.0,2956.0,11.0,7.0,1,208,0,250
358,20,441.0,2959.0,11.0,7.0,1,216,0,250
358,22,657.0,2964.0,11.0,9.0,1,195,0,235
358,24,618.0,2958.0,13.0,11.0,1,198,0,231
358,25,790.0,2958.0,12.0,8.0,0,193,1,231
358,26,482.0,2965.0,9.0,9.0,0,196,1,228
358,27,645.0,2970.0,6.0,6.0,1,196,0,228
358,28,712.0,2975.0,8.0,8.0,1,191,0,223
358,29,583.0,2968.0,9.0,9.0,1,198,0,223
358,31,805.0,2953.0,11.0,9.0,1,121,0,148
359,3,1673.0,3129.0,15.0,9.0,1,291,0,354
359,4,415.0,2963.0,10.0,10.0,1,228,0,284
359,5,597.0,2968.0,5.0,8.0,1,236,0,280
359,6,356.0,2949.0,8.0,10.0,1,235,0,276
359,7,823.0,2953.0,12.0,7.0,1,226,0,276
359,8,731.0,2957.0,9.0,7.0,1,235,0,273
359,9,455.0,2956.0,10.0,11.0,0,227,1,271
359,10,376.0,2947.0,8.0,6.0,1,230,0,269
359,11,555.0,2964.0,8.0,9.0,1,221,0,265
359,12,403.0,2956.0,11.0,10.0,1,220,0,262
359,13,529.0,2957.0,9.0,9.0,1,223,0,262
359,16,809.0,2957.0,9.0,6.0,1,217,0,254
359,17,741.0,2952.0,9.0,8.0,1,202,0,254
359,18,690.0,2963.0,11.0,9.0,1,217,0,251
359,19,506.0,2956.0,11.0,7.0,0,208,1,251
359,20,439.0,2958.0,12.0,7.0,1,217,0,251
359,22,648.0,2960.0,9.0,8.0,1,196,0,236
359,24,613.0,2967.0,11.0,9.0,1,199,0,232
359,25,767.0,2956.0,10.0,8.0,1,194,0,232
359,26,470.0,2963.0,15.0,12.0,1,197,0,229
359,27,639.0,2962.0,5.0,8.0,1,197,0,229
359,28,709.0,2971.0,9.0,9.0,1,192,0,224
359,29,579.0,2957.0,9.0,11.0,1,199,0,224
359,31,791.0,2956.0,9.0,5.0,1,122,0,149
360,3,1673.0,3129.0,15.0,9.0,0,291,1,355
360,4,417.0,2963.0,10.0,9.0,1,229,0,285
360,5,590.0,2963.0,9.0,10.0,1,237,0,281
360,6,356.0,2949.0,8.0,10.0,0,235,1,277
360,7,818.0,2958.0,11.0,7.0,1,227,0,277
360,8,723.0,2958.0,7.0,6.0,1,236,0,274
360,9,455.0,2956.0,10.0,11.0,0,227,2,272
360,10,374.0,2951.0,13.0,8.0,1,231,0,270
360,11,555.0,2964.0,8.0,9.0,0,221,1,266
360,12,398.0,2952.0,12.0,11.0,1,221,0,263
360,13,524.0,2965.0,13.0,9.0,1,224,0,263
360,16,802.0,2949.0,11.0,9.0,1,218,0,255
360,17,731.0,2948.0,9.0,9.0,1,203,0,255
360,18,686.0,2960.0,11.0,7.0,1,218,0,252
360,19,497.0,2960.0,10.0,10.0,1,209,0,252
360,20,439.0,2958.0,12.0,7.0,0,217,1,252
360,22,647.0,2962.0,10.0,12.0,1,197,0,237
360,24,613.0,2967.0,11.0,9.0,0,199,1,233
360,25,759.0,2953.0,11.0,8.0,1,195,0,233
360,26,465.0,2965.0,13.0,10.0,1,198,0,230
360,27,630.0,2968.0,7.0,7.0,1,198,0,230
360,28,701.0,2973.0,12.0,9.0,1,193,0,225
360,29,569.0,2958.0,10.0,11.0,1,200,0,225
360,31,781.0,2952.0,10.0,9.0,1,123,0,150
361,3,1682.0,3125.0,13.0,10.0,1,292,0,356
361,4,408.0,2960.0,11.0,8.0,1,230,0,286
361,5,581.0,2967.0,10.0,9.0,1,238,0,282
361,6,340.0,2950.0,10.0,8.0,1,236,0,278
361,7,840.0,2960.0,10.0,6.0,1,228,0,278
361,8,722.0,2959.0,8.0,4.0,1,237,0,275
361,9,455.0,2956.0,10.0,11.0,0,227,3,273
361,10,370.0,2956.0,12.0,7.0,1,232,0,271
361,11,544.0,2969.0,10.0,7.0,1,222,0,267
361,12,398.0,2952.0,12.0,11.0,0,221,1,264
361,13,520.0,2964.0,13.0,7.0,1,225,0,264
361,16,804.0,2953.0,10.0,7.0,1,219,0,256
361,17,731.0,2948.0,9.0,9.0,0,203,1,256
361,18,683.0,2963.0,7.0,9.0,1,219,0,253
361,19,497.0,2960.0,10.0,10.0,0,209,1,253
361,20,430.0,2959.0,9.0,9.0,1,218,0,253
361,22,635.0,2963.0,10.0,7.0,1,198,0,238
361,24,606.0,2969.0,14.0,8.0,1,200,0,234
361,25,812.0,2955.0,11.0,6.0,1,196,0,234
361,26,460.0,2959.0,12.0,6.0,1,199,0,231
361,27,627.0,2968.0,6.0,7.0,1,199,0,231
361,28,700.0,2970.0,14.0,6.0,1,194,0,226
361,29,569.0,2958.0,10.0,11.0,0,200,1,226
361,31,780.0,2953.0,9.0,10.0,1,124,0,151
362,3,1680.0,3117.0,18.0,11.0,1,293,0,357
362,4,408.0,2959.0,10.0,10.0,1,231,0,287
362,5,572.0,2969.0,10.0,9.0,1,239,0,283
362,6,334.0,2950.0,10.0,10.0,1,237,0,279
362,7,828.0,2954.0,11.0,7.0,1,229,0,279
362,8,727.0,2958.0,5.0,4.0,1,238,0,276
362,9,438.0,2961.0,11.0,11.0,1,228,0,274
362,10,370.0,2956.0,12.0,7.0,0,232,1,272
362,11,541.0,2965.0,9.0,7.0,1,223,0,268
362,12,388.0,2959.0,11.0,10.0,1,222,0,265
362,13,513.0,2960.0,10.0,10.0,1,226,0,265
362,16,805.0,2955.0,12.0,7.0,1,220,0,257
362,17,755.0,2954.0,5.0,5.0,1,204,0,257
362,18,680.0,2963.0,8.0,6.0,1,220,0,254
362,19,488.0,2959.0,10.0,8.0,1,210,0,254
362,20,418.0,2957.0,8.0,8.0,1,219,0,254
362,22,635.0,2963.0,10.0,7.0,0,198,1,239
362,24,606.0,2969.0,14.0,8.0,0,200,1,235
362,25,793.0,2953.0,11.0,10.0,1,197,0,235
362,26,460.0,2959.0,12.0,6.0,0,199,1,232
362,27,618.0,2966.0,10.0,9.0,1,200,0,232
362,28,698.0,2974.0,13.0,8.0,1,195,0,227
362,29,569.0,2958.0,10.0,11.0,0,200,2,227
362,31,767.0,2948.0,11.0,10.0,1,125,0,152
363,3,1681.0,3120.0,17.0,12.0,1,294,0,358
363,4,408.0,2959.0,10.0,10.0,0,231,1,288
363,5,572.0,2969.0,10.0,9.0,0,239,1,284
363,6,338.0,2953.0,11.0,10.0,1,238,0,280
363,7,824.0,2954.0,10.0,6.0,1,230,0,280
363,8,721.0,2955.0,8.0,6.0,1,239,0,277
363,9,443.0,2963.0,6.0,7.0,1,229,0,275
363,10,359.0,2951.0,12.0,8.0,1,233,0,273
363,11,533.0,2960.0,8.0,6.0,1,224,0,269
363,12,385.0,2953.0,10.0,11.0,1,223,0,266
363,13,511.0,2961.0,11.0,6.0,1,227,0,266
363,16,805.0,2955.0,12.0,7.0,0,220,1,258
363,17,749.0,2957.0,10.0,11.0,1,205,0,258
363,18,679.0,2955.0,8.0,11.0,1,221,0,255
363,19,479.0,2963.0,11.0,8.0,1,211,0,255
363,20,413.0,2962.0,13.0,9.0,1,220,0,255
363,22,630.0,2963.0,10.0,10.0,1,199,0,240
363,24,599.0,2966.0,10.0,10.0,1,201,0,236
363,25,786.0,2945.0,10.0,7.0,1,198,0,236
363,26,451.0,2960.0,12.0,6.0,1,200,0,233
363,27,618.0,2966.0,10.0,9.0,0,200,1,233
363,28,690.0,2966.0,13.0,12.0,1,196,0,228
363,29,549.0,2960.0,8.0,6.0,1,201,0,228
363,31,762.0,2952.0,10.0,9.0,1,126,0,153
364,3,1681.0,3120.0,17.0,12.0,0,294,1,359
364,4,390.0,2957.0,8.0,9.0,1,232,0,289
364,5,566.0,2965.0,8.0,8.0,1,240,0,285
364,6,330.0,2947.0,10.0,10.0,1,239,0,281
364,7,828.0,2957.0,12.0,8.0,1,231,0,281
364,8,721.0,2955.0,8.0,6.0,0,239,1,278
364,9,427.0,2957.0,11.0,7.0,1,230,0,276
364,10,350.0,2954.0,10.0,8.0,1,234,0,274
364,11,532.0,2969.0,10.0,4.0,1,225,0,270
364,12,379.0,2948.0,12.0,10.0,1,224,0,267
364,13,502.0,2961.0,12.0,9.0,1,228,0,267
364,16,802.0,2952.0,11.0,9.0,1,221,0,259
364,17,748.0,2952.0,8.0,6.0,1,206,0,259
364,18,669.0,2960.0,10.0,9.0,1,222,0,256
364,19,478.0,2964.0,10.0,10.0,1,212,0,256
364,20,413.0,2962.0,13.0,9.0,0,220,1,256
364,22,626.0,2964.0,11.0,12.0,1,200,0,241
364,24,585.0,2968.0,13.0,9.0,1,202,0,237
364,25,787.0,2952.0,10.0,10.0,1,199,0,237
364,26,450.0,2955.0,14.0,8.0,1,201,0,234
364,27,604.0,2969.0,11.0,10.0,1,201,0,234
364,28,686.0,2971.0,7.0,6.0,1,197,0,229
364,29,549.0,2960.0,8.0,6.0,0,201,1,229
364,31,760.0,2948.0,11.0,7.0,1,127,0,154
365,3,1692.0,3115.0,13.0,9.0,1,295,0,360
365,4,393.0,2954.0,9.0,10.0,1,233,0,290
365,5,564.0,2967.0,9.0,5.0,1,241,0,286
365,6,326.0,2954.0,12.0,10.0,1,240,0,282
365,7,821.0,2957.0,11.0,7.0,1,232,0,282
365,8,715.0,2960.0,8.0,5.0,1,240,0,279
365,9,427.0,2961.0,7.0,7.0,1,231,0,277
365,10,346.0,2956.0,12.0,7.0,1,235,0,275
365,11,532.0,2969.0,10.0,4.0,0,225,1,271
365,12,375.0,2954.0,11.0,9.0,1,225,0,268
365,13,499.0,2957.0,11.0,7.0,1,229,0,268
365,16,802.0,2952.0,11.0,9.0,0,221,1,260
365,17,748.0,2952.0,8.0,6.0,0,206,1,260
365,18,663.0,2963.0,11.0,8.0,1,223,0,257
365,19,469.0,2953.0,10.0,6.0,1,213,0,257
365,20,413.0,2954.0,7.0,6.0,1,221,0,257
365,22,626.0,2964.0,11.0,12.0,0,200,1,242
365,24,580.0,2961.0,11.0,6.0,1,203,0,238
365,25,784.0,2946.0,10.0,6.0,1,200,0,238
365,26,448.0,2960.0,9.0,8.0,1,202,0,235
365,27,607.0,2965.0,8.0,7.0,1,202,0,235
365,28,686.0,2971.0,7.0,6.0,0,197,1,230
365,29,546.0,2968.0,10.0,7.0,1,202,0,230
365,31,758.0,2952.0,11.0,9.0,1,128,0,155
366,3,1689.0,3110.0,15.0,12.0,1,296,0,361
366,4,385.0,2956.0,9.0,12.0,1,234,0,291
366,5,564.0,2967.0,9.0,5.0,0,241,1,287
366,6,322.0,2949.0,12.0,10.0,1,241,0,283
366,7,812.0,2961.0,12.0,6.0,1,233,0,283
366,8,709.0,2940.0,11.0,8.0,1,241,0,280
366,9,419.0,2961.0,9.0,9.0,1,232,0,278
366,10,345.0,2952.0,12.0,9.0,1,236,0,276
366,11,532.0,2969.0,10.0,4.0,0,225,2,272
366,12,370.0,2957.0,13.0,10.0,1,226,0,269
366,13,499.0,2957.0,11.0,7.0,0,229,1,269
366,16,797.0,2946.0,10.0,7.0,1,222,0,261
366,17,737.0,2948.0,12.0,7.0,1,207,0,261
366,18,668.0,2970.0,11.0,7.0,1,224,0,258
366,19,466.0,2952.0,9.0,10.0,1,214,0,258
366,20,403.0,2964.0,7.0,5.0,1,222,0,258
366,22,616.0,2962.0,11.0,9.0,1,201,0,243
366,24,580.0,2961.0,11.0,6.0,0,203,1,239
366,25,784.0,2946.0,10.0,6.0,0,200,1,239
366,26,436.0,2959.0,12.0,8.0,1,203,0,236
366,27,596.0,2966.0,10.0,10.0,1,203,0,236
366,28,705.0,2955.0,11.0,6.0,1,198,0,231
366,29,538.0,2966.0,9.0,7.0,1,203,0,231
366,31,754.0,2946.0,13.0,8.0,1,129,0,156
367,3,1689.0,3110.0,15.0,12.0,0,296,1,362
367,4,377.0,2966.0,9.0,8.0,1,235,0,292
367,5,544.0,2961.0,8.0,8.0,1,242,0,288
367,6,311.0,2956.0,12.0,11.0,1,242,0,284
367,7,818.0,2954.0,7.0,7.0,1,234,0,284
367,8,712.0,2952.0,9.0,7.0,1,242,0,281
367,9,416.0,2957.0,12.0,10.0,1,233,0,279
367,10,340.0,2951.0,8.0,8.0,1,237,0,277
367,11,504.0,2961.0,10.0,5.0,1,226,0,273
367,12,369.0,2960.0,11.0,9.0,1,227,0,270
367,13,499.0,2957.0,11.0,7.0,0,229,2,270
367,16,781.0,2957.0,11.0,7.0,1,223,0,262
367,17,727.0,2953.0,10.0,7.0,1,208,0,262
367,18,665.0,2975.0,11.0,7.0,1,225,0,259
367,19,460.0,2957.0,10.0,5.0,1,215,0,259
367,20,403.0,2964.0,7.0,5.0,0,222,1,259
367,22,652.0,2962.0,10.0,10.0,1,202,0,244
367,24,568.0,2962.0,10.0,9.0,1,204,0,240
367,25,777.0,2950.0,8.0,6.0,1,201,0,240
367,26,435.0,2960.0,8.0,8.0,1,204,0,237
367,27,596.0,2966.0,10.0,10.0,0,203,1,237
367,28,702.0,2954.0,10.0,5.0,1,199,0,232
367,29,537.0,2965.0,10.0,8.0,1,204,0,232
367,31,748.0,2949.0,14.0,10.0,1,130,0,157
368,3,1689.0,3110.0,15.0,12.0,0,296,2,363
368,4,378.0,2957.0,11.0,8.0,1,236,0,293
368,5,544.0,2961.0,8.0,8.0,0,242,1,289
368,6,311.0,2956.0,12.0,11.0,0,242,1,285
368,7,801.0,2954.0,12.0,7.0,1,235,0,285
368,8,700.0,2945.0,11.0,8.0,1,243,0,282
368,9,416.0,2957.0,12.0,10.0,0,233,1,280
368,10,344.0,2954.0,5.0,7.0,1,238,0,278
368,11,508.0,2964.0,12.0,8.0,1,227,0,274
368,12,355.0,2957.0,10.0,7.0,1,228,0,271
368,13,483.0,2962.0,10.0,10.0,1,230,0,271
368,16,791.0,2954.0,10.0,9.0,1,224,0,263
368,17,732.0,2944.0,14.0,8.0,1,209,0,263
368,18,669.0,2972.0,7.0,8.0,1,226,0,260
368,19,454.0,2965.0,10.0,10.0,1,216,0,260
368,20,394.0,2956.0,13.0,8.0,1,223,0,260
368,22,650.0,2960.0,8.0,10.0,1,203,0,245
368,24,565.0,2959.0,12.0,10.0,1,205,0,241
368,25,772.0,2951.0,10.0,9.0,1,202,0,241
368,26,428.0,2961.0,8.0,8.0,1,205,0,238
368,27,600.0,2960.0,12.0,9.0,1,204,0,238
368,28,693.0,2960.0,12.0,6.0,1,200,0,233
368,29,525.0,2955.0,11.0,10.0,1,205,0,233
368,31,751.0,2946.0,9.0,7.0,1,131,0,158
369,3,1687.0,3106.0,10.0,9.0,1,297,0,364
369,4,376.0,2955.0,6.0,5.0,1,237,0,294
369,5,544.0,2961.0,6.0,8.0,1,243,0,290
369,6,311.0,2956.0,12.0,11.0,0,242,2,286
369,7,805.0,2959.0,9.0,7.0,1,236,0,286
369,8,695.0,2938.0,9.0,8.0,1,244,0,283
369,9,416.0,2957.0,12.0,10.0,0,233,2,281
369,10,344.0,2954.0,5.0,7.0,0,238,1,279
369,11,518.0,2960.0,8.0,10.0,1,228,0,275
369,12,357.0,2953.0,10.0,7.0,1,229,0,272
369,13,497.0,2964.0,9.0,8.0,1,231,0,272
369,16,784.0,2951.0,9.0,7.0,1,225,0,264
369,17,727.0,2947.0,11.0,5.0,1,210,0,264
369,18,663.0,2962.0,13.0,10.0,1,227,0,261
369,19,458.0,2958.0,10.0,6.0,1,217,0,261
369,20,390.0,2956.0,11.0,6.0,1,224,0,261
369,22,636.0,2959.0,12.0,12.0,1,204,0,246
369,24,564.0,2960.0,12.0,8.0,1,206,0,242
369,25,769.0,2958.0,10.0,9.0,1,203,0,242
369,26,427.0,2957.0,11.0,7.0,1,206,0,239
369,27,597.0,2961.0,11.0,11.0,1,205,0,239
369,28,693.0,2960.0,12.0,6.0,0,200,1,234
369,29,579.0,2963.0,10.0,9.0,1,206,0,234
369,31,745.0,2947.0,11.0,9.0,1,132,0,159
370,3,1687.0,3106.0,10.0,9.0,0,297,1,365
370,4,372.0,2961.0,7.0,4.0,1,238,0,295
370,5,530.0,2957.0,11.0,8.0,1,244,0,291
370,6,311.0,2956.0,12.0,11.0,0,242,3,287
370,7,792.0,2956.0,12.0,9.0,1,237,0,287
370,8,696.0,2938.0,5.0,7.0,1,245,0,284
370,9,407.0,2956.0,8.0,9.0,1,234,0,282
370,10,321.0,2951.0,12.0,9.0,1,239,0,280
370,11,495.0,2959.0,10.0,7.0,1,229,0,276
370,12,345.0,2959.0,13.0,8.0,1,230,0,273
370,13,474.0,2952.0,9.0,11.0,1,232,0,273
370,16,780.0,2954.0,10.0,11.0,1,226,0,265
370,17,715.0,2947.0,11.0,10.0,1,211,0,265
370,18,663.0,2962.0,13.0,10.0,0,227,1,262
370,19,448.0,2958.0,11.0,10.0,1,218,0,262
370,20,390.0,2956.0,11.0,6.0,0,224,1,262
370,22,638.0,2956.0,10.0,8.0,1,205,0,247
370,24,580.0,2961.0,10.0,9.0,1,207,0,243
370,25,761.0,2949.0,12.0,8.0,1,204,0,243
370,26,427.0,2957.0,11.0,7.0,0,206,1,240
370,27,593.0,2961.0,13.0,10.0,1,206,0,240
370,28,693.0,2954.0,13.0,6.0,1,201,0,235
370,29,524.0,2966.0,10.0,6.0,1,207,0,235
370,31,744.0,2952.0,9.0,10.0,1,133,0,160
371,3,1699.0,3101.0,17.0,11.0,1,298,0,366
371,4,365.0,2956.0,8.0,6.0,1,239,0,296
371,5,530.0,2957.0,11.0,8.0,0,244,1,292
371,6,293.0,2951.0,11.0,7.0,1,243,0,288
371,7,796.0,2952.0,12.0,6.0,1,238,0,288
371,8,691.0,2947.0,10.0,6.0,1,246,0,285
371,9,405.0,2960.0,10.0,8.0,1,235,0,283
371,10,323.0,2948.0,7.0,6.0,1,240,0,281
371,11,499.0,2960.0,9.0,7.0,1,230,0,277
371,12,344.0,2951.0,10.0,10.0,1,231,0,274
371,13,474.0,2952.0,9.0,11.0,0,232,1,274
371,16,769.0,2954.0,11.0,10.0,1,227,0,266
371,17,715.0,2947.0,11.0,10.0,0,211,1,266
371,18,656.0,2968.0,7.0,9.0,1,228,0,263
371,19,445.0,2960.0,10.0,5.0,1,219,0,263
371,20,379.0,2948.0,13.0,7.0,1,225,0,263
371,22,634.0,2955.0,10.0,11.0,1,206,0,248
371,24,570.0,2962.0,9.0,9.0,1,208,0,244
371,25,753.0,2945.0,12.0,10.0,1,205,0,244
371,26,417.0,2957.0,12.0,7.0,1,207,0,241
371,27,593.0,2961.0,13.0,10.0,0,206,1,241
371,28,693.0,2955.0,10.0,6.0,1,202,0,236
371,29,552.0,2963.0,10.0,9.0,1,208,0,236
371,31,735.0,2951.0,12.0,11.0,1,134,0,161
372,3,1704.0,3102.0,13.0,12.0,1,299,0,367
372,4,357.0,2954.0,10.0,8.0,1,240,0,297
372,5,523.0,2960.0,10.0,7.0,1,245,0,293
372,6,291.0,2955.0,11.0,6.0,1,244,0,289
372,7,795.0,2963.0,7.0,9.0,1,239,0,289
372,8,685.0,2942.0,12.0,8.0,1,247,0,286
372,9,392.0,2956.0,9.0,8.0,1,236,0,284
372,10,317.0,2950.0,8.0,6.0,1,241,0,282
372,11,499.0,2960.0,9.0,7.0,0,230,1,278
372,12,336.0,2956.0,10.0,6.0,1,232,0,275
372,13,474.0,2952.0,9.0,11.0,0,232,2,275
372,16,769.0,2954.0,11.0,10.0,0,227,1,267
372,17,717.0,2948.0,10.0,7.0,1,212,0,267
372,18,650.0,2961.0,10.0,9.0,1,229,0,264
372,19,445.0,2960.0,10.0,5.0,0,219,1,264
372,20,377.0,2957.0,10.0,5.0,1,226,0,264
372,22,634.0,2955.0,10.0,11.0,0,206,1,249
372,24,570.0,2962.0,9.0,9.0,0,208,1,245
372,25,753.0,2946.0,11.0,11.0,1,206,0,245
372,26,411.0,2959.0,11.0,6.0,1,208,0,242
372,27,585.0,2956.0,11.0,12.0,1,207,0,242
372,28,687.0,2949.0,9.0,5.0,1,203,0,237
372,29,545.0,2963.0,11.0,10.0,1,209,0,237
372,31,737.0,2945.0,11.0,8.0,1,135,0,162
373,3,1704.0,3102.0,13.0,12.0,0,299,1,368
373,4,357.0,2957.0,11.0,4.0,1,241,0,298
373,5,523.0,2960.0,10.0,7.0,0,245,1,294
373,6,286.0,2955.0,13.0,10.0,1,245,0,290
373,7,784.0,2954.0,9.0,9.0,1,240,0,290
373,8,680.0,2944.0,9.0,6.0,1,248,0,287
373,9,391.0,2958.0,12.0,8.0,1,237,0,285
373,10,308.0,2952.0,12.0,7.0,1,242,0,283
373,11,499.0,2959.0,11.0,7.0,1,231,0,279
373,12,332.0,2953.0,11.0,8.0,1,233,0,276
373,13,474.0,2955.0,10.0,8.0,1,233,0,276
373,16,768.0,2959.0,9.0,6.0,1,228,0,268
373,17,713.0,2943.0,8.0,7.0,1,213,0,268
373,18,641.0,2961.0,10.0,7.0,1,230,0,265
373,19,428.0,2958.0,11.0,8.0,1,220,0,265
373,20,372.0,2949.0,12.0,7.0,1,227,0,265
373,22,629.0,2956.0,10.0,11.0,1,207,0,250
373,24,565.0,2961.0,11.0,6.0,1,209,0,246
373,25,748.0,2949.0,12.0,11.0,1,207,0,246
373,26,409.0,2955.0,12.0,7.0,1,209,0,243
373,27,576.0,2960.0,12.0,10.0,1,208,0,243
373,28,679.0,2957.0,8.0,7.0,1,204,0,238
373,29,545.0,2963.0,11.0,10.0,0,209,1,238
373,31,737.0,2945.0,11.0,8.0,0,135,1,163
374,3,1707.0,3100.0,13.0,6.0,1,300,0,369
374,4,349.0,2954.0,12.0,5.0,1,242,0,299
374,5,523.0,2960.0,10.0,7.0,0,245,2,295
374,6,286.0,2955.0,13.0,10.0,0,245,1,291
374,7,784.0,2954.0,9.0,9.0,0,240,1,291
374,8,686.0,2934.0,9.0,8.0,1,249,0,288
374,9,378.0,2954.0,13.0,8.0,1,238,0,286
374,10,305.0,2956.0,11.0,5.0,1,243,0,284
374,11,496.0,2963.0,8.0,6.0,1,232,0,280
374,12,330.0,2951.0,13.0,9.0,1,234,0,277
374,13,482.0,2962.0,9.0,7.0,1,234,0,277
374,16,768.0,2959.0,9.0,6.0,0,228,1,269
374,17,704.0,2952.0,13.0,10.0,1,214,0,269
374,18,640.0,2958.0,12.0,10.0,1,231,0,266
374,19,432.0,2958.0,11.0,8.0,1,221,0,266
374,20,369.0,2949.0,11.0,6.0,1,228,0,266
374,22,629.0,2956.0,10.0,11.0,0,207,1,251
374,24,562.0,2963.0,11.0,7.0,1,210,0,247
374,25,750.0,2950.0,12.0,9.0,1,208,0,247
374,26,406.0,2955.0,11.0,8.0,1,210,0,244
374,27,578.0,2966.0,11.0,9.0,1,209,0,244
374,28,678.0,2951.0,10.0,5.0,1,205,0,239
374,29,538.0,2957.0,11.0,10.0,1,210,0,239
374,31,728.0,2953.0,11.0,7.0,1,136,0,164
375,3,1709.0,3096.0,12.0,11.0,1,301,0,370
375,4,343.0,2962.0,13.0,7.0,1,243,0,300
375,5,498.0,2957.0,9.0,8.0,1,246,0,296
375,6,270.0,2955.0,10.0,6.0,1,246,0,292
375,7,781.0,2951.0,13.0,6.0,1,241,0,292
375,8,686.0,2934.0,9.0,8.0,0,249,1,289
375,9,380.0,2952.0,13.0,7.0,1,239,0,287
375,10,301.0,2948.0,7.0,5.0,1,244,0,285
375,11,475.0,2957.0,7.0,9.0,1,233,0,281
375,12,325.0,2954.0,12.0,7.0,1,235,0,278
375,13,448.0,2961.0,12.0,7.0,1,235,0,278
375,16,763.0,2950.0,10.0,8.0,1,229,0,270
375,17,706.0,2945.0,11.0,6.0,1,215,0,270
375,18,637.0,2968.0,6.0,5.0,1,232,0,267
375,19,423.0,2960.0,9.0,8.0,1,222,0,267
375,20,360.0,2954.0,13.0,8.0,1,229,0,267
375,22,629.0,2956.0,10.0,11.0,0,207,2,252
375,24,533.0,2960.0,10.0,9.0,1,211,0,248
375,25,743.0,2945.0,6.0,6.0,1,209,0,248
375,26,402.0,2956.0,11.0,7.0,1,211,0,245
375,27,554.0,2966.0,9.0,10.0,1,210,0,245
375,28,678.0,2951.0,10.0,5.0,0,205,1,240
375,29,514.0,2959.0,8.0,8.0,1,211,0,240
375,31,723.0,2946.0,11.0,7.0,1,137,0,165
376,3,1708.0,3093.0,14.0,9.0,1,302,0,371
376,4,337.0,2951.0,16.0,7.0,1,244,0,301
376,5,498.0,2957.0,9.0,8.0,0,246,1,297
376,6,270.0,2955.0,10.0,6.0,0,246,1,293
376,7,774.0,2959.0,10.0,10.0,1,242,0,293
376,8,675.0,2934.0,10.0,8.0,1,250,0,290
376,9,373.0,2955.0,12.0,8.0,1,240,0,288
376,10,292.0,2952.0,9.0,7.0,1,245,0,286
376,11,475.0,2957.0,7.0,9.0,0,233,1,282
376,12,321.0,2950.0,9.0,8.0,1,236,0,279
376,13,447.0,2958.0,11.0,9.0,1,236,0,279
376,16,755.0,2957.0,12.0,10.0,1,230,0,271
376,17,706.0,2945.0,11.0,6.0,0,215,1,271
376,18,632.0,2962.0,10.0,7.0,1,233,0,268
376,19,423.0,2961.0,12.0,7.0,1,223,0,268
376,20,358.0,2950.0,11.0,7.0,1,230,0,268
376,22,620.0,2955.0,10.0,10.0,1,208,0,253
376,24,545.0,2964.0,12.0,9.0,1,212,0,249
376,25,739.0,2947.0,11.0,8.0,1,210,0,249
376,26,395.0,2958.0,9.0,8.0,1,212,0,246
376,27,567.0,2964.0,13.0,10.0,1,211,0,246
376,28,678.0,2951.0,10.0,5.0,0,205,2,241
376,29,513.0,2954.0,5.0,7.0,1,212,0,241
376,31,723.0,2946.0,11.0,7.0,0,137,1,166
377,3,1708.0,3093.0,14.0,9.0,0,302,1,372
377,4,334.0,2955.0,11.0,7.0,1,245,0,302
377,5,498.0,2957.0,9.0,8.0,0,246,2,298
377,6,270.0,2955.0,10.0,6.0,0,246,2,294
377,7,774.0,2959.0,10.0,10.0,0,242,1,294
377,8,669.0,2942.0,15.0,9.0,1,251,0,291
377,9,373.0,2962.0,11.0,9.0,1,241,0,289
377,10,291.0,2954.0,9.0,6.0,1,246,0,287
377,11,461.0,2961.0,11.0,9.0,1,234,0,283
377,12,311.0,2949.0,11.0,7.0,1,237,0,280
377,13,444.0,2963.0,11.0,7.0,1,237,0,280
377,16,757.0,2947.0,10.0,6.0,1,231,0,272
377,17,696.0,2946.0,12.0,8.0,1,216,0,272
377,18,627.0,2965.0,7.0,9.0,1,234,0,269
377,19,418.0,2954.0,9.0,7.0,1,224,0,269
377,20,354.0,2951.0,12.0,7.0,1,231,0,269
377,22,613.0,2952.0,10.0,7.0,1,209,0,254
377,24,524.0,2965.0,11.0,9.0,1,213,0,250
377,25,736.0,2957.0,9.0,6.0,1,211,0,250
377,26,392.0,2952.0,10.0,8.0,1,213,0,247
377,27,543.0,2955.0,9.0,8.0,1,212,0,247
377,28,668.0,2945.0,10.0,6.0,1,206,0,242
377,29,506.0,2964.0,9.0,7.0,1,213,0,242
377,31,723.0,2946.0,11.0,7.0,0,137,2,167
378,3,1713.0,3087.0,15.0,9.0,1,303,0,373
378,4,329.0,2954.0,12.0,6.0,1,246,0,303
378,5,498.0,2957.0,9.0,8.0,0,246,3,299
378,6,266.0,2954.0,9.0,7.0,1,247,0,295
378,7,766.0,2950.0,10.0,9.0,1,243,0,295
378,8,671.0,2937.0,8.0,7.0,1,252,0,292
378,9,373.0,2962.0,11.0,9.0,0,241,1,290
378,10,288.0,2950.0,10.0,6.0,1,247,0,288
378,11,462.0,2959.0,6.0,5.0,1,235,0,284
378,12,305.0,2961.0,12.0,6.0,1,238,0,281
378,13,438.0,2955.0,11.0,8.0,1,238,0,281
378,16,744.0,2949.0,11.0,9.0,1,232,0,273
378,17,696.0,2946.0,12.0,8.0,0,216,1,273
378,18,627.0,2965.0,7.0,9.0,0,234,1,270
378,19,414.0,2955.0,11.0,6.0,1,225,0,270
378,20,345.0,2956.0,12.0,7.0,1,232,0,270
378,22,609.0,2952.0,9.0,11.0,1,210,0,255
378,24,532.0,2958.0,11.0,6.0,1,214,0,251
378,25,732.0,2948.0,13.0,7.0,1,212,0,251
378,26,389.0,2962.0,12.0,6.0,1,214,0,248
378,27,556.0,2956.0,12.0,7.0,1,213,0,248
378,28,664.0,2948.0,11.0,6.0,1,207,0,243
378,29,496.0,2960.0,11.0,8.0,1,214,0,243
378,31,711.0,2946.0,11.0,10.0,1,138,0,168
379,3,1718.0,3093.0,14.0,6.0,1,304,0,374
379,4,325.0,2949.0,14.0,7.0,1,247,0,304
379,5,498.0,2957.0,9.0,8.0,0,246,4,300
379,6,256.0,2952.0,10.0,7.0,1,248,0,296
379,7,766.0,2950.0,10.0,9.0,0,243,1,296
379,8,672.0,2942.0,8.0,5.0,1,253,0,293
379,9,365.0,2954.0,10.0,7.0,1,242,0,291
379,10,281.0,2949.0,7.0,5.0,1,248,0,289
379,11,462.0,2959.0,6.0,5.0,0,235,1,285
379,12,306.0,2956.0,12.0,7.0,1,239,0,282
379,13,435.0,2955.0,10.0,9.0,1,239,0,282
379,16,742.0,2951.0,8.0,8.0,1,233,0,274
379,17,690.0,2937.0,10.0,12.0,1,217,0,274
379,18,624.0,2961.0,7.0,11.0,1,235,0,271
379,19,407.0,2957.0,10.0,6.0,1,226,0,271
379,20,345.0,2956.0,12.0,7.0,0,232,1,271
379,22,603.0,2950.0,13.0,7.0,1,211,0,256
379,24,532.0,2958.0,11.0,6.0,0,214,1,252
379,25,727.0,2949.0,12.0,6.0,1,213,0,252
379,26,379.0,2958.0,14.0,7.0,1,215,0,249
379,27,540.0,2959.0,8.0,9.0,1,214,0,249
379,28,665.0,2948.0,9.0,7.0,1,208,0,244
379,29,494.0,2960.0,9.0,8.0,1,215,0,244
379,31,708.0,2950.0,12.0,5.0,1,139,0,169
380,3,1725.0,3087.0,13.0,9.0,1,305,0,375
380,4,319.0,2949.0,12.0,6.0,1,248,0,305
380,5,470.0,2958.0,10.0,8.0,1,247,0,301
380,6,256.0,2952.0,10.0,7.0,0,248,1,297
380,7,760.0,2955.0,14.0,7.0,1,244,0,297
380,8,660.0,2937.0,12.0,7.0,1,254,0,294
380,9,355.0,2956.0,9.0,6.0,1,243,0,292
380,10,274.0,2947.0,9.0,6.0,1,249,0,290
380,11,450.0,2958.0,9.0,6.0,1,236,0,286
380,12,296.0,2951.0,12.0,6.0,1,240,0,283
380,13,423.0,2955.0,13.0,9.0,1,240,0,283
380,16,741.0,2950.0,11.0,8.0,1,234,0,275
380,17,690.0,2937.0,10.0,12.0,0,217,1,275
380,18,613.0,2957.0,9.0,9.0,1,236,0,272
380,19,409.0,2955.0,11.0,6.0,1,227,0,272
380,20,344.0,2946.0,8.0,6.0,1,233,0,272
380,22,597.0,2957.0,9.0,8.0,1,212,0,257
380,24,531.0,2961.0,10.0,7.0,1,215,0,253
380,25,732.0,2950.0,11.0,7.0,1,214,0,253
380,26,379.0,2957.0,12.0,7.0,1,216,0,250
380,27,552.0,2958.0,12.0,8.0,1,215,0,250
380,28,655.0,2949.0,11.0,5.0,1,209,0,245
380,29,512.0,2959.0,12.0,8.0,1,216,0,245
380,31,708.0,2950.0,12.0,5.0,0,139,1,170
381,3,1718.0,3086.0,17.0,12.0,1,306,0,376
381,4,321.0,2953.0,7.0,6.0,1,249,0,306
381,5,473.0,2958.0,11.0,8.0,1,248,0,302
381,6,248.0,2950.0,12.0,8.0,1,249,0,298
381,7,755.0,2957.0,13.0,11.0,1,245,0,298
381,8,652.0,2935.0,10.0,9.0,1,255,0,295
381,9,358.0,2953.0,10.0,6.0,1,244,0,293
381,10,270.0,2950.0,11.0,8.0,1,250,0,291
381,11,480.0,2968.0,12.0,8.0,1,237,0,287
381,12,292.0,2949.0,11.0,7.0,1,241,0,284
381,13,442.0,2958.0,10.0,7.0,1,241,0,284
381,16,735.0,2954.0,13.0,9.0,1,235,0,276
381,17,679.0,2938.0,11.0,8.0,1,218,0,276
381,18,614.0,2956.0,10.0,9.0,1,237,0,273
381,19,429.0,2957.0,14.0,8.0,1,228,0,273
381,20,335.0,2953.0,10.0,6.0,1,234,0,273
381,22,595.0,2946.0,12.0,8.0,1,213,0,258
381,24,525.0,2962.0,11.0,10.0,1,216,0,254
381,25,724.0,2949.0,11.0,6.0,1,215,0,254
381,26,375.0,2953.0,11.0,7.0,1,217,0,251
381,27,551.0,2958.0,10.0,9.0,1,216,0,251
381,28,654.0,2944.0,13.0,6.0,1,210,0,246
381,29,501.0,2952.0,13.0,10.0,1,217,0,246
381,31,702.0,2949.0,11.0,5.0,1,140,0,171
382,3,1721.0,3089.0,19.0,11.0,1,307,0,377
382,4,313.0,2945.0,7.0,7.0,1,250,0,307
382,5,463.0,2958.0,11.0,5.0,1,249,0,303
382,6,237.0,2947.0,10.0,7.0,1,250,0,299
382,7,755.0,2951.0,12.0,9.0,1,246,0,299
382,8,657.0,2931.0,10.0,7.0,1,256,0,296
382,9,353.0,2954.0,10.0,8.0,1,245,0,294
382,10,265.0,2947.0,11.0,9.0,1,251,0,292
382,11,442.0,2961.0,10.0,5.0,1,238,0,288
382,12,287.0,2949.0,13.0,6.0,1,242,0,285
382,13,422.0,2953.0,12.0,6.0,1,242,0,285
382,16,735.0,2954.0,13.0,9.0,0,235,1,277
382,17,677.0,2940.0,12.0,7.0,1,219,0,277
382,18,592.0,2953.0,9.0,10.0,1,238,0,274
382,19,394.0,2951.0,11.0,8.0,1,229,0,274
382,20,332.0,2948.0,12.0,7.0,1,235,0,274
382,22,511.0,2958.0,9.0,11.0,1,214,0,259
382,24,524.0,2964.0,4.0,6.0,1,217,0,255
382,25,718.0,2941.0,13.0,8.0,1,216,0,255
382,26,372.0,2953.0,10.0,8.0,1,218,0,252
382,27,537.0,2961.0,12.0,8.0,1,217,0,252
382,28,649.0,2945.0,12.0,7.0,1,211,0,247
382,29,473.0,2956.0,9.0,6.0,1,218,0,247
382,31,697.0,2943.0,12.0,8.0,1,141,0,172
383,3,1730.0,3092.0,13.0,9.0,1,308,0,378
383,4,313.0,2945.0,7.0,7.0,0,250,1,308
383,5,463.0,2959.0,7.0,6.0,1,250,0,304
383,6,234.0,2949.0,12.0,7.0,1,251,0,300
383,7,743.0,2949.0,13.0,10.0,1,247,0,300
383,8,648.0,2932.0,13.0,9.0,1,257,0,297
383,9,339.0,2955.0,13.0,6.0,1,246,0,295
383,10,261.0,2958.0,9.0,6.0,1,252,0,293
383,11,442.0,2961.0,10.0,5.0,0,238,1,289
383,12,279.0,2950.0,13.0,6.0,1,243,0,286
383,13,410.0,2956.0,13.0,9.0,1,243,0,286
383,16,735.0,2954.0,13.0,9.0,0,235,2,278
383,17,677.0,2939.0,12.0,6.0,1,220,0,278
383,18,595.0,2954.0,7.0,9.0,1,239,0,275
383,19,391.0,2953.0,9.0,7.0,1,230,0,275
383,20,322.0,2956.0,11.0,6.0,1,236,0,275
383,22,526.0,2959.0,15.0,10.0,1,215,0,260
383,24,508.0,2959.0,11.0,6.0,1,218,0,256
383,25,718.0,2951.0,10.0,7.0,1,217,0,256
383,26,364.0,2954.0,14.0,8.0,1,219,0,253
383,27,604.0,2955.0,12.0,10.0,1,218,0,253
383,28,649.0,2941.0,12.0,5.0,1,212,0,248
383,29,496.0,2960.0,12.0,10.0,1,219,0,248
383,31,695.0,2941.0,10.0,7.0,1,142,0,173
384,3,1728.0,3086.0,15.0,6.0,1,309,0,379
384,4,305.0,2947.0,11.0,6.0,1,251,0,309
384,5,455.0,2955.0,9.0,8.0,1,251,0,305
384,6,228.0,2953.0,12.0,7.0,1,252,0,301
384,7,744.0,2947.0,12.0,8.0,1,248,0,301
384,8,641.0,2930.0,13.0,8.0,1,258,0,298
384,9,344.0,2948.0,12.0,8.0,1,247,0,296
384,10,262.0,2951.0,7.0,7.0,1,253,0,294
384,11,428.0,2951.0,11.0,5.0,1,239,0,290
384,12,279.0,2950.0,13.0,6.0,0,243,1,287
384,13,413.0,2955.0,11.0,9.0,1,244,0,287
384,16,731.0,2947.0,11.0,9.0,1,236,0,279
384,17,677.0,2939.0,12.0,6.0,0,220,1,279
384,18,601.0,2957.0,12.0,8.0,1,240,0,276
384,19,391.0,2953.0,9.0,7.0,0,230,1,276
384,20,324.0,2950.0,9.0,7.0,1,237,0,276
384,22,538.0,2960.0,12.0,8.0,1,216,0,261
384,24,508.0,2959.0,11.0,6.0,0,218,1,257
384,25,715.0,2945.0,9.0,8.0,1,218,0,257
384,26,357.0,2949.0,13.0,8.0,1,220,0,254
384,27,580.0,2951.0,13.0,10.0,1,219,0,254
384,28,649.0,2949.0,10.0,5.0,1,213,0,249
384,29,487.0,2959.0,11.0,8.0,1,220,0,249
384,31,695.0,2941.0,10.0,7.0,0,142,1,174
385,3,1728.0,3086.0,15.0,6.0,0,309,1,380
385,4,300.0,2950.0,9.0,7.0,1,252,0,310
385,5,455.0,2958.0,10.0,5.0,1,252,0,306
385,6,225.0,2950.0,13.0,10.0,1,253,0,302
385,7,744.0,2952.0,8.0,8.0,1,249,0,302
385,8,641.0,2936.0,12.0,9.0,1,259,0,299
385,9,338.0,2954.0,12.0,9.0,1,248,0,297
385,10,249.0,2954.0,10.0,9.0,1,254,0,295
385,11,426.0,2957.0,11.0,7.0,1,240,0,291
385,12,270.0,2951.0,13.0,7.0,1,244,0,288
385,13,407.0,2951.0,10.0,8.0,1,245,0,288
385,16,731.0,2947.0,11.0,9.0,0,236,1,280
385,17,677.0,2939.0,12.0,6.0,0,220,2,280
385,18,600.0,2947.0,9.0,13.0,1,241,0,277
385,19,382.0,2953.0,8.0,9.0,1,231,0,277
385,20,324.0,2950.0,9.0,7.0,0,237,1,277
385,22,530.0,2953.0,10.0,11.0,1,217,0,262
385,24,503.0,2957.0,11.0,9.0,1,219,0,258
385,25,708.0,2945.0,10.0,9.0,1,219,0,258
385,26,358.0,2947.0,12.0,10.0,1,221,0,255
385,27,584.0,2956.0,5.0,8.0,1,220,0,255
385,28,638.0,2945.0,15.0,7.0,1,214,0,250
385,29,489.0,2964.0,11.0,9.0,1,221,0,250
385,31,688.0,2940.0,13.0,10.0,1,143,0,175
386,3,1734.0,3081.0,15.0,7.0,1,310,0,381
386,4,297.0,2947.0,9.0,9.0,1,253,0,311
386,5,461.0,2959.0,9.0,5.0,1,253,0,307
386,6,213.0,2949.0,12.0,10.0,1,254,0,303
386,7,744.0,2952.0,8.0,8.0,0,249,1,303
386,8,641.0,2936.0,12.0,9.0,0,259,1,300
386,9,338.0,2945.0,11.0,8.0,1,249,0,298
386,10,250.0,2951.0,10.0,8.0,1,255,0,296
386,11,441.0,2957.0,12.0,5.0,1,241,0,292
386,12,270.0,2951.0,13.0,7.0,0,244,1,289
386,13,401.0,2951.0,10.0,8.0,1,246,0,289
386,16,721.0,2949.0,11.0,8.0,1,237,0,281
386,17,668.0,2930.0,10.0,8.0,1,221,0,281
386,18,600.0,2947.0,9.0,13.0,0,241,1,278
386,19,426.0,2953.0,9.0,7.0,1,232,0,278
386,20,309.0,2948.0,10.0,7.0,1,238,0,278
386,22,529.0,2961.0,8.0,6.0,1,218,0,263
386,24,499.0,2962.0,10.0,7.0,1,220,0,259
386,25,705.0,2948.0,9.0,8.0,1,220,0,259
386,26,350.0,2950.0,13.0,9.0,1,222,0,256
386,27,584.0,2956.0,5.0,8.0,0,220,1,256
386,28,640.0,2940.0,12.0,8.0,1,215,0,251
386,29,485.0,2962.0,13.0,7.0,1,222,0,251
386,31,682.0,2943.0,12.0,6.0,1,144,0,176
387,3,1734.0,3080.0,14.0,11.0,1,311,0,382
387,4,278.0,2949.0,11.0,9.0,1,254,0,312
387,5,459.0,2958.0,10.0,6.0,1,254,0,308
387,6,210.0,2951.0,14.0,12.0,1,255,0,304
387,7,744.0,2952.0,8.0,8.0,0,249,2,304
387,8,638.0,2928.0,13.0,9.0,1,260,0,301
387,9,338.0,2945.0,11.0,8.0,0,249,1,299
387,10,250.0,2951.0,10.0,8.0,0,255,1,297
387,11,427.0,2957.0,9.0,5.0,1,242,0,293
387,12,261.0,2952.0,15.0,7.0,1,245,0,290
387,13,373.0,2953.0,9.0,7.0,1,247,0,290
387,16,721.0,2949.0,11.0,8.0,0,237,1,282
387,17,660.0,2934.0,12.0,8.0,1,222,0,282
387,18,583.0,2946.0,11.0,11.0,1,242,0,279
387,19,426.0,2953.0,9.0,7.0,0,232,1,279
387,20,305.0,2953.0,11.0,7.0,1,239,0,279
387,22,521.0,2963.0,9.0,8.0,1,219,0,264
387,24,495.0,2957.0,12.0,8.0,1,221,0,260
387,25,708.0,2942.0,12.0,8.0,1,221,0,260
387,26,350.0,2950.0,13.0,9.0,0,222,1,257
387,27,576.0,2944.0,9.0,8.0,1,221,0,257
387,28,639.0,2948.0,14.0,7.0,1,216,0,252
387,29,475.0,2959.0,13.0,10.0,1,223,0,252
387,31,680.0,2937.0,12.0,7.0,1,145,0,177
388,3,1742.0,3079.0,10.0,8.0,1,312,0,383
388,4,287.0,2948.0,12.0,8.0,1,255,0,313
388,5,433.0,2955.0,11.0,9.0,1,255,0,309
388,6,212.0,2951.0,12.0,7.0,1,256,0,305
388,7,744.0,2952.0,8.0,8.0,0,249,3,305
388,8,638.0,2928.0,13.0,9.0,0,260,1,302
388,9,322.0,2951.0,12.0,6.0,1,250,0,300
388,10,250.0,2951.0,10.0,8.0,0,255,2,298
388,11,413.0,2951.0,12.0,5.0,1,243,0,294
388,12,256.0,2948.0,14.0,7.0,1,246,0,291
388,13,372.0,2956.0,8.0,7.0,1,248,0,291
388,16,716.0,2945.0,12.0,5.0,1,238,0,283
388,17,658.0,2934.0,12.0,9.0,1,223,0,283
388,18,589.0,2954.0,10.0,6.0,1,243,0,280
388,19,394.0,2949.0,15.0,9.0,1,233,0,280
388,20,306.0,2952.0,8.0,7.0,1,240,0,280
388,22,478.0,2951.0,9.0,5.0,1,220,0,265
388,24,490.0,2958.0,9.0,6.0,1,222,0,261
388,25,697.0,2949.0,10.0,9.0,1,222,0,261
388,26,344.0,2951.0,11.0,8.0,1,223,0,258
388,27,513.0,2955.0,14.0,7.0,1,222,0,258
388,28,639.0,2948.0,14.0,7.0,0,216,1,253
388,29,448.0,2956.0,9.0,4.0,1,224,0,253
388,31,680.0,2943.0,10.0,8.0,1,146,0,178
389,3,1741.0,3079.0,14.0,7.0,1,313,0,384
389,4,280.0,2950.0,9.0,9.0,1,256,0,314
389,5,432.0,2951.0,11.0,8.0,1,256,0,310
389,6,203.0,2954.0,12.0,9.0,1,257,0,306
389,7,727.0,2947.0,11.0,9.0,1,250,0,306
389,8,626.0,2931.0,11.0,7.0,1,261,0,303
389,9,321.0,2949.0,11.0,10.0,1,251,0,301
389,10,250.0,2951.0,10.0,8.0,0,255,3,299
389,11,405.0,2960.0,12.0,6.0,1,244,0,295
389,12,253.0,2950.0,13.0,10.0,1,247,0,292
389,13,362.0,2952.0,8.0,6.0,1,249,0,292
389,16,709.0,2947.0,11.0,6.0,1,239,0,284
389,17,656.0,2931.0,13.0,10.0,1,224,0,284
389,18,581.0,2946.0,13.0,9.0,1,244,0,281
389,19,391.0,2949.0,11.0,9.0,1,234,0,281
389,20,301.0,2947.0,9.0,7.0,1,241,0,281
389,22,467.0,2953.0,11.0,7.0,1,221,0,266
389,24,490.0,2958.0,9.0,6.0,0,222,1,262
389,25,697.0,2942.0,13.0,8.0,1,223,0,262
389,26,342.0,2955.0,12.0,9.0,1,224,0,259
389,27,509.0,2959.0,12.0,8.0,1,223,0,259
389,28,639.0,2948.0,14.0,7.0,0,216,2,254
389,29,448.0,2956.0,11.0,7.0,1,225,0,254
389,31,680.0,2943.0,10.0,8.0,0,146,1,179
390,3,1745.0,3079.0,9.0,11.0,1,314,0,385
390,4,275.0,2949.0,9.0,8.0,1,257,0,315
390,5,428.0,2954.0,9.0,5.0,1,257,0,311
390,6,202.0,2949.0,10.0,9.0,1,258,0,307
390,7,727.0,2952.0,9.0,9.0,1,251,0,307
390,8,623.0,2929.0,8.0,8.0,1,262,0,304
390,9,310.0,2945.0,10.0,8.0,1,252,0,302
390,10,231.0,2950.0,6.0,9.0,1,256,0,300
390,11,407.0,2950.0,10.0,5.0,1,245,0,296
390,12,246.0,2951.0,15.0,8.0,1,248,0,293
390,13,362.0,2952.0,8.0,6.0,0,249,1,293
390,16,709.0,2947.0,11.0,6.0,0,239,1,285
390,17,656.0,2928.0,12.0,13.0,1,225,0,285
390,18,583.0,2948.0,14.0,10.0,1,245,0,282
390,19,380.0,2947.0,11.0,8.0,1,235,0,282
390,20,295.0,2947.0,10.0,8.0,1,242,0,282
390,22,468.0,2957.0,12.0,8.0,1,222,0,267
390,24,482.0,2957.0,15.0,6.0,1,223,0,263
390,25,692.0,2944.0,10.0,10.0,1,224,0,263
390,26,342.0,2955.0,12.0,9.0,0,224,1,260
390,27,511.0,2952.0,11.0,7.0,1,224,0,260
390,28,630.0,2936.0,11.0,9.0,1,217,0,255
390,29,446.0,2963.0,10.0,5.0,1,226,0,255
390,31,680.0,2943.0,10.0,8.0,0,146,2,180
391,3,1744.0,3071.0,19.0,11.0,1,315,0,386
391,4,265.0,2947.0,9.0,8.0,1,258,0,316
391,5,423.0,2955.0,13.0,8.0,1,258,0,312
391,6,199.0,2949.0,11.0,8.0,1,259,0,308
391,7,727.0,2952.0,9.0,9.0,0,251,1,308
391,8,616.0,2924.0,14.0,10.0,1,263,0,305
391,9,310.0,2948.0,12.0,9.0,1,253,0,303
391,10,228.0,2949.0,6.0,6.0,1,257,0,301
391,11,401.0,2954.0,10.0,5.0,1,246,0,297
391,12,240.0,2953.0,16.0,5.0,1,249,0,294
391,13,357.0,2951.0,10.0,6.0,1,250,0,294
391,16,709.0,2947.0,11.0,6.0,0,239,2,286
391,17,647.0,2930.0,10.0,10.0,1,226,0,286
391,18,576.0,2951.0,10.0,11.0,1,246,0,283
391,19,380.0,2947.0,11.0,8.0,0,235,1,283
391,20,289.0,2947.0,11.0,8.0,1,243,0,283
391,22,464.0,2954.0,13.0,9.0,1,223,0,268
391,24,500.0,2954.0,11.0,7.0,1,224,0,264
391,25,696.0,2936.0,11.0,9.0,1,225,0,264
391,26,325.0,2950.0,13.0,7.0,1,225,0,261
391,27,563.0,2949.0,10.0,10.0,1,225,0,261
391,28,632.0,2938.0,14.0,8.0,1,218,0,256
391,29,436.0,2955.0,11.0,8.0,1,227,0,256
391,31,670.0,2942.0,11.0,8.0,1,147,0,181
392,3,1747.0,3078.0,20.0,14.0,1,316,0,387
392,4,265.0,2947.0,9.0,8.0,0,258,1,317
392,5,434.0,2956.0,10.0,6.0,1,259,0,313
392,6,192.0,2948.0,13.0,5.0,1,260,0,309
392,7,720.0,2944.0,12.0,10.0,1,252,0,309
392,8,614.0,2925.0,12.0,10.0,1,264,0,306
392,9,319.0,2947.0,14.0,9.0,1,254,0,304
392,10,228.0,2949.0,6.0,6.0,0,257,1,302
392,11,413.0,2957.0,10.0,8.0,1,247,0,298
392,12,240.0,2953.0,16.0,5.0,0,249,1,295
392,13,370.0,2949.0,12.0,11.0,1,251,0,295
392,16,709.0,2947.0,11.0,6.0,0,239,3,287
392,17,648.0,2931.0,12.0,10.0,1,227,0,287
392,18,578.0,2947.0,12.0,9.0,1,247,0,284
392,19,394.0,2954.0,12.0,7.0,1,236,0,284
392,20,279.0,2948.0,9.0,7.0,1,244,0,284
392,22,481.0,2952.0,11.0,8.0,1,224,0,269
392,24,498.0,2957.0,13.0,8.0,1,225,0,265
392,25,696.0,2936.0,11.0,9.0,0,225,1,265
392,26,344.0,2947.0,11.0,7.0,1,226,0,262
392,27,551.0,2949.0,12.0,7.0,1,226,0,262
392,28,623.0,2940.0,12.0,7.0,1,219,0,257
392,29,457.0,2958.0,11.0,6.0,1,228,0,257
392,31,661.0,2936.0,12.0,6.0,1,148,0,182
393,3,1747.0,3078.0,20.0,14.0,0,316,1,388
393,4,254.0,2953.0,11.0,7.0,1,259,0,318
393,5,434.0,2956.0,11.0,7.0,1,260,0,314
393,6,183.0,2951.0,10.0,8.0,1,261,0,310
393,7,720.0,2944.0,12.0,10.0,0,252,1,310
393,8,614.0,2928.0,10.0,8.0,1,265,0,307
393,9,319.0,2945.0,11.0,9.0,1,255,0,305
393,10,212.0,2952.0,9.0,8.0,1,258,0,303
393,11,410.0,2952.0,12.0,8.0,1,248,0,299
393,12,229.0,2950.0,12.0,7.0,1,250,0,296
393,13,371.0,2945.0,9.0,9.0,1,252,0,296
393,16,702.0,2945.0,10.0,6.0,1,240,0,288
393,17,643.0,2928.0,9.0,7.0,1,228,0,288
393,18,566.0,2940.0,13.0,11.0,1,248,0,285
393,19,396.0,2951.0,12.0,10.0,1,237,0,285
393,20,278.0,2948.0,10.0,7.0,1,245,0,285
393,22,465.0,2954.0,10.0,9.0,1,225,0,270
393,24,489.0,2952.0,13.0,8.0,1,226,0,266
393,25,685.0,2942.0,13.0,8.0,1,226,0,266
393,26,347.0,2946.0,9.0,6.0,1,227,0,263
393,27,554.0,2948.0,9.0,10.0,1,227,0,263
393,28,622.0,2938.0,10.0,6.0,1,220,0,258
393,29,457.0,2958.0,11.0,6.0,0,228,1,258
393,31,665.0,2941.0,11.0,9.0,1,149,0,183
394,3,1750.0,3075.0,17.0,8.0,1,317,0,389
394,4,255.0,2945.0,11.0,9.0,1,260,0,319
394,5,423.0,2956.0,10.0,6.0,1,261,0,315
394,6,177.0,2944.0,9.0,8.0,1,262,0,311
394,7,715.0,2948.0,12.0,9.0,1,253,0,311
394,8,614.0,2928.0,10.0,8.0,0,265,1,308
394,9,296.0,2942.0,13.0,10.0,1,256,0,306
394,10,206.0,2953.0,7.0,6.0,1,259,0,304
394,11,389.0,2952.0,9.0,5.0,1,249,0,300
394,12,221.0,2942.0,13.0,8.0,1,251,0,297
394,13,342.0,2948.0,9.0,7.0,1,253,0,297
394,16,699.0,2947.0,10.0,6.0,1,241,0,289
394,17,638.0,2927.0,9.0,8.0,1,229,0,289
394,18,576.0,2945.0,11.0,13.0,1,249,0,286
394,19,369.0,2951.0,9.0,9.0,1,238,0,286
394,20,280.0,2946.0,12.0,9.0,1,246,0,286
394,22,464.0,2958.0,11.0,7.0,1,226,0,271
394,24,491.0,2954.0,12.0,8.0,1,227,0,267
394,25,679.0,2940.0,13.0,7.0,1,227,0,267
394,26,314.0,2940.0,12.0,9.0,1,228,0,264
394,27,547.0,2944.0,10.0,8.0,1,228,0,264
394,28,621.0,2937.0,12.0,6.0,1,221,0,259
394,29,411.0,2950.0,11.0,7.0,1,229,0,259
394,31,658.0,2939.0,15.0,7.0,1,150,0,184
395,3,1758.0,3072.0,11.0,11.0,1,318,0,390
395,4,247.0,2947.0,14.0,9.0,1,261,0,320
395,5,417.0,2950.0,11.0,7.0,1,262,0,316
395,6,173.0,2944.0,12.0,8.0,1,263,0,312
395,7,715.0,2948.0,12.0,9.0,0,253,1,312
395,8,604.0,2930.0,12.0,7.0,1,266,0,309
395,9,296.0,2942.0,13.0,10.0,0,256,1,307
395,10,198.0,2950.0,5.0,6.0,1,260,0,305
395,11,388.0,2947.0,7.0,6.0,1,250,0,301
395,12,217.0,2949.0,16.0,8.0,1,252,0,298
395,13,332.0,2947.0,9.0,6.0,1,254,0,298
395,16,694.0,2943.0,8.0,8.0,1,242,0,290
395,17,638.0,2927.0,9.0,8.0,0,229,1,290
395,18,576.0,2945.0,11.0,13.0,0,249,1,287
395,19,359.0,2950.0,8.0,5.0,1,239,0,287
395,20,285.0,2945.0,12.0,10.0,1,247,0,287
395,22,445.0,2951.0,10.0,9.0,1,227,0,272
395,24,491.0,2954.0,12.0,8.0,0,227,1,268
395,25,677.0,2936.0,10.0,8.0,1,228,0,268
395,26,317.0,2942.0,10.0,8.0,1,229,0,265
395,27,542.0,2946.0,15.0,11.0,1,229,0,265
395,28,617.0,2943.0,11.0,7.0,1,222,0,260
395,29,396.0,2949.0,11.0,8.0,1,230,0,260
395,31,661.0,2938.0,12.0,8.0,1,151,0,185
396,3,1752.0,3072.0,15.0,8.0,1,319,0,391
396,4,247.0,2947.0,14.0,9.0,0,261,1,321
396,5,416.0,2951.0,10.0,6.0,1,263,0,317
396,6,165.0,2949.0,11.0,7.0,1,264,0,313
396,7,715.0,2948.0,12.0,9.0,0,253,2,313
396,8,602.0,2920.0,11.0,7.0,1,267,0,310
396,9,285.0,2944.0,8.0,8.0,1,257,0,308
396,10,201.0,2949.0,8.0,6.0,1,261,0,306
396,11,376.0,2944.0,11.0,5.0,1,251,0,302
396,12,217.0,2949.0,16.0,8.0,0,252,1,299
396,13,333.0,2945.0,12.0,7.0,1,255,0,299
396,16,691.0,2946.0,10.0,8.0,1,243,0,291
396,17,636.0,2932.0,12.0,10.0,1,230,0,291
396,18,567.0,2944.0,10.0,14.0,1,250,0,288
396,19,354.0,2944.0,14.0,10.0,1,240,0,288
396,20,268.0,2940.0,10.0,7.0,1,248,0,288
396,22,456.0,2954.0,8.0,7.0,1,228,0,273
396,24,474.0,2954.0,12.0,6.0,1,228,0,269
396,25,678.0,2940.0,10.0,7.0,1,229,0,269
396,26,309.0,2947.0,12.0,8.0,1,230,0,266
396,27,542.0,2946.0,15.0,11.0,0,229,1,266
396,28,612.0,2946.0,10.0,6.0,1,223,0,261
396,29,439.0,2950.0,9.0,8.0,1,231,0,261
396,31,652.0,2933.0,11.0,9.0,1,152,0,186
397,3,1757.0,3073.0,15.0,9.0,1,320,0,392
397,4,247.0,2947.0,14.0,9.0,0,261,2,322
397,5,411.0,2952.0,10.0,8.0,1,264,0,318
397,6,162.0,2952.0,11.0,7.0,1,265,0,314
397,7,704.0,2945.0,11.0,9.0,1,254,0,314
397,8,598.0,2919.0,11.0,7.0,1,268,0,311
397,9,284.0,2946.0,10.0,6.0,1,258,0,309
397,10,185.0,2954.0,13.0,6.0,1,262,0,307
397,11,376.0,2946.0,9.0,5.0,1,252,0,303
397,12,206.0,2946.0,14.0,7.0,1,253,0,300
397,13,328.0,2946.0,9.0,8.0,1,256,0,300
397,16,691.0,2946.0,10.0,8.0,0,243,1,292
397,17,629.0,2930.0,11.0,8.0,1,231,0,292
397,18,564.0,2942.0,12.0,8.0,1,251,0,289
397,19,350.0,2946.0,12.0,8.0,1,241,0,289
397,20,263.0,2946.0,10.0,8.0,1,249,0,289
397,22,430.0,2948.0,10.0,8.0,1,229,0,274
397,24,474.0,2954.0,12.0,6.0,0,228,1,270
397,25,667.0,2931.0,12.0,11.0,1,230,0,270
397,26,309.0,2947.0,12.0,8.0,0,230,1,267
397,27,539.0,2938.0,12.0,10.0,1,230,0,267
397,28,614.0,2937.0,12.0,8.0,1,224,0,262
397,29,399.0,2945.0,10.0,9.0,1,232,0,262
397,31,647.0,2937.0,11.0,8.0,1,153,0,187
398,3,1757.0,3073.0,15.0,9.0,0,320,1,393
398,4,247.0,2947.0,14.0,9.0,0,261,3,323
398,5,407.0,2953.0,9.0,6.0,1,265,0,319
398,6,156.0,2944.0,10.0,6.0,1,266,0,315
398,7,705.0,2941.0,11.0,7.0,1,255,0,315
398,8,596.0,2925.0,14.0,6.0,1,269,0,312
398,9,283.0,2947.0,9.0,6.0,1,259,0,310
398,10,184.0,2954.0,8.0,6.0,1,263,0,308
398,11,391.0,2945.0,11.0,8.0,1,253,0,304
398,12,206.0,2946.0,14.0,7.0,0,253,1,301
398,13,323.0,2940.0,7.0,8.0,1,257,0,301
398,16,691.0,2946.0,10.0,8.0,0,243,2,293
398,17,629.0,2930.0,11.0,8.0,0,231,1,293
398,18,561.0,2944.0,9.0,10.0,1,252,0,290
398,19,346.0,2943.0,13.0,6.0,1,242,0,290
398,20,250.0,2947.0,12.0,9.0,1,250,0,290
398,22,449.0,2951.0,12.0,6.0,1,230,0,275
398,24,473.0,2950.0,10.0,8.0,1,229,0,271
398,25,669.0,2943.0,13.0,11.0,1,231,0,271
398,26,309.0,2947.0,12.0,8.0,0,230,2,268
398,27,538.0,2946.0,10.0,6.0,1,231,0,268
398,28,606.0,2935.0,11.0,8.0,1,225,0,263
398,29,428.0,2951.0,11.0,8.0,1,233,0,263
398,31,638.0,2933.0,11.0,8.0,1,154,0,188
399,3,1764.0,3073.0,15.0,11.0,1,321,0,394
399,4,228.0,2949.0,10.0,9.0,1,262,0,324
399,5,402.0,2949.0,10.0,5.0,1,266,0,320
399,6,150.0,2948.0,9.0,7.0,1,267,0,316
399,7,701.0,2942.0,11.0,7.0,1,256,0,316
399,8,591.0,2912.0,14.0,8.0,1,270,0,313
399,9,273.0,2945.0,8.0,6.0,1,260,0,311
399,10,181.0,2951.0,6.0,7.0,1,264,0,309
399,11,380.0,2953.0,9.0,7.0,1,254,0,305
399,12,199.0,2949.0,14.0,8.0,1,254,0,302
399,13,322.0,2941.0,8.0,7.0,1,258,0,302
399,16,684.0,2944.0,11.0,6.0,1,244,0,294
399,17,620.0,2929.0,13.0,10.0,1,232,0,294
399,18,562.0,2938.0,9.0,9.0,1,253,0,291
399,19,368.0,2945.0,7.0,8.0,1,243,0,291
399,20,247.0,2947.0,13.0,8.0,1,251,0,291
399,22,446.0,2951.0,12.0,8.0,1,231,0,276
399,24,461.0,2950.0,12.0,6.0,1,230,0,272
399,25,665.0,2933.0,12.0,11.0,1,232,0,272
399,26,309.0,2947.0,12.0,8.0,0,230,3,269
399,27,534.0,2942.0,11.0,8.0,1,232,0,269
399,28,610.0,2927.0,11.0,9.0,1,226,0,264
399,29,421.0,2953.0,10.0,7.0,1,234,0,264
399,31,638.0,2933.0,11.0,8.0,0,154,1,189
400,3,1766.0,3070.0,11.0,11.0,1,322,0,395
400,4,218.0,2946.0,11.0,9.0,1,263,0,325
400,5,403.0,2949.0,10.0,5.0,1,267,0,321
400,6,148.0,2950.0,10.0,8.0,1,268,0,317
400,7,701.0,2942.0,11.0,7.0,0,256,1,317
400,8,585.0,2924.0,12.0,7.0,1,271,0,314
400,9,265.0,2950.0,9.0,7.0,1,261,0,312
400,10,179.0,2953.0,10.0,6.0,1,265,0,310
400,11,379.0,2952.0,10.0,7.0,1,255,0,306
400,12,190.0,2945.0,14.0,9.0,1,255,0,303
400,13,310.0,2947.0,9.0,7.0,1,259,0,303
400,16,681.0,2939.0,10.0,6.0,1,245,0,295
400,17,620.0,2921.0,10.0,10.0,1,233,0,295
400,18,547.0,2941.0,14.0,15.0,1,254,0,292
400,19,358.0,2947.0,13.0,8.0,1,244,0,292
400,20,247.0,2947.0,13.0,8.0,0,251,1,292
400,22,443.0,2946.0,8.0,9.0,1,232,0,277
400,24,457.0,2950.0,12.0,9.0,1,231,0,273
400,25,662.0,2936.0,10.0,9.0,1,233,0,273
400,26,289.0,2946.0,11.0,10.0,1,231,0,270
400,27,531.0,2943.0,12.0,6.0,1,233,0,270
400,28,610.0,2927.0,11.0,9.0,0,226,1,265
400,29,421.0,2953.0,10.0,7.0,0,234,1,265
400,31,636.0,2927.0,12.0,10.0,1,155,0,190
401,3,1762.0,3067.0,17.0,11.0,1,323,0,396
401,4,220.0,2944.0,12.0,8.0,1,264,0,326
401,5,391.0,2952.0,13.0,9.0,1,268,0,322
401,6,141.0,2952.0,11.0,9.0,1,269,0,318
401,7,699.0,2942.0,10.0,8.0,1,257,0,318
401,8,585.0,2924.0,12.0,7.0,0,271,1,315
401,9,256.0,2939.0,13.0,10.0,1,262,0,313
401,10,166.0,2949.0,13.0,9.0,1,266,0,311
401,11,357.0,2950.0,11.0,8.0,1,256,0,307
401,12,189.0,2941.0,15.0,9.0,1,256,0,304
401,13,306.0,2946.0,10.0,8.0,1,260,0,304
401,16,678.0,2939.0,11.0,8.0,1,246,0,296
401,17,617.0,2919.0,12.0,10.0,1,234,0,296
401,18,547.0,2941.0,14.0,15.0,0,254,1,293
401,19,329.0,2946.0,14.0,7.0,1,245,0,293
401,20,239.0,2938.0,14.0,9.0,1,252,0,293
401,22,429.0,2948.0,12.0,6.0,1,233,0,278
401,24,448.0,2949.0,14.0,9.0,1,232,0,274
401,25,662.0,2936.0,10.0,9.0,0,233,1,274
401,26,285.0,2944.0,12.0,8.0,1,232,0,271
401,27,525.0,2942.0,15.0,11.0,1,234,0,271
401,28,598.0,2935.0,13.0,9.0,1,227,0,266
401,29,414.0,2945.0,13.0,9.0,1,235,0,266
401,31,631.0,2925.0,12.0,9.0,1,156,0,191
402,3,1774.0,3069.0,15.0,8.0,1,324,0,397
402,4,211.0,2954.0,13.0,7.0,1,265,0,327
402,5,384.0,2938.0,12.0,7.0,1,269,0,323
402,6,139.0,2940.0,9.0,8.0,1,270,0,319
402,7,699.0,2942.0,10.0,8.0,0,257,1,319
402,8,585.0,2924.0,12.0,7.0,0,271,2,316
402,9,256.0,2939.0,13.0,10.0,0,262,1,314
402,10,168.0,2947.0,8.0,11.0,1,267,0,312
402,11,370.0,2944.0,14.0,9.0,1,257,0,308
402,12,178.0,2949.0,15.0,9.0,1,257,0,305
402,13,306.0,2946.0,10.0,8.0,0,260,1,305
402,16,676.0,2934.0,9.0,9.0,1,247,0,297
402,17,610.0,2922.0,11.0,7.0,1,235,0,297
402,18,553.0,2941.0,11.0,9.0,1,255,0,294
402,19,354.0,2946.0,7.0,9.0,1,246,0,294
402,20,239.0,2938.0,14.0,9.0,0,252,1,294
402,22,437.0,2948.0,11.0,7.0,1,234,0,279
402,24,446.0,2938.0,13.0,9.0,1,233,0,275
402,25,657.0,2931.0,9.0,7.0,1,234,0,275
402,26,272.0,2948.0,12.0,8.0,1,233,0,272
402,27,528.0,2937.0,10.0,9.0,1,235,0,272
402,28,601.0,2933.0,11.0,9.0,1,228,0,267
402,29,414.0,2946.0,9.0,6.0,1,236,0,267
402,31,634.0,2926.0,11.0,8.0,1,157,0,192
403,3,1766.0,3074.0,12.0,10.0,1,325,0,398
403,4,209.0,2942.0,13.0,7.0,1,266,0,328
403,5,364.0,2941.0,13.0,8.0,1,270,0,324
403,6,135.0,2947.0,10.0,7.0,1,271,0,320
403,7,690.0,2940.0,9.0,7.0,1,258,0,320
403,8,573.0,2921.0,12.0,10.0,1,272,0,317
403,9,252.0,2946.0,12.0,8.0,1,263,0,315
403,10,162.0,2945.0,7.0,9.0,1,268,0,313
403,11,348.0,2946.0,7.0,10.0,1,258,0,309
403,12,183.0,2942.0,16.0,9.0,1,258,0,306
403,13,299.0,2948.0,8.0,9.0,1,261,0,306
403,16,670.0,2938.0,9.0,5.0,1,248,0,298
403,17,610.0,2922.0,11.0,7.0,0,235,1,298
403,18,550.0,2933.0,12.0,11.0,1,256,0,295
403,19,323.0,2939.0,12.0,9.0,1,247,0,295
403,20,235.0,2948.0,11.0,7.0,1,253,0,295
403,22,406.0,2947.0,13.0,7.0,1,235,0,280
403,24,440.0,2944.0,12.0,8.0,1,234,0,276
403,25,658.0,2931.0,10.0,7.0,1,235,0,276
403,26,272.0,2939.0,14.0,9.0,1,234,0,273
403,27,432.0,2955.0,10.0,4.0,1,236,0,273
403,28,601.0,2933.0,11.0,9.0,0,228,1,268
403,29,387.0,2946.0,12.0,6.0,1,237,0,268
403,31,626.0,2928.0,10.0,7.0,1,158,0,193
404,3,1766.0,3074.0,12.0,10.0,0,325,1,399
404,4,199.0,2948.0,13.0,9.0,1,267,0,329
404,5,381.0,2947.0,11.0,6.0,1,271,0,325
404,6,127.0,2945.0,10.0,7.0,1,272,0,321
404,7,689.0,2933.0,10.0,7.0,1,259,0,321
404,8,574.0,2916.0,12.0,6.0,1,273,0,318
404,9,250.0,2947.0,9.0,7.0,1,264,0,316
404,10,162.0,2945.0,7.0,9.0,0,268,1,314
404,11,345.0,2944.0,10.0,10.0,1,259,0,310
404,12,170.0,2941.0,17.0,9.0,1,259,0,307
404,13,299.0,2948.0,8.0,9.0,0,261,1,307
404,16,670.0,2933.0,8.0,8.0,1,249,0,299
404,17,605.0,2919.0,11.0,7.0,1,236,0,299
404,18,543.0,2936.0,10.0,6.0,1,257,0,296
404,19,321.0,2942.0,13.0,9.0,1,248,0,296
404,20,227.0,2943.0,12.0,7.0,1,254,0,296
404,22,420.0,2946.0,11.0,10.0,1,236,0,281
404,24,442.0,2948.0,13.0,11.0,1,235,0,277
404,25,658.0,2931.0,10.0,7.0,0,235,1,277
404,26,272.0,2939.0,14.0,9.0,0,234,1,274
404,27,520.0,2939.0,9.0,8.0,1,237,0,274
404,28,580.0,2930.0,13.0,8.0,1,229,0,269
404,29,406.0,2942.0,13.0,7.0,1,238,0,269
404,31,630.0,2924.0,10.0,9.0,1,159,0,194
405,3,1766.0,3074.0,12.0,10.0,0,325,2,400
405,4,199.0,2948.0,13.0,9.0,0,267,1,330
405,5,375.0,2949.0,9.0,6.0,1,272,0,326
405,6,120.0,2942.0,10.0,6.0,1,273,0,322
405,7,683.0,2934.0,9.0,8.0,1,260,0,322
405,8,572.0,2921.0,9.0,6.0,1,274,0,319
405,9,249.0,2939.0,8.0,10.0,1,265,0,317
405,10,150.0,2950.0,10.0,8.0,1,269,0,315
405,11,362.0,2944.0,12.0,8.0,1,260,0,311
405,12,168.0,2947.0,15.0,8.0,1,260,0,308
405,13,288.0,2945.0,9.0,7.0,1,262,0,308
405,16,665.0,2932.0,8.0,9.0,1,250,0,300
405,17,603.0,2920.0,9.0,7.0,1,237,0,300
405,18,540.0,2942.0,11.0,8.0,1,258,0,297
405,19,321.0,2942.0,13.0,9.0,0,248,1,297
405,20,215.0,2946.0,11.0,6.0,1,255,0,297
405,22,412.0,2943.0,10.0,7.0,1,237,0,282
405,24,442.0,2948.0,13.0,11.0,0,235,1,278
405,25,658.0,2931.0,10.0,7.0,0,235,2,278
405,26,265.0,2945.0,12.0,10.0,1,235,0,275
405,27,521.0,2936.0,9.0,7.0,1,238,0,275
405,28,583.0,2937.0,12.0,8.0,1,230,0,270
405,29,398.0,2941.0,11.0,10.0,1,239,0,270
405,31,616.0,2923.0,8.0,7.0,1,160,0,195
406,3,1766.0,3074.0,12.0,10.0,0,325,3,401
406,4,187.0,2950.0,12.0,7.0,1,268,0,331
406,5,371.0,2946.0,8.0,7.0,1,273,0,327
406,6,118.0,2941.0,11.0,9.0,1,274,0,323
406,7,684.0,2929.0,7.0,9.0,1,261,0,323
406,8,566.0,2920.0,13.0,8.0,1,275,0,320
406,9,226.0,2945.0,13.0,9.0,1,266,0,318
406,10,144.0,2954.0,9.0,5.0,1,270,0,316
406,11,332.0,2945.0,7.0,7.0,1,261,0,312
406,12,161.0,2939.0,14.0,7.0,1,261,0,309
406,13,282.0,2941.0,10.0,7.0,1,263,0,309
406,16,665.0,2932.0,8.0,9.0,0,250,1,301
406,17,586.0,2928.0,11.0,9.0,1,238,0,301
406,18,510.0,2945.0,14.0,6.0,1,259,0,298
406,19,305.0,2939.0,12.0,11.0,1,249,0,298
406,20,217.0,2946.0,10.0,7.0,1,256,0,298
406,22,393.0,2947.0,9.0,8.0,1,238,0,283
406,24,413.0,2948.0,13.0,10.0,1,236,0,279
406,25,640.0,2932.0,12.0,9.0,1,236,0,279
406,26,259.0,2943.0,12.0,8.0,1,236,0,276
406,27,431.0,2941.0,11.0,7.0,1,239,0,276
406,28,542.0,2934.0,9.0,7.0,1,231,0,271
406,29,355.0,2942.0,10.0,8.0,1,240,0,271
406,31,613.0,2926.0,10.0,9.0,1,161,0,196
407,3,1772.0,3071.0,18.0,10.0,1,326,0,402
407,4,187.0,2950.0,12.0,7.0,0,268,1,332
407,5,369.0,2945.0,10.0,7.0,1,274,0,328
407,6,112.0,2940.0,10.0,9.0,1,275,0,324
407,7,676.0,2931.0,13.0,9.0,1,262,0,324
407,8,558.0,2920.0,11.0,6.0,1,276,0,321
407,9,230.0,2942.0,11.0,9.0,1,267,0,319
407,10,144.0,2954.0,9.0,5.0,0,270,1,317
407,11,332.0,2945.0,7.0,7.0,0,261,1,313
407,12,161.0,2939.0,14.0,7.0,0,261,1,310
407,13,282.0,2946.0,10.0,6.0,1,264,0,310
407,16,656.0,2939.0,9.0,6.0,1,251,0,302
407,17,577.0,2928.0,11.0,8.0,1,239,0,302
407,18,511.0,2940.0,12.0,8.0,1,260,0,299
407,19,305.0,2939.0,12.0,11.0,0,249,1,299
407,20,212.0,2946.0,8.0,6.0,1,257,0,299
407,22,388.0,2944.0,12.0,9.0,1,239,0,284
407,24,413.0,2949.0,8.0,7.0,1,237,0,280
407,25,609.0,2927.0,12.0,9.0,1,237,0,280
407,26,255.0,2945.0,12.0,8.0,1,237,0,277
407,27,428.0,2948.0,9.0,9.0,1,240,0,277
407,28,543.0,2937.0,9.0,8.0,1,232,0,272
407,29,355.0,2942.0,10.0,8.0,0,240,1,272
407,31,591.0,2925.0,12.0,7.0,1,162,0,197
408,3,1777.0,3071.0,12.0,11.0,1,327,0,403
408,4,180.0,2946.0,10.0,7.0,1,269,0,333
408,5,369.0,2945.0,10.0,7.0,0,274,1,329
408,6,112.0,2940.0,10.0,9.0,0,275,1,325
408,7,654.0,2933.0,12.0,8.0,1,263,0,325
408,8,559.0,2917.0,12.0,8.0,1,277,0,322
408,9,230.0,2942.0,11.0,9.0,0,267,1,320
408,10,132.0,2941.0,12.0,7.0,1,271,0,318
408,11,322.0,2943.0,10.0,7.0,1,262,0,314
408,12,153.0,2948.0,18.0,10.0,1,262,0,311
408,13,274.0,2944.0,10.0,7.0,1,265,0,311
408,16,634.0,2929.0,10.0,10.0,1,252,0,303
408,17,577.0,2927.0,10.0,8.0,1,240,0,303
408,18,507.0,2932.0,12.0,8.0,1,261,0,300
408,19,302.0,2939.0,14.0,10.0,1,250,0,300
408,20,206.0,2946.0,8.0,6.0,1,258,0,300
408,22,388.0,2948.0,10.0,8.0,1,240,0,285
408,24,413.0,2949.0,8.0,7.0,0,237,1,281
408,25,612.0,2927.0,10.0,6.0,1,238,0,281
408,26,250.0,2937.0,11.0,8.0,1,238,0,278
408,27,418.0,2941.0,14.0,9.0,1,241,0,278
408,28,531.0,2933.0,10.0,5.0,1,233,0,273
408,29,352.0,2942.0,11.0,7.0,1,241,0,273
408,31,590.0,2919.0,9.0,8.0,1,163,0,198
409,3,1776.0,3074.0,10.0,9.0,1,328,0,404
409,4,171.0,2949.0,11.0,7.0,1,270,0,334
409,5,355.0,2941.0,13.0,8.0,1,275,0,330
409,6,112.0,2940.0,10.0,9.0,0,275,2,326
409,7,672.0,2927.0,9.0,11.0,1,264,0,326
409,8,552.0,2908.0,12.0,10.0,1,278,0,323
409,9,230.0,2942.0,11.0,9.0,0,267,2,321
409,10,132.0,2941.0,12.0,7.0,0,271,1,319
409,11,318.0,2942.0,10.0,7.0,1,263,0,315
409,12,153.0,2948.0,18.0,10.0,0,262,1,312
409,13,269.0,2942.0,10.0,9.0,1,266,0,312
409,16,626.0,2925.0,10.0,11.0,1,253,0,304
409,17,571.0,2925.0,11.0,8.0,1,241,0,304
409,18,503.0,2937.0,8.0,8.0,1,262,0,301
409,19,295.0,2946.0,12.0,8.0,1,251,0,301
409,20,206.0,2946.0,8.0,6.0,0,258,1,301
409,22,379.0,2942.0,12.0,9.0,1,241,0,286
409,24,393.0,2941.0,8.0,8.0,1,238,0,282
409,25,601.0,2920.0,13.0,8.0,1,239,0,282
409,26,238.0,2947.0,12.0,7.0,1,239,0,279
409,27,419.0,2944.0,13.0,9.0,1,242,0,279
409,28,529.0,2935.0,11.0,7.0,1,234,0,274
409,29,352.0,2942.0,11.0,7.0,0,241,1,274
409,31,580.0,2913.0,10.0,7.0,1,164,0,199
410,3,1776.0,3077.0,12.0,12.0,1,329,0,405
410,4,167.0,2946.0,13.0,8.0,1,271,0,335
410,5,355.0,2941.0,13.0,8.0,0,275,1,331
410,6,89.0,2943.0,11.0,9.0,1,276,0,327
410,7,663.0,2923.0,8.0,12.0,1,265,0,327
410,8,556.0,2916.0,12.0,8.0,1,279,0,324
410,9,219.0,2944.0,11.0,9.0,1,268,0,322
410,10,118.0,2944.0,8.0,7.0,1,272,0,320
410,11,310.0,2945.0,9.0,5.0,1,264,0,316
410,12,143.0,2947.0,15.0,8.0,1,263,0,313
410,13,262.0,2942.0,11.0,9.0,1,267,0,313
410,16,627.0,2929.0,11.0,8.0,1,254,0,305
410,17,570.0,2922.0,12.0,9.0,1,242,0,305
410,18,500.0,2931.0,10.0,9.0,1,263,0,302
410,19,295.0,2946.0,12.0,8.0,0,251,1,302
410,20,206.0,2946.0,8.0,6.0,0,258,2,302
410,22,379.0,2942.0,12.0,9.0,0,241,1,287
410,24,393.0,2941.0,8.0,8.0,0,238,1,283
410,25,602.0,2919.0,11.0,7.0,1,240,0,283
410,26,240.0,2945.0,10.0,7.0,1,240,0,280
410,27,408.0,2947.0,14.0,7.0,1,243,0,280
410,28,529.0,2935.0,11.0,7.0,0,234,1,275
410,29,338.0,2939.0,12.0,8.0,1,242,0,275
410,31,574.0,2913.0,13.0,9.0,1,165,0,200
411,3,1776.0,3077.0,12.0,12.0,0,329,1,406
411,4,161.0,2945.0,14.0,12.0,1,272,0,336
411,5,353.0,2941.0,12.0,7.0,1,276,0,332
411,6,83.0,2944.0,14.0,10.0,1,277,0,328
411,7,663.0,2922.0,10.0,9.0,1,266,0,328
411,8,548.0,2914.0,11.0,9.0,1,280,0,325
411,9,211.0,2943.0,16.0,9.0,1,269,0,323
411,10,112.0,2945.0,12.0,11.0,1,273,0,321
411,11,311.0,2940.0,9.0,6.0,1,265,0,317
411,12,143.0,2947.0,15.0,8.0,0,263,1,314
411,13,259.0,2946.0,10.0,7.0,1,268,0,314
411,16,641.0,2925.0,12.0,9.0,1,255,0,306
411,17,562.0,2918.0,11.0,8.0,1,243,0,306
411,18,496.0,2937.0,9.0,7.0,1,264,0,303
411,19,289.0,2940.0,11.0,9.0,1,252,0,303
411,20,187.0,2942.0,10.0,8.0,1,259,0,303
411,22,367.0,2943.0,11.0,7.0,1,242,0,288
411,24,391.0,2942.0,10.0,7.0,1,239,0,284
411,25,625.0,2921.0,8.0,10.0,1,241,0,284
411,26,228.0,2947.0,13.0,9.0,1,241,0,281
411,27,407.0,2940.0,12.0,8.0,1,244,0,281
411,28,537.0,2934.0,11.0,9.0,1,235,0,276
411,29,338.0,2939.0,12.0,8.0,0,242,1,276
411,31,595.0,2921.0,14.0,8.0,1,166,0,201
412,3,1776.0,3077.0,12.0,12.0,0,329,2,407
412,4,158.0,2945.0,12.0,10.0,1,273,0,337
412,5,351.0,2945.0,8.0,4.0,1,277,0,333
412,6,80.0,2941.0,13.0,11.0,1,278,0,329
412,7,660.0,2928.0,13.0,11.0,1,267,0,329
412,8,547.0,2914.0,13.0,5.0,1,281,0,326
412,9,211.0,2943.0,16.0,9.0,0,269,1,324
412,10,113.0,2947.0,11.0,7.0,1,274,0,322
412,11,304.0,2941.0,8.0,5.0,1,266,0,318
412,12,137.0,2948.0,14.0,9.0,1,264,0,315
412,13,259.0,2946.0,10.0,7.0,0,268,1,315
412,16,640.0,2923.0,12.0,8.0,1,256,0,307
412,17,559.0,2927.0,14.0,9.0,1,244,0,307
412,18,496.0,2930.0,10.0,9.0,1,265,0,304
412,19,280.0,2942.0,14.0,7.0,1,253,0,304
412,20,180.0,2942.0,11.0,7.0,1,260,0,304
412,22,365.0,2945.0,13.0,6.0,1,243,0,289
412,24,383.0,2945.0,8.0,8.0,1,240,0,285
412,25,620.0,2922.0,11.0,8.0,1,242,0,285
412,26,226.0,2941.0,13.0,10.0,1,242,0,282
412,27,404.0,2942.0,14.0,8.0,1,245,0,282
412,28,526.0,2928.0,13.0,9.0,1,236,0,277
412,29,331.0,2936.0,16.0,11.0,1,243,0,277
412,31,581.0,2911.0,9.0,9.0,1,167,0,202
413,3,1778.0,3067.0,12.0,7.0,1,330,0,408
413,4,156.0,2937.0,9.0,9.0,1,274,0,338
413,5,351.0,2945.0,8.0,4.0,0,277,1,334
413,6,82.0,2941.0,9.0,8.0,1,279,0,330
413,7,652.0,2928.0,11.0,8.0,1,268,0,330
413,8,547.0,2914.0,13.0,5.0,0,281,1,327
413,9,198.0,2944.0,15.0,10.0,1,270,0,325
413,10,104.0,2943.0,12.0,7.0,1,275,0,323
413,11,297.0,2940.0,10.0,5.0,1,267,0,319
413,12,126.0,2946.0,18.0,7.0,1,265,0,316
413,13,259.0,2946.0,10.0,7.0,0,268,2,316
413,16,640.0,2923.0,12.0,8.0,0,256,1,308
413,17,555.0,2919.0,10.0,8.0,1,245,0,308
413,18,504.0,2939.0,9.0,6.0,1,266,0,305
413,19,276.0,2944.0,11.0,6.0,1,254,0,305
413,20,176.0,2945.0,12.0,7.0,1,261,0,305
413,22,365.0,2945.0,13.0,6.0,0,243,1,290
413,24,383.0,2945.0,8.0,8.0,0,240,1,286
413,25,620.0,2922.0,11.0,8.0,0,242,1,286
413,26,217.0,2944.0,13.0,9.0,1,243,0,283
413,27,393.0,2945.0,12.0,8.0,1,246,0,283
413,28,522.0,2936.0,13.0,9.0,1,237,0,278
413,29,323.0,2935.0,12.0,10.0,1,244,0,278
413,31,573.0,2914.0,8.0,8.0,1,168,0,203
414,3,1773.0,3073.0,9.0,7.0,1,331,0,409
414,4,156.0,2937.0,9.0,9.0,0,274,1,339
414,5,336.0,2934.0,10.0,6.0,1,278,0,335
414,6,82.0,2941.0,9.0,8.0,0,279,1,331
414,7,648.0,2924.0,11.0,11.0,1,269,0,331
414,8,564.0,2909.0,11.0,7.0,1,282,0,328
414,9,187.0,2946.0,15.0,7.0,1,271,0,326
414,10,102.0,2945.0,11.0,6.0,1,276,0,324
414,11,291.0,2937.0,9.0,6.0,1,268,0,320
414,12,118.0,2942.0,16.0,7.0,1,266,0,317
414,13,240.0,2938.0,12.0,9.0,1,269,0,317
414,16,626.0,2923.0,14.0,10.0,1,257,0,309
414,17,554.0,2923.0,15.0,8.0,1,246,0,309
414,18,494.0,2932.0,11.0,8.0,1,267,0,306
414,19,270.0,2941.0,11.0,7.0,1,255,0,306
414,20,170.0,2946.0,10.0,6.0,1,262,0,306
414,22,365.0,2945.0,13.0,6.0,0,243,2,291
414,24,374.0,2948.0,13.0,7.0,1,241,0,287
414,25,614.0,2921.0,10.0,7.0,1,243,0,287
414,26,222.0,2943.0,12.0,9.0,1,244,0,284
414,27,387.0,2929.0,14.0,7.0,1,247,0,284
414,28,521.0,2927.0,11.0,10.0,1,238,0,279
414,29,320.0,2943.0,12.0,7.0,1,245,0,279
414,31,591.0,2914.0,11.0,6.0,1,169,0,204
415,3,1773.0,3073.0,9.0,7.0,0,331,1,410
415,4,156.0,2937.0,9.0,9.0,0,274,2,340
415,5,330.0,2936.0,10.0,7.0,1,279,0,336
415,6,73.0,2941.0,10.0,9.0,1,280,0,332
415,7,647.0,2922.0,13.0,8.0,1,270,0,332
415,8,534.0,2912.0,11.0,7.0,1,283,0,329
415,9,184.0,2947.0,14.0,9.0,1,272,0,327
415,10,93.0,2946.0,7.0,6.0,1,277,0,325
415,11,289.0,2937.0,11.0,8.0,1,269,0,321
415,12,118.0,2942.0,16.0,7.0,0,266,1,318
415,13,240.0,2938.0,12.0,9.0,0,269,1,318
415,16,626.0,2923.0,14.0,10.0,0,257,1,310
415,17,551.0,2921.0,14.0,7.0,1,247,0,310
415,18,487.0,2930.0,7.0,5.0,1,268,0,307
415,19,268.0,2938.0,11.0,7.0,1,256,0,307
415,20,162.0,2947.0,10.0,6.0,1,263,0,307
415,22,365.0,2945.0,13.0,6.0,0,243,3,292
415,24,374.0,2948.0,13.0,7.0,0,241,1,288
415,25,581.0,2924.0,13.0,7.0,1,244,0,288
415,26,216.0,2944.0,12.0,8.0,1,245,0,285
415,27,389.0,2934.0,11.0,6.0,1,248,0,285
415,28,515.0,2925.0,13.0,10.0,1,239,0,280
415,29,318.0,2940.0,13.0,9.0,1,246,0,280
415,31,556.0,2912.0,8.0,8.0,1,170,0,205
416,3,1771.0,3069.0,13.0,10.0,1,332,0,411
416,4,156.0,2937.0,9.0,9.0,0,274,3,341
416,5,327.0,2940.0,10.0,9.0,1,280,0,337
416,6,65.0,2941.0,14.0,9.0,1,281,0,333
416,7,647.0,2928.0,10.0,10.0,1,271,0,333
416,8,529.0,2907.0,8.0,10.0,1,284,0,330
416,9,181.0,2941.0,11.0,7.0,1,273,0,328
416,10,86.0,2946.0,12.0,6.0,1,278,0,326
416,11,282.0,2943.0,12.0,7.0,1,270,0,322
416,12,109.0,2945.0,18.0,6.0,1,267,0,319
416,13,233.0,2942.0,10.0,9.0,1,270,0,319
416,16,600.0,2920.0,10.0,8.0,1,258,0,311
416,17,551.0,2921.0,14.0,7.0,0,247,1,311
416,18,487.0,2930.0,7.0,5.0,0,268,1,308
416,19,262.0,2943.0,11.0,7.0,1,257,0,308
416,20,162.0,2947.0,10.0,6.0,0,263,1,308
416,22,344.0,2936.0,13.0,10.0,1,244,0,293
416,24,374.0,2948.0,13.0,7.0,0,241,2,289
416,25,580.0,2917.0,11.0,7.0,1,245,0,289
416,26,216.0,2944.0,12.0,8.0,0,245,1,286
416,27,385.0,2935.0,13.0,7.0,1,249,0,286
416,28,517.0,2924.0,13.0,10.0,1,240,0,281
416,29,309.0,2933.0,14.0,7.0,1,247,0,281
416,31,558.0,2912.0,5.0,6.0,1,171,0,206
417,3,1776.0,3071.0,17.0,12.0,1,333,0,412
417,4,135.0,2946.0,13.0,10.0,1,275,0,342
417,5,327.0,2940.0,10.0,9.0,0,280,1,338
417,6,65.0,2941.0,14.0,9.0,0,281,1,334
417,7,638.0,2925.0,11.0,9.0,1,272,0,334
417,8,526.0,2911.0,13.0,8.0,1,285,0,331
417,9,172.0,2945.0,8.0,8.0,1,274,0,329
417,10,81.0,2943.0,13.0,7.0,1,279,0,327
417,11,281.0,2940.0,13.0,8.0,1,271,0,323
417,12,101.0,2947.0,18.0,8.0,1,268,0,320
417,13,233.0,2945.0,10.0,8.0,1,271,0,320
417,16,625.0,2914.0,12.0,11.0,1,259,0,312
417,17,543.0,2918.0,12.0,6.0,1,248,0,312
417,18,487.0,2930.0,7.0,5.0,0,268,2,309
417,19,254.0,2953.0,14.0,6.0,1,258,0,309
417,20,156.0,2952.0,12.0,8.0,1,264,0,309
417,22,339.0,2937.0,11.0,8.0,1,245,0,294
417,24,365.0,2945.0,9.0,5.0,1,242,0,290
417,25,576.0,2912.0,11.0,7.0,1,246,0,290
417,26,216.0,2944.0,12.0,8.0,0,245,2,287
417,27,385.0,2935.0,13.0,7.0,0,249,1,287
417,28,517.0,2924.0,13.0,10.0,0,240,1,282
417,29,303.0,2937.0,11.0,8.0,1,248,0,282
417,31,553.0,2918.0,6.0,6.0,1,172,0,207
418,3,1776.0,3071.0,17.0,12.0,0,333,1,413
418,4,135.0,2946.0,13.0,10.0,0,275,1,343
418,5,327.0,2940.0,10.0,9.0,0,280,2,339
418,6,56.0,2936.0,12.0,9.0,1,282,0,335
418,7,641.0,2920.0,10.0,9.0,1,273,0,335
418,8,525.0,2907.0,12.0,10.0,1,286,0,332
418,9,172.0,2945.0,8.0,8.0,0,274,1,330
418,10,79.0,2943.0,10.0,7.0,1,280,0,328
418,11,281.0,2940.0,13.0,8.0,0,271,1,324
418,12,97.0,2946.0,18.0,9.0,1,269,0,321
418,13,220.0,2943.0,9.0,9.0,1,272,0,321
418,16,617.0,2920.0,12.0,9.0,1,260,0,313
418,17,541.0,2910.0,10.0,11.0,1,249,0,313
418,18,479.0,2935.0,9.0,7.0,1,269,0,310
418,19,247.0,2936.0,9.0,9.0,1,259,0,310
418,20,156.0,2952.0,12.0,8.0,0,264,1,310
418,22,332.0,2934.0,10.0,6.0,1,246,0,295
418,24,352.0,2943.0,13.0,8.0,1,243,0,291
418,25,573.0,2910.0,12.0,6.0,1,247,0,291
418,26,196.0,2945.0,12.0,11.0,1,246,0,288
418,27,378.0,2935.0,10.0,7.0,1,250,0,288
418,28,510.0,2927.0,11.0,10.0,1,241,0,283
418,29,303.0,2937.0,11.0,8.0,0,248,1,283
418,31,556.0,2910.0,5.0,8.0,1,173,0,208
419,3,1778.0,3071.0,15.0,11.0,1,334,0,414
419,4,121.0,2946.0,10.0,5.0,1,276,0,344
419,5,327.0,2940.0,10.0,9.0,0,280,3,340
419,6,51.0,2943.0,11.0,7.0,1,283,0,336
419,7,632.0,2926.0,11.0,6.0,1,274,0,336
419,8,519.0,2908.0,13.0,8.0,1,287,0,333
419,9,172.0,2945.0,8.0,8.0,0,274,2,331
419,10,75.0,2945.0,12.0,6.0,1,281,0,329
419,11,264.0,2935.0,12.0,7.0,1,272,0,325
419,12,91.0,2946.0,17.0,8.0,1,270,0,322
419,13,217.0,2938.0,10.0,10.0,1,273,0,322
419,16,616.0,2916.0,11.0,9.0,1,261,0,314
419,17,531.0,2917.0,10.0,8.0,1,250,0,314
419,18,477.0,2932.0,7.0,9.0,1,270,0,311
419,19,246.0,2939.0,9.0,8.0,1,260,0,311
419,20,137.0,2944.0,11.0,9.0,1,265,0,311
419,22,328.0,2930.0,14.0,10.0,1,247,0,296
419,24,352.0,2943.0,13.0,8.0,0,243,1,292
419,25,564.0,2910.0,11.0,7.0,1,248,0,292
419,26,187.0,2943.0,11.0,10.0,1,247,0,289
419,27,373.0,2933.0,9.0,7.0,1,251,0,289
419,28,507.0,2922.0,7.0,10.0,1,242,0,284
419,29,292.0,2931.0,12.0,9.0,1,249,0,284
419,31,545.0,2910.0,4.0,9.0,1,174,0,209
420,3,1771.0,3065.0,15.0,12.0,1,335,0,415
420,4,119.0,2946.0,10.0,8.0,1,277,0,345
420,5,327.0,2940.0,10.0,9.0,0,280,4,341
420,6,41.0,2937.0,13.0,8.0,1,284,0,337
420,7,636.0,2923.0,10.0,7.0,1,275,0,337
420,8,513.0,2908.0,10.0,10.0,1,288,0,334
420,9,165.0,2941.0,10.0,8.0,1,275,0,332
420,10,67.0,2945.0,11.0,6.0,1,282,0,330
420,11,265.0,2942.0,12.0,7.0,1,273,0,326
420,12,88.0,2946.0,18.0,8.0,1,271,0,323
420,13,217.0,2938.0,10.0,10.0,0,273,1,323
420,16,616.0,2916.0,11.0,9.0,0,261,1,315
420,17,531.0,2921.0,11.0,8.0,1,251,0,315
420,18,474.0,2924.0,9.0,9.0,1,271,0,312
420,19,242.0,2938.0,11.0,8.0,1,261,0,312
420,20,132.0,2943.0,11.0,6.0,1,266,0,312
420,22,325.0,2930.0,12.0,10.0,1,248,0,297
420,24,350.0,2938.0,10.0,9.0,1,244,0,293
420,25,560.0,2910.0,12.0,8.0,1,249,0,293
420,26,192.0,2945.0,12.0,10.0,1,248,0,290
420,27,368.0,2930.0,11.0,8.0,1,252,0,290
420,28,503.0,2933.0,14.0,9.0,1,243,0,285
420,29,287.0,2931.0,11.0,7.0,1,250,0,285
420,31,543.0,2908.0,7.0,5.0,1,175,0,210
421,3,1771.0,3065.0,15.0,12.0,0,335,1,416
421,4,119.0,2946.0,10.0,8.0,0,277,1,346
421,5,293.0,2939.0,9.0,5.0,1,281,0,342
421,6,34.0,2939.0,14.0,8.0,1,285,0,338
421,7,636.0,2923.0,10.0,7.0,0,275,1,338
421,8,513.0,2911.0,9.0,6.0,1,289,0,335
421,9,155.0,2945.0,14.0,8.0,1,276,0,333
421,10,58.0,2943.0,11.0,7.0,1,283,0,331
421,11,260.0,2939.0,11.0,8.0,1,274,0,327
421,12,79.0,2937.0,19.0,8.0,1,272,0,324
421,13,206.0,2948.0,11.0,9.0,1,274,0,324
421,16,616.0,2916.0,11.0,9.0,0,261,2,316
421,17,531.0,2913.0,12.0,8.0,1,252,0,316
421,18,474.0,2924.0,9.0,9.0,0,271,1,313
421,19,229.0,2939.0,13.0,9.0,1,262,0,313
421,20,128.0,2944.0,12.0,8.0,1,267,0,313
421,22,328.0,2936.0,9.0,10.0,1,249,0,298
421,24,350.0,2938.0,10.0,9.0,0,244,1,294
421,25,576.0,2916.0,13.0,11.0,1,250,0,294
421,26,183.0,2939.0,14.0,9.0,1,249,0,291
421,27,361.0,2940.0,12.0,9.0,1,253,0,291
421,28,504.0,2928.0,10.0,6.0,1,244,0,286
421,29,287.0,2931.0,11.0,7.0,0,250,1,286
421,31,531.0,2909.0,6.0,7.0,1,176,0,211
422,3,1778.0,3072.0,16.0,11.0,1,336,0,417
422,4,112.0,2947.0,7.0,6.0,1,278,0,347
422,5,293.0,2939.0,9.0,5.0,0,281,1,343
422,6,27.0,2935.0,13.0,10.0,1,286,0,339
422,7,601.0,2920.0,13.0,10.0,1,276,0,339
422,8,505.0,2918.0,15.0,8.0,1,290,0,336
422,9,145.0,2945.0,10.0,8.0,1,277,0,334
422,10,64.0,2944.0,7.0,5.0,1,284,0,332
422,11,255.0,2940.0,10.0,9.0,1,275,0,328
422,12,79.0,2948.0,18.0,8.0,1,273,0,325
422,13,199.0,2943.0,11.0,8.0,1,275,0,325
422,16,584.0,2910.0,12.0,7.0,1,262,0,317
422,17,525.0,2916.0,9.0,8.0,1,253,0,317
422,18,466.0,2922.0,14.0,10.0,1,272,0,314
422,19,229.0,2939.0,13.0,9.0,0,262,1,314
422,20,128.0,2944.0,12.0,8.0,0,267,1,314
422,22,322.0,2935.0,9.0,6.0,1,250,0,299
422,24,337.0,2933.0,11.0,10.0,1,245,0,295
422,25,558.0,2908.0,13.0,9.0,1,251,0,295
422,26,175.0,2941.0,15.0,10.0,1,250,0,292
422,27,359.0,2931.0,10.0,8.0,1,254,0,292
422,28,494.0,2926.0,11.0,8.0,1,245,0,287
422,29,287.0,2931.0,11.0,7.0,0,250,2,287
422,31,530.0,2907.0,7.0,6.0,1,177,0,212
423,3,1775.0,3080.0,14.0,7.0,1,337,0,418
423,4,99.0,2945.0,10.0,7.0,1,279,0,348
423,5,293.0,2930.0,12.0,6.0,1,282,0,344
423,6,29.0,2941.0,7.0,6.0,1,287,0,340
423,7,618.0,2915.0,13.0,8.0,1,277,0,340
423,8,504.0,2927.0,9.0,7.0,1,291,0,337
423,9,145.0,2945.0,13.0,6.0,1,278,0,335
423,10,49.0,2939.0,10.0,8.0,1,285,0,333
423,11,245.0,2934.0,12.0,9.0,1,276,0,329
423,12,69.0,2942.0,19.0,8.0,1,274,0,326
423,13,193.0,2945.0,10.0,7.0,1,276,0,326
423,16,578.0,2912.0,11.0,9.0,1,263,0,318
423,17,525.0,2916.0,9.0,8.0,0,253,1,318
423,18,460.0,2925.0,10.0,7.0,1,273,0,315
423,19,220.0,2941.0,10.0,10.0,1,263,0,315
423,20,123.0,2943.0,12.0,8.0,1,268,0,315
423,22,316.0,2938.0,11.0,9.0,1,251,0,300
423,24,334.0,2932.0,8.0,7.0,1,246,0,296
423,25,548.0,2908.0,14.0,8.0,1,252,0,296
423,26,168.0,2944.0,8.0,7.0,1,251,0,293
423,27,353.0,2932.0,12.0,8.0,1,255,0,293
423,28,494.0,2926.0,11.0,8.0,0,245,1,288
423,29,279.0,2926.0,12.0,10.0,1,251,0,288
423,31,520.0,2907.0,11.0,7.0,1,178,0,213
424,3,1776.0,3076.0,9.0,6.0,1,338,0,419
424,4,93.0,2939.0,11.0,9.0,1,280,0,349
424,5,293.0,2930.0,12.0,6.0,0,282,1,345
424,6,29.0,2941.0,7.0,6.0,0,287,1,341
424,7,620.0,2918.0,11.0,10.0,1,278,0,341
424,8,497.0,2926.0,11.0,7.0,1,292,0,338
424,9,143.0,2942.0,9.0,10.0,1,279,0,336
424,10,49.0,2942.0,10.0,7.0,1,286,0,334
424,11,246.0,2940.0,11.0,6.0,1,277,0,330
424,12,62.0,2940.0,18.0,9.0,1,275,0,327
424,13,179.0,2942.0,11.0,7.0,1,277,0,327
424,16,566.0,2906.0,12.0,8.0,1,264,0,319
424,17,525.0,2916.0,9.0,8.0,0,253,2,319
424,18,463.0,2926.0,9.0,8.0,1,274,0,316
424,19,212.0,2937.0,14.0,10.0,1,264,0,316
424,20,108.0,2948.0,12.0,9.0,1,269,0,316
424,22,316.0,2938.0,11.0,9.0,0,251,1,301
424,24,329.0,2937.0,7.0,6.0,1,247,0,297
424,25,547.0,2910.0,13.0,9.0,1,253,0,297
424,26,166.0,2947.0,13.0,8.0,1,252,0,294
424,27,349.0,2935.0,10.0,7.0,1,256,0,294
424,28,494.0,2926.0,11.0,8.0,0,245,2,289
424,29,272.0,2930.0,12.0,9.0,1,252,0,289
424,31,516.0,2906.0,9.0,4.0,1,179,0,214
425,3,1783.0,3068.0,13.0,9.0,1,339,0,420
425,4,87.0,2945.0,10.0,8.0,1,281,0,350
425,5,284.0,2930.0,12.0,5.0,1,283,0,346
425,6,29.0,2941.0,7.0,6.0,0,287,2,342
425,7,620.0,2918.0,11.0,10.0,0,278,1,342
425,8,500.0,2909.0,14.0,8.0,1,293,0,339
425,9,143.0,2942.0,9.0,10.0,0,279,1,337
425,10,49.0,2942.0,10.0,7.0,0,286,1,335
425,11,238.0,2938.0,10.0,5.0,1,278,0,331
425,12,57.0,2937.0,22.0,9.0,1,276,0,328
425,13,180.0,2938.0,12.0,6.0,1,278,0,328
425,16,568.0,2913.0,14.0,10.0,1,265,0,320
425,17,511.0,2918.0,12.0,7.0,1,254,0,320
425,18,461.0,2926.0,11.0,8.0,1,275,0,317
425,19,210.0,2939.0,13.0,9.0,1,265,0,317
425,20,109.0,2943.0,10.0,7.0,1,270,0,317
425,22,305.0,2932.0,9.0,6.0,1,252,0,302
425,24,329.0,2937.0,7.0,6.0,0,247,1,298
425,25,549.0,2911.0,12.0,7.0,1,254,0,298
425,26,159.0,2945.0,10.0,7.0,1,253,0,295
425,27,345.0,2935.0,13.0,7.0,1,257,0,295
425,28,485.0,2922.0,10.0,8.0,1,246,0,290
425,29,269.0,2928.0,11.0,9.0,1,253,0,290
425,31,505.0,2908.0,9.0,7.0,1,180,0,215
426,3,1783.0,3075.0,12.0,9.0,1,340,0,421
426,4,82.0,2946.0,10.0,8.0,1,282,0,351
426,5,284.0,2930.0,12.0,5.0,0,283,1,347
426,6,29.0,2941.0,7.0,6.0,0,287,3,343
426,7,607.0,2915.0,12.0,8.0,1,279,0,343
426,8,512.0,2912.0,13.0,7.0,1,294,0,340
426,9,124.0,2949.0,14.0,9.0,1,280,0,338
426,10,35.0,2940.0,11.0,6.0,1,287,0,336
426,11,239.0,2941.0,8.0,6.0,1,279,0,332
426,12,53.0,2942.0,19.0,7.0,1,277,0,329
426,13,171.0,2943.0,13.0,7.0,1,279,0,329
426,16,595.0,2908.0,10.0,14.0,1,266,0,321
426,17,539.0,2910.0,13.0,7.0,1,255,0,321
426,18,461.0,2931.0,11.0,10.0,1,276,0,318
426,19,210.0,2939.0,13.0,9.0,0,265,1,318
426,20,96.0,2943.0,11.0,7.0,1,271,0,318
426,22,305.0,2931.0,10.0,10.0,1,253,0,303
426,24,321.0,2933.0,10.0,7.0,1,248,0,299
426,25,569.0,2917.0,10.0,7.0,1,255,0,299
426,26,154.0,2943.0,13.0,11.0,1,254,0,296
426,27,341.0,2934.0,13.0,7.0,1,258,0,296
426,28,491.0,2909.0,12.0,7.0,1,247,0,291
426,29,263.0,2930.0,13.0,7.0,1,254,0,291
426,31,505.0,2905.0,9.0,7.0,1,181,0,216
427,3,1783.0,3075.0,12.0,9.0,0,340,1,422
427,4,76.0,2938.0,11.0,9.0,1,283,0,352
427,5,281.0,2927.0,8.0,6.0,1,284,0,348
427,6,2.0,2937.0,9.0,11.0,1,288,0,344
427,7,606.0,2921.0,12.0,8.0,1,280,0,344
427,8,506.0,2909.0,11.0,7.0,1,295,0,341
427,9,121.0,2950.0,10.0,7.0,1,281,0,339
427,10,30.0,2935.0,12.0,6.0,1,288,0,337
427,11,239.0,2941.0,8.0,6.0,0,279,1,333
427,12,44.0,2939.0,21.0,8.0,1,278,0,330
427,13,176.0,2941.0,11.0,7.0,1,280,0,330
427,16,595.0,2908.0,10.0,14.0,0,266,1,322
427,17,500.0,2902.0,8.0,8.0,1,256,0,322
427,18,458.0,2920.0,13.0,10.0,1,277,0,319
427,19,200.0,2941.0,14.0,7.0,1,266,0,319
427,20,96.0,2943.0,11.0,7.0,0,271,1,319
427,22,305.0,2931.0,10.0,10.0,0,253,1,304
427,24,316.0,2936.0,7.0,6.0,1,249,0,300
427,25,563.0,2903.0,11.0,11.0,1,256,0,300
427,26,150.0,2945.0,15.0,8.0,1,255,0,297
427,27,328.0,2933.0,12.0,8.0,1,259,0,297
427,28,483.0,2930.0,9.0,8.0,1,248,0,292
427,29,263.0,2930.0,13.0,7.0,0,254,1,292
427,31,493.0,2903.0,9.0,8.0,1,182,0,217
428,3,1789.0,3069.0,9.0,5.0,1,341,0,423
428,4,76.0,2938.0,11.0,9.0,0,283,1,353
428,5,281.0,2927.0,8.0,6.0,0,284,1,349
428,6,0.0,2934.0,7.0,12.0,1,289,0,345
428,7,606.0,2921.0,12.0,8.0,0,280,1,345
428,8,495.0,2910.0,8.0,6.0,1,296,0,342
428,9,122.0,2945.0,14.0,11.0,1,282,0,340
428,10,28.0,2940.0,10.0,7.0,1,289,0,338
428,11,225.0,2930.0,9.0,9.0,1,280,0,334
428,12,41.0,2942.0,20.0,9.0,1,279,0,331
428,13,168.0,2942.0,11.0,5.0,1,281,0,331
428,16,582.0,2903.0,10.0,9.0,1,267,0,323
428,17,498.0,2908.0,11.0,6.0,1,257,0,323
428,18,453.0,2924.0,14.0,9.0,1,278,0,320
428,19,200.0,2933.0,14.0,8.0,1,267,0,320
428,20,94.0,2946.0,10.0,7.0,1,272,0,320
428,22,296.0,2929.0,10.0,10.0,1,254,0,305
428,24,312.0,2927.0,10.0,8.0,1,250,0,301
428,25,534.0,2906.0,13.0,9.0,1,257,0,301
428,26,150.0,2945.0,15.0,8.0,0,255,1,298
428,27,330.0,2928.0,10.0,7.0,1,260,0,298
428,28,486.0,2922.0,9.0,9.0,1,249,0,293
428,29,252.0,2927.0,11.0,6.0,1,255,0,293
428,31,495.0,2906.0,7.0,8.0,1,183,0,218
429,3,1794.0,3079.0,9.0,7.0,1,342,0,424
429,4,65.0,2940.0,12.0,9.0,1,284,0,354
429,5,271.0,2925.0,10.0,6.0,1,285,0,350
429,6,0.0,2937.0,2.0,7.0,1,290,0,346
429,7,594.0,2922.0,9.0,5.0,1,281,0,346
429,8,532.0,2903.0,11.0,8.0,1,297,0,343
429,9,108.0,2943.0,10.0,9.0,1,283,0,341
429,10,16.0,2941.0,14.0,9.0,1,290,0,339
429,11,221.0,2936.0,10.0,5.0,1,281,0,335
429,12,39.0,2940.0,21.0,7.0,1,280,0,332
429,13,162.0,2941.0,11.0,7.0,1,282,0,332
429,16,573.0,2906.0,13.0,8.0,1,268,0,324
429,17,497.0,2905.0,15.0,6.0,1,258,0,324
429,18,442.0,2924.0,11.0,9.0,1,279,0,321
429,19,191.0,2934.0,13.0,11.0,1,268,0,321
429,20,80.0,2949.0,10.0,6.0,1,273,0,321
429,22,296.0,2929.0,10.0,10.0,0,254,1,306
429,24,304.0,2930.0,10.0,6.0,1,251,0,302
429,25,555.0,2902.0,9.0,8.0,1,258,0,302
429,26,128.0,2947.0,13.0,10.0,1,256,0,299
429,27,323.0,2927.0,11.0,8.0,1,261,0,299
429,28,475.0,2925.0,11.0,9.0,1,250,0,294
429,29,249.0,2927.0,7.0,7.0,1,256,0,294
429,31,480.0,2904.0,9.0,8.0,1,184,0,219
430,3,1788.0,3076.0,10.0,7.0,1,343,0,425
430,4,60.0,2939.0,11.0,6.0,1,285,0,355
430,5,286.0,2926.0,10.0,7.0,1,286,0,351
430,6,0.0,2937.0,2.0,7.0,0,290,1,347
430,7,587.0,2908.0,11.0,10.0,1,282,0,347
430,8,529.0,2906.0,11.0,7.0,1,298,0,344
430,9,101.0,2948.0,10.0,7.0,1,284,0,342
430,10,15.0,2935.0,8.0,7.0,1,291,0,340
430,11,247.0,2931.0,11.0,9.0,1,282,0,336
430,12,28.0,2937.0,18.0,7.0,1,281,0,333
430,13,160.0,2940.0,13.0,6.0,1,283,0,333
430,16,570.0,2905.0,13.0,9.0,1,269,0,325
430,17,497.0,2903.0,10.0,8.0,1,259,0,325
430,18,450.0,2920.0,16.0,9.0,1,280,0,322
430,19,186.0,2943.0,8.0,6.0,1,269,0,322
430,20,76.0,2941.0,9.0,9.0,1,274,0,322
430,22,302.0,2932.0,9.0,6.0,1,255,0,307
430,24,319.0,2929.0,12.0,8.0,1,252,0,303
430,25,550.0,2903.0,12.0,9.0,1,259,0,303
430,26,122.0,2945.0,12.0,9.0,1,257,0,300
430,27,477.0,2909.0,8.0,7.0,1,262,0,300
430,28,476.0,2921.0,10.0,6.0,1,251,0,295
430,29,257.0,2926.0,9.0,7.0,1,257,0,295
430,31,481.0,2904.0,8.0,5.0,1,185,0,220
431,3,1793.0,3075.0,10.0,7.0,1,344,0,426
431,4,52.0,2938.0,10.0,8.0,1,286,0,356
431,5,283.0,2927.0,13.0,8.0,1,287,0,352
431,6,0.0,2937.0,2.0,7.0,0,290,2,348
431,7,588.0,2914.0,14.0,9.0,1,283,0,348
431,8,520.0,2902.0,11.0,8.0,1,299,0,345
431,9,97.0,2939.0,11.0,8.0,1,285,0,343
431,10,14.0,2941.0,11.0,10.0,1,292,0,341
431,11,247.0,2931.0,11.0,9.0,0,282,1,337
431,12,24.0,2938.0,21.0,9.0,1,282,0,334
431,13,155.0,2936.0,12.0,9.0,1,284,0,334
431,16,562.0,2902.0,12.0,11.0,1,270,0,326
431,17,486.0,2899.0,12.0,7.0,1,260,0,326
431,18,467.0,2925.0,12.0,6.0,1,281,0,323
431,19,177.0,2938.0,9.0,6.0,1,270,0,323
431,20,69.0,2943.0,10.0,5.0,1,275,0,323
431,22,297.0,2929.0,9.0,6.0,1,256,0,308
431,24,318.0,2925.0,12.0,8.0,1,253,0,304
431,25,544.0,2909.0,13.0,9.0,1,260,0,304
431,26,122.0,2945.0,12.0,9.0,0,257,1,301
431,27,444.0,2917.0,14.0,11.0,1,263,0,301
431,28,480.0,2899.0,5.0,6.0,1,252,0,296
431,29,239.0,2921.0,14.0,11.0,1,258,0,296
431,31,474.0,2901.0,8.0,6.0,1,186,0,221
432,3,1791.0,3072.0,12.0,6.0,1,345,0,427
432,4,52.0,2938.0,10.0,8.0,0,286,1,357
432,5,273.0,2922.0,12.0,7.0,1,288,0,353
432,6,0.0,2937.0,2.0,7.0,0,290,3,349
432,7,581.0,2917.0,13.0,9.0,1,284,0,349
432,8,519.0,2902.0,12.0,8.0,1,300,0,346
432,9,97.0,2939.0,11.0,8.0,0,285,1,344
432,10,3.0,2936.0,9.0,9.0,1,293,0,342
432,11,250.0,2924.0,12.0,8.0,1,283,0,338
432,12,24.0,2938.0,21.0,9.0,0,282,1,335
432,13,204.0,2930.0,10.0,8.0,1,285,0,335
432,16,568.0,2908.0,12.0,8.0,1,271,0,327
432,17,486.0,2899.0,12.0,7.0,0,260,1,327
432,18,463.0,2921.0,9.0,6.0,1,282,0,324
432,19,172.0,2937.0,12.0,7.0,1,271,0,324
432,20,61.0,2943.0,12.0,8.0,1,276,0,324
432,22,300.0,2930.0,6.0,5.0,1,257,0,309
432,24,307.0,2921.0,12.0,8.0,1,254,0,305
432,25,546.0,2906.0,14.0,10.0,1,261,0,305
432,26,122.0,2945.0,12.0,9.0,0,257,2,302
432,27,447.0,2918.0,12.0,9.0,1,264,0,302
432,28,471.0,2902.0,8.0,6.0,1,253,0,297
432,29,239.0,2924.0,10.0,7.0,1,259,0,297
432,31,471.0,2902.0,7.0,7.0,1,187,0,222
433,3,1793.0,3076.0,14.0,6.0,1,346,0,428
433,4,45.0,2941.0,10.0,7.0,1,287,0,358
433,5,274.0,2928.0,11.0,7.0,1,289,0,354
433,6,0.0,2937.0,2.0,7.0,0,290,4,350
433,7,581.0,2908.0,12.0,5.0,1,285,0,350
433,8,512.0,2903.0,12.0,8.0,1,301,0,347
433,9,81.0,2940.0,13.0,11.0,1,286,0,345
433,10,2.0,2940.0,8.0,9.0,1,294,0,343
433,11,250.0,2932.0,11.0,5.0,1,284,0,339
433,12,24.0,2938.0,21.0,9.0,0,282,2,336
433,13,204.0,2930.0,10.0,8.0,0,285,1,336
433,16,564.0,2909.0,13.0,9.0,1,272,0,328
433,17,480.0,2904.0,14.0,8.0,1,261,0,328
433,18,463.0,2918.0,11.0,9.0,1,283,0,325
433,19,169.0,2941.0,12.0,6.0,1,272,0,325
433,20,65.0,2943.0,13.0,6.0,1,277,0,325
433,22,284.0,2930.0,14.0,7.0,1,258,0,310
433,24,298.0,2925.0,13.0,8.0,1,255,0,306
433,25,546.0,2906.0,14.0,10.0,0,261,1,306
433,26,114.0,2941.0,12.0,10.0,1,258,0,303
433,27,430.0,2920.0,11.0,6.0,1,265,0,303
433,28,472.0,2908.0,10.0,6.0,1,254,0,298
433,29,229.0,2928.0,10.0,8.0,1,260,0,298
433,31,464.0,2905.0,11.0,5.0,1,188,0,223
434,3,1786.0,3071.0,15.0,6.0,1,347,0,429
434,4,38.0,2931.0,10.0,10.0,1,288,0,359
434,5,266.0,2928.0,11.0,9.0,1,290,0,355
434,6,0.0,2937.0,2.0,7.0,0,290,5,351
434,7,574.0,2903.0,15.0,12.0,1,286,0,351
434,8,507.0,2901.0,13.0,7.0,1,302,0,348
434,9,80.0,2946.0,8.0,6.0,1,287,0,346
434,10,0.0,2936.0,2.0,6.0,1,295,0,344
434,11,245.0,2924.0,10.0,5.0,1,285,0,340
434,12,24.0,2938.0,21.0,9.0,0,282,3,337
434,13,192.0,2931.0,11.0,6.0,1,286,0,337
434,16,564.0,2909.0,13.0,9.0,0,272,1,329
434,17,472.0,2905.0,11.0,7.0,1,262,0,329
434,18,463.0,2919.0,11.0,7.0,1,284,0,326
434,19,154.0,2937.0,12.0,9.0,1,273,0,326
434,20,58.0,2938.0,10.0,5.0,1,278,0,326
434,22,283.0,2931.0,12.0,8.0,1,259,0,311
434,24,296.0,2926.0,13.0,9.0,1,256,0,307
434,25,529.0,2902.0,11.0,7.0,1,262,0,307
434,26,106.0,2942.0,12.0,9.0,1,259,0,304
434,27,439.0,2921.0,11.0,6.0,1,266,0,304
434,28,468.0,2902.0,11.0,7.0,1,255,0,299
434,29,225.0,2920.0,13.0,10.0,1,261,0,299
434,31,456.0,2897.0,11.0,6.0,1,189,0,224
435,3,1786.0,3071.0,15.0,6.0,0,347,1,430
435,4,38.0,2940.0,9.0,8.0,1,289,0,360
435,5,265.0,2923.0,8.0,9.0,1,291,0,356
435,6,0.0,2937.0,2.0,7.0,0,290,6,352
435,7,571.0,2911.0,12.0,6.0,1,287,0,352
435,8,507.0,2901.0,13.0,7.0,0,302,1,349
435,9,79.0,2937.0,13.0,10.0,1,288,0,347
435,10,0.0,2936.0,2.0,6.0,0,295,1,345
435,11,241.0,2926.0,11.0,6.0,1,286,0,341
435,12,8.0,2935.0,20.0,6.0,1,283,0,338
435,13,156.0,2939.0,10.0,8.0,1,287,0,338
435,16,556.0,2905.0,11.0,11.0,1,273,0,330
435,17,468.0,2903.0,12.0,8.0,1,263,0,330
435,18,458.0,2917.0,11.0,9.0,1,285,0,327
435,19,129.0,2939.0,11.0,8.0,1,274,0,327
435,20,49.0,2938.0,11.0,10.0,1,279,0,327
435,22,278.0,2922.0,9.0,5.0,1,260,0,312
435,24,300.0,2924.0,12.0,7.0,1,257,0,308
435,25,530.0,2906.0,9.0,7.0,1,263,0,308
435,26,100.0,2936.0,12.0,9.0,1,260,0,305
435,27,435.0,2921.0,11.0,7.0,1,267,0,305
435,28,458.0,2901.0,9.0,9.0,1,256,0,300
435,29,225.0,2925.0,13.0,9.0,1,262,0,300
435,31,449.0,2896.0,10.0,7.0,1,190,0,225
436,3,1796.0,3078.0,12.0,5.0,1,348,0,431
436,4,27.0,2937.0,9.0,7.0,1,290,0,361
436,5,252.0,2919.0,13.0,11.0,1,292,0,357
436,6,0.0,2937.0,2.0,7.0,0,290,7,353
436,7,565.0,2905.0,13.0,10.0,1,288,0,353
436,8,504.0,2910.0,13.0,6.0,1,303,0,350
436,9,79.0,2937.0,13.0,10.0,0,288,1,348
436,10,0.0,2936.0,2.0,6.0,0,295,2,346
436,11,232.0,2922.0,11.0,6.0,1,287,0,342
436,12,0.0,2931.0,17.0,8.0,1,284,0,339
436,13,184.0,2934.0,9.0,8.0,1,288,0,339
436,16,549.0,2894.0,10.0,11.0,1,274,0,331
436,17,467.0,2903.0,11.0,7.0,1,264,0,331
436,18,464.0,2921.0,8.0,9.0,1,286,0,328
436,19,148.0,2935.0,13.0,6.0,1,275,0,328
436,20,44.0,2935.0,11.0,6.0,1,280,0,328
436,22,278.0,2928.0,10.0,7.0,1,261,0,313
436,24,300.0,2924.0,12.0,7.0,0,257,1,309
436,25,527.0,2902.0,14.0,9.0,1,264,0,309
436,26,100.0,2936.0,12.0,9.0,0,260,1,306
436,27,423.0,2916.0,11.0,6.0,1,268,0,306
436,28,451.0,2899.0,11.0,6.0,1,257,0,301
436,29,214.0,2921.0,13.0,10.0,1,263,0,301
436,31,442.0,2901.0,8.0,9.0,1,191,0,226
437,3,1793.0,3073.0,13.0,5.0,1,349,0,432
437,4,27.0,2937.0,9.0,7.0,0,290,1,362
437,5,252.0,2919.0,13.0,11.0,0,292,1,358
437,6,0.0,2937.0,2.0,7.0,0,290,8,354
437,7,570.0,2915.0,9.0,7.0,1,289,0,354
437,8,500.0,2895.0,13.0,10.0,1,304,0,351
437,9,66.0,2938.0,13.0,8.0,1,289,0,349
437,10,0.0,2936.0,2.0,6.0,0,295,3,347
437,11,231.0,2921.0,11.0,5.0,1,288,0,343
437,12,0.0,2931.0,17.0,8.0,0,284,1,340
437,13,186.0,2930.0,6.0,8.0,1,289,0,340
437,16,550.0,2906.0,8.0,9.0,1,275,0,332
437,17,465.0,2900.0,10.0,8.0,1,265,0,332
437,18,464.0,2921.0,8.0,9.0,0,286,1,329
437,19,153.0,2933.0,13.0,9.0,1,276,0,329
437,20,37.0,2936.0,8.0,7.0,1,281,0,329
437,22,268.0,2929.0,13.0,7.0,1,262,0,314
437,24,288.0,2924.0,9.0,7.0,1,258,0,310
437,25,519.0,2905.0,13.0,7.0,1,265,0,310
437,26,111.0,2937.0,11.0,6.0,1,261,0,307
437,27,423.0,2916.0,11.0,6.0,0,268,1,307
437,28,453.0,2903.0,10.0,9.0,1,258,0,302
437,29,208.0,2920.0,9.0,8.0,1,264,0,302
437,31,435.0,2892.0,12.0,7.0,1,192,0,227
438,3,1800.0,3073.0,13.0,5.0,1,350,0,433
438,4,10.0,2935.0,11.0,9.0,1,291,0,363
438,5,252.0,2919.0,13.0,11.0,0,292,2,359
438,6,0.0,2937.0,2.0,7.0,0,290,9,355
438,7,559.0,2900.0,10.0,9.0,1,290,0,355
438,8,496.0,2901.0,12.0,9.0,1,305,0,352
438,9,60.0,2933.0,11.0,8.0,1,290,0,350
438,10,0.0,2936.0,2.0,6.0,0,295,4,348
438,11,225.0,2927.0,12.0,7.0,1,289,0,344
438,12,0.0,2931.0,17.0,8.0,0,284,2,341
438,13,171.0,2927.0,12.0,9.0,1,290,0,341
438,16,542.0,2900.0,11.0,9.0,1,276,0,333
438,17,460.0,2905.0,9.0,8.0,1,266,0,333
438,18,443.0,2917.0,13.0,8.0,1,287,0,330
438,19,139.0,2932.0,10.0,9.0,1,277,0,330
438,20,37.0,2936.0,8.0,7.0,0,281,1,330
438,22,264.0,2925.0,12.0,8.0,1,263,0,315
438,24,283.0,2919.0,11.0,9.0,1,259,0,311
438,25,519.0,2905.0,13.0,7.0,0,265,1,311
438,26,80.0,2938.0,16.0,11.0,1,262,0,308
438,27,428.0,2914.0,11.0,8.0,1,269,0,308
438,28,448.0,2898.0,11.0,9.0,1,259,0,303
438,29,203.0,2926.0,10.0,8.0,1,265,0,303
438,31,430.0,2894.0,17.0,9.0,1,193,0,228
439,3,1796.0,3071.0,13.0,6.0,1,351,0,434
439,4,7.0,2937.0,4.0,7.0,1,292,0,364
439,5,244.0,2920.0,12.0,9.0,1,293,0,360
439,6,0.0,2937.0,2.0,7.0,0,290,10,356
439,7,555.0,2900.0,10.0,9.0,1,291,0,356
439,8,485.0,2899.0,11.0,9.0,1,306,0,353
439,9,57.0,2935.0,10.0,11.0,1,291,0,351
439,10,0.0,2936.0,2.0,6.0,0,295,5,349
439,11,219.0,2919.0,11.0,7.0,1,290,0,345
439,12,10.0,2933.0,12.0,5.0,1,285,0,342
439,13,166.0,2923.0,11.0,8.0,1,291,0,342
439,16,542.0,2900.0,11.0,9.0,0,276,1,334
439,17,460.0,2905.0,9.0,8.0,0,266,1,334
439,18,443.0,2917.0,13.0,8.0,0,287,1,331
439,19,137.0,2938.0,11.0,7.0,1,278,0,331
439,20,26.0,2931.0,10.0,9.0,1,282,0,331
439,22,259.0,2923.0,10.0,6.0,1,264,0,316
439,24,283.0,2925.0,10.0,8.0,1,260,0,312
439,25,519.0,2905.0,13.0,7.0,0,265,2,312
439,26,79.0,2937.0,9.0,10.0,1,263,0,309
439,27,423.0,2910.0,11.0,9.0,1,270,0,309
439,28,443.0,2894.0,9.0,8.0,1,260,0,304
439,29,203.0,2917.0,13.0,9.0,1,266,0,304
439,31,424.0,2893.0,12.0,7.0,1,194,0,229
440,3,1803.0,3072.0,13.0,6.0,1,352,0,435
440,4,7.0,2937.0,4.0,7.0,0,292,1,365
440,5,239.0,2921.0,13.0,10.0,1,294,0,361
440,6,0.0,2937.0,2.0,7.0,0,290,11,357
440,7,555.0,2900.0,10.0,9.0,0,291,1,357
440,8,484.0,2903.0,11.0,9.0,1,307,0,354
440,9,44.0,2936.0,12.0,13.0,1,292,0,352
440,10,0.0,2936.0,2.0,6.0,0,295,6,350
440,11,215.0,2912.0,9.0,9.0,1,291,0,346
440,12,11.0,2933.0,7.0,7.0,1,286,0,343
440,13,166.0,2923.0,11.0,8.0,0,291,1,343
440,16,533.0,2904.0,10.0,10.0,1,277,0,335
440,17,458.0,2898.0,9.0,8.0,1,267,0,335
440,18,447.0,2916.0,12.0,10.0,1,288,0,332
440,19,99.0,2936.0,10.0,7.0,1,279,0,332
440,20,21.0,2939.0,10.0,5.0,1,283,0,332
440,22,256.0,2911.0,9.0,7.0,1,265,0,317
440,24,276.0,2919.0,8.0,9.0,1,261,0,313
440,25,513.0,2899.0,12.0,9.0,1,266,0,313
440,26,75.0,2937.0,10.0,7.0,1,264,0,310
440,27,418.0,2913.0,11.0,9.0,1,271,0,310
440,28,435.0,2896.0,10.0,7.0,1,261,0,305
440,29,193.0,2915.0,12.0,11.0,1,267,0,305
440,31,418.0,2896.0,13.0,7.0,1,195,0,230
441,3,1806.0,3081.0,16.0,5.0,1,353,0,436
441,4,7.0,2937.0,4.0,7.0,0,292,2,366
441,5,231.0,2921.0,14.0,10.0,1,295,0,362
441,6,0.0,2937.0,2.0,7.0,0,290,12,358
441,7,552.0,2902.0,7.0,5.0,1,292,0,358
441,8,482.0,2895.0,12.0,11.0,1,308,0,355
441,9,44.0,2936.0,12.0,13.0,0,292,1,353
441,10,0.0,2936.0,2.0,6.0,0,295,7,351
441,11,207.0,2920.0,13.0,5.0,1,292,0,347
441,12,2.0,2934.0,10.0,6.0,1,287,0,344
441,13,165.0,2933.0,8.0,6.0,1,292,0,344
441,16,536.0,2896.0,11.0,11.0,1,278,0,336
441,17,447.0,2897.0,13.0,8.0,1,268,0,336
441,18,437.0,2910.0,9.0,11.0,1,289,0,333
441,19,99.0,2936.0,10.0,7.0,0,279,1,333
441,20,16.0,2933.0,10.0,9.0,1,284,0,333
441,22,256.0,2911.0,9.0,7.0,0,265,1,318
441,24,265.0,2923.0,9.0,7.0,1,262,0,314
441,25,513.0,2899.0,12.0,9.0,0,266,1,314
441,26,66.0,2937.0,11.0,8.0,1,265,0,311
441,27,417.0,2918.0,10.0,8.0,1,272,0,311
441,28,435.0,2899.0,10.0,6.0,1,262,0,306
441,29,186.0,2921.0,10.0,8.0,1,268,0,306
441,31,417.0,2894.0,12.0,7.0,1,196,0,231
442,3,1806.0,3081.0,16.0,5.0,0,353,1,437
442,4,7.0,2937.0,4.0,7.0,0,292,3,367
442,5,231.0,2921.0,14.0,10.0,0,295,1,363
442,6,0.0,2937.0,2.0,7.0,0,290,13,359
442,7,550.0,2897.0,7.0,9.0,1,293,0,359
442,8,478.0,2900.0,13.0,9.0,1,309,0,356
442,9,36.0,2935.0,12.0,12.0,1,293,0,354
442,10,0.0,2936.0,2.0,6.0,0,295,8,352
442,11,208.0,2919.0,11.0,5.0,1,293,0,348
442,12,2.0,2938.0,8.0,8.0,1,288,0,345
442,13,155.0,2929.0,8.0,4.0,1,293,0,345
442,16,536.0,2896.0,11.0,11.0,0,278,1,337
442,17,443.0,2902.0,11.0,10.0,1,269,0,337
442,18,433.0,2918.0,13.0,7.0,1,290,0,334
442,19,99.0,2936.0,10.0,7.0,0,279,2,334
442,20,5.0,2937.0,11.0,6.0,1,285,0,334
442,22,249.0,2921.0,14.0,6.0,1,266,0,319
442,24,265.0,2918.0,12.0,8.0,1,263,0,315
442,25,509.0,2891.0,10.0,12.0,1,267,0,315
442,26,63.0,2934.0,13.0,8.0,1,266,0,312
442,27,410.0,2914.0,12.0,8.0,1,273,0,312
442,28,425.0,2896.0,8.0,8.0,1,263,0,307
442,29,186.0,2922.0,9.0,7.0,1,269,0,307
442,31,407.0,2895.0,10.0,8.0,1,197,0,232
443,3,1806.0,3081.0,16.0,5.0,0,353,2,438
443,4,7.0,2937.0,4.0,7.0,0,292,4,368
443,5,206.0,2919.0,7.0,7.0,1,296,0,364
443,6,0.0,2937.0,2.0,7.0,0,290,14,360
443,7,549.0,2903.0,7.0,4.0,1,294,0,360
443,8,478.0,2896.0,16.0,8.0,1,310,0,357
443,9,35.0,2937.0,8.0,10.0,1,294,0,355
443,10,0.0,2936.0,2.0,6.0,0,295,9,353
443,11,180.0,2915.0,12.0,9.0,1,294,0,349
443,12,0.0,2935.0,2.0,3.0,1,289,0,346
443,13,148.0,2927.0,13.0,6.0,1,294,0,346
443,16,522.0,2903.0,14.0,9.0,1,279,0,338
443,17,436.0,2891.0,13.0,10.0,1,270,0,338
443,18,428.0,2915.0,12.0,8.0,1,291,0,335
443,19,88.0,2935.0,11.0,7.0,1,280,0,335
443,20,6.0,2929.0,10.0,8.0,1,286,0,335
443,22,241.0,2915.0,11.0,7.0,1,267,0,320
443,24,259.0,2916.0,14.0,8.0,1,264,0,316
443,25,502.0,2891.0,11.0,11.0,1,268,0,316
443,26,53.0,2930.0,12.0,10.0,1,267,0,313
443,27,410.0,2914.0,12.0,8.0,0,273,1,313
443,28,426.0,2894.0,10.0,9.0,1,264,0,308
443,29,113.0,2926.0,11.0,6.0,1,270,0,308
443,31,401.0,2893.0,10.0,8.0,1,198,0,233
444,3,1811.0,3077.0,9.0,5.0,1,354,0,439
444,4,7.0,2937.0,4.0,7.0,0,292,5,369
444,5,197.0,2922.0,9.0,8.0,1,297,0,365
444,6,0.0,2937.0,2.0,7.0,0,290,15,361
444,7,538.0,2898.0,6.0,9.0,1,295,0,361
444,8,467.0,2889.0,14.0,7.0,1,311,0,358
444,9,23.0,2926.0,12.0,12.0,1,295,0,356
444,10,0.0,2936.0,2.0,6.0,0,295,10,354
444,11,175.0,2918.0,12.0,8.0,1,295,0,350
444,12,0.0,2935.0,2.0,3.0,0,289,1,347
444,13,148.0,2924.0,12.0,7.0,1,295,0,347
444,16,530.0,2898.0,11.0,7.0,1,280,0,339
444,17,436.0,2891.0,13.0,10.0,0,270,1,339
444,18,428.0,2915.0,12.0,8.0,0,291,1,336
444,19,78.0,2936.0,10.0,4.0,1,281,0,336
444,20,6.0,2932.0,9.0,4.0,1,287,0,336
444,22,220.0,2921.0,14.0,12.0,1,268,0,321
444,24,238.0,2913.0,9.0,7.0,1,265,0,317
444,25,497.0,2897.0,11.0,7.0,1,269,0,317
444,26,50.0,2934.0,12.0,10.0,1,268,0,314
444,27,406.0,2911.0,9.0,9.0,1,274,0,314
444,28,421.0,2898.0,12.0,7.0,1,265,0,309
444,29,103.0,2936.0,13.0,10.0,1,271,0,309
444,31,395.0,2888.0,12.0,8.0,1,199,0,234
445,3,1813.0,3078.0,9.0,5.0,1,355,0,440
445,4,7.0,2937.0,4.0,7.0,0,292,6,370
445,5,190.0,2926.0,12.0,5.0,1,298,0,366
445,6,0.0,2937.0,2.0,7.0,0,290,16,362
445,7,531.0,2901.0,6.0,7.0,1,296,0,362
445,8,463.0,2896.0,12.0,9.0,1,312,0,359
445,9,17.0,2931.0,9.0,12.0,1,296,0,357
445,10,0.0,2936.0,2.0,6.0,0,295,11,355
445,11,169.0,2921.0,12.0,6.0,1,296,0,351
445,12,0.0,2935.0,2.0,3.0,0,289,2,348
445,13,140.0,2918.0,9.0,7.0,1,296,0,348
445,16,516.0,2904.0,11.0,10.0,1,281,0,340
445,17,429.0,2900.0,11.0,9.0,1,271,0,340
445,18,425.0,2914.0,12.0,9.0,1,292,0,337
445,19,78.0,2936.0,10.0,4.0,0,281,1,337
445,20,4.0,2927.0,6.0,6.0,1,288,0,337
445,22,217.0,2915.0,12.0,11.0,1,269,0,322
445,24,251.0,2923.0,11.0,7.0,1,266,0,318
445,25,491.0,2900.0,12.0,8.0,1,270,0,318
445,26,43.0,2934.0,11.0,9.0,1,269,0,315
445,27,397.0,2904.0,10.0,9.0,1,275,0,315
445,28,421.0,2898.0,12.0,7.0,0,265,1,310
445,29,104.0,2928.0,11.0,10.0,1,272,0,310
445,31,397.0,2892.0,13.0,7.0,1,200,0,235
446,3,1815.0,3078.0,10.0,5.0,1,356,0,441
446,4,7.0,2937.0,4.0,7.0,0,292,7,371
446,5,188.0,2915.0,10.0,8.0,1,299,0,367
446,6,0.0,2937.0,2.0,7.0,0,290,17,363
446,7,530.0,2898.0,8.0,9.0,1,297,0,363
446,8,460.0,2892.0,10.0,9.0,1,313,0,360
446,9,11.0,2926.0,9.0,12.0,1,297,0,358
446,10,0.0,2936.0,2.0,6.0,0,295,12,356
446,11,164.0,2920.0,12.0,10.0,1,297,0,352
446,12,0.0,2935.0,2.0,3.0,0,289,3,349
446,13,140.0,2918.0,9.0,7.0,0,296,1,349
446,16,516.0,2904.0,11.0,10.0,0,281,1,341
446,17,420.0,2901.0,14.0,7.0,1,272,0,341
446,18,425.0,2914.0,12.0,9.0,0,292,1,338
446,19,70.0,2933.0,11.0,5.0,1,282,0,338
446,20,4.0,2927.0,6.0,6.0,0,288,1,338
446,22,212.0,2917.0,10.0,10.0,1,270,0,323
446,24,251.0,2923.0,11.0,7.0,0,266,1,319
446,25,492.0,2895.0,10.0,9.0,1,271,0,319
446,26,37.0,2932.0,14.0,11.0,1,270,0,316
446,27,397.0,2904.0,10.0,9.0,0,275,1,316
446,28,421.0,2898.0,12.0,7.0,0,265,2,311
446,29,104.0,2928.0,11.0,10.0,0,272,1,311
446,31,377.0,2894.0,12.0,7.0,1,201,0,236
447,3,1813.0,3076.0,10.0,6.0,1,357,0,442
447,4,7.0,2937.0,4.0,7.0,0,292,8,372
447,5,204.0,2914.0,13.0,9.0,1,300,0,368
447,6,0.0,2937.0,2.0,7.0,0,290,18,364
447,7,530.0,2898.0,8.0,9.0,0,297,1,364
447,8,452.0,2891.0,13.0,8.0,1,314,0,361
447,9,10.0,2931.0,12.0,10.0,1,298,0,359
447,10,0.0,2936.0,2.0,6.0,0,295,13,357
447,11,167.0,2919.0,9.0,6.0,1,298,0,353
447,12,0.0,2935.0,2.0,3.0,0,289,4,350
447,13,177.0,2924.0,7.0,5.0,1,297,0,350
447,16,510.0,2891.0,10.0,10.0,1,282,0,342
447,17,420.0,2901.0,14.0,7.0,0,272,1,342
447,18,414.0,2910.0,13.0,9.0,1,293,0,339
447,19,70.0,2933.0,11.0,5.0,0,282,1,339
447,20,4.0,2927.0,6.0,6.0,0,288,2,339
447,22,229.0,2920.0,11.0,7.0,1,271,0,324
447,24,240.0,2920.0,13.0,8.0,1,267,0,320
447,25,484.0,2897.0,11.0,10.0,1,272,0,320
447,26,40.0,2930.0,11.0,8.0,1,271,0,317
447,27,396.0,2906.0,10.0,12.0,1,276,0,317
447,28,410.0,2897.0,7.0,7.0,1,266,0,312
447,29,93.0,2931.0,11.0,7.0,1,273,0,312
447,31,377.0,2886.0,12.0,7.0,1,202,0,237
448,3,1817.0,3080.0,10.0,6.0,1,358,0,443
448,4,7.0,2937.0,4.0,7.0,0,292,9,373
448,5,203.0,2916.0,15.0,10.0,1,301,0,369
448,6,0.0,2937.0,2.0,7.0,0,290,19,365
448,7,530.0,2898.0,8.0,9.0,0,297,2,365
448,8,451.0,2900.0,12.0,6.0,1,315,0,362
448,9,0.0,2933.0,13.0,12.0,1,299,0,360
448,10,0.0,2936.0,2.0,6.0,0,295,14,358
448,11,154.0,2917.0,10.0,8.0,1,299,0,354
448,12,0.0,2935.0,2.0,3.0,0,289,5,351
448,13,175.0,2911.0,9.0,8.0,1,298,0,351
448,16,508.0,2890.0,11.0,11.0,1,283,0,343
448,17,417.0,2892.0,11.0,8.0,1,273,0,343
448,18,414.0,2911.0,9.0,10.0,1,294,0,340
448,19,58.0,2932.0,11.0,9.0,1,283,0,340
448,20,4.0,2927.0,6.0,6.0,0,288,3,340
448,22,226.0,2911.0,10.0,9.0,1,272,0,325
448,24,238.0,2922.0,10.0,8.0,1,268,0,321
448,25,477.0,2891.0,13.0,12.0,1,273,0,321
448,26,85.0,2924.0,12.0,8.0,1,272,0,318
448,27,398.0,2909.0,11.0,7.0,1,277,0,318
448,28,410.0,2897.0,7.0,7.0,0,266,1,313
448,29,127.0,2924.0,8.0,7.0,1,274,0,313
448,31,369.0,2890.0,13.0,7.0,1,203,0,238
449,3,1822.0,3081.0,9.0,5.0,1,359,0,444
449,4,7.0,2937.0,4.0,7.0,0,292,10,374
449,5,198.0,2914.0,13.0,10.0,1,302,0,370
449,6,0.0,2937.0,2.0,7.0,0,290,20,366
449,7,512.0,2892.0,8.0,10.0,1,298,0,366
449,8,448.0,2894.0,11.0,7.0,1,316,0,363
449,9,3.0,2931.0,9.0,8.0,1,300,0,361
449,10,0.0,2936.0,2.0,6.0,0,295,15,359
449,11,147.0,2920.0,13.0,7.0,1,300,0,355
449,12,0.0,2935.0,2.0,3.0,0,289,6,352
449,13,175.0,2911.0,9.0,8.0,0,298,1,352
449,16,504.0,2896.0,9.0,12.0,1,284,0,344
449,17,417.0,2892.0,11.0,8.0,0,273,1,344
449,18,410.0,2912.0,13.0,7.0,1,295,0,341
449,19,30.0,2935.0,11.0,8.0,1,284,0,341
449,20,4.0,2927.0,6.0,6.0,0,288,4,341
449,22,217.0,2915.0,9.0,9.0,1,273,0,326
449,24,235.0,2915.0,10.0,7.0,1,269,0,322
449,25,480.0,2895.0,10.0,8.0,1,274,0,322
449,26,60.0,2927.0,8.0,7.0,1,273,0,319
449,27,385.0,2907.0,11.0,7.0,1,278,0,319
449,28,410.0,2897.0,7.0,7.0,0,266,2,314
449,29,80.0,2920.0,10.0,10.0,1,275,0,314
449,31,361.0,2888.0,14.0,7.0,1,204,0,239
450,3,1822.0,3081.0,9.0,5.0,0,359,1,445
450,4,7.0,2937.0,4.0,7.0,0,292,11,375
450,5,190.0,2913.0,13.0,9.0,1,303,0,371
450,6,0.0,2937.0,2.0,7.0,0,290,21,367
450,7,512.0,2892.0,8.0,10.0,0,298,1,367
450,8,441.0,2895.0,11.0,8.0,1,317,0,364
450,9,8.0,2928.0,9.0,9.0,1,301,0,362
450,10,0.0,2936.0,2.0,6.0,0,295,16,360
450,11,115.0,2918.0,13.0,11.0,1,301,0,356
450,12,0.0,2935.0,2.0,3.0,0,289,7,353
450,13,175.0,2911.0,9.0,8.0,0,298,2,353
450,16,498.0,2898.0,11.0,9.0,1,285,0,345
450,17,408.0,2897.0,11.0,8.0,1,274,0,345
450,18,409.0,2909.0,11.0,8.0,1,296,0,342
450,19,21.0,2934.0,9.0,9.0,1,285,0,342
450,20,4.0,2927.0,6.0,6.0,0,288,5,342
450,22,216.0,2915.0,14.0,10.0,1,274,0,327
450,24,222.0,2913.0,13.0,9.0,1,270,0,323
450,25,476.0,2889.0,9.0,12.0,1,275,0,323
450,26,44.0,2933.0,9.0,5.0,1,274,0,320
450,27,385.0,2907.0,11.0,7.0,0,278,1,320
450,28,410.0,2897.0,7.0,7.0,0,266,3,315
450,29,79.0,2918.0,10.0,8.0,1,276,0,315
450,31,361.0,2888.0,14.0,7.0,0,204,1,240
451,3,1820.0,3085.0,10.0,5.0,1,360,0,446
451,4,7.0,2937.0,4.0,7.0,0,292,12,376
451,5,193.0,2919.0,9.0,6.0,1,304,0,372
451,6,0.0,2937.0,2.0,7.0,0,290,22,368
451,7,503.0,2895.0,11.0,7.0,1,299,0,368
451,8,444.0,2899.0,12.0,8.0,1,318,0,365
451,9,8.0,2928.0,9.0,9.0,0,301,1,363
451,10,0.0,2936.0,2.0,6.0,0,295,17,361
451,11,118.0,2922.0,12.0,10.0,1,302,0,357
451,12,0.0,2935.0,2.0,3.0,0,289,8,354
451,13,175.0,2911.0,9.0,8.0,0,298,3,354
451,16,492.0,2899.0,12.0,9.0,1,286,0,346
451,17,407.0,2892.0,10.0,9.0,1,275,0,346
451,18,405.0,2909.0,10.0,7.0,1,297,0,343
451,19,19.0,2930.0,10.0,7.0,1,286,0,343
451,20,4.0,2927.0,6.0,6.0,0,288,6,343
451,22,208.0,2913.0,10.0,7.0,1,275,0,328
451,24,219.0,2912.0,10.0,10.0,1,271,0,324
451,25,469.0,2896.0,10.0,9.0,1,276,0,324
451,26,43.0,2924.0,10.0,8.0,1,275,0,321
451,27,385.0,2907.0,11.0,7.0,0,278,2,321
451,28,391.0,2889.0,9.0,6.0,1,267,0,316
451,29,69.0,2921.0,14.0,10.0,1,277,0,316
451,31,361.0,2888.0,14.0,7.0,0,204,2,241
452,3,1825.0,3088.0,10.0,5.0,1,361,0,447
452,4,7.0,2937.0,4.0,7.0,0,292,13,377
452,5,186.0,2909.0,13.0,11.0,1,305,0,373
452,6,0.0,2937.0,2.0,7.0,0,290,23,369
452,7,501.0,2892.0,10.0,11.0,1,300,0,369
452,8,438.0,2890.0,11.0,7.0,1,319,0,366
452,9,8.0,2928.0,9.0,9.0,0,301,2,364
452,10,0.0,2936.0,2.0,6.0,0,295,18,362
452,11,111.0,2913.0,9.0,9.0,1,303,0,358
452,12,0.0,2935.0,2.0,3.0,0,289,9,355
452,13,140.0,2918.0,11.0,7.0,1,299,0,355
452,16,487.0,2892.0,10.0,10.0,1,287,0,347
452,17,399.0,2897.0,10.0,7.0,1,276,0,347
452,18,398.0,2909.0,10.0,7.0,1,298,0,344
452,19,8.0,2927.0,12.0,10.0,1,287,0,344
452,20,4.0,2927.0,6.0,6.0,0,288,7,344
452,22,211.0,2914.0,9.0,10.0,1,276,0,329
452,24,217.0,2912.0,11.0,8.0,1,272,0,325
452,25,464.0,2892.0,12.0,12.0,1,277,0,325
452,26,41.0,2931.0,10.0,9.0,1,276,0,322
452,27,381.0,2907.0,12.0,10.0,1,279,0,322
452,28,380.0,2887.0,13.0,9.0,1,268,0,317
452,29,69.0,2921.0,14.0,10.0,0,277,1,317
452,31,341.0,2885.0,15.0,8.0,1,205,0,242
453,3,1825.0,3088.0,10.0,5.0,0,361,1,448
453,4,7.0,2937.0,4.0,7.0,0,292,14,378
453,5,178.0,2918.0,11.0,10.0,1,306,0,374
453,6,0.0,2937.0,2.0,7.0,0,290,24,370
453,7,489.0,2891.0,9.0,5.0,1,301,0,370
453,8,434.0,2901.0,10.0,7.0,1,320,0,367
453,9,2.0,2920.0,11.0,9.0,1,302,0,365
453,10,0.0,2936.0,2.0,6.0,0,295,19,363
453,11,133.0,2912.0,15.0,9.0,1,304,0,359
453,12,0.0,2935.0,2.0,3.0,0,289,10,356
453,13,152.0,2919.0,11.0,9.0,1,300,0,356
453,16,487.0,2892.0,10.0,10.0,0,287,1,348
453,17,398.0,2890.0,11.0,9.0,1,277,0,348
453,18,394.0,2910.0,12.0,8.0,1,299,0,345
453,19,33.0,2929.0,10.0,9.0,1,288,0,345
453,20,4.0,2927.0,6.0,6.0,0,288,8,345
453,22,200.0,2916.0,8.0,9.0,1,277,0,330
453,24,217.0,2907.0,10.0,9.0,1,273,0,326
453,25,464.0,2892.0,12.0,12.0,0,277,1,326
453,26,101.0,2918.0,12.0,9.0,1,277,0,323
453,27,364.0,2905.0,13.0,9.0,1,280,0,323
453,28,380.0,2887.0,13.0,9.0,0,268,1,318
453,29,60.0,2918.0,12.0,10.0,1,278,0,318
453,31,336.0,2885.0,14.0,10.0,1,206,0,243
454,3,1824.0,3089.0,12.0,5.0,1,362,0,449
454,4,7.0,2937.0,4.0,7.0,0,292,15,379
454,5,168.0,2911.0,11.0,9.0,1,307,0,375
454,6,0.0,2937.0,2.0,7.0,0,290,25,371
454,7,478.0,2900.0,13.0,4.0,1,302,0,371
454,8,434.0,2901.0,10.0,7.0,0,320,1,368
454,9,2.0,2927.0,11.0,9.0,1,303,0,366
454,10,0.0,2936.0,2.0,6.0,0,295,20,364
454,11,133.0,2911.0,12.0,10.0,1,305,0,360
454,12,0.0,2935.0,2.0,3.0,0,289,11,357
454,13,149.0,2918.0,12.0,5.0,1,301,0,357
454,16,476.0,2896.0,8.0,9.0,1,288,0,349
454,17,395.0,2896.0,11.0,8.0,1,278,0,349
454,18,394.0,2910.0,12.0,8.0,0,299,1,346
454,19,33.0,2922.0,9.0,11.0,1,289,0,346
454,20,4.0,2927.0,6.0,6.0,0,288,9,346
454,22,192.0,2915.0,11.0,8.0,1,278,0,331
454,24,210.0,2908.0,10.0,7.0,1,274,0,327
454,25,464.0,2892.0,12.0,12.0,0,277,2,327
454,26,97.0,2916.0,13.0,9.0,1,278,0,324
454,27,371.0,2910.0,13.0,8.0,1,281,0,324
454,28,376.0,2884.0,13.0,10.0,1,269,0,319
454,29,56.0,2924.0,13.0,9.0,1,279,0,319
454,31,334.0,2884.0,9.0,10.0,1,207,0,244
455,3,1824.0,3089.0,12.0,5.0,0,362,1,450
455,4,7.0,2937.0,4.0,7.0,0,292,16,380
455,5,166.0,2910.0,12.0,10.0,1,308,0,376
455,6,0.0,2937.0,2.0,7.0,0,290,26,372
455,7,480.0,2889.0,12.0,3.0,1,303,0,372
455,8,427.0,2894.0,11.0,5.0,1,321,0,369
455,9,2.0,2922.0,6.0,10.0,1,304,0,367
455,10,0.0,2936.0,2.0,6.0,0,295,21,365
455,11,133.0,2911.0,12.0,10.0,0,305,1,361
455,12,0.0,2935.0,2.0,3.0,0,289,12,358
455,13,145.0,2910.0,9.0,7.0,1,302,0,358
455,16,474.0,2894.0,11.0,8.0,1,289,0,350
455,17,388.0,2895.0,8.0,9.0,1,279,0,350
455,18,391.0,2903.0,11.0,8.0,1,300,0,347
455,19,24.0,2925.0,10.0,10.0,1,290,0,347
455,20,4.0,2927.0,6.0,6.0,0,288,10,347
455,22,191.0,2914.0,11.0,10.0,1,279,0,332
455,24,202.0,2910.0,14.0,9.0,1,275,0,328
455,25,453.0,2892.0,10.0,8.0,1,278,0,328
455,26,96.0,2913.0,11.0,11.0,1,279,0,325
455,27,363.0,2906.0,14.0,11.0,1,282,0,325
455,28,368.0,2893.0,11.0,5.0,1,270,0,320
455,29,49.0,2922.0,15.0,10.0,1,280,0,320
455,31,330.0,2884.0,9.0,9.0,1,208,0,245
456,3,1833.0,3087.0,13.0,4.0,1,363,0,451
456,4,7.0,2937.0,4.0,7.0,0,292,17,381
456,5,166.0,2910.0,12.0,10.0,0,308,1,377
456,6,0.0,2937.0,2.0,7.0,0,290,27,373
456,7,480.0,2889.0,12.0,3.0,0,303,1,373
456,8,418.0,2892.0,11.0,8.0,1,322,0,370
456,9,2.0,2922.0,6.0,10.0,0,304,1,368
456,10,0.0,2936.0,2.0,6.0,0,295,22,366
456,11,115.0,2912.0,15.0,8.0,1,306,0,362
456,12,0.0,2935.0,2.0,3.0,0,289,13,359
456,13,136.0,2920.0,6.0,5.0,1,303,0,359
456,16,473.0,2895.0,12.0,8.0,1,290,0,351
456,17,388.0,2895.0,8.0,9.0,0,279,1,351
456,18,387.0,2906.0,9.0,9.0,1,301,0,348
456,19,20.0,2929.0,9.0,9.0,1,291,0,348
456,20,4.0,2927.0,6.0,6.0,0,288,11,348
456,22,193.0,2911.0,8.0,9.0,1,280,0,333
456,24,198.0,2910.0,14.0,9.0,1,276,0,329
456,25,446.0,2892.0,13.0,9.0,1,279,0,329
456,26,93.0,2906.0,11.0,10.0,1,280,0,326
456,27,364.0,2907.0,12.0,8.0,1,283,0,326
456,28,368.0,2893.0,11.0,5.0,0,270,1,321
456,29,46.0,2922.0,13.0,8.0,1,281,0,321
456,31,330.0,2884.0,9.0,9.0,0,208,1,246
457,3,1834.0,3089.0,13.0,5.0,1,364,0,452
457,4,7.0,2937.0,4.0,7.0,0,292,18,382
457,5,160.0,2911.0,15.0,8.0,1,309,0,378
457,6,0.0,2937.0,2.0,7.0,0,290,28,374
457,7,458.0,2891.0,9.0,8.0,1,304,0,374
457,8,420.0,2896.0,10.0,7.0,1,323,0,371
457,9,2.0,2922.0,6.0,10.0,0,304,2,369
457,10,0.0,2936.0,2.0,6.0,0,295,23,367
457,11,112.0,2912.0,12.0,8.0,1,307,0,363
457,12,0.0,2935.0,2.0,3.0,0,289,14,360
457,13,132.0,2915.0,10.0,8.0,1,304,0,360
457,16,460.0,2892.0,11.0,7.0,1,291,0,352
457,17,373.0,2892.0,10.0,8.0,1,280,0,352
457,18,375.0,2904.0,9.0,8.0,1,302,0,349
457,19,7.0,2920.0,9.0,5.0,1,292,0,349
457,20,4.0,2927.0,6.0,6.0,0,288,12,349
457,22,193.0,2911.0,8.0,9.0,0,280,1,334
457,24,196.0,2909.0,8.0,5.0,1,277,0,330
457,25,446.0,2890.0,11.0,7.0,1,280,0,330
457,26,85.0,2920.0,10.0,4.0,1,281,0,327
457,27,361.0,2905.0,12.0,8.0,1,284,0,327
457,28,368.0,2893.0,11.0,5.0,0,270,2,322
457,29,43.0,2923.0,10.0,10.0,1,282,0,322
457,31,312.0,2880.0,14.0,8.0,1,209,0,247
458,3,1831.0,3090.0,12.0,4.0,1,365,0,453
458,4,7.0,2937.0,4.0,7.0,0,292,19,383
458,5,153.0,2908.0,13.0,9.0,1,310,0,379
458,6,0.0,2937.0,2.0,7.0,0,290,29,375
458,7,456.0,2886.0,9.0,6.0,1,305,0,375
458,8,417.0,2898.0,11.0,9.0,1,324,0,372
458,9,2.0,2922.0,6.0,10.0,0,304,3,370
458,10,0.0,2936.0,2.0,6.0,0,295,24,368
458,11,100.0,2908.0,15.0,9.0,1,308,0,364
458,12,0.0,2935.0,2.0,3.0,0,289,15,361
458,13,127.0,2909.0,9.0,9.0,1,305,0,361
458,16,457.0,2893.0,9.0,6.0,1,292,0,353
458,17,372.0,2892.0,11.0,7.0,1,281,0,353
458,18,375.0,2904.0,9.0,8.0,0,302,1,350
458,19,9.0,2922.0,11.0,10.0,1,293,0,350
458,20,4.0,2927.0,6.0,6.0,0,288,13,350
458,22,193.0,2911.0,8.0,9.0,0,280,2,335
458,24,194.0,2915.0,11.0,7.0,1,278,0,331
458,25,438.0,2890.0,12.0,10.0,1,281,0,331
458,26,76.0,2913.0,14.0,7.0,1,282,0,328
458,27,353.0,2904.0,12.0,9.0,1,285,0,328
458,28,368.0,2893.0,11.0,5.0,0,270,3,323
458,29,43.0,2923.0,10.0,10.0,0,282,1,323
458,31,305.0,2882.0,9.0,9.0,1,210,0,248
459,3,1832.0,3085.0,14.0,5.0,1,366,0,454
459,4,7.0,2937.0,4.0,7.0,0,292,20,384
459,5,148.0,2912.0,12.0,9.0,1,311,0,380
459,7,448.0,2897.0,9.0,7.0,1,306,0,376
459,8,406.0,2893.0,10.0,7.0,1,325,0,373
459,9,2.0,2922.0,6.0,10.0,0,304,4,371
459,10,0.0,2936.0,2.0,6.0,0,295,25,369
459,11,100.0,2908.0,15.0,9.0,0,308,1,365
459,12,0.0,2935.0,2.0,3.0,0,289,16,362
459,13,123.0,2910.0,9.0,10.0,1,306,0,362
459,16,451.0,2891.0,10.0,7.0,1,293,0,354
459,17,367.0,2890.0,8.0,8.0,1,282,0,354
459,18,375.0,2903.0,12.0,10.0,1,303,0,351
459,19,5.0,2921.0,11.0,6.0,1,294,0,351
459,20,4.0,2927.0,6.0,6.0,0,288,14,351
459,22,193.0,2911.0,8.0,9.0,0,280,3,336
459,24,194.0,2915.0,11.0,7.0,0,278,1,332
459,25,438.0,2890.0,12.0,10.0,0,281,1,332
459,26,85.0,2913.0,9.0,6.0,1,283,0,329
459,27,354.0,2902.0,11.0,10.0,1,286,0,329
459,28,368.0,2893.0,11.0,5.0,0,270,4,324
459,29,43.0,2923.0,10.0,10.0,0,282,2,324
459,31,301.0,2878.0,9.0,9.0,1,211,0,249
460,3,1838.0,3086.0,13.0,5.0,1,367,0,455
460,4,7.0,2937.0,4.0,7.0,0,292,21,385
460,5,148.0,2913.0,11.0,9.0,1,312,0,381
460,7,440.0,2893.0,12.0,7.0,1,307,0,377
460,8,396.0,2889.0,12.0,11.0,1,326,0,374
460,9,2.0,2922.0,6.0,10.0,0,304,5,372
460,10,0.0,2936.0,2.0,6.0,0,295,26,370
460,11,101.0,2914.0,10.0,10.0,1,309,0,366
460,12,0.0,2935.0,2.0,3.0,0,289,17,363
460,13,123.0,2910.0,9.0,10.0,0,306,1,363
460,16,443.0,2890.0,10.0,7.0,1,294,0,355
460,17,362.0,2892.0,10.0,7.0,1,283,0,355
460,18,364.0,2900.0,10.0,9.0,1,304,0,352
460,19,0.0,2921.0,10.0,8.0,1,295,0,352
460,20,4.0,2927.0,6.0,6.0,0,288,15,352
460,22,170.0,2911.0,10.0,8.0,1,281,0,337
460,24,194.0,2915.0,11.0,7.0,0,278,2,333
460,25,432.0,2888.0,12.0,9.0,1,282,0,333
460,26,76.0,2906.0,11.0,9.0,1,284,0,330
460,27,354.0,2902.0,11.0,10.0,0,286,1,330
460,28,368.0,2893.0,11.0,5.0,0,270,5,325
460,29,29.0,2920.0,15.0,10.0,1,283,0,325
460,31,290.0,2879.0,15.0,11.0,1,212,0,250
461,3,1833.0,3079.0,15.0,5.0,1,368,0,456
461,4,7.0,2937.0,4.0,7.0,0,292,22,386
461,5,137.0,2919.0,14.0,11.0,1,313,0,382
461,7,440.0,2893.0,12.0,7.0,0,307,1,378
461,8,391.0,2889.0,14.0,8.0,1,327,0,375
461,9,2.0,2922.0,6.0,10.0,0,304,6,373
461,10,0.0,2936.0,2.0,6.0,0,295,27,371
461,11,86.0,2905.0,14.0,9.0,1,310,0,367
461,12,0.0,2935.0,2.0,3.0,0,289,18,364
461,13,108.0,2910.0,12.0,9.0,1,307,0,364
461,16,439.0,2889.0,8.0,5.0,1,295,0,356
461,17,357.0,2889.0,12.0,8.0,1,284,0,356
461,18,360.0,2896.0,13.0,10.0,1,305,0,353
461,19,0.0,2923.0,4.0,6.0,1,296,0,353
461,20,4.0,2927.0,6.0,6.0,0,288,16,353
461,22,170.0,2911.0,10.0,8.0,0,281,1,338
461,24,178.0,2908.0,13.0,8.0,1,279,0,334
461,25,429.0,2885.0,12.0,7.0,1,283,0,334
461,26,74.0,2914.0,9.0,6.0,1,285,0,331
461,27,340.0,2908.0,10.0,7.0,1,287,0,331
461,28,339.0,2888.0,13.0,12.0,1,271,0,326
461,29,29.0,2920.0,15.0,10.0,0,283,1,326
461,31,294.0,2872.0,11.0,9.0,1,213,0,251
462,3,1836.0,3088.0,17.0,5.0,1,369,0,457
462,4,7.0,2937.0,4.0,7.0,0,292,23,387
462,5,139.0,2907.0,13.0,10.0,1,314,0,383
462,7,427.0,2894.0,9.0,7.0,1,308,0,379
462,8,390.0,2894.0,14.0,9.0,1,328,0,376
462,9,2.0,2922.0,6.0,10.0,0,304,7,374
462,10,0.0,2936.0,2.0,6.0,0,295,28,372
462,11,87.0,2909.0,13.0,7.0,1,311,0,368
462,12,0.0,2935.0,2.0,3.0,0,289,19,365
462,13,109.0,2913.0,10.0,4.0,1,308,0,365
462,16,439.0,2889.0,8.0,5.0,0,295,1,357
462,17,353.0,2890.0,12.0,8.0,1,285,0,357
462,18,361.0,2906.0,11.0,8.0,1,306,0,354
462,19,0.0,2923.0,4.0,6.0,0,296,1,354
462,20,4.0,2927.0,6.0,6.0,0,288,17,354
462,22,158.0,2911.0,11.0,7.0,1,282,0,339
462,24,171.0,2906.0,15.0,9.0,1,280,0,335
462,25,429.0,2884.0,9.0,8.0,1,284,0,335
462,26,56.0,2911.0,13.0,11.0,1,286,0,332
462,27,344.0,2902.0,12.0,8.0,1,288,0,332
462,28,345.0,2888.0,11.0,8.0,1,272,0,327
462,29,22.0,2918.0,9.0,5.0,1,284,0,327
462,31,290.0,2878.0,8.0,7.0,1,214,0,252
463,3,1836.0,3088.0,17.0,5.0,0,369,1,458
463,4,7.0,2937.0,4.0,7.0,0,292,24,388
463,5,134.0,2912.0,16.0,11.0,1,315,0,384
463,7,416.0,2889.0,13.0,5.0,1,309,0,380
463,8,390.0,2890.0,11.0,10.0,1,329,0,377
463,9,2.0,2922.0,6.0,10.0,0,304,8,375
463,10,0.0,2936.0,2.0,6.0,0,295,29,373
463,11,78.0,2912.0,13.0,11.0,1,312,0,369
463,12,0.0,2935.0,2.0,3.0,0,289,20,366
463,13,103.0,2906.0,14.0,9.0,1,309,0,366
463,16,426.0,2892.0,10.0,7.0,1,296,0,358
463,17,348.0,2884.0,11.0,9.0,1,286,0,358
463,18,361.0,2906.0,11.0,8.0,0,306,1,355
463,19,0.0,2923.0,4.0,6.0,0,296,2,355
463,20,4.0,2927.0,6.0,6.0,0,288,18,355
463,22,149.0,2910.0,16.0,9.0,1,283,0,340
463,24,166.0,2913.0,15.0,7.0,1,281,0,336
463,25,425.0,2886.0,14.0,5.0,1,285,0,336
463,26,64.0,2906.0,12.0,8.0,1,287,0,333
463,27,332.0,2904.0,14.0,9.0,1,289,0,333
463,28,340.0,2885.0,12.0,10.0,1,273,0,328
463,29,17.0,2920.0,13.0,9.0,1,285,0,328
463,31,280.0,2876.0,12.0,8.0,1,215,0,253
464,3,1848.0,3087.0,17.0,6.0,1,370,0,459
464,4,7.0,2937.0,4.0,7.0,0,292,25,389
464,5,129.0,2910.0,14.0,9.0,1,316,0,385
464,7,416.0,2889.0,13.0,5.0,0,309,1,381
464,8,391.0,2891.0,10.0,11.0,1,330,0,378
464,9,2.0,2922.0,6.0,10.0,0,304,9,376
464,11,76.0,2911.0,16.0,8.0,1,313,0,370
464,12,0.0,2935.0,2.0,3.0,0,289,21,367
464,13,95.0,2908.0,12.0,7.0,1,310,0,367
464,16,419.0,2888.0,11.0,6.0,1,297,0,359
464,17,350.0,2885.0,9.0,10.0,1,287,0,359
464,18,346.0,2902.0,14.0,9.0,1,307,0,356
464,19,0.0,2923.0,4.0,6.0,0,296,3,356
464,20,4.0,2927.0,6.0,6.0,0,288,19,356
464,22,150.0,2907.0,9.0,6.0,1,284,0,341
464,24,166.0,2913.0,15.0,7.0,0,281,1,337
464,25,420.0,2887.0,10.0,8.0,1,286,0,337
464,26,64.0,2906.0,12.0,8.0,0,287,1,334
464,27,332.0,2904.0,14.0,9.0,0,289,1,334
464,28,336.0,2883.0,6.0,7.0,1,274,0,329
464,29,17.0,2920.0,13.0,9.0,0,285,1,329
464,31,277.0,2877.0,12.0,6.0,1,216,0,254
465,3,1840.0,3084.0,16.0,6.0,1,371,0,460
465,4,7.0,2937.0,4.0,7.0,0,292,26,390
465,5,129.0,2910.0,14.0,9.0,0,316,1,386
465,7,409.0,2896.0,8.0,5.0,1,310,0,382
465,8,375.0,2894.0,11.0,7.0,1,331,0,379
465,9,2.0,2922.0,6.0,10.0,0,304,10,377
465,11,66.0,2908.0,15.0,8.0,1,314,0,371
465,12,0.0,2935.0,2.0,3.0,0,289,22,368
465,13,87.0,2909.0,14.0,7.0,1,311,0,368
465,16,410.0,2885.0,9.0,7.0,1,298,0,360
465,17,337.0,2887.0,10.0,10.0,1,288,0,360
465,18,343.0,2901.0,14.0,9.0,1,308,0,357
465,19,0.0,2923.0,4.0,6.0,0,296,4,357
465,20,4.0,2927.0,6.0,6.0,0,288,20,357
465,22,141.0,2910.0,11.0,6.0,1,285,0,342
465,24,166.0,2913.0,15.0,7.0,0,281,2,338
465,25,420.0,2887.0,10.0,8.0,0,286,1,338
465,26,64.0,2906.0,12.0,8.0,0,287,2,335
465,27,326.0,2903.0,10.0,10.0,1,290,0,335
465,28,328.0,2886.0,10.0,8.0,1,275,0,330
465,29,6.0,2915.0,10.0,9.0,1,286,0,330
465,31,270.0,2881.0,14.0,7.0,1,217,0,255
466,3,1840.0,3084.0,16.0,6.0,0,371,1,461
466,4,7.0,2937.0,4.0,7.0,0,292,27,391
466,5,118.0,2904.0,13.0,13.0,1,317,0,387
466,7,402.0,2887.0,8.0,7.0,1,311,0,383
466,8,375.0,2886.0,11.0,7.0,1,332,0,380
466,9,2.0,2922.0,6.0,10.0,0,304,11,378
466,11,71.0,2906.0,16.0,8.0,1,315,0,372
466,12,0.0,2935.0,2.0,3.0,0,289,23,369
466,13,85.0,2905.0,11.0,9.0,1,312,0,369
466,16,403.0,2881.0,10.0,5.0,1,299,0,361
466,17,337.0,2887.0,10.0,10.0,0,288,1,361
466,18,341.0,2900.0,12.0,6.0,1,309,0,358
466,19,0.0,2923.0,4.0,6.0,0,296,5,358
466,20,4.0,2927.0,6.0,6.0,0,288,21,358
466,22,139.0,2917.0,16.0,6.0,1,286,0,343
466,24,160.0,2907.0,13.0,9.0,1,282,0,339
466,25,420.0,2887.0,10.0,8.0,0,286,2,339
466,26,45.0,2905.0,12.0,10.0,1,288,0,336
466,27,326.0,2903.0,10.0,10.0,0,290,1,336
466,28,328.0,2886.0,10.0,8.0,0,275,1,331
466,29,6.0,2915.0,10.0,9.0,0,286,1,331
466,31,270.0,2881.0,14.0,7.0,0,217,1,256
467,3,1839.0,3085.0,17.0,6.0,1,372,0,462
467,4,7.0,2937.0,4.0,7.0,0,292,28,392
467,5,118.0,2904.0,13.0,13.0,0,317,1,388
467,7,402.0,2887.0,8.0,7.0,0,311,1,384
467,8,372.0,2886.0,10.0,8.0,1,333,0,381
467,9,2.0,2922.0,6.0,10.0,0,304,12,379
467,11,65.0,2908.0,13.0,7.0,1,316,0,373
467,12,0.0,2935.0,2.0,3.0,0,289,24,370
467,13,80.0,2903.0,14.0,9.0,1,313,0,370
467,16,394.0,2874.0,13.0,6.0,1,300,0,362
467,17,332.0,2887.0,11.0,9.0,1,289,0,362
467,18,334.0,2891.0,14.0,10.0,1,310,0,359
467,19,0.0,2923.0,4.0,6.0,0,296,6,359
467,20,4.0,2927.0,6.0,6.0,0,288,22,359
467,22,132.0,2912.0,15.0,8.0,1,287,0,344
467,24,149.0,2904.0,14.0,9.0,1,283,0,340
467,25,420.0,2887.0,10.0,8.0,0,286,3,340
467,26,39.0,2898.0,10.0,7.0,1,289,0,337
467,27,314.0,2901.0,9.0,12.0,1,291,0,337
467,28,316.0,2879.0,11.0,6.0,1,276,0,332
467,29,2.0,2918.0,7.0,8.0,1,287,0,332
467,31,270.0,2881.0,14.0,7.0,0,217,2,257
468,3,1842.0,3081.0,16.0,6.0,1,373,0,463
468,4,7.0,2937.0,4.0,7.0,0,292,29,393
468,5,109.0,2905.0,13.0,10.0,1,318,0,389
468,7,388.0,2886.0,13.0,6.0,1,312,0,385
468,8,360.0,2884.0,11.0,8.0,1,334,0,382
468,9,2.0,2922.0,6.0,10.0,0,304,13,380
468,11,60.0,2908.0,13.0,11.0,1,317,0,374
468,12,0.0,2935.0,2.0,3.0,0,289,25,371
468,13,72.0,2912.0,7.0,5.0,1,314,0,371
468,16,394.0,2874.0,13.0,6.0,0,300,1,363
468,17,331.0,2887.0,10.0,10.0,1,290,0,363
468,18,326.0,2897.0,10.0,8.0,1,311,0,360
468,19,0.0,2923.0,4.0,6.0,0,296,7,360
468,20,4.0,2927.0,6.0,6.0,0,288,23,360
468,22,132.0,2912.0,15.0,8.0,0,287,1,345
468,24,149.0,2904.0,14.0,9.0,0,283,1,341
468,25,420.0,2887.0,10.0,8.0,0,286,4,341
468,26,42.0,2909.0,12.0,10.0,1,290,0,338
468,27,314.0,2899.0,12.0,9.0,1,292,0,338
468,28,315.0,2884.0,13.0,9.0,1,277,0,333
468,29,2.0,2918.0,7.0,8.0,0,287,1,333
468,31,270.0,2881.0,14.0,7.0,0,217,3,258
469,3,1842.0,3081.0,16.0,6.0,0,373,1,464
469,5,109.0,2905.0,13.0,10.0,0,318,1,390
469,7,388.0,2886.0,13.0,6.0,0,312,1,386
469,8,363.0,2889.0,12.0,11.0,1,335,0,383
469,9,2.0,2922.0,6.0,10.0,0,304,14,381
469,11,60.0,2903.0,10.0,9.0,1,318,0,375
469,12,0.0,2935.0,2.0,3.0,0,289,26,372
469,13,72.0,2912.0,7.0,5.0,0,314,1,372
469,16,382.0,2876.0,12.0,8.0,1,301,0,364
469,17,323.0,2887.0,13.0,9.0,1,291,0,364
469,18,326.0,2898.0,12.0,8.0,1,312,0,361
469,19,0.0,2923.0,4.0,6.0,0,296,8,361
469,20,4.0,2927.0,6.0,6.0,0,288,24,361
469,22,132.0,2912.0,15.0,8.0,0,287,2,346
469,24,147.0,2903.0,15.0,10.0,1,284,0,342
469,25,420.0,2887.0,10.0,8.0,0,286,5,342
469,26,42.0,2909.0,12.0,10.0,0,290,1,339
469,27,305.0,2900.0,15.0,8.0,1,293,0,339
469,28,304.0,2881.0,12.0,9.0,1,278,0,334
469,29,2.0,2918.0,7.0,8.0,0,287,2,334
469,31,245.0,2872.0,11.0,10.0,1,218,0,259
470,3,1845.0,3085.0,17.0,5.0,1,374,0,465
470,5,94.0,2905.0,11.0,11.0,1,319,0,391
470,7,381.0,2884.0,7.0,6.0,1,313,0,387
470,8,363.0,2889.0,12.0,11.0,0,335,1,384
470,9,2.0,2922.0,6.0,10.0,0,304,15,382
470,11,48.0,2897.0,13.0,9.0,1,319,0,376
470,12,0.0,2935.0,2.0,3.0,0,289,27,373
470,13,70.0,2902.0,9.0,7.0,1,315,0,373
470,16,387.0,2878.0,9.0,7.0,1,302,0,365
470,17,320.0,2886.0,13.0,8.0,1,292,0,365
470,18,325.0,2888.0,11.0,8.0,1,313,0,362
470,19,0.0,2923.0,4.0,6.0,0,296,9,362
470,20,4.0,2927.0,6.0,6.0,0,288,25,362
470,22,118.0,2906.0,14.0,6.0,1,288,0,347
470,24,134.0,2903.0,13.0,9.0,1,285,0,343
470,25,388.0,2888.0,10.0,7.0,1,287,0,343
470,26,27.0,2912.0,13.0,9.0,1,291,0,340
470,27,302.0,2897.0,11.0,9.0,1,294,0,340
470,28,304.0,2881.0,12.0,9.0,0,278,1,335
470,29,2.0,2918.0,7.0,8.0,0,287,3,335
470,31,238.0,2878.0,14.0,6.0,1,219,0,260
471,3,1852.0,3079.0,17.0,5.0,1,375,0,466
471,5,99.0,2909.0,11.0,9.0,1,320,0,392
471,7,381.0,2884.0,7.0,6.0,0,313,1,388
471,8,345.0,2873.0,11.0,9.0,1,336,0,385
471,9,2.0,2922.0,6.0,10.0,0,304,16,383
471,11,43.0,2904.0,11.0,10.0,1,320,0,377
471,12,0.0,2935.0,2.0,3.0,0,289,28,374
471,13,70.0,2902.0,9.0,7.0,0,315,1,374
471,16,373.0,2877.0,12.0,11.0,1,303,0,366
471,17,309.0,2883.0,12.0,8.0,1,293,0,366
471,18,325.0,2888.0,11.0,8.0,0,313,1,363
471,19,0.0,2923.0,4.0,6.0,0,296,10,363
471,20,4.0,2927.0,6.0,6.0,0,288,26,363
471,22,112.0,2907.0,13.0,6.0,1,289,0,348
471,24,134.0,2903.0,13.0,9.0,0,285,1,344
471,25,386.0,2880.0,9.0,7.0,1,288,0,344
471,26,27.0,2912.0,13.0,9.0,0,291,1,341
471,27,297.0,2899.0,11.0,9.0,1,295,0,341
471,28,304.0,2881.0,12.0,9.0,0,278,2,336
471,29,2.0,2918.0,7.0,8.0,0,287,4,336
471,31,238.0,2878.0,14.0,6.0,0,219,1,261
472,3,1852.0,3082.0,17.0,5.0,1,376,0,467
472,5,99.0,2909.0,11.0,9.0,0,320,1,393
472,7,365.0,2881.0,11.0,10.0,1,314,0,389
472,8,347.0,2884.0,12.0,7.0,1,337,0,386
472,9,2.0,2922.0,6.0,10.0,0,304,17,384
472,11,41.0,2898.0,12.0,12.0,1,321,0,378
472,12,0.0,2935.0,2.0,3.0,0,289,29,375
472,13,54.0,2909.0,13.0,7.0,1,316,0,375
472,16,362.0,2881.0,12.0,9.0,1,304,0,367
472,17,313.0,2876.0,9.0,9.0,1,294,0,367
472,18,315.0,2893.0,12.0,7.0,1,314,0,364
472,19,0.0,2923.0,4.0,6.0,0,296,11,364
472,20,4.0,2927.0,6.0,6.0,0,288,27,364
472,22,107.0,2905.0,15.0,6.0,1,290,0,349
472,24,136.0,2909.0,12.0,8.0,1,286,0,345
472,25,381.0,2891.0,11.0,7.0,1,289,0,345
472,26,12.0,2901.0,12.0,9.0,1,292,0,342
472,27,297.0,2899.0,11.0,9.0,0,295,1,342
472,28,301.0,2880.0,9.0,7.0,1,279,0,337
472,29,2.0,2918.0,7.0,8.0,0,287,5,337
472,31,238.0,2878.0,14.0,6.0,0,219,2,262
473,3,1852.0,3078.0,16.0,5.0,1,377,0,468
473,5,86.0,2905.0,12.0,9.0,1,321,0,394
473,7,365.0,2881.0,11.0,10.0,0,314,1,390
473,8,341.0,2882.0,11.0,8.0,1,338,0,387
473,9,2.0,2922.0,6.0,10.0,0,304,18,385
473,11,41.0,2898.0,12.0,12.0,0,321,1,379
473,13,54.0,2909.0,13.0,7.0,0,316,1,376
473,16,359.0,2876.0,10.0,5.0,1,305,0,368
473,17,309.0,2881.0,9.0,9.0,1,295,0,368
473,18,312.0,2893.0,12.0,8.0,1,315,0,365
473,19,0.0,2923.0,4.0,6.0,0,296,12,365
473,20,4.0,2927.0,6.0,6.0,0,288,28,365
473,22,107.0,2905.0,15.0,6.0,0,290,1,350
473,24,127.0,2908.0,12.0,7.0,1,287,0,346
473,25,371.0,2884.0,9.0,7.0,1,290,0,346
473,26,12.0,2901.0,12.0,9.0,0,292,1,343
473,27,290.0,2901.0,15.0,9.0,1,296,0,343
473,28,294.0,2880.0,6.0,5.0,1,280,0,338
473,29,2.0,2918.0,7.0,8.0,0,287,6,338
473,31,215.0,2870.0,13.0,9.0,1,220,0,263
474,3,1851.0,3083.0,17.0,6.0,1,378,0,469
474,5,78.0,2905.0,14.0,9.0,1,322,0,395
474,7,350.0,2878.0,12.0,10.0,1,315,0,391
474,8,342.0,2881.0,10.0,5.0,1,339,0,388
474,9,2.0,2922.0,6.0,10.0,0,304,19,386
474,11,30.0,2902.0,11.0,9.0,1,322,0,380
474,13,45.0,2897.0,10.0,7.0,1,317,0,377
474,16,355.0,2876.0,11.0,9.0,1,306,0,369
474,17,294.0,2878.0,11.0,9.0,1,296,0,369
474,18,301.0,2889.0,14.0,7.0,1,316,0,366
474,19,0.0,2923.0,4.0,6.0,0,296,13,366
474,20,4.0,2927.0,6.0,6.0,0,288,29,366
474,22,97.0,2908.0,13.0,7.0,1,291,0,351
474,24,119.0,2903.0,14.0,9.0,1,288,0,347
474,25,366.0,2889.0,9.0,6.0,1,291,0,347
474,26,12.0,2901.0,12.0,9.0,0,292,2,344
474,27,285.0,2904.0,9.0,6.0,1,297,0,344
474,28,285.0,2881.0,12.0,6.0,1,281,0,339
474,29,2.0,2918.0,7.0,8.0,0,287,7,339
474,31,212.0,2870.0,11.0,8.0,1,221,0,264
475,3,1851.0,3083.0,17.0,6.0,0,378,1,470
475,5,74.0,2905.0,18.0,8.0,1,323,0,396
475,7,350.0,2878.0,14.0,9.0,1,316,0,392
475,8,328.0,2878.0,13.0,9.0,1,340,0,389
475,9,2.0,2922.0,6.0,10.0,0,304,20,387
475,11,26.0,2898.0,13.0,11.0,1,323,0,381
475,13,44.0,2905.0,12.0,6.0,1,318,0,378
475,16,352.0,2875.0,11.0,7.0,1,307,0,370
475,17,294.0,2878.0,11.0,9.0,0,296,1,370
475,18,298.0,2884.0,13.0,8.0,1,317,0,367
475,19,0.0,2923.0,4.0,6.0,0,296,14,367
475,22,95.0,2904.0,13.0,7.0,1,292,0,352
475,24,114.0,2904.0,12.0,7.0,1,289,0,348
475,25,368.0,2885.0,9.0,7.0,1,292,0,348
475,26,9.0,2897.0,10.0,10.0,1,293,0,345
475,27,279.0,2896.0,14.0,9.0,1,298,0,345
475,28,278.0,2880.0,10.0,7.0,1,282,0,340
475,29,2.0,2918.0,7.0,8.0,0,287,8,340
475,31,205.0,2870.0,11.0,7.0,1,222,0,265
476,3,1850.0,3079.0,15.0,7.0,1,379,0,471
476,5,74.0,2905.0,18.0,8.0,0,323,1,397
476,7,337.0,2870.0,13.0,10.0,1,317,0,393
476,8,320.0,2879.0,15.0,7.0,1,341,0,390
476,9,2.0,2922.0,6.0,10.0,0,304,21,388
476,11,17.0,2892.0,14.0,12.0,1,324,0,382
476,13,37.0,2899.0,11.0,8.0,1,319,0,379
476,16,344.0,2874.0,11.0,10.0,1,308,0,371
476,17,291.0,2880.0,11.0,7.0,1,297,0,371
476,18,294.0,2888.0,10.0,7.0,1,318,0,368
476,19,0.0,2923.0,4.0,6.0,0,296,15,368
476,22,87.0,2905.0,12.0,10.0,1,293,0,353
476,24,108.0,2908.0,15.0,9.0,1,290,0,349
476,25,357.0,2882.0,12.0,6.0,1,293,0,349
476,26,0.0,2903.0,11.0,8.0,1,294,0,346
476,27,273.0,2893.0,11.0,8.0,1,299,0,346
476,28,278.0,2880.0,10.0,7.0,0,282,1,341
476,29,2.0,2918.0,7.0,8.0,0,287,9,341
476,31,203.0,2870.0,13.0,9.0,1,223,0,266
477,3,1850.0,3079.0,15.0,7.0,0,379,1,472
477,5,74.0,2905.0,18.0,8.0,0,323,2,398
477,7,325.0,2874.0,13.0,10.0,1,318,0,394
477,8,320.0,2879.0,15.0,7.0,0,341,1,391
477,9,2.0,2922.0,6.0,10.0,0,304,22,389
477,11,16.0,2895.0,12.0,9.0,1,325,0,383
477,13,34.0,2901.0,10.0,6.0,1,320,0,380
477,16,341.0,2871.0,12.0,9.0,1,309,0,372
477,17,279.0,2874.0,9.0,4.0,1,298,0,372
477,18,288.0,2881.0,9.0,6.0,1,319,0,369
477,19,0.0,2923.0,4.0,6.0,0,296,16,369
477,22,89.0,2905.0,11.0,9.0,1,294,0,354
477,24,108.0,2908.0,15.0,9.0,0,290,1,350
477,25,363.0,2885.0,7.0,8.0,1,294,0,350
477,26,0.0,2899.0,8.0,6.0,1,295,0,347
477,27,273.0,2893.0,11.0,8.0,0,299,1,347
477,28,278.0,2880.0,10.0,7.0,0,282,2,342
477,29,2.0,2918.0,7.0,8.0,0,287,10,342
477,31,201.0,2873.0,11.0,11.0,1,224,0,267
478,3,1863.0,3073.0,13.0,8.0,1,380,0,473
478,5,56.0,2908.0,11.0,8.0,1,324,0,399
478,7,331.0,2873.0,12.0,11.0,1,319,0,395
478,8,319.0,2886.0,13.0,7.0,1,342,0,392
478,9,2.0,2922.0,6.0,10.0,0,304,23,390
478,11,13.0,2899.0,11.0,9.0,1,326,0,384
478,13,22.0,2896.0,10.0,6.0,1,321,0,381
478,16,336.0,2877.0,7.0,5.0,1,310,0,373
478,17,277.0,2881.0,9.0,8.0,1,299,0,373
478,18,282.0,2886.0,10.0,7.0,1,320,0,370
478,19,0.0,2923.0,4.0,6.0,0,296,17,370
478,22,89.0,2905.0,11.0,9.0,0,294,1,355
478,24,98.0,2896.0,10.0,11.0,1,291,0,351
478,25,357.0,2881.0,7.0,7.0,1,295,0,351
478,26,0.0,2899.0,8.0,6.0,0,295,1,348
478,27,269.0,2894.0,9.0,7.0,1,300,0,348
478,28,278.0,2880.0,10.0,7.0,0,282,3,343
478,29,2.0,2918.0,7.0,8.0,0,287,11,343
478,31,197.0,2868.0,12.0,7.0,1,225,0,268
479,3,1863.0,3077.0,15.0,10.0,1,381,0,474
479,5,55.0,2899.0,14.0,8.0,1,325,0,400
479,7,318.0,2877.0,15.0,9.0,1,320,0,396
479,8,314.0,2882.0,12.0,8.0,1,343,0,393
479,9,2.0,2922.0,6.0,10.0,0,304,24,391
479,11,8.0,2895.0,12.0,11.0,1,327,0,385
479,13,26.0,2901.0,9.0,6.0,1,322,0,382
479,16,336.0,2877.0,7.0,5.0,0,310,1,374
479,17,277.0,2881.0,9.0,8.0,0,299,1,374
479,18,285.0,2883.0,10.0,7.0,1,321,0,371
479,19,0.0,2923.0,4.0,6.0,0,296,18,371
479,22,77.0,2899.0,12.0,9.0,1,295,0,356
479,24,98.0,2896.0,10.0,11.0,0,291,1,352
479,25,351.0,2880.0,10.0,6.0,1,296,0,352
479,26,0.0,2899.0,8.0,6.0,0,295,2,349
479,27,266.0,2891.0,13.0,9.0,1,301,0,349
479,28,278.0,2880.0,10.0,7.0,0,282,4,344
479,29,2.0,2918.0,7.0,8.0,0,287,12,344
479,31,197.0,2868.0,12.0,7.0,0,225,1,269
480,3,1863.0,3077.0,15.0,10.0,0,381,1,475
480,5,49.0,2893.0,11.0,7.0,1,326,0,401
480,7,314.0,2876.0,13.0,6.0,1,321,0,397
480,8,304.0,2874.0,10.0,8.0,1,344,0,394
480,9,2.0,2922.0,6.0,10.0,0,304,25,392
480,11,0.0,2901.0,10.0,11.0,1,328,0,386
480,13,26.0,2901.0,9.0,6.0,0,322,1,383
480,16,316.0,2875.0,10.0,7.0,1,311,0,375
480,17,277.0,2881.0,9.0,8.0,0,299,2,375
480,18,274.0,2882.0,9.0,7.0,1,322,0,372
480,19,0.0,2923.0,4.0,6.0,0,296,19,372
480,22,79.0,2899.0,9.0,9.0,1,296,0,357
480,24,88.0,2900.0,15.0,10.0,1,292,0,353
480,25,344.0,2877.0,10.0,8.0,1,297,0,353
480,26,0.0,2899.0,8.0,6.0,0,295,3,350
480,27,250.0,2888.0,17.0,10.0,1,302,0,350
480,28,258.0,2869.0,11.0,6.0,1,283,0,345
480,29,2.0,2918.0,7.0,8.0,0,287,13,345
480,31,197.0,2868.0,12.0,7.0,0,225,2,270
481,3,1861.0,3071.0,14.0,8.0,1,382,0,476
481,5,49.0,2893.0,11.0,7.0,0,326,1,402
481,7,308.0,2872.0,12.0,9.0,1,322,0,398
481,8,304.0,2874.0,10.0,8.0,0,344,1,395
481,9,2.0,2922.0,6.0,10.0,0,304,26,393
481,11,2.0,2893.0,7.0,10.0,1,329,0,387
481,13,15.0,2901.0,9.0,5.0,1,323,0,384
481,16,310.0,2864.0,12.0,6.0,1,312,0,376
481,17,277.0,2881.0,9.0,8.0,0,299,3,376
481,18,271.0,2877.0,13.0,10.0,1,323,0,373
481,19,0.0,2923.0,4.0,6.0,0,296,20,373
481,22,72.0,2902.0,12.0,7.0,1,297,0,358
481,24,87.0,2905.0,15.0,9.0,1,293,0,354
481,25,334.0,2881.0,9.0,6.0,1,298,0,354
481,26,0.0,2899.0,8.0,6.0,0,295,4,351
481,27,250.0,2888.0,17.0,10.0,0,302,1,351
481,28,247.0,2875.0,12.0,6.0,1,284,0,346
481,29,2.0,2918.0,7.0,8.0,0,287,14,346
481,31,174.0,2865.0,13.0,9.0,1,226,0,271
482,3,1868.0,3061.0,13.0,12.0,1,383,0,477
482,5,40.0,2900.0,10.0,6.0,1,327,0,403
482,7,303.0,2871.0,9.0,8.0,1,323,0,399
482,8,303.0,2870.0,12.0,8.0,1,345,0,396
482,9,2.0,2922.0,6.0,10.0,0,304,27,394
482,11,2.0,2893.0,7.0,10.0,0,329,1,388
482,13,15.0,2901.0,9.0,5.0,0,323,1,385
482,16,310.0,2872.0,10.0,5.0,1,313,0,377
482,17,277.0,2881.0,9.0,8.0,0,299,4,377
482,18,259.0,2866.0,12.0,8.0,1,324,0,374
482,19,0.0,2923.0,4.0,6.0,0,296,21,374
482,22,57.0,2900.0,12.0,7.0,1,298,0,359
482,24,83.0,2897.0,14.0,9.0,1,294,0,355
482,25,336.0,2879.0,11.0,4.0,1,299,0,355
482,26,0.0,2899.0,8.0,6.0,0,295,5,352
482,27,249.0,2883.0,12.0,8.0,1,303,0,352
482,28,244.0,2874.0,11.0,7.0,1,285,0,347
482,29,2.0,2918.0,7.0,8.0,0,287,15,347
482,31,171.0,2867.0,13.0,7.0,1,227,0,272
483,3,1858.0,3074.0,18.0,5.0,1,384,0,478
483,5,40.0,2900.0,10.0,6.0,0,327,1,404
483,7,296.0,2870.0,8.0,9.0,1,324,0,400
483,8,306.0,2871.0,8.0,7.0,1,346,0,397
483,9,2.0,2922.0,6.0,10.0,0,304,28,395
483,11,2.0,2893.0,7.0,10.0,0,329,2,389
483,13,0.0,2894.0,9.0,8.0,1,324,0,386
483,16,302.0,2869.0,10.0,4.0,1,314,0,378
483,17,256.0,2874.0,10.0,8.0,1,300,0,378
483,18,265.0,2874.0,13.0,8.0,1,325,0,375
483,19,0.0,2923.0,4.0,6.0,0,296,22,375
483,22,57.0,2900.0,12.0,7.0,0,298,1,360
483,24,83.0,2897.0,14.0,9.0,0,294,1,356
483,25,328.0,2879.0,10.0,6.0,1,300,0,356
483,26,0.0,2899.0,8.0,6.0,0,295,6,353
483,27,249.0,2888.0,10.0,8.0,1,304,0,353
483,28,246.0,2865.0,8.0,11.0,1,286,0,348
483,29,2.0,2918.0,7.0,8.0,0,287,16,348
483,31,163.0,2869.0,13.0,8.0,1,228,0,273
484,3,1860.0,3072.0,13.0,9.0,1,385,0,479
484,5,40.0,2900.0,10.0,6.0,0,327,2,405
484,7,288.0,2869.0,9.0,9.0,1,325,0,401
484,8,302.0,2870.0,6.0,7.0,1,347,0,398
484,9,2.0,2922.0,6.0,10.0,0,304,29,396
484,11,2.0,2893.0,7.0,10.0,0,329,3,390
484,13,0.0,2888.0,7.0,9.0,1,325,0,387
484,16,298.0,2874.0,7.0,8.0,1,315,0,379
484,17,248.0,2870.0,11.0,7.0,1,301,0,379
484,18,265.0,2874.0,13.0,8.0,0,325,1,376
484,19,0.0,2923.0,4.0,6.0,0,296,23,376
484,22,54.0,2895.0,10.0,9.0,1,299,0,361
484,24,83.0,2897.0,14.0,9.0,0,294,2,357
484,25,322.0,2881.0,12.0,4.0,1,301,0,357
484,26,0.0,2899.0,8.0,6.0,0,295,7,354
484,27,249.0,2888.0,10.0,8.0,0,304,1,354
484,28,236.0,2876.0,10.0,4.0,1,287,0,349
484,29,2.0,2918.0,7.0,8.0,0,287,17,349
484,31,163.0,2869.0,13.0,8.0,0,228,1,274
485,3,1860.0,3072.0,13.0,9.0,0,385,1,480
485,5,30.0,2901.0,13.0,9.0,1,328,0,406
485,7,283.0,2870.0,10.0,7.0,1,326,0,402
485,8,302.0,2870.0,6.0,7.0,0,347,1,399
485,11,2.0,2893.0,7.0,10.0,0,329,4,391
485,13,0.0,2888.0,7.0,9.0,0,325,1,388
485,16,298.0,2874.0,7.0,8.0,0,315,1,380
485,17,247.0,2872.0,9.0,7.0,1,302,0,380
485,18,249.0,2876.0,11.0,8.0,1,326,0,377
485,19,0.0,2923.0,4.0,6.0,0,296,24,377
485,22,54.0,2895.0,10.0,9.0,0,299,1,362
485,24,68.0,2900.0,13.0,7.0,1,295,0,358
485,25,316.0,2872.0,10.0,6.0,1,302,0,358
485,26,0.0,2899.0,8.0,6.0,0,295,8,355
485,27,235.0,2884.0,14.0,9.0,1,305,0,355
485,28,227.0,2873.0,14.0,6.0,1,288,0,350
485,29,2.0,2918.0,7.0,8.0,0,287,18,350
485,31,155.0,2868.0,11.0,10.0,1,229,0,275
486,3,1866.0,3065.0,11.0,10.0,1,386,0,481
486,5,23.0,2898.0,12.0,9.0,1,329,0,407
486,7,282.0,2866.0,9.0,7.0,1,327,0,403
486,8,290.0,2867.0,10.0,5.0,1,348,0,400
486,11,2.0,2893.0,7.0,10.0,0,329,5,392
486,13,0.0,2888.0,7.0,9.0,0,325,2,389
486,16,298.0,2874.0,7.0,8.0,0,315,2,381
486,17,247.0,2872.0,9.0,7.0,0,302,1,381
486,18,249.0,2876.0,11.0,8.0,0,326,1,378
486,19,0.0,2923.0,4.0,6.0,0,296,25,378
486,22,41.0,2900.0,12.0,6.0,1,300,0,363
486,24,61.0,2904.0,15.0,6.0,1,296,0,359
486,25,313.0,2873.0,11.0,4.0,1,303,0,359
486,26,0.0,2899.0,8.0,6.0,0,295,9,356
486,27,235.0,2884.0,14.0,9.0,0,305,1,356
486,28,225.0,2873.0,13.0,7.0,1,289,0,351
486,29,2.0,2918.0,7.0,8.0,0,287,19,351
486,31,155.0,2868.0,11.0,10.0,0,229,1,276
487,3,1859.0,3061.0,17.0,10.0,1,387,0,482
487,5,15.0,2898.0,12.0,8.0,1,330,0,408
487,7,280.0,2865.0,5.0,8.0,1,328,0,404
487,8,290.0,2867.0,10.0,5.0,0,348,1,401
487,11,2.0,2893.0,7.0,10.0,0,329,6,393
487,13,0.0,2888.0,7.0,9.0,0,325,3,390
487,16,298.0,2874.0,7.0,8.0,0,315,3,382
487,17,234.0,2867.0,13.0,10.0,1,303,0,382
487,18,239.0,2872.0,10.0,5.0,1,327,0,379
487,19,0.0,2923.0,4.0,6.0,0,296,26,379
487,22,40.0,2897.0,9.0,6.0,1,301,0,364
487,24,56.0,2895.0,14.0,9.0,1,297,0,360
487,25,304.0,2869.0,13.0,7.0,1,304,0,360
487,26,0.0,2899.0,8.0,6.0,0,295,10,357
487,27,224.0,2883.0,12.0,7.0,1,306,0,357
487,28,223.0,2867.0,7.0,7.0,1,290,0,352
487,29,2.0,2918.0,7.0,8.0,0,287,20,352
487,31,155.0,2868.0,11.0,10.0,0,229,2,277
488,3,1863.0,3068.0,18.0,9.0,1,388,0,483
488,5,10.0,2889.0,11.0,9.0,1,331,0,409
488,7,280.0,2865.0,5.0,8.0,0,328,1,405
488,8,278.0,2868.0,8.0,9.0,1,349,0,402
488,11,2.0,2893.0,7.0,10.0,0,329,7,394
488,13,0.0,2888.0,7.0,9.0,0,325,4,391
488,16,271.0,2874.0,8.0,7.0,1,316,0,383
488,17,229.0,2867.0,11.0,9.0,1,304,0,383
488,18,239.0,2874.0,13.0,8.0,1,328,0,380
488,19,0.0,2923.0,4.0,6.0,0,296,27,380
488,22,40.0,2897.0,9.0,6.0,0,301,1,365
488,24,56.0,2895.0,14.0,9.0,0,297,1,361
488,25,302.0,2868.0,13.0,6.0,1,305,0,361
488,26,0.0,2899.0,8.0,6.0,0,295,11,358
488,27,224.0,2883.0,12.0,7.0,0,306,1,358
488,28,217.0,2862.0,10.0,5.0,1,291,0,353
488,29,2.0,2918.0,7.0,8.0,0,287,21,353
488,31,143.0,2867.0,9.0,10.0,1,230,0,278
489,3,1868.0,3059.0,14.0,10.0,1,389,0,484
489,5,9.0,2889.0,14.0,9.0,1,332,0,410
489,7,280.0,2865.0,5.0,8.0,0,328,2,406
489,8,270.0,2871.0,8.0,5.0,1,350,0,403
489,11,2.0,2893.0,7.0,10.0,0,329,8,395
489,13,0.0,2888.0,7.0,9.0,0,325,5,392
489,16,271.0,2874.0,8.0,7.0,0,316,1,384
489,17,223.0,2863.0,10.0,9.0,1,305,0,384
489,18,235.0,2875.0,12.0,7.0,1,329,0,381
489,19,0.0,2923.0,4.0,6.0,0,296,28,381
489,22,40.0,2897.0,9.0,6.0,0,301,2,366
489,24,46.0,2889.0,14.0,9.0,1,298,0,362
489,25,296.0,2868.0,10.0,7.0,1,306,0,362
489,26,0.0,2899.0,8.0,6.0,0,295,12,359
489,27,224.0,2883.0,12.0,7.0,0,306,2,359
489,28,214.0,2867.0,12.0,8.0,1,292,0,354
489,29,2.0,2918.0,7.0,8.0,0,287,22,354
489,31,137.0,2862.0,9.0,10.0,1,231,0,279
490,3,1871.0,3060.0,10.0,8.0,1,390,0,485
490,5,0.0,2893.0,14.0,9.0,1,333,0,411
490,7,265.0,2864.0,7.0,8.0,1,329,0,407
490,8,269.0,2861.0,7.0,8.0,1,351,0,404
490,11,2.0,2893.0,7.0,10.0,0,329,9,396
490,13,0.0,2888.0,7.0,9.0,0,325,6,393
490,16,263.0,2866.0,11.0,7.0,1,317,0,385
490,17,218.0,2865.0,12.0,9.0,1,306,0,385
490,18,235.0,2875.0,12.0,7.0,0,329,1,382
490,19,0.0,2923.0,4.0,6.0,0,296,29,382
490,22,40.0,2897.0,9.0,6.0,0,301,3,367
490,24,44.0,2893.0,13.0,8.0,1,299,0,363
490,25,292.0,2864.0,10.0,7.0,1,307,0,363
490,26,0.0,2899.0,8.0,6.0,0,295,13,360
490,27,213.0,2875.0,9.0,8.0,1,307,0,360
490,28,208.0,2867.0,8.0,7.0,1,293,0,355
490,29,2.0,2918.0,7.0,8.0,0,287,23,355
490,31,128.0,2865.0,10.0,10.0,1,232,0,280
491,3,1868.0,3056.0,14.0,13.0,1,391,0,486
491,5,0.0,2893.0,14.0,9.0,0,333,1,412
491,7,265.0,2866.0,8.0,5.0,1,330,0,408
491,8,270.0,2864.0,6.0,7.0,1,352,0,405
491,11,2.0,2893.0,7.0,10.0,0,329,10,397
491,13,0.0,2888.0,7.0,9.0,0,325,7,394
491,16,263.0,2866.0,11.0,7.0,0,317,1,386
491,17,212.0,2861.0,11.0,8.0,1,307,0,386
491,18,231.0,2864.0,10.0,6.0,1,330,0,383
491,22,21.0,2893.0,9.0,8.0,1,302,0,368
491,24,36.0,2893.0,14.0,9.0,1,300,0,364
491,25,292.0,2864.0,10.0,7.0,0,307,1,364
491,26,0.0,2899.0,8.0,6.0,0,295,14,361
491,27,203.0,2881.0,9.0,8.0,1,308,0,361
491,28,198.0,2858.0,10.0,9.0,1,294,0,356
491,29,2.0,2918.0,7.0,8.0,0,287,24,356
491,31,122.0,2864.0,12.0,10.0,1,233,0,281
492,3,1868.0,3056.0,14.0,13.0,0,391,1,487
492,5,4.0,2886.0,4.0,10.0,1,334,0,413
492,7,251.0,2860.0,10.0,7.0,1,331,0,409
492,8,260.0,2867.0,8.0,4.0,1,353,0,406
492,11,2.0,2893.0,7.0,10.0,0,329,11,398
492,13,0.0,2888.0,7.0,9.0,0,325,8,395
492,16,248.0,2866.0,11.0,6.0,1,318,0,387
492,17,211.0,2862.0,9.0,10.0,1,308,0,387
492,18,216.0,2871.0,14.0,11.0,1,331,0,384
492,22,18.0,2888.0,12.0,8.0,1,303,0,369
492,24,32.0,2891.0,13.0,10.0,1,301,0,365
492,25,292.0,2864.0,10.0,7.0,0,307,2,365
492,26,0.0,2899.0,8.0,6.0,0,295,15,362
492,27,203.0,2878.0,11.0,8.0,1,309,0,362
492,28,205.0,2866.0,9.0,5.0,1,295,0,357
492,29,2.0,2918.0,7.0,8.0,0,287,25,357
492,31,120.0,2861.0,9.0,7.0,1,234,0,282
493,3,1878.0,3056.0,14.0,10.0,1,392,0,488
493,5,4.0,2886.0,4.0,10.0,0,334,1,414
493,7,252.0,2862.0,9.0,6.0,1,332,0,410
493,8,252.0,2864.0,8.0,7.0,1,354,0,407
493,11,2.0,2893.0,7.0,10.0,0,329,12,399
493,13,0.0,2888.0,7.0,9.0,0,325,9,396
493,16,250.0,2866.0,8.0,6.0,1,319,0,388
493,17,208.0,2867.0,12.0,12.0,1,309,0,388
493,18,213.0,2866.0,10.0,9.0,1,332,0,385
493,22,9.0,2894.0,11.0,8.0,1,304,0,370
493,24,32.0,2886.0,14.0,9.0,1,302,0,366
493,25,277.0,2865.0,12.0,7.0,1,308,0,366
493,26,0.0,2899.0,8.0,6.0,0,295,16,363
493,27,200.0,2873.0,13.0,8.0,1,310,0,363
493,28,195.0,2859.0,11.0,7.0,1,296,0,358
493,29,2.0,2918.0,7.0,8.0,0,287,26,358
493,31,103.0,2862.0,12.0,6.0,1,235,0,283
494,3,1878.0,3056.0,14.0,10.0,0,392,1,489
494,5,4.0,2886.0,4.0,10.0,0,334,2,415
494,7,242.0,2854.0,8.0,7.0,1,333,0,411
494,8,246.0,2863.0,9.0,8.0,1,355,0,408
494,11,2.0,2893.0,7.0,10.0,0,329,13,400
494,13,0.0,2888.0,7.0,9.0,0,325,10,397
494,16,245.0,2862.0,8.0,5.0,1,320,0,389
494,17,200.0,2859.0,14.0,9.0,1,310,0,389
494,18,209.0,2868.0,9.0,8.0,1,333,0,386
494,22,8.0,2892.0,10.0,8.0,1,305,0,371
494,24,26.0,2891.0,12.0,9.0,1,303,0,367
494,25,267.0,2866.0,12.0,8.0,1,309,0,367
494,26,0.0,2899.0,8.0,6.0,0,295,17,364
494,27,200.0,2873.0,13.0,8.0,0,310,1,364
494,28,183.0,2862.0,9.0,8.0,1,297,0,359
494,29,2.0,2918.0,7.0,8.0,0,287,27,359
494,31,101.0,2864.0,12.0,6.0,1,236,0,284
495,3,1872.0,3054.0,10.0,9.0,1,393,0,490
495,5,4.0,2886.0,4.0,10.0,0,334,3,416
495,7,233.0,2855.0,8.0,8.0,1,334,0,412
495,8,243.0,2860.0,9.0,7.0,1,356,0,409
495,11,2.0,2893.0,7.0,10.0,0,329,14,401
495,13,0.0,2888.0,7.0,9.0,0,325,11,398
495,16,243.0,2853.0,9.0,6.0,1,321,0,390
495,17,200.0,2859.0,14.0,9.0,0,310,1,390
495,18,215.0,2870.0,9.0,6.0,1,334,0,387
495,22,3.0,2889.0,10.0,4.0,1,306,0,372
495,24,17.0,2896.0,15.0,7.0,1,304,0,368
495,25,267.0,2867.0,13.0,9.0,1,310,0,368
495,26,0.0,2899.0,8.0,6.0,0,295,18,365
495,27,200.0,2873.0,13.0,8.0,0,310,2,365
495,28,174.0,2860.0,12.0,7.0,1,298,0,360
495,29,2.0,2918.0,7.0,8.0,0,287,28,360
495,31,101.0,2864.0,12.0,6.0,0,236,1,285
496,3,1868.0,3048.0,17.0,9.0,1,394,0,491
496,5,4.0,2886.0,4.0,10.0,0,334,4,417
496,7,223.0,2857.0,9.0,6.0,1,335,0,413
496,8,233.0,2862.0,7.0,9.0,1,357,0,410
496,11,2.0,2893.0,7.0,10.0,0,329,15,402
496,13,0.0,2888.0,7.0,9.0,0,325,12,399
496,16,232.0,2862.0,10.0,6.0,1,322,0,391
496,17,191.0,2861.0,12.0,7.0,1,311,0,391
496,18,215.0,2870.0,9.0,6.0,0,334,1,388
496,22,1.0,2888.0,7.0,6.0,1,307,0,373
496,24,10.0,2882.0,14.0,8.0,1,305,0,369
496,25,267.0,2867.0,13.0,9.0,0,310,1,369
496,26,0.0,2899.0,8.0,6.0,0,295,19,366
496,27,200.0,2873.0,13.0,8.0,0,310,3,366
496,28,178.0,2862.0,12.0,8.0,1,299,0,361
496,29,2.0,2918.0,7.0,8.0,0,287,29,361
496,31,101.0,2864.0,12.0,6.0,0,236,2,286
497,3,1872.0,3047.0,12.0,8.0,1,395,0,492
497,5,4.0,2886.0,4.0,10.0,0,334,5,418
497,7,222.0,2856.0,11.0,6.0,1,336,0,414
497,8,233.0,2862.0,7.0,9.0,0,357,1,411
497,11,2.0,2893.0,7.0,10.0,0,329,16,403
497,13,0.0,2888.0,7.0,9.0,0,325,13,400
497,16,231.0,2857.0,8.0,6.0,1,323,0,392
497,17,182.0,2863.0,13.0,9.0,1,312,0,392
497,18,196.0,2867.0,13.0,6.0,1,335,0,389
497,22,4.0,2892.0,3.0,6.0,1,308,0,374
497,24,10.0,2890.0,10.0,8.0,1,306,0,370
497,25,257.0,2862.0,9.0,8.0,1,311,0,370
497,26,0.0,2899.0,8.0,6.0,0,295,20,367
497,27,181.0,2878.0,12.0,7.0,1,311,0,367
497,28,169.0,2859.0,11.0,8.0,1,300,0,362
497,31,87.0,2857.0,14.0,10.0,1,237,0,287
498,3,1869.0,3049.0,12.0,8.0,1,396,0,493
498,5,4.0,2886.0,4.0,10.0,0,334,6,419
498,7,211.0,2859.0,10.0,6.0,1,337,0,415
498,8,223.0,2858.0,8.0,7.0,1,358,0,412
498,11,2.0,2893.0,7.0,10.0,0,329,17,404
498,13,0.0,2888.0,7.0,9.0,0,325,14,401
498,16,224.0,2854.0,10.0,7.0,1,324,0,393
498,17,180.0,2856.0,11.0,10.0,1,313,0,393
498,18,191.0,2863.0,10.0,7.0,1,336,0,390
498,22,4.0,2892.0,3.0,6.0,0,308,1,375
498,24,10.0,2890.0,10.0,8.0,0,306,1,371
498,25,245.0,2861.0,12.0,6.0,1,312,0,371
498,26,0.0,2899.0,8.0,6.0,0,295,21,368
498,27,178.0,2867.0,8.0,5.0,1,312,0,368
498,28,169.0,2859.0,11.0,8.0,0,300,1,363
498,31,81.0,2854.0,12.0,6.0,1,238,0,288
499,3,1875.0,3043.0,14.0,11.0,1,397,0,494
499,5,4.0,2886.0,4.0,10.0,0,334,7,420
499,7,208.0,2858.0,10.0,7.0,1,338,0,416
499,8,221.0,2859.0,11.0,7.0,1,359,0,413
499,11,2.0,2893.0,7.0,10.0,0,329,18,405
499,13,0.0,2888.0,7.0,9.0,0,325,15,402
499,16,221.0,2856.0,9.0,8.0,1,325,0,394
499,17,174.0,2859.0,13.0,8.0,1,314,0,394
499,18,186.0,2862.0,12.0,6.0,1,337,0,391
499,22,4.0,2892.0,3.0,6.0,0,308,2,376
499,24,2.0,2883.0,11.0,7.0,1,307,0,372
499,25,247.0,2853.0,11.0,8.0,1,313,0,372
499,26,0.0,2899.0,8.0,6.0,0,295,22,369
499,27,172.0,2868.0,11.0,8.0,1,313,0,369
499,28,169.0,2859.0,11.0,8.0,0,300,2,364
499,31,81.0,2854.0,12.0,6.0,0,238,1,289
500,3,1875.0,3043.0,14.0,11.0,0,397,1,495
500,5,4.0,2886.0,4.0,10.0,0,334,8,421
500,7,208.0,2858.0,10.0,7.0,0,338,1,417
500,8,221.0,2859.0,11.0,7.0,0,359,1,414
500,11,2.0,2893.0,7.0,10.0,0,329,19,406
500,13,0.0,2888.0,7.0,9.0,0,325,16,403
500,16,215.0,2851.0,8.0,7.0,1,326,0,395
500,17,173.0,2852.0,11.0,9.0,1,315,0,395
500,18,186.0,2862.0,12.0,6.0,0,337,1,392
500,22,4.0,2892.0,3.0,6.0,0,308,3,377
500,24,8.0,2884.0,9.0,7.0,1,308,0,373
500,25,248.0,2858.0,13.0,7.0,1,314,0,373
500,26,0.0,2899.0,8.0,6.0,0,295,23,370
500,27,172.0,2868.0,11.0,8.0,0,313,1,370
500,28,152.0,2860.0,10.0,8.0,1,301,0,365
500,31,71.0,2855.0,13.0,8.0,1,239,0,290
501,3,1875.0,3043.0,14.0,11.0,0,397,2,496
501,5,4.0,2886.0,4.0,10.0,0,334,9,422
501,7,208.0,2858.0,10.0,7.0,0,338,2,418
501,8,208.0,2854.0,12.0,8.0,1,360,0,415
501,11,2.0,2893.0,7.0,10.0,0,329,20,407
501,13,0.0,2888.0,7.0,9.0,0,325,17,404
501,16,202.0,2850.0,9.0,6.0,1,327,0,396
501,17,160.0,2853.0,11.0,10.0,1,316,0,396
501,18,175.0,2865.0,10.0,6.0,1,338,0,393
501,22,4.0,2892.0,3.0,6.0,0,308,4,378
501,24,8.0,2884.0,9.0,7.0,0,308,1,374
501,25,248.0,2858.0,13.0,7.0,0,314,1,374
501,26,0.0,2899.0,8.0,6.0,0,295,24,371
501,27,162.0,2869.0,14.0,8.0,1,314,0,371
501,28,149.0,2857.0,10.0,7.0,1,302,0,366
501,31,71.0,2855.0,13.0,8.0,0,239,1,291
502,3,1875.0,3043.0,14.0,11.0,0,397,3,497
502,5,4.0,2886.0,4.0,10.0,0,334,10,423
502,7,191.0,2853.0,10.0,7.0,1,339,0,419
502,8,210.0,2852.0,8.0,8.0,1,361,0,416
502,11,2.0,2893.0,7.0,10.0,0,329,21,408
502,13,0.0,2888.0,7.0,9.0,0,325,18,405
502,16,202.0,2850.0,9.0,6.0,0,327,1,397
502,17,149.0,2856.0,10.0,8.0,1,317,0,397
502,18,171.0,2863.0,9.0,5.0,1,339,0,394
502,22,4.0,2892.0,3.0,6.0,0,308,5,379
502,24,8.0,2884.0,9.0,7.0,0,308,2,375
502,25,231.0,2852.0,11.0,8.0,1,315,0,375
502,26,0.0,2899.0,8.0,6.0,0,295,25,372
502,27,161.0,2868.0,12.0,6.0,1,315,0,372
502,28,147.0,2860.0,14.0,8.0,1,303,0,367
502,31,68.0,2855.0,13.0,8.0,1,240,0,292
503,3,1876.0,3040.0,10.0,8.0,1,398,0,498
503,5,4.0,2886.0,4.0,10.0,0,334,11,424
503,7,182.0,2851.0,10.0,6.0,1,340,0,420
503,8,207.0,2856.0,8.0,7.0,1,362,0,417
503,11,2.0,2893.0,7.0,10.0,0,329,22,409
503,13,0.0,2888.0,7.0,9.0,0,325,19,406
503,16,202.0,2850.0,9.0,6.0,0,327,2,398
503,17,152.0,2857.0,10.0,9.0,1,318,0,398
503,18,171.0,2863.0,9.0,5.0,0,339,1,395
503,22,4.0,2892.0,3.0,6.0,0,308,6,380
503,24,8.0,2884.0,9.0,7.0,0,308,3,376
503,25,221.0,2855.0,15.0,7.0,1,316,0,376
503,26,0.0,2899.0,8.0,6.0,0,295,26,373
503,27,153.0,2871.0,10.0,5.0,1,316,0,373
503,28,147.0,2860.0,14.0,8.0,0,303,1,368
503,31,52.0,2851.0,15.0,8.0,1,241,0,293
504,3,1876.0,3041.0,13.0,6.0,1,399,0,499
504,5,4.0,2886.0,4.0,10.0,0,334,12,425
504,7,180.0,2852.0,13.0,7.0,1,341,0,421
504,8,207.0,2856.0,8.0,7.0,0,362,1,418
504,11,2.0,2893.0,7.0,10.0,0,329,23,410
504,13,0.0,2888.0,7.0,9.0,0,325,20,407
504,16,202.0,2850.0,9.0,6.0,0,327,3,399
504,17,152.0,2857.0,10.0,9.0,0,318,1,399
504,18,159.0,2856.0,13.0,7.0,1,340,0,396
504,22,4.0,2892.0,3.0,6.0,0,308,7,381
504,24,8.0,2884.0,9.0,7.0,0,308,4,377
504,25,213.0,2855.0,14.0,9.0,1,317,0,377
504,26,0.0,2899.0,8.0,6.0,0,295,27,374
504,27,153.0,2871.0,10.0,5.0,0,316,1,374
504,28,135.0,2854.0,10.0,9.0,1,304,0,369
504,31,55.0,2852.0,13.0,8.0,1,242,0,294
505,3,1870.0,3032.0,10.0,11.0,1,400,0,500
505,5,4.0,2886.0,4.0,10.0,0,334,13,426
505,7,172.0,2854.0,12.0,9.0,1,342,0,422
505,8,191.0,2853.0,10.0,5.0,1,363,0,419
505,11,2.0,2893.0,7.0,10.0,0,329,24,411
505,13,0.0,2888.0,7.0,9.0,0,325,21,408
505,16,184.0,2858.0,11.0,8.0,1,328,0,400
505,17,138.0,2855.0,11.0,9.0,1,319,0,400
505,18,159.0,2862.0,9.0,7.0,1,341,0,397
505,22,4.0,2892.0,3.0,6.0,0,308,8,382
505,24,8.0,2884.0,9.0,7.0,0,308,5,378
505,25,218.0,2846.0,14.0,9.0,1,318,0,378
505,26,0.0,2899.0,8.0,6.0,0,295,28,375
505,27,146.0,2867.0,12.0,7.0,1,317,0,375
505,28,128.0,2855.0,10.0,9.0,1,305,0,370
505,31,49.0,2854.0,12.0,8.0,1,243,0,295
506,3,1863.0,3034.0,16.0,7.0,1,401,0,501
506,5,4.0,2886.0,4.0,10.0,0,334,14,427
506,7,171.0,2852.0,12.0,7.0,1,343,0,423
506,8,182.0,2855.0,10.0,8.0,1,364,0,420
506,11,2.0,2893.0,7.0,10.0,0,329,25,412
506,13,0.0,2888.0,7.0,9.0,0,325,22,409
506,16,183.0,2859.0,8.0,7.0,1,329,0,401
506,17,140.0,2853.0,11.0,8.0,1,320,0,401
506,18,159.0,2862.0,9.0,7.0,0,341,1,398
506,22,4.0,2892.0,3.0,6.0,0,308,9,383
506,24,8.0,2884.0,9.0,7.0,0,308,6,379
506,25,206.0,2856.0,14.0,8.0,1,319,0,379
506,26,0.0,2899.0,8.0,6.0,0,295,29,376
506,27,146.0,2867.0,12.0,7.0,0,317,1,376
506,28,123.0,2849.0,9.0,9.0,1,306,0,371
506,31,42.0,2853.0,11.0,6.0,1,244,0,296
507,3,1873.0,3039.0,13.0,10.0,1,402,0,502
507,5,4.0,2886.0,4.0,10.0,0,334,15,428
507,7,161.0,2846.0,10.0,7.0,1,344,0,424
507,8,181.0,2852.0,10.0,8.0,1,365,0,421
507,11,2.0,2893.0,7.0,10.0,0,329,26,413
507,13,0.0,2888.0,7.0,9.0,0,325,23,410
507,16,183.0,2859.0,8.0,7.0,0,329,1,402
507,17,131.0,2854.0,13.0,9.0,1,321,0,402
507,18,143.0,2858.0,9.0,5.0,1,342,0,399
507,22,4.0,2892.0,3.0,6.0,0,308,10,384
507,24,8.0,2884.0,9.0,7.0,0,308,7,380
507,25,209.0,2850.0,12.0,7.0,1,320,0,380
507,27,138.0,2861.0,6.0,6.0,1,318,0,377
507,28,111.0,2866.0,12.0,8.0,1,307,0,372
507,31,32.0,2853.0,12.0,9.0,1,245,0,297
508,3,1870.0,3031.0,8.0,8.0,1,403,0,503
508,5,4.0,2886.0,4.0,10.0,0,334,16,429
508,7,157.0,2852.0,11.0,7.0,1,345,0,425
508,8,172.0,2852.0,14.0,9.0,1,366,0,422
508,11,2.0,2893.0,7.0,10.0,0,329,27,414
508,13,0.0,2888.0,7.0,9.0,0,325,24,411
508,16,174.0,2854.0,11.0,8.0,1,330,0,403
508,17,131.0,2850.0,12.0,11.0,1,322,0,403
508,18,140.0,2860.0,11.0,7.0,1,343,0,400
508,22,4.0,2892.0,3.0,6.0,0,308,11,385
508,24,8.0,2884.0,9.0,7.0,0,308,8,381
508,25,199.0,2851.0,13.0,8.0,1,321,0,381
508,27,128.0,2867.0,10.0,6.0,1,319,0,378
508,28,113.0,2853.0,12.0,10.0,1,308,0,373
508,31,31.0,2853.0,10.0,8.0,1,246,0,298
509,3,1870.0,3024.0,9.0,9.0,1,404,0,504
509,5,4.0,2886.0,4.0,10.0,0,334,17,430
509,7,148.0,2847.0,11.0,9.0,1,346,0,426
509,8,164.0,2852.0,11.0,7.0,1,367,0,423
509,11,2.0,2893.0,7.0,10.0,0,329,28,415
509,13,0.0,2888.0,7.0,9.0,0,325,25,412
509,16,171.0,2855.0,11.0,9.0,1,331,0,404
509,17,121.0,2851.0,12.0,10.0,1,323,0,404
509,18,129.0,2856.0,10.0,6.0,1,344,0,401
509,22,4.0,2892.0,3.0,6.0,0,308,12,386
509,24,8.0,2884.0,9.0,7.0,0,308,9,382
509,25,191.0,2851.0,10.0,8.0,1,322,0,382
509,27,131.0,2868.0,11.0,9.0,1,320,0,379
509,28,113.0,2853.0,12.0,10.0,0,308,1,374
509,31,27.0,2850.0,13.0,9.0,1,247,0,299
510,3,1866.0,3022.0,11.0,11.0,1,405,0,505
510,5,4.0,2886.0,4.0,10.0,0,334,18,431
510,7,144.0,2853.0,14.0,6.0,1,347,0,427
510,8,169.0,2849.0,11.0,8.0,1,368,0,424
510,11,2.0,2893.0,7.0,10.0,0,329,29,416
510,13,0.0,2888.0,7.0,9.0,0,325,26,413
510,16,164.0,2860.0,9.0,7.0,1,332,0,405
510,17,115.0,2852.0,12.0,10.0,1,324,0,405
510,18,124.0,2856.0,8.0,7.0,1,345,0,402
510,22,4.0,2892.0,3.0,6.0,0,308,13,387
510,24,8.0,2884.0,9.0,7.0,0,308,10,383
510,25,191.0,2851.0,10.0,8.0,0,322,1,383
510,27,116.0,2860.0,12.0,11.0,1,321,0,380
510,28,101.0,2848.0,11.0,8.0,1,309,0,375
510,31,22.0,2851.0,12.0,9.0,1,248,0,300
511,3,1874.0,3022.0,11.0,11.0,1,406,0,506
511,5,4.0,2886.0,4.0,10.0,0,334,19,432
511,7,137.0,2847.0,11.0,8.0,1,348,0,428
511,8,154.0,2850.0,12.0,7.0,1,369,0,425
511,13,0.0,2888.0,7.0,9.0,0,325,27,414
511,16,164.0,2860.0,9.0,7.0,0,332,1,406
511,17,114.0,2849.0,12.0,10.0,1,325,0,406
511,18,124.0,2856.0,8.0,7.0,0,345,1,403
511,22,4.0,2892.0,3.0,6.0,0,308,14,388
511,24,8.0,2884.0,9.0,7.0,0,308,11,384
511,25,175.0,2851.0,14.0,6.0,1,323,0,384
511,27,120.0,2863.0,7.0,7.0,1,322,0,381
511,28,96.0,2854.0,12.0,9.0,1,310,0,376
511,31,14.0,2842.0,14.0,10.0,1,249,0,301
512,3,1864.0,3030.0,13.0,8.0,1,407,0,507
512,5,4.0,2886.0,4.0,10.0,0,334,20,433
512,7,132.0,2847.0,9.0,7.0,1,349,0,429
512,8,150.0,2845.0,14.0,7.0,1,370,0,426
512,13,0.0,2888.0,7.0,9.0,0,325,28,415
512,16,152.0,2848.0,13.0,7.0,1,333,0,407
512,17,114.0,2849.0,12.0,10.0,0,325,1,407
512,18,118.0,2853.0,10.0,6.0,1,346,0,404
512,22,4.0,2892.0,3.0,6.0,0,308,15,389
512,24,8.0,2884.0,9.0,7.0,0,308,12,385
512,25,179.0,2849.0,11.0,10.0,1,324,0,385
512,27,120.0,2863.0,7.0,7.0,0,322,1,382
512,28,85.0,2857.0,12.0,6.0,1,311,0,377
512,31,3.0,2844.0,13.0,10.0,1,250,0,302
513,3,1868.0,3027.0,14.0,8.0,1,408,0,508
513,5,4.0,2886.0,4.0,10.0,0,334,21,434
513,7,132.0,2847.0,9.0,7.0,0,349,1,430
513,8,150.0,2845.0,14.0,7.0,0,370,1,427
513,13,0.0,2888.0,7.0,9.0,0,325,29,416
513,16,140.0,2853.0,12.0,7.0,1,334,0,408
513,17,114.0,2849.0,12.0,10.0,0,325,2,408
513,18,108.0,2855.0,12.0,9.0,1,347,0,405
513,22,4.0,2892.0,3.0,6.0,0,308,16,390
513,24,8.0,2884.0,9.0,7.0,0,308,13,386
513,25,179.0,2849.0,11.0,10.0,0,324,1,386
513,27,120.0,2863.0,7.0,7.0,0,322,2,383
513,28,81.0,2856.0,9.0,8.0,1,312,0,378
513,31,2.0,2850.0,14.0,10.0,1,251,0,303
514,3,1862.0,3015.0,13.0,9.0,1,409,0,509
514,5,4.0,2886.0,4.0,10.0,0,334,22,435
514,7,125.0,2844.0,11.0,7.0,1,350,0,431
514,8,147.0,2851.0,10.0,9.0,1,371,0,428
514,16,142.0,2854.0,11.0,9.0,1,335,0,409
514,17,92.0,2856.0,12.0,8.0,1,326,0,409
514,18,96.0,2860.0,10.0,9.0,1,348,0,406
514,22,4.0,2892.0,3.0,6.0,0,308,17,391
514,24,8.0,2884.0,9.0,7.0,0,308,14,387
514,25,179.0,2849.0,11.0,10.0,0,324,2,387
514,27,103.0,2859.0,10.0,7.0,1,323,0,384
514,28,80.0,2859.0,12.0,7.0,1,313,0,379
514,31,0.0,2851.0,9.0,9.0,1,252,0,304
515,3,1862.0,3015.0,12.0,9.0,1,410,0,510
515,5,4.0,2886.0,4.0,10.0,0,334,23,436
515,7,125.0,2844.0,11.0,7.0,0,350,1,432
515,8,133.0,2849.0,12.0,7.0,1,372,0,429
515,16,133.0,2853.0,12.0,7.0,1,336,0,410
515,17,85.0,2850.0,10.0,10.0,1,327,0,410
515,18,95.0,2857.0,9.0,8.0,1,349,0,407
515,22,4.0,2892.0,3.0,6.0,0,308,18,392
515,24,8.0,2884.0,9.0,7.0,0,308,15,388
515,25,169.0,2850.0,8.0,10.0,1,325,0,388
515,27,98.0,2853.0,13.0,6.0,1,324,0,385
515,28,72.0,2849.0,10.0,11.0,1,314,0,380
515,31,6.0,2843.0,4.0,10.0,1,253,0,305
516,3,1862.0,3015.0,12.0,9.0,0,410,1,511
516,5,4.0,2886.0,4.0,10.0,0,334,24,437
516,7,109.0,2847.0,12.0,5.0,1,351,0,433
516,8,133.0,2849.0,12.0,7.0,0,372,1,430
516,16,130.0,2856.0,12.0,8.0,1,337,0,411
516,17,75.0,2849.0,14.0,9.0,1,328,0,411
516,18,86.0,2861.0,11.0,7.0,1,350,0,408
516,22,4.0,2892.0,3.0,6.0,0,308,19,393
516,24,8.0,2884.0,9.0,7.0,0,308,16,389
516,25,169.0,2850.0,8.0,10.0,0,325,1,389
516,27,96.0,2852.0,13.0,8.0,1,325,0,386
516,28,65.0,2854.0,9.0,7.0,1,315,0,381
516,31,6.0,2843.0,4.0,10.0,0,253,1,306
517,3,1862.0,3015.0,12.0,9.0,0,410,2,512
517,5,4.0,2886.0,4.0,10.0,0,334,25,438
517,7,109.0,2847.0,12.0,5.0,0,351,1,434
517,8,122.0,2850.0,10.0,6.0,1,373,0,431
517,16,130.0,2856.0,12.0,8.0,0,337,1,412
517,17,76.0,2849.0,10.0,10.0,1,329,0,412
517,18,87.0,2860.0,11.0,7.0,1,351,0,409
517,22,4.0,2892.0,3.0,6.0,0,308,20,394
517,24,8.0,2884.0,9.0,7.0,0,308,17,390
517,25,155.0,2848.0,10.0,7.0,1,326,0,390
517,27,91.0,2851.0,10.0,7.0,1,326,0,387
517,28,54.0,2850.0,10.0,5.0,1,316,0,382
517,31,6.0,2843.0,4.0,10.0,0,253,2,307
518,3,1866.0,3012.0,11.0,7.0,1,411,0,513
518,5,4.0,2886.0,4.0,10.0,0,334,26,439
518,7,98.0,2845.0,11.0,8.0,1,352,0,435
518,8,122.0,2850.0,10.0,6.0,0,373,1,432
518,16,119.0,2852.0,12.0,5.0,1,338,0,413
518,17,71.0,2852.0,10.0,10.0,1,330,0,413
518,18,73.0,2864.0,10.0,10.0,1,352,0,410
518,22,4.0,2892.0,3.0,6.0,0,308,21,395
518,24,8.0,2884.0,9.0,7.0,0,308,18,391
518,25,148.0,2849.0,11.0,13.0,1,327,0,391
518,27,91.0,2851.0,10.0,7.0,0,326,1,388
518,28,48.0,2853.0,11.0,7.0,1,317,0,383
518,31,6.0,2843.0,4.0,10.0,0,253,3,308
519,3,1865.0,3007.0,13.0,7.0,1,412,0,514
519,5,4.0,2886.0,4.0,10.0,0,334,27,440
519,7,95.0,2839.0,11.0,11.0,1,353,0,436
519,8,122.0,2850.0,10.0,6.0,0,373,2,433
519,16,114.0,2851.0,11.0,5.0,1,339,0,414
519,17,71.0,2852.0,10.0,10.0,0,330,1,414
519,18,70.0,2856.0,9.0,6.0,1,353,0,411
519,22,4.0,2892.0,3.0,6.0,0,308,22,396
519,24,8.0,2884.0,9.0,7.0,0,308,19,392
519,25,148.0,2849.0,11.0,13.0,0,327,1,392
519,27,75.0,2849.0,11.0,7.0,1,327,0,389
519,28,48.0,2853.0,11.0,7.0,0,317,1,384
519,31,6.0,2843.0,4.0,10.0,0,253,4,309
520,3,1853.0,3016.0,14.0,11.0,1,413,0,515
520,5,4.0,2886.0,4.0,10.0,0,334,28,441
520,7,95.0,2839.0,11.0,11.0,0,353,1,437
520,8,104.0,2846.0,10.0,10.0,1,374,0,434
520,16,104.0,2857.0,11.0,9.0,1,340,0,415
520,17,60.0,2851.0,10.0,9.0,1,331,0,415
520,18,70.0,2856.0,9.0,6.0,0,353,1,412
520,22,4.0,2892.0,3.0,6.0,0,308,23,397
520,24,8.0,2884.0,9.0,7.0,0,308,20,393
520,25,133.0,2849.0,13.0,9.0,1,328,0,393
520,27,72.0,2849.0,11.0,5.0,1,328,0,390
520,28,39.0,2854.0,10.0,8.0,1,318,0,385
520,31,6.0,2843.0,4.0,10.0,0,253,5,310
521,3,1855.0,3009.0,15.0,7.0,1,414,0,516
521,5,4.0,2886.0,4.0,10.0,0,334,29,442
521,7,78.0,2840.0,11.0,10.0,1,354,0,438
521,8,104.0,2846.0,10.0,10.0,0,374,1,435
521,16,104.0,2857.0,11.0,9.0,0,340,1,416
521,17,54.0,2841.0,10.0,11.0,1,332,0,416
521,18,56.0,2852.0,12.0,7.0,1,354,0,413
521,22,4.0,2892.0,3.0,6.0,0,308,24,398
521,24,8.0,2884.0,9.0,7.0,0,308,21,394
521,25,133.0,2849.0,13.0,9.0,0,328,1,394
521,27,65.0,2856.0,12.0,6.0,1,329,0,391
521,28,37.0,2846.0,11.0,8.0,1,319,0,386
521,31,6.0,2843.0,4.0,10.0,0,253,6,311
522,3,1851.0,3008.0,11.0,10.0,1,415,0,517
522,7,69.0,2839.0,12.0,9.0,1,355,0,439
522,8,96.0,2845.0,9.0,8.0,1,375,0,436
522,16,92.0,2849.0,9.0,7.0,1,341,0,417
522,17,54.0,2841.0,10.0,11.0,0,332,1,417
522,18,44.0,2853.0,11.0,10.0,1,355,0,414
522,22,4.0,2892.0,3.0,6.0,0,308,25,399
522,24,8.0,2884.0,9.0,7.0,0,308,22,395
522,25,118.0,2844.0,14.0,9.0,1,329,0,395
522,27,59.0,2852.0,10.0,6.0,1,330,0,392
522,28,27.0,2854.0,11.0,8.0,1,320,0,387
522,31,6.0,2843.0,4.0,10.0,0,253,7,312
523,3,1852.0,3007.0,9.0,8.0,1,416,0,518
523,7,66.0,2840.0,11.0,8.0,1,356,0,440
523,8,88.0,2848.0,11.0,7.0,1,376,0,437
523,16,85.0,2851.0,11.0,5.0,1,342,0,418
523,17,54.0,2841.0,10.0,11.0,0,332,2,418
523,18,43.0,2856.0,9.0,10.0,1,356,0,415
523,22,4.0,2892.0,3.0,6.0,0,308,26,400
523,24,8.0,2884.0,9.0,7.0,0,308,23,396
523,25,118.0,2844.0,14.0,9.0,0,329,1,396
523,27,49.0,2853.0,10.0,5.0,1,331,0,393
523,28,29.0,2853.0,10.0,7.0,1,321,0,388
523,31,6.0,2843.0,4.0,10.0,0,253,8,313
524,3,1852.0,3007.0,9.0,8.0,0,416,1,519
524,7,53.0,2839.0,9.0,8.0,1,357,0,441
524,8,80.0,2852.0,12.0,9.0,1,377,0,438
524,16,79.0,2852.0,12.0,8.0,1,343,0,419
524,17,54.0,2841.0,10.0,11.0,0,332,3,419
524,18,43.0,2856.0,9.0,10.0,0,356,1,416
524,22,4.0,2892.0,3.0,6.0,0,308,27,401
524,24,8.0,2884.0,9.0,7.0,0,308,24,397
524,25,118.0,2844.0,14.0,9.0,0,329,2,397
524,27,42.0,2853.0,11.0,6.0,1,332,0,394
524,28,11.0,2849.0,11.0,10.0,1,322,0,389
524,31,6.0,2843.0,4.0,10.0,0,253,9,314
525,3,1846.0,3002.0,12.0,11.0,1,417,0,520
525,7,54.0,2842.0,10.0,9.0,1,358,0,442
525,8,79.0,2848.0,10.0,7.0,1,378,0,439
525,16,72.0,2851.0,14.0,7.0,1,344,0,420
525,17,54.0,2841.0,10.0,11.0,0,332,4,420
525,18,32.0,2860.0,12.0,8.0,1,357,0,417
525,22,4.0,2892.0,3.0,6.0,0,308,28,402
525,24,8.0,2884.0,9.0,7.0,0,308,25,398
525,25,102.0,2847.0,13.0,8.0,1,330,0,398
525,27,31.0,2848.0,11.0,12.0,1,333,0,395
525,28,2.0,2857.0,14.0,8.0,1,323,0,390
525,31,6.0,2843.0,4.0,10.0,0,253,10,315
526,3,1853.0,3006.0,9.0,10.0,1,418,0,521
526,7,54.0,2842.0,10.0,9.0,0,358,1,443
526,8,74.0,2847.0,11.0,6.0,1,379,0,440
526,16,67.0,2847.0,11.0,6.0,1,345,0,421
526,17,54.0,2841.0,10.0,11.0,0,332,5,421
526,18,28.0,2861.0,11.0,8.0,1,358,0,418
526,22,4.0,2892.0,3.0,6.0,0,308,29,403
526,24,8.0,2884.0,9.0,7.0,0,308,26,399
526,25,99.0,2841.0,12.0,11.0,1,331,0,399
526,27,31.0,2848.0,11.0,12.0,0,333,1,396
526,28,3.0,2854.0,11.0,9.0,1,324,0,391
526,31,6.0,2843.0,4.0,10.0,0,253,11,316
527,3,1853.0,3006.0,9.0,10.0,0,418,1,522
527,7,36.0,2841.0,11.0,10.0,1,359,0,444
527,8,74.0,2847.0,11.0,6.0,0,379,1,441
527,16,60.0,2852.0,11.0,7.0,1,346,0,422
527,17,54.0,2841.0,10.0,11.0,0,332,6,422
527,18,20.0,2856.0,13.0,8.0,1,359,0,419
527,24,8.0,2884.0,9.0,7.0,0,308,27,400
527,25,99.0,2841.0,12.0,11.0,0,331,1,400
527,27,10.0,2851.0,13.0,11.0,1,334,0,397
527,28,0.0,2851.0,7.0,6.0,1,325,0,392
527,31,6.0,2843.0,4.0,10.0,0,253,12,317
528,3,1841.0,3005.0,13.0,7.0,1,419,0,523
528,7,30.0,2835.0,9.0,8.0,1,360,0,445
528,8,57.0,2845.0,13.0,11.0,1,380,0,442
528,16,56.0,2852.0,12.0,8.0,1,347,0,423
528,17,54.0,2841.0,10.0,11.0,0,332,7,423
528,18,28.0,2851.0,12.0,5.0,1,360,0,420
528,24,8.0,2884.0,9.0,7.0,0,308,28,401
528,25,99.0,2841.0,12.0,11.0,0,331,2,401
528,27,10.0,2851.0,13.0,11.0,0,334,1,398
528,28,0.0,2851.0,7.0,6.0,0,325,1,393
528,31,6.0,2843.0,4.0,10.0,0,253,13,318
529,3,1840.0,3002.0,10.0,9.0,1,420,0,524
529,7,17.0,2845.0,11.0,8.0,1,361,0,446
529,8,51.0,2845.0,10.0,8.0,1,381,0,443
529,16,50.0,2845.0,10.0,6.0,1,348,0,424
529,17,54.0,2841.0,10.0,11.0,0,332,8,424
529,18,8.0,2856.0,12.0,5.0,1,361,0,421
529,24,8.0,2884.0,9.0,7.0,0,308,29,402
529,25,80.0,2850.0,11.0,9.0,1,332,0,402
529,27,0.0,2851.0,11.0,10.0,1,335,0,399
529,28,0.0,2851.0,7.0,6.0,0,325,2,394
529,31,6.0,2843.0,4.0,10.0,0,253,14,319
530,3,1839.0,2996.0,13.0,12.0,1,421,0,525
530,7,21.0,2837.0,8.0,8.0,1,362,0,447
530,8,44.0,2845.0,13.0,8.0,1,382,0,444
530,16,42.0,2852.0,12.0,8.0,1,349,0,425
530,17,54.0,2841.0,10.0,11.0,0,332,9,425
530,18,3.0,2859.0,11.0,6.0,1,362,0,422
530,25,73.0,2837.0,13.0,10.0,1,333,0,403
530,27,0.0,2853.0,4.0,10.0,1,336,0,400
530,28,0.0,2851.0,7.0,6.0,0,325,3,395
530,31,6.0,2843.0,4.0,10.0,0,253,15,320
531,3,1833.0,2992.0,14.0,8.0,1,422,0,526
531,7,21.0,2837.0,8.0,8.0,0,362,1,448
531,8,38.0,2853.0,12.0,6.0,1,383,0,445
531,16,34.0,2854.0,10.0,10.0,1,350,0,426
531,17,54.0,2841.0,10.0,11.0,0,332,10,426
531,18,0.0,2858.0,8.0,8.0,1,363,0,423
531,25,77.0,2846.0,12.0,9.0,1,334,0,404
531,27,1.0,2858.0,10.0,6.0,1,337,0,401
531,28,0.0,2851.0,7.0,6.0,0,325,4,396
531,31,6.0,2843.0,4.0,10.0,0,253,16,321
532,3,1833.0,2992.0,14.0,8.0,0,422,1,527
532,7,0.0,2842.0,8.0,7.0,1,363,0,449
532,8,28.0,2847.0,13.0,9.0,1,384,0,446
532,16,34.0,2854.0,10.0,10.0,0,350,1,427
532,17,54.0,2841.0,10.0,11.0,0,332,11,427
532,18,2.0,2854.0,6.0,4.0,1,364,0,424
532,25,59.0,2849.0,14.0,7.0,1,335,0,405
532,27,1.0,2858.0,10.0,6.0,0,337,1,402
532,28,0.0,2851.0,7.0,6.0,0,325,5,397
532,31,6.0,2843.0,4.0,10.0,0,253,17,322
533,3,1825.0,3000.0,11.0,7.0,1,423,0,528
533,7,0.0,2834.0,9.0,9.0,1,364,0,450
533,8,25.0,2846.0,11.0,7.0,1,385,0,447
533,16,30.0,2850.0,10.0,8.0,1,351,0,428
533,17,54.0,2841.0,10.0,11.0,0,332,12,428
533,18,2.0,2854.0,6.0,4.0,0,364,1,425
533,25,59.0,2844.0,12.0,7.0,1,336,0,406
533,27,1.0,2858.0,10.0,6.0,0,337,2,403
533,28,0.0,2851.0,7.0,6.0,0,325,6,398
533,31,6.0,2843.0,4.0,10.0,0,253,18,323
534,3,1825.0,3000.0,11.0,7.0,0,423,1,529
534,7,0.0,2834.0,9.0,9.0,0,364,1,451
534,8,15.0,2848.0,11.0,8.0,1,386,0,448
534,16,14.0,2849.0,11.0,8.0,1,352,0,429
534,17,54.0,2841.0,10.0,11.0,0,332,13,429
534,18,2.0,2854.0,6.0,4.0,0,364,2,426
534,25,59.0,2844.0,12.0,7.0,0,336,1,407
534,27,1.0,2858.0,10.0,6.0,0,337,3,404
534,28,0.0,2851.0,7.0,6.0,0,325,7,399
534,31,6.0,2843.0,4.0,10.0,0,253,19,324
535,3,1825.0,3000.0,11.0,7.0,0,423,2,530
535,7,0.0,2834.0,9.0,9.0,0,364,2,452
535,8,18.0,2851.0,14.0,7.0,1,387,0,449
535,16,7.0,2851.0,13.0,7.0,1,353,0,430
535,17,54.0,2841.0,10.0,11.0,0,332,14,430
535,18,2.0,2854.0,6.0,4.0,0,364,3,427
535,25,44.0,2842.0,12.0,8.0,1,337,0,408
535,27,1.0,2858.0,10.0,6.0,0,337,4,405
535,28,0.0,2851.0,7.0,6.0,0,325,8,400
535,31,6.0,2843.0,4.0,10.0,0,253,20,325
536,3,1830.0,2992.0,11.0,5.0,1,424,0,531
536,7,0.0,2834.0,9.0,9.0,0,364,3,453
536,8,18.0,2851.0,14.0,7.0,0,387,1,450
536,16,7.0,2851.0,13.0,7.0,0,353,1,431
536,17,54.0,2841.0,10.0,11.0,0,332,15,431
536,18,2.0,2854.0,6.0,4.0,0,364,4,428
536,25,30.0,2850.0,15.0,5.0,1,338,0,409
536,27,1.0,2858.0,10.0,6.0,0,337,5,406
536,28,0.0,2851.0,7.0,6.0,0,325,9,401
536,31,6.0,2843.0,4.0,10.0,0,253,21,326
537,3,1827.0,3001.0,12.0,5.0,1,425,0,532
537,7,0.0,2834.0,9.0,9.0,0,364,4,454
537,8,3.0,2849.0,9.0,10.0,1,388,0,451
537,16,3.0,2854.0,8.0,7.0,1,354,0,432
537,17,54.0,2841.0,10.0,11.0,0,332,16,432
537,18,2.0,2854.0,6.0,4.0,0,364,5,429
537,25,33.0,2849.0,10.0,6.0,1,339,0,410
537,27,1.0,2858.0,10.0,6.0,0,337,6,407
537,28,0.0,2851.0,7.0,6.0,0,325,10,402
537,31,6.0,2843.0,4.0,10.0,0,253,22,327
538,3,1824.0,2999.0,10.0,5.0,1,426,0,533
538,7,0.0,2834.0,9.0,9.0,0,364,5,455
538,8,3.0,2849.0,9.0,10.0,0,388,1,452
538,16,3.0,2854.0,8.0,7.0,0,354,1,433
538,17,54.0,2841.0,10.0,11.0,0,332,17,433
538,18,2.0,2854.0,6.0,4.0,0,364,6,430
538,25,30.0,2853.0,11.0,9.0,1,340,0,411
538,27,1.0,2858.0,10.0,6.0,0,337,7,408
538,28,0.0,2851.0,7.0,6.0,0,325,11,403
538,31,6.0,2843.0,4.0,10.0,0,253,23,328
539,3,1823.0,2996.0,14.0,6.0,1,427,0,534
539,7,0.0,2834.0,9.0,9.0,0,364,6,456
539,8,3.0,2849.0,9.0,10.0,0,388,2,453
539,16,3.0,2854.0,8.0,7.0,0,354,2,434
539,17,54.0,2841.0,10.0,11.0,0,332,18,434
539,18,2.0,2854.0,6.0,4.0,0,364,7,431
539,25,30.0,2853.0,11.0,9.0,0,340,1,412
539,27,1.0,2858.0,10.0,6.0,0,337,8,409
539,28,0.0,2851.0,7.0,6.0,0,325,12,404
539,31,6.0,2843.0,4.0,10.0,0,253,24,329
540,3,1813.0,2997.0,12.0,5.0,1,428,0,535
540,7,0.0,2834.0,9.0,9.0,0,364,7,457
540,8,3.0,2849.0,9.0,10.0,0,388,3,454
540,16,3.0,2854.0,8.0,7.0,0,354,3,435
540,17,54.0,2841.0,10.0,11.0,0,332,19,435
540,18,2.0,2854.0,6.0,4.0,0,364,8,432
540,25,30.0,2853.0,11.0,9.0,0,340,2,413
540,27,1.0,2858.0,10.0,6.0,0,337,9,410
540,28,0.0,2851.0,7.0,6.0,0,325,13,405
540,31,6.0,2843.0,4.0,10.0,0,253,25,330
541,3,1812.0,2999.0,13.0,5.0,1,429,0,536
541,7,0.0,2834.0,9.0,9.0,0,364,8,458
541,8,3.0,2849.0,9.0,10.0,0,388,4,455
541,16,3.0,2854.0,8.0,7.0,0,354,4,436
541,17,54.0,2841.0,10.0,11.0,0,332,20,436
541,18,2.0,2854.0,6.0,4.0,0,364,9,433
541,25,6.0,2852.0,12.0,9.0,1,341,0,414
541,27,1.0,2858.0,10.0,6.0,0,337,10,411
541,28,0.0,2851.0,7.0,6.0,0,325,14,406
541,31,6.0,2843.0,4.0,10.0,0,253,26,331
542,3,1817.0,2993.0,11.0,5.0,1,430,0,537
542,7,0.0,2834.0,9.0,9.0,0,364,9,459
542,8,3.0,2849.0,9.0,10.0,0,388,5,456
542,16,3.0,2854.0,8.0,7.0,0,354,5,437
542,17,54.0,2841.0,10.0,11.0,0,332,21,437
542,18,2.0,2854.0,6.0,4.0,0,364,10,434
542,25,1.0,2848.0,9.0,15.0,1,342,0,415
542,27,1.0,2858.0,10.0,6.0,0,337,11,412
542,28,0.0,2851.0,7.0,6.0,0,325,15,407
542,31,6.0,2843.0,4.0,10.0,0,253,27,332
543,3,1808.0,3000.0,11.0,5.0,1,431,0,538
543,7,0.0,2834.0,9.0,9.0,0,364,10,460
543,8,3.0,2849.0,9.0,10.0,0,388,6,457
543,16,3.0,2854.0,8.0,7.0,0,354,6,438
543,17,54.0,2841.0,10.0,11.0,0,332,22,438
543,18,2.0,2854.0,6.0,4.0,0,364,11,435
543,25,1.0,2848.0,9.0,15.0,0,342,1,416
543,27,1.0,2858.0,10.0,6.0,0,337,12,413
543,28,0.0,2851.0,7.0,6.0,0,325,16,408
543,31,6.0,2843.0,4.0,10.0,0,253,28,333
544,3,1809.0,3003.0,12.0,4.0,1,432,0,539
544,7,0.0,2834.0,9.0,9.0,0,364,11,461
544,8,3.0,2849.0,9.0,10.0,0,388,7,458
544,16,3.0,2854.0,8.0,7.0,0,354,7,439
544,17,54.0,2841.0,10.0,11.0,0,332,23,439
544,18,2.0,2854.0,6.0,4.0,0,364,12,436
544,25,1.0,2848.0,9.0,15.0,0,342,2,417
544,27,1.0,2858.0,10.0,6.0,0,337,13,414
544,28,0.0,2851.0,7.0,6.0,0,325,17,409
544,31,6.0,2843.0,4.0,10.0,0,253,29,334
545,3,1809.0,2997.0,11.0,4.0,1,433,0,540
545,7,0.0,2834.0,9.0,9.0,0,364,12,462
545,8,3.0,2849.0,9.0,10.0,0,388,8,459
545,16,3.0,2854.0,8.0,7.0,0,354,8,440
545,17,54.0,2841.0,10.0,11.0,0,332,24,440
545,18,2.0,2854.0,6.0,4.0,0,364,13,437
545,25,1.0,2848.0,9.0,15.0,0,342,3,418
545,27,1.0,2858.0,10.0,6.0,0,337,14,415
545,28,0.0,2851.0,7.0,6.0,0,325,18,410
546,3,1809.0,2997.0,11.0,4.0,0,433,1,541
546,7,0.0,2834.0,9.0,9.0,0,364,13,463
546,8,3.0,2849.0,9.0,10.0,0,388,9,460
546,16,3.0,2854.0,8.0,7.0,0,354,9,441
546,17,54.0,2841.0,10.0,11.0,0,332,25,441
546,18,2.0,2854.0,6.0,4.0,0,364,14,438
546,25,1.0,2848.0,9.0,15.0,0,342,4,419
546,27,1.0,2858.0,10.0,6.0,0,337,15,416
546,28,0.0,2851.0,7.0,6.0,0,325,19,411
547,3,1803.0,2999.0,11.0,5.0,1,434,0,542
547,7,0.0,2834.0,9.0,9.0,0,364,14,464
547,8,3.0,2849.0,9.0,10.0,0,388,10,461
547,16,3.0,2854.0,8.0,7.0,0,354,10,442
547,17,54.0,2841.0,10.0,11.0,0,332,26,442
547,18,2.0,2854.0,6.0,4.0,0,364,15,439
547,25,1.0,2848.0,9.0,15.0,0,342,5,420
547,27,1.0,2858.0,10.0,6.0,0,337,16,417
547,28,0.0,2851.0,7.0,6.0,0,325,20,412
548,3,1796.0,2998.0,10.0,5.0,1,435,0,543
548,7,0.0,2834.0,9.0,9.0,0,364,15,465
548,8,3.0,2849.0,9.0,10.0,0,388,11,462
548,16,3.0,2854.0,8.0,7.0,0,354,11,443
548,17,54.0,2841.0,10.0,11.0,0,332,27,443
548,18,2.0,2854.0,6.0,4.0,0,364,16,440
548,25,1.0,2848.0,9.0,15.0,0,342,6,421
548,27,1.0,2858.0,10.0,6.0,0,337,17,418
548,28,0.0,2851.0,7.0,6.0,0,325,21,413
549,3,1806.0,2996.0,10.0,5.0,1,436,0,544
549,7,0.0,2834.0,9.0,9.0,0,364,16,466
549,8,3.0,2849.0,9.0,10.0,0,388,12,463
549,16,3.0,2854.0,8.0,7.0,0,354,12,444
549,17,54.0,2841.0,10.0,11.0,0,332,28,444
549,18,2.0,2854.0,6.0,4.0,0,364,17,441
549,25,1.0,2848.0,9.0,15.0,0,342,7,422
549,27,1.0,2858.0,10.0,6.0,0,337,18,419
549,28,0.0,2851.0,7.0,6.0,0,325,22,414
550,3,1806.0,2996.0,10.0,5.0,0,436,1,545
550,7,0.0,2834.0,9.0,9.0,0,364,17,467
550,8,3.0,2849.0,9.0,10.0,0,388,13,464
550,16,3.0,2854.0,8.0,7.0,0,354,13,445
550,17,54.0,2841.0,10.0,11.0,0,332,29,445
550,18,2.0,2854.0,6.0,4.0,0,364,18,442
550,25,1.0,2848.0,9.0,15.0,0,342,8,423
550,27,1.0,2858.0,10.0,6.0,0,337,19,420
550,28,0.0,2851.0,7.0,6.0,0,325,23,415
551,3,1798.0,2997.0,10.0,5.0,1,437,0,546
551,7,0.0,2834.0,9.0,9.0,0,364,18,468
551,8,3.0,2849.0,9.0,10.0,0,388,14,465
551,16,3.0,2854.0,8.0,7.0,0,354,14,446
551,18,2.0,2854.0,6.0,4.0,0,364,19,443
551,25,1.0,2848.0,9.0,15.0,0,342,9,424
551,27,1.0,2858.0,10.0,6.0,0,337,20,421
551,28,0.0,2851.0,7.0,6.0,0,325,24,416
552,3,1801.0,3003.0,11.0,5.0,1,438,0,547
552,7,0.0,2834.0,9.0,9.0,0,364,19,469
552,8,3.0,2849.0,9.0,10.0,0,388,15,466
552,16,3.0,2854.0,8.0,7.0,0,354,15,447
552,18,2.0,2854.0,6.0,4.0,0,364,20,444
552,25,1.0,2848.0,9.0,15.0,0,342,10,425
552,27,1.0,2858.0,10.0,6.0,0,337,21,422
552,28,0.0,2851.0,7.0,6.0,0,325,25,417
553,3,1798.0,2997.0,11.0,5.0,1,439,0,548
553,7,0.0,2834.0,9.0,9.0,0,364,20,470
553,8,3.0,2849.0,9.0,10.0,0,388,16,467
553,16,3.0,2854.0,8.0,7.0,0,354,16,448
553,18,2.0,2854.0,6.0,4.0,0,364,21,445
553,25,1.0,2848.0,9.0,15.0,0,342,11,426
553,27,1.0,2858.0,10.0,6.0,0,337,22,423
553,28,0.0,2851.0,7.0,6.0,0,325,26,418
554,3,1792.0,3003.0,10.0,5.0,1,440,0,549
554,7,0.0,2834.0,9.0,9.0,0,364,21,471
554,8,3.0,2849.0,9.0,10.0,0,388,17,468
554,16,3.0,2854.0,8.0,7.0,0,354,17,449
554,18,2.0,2854.0,6.0,4.0,0,364,22,446
554,25,1.0,2848.0,9.0,15.0,0,342,12,427
554,27,1.0,2858.0,10.0,6.0,0,337,23,424
554,28,0.0,2851.0,7.0,6.0,0,325,27,419
555,3,1796.0,3004.0,10.0,5.0,1,441,0,550
555,7,0.0,2834.0,9.0,9.0,0,364,22,472
555,8,3.0,2849.0,9.0,10.0,0,388,18,469
555,16,3.0,2854.0,8.0,7.0,0,354,18,450
555,18,2.0,2854.0,6.0,4.0,0,364,23,447
555,25,1.0,2848.0,9.0,15.0,0,342,13,428
555,27,1.0,2858.0,10.0,6.0,0,337,24,425
555,28,0.0,2851.0,7.0,6.0,0,325,28,420
556,3,1790.0,3005.0,11.0,5.0,1,442,0,551
556,7,0.0,2834.0,9.0,9.0,0,364,23,473
556,8,3.0,2849.0,9.0,10.0,0,388,19,470
556,16,3.0,2854.0,8.0,7.0,0,354,19,451
556,18,2.0,2854.0,6.0,4.0,0,364,24,448
556,25,1.0,2848.0,9.0,15.0,0,342,14,429
556,27,1.0,2858.0,10.0,6.0,0,337,25,426
556,28,0.0,2851.0,7.0,6.0,0,325,29,421
557,3,1790.0,3004.0,11.0,5.0,1,443,0,552
557,7,0.0,2834.0,9.0,9.0,0,364,24,474
557,8,3.0,2849.0,9.0,10.0,0,388,20,471
557,16,3.0,2854.0,8.0,7.0,0,354,20,452
557,18,2.0,2854.0,6.0,4.0,0,364,25,449
557,25,1.0,2848.0,9.0,15.0,0,342,15,430
557,27,1.0,2858.0,10.0,6.0,0,337,26,427
558,3,1794.0,3009.0,9.0,5.0,1,444,0,553
558,7,0.0,2834.0,9.0,9.0,0,364,25,475
558,8,3.0,2849.0,9.0,10.0,0,388,21,472
558,16,3.0,2854.0,8.0,7.0,0,354,21,453
558,18,2.0,2854.0,6.0,4.0,0,364,26,450
558,25,1.0,2848.0,9.0,15.0,0,342,16,431
558,27,1.0,2858.0,10.0,6.0,0,337,27,428
559,3,1782.0,3014.0,12.0,5.0,1,445,0,554
559,7,0.0,2834.0,9.0,9.0,0,364,26,476
559,8,3.0,2849.0,9.0,10.0,0,388,22,473
559,16,3.0,2854.0,8.0,7.0,0,354,22,454
559,18,2.0,2854.0,6.0,4.0,0,364,27,451
559,25,1.0,2848.0,9.0,15.0,0,342,17,432
559,27,1.0,2858.0,10.0,6.0,0,337,28,429
560,3,1787.0,3010.0,12.0,5.0,1,446,0,555
560,7,0.0,2834.0,9.0,9.0,0,364,27,477
560,8,3.0,2849.0,9.0,10.0,0,388,23,474
560,16,3.0,2854.0,8.0,7.0,0,354,23,455
560,18,2.0,2854.0,6.0,4.0,0,364,28,452
560,25,1.0,2848.0,9.0,15.0,0,342,18,433
560,27,1.0,2858.0,10.0,6.0,0,337,29,430
561,3,1787.0,3010.0,12.0,5.0,0,446,1,556
561,7,0.0,2834.0,9.0,9.0,0,364,28,478
561,8,3.0,2849.0,9.0,10.0,0,388,24,475
561,16,3.0,2854.0,8.0,7.0,0,354,24,456
561,18,2.0,2854.0,6.0,4.0,0,364,29,453
561,25,1.0,2848.0,9.0,15.0,0,342,19,434
562,3,1779.0,3010.0,13.0,5.0,1,447,0,557
562,7,0.0,2834.0,9.0,9.0,0,364,29,479
562,8,3.0,2849.0,9.0,10.0,0,388,25,476
562,16,3.0,2854.0,8.0,7.0,0,354,25,457
562,25,1.0,2848.0,9.0,15.0,0,342,20,435
563,3,1779.0,3010.0,13.0,5.0,0,447,1,558
563,8,3.0,2849.0,9.0,10.0,0,388,26,477
563,16,3.0,2854.0,8.0,7.0,0,354,26,458
563,25,1.0,2848.0,9.0,15.0,0,342,21,436
564,3,1782.0,3014.0,13.0,5.0,1,448,0,559
564,8,3.0,2849.0,9.0,10.0,0,388,27,478
564,16,3.0,2854.0,8.0,7.0,0,354,27,459
564,25,1.0,2848.0,9.0,15.0,0,342,22,437
565,3,1785.0,3023.0,10.0,4.0,1,449,0,560
565,8,3.0,2849.0,9.0,10.0,0,388,28,479
565,16,3.0,2854.0,8.0,7.0,0,354,28,460
565,25,1.0,2848.0,9.0,15.0,0,342,23,438
566,3,1778.0,3014.0,12.0,5.0,1,450,0,561
566,8,3.0,2849.0,9.0,10.0,0,388,29,480
566,16,3.0,2854.0,8.0,7.0,0,354,29,461
566,25,1.0,2848.0,9.0,15.0,0,342,24,439
567,3,1778.0,3020.0,11.0,4.0,1,451,0,562
567,25,1.0,2848.0,9.0,15.0,0,342,25,440
568,3,1776.0,3022.0,10.0,4.0,1,452,0,563
568,25,1.0,2848.0,9.0,15.0,0,342,26,441
569,3,1776.0,3022.0,10.0,4.0,0,452,1,564
569,25,1.0,2848.0,9.0,15.0,0,342,27,442
570,3,1778.0,3026.0,10.0,4.0,1,453,0,565
570,25,1.0,2848.0,9.0,15.0,0,342,28,443
571,3,1778.0,3027.0,12.0,5.0,1,454,0,566
571,25,1.0,2848.0,9.0,15.0,0,342,29,444
572,3,1778.0,3027.0,12.0,5.0,0,454,1,567
573,3,1772.0,3038.0,10.0,7.0,1,455,0,568
574,3,1776.0,3032.0,10.0,6.0,1,456,0,569
575,3,1777.0,3035.0,8.0,6.0,1,457,0,570
576,3,1775.0,3036.0,8.0,6.0,1,458,0,571
577,3,1772.0,3041.0,9.0,6.0,1,459,0,572
578,3,1773.0,3046.0,9.0,6.0,1,460,0,573
579,3,1772.0,3044.0,11.0,6.0,1,461,0,574
580,3,1772.0,3044.0,11.0,6.0,0,461,1,575
581,3,1768.0,3051.0,10.0,5.0,1,462,0,576
582,3,1769.0,3056.0,8.0,4.0,1,463,0,577
583,3,1770.0,3051.0,8.0,5.0,1,464,0,578
584,3,1770.0,3051.0,8.0,5.0,0,464,1,579
585,3,1763.0,3058.0,7.0,5.0,1,465,0,580
586,3,1769.0,3063.0,8.0,5.0,1,466,0,581
587,3,1767.0,3063.0,8.0,4.0,1,467,0,582
588,3,1767.0,3063.0,8.0,4.0,0,467,1,583
589,3,1767.0,3066.0,8.0,4.0,1,468,0,584
590,3,1758.0,3067.0,9.0,5.0,1,469,0,585
591,3,1760.0,3066.0,9.0,5.0,1,470,0,586
592,3,1760.0,3075.0,9.0,5.0,1,471,0,587
593,3,1757.0,3075.0,7.0,4.0,1,472,0,588
594,3,1757.0,3075.0,7.0,4.0,0,472,1,589
595,3,1754.0,3077.0,11.0,4.0,1,473,0,590
596,3,1759.0,3075.0,10.0,5.0,1,474,0,591
597,3,1755.0,3077.0,13.0,5.0,1,475,0,592
598,3,1756.0,3082.0,9.0,6.0,1,476,0,593
599,3,1746.0,3083.0,8.0,5.0,1,477,0,594
600,3,1749.0,3090.0,9.0,4.0,1,478,0,595
601,3,1752.0,3082.0,9.0,4.0,1,479,0,596
602,3,1750.0,3091.0,9.0,4.0,1,480,0,597
603,3,1744.0,3090.0,10.0,5.0,1,481,0,598
604,3,1738.0,3095.0,11.0,4.0,1,482,0,599
605,3,1738.0,3095.0,11.0,4.0,0,482,1,600
606,3,1740.0,3093.0,9.0,4.0,1,483,0,601
607,3,1737.0,3097.0,9.0,5.0,1,484,0,602
608,3,1733.0,3100.0,11.0,5.0,1,485,0,603
609,3,1739.0,3098.0,11.0,6.0,1,486,0,604
610,3,1733.0,3096.0,10.0,5.0,1,487,0,605
611,3,1731.0,3101.0,10.0,5.0,1,488,0,606
612,3,1731.0,3099.0,10.0,5.0,1,489,0,607
613,3,1728.0,3103.0,11.0,6.0,1,490,0,608
614,3,1728.0,3103.0,11.0,6.0,0,490,1,609
615,3,1731.0,3103.0,12.0,8.0,1,491,0,610
616,3,1729.0,3110.0,12.0,7.0,1,492,0,611
617,3,1722.0,3106.0,12.0,11.0,1,493,0,612
618,3,1720.0,3109.0,15.0,9.0,1,494,0,613
619,3,1720.0,3109.0,15.0,9.0,0,494,1,614
620,3,1720.0,3109.0,15.0,9.0,0,494,2,615
621,3,1720.0,3109.0,15.0,9.0,0,494,3,616
622,3,1715.0,3115.0,11.0,9.0,1,495,0,617
623,3,1715.0,3115.0,11.0,9.0,0,495,1,618
624,3,1705.0,3121.0,12.0,9.0,1,496,0,619
625,3,1708.0,3118.0,10.0,8.0,1,497,0,620
626,3,1708.0,3118.0,10.0,8.0,0,497,1,621
627,3,1700.0,3119.0,11.0,7.0,1,498,0,622
628,3,1703.0,3121.0,10.0,9.0,1,499,0,623
629,3,1693.0,3124.0,11.0,8.0,1,500,0,624
630,3,1691.0,3114.0,10.0,13.0,1,501,0,625
631,3,1691.0,3114.0,10.0,13.0,0,501,1,626
632,3,1675.0,3132.0,13.0,11.0,1,502,0,627
633,3,1681.0,3128.0,11.0,8.0,1,503,0,628
634,3,1675.0,3123.0,13.0,10.0,1,504,0,629
635,3,1671.0,3126.0,13.0,10.0,1,505,0,630
636,3,1671.0,3126.0,13.0,10.0,0,505,1,631
637,3,1660.0,3125.0,12.0,8.0,1,506,0,632
638,3,1656.0,3127.0,12.0,9.0,1,507,0,633
639,3,1643.0,3121.0,16.0,13.0,1,508,0,634
640,3,1641.0,3124.0,10.0,11.0,1,509,0,635
641,3,1641.0,3124.0,10.0,11.0,0,509,1,636
642,3,1639.0,3121.0,9.0,6.0,1,510,0,637
643,3,1639.0,3121.0,9.0,6.0,0,510,1,638
644,3,1624.0,3119.0,12.0,9.0,1,511,0,639
645,3,1623.0,3124.0,13.0,12.0,1,512,0,640
646,3,1610.0,3121.0,13.0,10.0,1,513,0,641
647,3,1610.0,3121.0,13.0,10.0,0,513,1,642
648,3,1601.0,3115.0,12.0,10.0,1,514,0,643
649,3,1593.0,3117.0,12.0,9.0,1,515,0,644
650,3,1596.0,3121.0,11.0,9.0,1,516,0,645
651,3,1587.0,3109.0,9.0,6.0,1,517,0,646
652,3,1577.0,3112.0,10.0,9.0,1,518,0,647
653,3,1577.0,3112.0,10.0,9.0,0,518,1,648
654,3,1577.0,3112.0,10.0,9.0,0,518,2,649
655,3,1568.0,3116.0,8.0,9.0,1,519,0,650
656,3,1559.0,3107.0,7.0,6.0,1,520,0,651
657,3,1552.0,3104.0,11.0,10.0,1,521,0,652
658,3,1536.0,3103.0,10.0,12.0,1,522,0,653
659,3,1530.0,3101.0,11.0,10.0,1,523,0,654
660,3,1529.0,3100.0,10.0,10.0,1,524,0,655
661,3,1517.0,3093.0,11.0,10.0,1,525,0,656
662,3,1515.0,3093.0,11.0,11.0,1,526,0,657
663,3,1513.0,3101.0,11.0,10.0,1,527,0,658
664,3,1503.0,3088.0,11.0,9.0,1,528,0,659
665,3,1503.0,3083.0,11.0,11.0,1,529,0,660
666,3,1493.0,3089.0,13.0,12.0,1,530,0,661
667,3,1482.0,3086.0,12.0,10.0,1,531,0,662
668,3,1478.0,3083.0,9.0,10.0,1,532,0,663
669,3,1468.0,3077.0,7.0,9.0,1,533,0,664
670,3,1468.0,3072.0,9.0,11.0,1,534,0,665
671,3,1457.0,3071.0,11.0,12.0,1,535,0,666
672,3,1452.0,3069.0,9.0,10.0,1,536,0,667
673,3,1446.0,3069.0,9.0,9.0,1,537,0,668
674,3,1444.0,3057.0,8.0,8.0,1,538,0,669
675,3,1435.0,3057.0,8.0,10.0,1,539,0,670
676,3,1435.0,3057.0,8.0,10.0,0,539,1,671
677,3,1435.0,3057.0,8.0,10.0,0,539,2,672
678,3,1413.0,3054.0,8.0,6.0,1,540,0,673
679,3,1404.0,3048.0,8.0,9.0,1,541,0,674
680,3,1402.0,3038.0,8.0,13.0,1,542,0,675
681,3,1398.0,3037.0,10.0,12.0,1,543,0,676
682,3,1398.0,3037.0,10.0,12.0,0,543,1,677
683,3,1383.0,3045.0,8.0,6.0,1,544,0,678
684,3,1382.0,3029.0,9.0,8.0,1,545,0,679
685,3,1382.0,3029.0,9.0,8.0,0,545,1,680
686,3,1366.0,3035.0,9.0,7.0,1,546,0,681
687,3,1366.0,3035.0,9.0,7.0,0,546,1,682
688,3,1366.0,3035.0,9.0,7.0,0,546,2,683
689,3,1349.0,3012.0,10.0,10.0,1,547,0,684
690,3,1349.0,3012.0,10.0,10.0,0,547,1,685
691,3,1349.0,3012.0,10.0,10.0,0,547,2,686
692,3,1330.0,3016.0,7.0,5.0,1,548,0,687
693,3,1330.0,3006.0,6.0,6.0,1,549,0,688
694,3,1330.0,3006.0,6.0,6.0,0,549,1,689
695,3,1317.0,2998.0,6.0,8.0,1,550,0,690
696,3,1317.0,2998.0,6.0,8.0,0,550,1,691
697,3,1297.0,2995.0,8.0,7.0,1,551,0,692
698,3,1299.0,2993.0,8.0,5.0,1,552,0,693
699,3,1291.0,2986.0,8.0,8.0,1,553,0,694
700,3,1286.0,2988.0,9.0,8.0,1,554,0,695
701,3,1277.0,2981.0,8.0,7.0,1,555,0,696
702,3,1276.0,2984.0,9.0,11.0,1,556,0,697
703,3,1271.0,2985.0,8.0,5.0,1,557,0,698
704,3,1265.0,2969.0,9.0,9.0,1,558,0,699
705,3,1265.0,2969.0,9.0,9.0,0,558,1,700
706,3,1250.0,2976.0,7.0,6.0,1,559,0,701
707,3,1250.0,2975.0,9.0,11.0,1,560,0,702
708,3,1250.0,2975.0,9.0,11.0,0,560,1,703
709,3,1240.0,2969.0,7.0,7.0,1,561,0,704
710,3,1235.0,2960.0,9.0,9.0,1,562,0,705
711,3,1230.0,2964.0,13.0,7.0,1,563,0,706
712,3,1230.0,2964.0,13.0,7.0,0,563,1,707
713,3,1218.0,2959.0,8.0,7.0,1,564,0,708
714,3,1215.0,2951.0,9.0,7.0,1,565,0,709
715,3,1215.0,2951.0,9.0,7.0,0,565,1,710
716,3,1215.0,2951.0,9.0,7.0,0,565,2,711
717,3,1198.0,2949.0,9.0,8.0,1,566,0,712
718,3,1198.0,2949.0,9.0,8.0,0,566,1,713
719,3,1185.0,2943.0,9.0,8.0,1,567,0,714
720,3,1183.0,2948.0,7.0,6.0,1,568,0,715
721,3,1181.0,2938.0,8.0,5.0,1,569,0,716
722,3,1172.0,2938.0,8.0,6.0,1,570,0,717
723,3,1170.0,2941.0,9.0,5.0,1,571,0,718
724,3,1170.0,2941.0,9.0,5.0,0,571,1,719
725,3,1160.0,2937.0,8.0,4.0,1,572,0,720
726,3,1153.0,2936.0,8.0,5.0,1,573,0,721
727,3,1148.0,2933.0,6.0,5.0,1,574,0,722
728,3,1147.0,2932.0,6.0,5.0,1,575,0,723
729,3,1147.0,2932.0,6.0,5.0,0,575,1,724
730,3,1139.0,2926.0,8.0,5.0,1,576,0,725
731,3,1129.0,2933.0,9.0,5.0,1,577,0,726
732,3,1126.0,2928.0,7.0,5.0,1,578,0,727
733,3,1124.0,2927.0,8.0,5.0,1,579,0,728
734,3,1118.0,2928.0,8.0,4.0,1,580,0,729
735,3,1113.0,2922.0,8.0,4.0,1,581,0,730
736,3,1110.0,2920.0,8.0,5.0,1,582,0,731
737,3,1103.0,2922.0,8.0,4.0,1,583,0,732
738,3,1105.0,2925.0,9.0,4.0,1,584,0,733
739,3,1101.0,2920.0,10.0,5.0,1,585,0,734
740,3,1097.0,2917.0,9.0,4.0,1,586,0,735
741,3,1089.0,2919.0,9.0,4.0,1,587,0,736
742,3,1089.0,2919.0,9.0,4.0,0,587,1,737
743,3,1084.0,2918.0,10.0,5.0,1,588,0,738
744,3,1084.0,2918.0,10.0,5.0,0,588,1,739
745,3,1073.0,2917.0,10.0,5.0,1,589,0,740
746,3,1074.0,2915.0,10.0,4.0,1,590,0,741
747,3,1072.0,2913.0,9.0,5.0,1,591,0,742
748,3,1071.0,2908.0,12.0,5.0,1,592,0,743
749,3,1064.0,2917.0,10.0,5.0,1,593,0,744
750,3,1064.0,2917.0,10.0,5.0,0,593,1,745
751,3,1059.0,2912.0,9.0,4.0,1,594,0,746
752,3,1053.0,2904.0,10.0,5.0,1,595,0,747
753,3,1053.0,2904.0,10.0,5.0,0,595,1,748
754,3,1045.0,2913.0,7.0,4.0,1,596,0,749
755,3,1045.0,2913.0,7.0,4.0,0,596,1,750
756,3,1039.0,2910.0,8.0,4.0,1,597,0,751
757,3,1034.0,2909.0,9.0,5.0,1,598,0,752
758,3,1038.0,2910.0,10.0,6.0,1,599,0,753
759,3,1027.0,2910.0,10.0,4.0,1,600,0,754
760,3,1021.0,2908.0,9.0,4.0,1,601,0,755
761,3,1020.0,2905.0,11.0,4.0,1,602,0,756
762,3,1018.0,2908.0,9.0,4.0,1,603,0,757
763,3,1016.0,2909.0,9.0,5.0,1,604,0,758
764,3,1016.0,2909.0,9.0,5.0,0,604,1,759
765,3,1012.0,2904.0,12.0,5.0,1,605,0,760
766,3,1002.0,2905.0,12.0,5.0,1,606,0,761
767,3,1003.0,2909.0,8.0,5.0,1,607,0,762
768,3,1004.0,2907.0,7.0,4.0,1,608,0,763
769,3,995.0,2901.0,8.0,5.0,1,609,0,764
770,3,996.0,2905.0,8.0,5.0,1,610,0,765
771,3,991.0,2901.0,7.0,5.0,1,611,0,766
772,3,991.0,2901.0,7.0,5.0,0,611,1,767
773,3,980.0,2905.0,10.0,5.0,1,612,0,768
774,3,977.0,2907.0,10.0,5.0,1,613,0,769
775,3,977.0,2907.0,10.0,5.0,0,613,1,770
776,3,978.0,2900.0,9.0,5.0,1,614,0,771
777,3,978.0,2900.0,9.0,5.0,0,614,1,772
778,3,978.0,2900.0,9.0,5.0,0,614,2,773
779,3,965.0,2905.0,12.0,6.0,1,615,0,774
780,3,964.0,2905.0,11.0,6.0,1,616,0,775
781,3,960.0,2898.0,10.0,5.0,1,617,0,776
782,3,956.0,2908.0,10.0,5.0,1,618,0,777
783,3,958.0,2900.0,10.0,6.0,1,619,0,778
784,3,949.0,2898.0,10.0,6.0,1,620,0,779
785,3,949.0,2898.0,10.0,6.0,0,620,1,780
786,3,940.0,2903.0,11.0,11.0,1,621,0,781
787,3,936.0,2905.0,7.0,8.0,1,622,0,782
788,3,935.0,2901.0,10.0,11.0,1,623,0,783
789,3,940.0,2898.0,8.0,12.0,1,624,0,784
790,3,930.0,2905.0,8.0,11.0,1,625,0,785
791,3,926.0,2902.0,10.0,12.0,1,626,0,786
792,3,929.0,2900.0,9.0,9.0,1,627,0,787
793,3,923.0,2900.0,11.0,12.0,1,628,0,788
794,3,922.0,2906.0,11.0,10.0,1,629,0,789
795,3,918.0,2904.0,8.0,10.0,1,630,0,790
796,3,915.0,2899.0,9.0,10.0,1,631,0,791
797,3,906.0,2901.0,11.0,13.0,1,632,0,792
798,3,899.0,2904.0,10.0,8.0,1,633,0,793
799,3,904.0,2901.0,10.0,10.0,1,634,0,794
800,3,892.0,2905.0,8.0,5.0,1,635,0,795
801,3,889.0,2894.0,16.0,11.0,1,636,0,796
802,3,886.0,2897.0,7.0,5.0,1,637,0,797
803,3,882.0,2902.0,10.0,11.0,1,638,0,798
804,3,881.0,2896.0,8.0,7.0,1,639,0,799
805,3,881.0,2896.0,8.0,7.0,0,639,1,800
806,3,867.0,2888.0,10.0,10.0,1,640,0,801
807,3,864.0,2895.0,11.0,10.0,1,641,0,802
808,3,859.0,2892.0,10.0,8.0,1,642,0,803
809,3,859.0,2882.0,8.0,11.0,1,643,0,804
810,3,855.0,2885.0,10.0,10.0,1,644,0,805
811,3,846.0,2891.0,12.0,10.0,1,645,0,806
812,3,846.0,2891.0,12.0,10.0,0,645,1,807
813,3,848.0,2877.0,11.0,7.0,1,646,0,808
814,3,837.0,2876.0,10.0,11.0,1,647,0,809
815,3,830.0,2882.0,10.0,7.0,1,648,0,810
816,3,830.0,2882.0,10.0,7.0,0,648,1,811
817,3,830.0,2882.0,10.0,7.0,0,648,2,812
818,3,816.0,2865.0,10.0,13.0,1,649,0,813
819,3,811.0,2863.0,12.0,11.0,1,650,0,814
820,3,807.0,2869.0,12.0,8.0,1,651,0,815
821,3,802.0,2865.0,9.0,9.0,1,652,0,816
822,3,805.0,2864.0,11.0,8.0,1,653,0,817
823,3,794.0,2856.0,7.0,11.0,1,654,0,818
824,3,789.0,2862.0,9.0,5.0,1,655,0,819
825,3,789.0,2858.0,13.0,11.0,1,656,0,820
826,3,781.0,2851.0,11.0,8.0,1,657,0,821
827,3,773.0,2856.0,10.0,9.0,1,658,0,822
828,3,773.0,2856.0,10.0,9.0,0,658,1,823
829,3,764.0,2845.0,11.0,10.0,1,659,0,824
830,3,764.0,2845.0,11.0,10.0,0,659,1,825
831,3,760.0,2841.0,12.0,6.0,1,660,0,826
832,3,749.0,2835.0,12.0,10.0,1,661,0,827
833,3,745.0,2833.0,11.0,13.0,1,662,0,828
834,3,742.0,2835.0,12.0,12.0,1,663,0,829
835,3,734.0,2840.0,10.0,11.0,1,664,0,830
836,3,734.0,2840.0,10.0,11.0,0,664,1,831
837,3,734.0,2840.0,10.0,11.0,0,664,2,832
838,3,724.0,2823.0,9.0,10.0,1,665,0,833
839,3,719.0,2824.0,12.0,13.0,1,666,0,834
840,3,719.0,2824.0,10.0,9.0,1,667,0,835
841,3,719.0,2824.0,10.0,9.0,0,667,1,836
842,3,696.0,2816.0,10.0,9.0,1,668,0,837
843,3,700.0,2813.0,11.0,9.0,1,669,0,838
844,3,696.0,2816.0,9.0,10.0,1,670,0,839
845,3,696.0,2816.0,9.0,10.0,0,670,1,840
846,3,696.0,2816.0,9.0,10.0,0,670,2,841
847,3,678.0,2801.0,10.0,12.0,1,671,0,842
848,3,678.0,2801.0,10.0,12.0,0,671,1,843
849,3,666.0,2804.0,10.0,12.0,1,672,0,844
850,3,659.0,2802.0,7.0,6.0,1,673,0,845
851,3,651.0,2797.0,10.0,6.0,1,674,0,846
852,3,651.0,2797.0,10.0,6.0,0,674,1,847
853,3,651.0,2797.0,10.0,6.0,0,674,2,848
854,3,633.0,2797.0,10.0,10.0,1,675,0,849
855,3,641.0,2795.0,9.0,8.0,1,676,0,850
856,3,629.0,2789.0,10.0,9.0,1,677,0,851
857,3,621.0,2788.0,11.0,9.0,1,678,0,852
858,3,615.0,2788.0,10.0,9.0,1,679,0,853
859,3,612.0,2788.0,5.0,3.0,1,680,0,854
860,3,604.0,2781.0,11.0,6.0,1,681,0,855
861,3,603.0,2785.0,11.0,5.0,1,682,0,856
862,3,603.0,2785.0,11.0,5.0,0,682,1,857
863,3,590.0,2784.0,14.0,6.0,1,683,0,858
864,3,590.0,2784.0,14.0,6.0,0,683,1,859
865,3,575.0,2774.0,14.0,9.0,1,684,0,860
866,3,573.0,2777.0,12.0,7.0,1,685,0,861
867,3,566.0,2775.0,10.0,6.0,1,686,0,862
868,3,566.0,2775.0,10.0,6.0,0,686,1,863
869,3,570.0,2770.0,10.0,5.0,1,687,0,864
870,3,554.0,2772.0,10.0,4.0,1,688,0,865
871,3,549.0,2775.0,10.0,5.0,1,689,0,866
872,3,547.0,2768.0,10.0,5.0,1,690,0,867
873,3,543.0,2767.0,9.0,5.0,1,691,0,868
874,3,543.0,2767.0,9.0,5.0,0,691,1,869
875,3,533.0,2776.0,8.0,5.0,1,692,0,870
876,3,529.0,2766.0,8.0,5.0,1,693,0,871
877,3,529.0,2766.0,8.0,5.0,0,693,1,872
878,3,518.0,2768.0,9.0,5.0,1,694,0,873
879,3,515.0,2757.0,10.0,5.0,1,695,0,874
880,3,514.0,2770.0,9.0,5.0,1,696,0,875
881,3,514.0,2770.0,9.0,5.0,0,696,1,876
882,3,514.0,2770.0,9.0,5.0,0,696,2,877
883,3,500.0,2758.0,10.0,5.0,1,697,0,878
884,3,493.0,2761.0,10.0,5.0,1,698,0,879
885,3,493.0,2758.0,9.0,5.0,1,699,0,880
886,3,493.0,2758.0,9.0,5.0,0,699,1,881
887,3,484.0,2756.0,11.0,5.0,1,700,0,882
888,3,484.0,2756.0,11.0,5.0,0,700,1,883
889,3,473.0,2752.0,11.0,5.0,1,701,0,884
890,3,473.0,2752.0,11.0,5.0,0,701,1,885
891,3,472.0,2750.0,10.0,5.0,1,702,0,886
892,3,462.0,2748.0,10.0,5.0,1,703,0,887
893,3,458.0,2749.0,11.0,5.0,1,704,0,888
894,3,454.0,2742.0,10.0,6.0,1,705,0,889
895,3,456.0,2745.0,10.0,5.0,1,706,0,890
896,3,452.0,2746.0,10.0,5.0,1,707,0,891
897,3,443.0,2747.0,12.0,7.0,1,708,0,892
898,3,441.0,2744.0,14.0,5.0,1,709,0,893
899,3,443.0,2745.0,12.0,6.0,1,710,0,894
900,3,432.0,2742.0,12.0,5.0,1,711,0,895
901,3,429.0,2734.0,11.0,5.0,1,712,0,896
902,3,430.0,2741.0,11.0,5.0,1,713,0,897
903,3,422.0,2735.0,12.0,5.0,1,714,0,898
904,3,421.0,2740.0,10.0,5.0,1,715,0,899
905,3,423.0,2735.0,11.0,5.0,1,716,0,900
906,3,423.0,2735.0,11.0,5.0,0,716,1,901
907,3,409.0,2739.0,11.0,5.0,1,717,0,902
908,3,411.0,2739.0,10.0,5.0,1,718,0,903
909,3,411.0,2739.0,10.0,5.0,0,718,1,904
910,3,411.0,2739.0,10.0,5.0,0,718,2,905
911,3,402.0,2737.0,9.0,6.0,1,719,0,906
912,3,395.0,2739.0,10.0,6.0,1,720,0,907
913,3,396.0,2737.0,9.0,7.0,1,721,0,908
914,3,396.0,2737.0,9.0,7.0,0,721,1,909
915,3,382.0,2733.0,9.0,6.0,1,722,0,910
916,3,383.0,2742.0,8.0,5.0,1,723,0,911
917,3,379.0,2736.0,9.0,6.0,1,724,0,912
918,3,377.0,2736.0,8.0,6.0,1,725,0,913
919,3,376.0,2737.0,7.0,6.0,1,726,0,914
920,3,376.0,2737.0,7.0,6.0,0,726,1,915
921,3,376.0,2737.0,7.0,6.0,0,726,2,916
922,3,367.0,2744.0,8.0,7.0,1,727,0,917
923,3,364.0,2741.0,7.0,8.0,1,728,0,918
924,3,361.0,2747.0,7.0,8.0,1,729,0,919
925,3,356.0,2747.0,8.0,9.0,1,730,0,920
926,3,352.0,2746.0,8.0,8.0,1,731,0,921
927,3,351.0,2749.0,7.0,7.0,1,732,0,922
928,3,344.0,2748.0,7.0,8.0,1,733,0,923
929,3,344.0,2748.0,7.0,8.0,0,733,1,924
930,3,340.0,2741.0,9.0,9.0,1,734,0,925
931,3,338.0,2751.0,9.0,8.0,1,735,0,926
932,3,338.0,2751.0,9.0,8.0,0,735,1,927
933,3,337.0,2751.0,9.0,9.0,1,736,0,928
934,3,326.0,2755.0,10.0,9.0,1,737,0,929
935,3,328.0,2761.0,9.0,7.0,1,738,0,930
936,3,325.0,2755.0,10.0,8.0,1,739,0,931
937,3,327.0,2756.0,9.0,9.0,1,740,0,932
938,3,315.0,2758.0,10.0,9.0,1,741,0,933
939,3,312.0,2760.0,11.0,10.0,1,742,0,934
940,3,311.0,2762.0,12.0,9.0,1,743,0,935
941,3,309.0,2765.0,13.0,9.0,1,744,0,936
942,3,308.0,2765.0,12.0,8.0,1,745,0,937
943,3,301.0,2769.0,12.0,9.0,1,746,0,938
944,3,303.0,2767.0,13.0,8.0,1,747,0,939
945,3,298.0,2767.0,13.0,7.0,1,748,0,940
946,3,295.0,2776.0,11.0,7.0,1,749,0,941
947,3,290.0,2774.0,12.0,8.0,1,750,0,942
948,3,290.0,2774.0,12.0,8.0,0,750,1,943
949,3,290.0,2774.0,12.0,8.0,0,750,2,944
950,3,278.0,2775.0,14.0,8.0,1,751,0,945
951,3,278.0,2775.0,14.0,8.0,0,751,1,946
952,3,273.0,2778.0,13.0,7.0,1,752,0,947
953,3,270.0,2782.0,11.0,8.0,1,753,0,948
954,3,268.0,2776.0,15.0,10.0,1,754,0,949
955,3,272.0,2789.0,11.0,6.0,1,755,0,950
956,3,268.0,2788.0,10.0,10.0,1,756,0,951
957,3,268.0,2788.0,10.0,10.0,0,756,1,952
958,3,258.0,2784.0,11.0,11.0,1,757,0,953
959,3,252.0,2787.0,15.0,5.0,1,758,0,954
960,3,249.0,2794.0,13.0,9.0,1,759,0,955
961,3,251.0,2790.0,9.0,7.0,1,760,0,956
962,3,251.0,2791.0,10.0,10.0,1,761,0,957
963,3,238.0,2791.0,16.0,7.0,1,762,0,958
964,3,238.0,2793.0,11.0,6.0,1,763,0,959
965,3,238.0,2793.0,11.0,6.0,0,763,1,960
966,3,238.0,2793.0,11.0,6.0,0,763,2,961
967,3,222.0,2791.0,16.0,10.0,1,764,0,962
968,3,221.0,2794.0,13.0,9.0,1,765,0,963
969,3,209.0,2795.0,11.0,10.0,1,766,0,964
970,3,214.0,2784.0,10.0,7.0,1,767,0,965
971,3,203.0,2791.0,11.0,9.0,1,768,0,966
972,3,203.0,2791.0,11.0,9.0,0,768,1,967
973,3,194.0,2788.0,10.0,7.0,1,769,0,968
974,3,191.0,2787.0,9.0,8.0,1,770,0,969
975,3,192.0,2783.0,15.0,12.0,1,771,0,970
976,3,182.0,2789.0,9.0,7.0,1,772,0,971
977,3,178.0,2784.0,9.0,7.0,1,773,0,972
978,3,179.0,2784.0,8.0,8.0,1,774,0,973
979,3,161.0,2781.0,11.0,10.0,1,775,0,974
980,3,153.0,2778.0,13.0,8.0,1,776,0,975
981,3,149.0,2783.0,9.0,8.0,1,777,0,976
982,3,149.0,2773.0,10.0,6.0,1,778,0,977
983,3,144.0,2774.0,10.0,10.0,1,779,0,978
984,3,135.0,2769.0,11.0,6.0,1,780,0,979
985,3,134.0,2764.0,9.0,10.0,1,781,0,980
986,3,125.0,2763.0,9.0,5.0,1,782,0,981
987,3,122.0,2754.0,10.0,14.0,1,783,0,982
988,3,110.0,2756.0,12.0,9.0,1,784,0,983
989,3,108.0,2759.0,10.0,12.0,1,785,0,984
990,3,99.0,2752.0,10.0,8.0,1,786,0,985
991,3,99.0,2752.0,10.0,8.0,0,786,1,986
992,3,99.0,2752.0,10.0,8.0,0,786,2,987
993,3,88.0,2745.0,9.0,4.0,1,787,0,988
994,3,88.0,2745.0,9.0,4.0,0,787,1,989
995,3,77.0,2739.0,8.0,5.0,1,788,0,990
996,3,71.0,2735.0,9.0,8.0,1,789,0,991
997,3,66.0,2731.0,9.0,11.0,1,790,0,992
998,3,52.0,2730.0,12.0,9.0,1,791,0,993
999,3,55.0,2728.0,14.0,9.0,1,792,0,994
1000,3,49.0,2727.0,9.0,4.0,1,793,0,995
1001,3,49.0,2727.0,9.0,4.0,0,793,1,996
1002,3,34.0,2721.0,10.0,10.0,1,794,0,997
1003,3,34.0,2721.0,10.0,10.0,0,794,1,998
1004,3,34.0,2721.0,10.0,10.0,0,794,2,999
1005,3,12.0,2709.0,9.0,5.0,1,795,0,1000
1006,3,9.0,2702.0,11.0,10.0,1,796,0,1001
1007,3,9.0,2704.0,10.0,9.0,1,797,0,1002
1008,3,0.0,2700.0,7.0,9.0,1,798,0,1003
