frame_number,track_id,x,y,w,h,matched,detection_count,missed_frame_count,age_frames
2,0,1850.0,3449.0,23.0,14.0,1,3,0,3
3,0,1849.0,3445.0,15.0,12.0,1,4,0,4
4,0,1848.0,3443.0,19.0,12.0,1,5,0,5
5,0,1855.0,3431.0,9.0,14.0,1,6,0,6
6,0,1842.0,3430.0,24.0,11.0,1,7,0,7
7,0,1845.0,3431.0,19.0,9.0,1,8,0,8
8,0,1846.0,3426.0,14.0,11.0,1,9,0,9
9,0,1844.0,3420.0,18.0,9.0,1,10,0,10
10,0,1844.0,3417.0,13.0,11.0,1,11,0,11
11,0,1844.0,3414.0,13.0,10.0,1,12,0,12
12,0,1835.0,3412.0,22.0,10.0,1,13,0,13
13,0,1837.0,3410.0,18.0,8.0,1,14,0,14
14,0,1833.0,3408.0,17.0,9.0,1,15,0,15
15,0,1829.0,3403.0,21.0,9.0,1,16,0,16
16,0,1829.0,3400.0,20.0,10.0,1,17,0,17
17,0,1827.0,3399.0,20.0,6.0,1,18,0,18
18,0,1822.0,3396.0,18.0,5.0,1,19,0,19
19,0,1823.0,3391.0,19.0,5.0,1,20,0,20
20,0,1823.0,3391.0,19.0,6.0,1,21,0,21
21,0,1823.0,3386.0,18.0,6.0,1,22,0,22
22,0,1820.0,3383.0,20.0,8.0,1,23,0,23
23,0,1820.0,3382.0,22.0,8.0,1,24,0,24
24,0,1817.0,3380.0,20.0,7.0,1,25,0,25
25,0,1816.0,3375.0,20.0,7.0,1,26,0,26
26,0,1816.0,3375.0,19.0,7.0,1,27,0,27
27,0,1813.0,3371.0,20.0,7.0,1,28,0,28
28,0,1811.0,3368.0,19.0,8.0,1,29,0,29
29,0,1811.0,3367.0,23.0,9.0,1,30,0,30
30,0,1807.0,3364.0,21.0,10.0,1,31,0,31
31,0,1807.0,3363.0,22.0,10.0,1,32,0,32
32,0,1805.0,3359.0,19.0,11.0,1,33,0,33
33,0,1806.0,3360.0,19.0,12.0,1,34,0,34
34,0,1801.0,3358.0,19.0,10.0,1,35,0,35
35,0,1801.0,3356.0,19.0,10.0,1,36,0,36
36,0,1802.0,3354.0,19.0,10.0,1,37,0,37
37,0,1798.0,3354.0,17.0,9.0,1,38,0,38
38,0,1797.0,3354.0,19.0,11.0,1,39,0,39
39,0,1795.0,3351.0,18.0,8.0,1,40,0,40
40,0,1795.0,3352.0,17.0,9.0,1,41,0,41
41,0,1792.0,3352.0,17.0,8.0,1,42,0,42
42,0,1789.0,3349.0,21.0,10.0,1,43,0,43
43,0,1787.0,3351.0,21.0,6.0,1,44,0,44
44,0,1787.0,3350.0,23.0,8.0,1,45,0,45
45,0,1784.0,3350.0,23.0,8.0,1,46,0,46
46,0,1783.0,3351.0,22.0,7.0,1,47,0,47
47,0,1780.0,3348.0,17.0,6.0,1,48,0,48
48,0,1779.0,3351.0,17.0,7.0,1,49,0,49
49,0,1778.0,3350.0,15.0,5.0,1,50,0,50
50,0,1776.0,3349.0,15.0,6.0,1,51,0,51
51,0,1774.0,3350.0,16.0,6.0,1,52,0,52
52,0,1770.0,3348.0,18.0,7.0,1,53,0,53
53,0,1771.0,3349.0,17.0,6.0,1,54,0,54
54,0,1769.0,3351.0,17.0,6.0,1,55,0,55
55,0,1769.0,3349.0,17.0,6.0,1,56,0,56
56,0,1764.0,3348.0,17.0,6.0,1,57,0,57
57,0,1764.0,3349.0,16.0,6.0,1,58,0,58
58,0,1762.0,3349.0,17.0,6.0,1,59,0,59
59,0,1764.0,3347.0,17.0,6.0,1,60,0,60
60,0,1761.0,3347.0,18.0,6.0,1,61,0,61
61,0,1761.0,3349.0,15.0,5.0,1,62,0,62
62,0,1759.0,3348.0,18.0,7.0,1,63,0,63
63,0,1758.0,3348.0,16.0,5.0,1,64,0,64
64,0,1758.0,3349.0,17.0,6.0,1,65,0,65
65,0,1757.0,3347.0,16.0,6.0,1,66,0,66
66,0,1755.0,3347.0,15.0,6.0,1,67,0,67
67,0,1756.0,3348.0,17.0,8.0,1,68,0,68
68,0,1752.0,3349.0,17.0,8.0,1,69,0,69
69,0,1751.0,3348.0,16.0,6.0,1,70,0,70
70,0,1749.0,3350.0,17.0,8.0,1,71,0,71
71,0,1751.0,3349.0,18.0,8.0,1,72,0,72
72,0,1748.0,3351.0,18.0,11.0,1,73,0,73
73,0,1749.0,3351.0,14.0,12.0,1,74,0,74
74,0,1751.0,3346.0,17.0,15.0,1,75,0,75
75,0,1746.0,3347.0,20.0,14.0,1,76,0,76
76,0,1743.0,3352.0,21.0,10.0,1,77,0,77
77,0,1745.0,3357.0,14.0,14.0,1,78,0,78
78,0,1749.0,3357.0,14.0,6.0,1,79,0,79
78,1,2143.0,3032.0,5.0,5.0,1,3,0,3
79,0,1749.0,3353.0,12.0,13.0,1,80,0,80
79,1,2134.0,3029.0,5.0,7.0,1,4,0,4
80,0,1739.0,3355.0,22.0,10.0,1,81,0,81
80,1,2130.0,3032.0,8.0,5.0,1,5,0,5
81,0,1744.0,3358.0,18.0,17.0,1,82,0,82
81,1,2122.0,3031.0,8.0,6.0,1,6,0,6
82,0,1745.0,3361.0,12.0,10.0,1,83,0,83
82,1,2117.0,3030.0,8.0,4.0,1,7,0,7
82,2,2140.0,3030.0,11.0,6.0,1,3,0,3
83,0,1743.0,3358.0,17.0,10.0,1,84,0,84
83,1,2111.0,3032.0,7.0,6.0,1,8,0,8
83,2,2134.0,3030.0,8.0,7.0,1,4,0,4
84,0,1738.0,3355.0,20.0,13.0,1,85,0,85
84,1,2103.0,3030.0,9.0,7.0,1,9,0,9
84,2,2128.0,3031.0,10.0,8.0,1,5,0,5
85,0,1744.0,3365.0,15.0,7.0,1,86,0,86
85,1,2096.0,3031.0,8.0,6.0,1,10,0,10
85,2,2121.0,3029.0,11.0,10.0,1,6,0,6
86,0,1738.0,3364.0,15.0,12.0,1,87,0,87
86,1,2093.0,3029.0,7.0,6.0,1,11,0,11
86,2,2116.0,3029.0,9.0,8.0,1,7,0,7
86,3,2143.0,3030.0,5.0,6.0,1,3,0,3
86,4,2154.0,3030.0,4.0,8.0,1,3,0,3
87,0,1739.0,3361.0,14.0,7.0,1,88,0,88
87,1,2087.0,3030.0,7.0,6.0,1,12,0,12
87,2,2108.0,3030.0,10.0,7.0,1,8,0,8
87,3,2138.0,3030.0,6.0,7.0,1,4,0,4
87,4,2148.0,3029.0,9.0,7.0,1,4,0,4
88,0,1735.0,3359.0,19.0,13.0,1,89,0,89
88,1,2080.0,3030.0,7.0,6.0,1,13,0,13
88,2,2103.0,3028.0,10.0,9.0,1,9,0,9
88,3,2132.0,3032.0,7.0,6.0,1,5,0,5
88,4,2142.0,3030.0,9.0,5.0,1,5,0,5
88,5,2124.0,3031.0,7.0,6.0,1,3,0,3
89,0,1738.0,3366.0,14.0,6.0,1,90,0,90
89,1,2076.0,3030.0,6.0,8.0,1,14,0,14
89,2,2099.0,3029.0,10.0,8.0,1,10,0,10
89,3,2128.0,3028.0,5.0,6.0,1,6,0,6
89,4,2138.0,3029.0,10.0,11.0,1,6,0,6
89,5,2118.0,3030.0,8.0,8.0,1,4,0,4
90,0,1729.0,3368.0,17.0,10.0,1,91,0,91
90,1,2069.0,3031.0,7.0,6.0,1,15,0,15
90,2,2093.0,3030.0,9.0,8.0,1,11,0,11
90,3,2122.0,3031.0,6.0,5.0,1,7,0,7
90,4,2131.0,3032.0,10.0,9.0,1,7,0,7
90,5,2111.0,3031.0,8.0,7.0,1,5,0,5
91,0,1733.0,3366.0,14.0,7.0,1,92,0,92
91,1,2059.0,3029.0,11.0,8.0,1,16,0,16
91,2,2084.0,3028.0,11.0,9.0,1,12,0,12
91,3,2125.0,3031.0,10.0,7.0,1,8,0,8
91,4,2137.0,3028.0,8.0,5.0,1,8,0,8
91,5,2102.0,3030.0,9.0,7.0,1,6,0,6
91,6,2152.0,3026.0,5.0,6.0,1,3,0,3
92,0,1728.0,3357.0,21.0,14.0,1,93,0,93
92,1,2057.0,3030.0,8.0,7.0,1,17,0,17
92,2,2077.0,3027.0,8.0,10.0,1,13,0,13
92,3,2118.0,3030.0,10.0,8.0,1,9,0,9
92,4,2132.0,3027.0,7.0,6.0,1,9,0,9
92,5,2099.0,3031.0,7.0,10.0,1,7,0,7
92,6,2145.0,3028.0,11.0,7.0,1,4,0,4
93,0,1722.0,3364.0,25.0,9.0,1,94,0,94
93,1,2050.0,3030.0,8.0,7.0,1,18,0,18
93,2,2073.0,3031.0,9.0,8.0,1,14,0,14
93,3,2113.0,3030.0,10.0,9.0,1,10,0,10
93,4,2128.0,3029.0,8.0,6.0,1,10,0,10
93,5,2090.0,3029.0,8.0,7.0,1,8,0,8
93,6,2141.0,3026.0,9.0,5.0,1,5,0,5
93,7,2103.0,3028.0,7.0,9.0,1,3,0,3
94,0,1723.0,3362.0,17.0,15.0,1,95,0,95
94,1,2043.0,3027.0,7.0,10.0,1,19,0,19
94,2,2066.0,3025.0,12.0,10.0,1,15,0,15
94,3,2106.0,3031.0,11.0,8.0,1,11,0,11
94,4,2120.0,3024.0,8.0,6.0,1,11,0,11
94,5,2087.0,3030.0,7.0,11.0,1,9,0,9
94,6,2137.0,3025.0,9.0,6.0,1,6,0,6
94,7,2098.0,3030.0,7.0,6.0,1,4,0,4
95,0,1722.0,3363.0,10.0,12.0,1,96,0,96
95,1,2036.0,3030.0,7.0,6.0,1,20,0,20
95,2,2062.0,3030.0,7.0,6.0,1,16,0,16
95,3,2101.0,3032.0,10.0,7.0,1,12,0,12
95,4,2117.0,3029.0,7.0,6.0,1,12,0,12
95,5,2081.0,3030.0,8.0,7.0,1,10,0,10
95,6,2129.0,3027.0,9.0,6.0,1,7,0,7
95,7,2090.0,3030.0,7.0,6.0,1,5,0,5
96,0,1721.0,3359.0,15.0,12.0,1,97,0,97
96,1,2030.0,3031.0,7.0,6.0,1,21,0,21
96,2,2057.0,3031.0,9.0,8.0,1,17,0,17
96,3,2095.0,3030.0,10.0,7.0,1,13,0,13
96,4,2107.0,3031.0,9.0,6.0,1,13,0,13
96,5,2070.0,3029.0,8.0,9.0,1,11,0,11
96,6,2123.0,3027.0,10.0,6.0,1,8,0,8
96,7,2083.0,3030.0,7.0,5.0,1,6,0,6
96,8,2136.0,3028.0,8.0,6.0,1,3,0,3
97,0,1716.0,3357.0,18.0,12.0,1,98,0,98
97,1,2024.0,3031.0,9.0,6.0,1,22,0,22
97,2,2050.0,3032.0,10.0,9.0,1,18,0,18
97,3,2088.0,3025.0,10.0,11.0,1,14,0,14
97,4,2103.0,3030.0,8.0,8.0,1,14,0,14
97,5,2069.0,3030.0,8.0,9.0,1,12,0,12
97,6,2119.0,3028.0,8.0,6.0,1,9,0,9
97,7,2079.0,3029.0,7.0,8.0,1,7,0,7
97,8,2131.0,3025.0,8.0,6.0,1,4,0,4
98,0,1719.0,3363.0,13.0,9.0,1,99,0,99
98,1,2018.0,3029.0,8.0,8.0,1,23,0,23
98,2,2041.0,3029.0,11.0,10.0,1,19,0,19
98,3,2083.0,3030.0,10.0,10.0,1,15,0,15
98,4,2097.0,3028.0,8.0,8.0,1,15,0,15
98,5,2063.0,3030.0,8.0,8.0,1,13,0,13
98,6,2111.0,3027.0,9.0,6.0,1,10,0,10
98,7,2072.0,3032.0,9.0,4.0,1,8,0,8
98,8,2125.0,3027.0,8.0,6.0,1,5,0,5
99,0,1711.0,3361.0,16.0,13.0,1,100,0,100
99,1,2011.0,3030.0,12.0,6.0,1,24,0,24
99,2,2038.0,3029.0,9.0,9.0,1,20,0,20
99,3,2076.0,3030.0,10.0,7.0,1,16,0,16
99,4,2089.0,3026.0,9.0,9.0,1,16,0,16
99,5,2056.0,3031.0,7.0,8.0,1,14,0,14
99,6,2104.0,3026.0,9.0,6.0,1,11,0,11
99,7,2065.0,3031.0,6.0,5.0,1,9,0,9
99,8,2118.0,3026.0,9.0,5.0,1,6,0,6
99,9,2130.0,3023.0,9.0,7.0,1,3,0,3
100,0,1713.0,3359.0,16.0,7.0,1,101,0,101
100,1,2004.0,3030.0,9.0,7.0,1,25,0,25
100,2,2029.0,3030.0,9.0,10.0,1,21,0,21
100,3,2070.0,3031.0,10.0,7.0,1,17,0,17
100,4,2085.0,3031.0,9.0,7.0,1,17,0,17
100,5,2048.0,3030.0,9.0,9.0,1,15,0,15
100,6,2100.0,3027.0,8.0,7.0,1,12,0,12
100,7,2057.0,3030.0,6.0,5.0,1,10,0,10
100,8,2114.0,3027.0,9.0,5.0,1,7,0,7
100,9,2126.0,3024.0,10.0,8.0,1,4,0,4
100,10,2146.0,3022.0,8.0,5.0,1,3,0,3
101,0,1710.0,3351.0,17.0,14.0,1,102,0,102
101,1,1999.0,3028.0,9.0,7.0,1,26,0,26
101,2,2022.0,3030.0,10.0,9.0,1,22,0,22
101,3,2062.0,3029.0,13.0,9.0,1,18,0,18
101,4,2080.0,3032.0,8.0,5.0,1,18,0,18
101,5,2043.0,3030.0,9.0,8.0,1,16,0,16
101,6,2094.0,3026.0,7.0,7.0,1,13,0,13
101,7,2049.0,3029.0,7.0,5.0,1,11,0,11
101,8,2108.0,3026.0,9.0,5.0,1,8,0,8
101,9,2118.0,3024.0,10.0,8.0,1,5,0,5
101,10,2143.0,3020.0,6.0,7.0,1,4,0,4
101,11,2133.0,3023.0,6.0,5.0,1,3,0,3
102,0,1702.0,3357.0,22.0,8.0,1,103,0,103
102,1,1994.0,3030.0,9.0,7.0,1,27,0,27
102,2,2015.0,3029.0,12.0,10.0,1,23,0,23
102,3,2055.0,3032.0,14.0,9.0,1,19,0,19
102,4,2073.0,3028.0,8.0,7.0,1,19,0,19
102,5,2035.0,3030.0,10.0,8.0,1,17,0,17
102,6,2089.0,3028.0,8.0,5.0,1,14,0,14
102,7,2046.0,3032.0,6.0,4.0,1,12,0,12
102,8,2101.0,3026.0,8.0,5.0,1,9,0,9
102,9,2113.0,3025.0,10.0,8.0,1,6,0,6
102,10,2136.0,3020.0,6.0,6.0,1,5,0,5
102,11,2127.0,3025.0,7.0,4.0,1,4,0,4
103,0,1701.0,3355.0,18.0,12.0,1,104,0,104
103,1,1985.0,3030.0,10.0,8.0,1,28,0,28
103,2,2009.0,3031.0,9.0,7.0,1,24,0,24
103,3,2051.0,3031.0,11.0,7.0,1,20,0,20
103,4,2066.0,3028.0,7.0,7.0,1,20,0,20
103,5,2028.0,3027.0,10.0,9.0,1,18,0,18
103,6,2082.0,3027.0,8.0,6.0,1,15,0,15
103,7,2039.0,3031.0,9.0,5.0,1,13,0,13
103,8,2096.0,3025.0,8.0,5.0,1,10,0,10
103,9,2110.0,3025.0,9.0,8.0,1,7,0,7
103,10,2129.0,3021.0,9.0,5.0,1,6,0,6
103,11,2121.0,3025.0,7.0,5.0,1,5,0,5
104,0,1702.0,3356.0,13.0,8.0,1,105,0,105
104,1,1980.0,3030.0,8.0,9.0,1,29,0,29
104,2,2003.0,3030.0,10.0,7.0,1,25,0,25
104,3,2047.0,3031.0,10.0,8.0,1,21,0,21
104,4,2060.0,3030.0,8.0,6.0,1,21,0,21
104,5,2023.0,3031.0,9.0,9.0,1,19,0,19
104,6,2074.0,3028.0,9.0,5.0,1,16,0,16
104,7,2033.0,3029.0,7.0,5.0,1,14,0,14
104,8,2091.0,3027.0,9.0,7.0,1,11,0,11
104,9,2100.0,3021.0,10.0,7.0,1,8,0,8
104,10,2122.0,3020.0,8.0,5.0,1,7,0,7
104,11,2114.0,3025.0,8.0,6.0,1,6,0,6
105,0,1700.0,3350.0,17.0,11.0,1,106,0,106
105,1,1974.0,3032.0,6.0,7.0,1,30,0,30
105,2,2002.0,3028.0,9.0,8.0,1,26,0,26
105,3,2040.0,3031.0,9.0,8.0,1,22,0,22
105,4,2055.0,3029.0,8.0,6.0,1,22,0,22
105,5,2018.0,3030.0,8.0,10.0,1,20,0,20
105,6,2069.0,3029.0,8.0,6.0,1,17,0,17
105,7,2025.0,3031.0,7.0,5.0,1,15,0,15
105,8,2083.0,3027.0,8.0,6.0,1,12,0,12
105,9,2097.0,3026.0,7.0,7.0,1,9,0,9
105,10,2118.0,3019.0,7.0,6.0,1,8,0,8
105,11,2111.0,3025.0,7.0,5.0,1,7,0,7
105,13,2127.0,3021.0,7.0,5.0,1,3,0,3
106,0,1694.0,3345.0,19.0,15.0,1,107,0,107
106,1,1968.0,3031.0,6.0,7.0,1,31,0,31
106,2,1994.0,3029.0,9.0,8.0,1,27,0,27
106,3,2033.0,3032.0,10.0,7.0,1,23,0,23
106,4,2047.0,3031.0,7.0,5.0,1,23,0,23
106,5,2014.0,3029.0,7.0,8.0,1,21,0,21
106,6,2065.0,3027.0,9.0,6.0,1,18,0,18
106,7,2020.0,3030.0,7.0,5.0,1,16,0,16
106,8,2078.0,3028.0,9.0,5.0,1,13,0,13
106,9,2093.0,3024.0,8.0,7.0,1,10,0,10
106,10,2113.0,3018.0,7.0,6.0,1,9,0,9
106,11,2104.0,3026.0,7.0,5.0,1,8,0,8
106,13,2123.0,3022.0,6.0,5.0,1,4,0,4
106,14,2138.0,3023.0,7.0,6.0,1,3,0,3
107,0,1689.0,3352.0,23.0,10.0,1,108,0,108
107,1,1961.0,3030.0,10.0,8.0,1,32,0,32
107,2,1984.0,3032.0,8.0,9.0,1,28,0,28
107,3,2026.0,3030.0,10.0,7.0,1,24,0,24
107,4,2042.0,3027.0,7.0,7.0,1,24,0,24
107,5,2007.0,3028.0,7.0,10.0,1,22,0,22
107,6,2059.0,3028.0,9.0,5.0,1,19,0,19
107,7,2014.0,3032.0,8.0,5.0,1,17,0,17
107,8,2072.0,3026.0,9.0,6.0,1,14,0,14
107,9,2086.0,3023.0,8.0,8.0,1,11,0,11
107,10,2106.0,3018.0,6.0,7.0,1,10,0,10
107,11,2097.0,3027.0,7.0,5.0,1,9,0,9
107,13,2115.0,3023.0,7.0,4.0,1,5,0,5
107,14,2133.0,3026.0,6.0,5.0,1,4,0,4
108,0,1692.0,3349.0,15.0,13.0,1,109,0,109
108,1,1955.0,3030.0,9.0,8.0,1,33,0,33
108,2,1977.0,3030.0,11.0,8.0,1,29,0,29
108,3,2022.0,3030.0,10.0,6.0,1,25,0,25
108,4,2036.0,3029.0,9.0,6.0,1,25,0,25
108,5,1998.0,3030.0,9.0,9.0,1,23,0,23
108,6,2052.0,3028.0,9.0,6.0,1,20,0,20
108,7,2011.0,3033.0,9.0,6.0,1,18,0,18
108,8,2067.0,3030.0,8.0,5.0,1,15,0,15
108,9,2082.0,3027.0,7.0,7.0,1,12,0,12
108,10,2102.0,3022.0,7.0,6.0,1,11,0,11
108,11,2094.0,3025.0,5.0,5.0,1,10,0,10
108,13,2109.0,3022.0,7.0,6.0,1,6,0,6
108,14,2126.0,3024.0,8.0,6.0,1,5,0,5
109,0,1689.0,3345.0,15.0,6.0,1,110,0,110
109,1,1948.0,3031.0,9.0,9.0,1,34,0,34
109,2,1972.0,3032.0,10.0,9.0,1,30,0,30
109,3,2015.0,3029.0,11.0,6.0,1,26,0,26
109,4,2029.0,3030.0,9.0,7.0,1,26,0,26
109,5,1993.0,3029.0,9.0,11.0,1,24,0,24
109,6,2045.0,3029.0,9.0,6.0,1,21,0,21
109,7,2003.0,3031.0,8.0,6.0,1,19,0,19
109,8,2060.0,3025.0,9.0,6.0,1,16,0,16
109,9,2073.0,3026.0,9.0,7.0,1,13,0,13
109,10,2091.0,3022.0,8.0,7.0,1,12,0,12
109,11,2087.0,3025.0,6.0,4.0,1,11,0,11
109,13,2104.0,3020.0,7.0,7.0,1,7,0,7
109,14,2120.0,3024.0,6.0,6.0,1,6,0,6
110,0,1686.0,3338.0,15.0,14.0,1,111,0,111
110,1,1942.0,3030.0,10.0,7.0,1,35,0,35
110,2,1965.0,3031.0,11.0,9.0,1,31,0,31
110,3,2008.0,3031.0,10.0,7.0,1,27,0,27
110,4,2023.0,3031.0,10.0,5.0,1,27,0,27
110,5,1986.0,3029.0,9.0,10.0,1,25,0,25
110,6,2038.0,3026.0,10.0,7.0,1,22,0,22
110,7,1996.0,3030.0,7.0,5.0,1,20,0,20
110,8,2053.0,3026.0,9.0,7.0,1,17,0,17
110,9,2069.0,3026.0,9.0,7.0,1,14,0,14
110,10,2088.0,3021.0,7.0,7.0,1,13,0,13
110,11,2081.0,3026.0,7.0,5.0,1,12,0,12
110,13,2097.0,3022.0,7.0,5.0,1,8,0,8
110,14,2115.0,3021.0,8.0,6.0,1,7,0,7
110,16,2131.0,3021.0,6.0,6.0,1,3,0,3
111,0,1679.0,3341.0,23.0,10.0,1,112,0,112
111,1,1934.0,3031.0,11.0,10.0,1,36,0,36
111,2,1960.0,3032.0,11.0,8.0,1,32,0,32
111,3,2003.0,3034.0,9.0,6.0,1,28,0,28
111,4,2017.0,3028.0,9.0,7.0,1,28,0,28
111,5,1980.0,3029.0,8.0,11.0,1,26,0,26
111,6,2035.0,3027.0,8.0,7.0,1,23,0,23
111,7,1989.0,3030.0,9.0,6.0,1,21,0,21
111,8,2047.0,3026.0,8.0,6.0,1,18,0,18
111,9,2060.0,3026.0,9.0,6.0,1,15,0,15
111,10,2082.0,3019.0,9.0,7.0,1,14,0,14
111,11,2077.0,3027.0,8.0,5.0,1,13,0,13
111,13,2093.0,3020.0,7.0,6.0,1,9,0,9
111,14,2110.0,3024.0,7.0,6.0,1,8,0,8
111,16,2126.0,3024.0,6.0,8.0,1,4,0,4
111,17,2137.0,3022.0,8.0,5.0,1,3,0,3
112,0,1676.0,3343.0,18.0,10.0,1,113,0,113
112,1,1929.0,3034.0,9.0,8.0,1,37,0,37
112,2,1955.0,3031.0,9.0,10.0,1,33,0,33
112,3,1992.0,3030.0,11.0,8.0,1,29,0,29
112,4,2010.0,3030.0,7.0,5.0,1,29,0,29
112,5,1973.0,3028.0,9.0,11.0,1,27,0,27
112,6,2029.0,3029.0,8.0,6.0,1,24,0,24
112,7,1984.0,3030.0,8.0,5.0,1,22,0,22
112,8,2042.0,3027.0,8.0,7.0,1,19,0,19
112,9,2055.0,3025.0,10.0,7.0,1,16,0,16
112,10,2078.0,3022.0,8.0,6.0,1,15,0,15
112,11,2070.0,3028.0,7.0,5.0,1,14,0,14
112,13,2087.0,3024.0,7.0,5.0,1,10,0,10
112,14,2104.0,3023.0,8.0,6.0,1,9,0,9
112,16,2120.0,3023.0,7.0,9.0,1,5,0,5
112,17,2132.0,3024.0,8.0,8.0,1,4,0,4
113,0,1680.0,3340.0,11.0,8.0,1,114,0,114
113,1,1926.0,3032.0,8.0,8.0,1,38,0,38
113,2,1947.0,3031.0,9.0,11.0,1,34,0,34
113,3,1989.0,3029.0,10.0,7.0,1,30,0,30
113,4,2005.0,3030.0,7.0,5.0,1,30,0,30
113,5,1969.0,3030.0,9.0,10.0,1,28,0,28
113,6,2021.0,3029.0,10.0,8.0,1,25,0,25
113,7,1979.0,3030.0,7.0,6.0,1,23,0,23
113,8,2034.0,3026.0,9.0,6.0,1,20,0,20
113,9,2049.0,3025.0,8.0,6.0,1,17,0,17
113,10,2069.0,3020.0,8.0,7.0,1,16,0,16
113,11,2064.0,3026.0,6.0,5.0,1,15,0,15
113,13,2081.0,3024.0,8.0,4.0,1,11,0,11
113,14,2099.0,3023.0,7.0,6.0,1,10,0,10
113,16,2114.0,3023.0,8.0,7.0,1,6,0,6
113,17,2129.0,3023.0,7.0,7.0,1,5,0,5
113,18,2144.0,3017.0,7.0,6.0,1,3,0,3
114,0,1673.0,3335.0,19.0,10.0,1,115,0,115
114,1,1915.0,3030.0,14.0,8.0,1,39,0,39
114,2,1942.0,3029.0,9.0,10.0,1,35,0,35
114,3,1984.0,3032.0,10.0,8.0,1,31,0,31
114,4,1998.0,3029.0,7.0,6.0,1,31,0,31
114,5,1961.0,3030.0,8.0,10.0,1,29,0,29
114,6,2014.0,3029.0,8.0,6.0,1,26,0,26
114,7,1973.0,3031.0,7.0,7.0,1,24,0,24
114,8,2030.0,3028.0,9.0,6.0,1,21,0,21
114,9,2044.0,3026.0,8.0,6.0,1,18,0,18
114,10,2066.0,3020.0,8.0,5.0,1,17,0,17
114,11,2059.0,3027.0,7.0,4.0,1,16,0,16
114,13,2076.0,3021.0,6.0,6.0,1,12,0,12
114,14,2095.0,3022.0,7.0,5.0,1,11,0,11
114,16,2106.0,3022.0,8.0,7.0,1,7,0,7
114,17,2122.0,3024.0,10.0,6.0,1,6,0,6
114,18,2151.0,3020.0,7.0,6.0,1,4,0,4
115,0,1669.0,3329.0,18.0,12.0,1,116,0,116
115,1,1909.0,3031.0,11.0,9.0,1,40,0,40
115,2,1935.0,3033.0,9.0,8.0,1,36,0,36
115,3,1978.0,3034.0,10.0,6.0,1,32,0,32
115,4,1991.0,3032.0,8.0,5.0,1,32,0,32
115,5,1956.0,3032.0,8.0,6.0,1,30,0,30
115,6,2008.0,3026.0,7.0,6.0,1,27,0,27
115,7,1964.0,3034.0,9.0,7.0,1,25,0,25
115,8,2025.0,3026.0,9.0,6.0,1,22,0,22
115,9,2038.0,3025.0,9.0,6.0,1,19,0,19
115,10,2058.0,3020.0,7.0,6.0,1,18,0,18
115,11,2053.0,3027.0,8.0,6.0,1,17,0,17
115,13,2070.0,3022.0,8.0,4.0,1,13,0,13
115,14,2090.0,3025.0,7.0,5.0,1,12,0,12
115,16,2103.0,3023.0,7.0,7.0,1,8,0,8
115,17,2115.0,3026.0,8.0,7.0,1,7,0,7
115,18,2144.0,3018.0,7.0,5.0,1,5,0,5
116,0,1673.0,3332.0,11.0,9.0,1,117,0,117
116,1,1903.0,3032.0,8.0,8.0,1,41,0,41
116,2,1930.0,3031.0,9.0,8.0,1,37,0,37
116,3,1971.0,3032.0,10.0,7.0,1,33,0,33
116,4,1988.0,3029.0,9.0,5.0,1,33,0,33
116,5,1948.0,3033.0,8.0,6.0,1,31,0,31
116,6,2006.0,3029.0,7.0,6.0,1,28,0,28
116,7,1959.0,3032.0,9.0,7.0,1,26,0,26
116,8,2019.0,3026.0,9.0,7.0,1,23,0,23
116,9,2031.0,3026.0,9.0,6.0,1,20,0,20
116,10,2055.0,3021.0,8.0,6.0,1,19,0,19
116,11,2046.0,3029.0,7.0,5.0,1,18,0,18
116,13,2063.0,3024.0,9.0,7.0,1,14,0,14
116,14,2084.0,3024.0,8.0,5.0,1,13,0,13
116,16,2097.0,3025.0,8.0,6.0,1,9,0,9
116,17,2109.0,3024.0,8.0,7.0,1,8,0,8
116,18,2140.0,3020.0,8.0,5.0,1,6,0,6
116,19,2129.0,3018.0,6.0,6.0,1,3,0,3
117,0,1667.0,3333.0,15.0,9.0,1,118,0,118
117,1,1899.0,3033.0,7.0,4.0,1,42,0,42
117,2,1921.0,3032.0,10.0,8.0,1,38,0,38
117,3,1965.0,3031.0,7.0,7.0,1,34,0,34
117,4,1988.0,3029.0,9.0,5.0,0,33,1,34
117,5,1944.0,3033.0,7.0,6.0,1,32,0,32
117,6,1997.0,3029.0,7.0,7.0,1,29,0,29
117,7,1953.0,3031.0,9.0,7.0,1,27,0,27
117,8,2014.0,3027.0,8.0,7.0,1,24,0,24
117,9,2024.0,3029.0,12.0,7.0,1,21,0,21
117,10,2045.0,3023.0,9.0,6.0,1,20,0,20
117,11,2040.0,3027.0,7.0,5.0,1,19,0,19
117,13,2058.0,3022.0,10.0,6.0,1,15,0,15
117,14,2079.0,3022.0,7.0,5.0,1,14,0,14
117,16,2091.0,3023.0,7.0,8.0,1,10,0,10
117,17,2105.0,3026.0,8.0,5.0,1,9,0,9
117,18,2133.0,3021.0,7.0,7.0,1,7,0,7
117,19,2118.0,3021.0,8.0,6.0,1,4,0,4
118,0,1664.0,3328.0,15.0,9.0,1,119,0,119
118,1,1892.0,3029.0,6.0,4.0,1,43,0,43
118,2,1915.0,3031.0,10.0,9.0,1,39,0,39
118,3,1961.0,3030.0,8.0,9.0,1,35,0,35
118,4,1974.0,3032.0,7.0,6.0,1,34,0,35
118,5,1937.0,3032.0,5.0,6.0,1,33,0,33
118,6,1990.0,3029.0,8.0,7.0,1,30,0,30
118,7,1945.0,3032.0,7.0,8.0,1,28,0,28
118,8,2007.0,3028.0,7.0,6.0,1,25,0,25
118,9,2020.0,3027.0,11.0,7.0,1,22,0,22
118,10,2040.0,3020.0,8.0,7.0,1,21,0,21
118,11,2033.0,3027.0,7.0,5.0,1,20,0,20
118,13,2053.0,3022.0,10.0,6.0,1,16,0,16
118,14,2073.0,3024.0,8.0,6.0,1,15,0,15
118,16,2086.0,3024.0,6.0,7.0,1,11,0,11
118,17,2099.0,3025.0,9.0,6.0,1,10,0,10
118,18,2127.0,3020.0,5.0,5.0,1,8,0,8
118,19,2114.0,3018.0,8.0,6.0,1,5,0,5
119,0,1662.0,3321.0,16.0,11.0,1,120,0,120
119,1,1883.0,3031.0,13.0,7.0,1,44,0,44
119,2,1911.0,3032.0,7.0,7.0,1,40,0,40
119,3,1952.0,3032.0,10.0,8.0,1,36,0,36
119,4,1968.0,3030.0,7.0,5.0,1,35,0,36
119,5,1930.0,3031.0,6.0,7.0,1,34,0,34
119,6,1982.0,3028.0,9.0,8.0,1,31,0,31
119,7,1940.0,3034.0,8.0,6.0,1,29,0,29
119,8,2001.0,3027.0,8.0,6.0,1,26,0,26
119,9,2013.0,3024.0,10.0,7.0,1,23,0,23
119,10,2034.0,3022.0,10.0,7.0,1,22,0,22
119,11,2027.0,3028.0,8.0,4.0,1,21,0,21
119,13,2046.0,3024.0,9.0,6.0,1,17,0,17
119,14,2067.0,3025.0,7.0,5.0,1,16,0,16
119,16,2086.0,3024.0,6.0,7.0,0,11,1,12
119,17,2094.0,3025.0,9.0,5.0,1,11,0,11
119,18,2124.0,3018.0,6.0,6.0,1,9,0,9
119,19,2111.0,3017.0,6.0,6.0,1,6,0,6
120,0,1657.0,3321.0,19.0,13.0,1,121,0,121
120,1,1879.0,3031.0,9.0,8.0,1,45,0,45
120,2,1903.0,3030.0,8.0,8.0,1,41,0,41
120,3,1945.0,3031.0,10.0,8.0,1,37,0,37
120,4,1964.0,3030.0,6.0,7.0,1,36,0,37
120,5,1923.0,3033.0,6.0,5.0,1,35,0,35
120,6,1979.0,3032.0,9.0,5.0,1,32,0,32
120,7,1934.0,3033.0,8.0,7.0,1,30,0,30
120,8,1994.0,3028.0,8.0,6.0,1,27,0,27
120,9,2007.0,3028.0,10.0,6.0,1,24,0,24
120,10,2032.0,3021.0,9.0,7.0,1,23,0,23
120,11,2022.0,3027.0,7.0,5.0,1,22,0,22
120,13,2040.0,3025.0,9.0,5.0,1,18,0,18
120,14,2060.0,3025.0,8.0,4.0,1,17,0,17
120,16,2075.0,3025.0,6.0,8.0,1,12,0,13
120,17,2084.0,3026.0,11.0,6.0,1,12,0,12
120,18,2114.0,3020.0,8.0,5.0,1,10,0,10
120,19,2105.0,3016.0,8.0,8.0,1,7,0,7
120,20,2139.0,3021.0,8.0,7.0,1,3,0,3
121,0,1652.0,3322.0,21.0,8.0,1,122,0,122
121,1,1873.0,3032.0,8.0,8.0,1,46,0,46
121,2,1897.0,3031.0,7.0,7.0,1,42,0,42
121,3,1939.0,3032.0,9.0,8.0,1,38,0,38
121,4,1955.0,3033.0,8.0,7.0,1,37,0,38
121,5,1918.0,3035.0,7.0,6.0,1,36,0,36
121,6,1972.0,3031.0,10.0,6.0,1,33,0,33
121,7,1927.0,3030.0,9.0,9.0,1,31,0,31
121,8,1988.0,3027.0,9.0,6.0,1,28,0,28
121,9,2000.0,3028.0,10.0,6.0,1,25,0,25
121,10,2023.0,3021.0,9.0,7.0,1,24,0,24
121,11,2016.0,3026.0,7.0,4.0,1,23,0,23
121,13,2036.0,3021.0,8.0,6.0,1,19,0,19
121,14,2054.0,3024.0,9.0,4.0,1,18,0,18
121,16,2069.0,3025.0,7.0,7.0,1,13,0,14
121,17,2080.0,3024.0,9.0,5.0,1,13,0,13
121,18,2111.0,3021.0,10.0,6.0,1,11,0,11
121,19,2100.0,3020.0,7.0,5.0,1,8,0,8
121,20,2136.0,3023.0,4.0,6.0,1,4,0,4
122,0,1652.0,3320.0,19.0,11.0,1,123,0,123
122,1,1868.0,3026.0,7.0,10.0,1,47,0,47
122,2,1890.0,3031.0,9.0,8.0,1,43,0,43
122,3,1937.0,3031.0,9.0,8.0,1,39,0,39
122,4,1951.0,3032.0,8.0,7.0,1,38,0,39
122,5,1911.0,3032.0,6.0,5.0,1,37,0,37
122,6,1966.0,3031.0,10.0,6.0,1,34,0,34
122,7,1920.0,3030.0,8.0,8.0,1,32,0,32
122,8,1982.0,3029.0,7.0,5.0,1,29,0,29
122,9,1994.0,3028.0,10.0,7.0,1,26,0,26
122,10,2019.0,3021.0,8.0,5.0,1,25,0,25
122,11,2010.0,3027.0,7.0,6.0,1,24,0,24
122,13,2030.0,3022.0,7.0,7.0,1,20,0,20
122,14,2049.0,3023.0,9.0,6.0,1,19,0,19
122,16,2063.0,3022.0,8.0,8.0,1,14,0,15
122,17,2078.0,3026.0,9.0,5.0,1,14,0,14
122,18,2105.0,3020.0,10.0,7.0,1,12,0,12
122,19,2092.0,3019.0,7.0,5.0,1,9,0,9
122,20,2127.0,3024.0,7.0,7.0,1,5,0,5
122,21,2142.0,3017.0,11.0,8.0,1,3,0,3
123,0,1652.0,3318.0,15.0,8.0,1,124,0,124
123,1,1857.0,3032.0,7.0,4.0,1,48,0,48
123,2,1882.0,3031.0,10.0,8.0,1,44,0,44
123,3,1927.0,3031.0,11.0,9.0,1,40,0,40
123,4,1944.0,3032.0,10.0,7.0,1,39,0,40
123,5,1905.0,3033.0,7.0,6.0,1,38,0,38
123,6,1958.0,3030.0,11.0,7.0,1,35,0,35
123,7,1915.0,3034.0,7.0,7.0,1,33,0,33
123,8,1977.0,3026.0,9.0,9.0,1,30,0,30
123,9,1990.0,3027.0,10.0,6.0,1,27,0,27
123,10,2013.0,3018.0,7.0,9.0,1,26,0,26
123,11,2003.0,3029.0,8.0,4.0,1,25,0,25
123,13,2026.0,3021.0,8.0,5.0,1,21,0,21
123,14,2045.0,3025.0,7.0,5.0,1,20,0,20
123,16,2058.0,3023.0,7.0,8.0,1,15,0,16
123,17,2072.0,3025.0,8.0,6.0,1,15,0,15
123,18,2100.0,3021.0,10.0,6.0,1,13,0,13
123,19,2085.0,3018.0,8.0,5.0,1,10,0,10
123,20,2120.0,3024.0,8.0,5.0,1,6,0,6
123,21,2135.0,3019.0,7.0,6.0,1,4,0,4
124,0,1650.0,3316.0,14.0,7.0,1,125,0,125
124,1,1851.0,3030.0,7.0,7.0,1,49,0,49
124,2,1878.0,3030.0,7.0,7.0,1,45,0,45
124,3,1923.0,3031.0,8.0,7.0,1,41,0,41
124,4,1937.0,3031.0,11.0,7.0,1,40,0,41
124,5,1897.0,3032.0,7.0,6.0,1,39,0,39
124,6,1952.0,3031.0,11.0,7.0,1,36,0,36
124,7,1908.0,3032.0,7.0,7.0,1,34,0,34
124,8,1970.0,3029.0,9.0,8.0,1,31,0,31
124,9,1984.0,3027.0,10.0,6.0,1,28,0,28
124,10,2007.0,3023.0,7.0,5.0,1,27,0,27
124,11,1997.0,3029.0,8.0,5.0,1,26,0,26
124,13,2017.0,3026.0,8.0,6.0,1,22,0,22
124,14,2037.0,3025.0,9.0,6.0,1,21,0,21
124,16,2052.0,3022.0,7.0,8.0,1,16,0,17
124,17,2065.0,3028.0,7.0,5.0,1,16,0,16
124,18,2095.0,3020.0,7.0,5.0,1,14,0,14
124,19,2081.0,3019.0,7.0,5.0,1,11,0,11
124,20,2115.0,3021.0,8.0,7.0,1,7,0,7
124,21,2128.0,3022.0,9.0,6.0,1,5,0,5
125,0,1649.0,3314.0,14.0,8.0,1,126,0,126
125,1,1841.0,3031.0,15.0,5.0,1,50,0,50
125,2,1871.0,3029.0,7.0,7.0,1,46,0,46
125,3,1916.0,3034.0,9.0,8.0,1,42,0,42
125,4,1932.0,3029.0,8.0,7.0,1,41,0,42
125,5,1893.0,3034.0,6.0,6.0,1,40,0,40
125,6,1947.0,3029.0,10.0,7.0,1,37,0,37
125,7,1902.0,3032.0,6.0,7.0,1,35,0,35
125,8,1962.0,3028.0,8.0,8.0,1,32,0,32
125,9,1975.0,3027.0,10.0,7.0,1,29,0,29
125,10,1999.0,3023.0,7.0,6.0,1,28,0,28
125,11,1992.0,3027.0,8.0,4.0,1,27,0,27
125,13,2014.0,3024.0,9.0,7.0,1,23,0,23
125,14,2030.0,3023.0,8.0,5.0,1,22,0,22
125,16,2047.0,3028.0,6.0,5.0,1,17,0,18
125,17,2063.0,3027.0,6.0,6.0,1,17,0,17
125,18,2088.0,3024.0,10.0,6.0,1,15,0,15
125,19,2077.0,3020.0,8.0,4.0,1,12,0,12
125,20,2107.0,3023.0,9.0,7.0,1,8,0,8
125,21,2125.0,3019.0,11.0,8.0,1,6,0,6
126,0,1647.0,3311.0,13.0,8.0,1,127,0,127
126,1,1839.0,3029.0,8.0,9.0,1,51,0,51
126,2,1864.0,3029.0,8.0,7.0,1,47,0,47
126,3,1912.0,3032.0,10.0,8.0,1,43,0,43
126,4,1922.0,3031.0,11.0,8.0,1,42,0,43
126,5,1887.0,3033.0,5.0,6.0,1,41,0,41
126,6,1938.0,3032.0,11.0,7.0,1,38,0,38
126,7,1895.0,3032.0,8.0,7.0,1,36,0,36
126,8,1957.0,3028.0,9.0,7.0,1,33,0,33
126,9,1969.0,3027.0,10.0,8.0,1,30,0,30
126,10,1996.0,3022.0,7.0,6.0,1,29,0,29
126,11,1987.0,3026.0,6.0,5.0,1,28,0,28
126,13,2008.0,3021.0,8.0,8.0,1,24,0,24
126,14,2028.0,3022.0,9.0,7.0,1,23,0,23
126,16,2041.0,3024.0,8.0,6.0,1,18,0,19
126,17,2056.0,3026.0,6.0,6.0,1,18,0,18
126,18,2081.0,3022.0,8.0,5.0,1,16,0,16
126,19,2070.0,3021.0,8.0,7.0,1,13,0,13
126,20,2103.0,3023.0,8.0,6.0,1,9,0,9
126,21,2119.0,3019.0,9.0,7.0,1,7,0,7
126,22,2138.0,3018.0,8.0,6.0,1,3,0,3
127,0,1639.0,3309.0,16.0,6.0,1,128,0,128
127,1,1833.0,3029.0,7.0,10.0,1,52,0,52
127,2,1856.0,3029.0,9.0,10.0,1,48,0,48
127,3,1903.0,3030.0,10.0,9.0,1,44,0,44
127,4,1917.0,3032.0,10.0,6.0,1,43,0,44
127,5,1880.0,3030.0,8.0,8.0,1,42,0,42
127,6,1934.0,3030.0,10.0,7.0,1,39,0,39
127,7,1890.0,3032.0,7.0,6.0,1,37,0,37
127,8,1950.0,3028.0,10.0,7.0,1,34,0,34
127,9,1966.0,3027.0,10.0,8.0,1,31,0,31
127,10,1989.0,3021.0,7.0,7.0,1,30,0,30
127,11,1978.0,3027.0,8.0,5.0,1,29,0,29
127,13,2002.0,3024.0,10.0,6.0,1,25,0,25
127,14,2021.0,3022.0,9.0,6.0,1,24,0,24
127,16,2036.0,3024.0,7.0,5.0,1,19,0,20
127,17,2048.0,3027.0,9.0,6.0,1,19,0,19
127,18,2079.0,3019.0,7.0,9.0,1,17,0,17
127,19,2064.0,3019.0,8.0,7.0,1,14,0,14
127,20,2098.0,3023.0,7.0,8.0,1,10,0,10
127,21,2112.0,3021.0,10.0,8.0,1,8,0,8
127,22,2133.0,3018.0,8.0,5.0,1,4,0,4
128,0,1636.0,3310.0,16.0,7.0,1,129,0,129
128,1,1822.0,3030.0,13.0,9.0,1,53,0,53
128,2,1850.0,3030.0,10.0,8.0,1,49,0,49
128,3,1896.0,3031.0,10.0,8.0,1,45,0,45
128,4,1912.0,3031.0,9.0,7.0,1,44,0,45
128,5,1870.0,3030.0,9.0,7.0,1,43,0,43
128,6,1927.0,3030.0,9.0,7.0,1,40,0,40
128,7,1882.0,3032.0,7.0,7.0,1,38,0,38
128,8,1947.0,3028.0,10.0,6.0,1,35,0,35
128,9,1960.0,3028.0,9.0,7.0,1,32,0,32
128,10,1983.0,3022.0,7.0,5.0,1,31,0,31
128,11,1973.0,3029.0,8.0,6.0,1,30,0,30
128,13,1994.0,3023.0,10.0,6.0,1,26,0,26
128,14,2016.0,3024.0,7.0,8.0,1,25,0,25
128,16,2030.0,3027.0,7.0,5.0,1,20,0,21
128,17,2042.0,3028.0,7.0,6.0,1,20,0,20
128,18,2072.0,3022.0,7.0,5.0,1,18,0,18
128,19,2060.0,3016.0,7.0,7.0,1,15,0,15
128,20,2094.0,3021.0,6.0,7.0,1,11,0,11
128,21,2105.0,3022.0,10.0,6.0,1,9,0,9
128,22,2125.0,3020.0,8.0,7.0,1,5,0,5
129,0,1631.0,3307.0,18.0,6.0,1,130,0,130
129,1,1820.0,3029.0,9.0,9.0,1,54,0,54
129,2,1845.0,3030.0,7.0,9.0,1,50,0,50
129,3,1889.0,3029.0,10.0,10.0,1,46,0,46
129,4,1904.0,3032.0,8.0,7.0,1,45,0,46
129,5,1865.0,3033.0,9.0,9.0,1,44,0,44
129,6,1920.0,3031.0,9.0,7.0,1,41,0,41
129,7,1877.0,3029.0,7.0,6.0,1,39,0,39
129,8,1939.0,3028.0,10.0,7.0,1,36,0,36
129,9,1953.0,3026.0,9.0,7.0,1,33,0,33
129,10,2023.0,3025.0,7.0,5.0,1,32,0,32
129,11,1976.0,3021.0,7.0,6.0,1,31,0,31
129,13,1989.0,3024.0,9.0,6.0,1,27,0,27
129,14,2011.0,3023.0,8.0,6.0,1,26,0,26
129,16,2038.0,3024.0,8.0,6.0,1,21,0,22
129,17,2050.0,3019.0,8.0,6.0,1,21,0,21
129,18,2084.0,3024.0,8.0,5.0,1,19,0,19
129,19,2064.0,3025.0,8.0,4.0,1,16,0,16
129,20,2102.0,3022.0,11.0,6.0,1,12,0,12
129,21,2121.0,3020.0,6.0,8.0,1,10,0,10
129,22,2137.0,3019.0,11.0,8.0,1,6,0,6
129,23,2154.0,3013.0,6.0,9.0,1,3,0,3
130,0,1633.0,3306.0,20.0,5.0,1,131,0,131
130,1,1813.0,3027.0,9.0,10.0,1,55,0,55
130,2,1835.0,3030.0,11.0,9.0,1,51,0,51
130,3,1883.0,3031.0,9.0,10.0,1,47,0,47
130,4,1897.0,3031.0,10.0,7.0,1,46,0,47
130,5,1858.0,3029.0,7.0,9.0,1,45,0,45
130,6,1915.0,3031.0,11.0,7.0,1,42,0,42
130,7,1868.0,3031.0,8.0,9.0,1,40,0,40
130,8,1931.0,3029.0,10.0,8.0,1,37,0,37
130,9,1948.0,3025.0,9.0,7.0,1,34,0,34
130,10,2019.0,3024.0,6.0,7.0,1,33,0,33
130,11,1972.0,3022.0,6.0,5.0,1,32,0,32
130,13,1985.0,3021.0,9.0,6.0,1,28,0,28
130,14,2004.0,3022.0,10.0,7.0,1,27,0,27
130,16,2033.0,3025.0,8.0,6.0,1,22,0,23
130,17,2048.0,3018.0,7.0,9.0,1,22,0,22
130,18,2080.0,3025.0,8.0,7.0,1,20,0,20
130,19,2059.0,3024.0,8.0,5.0,1,17,0,17
130,20,2097.0,3021.0,8.0,7.0,1,13,0,13
130,21,2114.0,3019.0,9.0,7.0,1,11,0,11
130,22,2133.0,3019.0,8.0,7.0,1,7,0,7
130,23,2148.0,3015.0,8.0,8.0,1,4,0,4
131,0,1631.0,3305.0,17.0,5.0,1,132,0,132
131,1,1806.0,3030.0,8.0,5.0,1,56,0,56
131,2,1827.0,3033.0,9.0,10.0,1,52,0,52
131,3,1876.0,3031.0,8.0,8.0,1,48,0,48
131,4,1891.0,3032.0,10.0,6.0,1,47,0,48
131,5,1854.0,3030.0,7.0,9.0,1,46,0,46
131,6,1909.0,3030.0,9.0,6.0,1,43,0,43
131,7,1862.0,3032.0,7.0,8.0,1,41,0,41
131,8,1930.0,3029.0,8.0,8.0,1,38,0,38
131,9,1941.0,3028.0,10.0,7.0,1,35,0,35
131,10,2015.0,3027.0,4.0,5.0,1,34,0,34
131,11,1966.0,3022.0,8.0,7.0,1,33,0,33
131,13,1976.0,3023.0,9.0,6.0,1,29,0,29
131,14,1998.0,3022.0,8.0,5.0,1,28,0,28
131,16,2025.0,3027.0,8.0,7.0,1,23,0,24
131,17,2042.0,3022.0,7.0,8.0,1,23,0,23
131,18,2077.0,3024.0,6.0,7.0,1,21,0,21
131,19,2055.0,3017.0,7.0,9.0,1,18,0,18
131,20,2091.0,3022.0,8.0,6.0,1,14,0,14
131,21,2107.0,3019.0,8.0,7.0,1,12,0,12
131,22,2125.0,3022.0,11.0,7.0,1,8,0,8
131,23,2143.0,3014.0,6.0,6.0,1,5,0,5
132,0,1629.0,3300.0,18.0,6.0,1,133,0,133
132,1,1799.0,3028.0,6.0,8.0,1,57,0,57
132,2,1820.0,3029.0,10.0,9.0,1,53,0,53
132,3,1870.0,3030.0,9.0,9.0,1,49,0,49
132,4,1886.0,3030.0,10.0,9.0,1,48,0,49
132,5,1846.0,3031.0,6.0,6.0,1,47,0,47
132,6,1904.0,3029.0,8.0,8.0,1,44,0,44
132,7,1855.0,3030.0,7.0,7.0,1,42,0,42
132,8,1922.0,3027.0,9.0,8.0,1,39,0,39
132,9,1935.0,3026.0,9.0,6.0,1,36,0,36
132,10,2007.0,3025.0,6.0,5.0,1,35,0,35
132,11,1960.0,3024.0,7.0,7.0,1,34,0,34
132,13,1967.0,3022.0,11.0,5.0,1,30,0,30
132,14,1992.0,3021.0,10.0,8.0,1,29,0,29
132,16,2020.0,3025.0,8.0,7.0,1,24,0,25
132,17,2035.0,3020.0,7.0,8.0,1,24,0,24
132,18,2068.0,3023.0,7.0,6.0,1,22,0,22
132,19,2047.0,3018.0,8.0,8.0,1,19,0,19
132,20,2087.0,3022.0,8.0,6.0,1,15,0,15
132,21,2105.0,3019.0,9.0,7.0,1,13,0,13
132,22,2121.0,3020.0,10.0,8.0,1,9,0,9
132,23,2137.0,3015.0,8.0,7.0,1,6,0,6
132,24,1946.0,3027.0,9.0,8.0,1,3,0,3
133,0,1626.0,3301.0,19.0,6.0,1,134,0,134
133,1,1793.0,3031.0,6.0,6.0,1,58,0,58
133,2,1816.0,3031.0,9.0,9.0,1,54,0,54
133,3,1863.0,3027.0,9.0,14.0,1,50,0,50
133,4,1880.0,3030.0,8.0,9.0,1,49,0,50
133,5,1841.0,3031.0,8.0,8.0,1,48,0,48
133,6,1895.0,3027.0,10.0,10.0,1,45,0,45
133,7,1852.0,3030.0,6.0,7.0,1,43,0,43
133,8,1915.0,3028.0,9.0,8.0,1,40,0,40
133,9,1930.0,3026.0,7.0,8.0,1,37,0,37
133,10,2000.0,3025.0,6.0,6.0,1,36,0,36
133,11,1951.0,3022.0,9.0,7.0,1,35,0,35
133,13,1965.0,3023.0,9.0,7.0,1,31,0,31
133,14,1986.0,3023.0,10.0,5.0,1,30,0,30
133,16,2015.0,3024.0,8.0,6.0,1,25,0,26
133,17,2029.0,3018.0,8.0,7.0,1,25,0,25
133,18,2063.0,3025.0,8.0,8.0,1,23,0,23
133,19,2041.0,3024.0,8.0,6.0,1,20,0,20
133,20,2082.0,3020.0,7.0,8.0,1,16,0,16
133,21,2099.0,3021.0,9.0,7.0,1,14,0,14
133,22,2115.0,3021.0,11.0,5.0,1,10,0,10
133,23,2130.0,3014.0,8.0,9.0,1,7,0,7
133,24,1941.0,3025.0,8.0,5.0,1,4,0,4
134,0,1626.0,3299.0,18.0,6.0,1,135,0,135
134,1,1785.0,3027.0,7.0,9.0,1,59,0,59
134,2,1806.0,3029.0,12.0,8.0,1,55,0,55
134,3,1859.0,3031.0,9.0,9.0,1,51,0,51
134,4,1874.0,3030.0,10.0,9.0,1,50,0,51
134,5,1835.0,3029.0,6.0,7.0,1,49,0,49
134,6,1890.0,3030.0,11.0,8.0,1,46,0,46
134,7,1842.0,3028.0,7.0,6.0,1,44,0,44
134,8,1910.0,3029.0,7.0,10.0,1,41,0,41
134,9,1924.0,3029.0,9.0,8.0,1,38,0,38
134,10,1998.0,3022.0,6.0,5.0,1,37,0,37
134,11,1946.0,3024.0,9.0,5.0,1,36,0,36
134,13,1959.0,3020.0,10.0,8.0,1,32,0,32
134,14,1980.0,3020.0,9.0,7.0,1,31,0,31
134,16,2010.0,3027.0,8.0,6.0,1,26,0,27
134,17,2021.0,3021.0,9.0,5.0,1,26,0,26
134,18,2057.0,3023.0,6.0,7.0,1,24,0,24
134,19,2034.0,3021.0,9.0,6.0,1,21,0,21
134,20,2074.0,3023.0,7.0,5.0,1,17,0,17
134,21,2094.0,3018.0,8.0,6.0,1,15,0,15
134,22,2114.0,3020.0,7.0,7.0,1,11,0,11
134,23,2124.0,3013.0,8.0,8.0,1,8,0,8
134,24,1937.0,3028.0,8.0,5.0,1,5,0,5
134,25,2141.0,3014.0,8.0,5.0,1,3,0,3
135,0,1623.0,3295.0,18.0,5.0,1,136,0,136
135,1,1780.0,3029.0,6.0,6.0,1,60,0,60
135,2,1801.0,3031.0,9.0,8.0,1,56,0,56
135,3,1850.0,3030.0,9.0,9.0,1,52,0,52
135,4,1866.0,3031.0,8.0,7.0,1,51,0,52
135,5,1827.0,3031.0,6.0,7.0,1,50,0,50
135,6,1885.0,3028.0,12.0,8.0,1,47,0,47
135,7,1836.0,3030.0,7.0,7.0,1,45,0,45
135,8,1903.0,3028.0,9.0,7.0,1,42,0,42
135,9,1918.0,3027.0,8.0,7.0,1,39,0,39
135,10,1990.0,3023.0,6.0,6.0,1,38,0,38
135,11,1941.0,3021.0,9.0,9.0,1,37,0,37
135,13,1949.0,3019.0,12.0,8.0,1,33,0,33
135,14,1978.0,3022.0,8.0,7.0,1,32,0,32
135,16,2002.0,3025.0,10.0,6.0,1,27,0,28
135,17,2017.0,3020.0,8.0,7.0,1,27,0,27
135,18,2052.0,3022.0,6.0,7.0,1,25,0,25
135,19,2030.0,3020.0,8.0,8.0,1,22,0,22
135,20,2068.0,3024.0,9.0,7.0,1,18,0,18
135,21,2087.0,3023.0,10.0,7.0,1,16,0,16
135,22,2102.0,3023.0,11.0,6.0,1,12,0,12
135,23,2119.0,3015.0,6.0,7.0,1,9,0,9
135,24,1930.0,3026.0,8.0,5.0,1,6,0,6
135,25,2135.0,3011.0,8.0,7.0,1,4,0,4
136,0,1620.0,3292.0,18.0,7.0,1,137,0,137
136,1,1772.0,3028.0,5.0,9.0,1,61,0,61
136,2,1796.0,3030.0,8.0,8.0,1,57,0,57
136,3,1842.0,3030.0,10.0,7.0,1,53,0,53
136,4,1860.0,3032.0,6.0,6.0,1,52,0,53
136,5,1819.0,3030.0,6.0,8.0,1,51,0,51
136,6,1878.0,3027.0,11.0,6.0,1,48,0,48
136,7,1831.0,3029.0,6.0,7.0,1,46,0,46
136,8,1899.0,3028.0,8.0,8.0,1,43,0,43
136,9,1910.0,3026.0,8.0,8.0,1,40,0,40
136,10,1983.0,3021.0,7.0,7.0,1,39,0,39
136,11,1931.0,3022.0,9.0,7.0,1,38,0,38
136,13,1944.0,3021.0,10.0,7.0,1,34,0,34
136,14,1974.0,3023.0,8.0,6.0,1,33,0,33
136,16,1997.0,3025.0,9.0,6.0,1,28,0,29
136,17,2012.0,3020.0,9.0,7.0,1,28,0,28
136,18,2043.0,3021.0,8.0,7.0,1,26,0,26
136,19,2025.0,3020.0,8.0,8.0,1,23,0,23
136,20,2061.0,3019.0,8.0,8.0,1,19,0,19
136,21,2081.0,3022.0,10.0,6.0,1,17,0,17
136,22,2101.0,3022.0,8.0,7.0,1,13,0,13
136,23,2112.0,3014.0,6.0,8.0,1,10,0,10
136,24,1926.0,3029.0,8.0,6.0,1,7,0,7
136,25,2129.0,3015.0,9.0,6.0,1,5,0,5
137,0,1620.0,3290.0,19.0,7.0,1,138,0,138
137,1,1764.0,3028.0,9.0,7.0,1,62,0,62
137,2,1791.0,3027.0,7.0,8.0,1,58,0,58
137,3,1838.0,3026.0,7.0,11.0,1,54,0,54
137,4,1852.0,3032.0,6.0,8.0,1,53,0,54
137,5,1811.0,3031.0,8.0,9.0,1,52,0,52
137,6,1871.0,3030.0,8.0,7.0,1,49,0,49
137,7,1824.0,3029.0,6.0,5.0,1,47,0,47
137,8,1893.0,3029.0,7.0,7.0,1,44,0,44
137,9,1903.0,3027.0,9.0,7.0,1,41,0,41
137,10,1981.0,3021.0,7.0,7.0,1,40,0,40
137,11,1927.0,3023.0,10.0,7.0,1,39,0,39
137,13,1940.0,3023.0,10.0,6.0,1,35,0,35
137,14,1964.0,3021.0,10.0,6.0,1,34,0,34
137,16,1993.0,3023.0,6.0,6.0,1,29,0,30
137,17,2005.0,3021.0,9.0,9.0,1,29,0,29
137,18,2039.0,3025.0,8.0,7.0,1,27,0,27
137,19,2017.0,3021.0,8.0,6.0,1,24,0,24
137,20,2057.0,3019.0,7.0,8.0,1,20,0,20
137,21,2079.0,3017.0,7.0,10.0,1,18,0,18
137,22,2092.0,3020.0,10.0,8.0,1,14,0,14
137,23,2108.0,3016.0,9.0,7.0,1,11,0,11
137,24,1921.0,3031.0,7.0,5.0,1,8,0,8
137,25,2121.0,3014.0,10.0,5.0,1,6,0,6
138,0,1618.0,3289.0,18.0,6.0,1,139,0,139
138,1,1759.0,3027.0,6.0,8.0,1,63,0,63
138,2,1782.0,3028.0,7.0,6.0,1,59,0,59
138,3,1832.0,3030.0,8.0,8.0,1,55,0,55
138,4,1846.0,3030.0,7.0,8.0,1,54,0,55
138,5,1807.0,3030.0,5.0,7.0,1,53,0,53
138,6,1870.0,3030.0,6.0,6.0,1,50,0,50
138,7,1816.0,3028.0,6.0,6.0,1,48,0,48
138,8,1883.0,3029.0,8.0,8.0,1,45,0,45
138,9,1899.0,3028.0,8.0,7.0,1,42,0,42
138,10,1974.0,3024.0,6.0,5.0,1,41,0,41
138,11,1924.0,3022.0,8.0,9.0,1,40,0,40
138,13,1936.0,3022.0,8.0,7.0,1,36,0,36
138,14,1957.0,3022.0,11.0,6.0,1,35,0,35
138,16,1985.0,3024.0,6.0,5.0,1,30,0,31
138,17,1999.0,3021.0,8.0,6.0,1,30,0,30
138,18,2034.0,3022.0,7.0,8.0,1,28,0,28
138,19,2012.0,3022.0,9.0,7.0,1,25,0,25
138,20,2050.0,3025.0,8.0,6.0,1,21,0,21
138,21,2072.0,3019.0,6.0,8.0,1,19,0,19
138,22,2085.0,3019.0,9.0,9.0,1,15,0,15
138,23,2099.0,3011.0,10.0,8.0,1,12,0,12
138,24,1911.0,3028.0,8.0,5.0,1,9,0,9
138,25,2121.0,3012.0,7.0,6.0,1,7,0,7
138,26,2141.0,3013.0,9.0,8.0,1,3,0,3
139,0,1618.0,3285.0,18.0,7.0,1,140,0,140
139,1,1751.0,3031.0,6.0,5.0,1,64,0,64
139,2,1774.0,3028.0,8.0,6.0,1,60,0,60
139,3,1825.0,3029.0,8.0,7.0,1,56,0,56
139,4,1841.0,3030.0,6.0,8.0,1,55,0,56
139,5,1800.0,3029.0,6.0,6.0,1,54,0,54
139,6,1858.0,3029.0,9.0,7.0,1,51,0,51
139,7,1809.0,3032.0,5.0,7.0,1,49,0,49
139,8,1879.0,3026.0,8.0,8.0,1,46,0,46
139,9,1892.0,3026.0,9.0,7.0,1,43,0,43
139,10,1968.0,3023.0,7.0,5.0,1,42,0,42
139,11,1918.0,3023.0,8.0,7.0,1,41,0,41
139,13,1931.0,3020.0,8.0,7.0,1,37,0,37
139,14,1954.0,3022.0,9.0,7.0,1,36,0,36
139,16,1978.0,3027.0,8.0,7.0,1,31,0,32
139,17,1992.0,3022.0,6.0,6.0,1,31,0,31
139,18,2026.0,3023.0,8.0,7.0,1,29,0,29
139,19,2005.0,3023.0,9.0,6.0,1,26,0,26
139,20,2043.0,3023.0,7.0,6.0,1,22,0,22
139,21,2065.0,3024.0,9.0,7.0,1,20,0,20
139,22,2078.0,3021.0,12.0,8.0,1,16,0,16
139,23,2101.0,3011.0,7.0,11.0,1,13,0,13
139,24,1905.0,3028.0,8.0,3.0,1,10,0,10
139,25,2110.0,3014.0,8.0,8.0,1,8,0,8
139,26,2139.0,3013.0,6.0,7.0,1,4,0,4
140,0,1614.0,3283.0,17.0,6.0,1,141,0,141
140,1,1745.0,3029.0,6.0,7.0,1,65,0,65
140,2,1767.0,3026.0,11.0,7.0,1,61,0,61
140,3,1820.0,3027.0,7.0,10.0,1,57,0,57
140,4,1834.0,3030.0,6.0,7.0,1,56,0,57
140,5,1792.0,3030.0,7.0,5.0,1,55,0,55
140,6,1854.0,3028.0,7.0,7.0,1,52,0,52
140,7,1802.0,3032.0,6.0,6.0,1,50,0,50
140,8,1872.0,3026.0,8.0,8.0,1,47,0,47
140,9,1889.0,3025.0,8.0,8.0,1,44,0,44
140,10,1962.0,3023.0,7.0,4.0,1,43,0,43
140,11,1909.0,3025.0,8.0,7.0,1,42,0,42
140,13,1924.0,3022.0,8.0,5.0,1,38,0,38
140,14,1947.0,3022.0,9.0,8.0,1,37,0,37
140,16,1974.0,3024.0,8.0,6.0,1,32,0,33
140,17,1986.0,3021.0,7.0,7.0,1,32,0,32
140,18,2020.0,3024.0,9.0,7.0,1,30,0,30
140,19,1998.0,3020.0,11.0,8.0,1,27,0,27
140,20,2040.0,3018.0,7.0,9.0,1,23,0,23
140,21,2060.0,3022.0,7.0,5.0,1,21,0,21
140,22,2077.0,3018.0,8.0,8.0,1,17,0,17
140,23,2090.0,3014.0,7.0,8.0,1,14,0,14
140,24,1900.0,3029.0,7.0,6.0,1,11,0,11
140,25,2106.0,3013.0,9.0,6.0,1,9,0,9
140,26,2131.0,3009.0,7.0,8.0,1,5,0,5
141,0,1612.0,3283.0,18.0,7.0,1,142,0,142
141,1,1738.0,3029.0,6.0,7.0,1,66,0,66
141,2,1760.0,3026.0,11.0,7.0,1,62,0,62
141,3,1811.0,3026.0,7.0,11.0,1,58,0,58
141,4,1827.0,3032.0,5.0,6.0,1,57,0,58
141,5,1784.0,3032.0,9.0,9.0,1,56,0,56
141,6,1846.0,3031.0,7.0,7.0,1,53,0,53
141,7,1797.0,3029.0,6.0,7.0,1,51,0,51
141,8,1869.0,3028.0,5.0,9.0,1,48,0,48
141,9,1879.0,3027.0,9.0,8.0,1,45,0,45
141,10,1957.0,3024.0,7.0,7.0,1,44,0,44
141,11,1904.0,3023.0,9.0,7.0,1,43,0,43
141,13,1919.0,3023.0,9.0,6.0,1,39,0,39
141,14,1942.0,3023.0,10.0,7.0,1,38,0,38
141,16,1968.0,3024.0,9.0,6.0,1,33,0,34
141,17,1982.0,3019.0,7.0,7.0,1,33,0,33
141,18,2015.0,3024.0,7.0,7.0,1,31,0,31
141,19,1992.0,3023.0,11.0,6.0,1,28,0,28
141,20,2033.0,3021.0,7.0,7.0,1,24,0,24
141,21,2053.0,3021.0,7.0,8.0,1,22,0,22
141,22,2069.0,3018.0,9.0,8.0,1,18,0,18
141,23,2082.0,3014.0,8.0,10.0,1,15,0,15
141,24,1895.0,3029.0,7.0,6.0,1,12,0,12
141,25,2103.0,3014.0,8.0,6.0,1,10,0,10
141,26,2126.0,3013.0,7.0,7.0,1,6,0,6
142,0,1610.0,3281.0,17.0,7.0,1,143,0,143
142,1,1731.0,3028.0,6.0,6.0,1,67,0,67
142,2,1752.0,3027.0,12.0,7.0,1,63,0,63
142,3,1803.0,3027.0,8.0,11.0,1,59,0,59
142,4,1819.0,3030.0,7.0,8.0,1,58,0,59
142,5,1779.0,3027.0,8.0,10.0,1,57,0,57
142,6,1838.0,3030.0,9.0,7.0,1,54,0,54
142,7,1789.0,3029.0,5.0,7.0,1,52,0,52
142,8,1859.0,3029.0,8.0,8.0,1,49,0,49
142,9,1874.0,3029.0,8.0,7.0,1,46,0,46
142,10,1950.0,3018.0,7.0,10.0,1,45,0,45
142,11,1900.0,3019.0,7.0,8.0,1,44,0,44
142,13,1913.0,3022.0,6.0,4.0,1,40,0,40
142,14,1937.0,3019.0,9.0,7.0,1,39,0,39
142,16,1963.0,3022.0,9.0,7.0,1,34,0,35
142,17,1973.0,3021.0,8.0,5.0,1,34,0,34
142,18,2012.0,3020.0,5.0,7.0,1,32,0,32
142,19,1984.0,3023.0,12.0,5.0,1,29,0,29
142,20,2027.0,3022.0,7.0,7.0,1,25,0,25
142,21,2047.0,3019.0,9.0,8.0,1,23,0,23
142,22,2065.0,3021.0,9.0,9.0,1,19,0,19
142,23,2078.0,3012.0,7.0,10.0,1,16,0,16
142,24,1889.0,3028.0,6.0,6.0,1,13,0,13
142,25,2095.0,3014.0,11.0,8.0,1,11,0,11
142,26,2120.0,3015.0,9.0,7.0,1,7,0,7
143,0,1608.0,3279.0,17.0,6.0,1,144,0,144
143,1,1723.0,3029.0,6.0,8.0,1,68,0,68
143,2,1748.0,3026.0,12.0,8.0,1,64,0,64
143,3,1799.0,3028.0,7.0,10.0,1,60,0,60
143,4,1815.0,3028.0,6.0,7.0,1,59,0,60
143,5,1772.0,3028.0,8.0,13.0,1,58,0,58
143,6,1834.0,3027.0,8.0,7.0,1,55,0,55
143,7,1781.0,3030.0,7.0,7.0,1,53,0,53
143,8,1856.0,3029.0,7.0,9.0,1,50,0,50
143,9,1868.0,3028.0,7.0,7.0,1,47,0,47
143,10,1942.0,3018.0,9.0,10.0,1,46,0,46
143,11,1893.0,3020.0,8.0,9.0,1,45,0,45
143,13,1909.0,3019.0,6.0,8.0,1,41,0,41
143,14,1932.0,3020.0,10.0,8.0,1,40,0,40
143,16,1955.0,3024.0,7.0,6.0,1,35,0,36
143,17,1971.0,3023.0,7.0,7.0,1,35,0,35
143,18,2004.0,3024.0,7.0,6.0,1,33,0,33
143,19,1986.0,3022.0,7.0,4.0,1,30,0,30
143,20,2021.0,3022.0,8.0,6.0,1,26,0,26
143,21,2041.0,3020.0,9.0,9.0,1,24,0,24
143,22,2060.0,3019.0,9.0,8.0,1,20,0,20
143,23,2072.0,3010.0,8.0,12.0,1,17,0,17
143,24,1883.0,3029.0,6.0,4.0,1,14,0,14
143,25,2089.0,3013.0,10.0,8.0,1,12,0,12
143,26,2114.0,3012.0,8.0,7.0,1,8,0,8
144,0,1609.0,3278.0,17.0,6.0,1,145,0,145
144,1,1715.0,3031.0,10.0,5.0,1,69,0,69
144,2,1741.0,3025.0,10.0,7.0,1,65,0,65
144,3,1791.0,3028.0,7.0,8.0,1,61,0,61
144,4,1807.0,3029.0,7.0,7.0,1,60,0,61
144,5,1762.0,3030.0,9.0,5.0,1,59,0,59
144,6,1826.0,3027.0,9.0,7.0,1,56,0,56
144,7,1776.0,3031.0,7.0,6.0,1,54,0,54
144,8,1847.0,3026.0,9.0,8.0,1,51,0,51
144,9,1862.0,3027.0,9.0,7.0,1,48,0,48
144,10,1936.0,3023.0,11.0,7.0,1,47,0,47
144,11,1885.0,3023.0,9.0,7.0,1,46,0,46
144,13,1901.0,3020.0,7.0,6.0,1,42,0,42
144,14,1926.0,3023.0,9.0,6.0,1,41,0,41
144,16,1951.0,3022.0,8.0,6.0,1,36,0,37
144,17,1963.0,3019.0,7.0,5.0,1,36,0,36
144,18,1998.0,3025.0,6.0,6.0,1,34,0,34
144,19,1977.0,3019.0,7.0,7.0,1,31,0,31
144,20,2015.0,3019.0,7.0,8.0,1,27,0,27
144,21,2035.0,3015.0,8.0,7.0,1,25,0,25
144,22,2052.0,3018.0,8.0,8.0,1,21,0,21
144,23,2067.0,3011.0,9.0,8.0,1,18,0,18
144,24,1876.0,3029.0,7.0,6.0,1,15,0,15
144,25,2085.0,3012.0,8.0,7.0,1,13,0,13
144,26,2106.0,3014.0,8.0,7.0,1,9,0,9
145,0,1607.0,3275.0,17.0,6.0,1,146,0,146
145,1,1711.0,3028.0,5.0,7.0,1,70,0,70
145,2,1736.0,3024.0,6.0,7.0,1,66,0,66
145,3,1784.0,3028.0,7.0,9.0,1,62,0,62
145,4,1801.0,3028.0,7.0,7.0,1,61,0,62
145,5,1758.0,3034.0,7.0,5.0,1,60,0,60
145,6,1819.0,3029.0,9.0,7.0,1,57,0,57
145,7,1770.0,3030.0,6.0,5.0,1,55,0,55
145,8,1842.0,3030.0,7.0,7.0,1,52,0,52
145,9,1855.0,3028.0,10.0,10.0,1,49,0,49
145,10,1931.0,3021.0,9.0,8.0,1,48,0,48
145,11,1880.0,3023.0,8.0,7.0,1,47,0,47
145,13,1895.0,3023.0,8.0,6.0,1,43,0,43
145,14,1918.0,3023.0,12.0,7.0,1,42,0,42
145,16,1945.0,3021.0,8.0,8.0,1,37,0,38
145,17,1958.0,3017.0,8.0,8.0,1,37,0,37
145,18,1990.0,3024.0,9.0,8.0,1,35,0,35
145,19,1971.0,3021.0,8.0,6.0,1,32,0,32
145,20,2009.0,3022.0,7.0,7.0,1,28,0,28
145,21,2028.0,3017.0,7.0,7.0,1,26,0,26
145,22,2045.0,3017.0,9.0,8.0,1,22,0,22
145,23,2058.0,3014.0,10.0,9.0,1,19,0,19
145,24,1870.0,3031.0,5.0,3.0,1,16,0,16
145,25,2076.0,3014.0,8.0,7.0,1,14,0,14
145,26,2102.0,3015.0,7.0,6.0,1,10,0,10
146,0,1605.0,3275.0,17.0,6.0,1,147,0,147
146,1,1702.0,3026.0,7.0,8.0,1,71,0,71
146,2,1727.0,3026.0,8.0,7.0,1,67,0,67
146,3,1777.0,3030.0,8.0,8.0,1,63,0,63
146,4,1794.0,3030.0,7.0,7.0,1,62,0,63
146,5,1752.0,3031.0,5.0,5.0,1,61,0,61
146,6,1812.0,3030.0,9.0,7.0,1,58,0,58
146,7,1765.0,3027.0,6.0,6.0,1,56,0,56
146,8,1833.0,3028.0,7.0,9.0,1,53,0,53
146,9,1849.0,3028.0,8.0,7.0,1,50,0,50
146,10,1926.0,3019.0,9.0,9.0,1,49,0,49
146,11,1872.0,3020.0,9.0,8.0,1,48,0,48
146,13,1888.0,3023.0,7.0,6.0,1,44,0,44
146,14,1912.0,3021.0,10.0,8.0,1,43,0,43
146,16,1938.0,3023.0,8.0,5.0,1,38,0,39
146,17,1950.0,3022.0,7.0,7.0,1,38,0,38
146,18,1987.0,3023.0,7.0,5.0,1,36,0,36
146,19,1963.0,3019.0,8.0,6.0,1,33,0,33
146,20,2001.0,3024.0,8.0,7.0,1,29,0,29
146,21,2023.0,3022.0,6.0,5.0,1,27,0,27
146,22,2040.0,3019.0,8.0,9.0,1,23,0,23
146,23,2054.0,3014.0,9.0,9.0,1,20,0,20
146,24,1864.0,3025.0,7.0,6.0,1,17,0,17
146,25,2071.0,3015.0,9.0,6.0,1,15,0,15
146,26,2096.0,3014.0,8.0,7.0,1,11,0,11
147,0,1604.0,3271.0,18.0,9.0,1,148,0,148
147,1,1697.0,3029.0,7.0,8.0,1,72,0,72
147,2,1717.0,3026.0,10.0,8.0,1,68,0,68
147,3,1771.0,3027.0,7.0,8.0,1,64,0,64
147,4,1788.0,3026.0,7.0,8.0,1,63,0,64
147,5,1745.0,3027.0,7.0,8.0,1,62,0,62
147,6,1806.0,3028.0,10.0,8.0,1,59,0,59
147,7,1754.0,3030.0,7.0,5.0,1,57,0,57
147,8,1828.0,3027.0,8.0,8.0,1,54,0,54
147,9,1843.0,3027.0,8.0,7.0,1,51,0,51
147,10,1921.0,3019.0,9.0,9.0,1,50,0,50
147,11,1865.0,3020.0,9.0,8.0,1,49,0,49
147,13,1883.0,3022.0,8.0,8.0,1,45,0,45
147,14,1907.0,3020.0,10.0,7.0,1,44,0,44
147,16,1933.0,3021.0,7.0,6.0,1,39,0,40
147,17,1946.0,3020.0,9.0,7.0,1,39,0,39
147,18,1981.0,3021.0,8.0,6.0,1,37,0,37
147,19,1956.0,3021.0,9.0,7.0,1,34,0,34
147,20,1997.0,3020.0,7.0,8.0,1,30,0,30
147,21,2020.0,3020.0,8.0,7.0,1,28,0,28
147,22,2033.0,3021.0,11.0,9.0,1,24,0,24
147,23,2049.0,3009.0,10.0,11.0,1,21,0,21
147,24,1856.0,3028.0,7.0,4.0,1,18,0,18
147,25,2068.0,3012.0,9.0,7.0,1,16,0,16
147,26,2092.0,3013.0,6.0,7.0,1,12,0,12
148,0,1600.0,3270.0,16.0,7.0,1,149,0,149
148,1,1690.0,3029.0,6.0,8.0,1,73,0,73
148,2,1713.0,3024.0,9.0,9.0,1,69,0,69
148,3,1764.0,3027.0,8.0,9.0,1,65,0,65
148,4,1782.0,3029.0,8.0,9.0,1,64,0,65
148,5,1738.0,3030.0,6.0,3.0,1,63,0,63
148,6,1800.0,3027.0,9.0,8.0,1,60,0,60
148,7,1750.0,3029.0,7.0,6.0,1,58,0,58
148,8,1822.0,3025.0,7.0,9.0,1,55,0,55
148,9,1836.0,3027.0,8.0,7.0,1,52,0,52
148,10,1915.0,3020.0,9.0,7.0,1,51,0,51
148,11,1860.0,3022.0,11.0,8.0,1,50,0,50
148,13,1878.0,3021.0,7.0,7.0,1,46,0,46
148,14,1900.0,3022.0,10.0,8.0,1,45,0,45
148,16,1929.0,3021.0,7.0,5.0,1,40,0,41
148,17,1940.0,3020.0,7.0,6.0,1,40,0,40
148,18,1971.0,3021.0,7.0,7.0,1,38,0,38
148,19,1952.0,3020.0,8.0,7.0,1,35,0,35
148,20,1989.0,3018.0,8.0,8.0,1,31,0,31
148,21,2011.0,3019.0,8.0,9.0,1,29,0,29
148,22,2031.0,3018.0,8.0,7.0,1,25,0,25
148,23,2042.0,3011.0,9.0,11.0,1,22,0,22
148,24,1851.0,3028.0,6.0,7.0,1,19,0,19
148,25,2063.0,3010.0,7.0,8.0,1,17,0,17
148,26,2081.0,3011.0,7.0,8.0,1,13,0,13
149,0,1601.0,3269.0,17.0,7.0,1,150,0,150
149,1,1683.0,3027.0,6.0,7.0,1,74,0,74
149,2,1706.0,3027.0,6.0,7.0,1,70,0,70
149,3,1757.0,3025.0,7.0,10.0,1,66,0,66
149,4,1774.0,3028.0,9.0,8.0,1,65,0,66
149,5,1730.0,3030.0,9.0,5.0,1,64,0,64
149,6,1793.0,3028.0,9.0,7.0,1,61,0,61
149,7,1743.0,3028.0,6.0,6.0,1,59,0,59
149,8,1815.0,3027.0,6.0,8.0,1,56,0,56
149,9,1833.0,3029.0,9.0,8.0,1,53,0,53
149,10,1910.0,3021.0,9.0,5.0,1,52,0,52
149,11,1855.0,3021.0,11.0,7.0,1,51,0,51
149,13,1872.0,3023.0,8.0,6.0,1,47,0,47
149,14,1897.0,3021.0,8.0,6.0,1,46,0,46
149,16,1921.0,3022.0,8.0,6.0,1,41,0,42
149,17,1934.0,3017.0,8.0,7.0,1,41,0,41
149,18,1967.0,3022.0,8.0,5.0,1,39,0,39
149,19,1947.0,3019.0,8.0,8.0,1,36,0,36
149,20,1981.0,3021.0,9.0,5.0,1,32,0,32
149,21,2006.0,3018.0,8.0,9.0,1,30,0,30
149,22,2025.0,3020.0,5.0,9.0,1,26,0,26
149,23,2034.0,3013.0,8.0,9.0,1,23,0,23
149,24,1845.0,3026.0,7.0,7.0,1,20,0,20
149,25,2055.0,3011.0,7.0,8.0,1,18,0,18
149,26,2081.0,3011.0,7.0,7.0,1,14,0,14
150,0,1599.0,3268.0,18.0,8.0,1,151,0,151
150,1,1677.0,3027.0,6.0,6.0,1,75,0,75
150,2,1697.0,3026.0,6.0,8.0,1,71,0,71
150,3,1753.0,3026.0,8.0,11.0,1,67,0,67
150,4,1767.0,3030.0,8.0,8.0,1,66,0,67
150,5,1727.0,3029.0,4.0,7.0,1,65,0,65
150,6,1786.0,3028.0,8.0,7.0,1,62,0,62
150,7,1736.0,3026.0,6.0,6.0,1,60,0,60
150,8,1808.0,3030.0,8.0,5.0,1,57,0,57
150,9,1823.0,3028.0,9.0,8.0,1,54,0,54
150,10,1903.0,3020.0,9.0,7.0,1,53,0,53
150,11,1845.0,3019.0,12.0,10.0,1,52,0,52
150,13,1866.0,3024.0,7.0,5.0,1,48,0,48
150,14,1892.0,3021.0,8.0,5.0,1,47,0,47
150,16,1916.0,3020.0,7.0,6.0,1,42,0,43
150,17,1924.0,3020.0,9.0,7.0,1,42,0,42
150,18,1962.0,3018.0,7.0,9.0,1,40,0,40
150,19,1942.0,3019.0,7.0,7.0,1,37,0,37
150,20,1977.0,3017.0,6.0,7.0,1,33,0,33
150,21,2000.0,3019.0,8.0,10.0,1,31,0,31
150,22,2014.0,3018.0,11.0,8.0,1,27,0,27
150,23,2028.0,3011.0,8.0,10.0,1,24,0,24
150,24,1838.0,3029.0,8.0,6.0,1,21,0,21
150,25,2048.0,3010.0,7.0,7.0,1,19,0,19
150,26,2070.0,3015.0,10.0,6.0,1,15,0,15
151,0,1597.0,3267.0,17.0,7.0,1,152,0,152
151,1,1665.0,3026.0,7.0,7.0,1,76,0,76
151,2,1691.0,3027.0,9.0,6.0,1,72,0,72
151,3,1746.0,3026.0,7.0,9.0,1,68,0,68
151,4,1765.0,3029.0,5.0,6.0,1,67,0,68
151,5,1720.0,3026.0,6.0,7.0,1,66,0,66
151,6,1782.0,3025.0,8.0,8.0,1,63,0,63
151,7,1730.0,3028.0,7.0,5.0,1,61,0,61
151,8,1803.0,3027.0,7.0,7.0,1,58,0,58
151,9,1817.0,3027.0,9.0,9.0,1,55,0,55
151,10,1899.0,3020.0,8.0,8.0,1,54,0,54
151,11,1841.0,3021.0,11.0,8.0,1,53,0,53
151,13,1861.0,3019.0,7.0,8.0,1,49,0,49
151,14,1883.0,3020.0,11.0,8.0,1,48,0,48
151,16,1911.0,3023.0,8.0,6.0,1,43,0,44
151,17,1921.0,3018.0,9.0,7.0,1,43,0,43
151,18,1956.0,3021.0,7.0,8.0,1,41,0,41
151,19,1935.0,3020.0,8.0,7.0,1,38,0,38
151,20,1973.0,3020.0,6.0,6.0,1,34,0,34
151,21,1993.0,3017.0,6.0,7.0,1,32,0,32
151,22,2008.0,3021.0,10.0,7.0,1,28,0,28
151,23,2025.0,3009.0,7.0,12.0,1,25,0,25
151,24,1832.0,3029.0,7.0,6.0,1,22,0,22
151,25,2043.0,3010.0,7.0,8.0,1,20,0,20
151,26,2063.0,3012.0,11.0,8.0,1,16,0,16
152,0,1598.0,3265.0,15.0,6.0,1,153,0,153
152,1,1664.0,3026.0,8.0,6.0,1,77,0,77
152,2,1683.0,3027.0,7.0,7.0,1,73,0,73
152,3,1739.0,3025.0,8.0,11.0,1,69,0,69
152,4,1753.0,3026.0,6.0,7.0,1,68,0,69
152,5,1710.0,3027.0,6.0,7.0,1,67,0,67
152,6,1777.0,3024.0,9.0,8.0,1,64,0,64
152,7,1723.0,3027.0,7.0,7.0,1,62,0,62
152,8,1796.0,3028.0,7.0,7.0,1,59,0,59
152,9,1810.0,3029.0,11.0,8.0,1,56,0,56
152,10,1891.0,3021.0,9.0,6.0,1,55,0,55
152,11,1834.0,3022.0,9.0,7.0,1,54,0,54
152,13,1852.0,3021.0,8.0,8.0,1,50,0,50
152,14,1877.0,3023.0,10.0,7.0,1,49,0,49
152,16,1904.0,3019.0,8.0,9.0,1,44,0,45
152,17,1916.0,3020.0,8.0,7.0,1,44,0,44
152,18,1951.0,3025.0,8.0,7.0,1,42,0,42
152,19,1931.0,3017.0,7.0,9.0,1,39,0,39
152,20,1963.0,3020.0,8.0,5.0,1,35,0,35
152,21,1988.0,3017.0,7.0,7.0,1,33,0,33
152,22,2004.0,3019.0,10.0,8.0,1,29,0,29
152,23,2017.0,3008.0,8.0,11.0,1,26,0,26
152,24,1824.0,3028.0,6.0,6.0,1,23,0,23
152,25,2036.0,3013.0,7.0,7.0,1,21,0,21
152,26,2063.0,3011.0,6.0,9.0,1,17,0,17
153,0,1597.0,3265.0,15.0,8.0,1,154,0,154
153,1,1656.0,3025.0,7.0,8.0,1,78,0,78
153,2,1680.0,3024.0,6.0,9.0,1,74,0,74
153,3,1732.0,3027.0,8.0,11.0,1,70,0,70
153,4,1745.0,3026.0,9.0,8.0,1,69,0,70
153,5,1703.0,3029.0,8.0,7.0,1,68,0,68
153,6,1766.0,3029.0,8.0,8.0,1,65,0,65
153,7,1717.0,3027.0,7.0,5.0,1,63,0,63
153,8,1787.0,3029.0,11.0,7.0,1,60,0,60
153,9,1803.0,3025.0,8.0,7.0,1,57,0,57
153,10,1886.0,3021.0,8.0,10.0,1,56,0,56
153,11,1830.0,3022.0,8.0,7.0,1,55,0,55
153,13,1847.0,3023.0,9.0,8.0,1,51,0,51
153,14,1870.0,3021.0,10.0,8.0,1,50,0,50
153,16,1897.0,3018.0,10.0,7.0,1,45,0,46
153,17,1907.0,3020.0,9.0,7.0,1,45,0,45
153,18,1942.0,3024.0,8.0,7.0,1,43,0,43
153,19,1924.0,3017.0,7.0,8.0,1,40,0,40
153,20,1956.0,3022.0,9.0,6.0,1,36,0,36
153,21,1981.0,3018.0,10.0,10.0,1,34,0,34
153,22,1998.0,3018.0,11.0,8.0,1,30,0,30
153,23,2010.0,3013.0,10.0,9.0,1,27,0,27
153,24,1819.0,3028.0,8.0,5.0,1,24,0,24
153,25,2030.0,3011.0,8.0,8.0,1,22,0,22
153,26,2054.0,3010.0,9.0,9.0,1,18,0,18
154,0,1598.0,3265.0,16.0,9.0,1,155,0,155
154,1,1650.0,3024.0,7.0,8.0,1,79,0,79
154,2,1670.0,3025.0,5.0,5.0,1,75,0,75
154,3,1725.0,3026.0,8.0,10.0,1,71,0,71
154,4,1742.0,3029.0,8.0,8.0,1,70,0,71
154,5,1696.0,3026.0,8.0,5.0,1,69,0,69
154,6,1761.0,3030.0,9.0,7.0,1,66,0,66
154,7,1709.0,3027.0,8.0,5.0,1,64,0,64
154,8,1783.0,3028.0,8.0,8.0,1,61,0,61
154,9,1798.0,3028.0,11.0,7.0,1,58,0,58
154,10,1878.0,3019.0,9.0,9.0,1,57,0,57
154,11,1826.0,3021.0,8.0,8.0,1,56,0,56
154,13,1842.0,3024.0,8.0,6.0,1,52,0,52
154,14,1865.0,3020.0,9.0,7.0,1,51,0,51
154,16,1893.0,3016.0,8.0,7.0,1,46,0,47
154,17,1902.0,3020.0,7.0,7.0,1,46,0,46
154,18,1937.0,3020.0,7.0,10.0,1,44,0,44
154,19,1914.0,3018.0,8.0,10.0,1,41,0,41
154,20,1949.0,3020.0,8.0,8.0,1,37,0,37
154,21,1972.0,3020.0,10.0,7.0,1,35,0,35
154,22,1990.0,3021.0,11.0,8.0,1,31,0,31
154,23,2005.0,3012.0,10.0,9.0,1,28,0,28
154,24,1814.0,3027.0,5.0,5.0,1,25,0,25
154,25,2024.0,3012.0,8.0,8.0,1,23,0,23
154,26,2045.0,3011.0,10.0,9.0,1,19,0,19
155,0,1597.0,3264.0,17.0,8.0,1,156,0,156
155,1,1642.0,3026.0,7.0,7.0,1,80,0,80
155,2,1666.0,3026.0,5.0,6.0,1,76,0,76
155,3,1720.0,3026.0,7.0,10.0,1,72,0,72
155,4,1734.0,3027.0,7.0,7.0,1,71,0,72
155,5,1693.0,3025.0,5.0,6.0,1,70,0,70
155,6,1755.0,3025.0,11.0,7.0,1,67,0,67
155,7,1702.0,3027.0,8.0,5.0,1,65,0,65
155,8,1778.0,3027.0,7.0,7.0,1,62,0,62
155,9,1792.0,3028.0,10.0,8.0,1,59,0,59
155,10,1876.0,3020.0,9.0,9.0,1,58,0,58
155,11,1816.0,3023.0,9.0,7.0,1,57,0,57
155,13,1837.0,3023.0,6.0,7.0,1,53,0,53
155,14,1859.0,3020.0,9.0,8.0,1,52,0,52
155,16,1885.0,3017.0,9.0,8.0,1,47,0,48
155,17,1895.0,3021.0,7.0,8.0,1,47,0,47
155,18,1931.0,3026.0,7.0,6.0,1,45,0,45
155,19,1909.0,3018.0,8.0,10.0,1,42,0,42
155,20,1944.0,3017.0,9.0,7.0,1,38,0,38
155,21,1968.0,3016.0,9.0,10.0,1,36,0,36
155,22,1986.0,3019.0,10.0,7.0,1,32,0,32
155,23,2000.0,3008.0,7.0,9.0,1,29,0,29
155,24,1807.0,3025.0,5.0,6.0,1,26,0,26
155,25,2019.0,3010.0,8.0,9.0,1,24,0,24
155,26,2041.0,3011.0,9.0,8.0,1,20,0,20
156,0,1596.0,3262.0,16.0,8.0,1,157,0,157
156,1,1634.0,3029.0,7.0,5.0,1,81,0,81
156,2,1661.0,3027.0,5.0,5.0,1,77,0,77
156,3,1713.0,3024.0,6.0,11.0,1,73,0,73
156,4,1728.0,3025.0,9.0,10.0,1,72,0,73
156,5,1682.0,3028.0,6.0,5.0,1,71,0,71
156,6,1749.0,3026.0,9.0,7.0,1,68,0,68
156,7,1695.0,3026.0,9.0,5.0,1,66,0,66
156,8,1768.0,3026.0,7.0,7.0,1,63,0,63
156,9,1786.0,3027.0,8.0,7.0,1,60,0,60
156,10,1866.0,3022.0,11.0,6.0,1,59,0,59
156,11,1809.0,3022.0,11.0,8.0,1,58,0,58
156,13,1828.0,3023.0,7.0,6.0,1,54,0,54
156,14,1854.0,3023.0,8.0,5.0,1,53,0,53
156,16,1883.0,3021.0,8.0,9.0,1,48,0,49
156,17,1891.0,3018.0,7.0,8.0,1,48,0,48
156,18,1922.0,3022.0,8.0,7.0,1,46,0,46
156,19,1905.0,3019.0,8.0,12.0,1,43,0,43
156,20,1939.0,3016.0,9.0,8.0,1,39,0,39
156,21,1962.0,3018.0,7.0,5.0,1,37,0,37
156,22,1981.0,3018.0,9.0,6.0,1,33,0,33
156,23,1994.0,3009.0,7.0,10.0,1,30,0,30
156,24,1800.0,3027.0,8.0,5.0,1,27,0,27
156,25,2010.0,3008.0,9.0,10.0,1,25,0,25
156,26,2035.0,3010.0,8.0,8.0,1,21,0,21
157,0,1594.0,3262.0,16.0,9.0,1,158,0,158
157,1,1628.0,3025.0,6.0,5.0,1,82,0,82
157,2,1650.0,3026.0,6.0,6.0,1,78,0,78
157,3,1706.0,3027.0,7.0,10.0,1,74,0,74
157,4,1724.0,3026.0,6.0,6.0,1,73,0,74
157,5,1674.0,3029.0,7.0,8.0,1,72,0,72
157,6,1742.0,3026.0,9.0,7.0,1,69,0,69
157,7,1687.0,3025.0,7.0,6.0,1,67,0,67
157,8,1763.0,3026.0,9.0,8.0,1,64,0,64
157,9,1777.0,3025.0,8.0,7.0,1,61,0,61
157,10,1863.0,3022.0,9.0,7.0,1,60,0,60
157,11,1805.0,3022.0,9.0,7.0,1,59,0,59
157,13,1822.0,3022.0,8.0,7.0,1,55,0,55
157,14,1847.0,3023.0,8.0,7.0,1,54,0,54
157,16,1876.0,3021.0,7.0,7.0,1,49,0,50
157,17,1882.0,3020.0,7.0,9.0,1,49,0,49
157,18,1919.0,3024.0,8.0,5.0,1,47,0,47
157,19,1900.0,3018.0,8.0,12.0,1,44,0,44
157,20,1935.0,3020.0,8.0,7.0,1,40,0,40
157,21,1957.0,3020.0,9.0,9.0,1,38,0,38
157,22,1975.0,3020.0,10.0,7.0,1,34,0,34
157,23,1987.0,3010.0,7.0,10.0,1,31,0,31
157,24,1793.0,3027.0,6.0,6.0,1,28,0,28
157,25,2006.0,3010.0,8.0,8.0,1,26,0,26
157,26,2031.0,3009.0,9.0,10.0,1,22,0,22
158,0,1595.0,3263.0,15.0,9.0,1,159,0,159
158,1,1620.0,3025.0,7.0,6.0,1,83,0,83
158,2,1643.0,3026.0,7.0,7.0,1,79,0,79
158,3,1701.0,3027.0,8.0,11.0,1,75,0,75
158,4,1714.0,3026.0,7.0,7.0,1,74,0,75
158,5,1672.0,3027.0,4.0,6.0,1,73,0,73
158,6,1737.0,3029.0,8.0,7.0,1,70,0,70
158,7,1681.0,3025.0,7.0,7.0,1,68,0,68
158,8,1757.0,3028.0,7.0,7.0,1,65,0,65
158,9,1771.0,3026.0,9.0,5.0,1,62,0,62
158,10,1859.0,3018.0,8.0,10.0,1,61,0,61
158,11,1797.0,3018.0,11.0,10.0,1,60,0,60
158,13,1815.0,3022.0,8.0,6.0,1,56,0,56
158,14,1842.0,3024.0,9.0,7.0,1,55,0,55
158,16,1869.0,3017.0,7.0,8.0,1,50,0,51
158,17,1876.0,3019.0,8.0,8.0,1,50,0,50
158,18,1913.0,3020.0,7.0,8.0,1,48,0,48
158,19,1891.0,3018.0,10.0,10.0,1,45,0,45
158,20,1924.0,3019.0,9.0,5.0,1,41,0,41
158,21,1952.0,3015.0,8.0,9.0,1,39,0,39
158,22,1968.0,3021.0,11.0,7.0,1,35,0,35
158,23,1983.0,3013.0,8.0,10.0,1,32,0,32
158,24,1787.0,3027.0,7.0,5.0,1,29,0,29
158,25,2000.0,3013.0,7.0,9.0,1,27,0,27
158,26,2023.0,3009.0,10.0,10.0,1,23,0,23
159,0,1594.0,3262.0,16.0,8.0,1,160,0,160
159,1,1613.0,3022.0,8.0,7.0,1,84,0,84
159,2,1633.0,3027.0,8.0,6.0,1,80,0,80
159,3,1693.0,3024.0,8.0,9.0,1,76,0,76
159,4,1707.0,3027.0,7.0,6.0,1,75,0,76
159,5,1665.0,3026.0,4.0,7.0,1,74,0,74
159,6,1729.0,3027.0,9.0,7.0,1,71,0,71
159,7,1675.0,3024.0,7.0,6.0,1,69,0,69
159,8,1751.0,3028.0,9.0,6.0,1,66,0,66
159,9,1767.0,3028.0,10.0,6.0,1,63,0,63
159,10,1852.0,3019.0,7.0,9.0,1,62,0,62
159,11,1793.0,3022.0,8.0,7.0,1,61,0,61
159,13,1809.0,3021.0,7.0,5.0,1,57,0,57
159,14,1839.0,3021.0,8.0,11.0,1,56,0,56
159,16,1863.0,3015.0,7.0,10.0,1,51,0,52
159,17,1870.0,3020.0,11.0,7.0,1,51,0,51
159,18,1906.0,3023.0,8.0,6.0,1,49,0,49
159,19,1885.0,3017.0,10.0,8.0,1,46,0,46
159,20,1920.0,3016.0,8.0,9.0,1,42,0,42
159,21,1944.0,3015.0,8.0,8.0,1,40,0,40
159,22,1963.0,3019.0,8.0,6.0,1,36,0,36
159,23,1975.0,3009.0,7.0,10.0,1,33,0,33
159,24,1781.0,3027.0,6.0,3.0,1,30,0,30
159,25,1994.0,3011.0,7.0,7.0,1,28,0,28
159,26,2016.0,3014.0,10.0,8.0,1,24,0,24
160,0,1595.0,3261.0,15.0,9.0,1,161,0,161
160,1,1606.0,3023.0,7.0,7.0,1,85,0,85
160,2,1631.0,3024.0,6.0,8.0,1,81,0,81
160,3,1685.0,3027.0,7.0,8.0,1,77,0,77
160,4,1702.0,3026.0,6.0,8.0,1,76,0,77
160,5,1655.0,3026.0,9.0,5.0,1,75,0,75
160,6,1726.0,3028.0,8.0,6.0,1,72,0,72
160,7,1669.0,3027.0,6.0,7.0,1,70,0,70
160,8,1745.0,3024.0,7.0,7.0,1,67,0,67
160,9,1759.0,3026.0,10.0,7.0,1,64,0,64
160,10,1843.0,3022.0,9.0,6.0,1,63,0,63
160,11,1785.0,3022.0,8.0,8.0,1,62,0,62
160,13,1804.0,3022.0,8.0,5.0,1,58,0,58
160,14,1833.0,3022.0,8.0,9.0,1,57,0,57
160,16,1856.0,3019.0,9.0,11.0,1,52,0,53
160,17,1866.0,3019.0,9.0,8.0,1,52,0,52
160,18,1898.0,3023.0,6.0,6.0,1,50,0,50
160,19,1879.0,3018.0,9.0,9.0,1,47,0,47
160,20,1910.0,3018.0,8.0,6.0,1,43,0,43
160,21,1937.0,3017.0,9.0,7.0,1,41,0,41
160,22,1953.0,3020.0,10.0,7.0,1,37,0,37
160,23,1970.0,3009.0,6.0,10.0,1,34,0,34
160,24,1775.0,3025.0,6.0,5.0,1,31,0,31
160,25,1988.0,3010.0,8.0,9.0,1,29,0,29
160,26,2010.0,3012.0,8.0,8.0,1,25,0,25
161,0,1592.0,3261.0,15.0,7.0,1,162,0,162
161,1,1597.0,3019.0,10.0,8.0,1,86,0,86
161,2,1622.0,3024.0,6.0,6.0,1,82,0,82
161,3,1680.0,3024.0,7.0,11.0,1,78,0,78
161,4,1694.0,3027.0,6.0,6.0,1,77,0,78
161,5,1646.0,3026.0,11.0,5.0,1,76,0,76
161,6,1715.0,3026.0,8.0,6.0,1,73,0,73
161,7,1661.0,3021.0,7.0,6.0,1,71,0,71
161,8,1738.0,3026.0,7.0,7.0,1,68,0,68
161,9,1753.0,3022.0,9.0,7.0,1,65,0,65
161,10,1839.0,3023.0,10.0,6.0,1,64,0,64
161,11,1781.0,3020.0,6.0,8.0,1,63,0,63
161,13,1799.0,3023.0,6.0,5.0,1,59,0,59
161,14,1825.0,3022.0,11.0,8.0,1,58,0,58
161,16,1851.0,3021.0,8.0,9.0,1,53,0,54
161,17,1858.0,3019.0,10.0,5.0,1,53,0,53
161,18,1892.0,3023.0,6.0,5.0,1,51,0,51
161,19,1874.0,3017.0,9.0,8.0,1,48,0,48
161,20,1909.0,3019.0,7.0,5.0,1,44,0,44
161,21,1930.0,3017.0,8.0,7.0,1,42,0,42
161,22,1947.0,3021.0,10.0,9.0,1,38,0,38
161,23,1962.0,3011.0,7.0,10.0,1,35,0,35
161,24,1769.0,3024.0,6.0,7.0,1,32,0,32
161,25,1980.0,3011.0,10.0,9.0,1,30,0,30
161,26,2006.0,3010.0,8.0,9.0,1,26,0,26
162,0,1592.0,3261.0,15.0,8.0,1,163,0,163
162,1,1589.0,3023.0,10.0,7.0,1,87,0,87
162,2,1614.0,3021.0,5.0,5.0,1,83,0,83
162,3,1673.0,3024.0,8.0,8.0,1,79,0,79
162,4,1686.0,3026.0,8.0,9.0,1,78,0,79
162,5,1642.0,3025.0,8.0,6.0,1,77,0,77
162,6,1711.0,3026.0,8.0,6.0,1,74,0,74
162,7,1656.0,3025.0,7.0,6.0,1,72,0,72
162,8,1732.0,3028.0,8.0,5.0,1,69,0,69
162,9,1747.0,3025.0,8.0,7.0,1,66,0,66
162,10,1833.0,3019.0,7.0,9.0,1,65,0,65
162,11,1773.0,3018.0,8.0,9.0,1,64,0,64
162,13,1792.0,3025.0,8.0,6.0,1,60,0,60
162,14,1819.0,3022.0,9.0,7.0,1,59,0,59
162,16,1843.0,3018.0,9.0,10.0,1,54,0,55
162,17,1853.0,3018.0,10.0,6.0,1,54,0,54
162,18,1890.0,3019.0,5.0,9.0,1,52,0,52
162,19,1867.0,3020.0,9.0,8.0,1,49,0,49
162,20,1902.0,3017.0,7.0,6.0,1,45,0,45
162,21,1923.0,3016.0,8.0,9.0,1,43,0,43
162,22,1944.0,3018.0,7.0,9.0,1,39,0,39
162,23,1956.0,3011.0,8.0,11.0,1,36,0,36
162,24,1763.0,3026.0,7.0,5.0,1,33,0,33
162,25,1974.0,3013.0,11.0,8.0,1,31,0,31
162,26,1998.0,3009.0,9.0,7.0,1,27,0,27
163,0,1594.0,3259.0,15.0,8.0,1,164,0,164
163,1,1585.0,3023.0,10.0,8.0,1,88,0,88
163,2,1606.0,3022.0,8.0,8.0,1,84,0,84
163,3,1664.0,3022.0,8.0,11.0,1,80,0,80
163,4,1681.0,3027.0,6.0,6.0,1,79,0,80
163,5,1633.0,3024.0,8.0,8.0,1,78,0,78
163,6,1704.0,3025.0,8.0,7.0,1,75,0,75
163,7,1645.0,3021.0,8.0,9.0,1,73,0,73
163,8,1727.0,3026.0,6.0,6.0,1,70,0,70
163,9,1743.0,3026.0,8.0,7.0,1,67,0,67
163,10,1827.0,3023.0,7.0,5.0,1,66,0,66
163,11,1764.0,3020.0,11.0,8.0,1,65,0,65
163,13,1786.0,3018.0,7.0,7.0,1,61,0,61
163,14,1812.0,3019.0,9.0,7.0,1,60,0,60
163,16,1838.0,3018.0,10.0,8.0,1,55,0,56
163,17,1848.0,3019.0,9.0,7.0,1,55,0,55
163,18,1880.0,3021.0,9.0,6.0,1,53,0,53
163,19,1862.0,3021.0,10.0,7.0,1,50,0,50
163,20,1893.0,3017.0,8.0,8.0,1,46,0,46
163,21,1918.0,3017.0,7.0,6.0,1,44,0,44
163,22,1933.0,3016.0,9.0,9.0,1,40,0,40
163,23,1951.0,3010.0,6.0,11.0,1,37,0,37
163,24,1755.0,3025.0,5.0,5.0,1,34,0,34
163,25,1966.0,3015.0,10.0,8.0,1,32,0,32
163,26,1993.0,3014.0,9.0,8.0,1,28,0,28
164,0,1593.0,3261.0,16.0,8.0,1,165,0,165
164,1,1578.0,3024.0,9.0,6.0,1,89,0,89
164,2,1601.0,3023.0,7.0,6.0,1,85,0,85
164,3,1659.0,3026.0,7.0,9.0,1,81,0,81
164,4,1675.0,3023.0,7.0,10.0,1,80,0,81
164,5,1633.0,3024.0,8.0,8.0,0,78,1,79
164,6,1697.0,3025.0,7.0,6.0,1,76,0,76
164,7,1642.0,3022.0,7.0,9.0,1,74,0,74
164,8,1719.0,3025.0,8.0,7.0,1,71,0,71
164,9,1736.0,3025.0,9.0,6.0,1,68,0,68
164,10,1819.0,3026.0,9.0,8.0,1,67,0,67
164,11,1763.0,3019.0,7.0,8.0,1,66,0,66
164,13,1780.0,3020.0,6.0,7.0,1,62,0,62
164,14,1807.0,3022.0,7.0,7.0,1,61,0,61
164,16,1831.0,3022.0,9.0,7.0,1,56,0,57
164,17,1840.0,3021.0,10.0,7.0,1,56,0,56
164,18,1873.0,3020.0,8.0,7.0,1,54,0,54
164,19,1853.0,3019.0,9.0,6.0,1,51,0,51
164,20,1886.0,3019.0,8.0,6.0,1,47,0,47
164,21,1911.0,3019.0,7.0,7.0,1,45,0,45
164,22,1930.0,3016.0,8.0,7.0,1,41,0,41
164,23,1944.0,3010.0,7.0,10.0,1,38,0,38
164,24,1749.0,3024.0,6.0,5.0,1,35,0,35
164,25,1961.0,3009.0,10.0,10.0,1,33,0,33
164,26,1987.0,3011.0,8.0,10.0,1,29,0,29
165,0,1593.0,3259.0,16.0,8.0,1,166,0,166
165,1,1571.0,3014.0,8.0,10.0,1,90,0,90
165,2,1591.0,3019.0,8.0,9.0,1,86,0,86
165,3,1652.0,3022.0,9.0,10.0,1,82,0,82
165,4,1675.0,3023.0,7.0,10.0,0,80,1,82
165,5,1619.0,3025.0,7.0,7.0,1,79,0,80
165,6,1690.0,3027.0,7.0,5.0,1,77,0,77
165,7,1634.0,3022.0,7.0,7.0,1,75,0,75
165,8,1713.0,3025.0,6.0,5.0,1,72,0,72
165,9,1727.0,3023.0,9.0,8.0,1,69,0,69
165,10,1814.0,3022.0,9.0,7.0,1,68,0,68
165,11,1755.0,3017.0,9.0,7.0,1,67,0,67
165,13,1775.0,3023.0,6.0,5.0,1,63,0,63
165,14,1800.0,3024.0,9.0,7.0,1,62,0,62
165,16,1827.0,3019.0,8.0,10.0,1,57,0,58
165,17,1834.0,3018.0,8.0,5.0,1,57,0,57
165,18,1869.0,3021.0,7.0,5.0,1,55,0,55
165,19,1844.0,3021.0,9.0,6.0,1,52,0,52
165,20,1881.0,3018.0,7.0,6.0,1,48,0,48
165,21,1903.0,3016.0,8.0,6.0,1,46,0,46
165,22,1923.0,3022.0,9.0,8.0,1,42,0,42
165,23,1937.0,3012.0,9.0,11.0,1,39,0,39
165,24,1742.0,3025.0,6.0,6.0,1,36,0,36
165,25,1954.0,3012.0,10.0,7.0,1,34,0,34
165,26,1982.0,3012.0,6.0,9.0,1,30,0,30
166,0,1594.0,3258.0,16.0,8.0,1,167,0,167
166,1,1563.0,3021.0,10.0,7.0,1,91,0,91
166,2,1583.0,3023.0,8.0,5.0,1,87,0,87
166,3,1644.0,3023.0,9.0,11.0,1,83,0,83
166,4,1664.0,3025.0,6.0,9.0,1,81,0,83
166,5,1614.0,3022.0,7.0,7.0,1,80,0,81
166,6,1683.0,3026.0,8.0,5.0,1,78,0,78
166,7,1627.0,3022.0,6.0,8.0,1,76,0,76
166,8,1705.0,3026.0,7.0,6.0,1,73,0,73
166,9,1724.0,3023.0,8.0,6.0,1,70,0,70
166,10,1809.0,3019.0,8.0,9.0,1,69,0,69
166,11,1747.0,3019.0,10.0,6.0,1,68,0,68
166,13,1768.0,3022.0,7.0,6.0,1,64,0,64
166,14,1796.0,3023.0,10.0,6.0,1,63,0,63
166,16,1821.0,3018.0,7.0,9.0,1,58,0,59
166,17,1828.0,3018.0,7.0,6.0,1,58,0,58
166,18,1862.0,3019.0,6.0,8.0,1,56,0,56
166,19,1841.0,3020.0,8.0,6.0,1,53,0,53
166,20,1874.0,3017.0,8.0,6.0,1,49,0,49
166,21,1899.0,3016.0,7.0,10.0,1,47,0,47
166,22,1917.0,3019.0,10.0,5.0,1,43,0,43
166,23,1928.0,3011.0,8.0,8.0,1,40,0,40
166,24,1736.0,3023.0,9.0,6.0,1,37,0,37
166,25,1948.0,3010.0,7.0,8.0,1,35,0,35
166,26,1974.0,3009.0,8.0,9.0,1,31,0,31
167,0,1592.0,3260.0,16.0,8.0,1,168,0,168
167,1,1559.0,3018.0,9.0,8.0,1,92,0,92
167,2,1579.0,3023.0,9.0,5.0,1,88,0,88
167,3,1634.0,3019.0,9.0,12.0,1,84,0,84
167,4,1656.0,3022.0,7.0,8.0,1,82,0,84
167,5,1607.0,3018.0,5.0,10.0,1,81,0,82
167,6,1677.0,3023.0,9.0,7.0,1,79,0,79
167,7,1620.0,3022.0,7.0,6.0,1,77,0,77
167,8,1699.0,3026.0,8.0,6.0,1,74,0,74
167,9,1716.0,3024.0,9.0,7.0,1,71,0,71
167,10,1804.0,3024.0,8.0,5.0,1,70,0,70
167,11,1741.0,3018.0,8.0,6.0,1,69,0,69
167,13,1759.0,3020.0,9.0,7.0,1,65,0,65
167,14,1788.0,3018.0,8.0,8.0,1,64,0,64
167,16,1815.0,3017.0,9.0,10.0,1,59,0,60
167,17,1822.0,3022.0,8.0,6.0,1,59,0,59
167,18,1856.0,3020.0,7.0,7.0,1,57,0,57
167,19,1833.0,3020.0,9.0,8.0,1,54,0,54
167,20,1868.0,3014.0,8.0,8.0,1,50,0,50
167,21,1891.0,3016.0,9.0,8.0,1,48,0,48
167,22,1910.0,3015.0,9.0,9.0,1,44,0,44
167,23,1926.0,3010.0,6.0,8.0,1,41,0,41
167,24,1730.0,3024.0,7.0,5.0,1,38,0,38
167,25,1943.0,3010.0,7.0,8.0,1,36,0,36
167,26,1968.0,3012.0,8.0,9.0,1,32,0,32
168,0,1596.0,3259.0,13.0,8.0,1,169,0,169
168,1,1552.0,3020.0,6.0,6.0,1,93,0,93
168,2,1573.0,3020.0,10.0,6.0,1,89,0,89
168,3,1631.0,3023.0,8.0,8.0,1,85,0,85
168,4,1646.0,3021.0,9.0,7.0,1,83,0,85
168,5,1607.0,3018.0,5.0,10.0,0,81,1,83
168,6,1669.0,3024.0,9.0,7.0,1,80,0,80
168,7,1614.0,3022.0,7.0,6.0,1,78,0,78
168,8,1692.0,3022.0,8.0,8.0,1,75,0,75
168,9,1711.0,3024.0,9.0,8.0,1,72,0,72
168,10,1795.0,3024.0,7.0,6.0,1,71,0,71
168,11,1732.0,3019.0,10.0,6.0,1,70,0,70
168,13,1756.0,3018.0,9.0,8.0,1,66,0,66
168,14,1780.0,3021.0,10.0,6.0,1,65,0,65
168,16,1808.0,3018.0,6.0,7.0,1,60,0,61
168,17,1815.0,3021.0,8.0,7.0,1,60,0,60
168,18,1847.0,3021.0,7.0,7.0,1,58,0,58
168,19,1828.0,3015.0,12.0,8.0,1,55,0,55
168,20,1858.0,3018.0,8.0,8.0,1,51,0,51
168,21,1886.0,3017.0,7.0,8.0,1,49,0,49
168,22,1903.0,3014.0,10.0,8.0,1,45,0,45
168,23,1917.0,3010.0,8.0,10.0,1,42,0,42
168,24,1723.0,3024.0,8.0,7.0,1,39,0,39
168,25,1936.0,3011.0,8.0,7.0,1,37,0,37
168,26,1963.0,3013.0,6.0,7.0,1,33,0,33
169,0,1596.0,3261.0,14.0,7.0,1,170,0,170
169,1,1545.0,3016.0,9.0,9.0,1,94,0,94
169,2,1565.0,3018.0,6.0,7.0,1,90,0,90
169,3,1620.0,3022.0,8.0,9.0,1,86,0,86
169,4,1646.0,3021.0,9.0,7.0,0,83,1,86
169,5,1592.0,3024.0,9.0,10.0,1,82,0,84
169,6,1661.0,3023.0,10.0,8.0,1,81,0,81
169,7,1606.0,3023.0,6.0,5.0,1,79,0,79
169,8,1685.0,3022.0,9.0,6.0,1,76,0,76
169,9,1704.0,3023.0,9.0,6.0,1,73,0,73
169,10,1791.0,3023.0,8.0,4.0,1,72,0,72
169,11,1728.0,3017.0,9.0,8.0,1,71,0,71
169,13,1749.0,3019.0,7.0,7.0,1,67,0,67
169,14,1776.0,3022.0,10.0,7.0,1,66,0,66
169,16,1801.0,3019.0,9.0,7.0,1,61,0,62
169,17,1812.0,3022.0,6.0,4.0,1,61,0,61
169,18,1844.0,3021.0,6.0,8.0,1,59,0,59
169,19,1821.0,3019.0,10.0,6.0,1,56,0,56
169,20,1855.0,3017.0,8.0,7.0,1,52,0,52
169,21,1881.0,3015.0,7.0,8.0,1,50,0,50
169,22,1898.0,3019.0,8.0,11.0,1,46,0,46
169,23,1909.0,3011.0,8.0,7.0,1,43,0,43
169,24,1718.0,3023.0,8.0,7.0,1,40,0,40
169,25,1931.0,3010.0,9.0,9.0,1,38,0,38
169,26,1958.0,3009.0,6.0,9.0,1,34,0,34
170,0,1596.0,3260.0,15.0,7.0,1,171,0,171
170,1,1539.0,3018.0,6.0,7.0,1,95,0,95
170,2,1558.0,3021.0,7.0,5.0,1,91,0,91
170,3,1615.0,3020.0,10.0,9.0,1,87,0,87
170,4,1633.0,3025.0,8.0,9.0,1,84,0,87
170,5,1588.0,3021.0,5.0,4.0,1,83,0,85
170,6,1656.0,3022.0,10.0,8.0,1,82,0,82
170,7,1600.0,3024.0,7.0,5.0,1,80,0,80
170,8,1678.0,3023.0,9.0,8.0,1,77,0,77
170,9,1697.0,3021.0,9.0,6.0,1,74,0,74
170,10,1786.0,3019.0,6.0,7.0,1,73,0,73
170,11,1722.0,3016.0,7.0,7.0,1,72,0,72
170,13,1745.0,3019.0,7.0,7.0,1,68,0,68
170,14,1767.0,3020.0,10.0,8.0,1,67,0,67
170,16,1795.0,3019.0,8.0,6.0,1,62,0,63
170,17,1805.0,3019.0,7.0,4.0,1,62,0,62
170,18,1836.0,3019.0,7.0,9.0,1,60,0,60
170,19,1816.0,3020.0,8.0,7.0,1,57,0,57
170,20,1849.0,3015.0,9.0,10.0,1,53,0,53
170,21,1873.0,3016.0,8.0,7.0,1,51,0,51
170,22,1891.0,3018.0,9.0,6.0,1,47,0,47
170,23,1905.0,3013.0,8.0,5.0,1,44,0,44
170,24,1712.0,3022.0,7.0,6.0,1,41,0,41
170,25,1925.0,3014.0,9.0,9.0,1,39,0,39
170,26,1950.0,3009.0,6.0,10.0,1,35,0,35
171,0,1594.0,3260.0,15.0,7.0,1,172,0,172
171,1,1531.0,3019.0,8.0,5.0,1,96,0,96
171,2,1551.0,3017.0,8.0,7.0,1,92,0,92
171,3,1608.0,3021.0,8.0,9.0,1,88,0,88
171,4,1626.0,3023.0,9.0,7.0,1,85,0,88
171,5,1579.0,3019.0,4.0,7.0,1,84,0,86
171,6,1648.0,3023.0,9.0,7.0,1,83,0,83
171,7,1592.0,3021.0,7.0,5.0,1,81,0,81
171,8,1671.0,3023.0,10.0,9.0,1,78,0,78
171,9,1690.0,3024.0,10.0,6.0,1,75,0,75
171,10,1780.0,3023.0,8.0,4.0,1,74,0,74
171,11,1715.0,3015.0,10.0,8.0,1,73,0,73
171,13,1737.0,3019.0,4.0,8.0,1,69,0,69
171,14,1763.0,3018.0,9.0,8.0,1,68,0,68
171,16,1791.0,3015.0,8.0,8.0,1,63,0,64
171,17,1798.0,3018.0,6.0,4.0,1,63,0,63
171,18,1830.0,3021.0,6.0,5.0,1,61,0,61
171,19,1810.0,3021.0,9.0,5.0,1,58,0,58
171,20,1838.0,3017.0,9.0,8.0,1,54,0,54
171,21,1867.0,3017.0,7.0,7.0,1,52,0,52
171,22,1885.0,3014.0,8.0,9.0,1,48,0,48
171,23,1900.0,3011.0,7.0,9.0,1,45,0,45
171,24,1704.0,3022.0,7.0,5.0,1,42,0,42
171,25,1918.0,3011.0,9.0,8.0,1,40,0,40
171,26,1950.0,3009.0,6.0,10.0,0,35,1,36
172,0,1594.0,3260.0,18.0,8.0,1,173,0,173
172,1,1525.0,3016.0,8.0,6.0,1,97,0,97
172,2,1544.0,3016.0,9.0,8.0,1,93,0,93
172,3,1602.0,3024.0,8.0,7.0,1,89,0,89
172,4,1618.0,3018.0,10.0,10.0,1,86,0,89
172,5,1574.0,3020.0,4.0,5.0,1,85,0,87
172,6,1640.0,3021.0,9.0,8.0,1,84,0,84
172,7,1584.0,3021.0,7.0,7.0,1,82,0,82
172,8,1667.0,3025.0,9.0,7.0,1,79,0,79
172,9,1683.0,3022.0,10.0,7.0,1,76,0,76
172,10,1774.0,3023.0,7.0,5.0,1,75,0,75
172,11,1710.0,3018.0,9.0,6.0,1,74,0,74
172,13,1730.0,3018.0,6.0,8.0,1,70,0,70
172,14,1757.0,3018.0,9.0,9.0,1,69,0,69
172,16,1782.0,3018.0,8.0,7.0,1,64,0,65
172,17,1792.0,3018.0,6.0,5.0,1,64,0,64
172,18,1823.0,3022.0,7.0,6.0,1,62,0,62
172,19,1804.0,3020.0,7.0,6.0,1,59,0,59
172,20,1834.0,3019.0,7.0,7.0,1,55,0,55
172,21,1861.0,3018.0,8.0,9.0,1,53,0,53
172,22,1878.0,3020.0,8.0,6.0,1,49,0,49
172,23,1893.0,3010.0,6.0,8.0,1,46,0,46
172,24,1700.0,3022.0,7.0,5.0,1,43,0,43
172,25,1910.0,3010.0,11.0,8.0,1,41,0,41
172,26,1936.0,3013.0,8.0,6.0,1,36,0,37
173,0,1595.0,3261.0,18.0,9.0,1,174,0,174
173,1,1520.0,3016.0,6.0,6.0,1,98,0,98
173,2,1538.0,3017.0,10.0,7.0,1,94,0,94
173,3,1593.0,3023.0,9.0,7.0,1,90,0,90
173,4,1615.0,3021.0,8.0,8.0,1,87,0,90
173,5,1567.0,3021.0,5.0,7.0,1,86,0,88
173,6,1634.0,3023.0,8.0,8.0,1,85,0,85
173,7,1578.0,3020.0,7.0,5.0,1,83,0,83
173,8,1661.0,3024.0,7.0,6.0,1,80,0,80
173,9,1678.0,3022.0,7.0,7.0,1,77,0,77
173,10,1766.0,3019.0,6.0,5.0,1,76,0,76
173,11,1703.0,3015.0,12.0,10.0,1,75,0,75
173,13,1722.0,3018.0,6.0,6.0,1,71,0,71
173,14,1751.0,3019.0,12.0,8.0,1,70,0,70
173,16,1776.0,3018.0,8.0,10.0,1,65,0,66
173,17,1786.0,3017.0,7.0,6.0,1,65,0,65
173,18,1815.0,3019.0,8.0,6.0,1,63,0,63
173,19,1798.0,3020.0,8.0,6.0,1,60,0,60
173,20,1831.0,3016.0,6.0,7.0,1,56,0,56
173,21,1854.0,3015.0,7.0,9.0,1,54,0,54
173,22,1872.0,3018.0,7.0,6.0,1,50,0,50
173,23,1883.0,3014.0,6.0,7.0,1,47,0,47
173,24,1691.0,3023.0,7.0,5.0,1,44,0,44
173,25,1900.0,3012.0,10.0,7.0,1,42,0,42
173,26,1931.0,3011.0,6.0,8.0,1,37,0,38
174,0,1596.0,3260.0,19.0,8.0,1,175,0,175
174,1,1511.0,3012.0,8.0,8.0,1,99,0,99
174,2,1529.0,3015.0,9.0,7.0,1,95,0,95
174,3,1590.0,3021.0,8.0,7.0,1,91,0,91
174,4,1605.0,3020.0,10.0,8.0,1,88,0,91
174,5,1562.0,3016.0,5.0,5.0,1,87,0,89
174,6,1631.0,3022.0,9.0,7.0,1,86,0,86
174,7,1574.0,3020.0,7.0,6.0,1,84,0,84
174,8,1655.0,3025.0,6.0,6.0,1,81,0,81
174,9,1671.0,3021.0,9.0,7.0,1,78,0,78
174,10,1759.0,3021.0,7.0,6.0,1,77,0,77
174,11,1694.0,3015.0,9.0,8.0,1,76,0,76
174,13,1719.0,3018.0,6.0,6.0,1,72,0,72
174,14,1746.0,3016.0,8.0,8.0,1,71,0,71
174,16,1773.0,3020.0,7.0,7.0,1,66,0,67
174,17,1780.0,3017.0,6.0,6.0,1,66,0,66
174,18,1810.0,3018.0,8.0,7.0,1,64,0,64
174,19,1791.0,3020.0,9.0,6.0,1,61,0,61
174,20,1823.0,3012.0,8.0,11.0,1,57,0,57
174,21,1846.0,3015.0,6.0,10.0,1,55,0,55
174,22,1866.0,3016.0,7.0,8.0,1,51,0,51
174,23,1879.0,3014.0,6.0,7.0,1,48,0,48
174,24,1687.0,3020.0,6.0,6.0,1,45,0,45
174,25,1900.0,3012.0,8.0,6.0,1,43,0,43
174,26,1925.0,3008.0,6.0,11.0,1,38,0,39
175,0,1597.0,3263.0,19.0,7.0,1,176,0,176
175,1,1503.0,3016.0,5.0,6.0,1,100,0,100
175,2,1523.0,3014.0,9.0,7.0,1,96,0,96
175,3,1583.0,3020.0,7.0,7.0,1,92,0,92
175,4,1599.0,3022.0,9.0,7.0,1,89,0,92
175,5,1553.0,3018.0,6.0,6.0,1,88,0,90
175,6,1622.0,3024.0,10.0,7.0,1,87,0,87
175,7,1567.0,3019.0,7.0,5.0,1,85,0,85
175,8,1649.0,3022.0,5.0,6.0,1,82,0,82
175,9,1665.0,3024.0,9.0,7.0,1,79,0,79
175,10,1754.0,3021.0,7.0,5.0,1,78,0,78
175,11,1690.0,3015.0,8.0,7.0,1,77,0,77
175,13,1710.0,3018.0,5.0,6.0,1,73,0,73
175,14,1738.0,3014.0,10.0,10.0,1,72,0,72
175,16,1766.0,3017.0,5.0,7.0,1,67,0,68
175,17,1773.0,3016.0,4.0,5.0,1,67,0,67
175,18,1803.0,3019.0,9.0,7.0,1,65,0,65
175,19,1785.0,3018.0,8.0,6.0,1,62,0,62
175,20,1811.0,3014.0,10.0,9.0,1,58,0,58
175,21,1839.0,3015.0,8.0,8.0,1,56,0,56
175,22,1860.0,3015.0,6.0,8.0,1,52,0,52
175,23,1871.0,3011.0,6.0,7.0,1,49,0,49
175,24,1681.0,3022.0,6.0,6.0,1,46,0,46
175,25,1890.0,3014.0,9.0,7.0,1,44,0,44
175,26,1919.0,3010.0,7.0,11.0,1,39,0,40
176,0,1601.0,3263.0,16.0,7.0,1,177,0,177
176,1,1499.0,3014.0,7.0,6.0,1,101,0,101
176,2,1518.0,3015.0,7.0,7.0,1,97,0,97
176,3,1577.0,3021.0,8.0,8.0,1,93,0,93
176,4,1594.0,3018.0,7.0,8.0,1,90,0,93
176,5,1544.0,3019.0,7.0,5.0,1,89,0,91
176,6,1614.0,3023.0,10.0,7.0,1,88,0,88
176,7,1559.0,3019.0,7.0,7.0,1,86,0,86
176,8,1640.0,3019.0,8.0,8.0,1,83,0,83
176,9,1659.0,3021.0,9.0,9.0,1,80,0,80
176,10,1747.0,3021.0,7.0,5.0,1,79,0,79
176,11,1685.0,3018.0,8.0,7.0,1,78,0,78
176,13,1704.0,3018.0,7.0,5.0,1,74,0,74
176,14,1731.0,3018.0,8.0,7.0,1,73,0,73
176,16,1755.0,3019.0,9.0,6.0,1,68,0,69
176,17,1767.0,3018.0,6.0,6.0,1,68,0,68
176,18,1796.0,3021.0,7.0,8.0,1,66,0,66
176,19,1777.0,3016.0,8.0,7.0,1,63,0,63
176,20,1809.0,3016.0,8.0,8.0,1,59,0,59
176,21,1834.0,3016.0,6.0,10.0,1,57,0,57
176,22,1853.0,3018.0,9.0,9.0,1,53,0,53
176,23,1867.0,3011.0,6.0,9.0,1,50,0,50
176,24,1674.0,3021.0,7.0,5.0,1,47,0,47
176,25,1885.0,3011.0,9.0,7.0,1,45,0,45
176,26,1912.0,3014.0,8.0,9.0,1,40,0,41
177,0,1602.0,3265.0,13.0,6.0,1,178,0,178
177,1,1493.0,3010.0,5.0,9.0,1,102,0,102
177,2,1512.0,3013.0,8.0,7.0,1,98,0,98
177,3,1566.0,3019.0,10.0,7.0,1,94,0,94
177,4,1586.0,3018.0,8.0,6.0,1,91,0,94
177,5,1538.0,3019.0,7.0,5.0,1,90,0,92
177,6,1609.0,3021.0,10.0,7.0,1,89,0,89
177,7,1552.0,3018.0,9.0,5.0,1,87,0,87
177,8,1635.0,3021.0,8.0,6.0,1,84,0,84
177,9,1655.0,3021.0,7.0,7.0,1,81,0,81
177,10,1742.0,3016.0,6.0,6.0,1,80,0,80
177,11,1675.0,3013.0,9.0,8.0,1,79,0,79
177,13,1699.0,3018.0,6.0,7.0,1,75,0,75
177,14,1727.0,3018.0,7.0,7.0,1,74,0,74
177,16,1753.0,3019.0,7.0,7.0,1,69,0,70
177,17,1761.0,3018.0,7.0,6.0,1,69,0,69
177,18,1791.0,3018.0,8.0,6.0,1,67,0,67
177,19,1772.0,3017.0,8.0,6.0,1,64,0,64
177,20,1801.0,3016.0,7.0,7.0,1,60,0,60
177,21,1827.0,3010.0,8.0,10.0,1,58,0,58
177,22,1847.0,3018.0,7.0,6.0,1,54,0,54
177,23,1860.0,3013.0,7.0,6.0,1,51,0,51
177,24,1667.0,3020.0,5.0,6.0,1,48,0,48
177,25,1878.0,3009.0,8.0,8.0,1,46,0,46
177,26,1904.0,3011.0,9.0,10.0,1,41,0,42
178,0,1605.0,3265.0,14.0,8.0,1,179,0,179
178,1,1483.0,3013.0,8.0,6.0,1,103,0,103
178,2,1503.0,3012.0,7.0,6.0,1,99,0,99
178,3,1562.0,3019.0,9.0,8.0,1,95,0,95
178,4,1581.0,3020.0,9.0,8.0,1,92,0,95
178,5,1531.0,3017.0,7.0,7.0,1,91,0,93
178,6,1601.0,3021.0,10.0,7.0,1,90,0,90
178,7,1543.0,3019.0,8.0,5.0,1,88,0,88
178,8,1627.0,3021.0,8.0,8.0,1,85,0,85
178,9,1648.0,3019.0,9.0,8.0,1,82,0,82
178,10,1734.0,3017.0,8.0,6.0,1,81,0,81
178,11,1671.0,3014.0,8.0,6.0,1,80,0,80
178,13,1692.0,3016.0,7.0,7.0,1,76,0,76
178,14,1719.0,3015.0,9.0,7.0,1,75,0,75
178,16,1744.0,3020.0,8.0,8.0,1,70,0,71
178,17,1756.0,3016.0,4.0,6.0,1,70,0,70
178,18,1783.0,3018.0,8.0,7.0,1,68,0,68
178,19,1767.0,3017.0,7.0,5.0,1,65,0,65
178,20,1795.0,3015.0,8.0,9.0,1,61,0,61
178,21,1820.0,3015.0,9.0,8.0,1,59,0,59
178,22,1839.0,3016.0,9.0,7.0,1,55,0,55
178,23,1853.0,3012.0,8.0,8.0,1,52,0,52
178,24,1661.0,3020.0,7.0,6.0,1,49,0,49
178,25,1870.0,3013.0,9.0,7.0,1,47,0,47
178,26,1898.0,3011.0,7.0,11.0,1,42,0,43
179,0,1606.0,3266.0,21.0,8.0,1,180,0,180
179,1,1478.0,3012.0,7.0,8.0,1,104,0,104
179,2,1496.0,3013.0,8.0,7.0,1,100,0,100
179,3,1557.0,3016.0,9.0,7.0,1,96,0,96
179,4,1575.0,3018.0,6.0,7.0,1,93,0,96
179,5,1525.0,3015.0,6.0,7.0,1,92,0,94
179,6,1595.0,3020.0,10.0,5.0,1,91,0,91
179,7,1539.0,3018.0,8.0,7.0,1,89,0,89
179,8,1623.0,3018.0,8.0,6.0,1,86,0,86
179,9,1640.0,3020.0,10.0,8.0,1,83,0,83
179,10,1727.0,3017.0,8.0,7.0,1,82,0,82
179,11,1663.0,3016.0,7.0,6.0,1,81,0,81
179,13,1686.0,3016.0,7.0,6.0,1,77,0,77
179,14,1715.0,3018.0,7.0,6.0,1,76,0,76
179,16,1739.0,3018.0,6.0,6.0,1,71,0,72
179,17,1749.0,3017.0,7.0,6.0,1,71,0,71
179,18,1777.0,3019.0,8.0,6.0,1,69,0,69
179,19,1759.0,3019.0,7.0,6.0,1,66,0,66
179,20,1792.0,3016.0,7.0,8.0,1,62,0,62
179,21,1813.0,3017.0,9.0,7.0,1,60,0,60
179,22,1834.0,3015.0,8.0,8.0,1,56,0,56
179,23,1846.0,3011.0,5.0,7.0,1,53,0,53
179,24,1655.0,3019.0,5.0,5.0,1,50,0,50
179,25,1868.0,3017.0,6.0,6.0,1,48,0,48
179,26,1891.0,3011.0,7.0,11.0,1,43,0,44
180,0,1608.0,3269.0,16.0,9.0,1,181,0,181
180,1,1471.0,3010.0,6.0,6.0,1,105,0,105
180,2,1491.0,3014.0,7.0,5.0,1,101,0,101
180,3,1547.0,3018.0,10.0,7.0,1,97,0,97
180,4,1568.0,3017.0,8.0,9.0,1,94,0,97
180,5,1520.0,3017.0,5.0,3.0,1,93,0,95
180,6,1589.0,3019.0,9.0,9.0,1,92,0,92
180,7,1533.0,3017.0,6.0,7.0,1,90,0,90
180,8,1615.0,3019.0,9.0,7.0,1,87,0,87
180,9,1635.0,3021.0,9.0,7.0,1,84,0,84
180,10,1724.0,3016.0,7.0,7.0,1,83,0,83
180,11,1658.0,3015.0,6.0,5.0,1,82,0,82
180,13,1679.0,3014.0,8.0,7.0,1,78,0,78
180,14,1707.0,3018.0,6.0,8.0,1,77,0,77
180,16,1733.0,3016.0,8.0,8.0,1,72,0,73
180,17,1744.0,3016.0,6.0,7.0,1,72,0,72
180,18,1771.0,3019.0,7.0,6.0,1,70,0,70
180,19,1754.0,3017.0,8.0,6.0,1,67,0,67
180,20,1781.0,3014.0,7.0,7.0,1,63,0,63
180,21,1807.0,3014.0,8.0,9.0,1,61,0,61
180,22,1827.0,3017.0,8.0,10.0,1,57,0,57
180,23,1839.0,3011.0,6.0,8.0,1,54,0,54
180,24,1647.0,3020.0,6.0,5.0,1,51,0,51
180,25,1858.0,3010.0,7.0,9.0,1,49,0,49
180,26,1885.0,3011.0,7.0,11.0,1,44,0,45
181,0,1607.0,3267.0,18.0,9.0,1,182,0,182
181,1,1465.0,3007.0,7.0,8.0,1,106,0,106
181,2,1482.0,3012.0,9.0,8.0,1,102,0,102
181,3,1542.0,3017.0,7.0,6.0,1,98,0,98
181,4,1568.0,3017.0,8.0,9.0,0,94,1,98
181,5,1510.0,3017.0,6.0,7.0,1,94,0,96
181,6,1583.0,3020.0,8.0,9.0,1,93,0,93
181,7,1525.0,3014.0,8.0,7.0,1,91,0,91
181,8,1615.0,3019.0,9.0,7.0,0,87,1,88
181,9,1628.0,3018.0,9.0,7.0,1,85,0,85
181,10,1718.0,3013.0,7.0,7.0,1,84,0,84
181,11,1653.0,3014.0,7.0,6.0,1,83,0,83
181,13,1672.0,3017.0,6.0,6.0,1,79,0,79
181,14,1702.0,3016.0,7.0,6.0,1,78,0,78
181,16,1726.0,3019.0,8.0,7.0,1,73,0,74
181,17,1735.0,3015.0,7.0,5.0,1,73,0,73
181,18,1767.0,3016.0,6.0,7.0,1,71,0,71
181,19,1747.0,3019.0,8.0,6.0,1,68,0,68
181,20,1775.0,3015.0,6.0,7.0,1,64,0,64
181,21,1800.0,3015.0,8.0,9.0,1,62,0,62
181,22,1822.0,3014.0,7.0,7.0,1,58,0,58
181,23,1832.0,3012.0,7.0,9.0,1,55,0,55
181,24,1640.0,3019.0,7.0,7.0,1,52,0,52
181,25,1853.0,3011.0,7.0,8.0,1,50,0,50
181,26,1881.0,3012.0,5.0,8.0,1,45,0,46
182,0,1612.0,3260.0,13.0,15.0,1,183,0,183
182,1,1457.0,3010.0,8.0,7.0,1,107,0,107
182,2,1475.0,3009.0,10.0,10.0,1,103,0,103
182,3,1534.0,3016.0,10.0,9.0,1,99,0,99
182,4,1554.0,3017.0,7.0,7.0,1,95,0,99
182,5,1504.0,3017.0,9.0,5.0,1,95,0,97
182,6,1577.0,3016.0,8.0,7.0,1,94,0,94
182,7,1520.0,3013.0,8.0,8.0,1,92,0,92
182,8,1601.0,3016.0,8.0,8.0,1,88,0,89
182,9,1622.0,3020.0,10.0,7.0,1,86,0,86
182,10,1709.0,3015.0,8.0,7.0,1,85,0,85
182,11,1645.0,3013.0,8.0,5.0,1,84,0,84
182,13,1667.0,3016.0,6.0,6.0,1,80,0,80
182,14,1697.0,3015.0,8.0,7.0,1,79,0,79
182,16,1722.0,3018.0,7.0,6.0,1,74,0,75
182,17,1729.0,3016.0,7.0,6.0,1,74,0,74
182,18,1758.0,3016.0,5.0,6.0,1,72,0,72
182,19,1740.0,3014.0,7.0,6.0,1,69,0,69
182,20,1768.0,3016.0,8.0,7.0,1,65,0,65
182,21,1791.0,3015.0,10.0,7.0,1,63,0,63
182,22,1811.0,3012.0,9.0,10.0,1,59,0,59
182,23,1825.0,3012.0,8.0,9.0,1,56,0,56
182,24,1637.0,3017.0,6.0,7.0,1,53,0,53
182,25,1845.0,3014.0,8.0,8.0,1,51,0,51
182,26,1873.0,3010.0,8.0,8.0,1,46,0,47
183,0,1606.0,3263.0,18.0,14.0,1,184,0,184
183,1,1449.0,3010.0,9.0,7.0,1,108,0,108
183,2,1470.0,3012.0,9.0,6.0,1,104,0,104
183,3,1528.0,3014.0,10.0,9.0,1,100,0,100
183,4,1548.0,3015.0,8.0,8.0,1,96,0,100
183,5,1501.0,3013.0,7.0,8.0,1,96,0,98
183,6,1569.0,3017.0,8.0,8.0,1,95,0,95
183,7,1511.0,3016.0,10.0,6.0,1,93,0,93
183,8,1596.0,3016.0,8.0,7.0,1,89,0,90
183,9,1612.0,3017.0,10.0,8.0,1,87,0,87
183,10,1706.0,3018.0,6.0,7.0,1,86,0,86
183,11,1637.0,3014.0,8.0,6.0,1,85,0,85
183,13,1662.0,3013.0,6.0,7.0,1,81,0,81
183,14,1690.0,3017.0,7.0,6.0,1,80,0,80
183,16,1716.0,3014.0,5.0,6.0,1,75,0,76
183,17,1722.0,3013.0,7.0,6.0,1,75,0,75
183,18,1753.0,3018.0,5.0,7.0,1,73,0,73
183,19,1734.0,3015.0,6.0,7.0,1,70,0,70
183,20,1761.0,3017.0,7.0,7.0,1,66,0,66
183,21,1787.0,3014.0,7.0,8.0,1,64,0,64
183,22,1807.0,3016.0,9.0,7.0,1,60,0,60
183,23,1820.0,3010.0,5.0,9.0,1,57,0,57
183,24,1631.0,3018.0,5.0,7.0,1,54,0,54
183,25,1841.0,3013.0,7.0,7.0,1,52,0,52
183,26,1863.0,3014.0,9.0,5.0,1,47,0,48
184,0,1614.0,3272.0,18.0,11.0,1,185,0,185
184,1,1445.0,3008.0,6.0,6.0,1,109,0,109
184,2,1462.0,3010.0,10.0,8.0,1,105,0,105
184,3,1520.0,3016.0,10.0,9.0,1,101,0,101
184,4,1540.0,3015.0,8.0,8.0,1,97,0,101
184,5,1489.0,3013.0,6.0,4.0,1,97,0,99
184,6,1563.0,3018.0,7.0,7.0,1,96,0,96
184,7,1505.0,3016.0,8.0,7.0,1,94,0,94
184,8,1591.0,3017.0,6.0,8.0,1,90,0,91
184,9,1610.0,3019.0,7.0,8.0,1,88,0,88
184,10,1698.0,3016.0,7.0,8.0,1,87,0,87
184,11,1634.0,3017.0,8.0,5.0,1,86,0,86
184,13,1652.0,3016.0,7.0,6.0,1,82,0,82
184,14,1683.0,3016.0,7.0,8.0,1,81,0,81
184,16,1707.0,3016.0,8.0,8.0,1,76,0,77
184,17,1717.0,3016.0,6.0,5.0,1,76,0,76
184,18,1747.0,3019.0,5.0,7.0,1,74,0,74
184,19,1728.0,3017.0,8.0,6.0,1,71,0,71
184,20,1756.0,3017.0,7.0,7.0,1,67,0,67
184,21,1782.0,3013.0,6.0,8.0,1,65,0,65
184,22,1798.0,3015.0,8.0,9.0,1,61,0,61
184,23,1816.0,3010.0,7.0,7.0,1,58,0,58
184,24,1622.0,3017.0,6.0,8.0,1,55,0,55
184,25,1834.0,3008.0,10.0,9.0,1,53,0,53
184,26,1857.0,3014.0,9.0,6.0,1,48,0,49
185,0,1617.0,3273.0,12.0,8.0,1,186,0,186
185,1,1439.0,3008.0,8.0,6.0,1,110,0,110
185,2,1457.0,3009.0,9.0,7.0,1,106,0,106
185,3,1514.0,3013.0,9.0,7.0,1,102,0,102
185,4,1534.0,3016.0,9.0,10.0,1,98,0,102
185,5,1483.0,3015.0,7.0,5.0,1,98,0,100
185,6,1558.0,3017.0,8.0,7.0,1,97,0,97
185,7,1499.0,3013.0,7.0,7.0,1,95,0,95
185,8,1582.0,3016.0,8.0,8.0,1,91,0,92
185,9,1605.0,3016.0,8.0,9.0,1,89,0,89
185,10,1693.0,3014.0,7.0,8.0,1,88,0,88
185,11,1626.0,3013.0,8.0,5.0,1,87,0,87
185,13,1646.0,3016.0,7.0,6.0,1,83,0,83
185,14,1675.0,3015.0,10.0,8.0,1,82,0,82
185,16,1702.0,3017.0,6.0,8.0,1,77,0,78
185,17,1712.0,3015.0,6.0,6.0,1,77,0,77
185,18,1740.0,3015.0,5.0,7.0,1,75,0,75
185,19,1724.0,3016.0,7.0,6.0,1,72,0,72
185,20,1747.0,3011.0,6.0,8.0,1,68,0,68
185,21,1774.0,3012.0,7.0,7.0,1,66,0,66
185,22,1794.0,3013.0,7.0,7.0,1,62,0,62
185,23,1807.0,3013.0,6.0,8.0,1,59,0,59
185,24,1617.0,3019.0,8.0,7.0,1,56,0,56
185,25,1826.0,3009.0,9.0,9.0,1,54,0,54
185,26,1853.0,3013.0,7.0,7.0,1,49,0,50
186,0,1620.0,3269.0,14.0,9.0,1,187,0,187
186,1,1427.0,3004.0,13.0,11.0,1,111,0,111
186,2,1450.0,3007.0,10.0,9.0,1,107,0,107
186,3,1508.0,3012.0,10.0,7.0,1,103,0,103
186,4,1524.0,3014.0,9.0,9.0,1,99,0,103
186,5,1479.0,3015.0,4.0,4.0,1,99,0,101
186,6,1551.0,3014.0,6.0,7.0,1,98,0,98
186,7,1492.0,3013.0,6.0,7.0,1,96,0,96
186,8,1577.0,3018.0,8.0,8.0,1,92,0,93
186,9,1596.0,3018.0,9.0,7.0,1,90,0,90
186,10,1687.0,3014.0,7.0,7.0,1,89,0,89
186,11,1621.0,3013.0,7.0,6.0,1,88,0,88
186,13,1643.0,3015.0,6.0,5.0,1,84,0,84
186,14,1673.0,3014.0,8.0,6.0,1,83,0,83
186,16,1697.0,3017.0,6.0,7.0,1,78,0,79
186,17,1707.0,3015.0,6.0,6.0,1,78,0,78
186,18,1734.0,3015.0,6.0,8.0,1,76,0,76
186,19,1724.0,3016.0,7.0,6.0,0,72,1,73
186,20,1743.0,3016.0,7.0,8.0,1,69,0,69
186,21,1767.0,3015.0,8.0,8.0,1,67,0,67
186,22,1790.0,3012.0,7.0,9.0,1,63,0,63
186,23,1801.0,3009.0,6.0,9.0,1,60,0,60
186,24,1610.0,3017.0,6.0,6.0,1,57,0,57
186,25,1820.0,3012.0,8.0,9.0,1,55,0,55
186,26,1846.0,3009.0,7.0,11.0,1,50,0,51
187,0,1614.0,3267.0,18.0,14.0,1,188,0,188
187,1,1424.0,3009.0,6.0,4.0,1,112,0,112
187,2,1441.0,3007.0,11.0,7.0,1,108,0,108
187,3,1502.0,3014.0,7.0,8.0,1,104,0,104
187,4,1518.0,3014.0,9.0,9.0,1,100,0,104
187,5,1470.0,3009.0,6.0,6.0,1,100,0,102
187,6,1544.0,3015.0,9.0,7.0,1,99,0,99
187,7,1486.0,3012.0,7.0,8.0,1,97,0,97
187,8,1567.0,3014.0,9.0,9.0,1,93,0,94
187,9,1589.0,3020.0,9.0,7.0,1,91,0,91
187,10,1681.0,3016.0,7.0,6.0,1,90,0,90
187,11,1613.0,3014.0,9.0,5.0,1,89,0,89
187,13,1633.0,3013.0,7.0,7.0,1,85,0,85
187,14,1666.0,3014.0,8.0,7.0,1,84,0,84
187,16,1690.0,3013.0,7.0,8.0,1,79,0,80
187,17,1699.0,3013.0,4.0,7.0,1,79,0,79
187,18,1727.0,3017.0,6.0,8.0,1,77,0,77
187,19,1710.0,3013.0,6.0,8.0,1,73,0,74
187,20,1738.0,3015.0,5.0,7.0,1,70,0,70
187,21,1760.0,3016.0,7.0,7.0,1,68,0,68
187,22,1783.0,3012.0,7.0,9.0,1,64,0,64
187,23,1794.0,3007.0,6.0,8.0,1,61,0,61
187,24,1604.0,3018.0,6.0,5.0,1,58,0,58
187,25,1812.0,3010.0,8.0,7.0,1,56,0,56
187,26,1837.0,3012.0,6.0,8.0,1,51,0,52
188,0,1617.0,3273.0,22.0,10.0,1,189,0,189
188,1,1416.0,3006.0,11.0,8.0,1,113,0,113
188,2,1438.0,3008.0,12.0,9.0,1,109,0,109
188,3,1497.0,3015.0,8.0,8.0,1,105,0,105
188,4,1514.0,3014.0,9.0,8.0,1,101,0,105
188,5,1465.0,3011.0,9.0,4.0,1,101,0,103
188,6,1537.0,3015.0,9.0,8.0,1,100,0,100
188,7,1479.0,3011.0,7.0,9.0,1,98,0,98
188,8,1561.0,3015.0,9.0,9.0,1,94,0,95
188,9,1585.0,3018.0,9.0,7.0,1,92,0,92
188,10,1677.0,3017.0,6.0,6.0,1,91,0,91
188,11,1608.0,3013.0,9.0,6.0,1,90,0,90
188,13,1630.0,3011.0,6.0,8.0,1,86,0,86
188,14,1660.0,3015.0,7.0,6.0,1,85,0,85
188,16,1684.0,3011.0,7.0,11.0,1,80,0,81
188,17,1691.0,3016.0,7.0,4.0,1,80,0,80
188,18,1722.0,3017.0,6.0,7.0,1,78,0,78
188,19,1702.0,3014.0,9.0,6.0,1,74,0,75
188,20,1730.0,3013.0,5.0,8.0,1,71,0,71
188,21,1755.0,3012.0,6.0,8.0,1,69,0,69
188,22,1775.0,3013.0,9.0,9.0,1,65,0,65
188,23,1787.0,3006.0,7.0,8.0,1,62,0,62
188,24,1597.0,3016.0,7.0,5.0,1,59,0,59
188,25,1806.0,3006.0,8.0,8.0,1,57,0,57
188,26,1836.0,3014.0,5.0,8.0,1,52,0,53
189,0,1619.0,3276.0,15.0,12.0,1,190,0,190
189,1,1411.0,3003.0,7.0,7.0,1,114,0,114
189,2,1429.0,3008.0,11.0,7.0,1,110,0,110
189,3,1488.0,3013.0,8.0,8.0,1,106,0,106
189,4,1503.0,3018.0,11.0,6.0,1,102,0,106
189,5,1455.0,3011.0,8.0,5.0,1,102,0,104
189,6,1529.0,3015.0,8.0,7.0,1,101,0,101
189,7,1473.0,3010.0,10.0,8.0,1,99,0,99
189,8,1555.0,3016.0,10.0,7.0,1,95,0,96
189,9,1578.0,3013.0,8.0,8.0,1,93,0,93
189,10,1670.0,3013.0,7.0,6.0,1,92,0,92
189,11,1600.0,3010.0,8.0,5.0,1,91,0,91
189,13,1623.0,3014.0,6.0,7.0,1,87,0,87
189,14,1654.0,3016.0,8.0,5.0,1,86,0,86
189,16,1678.0,3013.0,7.0,9.0,1,81,0,82
189,17,1688.0,3015.0,6.0,5.0,1,81,0,81
189,18,1716.0,3014.0,5.0,7.0,1,79,0,79
189,19,1698.0,3012.0,8.0,6.0,1,75,0,76
189,20,1723.0,3015.0,6.0,7.0,1,72,0,72
189,21,1748.0,3014.0,7.0,6.0,1,70,0,70
189,22,1767.0,3014.0,8.0,7.0,1,66,0,66
189,23,1778.0,3010.0,7.0,9.0,1,63,0,63
189,24,1591.0,3017.0,7.0,6.0,1,60,0,60
189,25,1799.0,3008.0,8.0,8.0,1,58,0,58
189,26,1826.0,3014.0,6.0,8.0,1,53,0,54
190,0,1624.0,3276.0,15.0,7.0,1,191,0,191
190,1,1405.0,3005.0,6.0,7.0,1,115,0,115
190,2,1421.0,3002.0,11.0,9.0,1,111,0,111
190,3,1479.0,3011.0,12.0,7.0,1,107,0,107
190,4,1504.0,3014.0,5.0,5.0,1,103,0,107
190,5,1447.0,3010.0,7.0,6.0,1,103,0,105
190,6,1525.0,3017.0,9.0,7.0,1,102,0,102
190,7,1464.0,3008.0,9.0,9.0,1,100,0,100
190,8,1551.0,3016.0,9.0,7.0,1,96,0,97
190,9,1573.0,3014.0,7.0,8.0,1,94,0,94
190,10,1663.0,3011.0,7.0,6.0,1,93,0,93
190,11,1596.0,3010.0,8.0,6.0,1,92,0,92
190,13,1616.0,3012.0,5.0,6.0,1,88,0,88
190,14,1646.0,3012.0,8.0,7.0,1,87,0,87
190,16,1672.0,3014.0,7.0,6.0,1,82,0,83
190,17,1680.0,3013.0,7.0,7.0,1,82,0,82
190,18,1709.0,3019.0,5.0,6.0,1,80,0,80
190,19,1690.0,3014.0,8.0,6.0,1,76,0,77
190,20,1715.0,3015.0,7.0,7.0,1,73,0,73
190,21,1738.0,3016.0,8.0,5.0,1,71,0,71
190,22,1761.0,3012.0,8.0,9.0,1,67,0,67
190,23,1773.0,3011.0,6.0,6.0,1,64,0,64
190,24,1587.0,3015.0,7.0,6.0,1,61,0,61
190,25,1792.0,3009.0,8.0,8.0,1,59,0,59
190,26,1820.0,3011.0,5.0,8.0,1,54,0,55
191,0,1621.0,3271.0,18.0,12.0,1,192,0,192
191,1,1400.0,3008.0,6.0,7.0,1,116,0,116
191,2,1417.0,3003.0,8.0,9.0,1,112,0,112
191,3,1473.0,3012.0,11.0,8.0,1,108,0,108
191,4,1496.0,3011.0,5.0,6.0,1,104,0,108
191,5,1441.0,3006.0,7.0,7.0,1,104,0,106
191,6,1518.0,3014.0,7.0,6.0,1,103,0,103
191,7,1460.0,3010.0,8.0,7.0,1,101,0,101
191,8,1544.0,3010.0,9.0,10.0,1,97,0,98
191,9,1565.0,3015.0,8.0,9.0,1,95,0,95
191,10,1656.0,3016.0,6.0,6.0,1,94,0,94
191,11,1589.0,3011.0,8.0,5.0,1,93,0,93
191,13,1610.0,3010.0,6.0,6.0,1,89,0,89
191,14,1640.0,3013.0,8.0,5.0,1,88,0,88
191,16,1667.0,3013.0,9.0,8.0,1,83,0,84
191,17,1675.0,3011.0,5.0,6.0,1,83,0,83
191,18,1703.0,3018.0,5.0,7.0,1,81,0,81
191,19,1684.0,3012.0,7.0,7.0,1,77,0,78
191,20,1710.0,3013.0,5.0,7.0,1,74,0,74
191,21,1735.0,3015.0,7.0,5.0,1,72,0,72
191,22,1754.0,3012.0,9.0,9.0,1,68,0,68
191,23,1767.0,3007.0,5.0,8.0,1,65,0,65
191,24,1577.0,3013.0,7.0,7.0,1,62,0,62
191,25,1787.0,3011.0,8.0,7.0,1,60,0,60
191,26,1813.0,3013.0,5.0,8.0,1,55,0,56
192,0,1619.0,3276.0,23.0,7.0,1,193,0,193
192,1,1390.0,3005.0,10.0,7.0,1,117,0,117
192,2,1411.0,3006.0,8.0,7.0,1,113,0,113
192,3,1466.0,3009.0,9.0,8.0,1,109,0,109
192,4,1496.0,3011.0,5.0,6.0,0,104,1,109
192,5,1436.0,3007.0,7.0,7.0,1,105,0,107
192,6,1512.0,3015.0,7.0,7.0,1,104,0,104
192,7,1452.0,3010.0,8.0,7.0,1,102,0,102
192,8,1534.0,3012.0,11.0,6.0,1,98,0,99
192,9,1559.0,3016.0,10.0,7.0,1,96,0,96
192,10,1651.0,3013.0,6.0,6.0,1,95,0,95
192,11,1582.0,3011.0,8.0,6.0,1,94,0,94
192,13,1605.0,3011.0,6.0,6.0,1,90,0,90
192,14,1634.0,3014.0,7.0,4.0,1,89,0,89
192,16,1661.0,3012.0,7.0,8.0,1,84,0,85
192,17,1669.0,3011.0,6.0,7.0,1,84,0,84
192,18,1695.0,3014.0,6.0,7.0,1,82,0,82
192,19,1677.0,3011.0,8.0,7.0,1,78,0,79
192,20,1701.0,3012.0,6.0,6.0,1,75,0,75
192,21,1727.0,3014.0,8.0,6.0,1,73,0,73
192,22,1749.0,3013.0,7.0,7.0,1,69,0,69
192,23,1762.0,3009.0,6.0,7.0,1,66,0,66
192,24,1577.0,3013.0,7.0,7.0,0,62,1,63
192,25,1780.0,3009.0,8.0,6.0,1,61,0,61
192,26,1805.0,3014.0,6.0,8.0,1,56,0,57
193,0,1624.0,3278.0,16.0,12.0,1,194,0,194
193,1,1381.0,3003.0,10.0,7.0,1,118,0,118
193,2,1402.0,3005.0,9.0,7.0,1,114,0,114
193,3,1461.0,3008.0,9.0,7.0,1,110,0,110
193,4,1480.0,3013.0,9.0,5.0,1,105,0,110
193,5,1427.0,3008.0,8.0,7.0,1,106,0,108
193,6,1505.0,3012.0,9.0,7.0,1,105,0,105
193,7,1447.0,3008.0,8.0,6.0,1,103,0,103
193,8,1531.0,3014.0,9.0,6.0,1,99,0,100
193,9,1553.0,3013.0,11.0,8.0,1,97,0,97
193,10,1645.0,3012.0,5.0,6.0,1,96,0,96
193,11,1576.0,3010.0,9.0,6.0,1,95,0,95
193,13,1595.0,3013.0,7.0,6.0,1,91,0,91
193,14,1627.0,3014.0,9.0,6.0,1,90,0,90
193,16,1653.0,3018.0,6.0,5.0,1,85,0,86
193,17,1662.0,3013.0,7.0,7.0,1,85,0,85
193,18,1692.0,3013.0,5.0,8.0,1,83,0,83
193,19,1671.0,3011.0,9.0,6.0,1,79,0,80
193,20,1695.0,3014.0,6.0,7.0,1,76,0,76
193,21,1719.0,3014.0,8.0,6.0,1,74,0,74
193,22,1743.0,3012.0,6.0,7.0,1,70,0,70
193,23,1755.0,3010.0,6.0,6.0,1,67,0,67
193,24,1566.0,3016.0,5.0,8.0,1,63,0,64
193,25,1775.0,3006.0,8.0,7.0,1,62,0,62
193,26,1799.0,3013.0,7.0,6.0,1,57,0,58
194,0,1626.0,3277.0,14.0,6.0,1,195,0,195
194,1,1378.0,3003.0,9.0,7.0,1,119,0,119
194,2,1396.0,3002.0,11.0,7.0,1,115,0,115
194,3,1452.0,3009.0,10.0,7.0,1,111,0,111
194,4,1474.0,3012.0,6.0,5.0,1,106,0,111
194,5,1423.0,3008.0,7.0,5.0,1,107,0,109
194,6,1497.0,3010.0,10.0,7.0,1,106,0,106
194,7,1438.0,3007.0,7.0,7.0,1,104,0,104
194,8,1527.0,3013.0,9.0,6.0,1,100,0,101
194,9,1546.0,3015.0,9.0,6.0,1,98,0,98
194,10,1639.0,3012.0,5.0,5.0,1,97,0,97
194,11,1570.0,3008.0,8.0,9.0,1,96,0,96
194,13,1590.0,3014.0,6.0,6.0,1,92,0,92
194,14,1622.0,3012.0,8.0,6.0,1,91,0,91
194,16,1646.0,3013.0,9.0,8.0,1,86,0,87
194,17,1656.0,3013.0,7.0,6.0,1,86,0,86
194,18,1692.0,3013.0,5.0,8.0,0,83,1,84
194,19,1663.0,3012.0,8.0,6.0,1,80,0,81
194,20,1688.0,3009.0,7.0,8.0,1,77,0,77
194,21,1712.0,3013.0,8.0,7.0,1,75,0,75
194,22,1736.0,3008.0,9.0,8.0,1,71,0,71
194,23,1747.0,3010.0,6.0,6.0,1,68,0,68
194,24,1558.0,3016.0,8.0,6.0,1,64,0,65
194,25,1769.0,3010.0,6.0,6.0,1,63,0,63
194,26,1792.0,3011.0,6.0,8.0,1,58,0,59
195,0,1625.0,3271.0,16.0,12.0,1,196,0,196
195,1,1371.0,3003.0,8.0,7.0,1,120,0,120
195,2,1387.0,3001.0,10.0,9.0,1,116,0,116
195,3,1445.0,3007.0,12.0,9.0,1,112,0,112
195,4,1466.0,3011.0,8.0,7.0,1,107,0,112
195,5,1419.0,3009.0,5.0,5.0,1,108,0,110
195,6,1492.0,3011.0,7.0,10.0,1,107,0,107
195,7,1434.0,3008.0,7.0,6.0,1,105,0,105
195,8,1518.0,3010.0,10.0,8.0,1,101,0,102
195,9,1536.0,3015.0,12.0,7.0,1,99,0,99
195,10,1630.0,3014.0,7.0,7.0,1,98,0,98
195,11,1563.0,3009.0,8.0,6.0,1,97,0,97
195,13,1586.0,3010.0,7.0,6.0,1,93,0,93
195,14,1616.0,3009.0,9.0,6.0,1,92,0,92
195,16,1639.0,3011.0,8.0,8.0,1,87,0,88
195,17,1651.0,3009.0,7.0,6.0,1,87,0,87
195,18,1679.0,3016.0,4.0,6.0,1,84,0,85
195,19,1659.0,3012.0,9.0,9.0,1,81,0,82
195,20,1681.0,3010.0,7.0,7.0,1,78,0,78
195,21,1712.0,3013.0,3.0,8.0,1,76,0,76
195,22,1729.0,3011.0,6.0,9.0,1,72,0,72
195,23,1741.0,3007.0,5.0,8.0,1,69,0,69
195,24,1549.0,3013.0,7.0,5.0,1,65,0,66
195,25,1764.0,3008.0,7.0,5.0,1,64,0,64
195,26,1786.0,3016.0,6.0,5.0,1,59,0,60
196,0,1623.0,3279.0,23.0,7.0,1,197,0,197
196,1,1364.0,3000.0,10.0,7.0,1,121,0,121
196,2,1380.0,3004.0,13.0,8.0,1,117,0,117
196,3,1441.0,3007.0,11.0,7.0,1,113,0,113
196,4,1462.0,3010.0,6.0,6.0,1,108,0,113
196,5,1413.0,3008.0,5.0,5.0,1,109,0,111
196,6,1486.0,3010.0,7.0,7.0,1,108,0,108
196,7,1428.0,3009.0,8.0,7.0,1,106,0,106
196,8,1512.0,3011.0,7.0,6.0,1,102,0,103
196,9,1531.0,3014.0,12.0,7.0,1,100,0,100
196,10,1626.0,3013.0,6.0,7.0,1,99,0,99
196,11,1557.0,3008.0,7.0,8.0,1,98,0,98
196,13,1578.0,3008.0,6.0,6.0,1,94,0,94
196,14,1611.0,3012.0,7.0,6.0,1,93,0,93
196,16,1634.0,3009.0,8.0,8.0,1,88,0,89
196,17,1643.0,3011.0,6.0,5.0,1,88,0,88
196,18,1671.0,3015.0,5.0,5.0,1,85,0,86
196,19,1653.0,3010.0,8.0,9.0,1,82,0,83
196,20,1676.0,3011.0,5.0,6.0,1,79,0,79
196,21,1702.0,3008.0,6.0,9.0,1,77,0,77
196,22,1724.0,3012.0,6.0,6.0,1,73,0,73
196,23,1734.0,3006.0,6.0,8.0,1,70,0,70
196,24,1546.0,3015.0,7.0,4.0,1,66,0,67
196,25,1756.0,3007.0,6.0,5.0,1,65,0,65
196,26,1781.0,3015.0,7.0,7.0,1,60,0,61
197,0,1627.0,3279.0,16.0,11.0,1,198,0,198
197,1,1358.0,2999.0,9.0,8.0,1,122,0,122
197,2,1378.0,3001.0,10.0,6.0,1,118,0,118
197,3,1436.0,3005.0,10.0,7.0,1,114,0,114
197,4,1455.0,3008.0,10.0,8.0,1,109,0,114
197,5,1403.0,3005.0,7.0,5.0,1,110,0,112
197,6,1479.0,3008.0,8.0,10.0,1,109,0,109
197,7,1422.0,3005.0,7.0,5.0,1,107,0,107
197,8,1505.0,3012.0,7.0,7.0,1,103,0,104
197,9,1525.0,3010.0,10.0,9.0,1,101,0,101
197,10,1621.0,3010.0,7.0,6.0,1,100,0,100
197,11,1551.0,3008.0,9.0,7.0,1,99,0,99
197,13,1571.0,3011.0,7.0,6.0,1,95,0,95
197,14,1602.0,3012.0,8.0,5.0,1,94,0,94
197,16,1627.0,3009.0,7.0,7.0,1,89,0,90
197,17,1641.0,3012.0,6.0,6.0,1,89,0,89
197,18,1666.0,3012.0,4.0,7.0,1,86,0,87
197,19,1644.0,3010.0,8.0,6.0,1,83,0,84
197,20,1670.0,3009.0,6.0,7.0,1,80,0,80
197,21,1695.0,3013.0,7.0,7.0,1,78,0,78
197,22,1716.0,3009.0,8.0,10.0,1,74,0,74
197,23,1728.0,3006.0,5.0,7.0,1,71,0,71
197,24,1541.0,3015.0,7.0,5.0,1,67,0,68
197,25,1749.0,3006.0,7.0,5.0,1,66,0,66
197,26,1773.0,3013.0,6.0,6.0,1,61,0,62
198,0,1631.0,3274.0,15.0,6.0,1,199,0,199
198,1,1352.0,2999.0,8.0,8.0,1,123,0,123
198,2,1369.0,2999.0,9.0,8.0,1,119,0,119
198,3,1428.0,3004.0,10.0,8.0,1,115,0,115
198,4,1449.0,3008.0,8.0,6.0,1,110,0,115
198,5,1399.0,3006.0,5.0,5.0,1,111,0,113
198,6,1472.0,3006.0,11.0,7.0,1,110,0,110
198,7,1415.0,3002.0,7.0,9.0,1,108,0,108
198,8,1500.0,3008.0,8.0,8.0,1,104,0,105
198,9,1522.0,3014.0,9.0,6.0,1,102,0,102
198,10,1614.0,3009.0,7.0,7.0,1,101,0,101
198,11,1544.0,3008.0,9.0,7.0,1,100,0,100
198,13,1566.0,3012.0,5.0,5.0,1,96,0,96
198,14,1597.0,3011.0,7.0,7.0,1,95,0,95
198,16,1623.0,3010.0,6.0,8.0,1,90,0,91
198,17,1630.0,3011.0,7.0,7.0,1,90,0,90
198,18,1660.0,3015.0,4.0,4.0,1,87,0,88
198,19,1640.0,3007.0,9.0,7.0,1,84,0,85
198,20,1663.0,3010.0,6.0,8.0,1,81,0,81
198,21,1687.0,3011.0,7.0,8.0,1,79,0,79
198,22,1710.0,3011.0,5.0,8.0,1,75,0,75
198,23,1723.0,3005.0,5.0,8.0,1,72,0,72
198,24,1536.0,3013.0,7.0,6.0,1,68,0,69
198,25,1741.0,3008.0,7.0,6.0,1,67,0,67
198,26,1767.0,3012.0,7.0,7.0,1,62,0,63
199,0,1632.0,3271.0,16.0,10.0,1,200,0,200
199,1,1345.0,2999.0,8.0,10.0,1,124,0,124
199,2,1364.0,2998.0,8.0,10.0,1,120,0,120
199,3,1421.0,3008.0,11.0,6.0,1,116,0,116
199,4,1442.0,3004.0,7.0,8.0,1,111,0,116
199,5,1390.0,3003.0,10.0,6.0,1,112,0,114
199,6,1464.0,3007.0,10.0,10.0,1,111,0,111
199,7,1406.0,3003.0,8.0,8.0,1,109,0,109
199,8,1495.0,3007.0,7.0,8.0,1,105,0,106
199,9,1515.0,3011.0,9.0,8.0,1,103,0,103
199,10,1609.0,3012.0,7.0,7.0,1,102,0,102
199,11,1538.0,3009.0,8.0,5.0,1,101,0,101
199,13,1560.0,3009.0,5.0,6.0,1,97,0,97
199,14,1591.0,3009.0,8.0,7.0,1,96,0,96
199,16,1616.0,3008.0,8.0,9.0,1,91,0,92
199,17,1628.0,3010.0,6.0,7.0,1,91,0,91
199,18,1651.0,3014.0,5.0,6.0,1,88,0,89
199,19,1634.0,3008.0,8.0,6.0,1,85,0,86
199,20,1657.0,3009.0,6.0,7.0,1,82,0,82
199,21,1684.0,3009.0,6.0,6.0,1,80,0,80
199,22,1703.0,3014.0,5.0,8.0,1,76,0,76
199,23,1713.0,3003.0,6.0,9.0,1,73,0,73
199,24,1529.0,3011.0,7.0,5.0,1,69,0,70
199,25,1740.0,3006.0,7.0,9.0,1,68,0,68
199,26,1759.0,3012.0,6.0,5.0,1,63,0,64
200,0,1626.0,3275.0,23.0,9.0,1,201,0,201
200,1,1338.0,2999.0,6.0,5.0,1,125,0,125
200,2,1360.0,2998.0,8.0,9.0,1,121,0,121
200,3,1416.0,3005.0,11.0,5.0,1,117,0,117
200,4,1437.0,3007.0,6.0,6.0,1,112,0,117
200,5,1381.0,3001.0,8.0,6.0,1,113,0,115
200,6,1456.0,3005.0,11.0,9.0,1,112,0,112
200,7,1400.0,3004.0,9.0,7.0,1,110,0,110
200,8,1485.0,3006.0,6.0,6.0,1,106,0,107
200,9,1506.0,3007.0,10.0,8.0,1,104,0,104
200,10,1601.0,3010.0,6.0,6.0,1,103,0,103
200,11,1533.0,3008.0,9.0,5.0,1,102,0,102
200,13,1552.0,3008.0,8.0,7.0,1,98,0,98
200,14,1583.0,3009.0,10.0,7.0,1,97,0,97
200,16,1608.0,3007.0,9.0,7.0,1,92,0,93
200,17,1620.0,3007.0,6.0,6.0,1,92,0,92
200,18,1648.0,3013.0,4.0,8.0,1,89,0,90
200,19,1631.0,3008.0,8.0,6.0,1,86,0,87
200,20,1650.0,3009.0,6.0,7.0,1,83,0,83
200,21,1672.0,3012.0,8.0,7.0,1,81,0,81
200,22,1698.0,3010.0,8.0,7.0,1,77,0,77
200,23,1707.0,3004.0,6.0,8.0,1,74,0,74
200,24,1521.0,3012.0,7.0,7.0,1,70,0,71
200,25,1731.0,3008.0,8.0,8.0,1,69,0,69
200,26,1751.0,3016.0,8.0,7.0,1,64,0,65
201,0,1630.0,3275.0,18.0,13.0,1,202,0,202
201,1,1332.0,2996.0,8.0,8.0,1,126,0,126
201,2,1351.0,2998.0,10.0,8.0,1,122,0,122
201,3,1409.0,3003.0,11.0,6.0,1,118,0,118
201,4,1429.0,3006.0,8.0,6.0,1,113,0,118
201,5,1379.0,3004.0,7.0,5.0,1,114,0,116
201,6,1452.0,3003.0,11.0,13.0,1,113,0,113
201,7,1393.0,3001.0,7.0,7.0,1,111,0,111
201,8,1484.0,3008.0,6.0,9.0,1,107,0,108
201,9,1502.0,3007.0,11.0,8.0,1,105,0,105
201,10,1594.0,3007.0,8.0,8.0,1,104,0,104
201,11,1528.0,3006.0,8.0,7.0,1,103,0,103
201,13,1548.0,3007.0,6.0,7.0,1,99,0,99
201,14,1576.0,3009.0,8.0,6.0,1,98,0,98
201,16,1604.0,3007.0,8.0,8.0,1,93,0,94
201,17,1615.0,3008.0,7.0,5.0,1,93,0,93
201,18,1638.0,3012.0,4.0,8.0,1,90,0,91
201,19,1621.0,3008.0,8.0,7.0,1,87,0,88
201,20,1644.0,3008.0,5.0,8.0,1,84,0,84
201,21,1669.0,3011.0,6.0,6.0,1,82,0,82
201,22,1690.0,3010.0,7.0,7.0,1,78,0,78
201,23,1701.0,3006.0,6.0,5.0,1,75,0,75
201,24,1516.0,3012.0,7.0,7.0,1,71,0,72
201,25,1722.0,3005.0,10.0,10.0,1,70,0,70
201,26,1749.0,3014.0,6.0,7.0,1,65,0,66
202,0,1631.0,3274.0,17.0,10.0,1,203,0,203
202,1,1326.0,2998.0,7.0,6.0,1,127,0,127
202,2,1345.0,2997.0,7.0,7.0,1,123,0,123
202,3,1403.0,3003.0,10.0,7.0,1,119,0,119
202,4,1420.0,3004.0,9.0,7.0,1,114,0,119
202,5,1370.0,3002.0,7.0,7.0,1,115,0,117
202,6,1447.0,3004.0,11.0,9.0,1,114,0,114
202,7,1385.0,3001.0,9.0,7.0,1,112,0,112
202,8,1474.0,3006.0,8.0,8.0,1,108,0,109
202,9,1492.0,3010.0,12.0,8.0,1,106,0,106
202,10,1588.0,3008.0,7.0,10.0,1,105,0,105
202,11,1520.0,3009.0,6.0,5.0,1,104,0,104
202,13,1539.0,3010.0,7.0,7.0,1,100,0,100
202,14,1572.0,3006.0,8.0,9.0,1,99,0,99
202,16,1597.0,3007.0,7.0,7.0,1,94,0,95
202,17,1606.0,3009.0,7.0,7.0,1,94,0,94
202,18,1634.0,3014.0,5.0,8.0,1,91,0,92
202,19,1618.0,3006.0,6.0,7.0,1,88,0,89
202,20,1637.0,3009.0,6.0,7.0,1,85,0,85
202,21,1662.0,3012.0,6.0,6.0,1,83,0,83
202,22,1684.0,3010.0,8.0,6.0,1,79,0,79
202,23,1695.0,3004.0,6.0,5.0,1,76,0,76
202,24,1510.0,3010.0,7.0,6.0,1,72,0,73
202,25,1716.0,3008.0,9.0,7.0,1,71,0,71
202,26,1741.0,3010.0,7.0,8.0,1,66,0,67
203,0,1634.0,3271.0,14.0,11.0,1,204,0,204
203,1,1320.0,2996.0,9.0,9.0,1,128,0,128
203,2,1337.0,2995.0,7.0,7.0,1,124,0,124
203,3,1395.0,3001.0,9.0,9.0,1,120,0,120
203,4,1416.0,2997.0,9.0,10.0,1,115,0,120
203,5,1366.0,3000.0,5.0,6.0,1,116,0,118
203,6,1441.0,3005.0,9.0,7.0,1,115,0,115
203,7,1380.0,3003.0,9.0,7.0,1,113,0,113
203,8,1468.0,3003.0,7.0,9.0,1,109,0,110
203,9,1488.0,3008.0,11.0,7.0,1,107,0,107
203,10,1582.0,3010.0,7.0,7.0,1,106,0,106
203,11,1516.0,3007.0,7.0,6.0,1,105,0,105
203,13,1536.0,3007.0,7.0,6.0,1,101,0,101
203,14,1566.0,3008.0,7.0,6.0,1,100,0,100
203,16,1591.0,3008.0,8.0,8.0,1,95,0,96
203,17,1601.0,3005.0,7.0,7.0,1,95,0,95
203,18,1624.0,3013.0,7.0,6.0,1,92,0,93
203,19,1610.0,3005.0,7.0,7.0,1,89,0,90
203,20,1632.0,3005.0,5.0,8.0,1,86,0,86
203,21,1656.0,3007.0,7.0,6.0,1,84,0,84
203,22,1676.0,3013.0,8.0,5.0,1,80,0,80
203,23,1688.0,3002.0,8.0,9.0,1,77,0,77
203,24,1503.0,3007.0,7.0,8.0,1,73,0,74
203,25,1708.0,3008.0,9.0,5.0,1,72,0,72
203,26,1733.0,3010.0,6.0,6.0,1,67,0,68
204,0,1631.0,3268.0,19.0,14.0,1,205,0,205
204,1,1311.0,2997.0,12.0,8.0,1,129,0,129
204,2,1330.0,2997.0,10.0,8.0,1,125,0,125
204,3,1390.0,3001.0,10.0,7.0,1,121,0,121
204,4,1409.0,3003.0,7.0,7.0,1,116,0,121
204,5,1361.0,3002.0,7.0,7.0,1,117,0,119
204,6,1432.0,3004.0,10.0,7.0,1,116,0,116
204,7,1374.0,3001.0,9.0,8.0,1,114,0,114
204,8,1462.0,3003.0,6.0,6.0,1,110,0,111
204,9,1484.0,3009.0,9.0,8.0,1,108,0,108
204,10,1577.0,3008.0,7.0,8.0,1,107,0,107
204,11,1508.0,3007.0,8.0,5.0,1,106,0,106
204,13,1529.0,3003.0,7.0,9.0,1,102,0,102
204,14,1557.0,3008.0,8.0,6.0,1,101,0,101
204,16,1586.0,3009.0,8.0,7.0,1,96,0,97
204,17,1595.0,3007.0,7.0,6.0,1,96,0,96
204,18,1617.0,3014.0,8.0,5.0,1,93,0,94
204,19,1604.0,3008.0,7.0,8.0,1,90,0,91
204,20,1622.0,3006.0,5.0,8.0,1,87,0,87
204,21,1649.0,3010.0,6.0,7.0,1,85,0,85
204,22,1667.0,3006.0,9.0,8.0,1,81,0,81
204,23,1681.0,3005.0,8.0,6.0,1,78,0,78
204,24,1498.0,3010.0,7.0,5.0,1,74,0,75
204,25,1703.0,3004.0,8.0,8.0,1,73,0,73
204,26,1728.0,3009.0,8.0,8.0,1,68,0,69
205,0,1630.0,3273.0,19.0,8.0,1,206,0,206
205,1,1307.0,2995.0,7.0,10.0,1,130,0,130
205,2,1324.0,2997.0,7.0,7.0,1,126,0,126
205,3,1383.0,3000.0,9.0,8.0,1,122,0,122
205,4,1402.0,3001.0,9.0,8.0,1,117,0,122
205,5,1349.0,3000.0,8.0,8.0,1,118,0,120
205,6,1426.0,3004.0,10.0,6.0,1,117,0,117
205,7,1368.0,3000.0,7.0,6.0,1,115,0,115
205,8,1455.0,3005.0,9.0,8.0,1,111,0,112
205,9,1477.0,3008.0,10.0,7.0,1,109,0,109
205,10,1572.0,3008.0,6.0,7.0,1,108,0,108
205,11,1502.0,3004.0,7.0,6.0,1,107,0,107
205,13,1522.0,3005.0,7.0,6.0,1,103,0,103
205,14,1553.0,3007.0,8.0,6.0,1,102,0,102
205,16,1581.0,3008.0,6.0,8.0,1,97,0,98
205,17,1588.0,3006.0,7.0,6.0,1,97,0,97
205,18,1613.0,3012.0,7.0,5.0,1,94,0,95
205,19,1598.0,3005.0,8.0,6.0,1,91,0,92
205,20,1619.0,3005.0,4.0,7.0,1,88,0,88
205,21,1643.0,3009.0,7.0,7.0,1,86,0,86
205,22,1665.0,3010.0,5.0,7.0,1,82,0,82
205,23,1673.0,3002.0,7.0,8.0,1,79,0,79
205,24,1491.0,3007.0,7.0,6.0,1,75,0,76
205,25,1695.0,3002.0,8.0,10.0,1,74,0,74
205,26,1722.0,3011.0,7.0,6.0,1,69,0,70
206,0,1633.0,3272.0,13.0,9.0,1,207,0,207
206,1,1301.0,2995.0,6.0,5.0,1,131,0,131
206,2,1318.0,2996.0,9.0,8.0,1,127,0,127
206,3,1377.0,2998.0,9.0,9.0,1,123,0,123
206,4,1397.0,3002.0,7.0,7.0,1,118,0,123
206,5,1346.0,3002.0,7.0,8.0,1,119,0,121
206,6,1421.0,3003.0,8.0,8.0,1,118,0,118
206,7,1361.0,2998.0,7.0,7.0,1,116,0,116
206,8,1451.0,2998.0,6.0,10.0,1,112,0,113
206,9,1471.0,3008.0,9.0,7.0,1,110,0,110
206,10,1564.0,3007.0,6.0,7.0,1,109,0,109
206,11,1496.0,3005.0,9.0,5.0,1,108,0,108
206,13,1515.0,3004.0,8.0,6.0,1,104,0,104
206,14,1547.0,3004.0,8.0,9.0,1,103,0,103
206,16,1573.0,3007.0,6.0,7.0,1,98,0,99
206,17,1582.0,3007.0,7.0,6.0,1,98,0,98
206,18,1613.0,3012.0,7.0,5.0,0,94,1,96
206,19,1589.0,3004.0,10.0,8.0,1,92,0,93
206,20,1610.0,3006.0,5.0,6.0,1,89,0,89
206,21,1633.0,3007.0,10.0,8.0,1,87,0,87
206,22,1657.0,3009.0,9.0,9.0,1,83,0,83
206,23,1669.0,3003.0,8.0,6.0,1,80,0,80
206,24,1485.0,3008.0,6.0,7.0,1,76,0,77
206,25,1689.0,3004.0,9.0,7.0,1,75,0,75
206,26,1716.0,3009.0,7.0,10.0,1,70,0,71
207,0,1634.0,3268.0,15.0,8.0,1,208,0,208
207,1,1296.0,2998.0,6.0,5.0,1,132,0,132
207,2,1312.0,2994.0,8.0,7.0,1,128,0,128
207,3,1372.0,3000.0,9.0,8.0,1,124,0,124
207,4,1389.0,2998.0,7.0,9.0,1,119,0,124
207,5,1339.0,2997.0,8.0,6.0,1,120,0,122
207,6,1415.0,3001.0,10.0,10.0,1,119,0,119
207,7,1355.0,2999.0,7.0,9.0,1,117,0,117
207,8,1443.0,3002.0,8.0,7.0,1,113,0,114
207,9,1465.0,3008.0,9.0,6.0,1,111,0,111
207,10,1558.0,3007.0,5.0,8.0,1,110,0,110
207,11,1490.0,3004.0,8.0,7.0,1,109,0,109
207,13,1511.0,3003.0,7.0,5.0,1,105,0,105
207,14,1542.0,3006.0,8.0,6.0,1,104,0,104
207,16,1568.0,3007.0,6.0,6.0,1,99,0,100
207,17,1578.0,3007.0,6.0,6.0,1,99,0,99
207,18,1600.0,3011.0,6.0,7.0,1,95,0,97
207,19,1583.0,3007.0,9.0,6.0,1,93,0,94
207,20,1603.0,3005.0,7.0,7.0,1,90,0,90
207,21,1629.0,3005.0,6.0,7.0,1,88,0,88
207,22,1652.0,3011.0,9.0,8.0,1,84,0,84
207,23,1663.0,3000.0,8.0,11.0,1,81,0,81
207,24,1477.0,3007.0,7.0,5.0,1,77,0,78
207,25,1681.0,3004.0,10.0,8.0,1,76,0,76
207,26,1716.0,3009.0,7.0,10.0,0,70,1,72
208,0,1637.0,3265.0,14.0,11.0,1,209,0,209
208,1,1286.0,2995.0,7.0,8.0,1,133,0,133
208,2,1303.0,2994.0,8.0,8.0,1,129,0,129
208,3,1365.0,2999.0,9.0,8.0,1,125,0,125
208,4,1389.0,2998.0,7.0,9.0,0,119,1,125
208,5,1332.0,2996.0,7.0,6.0,1,121,0,123
208,6,1408.0,2999.0,13.0,9.0,1,120,0,120
208,7,1348.0,2998.0,8.0,7.0,1,118,0,118
208,8,1437.0,3002.0,8.0,7.0,1,114,0,115
208,9,1460.0,3001.0,8.0,8.0,1,112,0,112
208,10,1552.0,3003.0,6.0,9.0,1,111,0,111
208,11,1485.0,3003.0,7.0,7.0,1,110,0,110
208,13,1502.0,3003.0,8.0,7.0,1,106,0,106
208,14,1535.0,3006.0,6.0,8.0,1,105,0,105
208,16,1562.0,3004.0,6.0,8.0,1,100,0,101
208,17,1568.0,3004.0,7.0,9.0,1,100,0,100
208,18,1593.0,3011.0,8.0,5.0,1,96,0,98
208,19,1578.0,3004.0,8.0,8.0,1,94,0,95
208,20,1595.0,3002.0,10.0,7.0,1,91,0,91
208,21,1622.0,3007.0,7.0,4.0,1,89,0,89
208,22,1643.0,3007.0,10.0,7.0,1,85,0,85
208,23,1654.0,3003.0,9.0,6.0,1,82,0,82
208,24,1473.0,3005.0,6.0,5.0,1,78,0,79
208,25,1677.0,3000.0,10.0,8.0,1,77,0,77
208,26,1702.0,3013.0,6.0,6.0,1,71,0,73
209,0,1630.0,3268.0,20.0,9.0,1,210,0,210
209,1,1280.0,2994.0,6.0,8.0,1,134,0,134
209,2,1297.0,2993.0,10.0,8.0,1,130,0,130
209,3,1356.0,2999.0,10.0,9.0,1,126,0,126
209,4,1376.0,2998.0,9.0,9.0,1,120,0,126
209,5,1328.0,2999.0,5.0,6.0,1,122,0,124
209,6,1401.0,3000.0,12.0,8.0,1,121,0,121
209,7,1344.0,2995.0,8.0,8.0,1,119,0,119
209,8,1431.0,3004.0,10.0,5.0,1,115,0,116
209,9,1454.0,3007.0,8.0,6.0,1,113,0,113
209,10,1547.0,3004.0,6.0,7.0,1,112,0,112
209,11,1479.0,3000.0,6.0,8.0,1,111,0,111
209,13,1497.0,3004.0,9.0,5.0,1,107,0,107
209,14,1531.0,3006.0,7.0,5.0,1,106,0,106
209,16,1556.0,3005.0,7.0,8.0,1,101,0,102
209,17,1567.0,3005.0,7.0,6.0,1,101,0,101
209,18,1589.0,3009.0,5.0,6.0,1,97,0,99
209,19,1569.0,3005.0,9.0,7.0,1,95,0,96
209,20,1590.0,3003.0,7.0,8.0,1,92,0,92
209,21,1614.0,3007.0,7.0,8.0,1,90,0,90
209,22,1636.0,3007.0,8.0,6.0,1,86,0,86
209,23,1648.0,3003.0,10.0,6.0,1,83,0,83
209,24,1468.0,3006.0,5.0,6.0,1,79,0,80
209,25,1669.0,3002.0,11.0,6.0,1,78,0,78
209,26,1694.0,3011.0,7.0,5.0,1,72,0,74
210,0,1635.0,3264.0,15.0,14.0,1,211,0,211
210,1,1275.0,2993.0,6.0,7.0,1,135,0,135
210,2,1293.0,2991.0,9.0,7.0,1,131,0,131
210,3,1349.0,2997.0,9.0,10.0,1,127,0,127
210,4,1372.0,2997.0,8.0,8.0,1,121,0,127
210,5,1319.0,2997.0,8.0,7.0,1,123,0,125
210,6,1396.0,2998.0,10.0,9.0,1,122,0,122
210,7,1335.0,2994.0,8.0,8.0,1,120,0,120
210,8,1421.0,2997.0,11.0,9.0,1,116,0,117
210,9,1444.0,3007.0,12.0,7.0,1,114,0,114
210,10,1541.0,3007.0,6.0,7.0,1,113,0,113
210,11,1472.0,3002.0,9.0,7.0,1,112,0,112
210,13,1490.0,3003.0,8.0,6.0,1,108,0,108
210,14,1523.0,3002.0,8.0,8.0,1,107,0,107
210,16,1551.0,3006.0,6.0,6.0,1,102,0,103
210,17,1559.0,3006.0,7.0,5.0,1,102,0,102
210,18,1589.0,3009.0,5.0,6.0,0,97,1,100
210,19,1567.0,3005.0,9.0,8.0,1,96,0,97
210,20,1582.0,3005.0,7.0,5.0,1,93,0,93
210,21,1612.0,3007.0,6.0,6.0,1,91,0,91
210,22,1632.0,3011.0,7.0,7.0,1,87,0,87
210,23,1642.0,3003.0,7.0,6.0,1,84,0,84
210,24,1461.0,3008.0,6.0,4.0,1,80,0,81
210,25,1663.0,3001.0,9.0,7.0,1,79,0,79
210,26,1687.0,3008.0,10.0,10.0,1,73,0,75
211,0,1637.0,3261.0,12.0,11.0,1,212,0,212
211,1,1269.0,2994.0,7.0,8.0,1,136,0,136
211,2,1286.0,2990.0,8.0,7.0,1,132,0,132
211,3,1347.0,2997.0,9.0,9.0,1,128,0,128
211,4,1368.0,2996.0,5.0,9.0,1,122,0,128
211,5,1313.0,2995.0,9.0,7.0,1,124,0,126
211,6,1391.0,2998.0,9.0,9.0,1,123,0,123
211,7,1328.0,2995.0,9.0,8.0,1,121,0,121
211,8,1418.0,3001.0,7.0,6.0,1,117,0,118
211,9,1439.0,3006.0,11.0,5.0,1,115,0,115
211,10,1537.0,3006.0,4.0,5.0,1,114,0,114
211,11,1466.0,3002.0,7.0,6.0,1,113,0,113
211,13,1486.0,3002.0,7.0,6.0,1,109,0,109
211,14,1516.0,3003.0,9.0,6.0,1,108,0,108
211,16,1545.0,3007.0,6.0,6.0,1,103,0,104
211,17,1552.0,3005.0,7.0,6.0,1,103,0,103
211,18,1574.0,3011.0,7.0,6.0,1,98,0,101
211,19,1562.0,3001.0,8.0,9.0,1,97,0,98
211,20,1576.0,3001.0,8.0,7.0,1,94,0,94
211,21,1604.0,3004.0,6.0,8.0,1,92,0,92
211,22,1624.0,3008.0,8.0,6.0,1,88,0,88
211,23,1636.0,3000.0,8.0,10.0,1,85,0,85
211,24,1455.0,3005.0,5.0,6.0,1,81,0,82
211,25,1655.0,3003.0,11.0,7.0,1,80,0,80
211,26,1680.0,3009.0,8.0,5.0,1,74,0,76
212,0,1640.0,3260.0,12.0,10.0,1,213,0,213
212,1,1260.0,2994.0,7.0,6.0,1,137,0,137
212,2,1283.0,2996.0,7.0,6.0,1,133,0,133
212,3,1339.0,2998.0,8.0,7.0,1,129,0,129
212,4,1357.0,2997.0,8.0,9.0,1,123,0,129
212,5,1307.0,2995.0,10.0,8.0,1,125,0,127
212,6,1382.0,2997.0,9.0,8.0,1,124,0,124
212,7,1325.0,2996.0,9.0,8.0,1,122,0,122
212,8,1412.0,2997.0,7.0,7.0,1,118,0,119
212,9,1433.0,3002.0,12.0,10.0,1,116,0,116
212,10,1526.0,2999.0,8.0,11.0,1,115,0,115
212,11,1460.0,3001.0,8.0,7.0,1,114,0,114
212,13,1480.0,2996.0,5.0,7.0,1,110,0,110
212,14,1511.0,3002.0,8.0,8.0,1,109,0,109
212,16,1538.0,3003.0,7.0,8.0,1,104,0,105
212,17,1547.0,3003.0,7.0,8.0,1,104,0,104
212,18,1569.0,3008.0,7.0,6.0,1,99,0,102
212,19,1557.0,3005.0,5.0,7.0,1,98,0,99
212,20,1567.0,3001.0,7.0,8.0,1,95,0,95
212,21,1597.0,3007.0,9.0,6.0,1,93,0,93
212,22,1614.0,3005.0,8.0,8.0,1,89,0,89
212,23,1629.0,2999.0,8.0,8.0,1,86,0,86
212,24,1450.0,3004.0,7.0,3.0,1,82,0,83
212,25,1648.0,2999.0,11.0,10.0,1,81,0,81
212,26,1673.0,3011.0,6.0,6.0,1,75,0,77
213,0,1634.0,3258.0,18.0,11.0,1,214,0,214
213,1,1254.0,2992.0,6.0,9.0,1,138,0,138
213,2,1271.0,2993.0,9.0,7.0,1,134,0,134
213,3,1333.0,2996.0,8.0,7.0,1,130,0,130
213,4,1351.0,2998.0,9.0,8.0,1,124,0,130
213,5,1298.0,2995.0,12.0,8.0,1,126,0,128
213,6,1377.0,2995.0,8.0,10.0,1,125,0,125
213,7,1318.0,2994.0,8.0,8.0,1,123,0,123
213,8,1408.0,2996.0,6.0,9.0,1,119,0,120
213,9,1427.0,3001.0,10.0,8.0,1,117,0,117
213,10,1523.0,3002.0,7.0,10.0,1,116,0,116
213,11,1453.0,2998.0,6.0,6.0,1,115,0,115
213,13,1472.0,2999.0,6.0,8.0,1,111,0,111
213,14,1506.0,3004.0,9.0,6.0,1,110,0,110
213,16,1530.0,3002.0,8.0,10.0,1,105,0,106
213,17,1541.0,3004.0,7.0,6.0,1,105,0,105
213,18,1563.0,3010.0,4.0,6.0,1,100,0,103
213,19,1548.0,3001.0,8.0,9.0,1,99,0,100
213,20,1564.0,3002.0,6.0,8.0,1,96,0,96
213,21,1591.0,3004.0,5.0,8.0,1,94,0,94
213,22,1612.0,3007.0,8.0,6.0,1,90,0,90
213,23,1621.0,2999.0,8.0,9.0,1,87,0,87
213,24,1443.0,3005.0,8.0,6.0,1,83,0,84
213,25,1643.0,2999.0,9.0,8.0,1,82,0,82
213,26,1669.0,3007.0,8.0,9.0,1,76,0,78
214,0,1639.0,3264.0,18.0,10.0,1,215,0,215
214,1,1249.0,2992.0,7.0,8.0,1,139,0,139
214,2,1269.0,2991.0,8.0,7.0,1,135,0,135
214,3,1326.0,2994.0,10.0,9.0,1,131,0,131
214,4,1344.0,2992.0,8.0,9.0,1,125,0,131
214,5,1291.0,2993.0,10.0,7.0,1,127,0,129
214,6,1370.0,2993.0,7.0,9.0,1,126,0,126
214,7,1311.0,2992.0,9.0,6.0,1,124,0,124
214,8,1398.0,2998.0,6.0,6.0,1,120,0,121
214,9,1419.0,3004.0,9.0,9.0,1,118,0,118
214,10,1514.0,3003.0,7.0,9.0,1,117,0,117
214,11,1447.0,3001.0,9.0,7.0,1,116,0,116
214,13,1466.0,3001.0,8.0,8.0,1,112,0,112
214,14,1501.0,3000.0,5.0,9.0,1,111,0,111
214,16,1527.0,3002.0,5.0,8.0,1,106,0,107
214,17,1534.0,3003.0,6.0,9.0,1,106,0,106
214,18,1554.0,3008.0,7.0,5.0,1,101,0,104
214,19,1540.0,3001.0,7.0,9.0,1,100,0,101
214,20,1558.0,3001.0,6.0,6.0,1,97,0,97
214,21,1584.0,3000.0,7.0,6.0,1,95,0,95
214,22,1604.0,3006.0,7.0,7.0,1,91,0,91
214,23,1615.0,3001.0,9.0,8.0,1,88,0,88
214,24,1438.0,3003.0,6.0,4.0,1,84,0,85
214,25,1638.0,2998.0,12.0,9.0,1,83,0,83
214,26,1664.0,3004.0,7.0,8.0,1,77,0,79
215,0,1638.0,3256.0,14.0,16.0,1,216,0,216
215,1,1236.0,2992.0,11.0,8.0,1,140,0,140
215,2,1258.0,2987.0,9.0,10.0,1,136,0,136
215,3,1317.0,2996.0,12.0,9.0,1,132,0,132
215,4,1337.0,2992.0,11.0,9.0,1,126,0,132
215,5,1286.0,2989.0,11.0,10.0,1,128,0,130
215,6,1365.0,2991.0,10.0,12.0,1,127,0,127
215,7,1302.0,2993.0,9.0,7.0,1,125,0,125
215,8,1391.0,2998.0,9.0,7.0,1,121,0,122
215,9,1416.0,2999.0,11.0,9.0,1,119,0,119
215,10,1510.0,3001.0,7.0,7.0,1,118,0,118
215,11,1439.0,3001.0,9.0,7.0,1,117,0,117
215,13,1461.0,2999.0,7.0,4.0,1,113,0,113
215,14,1491.0,3002.0,11.0,6.0,1,112,0,112
215,16,1519.0,3004.0,6.0,8.0,1,107,0,108
215,17,1526.0,3002.0,9.0,8.0,1,107,0,107
215,18,1548.0,3006.0,9.0,9.0,1,102,0,105
215,19,1535.0,3001.0,9.0,8.0,1,101,0,102
215,20,1551.0,2996.0,7.0,7.0,1,98,0,98
215,21,1575.0,3002.0,9.0,8.0,1,96,0,96
215,22,1597.0,3006.0,9.0,6.0,1,92,0,92
215,23,1609.0,2996.0,9.0,9.0,1,89,0,89
215,24,1434.0,3000.0,5.0,6.0,1,85,0,86
215,25,1629.0,2997.0,12.0,10.0,1,84,0,84
215,26,1655.0,3006.0,8.0,7.0,1,78,0,80
216,0,1639.0,3251.0,15.0,11.0,1,217,0,217
216,1,1233.0,2991.0,10.0,8.0,1,141,0,141
216,2,1253.0,2990.0,9.0,9.0,1,137,0,137
216,3,1312.0,2995.0,13.0,8.0,1,133,0,133
216,4,1332.0,2993.0,7.0,9.0,1,127,0,133
216,5,1279.0,2990.0,10.0,10.0,1,129,0,131
216,6,1357.0,2994.0,9.0,8.0,1,128,0,128
216,7,1298.0,2995.0,8.0,6.0,1,126,0,126
216,8,1387.0,2997.0,7.0,4.0,1,122,0,123
216,9,1409.0,2998.0,11.0,8.0,1,120,0,120
216,10,1504.0,3002.0,7.0,5.0,1,119,0,119
216,11,1434.0,3000.0,8.0,9.0,1,118,0,118
216,13,1456.0,2997.0,7.0,7.0,1,114,0,114
216,14,1487.0,3002.0,7.0,7.0,1,113,0,113
216,16,1515.0,3004.0,7.0,7.0,1,108,0,109
216,17,1523.0,3004.0,5.0,6.0,1,108,0,108
216,18,1543.0,3005.0,7.0,7.0,1,103,0,106
216,19,1530.0,3002.0,8.0,12.0,1,102,0,103
216,20,1543.0,2997.0,8.0,6.0,1,99,0,99
216,21,1567.0,3002.0,9.0,7.0,1,97,0,97
216,22,1589.0,3005.0,9.0,7.0,1,93,0,93
216,23,1603.0,2996.0,11.0,9.0,1,90,0,90
216,24,1434.0,3000.0,5.0,6.0,0,85,1,87
216,25,1623.0,2998.0,11.0,9.0,1,85,0,85
216,26,1650.0,3008.0,8.0,6.0,1,79,0,81
217,0,1639.0,3250.0,17.0,12.0,1,218,0,218
217,1,1229.0,2990.0,7.0,7.0,1,142,0,142
217,2,1246.0,2989.0,11.0,9.0,1,138,0,138
217,3,1306.0,2993.0,11.0,8.0,1,134,0,134
217,4,1323.0,2993.0,7.0,8.0,1,128,0,134
217,5,1274.0,2992.0,7.0,10.0,1,130,0,132
217,6,1351.0,2995.0,10.0,8.0,1,129,0,129
217,7,1293.0,2992.0,7.0,7.0,1,127,0,127
217,8,1380.0,2991.0,10.0,8.0,1,123,0,124
217,9,1404.0,3001.0,9.0,9.0,1,121,0,121
217,10,1495.0,3003.0,7.0,6.0,1,120,0,120
217,11,1427.0,3001.0,9.0,6.0,1,119,0,119
217,13,1456.0,2997.0,7.0,7.0,0,114,1,115
217,14,1479.0,3000.0,9.0,8.0,1,114,0,114
217,16,1506.0,3001.0,7.0,6.0,1,109,0,110
217,17,1517.0,3003.0,8.0,6.0,1,109,0,109
217,18,1538.0,3004.0,8.0,8.0,1,104,0,107
217,19,1524.0,3005.0,8.0,7.0,1,103,0,104
217,20,1536.0,2998.0,7.0,6.0,1,100,0,100
217,21,1563.0,3003.0,9.0,6.0,1,98,0,98
217,22,1585.0,3006.0,10.0,6.0,1,94,0,94
217,23,1595.0,2995.0,10.0,9.0,1,91,0,91
217,24,1419.0,3000.0,6.0,8.0,1,86,0,88
217,25,1618.0,2996.0,9.0,8.0,1,86,0,86
217,26,1641.0,3006.0,7.0,7.0,1,80,0,82
218,0,1641.0,3254.0,17.0,7.0,1,219,0,219
218,1,1222.0,2991.0,7.0,6.0,1,143,0,143
218,2,1240.0,2991.0,9.0,8.0,1,139,0,139
218,3,1298.0,2990.0,13.0,9.0,1,135,0,135
218,4,1320.0,2992.0,8.0,8.0,1,129,0,135
218,5,1267.0,2993.0,9.0,8.0,1,131,0,133
218,6,1345.0,2990.0,9.0,11.0,1,130,0,130
218,7,1283.0,2992.0,9.0,8.0,1,128,0,128
218,8,1380.0,2991.0,10.0,8.0,0,123,1,125
218,9,1395.0,2997.0,13.0,8.0,1,122,0,122
218,10,1491.0,3001.0,9.0,7.0,1,121,0,121
218,11,1423.0,2999.0,7.0,6.0,1,120,0,120
218,13,1443.0,2999.0,5.0,6.0,1,115,0,116
218,14,1474.0,2998.0,8.0,7.0,1,115,0,115
218,16,1501.0,3004.0,5.0,7.0,1,110,0,111
218,17,1511.0,3003.0,6.0,8.0,1,110,0,110
218,18,1527.0,3006.0,10.0,7.0,1,105,0,108
218,19,1517.0,3001.0,8.0,8.0,1,104,0,105
218,20,1532.0,2998.0,6.0,8.0,1,101,0,101
218,21,1557.0,2999.0,7.0,7.0,1,99,0,99
218,22,1577.0,3004.0,9.0,8.0,1,95,0,95
218,23,1590.0,2998.0,9.0,8.0,1,92,0,92
218,24,1410.0,2999.0,9.0,6.0,1,87,0,89
218,25,1612.0,2999.0,10.0,6.0,1,87,0,87
218,26,1635.0,3005.0,6.0,7.0,1,81,0,83
219,0,1639.0,3252.0,14.0,14.0,1,220,0,220
219,1,1217.0,2992.0,7.0,7.0,1,144,0,144
219,2,1234.0,2990.0,9.0,8.0,1,140,0,140
219,3,1294.0,2990.0,12.0,9.0,1,136,0,136
219,4,1314.0,2988.0,6.0,10.0,1,130,0,136
219,5,1261.0,2990.0,8.0,8.0,1,132,0,134
219,6,1338.0,2992.0,10.0,7.0,1,131,0,131
219,7,1280.0,2993.0,7.0,4.0,1,129,0,129
219,8,1366.0,2996.0,9.0,6.0,1,124,0,126
219,9,1391.0,2996.0,11.0,9.0,1,123,0,123
219,10,1484.0,2997.0,6.0,7.0,1,122,0,122
219,11,1417.0,2999.0,8.0,6.0,1,121,0,121
219,13,1440.0,2996.0,5.0,6.0,1,116,0,117
219,14,1474.0,2998.0,8.0,7.0,0,115,1,116
219,16,1494.0,3001.0,7.0,8.0,1,111,0,112
219,17,1502.0,3002.0,8.0,7.0,1,111,0,111
219,18,1522.0,3007.0,9.0,7.0,1,106,0,109
219,19,1511.0,3000.0,8.0,7.0,1,105,0,106
219,20,1526.0,2994.0,7.0,12.0,1,102,0,102
219,21,1550.0,2997.0,6.0,8.0,1,100,0,100
219,22,1573.0,3001.0,7.0,6.0,1,96,0,96
219,23,1585.0,2998.0,8.0,6.0,1,93,0,93
219,24,1408.0,2994.0,6.0,8.0,1,88,0,90
219,25,1604.0,2995.0,11.0,10.0,1,88,0,88
219,26,1629.0,3003.0,8.0,8.0,1,82,0,84
220,0,1638.0,3250.0,19.0,7.0,1,221,0,221
220,1,1210.0,2992.0,10.0,4.0,1,145,0,145
220,2,1229.0,2989.0,10.0,9.0,1,141,0,141
220,3,1285.0,2991.0,14.0,9.0,1,137,0,137
220,4,1314.0,2988.0,6.0,10.0,0,130,1,137
220,5,1252.0,2986.0,11.0,10.0,1,133,0,135
220,6,1335.0,2991.0,10.0,8.0,1,132,0,132
220,7,1272.0,2992.0,8.0,9.0,1,130,0,130
220,8,1363.0,2992.0,9.0,6.0,1,125,0,127
220,9,1385.0,2995.0,11.0,9.0,1,124,0,124
220,10,1478.0,3000.0,9.0,7.0,1,123,0,123
220,11,1412.0,2997.0,8.0,7.0,1,122,0,122
220,13,1430.0,2996.0,5.0,6.0,1,117,0,118
220,14,1461.0,2999.0,6.0,8.0,1,116,0,117
220,16,1489.0,2998.0,6.0,8.0,1,112,0,113
220,17,1498.0,3001.0,6.0,7.0,1,112,0,112
220,18,1519.0,3005.0,6.0,6.0,1,107,0,110
220,19,1505.0,3002.0,6.0,8.0,1,106,0,107
220,20,1522.0,2994.0,8.0,9.0,1,103,0,103
220,21,1543.0,2999.0,8.0,9.0,1,101,0,101
220,22,1565.0,3003.0,8.0,6.0,1,97,0,97
220,23,1576.0,2995.0,7.0,9.0,1,94,0,94
220,24,1401.0,2998.0,6.0,5.0,1,89,0,91
220,25,1602.0,2998.0,9.0,8.0,1,89,0,89
220,26,1621.0,3005.0,10.0,6.0,1,83,0,85
221,0,1643.0,3243.0,15.0,13.0,1,222,0,222
221,1,1204.0,2988.0,7.0,6.0,1,146,0,146
221,2,1221.0,2987.0,10.0,9.0,1,142,0,142
221,3,1278.0,2990.0,14.0,9.0,1,138,0,138
221,4,1302.0,2992.0,6.0,7.0,1,131,0,138
221,5,1247.0,2992.0,9.0,6.0,1,134,0,136
221,6,1326.0,2989.0,7.0,7.0,1,133,0,133
221,7,1265.0,2991.0,9.0,8.0,1,131,0,131
221,8,1353.0,2990.0,8.0,6.0,1,126,0,128
221,9,1379.0,2993.0,12.0,9.0,1,125,0,125
221,10,1472.0,3000.0,8.0,8.0,1,124,0,124
221,11,1402.0,2997.0,8.0,7.0,1,123,0,123
221,13,1426.0,2998.0,7.0,5.0,1,118,0,119
221,14,1458.0,2997.0,6.0,6.0,1,117,0,118
221,16,1483.0,2999.0,7.0,8.0,1,113,0,114
221,17,1494.0,3001.0,5.0,7.0,1,113,0,113
221,18,1511.0,3003.0,7.0,8.0,1,108,0,111
221,19,1498.0,3000.0,7.0,8.0,1,107,0,108
221,20,1513.0,2995.0,8.0,7.0,1,104,0,104
221,21,1538.0,2996.0,7.0,9.0,1,102,0,102
221,22,1557.0,3003.0,7.0,7.0,1,98,0,98
221,23,1569.0,2995.0,8.0,7.0,1,95,0,95
221,24,1397.0,2997.0,6.0,6.0,1,90,0,92
221,25,1592.0,2994.0,10.0,11.0,1,90,0,90
221,26,1614.0,3004.0,8.0,8.0,1,84,0,86
222,0,1639.0,3243.0,17.0,11.0,1,223,0,223
222,1,1195.0,2992.0,7.0,6.0,1,147,0,147
222,2,1216.0,2988.0,8.0,8.0,1,143,0,143
222,3,1275.0,2991.0,11.0,9.0,1,139,0,139
222,4,1296.0,2991.0,6.0,6.0,1,132,0,139
222,5,1243.0,2988.0,9.0,8.0,1,135,0,137
222,6,1321.0,2990.0,9.0,9.0,1,134,0,134
222,7,1263.0,2989.0,7.0,8.0,1,132,0,132
222,8,1347.0,2992.0,10.0,7.0,1,127,0,129
222,9,1374.0,2992.0,10.0,9.0,1,126,0,126
222,10,1467.0,3000.0,6.0,7.0,1,125,0,125
222,11,1399.0,2999.0,7.0,5.0,1,124,0,124
222,13,1419.0,2998.0,8.0,7.0,1,119,0,120
222,14,1450.0,2996.0,7.0,7.0,1,118,0,119
222,16,1475.0,3000.0,8.0,7.0,1,114,0,115
222,17,1487.0,3000.0,6.0,10.0,1,114,0,114
222,18,1511.0,3003.0,7.0,8.0,0,108,1,112
222,19,1495.0,3000.0,8.0,10.0,1,108,0,109
222,20,1507.0,2994.0,5.0,8.0,1,105,0,105
222,21,1532.0,2995.0,7.0,9.0,1,103,0,103
222,22,1552.0,3003.0,8.0,7.0,1,99,0,99
222,23,1564.0,2994.0,9.0,7.0,1,96,0,96
222,24,1389.0,2996.0,6.0,5.0,1,91,0,93
222,25,1587.0,2994.0,7.0,7.0,1,91,0,91
222,26,1608.0,3002.0,7.0,8.0,1,85,0,87
223,0,1641.0,3246.0,17.0,11.0,1,224,0,224
223,1,1189.0,2991.0,6.0,5.0,1,148,0,148
223,2,1210.0,2987.0,7.0,7.0,1,144,0,144
223,3,1268.0,2992.0,13.0,7.0,1,140,0,140
223,4,1290.0,2987.0,8.0,8.0,1,133,0,140
223,5,1238.0,2988.0,9.0,6.0,1,136,0,138
223,6,1318.0,2989.0,8.0,10.0,1,135,0,135
223,7,1254.0,2992.0,8.0,6.0,1,133,0,133
223,8,1344.0,2991.0,9.0,7.0,1,128,0,130
223,9,1368.0,2990.0,11.0,9.0,1,127,0,127
223,10,1460.0,2995.0,7.0,8.0,1,126,0,126
223,11,1392.0,2998.0,8.0,7.0,1,125,0,125
223,13,1412.0,2994.0,6.0,7.0,1,120,0,121
223,14,1445.0,2999.0,6.0,5.0,1,119,0,120
223,16,1472.0,3002.0,7.0,6.0,1,115,0,116
223,17,1480.0,3002.0,5.0,6.0,1,115,0,115
223,18,1498.0,3003.0,7.0,9.0,1,109,0,113
223,19,1486.0,2999.0,5.0,9.0,1,109,0,110
223,20,1502.0,2995.0,6.0,6.0,1,106,0,106
223,21,1526.0,2994.0,7.0,8.0,1,104,0,104
223,22,1547.0,2997.0,7.0,8.0,1,100,0,100
223,23,1559.0,2992.0,7.0,8.0,1,97,0,97
223,24,1383.0,2996.0,6.0,5.0,1,92,0,94
223,25,1579.0,2998.0,9.0,6.0,1,92,0,92
223,26,1603.0,2999.0,8.0,6.0,1,86,0,88
224,0,1643.0,3243.0,17.0,9.0,1,225,0,225
224,1,1184.0,2989.0,6.0,5.0,1,149,0,149
224,2,1202.0,2987.0,8.0,7.0,1,145,0,145
224,3,1263.0,2992.0,11.0,7.0,1,141,0,141
224,4,1290.0,2987.0,8.0,8.0,0,133,1,141
224,5,1230.0,2986.0,7.0,7.0,1,137,0,139
224,6,1308.0,2985.0,10.0,12.0,1,136,0,136
224,7,1249.0,2988.0,7.0,6.0,1,134,0,134
224,8,1334.0,2987.0,10.0,8.0,1,129,0,131
224,9,1364.0,2993.0,6.0,7.0,1,128,0,128
224,10,1460.0,2995.0,7.0,8.0,0,126,1,127
224,11,1387.0,2996.0,6.0,5.0,1,126,0,126
224,13,1406.0,2997.0,7.0,6.0,1,121,0,122
224,14,1438.0,2998.0,6.0,6.0,1,120,0,121
224,16,1465.0,3000.0,6.0,6.0,1,116,0,117
224,17,1477.0,2998.0,5.0,8.0,1,116,0,116
224,18,1494.0,3003.0,6.0,7.0,1,110,0,114
224,19,1482.0,3001.0,6.0,8.0,1,110,0,111
224,20,1493.0,2994.0,7.0,8.0,1,107,0,107
224,21,1518.0,2997.0,6.0,7.0,1,105,0,105
224,22,1540.0,2999.0,7.0,8.0,1,101,0,101
224,23,1551.0,2994.0,7.0,7.0,1,98,0,98
224,24,1377.0,2997.0,7.0,7.0,1,93,0,95
224,25,1575.0,2996.0,11.0,9.0,1,93,0,93
224,26,1603.0,2999.0,8.0,6.0,0,86,1,89
225,0,1646.0,3237.0,13.0,9.0,1,226,0,226
225,1,1178.0,2985.0,7.0,7.0,1,150,0,150
225,2,1194.0,2987.0,8.0,7.0,1,146,0,146
225,3,1253.0,2989.0,7.0,7.0,1,142,0,142
225,4,1274.0,2989.0,8.0,8.0,1,134,0,142
225,5,1221.0,2986.0,10.0,7.0,1,138,0,140
225,6,1300.0,2988.0,9.0,8.0,1,137,0,137
225,7,1242.0,2991.0,8.0,6.0,1,135,0,135
225,8,1328.0,2988.0,12.0,9.0,1,130,0,132
225,9,1354.0,2992.0,10.0,7.0,1,129,0,129
225,10,1449.0,2999.0,10.0,7.0,1,127,0,128
225,11,1382.0,2997.0,5.0,4.0,1,127,0,127
225,13,1401.0,2995.0,6.0,7.0,1,122,0,123
225,14,1432.0,2996.0,8.0,6.0,1,121,0,122
225,16,1465.0,3000.0,6.0,6.0,0,116,1,118
225,17,1465.0,3001.0,7.0,6.0,1,117,0,117
225,18,1483.0,3003.0,8.0,7.0,1,111,0,115
225,19,1476.0,2998.0,6.0,9.0,1,111,0,112
225,20,1485.0,2993.0,8.0,6.0,1,108,0,108
225,21,1514.0,2996.0,5.0,5.0,1,106,0,106
225,22,1533.0,3001.0,7.0,7.0,1,102,0,102
225,23,1546.0,2996.0,6.0,5.0,1,99,0,99
225,24,1371.0,2995.0,6.0,5.0,1,94,0,96
225,25,1569.0,2994.0,9.0,8.0,1,94,0,94
225,26,1591.0,3004.0,8.0,6.0,1,87,0,90
226,0,1644.0,3230.0,15.0,13.0,1,227,0,227
226,1,1171.0,2988.0,6.0,6.0,1,151,0,151
226,2,1192.0,2986.0,7.0,6.0,1,147,0,147
226,3,1249.0,2988.0,13.0,9.0,1,143,0,143
226,4,1271.0,2988.0,6.0,6.0,1,135,0,143
226,5,1215.0,2987.0,11.0,10.0,1,139,0,141
226,6,1293.0,2989.0,9.0,9.0,1,138,0,138
226,7,1233.0,2985.0,8.0,8.0,1,136,0,136
226,8,1320.0,2989.0,11.0,8.0,1,131,0,133
226,9,1350.0,2993.0,8.0,8.0,1,130,0,130
226,10,1441.0,2998.0,7.0,7.0,1,128,0,129
226,11,1373.0,2997.0,7.0,6.0,1,128,0,128
226,13,1396.0,2996.0,6.0,6.0,1,123,0,124
226,14,1426.0,2994.0,9.0,6.0,1,122,0,123
226,16,1452.0,3000.0,9.0,7.0,1,117,0,119
226,17,1464.0,3004.0,5.0,6.0,1,118,0,118
226,18,1480.0,3006.0,6.0,5.0,1,112,0,116
226,19,1470.0,3000.0,6.0,7.0,1,112,0,113
226,20,1482.0,2994.0,5.0,6.0,1,109,0,109
226,21,1506.0,2994.0,6.0,7.0,1,107,0,107
226,22,1529.0,2999.0,4.0,10.0,1,103,0,103
226,23,1539.0,2996.0,7.0,6.0,1,100,0,100
226,24,1367.0,2991.0,7.0,8.0,1,95,0,97
226,25,1562.0,2997.0,9.0,6.0,1,95,0,95
226,26,1583.0,3000.0,8.0,7.0,1,88,0,91
227,0,1644.0,3233.0,17.0,8.0,1,228,0,228
227,1,1162.0,2990.0,7.0,5.0,1,152,0,152
227,2,1181.0,2985.0,11.0,7.0,1,148,0,148
227,3,1244.0,2990.0,12.0,7.0,1,144,0,144
227,4,1263.0,2986.0,6.0,8.0,1,136,0,144
227,5,1210.0,2985.0,10.0,8.0,1,140,0,142
227,6,1291.0,2986.0,10.0,10.0,1,139,0,139
227,7,1227.0,2987.0,12.0,7.0,1,137,0,137
227,8,1314.0,2989.0,10.0,8.0,1,132,0,134
227,9,1342.0,2989.0,9.0,8.0,1,131,0,131
227,10,1437.0,2995.0,7.0,7.0,1,129,0,130
227,11,1369.0,2996.0,8.0,5.0,1,129,0,129
227,13,1390.0,2993.0,6.0,8.0,1,124,0,125
227,14,1416.0,2994.0,9.0,5.0,1,123,0,124
227,16,1446.0,3000.0,8.0,7.0,1,118,0,120
227,17,1456.0,3000.0,7.0,6.0,1,119,0,119
227,18,1471.0,3003.0,7.0,8.0,1,113,0,117
227,19,1463.0,2997.0,6.0,9.0,1,113,0,114
227,20,1473.0,2989.0,6.0,7.0,1,110,0,110
227,21,1500.0,2993.0,6.0,6.0,1,108,0,108
227,22,1522.0,2994.0,5.0,8.0,1,104,0,104
227,23,1532.0,2994.0,6.0,6.0,1,101,0,101
227,24,1367.0,2991.0,7.0,8.0,0,95,1,98
227,25,1554.0,2994.0,9.0,8.0,1,96,0,96
227,26,1578.0,2998.0,6.0,8.0,1,89,0,92
228,0,1646.0,3232.0,14.0,12.0,1,229,0,229
228,1,1158.0,2987.0,7.0,8.0,1,153,0,153
228,2,1178.0,2985.0,9.0,7.0,1,149,0,149
228,3,1234.0,2988.0,13.0,8.0,1,145,0,145
228,4,1254.0,2987.0,9.0,7.0,1,137,0,145
228,5,1202.0,2981.0,8.0,9.0,1,141,0,143
228,6,1283.0,2986.0,9.0,9.0,1,140,0,140
228,7,1221.0,2991.0,9.0,8.0,1,138,0,138
228,8,1310.0,2986.0,8.0,7.0,1,133,0,135
228,9,1338.0,2990.0,9.0,5.0,1,132,0,132
228,10,1430.0,2997.0,9.0,6.0,1,130,0,131
228,11,1362.0,2990.0,7.0,8.0,1,130,0,130
228,13,1382.0,2992.0,6.0,5.0,1,125,0,126
228,14,1411.0,2995.0,10.0,7.0,1,124,0,125
228,16,1440.0,2997.0,7.0,7.0,1,119,0,121
228,17,1449.0,2999.0,8.0,6.0,1,120,0,120
228,18,1465.0,3003.0,8.0,6.0,1,114,0,118
228,19,1455.0,3000.0,5.0,7.0,1,114,0,115
228,20,1469.0,2989.0,7.0,7.0,1,111,0,111
228,21,1492.0,2994.0,9.0,6.0,1,109,0,109
228,22,1513.0,3000.0,8.0,7.0,1,105,0,105
228,23,1526.0,2992.0,8.0,7.0,1,102,0,102
228,24,1351.0,2994.0,8.0,5.0,1,96,0,99
228,25,1550.0,2994.0,7.0,7.0,1,97,0,97
228,26,1572.0,3001.0,7.0,6.0,1,90,0,93
229,0,1649.0,3229.0,13.0,10.0,1,230,0,230
229,1,1151.0,2987.0,6.0,6.0,1,154,0,154
229,2,1171.0,2986.0,6.0,7.0,1,150,0,150
229,3,1226.0,2985.0,14.0,9.0,1,146,0,146
229,4,1250.0,2988.0,10.0,9.0,1,138,0,146
229,5,1198.0,2984.0,8.0,8.0,1,142,0,144
229,6,1276.0,2987.0,7.0,9.0,1,141,0,141
229,7,1216.0,2988.0,8.0,8.0,1,139,0,139
229,8,1302.0,2986.0,9.0,7.0,1,134,0,136
229,9,1331.0,2991.0,10.0,6.0,1,133,0,133
229,10,1424.0,2999.0,8.0,6.0,1,131,0,132
229,11,1359.0,2994.0,6.0,6.0,1,131,0,131
229,13,1376.0,2994.0,8.0,6.0,1,126,0,127
229,14,1407.0,2996.0,9.0,7.0,1,125,0,126
229,16,1436.0,2999.0,7.0,7.0,1,120,0,122
229,17,1443.0,3000.0,6.0,6.0,1,121,0,121
229,18,1460.0,2999.0,7.0,7.0,1,115,0,119
229,19,1450.0,3001.0,7.0,6.0,1,115,0,116
229,20,1461.0,2992.0,7.0,6.0,1,112,0,112
229,21,1488.0,2992.0,7.0,8.0,1,110,0,110
229,22,1508.0,2999.0,6.0,7.0,1,106,0,106
229,23,1521.0,2993.0,6.0,8.0,1,103,0,103
229,24,1348.0,2992.0,6.0,4.0,1,97,0,100
229,25,1544.0,2990.0,8.0,9.0,1,98,0,98
229,26,1563.0,3000.0,9.0,8.0,1,91,0,94
230,0,1650.0,3224.0,15.0,11.0,1,231,0,231
230,1,1144.0,2987.0,8.0,8.0,1,155,0,155
230,2,1163.0,2987.0,8.0,6.0,1,151,0,151
230,3,1222.0,2984.0,15.0,10.0,1,147,0,147
230,4,1245.0,2986.0,7.0,6.0,1,139,0,147
230,5,1192.0,2985.0,10.0,9.0,1,143,0,145
230,6,1273.0,2988.0,8.0,8.0,1,142,0,142
230,7,1209.0,2985.0,8.0,9.0,1,140,0,140
230,8,1296.0,2987.0,8.0,7.0,1,135,0,137
230,9,1326.0,2990.0,10.0,8.0,1,134,0,134
230,10,1417.0,2993.0,8.0,8.0,1,132,0,133
230,11,1351.0,2994.0,7.0,7.0,1,132,0,132
230,13,1373.0,2993.0,4.0,7.0,1,127,0,128
230,14,1402.0,2991.0,8.0,8.0,1,126,0,127
230,16,1429.0,2998.0,7.0,7.0,1,121,0,123
230,17,1437.0,3001.0,6.0,5.0,1,122,0,122
230,18,1455.0,3001.0,6.0,6.0,1,116,0,120
230,19,1443.0,2998.0,8.0,6.0,1,116,0,117
230,20,1456.0,2990.0,7.0,7.0,1,113,0,113
230,21,1481.0,2991.0,7.0,7.0,1,111,0,111
230,22,1501.0,2996.0,7.0,6.0,1,107,0,107
230,23,1514.0,2992.0,7.0,8.0,1,104,0,104
230,24,1342.0,2990.0,6.0,5.0,1,98,0,101
230,25,1534.0,2994.0,8.0,6.0,1,99,0,99
230,26,1557.0,2999.0,10.0,9.0,1,92,0,95
231,0,1649.0,3224.0,17.0,10.0,1,232,0,232
231,1,1137.0,2988.0,8.0,6.0,1,156,0,156
231,2,1161.0,2988.0,6.0,6.0,1,152,0,152
231,3,1214.0,2988.0,14.0,7.0,1,148,0,148
231,4,1237.0,2987.0,9.0,7.0,1,140,0,148
231,5,1185.0,2985.0,8.0,8.0,1,144,0,146
231,6,1265.0,2989.0,8.0,6.0,1,143,0,143
231,7,1204.0,2985.0,6.0,8.0,1,141,0,141
231,8,1292.0,2987.0,8.0,5.0,1,136,0,138
231,9,1318.0,2986.0,9.0,9.0,1,135,0,135
231,10,1412.0,2994.0,8.0,7.0,1,133,0,134
231,11,1347.0,2991.0,8.0,6.0,1,133,0,133
231,13,1362.0,2988.0,9.0,7.0,1,128,0,129
231,14,1402.0,2991.0,8.0,8.0,0,126,1,128
231,16,1425.0,2996.0,7.0,6.0,1,122,0,124
231,17,1434.0,2998.0,6.0,6.0,1,123,0,123
231,18,1445.0,3000.0,9.0,7.0,1,117,0,121
231,19,1440.0,2997.0,5.0,7.0,1,117,0,118
231,20,1450.0,2987.0,8.0,7.0,1,114,0,114
231,21,1473.0,2991.0,8.0,6.0,1,112,0,112
231,22,1493.0,2995.0,9.0,9.0,1,108,0,108
231,23,1505.0,2991.0,8.0,9.0,1,105,0,105
231,24,1334.0,2993.0,8.0,6.0,1,99,0,102
231,25,1532.0,2992.0,8.0,6.0,1,100,0,100
231,26,1552.0,2998.0,7.0,5.0,1,93,0,96
232,0,1646.0,3226.0,21.0,8.0,1,233,0,233
232,1,1128.0,2989.0,6.0,5.0,1,157,0,157
232,2,1153.0,2989.0,8.0,6.0,1,153,0,153
232,3,1210.0,2986.0,13.0,8.0,1,149,0,149
232,4,1232.0,2987.0,9.0,5.0,1,141,0,149
232,5,1179.0,2982.0,9.0,9.0,1,145,0,147
232,6,1258.0,2983.0,9.0,10.0,1,144,0,144
232,7,1198.0,2988.0,8.0,7.0,1,142,0,142
232,8,1287.0,2983.0,6.0,8.0,1,137,0,139
232,9,1307.0,2987.0,10.0,8.0,1,136,0,136
232,10,1406.0,2995.0,7.0,7.0,1,134,0,135
232,11,1340.0,2992.0,7.0,5.0,1,134,0,134
232,13,1360.0,2991.0,6.0,6.0,1,129,0,130
232,14,1391.0,2994.0,6.0,6.0,1,127,0,129
232,16,1416.0,2996.0,7.0,5.0,1,123,0,125
232,17,1428.0,2996.0,5.0,8.0,1,124,0,124
232,18,1441.0,3000.0,8.0,7.0,1,118,0,122
232,19,1433.0,2999.0,7.0,7.0,1,118,0,119
232,20,1445.0,2991.0,8.0,6.0,1,115,0,115
232,21,1469.0,2992.0,8.0,6.0,1,113,0,113
232,22,1490.0,2996.0,7.0,9.0,1,109,0,109
232,23,1499.0,2987.0,7.0,10.0,1,106,0,106
232,24,1329.0,2992.0,7.0,5.0,1,100,0,103
232,25,1523.0,2996.0,9.0,6.0,1,101,0,101
232,26,1545.0,3001.0,6.0,5.0,1,94,0,97
233,0,1650.0,3223.0,15.0,10.0,1,234,0,234
233,1,1124.0,2987.0,6.0,6.0,1,158,0,158
233,2,1146.0,2986.0,8.0,6.0,1,154,0,154
233,3,1204.0,2987.0,14.0,6.0,1,150,0,150
233,4,1226.0,2986.0,8.0,9.0,1,142,0,150
233,5,1177.0,2984.0,5.0,5.0,1,146,0,148
233,6,1248.0,2987.0,12.0,9.0,1,145,0,145
233,7,1189.0,2986.0,8.0,5.0,1,143,0,143
233,8,1279.0,2985.0,8.0,7.0,1,138,0,140
233,9,1304.0,2987.0,10.0,8.0,1,137,0,137
233,10,1400.0,2992.0,8.0,8.0,1,135,0,136
233,11,1332.0,2991.0,9.0,7.0,1,135,0,135
233,13,1351.0,2993.0,8.0,7.0,1,130,0,131
233,14,1383.0,2992.0,10.0,7.0,1,128,0,130
233,16,1409.0,2995.0,8.0,7.0,1,124,0,126
233,17,1418.0,2997.0,7.0,6.0,1,125,0,125
233,18,1435.0,2996.0,9.0,10.0,1,119,0,123
233,19,1425.0,2997.0,7.0,8.0,1,119,0,120
233,20,1440.0,2992.0,7.0,7.0,1,116,0,116
233,21,1461.0,2991.0,9.0,6.0,1,114,0,114
233,22,1481.0,2995.0,8.0,6.0,1,110,0,110
233,23,1496.0,2991.0,7.0,7.0,1,107,0,107
233,24,1324.0,2991.0,7.0,5.0,1,101,0,104
233,25,1518.0,2992.0,8.0,8.0,1,102,0,102
233,26,1537.0,3001.0,8.0,6.0,1,95,0,98
234,0,1652.0,3216.0,14.0,7.0,1,235,0,235
234,1,1120.0,2986.0,8.0,7.0,1,159,0,159
234,2,1139.0,2987.0,9.0,8.0,1,155,0,155
234,3,1197.0,2986.0,15.0,8.0,1,151,0,151
234,4,1218.0,2987.0,6.0,7.0,1,143,0,151
234,5,1166.0,2985.0,8.0,6.0,1,147,0,149
234,6,1245.0,2986.0,10.0,7.0,1,146,0,146
234,7,1185.0,2983.0,8.0,8.0,1,144,0,144
234,8,1273.0,2987.0,7.0,5.0,1,139,0,141
234,9,1299.0,2986.0,10.0,6.0,1,138,0,138
234,10,1393.0,2990.0,8.0,8.0,1,136,0,137
234,11,1327.0,2989.0,10.0,8.0,1,136,0,136
234,13,1346.0,2988.0,5.0,8.0,1,131,0,132
234,14,1376.0,2991.0,9.0,6.0,1,129,0,131
234,16,1404.0,2996.0,8.0,6.0,1,125,0,127
234,17,1414.0,2999.0,7.0,5.0,1,126,0,126
234,18,1435.0,2996.0,9.0,10.0,0,119,1,124
234,19,1423.0,2996.0,7.0,7.0,1,120,0,121
234,20,1432.0,2987.0,7.0,6.0,1,117,0,117
234,21,1455.0,2989.0,9.0,6.0,1,115,0,115
234,22,1476.0,2996.0,7.0,6.0,1,111,0,111
234,23,1487.0,2991.0,7.0,9.0,1,108,0,108
234,24,1318.0,2990.0,7.0,6.0,1,102,0,105
234,25,1511.0,2989.0,9.0,9.0,1,103,0,103
234,26,1535.0,2997.0,6.0,8.0,1,96,0,99
235,0,1659.0,3216.0,11.0,8.0,1,236,0,236
235,1,1113.0,2987.0,8.0,6.0,1,160,0,160
235,2,1133.0,2988.0,8.0,7.0,1,156,0,156
235,3,1189.0,2986.0,13.0,6.0,1,152,0,152
235,4,1214.0,2981.0,7.0,10.0,1,144,0,152
235,5,1159.0,2983.0,9.0,8.0,1,148,0,150
235,6,1238.0,2985.0,11.0,6.0,1,147,0,147
235,7,1176.0,2984.0,8.0,7.0,1,145,0,145
235,8,1266.0,2986.0,8.0,7.0,1,140,0,142
235,9,1294.0,2982.0,13.0,11.0,1,139,0,139
235,10,1387.0,2992.0,6.0,7.0,1,137,0,138
235,11,1321.0,2988.0,9.0,8.0,1,137,0,137
235,13,1342.0,2989.0,6.0,8.0,1,132,0,133
235,14,1370.0,2992.0,8.0,8.0,1,130,0,132
235,16,1398.0,2993.0,6.0,6.0,1,126,0,128
235,17,1409.0,2997.0,6.0,6.0,1,127,0,127
235,18,1421.0,3000.0,7.0,6.0,1,120,0,125
235,19,1413.0,2994.0,6.0,7.0,1,121,0,122
235,20,1422.0,2987.0,9.0,8.0,1,118,0,118
235,21,1449.0,2987.0,8.0,5.0,1,116,0,116
235,22,1471.0,2992.0,8.0,7.0,1,112,0,112
235,23,1482.0,2989.0,7.0,7.0,1,109,0,109
235,24,1311.0,2991.0,7.0,5.0,1,103,0,106
235,25,1505.0,2993.0,9.0,7.0,1,104,0,104
235,26,1527.0,2995.0,8.0,10.0,1,97,0,100
236,0,1651.0,3210.0,19.0,11.0,1,237,0,237
236,1,1104.0,2987.0,9.0,8.0,1,161,0,161
236,2,1124.0,2985.0,11.0,8.0,1,157,0,157
236,3,1184.0,2984.0,15.0,8.0,1,153,0,153
236,4,1207.0,2984.0,6.0,7.0,1,145,0,153
236,5,1153.0,2982.0,8.0,8.0,1,149,0,151
236,6,1232.0,2984.0,10.0,6.0,1,148,0,148
236,7,1169.0,2986.0,8.0,6.0,1,146,0,146
236,8,1259.0,2984.0,8.0,6.0,1,141,0,143
236,9,1294.0,2982.0,13.0,11.0,0,139,1,140
236,10,1380.0,2994.0,6.0,8.0,1,138,0,139
236,11,1316.0,2989.0,9.0,5.0,1,138,0,138
236,13,1335.0,2990.0,4.0,6.0,1,133,0,134
236,14,1366.0,2991.0,7.0,7.0,1,131,0,133
236,16,1392.0,2991.0,6.0,7.0,1,127,0,129
236,17,1401.0,2995.0,7.0,6.0,1,128,0,128
236,18,1418.0,2999.0,8.0,7.0,1,121,0,126
236,19,1410.0,2994.0,7.0,8.0,1,122,0,123
236,20,1421.0,2986.0,6.0,7.0,1,119,0,119
236,21,1445.0,2987.0,8.0,6.0,1,117,0,117
236,22,1462.0,2994.0,9.0,7.0,1,113,0,113
236,23,1473.0,2985.0,8.0,9.0,1,110,0,110
236,24,1305.0,2989.0,6.0,5.0,1,104,0,107
236,25,1498.0,2991.0,9.0,6.0,1,105,0,105
236,26,1520.0,2998.0,7.0,6.0,1,98,0,101
237,0,1655.0,3214.0,14.0,8.0,1,238,0,238
237,1,1098.0,2987.0,7.0,7.0,1,162,0,162
237,2,1117.0,2985.0,11.0,7.0,1,158,0,158
237,3,1176.0,2985.0,15.0,8.0,1,154,0,154
237,4,1200.0,2986.0,6.0,7.0,1,146,0,154
237,5,1145.0,2981.0,7.0,8.0,1,150,0,152
237,6,1225.0,2982.0,13.0,9.0,1,149,0,149
237,7,1165.0,2988.0,7.0,5.0,1,147,0,147
237,8,1255.0,2981.0,8.0,7.0,1,142,0,144
237,9,1282.0,2986.0,7.0,7.0,1,140,0,141
237,10,1375.0,2992.0,8.0,8.0,1,139,0,140
237,11,1309.0,2990.0,8.0,6.0,1,139,0,139
237,13,1327.0,2994.0,7.0,5.0,1,134,0,135
237,14,1359.0,2991.0,8.0,6.0,1,132,0,134
237,16,1386.0,2994.0,5.0,8.0,1,128,0,130
237,17,1396.0,2999.0,6.0,6.0,1,129,0,129
237,18,1410.0,2995.0,6.0,8.0,1,122,0,127
237,19,1403.0,2997.0,7.0,7.0,1,123,0,124
237,20,1414.0,2989.0,6.0,7.0,1,120,0,120
237,21,1440.0,2987.0,6.0,6.0,1,118,0,118
237,22,1459.0,2994.0,7.0,7.0,1,114,0,114
237,23,1471.0,2989.0,7.0,5.0,1,111,0,111
237,24,1299.0,2987.0,8.0,5.0,1,105,0,108
237,25,1493.0,2988.0,8.0,8.0,1,106,0,106
237,26,1513.0,2998.0,8.0,8.0,1,99,0,102
238,0,1655.0,3213.0,14.0,10.0,1,239,0,239
238,1,1095.0,2985.0,6.0,7.0,1,163,0,163
238,2,1113.0,2987.0,10.0,8.0,1,159,0,159
238,3,1170.0,2985.0,15.0,8.0,1,155,0,155
238,4,1196.0,2985.0,5.0,7.0,1,147,0,155
238,5,1138.0,2983.0,10.0,9.0,1,151,0,153
238,6,1221.0,2985.0,8.0,8.0,1,150,0,150
238,7,1161.0,2983.0,7.0,6.0,1,148,0,148
238,8,1248.0,2983.0,8.0,6.0,1,143,0,145
238,9,1276.0,2982.0,6.0,8.0,1,141,0,142
238,10,1370.0,2990.0,8.0,6.0,1,140,0,141
238,11,1303.0,2990.0,9.0,6.0,1,140,0,140
238,13,1322.0,2990.0,7.0,7.0,1,135,0,136
238,14,1354.0,2992.0,8.0,6.0,1,133,0,135
238,16,1380.0,2993.0,8.0,7.0,1,129,0,131
238,17,1390.0,3000.0,8.0,7.0,1,130,0,130
238,18,1410.0,2995.0,6.0,8.0,0,122,1,128
238,19,1397.0,2993.0,6.0,7.0,1,124,0,125
238,20,1406.0,2985.0,7.0,6.0,1,121,0,121
238,21,1433.0,2985.0,6.0,6.0,1,119,0,119
238,22,1452.0,2992.0,5.0,5.0,1,115,0,115
238,23,1462.0,2990.0,8.0,7.0,1,112,0,112
238,24,1294.0,2987.0,5.0,5.0,1,106,0,109
238,25,1485.0,2992.0,8.0,7.0,1,107,0,107
238,26,1509.0,2994.0,7.0,5.0,1,100,0,103
239,0,1658.0,3207.0,14.0,8.0,1,240,0,240
239,1,1090.0,2985.0,6.0,5.0,1,164,0,164
239,2,1107.0,2984.0,10.0,7.0,1,160,0,160
239,3,1161.0,2983.0,17.0,8.0,1,156,0,156
239,4,1189.0,2986.0,6.0,7.0,1,148,0,156
239,5,1134.0,2982.0,10.0,10.0,1,152,0,154
239,6,1214.0,2983.0,10.0,10.0,1,151,0,151
239,7,1154.0,2982.0,7.0,7.0,1,149,0,149
239,8,1243.0,2982.0,7.0,7.0,1,144,0,146
239,9,1269.0,2982.0,9.0,9.0,1,142,0,143
239,10,1364.0,2989.0,7.0,8.0,1,141,0,142
239,11,1298.0,2986.0,8.0,6.0,1,141,0,141
239,13,1315.0,2988.0,8.0,6.0,1,136,0,137
239,14,1349.0,2988.0,9.0,7.0,1,134,0,136
239,16,1374.0,2994.0,5.0,5.0,1,130,0,132
239,17,1383.0,2998.0,8.0,7.0,1,131,0,131
239,18,1399.0,2994.0,7.0,11.0,1,123,0,129
239,19,1390.0,2994.0,7.0,7.0,1,125,0,126
239,20,1403.0,2981.0,9.0,10.0,1,122,0,122
239,21,1425.0,2982.0,7.0,9.0,1,120,0,120
239,22,1444.0,2992.0,8.0,6.0,1,116,0,116
239,23,1457.0,2987.0,6.0,6.0,1,113,0,113
239,24,1286.0,2987.0,7.0,7.0,1,107,0,110
239,25,1477.0,2989.0,10.0,8.0,1,108,0,108
239,26,1501.0,2993.0,8.0,11.0,1,101,0,104
240,0,1658.0,3202.0,13.0,11.0,1,241,0,241
240,1,1080.0,2988.0,7.0,8.0,1,165,0,165
240,2,1101.0,2986.0,8.0,7.0,1,161,0,161
240,3,1159.0,2984.0,14.0,8.0,1,157,0,157
240,4,1182.0,2982.0,7.0,9.0,1,149,0,157
240,5,1126.0,2981.0,10.0,9.0,1,153,0,155
240,6,1209.0,2983.0,10.0,9.0,1,152,0,152
240,7,1147.0,2985.0,6.0,7.0,1,150,0,150
240,8,1235.0,2982.0,8.0,6.0,1,145,0,147
240,9,1264.0,2984.0,10.0,8.0,1,143,0,144
240,10,1358.0,2991.0,7.0,10.0,1,142,0,143
240,11,1293.0,2987.0,7.0,5.0,1,142,0,142
240,13,1309.0,2991.0,6.0,5.0,1,137,0,138
240,14,1340.0,2988.0,9.0,6.0,1,135,0,137
240,16,1366.0,2992.0,6.0,6.0,1,131,0,133
240,17,1377.0,2996.0,8.0,7.0,1,132,0,132
240,18,1393.0,2997.0,7.0,7.0,1,124,0,130
240,19,1385.0,2992.0,7.0,7.0,1,126,0,127
240,20,1395.0,2986.0,6.0,8.0,1,123,0,123
240,21,1420.0,2984.0,8.0,7.0,1,121,0,121
240,22,1438.0,2992.0,7.0,6.0,1,117,0,117
240,23,1451.0,2982.0,9.0,11.0,1,114,0,114
240,24,1283.0,2987.0,6.0,5.0,1,108,0,111
240,25,1473.0,2989.0,8.0,6.0,1,109,0,109
240,26,1501.0,2993.0,8.0,11.0,0,101,1,105
241,0,1656.0,3203.0,20.0,10.0,1,242,0,242
241,1,1074.0,2987.0,7.0,6.0,1,166,0,166
241,2,1094.0,2988.0,8.0,5.0,1,162,0,162
241,3,1151.0,2984.0,14.0,7.0,1,158,0,158
241,4,1172.0,2983.0,7.0,7.0,1,150,0,158
241,5,1120.0,2981.0,10.0,7.0,1,154,0,156
241,6,1203.0,2983.0,10.0,9.0,1,153,0,153
241,7,1139.0,2985.0,7.0,6.0,1,151,0,151
241,8,1228.0,2980.0,7.0,8.0,1,146,0,148
241,9,1257.0,2984.0,10.0,10.0,1,144,0,145
241,10,1350.0,2989.0,9.0,6.0,1,143,0,144
241,11,1286.0,2987.0,8.0,5.0,1,143,0,143
241,13,1304.0,2988.0,7.0,7.0,1,138,0,139
241,14,1335.0,2988.0,8.0,8.0,1,136,0,138
241,16,1362.0,2994.0,7.0,5.0,1,132,0,134
241,17,1371.0,2997.0,5.0,5.0,1,133,0,133
241,18,1386.0,2993.0,7.0,7.0,1,125,0,131
241,19,1380.0,2994.0,6.0,6.0,1,127,0,128
241,20,1388.0,2986.0,7.0,6.0,1,124,0,124
241,21,1413.0,2985.0,6.0,7.0,1,122,0,122
241,22,1432.0,2992.0,7.0,5.0,1,118,0,118
241,23,1442.0,2987.0,9.0,6.0,1,115,0,115
241,24,1274.0,2983.0,6.0,8.0,1,109,0,112
241,25,1465.0,2988.0,11.0,7.0,1,110,0,110
241,26,1486.0,2993.0,9.0,7.0,1,102,0,106
242,0,1656.0,3204.0,18.0,11.0,1,243,0,243
242,1,1067.0,2985.0,6.0,9.0,1,167,0,167
242,2,1086.0,2988.0,9.0,8.0,1,163,0,163
242,3,1145.0,2984.0,15.0,8.0,1,159,0,159
242,4,1170.0,2987.0,5.0,6.0,1,151,0,159
242,5,1112.0,2983.0,10.0,8.0,1,155,0,157
242,6,1196.0,2982.0,9.0,9.0,1,154,0,154
242,7,1134.0,2983.0,8.0,7.0,1,152,0,152
242,8,1221.0,2979.0,8.0,6.0,1,147,0,149
242,9,1251.0,2982.0,9.0,8.0,1,145,0,146
242,10,1347.0,2989.0,8.0,8.0,1,144,0,145
242,11,1281.0,2985.0,7.0,6.0,1,144,0,144
242,13,1299.0,2988.0,7.0,5.0,1,139,0,140
242,14,1328.0,2989.0,10.0,6.0,1,137,0,139
242,16,1357.0,2993.0,6.0,5.0,1,133,0,135
242,17,1365.0,2996.0,7.0,7.0,1,134,0,134
242,18,1381.0,2994.0,7.0,6.0,1,126,0,132
242,19,1374.0,2992.0,6.0,5.0,1,128,0,129
242,20,1380.0,2984.0,6.0,8.0,1,125,0,125
242,21,1409.0,2983.0,5.0,8.0,1,123,0,123
242,22,1426.0,2990.0,7.0,4.0,1,119,0,119
242,23,1437.0,2987.0,9.0,9.0,1,116,0,116
242,24,1270.0,2984.0,7.0,6.0,1,110,0,113
242,25,1461.0,2988.0,9.0,9.0,1,111,0,111
242,26,1479.0,2993.0,10.0,8.0,1,103,0,107
243,0,1657.0,3200.0,14.0,9.0,1,244,0,244
243,1,1060.0,2986.0,5.0,5.0,1,168,0,168
243,2,1082.0,2988.0,10.0,8.0,1,164,0,164
243,3,1140.0,2984.0,14.0,9.0,1,160,0,160
243,4,1163.0,2984.0,8.0,7.0,1,152,0,160
243,5,1108.0,2982.0,9.0,9.0,1,156,0,158
243,6,1187.0,2983.0,12.0,10.0,1,155,0,155
243,7,1127.0,2983.0,7.0,8.0,1,153,0,153
243,8,1214.0,2983.0,10.0,6.0,1,148,0,150
243,9,1247.0,2983.0,7.0,7.0,1,146,0,147
243,10,1343.0,2992.0,5.0,6.0,1,145,0,146
243,11,1275.0,2982.0,8.0,7.0,1,145,0,145
243,13,1293.0,2988.0,5.0,4.0,1,140,0,141
243,14,1322.0,2988.0,10.0,6.0,1,138,0,140
243,16,1348.0,2991.0,6.0,5.0,1,134,0,136
243,17,1360.0,2994.0,6.0,6.0,1,135,0,135
243,18,1375.0,2995.0,7.0,7.0,1,127,0,133
243,19,1367.0,2989.0,7.0,7.0,1,129,0,130
243,20,1374.0,2980.0,8.0,7.0,1,126,0,126
243,21,1401.0,2983.0,6.0,7.0,1,124,0,124
243,22,1421.0,2989.0,6.0,6.0,1,120,0,120
243,23,1433.0,2985.0,8.0,10.0,1,117,0,117
243,24,1262.0,2986.0,7.0,7.0,1,111,0,114
243,25,1454.0,2986.0,7.0,8.0,1,112,0,112
243,26,1475.0,2990.0,7.0,8.0,1,104,0,108
244,0,1660.0,3192.0,14.0,11.0,1,245,0,245
244,1,1054.0,2986.0,8.0,8.0,1,169,0,169
244,2,1076.0,2987.0,9.0,9.0,1,165,0,165
244,3,1131.0,2980.0,17.0,11.0,1,161,0,161
244,4,1153.0,2982.0,8.0,6.0,1,153,0,161
244,5,1101.0,2980.0,11.0,11.0,1,157,0,159
244,6,1183.0,2981.0,9.0,10.0,1,156,0,156
244,7,1120.0,2984.0,6.0,7.0,1,154,0,154
244,8,1212.0,2983.0,5.0,6.0,1,149,0,151
244,9,1236.0,2982.0,11.0,8.0,1,147,0,148
244,10,1334.0,2990.0,6.0,6.0,1,146,0,147
244,11,1269.0,2984.0,8.0,7.0,1,146,0,146
244,13,1288.0,2989.0,6.0,6.0,1,141,0,142
244,14,1317.0,2989.0,9.0,5.0,1,139,0,141
244,16,1344.0,2991.0,5.0,6.0,1,135,0,137
244,17,1357.0,2993.0,6.0,6.0,1,136,0,136
244,18,1368.0,2994.0,7.0,7.0,1,128,0,134
244,19,1367.0,2989.0,7.0,7.0,0,129,1,131
244,20,1370.0,2981.0,8.0,8.0,1,127,0,127
244,21,1398.0,2983.0,6.0,8.0,1,125,0,125
244,22,1413.0,2987.0,5.0,7.0,1,121,0,121
244,23,1426.0,2980.0,7.0,11.0,1,118,0,118
244,24,1257.0,2985.0,6.0,6.0,1,112,0,115
244,25,1448.0,2987.0,8.0,5.0,1,113,0,113
244,26,1470.0,2990.0,7.0,6.0,1,105,0,109
245,0,1660.0,3191.0,16.0,13.0,1,246,0,246
245,1,1045.0,2985.0,7.0,7.0,1,170,0,170
245,2,1069.0,2987.0,9.0,7.0,1,166,0,166
245,3,1126.0,2984.0,16.0,8.0,1,162,0,162
245,4,1153.0,2982.0,8.0,6.0,0,153,1,162
245,5,1097.0,2981.0,7.0,8.0,1,158,0,160
245,6,1175.0,2981.0,10.0,7.0,1,157,0,157
245,7,1114.0,2985.0,8.0,7.0,1,155,0,155
245,8,1201.0,2981.0,7.0,5.0,1,150,0,152
245,9,1229.0,2981.0,11.0,9.0,1,148,0,149
245,10,1327.0,2987.0,8.0,7.0,1,147,0,148
245,11,1264.0,2985.0,6.0,7.0,1,147,0,147
245,13,1281.0,2990.0,6.0,4.0,1,142,0,143
245,14,1310.0,2987.0,10.0,6.0,1,140,0,142
245,16,1336.0,2993.0,8.0,7.0,1,136,0,138
245,17,1348.0,2994.0,6.0,6.0,1,137,0,137
245,18,1363.0,2989.0,8.0,9.0,1,129,0,135
245,19,1355.0,2995.0,8.0,6.0,1,130,0,132
245,20,1364.0,2981.0,10.0,8.0,1,128,0,128
245,21,1391.0,2984.0,7.0,8.0,1,126,0,126
245,22,1407.0,2990.0,6.0,6.0,1,122,0,122
245,23,1426.0,2980.0,7.0,11.0,0,118,1,119
245,24,1251.0,2983.0,5.0,6.0,1,113,0,116
245,25,1438.0,2982.0,9.0,9.0,1,114,0,114
245,26,1459.0,2991.0,7.0,10.0,1,106,0,110
246,0,1659.0,3195.0,20.0,6.0,1,247,0,247
246,1,1041.0,2984.0,8.0,9.0,1,171,0,171
246,2,1066.0,2989.0,7.0,8.0,1,167,0,167
246,3,1117.0,2981.0,16.0,9.0,1,163,0,163
246,4,1142.0,2983.0,5.0,8.0,1,154,0,163
246,5,1089.0,2982.0,7.0,8.0,1,159,0,161
246,6,1165.0,2983.0,12.0,8.0,1,158,0,158
246,7,1110.0,2985.0,7.0,7.0,1,156,0,156
246,8,1196.0,2981.0,7.0,6.0,1,151,0,153
246,9,1224.0,2983.0,9.0,8.0,1,149,0,150
246,10,1322.0,2988.0,6.0,7.0,1,148,0,149
246,11,1256.0,2986.0,7.0,7.0,1,148,0,148
246,13,1275.0,2987.0,5.0,5.0,1,143,0,144
246,14,1304.0,2987.0,11.0,7.0,1,141,0,143
246,16,1332.0,2991.0,6.0,7.0,1,137,0,139
246,17,1344.0,2994.0,6.0,6.0,1,138,0,138
246,18,1356.0,2990.0,6.0,9.0,1,130,0,136
246,19,1348.0,2992.0,7.0,7.0,1,131,0,133
246,20,1358.0,2983.0,7.0,6.0,1,129,0,129
246,21,1382.0,2982.0,6.0,6.0,1,127,0,127
246,22,1400.0,2988.0,6.0,5.0,1,123,0,123
246,23,1415.0,2984.0,6.0,7.0,1,119,0,120
246,24,1247.0,2982.0,5.0,7.0,1,114,0,117
246,25,1436.0,2982.0,8.0,8.0,1,115,0,115
246,26,1458.0,2989.0,5.0,7.0,1,107,0,111
247,0,1660.0,3192.0,14.0,10.0,1,248,0,248
247,1,1034.0,2985.0,9.0,7.0,1,172,0,172
247,2,1052.0,2987.0,9.0,6.0,1,168,0,168
247,3,1111.0,2981.0,17.0,10.0,1,164,0,164
247,4,1140.0,2983.0,6.0,6.0,1,155,0,164
247,5,1084.0,2983.0,7.0,7.0,1,160,0,162
247,6,1161.0,2980.0,11.0,9.0,1,159,0,159
247,7,1103.0,2982.0,7.0,7.0,1,157,0,157
247,8,1190.0,2982.0,7.0,7.0,1,152,0,154
247,9,1219.0,2979.0,11.0,10.0,1,150,0,151
247,10,1315.0,2991.0,8.0,6.0,1,149,0,150
247,11,1251.0,2984.0,6.0,6.0,1,149,0,149
247,13,1268.0,2986.0,7.0,5.0,1,144,0,145
247,14,1298.0,2987.0,10.0,8.0,1,142,0,144
247,16,1326.0,2991.0,5.0,5.0,1,138,0,140
247,17,1335.0,2991.0,8.0,6.0,1,139,0,139
247,18,1352.0,2989.0,6.0,10.0,1,131,0,137
247,19,1342.0,2989.0,7.0,8.0,1,132,0,134
247,20,1352.0,2979.0,7.0,9.0,1,130,0,130
247,21,1375.0,2982.0,8.0,6.0,1,128,0,128
247,22,1394.0,2985.0,6.0,6.0,1,124,0,124
247,23,1411.0,2980.0,7.0,8.0,1,120,0,121
247,24,1239.0,2984.0,7.0,9.0,1,115,0,118
247,25,1426.0,2983.0,11.0,8.0,1,116,0,116
247,26,1448.0,2987.0,8.0,10.0,1,108,0,112
248,0,1663.0,3188.0,10.0,8.0,1,249,0,249
248,1,1028.0,2987.0,7.0,8.0,1,173,0,173
248,2,1051.0,2986.0,8.0,7.0,1,169,0,169
248,3,1104.0,2984.0,16.0,9.0,1,165,0,165
248,4,1131.0,2981.0,6.0,8.0,1,156,0,165
248,5,1076.0,2978.0,8.0,9.0,1,161,0,163
248,6,1156.0,2977.0,8.0,10.0,1,160,0,160
248,7,1097.0,2985.0,6.0,6.0,1,158,0,158
248,8,1182.0,2982.0,8.0,6.0,1,153,0,155
248,9,1215.0,2983.0,8.0,7.0,1,151,0,152
248,10,1310.0,2986.0,8.0,9.0,1,150,0,151
248,11,1243.0,2984.0,7.0,7.0,1,150,0,150
248,13,1263.0,2984.0,7.0,7.0,1,145,0,146
248,14,1294.0,2985.0,9.0,7.0,1,143,0,145
248,16,1319.0,2990.0,6.0,6.0,1,139,0,141
248,17,1328.0,2992.0,7.0,8.0,1,140,0,140
248,18,1346.0,2992.0,6.0,9.0,1,132,0,138
248,19,1336.0,2991.0,7.0,8.0,1,133,0,135
248,20,1346.0,2979.0,6.0,8.0,1,131,0,131
248,21,1369.0,2983.0,8.0,5.0,1,129,0,129
248,22,1389.0,2987.0,7.0,7.0,1,125,0,125
248,23,1402.0,2979.0,5.0,8.0,1,121,0,122
248,24,1235.0,2982.0,5.0,9.0,1,116,0,119
248,25,1422.0,2980.0,9.0,10.0,1,117,0,117
248,26,1447.0,2989.0,7.0,7.0,1,109,0,113
249,0,1666.0,3184.0,14.0,11.0,1,250,0,250
249,1,1021.0,2986.0,5.0,8.0,1,174,0,174
249,2,1040.0,2988.0,11.0,7.0,1,170,0,170
249,3,1099.0,2982.0,16.0,9.0,1,166,0,166
249,4,1131.0,2981.0,6.0,8.0,0,156,1,166
249,5,1073.0,2978.0,7.0,10.0,1,162,0,164
249,6,1152.0,2982.0,10.0,8.0,1,161,0,161
249,7,1089.0,2987.0,7.0,5.0,1,159,0,159
249,8,1176.0,2978.0,6.0,9.0,1,154,0,156
249,9,1204.0,2981.0,12.0,11.0,1,152,0,153
249,10,1306.0,2986.0,7.0,6.0,1,151,0,152
249,11,1238.0,2983.0,8.0,8.0,1,151,0,151
249,13,1259.0,2985.0,7.0,6.0,1,146,0,147
249,14,1286.0,2984.0,11.0,8.0,1,144,0,146
249,16,1313.0,2991.0,7.0,5.0,1,140,0,142
249,17,1324.0,2992.0,8.0,7.0,1,141,0,141
249,18,1340.0,2988.0,5.0,8.0,1,133,0,139
249,19,1329.0,2991.0,7.0,8.0,1,134,0,136
249,20,1338.0,2980.0,9.0,6.0,1,132,0,132
249,21,1365.0,2982.0,7.0,5.0,1,130,0,130
249,22,1384.0,2983.0,6.0,7.0,1,126,0,126
249,23,1396.0,2979.0,7.0,8.0,1,122,0,123
249,24,1228.0,2983.0,4.0,6.0,1,117,0,120
249,25,1416.0,2979.0,8.0,9.0,1,118,0,118
249,26,1439.0,2988.0,7.0,7.0,1,110,0,114
250,0,1665.0,3178.0,16.0,15.0,1,251,0,251
250,1,1015.0,2984.0,6.0,7.0,1,175,0,175
250,2,1035.0,2988.0,8.0,7.0,1,171,0,171
250,3,1093.0,2982.0,16.0,8.0,1,167,0,167
250,4,1119.0,2984.0,6.0,7.0,1,157,0,167
250,5,1066.0,2982.0,7.0,7.0,1,163,0,165
250,6,1142.0,2981.0,10.0,9.0,1,162,0,162
250,7,1085.0,2983.0,6.0,9.0,1,160,0,160
250,8,1171.0,2978.0,7.0,8.0,1,155,0,157
250,9,1200.0,2979.0,10.0,9.0,1,153,0,154
250,10,1297.0,2986.0,7.0,7.0,1,152,0,153
250,11,1233.0,2981.0,8.0,7.0,1,152,0,152
250,13,1251.0,2983.0,5.0,6.0,1,147,0,148
250,14,1280.0,2986.0,11.0,7.0,1,145,0,147
250,16,1305.0,2990.0,7.0,6.0,1,141,0,143
250,17,1319.0,2991.0,7.0,6.0,1,142,0,142
250,18,1336.0,2990.0,5.0,7.0,1,134,0,140
250,19,1325.0,2990.0,7.0,6.0,1,135,0,137
250,20,1335.0,2978.0,6.0,8.0,1,133,0,133
250,21,1359.0,2979.0,9.0,8.0,1,131,0,131
250,22,1376.0,2983.0,7.0,6.0,1,127,0,127
250,23,1391.0,2981.0,6.0,8.0,1,123,0,124
250,24,1221.0,2979.0,6.0,7.0,1,118,0,121
250,25,1412.0,2979.0,8.0,8.0,1,119,0,119
250,26,1431.0,2985.0,8.0,6.0,1,111,0,115
251,0,1659.0,3182.0,21.0,8.0,1,252,0,252
251,1,1007.0,2987.0,4.0,4.0,1,176,0,176
251,2,1029.0,2985.0,8.0,7.0,1,172,0,172
251,3,1086.0,2982.0,17.0,10.0,1,168,0,168
251,4,1111.0,2983.0,6.0,7.0,1,158,0,168
251,5,1060.0,2981.0,9.0,7.0,1,164,0,166
251,6,1141.0,2982.0,7.0,7.0,1,163,0,163
251,7,1077.0,2983.0,6.0,8.0,1,161,0,161
251,8,1165.0,2979.0,7.0,9.0,1,156,0,158
251,9,1196.0,2978.0,9.0,10.0,1,154,0,155
251,10,1292.0,2988.0,6.0,6.0,1,153,0,154
251,11,1225.0,2980.0,8.0,9.0,1,153,0,153
251,13,1245.0,2986.0,5.0,7.0,1,148,0,149
251,14,1272.0,2986.0,12.0,7.0,1,146,0,148
251,16,1300.0,2987.0,7.0,4.0,1,142,0,144
251,17,1313.0,2990.0,6.0,7.0,1,143,0,143
251,18,1327.0,2992.0,7.0,6.0,1,135,0,141
251,19,1317.0,2988.0,8.0,7.0,1,136,0,138
251,20,1327.0,2979.0,8.0,10.0,1,134,0,134
251,21,1353.0,2979.0,8.0,8.0,1,132,0,132
251,22,1368.0,2983.0,8.0,6.0,1,128,0,128
251,23,1383.0,2979.0,8.0,7.0,1,124,0,125
251,24,1215.0,2980.0,6.0,8.0,1,119,0,122
251,25,1404.0,2979.0,9.0,6.0,1,120,0,120
251,26,1426.0,2982.0,7.0,10.0,1,112,0,116
252,0,1661.0,3180.0,19.0,12.0,1,253,0,253
252,1,999.0,2986.0,12.0,7.0,1,177,0,177
252,2,1024.0,2986.0,7.0,7.0,1,173,0,173
252,3,1083.0,2983.0,15.0,9.0,1,169,0,169
252,4,1105.0,2983.0,7.0,7.0,1,159,0,169
252,5,1054.0,2980.0,8.0,7.0,1,165,0,167
252,6,1132.0,2981.0,10.0,9.0,1,164,0,164
252,7,1070.0,2987.0,8.0,7.0,1,162,0,162
252,8,1160.0,2980.0,8.0,8.0,1,157,0,159
252,9,1188.0,2980.0,10.0,9.0,1,155,0,156
252,10,1287.0,2987.0,6.0,6.0,1,154,0,155
252,11,1221.0,2980.0,8.0,7.0,1,154,0,154
252,13,1238.0,2983.0,5.0,7.0,1,149,0,150
252,14,1270.0,2983.0,10.0,7.0,1,147,0,149
252,16,1296.0,2986.0,7.0,6.0,1,143,0,145
252,17,1310.0,2991.0,5.0,6.0,1,144,0,144
252,18,1322.0,2991.0,8.0,6.0,1,136,0,142
252,19,1312.0,2989.0,7.0,7.0,1,137,0,139
252,20,1323.0,2981.0,7.0,7.0,1,135,0,135
252,21,1347.0,2981.0,5.0,8.0,1,133,0,133
252,22,1365.0,2986.0,6.0,5.0,1,129,0,129
252,23,1379.0,2977.0,6.0,8.0,1,125,0,126
252,24,1209.0,2982.0,6.0,7.0,1,120,0,123
252,25,1400.0,2979.0,7.0,7.0,1,121,0,121
252,26,1419.0,2982.0,6.0,9.0,1,113,0,117
253,0,1666.0,3177.0,10.0,6.0,1,254,0,254
253,1,992.0,2987.0,12.0,8.0,1,178,0,178
253,2,1018.0,2986.0,7.0,6.0,1,174,0,174
253,3,1077.0,2982.0,15.0,9.0,1,170,0,170
253,4,1094.0,2983.0,9.0,9.0,1,160,0,170
253,5,1046.0,2978.0,7.0,11.0,1,166,0,168
253,6,1124.0,2983.0,11.0,8.0,1,165,0,165
253,7,1064.0,2985.0,8.0,7.0,1,163,0,163
253,8,1151.0,2979.0,9.0,7.0,1,158,0,160
253,9,1182.0,2981.0,8.0,9.0,1,156,0,157
253,10,1280.0,2983.0,7.0,8.0,1,155,0,156
253,11,1215.0,2982.0,9.0,8.0,1,155,0,155
253,13,1232.0,2983.0,6.0,7.0,1,150,0,151
253,14,1261.0,2982.0,10.0,7.0,1,148,0,150
253,16,1287.0,2986.0,7.0,5.0,1,144,0,146
253,17,1298.0,2991.0,9.0,6.0,1,145,0,145
253,18,1315.0,2987.0,7.0,8.0,1,137,0,143
253,19,1306.0,2986.0,8.0,8.0,1,138,0,140
253,20,1318.0,2980.0,7.0,6.0,1,136,0,136
253,21,1341.0,2981.0,6.0,7.0,1,134,0,134
253,22,1358.0,2982.0,8.0,7.0,1,130,0,130
253,23,1374.0,2977.0,7.0,8.0,1,126,0,127
253,24,1201.0,2979.0,6.0,7.0,1,121,0,124
253,25,1394.0,2980.0,9.0,7.0,1,122,0,122
253,26,1410.0,2987.0,11.0,8.0,1,114,0,118
254,0,1670.0,3175.0,9.0,6.0,1,255,0,255
254,1,988.0,2984.0,7.0,11.0,1,179,0,179
254,2,1008.0,2987.0,10.0,8.0,1,175,0,175
254,3,1068.0,2983.0,14.0,9.0,1,171,0,171
254,4,1090.0,2986.0,9.0,7.0,1,161,0,171
254,5,1037.0,2982.0,9.0,7.0,1,167,0,169
254,6,1118.0,2980.0,11.0,11.0,1,166,0,166
254,7,1058.0,2983.0,7.0,7.0,1,164,0,164
254,8,1145.0,2979.0,8.0,9.0,1,159,0,161
254,9,1176.0,2980.0,9.0,9.0,1,157,0,158
254,10,1275.0,2986.0,7.0,6.0,1,156,0,157
254,11,1208.0,2981.0,8.0,6.0,1,156,0,156
254,13,1225.0,2980.0,5.0,9.0,1,151,0,152
254,14,1257.0,2983.0,10.0,9.0,1,149,0,151
254,16,1282.0,2986.0,7.0,5.0,1,145,0,147
254,17,1294.0,2990.0,9.0,5.0,1,146,0,146
254,18,1310.0,2985.0,7.0,8.0,1,138,0,144
254,19,1299.0,2988.0,8.0,6.0,1,139,0,141
254,20,1311.0,2975.0,7.0,9.0,1,137,0,137
254,21,1332.0,2978.0,7.0,7.0,1,135,0,135
254,22,1351.0,2983.0,6.0,5.0,1,131,0,131
254,23,1367.0,2977.0,8.0,8.0,1,127,0,128
254,24,1196.0,2977.0,6.0,7.0,1,122,0,125
254,25,1387.0,2976.0,8.0,8.0,1,123,0,123
254,26,1406.0,2982.0,10.0,8.0,1,115,0,119
255,0,1671.0,3172.0,12.0,8.0,1,256,0,256
255,1,981.0,2983.0,6.0,7.0,1,180,0,180
255,2,1005.0,2986.0,8.0,6.0,1,176,0,176
255,3,1063.0,2982.0,15.0,9.0,1,172,0,172
255,4,1084.0,2987.0,10.0,6.0,1,162,0,172
255,5,1032.0,2981.0,9.0,7.0,1,168,0,170
255,6,1113.0,2983.0,10.0,6.0,1,167,0,167
255,7,1052.0,2983.0,7.0,8.0,1,165,0,165
255,8,1134.0,2979.0,11.0,9.0,1,160,0,162
255,9,1172.0,2977.0,7.0,10.0,1,158,0,159
255,10,1269.0,2986.0,6.0,8.0,1,157,0,158
255,11,1200.0,2980.0,10.0,6.0,1,157,0,157
255,13,1220.0,2984.0,6.0,5.0,1,152,0,153
255,14,1250.0,2983.0,10.0,8.0,1,150,0,152
255,16,1279.0,2985.0,7.0,6.0,1,146,0,148
255,17,1288.0,2988.0,7.0,8.0,1,147,0,147
255,18,1303.0,2991.0,8.0,6.0,1,139,0,145
255,19,1293.0,2986.0,8.0,7.0,1,140,0,142
255,20,1311.0,2975.0,7.0,9.0,0,137,1,138
255,21,1327.0,2980.0,6.0,7.0,1,136,0,136
255,22,1346.0,2980.0,7.0,7.0,1,132,0,132
255,23,1360.0,2979.0,9.0,6.0,1,128,0,129
255,24,1187.0,2981.0,7.0,6.0,1,123,0,126
255,25,1383.0,2979.0,6.0,6.0,1,124,0,124
255,26,1401.0,2982.0,8.0,7.0,1,116,0,120
256,0,1674.0,3169.0,11.0,5.0,1,257,0,257
256,1,976.0,2989.0,6.0,7.0,1,181,0,181
256,2,999.0,2984.0,7.0,9.0,1,177,0,177
256,3,1057.0,2980.0,15.0,10.0,1,173,0,173
256,4,1077.0,2981.0,8.0,8.0,1,163,0,173
256,5,1026.0,2980.0,9.0,8.0,1,169,0,171
256,6,1105.0,2983.0,9.0,6.0,1,168,0,168
256,7,1043.0,2984.0,10.0,9.0,1,166,0,166
256,8,1134.0,2978.0,7.0,7.0,1,161,0,163
256,9,1161.0,2979.0,11.0,7.0,1,159,0,160
256,10,1259.0,2981.0,7.0,7.0,1,158,0,159
256,11,1198.0,2977.0,9.0,6.0,1,158,0,158
256,13,1215.0,2982.0,5.0,5.0,1,153,0,154
256,14,1244.0,2982.0,9.0,7.0,1,151,0,153
256,16,1270.0,2984.0,8.0,6.0,1,147,0,149
256,17,1280.0,2990.0,7.0,5.0,1,148,0,148
256,18,1298.0,2988.0,6.0,6.0,1,140,0,146
256,19,1289.0,2987.0,6.0,6.0,1,141,0,143
256,20,1296.0,2977.0,9.0,8.0,1,138,0,139
256,21,1323.0,2979.0,5.0,6.0,1,137,0,137
256,22,1342.0,2982.0,6.0,7.0,1,133,0,133
256,23,1356.0,2975.0,8.0,9.0,1,129,0,130
256,24,1186.0,2981.0,6.0,6.0,1,124,0,127
256,25,1376.0,2979.0,8.0,6.0,1,125,0,125
256,26,1401.0,2982.0,8.0,7.0,0,116,1,121
257,0,1668.0,3168.0,17.0,6.0,1,258,0,258
257,1,969.0,2983.0,8.0,9.0,1,182,0,182
257,2,990.0,2986.0,8.0,7.0,1,178,0,178
257,3,1049.0,2982.0,14.0,10.0,1,174,0,174
257,4,1072.0,2985.0,7.0,9.0,1,164,0,174
257,5,1021.0,2976.0,8.0,11.0,1,170,0,172
257,6,1099.0,2980.0,10.0,8.0,1,169,0,169
257,7,1040.0,2984.0,8.0,8.0,1,167,0,167
257,8,1126.0,2976.0,8.0,9.0,1,162,0,164
257,9,1158.0,2982.0,9.0,8.0,1,160,0,161
257,10,1257.0,2981.0,7.0,7.0,1,159,0,160
257,11,1190.0,2981.0,10.0,7.0,1,159,0,159
257,13,1210.0,2981.0,6.0,6.0,1,154,0,155
257,14,1238.0,2983.0,9.0,6.0,1,152,0,154
257,16,1270.0,2984.0,8.0,6.0,0,147,1,150
257,17,1274.0,2988.0,8.0,7.0,1,149,0,149
257,18,1294.0,2987.0,8.0,8.0,1,141,0,147
257,19,1283.0,2986.0,7.0,6.0,1,142,0,144
257,20,1290.0,2976.0,8.0,9.0,1,139,0,140
257,21,1315.0,2979.0,10.0,7.0,1,138,0,138
257,22,1333.0,2981.0,7.0,7.0,1,134,0,134
257,23,1349.0,2974.0,7.0,8.0,1,130,0,131
257,24,1177.0,2978.0,7.0,5.0,1,125,0,128
257,25,1369.0,2976.0,8.0,8.0,1,126,0,126
257,26,1387.0,2982.0,7.0,6.0,1,117,0,122
258,0,1666.0,3165.0,17.0,5.0,1,259,0,259
258,1,964.0,2984.0,6.0,8.0,1,183,0,183
258,2,983.0,2988.0,10.0,7.0,1,179,0,179
258,3,1041.0,2985.0,14.0,10.0,1,175,0,175
258,4,1064.0,2986.0,8.0,7.0,1,165,0,175
258,5,1014.0,2981.0,6.0,7.0,1,171,0,173
258,6,1095.0,2981.0,8.0,11.0,1,170,0,170
258,7,1032.0,2983.0,9.0,8.0,1,168,0,168
258,8,1121.0,2979.0,8.0,10.0,1,163,0,165
258,9,1152.0,2982.0,8.0,8.0,1,161,0,162
258,10,1249.0,2983.0,7.0,5.0,1,160,0,161
258,11,1184.0,2976.0,9.0,8.0,1,160,0,160
258,13,1202.0,2981.0,7.0,6.0,1,155,0,156
258,14,1230.0,2984.0,9.0,7.0,1,153,0,155
258,16,1258.0,2986.0,8.0,7.0,1,148,0,151
258,17,1268.0,2988.0,10.0,5.0,1,150,0,150
258,18,1288.0,2988.0,5.0,7.0,1,142,0,148
258,19,1276.0,2986.0,8.0,6.0,1,143,0,145
258,20,1287.0,2975.0,7.0,11.0,1,140,0,141
258,21,1310.0,2978.0,7.0,7.0,1,139,0,139
258,22,1326.0,2979.0,7.0,7.0,1,135,0,135
258,23,1343.0,2973.0,8.0,9.0,1,131,0,132
258,24,1172.0,2980.0,8.0,6.0,1,126,0,129
258,25,1363.0,2977.0,7.0,7.0,1,127,0,127
258,26,1383.0,2981.0,5.0,6.0,1,118,0,123
259,0,1672.0,3162.0,15.0,5.0,1,260,0,260
259,1,951.0,2985.0,10.0,8.0,1,184,0,184
259,2,979.0,2986.0,9.0,8.0,1,180,0,180
259,3,1034.0,2981.0,16.0,11.0,1,176,0,176
259,4,1059.0,2985.0,8.0,7.0,1,166,0,176
259,5,1005.0,2979.0,11.0,11.0,1,172,0,174
259,6,1086.0,2983.0,10.0,7.0,1,171,0,171
259,7,1028.0,2985.0,7.0,7.0,1,169,0,169
259,8,1111.0,2978.0,8.0,8.0,1,164,0,166
259,9,1146.0,2976.0,7.0,7.0,1,162,0,163
259,10,1244.0,2980.0,6.0,6.0,1,161,0,162
259,11,1180.0,2977.0,9.0,8.0,1,161,0,161
259,13,1195.0,2978.0,7.0,6.0,1,156,0,157
259,14,1226.0,2982.0,8.0,8.0,1,154,0,156
259,16,1253.0,2984.0,7.0,6.0,1,149,0,152
259,17,1261.0,2986.0,9.0,6.0,1,151,0,151
259,18,1277.0,2989.0,8.0,5.0,1,143,0,149
259,19,1271.0,2984.0,6.0,5.0,1,144,0,146
259,20,1287.0,2975.0,7.0,11.0,0,140,1,142
259,21,1304.0,2976.0,8.0,8.0,1,140,0,140
259,22,1322.0,2978.0,6.0,6.0,1,136,0,136
259,23,1336.0,2977.0,10.0,9.0,1,132,0,133
259,24,1162.0,2981.0,8.0,5.0,1,127,0,130
259,25,1358.0,2973.0,7.0,7.0,1,128,0,128
259,26,1376.0,2978.0,6.0,6.0,1,119,0,124
260,0,1674.0,3162.0,17.0,6.0,1,261,0,261
260,1,945.0,2985.0,10.0,10.0,1,185,0,185
260,2,969.0,2983.0,10.0,8.0,1,181,0,181
260,3,1027.0,2979.0,16.0,12.0,1,177,0,177
260,4,1053.0,2982.0,7.0,9.0,1,167,0,177
260,5,1000.0,2978.0,9.0,10.0,1,173,0,175
260,6,1080.0,2981.0,8.0,9.0,1,172,0,172
260,7,1018.0,2985.0,7.0,8.0,1,170,0,170
260,8,1106.0,2978.0,9.0,9.0,1,165,0,167
260,9,1139.0,2978.0,7.0,7.0,1,163,0,164
260,10,1236.0,2981.0,8.0,8.0,1,162,0,163
260,11,1175.0,2977.0,9.0,6.0,1,162,0,162
260,13,1189.0,2981.0,6.0,5.0,1,157,0,158
260,14,1222.0,2978.0,8.0,8.0,1,155,0,157
260,16,1248.0,2984.0,6.0,5.0,1,150,0,153
260,17,1260.0,2987.0,6.0,6.0,1,152,0,152
260,18,1273.0,2987.0,8.0,5.0,1,144,0,150
260,19,1266.0,2987.0,6.0,6.0,1,145,0,147
260,20,1272.0,2978.0,10.0,8.0,1,141,0,143
260,21,1297.0,2977.0,7.0,9.0,1,141,0,141
260,22,1314.0,2979.0,7.0,7.0,1,137,0,137
260,23,1329.0,2975.0,9.0,8.0,1,133,0,134
260,24,1159.0,2980.0,7.0,5.0,1,128,0,131
260,25,1352.0,2976.0,5.0,7.0,1,129,0,129
260,26,1370.0,2978.0,6.0,5.0,1,120,0,125
261,0,1673.0,3159.0,16.0,5.0,1,262,0,262
261,1,943.0,2987.0,6.0,6.0,1,186,0,186
261,2,962.0,2985.0,13.0,7.0,1,182,0,182
261,3,1022.0,2983.0,15.0,10.0,1,178,0,178
261,4,1045.0,2985.0,7.0,8.0,1,168,0,178
261,5,994.0,2979.0,10.0,9.0,1,174,0,176
261,6,1077.0,2981.0,9.0,10.0,1,173,0,173
261,7,1013.0,2986.0,7.0,6.0,1,171,0,171
261,8,1099.0,2979.0,9.0,6.0,1,166,0,168
261,9,1132.0,2977.0,9.0,8.0,1,164,0,165
261,10,1232.0,2978.0,7.0,8.0,1,163,0,164
261,11,1167.0,2977.0,9.0,8.0,1,163,0,163
261,13,1182.0,2980.0,6.0,6.0,1,158,0,159
261,14,1214.0,2979.0,7.0,9.0,1,156,0,158
261,16,1239.0,2983.0,6.0,5.0,1,151,0,154
261,17,1252.0,2988.0,6.0,7.0,1,153,0,153
261,18,1267.0,2982.0,7.0,6.0,1,145,0,151
261,19,1258.0,2987.0,6.0,7.0,1,146,0,148
261,20,1264.0,2974.0,10.0,8.0,1,142,0,144
261,21,1294.0,2977.0,8.0,6.0,1,142,0,142
261,22,1310.0,2978.0,6.0,6.0,1,138,0,138
261,23,1324.0,2973.0,9.0,10.0,1,134,0,135
261,24,1154.0,2978.0,6.0,6.0,1,129,0,132
261,25,1345.0,2976.0,7.0,6.0,1,130,0,130
261,26,1364.0,2980.0,7.0,5.0,1,121,0,126
262,0,1674.0,3157.0,17.0,5.0,1,263,0,263
262,1,934.0,2984.0,12.0,8.0,1,187,0,187
262,2,957.0,2987.0,11.0,9.0,1,183,0,183
262,3,1015.0,2986.0,15.0,11.0,1,179,0,179
262,4,1040.0,2988.0,9.0,6.0,1,169,0,179
262,5,989.0,2979.0,8.0,7.0,1,175,0,177
262,6,1067.0,2979.0,10.0,11.0,1,174,0,174
262,7,1007.0,2986.0,7.0,5.0,1,172,0,172
262,8,1095.0,2978.0,7.0,6.0,1,167,0,169
262,9,1126.0,2980.0,8.0,7.0,1,165,0,166
262,10,1226.0,2981.0,7.0,5.0,1,164,0,165
262,11,1160.0,2979.0,9.0,8.0,1,164,0,164
262,13,1178.0,2977.0,6.0,7.0,1,159,0,160
262,14,1207.0,2982.0,10.0,8.0,1,157,0,159
262,16,1233.0,2982.0,7.0,6.0,1,152,0,155
262,17,1247.0,2984.0,5.0,6.0,1,154,0,154
262,18,1261.0,2981.0,8.0,9.0,1,146,0,152
262,19,1252.0,2985.0,6.0,6.0,1,147,0,149
262,20,1258.0,2975.0,10.0,8.0,1,143,0,145
262,21,1288.0,2974.0,7.0,7.0,1,143,0,143
262,22,1304.0,2976.0,6.0,7.0,1,139,0,139
262,23,1316.0,2973.0,13.0,7.0,1,135,0,136
262,24,1144.0,2976.0,6.0,7.0,1,130,0,133
262,25,1337.0,2975.0,8.0,6.0,1,131,0,131
262,26,1356.0,2980.0,7.0,4.0,1,122,0,127
263,0,1674.0,3157.0,17.0,5.0,1,264,0,264
263,1,928.0,2987.0,9.0,7.0,1,188,0,188
263,2,952.0,2986.0,9.0,7.0,1,184,0,184
263,3,1009.0,2983.0,16.0,10.0,1,180,0,180
263,4,1033.0,2984.0,8.0,9.0,1,170,0,180
263,5,984.0,2982.0,8.0,7.0,1,176,0,178
263,6,1062.0,2982.0,8.0,9.0,1,175,0,175
263,7,1000.0,2984.0,7.0,8.0,1,173,0,173
263,8,1085.0,2983.0,8.0,5.0,1,168,0,170
263,9,1118.0,2979.0,9.0,7.0,1,166,0,167
263,10,1220.0,2980.0,5.0,6.0,1,165,0,166
263,11,1156.0,2974.0,8.0,8.0,1,165,0,165
263,13,1170.0,2977.0,6.0,6.0,1,160,0,161
263,14,1202.0,2979.0,9.0,8.0,1,158,0,160
263,16,1228.0,2982.0,7.0,5.0,1,153,0,156
263,17,1239.0,2982.0,6.0,7.0,1,155,0,155
263,18,1256.0,2986.0,8.0,7.0,1,147,0,153
263,19,1247.0,2983.0,6.0,6.0,1,148,0,150
263,20,1258.0,2975.0,10.0,8.0,0,143,1,146
263,21,1282.0,2976.0,7.0,7.0,1,144,0,144
263,22,1296.0,2977.0,8.0,7.0,1,140,0,140
263,23,1311.0,2975.0,9.0,9.0,1,136,0,137
263,24,1139.0,2979.0,6.0,6.0,1,131,0,134
263,25,1333.0,2976.0,7.0,6.0,1,132,0,132
263,26,1350.0,2976.0,7.0,6.0,1,123,0,128
264,0,1675.0,3154.0,17.0,5.0,1,265,0,265
264,1,923.0,2985.0,8.0,9.0,1,189,0,189
264,2,946.0,2989.0,8.0,6.0,1,185,0,185
264,3,1000.0,2979.0,16.0,11.0,1,181,0,181
264,4,1025.0,2985.0,9.0,8.0,1,171,0,181
264,5,979.0,2982.0,8.0,7.0,1,177,0,179
264,6,1056.0,2979.0,9.0,8.0,1,176,0,176
264,7,993.0,2986.0,7.0,5.0,1,174,0,174
264,8,1080.0,2982.0,7.0,8.0,1,169,0,171
264,9,1114.0,2976.0,9.0,8.0,1,167,0,168
264,10,1217.0,2981.0,5.0,6.0,1,166,0,167
264,11,1149.0,2976.0,9.0,8.0,1,166,0,166
264,13,1168.0,2981.0,5.0,5.0,1,161,0,162
264,14,1195.0,2978.0,7.0,7.0,1,159,0,161
264,16,1223.0,2981.0,8.0,6.0,1,154,0,157
264,17,1234.0,2982.0,7.0,7.0,1,156,0,156
264,18,1252.0,2985.0,5.0,4.0,1,148,0,154
264,19,1247.0,2983.0,6.0,6.0,0,148,1,151
264,20,1249.0,2977.0,8.0,7.0,1,144,0,147
264,21,1277.0,2974.0,7.0,8.0,1,145,0,145
264,22,1290.0,2978.0,5.0,6.0,1,141,0,141
264,23,1306.0,2974.0,7.0,7.0,1,137,0,138
264,24,1132.0,2979.0,7.0,5.0,1,132,0,135
264,25,1327.0,2975.0,7.0,5.0,1,133,0,133
264,26,1342.0,2976.0,9.0,8.0,1,124,0,129
265,0,1675.0,3149.0,18.0,6.0,1,266,0,266
265,1,915.0,2985.0,9.0,7.0,1,190,0,190
265,2,936.0,2986.0,8.0,7.0,1,186,0,186
265,3,997.0,2983.0,16.0,10.0,1,182,0,182
265,4,1020.0,2984.0,7.0,8.0,1,172,0,182
265,5,972.0,2978.0,7.0,10.0,1,178,0,180
265,6,1048.0,2980.0,9.0,9.0,1,177,0,177
265,7,988.0,2987.0,4.0,6.0,1,175,0,175
265,8,1074.0,2981.0,8.0,7.0,1,170,0,172
265,9,1106.0,2979.0,10.0,7.0,1,168,0,169
265,10,1206.0,2978.0,7.0,9.0,1,167,0,168
265,11,1142.0,2978.0,9.0,8.0,1,167,0,167
265,13,1160.0,2979.0,6.0,6.0,1,162,0,163
265,14,1187.0,2979.0,8.0,5.0,1,160,0,162
265,16,1217.0,2980.0,6.0,4.0,1,155,0,158
265,17,1228.0,2983.0,5.0,9.0,1,157,0,157
265,18,1242.0,2983.0,8.0,8.0,1,149,0,155
265,19,1235.0,2984.0,7.0,6.0,1,149,0,152
265,20,1240.0,2973.0,8.0,7.0,1,145,0,148
265,21,1269.0,2975.0,7.0,7.0,1,146,0,146
265,22,1286.0,2978.0,5.0,6.0,1,142,0,142
265,23,1301.0,2971.0,7.0,9.0,1,138,0,139
265,24,1129.0,2978.0,6.0,5.0,1,133,0,136
265,25,1322.0,2973.0,6.0,6.0,1,134,0,134
265,26,1340.0,2976.0,5.0,6.0,1,125,0,130
266,0,1678.0,3147.0,17.0,5.0,1,267,0,267
266,1,909.0,2983.0,8.0,9.0,1,191,0,191
266,2,931.0,2984.0,11.0,10.0,1,187,0,187
266,3,990.0,2984.0,12.0,9.0,1,183,0,183
266,4,1014.0,2985.0,8.0,8.0,1,173,0,183
266,5,965.0,2981.0,8.0,6.0,1,179,0,181
266,6,1040.0,2984.0,9.0,6.0,1,178,0,178
266,7,981.0,2986.0,6.0,7.0,1,176,0,176
266,8,1068.0,2979.0,7.0,7.0,1,171,0,173
266,9,1100.0,2980.0,9.0,8.0,1,169,0,170
266,10,1201.0,2982.0,6.0,7.0,1,168,0,169
266,11,1140.0,2974.0,7.0,8.0,1,168,0,168
266,13,1154.0,2978.0,6.0,5.0,1,163,0,164
266,14,1182.0,2978.0,10.0,7.0,1,161,0,163
266,16,1209.0,2978.0,8.0,8.0,1,156,0,159
266,17,1223.0,2982.0,7.0,7.0,1,158,0,158
266,18,1240.0,2985.0,5.0,6.0,1,150,0,156
266,19,1229.0,2983.0,6.0,6.0,1,150,0,153
266,20,1237.0,2972.0,9.0,7.0,1,146,0,149
266,21,1262.0,2972.0,9.0,9.0,1,147,0,147
266,22,1282.0,2974.0,7.0,6.0,1,143,0,143
266,23,1298.0,2974.0,7.0,6.0,1,139,0,140
266,24,1123.0,2977.0,5.0,5.0,1,134,0,137
266,25,1314.0,2969.0,9.0,9.0,1,135,0,135
266,26,1331.0,2978.0,8.0,7.0,1,126,0,131
267,0,1679.0,3145.0,16.0,5.0,1,268,0,268
267,1,901.0,2987.0,7.0,6.0,1,192,0,192
267,2,925.0,2987.0,9.0,6.0,1,188,0,188
267,3,984.0,2982.0,14.0,9.0,1,184,0,184
267,4,1008.0,2985.0,7.0,5.0,1,174,0,184
267,5,959.0,2982.0,8.0,8.0,1,180,0,182
267,6,1035.0,2981.0,10.0,9.0,1,179,0,179
267,7,975.0,2987.0,6.0,4.0,1,177,0,177
267,8,1062.0,2982.0,6.0,6.0,1,172,0,174
267,9,1093.0,2979.0,6.0,7.0,1,170,0,171
267,10,1195.0,2979.0,6.0,7.0,1,169,0,170
267,11,1131.0,2977.0,9.0,7.0,1,169,0,169
267,13,1147.0,2975.0,7.0,7.0,1,164,0,165
267,14,1176.0,2980.0,9.0,7.0,1,162,0,164
267,16,1203.0,2979.0,7.0,6.0,1,157,0,160
267,17,1217.0,2979.0,6.0,7.0,1,159,0,159
267,18,1231.0,2985.0,7.0,6.0,1,151,0,157
267,19,1224.0,2979.0,7.0,6.0,1,151,0,154
267,20,1232.0,2973.0,7.0,6.0,1,147,0,150
267,21,1254.0,2976.0,8.0,5.0,1,148,0,148
267,22,1270.0,2971.0,8.0,9.0,1,144,0,144
267,23,1288.0,2973.0,8.0,7.0,1,140,0,141
267,24,1116.0,2980.0,5.0,6.0,1,135,0,138
267,25,1308.0,2969.0,8.0,9.0,1,136,0,136
267,26,1326.0,2976.0,8.0,7.0,1,127,0,132
268,0,1680.0,3144.0,20.0,5.0,1,269,0,269
268,1,894.0,2985.0,13.0,10.0,1,193,0,193
268,2,918.0,2982.0,10.0,9.0,1,189,0,189
268,3,979.0,2979.0,14.0,9.0,1,185,0,185
268,4,1002.0,2984.0,8.0,9.0,1,175,0,185
268,5,952.0,2981.0,9.0,6.0,1,181,0,183
268,6,1030.0,2983.0,10.0,7.0,1,180,0,180
268,7,967.0,2989.0,6.0,6.0,1,178,0,178
268,8,1055.0,2982.0,8.0,6.0,1,173,0,175
268,9,1089.0,2978.0,7.0,5.0,1,171,0,172
268,10,1189.0,2979.0,7.0,7.0,1,170,0,171
268,11,1127.0,2976.0,9.0,9.0,1,170,0,170
268,13,1143.0,2978.0,5.0,4.0,1,165,0,166
268,14,1172.0,2976.0,8.0,7.0,1,163,0,165
268,16,1200.0,2976.0,7.0,7.0,1,158,0,161
268,17,1208.0,2981.0,8.0,7.0,1,160,0,160
268,18,1226.0,2982.0,7.0,8.0,1,152,0,158
268,19,1218.0,2982.0,6.0,6.0,1,152,0,155
268,20,1224.0,2974.0,10.0,6.0,1,148,0,151
268,21,1251.0,2975.0,7.0,5.0,1,149,0,149
268,22,1267.0,2975.0,7.0,6.0,1,145,0,145
268,23,1281.0,2973.0,9.0,8.0,1,141,0,142
268,24,1109.0,2980.0,6.0,5.0,1,136,0,139
268,25,1303.0,2973.0,9.0,8.0,1,137,0,137
268,26,1318.0,2973.0,7.0,9.0,1,128,0,133
269,0,1681.0,3140.0,18.0,5.0,1,270,0,270
269,1,891.0,2983.0,7.0,7.0,1,194,0,194
269,2,912.0,2984.0,12.0,7.0,1,190,0,190
269,3,970.0,2980.0,13.0,9.0,1,186,0,186
269,4,994.0,2986.0,7.0,7.0,1,176,0,186
269,5,945.0,2979.0,10.0,10.0,1,182,0,184
269,6,1022.0,2983.0,11.0,8.0,1,181,0,181
269,7,961.0,2985.0,7.0,6.0,1,179,0,179
269,8,1048.0,2981.0,9.0,7.0,1,174,0,176
269,9,1084.0,2981.0,5.0,5.0,1,172,0,173
269,10,1181.0,2977.0,6.0,6.0,1,171,0,172
269,11,1119.0,2977.0,9.0,7.0,1,171,0,171
269,13,1135.0,2979.0,6.0,7.0,1,166,0,167
269,14,1166.0,2977.0,8.0,6.0,1,164,0,166
269,16,1193.0,2976.0,6.0,7.0,1,159,0,162
269,17,1201.0,2982.0,8.0,7.0,1,161,0,161
269,18,1219.0,2982.0,7.0,7.0,1,153,0,159
269,19,1211.0,2979.0,7.0,8.0,1,153,0,156
269,20,1216.0,2973.0,8.0,7.0,1,149,0,152
269,21,1248.0,2976.0,6.0,5.0,1,150,0,150
269,22,1261.0,2974.0,8.0,6.0,1,146,0,146
269,23,1277.0,2971.0,6.0,9.0,1,142,0,143
269,24,1105.0,2979.0,6.0,4.0,1,137,0,140
269,25,1296.0,2974.0,10.0,7.0,1,138,0,138
269,26,1314.0,2975.0,9.0,8.0,1,129,0,134
270,0,1684.0,3138.0,18.0,6.0,1,271,0,271
270,1,882.0,2983.0,8.0,10.0,1,195,0,195
270,2,904.0,2987.0,10.0,9.0,1,191,0,191
270,3,963.0,2983.0,15.0,9.0,1,187,0,187
270,4,988.0,2987.0,8.0,8.0,1,177,0,187
270,5,945.0,2979.0,10.0,10.0,0,182,1,185
270,6,1017.0,2984.0,8.0,9.0,1,182,0,182
270,7,957.0,2981.0,5.0,9.0,1,180,0,180
270,8,1041.0,2980.0,9.0,8.0,1,175,0,177
270,9,1075.0,2980.0,9.0,8.0,1,173,0,174
270,10,1174.0,2978.0,8.0,6.0,1,172,0,173
270,11,1115.0,2976.0,8.0,6.0,1,172,0,172
270,13,1130.0,2976.0,5.0,5.0,1,167,0,168
270,14,1159.0,2976.0,9.0,8.0,1,165,0,167
270,16,1186.0,2977.0,6.0,6.0,1,160,0,163
270,17,1200.0,2983.0,6.0,7.0,1,162,0,162
270,18,1215.0,2983.0,6.0,4.0,1,154,0,160
270,19,1205.0,2980.0,7.0,8.0,1,154,0,157
270,20,1210.0,2970.0,10.0,10.0,1,150,0,153
270,21,1238.0,2969.0,8.0,6.0,1,151,0,151
270,22,1258.0,2975.0,5.0,5.0,1,147,0,147
270,23,1272.0,2975.0,6.0,6.0,1,143,0,144
270,24,1101.0,2981.0,5.0,3.0,1,138,0,141
270,25,1289.0,2969.0,10.0,8.0,1,139,0,139
270,26,1307.0,2976.0,9.0,6.0,1,130,0,135
271,0,1686.0,3137.0,18.0,6.0,1,272,0,272
271,1,878.0,2984.0,7.0,8.0,1,196,0,196
271,2,898.0,2984.0,8.0,7.0,1,192,0,192
271,3,957.0,2983.0,14.0,10.0,1,188,0,188
271,4,980.0,2987.0,8.0,5.0,1,178,0,188
271,5,933.0,2981.0,7.0,8.0,1,183,0,186
271,6,1011.0,2985.0,11.0,9.0,1,183,0,183
271,7,946.0,2989.0,11.0,5.0,1,181,0,181
271,8,1034.0,2983.0,9.0,5.0,1,176,0,178
271,9,1069.0,2979.0,10.0,7.0,1,174,0,175
271,10,1170.0,2979.0,7.0,7.0,1,173,0,174
271,11,1109.0,2975.0,8.0,6.0,1,173,0,173
271,13,1123.0,2977.0,7.0,6.0,1,168,0,169
271,14,1157.0,2975.0,7.0,8.0,1,166,0,168
271,16,1181.0,2976.0,6.0,6.0,1,161,0,164
271,17,1193.0,2979.0,7.0,7.0,1,163,0,163
271,18,1208.0,2984.0,8.0,5.0,1,155,0,161
271,19,1198.0,2978.0,6.0,8.0,1,155,0,158
271,20,1208.0,2972.0,9.0,7.0,1,151,0,154
271,21,1237.0,2975.0,5.0,5.0,1,152,0,152
271,22,1248.0,2970.0,6.0,7.0,1,148,0,148
271,23,1266.0,2973.0,6.0,8.0,1,144,0,145
271,24,1090.0,2980.0,8.0,5.0,1,139,0,142
271,25,1285.0,2972.0,8.0,7.0,1,140,0,140
271,26,1302.0,2974.0,9.0,8.0,1,131,0,136
272,0,1686.0,3134.0,18.0,7.0,1,273,0,273
272,1,869.0,2986.0,8.0,7.0,1,197,0,197
272,2,894.0,2984.0,7.0,8.0,1,193,0,193
272,3,949.0,2983.0,15.0,9.0,1,189,0,189
272,4,975.0,2984.0,7.0,7.0,1,179,0,189
272,5,928.0,2981.0,8.0,8.0,1,184,0,187
272,6,1002.0,2982.0,10.0,8.0,1,184,0,184
272,7,943.0,2984.0,9.0,9.0,1,182,0,182
272,8,1028.0,2983.0,9.0,5.0,1,177,0,179
272,9,1063.0,2979.0,8.0,7.0,1,175,0,176
272,10,1164.0,2976.0,7.0,7.0,1,174,0,175
272,11,1103.0,2976.0,10.0,8.0,1,174,0,174
272,13,1120.0,2976.0,5.0,5.0,1,169,0,170
272,14,1149.0,2976.0,7.0,7.0,1,167,0,169
272,16,1174.0,2975.0,6.0,5.0,1,162,0,165
272,17,1188.0,2982.0,6.0,6.0,1,164,0,164
272,18,1203.0,2980.0,6.0,8.0,1,156,0,162
272,19,1190.0,2977.0,8.0,6.0,1,156,0,159
272,20,1196.0,2969.0,13.0,9.0,1,152,0,155
272,21,1227.0,2975.0,9.0,7.0,1,153,0,153
272,22,1244.0,2975.0,5.0,5.0,1,149,0,149
272,23,1261.0,2970.0,5.0,7.0,1,145,0,146
272,24,1090.0,2979.0,5.0,6.0,1,140,0,143
272,25,1280.0,2971.0,8.0,7.0,1,141,0,141
272,26,1296.0,2972.0,7.0,7.0,1,132,0,137
273,0,1687.0,3132.0,19.0,7.0,1,274,0,274
273,1,866.0,2985.0,7.0,7.0,1,198,0,198
273,2,889.0,2986.0,9.0,7.0,1,194,0,194
273,3,942.0,2982.0,14.0,9.0,1,190,0,190
273,4,969.0,2987.0,8.0,7.0,1,180,0,190
273,5,923.0,2977.0,7.0,10.0,1,185,0,188
273,6,996.0,2985.0,9.0,6.0,1,185,0,185
273,7,934.0,2987.0,9.0,6.0,1,183,0,183
273,8,1022.0,2981.0,9.0,7.0,1,178,0,180
273,9,1063.0,2979.0,8.0,7.0,0,175,1,177
273,10,1157.0,2977.0,6.0,6.0,1,175,0,176
273,11,1095.0,2976.0,10.0,8.0,1,175,0,175
273,13,1113.0,2977.0,8.0,7.0,1,170,0,171
273,14,1140.0,2975.0,7.0,8.0,1,168,0,170
273,16,1167.0,2975.0,6.0,6.0,1,163,0,166
273,17,1179.0,2981.0,7.0,6.0,1,165,0,165
273,18,1195.0,2979.0,8.0,7.0,1,157,0,163
273,19,1186.0,2983.0,6.0,8.0,1,157,0,160
273,20,1195.0,2970.0,8.0,7.0,1,153,0,156
273,21,1224.0,2974.0,5.0,7.0,1,154,0,154
273,22,1239.0,2974.0,8.0,6.0,1,150,0,150
273,23,1255.0,2967.0,7.0,11.0,1,146,0,147
273,24,1081.0,2980.0,7.0,6.0,1,141,0,144
273,25,1271.0,2968.0,9.0,9.0,1,142,0,142
273,26,1290.0,2969.0,7.0,8.0,1,133,0,138
274,0,1688.0,3127.0,19.0,10.0,1,275,0,275
274,1,857.0,2985.0,8.0,7.0,1,199,0,199
274,2,881.0,2988.0,9.0,6.0,1,195,0,195
274,3,938.0,2982.0,14.0,9.0,1,191,0,191
274,4,962.0,2985.0,7.0,7.0,1,181,0,191
274,5,914.0,2982.0,6.0,9.0,1,186,0,189
274,6,992.0,2984.0,10.0,11.0,1,186,0,186
274,7,930.0,2984.0,7.0,9.0,1,184,0,184
274,8,1017.0,2979.0,7.0,10.0,1,179,0,181
274,9,1050.0,2981.0,7.0,7.0,1,176,0,178
274,10,1150.0,2975.0,7.0,6.0,1,176,0,177
274,11,1089.0,2976.0,9.0,8.0,1,176,0,176
274,13,1104.0,2977.0,9.0,6.0,1,171,0,172
274,14,1137.0,2974.0,8.0,8.0,1,169,0,171
274,16,1161.0,2974.0,6.0,6.0,1,164,0,167
274,17,1174.0,2979.0,6.0,7.0,1,166,0,166
274,18,1191.0,2981.0,6.0,5.0,1,158,0,164
274,19,1181.0,2978.0,7.0,6.0,1,158,0,161
274,20,1189.0,2969.0,9.0,7.0,1,154,0,157
274,21,1217.0,2968.0,8.0,8.0,1,155,0,155
274,22,1233.0,2972.0,8.0,5.0,1,151,0,151
274,23,1247.0,2973.0,9.0,9.0,1,147,0,148
274,24,1073.0,2978.0,6.0,6.0,1,142,0,145
274,25,1267.0,2970.0,9.0,7.0,1,143,0,143
274,26,1283.0,2972.0,11.0,5.0,1,134,0,139
275,0,1689.0,3126.0,19.0,9.0,1,276,0,276
275,1,852.0,2986.0,7.0,6.0,1,200,0,200
275,2,875.0,2986.0,8.0,6.0,1,196,0,196
275,3,933.0,2984.0,14.0,9.0,1,192,0,192
275,4,956.0,2987.0,7.0,7.0,1,182,0,192
275,5,906.0,2984.0,12.0,7.0,1,187,0,190
275,6,981.0,2984.0,11.0,6.0,1,187,0,187
275,7,922.0,2982.0,8.0,7.0,1,185,0,185
275,8,1008.0,2981.0,9.0,6.0,1,180,0,182
275,9,1041.0,2981.0,10.0,7.0,1,177,0,179
275,10,1147.0,2976.0,8.0,8.0,1,177,0,178
275,11,1084.0,2975.0,8.0,8.0,1,177,0,177
275,13,1099.0,2977.0,8.0,6.0,1,172,0,173
275,14,1131.0,2977.0,8.0,7.0,1,170,0,172
275,16,1155.0,2974.0,7.0,7.0,1,165,0,168
275,17,1169.0,2979.0,6.0,7.0,1,167,0,167
275,18,1184.0,2980.0,7.0,7.0,1,159,0,165
275,19,1173.0,2979.0,8.0,7.0,1,159,0,162
275,20,1182.0,2971.0,9.0,6.0,1,155,0,158
275,21,1210.0,2968.0,6.0,8.0,1,156,0,156
275,22,1225.0,2971.0,7.0,7.0,1,152,0,152
275,23,1241.0,2973.0,10.0,9.0,1,148,0,149
275,24,1067.0,2981.0,5.0,5.0,1,143,0,146
275,25,1262.0,2969.0,5.0,7.0,1,144,0,144
275,26,1276.0,2971.0,8.0,10.0,1,135,0,140
276,0,1691.0,3126.0,19.0,9.0,1,277,0,277
276,1,843.0,2983.0,9.0,9.0,1,201,0,201
276,2,866.0,2981.0,9.0,9.0,1,197,0,197
276,3,927.0,2981.0,14.0,9.0,1,193,0,193
276,4,948.0,2983.0,8.0,10.0,1,183,0,193
276,5,906.0,2981.0,6.0,7.0,1,188,0,191
276,6,973.0,2983.0,12.0,7.0,1,188,0,188
276,7,917.0,2986.0,7.0,7.0,1,186,0,186
276,8,1002.0,2985.0,10.0,10.0,1,181,0,183
276,9,1036.0,2979.0,7.0,8.0,1,178,0,180
276,10,1140.0,2976.0,7.0,7.0,1,178,0,179
276,11,1078.0,2977.0,9.0,8.0,1,178,0,178
276,13,1095.0,2976.0,7.0,5.0,1,173,0,174
276,14,1125.0,2974.0,6.0,8.0,1,171,0,173
276,16,1149.0,2974.0,6.0,6.0,1,166,0,169
276,17,1160.0,2978.0,6.0,5.0,1,168,0,168
276,18,1178.0,2979.0,7.0,5.0,1,160,0,166
276,19,1170.0,2976.0,6.0,6.0,1,160,0,163
276,20,1176.0,2970.0,9.0,8.0,1,156,0,159
276,21,1203.0,2970.0,8.0,11.0,1,157,0,157
276,22,1221.0,2972.0,6.0,6.0,1,153,0,153
276,23,1239.0,2969.0,8.0,8.0,1,149,0,150
276,24,1061.0,2979.0,6.0,5.0,1,144,0,147
276,25,1255.0,2971.0,9.0,6.0,1,145,0,145
276,26,1271.0,2969.0,8.0,7.0,1,136,0,141
277,0,1691.0,3121.0,21.0,10.0,1,278,0,278
277,1,836.0,2984.0,9.0,8.0,1,202,0,202
277,2,862.0,2985.0,7.0,6.0,1,198,0,198
277,3,919.0,2984.0,17.0,11.0,1,194,0,194
277,4,942.0,2986.0,11.0,7.0,1,184,0,194
277,5,898.0,2976.0,8.0,12.0,1,189,0,192
277,6,970.0,2987.0,10.0,5.0,1,189,0,189
277,7,908.0,2984.0,8.0,7.0,1,187,0,187
277,8,994.0,2983.0,13.0,6.0,1,182,0,184
277,9,1028.0,2979.0,9.0,7.0,1,179,0,181
277,10,1130.0,2975.0,9.0,7.0,1,179,0,180
277,11,1072.0,2977.0,9.0,7.0,1,179,0,179
277,13,1088.0,2975.0,9.0,8.0,1,174,0,175
277,14,1114.0,2973.0,9.0,7.0,1,172,0,174
277,16,1145.0,2971.0,7.0,8.0,1,167,0,170
277,17,1155.0,2979.0,7.0,6.0,1,169,0,169
277,18,1172.0,2979.0,7.0,7.0,1,161,0,167
277,19,1163.0,2979.0,6.0,8.0,1,161,0,164
277,20,1170.0,2970.0,11.0,6.0,1,157,0,160
277,21,1199.0,2969.0,9.0,5.0,1,158,0,158
277,22,1214.0,2973.0,7.0,8.0,1,154,0,154
277,23,1227.0,2967.0,10.0,7.0,1,150,0,151
277,24,1055.0,2978.0,5.0,4.0,1,145,0,148
277,25,1248.0,2972.0,9.0,7.0,1,146,0,146
277,26,1265.0,2970.0,11.0,9.0,1,137,0,142
278,0,1693.0,3122.0,19.0,7.0,1,279,0,279
278,1,832.0,2983.0,8.0,10.0,1,203,0,203
278,2,854.0,2988.0,7.0,4.0,1,199,0,199
278,3,911.0,2983.0,15.0,9.0,1,195,0,195
278,4,935.0,2986.0,10.0,7.0,1,185,0,195
278,5,898.0,2976.0,8.0,12.0,0,189,1,193
278,6,965.0,2986.0,8.0,6.0,1,190,0,190
278,7,902.0,2981.0,7.0,11.0,1,188,0,188
278,8,991.0,2984.0,7.0,6.0,1,183,0,185
278,9,1024.0,2980.0,9.0,6.0,1,180,0,182
278,10,1127.0,2976.0,6.0,6.0,1,180,0,181
278,11,1064.0,2976.0,9.0,8.0,1,180,0,180
278,13,1081.0,2974.0,7.0,8.0,1,175,0,176
278,14,1111.0,2975.0,9.0,8.0,1,173,0,175
278,16,1139.0,2973.0,8.0,7.0,1,168,0,171
278,17,1150.0,2979.0,7.0,6.0,1,170,0,170
278,18,1166.0,2980.0,8.0,5.0,1,162,0,168
278,19,1158.0,2978.0,7.0,5.0,1,162,0,165
278,20,1163.0,2970.0,9.0,7.0,1,158,0,161
278,21,1192.0,2969.0,9.0,8.0,1,159,0,159
278,22,1207.0,2973.0,9.0,7.0,1,155,0,155
278,23,1222.0,2969.0,11.0,7.0,1,151,0,152
278,24,1047.0,2979.0,6.0,5.0,1,146,0,149
278,25,1245.0,2969.0,8.0,6.0,1,147,0,147
278,26,1260.0,2969.0,10.0,8.0,1,138,0,143
279,0,1695.0,3120.0,18.0,9.0,1,280,0,280
279,1,824.0,2987.0,6.0,6.0,1,204,0,204
279,2,845.0,2986.0,10.0,8.0,1,200,0,200
279,3,906.0,2982.0,15.0,10.0,1,196,0,196
279,4,929.0,2983.0,10.0,8.0,1,186,0,196
279,5,882.0,2983.0,11.0,11.0,1,190,0,194
279,6,958.0,2988.0,9.0,6.0,1,191,0,191
279,7,902.0,2981.0,7.0,11.0,0,188,1,189
279,8,983.0,2982.0,10.0,5.0,1,184,0,186
279,9,1018.0,2982.0,8.0,7.0,1,181,0,183
279,10,1119.0,2976.0,7.0,7.0,1,181,0,182
279,11,1061.0,2975.0,9.0,6.0,1,181,0,181
279,13,1074.0,2974.0,8.0,8.0,1,176,0,177
279,14,1106.0,2975.0,9.0,7.0,1,174,0,176
279,16,1132.0,2975.0,7.0,6.0,1,169,0,172
279,17,1141.0,2979.0,7.0,6.0,1,171,0,171
279,18,1159.0,2980.0,7.0,6.0,1,163,0,169
279,19,1152.0,2975.0,9.0,7.0,1,163,0,166
279,20,1161.0,2974.0,7.0,6.0,1,159,0,162
279,21,1188.0,2971.0,8.0,5.0,1,160,0,160
279,22,1198.0,2965.0,9.0,10.0,1,156,0,156
279,23,1218.0,2968.0,11.0,8.0,1,152,0,153
279,24,1043.0,2979.0,5.0,5.0,1,147,0,150
279,25,1237.0,2969.0,9.0,7.0,1,148,0,148
279,26,1253.0,2971.0,9.0,7.0,1,139,0,144
280,0,1695.0,3117.0,19.0,6.0,1,281,0,281
280,1,818.0,2982.0,7.0,8.0,1,205,0,205
280,2,843.0,2982.0,7.0,7.0,1,201,0,201
280,3,898.0,2982.0,14.0,8.0,1,197,0,197
280,4,922.0,2983.0,9.0,11.0,1,187,0,197
280,5,876.0,2982.0,10.0,7.0,1,191,0,195
280,6,949.0,2983.0,10.0,7.0,1,192,0,192
280,7,889.0,2986.0,7.0,7.0,1,189,0,190
280,8,977.0,2984.0,9.0,7.0,1,185,0,187
280,9,1010.0,2978.0,11.0,9.0,1,182,0,184
280,10,1115.0,2974.0,6.0,7.0,1,182,0,183
280,11,1052.0,2979.0,10.0,6.0,1,182,0,182
280,13,1068.0,2975.0,8.0,6.0,1,177,0,178
280,14,1099.0,2975.0,10.0,7.0,1,175,0,177
280,16,1124.0,2974.0,8.0,6.0,1,170,0,173
280,17,1137.0,2975.0,7.0,9.0,1,172,0,172
280,18,1154.0,2979.0,8.0,7.0,1,164,0,170
280,19,1147.0,2975.0,8.0,7.0,1,164,0,167
280,20,1154.0,2968.0,8.0,9.0,1,160,0,163
280,21,1183.0,2972.0,7.0,7.0,1,161,0,161
280,22,1195.0,2971.0,7.0,9.0,1,157,0,157
280,23,1213.0,2967.0,8.0,9.0,1,153,0,154
280,24,1036.0,2982.0,7.0,4.0,1,148,0,151
280,25,1233.0,2971.0,9.0,6.0,1,149,0,149
280,26,1249.0,2967.0,7.0,9.0,1,140,0,145
281,0,1695.0,3117.0,18.0,6.0,1,282,0,282
281,1,808.0,2982.0,9.0,9.0,1,206,0,206
281,2,832.0,2983.0,12.0,7.0,1,202,0,202
281,3,891.0,2983.0,15.0,8.0,1,198,0,198
281,4,915.0,2984.0,10.0,7.0,1,188,0,198
281,5,872.0,2983.0,11.0,8.0,1,192,0,196
281,6,947.0,2985.0,8.0,4.0,1,193,0,193
281,7,882.0,2988.0,10.0,6.0,1,190,0,191
281,8,971.0,2983.0,8.0,6.0,1,186,0,188
281,9,1004.0,2981.0,11.0,6.0,1,183,0,185
281,10,1109.0,2975.0,6.0,6.0,1,183,0,184
281,11,1048.0,2978.0,9.0,7.0,1,183,0,183
281,13,1060.0,2976.0,8.0,8.0,1,178,0,179
281,14,1091.0,2971.0,13.0,8.0,1,176,0,178
281,16,1120.0,2972.0,7.0,8.0,1,171,0,174
281,17,1130.0,2979.0,5.0,6.0,1,173,0,173
281,18,1151.0,2976.0,6.0,6.0,1,165,0,171
281,19,1138.0,2977.0,8.0,7.0,1,165,0,168
281,20,1147.0,2971.0,8.0,8.0,1,161,0,164
281,21,1175.0,2968.0,9.0,7.0,1,162,0,162
281,22,1191.0,2974.0,8.0,6.0,1,158,0,158
281,23,1208.0,2968.0,9.0,8.0,1,154,0,155
281,24,1028.0,2982.0,7.0,3.0,1,149,0,152
281,25,1227.0,2970.0,8.0,6.0,1,150,0,150
281,26,1245.0,2968.0,6.0,8.0,1,141,0,146
282,0,1698.0,3118.0,21.0,7.0,1,283,0,283
282,1,803.0,2983.0,8.0,8.0,1,207,0,207
282,2,827.0,2984.0,11.0,8.0,1,203,0,203
282,3,883.0,2982.0,18.0,10.0,1,199,0,199
282,4,908.0,2987.0,8.0,6.0,1,189,0,199
282,5,870.0,2983.0,5.0,8.0,1,193,0,197
282,6,940.0,2986.0,7.0,5.0,1,194,0,194
282,7,877.0,2985.0,7.0,7.0,1,191,0,192
282,8,967.0,2984.0,11.0,7.0,1,187,0,189
282,9,996.0,2981.0,12.0,7.0,1,184,0,186
282,10,1102.0,2975.0,6.0,7.0,1,184,0,185
282,11,1040.0,2976.0,10.0,9.0,1,184,0,184
282,13,1058.0,2976.0,7.0,8.0,1,179,0,180
282,14,1082.0,2971.0,12.0,8.0,1,177,0,179
282,16,1116.0,2973.0,7.0,7.0,1,172,0,175
282,17,1127.0,2978.0,6.0,6.0,1,174,0,174
282,18,1151.0,2976.0,6.0,6.0,0,165,1,172
282,19,1134.0,2977.0,8.0,7.0,1,166,0,169
282,20,1143.0,2969.0,10.0,7.0,1,162,0,165
282,21,1168.0,2967.0,7.0,8.0,1,163,0,163
282,22,1184.0,2969.0,8.0,8.0,1,159,0,159
282,23,1202.0,2967.0,7.0,7.0,1,155,0,156
282,24,1021.0,2980.0,8.0,5.0,1,150,0,153
282,25,1220.0,2966.0,8.0,6.0,1,151,0,151
282,26,1238.0,2967.0,7.0,9.0,1,142,0,147
283,0,1698.0,3115.0,19.0,8.0,1,284,0,284
283,1,798.0,2986.0,9.0,8.0,1,208,0,208
283,2,821.0,2983.0,12.0,8.0,1,204,0,204
283,3,880.0,2985.0,14.0,8.0,1,200,0,200
283,4,904.0,2986.0,8.0,7.0,1,190,0,200
283,5,859.0,2987.0,9.0,7.0,1,194,0,198
283,6,935.0,2986.0,7.0,5.0,1,195,0,195
283,7,872.0,2986.0,8.0,7.0,1,192,0,193
283,8,960.0,2986.0,9.0,4.0,1,188,0,190
283,9,990.0,2983.0,12.0,5.0,1,185,0,187
283,10,1095.0,2977.0,6.0,6.0,1,185,0,186
283,11,1034.0,2976.0,9.0,8.0,1,185,0,185
283,13,1051.0,2973.0,5.0,10.0,1,180,0,181
283,14,1077.0,2974.0,11.0,8.0,1,178,0,180
283,16,1107.0,2976.0,6.0,6.0,1,173,0,176
283,17,1120.0,2976.0,6.0,6.0,1,175,0,175
283,18,1136.0,2977.0,9.0,7.0,1,166,0,173
283,19,1127.0,2975.0,7.0,7.0,1,167,0,170
283,20,1136.0,2970.0,9.0,6.0,1,163,0,166
283,21,1165.0,2966.0,9.0,10.0,1,164,0,164
283,22,1176.0,2967.0,7.0,7.0,1,160,0,160
283,23,1196.0,2969.0,7.0,9.0,1,156,0,157
283,24,1019.0,2980.0,5.0,5.0,1,151,0,154
283,25,1213.0,2967.0,8.0,6.0,1,152,0,152
283,26,1234.0,2970.0,8.0,7.0,1,143,0,148
284,0,1699.0,3114.0,20.0,8.0,1,285,0,285
284,1,791.0,2982.0,9.0,8.0,1,209,0,209
284,2,813.0,2982.0,11.0,6.0,1,205,0,205
284,3,878.0,2984.0,8.0,8.0,1,201,0,201
284,4,897.0,2984.0,9.0,8.0,1,191,0,201
284,5,853.0,2984.0,8.0,9.0,1,195,0,199
284,6,926.0,2985.0,9.0,8.0,1,196,0,196
284,7,866.0,2986.0,14.0,6.0,1,193,0,194
284,8,952.0,2985.0,9.0,6.0,1,189,0,191
284,9,985.0,2983.0,10.0,8.0,1,186,0,188
284,10,1091.0,2972.0,7.0,7.0,1,186,0,187
284,11,1029.0,2979.0,10.0,9.0,1,186,0,186
284,13,1044.0,2975.0,8.0,8.0,1,181,0,182
284,14,1074.0,2977.0,9.0,6.0,1,179,0,181
284,16,1101.0,2975.0,8.0,6.0,1,174,0,177
284,17,1112.0,2977.0,6.0,8.0,1,176,0,176
284,18,1130.0,2979.0,6.0,6.0,1,167,0,174
284,19,1123.0,2975.0,7.0,7.0,1,168,0,171
284,20,1130.0,2969.0,8.0,7.0,1,164,0,167
284,21,1157.0,2969.0,9.0,6.0,1,165,0,165
284,22,1172.0,2970.0,8.0,8.0,1,161,0,161
284,23,1193.0,2968.0,8.0,8.0,1,157,0,158
284,24,1010.0,2982.0,8.0,5.0,1,152,0,155
284,25,1207.0,2969.0,9.0,6.0,1,153,0,153
284,26,1227.0,2968.0,8.0,9.0,1,144,0,149
285,0,1700.0,3111.0,20.0,9.0,1,286,0,286
285,1,783.0,2981.0,9.0,9.0,1,210,0,210
285,2,808.0,2984.0,7.0,5.0,1,206,0,206
285,3,876.0,2985.0,8.0,8.0,1,202,0,202
285,4,897.0,2984.0,9.0,8.0,0,191,1,202
285,5,847.0,2983.0,10.0,8.0,1,196,0,200
285,6,920.0,2986.0,9.0,5.0,1,197,0,197
285,7,859.0,2985.0,13.0,9.0,1,194,0,195
285,8,947.0,2984.0,8.0,6.0,1,190,0,192
285,9,985.0,2983.0,10.0,8.0,0,186,1,189
285,10,1084.0,2971.0,7.0,8.0,1,187,0,188
285,11,1023.0,2978.0,9.0,8.0,1,187,0,187
285,13,1038.0,2979.0,7.0,7.0,1,182,0,183
285,14,1064.0,2974.0,11.0,8.0,1,180,0,182
285,16,1096.0,2973.0,6.0,9.0,1,175,0,178
285,17,1107.0,2977.0,5.0,7.0,1,177,0,177
285,18,1125.0,2977.0,8.0,7.0,1,168,0,175
285,19,1115.0,2978.0,7.0,7.0,1,169,0,172
285,20,1126.0,2967.0,8.0,7.0,1,165,0,168
285,21,1153.0,2969.0,8.0,6.0,1,166,0,166
285,22,1164.0,2968.0,10.0,9.0,1,162,0,162
285,23,1186.0,2966.0,7.0,8.0,1,158,0,159
285,24,1008.0,2981.0,5.0,4.0,1,153,0,156
285,25,1203.0,2968.0,10.0,6.0,1,154,0,154
285,26,1220.0,2968.0,8.0,7.0,1,145,0,150
286,0,1703.0,3111.0,19.0,9.0,1,287,0,287
286,1,777.0,2982.0,9.0,8.0,1,211,0,211
286,2,802.0,2984.0,8.0,9.0,1,207,0,207
286,3,868.0,2984.0,7.0,9.0,1,203,0,203
286,4,884.0,2985.0,7.0,7.0,1,192,0,203
286,5,843.0,2983.0,7.0,9.0,1,197,0,201
286,6,912.0,2986.0,10.0,7.0,1,198,0,198
286,7,854.0,2983.0,11.0,10.0,1,195,0,196
286,8,939.0,2982.0,11.0,7.0,1,191,0,193
286,9,973.0,2985.0,11.0,8.0,1,187,0,190
286,10,1078.0,2976.0,5.0,6.0,1,188,0,189
286,11,1016.0,2977.0,9.0,7.0,1,188,0,188
286,13,1035.0,2979.0,5.0,5.0,1,183,0,184
286,14,1063.0,2976.0,9.0,7.0,1,181,0,183
286,16,1089.0,2974.0,7.0,6.0,1,176,0,179
286,17,1100.0,2976.0,8.0,8.0,1,178,0,178
286,18,1119.0,2980.0,8.0,7.0,1,169,0,176
286,19,1108.0,2976.0,7.0,7.0,1,170,0,173
286,20,1119.0,2968.0,8.0,7.0,1,166,0,169
286,21,1153.0,2969.0,8.0,6.0,0,166,1,167
286,22,1159.0,2967.0,9.0,6.0,1,163,0,163
286,23,1181.0,2966.0,6.0,8.0,1,159,0,160
286,24,999.0,2979.0,6.0,5.0,1,154,0,157
286,25,1197.0,2966.0,8.0,7.0,1,155,0,155
286,26,1212.0,2967.0,8.0,6.0,1,146,0,151
287,0,1704.0,3108.0,19.0,9.0,1,288,0,288
287,1,769.0,2983.0,10.0,10.0,1,212,0,212
287,2,794.0,2982.0,9.0,9.0,1,208,0,208
287,3,862.0,2982.0,8.0,12.0,1,204,0,204
287,4,879.0,2985.0,7.0,7.0,1,193,0,204
287,5,837.0,2984.0,8.0,8.0,1,198,0,202
287,6,906.0,2987.0,8.0,5.0,1,199,0,199
287,7,847.0,2984.0,13.0,9.0,1,196,0,197
287,8,931.0,2985.0,10.0,5.0,1,192,0,194
287,9,970.0,2982.0,8.0,5.0,1,188,0,191
287,10,1074.0,2975.0,6.0,6.0,1,189,0,190
287,11,1009.0,2978.0,8.0,6.0,1,189,0,189
287,13,1028.0,2971.0,6.0,10.0,1,184,0,185
287,14,1054.0,2976.0,8.0,5.0,1,182,0,184
287,16,1083.0,2976.0,6.0,6.0,1,177,0,180
287,17,1096.0,2972.0,7.0,8.0,1,179,0,179
287,18,1114.0,2979.0,6.0,7.0,1,170,0,177
287,19,1103.0,2974.0,8.0,8.0,1,171,0,174
287,20,1113.0,2971.0,7.0,6.0,1,167,0,170
287,21,1138.0,2970.0,10.0,6.0,1,167,0,168
287,22,1155.0,2969.0,10.0,6.0,1,164,0,164
287,23,1176.0,2969.0,7.0,7.0,1,160,0,161
287,24,992.0,2983.0,5.0,2.0,1,155,0,158
287,25,1191.0,2965.0,10.0,8.0,1,156,0,156
287,26,1210.0,2967.0,9.0,7.0,1,147,0,152
288,0,1705.0,3108.0,20.0,9.0,1,289,0,289
288,1,767.0,2984.0,8.0,6.0,1,213,0,213
288,2,791.0,2980.0,8.0,11.0,1,209,0,209
288,3,854.0,2982.0,7.0,9.0,1,205,0,205
288,4,871.0,2983.0,8.0,10.0,1,194,0,205
288,5,829.0,2983.0,7.0,7.0,1,199,0,203
288,6,899.0,2983.0,9.0,8.0,1,200,0,200
288,7,835.0,2983.0,16.0,9.0,1,197,0,198
288,8,927.0,2984.0,7.0,8.0,1,193,0,195
288,9,961.0,2981.0,10.0,8.0,1,189,0,192
288,10,1066.0,2975.0,7.0,5.0,1,190,0,191
288,11,1000.0,2980.0,13.0,8.0,1,190,0,190
288,13,1022.0,2975.0,7.0,9.0,1,185,0,186
288,14,1045.0,2971.0,12.0,10.0,1,183,0,185
288,16,1077.0,2974.0,6.0,5.0,1,178,0,181
288,17,1087.0,2975.0,9.0,5.0,1,180,0,180
288,18,1107.0,2976.0,6.0,8.0,1,171,0,178
288,19,1097.0,2977.0,8.0,8.0,1,172,0,175
288,20,1106.0,2968.0,9.0,9.0,1,168,0,171
288,21,1134.0,2967.0,5.0,5.0,1,168,0,169
288,22,1150.0,2971.0,9.0,7.0,1,165,0,165
288,23,1167.0,2965.0,8.0,6.0,1,161,0,162
288,24,983.0,2981.0,8.0,6.0,1,156,0,159
288,25,1182.0,2967.0,9.0,6.0,1,157,0,157
288,26,1201.0,2967.0,8.0,10.0,1,148,0,153
289,0,1704.0,3108.0,19.0,9.0,1,290,0,290
289,1,758.0,2979.0,10.0,9.0,1,214,0,214
289,2,782.0,2982.0,10.0,6.0,1,210,0,210
289,3,846.0,2985.0,9.0,6.0,1,206,0,206
289,4,865.0,2983.0,8.0,11.0,1,195,0,206
289,5,823.0,2983.0,8.0,9.0,1,200,0,204
289,6,894.0,2983.0,10.0,9.0,1,201,0,201
289,7,837.0,2979.0,9.0,10.0,1,198,0,199
289,8,919.0,2984.0,9.0,6.0,1,194,0,196
289,9,961.0,2981.0,10.0,8.0,0,189,1,193
289,10,1059.0,2972.0,7.0,9.0,1,191,0,192
289,11,996.0,2978.0,11.0,6.0,1,191,0,191
289,13,1013.0,2977.0,9.0,7.0,1,186,0,187
289,14,1043.0,2969.0,9.0,9.0,1,184,0,186
289,16,1070.0,2973.0,8.0,9.0,1,179,0,182
289,17,1083.0,2975.0,5.0,5.0,1,181,0,181
289,18,1101.0,2976.0,7.0,7.0,1,172,0,179
289,19,1093.0,2975.0,8.0,7.0,1,173,0,176
289,20,1100.0,2964.0,9.0,10.0,1,169,0,172
289,21,1129.0,2967.0,5.0,5.0,1,169,0,170
289,22,1142.0,2971.0,9.0,5.0,1,166,0,166
289,23,1162.0,2960.0,8.0,10.0,1,162,0,163
289,24,977.0,2980.0,7.0,6.0,1,157,0,160
289,25,1181.0,2966.0,8.0,8.0,1,158,0,158
289,26,1197.0,2968.0,8.0,9.0,1,149,0,154
290,0,1705.0,3107.0,21.0,10.0,1,291,0,291
290,1,753.0,2980.0,9.0,8.0,1,215,0,215
290,2,776.0,2982.0,8.0,9.0,1,211,0,211
290,3,843.0,2983.0,6.0,8.0,1,207,0,207
290,4,858.0,2986.0,8.0,8.0,1,196,0,207
290,5,819.0,2983.0,8.0,10.0,1,201,0,205
290,6,885.0,2983.0,11.0,9.0,1,202,0,202
290,7,828.0,2981.0,12.0,9.0,1,199,0,200
290,8,913.0,2984.0,7.0,5.0,1,195,0,197
290,9,947.0,2984.0,11.0,9.0,1,190,0,194
290,10,1053.0,2973.0,7.0,6.0,1,192,0,193
290,11,991.0,2975.0,9.0,7.0,1,192,0,192
290,13,1005.0,2976.0,10.0,6.0,1,187,0,188
290,14,1036.0,2972.0,11.0,7.0,1,185,0,187
290,16,1067.0,2972.0,8.0,6.0,1,180,0,183
290,17,1075.0,2976.0,7.0,8.0,1,182,0,182
290,18,1095.0,2979.0,7.0,6.0,1,173,0,180
290,19,1087.0,2975.0,6.0,6.0,1,174,0,177
290,20,1093.0,2969.0,9.0,9.0,1,170,0,173
290,21,1129.0,2967.0,5.0,5.0,0,169,1,171
290,22,1139.0,2967.0,9.0,7.0,1,167,0,167
290,23,1157.0,2967.0,8.0,7.0,1,163,0,164
290,24,973.0,2980.0,8.0,7.0,1,158,0,161
290,25,1174.0,2963.0,7.0,10.0,1,159,0,159
290,26,1190.0,2964.0,8.0,10.0,1,150,0,155
291,0,1706.0,3106.0,21.0,11.0,1,292,0,292
291,1,746.0,2982.0,7.0,8.0,1,216,0,216
291,2,771.0,2984.0,10.0,5.0,1,212,0,212
291,3,835.0,2979.0,8.0,11.0,1,208,0,208
291,4,856.0,2985.0,4.0,7.0,1,197,0,208
291,5,811.0,2982.0,7.0,10.0,1,202,0,206
291,6,878.0,2982.0,12.0,9.0,1,203,0,203
291,7,821.0,2983.0,11.0,7.0,1,200,0,201
291,8,907.0,2982.0,9.0,7.0,1,196,0,198
291,9,943.0,2984.0,8.0,7.0,1,191,0,195
291,10,1048.0,2974.0,7.0,8.0,1,193,0,194
291,11,986.0,2979.0,8.0,7.0,1,193,0,193
291,13,999.0,2975.0,8.0,7.0,1,188,0,189
291,14,1031.0,2976.0,10.0,10.0,1,186,0,188
291,16,1057.0,2974.0,7.0,9.0,1,181,0,184
291,17,1071.0,2975.0,5.0,8.0,1,183,0,183
291,18,1089.0,2977.0,7.0,6.0,1,174,0,181
291,19,1078.0,2974.0,8.0,7.0,1,175,0,178
291,20,1092.0,2966.0,8.0,8.0,1,171,0,174
291,21,1118.0,2968.0,7.0,8.0,1,170,0,172
291,22,1132.0,2967.0,9.0,6.0,1,168,0,168
291,23,1149.0,2968.0,8.0,8.0,1,164,0,165
291,24,965.0,2985.0,9.0,3.0,1,159,0,162
291,25,1167.0,2963.0,8.0,8.0,1,160,0,160
291,26,1190.0,2964.0,8.0,10.0,0,150,1,156
292,0,1709.0,3107.0,20.0,10.0,1,293,0,293
292,1,746.0,2982.0,7.0,8.0,0,216,1,217
292,2,762.0,2981.0,8.0,9.0,1,213,0,213
292,3,829.0,2981.0,7.0,9.0,1,209,0,209
292,4,844.0,2979.0,6.0,12.0,1,198,0,209
292,5,806.0,2981.0,7.0,11.0,1,203,0,207
292,6,873.0,2983.0,7.0,8.0,1,204,0,204
292,7,814.0,2982.0,11.0,10.0,1,201,0,202
292,8,900.0,2984.0,8.0,9.0,1,197,0,199
292,9,936.0,2982.0,9.0,8.0,1,192,0,196
292,10,1039.0,2970.0,7.0,10.0,1,194,0,195
292,11,977.0,2980.0,10.0,7.0,1,194,0,194
292,13,995.0,2980.0,9.0,5.0,1,189,0,190
292,14,1022.0,2969.0,11.0,10.0,1,187,0,189
292,16,1055.0,2978.0,10.0,6.0,1,182,0,185
292,17,1063.0,2972.0,7.0,10.0,1,184,0,184
292,18,1083.0,2975.0,7.0,8.0,1,175,0,182
292,19,1075.0,2978.0,6.0,6.0,1,176,0,179
292,20,1085.0,2967.0,10.0,7.0,1,172,0,175
292,21,1111.0,2965.0,9.0,5.0,1,171,0,173
292,22,1127.0,2969.0,8.0,9.0,1,169,0,169
292,23,1143.0,2967.0,9.0,5.0,1,165,0,166
292,24,959.0,2983.0,8.0,6.0,1,160,0,163
292,25,1162.0,2967.0,8.0,6.0,1,161,0,161
292,26,1181.0,2967.0,8.0,9.0,1,151,0,157
293,0,1706.0,3105.0,20.0,11.0,1,294,0,294
293,1,746.0,2982.0,7.0,8.0,0,216,2,218
293,2,758.0,2983.0,8.0,5.0,1,214,0,214
293,3,825.0,2983.0,7.0,9.0,1,210,0,210
293,4,839.0,2986.0,9.0,7.0,1,199,0,210
293,5,799.0,2984.0,9.0,10.0,1,204,0,208
293,6,868.0,2987.0,8.0,7.0,1,205,0,205
293,7,810.0,2982.0,10.0,9.0,1,202,0,203
293,8,896.0,2984.0,9.0,5.0,1,198,0,200
293,9,927.0,2983.0,9.0,7.0,1,193,0,197
293,10,1033.0,2971.0,8.0,11.0,1,195,0,196
293,11,974.0,2980.0,9.0,9.0,1,195,0,195
293,13,986.0,2978.0,9.0,5.0,1,190,0,191
293,14,1015.0,2971.0,11.0,9.0,1,188,0,190
293,16,1047.0,2971.0,7.0,7.0,1,183,0,186
293,17,1057.0,2975.0,7.0,6.0,1,185,0,185
293,18,1075.0,2977.0,8.0,7.0,1,176,0,183
293,19,1066.0,2977.0,6.0,6.0,1,177,0,180
293,20,1078.0,2964.0,11.0,9.0,1,173,0,176
293,21,1105.0,2967.0,10.0,6.0,1,172,0,174
293,22,1122.0,2971.0,8.0,5.0,1,170,0,170
293,23,1137.0,2961.0,10.0,10.0,1,166,0,167
293,24,951.0,2982.0,8.0,6.0,1,161,0,164
293,25,1155.0,2969.0,9.0,6.0,1,162,0,162
293,26,1174.0,2965.0,9.0,9.0,1,152,0,158
294,0,1708.0,3107.0,20.0,10.0,1,295,0,295
294,1,746.0,2982.0,7.0,8.0,0,216,3,219
294,2,748.0,2982.0,8.0,7.0,1,215,0,215
294,3,823.0,2984.0,7.0,8.0,1,211,0,211
294,4,835.0,2985.0,7.0,8.0,1,200,0,211
294,5,790.0,2986.0,11.0,8.0,1,205,0,209
294,6,863.0,2985.0,7.0,7.0,1,206,0,206
294,7,803.0,2981.0,9.0,8.0,1,203,0,204
294,8,886.0,2977.0,9.0,10.0,1,199,0,201
294,9,923.0,2984.0,8.0,6.0,1,194,0,198
294,10,1029.0,2975.0,7.0,8.0,1,196,0,197
294,11,966.0,2979.0,11.0,8.0,1,196,0,196
294,13,983.0,2978.0,8.0,6.0,1,191,0,192
294,14,1009.0,2976.0,13.0,8.0,1,189,0,191
294,16,1043.0,2975.0,7.0,7.0,1,184,0,187
294,17,1052.0,2975.0,9.0,11.0,1,186,0,186
294,18,1072.0,2979.0,6.0,7.0,1,177,0,184
294,19,1062.0,2976.0,6.0,7.0,1,178,0,181
294,20,1072.0,2963.0,10.0,8.0,1,174,0,177
294,21,1097.0,2966.0,10.0,9.0,1,173,0,175
294,22,1114.0,2970.0,10.0,5.0,1,171,0,171
294,23,1135.0,2965.0,7.0,10.0,1,167,0,168
294,24,947.0,2979.0,7.0,7.0,1,162,0,165
294,25,1153.0,2963.0,7.0,9.0,1,163,0,163
294,26,1169.0,2966.0,8.0,8.0,1,153,0,159
295,0,1707.0,3106.0,20.0,11.0,1,296,0,296
295,1,723.0,2981.0,6.0,7.0,1,217,0,220
295,2,747.0,2980.0,7.0,7.0,1,216,0,216
295,3,810.0,2979.0,7.0,8.0,1,212,0,212
295,4,828.0,2982.0,6.0,8.0,1,201,0,212
295,5,787.0,2986.0,9.0,7.0,1,206,0,210
295,6,854.0,2981.0,9.0,8.0,1,207,0,207
295,7,794.0,2984.0,9.0,6.0,1,204,0,205
295,8,879.0,2981.0,8.0,9.0,1,200,0,202
295,9,915.0,2981.0,8.0,7.0,1,195,0,199
295,10,1023.0,2976.0,7.0,10.0,1,197,0,198
295,11,960.0,2981.0,9.0,7.0,1,197,0,197
295,13,976.0,2975.0,7.0,9.0,1,192,0,193
295,14,1005.0,2973.0,12.0,11.0,1,190,0,192
295,16,1030.0,2975.0,10.0,9.0,1,185,0,188
295,17,1045.0,2974.0,9.0,8.0,1,187,0,187
295,18,1065.0,2980.0,9.0,6.0,1,178,0,185
295,19,1055.0,2974.0,8.0,8.0,1,179,0,182
295,20,1067.0,2967.0,8.0,10.0,1,175,0,178
295,21,1093.0,2967.0,9.0,9.0,1,174,0,176
295,22,1108.0,2967.0,6.0,6.0,1,172,0,172
295,23,1128.0,2966.0,8.0,8.0,1,168,0,169
295,24,947.0,2979.0,7.0,7.0,0,162,1,166
295,25,1147.0,2964.0,8.0,8.0,1,164,0,164
295,26,1161.0,2962.0,8.0,11.0,1,154,0,160
296,0,1707.0,3104.0,20.0,12.0,1,297,0,297
296,1,715.0,2980.0,6.0,5.0,1,218,0,221
296,2,737.0,2978.0,7.0,10.0,1,217,0,217
296,3,805.0,2984.0,8.0,6.0,1,213,0,213
296,4,821.0,2978.0,8.0,13.0,1,202,0,213
296,5,778.0,2982.0,10.0,9.0,1,207,0,211
296,6,847.0,2983.0,9.0,9.0,1,208,0,208
296,7,790.0,2983.0,10.0,9.0,1,205,0,206
296,8,872.0,2982.0,12.0,9.0,1,201,0,203
296,9,910.0,2978.0,9.0,9.0,1,196,0,200
296,10,1014.0,2974.0,10.0,6.0,1,198,0,199
296,11,952.0,2981.0,11.0,8.0,1,198,0,198
296,13,976.0,2975.0,7.0,9.0,0,192,1,194
296,14,1001.0,2971.0,8.0,8.0,1,191,0,193
296,16,1030.0,2975.0,9.0,8.0,1,186,0,189
296,17,1039.0,2971.0,9.0,12.0,1,188,0,188
296,18,1059.0,2978.0,6.0,5.0,1,179,0,186
296,19,1048.0,2978.0,10.0,7.0,1,180,0,183
296,20,1060.0,2965.0,8.0,7.0,1,176,0,179
296,21,1086.0,2969.0,11.0,6.0,1,175,0,177
296,22,1102.0,2969.0,10.0,8.0,1,173,0,173
296,23,1122.0,2964.0,7.0,8.0,1,169,0,170
296,24,937.0,2984.0,6.0,6.0,1,163,0,167
296,25,1142.0,2966.0,8.0,7.0,1,165,0,165
296,26,1158.0,2966.0,7.0,7.0,1,155,0,161
297,0,1707.0,3104.0,22.0,12.0,1,298,0,298
297,1,704.0,2976.0,12.0,9.0,1,219,0,222
297,2,737.0,2978.0,7.0,10.0,0,217,1,218
297,3,797.0,2981.0,9.0,6.0,1,214,0,214
297,4,816.0,2981.0,8.0,8.0,1,203,0,214
297,5,773.0,2985.0,7.0,5.0,1,208,0,212
297,6,840.0,2983.0,9.0,9.0,1,209,0,209
297,7,782.0,2981.0,10.0,7.0,1,206,0,207
297,8,870.0,2979.0,7.0,10.0,1,202,0,204
297,9,899.0,2983.0,11.0,8.0,1,197,0,201
297,10,1009.0,2971.0,11.0,9.0,1,199,0,200
297,11,949.0,2981.0,7.0,6.0,1,199,0,199
297,13,964.0,2981.0,9.0,5.0,1,193,0,195
297,14,992.0,2972.0,12.0,10.0,1,192,0,194
297,16,1021.0,2972.0,8.0,8.0,1,187,0,190
297,17,1034.0,2974.0,6.0,8.0,1,189,0,189
297,18,1054.0,2976.0,7.0,6.0,1,180,0,187
297,19,1044.0,2976.0,8.0,8.0,1,181,0,184
297,20,1055.0,2964.0,10.0,9.0,1,177,0,180
297,21,1084.0,2965.0,7.0,6.0,1,176,0,178
297,22,1096.0,2965.0,9.0,6.0,1,174,0,174
297,23,1117.0,2960.0,6.0,11.0,1,170,0,171
297,24,928.0,2982.0,8.0,5.0,1,164,0,168
297,25,1134.0,2966.0,9.0,5.0,1,166,0,166
297,26,1151.0,2969.0,9.0,9.0,1,156,0,162
298,0,1705.0,3104.0,22.0,13.0,1,299,0,299
298,1,702.0,2980.0,7.0,5.0,1,220,0,223
298,2,737.0,2978.0,7.0,10.0,0,217,2,219
298,3,791.0,2982.0,11.0,6.0,1,215,0,215
298,4,809.0,2984.0,7.0,8.0,1,204,0,215
298,5,766.0,2985.0,8.0,10.0,1,209,0,213
298,6,837.0,2980.0,10.0,11.0,1,210,0,210
298,7,775.0,2982.0,11.0,8.0,1,207,0,208
298,8,863.0,2980.0,9.0,10.0,1,203,0,205
298,9,895.0,2987.0,9.0,7.0,1,198,0,202
298,10,1005.0,2975.0,7.0,10.0,1,200,0,201
298,11,943.0,2980.0,9.0,6.0,1,200,0,200
298,13,958.0,2981.0,7.0,6.0,1,194,0,196
298,14,988.0,2973.0,11.0,12.0,1,193,0,195
298,16,1014.0,2974.0,11.0,8.0,1,188,0,191
298,17,1027.0,2975.0,8.0,11.0,1,190,0,190
298,18,1047.0,2979.0,8.0,8.0,1,181,0,188
298,19,1038.0,2976.0,9.0,6.0,1,182,0,185
298,20,1051.0,2965.0,9.0,8.0,1,178,0,181
298,21,1078.0,2968.0,7.0,8.0,1,177,0,179
298,22,1093.0,2967.0,7.0,5.0,1,175,0,175
298,23,1109.0,2965.0,10.0,6.0,1,171,0,172
298,24,922.0,2982.0,5.0,6.0,1,165,0,169
298,25,1130.0,2964.0,8.0,9.0,1,167,0,167
298,26,1146.0,2967.0,8.0,6.0,1,157,0,163
299,0,1707.0,3105.0,21.0,11.0,1,300,0,300
299,1,691.0,2977.0,13.0,11.0,1,221,0,224
299,2,718.0,2979.0,8.0,5.0,1,218,0,220
299,3,785.0,2980.0,11.0,8.0,1,216,0,216
299,4,803.0,2984.0,10.0,6.0,1,205,0,216
299,5,762.0,2987.0,8.0,6.0,1,210,0,214
299,6,829.0,2981.0,10.0,10.0,1,211,0,211
299,7,770.0,2982.0,11.0,6.0,1,208,0,209
299,8,854.0,2983.0,12.0,9.0,1,204,0,206
299,9,890.0,2979.0,8.0,8.0,1,199,0,203
299,10,998.0,2975.0,8.0,10.0,1,201,0,202
299,11,938.0,2984.0,9.0,5.0,1,201,0,201
299,13,954.0,2977.0,7.0,7.0,1,195,0,197
299,14,980.0,2977.0,9.0,10.0,1,194,0,196
299,16,1012.0,2976.0,8.0,9.0,1,189,0,192
299,17,1021.0,2974.0,10.0,7.0,1,191,0,191
299,18,1040.0,2978.0,8.0,9.0,1,182,0,189
299,19,1030.0,2974.0,9.0,9.0,1,183,0,186
299,20,1040.0,2967.0,11.0,8.0,1,179,0,182
299,21,1072.0,2966.0,8.0,7.0,1,178,0,180
299,22,1086.0,2967.0,9.0,6.0,1,176,0,176
299,23,1106.0,2965.0,7.0,8.0,1,172,0,173
299,24,917.0,2984.0,7.0,5.0,1,166,0,170
299,25,1123.0,2963.0,8.0,9.0,1,168,0,168
299,26,1141.0,2961.0,8.0,10.0,1,158,0,164
300,0,1708.0,3104.0,20.0,11.0,1,301,0,301
300,1,685.0,2971.0,16.0,15.0,1,222,0,225
300,2,715.0,2979.0,5.0,5.0,1,219,0,221
300,3,780.0,2980.0,12.0,8.0,1,217,0,217
300,4,798.0,2981.0,8.0,9.0,1,206,0,217
300,5,752.0,2981.0,8.0,12.0,1,211,0,215
300,6,823.0,2982.0,11.0,9.0,1,212,0,212
300,7,763.0,2981.0,13.0,7.0,1,209,0,210
300,8,849.0,2983.0,10.0,9.0,1,205,0,207
300,9,883.0,2980.0,11.0,8.0,1,200,0,204
300,10,989.0,2976.0,9.0,7.0,1,202,0,203
300,11,931.0,2980.0,8.0,8.0,1,202,0,202
300,13,946.0,2979.0,7.0,3.0,1,196,0,198
300,14,973.0,2971.0,12.0,10.0,1,195,0,197
300,16,1005.0,2972.0,9.0,11.0,1,190,0,193
300,17,1016.0,2971.0,7.0,10.0,1,192,0,192
300,18,1036.0,2976.0,8.0,9.0,1,183,0,190
300,19,1025.0,2972.0,9.0,9.0,1,184,0,187
300,20,1036.0,2964.0,10.0,7.0,1,180,0,183
300,21,1065.0,2962.0,9.0,10.0,1,179,0,181
300,22,1080.0,2965.0,8.0,8.0,1,177,0,177
300,23,1101.0,2962.0,7.0,8.0,1,173,0,174
300,24,910.0,2983.0,6.0,6.0,1,167,0,171
300,25,1116.0,2964.0,8.0,7.0,1,169,0,169
300,26,1136.0,2967.0,7.0,7.0,1,159,0,165
301,0,1706.0,3103.0,19.0,11.0,1,302,0,302
301,1,677.0,2970.0,17.0,13.0,1,223,0,226
301,2,708.0,2981.0,7.0,5.0,1,220,0,222
301,3,774.0,2981.0,11.0,5.0,1,218,0,218
301,4,792.0,2982.0,9.0,6.0,1,207,0,218
301,5,747.0,2986.0,10.0,7.0,1,212,0,216
301,6,817.0,2983.0,8.0,9.0,1,213,0,213
301,7,756.0,2979.0,11.0,10.0,1,210,0,211
301,8,843.0,2977.0,9.0,9.0,1,206,0,208
301,9,878.0,2981.0,8.0,10.0,1,201,0,205
301,10,983.0,2974.0,10.0,8.0,1,203,0,204
301,11,923.0,2983.0,9.0,7.0,1,203,0,203
301,13,940.0,2983.0,7.0,5.0,1,197,0,199
301,14,968.0,2975.0,11.0,8.0,1,196,0,198
301,16,997.0,2973.0,10.0,9.0,1,191,0,194
301,17,1011.0,2976.0,7.0,6.0,1,193,0,193
301,18,1036.0,2976.0,8.0,9.0,0,183,1,191
301,19,1019.0,2976.0,8.0,8.0,1,185,0,188
301,20,1031.0,2963.0,10.0,8.0,1,181,0,184
301,21,1061.0,2966.0,9.0,7.0,1,180,0,182
301,22,1079.0,2967.0,9.0,7.0,1,178,0,178
301,23,1095.0,2961.0,10.0,8.0,1,174,0,175
301,24,903.0,2984.0,8.0,5.0,1,168,0,172
301,25,1112.0,2963.0,8.0,8.0,1,170,0,170
301,26,1131.0,2968.0,6.0,7.0,1,160,0,166
302,0,1709.0,3105.0,19.0,10.0,1,303,0,303
302,1,677.0,2976.0,9.0,10.0,1,224,0,227
302,2,696.0,2979.0,10.0,9.0,1,221,0,223
302,3,769.0,2982.0,8.0,6.0,1,219,0,219
302,4,783.0,2978.0,10.0,7.0,1,208,0,219
302,5,740.0,2988.0,12.0,8.0,1,213,0,217
302,6,809.0,2978.0,11.0,11.0,1,214,0,214
302,7,749.0,2979.0,12.0,9.0,1,211,0,212
302,8,836.0,2979.0,11.0,9.0,1,207,0,209
302,9,870.0,2982.0,8.0,8.0,1,202,0,206
302,10,981.0,2978.0,8.0,5.0,1,204,0,205
302,11,917.0,2979.0,9.0,9.0,1,204,0,204
302,13,935.0,2977.0,6.0,6.0,1,198,0,200
302,14,961.0,2978.0,9.0,9.0,1,197,0,199
302,16,997.0,2973.0,10.0,9.0,0,191,1,195
302,17,1004.0,2974.0,8.0,9.0,1,194,0,194
302,18,1023.0,2980.0,9.0,8.0,1,184,0,192
302,19,1013.0,2972.0,7.0,9.0,1,186,0,189
302,20,1027.0,2965.0,9.0,8.0,1,182,0,185
302,21,1053.0,2964.0,10.0,7.0,1,181,0,183
302,22,1068.0,2962.0,9.0,9.0,1,179,0,179
302,23,1090.0,2966.0,10.0,6.0,1,175,0,176
302,24,895.0,2979.0,9.0,9.0,1,169,0,173
302,25,1105.0,2962.0,9.0,10.0,1,171,0,171
302,26,1126.0,2964.0,6.0,6.0,1,161,0,167
303,0,1708.0,3106.0,20.0,9.0,1,304,0,304
303,1,668.0,2974.0,14.0,13.0,1,225,0,228
303,2,690.0,2978.0,13.0,7.0,1,222,0,224
303,3,763.0,2981.0,7.0,6.0,1,220,0,220
303,4,779.0,2980.0,8.0,6.0,1,209,0,220
303,5,736.0,2982.0,8.0,8.0,1,214,0,218
303,6,803.0,2983.0,10.0,8.0,1,215,0,215
303,7,742.0,2980.0,11.0,7.0,1,212,0,213
303,8,828.0,2979.0,10.0,12.0,1,208,0,210
303,9,866.0,2979.0,9.0,9.0,1,203,0,207
303,10,973.0,2977.0,9.0,7.0,1,205,0,206
303,11,912.0,2984.0,9.0,6.0,1,205,0,205
303,13,929.0,2977.0,8.0,9.0,1,199,0,201
303,14,953.0,2975.0,12.0,9.0,1,198,0,200
303,16,989.0,2979.0,6.0,7.0,1,192,0,196
303,17,999.0,2976.0,8.0,9.0,1,195,0,195
303,18,1017.0,2979.0,6.0,6.0,1,185,0,193
303,19,1005.0,2973.0,10.0,8.0,1,187,0,190
303,20,1019.0,2968.0,10.0,7.0,1,183,0,186
303,21,1051.0,2966.0,6.0,5.0,1,182,0,184
303,22,1066.0,2964.0,7.0,7.0,1,180,0,180
303,23,1080.0,2964.0,10.0,7.0,1,176,0,177
303,24,892.0,2982.0,5.0,8.0,1,170,0,174
303,25,1101.0,2964.0,7.0,8.0,1,172,0,172
303,26,1118.0,2964.0,7.0,8.0,1,162,0,168
304,0,1708.0,3108.0,15.0,8.0,1,305,0,305
304,1,661.0,2975.0,11.0,9.0,1,226,0,229
304,2,684.0,2976.0,11.0,8.0,1,223,0,225
304,3,757.0,2981.0,10.0,8.0,1,221,0,221
304,4,772.0,2978.0,12.0,11.0,1,210,0,221
304,5,729.0,2984.0,7.0,8.0,1,215,0,219
304,6,798.0,2984.0,9.0,9.0,1,216,0,216
304,7,735.0,2981.0,13.0,8.0,1,213,0,214
304,8,826.0,2978.0,11.0,11.0,1,209,0,211
304,9,859.0,2981.0,9.0,9.0,1,204,0,208
304,10,967.0,2974.0,6.0,9.0,1,206,0,207
304,11,903.0,2984.0,8.0,7.0,1,206,0,206
304,13,924.0,2982.0,5.0,4.0,1,200,0,202
304,14,948.0,2974.0,10.0,8.0,1,199,0,201
304,16,980.0,2975.0,8.0,9.0,1,193,0,197
304,17,991.0,2976.0,9.0,8.0,1,196,0,196
304,18,1012.0,2975.0,8.0,10.0,1,186,0,194
304,19,1000.0,2974.0,8.0,10.0,1,188,0,191
304,20,1015.0,2962.0,10.0,8.0,1,184,0,187
304,21,1046.0,2963.0,9.0,9.0,1,183,0,185
304,22,1060.0,2967.0,9.0,10.0,1,181,0,181
304,23,1080.0,2964.0,6.0,7.0,1,177,0,178
304,24,886.0,2983.0,6.0,8.0,1,171,0,175
304,25,1095.0,2965.0,8.0,7.0,1,173,0,173
304,26,1115.0,2967.0,6.0,4.0,1,163,0,169
305,0,1706.0,3107.0,16.0,8.0,1,306,0,306
305,1,652.0,2974.0,15.0,10.0,1,227,0,230
305,2,682.0,2981.0,7.0,5.0,1,224,0,226
305,3,752.0,2983.0,9.0,6.0,1,222,0,222
305,4,768.0,2980.0,9.0,7.0,1,211,0,222
305,5,718.0,2987.0,13.0,6.0,1,216,0,220
305,6,793.0,2981.0,9.0,10.0,1,217,0,217
305,7,731.0,2979.0,12.0,10.0,1,214,0,215
305,8,816.0,2975.0,12.0,11.0,1,210,0,212
305,9,850.0,2981.0,10.0,9.0,1,205,0,209
305,10,962.0,2976.0,7.0,8.0,1,207,0,208
305,11,896.0,2978.0,9.0,8.0,1,207,0,207
305,13,915.0,2981.0,9.0,7.0,1,201,0,203
305,14,945.0,2977.0,10.0,8.0,1,200,0,202
305,16,973.0,2975.0,6.0,7.0,1,194,0,198
305,17,984.0,2976.0,9.0,9.0,1,197,0,197
305,18,1008.0,2978.0,6.0,7.0,1,187,0,195
305,19,994.0,2974.0,10.0,8.0,1,189,0,192
305,20,1007.0,2964.0,12.0,7.0,1,185,0,188
305,21,1040.0,2969.0,9.0,6.0,1,184,0,186
305,22,1054.0,2968.0,8.0,5.0,1,182,0,182
305,23,1075.0,2964.0,5.0,7.0,1,178,0,179
305,24,880.0,2980.0,6.0,9.0,1,172,0,176
305,25,1092.0,2962.0,8.0,7.0,1,174,0,174
305,26,1106.0,2966.0,9.0,8.0,1,164,0,170
306,0,1707.0,3109.0,15.0,8.0,1,307,0,307
306,1,650.0,2974.0,11.0,10.0,1,228,0,231
306,2,672.0,2979.0,8.0,5.0,1,225,0,227
306,3,743.0,2976.0,9.0,6.0,1,223,0,223
306,4,760.0,2981.0,10.0,8.0,1,212,0,223
306,5,715.0,2987.0,10.0,7.0,1,217,0,221
306,6,787.0,2981.0,10.0,7.0,1,218,0,218
306,7,722.0,2978.0,13.0,10.0,1,215,0,216
306,8,811.0,2978.0,13.0,11.0,1,211,0,213
306,9,845.0,2982.0,8.0,7.0,1,206,0,210
306,10,954.0,2978.0,6.0,8.0,1,208,0,209
306,11,892.0,2980.0,8.0,7.0,1,208,0,208
306,13,915.0,2981.0,9.0,7.0,0,201,1,204
306,14,936.0,2976.0,11.0,9.0,1,201,0,203
306,16,966.0,2977.0,8.0,7.0,1,195,0,199
306,17,978.0,2973.0,9.0,8.0,1,198,0,198
306,18,999.0,2980.0,7.0,7.0,1,188,0,196
306,19,988.0,2968.0,9.0,8.0,1,190,0,193
306,20,1001.0,2967.0,11.0,9.0,1,186,0,189
306,21,1031.0,2967.0,10.0,6.0,1,185,0,187
306,22,1045.0,2962.0,10.0,9.0,1,183,0,183
306,23,1075.0,2964.0,5.0,7.0,0,178,1,180
306,24,870.0,2979.0,8.0,8.0,1,173,0,177
306,25,1087.0,2962.0,5.0,8.0,1,175,0,175
306,26,1102.0,2964.0,10.0,3.0,1,165,0,171
307,0,1706.0,3110.0,15.0,8.0,1,308,0,308
307,1,644.0,2977.0,9.0,7.0,1,229,0,232
307,2,669.0,2976.0,6.0,7.0,1,226,0,228
307,3,736.0,2980.0,9.0,8.0,1,224,0,224
307,4,755.0,2978.0,11.0,10.0,1,213,0,224
307,5,709.0,2981.0,6.0,10.0,1,218,0,222
307,6,779.0,2982.0,9.0,6.0,1,219,0,219
307,7,719.0,2982.0,12.0,8.0,1,216,0,217
307,8,807.0,2979.0,9.0,10.0,1,212,0,214
307,9,836.0,2976.0,11.0,10.0,1,207,0,211
307,10,949.0,2978.0,7.0,7.0,1,209,0,210
307,11,885.0,2981.0,9.0,10.0,1,209,0,209
307,13,904.0,2980.0,8.0,4.0,1,202,0,205
307,14,931.0,2977.0,10.0,9.0,1,202,0,204
307,16,960.0,2980.0,8.0,6.0,1,196,0,200
307,17,975.0,2974.0,8.0,8.0,1,199,0,199
307,18,995.0,2976.0,7.0,8.0,1,189,0,197
307,19,981.0,2971.0,9.0,9.0,1,191,0,194
307,20,998.0,2965.0,11.0,9.0,1,187,0,190
307,21,1027.0,2962.0,8.0,8.0,1,186,0,188
307,22,1043.0,2966.0,12.0,8.0,1,184,0,184
307,23,1063.0,2965.0,9.0,7.0,1,179,0,181
307,24,863.0,2984.0,8.0,7.0,1,174,0,178
307,25,1080.0,2960.0,8.0,9.0,1,176,0,176
307,26,1098.0,2960.0,7.0,7.0,1,166,0,172
308,0,1705.0,3110.0,16.0,8.0,1,309,0,309
308,1,638.0,2970.0,9.0,11.0,1,230,0,233
308,2,662.0,2973.0,9.0,9.0,1,227,0,229
308,3,729.0,2980.0,9.0,8.0,1,225,0,225
308,4,750.0,2980.0,8.0,9.0,1,214,0,225
308,5,703.0,2982.0,6.0,12.0,1,219,0,223
308,6,775.0,2980.0,10.0,7.0,1,220,0,220
308,7,710.0,2978.0,11.0,9.0,1,217,0,218
308,8,802.0,2976.0,10.0,7.0,1,213,0,215
308,9,836.0,2976.0,11.0,10.0,0,207,1,212
308,10,941.0,2976.0,6.0,9.0,1,210,0,211
308,11,880.0,2982.0,9.0,7.0,1,210,0,210
308,13,898.0,2980.0,6.0,8.0,1,203,0,206
308,14,920.0,2973.0,14.0,12.0,1,203,0,205
308,16,954.0,2978.0,10.0,7.0,1,197,0,201
308,17,968.0,2975.0,10.0,7.0,1,200,0,200
308,18,988.0,2974.0,7.0,10.0,1,190,0,198
308,19,980.0,2973.0,7.0,7.0,1,192,0,195
308,20,993.0,2963.0,10.0,8.0,1,188,0,191
308,21,1020.0,2966.0,10.0,7.0,1,187,0,189
308,22,1036.0,2967.0,10.0,8.0,1,185,0,185
308,23,1055.0,2962.0,8.0,6.0,1,180,0,182
308,24,863.0,2984.0,8.0,7.0,0,174,1,179
308,25,1070.0,2962.0,11.0,6.0,1,177,0,177
308,26,1091.0,2964.0,7.0,6.0,1,167,0,173
309,0,1705.0,3109.0,15.0,11.0,1,310,0,310
309,1,631.0,2971.0,11.0,11.0,1,231,0,234
309,2,658.0,2979.0,7.0,6.0,1,228,0,230
309,3,724.0,2979.0,9.0,8.0,1,226,0,226
309,4,743.0,2977.0,8.0,10.0,1,215,0,226
309,5,694.0,2985.0,11.0,8.0,1,220,0,224
309,6,767.0,2980.0,10.0,9.0,1,221,0,221
309,7,703.0,2977.0,13.0,13.0,1,218,0,219
309,8,796.0,2970.0,10.0,10.0,1,214,0,216
309,9,836.0,2976.0,11.0,10.0,0,207,2,213
309,10,935.0,2978.0,6.0,9.0,1,211,0,212
309,11,871.0,2979.0,8.0,8.0,1,211,0,211
309,13,892.0,2980.0,7.0,9.0,1,204,0,207
309,14,919.0,2976.0,8.0,8.0,1,204,0,206
309,16,950.0,2976.0,7.0,8.0,1,198,0,202
309,17,960.0,2975.0,10.0,7.0,1,201,0,201
309,18,983.0,2977.0,6.0,8.0,1,191,0,199
309,19,972.0,2975.0,7.0,7.0,1,193,0,196
309,20,990.0,2967.0,10.0,7.0,1,189,0,192
309,21,1016.0,2964.0,11.0,8.0,1,188,0,190
309,22,1028.0,2964.0,11.0,7.0,1,186,0,186
309,23,1048.0,2961.0,11.0,6.0,1,181,0,183
309,24,855.0,2979.0,6.0,9.0,1,175,0,180
309,25,1063.0,2965.0,12.0,7.0,1,178,0,178
309,26,1087.0,2964.0,9.0,8.0,1,168,0,174
310,0,1703.0,3112.0,18.0,8.0,1,311,0,311
310,1,623.0,2974.0,10.0,10.0,1,232,0,235
310,2,652.0,2980.0,6.0,6.0,1,229,0,231
310,3,721.0,2977.0,6.0,8.0,1,227,0,227
310,4,734.0,2980.0,14.0,11.0,1,216,0,227
310,5,685.0,2985.0,13.0,6.0,1,221,0,225
310,6,760.0,2979.0,11.0,9.0,1,222,0,222
310,7,695.0,2976.0,15.0,12.0,1,219,0,220
310,8,787.0,2979.0,11.0,6.0,1,215,0,217
310,9,820.0,2979.0,10.0,7.0,1,208,0,214
310,10,933.0,2978.0,6.0,8.0,1,212,0,213
310,11,868.0,2983.0,7.0,6.0,1,212,0,212
310,13,885.0,2977.0,7.0,6.0,1,205,0,208
310,14,914.0,2979.0,9.0,9.0,1,205,0,207
310,16,941.0,2977.0,8.0,7.0,1,199,0,203
310,17,957.0,2974.0,10.0,9.0,1,202,0,202
310,18,974.0,2980.0,8.0,9.0,1,192,0,200
310,19,967.0,2970.0,9.0,8.0,1,194,0,197
310,20,980.0,2965.0,13.0,8.0,1,190,0,193
310,21,1008.0,2965.0,11.0,6.0,1,189,0,191
310,22,1023.0,2965.0,10.0,8.0,1,187,0,187
310,23,1045.0,2962.0,8.0,5.0,1,182,0,184
310,24,845.0,2979.0,10.0,6.0,1,176,0,181
310,25,1061.0,2965.0,12.0,6.0,1,179,0,179
310,26,1078.0,2963.0,12.0,8.0,1,169,0,175
311,0,1702.0,3114.0,15.0,8.0,1,312,0,312
311,1,623.0,2975.0,6.0,7.0,1,233,0,236
311,2,643.0,2974.0,9.0,6.0,1,230,0,232
311,3,714.0,2984.0,6.0,5.0,1,228,0,228
311,4,732.0,2979.0,11.0,9.0,1,217,0,228
311,5,682.0,2984.0,8.0,8.0,1,222,0,226
311,6,754.0,2979.0,11.0,8.0,1,223,0,223
311,7,689.0,2978.0,15.0,9.0,1,220,0,221
311,8,780.0,2978.0,11.0,7.0,1,216,0,218
311,9,811.0,2975.0,11.0,9.0,1,209,0,215
311,10,923.0,2977.0,7.0,10.0,1,213,0,214
311,11,864.0,2983.0,7.0,7.0,1,213,0,213
311,13,879.0,2975.0,8.0,8.0,1,206,0,209
311,14,906.0,2979.0,10.0,9.0,1,206,0,208
311,16,934.0,2978.0,9.0,8.0,1,200,0,204
311,17,948.0,2975.0,9.0,7.0,1,203,0,203
311,18,969.0,2974.0,6.0,9.0,1,193,0,201
311,19,957.0,2972.0,9.0,8.0,1,195,0,198
311,20,975.0,2964.0,9.0,7.0,1,191,0,194
311,21,1005.0,2960.0,7.0,8.0,1,190,0,192
311,22,1019.0,2966.0,10.0,12.0,1,188,0,188
311,23,1043.0,2964.0,8.0,7.0,1,183,0,185
311,24,840.0,2981.0,8.0,10.0,1,177,0,182
311,25,1057.0,2961.0,9.0,7.0,1,180,0,180
311,26,1074.0,2963.0,9.0,7.0,1,170,0,176
312,0,1704.0,3116.0,14.0,5.0,1,313,0,313
312,1,614.0,2969.0,9.0,10.0,1,234,0,237
312,2,637.0,2970.0,10.0,9.0,1,231,0,233
312,3,706.0,2983.0,9.0,6.0,1,229,0,229
312,4,726.0,2980.0,9.0,7.0,1,218,0,229
312,5,674.0,2984.0,10.0,6.0,1,223,0,227
312,6,750.0,2979.0,10.0,7.0,1,224,0,224
312,7,686.0,2980.0,15.0,11.0,1,221,0,222
312,8,778.0,2975.0,6.0,9.0,1,217,0,219
312,9,810.0,2981.0,8.0,8.0,1,210,0,216
312,10,917.0,2975.0,7.0,9.0,1,214,0,215
312,11,860.0,2983.0,5.0,5.0,1,214,0,214
312,13,874.0,2982.0,9.0,7.0,1,207,0,210
312,14,899.0,2973.0,9.0,10.0,1,207,0,209
312,16,928.0,2978.0,9.0,8.0,1,201,0,205
312,17,944.0,2971.0,7.0,12.0,1,204,0,204
312,18,963.0,2973.0,7.0,10.0,1,194,0,202
312,19,954.0,2974.0,8.0,9.0,1,196,0,199
312,20,971.0,2962.0,9.0,9.0,1,192,0,195
312,21,1000.0,2964.0,7.0,7.0,1,191,0,193
312,22,1014.0,2964.0,9.0,7.0,1,189,0,189
312,23,1037.0,2963.0,6.0,5.0,1,184,0,186
312,24,833.0,2983.0,10.0,8.0,1,178,0,183
312,25,1048.0,2962.0,11.0,7.0,1,181,0,181
312,26,1070.0,2963.0,8.0,7.0,1,171,0,177
313,0,1699.0,3118.0,18.0,6.0,1,314,0,314
313,1,604.0,2968.0,9.0,11.0,1,235,0,238
313,2,632.0,2976.0,9.0,7.0,1,232,0,234
313,3,704.0,2983.0,7.0,5.0,1,230,0,230
313,4,721.0,2979.0,9.0,9.0,1,219,0,230
313,5,664.0,2985.0,12.0,8.0,1,224,0,228
313,6,746.0,2979.0,8.0,7.0,1,225,0,225
313,7,673.0,2976.0,19.0,11.0,1,222,0,223
313,8,771.0,2976.0,9.0,8.0,1,218,0,220
313,9,801.0,2979.0,8.0,9.0,1,211,0,217
313,10,917.0,2975.0,7.0,9.0,0,214,1,216
313,11,850.0,2978.0,8.0,8.0,1,215,0,215
313,13,865.0,2981.0,9.0,9.0,1,208,0,211
313,14,895.0,2976.0,11.0,11.0,1,208,0,210
313,16,925.0,2975.0,5.0,8.0,1,202,0,206
313,17,938.0,2976.0,7.0,7.0,1,205,0,205
313,18,956.0,2975.0,6.0,11.0,1,195,0,203
313,19,946.0,2972.0,10.0,8.0,1,197,0,200
313,20,969.0,2967.0,8.0,8.0,1,193,0,196
313,21,994.0,2963.0,9.0,9.0,1,192,0,194
313,22,1009.0,2964.0,7.0,9.0,1,190,0,190
313,23,1030.0,2959.0,11.0,10.0,1,185,0,187
313,24,828.0,2980.0,7.0,10.0,1,179,0,184
313,25,1047.0,2962.0,9.0,6.0,1,182,0,182
313,26,1063.0,2964.0,10.0,8.0,1,172,0,178
314,0,1697.0,3119.0,14.0,6.0,1,315,0,315
314,1,599.0,2970.0,11.0,11.0,1,236,0,239
314,2,626.0,2976.0,9.0,6.0,1,233,0,235
314,3,695.0,2978.0,9.0,5.0,1,231,0,231
314,4,711.0,2981.0,12.0,9.0,1,220,0,231
314,5,660.0,2984.0,11.0,6.0,1,225,0,229
314,6,739.0,2980.0,9.0,8.0,1,226,0,226
314,7,670.0,2974.0,19.0,11.0,1,223,0,224
314,8,766.0,2977.0,11.0,9.0,1,219,0,221
314,9,796.0,2979.0,8.0,5.0,1,212,0,218
314,10,902.0,2980.0,10.0,10.0,1,215,0,217
314,11,844.0,2981.0,7.0,9.0,1,216,0,216
314,13,860.0,2977.0,9.0,11.0,1,209,0,212
314,14,886.0,2980.0,10.0,10.0,1,209,0,211
314,16,917.0,2977.0,9.0,6.0,1,203,0,207
314,17,930.0,2977.0,9.0,9.0,1,206,0,206
314,18,952.0,2975.0,5.0,10.0,1,196,0,204
314,19,941.0,2969.0,9.0,12.0,1,198,0,201
314,20,959.0,2965.0,9.0,9.0,1,194,0,197
314,21,991.0,2962.0,4.0,8.0,1,193,0,195
314,22,1006.0,2964.0,8.0,8.0,1,191,0,191
314,23,1022.0,2963.0,8.0,4.0,1,186,0,188
314,24,823.0,2981.0,7.0,5.0,1,180,0,185
314,25,1040.0,2958.0,10.0,7.0,1,183,0,183
314,26,1058.0,2961.0,8.0,9.0,1,173,0,179
315,0,1698.0,3121.0,13.0,5.0,1,316,0,316
315,1,594.0,2968.0,11.0,9.0,1,237,0,240
315,2,618.0,2971.0,10.0,9.0,1,234,0,236
315,3,690.0,2983.0,7.0,5.0,1,232,0,232
315,4,707.0,2979.0,9.0,8.0,1,221,0,232
315,5,654.0,2979.0,10.0,8.0,1,226,0,230
315,6,731.0,2979.0,8.0,8.0,1,227,0,227
315,7,664.0,2978.0,9.0,7.0,1,224,0,225
315,8,759.0,2977.0,9.0,8.0,1,220,0,222
315,9,791.0,2978.0,8.0,5.0,1,213,0,219
315,10,898.0,2978.0,9.0,9.0,1,216,0,218
315,11,838.0,2982.0,9.0,9.0,1,217,0,217
315,13,854.0,2974.0,7.0,10.0,1,210,0,213
315,14,881.0,2979.0,12.0,8.0,1,210,0,212
315,16,912.0,2979.0,10.0,9.0,1,204,0,208
315,17,926.0,2974.0,9.0,9.0,1,207,0,207
315,18,946.0,2976.0,5.0,9.0,1,197,0,205
315,19,934.0,2971.0,10.0,9.0,1,199,0,202
315,20,952.0,2959.0,10.0,11.0,1,195,0,198
315,21,981.0,2960.0,10.0,10.0,1,194,0,196
315,22,997.0,2964.0,9.0,8.0,1,192,0,192
315,23,1018.0,2963.0,9.0,10.0,1,187,0,189
315,24,815.0,2982.0,8.0,6.0,1,181,0,186
315,25,1035.0,2958.0,11.0,8.0,1,184,0,184
315,26,1055.0,2961.0,7.0,7.0,1,174,0,180
316,0,1697.0,3122.0,15.0,4.0,1,317,0,317
316,1,590.0,2966.0,6.0,11.0,1,238,0,241
316,2,610.0,2969.0,12.0,9.0,1,235,0,237
316,3,679.0,2983.0,8.0,7.0,1,233,0,233
316,4,701.0,2976.0,11.0,9.0,1,222,0,233
316,5,644.0,2981.0,13.0,8.0,1,227,0,231
316,6,727.0,2977.0,10.0,8.0,1,228,0,228
316,7,657.0,2976.0,16.0,13.0,1,225,0,226
316,8,755.0,2974.0,10.0,9.0,1,221,0,223
316,9,791.0,2978.0,8.0,5.0,0,213,1,220
316,10,891.0,2974.0,10.0,10.0,1,217,0,219
316,11,829.0,2977.0,11.0,10.0,1,218,0,218
316,13,850.0,2981.0,5.0,9.0,1,211,0,214
316,14,873.0,2974.0,11.0,11.0,1,211,0,213
316,16,904.0,2978.0,9.0,9.0,1,205,0,209
316,17,919.0,2970.0,8.0,10.0,1,208,0,208
316,18,937.0,2973.0,7.0,6.0,1,198,0,206
316,19,931.0,2975.0,8.0,8.0,1,200,0,203
316,20,946.0,2960.0,13.0,11.0,1,196,0,199
316,21,979.0,2962.0,7.0,11.0,1,195,0,197
316,22,992.0,2965.0,9.0,8.0,1,193,0,193
316,23,1013.0,2963.0,9.0,7.0,1,188,0,190
316,24,811.0,2979.0,7.0,10.0,1,182,0,187
316,25,1030.0,2959.0,9.0,8.0,1,185,0,185
316,26,1047.0,2961.0,8.0,7.0,1,175,0,181
317,0,1693.0,3124.0,14.0,5.0,1,318,0,318
317,1,585.0,2970.0,11.0,7.0,1,239,0,242
317,2,606.0,2974.0,10.0,9.0,1,236,0,238
317,3,679.0,2983.0,8.0,7.0,0,233,1,234
317,4,697.0,2979.0,7.0,7.0,1,223,0,234
317,5,641.0,2983.0,10.0,8.0,1,228,0,232
317,6,722.0,2978.0,9.0,8.0,1,229,0,229
317,7,647.0,2971.0,22.0,14.0,1,226,0,227
317,8,747.0,2973.0,10.0,9.0,1,222,0,224
317,9,778.0,2978.0,10.0,5.0,1,214,0,221
317,10,886.0,2979.0,6.0,9.0,1,218,0,220
317,11,824.0,2979.0,11.0,8.0,1,219,0,219
317,13,843.0,2980.0,7.0,9.0,1,212,0,215
317,14,868.0,2979.0,10.0,11.0,1,212,0,214
317,16,899.0,2976.0,10.0,8.0,1,206,0,210
317,17,912.0,2975.0,9.0,8.0,1,209,0,209
317,18,936.0,2978.0,5.0,8.0,1,199,0,207
317,19,927.0,2971.0,7.0,8.0,1,201,0,204
317,20,941.0,2962.0,10.0,12.0,1,197,0,200
317,21,971.0,2961.0,9.0,11.0,1,196,0,198
317,22,986.0,2960.0,9.0,9.0,1,194,0,194
317,23,1010.0,2958.0,9.0,12.0,1,189,0,191
317,24,802.0,2982.0,9.0,7.0,1,183,0,188
317,25,1024.0,2958.0,10.0,7.0,1,186,0,186
317,26,1043.0,2963.0,10.0,5.0,1,176,0,182
318,0,1692.0,3123.0,11.0,8.0,1,319,0,319
318,1,577.0,2961.0,11.0,26.0,1,240,0,243
318,2,601.0,2971.0,10.0,11.0,1,237,0,239
318,3,679.0,2983.0,8.0,7.0,0,233,2,235
318,4,690.0,2978.0,10.0,12.0,1,224,0,235
318,5,632.0,2980.0,12.0,6.0,1,229,0,233
318,6,714.0,2978.0,7.0,7.0,1,230,0,230
318,7,641.0,2973.0,21.0,13.0,1,227,0,228
318,8,744.0,2974.0,10.0,10.0,1,223,0,225
318,9,772.0,2978.0,10.0,6.0,1,215,0,222
318,10,880.0,2979.0,8.0,10.0,1,219,0,221
318,11,815.0,2981.0,11.0,8.0,1,220,0,220
318,13,835.0,2974.0,8.0,11.0,1,213,0,216
318,14,862.0,2978.0,12.0,13.0,1,213,0,215
318,16,891.0,2975.0,10.0,9.0,1,207,0,211
318,17,907.0,2975.0,10.0,10.0,1,210,0,210
318,18,930.0,2976.0,5.0,9.0,1,200,0,208
318,19,918.0,2967.0,10.0,11.0,1,202,0,205
318,20,937.0,2960.0,9.0,8.0,1,198,0,201
318,21,966.0,2959.0,9.0,11.0,1,197,0,199
318,22,984.0,2964.0,7.0,9.0,1,195,0,195
318,23,1010.0,2958.0,9.0,12.0,0,189,1,192
318,24,797.0,2986.0,7.0,5.0,1,184,0,189
318,25,1021.0,2955.0,8.0,9.0,1,187,0,187
318,26,1037.0,2962.0,9.0,6.0,1,177,0,183
319,0,1691.0,3126.0,13.0,7.0,1,320,0,320
319,1,573.0,2970.0,10.0,9.0,1,241,0,244
319,2,595.0,2970.0,11.0,7.0,1,238,0,240
319,3,664.0,2983.0,10.0,6.0,1,234,0,236
319,4,682.0,2976.0,9.0,10.0,1,225,0,236
319,5,628.0,2978.0,8.0,9.0,1,230,0,234
319,6,705.0,2981.0,9.0,6.0,1,231,0,231
319,7,636.0,2976.0,19.0,10.0,1,228,0,229
319,8,735.0,2977.0,9.0,9.0,1,224,0,226
319,9,764.0,2977.0,11.0,6.0,1,216,0,223
319,10,871.0,2977.0,9.0,7.0,1,220,0,222
319,11,812.0,2980.0,9.0,6.0,1,221,0,221
319,13,831.0,2975.0,8.0,10.0,1,214,0,217
319,14,858.0,2978.0,9.0,9.0,1,214,0,216
319,16,884.0,2978.0,11.0,8.0,1,208,0,212
319,17,904.0,2975.0,9.0,8.0,1,211,0,211
319,18,921.0,2972.0,9.0,13.0,1,201,0,209
319,19,909.0,2967.0,10.0,13.0,1,203,0,206
319,20,930.0,2957.0,13.0,13.0,1,199,0,202
319,21,960.0,2963.0,10.0,6.0,1,198,0,200
319,22,976.0,2966.0,10.0,8.0,1,196,0,196
319,23,1001.0,2964.0,5.0,9.0,1,190,0,193
319,24,794.0,2982.0,7.0,4.0,1,185,0,190
319,25,1012.0,2958.0,11.0,6.0,1,188,0,188
319,26,1032.0,2962.0,9.0,7.0,1,178,0,184
320,0,1688.0,3128.0,14.0,7.0,1,321,0,321
320,1,565.0,2962.0,11.0,15.0,1,242,0,245
320,2,588.0,2967.0,9.0,8.0,1,239,0,241
320,3,655.0,2981.0,10.0,7.0,1,235,0,237
320,4,679.0,2979.0,6.0,8.0,1,226,0,237
320,5,620.0,2974.0,16.0,14.0,1,231,0,235
320,6,701.0,2977.0,8.0,5.0,1,232,0,232
320,7,641.0,2978.0,9.0,7.0,1,229,0,230
320,8,732.0,2972.0,8.0,11.0,1,225,0,227
320,9,757.0,2977.0,10.0,7.0,1,217,0,224
320,10,870.0,2975.0,8.0,9.0,1,221,0,223
320,11,807.0,2980.0,11.0,6.0,1,222,0,222
320,13,824.0,2979.0,8.0,9.0,1,215,0,218
320,14,850.0,2975.0,11.0,11.0,1,215,0,217
320,16,877.0,2977.0,12.0,10.0,1,209,0,213
320,17,897.0,2969.0,10.0,12.0,1,212,0,212
320,18,918.0,2977.0,6.0,8.0,1,202,0,210
320,19,905.0,2970.0,11.0,10.0,1,204,0,207
320,20,929.0,2962.0,10.0,9.0,1,200,0,203
320,21,955.0,2962.0,9.0,10.0,1,199,0,201
320,22,970.0,2959.0,8.0,9.0,1,197,0,197
320,23,991.0,2963.0,9.0,6.0,1,191,0,194
320,24,784.0,2979.0,8.0,5.0,1,186,0,191
320,25,1010.0,2962.0,8.0,9.0,1,189,0,189
320,26,1026.0,2961.0,8.0,6.0,1,179,0,185
321,0,1689.0,3129.0,14.0,7.0,1,322,0,322
321,1,564.0,2969.0,7.0,7.0,1,243,0,246
321,2,582.0,2971.0,11.0,9.0,1,240,0,242
321,3,646.0,2979.0,9.0,5.0,1,236,0,238
321,4,669.0,2977.0,7.0,8.0,1,227,0,238
321,5,613.0,2972.0,18.0,17.0,1,232,0,236
321,6,697.0,2977.0,7.0,6.0,1,233,0,233
321,7,634.0,2978.0,9.0,5.0,1,230,0,231
321,8,724.0,2975.0,10.0,8.0,1,226,0,228
321,9,754.0,2976.0,11.0,7.0,1,218,0,225
321,10,862.0,2977.0,7.0,7.0,1,222,0,224
321,11,801.0,2981.0,10.0,6.0,1,223,0,223
321,13,818.0,2982.0,9.0,5.0,1,216,0,219
321,14,841.0,2976.0,12.0,11.0,1,216,0,218
321,16,875.0,2975.0,10.0,10.0,1,210,0,214
321,17,890.0,2977.0,10.0,8.0,1,213,0,213
321,18,909.0,2976.0,8.0,9.0,1,203,0,211
321,19,902.0,2966.0,11.0,10.0,1,205,0,208
321,20,922.0,2962.0,10.0,7.0,1,201,0,204
321,21,952.0,2965.0,9.0,5.0,1,200,0,202
321,22,964.0,2959.0,9.0,9.0,1,198,0,198
321,23,986.0,2958.0,8.0,9.0,1,192,0,195
321,24,782.0,2978.0,6.0,5.0,1,187,0,192
321,25,1006.0,2959.0,7.0,5.0,1,190,0,190
321,26,1019.0,2961.0,9.0,6.0,1,180,0,186
322,0,1689.0,3131.0,12.0,7.0,1,323,0,323
322,1,553.0,2969.0,12.0,8.0,1,244,0,247
322,2,575.0,2968.0,12.0,9.0,1,241,0,243
322,3,646.0,2979.0,9.0,5.0,0,236,1,239
322,4,662.0,2979.0,10.0,9.0,1,228,0,239
322,5,608.0,2973.0,18.0,16.0,1,233,0,237
322,6,688.0,2978.0,8.0,4.0,1,234,0,234
322,7,629.0,2976.0,8.0,9.0,1,231,0,232
322,8,720.0,2978.0,9.0,8.0,1,227,0,229
322,9,747.0,2977.0,9.0,7.0,1,219,0,226
322,10,854.0,2979.0,8.0,9.0,1,223,0,225
322,11,793.0,2981.0,10.0,6.0,1,224,0,224
322,13,810.0,2975.0,9.0,9.0,1,217,0,220
322,14,838.0,2981.0,11.0,11.0,1,217,0,219
322,16,868.0,2975.0,8.0,10.0,1,211,0,215
322,17,886.0,2974.0,9.0,9.0,1,214,0,214
322,18,904.0,2974.0,7.0,9.0,1,204,0,212
322,19,894.0,2966.0,11.0,10.0,1,206,0,209
322,20,919.0,2963.0,7.0,7.0,1,202,0,205
322,21,944.0,2959.0,11.0,9.0,1,201,0,203
322,22,961.0,2964.0,7.0,10.0,1,199,0,199
322,23,982.0,2965.0,8.0,6.0,1,193,0,196
322,24,771.0,2983.0,10.0,7.0,1,188,0,193
322,25,999.0,2956.0,8.0,9.0,1,191,0,191
322,26,1014.0,2961.0,9.0,7.0,1,181,0,187
323,0,1685.0,3132.0,15.0,8.0,1,324,0,324
323,1,545.0,2964.0,14.0,11.0,1,245,0,248
323,2,571.0,2968.0,9.0,8.0,1,242,0,244
323,3,639.0,2979.0,9.0,8.0,1,237,0,240
323,4,657.0,2977.0,6.0,5.0,1,229,0,240
323,5,604.0,2974.0,17.0,10.0,1,234,0,238
323,6,682.0,2980.0,10.0,7.0,1,235,0,235
323,7,621.0,2978.0,9.0,5.0,1,232,0,233
323,8,711.0,2975.0,10.0,8.0,1,228,0,230
323,9,744.0,2975.0,9.0,5.0,1,220,0,227
323,10,849.0,2979.0,9.0,7.0,1,224,0,226
323,11,790.0,2979.0,7.0,5.0,1,225,0,225
323,13,804.0,2982.0,11.0,5.0,1,218,0,221
323,14,832.0,2977.0,10.0,9.0,1,218,0,220
323,16,861.0,2978.0,9.0,8.0,1,212,0,216
323,17,882.0,2974.0,9.0,10.0,1,215,0,215
323,18,898.0,2971.0,8.0,12.0,1,205,0,213
323,19,891.0,2972.0,9.0,9.0,1,207,0,210
323,20,911.0,2960.0,11.0,8.0,1,203,0,206
323,21,944.0,2961.0,6.0,9.0,1,202,0,204
323,22,957.0,2962.0,8.0,8.0,1,200,0,200
323,23,979.0,2962.0,7.0,10.0,1,194,0,197
323,24,766.0,2979.0,9.0,4.0,1,189,0,194
323,25,994.0,2956.0,9.0,7.0,1,192,0,192
323,26,1011.0,2962.0,4.0,6.0,1,182,0,188
324,0,1682.0,3133.0,14.0,6.0,1,325,0,325
324,1,541.0,2964.0,11.0,11.0,1,246,0,249
324,2,564.0,2966.0,9.0,8.0,1,243,0,245
324,3,629.0,2980.0,7.0,6.0,1,238,0,241
324,4,651.0,2976.0,9.0,6.0,1,230,0,241
324,5,598.0,2971.0,14.0,17.0,1,235,0,239
324,6,674.0,2973.0,11.0,7.0,1,236,0,236
324,7,616.0,2981.0,8.0,6.0,1,233,0,234
324,8,703.0,2971.0,10.0,11.0,1,229,0,231
324,9,733.0,2976.0,11.0,7.0,1,221,0,228
324,10,842.0,2976.0,10.0,9.0,1,225,0,227
324,11,783.0,2981.0,7.0,5.0,1,226,0,226
324,13,799.0,2980.0,10.0,8.0,1,219,0,222
324,14,825.0,2974.0,11.0,12.0,1,219,0,221
324,16,853.0,2976.0,12.0,9.0,1,213,0,217
324,17,874.0,2972.0,10.0,13.0,1,216,0,216
324,18,894.0,2974.0,6.0,11.0,1,206,0,214
324,19,884.0,2969.0,12.0,10.0,1,208,0,211
324,20,906.0,2962.0,9.0,9.0,1,204,0,207
324,21,933.0,2965.0,9.0,8.0,1,203,0,205
324,22,949.0,2958.0,9.0,11.0,1,201,0,201
324,23,974.0,2962.0,6.0,6.0,1,195,0,198
324,24,764.0,2975.0,5.0,8.0,1,190,0,195
324,25,990.0,2958.0,10.0,6.0,1,193,0,193
324,26,1005.0,2961.0,7.0,5.0,1,183,0,189
325,0,1683.0,3136.0,16.0,7.0,1,326,0,326
325,1,536.0,2968.0,10.0,9.0,1,247,0,250
325,2,562.0,2971.0,6.0,5.0,1,244,0,246
325,3,622.0,2980.0,9.0,5.0,1,239,0,242
325,4,651.0,2976.0,9.0,6.0,0,230,1,242
325,5,592.0,2972.0,13.0,16.0,1,236,0,240
325,6,669.0,2976.0,10.0,6.0,1,237,0,237
325,7,613.0,2974.0,6.0,6.0,1,234,0,235
325,8,697.0,2975.0,10.0,8.0,1,230,0,232
325,9,729.0,2977.0,8.0,9.0,1,222,0,229
325,10,840.0,2982.0,5.0,5.0,1,226,0,228
325,11,779.0,2981.0,8.0,5.0,1,227,0,227
325,13,799.0,2980.0,7.0,5.0,1,220,0,223
325,14,818.0,2975.0,12.0,12.0,1,220,0,222
325,16,850.0,2978.0,8.0,5.0,1,214,0,218
325,17,869.0,2975.0,10.0,10.0,1,217,0,217
325,18,887.0,2976.0,9.0,10.0,1,207,0,215
325,19,876.0,2964.0,10.0,12.0,1,209,0,212
325,20,899.0,2963.0,9.0,6.0,1,205,0,208
325,21,932.0,2958.0,6.0,12.0,1,204,0,206
325,22,944.0,2960.0,9.0,9.0,1,202,0,202
325,23,966.0,2962.0,8.0,5.0,1,196,0,199
325,24,755.0,2978.0,9.0,5.0,1,191,0,196
325,25,986.0,2955.0,7.0,9.0,1,194,0,194
325,26,1004.0,2960.0,6.0,7.0,1,184,0,190
326,0,1682.0,3139.0,15.0,7.0,1,327,0,327
326,1,529.0,2964.0,11.0,9.0,1,248,0,251
326,2,554.0,2970.0,9.0,7.0,1,245,0,247
326,3,619.0,2979.0,7.0,5.0,1,240,0,243
326,4,639.0,2978.0,11.0,8.0,1,231,0,243
326,5,584.0,2969.0,16.0,12.0,1,237,0,241
326,6,662.0,2976.0,10.0,7.0,1,238,0,238
326,7,603.0,2976.0,6.0,5.0,1,235,0,236
326,8,691.0,2975.0,9.0,6.0,1,231,0,233
326,9,725.0,2975.0,8.0,6.0,1,223,0,230
326,10,831.0,2978.0,8.0,9.0,1,227,0,229
326,11,779.0,2981.0,8.0,5.0,0,227,1,228
326,13,785.0,2975.0,9.0,9.0,1,221,0,224
326,14,811.0,2978.0,13.0,11.0,1,221,0,223
326,16,842.0,2975.0,10.0,10.0,1,215,0,219
326,17,863.0,2973.0,9.0,11.0,1,218,0,218
326,18,879.0,2974.0,12.0,10.0,1,208,0,216
326,19,871.0,2967.0,10.0,10.0,1,210,0,213
326,20,896.0,2957.0,9.0,10.0,1,206,0,209
326,21,921.0,2960.0,11.0,10.0,1,205,0,207
326,22,937.0,2963.0,9.0,7.0,1,203,0,203
326,23,962.0,2965.0,6.0,9.0,1,197,0,200
326,24,747.0,2980.0,12.0,5.0,1,192,0,197
326,25,978.0,2953.0,10.0,11.0,1,195,0,195
326,26,999.0,2958.0,5.0,9.0,1,185,0,191
327,0,1679.0,3137.0,15.0,7.0,1,328,0,328
327,1,529.0,2964.0,11.0,9.0,0,248,1,252
327,2,554.0,2970.0,9.0,7.0,0,245,1,248
327,3,611.0,2980.0,8.0,6.0,1,241,0,244
327,4,634.0,2979.0,8.0,5.0,1,232,0,244
327,5,577.0,2971.0,17.0,8.0,1,238,0,242
327,6,657.0,2976.0,9.0,6.0,1,239,0,239
327,7,598.0,2980.0,6.0,8.0,1,236,0,237
327,8,685.0,2973.0,9.0,5.0,1,232,0,234
327,9,718.0,2974.0,8.0,8.0,1,224,0,231
327,10,823.0,2977.0,10.0,7.0,1,228,0,230
327,11,764.0,2977.0,9.0,6.0,1,228,0,229
327,13,785.0,2975.0,9.0,9.0,0,221,1,225
327,14,806.0,2976.0,11.0,9.0,1,222,0,224
327,16,841.0,2977.0,7.0,8.0,1,216,0,220
327,17,860.0,2974.0,6.0,8.0,1,219,0,219
327,18,876.0,2974.0,8.0,9.0,1,209,0,217
327,19,868.0,2966.0,9.0,12.0,1,211,0,214
327,20,891.0,2963.0,8.0,7.0,1,207,0,210
327,21,918.0,2959.0,11.0,11.0,1,206,0,208
327,22,936.0,2957.0,9.0,10.0,1,204,0,204
327,23,959.0,2964.0,7.0,7.0,1,198,0,201
327,24,740.0,2978.0,11.0,6.0,1,193,0,198
327,25,975.0,2956.0,10.0,8.0,1,196,0,196
327,26,990.0,2955.0,7.0,11.0,1,186,0,192
328,0,1676.0,3139.0,16.0,6.0,1,329,0,329
328,1,516.0,2961.0,13.0,13.0,1,249,0,253
328,2,542.0,2968.0,11.0,9.0,1,246,0,249
328,3,607.0,2978.0,5.0,4.0,1,242,0,245
328,4,628.0,2975.0,7.0,10.0,1,233,0,245
328,5,568.0,2971.0,18.0,17.0,1,239,0,243
328,6,652.0,2978.0,11.0,5.0,1,240,0,240
328,7,590.0,2976.0,9.0,9.0,1,237,0,238
328,8,680.0,2971.0,9.0,9.0,1,233,0,235
328,9,711.0,2975.0,11.0,6.0,1,225,0,232
328,10,818.0,2975.0,9.0,9.0,1,229,0,231
328,11,764.0,2977.0,9.0,6.0,0,228,1,230
328,13,777.0,2981.0,9.0,5.0,1,222,0,226
328,14,800.0,2978.0,10.0,9.0,1,223,0,225
328,16,833.0,2978.0,8.0,8.0,1,217,0,221
328,17,854.0,2972.0,7.0,11.0,1,220,0,220
328,18,871.0,2976.0,9.0,8.0,1,210,0,218
328,19,862.0,2966.0,11.0,10.0,1,212,0,215
328,20,883.0,2964.0,10.0,7.0,1,208,0,211
328,21,913.0,2958.0,9.0,10.0,1,207,0,209
328,22,931.0,2959.0,10.0,7.0,1,205,0,205
328,23,952.0,2958.0,6.0,10.0,1,199,0,202
328,24,737.0,2974.0,8.0,7.0,1,194,0,199
328,25,969.0,2955.0,10.0,8.0,1,197,0,197
328,26,985.0,2957.0,10.0,11.0,1,187,0,193
329,0,1674.0,3139.0,15.0,5.0,1,330,0,330
329,1,516.0,2966.0,10.0,7.0,1,250,0,254
329,2,534.0,2968.0,12.0,8.0,1,247,0,250
329,3,600.0,2976.0,9.0,8.0,1,243,0,246
329,4,628.0,2975.0,7.0,10.0,0,233,1,246
329,5,564.0,2968.0,15.0,17.0,1,240,0,244
329,6,643.0,2973.0,10.0,7.0,1,241,0,241
329,7,585.0,2972.0,9.0,9.0,1,238,0,239
329,8,672.0,2972.0,11.0,8.0,1,234,0,236
329,9,703.0,2978.0,11.0,6.0,1,226,0,233
329,10,813.0,2979.0,9.0,8.0,1,230,0,232
329,11,764.0,2977.0,9.0,6.0,0,228,2,231
329,13,770.0,2979.0,9.0,5.0,1,223,0,227
329,14,793.0,2978.0,14.0,10.0,1,224,0,226
329,16,829.0,2978.0,8.0,6.0,1,218,0,222
329,17,847.0,2975.0,9.0,7.0,1,221,0,221
329,18,864.0,2976.0,9.0,10.0,1,211,0,219
329,19,857.0,2963.0,9.0,11.0,1,213,0,216
329,20,879.0,2961.0,10.0,9.0,1,209,0,212
329,21,911.0,2960.0,8.0,9.0,1,208,0,210
329,22,922.0,2958.0,10.0,8.0,1,206,0,206
329,23,952.0,2958.0,6.0,10.0,0,199,1,203
329,24,729.0,2977.0,8.0,7.0,1,195,0,200
329,25,963.0,2956.0,7.0,9.0,1,198,0,198
329,26,978.0,2958.0,9.0,10.0,1,188,0,194
330,0,1677.0,3137.0,16.0,8.0,1,331,0,331
330,1,505.0,2963.0,16.0,9.0,1,251,0,255
330,2,532.0,2970.0,9.0,7.0,1,248,0,251
330,3,593.0,2974.0,10.0,7.0,1,244,0,247
330,4,610.0,2978.0,11.0,7.0,1,234,0,247
330,5,561.0,2971.0,17.0,8.0,1,241,0,245
330,6,636.0,2974.0,11.0,8.0,1,242,0,242
330,7,582.0,2974.0,6.0,7.0,1,239,0,240
330,8,666.0,2971.0,11.0,9.0,1,235,0,237
330,9,696.0,2972.0,10.0,6.0,1,227,0,234
330,10,807.0,2978.0,7.0,9.0,1,231,0,233
330,11,749.0,2973.0,6.0,8.0,1,229,0,232
330,13,766.0,2979.0,5.0,5.0,1,224,0,228
330,14,789.0,2977.0,11.0,8.0,1,225,0,227
330,16,820.0,2978.0,9.0,7.0,1,219,0,223
330,17,839.0,2973.0,11.0,10.0,1,222,0,222
330,18,860.0,2972.0,8.0,10.0,1,212,0,220
330,19,851.0,2967.0,11.0,8.0,1,214,0,217
330,20,873.0,2958.0,11.0,10.0,1,210,0,213
330,21,907.0,2964.0,6.0,6.0,1,209,0,211
330,22,918.0,2960.0,11.0,9.0,1,207,0,207
330,23,941.0,2962.0,6.0,11.0,1,200,0,204
330,24,724.0,2977.0,9.0,8.0,1,196,0,201
330,25,962.0,2951.0,7.0,11.0,1,199,0,199
330,26,979.0,2959.0,7.0,7.0,1,189,0,195
331,0,1675.0,3142.0,13.0,6.0,1,332,0,332
331,1,503.0,2962.0,11.0,9.0,1,252,0,256
331,2,526.0,2966.0,9.0,7.0,1,249,0,252
331,3,587.0,2977.0,10.0,7.0,1,245,0,248
331,4,607.0,2975.0,12.0,7.0,1,235,0,248
331,5,551.0,2969.0,16.0,14.0,1,242,0,246
331,6,632.0,2974.0,9.0,9.0,1,243,0,243
331,7,574.0,2975.0,7.0,8.0,1,240,0,241
331,8,663.0,2971.0,9.0,6.0,1,236,0,238
331,9,693.0,2971.0,10.0,6.0,1,228,0,235
331,10,798.0,2981.0,10.0,7.0,1,232,0,234
331,11,741.0,2976.0,8.0,7.0,1,230,0,233
331,13,759.0,2979.0,10.0,5.0,1,225,0,229
331,14,783.0,2975.0,10.0,9.0,1,226,0,228
331,16,815.0,2980.0,11.0,8.0,1,220,0,224
331,17,836.0,2975.0,11.0,8.0,1,223,0,223
331,18,853.0,2977.0,12.0,6.0,1,213,0,221
331,19,846.0,2967.0,10.0,7.0,1,215,0,218
331,20,866.0,2960.0,11.0,11.0,1,211,0,214
331,21,899.0,2961.0,10.0,8.0,1,210,0,212
331,22,916.0,2959.0,8.0,8.0,1,208,0,208
331,23,934.0,2959.0,10.0,9.0,1,201,0,205
331,24,719.0,2975.0,9.0,7.0,1,197,0,202
331,25,954.0,2955.0,10.0,8.0,1,200,0,200
331,26,979.0,2959.0,7.0,7.0,0,189,1,196
332,0,1675.0,3142.0,14.0,6.0,1,333,0,333
332,1,493.0,2962.0,12.0,10.0,1,253,0,257
332,2,518.0,2964.0,9.0,9.0,1,250,0,253
332,3,580.0,2973.0,8.0,8.0,1,246,0,249
332,4,600.0,2973.0,14.0,11.0,1,236,0,249
332,5,546.0,2970.0,16.0,13.0,1,243,0,247
332,6,625.0,2975.0,9.0,8.0,1,244,0,244
332,7,569.0,2974.0,8.0,7.0,1,241,0,242
332,8,656.0,2966.0,10.0,10.0,1,237,0,239
332,9,686.0,2972.0,10.0,7.0,1,229,0,236
332,10,792.0,2978.0,11.0,7.0,1,233,0,235
332,11,733.0,2975.0,9.0,7.0,1,231,0,234
332,13,751.0,2980.0,9.0,5.0,1,226,0,230
332,14,776.0,2975.0,9.0,10.0,1,227,0,229
332,16,807.0,2977.0,11.0,8.0,1,221,0,225
332,17,831.0,2971.0,11.0,11.0,1,224,0,224
332,18,847.0,2975.0,10.0,10.0,1,214,0,222
332,19,843.0,2968.0,10.0,8.0,1,216,0,219
332,20,861.0,2960.0,14.0,9.0,1,212,0,215
332,21,895.0,2959.0,7.0,8.0,1,211,0,213
332,22,912.0,2959.0,9.0,6.0,1,209,0,209
332,23,929.0,2959.0,9.0,9.0,1,202,0,206
332,24,716.0,2975.0,5.0,5.0,1,198,0,203
332,25,950.0,2958.0,9.0,8.0,1,201,0,201
332,26,979.0,2959.0,7.0,7.0,0,189,2,197
333,0,1673.0,3142.0,14.0,7.0,1,334,0,334
333,1,491.0,2963.0,11.0,8.0,1,254,0,258
333,2,514.0,2967.0,9.0,7.0,1,251,0,254
333,3,579.0,2975.0,6.0,4.0,1,247,0,250
333,4,598.0,2974.0,8.0,10.0,1,237,0,250
333,5,541.0,2965.0,17.0,15.0,1,244,0,248
333,6,618.0,2972.0,12.0,10.0,1,245,0,245
333,7,563.0,2973.0,9.0,9.0,1,242,0,243
333,8,650.0,2969.0,9.0,7.0,1,238,0,240
333,9,681.0,2972.0,9.0,8.0,1,230,0,237
333,10,787.0,2979.0,11.0,8.0,1,234,0,236
333,11,729.0,2976.0,10.0,8.0,1,232,0,235
333,13,747.0,2975.0,9.0,8.0,1,227,0,231
333,14,770.0,2979.0,9.0,10.0,1,228,0,230
333,16,803.0,2980.0,9.0,6.0,1,222,0,226
333,17,822.0,2975.0,12.0,8.0,1,225,0,225
333,18,844.0,2975.0,7.0,11.0,1,215,0,223
333,19,838.0,2961.0,9.0,11.0,1,217,0,220
333,20,855.0,2957.0,11.0,11.0,1,213,0,216
333,21,888.0,2959.0,10.0,6.0,1,212,0,214
333,22,907.0,2960.0,7.0,6.0,1,210,0,210
333,23,928.0,2964.0,6.0,7.0,1,203,0,207
333,24,707.0,2975.0,9.0,5.0,1,199,0,204
333,25,946.0,2956.0,7.0,6.0,1,202,0,202
333,26,961.0,2958.0,7.0,6.0,1,190,0,198
334,0,1671.0,3145.0,15.0,7.0,1,335,0,335
334,1,486.0,2964.0,10.0,6.0,1,255,0,259
334,2,509.0,2969.0,9.0,5.0,1,252,0,255
334,3,568.0,2976.0,11.0,9.0,1,248,0,251
334,4,586.0,2973.0,13.0,8.0,1,238,0,251
334,5,533.0,2968.0,16.0,11.0,1,245,0,249
334,6,613.0,2973.0,12.0,7.0,1,246,0,246
334,7,555.0,2972.0,8.0,8.0,1,243,0,244
334,8,644.0,2969.0,10.0,10.0,1,239,0,241
334,9,678.0,2970.0,10.0,6.0,1,231,0,238
334,10,784.0,2977.0,10.0,8.0,1,235,0,237
334,11,726.0,2974.0,9.0,7.0,1,233,0,236
334,13,739.0,2974.0,9.0,7.0,1,228,0,232
334,14,764.0,2978.0,12.0,7.0,1,229,0,231
334,16,796.0,2976.0,11.0,6.0,1,223,0,227
334,17,817.0,2974.0,11.0,8.0,1,226,0,226
334,18,838.0,2973.0,9.0,9.0,1,216,0,224
334,19,833.0,2964.0,10.0,11.0,1,218,0,221
334,20,849.0,2958.0,14.0,10.0,1,214,0,217
334,21,883.0,2959.0,10.0,9.0,1,213,0,215
334,22,901.0,2957.0,9.0,10.0,1,211,0,211
334,23,920.0,2962.0,10.0,7.0,1,204,0,208
334,24,698.0,2975.0,10.0,5.0,1,200,0,205
334,25,938.0,2953.0,11.0,9.0,1,203,0,203
334,26,956.0,2957.0,9.0,8.0,1,191,0,199
335,0,1669.0,3143.0,16.0,7.0,1,336,0,336
335,1,482.0,2959.0,7.0,8.0,1,256,0,260
335,2,505.0,2962.0,10.0,7.0,1,253,0,256
335,3,563.0,2976.0,8.0,5.0,1,249,0,252
335,4,581.0,2972.0,11.0,9.0,1,239,0,252
335,5,530.0,2968.0,15.0,12.0,1,246,0,250
335,6,605.0,2973.0,12.0,8.0,1,247,0,247
335,7,552.0,2973.0,8.0,7.0,1,244,0,245
335,8,640.0,2967.0,9.0,10.0,1,240,0,242
335,9,668.0,2967.0,9.0,9.0,1,232,0,239
335,10,774.0,2977.0,10.0,7.0,1,236,0,238
335,11,717.0,2975.0,9.0,6.0,1,234,0,237
335,13,730.0,2976.0,11.0,10.0,1,229,0,233
335,14,761.0,2974.0,8.0,9.0,1,230,0,232
335,16,789.0,2978.0,11.0,7.0,1,224,0,228
335,17,813.0,2973.0,9.0,7.0,1,227,0,227
335,18,833.0,2980.0,8.0,5.0,1,217,0,225
335,19,826.0,2964.0,11.0,9.0,1,219,0,222
335,20,845.0,2957.0,15.0,12.0,1,215,0,218
335,21,877.0,2960.0,10.0,9.0,1,214,0,216
335,22,894.0,2958.0,11.0,9.0,1,212,0,212
335,23,919.0,2959.0,6.0,10.0,1,205,0,209
335,24,695.0,2976.0,7.0,5.0,1,201,0,206
335,25,937.0,2953.0,9.0,6.0,1,204,0,204
335,26,950.0,2957.0,11.0,4.0,1,192,0,200
336,0,1670.0,3143.0,16.0,8.0,1,337,0,337
336,1,474.0,2961.0,12.0,6.0,1,257,0,261
336,2,497.0,2963.0,10.0,7.0,1,254,0,257
336,3,554.0,2967.0,11.0,13.0,1,250,0,253
336,4,576.0,2971.0,12.0,9.0,1,240,0,253
336,5,524.0,2967.0,17.0,15.0,1,247,0,251
336,6,604.0,2970.0,10.0,11.0,1,248,0,248
336,7,544.0,2968.0,9.0,8.0,1,245,0,246
336,8,631.0,2967.0,10.0,9.0,1,241,0,243
336,9,665.0,2972.0,7.0,5.0,1,233,0,240
336,10,769.0,2980.0,10.0,5.0,1,237,0,239
336,11,712.0,2976.0,10.0,8.0,1,235,0,238
336,13,726.0,2978.0,9.0,7.0,1,230,0,234
336,14,761.0,2974.0,8.0,9.0,0,230,1,233
336,16,783.0,2978.0,12.0,8.0,1,225,0,229
336,17,807.0,2970.0,11.0,9.0,1,228,0,228
336,18,826.0,2979.0,10.0,8.0,1,218,0,226
336,19,824.0,2962.0,10.0,11.0,1,220,0,223
336,20,838.0,2956.0,15.0,11.0,1,216,0,219
336,21,875.0,2956.0,5.0,8.0,1,215,0,217
336,22,889.0,2958.0,10.0,8.0,1,213,0,213
336,23,910.0,2957.0,13.0,11.0,1,206,0,210
336,24,690.0,2971.0,7.0,10.0,1,202,0,207
336,25,929.0,2955.0,8.0,8.0,1,205,0,205
336,26,945.0,2957.0,10.0,6.0,1,193,0,201
337,0,1668.0,3145.0,15.0,7.0,1,338,0,338
337,1,472.0,2962.0,8.0,6.0,1,258,0,262
337,2,491.0,2963.0,12.0,8.0,1,255,0,258
337,3,551.0,2969.0,10.0,10.0,1,251,0,254
337,4,569.0,2973.0,12.0,10.0,1,241,0,254
337,5,522.0,2965.0,14.0,14.0,1,248,0,252
337,6,594.0,2970.0,13.0,10.0,1,249,0,249
337,7,538.0,2967.0,9.0,8.0,1,246,0,247
337,8,624.0,2967.0,10.0,9.0,1,242,0,244
337,9,655.0,2970.0,12.0,8.0,1,234,0,241
337,10,764.0,2978.0,10.0,5.0,1,238,0,240
337,11,702.0,2974.0,11.0,7.0,1,236,0,239
337,13,724.0,2971.0,8.0,9.0,1,231,0,235
337,14,745.0,2978.0,12.0,8.0,1,231,0,234
337,16,776.0,2977.0,12.0,7.0,1,226,0,230
337,17,802.0,2973.0,11.0,7.0,1,229,0,229
337,18,822.0,2975.0,8.0,9.0,1,219,0,227
337,19,817.0,2962.0,10.0,11.0,1,221,0,224
337,20,836.0,2958.0,15.0,11.0,1,217,0,220
337,21,869.0,2958.0,8.0,6.0,1,216,0,218
337,22,883.0,2956.0,11.0,10.0,1,214,0,214
337,23,907.0,2960.0,10.0,7.0,1,207,0,211
337,24,690.0,2971.0,7.0,10.0,0,202,1,208
337,25,927.0,2954.0,9.0,7.0,1,206,0,206
337,26,947.0,2957.0,5.0,8.0,1,194,0,202
338,0,1667.0,3147.0,15.0,7.0,1,339,0,339
338,1,462.0,2960.0,11.0,8.0,1,259,0,263
338,2,486.0,2962.0,10.0,8.0,1,256,0,259
338,3,542.0,2970.0,11.0,9.0,1,252,0,255
338,4,563.0,2972.0,13.0,13.0,1,242,0,255
338,5,514.0,2968.0,14.0,10.0,1,249,0,253
338,6,589.0,2973.0,11.0,10.0,1,250,0,250
338,7,534.0,2971.0,7.0,9.0,1,247,0,248
338,8,619.0,2968.0,10.0,10.0,1,243,0,245
338,9,654.0,2968.0,8.0,8.0,1,235,0,242
338,10,758.0,2979.0,8.0,5.0,1,239,0,241
338,11,700.0,2970.0,10.0,9.0,1,237,0,240
338,13,714.0,2975.0,9.0,6.0,1,232,0,236
338,14,737.0,2974.0,12.0,8.0,1,232,0,235
338,16,771.0,2975.0,12.0,8.0,1,227,0,231
338,17,797.0,2971.0,12.0,9.0,1,230,0,230
338,18,814.0,2973.0,10.0,10.0,1,220,0,228
338,19,815.0,2967.0,9.0,11.0,1,222,0,225
338,20,832.0,2959.0,13.0,9.0,1,218,0,221
338,21,864.0,2958.0,9.0,11.0,1,217,0,219
338,22,878.0,2957.0,9.0,8.0,1,215,0,215
338,23,903.0,2960.0,10.0,9.0,1,208,0,212
338,24,678.0,2975.0,9.0,10.0,1,203,0,209
338,25,919.0,2950.0,10.0,9.0,1,207,0,207
338,26,940.0,2955.0,6.0,10.0,1,195,0,203
339,0,1668.0,3145.0,17.0,8.0,1,340,0,340
339,1,460.0,2959.0,10.0,11.0,1,260,0,264
339,2,484.0,2961.0,8.0,5.0,1,257,0,260
339,3,538.0,2968.0,12.0,8.0,1,253,0,256
339,4,560.0,2971.0,11.0,8.0,1,243,0,256
339,5,509.0,2969.0,15.0,13.0,1,250,0,254
339,6,583.0,2972.0,10.0,8.0,1,251,0,251
339,7,527.0,2972.0,9.0,8.0,1,248,0,249
339,8,614.0,2967.0,9.0,9.0,1,244,0,246
339,9,642.0,2963.0,13.0,12.0,1,236,0,243
339,10,751.0,2975.0,9.0,9.0,1,240,0,242
339,11,693.0,2971.0,10.0,8.0,1,238,0,241
339,13,706.0,2975.0,11.0,8.0,1,233,0,237
339,14,730.0,2973.0,13.0,11.0,1,233,0,236
339,16,767.0,2977.0,11.0,7.0,1,228,0,232
339,17,793.0,2970.0,10.0,9.0,1,231,0,231
339,18,808.0,2981.0,11.0,6.0,1,221,0,229
339,19,808.0,2962.0,12.0,11.0,1,223,0,226
339,20,825.0,2957.0,14.0,11.0,1,219,0,222
339,21,859.0,2959.0,11.0,7.0,1,218,0,220
339,22,875.0,2955.0,11.0,10.0,1,216,0,216
339,23,894.0,2956.0,11.0,9.0,1,209,0,213
339,24,674.0,2975.0,5.0,10.0,1,204,0,210
339,25,915.0,2955.0,11.0,7.0,1,208,0,208
339,26,932.0,2953.0,13.0,8.0,1,196,0,204
340,0,1666.0,3146.0,17.0,7.0,1,341,0,341
340,1,451.0,2959.0,11.0,8.0,1,261,0,265
340,2,480.0,2963.0,6.0,6.0,1,258,0,261
340,3,533.0,2965.0,11.0,10.0,1,254,0,257
340,4,549.0,2971.0,12.0,10.0,1,244,0,257
340,5,504.0,2966.0,12.0,13.0,1,251,0,255
340,6,577.0,2971.0,10.0,8.0,1,252,0,252
340,7,523.0,2967.0,8.0,10.0,1,249,0,250
340,8,605.0,2963.0,13.0,11.0,1,245,0,247
340,9,642.0,2968.0,8.0,9.0,1,237,0,244
340,10,748.0,2979.0,6.0,4.0,1,241,0,243
340,11,685.0,2972.0,10.0,10.0,1,239,0,242
340,13,704.0,2976.0,9.0,6.0,1,234,0,238
340,14,725.0,2974.0,12.0,9.0,1,234,0,237
340,16,763.0,2978.0,9.0,6.0,1,229,0,233
340,17,788.0,2971.0,9.0,8.0,1,232,0,232
340,18,806.0,2978.0,11.0,8.0,1,222,0,230
340,19,803.0,2959.0,13.0,10.0,1,224,0,227
340,20,820.0,2954.0,12.0,12.0,1,220,0,223
340,21,852.0,2958.0,9.0,7.0,1,219,0,221
340,22,868.0,2957.0,10.0,8.0,1,217,0,217
340,23,890.0,2960.0,13.0,7.0,1,210,0,214
340,24,661.0,2969.0,9.0,9.0,1,205,0,211
340,25,911.0,2958.0,10.0,6.0,1,209,0,209
340,26,928.0,2951.0,13.0,10.0,1,197,0,205
341,0,1666.0,3145.0,16.0,7.0,1,342,0,342
341,1,446.0,2959.0,12.0,10.0,1,262,0,266
341,2,470.0,2963.0,9.0,5.0,1,259,0,262
341,3,527.0,2970.0,9.0,6.0,1,255,0,258
341,4,547.0,2971.0,11.0,9.0,1,245,0,258
341,5,499.0,2966.0,9.0,13.0,1,252,0,256
341,6,571.0,2970.0,10.0,7.0,1,253,0,253
341,7,515.0,2968.0,10.0,9.0,1,250,0,251
341,8,602.0,2966.0,11.0,7.0,1,246,0,248
341,9,629.0,2966.0,13.0,9.0,1,238,0,245
341,10,739.0,2979.0,10.0,7.0,1,242,0,244
341,11,682.0,2972.0,9.0,5.0,1,240,0,243
341,13,697.0,2972.0,10.0,8.0,1,235,0,239
341,14,718.0,2975.0,13.0,10.0,1,235,0,238
341,16,763.0,2978.0,9.0,6.0,0,229,1,234
341,17,781.0,2973.0,11.0,9.0,1,233,0,233
341,18,798.0,2974.0,12.0,11.0,1,223,0,231
341,19,797.0,2959.0,13.0,10.0,1,225,0,228
341,20,813.0,2956.0,13.0,9.0,1,221,0,224
341,21,847.0,2961.0,9.0,7.0,1,220,0,222
341,22,864.0,2956.0,10.0,9.0,1,218,0,218
341,23,886.0,2958.0,12.0,8.0,1,211,0,215
341,24,663.0,2971.0,5.0,6.0,1,206,0,212
341,25,908.0,2955.0,10.0,6.0,1,210,0,210
341,26,926.0,2954.0,8.0,9.0,1,198,0,206
342,0,1667.0,3146.0,16.0,7.0,1,343,0,343
342,1,442.0,2958.0,10.0,7.0,1,263,0,267
342,2,465.0,2961.0,10.0,6.0,1,260,0,263
342,3,523.0,2967.0,9.0,10.0,1,256,0,259
342,4,539.0,2972.0,10.0,7.0,1,246,0,259
342,5,493.0,2966.0,10.0,9.0,1,253,0,257
342,6,566.0,2972.0,12.0,8.0,1,254,0,254
342,7,511.0,2966.0,8.0,12.0,1,251,0,252
342,8,596.0,2967.0,8.0,9.0,1,247,0,249
342,9,628.0,2967.0,8.0,10.0,1,239,0,246
342,10,735.0,2973.0,7.0,6.0,1,243,0,245
342,11,673.0,2969.0,9.0,7.0,1,241,0,244
342,13,691.0,2976.0,9.0,5.0,1,236,0,240
342,14,711.0,2970.0,13.0,11.0,1,236,0,239
342,16,763.0,2978.0,9.0,6.0,0,229,2,235
342,17,777.0,2971.0,8.0,9.0,1,234,0,234
342,18,792.0,2975.0,12.0,10.0,1,224,0,232
342,19,792.0,2962.0,12.0,11.0,1,226,0,229
342,20,807.0,2957.0,15.0,13.0,1,222,0,225
342,21,844.0,2959.0,9.0,8.0,1,221,0,223
342,22,859.0,2958.0,8.0,7.0,1,219,0,219
342,23,883.0,2959.0,10.0,8.0,1,212,0,216
342,24,656.0,2972.0,6.0,9.0,1,207,0,213
342,25,904.0,2955.0,9.0,6.0,1,211,0,211
342,26,921.0,2954.0,9.0,9.0,1,199,0,207
343,0,1665.0,3147.0,15.0,7.0,1,344,0,344
343,1,438.0,2955.0,8.0,10.0,1,264,0,268
343,2,464.0,2959.0,9.0,8.0,1,261,0,264
343,3,518.0,2966.0,7.0,6.0,1,257,0,260
343,4,536.0,2966.0,10.0,11.0,1,247,0,260
343,5,486.0,2967.0,11.0,12.0,1,254,0,258
343,6,560.0,2970.0,10.0,7.0,1,255,0,255
343,7,506.0,2966.0,6.0,11.0,1,252,0,253
343,8,591.0,2967.0,10.0,5.0,1,248,0,250
343,9,622.0,2964.0,9.0,10.0,1,240,0,247
343,10,729.0,2972.0,7.0,9.0,1,244,0,246
343,11,669.0,2972.0,10.0,8.0,1,242,0,245
343,13,686.0,2973.0,9.0,8.0,1,237,0,241
343,14,708.0,2973.0,13.0,11.0,1,237,0,240
343,16,746.0,2975.0,6.0,7.0,1,230,0,236
343,17,768.0,2968.0,11.0,7.0,1,235,0,235
343,18,787.0,2978.0,11.0,11.0,1,225,0,233
343,19,790.0,2961.0,13.0,10.0,1,227,0,230
343,20,803.0,2959.0,15.0,9.0,1,223,0,226
343,21,838.0,2955.0,11.0,10.0,1,222,0,224
343,22,855.0,2953.0,11.0,9.0,1,220,0,220
343,23,880.0,2957.0,9.0,7.0,1,213,0,217
343,24,645.0,2972.0,9.0,5.0,1,208,0,214
343,25,896.0,2956.0,11.0,6.0,1,212,0,212
343,26,918.0,2955.0,10.0,7.0,1,200,0,208
344,0,1666.0,3145.0,16.0,7.0,1,345,0,345
344,1,433.0,2957.0,8.0,7.0,1,265,0,269
344,2,454.0,2958.0,9.0,7.0,1,262,0,265
344,3,514.0,2966.0,9.0,6.0,1,258,0,261
344,4,530.0,2973.0,7.0,8.0,1,248,0,261
344,5,484.0,2963.0,10.0,12.0,1,255,0,259
344,6,552.0,2966.0,10.0,9.0,1,256,0,256
344,7,501.0,2965.0,8.0,11.0,1,253,0,254
344,8,585.0,2965.0,10.0,11.0,1,249,0,251
344,9,619.0,2967.0,6.0,8.0,1,241,0,248
344,10,724.0,2975.0,5.0,7.0,1,245,0,247
344,11,663.0,2971.0,8.0,8.0,1,243,0,246
344,13,681.0,2974.0,7.0,7.0,1,238,0,242
344,14,703.0,2972.0,11.0,10.0,1,238,0,241
344,16,746.0,2975.0,6.0,7.0,0,230,1,237
344,17,768.0,2968.0,11.0,9.0,1,236,0,236
344,18,782.0,2977.0,9.0,10.0,1,226,0,234
344,19,784.0,2958.0,11.0,9.0,1,228,0,231
344,20,801.0,2953.0,16.0,12.0,1,224,0,227
344,21,833.0,2955.0,11.0,8.0,1,223,0,225
344,22,849.0,2955.0,9.0,6.0,1,221,0,221
344,23,877.0,2959.0,10.0,5.0,1,214,0,218
344,24,637.0,2967.0,9.0,9.0,1,209,0,215
344,25,895.0,2957.0,10.0,7.0,1,213,0,213
344,26,914.0,2954.0,7.0,9.0,1,201,0,209
345,0,1666.0,3144.0,17.0,8.0,1,346,0,346
345,1,425.0,2959.0,11.0,10.0,1,266,0,270
345,2,446.0,2959.0,10.0,10.0,1,263,0,266
345,3,506.0,2967.0,7.0,10.0,1,259,0,262
345,4,522.0,2969.0,11.0,12.0,1,249,0,262
345,5,479.0,2963.0,8.0,12.0,1,256,0,260
345,6,551.0,2970.0,9.0,7.0,1,257,0,257
345,7,498.0,2971.0,6.0,7.0,1,254,0,255
345,8,580.0,2966.0,10.0,7.0,1,250,0,252
345,9,611.0,2966.0,8.0,11.0,1,242,0,249
345,10,717.0,2975.0,9.0,9.0,1,246,0,248
345,11,659.0,2968.0,7.0,9.0,1,244,0,247
345,13,674.0,2969.0,8.0,10.0,1,239,0,243
345,14,696.0,2972.0,14.0,10.0,1,239,0,242
345,16,730.0,2969.0,11.0,11.0,1,231,0,238
345,17,760.0,2970.0,10.0,9.0,1,237,0,237
345,18,779.0,2974.0,10.0,10.0,1,227,0,235
345,19,784.0,2958.0,11.0,9.0,0,228,1,232
345,20,793.0,2955.0,16.0,11.0,1,225,0,228
345,21,827.0,2958.0,10.0,11.0,1,224,0,226
345,22,848.0,2957.0,8.0,11.0,1,222,0,222
345,23,869.0,2958.0,11.0,6.0,1,215,0,219
345,24,639.0,2970.0,5.0,7.0,1,210,0,216
345,25,890.0,2954.0,8.0,6.0,1,214,0,214
345,26,914.0,2954.0,7.0,9.0,0,201,1,210
346,0,1666.0,3145.0,14.0,7.0,1,347,0,347
346,1,422.0,2959.0,10.0,8.0,1,267,0,271
346,2,445.0,2958.0,9.0,8.0,1,264,0,267
346,3,503.0,2966.0,6.0,5.0,1,260,0,263
346,4,516.0,2965.0,12.0,11.0,1,250,0,263
346,5,471.0,2963.0,11.0,10.0,1,257,0,261
346,6,541.0,2970.0,13.0,7.0,1,258,0,258
346,7,487.0,2966.0,10.0,10.0,1,255,0,256
346,8,576.0,2967.0,7.0,6.0,1,251,0,253
346,9,604.0,2965.0,9.0,8.0,1,243,0,250
346,10,711.0,2975.0,5.0,9.0,1,247,0,249
346,11,652.0,2969.0,7.0,7.0,1,245,0,248
346,13,667.0,2971.0,10.0,9.0,1,240,0,244
346,14,688.0,2971.0,11.0,9.0,1,240,0,243
346,16,724.0,2973.0,11.0,7.0,1,232,0,239
346,17,755.0,2970.0,9.0,7.0,1,238,0,238
346,18,773.0,2979.0,11.0,6.0,1,228,0,236
346,19,776.0,2960.0,13.0,11.0,1,229,0,233
346,20,790.0,2957.0,13.0,9.0,1,226,0,229
346,21,822.0,2959.0,10.0,6.0,1,225,0,227
346,22,841.0,2956.0,10.0,9.0,1,223,0,223
346,23,864.0,2959.0,11.0,8.0,1,216,0,220
346,24,628.0,2971.0,10.0,8.0,1,211,0,217
346,25,885.0,2955.0,12.0,7.0,1,215,0,215
346,26,901.0,2955.0,9.0,10.0,1,202,0,211
347,0,1666.0,3143.0,15.0,8.0,1,348,0,348
347,1,417.0,2955.0,8.0,10.0,1,268,0,272
347,2,442.0,2957.0,7.0,7.0,1,265,0,268
347,3,493.0,2961.0,9.0,9.0,1,261,0,264
347,4,512.0,2965.0,9.0,13.0,1,251,0,264
347,5,465.0,2961.0,12.0,11.0,1,258,0,262
347,6,538.0,2967.0,7.0,8.0,1,259,0,259
347,7,487.0,2967.0,7.0,6.0,1,256,0,257
347,8,569.0,2964.0,9.0,8.0,1,252,0,254
347,9,599.0,2962.0,10.0,10.0,1,244,0,251
347,10,704.0,2969.0,10.0,10.0,1,248,0,250
347,11,645.0,2969.0,10.0,10.0,1,246,0,249
347,13,659.0,2972.0,10.0,9.0,1,241,0,245
347,14,683.0,2969.0,12.0,11.0,1,241,0,244
347,16,717.0,2975.0,12.0,8.0,1,233,0,240
347,17,752.0,2965.0,8.0,11.0,1,239,0,239
347,18,767.0,2979.0,10.0,10.0,1,229,0,237
347,19,774.0,2961.0,12.0,10.0,1,230,0,234
347,20,787.0,2956.0,12.0,10.0,1,227,0,230
347,21,818.0,2956.0,10.0,11.0,1,226,0,228
347,22,836.0,2955.0,11.0,8.0,1,224,0,224
347,23,863.0,2958.0,5.0,6.0,1,217,0,221
347,24,623.0,2968.0,9.0,9.0,1,212,0,218
347,25,880.0,2956.0,8.0,7.0,1,216,0,216
347,26,898.0,2952.0,10.0,8.0,1,203,0,212
348,0,1665.0,3142.0,14.0,7.0,1,349,0,349
348,1,411.0,2958.0,10.0,5.0,1,269,0,273
348,2,434.0,2958.0,8.0,6.0,1,266,0,269
348,3,491.0,2967.0,8.0,5.0,1,262,0,265
348,4,511.0,2971.0,7.0,6.0,1,252,0,265
348,5,464.0,2961.0,7.0,11.0,1,259,0,263
348,6,530.0,2967.0,10.0,9.0,1,260,0,260
348,7,479.0,2966.0,8.0,6.0,1,257,0,258
348,8,560.0,2963.0,9.0,9.0,1,253,0,255
348,9,595.0,2965.0,11.0,8.0,1,245,0,252
348,10,698.0,2974.0,7.0,11.0,1,249,0,251
348,11,639.0,2970.0,9.0,8.0,1,247,0,250
348,13,658.0,2969.0,5.0,5.0,1,242,0,246
348,14,682.0,2975.0,10.0,7.0,1,242,0,245
348,16,711.0,2970.0,12.0,10.0,1,234,0,241
348,17,747.0,2971.0,6.0,7.0,1,240,0,240
348,18,764.0,2976.0,7.0,11.0,1,230,0,238
348,19,765.0,2957.0,12.0,10.0,1,231,0,235
348,20,782.0,2951.0,13.0,11.0,1,228,0,231
348,21,815.0,2961.0,9.0,6.0,1,227,0,229
348,22,836.0,2959.0,7.0,8.0,1,225,0,225
348,23,856.0,2955.0,10.0,10.0,1,218,0,222
348,24,614.0,2966.0,10.0,8.0,1,213,0,219
348,25,875.0,2957.0,10.0,7.0,1,217,0,217
348,26,894.0,2957.0,11.0,6.0,1,204,0,213
349,0,1667.0,3142.0,12.0,7.0,1,350,0,350
349,1,406.0,2958.0,7.0,8.0,1,270,0,274
349,2,430.0,2958.0,10.0,7.0,1,267,0,270
349,3,488.0,2967.0,5.0,6.0,1,263,0,266
349,4,504.0,2968.0,7.0,9.0,1,253,0,266
349,5,455.0,2962.0,9.0,9.0,1,260,0,264
349,6,526.0,2967.0,14.0,10.0,1,261,0,261
349,7,472.0,2964.0,11.0,7.0,1,258,0,259
349,8,560.0,2965.0,7.0,8.0,1,254,0,256
349,9,586.0,2967.0,12.0,8.0,1,246,0,253
349,10,689.0,2976.0,9.0,9.0,1,250,0,252
349,11,632.0,2966.0,9.0,7.0,1,248,0,251
349,13,651.0,2966.0,9.0,9.0,1,243,0,247
349,14,673.0,2974.0,9.0,8.0,1,243,0,246
349,16,706.0,2969.0,12.0,11.0,1,235,0,242
349,17,743.0,2971.0,6.0,5.0,1,241,0,241
349,18,756.0,2975.0,10.0,9.0,1,231,0,239
349,19,762.0,2958.0,14.0,9.0,1,232,0,236
349,20,781.0,2957.0,11.0,9.0,1,229,0,232
349,21,807.0,2958.0,11.0,8.0,1,228,0,230
349,22,826.0,2956.0,12.0,10.0,1,226,0,226
349,23,851.0,2958.0,11.0,6.0,1,219,0,223
349,24,616.0,2971.0,6.0,6.0,1,214,0,220
349,25,871.0,2957.0,9.0,6.0,1,218,0,218
349,26,888.0,2954.0,10.0,6.0,1,205,0,214
350,0,1669.0,3142.0,17.0,10.0,1,351,0,351
350,1,401.0,2955.0,10.0,7.0,1,271,0,275
350,2,422.0,2960.0,10.0,7.0,1,268,0,271
350,3,488.0,2967.0,5.0,6.0,0,263,1,267
350,4,497.0,2962.0,10.0,12.0,1,254,0,267
350,5,450.0,2962.0,10.0,10.0,1,261,0,265
350,6,520.0,2967.0,11.0,8.0,1,262,0,262
350,7,464.0,2967.0,13.0,6.0,1,259,0,260
350,8,550.0,2965.0,10.0,9.0,1,255,0,257
350,9,583.0,2963.0,9.0,9.0,1,247,0,254
350,10,683.0,2970.0,11.0,10.0,1,251,0,253
350,11,627.0,2967.0,9.0,6.0,1,249,0,252
350,13,647.0,2972.0,6.0,9.0,1,244,0,248
350,14,666.0,2969.0,9.0,9.0,1,244,0,247
350,16,702.0,2970.0,11.0,10.0,1,236,0,243
350,17,734.0,2966.0,10.0,9.0,1,242,0,242
350,18,750.0,2977.0,11.0,6.0,1,232,0,240
350,19,759.0,2960.0,11.0,9.0,1,233,0,237
350,20,775.0,2957.0,10.0,9.0,1,230,0,233
350,21,803.0,2955.0,10.0,8.0,1,229,0,231
350,22,821.0,2954.0,11.0,10.0,1,227,0,227
350,23,846.0,2955.0,10.0,9.0,1,220,0,224
350,24,607.0,2971.0,9.0,7.0,1,215,0,221
350,25,865.0,2955.0,10.0,8.0,1,219,0,219
350,26,888.0,2957.0,11.0,8.0,1,206,0,215
351,0,1668.0,3140.0,15.0,10.0,1,352,0,352
351,1,393.0,2951.0,14.0,8.0,1,272,0,276
351,2,421.0,2956.0,7.0,6.0,1,269,0,272
351,3,488.0,2967.0,5.0,6.0,0,263,2,268
351,4,489.0,2961.0,12.0,13.0,1,255,0,268
351,5,446.0,2962.0,9.0,12.0,1,262,0,266
351,6,513.0,2961.0,12.0,11.0,1,263,0,263
351,7,462.0,2966.0,11.0,7.0,1,260,0,261
351,8,545.0,2960.0,9.0,11.0,1,256,0,258
351,9,573.0,2961.0,11.0,10.0,1,248,0,255
351,10,679.0,2970.0,9.0,13.0,1,252,0,254
351,11,622.0,2968.0,9.0,6.0,1,250,0,253
351,13,638.0,2972.0,8.0,7.0,1,245,0,249
351,14,659.0,2972.0,13.0,8.0,1,245,0,248
351,16,695.0,2971.0,11.0,9.0,1,237,0,244
351,17,731.0,2967.0,9.0,7.0,1,243,0,243
351,18,749.0,2979.0,9.0,5.0,1,233,0,241
351,19,758.0,2957.0,12.0,8.0,1,234,0,238
351,20,769.0,2950.0,14.0,12.0,1,231,0,234
351,21,800.0,2951.0,10.0,12.0,1,230,0,232
351,22,818.0,2955.0,12.0,7.0,1,228,0,228
351,23,843.0,2956.0,10.0,8.0,1,221,0,225
351,24,602.0,2966.0,6.0,6.0,1,216,0,222
351,25,861.0,2957.0,10.0,6.0,1,220,0,220
351,26,880.0,2956.0,11.0,5.0,1,207,0,216
352,0,1673.0,3139.0,17.0,6.0,1,353,0,353
352,1,385.0,2954.0,14.0,6.0,1,273,0,277
352,2,415.0,2955.0,9.0,8.0,1,270,0,273
352,3,470.0,2962.0,6.0,8.0,1,264,0,269
352,4,485.0,2966.0,8.0,10.0,1,256,0,269
352,5,441.0,2958.0,7.0,11.0,1,263,0,267
352,6,508.0,2965.0,12.0,10.0,1,264,0,264
352,7,456.0,2966.0,9.0,6.0,1,261,0,262
352,8,539.0,2962.0,7.0,8.0,1,257,0,259
352,9,574.0,2966.0,8.0,8.0,1,249,0,256
352,10,675.0,2971.0,8.0,12.0,1,253,0,255
352,11,616.0,2967.0,9.0,6.0,1,251,0,254
352,13,635.0,2966.0,5.0,8.0,1,246,0,250
352,14,654.0,2969.0,13.0,11.0,1,246,0,249
352,16,686.0,2968.0,14.0,10.0,1,238,0,245
352,17,724.0,2966.0,8.0,8.0,1,244,0,244
352,18,743.0,2976.0,10.0,8.0,1,234,0,242
352,19,754.0,2954.0,12.0,13.0,1,235,0,239
352,20,762.0,2950.0,11.0,10.0,1,232,0,235
352,21,795.0,2952.0,10.0,10.0,1,231,0,233
352,22,812.0,2955.0,11.0,9.0,1,229,0,229
352,23,837.0,2956.0,12.0,8.0,1,222,0,226
352,24,591.0,2966.0,14.0,7.0,1,217,0,223
352,25,855.0,2956.0,11.0,8.0,1,221,0,221
352,26,878.0,2954.0,7.0,8.0,1,208,0,217
353,0,1670.0,3134.0,17.0,12.0,1,354,0,354
353,1,382.0,2955.0,11.0,9.0,1,274,0,278
353,2,409.0,2957.0,11.0,8.0,1,271,0,274
353,3,464.0,2961.0,9.0,7.0,1,265,0,270
353,4,481.0,2966.0,8.0,11.0,1,257,0,270
353,5,439.0,2958.0,7.0,9.0,1,264,0,268
353,6,501.0,2965.0,12.0,11.0,1,265,0,265
353,7,452.0,2966.0,12.0,6.0,1,262,0,263
353,8,535.0,2962.0,9.0,11.0,1,258,0,260
353,9,565.0,2965.0,9.0,9.0,1,250,0,257
353,10,668.0,2970.0,9.0,11.0,1,254,0,256
353,11,610.0,2963.0,9.0,7.0,1,252,0,255
353,13,628.0,2966.0,9.0,10.0,1,247,0,251
353,14,650.0,2966.0,12.0,8.0,1,247,0,250
353,16,682.0,2967.0,12.0,9.0,1,239,0,246
353,17,719.0,2966.0,10.0,9.0,1,245,0,245
353,18,743.0,2976.0,10.0,8.0,0,234,1,243
353,19,750.0,2957.0,12.0,8.0,1,236,0,240
353,20,761.0,2951.0,11.0,11.0,1,233,0,236
353,21,789.0,2954.0,10.0,9.0,1,232,0,234
353,22,808.0,2953.0,12.0,7.0,1,230,0,230
353,23,834.0,2953.0,10.0,9.0,1,223,0,227
353,24,588.0,2966.0,12.0,8.0,1,218,0,224
353,25,852.0,2957.0,11.0,7.0,1,222,0,222
353,26,874.0,2955.0,7.0,7.0,1,209,0,218
354,0,1676.0,3136.0,13.0,11.0,1,355,0,355
354,1,379.0,2955.0,11.0,6.0,1,275,0,279
354,2,403.0,2955.0,10.0,10.0,1,272,0,275
354,3,459.0,2961.0,6.0,8.0,1,266,0,271
354,4,477.0,2960.0,7.0,14.0,1,258,0,271
354,5,430.0,2960.0,11.0,10.0,1,265,0,269
354,6,499.0,2962.0,8.0,6.0,1,266,0,266
354,7,446.0,2964.0,12.0,5.0,1,263,0,264
354,8,531.0,2963.0,10.0,9.0,1,259,0,261
354,9,562.0,2962.0,7.0,6.0,1,251,0,258
354,10,663.0,2966.0,10.0,9.0,1,255,0,257
354,11,607.0,2968.0,9.0,7.0,1,253,0,256
354,13,622.0,2968.0,11.0,8.0,1,248,0,252
354,14,644.0,2967.0,12.0,11.0,1,248,0,251
354,16,678.0,2972.0,10.0,9.0,1,240,0,247
354,17,715.0,2967.0,10.0,5.0,1,246,0,246
354,18,731.0,2979.0,9.0,5.0,1,235,0,244
354,19,747.0,2955.0,12.0,9.0,1,237,0,241
354,20,756.0,2953.0,13.0,10.0,1,234,0,237
354,21,787.0,2950.0,9.0,10.0,1,233,0,235
354,22,805.0,2952.0,10.0,8.0,1,231,0,231
354,23,827.0,2955.0,11.0,9.0,1,224,0,228
354,24,581.0,2967.0,11.0,7.0,1,219,0,225
354,25,847.0,2955.0,13.0,9.0,1,223,0,223
354,26,867.0,2956.0,11.0,8.0,1,210,0,219
355,0,1674.0,3135.0,13.0,10.0,1,356,0,356
355,1,374.0,2952.0,11.0,9.0,1,276,0,280
355,2,398.0,2956.0,10.0,7.0,1,273,0,276
355,3,455.0,2962.0,9.0,6.0,1,267,0,272
355,4,473.0,2962.0,9.0,11.0,1,259,0,272
355,5,423.0,2958.0,13.0,11.0,1,266,0,270
355,6,492.0,2960.0,6.0,10.0,1,267,0,267
355,7,443.0,2963.0,10.0,5.0,1,264,0,265
355,8,524.0,2957.0,10.0,11.0,1,260,0,262
355,9,562.0,2962.0,7.0,6.0,0,251,1,259
355,10,654.0,2970.0,10.0,6.0,1,256,0,258
355,11,600.0,2968.0,9.0,7.0,1,254,0,257
355,13,615.0,2968.0,8.0,6.0,1,249,0,253
355,14,639.0,2967.0,10.0,10.0,1,249,0,252
355,16,674.0,2969.0,12.0,11.0,1,241,0,248
355,17,711.0,2962.0,8.0,10.0,1,247,0,247
355,18,731.0,2979.0,9.0,5.0,0,235,1,245
355,19,740.0,2956.0,11.0,9.0,1,238,0,242
355,20,754.0,2951.0,10.0,9.0,1,235,0,238
355,21,785.0,2953.0,10.0,6.0,1,234,0,236
355,22,799.0,2953.0,11.0,8.0,1,232,0,232
355,23,822.0,2954.0,10.0,7.0,1,225,0,229
355,24,579.0,2966.0,6.0,6.0,1,220,0,226
355,25,841.0,2955.0,10.0,7.0,1,224,0,224
355,26,862.0,2956.0,11.0,7.0,1,211,0,220
356,0,1675.0,3131.0,13.0,10.0,1,357,0,357
356,1,369.0,2952.0,10.0,8.0,1,277,0,281
356,2,395.0,2954.0,8.0,7.0,1,274,0,277
356,3,447.0,2962.0,10.0,9.0,1,268,0,273
356,4,465.0,2965.0,10.0,10.0,1,260,0,273
356,5,421.0,2958.0,8.0,9.0,1,267,0,271
356,6,484.0,2964.0,12.0,10.0,1,268,0,268
356,7,439.0,2964.0,9.0,4.0,1,265,0,266
356,8,516.0,2959.0,10.0,9.0,1,261,0,263
356,9,546.0,2962.0,9.0,8.0,1,252,0,260
356,10,650.0,2968.0,12.0,12.0,1,257,0,259
356,11,595.0,2966.0,7.0,5.0,1,255,0,258
356,13,608.0,2966.0,9.0,9.0,1,250,0,254
356,14,631.0,2969.0,12.0,9.0,1,250,0,253
356,16,668.0,2967.0,11.0,9.0,1,242,0,249
356,17,703.0,2965.0,11.0,8.0,1,248,0,248
356,18,724.0,2973.0,13.0,9.0,1,236,0,246
356,19,738.0,2955.0,12.0,8.0,1,239,0,243
356,20,751.0,2953.0,9.0,7.0,1,236,0,239
356,21,774.0,2957.0,14.0,9.0,1,235,0,237
356,22,796.0,2955.0,12.0,10.0,1,233,0,233
356,23,818.0,2952.0,11.0,8.0,1,226,0,230
356,24,569.0,2965.0,9.0,7.0,1,221,0,227
356,25,837.0,2958.0,11.0,7.0,1,225,0,225
356,26,860.0,2954.0,8.0,9.0,1,212,0,221
357,0,1677.0,3127.0,16.0,12.0,1,358,0,358
357,1,363.0,2954.0,14.0,11.0,1,278,0,282
357,2,391.0,2955.0,8.0,8.0,1,275,0,278
357,3,446.0,2960.0,11.0,7.0,1,269,0,274
357,4,461.0,2963.0,11.0,9.0,1,261,0,274
357,5,416.0,2960.0,9.0,9.0,1,268,0,272
357,6,481.0,2963.0,9.0,9.0,1,269,0,269
357,7,432.0,2962.0,9.0,11.0,1,266,0,267
357,8,512.0,2961.0,9.0,12.0,1,262,0,264
357,9,542.0,2964.0,9.0,7.0,1,253,0,261
357,10,644.0,2971.0,11.0,7.0,1,258,0,260
357,11,586.0,2963.0,9.0,9.0,1,256,0,259
357,13,603.0,2968.0,11.0,7.0,1,251,0,255
357,14,626.0,2968.0,8.0,7.0,1,251,0,254
357,16,660.0,2969.0,12.0,9.0,1,243,0,250
357,17,700.0,2967.0,13.0,10.0,1,249,0,249
357,18,718.0,2975.0,7.0,9.0,1,237,0,247
357,19,733.0,2958.0,13.0,7.0,1,240,0,244
357,20,744.0,2950.0,10.0,12.0,1,237,0,240
357,21,775.0,2954.0,11.0,7.0,1,236,0,238
357,22,791.0,2955.0,12.0,8.0,1,234,0,234
357,23,814.0,2953.0,9.0,8.0,1,227,0,231
357,24,568.0,2968.0,8.0,6.0,1,222,0,228
357,25,834.0,2956.0,9.0,7.0,1,226,0,226
357,26,853.0,2958.0,13.0,6.0,1,213,0,222
358,0,1674.0,3130.0,20.0,8.0,1,359,0,359
358,1,358.0,2954.0,12.0,8.0,1,279,0,283
358,2,382.0,2954.0,10.0,8.0,1,276,0,279
358,3,440.0,2959.0,11.0,7.0,1,270,0,275
358,4,456.0,2958.0,10.0,11.0,1,262,0,275
358,5,410.0,2958.0,12.0,9.0,1,269,0,273
358,6,476.0,2959.0,9.0,9.0,1,270,0,270
358,7,427.0,2960.0,8.0,8.0,1,267,0,268
358,8,506.0,2962.0,11.0,7.0,1,263,0,265
358,9,536.0,2959.0,9.0,8.0,1,254,0,262
358,10,642.0,2968.0,6.0,6.0,1,259,0,261
358,11,585.0,2966.0,9.0,9.0,1,257,0,260
358,13,600.0,2967.0,9.0,9.0,1,252,0,256
358,14,622.0,2962.0,13.0,11.0,1,252,0,255
358,16,656.0,2969.0,11.0,9.0,1,244,0,251
358,17,695.0,2965.0,12.0,8.0,1,250,0,250
358,18,712.0,2975.0,8.0,8.0,1,238,0,248
358,19,729.0,2956.0,11.0,8.0,1,241,0,245
358,20,739.0,2949.0,11.0,10.0,1,238,0,241
358,21,770.0,2952.0,11.0,9.0,1,237,0,239
358,22,786.0,2952.0,13.0,10.0,1,235,0,235
358,23,810.0,2955.0,11.0,9.0,1,228,0,232
358,24,563.0,2969.0,10.0,6.0,1,223,0,229
358,25,830.0,2956.0,12.0,8.0,1,227,0,227
358,26,852.0,2957.0,10.0,8.0,1,214,0,223
359,0,1680.0,3132.0,15.0,9.0,1,360,0,360
359,1,356.0,2951.0,8.0,10.0,1,280,0,284
359,2,378.0,2952.0,8.0,6.0,1,277,0,280
359,3,434.0,2961.0,12.0,7.0,1,271,0,276
359,4,456.0,2958.0,10.0,11.0,0,262,1,276
359,5,403.0,2960.0,11.0,10.0,1,270,0,274
359,6,471.0,2959.0,15.0,12.0,1,271,0,271
359,7,420.0,2957.0,10.0,10.0,1,268,0,269
359,8,503.0,2958.0,11.0,10.0,1,264,0,266
359,9,530.0,2959.0,9.0,9.0,1,255,0,263
359,10,638.0,2966.0,5.0,8.0,1,260,0,262
359,11,575.0,2965.0,9.0,11.0,1,258,0,261
359,13,595.0,2967.0,5.0,8.0,1,253,0,257
359,14,614.0,2967.0,11.0,9.0,1,253,0,256
359,16,652.0,2966.0,9.0,8.0,1,245,0,252
359,17,688.0,2965.0,11.0,9.0,1,251,0,251
359,18,709.0,2970.0,9.0,9.0,1,239,0,249
359,19,729.0,2954.0,9.0,7.0,1,242,0,246
359,20,737.0,2948.0,9.0,8.0,1,239,0,242
359,21,765.0,2954.0,10.0,8.0,1,238,0,240
359,22,786.0,2956.0,9.0,5.0,1,236,0,236
359,23,809.0,2955.0,9.0,6.0,1,229,0,233
359,24,557.0,2960.0,8.0,9.0,1,224,0,230
359,25,823.0,2956.0,12.0,7.0,1,228,0,228
359,26,846.0,2957.0,11.0,9.0,1,215,0,224
360,0,1679.0,3127.0,17.0,10.0,1,361,0,361
360,1,346.0,2952.0,10.0,8.0,1,281,0,285
360,2,372.0,2951.0,13.0,8.0,1,278,0,281
360,3,432.0,2962.0,10.0,6.0,1,272,0,277
360,4,446.0,2962.0,8.0,6.0,1,263,0,277
360,5,399.0,2956.0,12.0,11.0,1,271,0,275
360,6,465.0,2963.0,13.0,10.0,1,272,0,272
360,7,417.0,2961.0,10.0,9.0,1,269,0,270
360,8,498.0,2958.0,10.0,10.0,1,265,0,267
360,9,522.0,2963.0,13.0,9.0,1,256,0,264
360,10,629.0,2972.0,7.0,7.0,1,261,0,263
360,11,571.0,2961.0,10.0,11.0,1,259,0,262
360,13,588.0,2963.0,9.0,10.0,1,254,0,258
360,14,609.0,2967.0,13.0,8.0,1,254,0,257
360,16,644.0,2962.0,10.0,12.0,1,246,0,253
360,17,686.0,2963.0,11.0,7.0,1,252,0,252
360,18,702.0,2973.0,12.0,9.0,1,240,0,250
360,19,726.0,2956.0,7.0,6.0,1,243,0,247
360,20,732.0,2951.0,9.0,9.0,1,240,0,243
360,21,760.0,2954.0,11.0,8.0,1,239,0,241
360,22,779.0,2953.0,10.0,9.0,1,237,0,237
360,23,801.0,2951.0,11.0,9.0,1,230,0,234
360,24,548.0,2963.0,9.0,8.0,1,225,0,231
360,25,821.0,2954.0,11.0,7.0,1,229,0,229
360,26,842.0,2955.0,14.0,9.0,1,216,0,225
361,0,1683.0,3124.0,13.0,10.0,1,362,0,362
361,1,343.0,2953.0,10.0,8.0,1,282,0,286
361,2,365.0,2952.0,12.0,7.0,1,279,0,282
361,3,425.0,2959.0,9.0,9.0,1,273,0,278
361,4,443.0,2963.0,9.0,7.0,1,264,0,278
361,5,393.0,2956.0,11.0,9.0,1,272,0,276
361,6,461.0,2962.0,12.0,6.0,1,273,0,273
361,7,411.0,2961.0,11.0,8.0,1,270,0,271
361,8,491.0,2959.0,12.0,10.0,1,266,0,268
361,9,518.0,2963.0,13.0,7.0,1,257,0,265
361,10,627.0,2968.0,6.0,7.0,1,262,0,264
361,11,567.0,2964.0,9.0,8.0,1,260,0,263
361,13,582.0,2968.0,10.0,9.0,1,255,0,259
361,14,603.0,2967.0,14.0,8.0,1,255,0,258
361,16,640.0,2967.0,10.0,7.0,1,247,0,254
361,17,684.0,2963.0,7.0,9.0,1,253,0,253
361,18,696.0,2972.0,14.0,6.0,1,241,0,251
361,19,724.0,2960.0,8.0,4.0,1,244,0,248
361,20,727.0,2947.0,12.0,9.0,1,241,0,244
361,21,758.0,2949.0,11.0,10.0,1,240,0,242
361,22,778.0,2951.0,9.0,10.0,1,238,0,238
361,23,799.0,2955.0,10.0,7.0,1,231,0,235
361,24,544.0,2964.0,10.0,7.0,1,226,0,232
361,25,815.0,2956.0,11.0,6.0,1,230,0,230
361,26,840.0,2958.0,10.0,6.0,1,217,0,226
362,0,1678.0,3120.0,18.0,11.0,1,363,0,363
362,1,340.0,2949.0,10.0,10.0,1,283,0,287
362,2,362.0,2956.0,11.0,8.0,1,280,0,283
362,3,420.0,2960.0,8.0,8.0,1,274,0,279
362,4,436.0,2958.0,11.0,11.0,1,265,0,279
362,5,390.0,2956.0,11.0,10.0,1,273,0,277
362,6,455.0,2959.0,12.0,10.0,1,274,0,274
362,7,408.0,2959.0,10.0,10.0,1,271,0,272
362,8,487.0,2960.0,10.0,8.0,1,267,0,269
362,9,513.0,2959.0,10.0,10.0,1,258,0,266
362,10,620.0,2965.0,10.0,9.0,1,263,0,265
362,11,558.0,2965.0,9.0,8.0,1,261,0,264
362,13,576.0,2965.0,10.0,9.0,1,256,0,260
362,14,597.0,2963.0,12.0,10.0,1,256,0,259
362,16,633.0,2966.0,17.0,12.0,1,248,0,255
362,17,677.0,2962.0,8.0,6.0,1,254,0,254
362,18,691.0,2972.0,13.0,8.0,1,242,0,252
362,19,724.0,2959.0,5.0,4.0,1,245,0,249
362,20,727.0,2949.0,11.0,6.0,1,242,0,245
362,21,754.0,2953.0,5.0,5.0,1,241,0,243
362,22,769.0,2951.0,11.0,10.0,1,239,0,239
362,23,792.0,2955.0,11.0,10.0,1,232,0,236
362,24,540.0,2963.0,9.0,7.0,1,227,0,233
362,25,812.0,2953.0,12.0,7.0,1,231,0,231
362,26,832.0,2960.0,11.0,7.0,1,218,0,227
363,0,1681.0,3122.0,17.0,12.0,1,364,0,364
363,1,334.0,2950.0,11.0,10.0,1,284,0,288
363,2,359.0,2953.0,12.0,8.0,1,281,0,284
363,3,413.0,2959.0,13.0,9.0,1,275,0,280
363,4,437.0,2962.0,6.0,7.0,1,266,0,280
363,5,383.0,2956.0,10.0,11.0,1,274,0,278
363,6,453.0,2963.0,12.0,6.0,1,275,0,275
363,7,408.0,2959.0,10.0,10.0,0,271,1,273
363,8,483.0,2959.0,11.0,8.0,1,268,0,270
363,9,512.0,2962.0,11.0,6.0,1,259,0,267
363,10,615.0,2967.0,9.0,9.0,1,264,0,266
363,11,555.0,2963.0,8.0,6.0,1,262,0,265
363,13,574.0,2963.0,5.0,9.0,1,257,0,261
363,14,598.0,2966.0,10.0,10.0,1,257,0,260
363,16,632.0,2967.0,10.0,10.0,1,249,0,256
363,17,673.0,2957.0,8.0,11.0,1,255,0,255
363,18,684.0,2965.0,13.0,12.0,1,243,0,253
363,19,717.0,2953.0,8.0,6.0,1,246,0,250
363,20,714.0,2945.0,10.0,7.0,1,243,0,246
363,21,749.0,2947.0,10.0,11.0,1,242,0,244
363,22,767.0,2951.0,10.0,9.0,1,240,0,240
363,23,790.0,2953.0,10.0,7.0,1,233,0,237
363,24,536.0,2963.0,8.0,6.0,1,228,0,234
363,25,807.0,2954.0,12.0,9.0,1,232,0,232
363,26,830.0,2957.0,10.0,6.0,1,219,0,228
364,0,1686.0,3121.0,13.0,10.0,1,365,0,365
364,1,329.0,2950.0,10.0,10.0,1,285,0,289
364,2,354.0,2952.0,10.0,8.0,1,282,0,285
364,3,411.0,2960.0,12.0,9.0,1,276,0,281
364,4,429.0,2963.0,11.0,7.0,1,267,0,281
364,5,378.0,2954.0,12.0,10.0,1,275,0,279
364,6,447.0,2960.0,14.0,8.0,1,276,0,276
364,7,396.0,2957.0,8.0,9.0,1,272,0,274
364,8,478.0,2960.0,10.0,10.0,1,269,0,271
364,9,503.0,2963.0,12.0,9.0,1,260,0,268
364,10,607.0,2967.0,11.0,10.0,1,265,0,267
364,11,548.0,2960.0,8.0,8.0,1,263,0,266
364,13,565.0,2964.0,8.0,8.0,1,258,0,262
364,14,585.0,2966.0,13.0,9.0,1,258,0,261
364,16,625.0,2965.0,11.0,12.0,1,250,0,257
364,17,668.0,2962.0,10.0,9.0,1,256,0,256
364,18,685.0,2969.0,7.0,6.0,1,244,0,254
364,19,713.0,2956.0,12.0,5.0,1,247,0,251
364,20,713.0,2949.0,11.0,5.0,1,244,0,247
364,21,746.0,2950.0,8.0,6.0,1,243,0,245
364,22,762.0,2952.0,11.0,7.0,1,241,0,241
364,23,785.0,2949.0,10.0,10.0,1,234,0,238
364,24,528.0,2965.0,10.0,4.0,1,229,0,235
364,25,803.0,2956.0,11.0,9.0,1,233,0,233
364,26,825.0,2956.0,12.0,8.0,1,220,0,229
365,0,1691.0,3116.0,13.0,9.0,1,366,0,366
365,1,325.0,2953.0,12.0,10.0,1,286,0,290
365,2,348.0,2954.0,12.0,7.0,1,283,0,286
365,3,410.0,2960.0,7.0,6.0,1,277,0,282
365,4,425.0,2960.0,7.0,7.0,1,268,0,282
365,5,375.0,2956.0,11.0,9.0,1,276,0,280
365,6,445.0,2960.0,9.0,8.0,1,277,0,277
365,7,392.0,2959.0,9.0,10.0,1,273,0,275
365,8,471.0,2958.0,10.0,6.0,1,270,0,272
365,9,498.0,2962.0,11.0,7.0,1,261,0,269
365,10,602.0,2966.0,8.0,7.0,1,266,0,268
365,11,545.0,2965.0,10.0,7.0,1,264,0,267
365,13,559.0,2963.0,9.0,5.0,1,259,0,263
365,14,583.0,2964.0,11.0,6.0,1,259,0,262
365,16,621.0,2966.0,10.0,8.0,1,251,0,258
365,17,664.0,2962.0,11.0,8.0,1,257,0,257
365,18,678.0,2969.0,9.0,10.0,1,245,0,255
365,19,714.0,2956.0,8.0,5.0,1,248,0,252
365,20,713.0,2949.0,11.0,5.0,0,244,1,248
365,21,740.0,2948.0,13.0,9.0,1,244,0,246
365,22,759.0,2948.0,11.0,9.0,1,242,0,242
365,23,783.0,2955.0,10.0,6.0,1,235,0,239
365,24,525.0,2962.0,8.0,10.0,1,230,0,236
365,25,797.0,2952.0,11.0,7.0,1,234,0,234
365,26,821.0,2958.0,11.0,7.0,1,221,0,230
366,0,1692.0,3111.0,15.0,12.0,1,367,0,367
366,1,319.0,2951.0,12.0,10.0,1,287,0,291
366,2,342.0,2950.0,12.0,9.0,1,284,0,287
366,3,405.0,2959.0,7.0,5.0,1,278,0,283
366,4,419.0,2957.0,9.0,9.0,1,269,0,283
366,5,368.0,2955.0,13.0,10.0,1,277,0,281
366,6,441.0,2958.0,12.0,8.0,1,278,0,278
366,7,386.0,2956.0,9.0,12.0,1,274,0,276
366,8,466.0,2957.0,9.0,10.0,1,271,0,273
366,9,495.0,2957.0,12.0,10.0,1,262,0,270
366,10,596.0,2965.0,10.0,10.0,1,267,0,269
366,11,537.0,2963.0,9.0,7.0,1,265,0,268
366,13,554.0,2964.0,9.0,9.0,1,260,0,264
366,14,576.0,2960.0,13.0,13.0,1,260,0,263
366,16,615.0,2963.0,11.0,9.0,1,252,0,259
366,17,659.0,2959.0,9.0,10.0,1,258,0,258
366,18,674.0,2969.0,11.0,7.0,1,246,0,256
366,19,702.0,2955.0,11.0,6.0,1,249,0,253
366,20,708.0,2945.0,11.0,8.0,1,245,0,249
366,21,736.0,2950.0,12.0,7.0,1,245,0,247
366,22,751.0,2950.0,13.0,8.0,1,243,0,243
366,23,778.0,2954.0,10.0,10.0,1,236,0,240
366,24,518.0,2962.0,10.0,7.0,1,231,0,237
366,25,794.0,2953.0,10.0,7.0,1,235,0,235
366,26,817.0,2958.0,12.0,6.0,1,222,0,231
367,0,1687.0,3114.0,21.0,8.0,1,368,0,368
367,1,314.0,2949.0,12.0,11.0,1,288,0,292
367,2,339.0,2953.0,8.0,8.0,1,285,0,288
367,3,396.0,2957.0,11.0,8.0,1,279,0,284
367,4,412.0,2961.0,12.0,10.0,1,270,0,284
367,5,363.0,2955.0,11.0,9.0,1,278,0,282
367,6,436.0,2959.0,8.0,8.0,1,279,0,279
367,7,381.0,2959.0,9.0,8.0,1,275,0,277
367,8,461.0,2959.0,10.0,5.0,1,272,0,274
367,9,495.0,2957.0,12.0,10.0,0,262,1,271
367,10,594.0,2966.0,8.0,8.0,1,268,0,270
367,11,535.0,2961.0,10.0,8.0,1,266,0,269
367,13,552.0,2964.0,8.0,8.0,1,261,0,265
367,14,572.0,2965.0,10.0,9.0,1,261,0,264
367,16,607.0,2962.0,13.0,7.0,1,253,0,260
367,17,653.0,2958.0,10.0,10.0,1,259,0,259
367,18,671.0,2970.0,11.0,7.0,1,247,0,257
367,19,703.0,2955.0,10.0,5.0,1,250,0,254
367,20,708.0,2947.0,9.0,7.0,1,246,0,250
367,21,735.0,2948.0,10.0,7.0,1,246,0,248
367,22,749.0,2951.0,14.0,10.0,1,244,0,244
367,23,774.0,2952.0,8.0,6.0,1,237,0,241
367,24,515.0,2964.0,10.0,5.0,1,232,0,238
367,25,789.0,2956.0,11.0,7.0,1,236,0,236
367,26,815.0,2955.0,7.0,7.0,1,223,0,232
368,0,1690.0,3110.0,17.0,13.0,1,369,0,369
368,1,311.0,2954.0,9.0,7.0,1,289,0,293
368,2,339.0,2951.0,5.0,7.0,1,286,0,289
368,3,393.0,2956.0,13.0,8.0,1,280,0,285
368,4,411.0,2965.0,11.0,6.0,1,271,0,285
368,5,359.0,2955.0,10.0,7.0,1,279,0,283
368,6,432.0,2960.0,8.0,8.0,1,280,0,280
368,7,373.0,2960.0,11.0,8.0,1,276,0,278
368,8,456.0,2958.0,10.0,10.0,1,273,0,275
368,9,484.0,2962.0,10.0,10.0,1,263,0,272
368,10,586.0,2967.0,10.0,7.0,1,269,0,271
368,11,527.0,2960.0,11.0,10.0,1,267,0,270
368,13,544.0,2963.0,10.0,7.0,1,262,0,266
368,14,564.0,2964.0,12.0,10.0,1,262,0,265
368,16,605.0,2963.0,12.0,9.0,1,254,0,261
368,17,650.0,2960.0,8.0,10.0,1,260,0,260
368,18,668.0,2967.0,7.0,8.0,1,248,0,258
368,19,692.0,2952.0,12.0,6.0,1,251,0,255
368,20,701.0,2945.0,11.0,8.0,1,247,0,251
368,21,730.0,2948.0,14.0,8.0,1,247,0,249
368,22,745.0,2949.0,9.0,7.0,1,245,0,245
368,23,770.0,2951.0,10.0,9.0,1,238,0,242
368,24,508.0,2960.0,12.0,8.0,1,233,0,239
368,25,785.0,2956.0,10.0,9.0,1,237,0,237
368,26,807.0,2955.0,12.0,7.0,1,224,0,233
369,0,1695.0,3107.0,10.0,9.0,1,370,0,370
369,1,303.0,2952.0,13.0,10.0,1,290,0,294
369,2,329.0,2951.0,11.0,8.0,1,287,0,290
369,3,389.0,2956.0,11.0,6.0,1,281,0,286
369,4,408.0,2960.0,11.0,8.0,1,272,0,286
369,5,353.0,2954.0,10.0,7.0,1,280,0,284
369,6,427.0,2958.0,11.0,7.0,1,281,0,281
369,7,375.0,2960.0,6.0,5.0,1,277,0,279
369,8,456.0,2957.0,10.0,6.0,1,274,0,276
369,9,479.0,2961.0,12.0,9.0,1,264,0,273
369,10,581.0,2963.0,10.0,9.0,1,270,0,272
369,11,524.0,2962.0,8.0,10.0,1,268,0,271
369,13,541.0,2964.0,6.0,8.0,1,263,0,267
369,14,560.0,2962.0,12.0,8.0,1,263,0,266
369,16,600.0,2962.0,11.0,11.0,1,255,0,262
369,17,642.0,2959.0,12.0,12.0,1,261,0,261
369,18,659.0,2968.0,13.0,10.0,1,249,0,259
369,19,698.0,2955.0,8.0,7.0,1,252,0,256
369,20,698.0,2943.0,9.0,8.0,1,248,0,252
369,21,726.0,2947.0,11.0,5.0,1,248,0,250
369,22,742.0,2946.0,11.0,9.0,1,246,0,246
369,23,767.0,2952.0,10.0,9.0,1,239,0,243
369,24,503.0,2963.0,9.0,8.0,1,234,0,240
369,25,782.0,2953.0,9.0,7.0,1,238,0,238
369,26,806.0,2957.0,9.0,7.0,1,225,0,234
370,0,1700.0,3102.0,13.0,10.0,1,371,0,371
370,1,297.0,2951.0,13.0,9.0,1,291,0,295
370,2,322.0,2950.0,12.0,9.0,1,288,0,291
370,3,384.0,2955.0,11.0,7.0,1,282,0,287
370,4,404.0,2958.0,8.0,9.0,1,273,0,287
370,5,347.0,2953.0,13.0,8.0,1,281,0,285
370,6,423.0,2959.0,12.0,8.0,1,282,0,282
370,7,370.0,2958.0,7.0,4.0,1,278,0,280
370,8,447.0,2956.0,11.0,10.0,1,275,0,277
370,9,473.0,2955.0,9.0,11.0,1,265,0,274
370,10,576.0,2963.0,10.0,9.0,1,271,0,273
370,11,519.0,2963.0,10.0,6.0,1,269,0,272
370,13,535.0,2963.0,11.0,8.0,1,264,0,268
370,14,559.0,2961.0,10.0,10.0,1,264,0,267
370,16,591.0,2960.0,13.0,10.0,1,256,0,263
370,17,639.0,2960.0,10.0,8.0,1,262,0,262
370,18,657.0,2964.0,11.0,10.0,1,250,0,260
370,19,691.0,2951.0,13.0,6.0,1,253,0,257
370,20,699.0,2942.0,5.0,7.0,1,249,0,253
370,21,722.0,2946.0,11.0,10.0,1,249,0,251
370,22,743.0,2947.0,9.0,10.0,1,247,0,247
370,23,758.0,2953.0,12.0,8.0,1,240,0,244
370,24,498.0,2961.0,10.0,7.0,1,235,0,241
370,25,778.0,2950.0,10.0,11.0,1,239,0,239
370,26,800.0,2958.0,12.0,9.0,1,226,0,235
371,0,1696.0,3099.0,17.0,11.0,1,372,0,372
371,1,294.0,2949.0,11.0,7.0,1,292,0,296
371,2,321.0,2951.0,7.0,6.0,1,289,0,292
371,3,380.0,2958.0,13.0,7.0,1,283,0,288
371,4,397.0,2959.0,10.0,8.0,1,274,0,288
371,5,344.0,2953.0,10.0,10.0,1,282,0,286
371,6,419.0,2957.0,12.0,7.0,1,283,0,283
371,7,362.0,2956.0,8.0,6.0,1,279,0,281
371,8,445.0,2959.0,10.0,5.0,1,276,0,278
371,9,473.0,2955.0,9.0,11.0,0,265,1,275
371,10,573.0,2966.0,9.0,9.0,1,272,0,274
371,11,514.0,2962.0,10.0,7.0,1,270,0,273
371,13,533.0,2964.0,11.0,6.0,1,265,0,269
371,14,554.0,2965.0,10.0,9.0,1,265,0,268
371,16,590.0,2961.0,12.0,9.0,1,257,0,264
371,17,635.0,2957.0,10.0,11.0,1,263,0,263
371,18,653.0,2964.0,7.0,9.0,1,251,0,261
371,19,691.0,2957.0,10.0,6.0,1,254,0,258
371,20,690.0,2952.0,10.0,6.0,1,250,0,254
371,21,719.0,2946.0,10.0,8.0,1,250,0,252
371,22,737.0,2950.0,12.0,11.0,1,248,0,248
371,23,759.0,2953.0,12.0,10.0,1,241,0,245
371,24,496.0,2962.0,9.0,7.0,1,236,0,242
371,25,774.0,2951.0,11.0,10.0,1,240,0,240
371,26,795.0,2956.0,12.0,6.0,1,227,0,236
372,0,1704.0,3102.0,13.0,12.0,1,373,0,373
372,1,291.0,2951.0,11.0,6.0,1,293,0,297
372,2,317.0,2948.0,8.0,6.0,1,290,0,293
372,3,374.0,2957.0,10.0,5.0,1,284,0,289
372,4,393.0,2958.0,9.0,8.0,1,275,0,289
372,5,339.0,2953.0,10.0,6.0,1,283,0,287
372,6,415.0,2960.0,11.0,6.0,1,284,0,284
372,7,358.0,2957.0,10.0,8.0,1,280,0,282
372,8,439.0,2959.0,10.0,5.0,1,277,0,279
372,9,463.0,2959.0,13.0,9.0,1,266,0,276
372,10,567.0,2963.0,9.0,9.0,1,273,0,275
372,11,508.0,2960.0,10.0,9.0,1,271,0,274
372,13,525.0,2962.0,10.0,7.0,1,266,0,270
372,14,547.0,2961.0,11.0,10.0,1,266,0,269
372,16,584.0,2958.0,11.0,12.0,1,258,0,265
372,17,630.0,2959.0,9.0,10.0,1,264,0,264
372,18,648.0,2962.0,10.0,9.0,1,252,0,262
372,19,685.0,2951.0,9.0,5.0,1,255,0,259
372,20,683.0,2942.0,12.0,8.0,1,251,0,255
372,21,718.0,2945.0,10.0,7.0,1,251,0,253
372,22,734.0,2947.0,11.0,8.0,1,249,0,249
372,23,755.0,2949.0,11.0,11.0,1,242,0,246
372,24,487.0,2959.0,11.0,9.0,1,237,0,243
372,25,770.0,2953.0,10.0,9.0,1,241,0,241
372,26,794.0,2956.0,7.0,9.0,1,228,0,237
373,0,1703.0,3101.0,13.0,8.0,1,374,0,374
373,1,283.0,2950.0,13.0,10.0,1,294,0,298
373,2,307.0,2951.0,12.0,7.0,1,291,0,294
373,3,371.0,2953.0,12.0,7.0,1,285,0,290
373,4,387.0,2956.0,12.0,8.0,1,276,0,290
373,5,332.0,2951.0,11.0,8.0,1,284,0,288
373,6,406.0,2956.0,12.0,7.0,1,285,0,285
373,7,354.0,2956.0,11.0,4.0,1,281,0,283
373,8,433.0,2957.0,11.0,8.0,1,278,0,280
373,9,460.0,2960.0,11.0,6.0,1,267,0,277
373,10,563.0,2963.0,11.0,6.0,1,274,0,276
373,11,502.0,2960.0,11.0,7.0,1,272,0,275
373,13,522.0,2961.0,9.0,10.0,1,267,0,271
373,14,544.0,2961.0,11.0,8.0,1,267,0,270
373,16,580.0,2960.0,12.0,10.0,1,259,0,266
373,17,626.0,2955.0,10.0,11.0,1,265,0,265
373,18,644.0,2960.0,10.0,7.0,1,253,0,263
373,19,684.0,2954.0,8.0,7.0,1,256,0,260
373,20,683.0,2944.0,9.0,6.0,1,252,0,256
373,21,711.0,2945.0,8.0,7.0,1,252,0,254
373,22,729.0,2948.0,11.0,8.0,1,250,0,250
373,23,749.0,2950.0,12.0,11.0,1,243,0,247
373,24,480.0,2962.0,10.0,8.0,1,238,0,244
373,25,766.0,2955.0,9.0,6.0,1,242,0,242
373,26,790.0,2955.0,9.0,9.0,1,229,0,238
374,0,1708.0,3101.0,13.0,6.0,1,375,0,375
374,1,279.0,2950.0,11.0,6.0,1,295,0,299
374,2,306.0,2952.0,11.0,5.0,1,292,0,295
374,3,366.0,2954.0,11.0,6.0,1,286,0,291
374,4,384.0,2958.0,13.0,8.0,1,277,0,291
374,5,327.0,2952.0,13.0,9.0,1,285,0,289
374,6,405.0,2954.0,11.0,8.0,1,286,0,286
374,7,350.0,2957.0,12.0,5.0,1,282,0,284
374,8,432.0,2956.0,11.0,8.0,1,279,0,281
374,9,455.0,2957.0,12.0,7.0,1,268,0,278
374,10,557.0,2961.0,11.0,7.0,1,275,0,277
374,11,499.0,2960.0,8.0,6.0,1,273,0,276
374,13,516.0,2960.0,13.0,7.0,1,268,0,272
374,14,536.0,2960.0,11.0,10.0,1,268,0,271
374,16,577.0,2961.0,11.0,9.0,1,260,0,267
374,17,623.0,2957.0,10.0,11.0,1,266,0,266
374,18,641.0,2959.0,12.0,10.0,1,254,0,264
374,19,679.0,2950.0,10.0,5.0,1,257,0,261
374,20,683.0,2938.0,9.0,8.0,1,253,0,257
374,21,706.0,2945.0,13.0,10.0,1,253,0,255
374,22,726.0,2950.0,11.0,7.0,1,251,0,251
374,23,744.0,2950.0,12.0,9.0,1,244,0,248
374,24,477.0,2964.0,9.0,7.0,1,239,0,245
374,25,761.0,2949.0,9.0,11.0,1,243,0,243
374,26,782.0,2957.0,11.0,10.0,1,230,0,239
375,0,1710.0,3093.0,12.0,11.0,1,376,0,376
375,1,275.0,2950.0,10.0,6.0,1,296,0,300
375,2,302.0,2950.0,7.0,5.0,1,293,0,296
375,3,361.0,2953.0,13.0,8.0,1,287,0,292
375,4,378.0,2956.0,13.0,7.0,1,278,0,292
375,5,321.0,2953.0,12.0,7.0,1,286,0,290
375,6,402.0,2956.0,11.0,7.0,1,287,0,287
375,7,342.0,2956.0,13.0,7.0,1,283,0,285
375,8,427.0,2955.0,9.0,8.0,1,280,0,282
375,9,451.0,2956.0,12.0,7.0,1,269,0,279
375,10,553.0,2963.0,9.0,10.0,1,276,0,278
375,11,496.0,2959.0,9.0,8.0,1,274,0,277
375,13,512.0,2958.0,8.0,8.0,1,269,0,273
375,14,534.0,2963.0,10.0,9.0,1,269,0,272
375,16,573.0,2960.0,10.0,7.0,1,261,0,268
375,17,617.0,2956.0,10.0,11.0,1,267,0,267
375,18,637.0,2964.0,6.0,5.0,1,255,0,265
375,19,679.0,2950.0,10.0,5.0,0,257,1,262
375,20,683.0,2938.0,9.0,8.0,0,253,1,258
375,21,707.0,2943.0,11.0,6.0,1,254,0,256
375,22,721.0,2951.0,11.0,7.0,1,252,0,252
375,23,745.0,2953.0,6.0,6.0,1,245,0,249
375,24,473.0,2954.0,7.0,9.0,1,240,0,246
375,25,759.0,2951.0,10.0,8.0,1,244,0,244
375,26,781.0,2956.0,13.0,6.0,1,231,0,240
376,0,1707.0,3091.0,14.0,9.0,1,377,0,377
376,1,268.0,2952.0,11.0,5.0,1,297,0,301
376,2,296.0,2951.0,9.0,7.0,1,294,0,297
376,3,358.0,2953.0,11.0,7.0,1,288,0,293
376,4,375.0,2958.0,12.0,8.0,1,279,0,293
376,5,318.0,2949.0,9.0,8.0,1,287,0,291
376,6,398.0,2956.0,9.0,8.0,1,288,0,288
376,7,340.0,2955.0,16.0,7.0,1,284,0,286
376,8,421.0,2958.0,12.0,7.0,1,281,0,283
376,9,446.0,2956.0,11.0,9.0,1,270,0,280
376,10,546.0,2961.0,12.0,9.0,1,277,0,279
376,11,493.0,2959.0,9.0,7.0,1,275,0,278
376,13,513.0,2962.0,5.0,7.0,1,270,0,274
376,14,528.0,2960.0,10.0,9.0,1,270,0,273
376,16,568.0,2956.0,13.0,10.0,1,262,0,269
376,17,615.0,2955.0,10.0,10.0,1,268,0,268
376,18,629.0,2960.0,10.0,7.0,1,256,0,266
376,19,679.0,2950.0,10.0,5.0,0,257,2,263
376,20,670.0,2940.0,10.0,8.0,1,254,0,259
376,21,701.0,2940.0,12.0,9.0,1,255,0,257
376,22,720.0,2950.0,9.0,6.0,1,253,0,253
376,23,739.0,2948.0,11.0,8.0,1,246,0,250
376,24,467.0,2959.0,12.0,9.0,1,241,0,247
376,25,756.0,2951.0,12.0,10.0,1,245,0,245
376,26,776.0,2951.0,10.0,10.0,1,232,0,241
377,0,1712.0,3095.0,16.0,14.0,1,378,0,378
377,1,264.0,2952.0,13.0,6.0,1,298,0,302
377,2,290.0,2952.0,9.0,6.0,1,295,0,298
377,3,354.0,2951.0,12.0,7.0,1,289,0,294
377,4,372.0,2955.0,11.0,9.0,1,280,0,294
377,5,313.0,2951.0,11.0,7.0,1,288,0,292
377,6,392.0,2956.0,10.0,8.0,1,289,0,289
377,7,335.0,2953.0,11.0,7.0,1,285,0,287
377,8,418.0,2956.0,9.0,7.0,1,282,0,284
377,9,443.0,2960.0,11.0,7.0,1,271,0,281
377,10,542.0,2962.0,9.0,8.0,1,278,0,280
377,11,481.0,2959.0,14.0,10.0,1,276,0,279
377,13,503.0,2959.0,9.0,7.0,1,271,0,275
377,14,526.0,2959.0,11.0,9.0,1,271,0,274
377,16,564.0,2958.0,11.0,11.0,1,263,0,270
377,17,611.0,2954.0,10.0,7.0,1,269,0,269
377,18,627.0,2960.0,7.0,9.0,1,257,0,267
377,19,669.0,2951.0,10.0,6.0,1,258,0,264
377,20,666.0,2938.0,15.0,9.0,1,255,0,260
377,21,698.0,2943.0,12.0,8.0,1,256,0,258
377,22,717.0,2950.0,5.0,6.0,1,254,0,254
377,23,739.0,2952.0,9.0,6.0,1,247,0,251
377,24,463.0,2961.0,11.0,9.0,1,242,0,248
377,25,754.0,2952.0,10.0,6.0,1,246,0,246
377,26,769.0,2955.0,10.0,10.0,1,233,0,242
378,0,1712.0,3092.0,15.0,9.0,1,379,0,379
378,1,262.0,2952.0,9.0,7.0,1,299,0,303
378,2,286.0,2950.0,10.0,6.0,1,296,0,299
378,3,347.0,2952.0,12.0,7.0,1,290,0,295
378,4,368.0,2955.0,11.0,6.0,1,281,0,295
378,5,305.0,2953.0,12.0,6.0,1,289,0,293
378,6,386.0,2954.0,12.0,6.0,1,290,0,290
378,7,331.0,2952.0,12.0,6.0,1,286,0,288
378,8,413.0,2955.0,11.0,6.0,1,283,0,285
378,9,437.0,2957.0,11.0,8.0,1,272,0,282
378,10,537.0,2962.0,11.0,6.0,1,279,0,281
378,11,480.0,2961.0,9.0,6.0,1,277,0,280
378,13,498.0,2960.0,11.0,8.0,1,272,0,276
378,14,526.0,2959.0,11.0,9.0,0,271,1,275
378,16,557.0,2958.0,12.0,7.0,1,264,0,271
378,17,606.0,2950.0,9.0,11.0,1,270,0,270
378,18,624.0,2955.0,9.0,9.0,1,258,0,268
378,19,667.0,2948.0,11.0,6.0,1,259,0,265
378,20,667.0,2939.0,8.0,7.0,1,256,0,261
378,21,695.0,2942.0,10.0,8.0,1,257,0,259
378,22,711.0,2948.0,11.0,10.0,1,255,0,255
378,23,733.0,2952.0,13.0,7.0,1,248,0,252
378,24,460.0,2960.0,6.0,5.0,1,243,0,249
378,25,748.0,2951.0,11.0,9.0,1,247,0,247
378,26,766.0,2955.0,10.0,9.0,1,234,0,243
379,0,1719.0,3092.0,14.0,6.0,1,380,0,380
379,1,255.0,2951.0,10.0,7.0,1,300,0,304
379,2,280.0,2952.0,7.0,5.0,1,297,0,300
379,3,344.0,2951.0,13.0,7.0,1,291,0,296
379,4,361.0,2955.0,10.0,7.0,1,282,0,296
379,5,303.0,2952.0,12.0,7.0,1,290,0,294
379,6,382.0,2957.0,14.0,7.0,1,291,0,291
379,7,324.0,2954.0,14.0,7.0,1,287,0,289
379,8,407.0,2957.0,10.0,6.0,1,284,0,286
379,9,433.0,2953.0,10.0,9.0,1,273,0,283
379,10,536.0,2964.0,8.0,9.0,1,280,0,282
379,11,474.0,2960.0,10.0,6.0,1,278,0,281
379,13,495.0,2959.0,9.0,8.0,1,273,0,277
379,14,514.0,2962.0,12.0,10.0,1,272,0,276
379,16,553.0,2954.0,13.0,10.0,1,265,0,272
379,17,601.0,2955.0,13.0,7.0,1,271,0,271
379,18,623.0,2956.0,7.0,11.0,1,259,0,269
379,19,665.0,2948.0,9.0,7.0,1,260,0,266
379,20,669.0,2946.0,8.0,5.0,1,257,0,262
379,21,695.0,2938.0,10.0,12.0,1,258,0,260
379,22,708.0,2948.0,12.0,5.0,1,256,0,256
379,23,729.0,2948.0,12.0,6.0,1,249,0,253
379,24,455.0,2956.0,9.0,9.0,1,244,0,250
379,25,745.0,2949.0,8.0,8.0,1,248,0,248
379,26,763.0,2950.0,12.0,10.0,1,235,0,244
380,0,1722.0,3088.0,13.0,9.0,1,381,0,381
380,1,251.0,2952.0,9.0,6.0,1,301,0,305
380,2,278.0,2950.0,9.0,6.0,1,298,0,301
380,3,344.0,2951.0,8.0,6.0,1,292,0,297
380,4,358.0,2955.0,9.0,6.0,1,283,0,297
380,5,299.0,2953.0,12.0,6.0,1,291,0,295
380,6,377.0,2953.0,12.0,7.0,1,292,0,292
380,7,319.0,2954.0,12.0,6.0,1,288,0,290
380,8,403.0,2955.0,11.0,6.0,1,285,0,287
380,9,425.0,2954.0,13.0,9.0,1,274,0,284
380,10,530.0,2961.0,10.0,7.0,1,281,0,283
380,11,472.0,2958.0,10.0,8.0,1,279,0,282
380,13,489.0,2959.0,9.0,6.0,1,274,0,278
380,14,510.0,2961.0,12.0,8.0,1,273,0,277
380,16,547.0,2958.0,12.0,8.0,1,266,0,273
380,17,599.0,2956.0,9.0,8.0,1,272,0,272
380,18,615.0,2959.0,9.0,9.0,1,260,0,270
380,19,660.0,2948.0,11.0,5.0,1,261,0,267
380,20,658.0,2938.0,12.0,7.0,1,258,0,263
380,21,687.0,2942.0,11.0,9.0,1,259,0,261
380,22,700.0,2943.0,12.0,8.0,1,257,0,257
380,23,728.0,2949.0,11.0,7.0,1,250,0,254
380,24,451.0,2959.0,9.0,6.0,1,245,0,251
380,25,740.0,2952.0,11.0,8.0,1,249,0,249
380,26,758.0,2954.0,14.0,7.0,1,236,0,245
381,0,1717.0,3085.0,17.0,12.0,1,382,0,382
381,1,243.0,2950.0,12.0,8.0,1,302,0,306
381,2,272.0,2950.0,11.0,8.0,1,299,0,302
381,3,337.0,2949.0,10.0,6.0,1,293,0,298
381,4,357.0,2956.0,10.0,6.0,1,284,0,298
381,5,293.0,2948.0,11.0,7.0,1,292,0,296
381,6,374.0,2953.0,11.0,7.0,1,293,0,293
381,7,318.0,2949.0,7.0,6.0,1,289,0,291
381,8,398.0,2952.0,10.0,8.0,1,286,0,288
381,9,423.0,2954.0,14.0,8.0,1,275,0,285
381,10,525.0,2961.0,11.0,10.0,1,282,0,284
381,11,467.0,2958.0,11.0,8.0,1,280,0,283
381,13,484.0,2960.0,12.0,8.0,1,275,0,279
381,14,506.0,2961.0,13.0,10.0,1,274,0,278
381,16,545.0,2958.0,10.0,9.0,1,267,0,274
381,17,595.0,2951.0,12.0,8.0,1,273,0,273
381,18,612.0,2956.0,10.0,9.0,1,261,0,271
381,19,655.0,2948.0,13.0,6.0,1,262,0,268
381,20,658.0,2936.0,10.0,9.0,1,259,0,264
381,21,684.0,2941.0,11.0,8.0,1,260,0,262
381,22,701.0,2946.0,11.0,5.0,1,258,0,258
381,23,722.0,2952.0,11.0,6.0,1,251,0,255
381,24,446.0,2959.0,10.0,7.0,1,246,0,252
381,25,734.0,2950.0,13.0,9.0,1,250,0,250
381,26,755.0,2954.0,13.0,11.0,1,237,0,246
382,0,1722.0,3087.0,19.0,11.0,1,383,0,383
382,1,237.0,2952.0,10.0,7.0,1,303,0,307
382,2,265.0,2951.0,11.0,9.0,1,300,0,303
382,3,331.0,2951.0,12.0,7.0,1,294,0,299
382,4,352.0,2954.0,10.0,8.0,1,285,0,299
382,5,285.0,2951.0,13.0,6.0,1,293,0,297
382,6,369.0,2952.0,10.0,8.0,1,294,0,294
382,7,315.0,2950.0,7.0,7.0,1,290,0,292
382,8,393.0,2952.0,11.0,8.0,1,287,0,289
382,9,422.0,2954.0,12.0,6.0,1,276,0,286
382,10,523.0,2963.0,4.0,6.0,1,283,0,285
382,11,462.0,2959.0,11.0,5.0,1,281,0,284
382,13,480.0,2958.0,9.0,6.0,1,276,0,280
382,14,505.0,2956.0,9.0,11.0,1,275,0,279
382,16,541.0,2959.0,12.0,8.0,1,268,0,275
382,17,592.0,2949.0,9.0,10.0,1,274,0,274
382,18,608.0,2953.0,11.0,12.0,1,262,0,272
382,19,652.0,2944.0,12.0,7.0,1,263,0,269
382,20,655.0,2934.0,10.0,7.0,1,260,0,265
382,21,680.0,2938.0,12.0,7.0,1,261,0,263
382,22,698.0,2943.0,12.0,8.0,1,259,0,259
382,23,718.0,2950.0,13.0,8.0,1,252,0,256
382,24,443.0,2959.0,10.0,5.0,1,247,0,253
382,25,735.0,2948.0,10.0,9.0,1,251,0,251
382,26,752.0,2952.0,12.0,9.0,1,238,0,247
383,0,1723.0,3087.0,13.0,9.0,1,384,0,384
383,1,233.0,2949.0,12.0,7.0,1,304,0,308
383,2,261.0,2951.0,9.0,6.0,1,301,0,304
383,3,326.0,2952.0,11.0,6.0,1,295,0,300
383,4,344.0,2952.0,13.0,6.0,1,286,0,300
383,5,282.0,2951.0,13.0,6.0,1,294,0,298
383,6,366.0,2952.0,14.0,8.0,1,295,0,295
383,7,305.0,2951.0,11.0,5.0,1,291,0,293
383,8,390.0,2954.0,9.0,7.0,1,288,0,290
383,9,416.0,2955.0,13.0,9.0,1,277,0,287
383,10,516.0,2962.0,11.0,6.0,1,284,0,286
383,11,459.0,2959.0,7.0,6.0,1,282,0,285
383,13,476.0,2958.0,10.0,7.0,1,277,0,281
383,14,496.0,2960.0,12.0,10.0,1,276,0,280
383,16,535.0,2954.0,15.0,10.0,1,269,0,276
383,17,590.0,2950.0,7.0,9.0,1,275,0,275
383,18,604.0,2955.0,12.0,10.0,1,263,0,273
383,19,651.0,2944.0,12.0,5.0,1,264,0,270
383,20,646.0,2933.0,13.0,9.0,1,261,0,266
383,21,678.0,2939.0,12.0,6.0,1,262,0,264
383,22,695.0,2946.0,10.0,7.0,1,260,0,260
383,23,718.0,2947.0,10.0,7.0,1,253,0,257
383,24,436.0,2956.0,11.0,6.0,1,248,0,254
383,25,731.0,2950.0,10.0,6.0,1,252,0,252
383,26,747.0,2949.0,13.0,10.0,1,239,0,248
384,0,1730.0,3086.0,15.0,6.0,1,385,0,385
384,1,229.0,2949.0,12.0,7.0,1,305,0,309
384,2,258.0,2952.0,7.0,7.0,1,302,0,305
384,3,320.0,2948.0,9.0,7.0,1,296,0,301
384,4,341.0,2952.0,12.0,8.0,1,287,0,301
384,5,278.0,2951.0,12.0,7.0,1,295,0,299
384,6,359.0,2953.0,13.0,8.0,1,296,0,296
384,7,301.0,2952.0,11.0,6.0,1,292,0,294
384,8,384.0,2953.0,13.0,8.0,1,289,0,291
384,9,411.0,2954.0,11.0,9.0,1,278,0,288
384,10,515.0,2965.0,10.0,6.0,1,285,0,287
384,11,453.0,2955.0,9.0,8.0,1,283,0,286
384,13,471.0,2958.0,9.0,5.0,1,278,0,282
384,14,493.0,2960.0,11.0,8.0,1,277,0,281
384,16,536.0,2958.0,12.0,8.0,1,270,0,277
384,17,583.0,2950.0,13.0,10.0,1,276,0,276
384,18,600.0,2953.0,12.0,8.0,1,264,0,274
384,19,651.0,2947.0,10.0,5.0,1,265,0,271
384,20,641.0,2934.0,13.0,8.0,1,262,0,267
384,21,672.0,2938.0,13.0,6.0,1,263,0,265
384,22,692.0,2946.0,10.0,5.0,1,261,0,261
384,23,714.0,2946.0,9.0,8.0,1,254,0,258
384,24,435.0,2957.0,11.0,5.0,1,249,0,255
384,25,726.0,2950.0,11.0,9.0,1,253,0,253
384,26,747.0,2952.0,12.0,8.0,1,240,0,249
385,0,1734.0,3080.0,10.0,9.0,1,386,0,386
385,1,222.0,2950.0,13.0,10.0,1,306,0,310
385,2,251.0,2951.0,10.0,9.0,1,303,0,306
385,3,317.0,2949.0,10.0,7.0,1,297,0,302
385,4,336.0,2950.0,12.0,9.0,1,288,0,302
385,5,271.0,2951.0,13.0,7.0,1,296,0,300
385,6,358.0,2950.0,12.0,10.0,1,297,0,297
385,7,297.0,2949.0,9.0,7.0,1,293,0,295
385,8,380.0,2951.0,8.0,9.0,1,290,0,292
385,9,408.0,2955.0,10.0,8.0,1,279,0,289
385,10,505.0,2960.0,11.0,9.0,1,286,0,288
385,11,450.0,2958.0,10.0,5.0,1,284,0,287
385,13,466.0,2958.0,10.0,6.0,1,279,0,283
385,14,488.0,2959.0,11.0,9.0,1,278,0,282
385,16,525.0,2956.0,10.0,11.0,1,271,0,278
385,17,584.0,2952.0,5.0,8.0,1,277,0,277
385,18,600.0,2946.0,9.0,13.0,1,265,0,275
385,19,643.0,2944.0,15.0,7.0,1,266,0,272
385,20,641.0,2931.0,12.0,9.0,1,263,0,268
385,21,670.0,2937.0,11.0,7.0,1,264,0,266
385,22,687.0,2945.0,13.0,10.0,1,262,0,262
385,23,710.0,2947.0,10.0,9.0,1,255,0,259
385,24,428.0,2956.0,11.0,7.0,1,250,0,256
385,25,727.0,2950.0,11.0,6.0,1,254,0,254
385,26,742.0,2953.0,8.0,8.0,1,241,0,250
386,0,1731.0,3081.0,15.0,7.0,1,387,0,387
386,1,219.0,2951.0,12.0,10.0,1,307,0,311
386,2,248.0,2951.0,10.0,8.0,1,304,0,307
386,3,312.0,2949.0,10.0,7.0,1,298,0,303
386,4,334.0,2952.0,11.0,8.0,1,289,0,303
386,5,264.0,2951.0,14.0,7.0,1,297,0,301
386,6,351.0,2949.0,13.0,9.0,1,298,0,298
386,7,295.0,2947.0,9.0,9.0,1,294,0,296
386,8,376.0,2951.0,7.0,7.0,1,291,0,293
386,9,402.0,2953.0,10.0,8.0,1,280,0,290
386,10,504.0,2961.0,10.0,7.0,1,287,0,289
386,11,446.0,2956.0,12.0,5.0,1,285,0,288
386,13,462.0,2956.0,9.0,5.0,1,280,0,284
386,14,483.0,2957.0,13.0,7.0,1,279,0,283
386,16,524.0,2957.0,8.0,6.0,1,272,0,279
386,17,575.0,2947.0,10.0,12.0,1,278,0,278
386,18,600.0,2946.0,9.0,13.0,0,265,1,276
386,19,643.0,2944.0,12.0,8.0,1,267,0,273
386,20,639.0,2930.0,12.0,9.0,1,264,0,269
386,21,668.0,2935.0,10.0,8.0,1,265,0,267
386,22,685.0,2943.0,12.0,6.0,1,263,0,263
386,23,706.0,2947.0,9.0,8.0,1,256,0,260
386,24,426.0,2954.0,9.0,7.0,1,251,0,257
386,25,722.0,2948.0,11.0,8.0,1,255,0,255
386,26,741.0,2951.0,11.0,8.0,1,242,0,251
387,0,1739.0,3081.0,14.0,11.0,1,388,0,388
387,1,212.0,2947.0,14.0,12.0,1,308,0,312
387,2,240.0,2951.0,10.0,9.0,1,305,0,308
387,3,308.0,2949.0,11.0,7.0,1,299,0,304
387,4,325.0,2951.0,10.0,7.0,1,290,0,304
387,5,260.0,2951.0,15.0,7.0,1,298,0,302
387,6,348.0,2951.0,10.0,7.0,1,299,0,299
387,7,288.0,2947.0,11.0,9.0,1,295,0,297
387,8,370.0,2952.0,9.0,7.0,1,292,0,294
387,9,399.0,2952.0,11.0,7.0,1,281,0,291
387,10,497.0,2960.0,12.0,8.0,1,288,0,290
387,11,440.0,2955.0,10.0,6.0,1,286,0,289
387,13,460.0,2954.0,10.0,6.0,1,281,0,285
387,14,477.0,2959.0,13.0,10.0,1,280,0,284
387,16,520.0,2955.0,9.0,8.0,1,273,0,280
387,17,574.0,2952.0,9.0,8.0,1,279,0,279
387,18,590.0,2950.0,11.0,11.0,1,266,0,277
387,19,637.0,2944.0,14.0,7.0,1,268,0,274
387,20,633.0,2930.0,13.0,9.0,1,265,0,270
387,21,663.0,2934.0,12.0,8.0,1,266,0,268
387,22,682.0,2943.0,12.0,7.0,1,264,0,264
387,23,705.0,2942.0,12.0,8.0,1,257,0,261
387,24,422.0,2954.0,9.0,5.0,1,252,0,258
387,25,717.0,2948.0,11.0,6.0,1,256,0,256
387,26,734.0,2945.0,10.0,12.0,1,243,0,252
388,0,1737.0,3082.0,10.0,8.0,1,389,0,389
388,1,207.0,2949.0,12.0,7.0,1,309,0,313
388,2,239.0,2950.0,8.0,7.0,1,306,0,309
388,3,305.0,2948.0,8.0,7.0,1,300,0,305
388,4,322.0,2951.0,12.0,6.0,1,291,0,305
388,5,255.0,2952.0,14.0,7.0,1,299,0,303
388,6,341.0,2949.0,11.0,8.0,1,300,0,300
388,7,283.0,2949.0,12.0,8.0,1,296,0,298
388,8,365.0,2951.0,8.0,7.0,1,293,0,295
388,9,388.0,2954.0,15.0,9.0,1,282,0,292
388,10,494.0,2958.0,9.0,6.0,1,289,0,291
388,11,435.0,2956.0,11.0,9.0,1,287,0,290
388,13,454.0,2957.0,9.0,4.0,1,282,0,286
388,14,476.0,2957.0,9.0,5.0,1,281,0,285
388,16,510.0,2958.0,14.0,7.0,1,274,0,281
388,17,571.0,2953.0,5.0,4.0,1,280,0,280
388,18,585.0,2950.0,10.0,6.0,1,267,0,278
388,19,636.0,2942.0,12.0,7.0,1,269,0,275
388,20,629.0,2932.0,13.0,7.0,1,266,0,271
388,21,658.0,2934.0,12.0,9.0,1,267,0,269
388,22,678.0,2942.0,10.0,8.0,1,265,0,265
388,23,701.0,2942.0,10.0,9.0,1,258,0,262
388,24,414.0,2957.0,12.0,5.0,1,253,0,259
388,25,716.0,2951.0,12.0,5.0,1,257,0,257
388,26,734.0,2951.0,10.0,10.0,1,244,0,253
389,0,1743.0,3077.0,14.0,7.0,1,390,0,390
389,1,203.0,2952.0,12.0,9.0,1,310,0,314
389,2,229.0,2952.0,10.0,9.0,1,307,0,310
389,3,297.0,2948.0,9.0,7.0,1,301,0,306
389,4,319.0,2949.0,11.0,10.0,1,292,0,306
389,5,250.0,2947.0,13.0,10.0,1,300,0,304
389,6,338.0,2950.0,12.0,9.0,1,301,0,301
389,7,278.0,2946.0,9.0,9.0,1,297,0,299
389,8,362.0,2951.0,8.0,6.0,1,294,0,296
389,9,387.0,2952.0,11.0,9.0,1,283,0,293
389,10,488.0,2958.0,12.0,6.0,1,290,0,292
389,11,429.0,2950.0,11.0,8.0,1,288,0,291
389,13,446.0,2957.0,11.0,7.0,1,283,0,287
389,14,471.0,2955.0,11.0,7.0,1,282,0,286
389,16,508.0,2957.0,12.0,8.0,1,275,0,282
389,17,568.0,2945.0,9.0,9.0,1,281,0,281
389,18,584.0,2947.0,13.0,9.0,1,268,0,279
389,19,632.0,2941.0,16.0,8.0,1,270,0,276
389,20,630.0,2929.0,11.0,7.0,1,267,0,272
389,21,653.0,2934.0,13.0,10.0,1,268,0,270
389,22,674.0,2944.0,12.0,8.0,1,266,0,266
389,23,694.0,2945.0,13.0,8.0,1,259,0,263
389,24,410.0,2954.0,12.0,6.0,1,254,0,260
389,25,711.0,2951.0,11.0,6.0,1,258,0,258
389,26,728.0,2953.0,11.0,9.0,1,245,0,254
390,0,1748.0,3073.0,9.0,11.0,1,391,0,391
390,1,198.0,2950.0,10.0,9.0,1,311,0,315
390,2,227.0,2951.0,6.0,9.0,1,308,0,311
390,3,295.0,2947.0,10.0,8.0,1,302,0,307
390,4,316.0,2948.0,10.0,8.0,1,293,0,307
390,5,246.0,2949.0,15.0,8.0,1,301,0,305
390,6,335.0,2951.0,10.0,6.0,1,302,0,302
390,7,277.0,2943.0,9.0,8.0,1,298,0,300
390,8,359.0,2953.0,10.0,6.0,1,295,0,297
390,9,386.0,2949.0,11.0,8.0,1,284,0,294
390,10,481.0,2961.0,15.0,6.0,1,291,0,293
390,11,428.0,2954.0,9.0,5.0,1,289,0,292
390,13,444.0,2958.0,10.0,5.0,1,284,0,288
390,14,466.0,2957.0,12.0,8.0,1,283,0,287
390,16,505.0,2956.0,11.0,7.0,1,276,0,283
390,17,559.0,2944.0,13.0,9.0,1,282,0,282
390,18,578.0,2947.0,14.0,10.0,1,269,0,280
390,19,631.0,2940.0,11.0,9.0,1,271,0,277
390,20,625.0,2927.0,8.0,8.0,1,268,0,273
390,21,653.0,2927.0,12.0,13.0,1,269,0,271
390,22,671.0,2941.0,14.0,6.0,1,267,0,267
390,23,695.0,2942.0,10.0,10.0,1,260,0,264
390,24,406.0,2953.0,10.0,5.0,1,255,0,261
390,25,711.0,2948.0,9.0,6.0,1,259,0,259
390,26,727.0,2948.0,9.0,9.0,1,246,0,255
391,0,1742.0,3075.0,19.0,11.0,1,392,0,392
391,1,193.0,2949.0,11.0,8.0,1,312,0,316
391,2,224.0,2950.0,6.0,6.0,1,309,0,312
391,3,289.0,2947.0,11.0,8.0,1,303,0,308
391,4,307.0,2949.0,12.0,9.0,1,294,0,308
391,5,238.0,2949.0,16.0,5.0,1,302,0,306
391,6,328.0,2947.0,13.0,7.0,1,303,0,303
391,7,269.0,2947.0,9.0,8.0,1,299,0,301
391,8,353.0,2951.0,10.0,6.0,1,296,0,298
391,9,378.0,2951.0,11.0,8.0,1,285,0,295
391,10,479.0,2958.0,11.0,8.0,1,292,0,294
391,11,418.0,2952.0,13.0,8.0,1,290,0,293
391,13,437.0,2951.0,11.0,8.0,1,285,0,289
391,14,460.0,2955.0,13.0,9.0,1,284,0,288
391,16,501.0,2952.0,11.0,7.0,1,277,0,284
391,17,560.0,2948.0,10.0,10.0,1,283,0,283
391,18,580.0,2948.0,10.0,11.0,1,270,0,281
391,19,627.0,2939.0,14.0,8.0,1,272,0,278
391,20,618.0,2926.0,14.0,10.0,1,269,0,274
391,21,652.0,2931.0,10.0,10.0,1,270,0,272
391,22,668.0,2937.0,11.0,8.0,1,268,0,268
391,23,692.0,2942.0,11.0,9.0,1,261,0,265
391,24,405.0,2952.0,10.0,5.0,1,256,0,262
391,25,709.0,2948.0,10.0,6.0,1,260,0,260
391,26,723.0,2947.0,10.0,7.0,1,247,0,256
392,0,1742.0,3075.0,20.0,14.0,1,393,0,393
392,1,186.0,2951.0,13.0,5.0,1,313,0,317
392,2,216.0,2949.0,11.0,6.0,1,310,0,313
392,3,285.0,2947.0,9.0,7.0,1,304,0,309
392,4,306.0,2948.0,11.0,10.0,1,295,0,309
392,5,235.0,2949.0,15.0,7.0,1,303,0,307
392,6,322.0,2947.0,14.0,9.0,1,304,0,304
392,7,262.0,2949.0,11.0,8.0,1,300,0,302
392,8,347.0,2948.0,11.0,7.0,1,297,0,299
392,9,372.0,2949.0,12.0,11.0,1,286,0,296
392,10,477.0,2956.0,11.0,8.0,1,293,0,295
392,11,417.0,2951.0,10.0,8.0,1,291,0,294
392,13,433.0,2955.0,10.0,6.0,1,286,0,290
392,14,457.0,2953.0,11.0,6.0,1,285,0,289
392,16,496.0,2955.0,13.0,8.0,1,278,0,285
392,17,554.0,2948.0,12.0,7.0,1,284,0,284
392,18,576.0,2946.0,12.0,9.0,1,271,0,282
392,19,623.0,2941.0,12.0,7.0,1,273,0,279
392,20,614.0,2925.0,12.0,10.0,1,270,0,275
392,21,644.0,2930.0,12.0,10.0,1,271,0,273
392,22,662.0,2941.0,12.0,6.0,1,269,0,269
392,23,689.0,2942.0,11.0,6.0,1,262,0,266
392,24,395.0,2953.0,12.0,7.0,1,257,0,263
392,25,705.0,2948.0,11.0,8.0,1,261,0,261
392,26,720.0,2949.0,12.0,10.0,1,248,0,257
393,0,1752.0,3076.0,12.0,8.0,1,394,0,394
393,1,183.0,2951.0,10.0,8.0,1,314,0,318
393,2,209.0,2953.0,9.0,8.0,1,311,0,314
393,3,281.0,2946.0,10.0,7.0,1,305,0,310
393,4,301.0,2946.0,12.0,9.0,1,296,0,310
393,5,232.0,2949.0,12.0,7.0,1,304,0,308
393,6,322.0,2947.0,11.0,9.0,1,305,0,305
393,7,259.0,2949.0,11.0,7.0,1,301,0,303
393,8,344.0,2948.0,9.0,6.0,1,298,0,300
393,9,369.0,2947.0,9.0,9.0,1,287,0,297
393,10,474.0,2956.0,10.0,9.0,1,294,0,296
393,11,411.0,2951.0,12.0,8.0,1,292,0,295
393,13,428.0,2953.0,11.0,7.0,1,287,0,291
393,14,449.0,2954.0,13.0,6.0,1,286,0,290
393,16,489.0,2952.0,13.0,8.0,1,279,0,286
393,17,553.0,2943.0,9.0,10.0,1,285,0,285
393,18,571.0,2943.0,13.0,11.0,1,272,0,283
393,19,622.0,2939.0,10.0,6.0,1,274,0,280
393,20,615.0,2926.0,10.0,8.0,1,271,0,276
393,21,643.0,2930.0,9.0,7.0,1,272,0,274
393,22,664.0,2939.0,11.0,9.0,1,270,0,270
393,23,682.0,2941.0,13.0,8.0,1,263,0,267
393,24,393.0,2949.0,12.0,10.0,1,258,0,264
393,25,703.0,2945.0,10.0,6.0,1,262,0,262
393,26,717.0,2948.0,12.0,9.0,1,249,0,258
394,0,1750.0,3075.0,17.0,8.0,1,395,0,395
394,1,179.0,2948.0,9.0,8.0,1,315,0,319
394,2,205.0,2951.0,7.0,6.0,1,312,0,315
394,3,273.0,2947.0,12.0,9.0,1,306,0,311
394,4,296.0,2948.0,13.0,10.0,1,297,0,311
394,5,226.0,2948.0,13.0,8.0,1,305,0,309
394,6,317.0,2945.0,12.0,9.0,1,306,0,306
394,7,253.0,2947.0,11.0,9.0,1,302,0,304
394,8,342.0,2948.0,9.0,7.0,1,299,0,301
394,9,366.0,2948.0,9.0,9.0,1,288,0,298
394,10,466.0,2957.0,11.0,7.0,1,295,0,297
394,11,408.0,2949.0,11.0,7.0,1,293,0,296
394,13,425.0,2952.0,10.0,6.0,1,288,0,292
394,14,446.0,2954.0,9.0,7.0,1,287,0,291
394,16,487.0,2952.0,12.0,8.0,1,280,0,287
394,17,547.0,2945.0,10.0,8.0,1,286,0,286
394,18,571.0,2944.0,11.0,13.0,1,273,0,284
394,19,621.0,2939.0,12.0,6.0,1,275,0,281
394,20,611.0,2926.0,10.0,7.0,1,272,0,277
394,21,640.0,2928.0,9.0,8.0,1,273,0,275
394,22,657.0,2936.0,15.0,7.0,1,271,0,271
394,23,681.0,2943.0,13.0,7.0,1,264,0,268
394,24,392.0,2951.0,9.0,5.0,1,259,0,265
394,25,700.0,2946.0,10.0,6.0,1,263,0,263
394,26,715.0,2945.0,12.0,9.0,1,250,0,259
395,0,1756.0,3070.0,11.0,11.0,1,396,0,396
395,1,171.0,2946.0,12.0,8.0,1,316,0,320
395,2,204.0,2950.0,5.0,6.0,1,313,0,316
395,3,269.0,2947.0,12.0,9.0,1,307,0,312
395,4,289.0,2947.0,12.0,10.0,1,298,0,312
395,5,217.0,2950.0,16.0,8.0,1,306,0,310
395,6,313.0,2945.0,10.0,8.0,1,307,0,307
395,7,246.0,2950.0,14.0,9.0,1,303,0,305
395,8,337.0,2949.0,9.0,6.0,1,300,0,302
395,9,363.0,2951.0,8.0,5.0,1,289,0,299
395,10,463.0,2957.0,11.0,7.0,1,296,0,298
395,11,401.0,2952.0,11.0,8.0,1,294,0,297
395,13,422.0,2951.0,11.0,7.0,1,289,0,293
395,14,441.0,2952.0,10.0,9.0,1,288,0,292
395,16,483.0,2953.0,10.0,8.0,1,281,0,288
395,17,543.0,2946.0,15.0,11.0,1,287,0,287
395,18,566.0,2941.0,10.0,9.0,1,274,0,285
395,19,616.0,2938.0,11.0,7.0,1,276,0,282
395,20,607.0,2926.0,12.0,7.0,1,273,0,278
395,21,633.0,2930.0,13.0,8.0,1,274,0,276
395,22,658.0,2935.0,12.0,8.0,1,272,0,272
395,23,677.0,2938.0,10.0,8.0,1,265,0,269
395,24,387.0,2949.0,7.0,6.0,1,260,0,266
395,25,695.0,2945.0,8.0,8.0,1,264,0,264
395,26,712.0,2947.0,9.0,7.0,1,251,0,260
396,0,1753.0,3071.0,15.0,8.0,1,397,0,397
396,1,168.0,2950.0,11.0,7.0,1,317,0,321
396,2,194.0,2952.0,8.0,6.0,1,314,0,317
396,3,266.0,2947.0,10.0,7.0,1,308,0,313
396,4,287.0,2949.0,8.0,8.0,1,299,0,313
396,5,213.0,2949.0,15.0,8.0,1,307,0,311
396,6,304.0,2944.0,12.0,8.0,1,308,0,308
396,7,242.0,2949.0,13.0,9.0,1,304,0,306
396,8,328.0,2946.0,12.0,7.0,1,301,0,303
396,9,354.0,2946.0,14.0,10.0,1,290,0,300
396,10,460.0,2954.0,8.0,7.0,1,297,0,299
396,11,397.0,2949.0,12.0,8.0,1,295,0,298
396,13,415.0,2952.0,10.0,6.0,1,290,0,294
396,14,440.0,2952.0,9.0,8.0,1,289,0,293
396,16,478.0,2953.0,12.0,6.0,1,282,0,289
396,17,542.0,2945.0,11.0,8.0,1,288,0,288
396,18,567.0,2937.0,10.0,14.0,1,275,0,286
396,19,616.0,2937.0,10.0,6.0,1,277,0,283
396,20,600.0,2922.0,11.0,7.0,1,274,0,279
396,21,632.0,2927.0,12.0,10.0,1,275,0,277
396,22,651.0,2935.0,11.0,9.0,1,273,0,273
396,23,674.0,2938.0,10.0,7.0,1,266,0,270
396,24,378.0,2950.0,11.0,5.0,1,261,0,267
396,25,690.0,2943.0,10.0,8.0,1,265,0,265
396,26,709.0,2944.0,12.0,9.0,1,252,0,261
397,0,1760.0,3074.0,15.0,9.0,1,398,0,398
397,1,163.0,2951.0,11.0,7.0,1,318,0,322
397,2,187.0,2951.0,13.0,6.0,1,315,0,318
397,3,261.0,2946.0,10.0,8.0,1,309,0,314
397,4,279.0,2946.0,10.0,6.0,1,300,0,314
397,5,210.0,2946.0,14.0,7.0,1,308,0,312
397,6,301.0,2945.0,12.0,8.0,1,309,0,309
397,7,237.0,2945.0,11.0,7.0,1,305,0,307
397,8,328.0,2944.0,9.0,8.0,1,302,0,304
397,9,350.0,2945.0,12.0,8.0,1,291,0,301
397,10,458.0,2955.0,9.0,5.0,1,298,0,300
397,11,399.0,2947.0,10.0,9.0,1,296,0,299
397,13,410.0,2951.0,10.0,8.0,1,291,0,295
397,14,434.0,2950.0,10.0,8.0,1,290,0,294
397,16,470.0,2951.0,14.0,8.0,1,283,0,290
397,17,538.0,2940.0,12.0,10.0,1,289,0,289
397,18,559.0,2942.0,12.0,8.0,1,276,0,287
397,19,610.0,2937.0,12.0,8.0,1,278,0,284
397,20,600.0,2922.0,11.0,7.0,1,275,0,280
397,21,630.0,2924.0,11.0,8.0,1,276,0,278
397,22,646.0,2935.0,11.0,8.0,1,274,0,274
397,23,672.0,2938.0,12.0,11.0,1,267,0,271
397,24,373.0,2952.0,9.0,5.0,1,262,0,268
397,25,688.0,2942.0,11.0,7.0,1,266,0,266
397,26,705.0,2942.0,11.0,9.0,1,253,0,262
398,0,1761.0,3073.0,12.0,11.0,1,399,0,399
398,1,159.0,2949.0,10.0,6.0,1,319,0,323
398,2,183.0,2950.0,8.0,6.0,1,316,0,319
398,3,253.0,2944.0,12.0,9.0,1,310,0,315
398,4,277.0,2948.0,9.0,6.0,1,301,0,315
398,5,204.0,2948.0,17.0,7.0,1,309,0,313
398,6,297.0,2943.0,13.0,9.0,1,310,0,310
398,7,234.0,2944.0,10.0,8.0,1,306,0,308
398,8,324.0,2944.0,7.0,8.0,1,303,0,305
398,9,344.0,2946.0,13.0,6.0,1,292,0,302
398,10,448.0,2953.0,12.0,6.0,1,299,0,301
398,11,391.0,2947.0,11.0,8.0,1,297,0,300
398,13,408.0,2952.0,9.0,6.0,1,292,0,296
398,14,430.0,2953.0,11.0,8.0,1,291,0,295
398,16,471.0,2949.0,10.0,8.0,1,284,0,291
398,17,537.0,2944.0,10.0,6.0,1,290,0,290
398,18,560.0,2942.0,9.0,10.0,1,277,0,288
398,19,609.0,2932.0,11.0,8.0,1,279,0,285
398,20,597.0,2921.0,14.0,6.0,1,276,0,281
398,21,626.0,2926.0,10.0,7.0,1,277,0,279
398,22,646.0,2931.0,11.0,8.0,1,275,0,275
398,23,669.0,2935.0,13.0,11.0,1,268,0,272
398,24,371.0,2948.0,8.0,7.0,1,263,0,269
398,25,687.0,2943.0,10.0,6.0,1,267,0,267
398,26,702.0,2941.0,11.0,7.0,1,254,0,263
399,0,1762.0,3071.0,15.0,11.0,1,400,0,400
399,1,154.0,2947.0,9.0,7.0,1,320,0,324
399,2,181.0,2950.0,6.0,7.0,1,317,0,320
399,3,247.0,2947.0,13.0,8.0,1,311,0,316
399,4,273.0,2948.0,8.0,6.0,1,302,0,316
399,5,201.0,2947.0,14.0,8.0,1,310,0,314
399,6,293.0,2944.0,11.0,7.0,1,311,0,311
399,7,227.0,2946.0,10.0,9.0,1,307,0,309
399,8,316.0,2945.0,8.0,7.0,1,304,0,306
399,9,344.0,2946.0,13.0,6.0,0,292,1,303
399,10,442.0,2953.0,12.0,8.0,1,300,0,302
399,11,385.0,2948.0,9.0,7.0,1,298,0,301
399,13,404.0,2949.0,10.0,5.0,1,293,0,297
399,14,423.0,2951.0,10.0,7.0,1,292,0,296
399,16,466.0,2949.0,12.0,6.0,1,285,0,292
399,17,534.0,2942.0,11.0,8.0,1,291,0,291
399,18,560.0,2941.0,9.0,9.0,1,278,0,289
399,19,605.0,2932.0,11.0,9.0,1,280,0,286
399,20,588.0,2921.0,14.0,8.0,1,277,0,282
399,21,621.0,2925.0,13.0,10.0,1,278,0,280
399,22,642.0,2931.0,9.0,7.0,1,276,0,276
399,23,666.0,2935.0,12.0,11.0,1,269,0,273
399,24,367.0,2949.0,7.0,8.0,1,264,0,270
399,25,682.0,2943.0,11.0,6.0,1,268,0,268
399,26,702.0,2943.0,11.0,7.0,1,255,0,264
400,0,1766.0,3070.0,11.0,11.0,1,401,0,401
400,1,146.0,2949.0,10.0,8.0,1,321,0,325
400,2,172.0,2952.0,10.0,6.0,1,318,0,321
400,3,244.0,2944.0,13.0,10.0,1,312,0,317
400,4,268.0,2947.0,9.0,7.0,1,303,0,317
400,5,195.0,2946.0,14.0,9.0,1,311,0,315
400,6,290.0,2942.0,11.0,10.0,1,312,0,312
400,7,223.0,2945.0,11.0,9.0,1,308,0,310
400,8,313.0,2947.0,9.0,7.0,1,305,0,307
400,9,338.0,2946.0,13.0,7.0,1,293,0,304
400,10,442.0,2949.0,8.0,9.0,1,301,0,303
400,11,378.0,2946.0,10.0,7.0,1,299,0,302
400,13,398.0,2949.0,10.0,5.0,1,294,0,298
400,14,420.0,2951.0,9.0,5.0,1,293,0,297
400,16,459.0,2950.0,12.0,9.0,1,286,0,293
400,17,531.0,2943.0,12.0,6.0,1,292,0,292
400,18,553.0,2935.0,14.0,15.0,1,279,0,290
400,19,601.0,2935.0,13.0,7.0,1,281,0,287
400,20,585.0,2921.0,12.0,7.0,1,278,0,283
400,21,618.0,2924.0,10.0,10.0,1,279,0,281
400,22,636.0,2931.0,12.0,10.0,1,277,0,277
400,23,662.0,2933.0,10.0,9.0,1,270,0,274
400,24,356.0,2947.0,13.0,8.0,1,265,0,271
400,25,679.0,2943.0,10.0,6.0,1,269,0,269
400,26,698.0,2943.0,11.0,6.0,1,256,0,265
401,0,1763.0,3070.0,17.0,11.0,1,402,0,402
401,1,142.0,2946.0,11.0,9.0,1,322,0,326
401,2,166.0,2947.0,13.0,9.0,1,319,0,322
401,3,236.0,2946.0,14.0,9.0,1,313,0,318
401,4,261.0,2944.0,13.0,10.0,1,304,0,318
401,5,187.0,2946.0,15.0,9.0,1,312,0,316
401,6,283.0,2946.0,12.0,8.0,1,313,0,313
401,7,217.0,2946.0,12.0,8.0,1,309,0,311
401,8,306.0,2945.0,10.0,8.0,1,306,0,308
401,9,331.0,2945.0,14.0,7.0,1,294,0,305
401,10,434.0,2949.0,12.0,6.0,1,302,0,304
401,11,379.0,2944.0,10.0,7.0,1,300,0,303
401,13,389.0,2947.0,13.0,9.0,1,295,0,299
401,14,414.0,2947.0,13.0,9.0,1,294,0,298
401,16,454.0,2946.0,14.0,9.0,1,287,0,294
401,17,524.0,2938.0,15.0,11.0,1,293,0,293
401,18,551.0,2936.0,13.0,10.0,1,280,0,291
401,19,595.0,2932.0,13.0,9.0,1,282,0,288
401,20,582.0,2918.0,12.0,10.0,1,279,0,284
401,21,613.0,2918.0,12.0,10.0,1,280,0,282
401,22,633.0,2927.0,12.0,9.0,1,278,0,278
401,23,658.0,2936.0,11.0,9.0,1,271,0,275
401,24,357.0,2947.0,11.0,8.0,1,266,0,272
401,25,677.0,2938.0,11.0,8.0,1,270,0,270
401,26,694.0,2941.0,10.0,8.0,1,257,0,266
402,0,1765.0,3071.0,15.0,8.0,1,403,0,403
402,1,138.0,2945.0,9.0,8.0,1,323,0,327
402,2,165.0,2946.0,8.0,11.0,1,320,0,323
402,3,235.0,2947.0,13.0,9.0,1,314,0,319
402,4,259.0,2942.0,12.0,9.0,1,305,0,319
402,5,182.0,2946.0,15.0,9.0,1,313,0,317
402,6,278.0,2944.0,12.0,8.0,1,314,0,314
402,7,212.0,2944.0,13.0,7.0,1,310,0,312
402,8,300.0,2943.0,10.0,9.0,1,307,0,309
402,9,327.0,2942.0,12.0,9.0,1,295,0,306
402,10,430.0,2949.0,11.0,7.0,1,303,0,305
402,11,371.0,2944.0,14.0,9.0,1,301,0,304
402,13,388.0,2946.0,12.0,7.0,1,296,0,300
402,14,414.0,2952.0,9.0,6.0,1,295,0,299
402,16,450.0,2944.0,13.0,9.0,1,288,0,295
402,17,526.0,2942.0,10.0,9.0,1,294,0,294
402,18,549.0,2940.0,11.0,9.0,1,281,0,292
402,19,596.0,2929.0,11.0,9.0,1,283,0,289
402,20,581.0,2919.0,11.0,9.0,1,280,0,285
402,21,611.0,2922.0,11.0,7.0,1,281,0,283
402,22,632.0,2928.0,11.0,8.0,1,279,0,279
402,23,652.0,2934.0,9.0,7.0,1,272,0,276
402,24,353.0,2944.0,7.0,9.0,1,267,0,273
402,25,678.0,2936.0,9.0,9.0,1,271,0,271
402,26,693.0,2935.0,9.0,8.0,1,258,0,267
403,0,1767.0,3073.0,12.0,10.0,1,404,0,404
403,1,132.0,2947.0,10.0,7.0,1,324,0,328
403,2,161.0,2948.0,7.0,9.0,1,321,0,324
403,3,232.0,2945.0,11.0,7.0,1,315,0,320
403,4,248.0,2947.0,12.0,8.0,1,306,0,320
403,5,177.0,2945.0,16.0,9.0,1,314,0,318
403,6,270.0,2943.0,14.0,9.0,1,315,0,315
403,7,206.0,2947.0,13.0,7.0,1,311,0,313
403,8,302.0,2941.0,8.0,9.0,1,308,0,310
403,9,324.0,2942.0,12.0,9.0,1,296,0,307
403,10,425.0,2951.0,10.0,4.0,1,304,0,306
403,11,365.0,2945.0,13.0,8.0,1,302,0,305
403,13,385.0,2946.0,12.0,6.0,1,297,0,301
403,14,405.0,2948.0,13.0,7.0,1,296,0,300
403,16,444.0,2945.0,12.0,8.0,1,289,0,296
403,17,523.0,2939.0,10.0,9.0,1,295,0,295
403,18,548.0,2934.0,12.0,11.0,1,282,0,293
403,19,593.0,2927.0,11.0,9.0,1,284,0,290
403,20,575.0,2917.0,12.0,10.0,1,281,0,286
403,21,606.0,2922.0,10.0,7.0,1,282,0,284
403,22,628.0,2928.0,10.0,7.0,1,280,0,280
403,23,655.0,2931.0,10.0,7.0,1,273,0,277
403,24,350.0,2943.0,7.0,10.0,1,268,0,274
403,25,671.0,2939.0,9.0,5.0,1,272,0,272
403,26,689.0,2938.0,9.0,7.0,1,259,0,268
404,0,1767.0,3071.0,13.0,10.0,1,405,0,405
404,1,125.0,2949.0,10.0,7.0,1,325,0,329
404,2,150.0,2948.0,9.0,5.0,1,322,0,325
404,3,223.0,2944.0,12.0,7.0,1,316,0,321
404,4,248.0,2948.0,9.0,7.0,1,307,0,321
404,5,171.0,2946.0,17.0,9.0,1,315,0,319
404,6,267.0,2945.0,12.0,8.0,1,316,0,316
404,7,201.0,2949.0,13.0,9.0,1,312,0,314
404,8,292.0,2944.0,11.0,9.0,1,309,0,311
404,9,317.0,2943.0,13.0,9.0,1,297,0,308
404,10,422.0,2945.0,11.0,10.0,1,305,0,307
404,11,363.0,2944.0,11.0,9.0,1,303,0,306
404,13,379.0,2947.0,11.0,6.0,1,298,0,302
404,14,401.0,2946.0,13.0,7.0,1,297,0,301
404,16,440.0,2947.0,13.0,11.0,1,290,0,297
404,17,519.0,2938.0,9.0,8.0,1,296,0,296
404,18,547.0,2938.0,10.0,6.0,1,283,0,294
404,19,588.0,2931.0,13.0,8.0,1,285,0,291
404,20,572.0,2921.0,12.0,6.0,1,282,0,287
404,21,603.0,2919.0,11.0,7.0,1,283,0,285
404,22,623.0,2927.0,10.0,9.0,1,281,0,281
404,23,652.0,2930.0,8.0,6.0,1,274,0,278
404,24,343.0,2942.0,10.0,10.0,1,269,0,275
404,25,669.0,2934.0,8.0,8.0,1,273,0,273
404,26,688.0,2938.0,10.0,7.0,1,260,0,269
405,0,1769.0,3067.0,14.0,12.0,1,406,0,406
405,1,122.0,2946.0,10.0,6.0,1,326,0,330
405,2,147.0,2947.0,10.0,8.0,1,323,0,326
405,3,220.0,2950.0,11.0,6.0,1,317,0,322
405,4,245.0,2943.0,8.0,10.0,1,308,0,322
405,5,168.0,2946.0,15.0,8.0,1,316,0,320
405,6,266.0,2942.0,12.0,10.0,1,317,0,317
405,7,194.0,2945.0,13.0,6.0,1,313,0,315
405,8,287.0,2944.0,9.0,7.0,1,310,0,312
405,9,314.0,2944.0,12.0,8.0,1,298,0,309
405,10,417.0,2949.0,10.0,7.0,1,306,0,308
405,11,360.0,2943.0,12.0,8.0,1,304,0,307
405,13,375.0,2945.0,9.0,6.0,1,299,0,303
405,14,396.0,2942.0,11.0,10.0,1,298,0,302
405,16,437.0,2945.0,12.0,8.0,1,291,0,298
405,17,515.0,2938.0,9.0,7.0,1,297,0,297
405,18,541.0,2937.0,11.0,8.0,1,284,0,295
405,19,586.0,2927.0,12.0,8.0,1,286,0,292
405,20,571.0,2919.0,9.0,6.0,1,283,0,288
405,21,599.0,2920.0,9.0,7.0,1,284,0,286
405,22,620.0,2927.0,8.0,7.0,1,282,0,282
405,23,642.0,2932.0,12.0,9.0,1,275,0,279
405,24,339.0,2943.0,10.0,10.0,1,270,0,276
405,25,664.0,2933.0,8.0,9.0,1,274,0,274
405,26,685.0,2936.0,9.0,8.0,1,261,0,270
406,0,1767.0,3070.0,18.0,10.0,1,407,0,407
406,1,118.0,2945.0,11.0,9.0,1,327,0,331
406,2,143.0,2947.0,9.0,5.0,1,324,0,327
406,3,213.0,2946.0,10.0,7.0,1,318,0,323
406,4,238.0,2943.0,13.0,9.0,1,309,0,323
406,5,162.0,2946.0,14.0,7.0,1,317,0,321
406,6,258.0,2944.0,12.0,8.0,1,318,0,318
406,7,190.0,2947.0,12.0,7.0,1,314,0,316
406,8,283.0,2943.0,10.0,7.0,1,311,0,313
406,9,310.0,2938.0,12.0,11.0,1,299,0,310
406,10,410.0,2948.0,13.0,10.0,1,307,0,309
406,11,354.0,2941.0,10.0,8.0,1,305,0,308
406,13,371.0,2943.0,8.0,7.0,1,300,0,304
406,14,395.0,2946.0,9.0,8.0,1,299,0,303
406,16,432.0,2946.0,11.0,7.0,1,292,0,299
406,17,510.0,2939.0,14.0,6.0,1,298,0,298
406,18,539.0,2933.0,9.0,7.0,1,285,0,296
406,19,583.0,2928.0,11.0,9.0,1,287,0,293
406,20,565.0,2917.0,13.0,8.0,1,284,0,289
406,21,595.0,2917.0,9.0,6.0,1,285,0,287
406,22,617.0,2926.0,10.0,9.0,1,283,0,283
406,23,640.0,2930.0,12.0,9.0,1,276,0,280
406,24,335.0,2941.0,7.0,7.0,1,271,0,277
406,25,661.0,2931.0,11.0,8.0,1,275,0,275
406,26,683.0,2932.0,7.0,9.0,1,262,0,271
407,0,1772.0,3071.0,18.0,10.0,1,408,0,408
407,1,108.0,2945.0,10.0,9.0,1,328,0,332
407,2,137.0,2946.0,11.0,7.0,1,325,0,328
407,3,210.0,2945.0,8.0,6.0,1,319,0,324
407,4,231.0,2944.0,11.0,9.0,1,310,0,324
407,5,157.0,2948.0,16.0,7.0,1,318,0,322
407,6,253.0,2944.0,12.0,8.0,1,319,0,319
407,7,185.0,2945.0,12.0,7.0,1,315,0,317
407,8,279.0,2943.0,10.0,6.0,1,312,0,314
407,9,306.0,2940.0,10.0,8.0,1,300,0,311
407,10,409.0,2945.0,8.0,7.0,1,308,0,310
407,11,351.0,2942.0,9.0,8.0,1,306,0,309
407,13,368.0,2942.0,10.0,7.0,1,301,0,305
407,14,389.0,2944.0,12.0,9.0,1,300,0,304
407,16,426.0,2944.0,9.0,9.0,1,293,0,300
407,17,508.0,2937.0,12.0,8.0,1,299,0,299
407,18,540.0,2932.0,9.0,8.0,1,286,0,297
407,19,581.0,2927.0,11.0,8.0,1,288,0,294
407,20,564.0,2918.0,11.0,6.0,1,285,0,290
407,21,592.0,2920.0,12.0,7.0,1,286,0,288
407,22,614.0,2924.0,12.0,9.0,1,284,0,284
407,23,640.0,2926.0,11.0,9.0,1,277,0,281
407,24,329.0,2943.0,8.0,6.0,1,272,0,278
407,25,660.0,2932.0,9.0,6.0,1,276,0,276
407,26,676.0,2931.0,13.0,9.0,1,263,0,272
408,0,1775.0,3072.0,12.0,11.0,1,409,0,409
408,1,102.0,2946.0,13.0,9.0,1,329,0,333
408,2,130.0,2947.0,12.0,7.0,1,326,0,329
408,3,205.0,2946.0,8.0,6.0,1,320,0,325
408,4,226.0,2946.0,13.0,7.0,1,311,0,325
408,5,150.0,2948.0,18.0,10.0,1,319,0,323
408,6,250.0,2944.0,11.0,8.0,1,320,0,320
408,7,181.0,2947.0,10.0,7.0,1,316,0,318
408,8,270.0,2944.0,10.0,7.0,1,313,0,315
408,9,297.0,2942.0,14.0,10.0,1,301,0,312
408,10,405.0,2943.0,8.0,8.0,1,309,0,311
408,11,346.0,2942.0,11.0,7.0,1,307,0,310
408,13,365.0,2945.0,5.0,5.0,1,302,0,306
408,14,382.0,2945.0,10.0,8.0,1,301,0,305
408,16,421.0,2943.0,14.0,9.0,1,294,0,301
408,17,509.0,2934.0,12.0,8.0,1,300,0,300
408,18,534.0,2935.0,10.0,5.0,1,287,0,298
408,19,576.0,2926.0,10.0,8.0,1,289,0,295
408,20,558.0,2916.0,12.0,8.0,1,286,0,291
408,21,589.0,2916.0,9.0,8.0,1,287,0,289
408,22,608.0,2924.0,10.0,6.0,1,285,0,285
408,23,634.0,2927.0,10.0,10.0,1,278,0,282
408,24,323.0,2943.0,10.0,7.0,1,273,0,279
408,25,652.0,2930.0,12.0,8.0,1,277,0,277
408,26,674.0,2933.0,12.0,8.0,1,264,0,273
409,0,1776.0,3072.0,10.0,9.0,1,410,0,410
409,1,99.0,2947.0,13.0,8.0,1,330,0,334
409,2,125.0,2947.0,12.0,6.0,1,327,0,330
409,3,196.0,2946.0,11.0,6.0,1,321,0,326
409,4,223.0,2943.0,11.0,9.0,1,312,0,326
409,5,144.0,2945.0,16.0,7.0,1,320,0,324
409,6,242.0,2945.0,12.0,7.0,1,321,0,321
409,7,175.0,2946.0,11.0,7.0,1,317,0,319
409,8,267.0,2942.0,10.0,9.0,1,314,0,316
409,9,294.0,2945.0,12.0,8.0,1,302,0,313
409,10,399.0,2943.0,8.0,8.0,1,310,0,312
409,11,344.0,2940.0,9.0,10.0,1,308,0,311
409,13,357.0,2943.0,13.0,8.0,1,303,0,307
409,14,377.0,2943.0,12.0,9.0,1,302,0,306
409,16,418.0,2943.0,13.0,9.0,1,295,0,302
409,17,506.0,2934.0,8.0,8.0,1,301,0,301
409,18,530.0,2934.0,11.0,7.0,1,288,0,299
409,19,572.0,2925.0,11.0,8.0,1,290,0,296
409,20,555.0,2914.0,12.0,10.0,1,287,0,292
409,21,584.0,2916.0,10.0,7.0,1,288,0,290
409,22,602.0,2923.0,13.0,8.0,1,286,0,286
409,23,632.0,2926.0,10.0,11.0,1,279,0,283
409,24,318.0,2941.0,10.0,7.0,1,274,0,280
409,25,655.0,2926.0,8.0,11.0,1,278,0,278
409,26,672.0,2929.0,9.0,11.0,1,265,0,274
410,0,1774.0,3067.0,12.0,12.0,1,411,0,411
410,1,94.0,2941.0,11.0,9.0,1,331,0,335
410,2,122.0,2943.0,8.0,7.0,1,328,0,331
410,3,192.0,2949.0,10.0,6.0,1,322,0,327
410,4,217.0,2947.0,11.0,9.0,1,313,0,327
410,5,142.0,2945.0,15.0,8.0,1,321,0,325
410,6,238.0,2943.0,10.0,7.0,1,322,0,322
410,7,167.0,2945.0,13.0,8.0,1,318,0,320
410,8,262.0,2943.0,11.0,9.0,1,315,0,317
410,9,288.0,2938.0,13.0,9.0,1,303,0,314
410,10,393.0,2945.0,12.0,7.0,1,311,0,313
410,11,336.0,2940.0,12.0,8.0,1,309,0,312
410,13,350.0,2941.0,9.0,6.0,1,304,0,308
410,14,373.0,2943.0,12.0,7.0,1,303,0,307
410,16,412.0,2941.0,14.0,7.0,1,296,0,303
410,17,502.0,2934.0,10.0,9.0,1,302,0,302
410,18,531.0,2930.0,9.0,8.0,1,289,0,300
410,19,569.0,2923.0,12.0,9.0,1,291,0,297
410,20,555.0,2914.0,12.0,8.0,1,288,0,293
410,21,577.0,2913.0,13.0,9.0,1,289,0,291
410,22,601.0,2920.0,11.0,7.0,1,287,0,287
410,23,625.0,2925.0,11.0,8.0,1,280,0,284
410,24,314.0,2945.0,9.0,5.0,1,275,0,281
410,25,648.0,2928.0,10.0,8.0,1,279,0,279
410,26,670.0,2927.0,8.0,12.0,1,266,0,275
411,0,1770.0,3070.0,18.0,8.0,1,412,0,412
411,1,84.0,2943.0,14.0,10.0,1,332,0,336
411,2,112.0,2943.0,12.0,11.0,1,329,0,332
411,3,188.0,2944.0,10.0,8.0,1,323,0,328
411,4,209.0,2948.0,16.0,9.0,1,314,0,328
411,5,137.0,2945.0,17.0,8.0,1,322,0,326
411,6,235.0,2943.0,13.0,9.0,1,323,0,323
411,7,162.0,2946.0,14.0,12.0,1,319,0,321
411,8,259.0,2942.0,10.0,7.0,1,316,0,318
411,9,285.0,2937.0,11.0,9.0,1,304,0,315
411,10,390.0,2942.0,10.0,7.0,1,312,0,314
411,11,330.0,2940.0,15.0,9.0,1,310,0,313
411,13,347.0,2939.0,12.0,7.0,1,305,0,309
411,14,370.0,2943.0,11.0,7.0,1,304,0,308
411,16,407.0,2940.0,12.0,8.0,1,297,0,304
411,17,500.0,2935.0,9.0,7.0,1,303,0,303
411,18,530.0,2932.0,11.0,9.0,1,290,0,301
411,19,565.0,2924.0,11.0,8.0,1,292,0,298
411,20,551.0,2914.0,11.0,9.0,1,289,0,294
411,21,576.0,2914.0,11.0,8.0,1,290,0,292
411,22,596.0,2919.0,14.0,8.0,1,288,0,288
411,23,625.0,2920.0,8.0,10.0,1,281,0,285
411,24,309.0,2943.0,9.0,6.0,1,276,0,282
411,25,644.0,2928.0,12.0,9.0,1,280,0,280
411,26,664.0,2929.0,10.0,9.0,1,267,0,276
412,0,1774.0,3073.0,14.0,7.0,1,413,0,413
412,1,82.0,2943.0,13.0,11.0,1,333,0,337
412,2,112.0,2945.0,11.0,7.0,1,330,0,333
412,3,182.0,2945.0,11.0,7.0,1,324,0,329
412,4,205.0,2948.0,11.0,6.0,1,315,0,329
412,5,130.0,2946.0,14.0,9.0,1,323,0,327
412,6,228.0,2942.0,13.0,10.0,1,324,0,324
412,7,161.0,2947.0,12.0,10.0,1,320,0,322
412,8,254.0,2944.0,9.0,7.0,1,317,0,319
412,9,278.0,2941.0,14.0,7.0,1,305,0,316
412,10,388.0,2941.0,8.0,8.0,1,313,0,315
412,11,325.0,2937.0,16.0,11.0,1,311,0,314
412,13,344.0,2942.0,8.0,4.0,1,306,0,310
412,14,364.0,2942.0,13.0,6.0,1,305,0,309
412,16,403.0,2943.0,14.0,8.0,1,298,0,305
412,17,500.0,2931.0,10.0,9.0,1,304,0,304
412,18,524.0,2932.0,13.0,9.0,1,291,0,302
412,19,557.0,2926.0,14.0,9.0,1,293,0,299
412,20,546.0,2916.0,13.0,5.0,1,290,0,295
412,21,575.0,2913.0,9.0,9.0,1,291,0,293
412,22,593.0,2921.0,13.0,7.0,1,289,0,289
412,23,617.0,2922.0,11.0,8.0,1,282,0,286
412,24,304.0,2944.0,8.0,5.0,1,277,0,283
412,25,641.0,2925.0,12.0,8.0,1,281,0,281
412,26,659.0,2930.0,13.0,11.0,1,268,0,277
413,0,1776.0,3074.0,12.0,7.0,1,414,0,414
413,1,79.0,2943.0,9.0,8.0,1,334,0,338
413,2,104.0,2945.0,12.0,7.0,1,331,0,334
413,3,174.0,2949.0,12.0,7.0,1,325,0,330
413,4,196.0,2941.0,15.0,10.0,1,316,0,330
413,5,124.0,2946.0,18.0,7.0,1,324,0,328
413,6,223.0,2942.0,13.0,9.0,1,325,0,325
413,7,155.0,2943.0,9.0,9.0,1,321,0,323
413,8,249.0,2943.0,8.0,6.0,1,318,0,320
413,9,275.0,2944.0,11.0,6.0,1,306,0,317
413,10,380.0,2942.0,11.0,5.0,1,314,0,316
413,11,324.0,2938.0,12.0,10.0,1,312,0,315
413,13,337.0,2940.0,12.0,6.0,1,307,0,311
413,14,360.0,2939.0,12.0,8.0,1,306,0,310
413,16,397.0,2943.0,12.0,8.0,1,299,0,306
413,17,495.0,2935.0,9.0,6.0,1,305,0,305
413,18,523.0,2932.0,13.0,9.0,1,292,0,303
413,19,557.0,2921.0,10.0,8.0,1,294,0,300
413,20,545.0,2914.0,10.0,6.0,1,291,0,296
413,21,574.0,2913.0,8.0,8.0,1,292,0,294
413,22,591.0,2919.0,11.0,7.0,1,290,0,290
413,23,613.0,2920.0,13.0,11.0,1,283,0,287
413,24,298.0,2944.0,10.0,5.0,1,278,0,284
413,25,636.0,2925.0,13.0,9.0,1,282,0,282
413,26,657.0,2927.0,11.0,8.0,1,269,0,278
414,0,1778.0,3072.0,9.0,7.0,1,415,0,415
414,1,72.0,2941.0,12.0,13.0,1,335,0,339
414,2,102.0,2946.0,11.0,6.0,1,332,0,335
414,3,170.0,2947.0,10.0,6.0,1,326,0,331
414,4,189.0,2945.0,15.0,7.0,1,317,0,331
414,5,120.0,2946.0,16.0,7.0,1,325,0,329
414,6,217.0,2942.0,12.0,9.0,1,326,0,326
414,7,155.0,2943.0,9.0,9.0,0,321,1,324
414,8,242.0,2942.0,12.0,9.0,1,319,0,321
414,9,269.0,2939.0,11.0,7.0,1,307,0,318
414,10,374.0,2942.0,13.0,7.0,1,315,0,317
414,11,319.0,2936.0,12.0,7.0,1,313,0,316
414,13,335.0,2939.0,10.0,6.0,1,308,0,312
414,14,354.0,2940.0,12.0,7.0,1,307,0,311
414,16,392.0,2937.0,14.0,7.0,1,300,0,307
414,17,490.0,2933.0,11.0,8.0,1,306,0,306
414,18,520.0,2929.0,11.0,10.0,1,293,0,304
414,19,553.0,2918.0,15.0,8.0,1,295,0,301
414,20,540.0,2915.0,9.0,5.0,1,292,0,297
414,21,565.0,2913.0,11.0,7.0,1,293,0,295
414,22,588.0,2918.0,11.0,6.0,1,291,0,291
414,23,612.0,2920.0,10.0,7.0,1,284,0,288
414,24,293.0,2940.0,9.0,6.0,1,279,0,285
414,25,633.0,2924.0,14.0,10.0,1,283,0,283
414,26,655.0,2925.0,11.0,11.0,1,270,0,279
415,0,1777.0,3070.0,11.0,11.0,1,416,0,416
415,1,70.0,2941.0,10.0,9.0,1,336,0,340
415,2,96.0,2946.0,7.0,6.0,1,333,0,336
415,3,163.0,2945.0,10.0,6.0,1,327,0,332
415,4,188.0,2944.0,14.0,9.0,1,318,0,332
415,5,115.0,2947.0,17.0,8.0,1,326,0,330
415,6,214.0,2943.0,12.0,8.0,1,327,0,327
415,7,144.0,2947.0,10.0,8.0,1,322,0,325
415,8,240.0,2942.0,9.0,8.0,1,320,0,322
415,9,266.0,2941.0,11.0,7.0,1,308,0,319
415,10,370.0,2940.0,11.0,6.0,1,316,0,318
415,11,312.0,2938.0,13.0,9.0,1,314,0,317
415,13,330.0,2937.0,10.0,7.0,1,309,0,313
415,14,351.0,2940.0,11.0,8.0,1,308,0,312
415,16,389.0,2940.0,11.0,6.0,1,301,0,308
415,17,490.0,2930.0,7.0,5.0,1,307,0,307
415,18,518.0,2927.0,13.0,10.0,1,294,0,305
415,19,550.0,2922.0,14.0,7.0,1,296,0,302
415,20,535.0,2914.0,11.0,7.0,1,293,0,298
415,21,561.0,2912.0,8.0,8.0,1,294,0,296
415,22,582.0,2917.0,13.0,7.0,1,292,0,292
415,23,609.0,2917.0,11.0,8.0,1,285,0,289
415,24,288.0,2939.0,11.0,8.0,1,280,0,286
415,25,628.0,2923.0,11.0,10.0,1,284,0,284
415,26,647.0,2928.0,13.0,8.0,1,271,0,280
416,0,1773.0,3071.0,13.0,10.0,1,417,0,417
416,1,62.0,2942.0,14.0,9.0,1,337,0,341
416,2,87.0,2946.0,12.0,6.0,1,334,0,337
416,3,159.0,2947.0,11.0,6.0,1,328,0,333
416,4,183.0,2946.0,11.0,7.0,1,319,0,333
416,5,110.0,2948.0,18.0,6.0,1,327,0,331
416,6,207.0,2944.0,11.0,8.0,1,328,0,328
416,7,135.0,2944.0,13.0,8.0,1,323,0,326
416,8,230.0,2941.0,10.0,9.0,1,321,0,323
416,9,258.0,2942.0,11.0,7.0,1,309,0,320
416,10,367.0,2939.0,9.0,8.0,1,317,0,319
416,11,308.0,2935.0,14.0,7.0,1,315,0,318
416,13,326.0,2937.0,10.0,9.0,1,310,0,314
416,14,343.0,2938.0,13.0,10.0,1,309,0,313
416,16,384.0,2938.0,13.0,7.0,1,302,0,309
416,17,486.0,2931.0,10.0,6.0,1,308,0,308
416,18,512.0,2927.0,13.0,10.0,1,295,0,306
416,19,546.0,2922.0,12.0,7.0,1,297,0,303
416,20,532.0,2909.0,8.0,10.0,1,294,0,299
416,21,557.0,2913.0,5.0,6.0,1,295,0,297
416,22,579.0,2913.0,11.0,7.0,1,293,0,293
416,23,603.0,2916.0,10.0,8.0,1,286,0,290
416,24,285.0,2940.0,12.0,7.0,1,281,0,287
416,25,627.0,2921.0,11.0,11.0,1,285,0,285
416,26,647.0,2925.0,10.0,10.0,1,272,0,281
417,0,1776.0,3073.0,17.0,12.0,1,418,0,418
417,1,57.0,2942.0,10.0,7.0,1,338,0,342
417,2,80.0,2946.0,13.0,7.0,1,335,0,338
417,3,153.0,2946.0,12.0,8.0,1,329,0,334
417,4,181.0,2945.0,8.0,8.0,1,320,0,334
417,5,103.0,2945.0,18.0,8.0,1,328,0,332
417,6,201.0,2944.0,10.0,8.0,1,329,0,329
417,7,132.0,2942.0,13.0,10.0,1,324,0,327
417,8,228.0,2943.0,10.0,8.0,1,322,0,324
417,9,251.0,2942.0,14.0,6.0,1,310,0,321
417,10,362.0,2942.0,9.0,5.0,1,318,0,320
417,11,305.0,2935.0,11.0,8.0,1,316,0,319
417,13,322.0,2938.0,11.0,7.0,1,311,0,315
417,14,341.0,2935.0,11.0,8.0,1,310,0,314
417,16,379.0,2937.0,13.0,10.0,1,303,0,310
417,17,487.0,2931.0,8.0,6.0,1,309,0,309
417,18,510.0,2926.0,11.0,9.0,1,296,0,307
417,19,541.0,2920.0,12.0,6.0,1,298,0,304
417,20,528.0,2912.0,13.0,8.0,1,295,0,300
417,21,553.0,2913.0,6.0,6.0,1,296,0,298
417,22,576.0,2915.0,11.0,7.0,1,294,0,294
417,23,597.0,2918.0,13.0,10.0,1,287,0,291
417,24,279.0,2939.0,13.0,8.0,1,282,0,288
417,25,620.0,2918.0,12.0,11.0,1,286,0,286
417,26,642.0,2924.0,11.0,9.0,1,273,0,282
418,0,1777.0,3072.0,11.0,9.0,1,419,0,419
418,1,52.0,2938.0,12.0,9.0,1,339,0,343
418,2,77.0,2943.0,10.0,7.0,1,336,0,339
418,3,148.0,2946.0,10.0,8.0,1,330,0,335
418,4,181.0,2945.0,8.0,8.0,0,320,1,335
418,5,98.0,2943.0,18.0,9.0,1,329,0,333
418,6,197.0,2941.0,12.0,11.0,1,330,0,330
418,7,132.0,2942.0,13.0,10.0,0,324,1,328
418,8,223.0,2944.0,9.0,9.0,1,323,0,325
418,9,248.0,2937.0,9.0,9.0,1,311,0,322
418,10,358.0,2938.0,13.0,8.0,1,319,0,321
418,11,300.0,2936.0,12.0,7.0,1,317,0,320
418,13,316.0,2936.0,12.0,7.0,1,312,0,316
418,14,338.0,2937.0,10.0,6.0,1,311,0,315
418,16,374.0,2935.0,10.0,7.0,1,304,0,311
418,17,479.0,2932.0,9.0,7.0,1,310,0,310
418,18,508.0,2926.0,11.0,10.0,1,297,0,308
418,19,538.0,2915.0,10.0,11.0,1,299,0,305
418,20,523.0,2909.0,12.0,10.0,1,296,0,301
418,21,549.0,2912.0,5.0,8.0,1,297,0,299
418,22,572.0,2913.0,12.0,6.0,1,295,0,295
418,23,599.0,2919.0,8.0,7.0,1,288,0,292
418,24,273.0,2939.0,10.0,6.0,1,283,0,289
418,25,617.0,2920.0,12.0,9.0,1,287,0,287
418,26,639.0,2921.0,10.0,9.0,1,274,0,283
419,0,1778.0,3070.0,15.0,11.0,1,420,0,420
419,1,46.0,2941.0,11.0,7.0,1,340,0,344
419,2,71.0,2944.0,12.0,6.0,1,337,0,340
419,3,143.0,2942.0,11.0,9.0,1,331,0,336
419,4,167.0,2947.0,11.0,7.0,1,321,0,336
419,5,90.0,2943.0,17.0,8.0,1,330,0,334
419,6,192.0,2942.0,11.0,10.0,1,331,0,331
419,7,116.0,2947.0,10.0,5.0,1,325,0,329
419,8,215.0,2942.0,10.0,10.0,1,324,0,326
419,9,245.0,2940.0,9.0,8.0,1,312,0,323
419,10,353.0,2936.0,10.0,7.0,1,320,0,322
419,11,294.0,2935.0,12.0,9.0,1,318,0,321
419,13,315.0,2933.0,7.0,8.0,1,313,0,317
419,14,330.0,2935.0,14.0,10.0,1,312,0,316
419,16,372.0,2935.0,9.0,7.0,1,305,0,312
419,17,480.0,2928.0,7.0,9.0,1,311,0,311
419,18,510.0,2924.0,7.0,10.0,1,298,0,309
419,19,533.0,2917.0,10.0,8.0,1,300,0,306
419,20,520.0,2909.0,13.0,8.0,1,297,0,302
419,21,546.0,2910.0,4.0,9.0,1,298,0,300
419,22,566.0,2913.0,11.0,7.0,1,296,0,296
419,23,591.0,2916.0,14.0,8.0,1,289,0,293
419,24,268.0,2937.0,12.0,7.0,1,284,0,290
419,25,613.0,2917.0,11.0,9.0,1,288,0,288
419,26,634.0,2922.0,11.0,6.0,1,275,0,284
420,0,1776.0,3069.0,15.0,12.0,1,421,0,421
420,1,39.0,2941.0,13.0,8.0,1,341,0,345
420,2,65.0,2942.0,11.0,6.0,1,338,0,341
420,3,134.0,2947.0,11.0,6.0,1,332,0,337
420,4,164.0,2944.0,10.0,8.0,1,322,0,337
420,5,85.0,2943.0,18.0,8.0,1,331,0,335
420,6,184.0,2943.0,12.0,10.0,1,332,0,332
420,7,114.0,2945.0,10.0,8.0,1,326,0,330
420,8,211.0,2944.0,12.0,9.0,1,325,0,327
420,9,238.0,2938.0,11.0,8.0,1,313,0,324
420,10,350.0,2936.0,10.0,9.0,1,321,0,323
420,11,292.0,2934.0,11.0,7.0,1,319,0,322
420,13,311.0,2935.0,8.0,5.0,1,314,0,318
420,14,329.0,2932.0,12.0,10.0,1,313,0,317
420,16,367.0,2935.0,11.0,8.0,1,306,0,313
420,17,475.0,2927.0,9.0,9.0,1,312,0,312
420,18,503.0,2928.0,14.0,9.0,1,299,0,310
420,19,528.0,2916.0,11.0,8.0,1,301,0,307
420,20,517.0,2907.0,10.0,10.0,1,298,0,303
420,21,538.0,2914.0,7.0,5.0,1,299,0,301
420,22,565.0,2914.0,12.0,8.0,1,297,0,297
420,23,589.0,2914.0,13.0,7.0,1,290,0,294
420,24,262.0,2938.0,12.0,7.0,1,285,0,291
420,25,609.0,2916.0,11.0,11.0,1,289,0,289
420,26,632.0,2920.0,10.0,7.0,1,276,0,285
421,0,1774.0,3070.0,19.0,9.0,1,422,0,422
421,1,37.0,2937.0,14.0,8.0,1,342,0,346
421,2,62.0,2943.0,11.0,7.0,1,339,0,342
421,3,130.0,2945.0,12.0,8.0,1,333,0,338
421,4,155.0,2945.0,14.0,8.0,1,323,0,338
421,5,81.0,2942.0,19.0,8.0,1,332,0,336
421,6,181.0,2941.0,14.0,9.0,1,333,0,333
421,7,109.0,2942.0,10.0,9.0,1,327,0,331
421,8,204.0,2942.0,11.0,9.0,1,326,0,328
421,9,230.0,2940.0,13.0,9.0,1,314,0,325
421,10,346.0,2934.0,9.0,9.0,1,322,0,324
421,11,287.0,2930.0,12.0,9.0,1,320,0,323
421,13,303.0,2935.0,9.0,5.0,1,315,0,319
421,14,324.0,2933.0,9.0,10.0,1,314,0,318
421,16,359.0,2935.0,12.0,9.0,1,307,0,314
421,17,474.0,2929.0,7.0,11.0,1,313,0,313
421,18,502.0,2927.0,10.0,6.0,1,300,0,311
421,19,523.0,2916.0,12.0,8.0,1,302,0,308
421,20,516.0,2910.0,9.0,6.0,1,299,0,304
421,21,534.0,2911.0,6.0,7.0,1,300,0,302
421,22,560.0,2909.0,11.0,10.0,1,298,0,298
421,23,583.0,2914.0,13.0,11.0,1,291,0,295
421,24,259.0,2937.0,11.0,8.0,1,286,0,292
421,25,605.0,2913.0,14.0,11.0,1,290,0,290
421,26,628.0,2921.0,10.0,8.0,1,277,0,286
422,0,1777.0,3075.0,16.0,11.0,1,423,0,423
422,1,29.0,2936.0,13.0,10.0,1,343,0,347
422,2,59.0,2943.0,7.0,5.0,1,340,0,343
422,3,125.0,2943.0,10.0,8.0,1,334,0,339
422,4,150.0,2947.0,10.0,8.0,1,324,0,339
422,5,76.0,2944.0,18.0,8.0,1,333,0,337
422,6,174.0,2942.0,15.0,10.0,1,334,0,334
422,7,107.0,2948.0,7.0,6.0,1,328,0,332
422,8,200.0,2945.0,11.0,8.0,1,327,0,329
422,9,229.0,2939.0,10.0,9.0,1,315,0,326
422,10,337.0,2934.0,11.0,10.0,1,323,0,325
422,11,281.0,2930.0,10.0,8.0,1,321,0,324
422,13,298.0,2935.0,12.0,7.0,1,316,0,320
422,14,320.0,2934.0,9.0,6.0,1,315,0,319
422,16,356.0,2933.0,10.0,8.0,1,308,0,315
422,17,466.0,2926.0,14.0,10.0,1,314,0,314
422,18,498.0,2925.0,11.0,8.0,1,301,0,312
422,19,526.0,2917.0,9.0,8.0,1,303,0,309
422,20,509.0,2909.0,15.0,8.0,1,300,0,305
422,21,529.0,2908.0,7.0,6.0,1,301,0,303
422,22,553.0,2908.0,13.0,9.0,1,299,0,299
422,23,580.0,2913.0,12.0,7.0,1,292,0,296
422,24,254.0,2934.0,10.0,9.0,1,287,0,293
422,25,600.0,2913.0,13.0,10.0,1,291,0,291
422,26,622.0,2917.0,12.0,11.0,1,278,0,287
423,0,1778.0,3073.0,14.0,7.0,1,424,0,424
423,1,27.0,2938.0,7.0,6.0,1,344,0,348
423,2,49.0,2940.0,10.0,8.0,1,341,0,344
423,3,117.0,2943.0,12.0,8.0,1,335,0,340
423,4,143.0,2948.0,13.0,6.0,1,325,0,340
423,5,69.0,2943.0,19.0,8.0,1,334,0,338
423,6,170.0,2947.0,8.0,7.0,1,335,0,335
423,7,97.0,2946.0,10.0,7.0,1,329,0,333
423,8,194.0,2944.0,10.0,7.0,1,328,0,330
423,9,222.0,2939.0,10.0,10.0,1,316,0,327
423,10,333.0,2933.0,8.0,7.0,1,324,0,326
423,11,276.0,2931.0,12.0,10.0,1,322,0,325
423,13,292.0,2933.0,12.0,6.0,1,317,0,321
423,14,314.0,2935.0,11.0,9.0,1,316,0,320
423,16,350.0,2933.0,12.0,8.0,1,309,0,316
423,17,465.0,2927.0,10.0,7.0,1,315,0,315
423,18,497.0,2927.0,9.0,7.0,1,302,0,313
423,19,517.0,2912.0,12.0,7.0,1,304,0,310
423,20,505.0,2908.0,11.0,7.0,1,301,0,306
423,21,522.0,2907.0,11.0,7.0,1,302,0,304
423,22,548.0,2909.0,14.0,8.0,1,300,0,300
423,23,578.0,2910.0,11.0,9.0,1,293,0,297
423,24,246.0,2934.0,12.0,9.0,1,288,0,294
423,25,598.0,2915.0,12.0,8.0,1,292,0,292
423,26,620.0,2917.0,13.0,8.0,1,279,0,288
424,0,1784.0,3072.0,9.0,6.0,1,425,0,425
424,1,19.0,2937.0,13.0,12.0,1,345,0,349
424,2,46.0,2941.0,10.0,7.0,1,342,0,345
424,3,111.0,2946.0,12.0,9.0,1,336,0,341
424,4,142.0,2944.0,9.0,10.0,1,326,0,341
424,5,65.0,2944.0,18.0,9.0,1,335,0,339
424,6,162.0,2946.0,13.0,8.0,1,336,0,336
424,7,94.0,2943.0,11.0,9.0,1,330,0,334
424,8,188.0,2943.0,11.0,7.0,1,329,0,331
424,9,212.0,2939.0,14.0,10.0,1,317,0,328
424,10,331.0,2936.0,7.0,6.0,1,325,0,327
424,11,272.0,2932.0,12.0,9.0,1,323,0,326
424,13,289.0,2931.0,11.0,6.0,1,318,0,322
424,14,308.0,2930.0,12.0,9.0,1,317,0,321
424,16,347.0,2934.0,10.0,7.0,1,310,0,317
424,17,464.0,2926.0,9.0,8.0,1,316,0,316
424,18,492.0,2925.0,11.0,7.0,1,303,0,314
424,19,512.0,2912.0,12.0,8.0,1,305,0,311
424,20,499.0,2905.0,13.0,9.0,1,302,0,307
424,21,517.0,2909.0,9.0,4.0,1,303,0,305
424,22,544.0,2910.0,13.0,9.0,1,301,0,301
424,23,573.0,2911.0,12.0,8.0,1,294,0,298
424,24,243.0,2939.0,11.0,6.0,1,289,0,295
424,25,592.0,2911.0,16.0,10.0,1,293,0,293
424,26,615.0,2917.0,11.0,10.0,1,280,0,289
425,0,1783.0,3071.0,13.0,9.0,1,426,0,426
425,1,15.0,2935.0,10.0,11.0,1,346,0,350
425,2,39.0,2939.0,12.0,9.0,1,343,0,346
425,3,109.0,2944.0,10.0,7.0,1,337,0,342
425,4,142.0,2944.0,9.0,10.0,0,326,1,342
425,5,57.0,2941.0,22.0,9.0,1,336,0,340
425,6,160.0,2946.0,10.0,7.0,1,337,0,337
425,7,88.0,2942.0,10.0,8.0,1,331,0,335
425,8,183.0,2941.0,12.0,6.0,1,330,0,332
425,9,206.0,2939.0,13.0,9.0,1,318,0,329
425,10,326.0,2935.0,9.0,5.0,1,326,0,328
425,11,267.0,2927.0,11.0,9.0,1,324,0,327
425,13,284.0,2931.0,12.0,5.0,1,319,0,323
425,14,307.0,2930.0,9.0,6.0,1,318,0,322
425,16,342.0,2935.0,13.0,7.0,1,311,0,318
425,17,463.0,2925.0,11.0,8.0,1,317,0,317
425,18,490.0,2923.0,10.0,8.0,1,304,0,315
425,19,511.0,2914.0,12.0,7.0,1,306,0,312
425,20,495.0,2908.0,14.0,8.0,1,303,0,308
425,21,510.0,2907.0,9.0,7.0,1,304,0,306
425,22,546.0,2909.0,12.0,7.0,1,302,0,302
425,23,566.0,2911.0,14.0,10.0,1,295,0,299
425,24,240.0,2938.0,10.0,5.0,1,290,0,296
425,25,590.0,2911.0,11.0,10.0,1,294,0,294
425,26,611.0,2916.0,11.0,9.0,1,281,0,290
426,0,1782.0,3071.0,12.0,9.0,1,427,0,427
426,1,8.0,2932.0,10.0,13.0,1,347,0,351
426,2,39.0,2939.0,11.0,6.0,1,344,0,347
426,3,101.0,2942.0,11.0,7.0,1,338,0,343
426,4,125.0,2944.0,14.0,9.0,1,327,0,343
426,5,56.0,2943.0,19.0,7.0,1,337,0,341
426,6,150.0,2942.0,13.0,11.0,1,338,0,338
426,7,80.0,2943.0,10.0,8.0,1,332,0,336
426,8,179.0,2944.0,13.0,7.0,1,331,0,333
426,9,205.0,2939.0,12.0,8.0,1,319,0,330
426,10,318.0,2934.0,10.0,7.0,1,327,0,329
426,11,261.0,2933.0,13.0,7.0,1,325,0,328
426,13,279.0,2931.0,12.0,7.0,1,320,0,324
426,14,302.0,2930.0,10.0,10.0,1,319,0,323
426,16,338.0,2931.0,13.0,7.0,1,312,0,319
426,17,458.0,2925.0,11.0,10.0,1,318,0,318
426,18,487.0,2921.0,10.0,9.0,1,305,0,316
426,19,508.0,2912.0,13.0,7.0,1,307,0,313
426,20,493.0,2909.0,12.0,7.0,1,304,0,309
426,21,506.0,2906.0,9.0,7.0,1,305,0,307
426,22,539.0,2908.0,13.0,7.0,1,303,0,303
426,23,566.0,2911.0,10.0,7.0,1,296,0,300
426,24,235.0,2935.0,8.0,6.0,1,291,0,297
426,25,588.0,2909.0,10.0,14.0,1,295,0,295
426,26,606.0,2914.0,12.0,8.0,1,282,0,291
427,0,1782.0,3073.0,13.0,8.0,1,428,0,428
427,1,3.0,2933.0,9.0,11.0,1,348,0,352
427,2,31.0,2938.0,12.0,6.0,1,345,0,348
427,3,95.0,2945.0,9.0,6.0,1,339,0,344
427,4,123.0,2945.0,10.0,7.0,1,328,0,344
427,5,47.0,2943.0,21.0,8.0,1,338,0,342
427,6,146.0,2944.0,15.0,8.0,1,339,0,339
427,7,77.0,2942.0,11.0,9.0,1,333,0,337
427,8,172.0,2943.0,11.0,7.0,1,332,0,334
427,9,196.0,2938.0,14.0,7.0,1,320,0,331
427,10,320.0,2931.0,7.0,6.0,1,328,0,330
427,11,255.0,2930.0,13.0,6.0,1,326,0,329
427,13,278.0,2929.0,8.0,6.0,1,321,0,325
427,14,297.0,2929.0,13.0,8.0,1,320,0,324
427,16,332.0,2932.0,12.0,8.0,1,313,0,320
427,17,455.0,2919.0,13.0,10.0,1,319,0,319
427,18,482.0,2922.0,9.0,8.0,1,306,0,317
427,19,506.0,2910.0,11.0,7.0,1,308,0,314
427,20,492.0,2906.0,9.0,8.0,1,305,0,310
427,21,499.0,2902.0,8.0,8.0,1,306,0,308
427,22,537.0,2907.0,12.0,9.0,1,304,0,304
427,23,563.0,2906.0,11.0,11.0,1,297,0,301
427,24,229.0,2935.0,8.0,7.0,1,292,0,298
427,25,582.0,2910.0,11.0,10.0,1,296,0,296
427,26,601.0,2915.0,12.0,8.0,1,283,0,292
428,0,1788.0,3074.0,9.0,5.0,1,429,0,429
428,1,0.0,2933.0,7.0,12.0,1,349,0,353
428,2,25.0,2937.0,10.0,7.0,1,346,0,349
428,3,91.0,2943.0,10.0,7.0,1,340,0,345
428,4,115.0,2942.0,14.0,11.0,1,329,0,345
428,5,41.0,2941.0,20.0,9.0,1,339,0,343
428,6,141.0,2941.0,12.0,11.0,1,340,0,340
428,7,73.0,2942.0,9.0,8.0,1,334,0,338
428,8,169.0,2941.0,11.0,5.0,1,333,0,335
428,9,195.0,2939.0,14.0,8.0,1,321,0,332
428,10,312.0,2929.0,10.0,8.0,1,329,0,331
428,11,254.0,2929.0,11.0,6.0,1,327,0,330
428,13,272.0,2929.0,7.0,6.0,1,322,0,326
428,14,295.0,2929.0,10.0,10.0,1,321,0,325
428,16,329.0,2933.0,10.0,7.0,1,314,0,321
428,17,450.0,2922.0,14.0,9.0,1,320,0,320
428,18,480.0,2923.0,9.0,9.0,1,307,0,318
428,19,499.0,2910.0,11.0,6.0,1,309,0,315
428,20,490.0,2905.0,7.0,8.0,1,306,0,311
428,21,498.0,2906.0,8.0,6.0,1,307,0,309
428,22,532.0,2907.0,13.0,9.0,1,305,0,305
428,23,557.0,2909.0,12.0,9.0,1,298,0,302
428,24,225.0,2937.0,9.0,9.0,1,293,0,299
428,25,579.0,2908.0,10.0,9.0,1,297,0,297
428,26,600.0,2913.0,12.0,12.0,1,284,0,293
429,0,1788.0,3073.0,9.0,7.0,1,430,0,430
429,1,0.0,2935.0,2.0,7.0,1,350,0,354
429,2,16.0,2939.0,14.0,9.0,1,347,0,350
429,3,83.0,2943.0,10.0,6.0,1,341,0,346
429,4,110.0,2943.0,10.0,9.0,1,330,0,346
429,5,40.0,2939.0,21.0,7.0,1,340,0,344
429,6,137.0,2944.0,13.0,10.0,1,341,0,341
429,7,62.0,2940.0,12.0,9.0,1,335,0,339
429,8,162.0,2944.0,11.0,7.0,1,334,0,336
429,9,188.0,2938.0,13.0,11.0,1,322,0,333
429,10,307.0,2931.0,10.0,6.0,1,330,0,332
429,11,252.0,2928.0,7.0,7.0,1,328,0,331
429,13,267.0,2929.0,10.0,6.0,1,323,0,327
429,14,286.0,2927.0,9.0,9.0,1,322,0,326
429,16,323.0,2931.0,11.0,8.0,1,315,0,322
429,17,449.0,2921.0,11.0,9.0,1,321,0,321
429,18,479.0,2919.0,11.0,9.0,1,308,0,319
429,19,495.0,2912.0,15.0,6.0,1,310,0,316
429,20,481.0,2904.0,9.0,8.0,1,307,0,312
429,21,489.0,2904.0,7.0,7.0,1,308,0,310
429,22,531.0,2905.0,11.0,8.0,1,306,0,306
429,23,555.0,2910.0,9.0,8.0,1,299,0,303
429,24,218.0,2936.0,10.0,5.0,1,294,0,300
429,25,574.0,2906.0,13.0,8.0,1,298,0,298
429,26,595.0,2915.0,9.0,5.0,1,285,0,294
430,0,1790.0,3074.0,10.0,7.0,1,431,0,431
430,1,0.0,2935.0,2.0,7.0,0,350,1,355
430,2,17.0,2936.0,8.0,7.0,1,348,0,351
430,3,78.0,2939.0,9.0,9.0,1,342,0,347
430,4,104.0,2944.0,10.0,7.0,1,331,0,347
430,5,33.0,2940.0,18.0,7.0,1,341,0,345
430,6,129.0,2941.0,12.0,9.0,1,342,0,342
430,7,58.0,2944.0,11.0,6.0,1,336,0,340
430,8,157.0,2943.0,13.0,6.0,1,335,0,337
430,9,186.0,2940.0,8.0,6.0,1,323,0,334
430,10,302.0,2929.0,9.0,6.0,1,331,0,333
430,11,243.0,2926.0,11.0,9.0,1,329,0,332
430,13,262.0,2928.0,9.0,7.0,1,324,0,328
430,14,286.0,2925.0,10.0,7.0,1,323,0,327
430,16,320.0,2930.0,12.0,8.0,1,316,0,323
430,17,447.0,2921.0,16.0,9.0,1,322,0,322
430,18,473.0,2923.0,10.0,6.0,1,309,0,320
430,19,492.0,2908.0,10.0,8.0,1,311,0,317
430,20,477.0,2905.0,8.0,7.0,1,308,0,313
430,21,483.0,2904.0,8.0,5.0,1,309,0,311
430,22,526.0,2905.0,11.0,7.0,1,307,0,307
430,23,552.0,2905.0,12.0,9.0,1,300,0,304
430,24,211.0,2931.0,10.0,9.0,1,295,0,301
430,25,569.0,2908.0,13.0,9.0,1,299,0,299
430,26,590.0,2908.0,11.0,10.0,1,286,0,295
431,0,1788.0,3075.0,10.0,7.0,1,432,0,432
431,1,0.0,2935.0,2.0,7.0,0,350,2,356
431,2,8.0,2935.0,11.0,10.0,1,349,0,352
431,3,73.0,2944.0,10.0,5.0,1,343,0,348
431,4,99.0,2941.0,11.0,8.0,1,332,0,348
431,5,27.0,2942.0,21.0,9.0,1,342,0,346
431,6,127.0,2942.0,10.0,9.0,1,343,0,343
431,7,56.0,2940.0,10.0,8.0,1,337,0,341
431,8,151.0,2938.0,12.0,9.0,1,336,0,338
431,9,179.0,2940.0,9.0,6.0,1,324,0,335
431,10,300.0,2927.0,9.0,6.0,1,332,0,334
431,11,238.0,2926.0,14.0,11.0,1,330,0,333
431,13,259.0,2925.0,6.0,7.0,1,325,0,329
431,14,278.0,2926.0,13.0,8.0,1,324,0,328
431,16,313.0,2926.0,12.0,8.0,1,317,0,324
431,17,444.0,2918.0,14.0,11.0,1,323,0,323
431,18,470.0,2923.0,12.0,6.0,1,310,0,321
431,19,487.0,2906.0,12.0,7.0,1,312,0,318
431,20,473.0,2901.0,8.0,6.0,1,309,0,314
431,21,482.0,2902.0,5.0,6.0,1,310,0,312
431,22,519.0,2906.0,11.0,8.0,1,308,0,308
431,23,547.0,2903.0,13.0,9.0,1,301,0,305
431,24,206.0,2932.0,12.0,7.0,1,296,0,302
431,25,568.0,2907.0,12.0,11.0,1,300,0,300
431,26,588.0,2912.0,14.0,9.0,1,287,0,296
432,0,1790.0,3075.0,12.0,6.0,1,433,0,433
432,1,0.0,2935.0,2.0,7.0,0,350,3,357
432,2,4.0,2935.0,9.0,9.0,1,350,0,353
432,3,63.0,2938.0,12.0,8.0,1,344,0,349
432,4,93.0,2940.0,13.0,11.0,1,333,0,349
432,5,19.0,2937.0,21.0,8.0,1,343,0,347
432,6,120.0,2943.0,13.0,9.0,1,344,0,344
432,7,50.0,2937.0,11.0,7.0,1,338,0,342
432,8,145.0,2940.0,10.0,6.0,1,337,0,339
432,9,170.0,2936.0,12.0,7.0,1,325,0,336
432,10,295.0,2928.0,6.0,5.0,1,333,0,335
432,11,233.0,2928.0,10.0,7.0,1,331,0,334
432,13,249.0,2924.0,12.0,8.0,1,326,0,330
432,14,273.0,2927.0,12.0,7.0,1,325,0,329
432,16,310.0,2927.0,12.0,8.0,1,318,0,325
432,17,443.0,2917.0,12.0,9.0,1,324,0,324
432,18,467.0,2921.0,9.0,6.0,1,311,0,322
432,19,483.0,2906.0,11.0,8.0,1,313,0,319
432,20,467.0,2903.0,7.0,7.0,1,310,0,315
432,21,474.0,2903.0,8.0,6.0,1,311,0,313
432,22,516.0,2904.0,12.0,8.0,1,309,0,309
432,23,543.0,2907.0,14.0,10.0,1,302,0,306
432,24,204.0,2929.0,10.0,8.0,1,297,0,303
432,25,565.0,2905.0,12.0,8.0,1,301,0,301
432,26,581.0,2911.0,13.0,9.0,1,288,0,297
433,0,1789.0,3072.0,14.0,6.0,1,434,0,434
433,1,0.0,2935.0,2.0,7.0,0,350,4,358
433,2,0.0,2933.0,8.0,9.0,1,351,0,354
433,3,60.0,2938.0,13.0,6.0,1,345,0,350
433,4,83.0,2942.0,13.0,11.0,1,334,0,350
433,5,15.0,2934.0,21.0,10.0,1,344,0,348
433,6,116.0,2939.0,12.0,10.0,1,345,0,345
433,7,45.0,2938.0,10.0,7.0,1,339,0,343
433,8,138.0,2941.0,13.0,9.0,1,338,0,340
433,9,166.0,2940.0,12.0,6.0,1,326,0,337
433,10,286.0,2927.0,14.0,7.0,1,334,0,336
433,11,231.0,2925.0,10.0,8.0,1,332,0,335
433,13,247.0,2928.0,11.0,5.0,1,327,0,331
433,14,267.0,2923.0,11.0,7.0,1,326,0,330
433,16,303.0,2926.0,13.0,8.0,1,319,0,326
433,17,438.0,2918.0,11.0,6.0,1,325,0,325
433,18,466.0,2917.0,11.0,9.0,1,312,0,323
433,19,479.0,2906.0,14.0,8.0,1,314,0,320
433,20,461.0,2900.0,11.0,5.0,1,311,0,316
433,21,466.0,2904.0,10.0,6.0,1,312,0,314
433,22,516.0,2901.0,12.0,8.0,1,310,0,310
433,23,538.0,2905.0,12.0,8.0,1,303,0,307
433,24,199.0,2933.0,10.0,5.0,1,298,0,304
433,25,560.0,2904.0,13.0,9.0,1,302,0,302
433,26,580.0,2912.0,12.0,5.0,1,289,0,298
434,0,1789.0,3075.0,15.0,6.0,1,435,0,435
434,1,0.0,2935.0,2.0,7.0,0,350,5,359
434,2,0.0,2932.0,2.0,6.0,1,352,0,355
434,3,56.0,2938.0,10.0,5.0,1,346,0,351
434,4,82.0,2944.0,8.0,6.0,1,335,0,351
434,5,10.0,2937.0,21.0,7.0,1,345,0,349
434,6,108.0,2940.0,12.0,9.0,1,346,0,346
434,7,37.0,2937.0,10.0,10.0,1,340,0,344
434,8,134.0,2940.0,13.0,6.0,1,339,0,341
434,9,161.0,2935.0,12.0,9.0,1,327,0,338
434,10,283.0,2929.0,12.0,8.0,1,335,0,337
434,11,224.0,2924.0,13.0,10.0,1,333,0,336
434,13,245.0,2926.0,10.0,5.0,1,328,0,332
434,14,265.0,2922.0,11.0,9.0,1,327,0,331
434,16,300.0,2925.0,13.0,9.0,1,320,0,327
434,17,435.0,2918.0,11.0,6.0,1,326,0,326
434,18,461.0,2918.0,11.0,7.0,1,313,0,324
434,19,476.0,2905.0,11.0,7.0,1,315,0,321
434,20,455.0,2899.0,11.0,6.0,1,312,0,317
434,21,463.0,2903.0,11.0,7.0,1,313,0,315
434,22,507.0,2903.0,13.0,7.0,1,311,0,311
434,23,533.0,2901.0,11.0,7.0,1,304,0,308
434,24,194.0,2930.0,11.0,6.0,1,299,0,305
434,25,558.0,2903.0,11.0,10.0,1,303,0,303
434,26,572.0,2903.0,15.0,12.0,1,290,0,299
435,0,1793.0,3074.0,14.0,6.0,1,436,0,436
435,1,0.0,2935.0,2.0,7.0,0,350,6,360
435,2,0.0,2932.0,2.0,6.0,0,352,1,356
435,3,49.0,2941.0,11.0,10.0,1,347,0,352
435,4,77.0,2937.0,13.0,10.0,1,336,0,352
435,5,4.0,2938.0,20.0,6.0,1,346,0,350
435,6,104.0,2941.0,12.0,9.0,1,347,0,347
435,7,33.0,2938.0,9.0,8.0,1,341,0,345
435,8,129.0,2935.0,11.0,8.0,1,340,0,342
435,9,158.0,2937.0,10.0,8.0,1,328,0,339
435,10,278.0,2926.0,9.0,5.0,1,336,0,338
435,11,218.0,2924.0,13.0,9.0,1,334,0,337
435,13,238.0,2924.0,11.0,6.0,1,329,0,333
435,14,267.0,2922.0,8.0,9.0,1,328,0,332
435,16,295.0,2925.0,12.0,7.0,1,321,0,328
435,17,432.0,2916.0,11.0,7.0,1,327,0,327
435,18,458.0,2919.0,11.0,9.0,1,314,0,325
435,19,474.0,2903.0,12.0,8.0,1,316,0,322
435,20,449.0,2899.0,10.0,7.0,1,313,0,318
435,21,460.0,2897.0,9.0,9.0,1,314,0,316
435,22,505.0,2904.0,13.0,8.0,1,312,0,312
435,23,531.0,2902.0,9.0,7.0,1,305,0,309
435,24,194.0,2930.0,11.0,6.0,0,299,1,306
435,25,556.0,2903.0,11.0,11.0,1,304,0,304
435,26,574.0,2910.0,12.0,6.0,1,291,0,300
436,0,1793.0,3074.0,12.0,5.0,1,437,0,437
436,1,0.0,2935.0,2.0,7.0,0,350,7,361
436,2,0.0,2932.0,2.0,6.0,0,352,2,357
436,3,43.0,2937.0,11.0,6.0,1,348,0,353
436,4,77.0,2937.0,13.0,10.0,0,336,1,353
436,5,1.0,2934.0,17.0,8.0,1,347,0,351
436,6,97.0,2940.0,13.0,8.0,1,348,0,348
436,7,28.0,2935.0,9.0,7.0,1,342,0,346
436,8,123.0,2939.0,10.0,6.0,1,341,0,343
436,9,145.0,2938.0,13.0,6.0,1,329,0,340
436,10,275.0,2924.0,10.0,7.0,1,337,0,339
436,11,214.0,2921.0,13.0,10.0,1,335,0,338
436,13,234.0,2923.0,11.0,6.0,1,330,0,334
436,14,256.0,2923.0,13.0,11.0,1,329,0,333
436,16,291.0,2925.0,10.0,6.0,1,322,0,329
436,17,430.0,2916.0,11.0,6.0,1,328,0,328
436,18,458.0,2915.0,8.0,9.0,1,315,0,326
436,19,467.0,2905.0,11.0,7.0,1,317,0,323
436,20,443.0,2898.0,8.0,9.0,1,314,0,319
436,21,454.0,2900.0,11.0,6.0,1,315,0,317
436,22,500.0,2902.0,13.0,6.0,1,313,0,313
436,23,527.0,2903.0,14.0,9.0,1,306,0,310
436,24,183.0,2932.0,9.0,8.0,1,300,0,307
436,25,548.0,2900.0,10.0,11.0,1,305,0,305
436,26,568.0,2907.0,13.0,10.0,1,292,0,301
437,0,1794.0,3076.0,13.0,5.0,1,438,0,438
437,1,0.0,2935.0,2.0,7.0,0,350,8,362
437,2,0.0,2932.0,2.0,6.0,0,352,3,358
437,3,40.0,2936.0,8.0,7.0,1,349,0,354
437,4,62.0,2941.0,13.0,8.0,1,337,0,354
437,5,0.0,2934.0,12.0,7.0,1,348,0,352
437,6,90.0,2937.0,14.0,10.0,1,349,0,349
437,7,28.0,2935.0,9.0,7.0,0,342,1,347
437,8,118.0,2939.0,11.0,6.0,1,342,0,344
437,9,145.0,2933.0,13.0,9.0,1,330,0,341
437,10,267.0,2924.0,13.0,7.0,1,338,0,340
437,11,209.0,2921.0,9.0,8.0,1,336,0,339
437,13,226.0,2923.0,11.0,5.0,1,331,0,335
437,14,250.0,2919.0,13.0,12.0,1,330,0,334
437,16,288.0,2924.0,9.0,7.0,1,323,0,330
437,17,426.0,2916.0,12.0,7.0,1,329,0,329
437,18,455.0,2913.0,8.0,10.0,1,316,0,327
437,19,466.0,2903.0,10.0,8.0,1,318,0,324
437,20,438.0,2896.0,12.0,7.0,1,315,0,320
437,21,450.0,2900.0,10.0,9.0,1,316,0,318
437,22,499.0,2897.0,13.0,10.0,1,314,0,314
437,23,523.0,2903.0,13.0,7.0,1,307,0,311
437,24,179.0,2929.0,6.0,8.0,1,301,0,308
437,25,549.0,2900.0,8.0,9.0,1,306,0,306
437,26,568.0,2904.0,9.0,7.0,1,293,0,302
438,0,1795.0,3076.0,13.0,5.0,1,439,0,439
438,1,0.0,2935.0,2.0,7.0,0,350,9,363
438,2,0.0,2932.0,2.0,6.0,0,352,4,359
438,3,33.0,2935.0,11.0,9.0,1,350,0,355
438,4,57.0,2938.0,11.0,8.0,1,338,0,355
438,5,0.0,2936.0,9.0,6.0,1,349,0,353
438,6,83.0,2937.0,16.0,11.0,1,350,0,350
438,7,17.0,2935.0,11.0,9.0,1,343,0,348
438,8,114.0,2935.0,8.0,8.0,1,343,0,345
438,9,142.0,2933.0,10.0,9.0,1,331,0,342
438,10,266.0,2925.0,12.0,8.0,1,339,0,341
438,11,201.0,2924.0,10.0,8.0,1,337,0,340
438,13,223.0,2924.0,12.0,7.0,1,332,0,336
438,14,246.0,2918.0,10.0,10.0,1,331,0,335
438,16,282.0,2923.0,11.0,9.0,1,324,0,331
438,17,423.0,2916.0,11.0,8.0,1,330,0,330
438,18,447.0,2915.0,13.0,8.0,1,317,0,328
438,19,461.0,2905.0,9.0,8.0,1,319,0,325
438,20,430.0,2893.0,17.0,9.0,1,316,0,321
438,21,446.0,2899.0,11.0,9.0,1,317,0,319
438,22,496.0,2898.0,12.0,9.0,1,315,0,315
438,23,524.0,2900.0,9.0,9.0,1,308,0,312
438,24,173.0,2927.0,12.0,9.0,1,302,0,309
438,25,542.0,2902.0,11.0,9.0,1,307,0,307
438,26,563.0,2903.0,10.0,9.0,1,294,0,303
439,0,1800.0,3074.0,13.0,6.0,1,440,0,440
439,1,0.0,2935.0,2.0,7.0,0,350,10,364
439,2,0.0,2932.0,2.0,6.0,0,352,5,360
439,3,28.0,2935.0,10.0,9.0,1,351,0,356
439,4,53.0,2936.0,10.0,11.0,1,339,0,356
439,5,1.0,2936.0,4.0,7.0,1,350,0,354
439,6,80.0,2939.0,9.0,10.0,1,351,0,351
439,7,12.0,2934.0,12.0,5.0,1,344,0,349
439,8,109.0,2935.0,11.0,8.0,1,344,0,346
439,9,137.0,2935.0,11.0,7.0,1,332,0,343
439,10,261.0,2922.0,10.0,6.0,1,340,0,342
439,11,201.0,2920.0,13.0,9.0,1,338,0,341
439,13,216.0,2921.0,11.0,7.0,1,333,0,337
439,14,241.0,2920.0,12.0,9.0,1,332,0,336
439,16,278.0,2922.0,10.0,8.0,1,325,0,332
439,17,421.0,2912.0,11.0,9.0,1,331,0,331
439,18,446.0,2917.0,12.0,8.0,1,318,0,329
439,19,457.0,2900.0,10.0,9.0,1,320,0,326
439,20,422.0,2895.0,12.0,7.0,1,317,0,322
439,21,443.0,2896.0,9.0,8.0,1,318,0,320
439,22,490.0,2901.0,11.0,9.0,1,316,0,316
439,23,519.0,2901.0,9.0,7.0,1,309,0,313
439,24,166.0,2927.0,11.0,8.0,1,303,0,310
439,25,537.0,2902.0,12.0,8.0,1,308,0,308
439,26,558.0,2904.0,10.0,9.0,1,295,0,304
440,0,1800.0,3076.0,13.0,6.0,1,441,0,441
440,1,0.0,2935.0,2.0,7.0,0,350,11,365
440,2,0.0,2932.0,2.0,6.0,0,352,6,361
440,3,21.0,2935.0,10.0,5.0,1,352,0,357
440,4,48.0,2937.0,12.0,13.0,1,340,0,357
440,5,1.0,2936.0,4.0,7.0,0,350,1,355
440,6,74.0,2938.0,10.0,7.0,1,352,0,352
440,7,8.0,2934.0,7.0,7.0,1,345,0,350
440,8,99.0,2937.0,10.0,7.0,1,345,0,347
440,9,132.0,2934.0,10.0,6.0,1,333,0,344
440,10,257.0,2918.0,9.0,7.0,1,341,0,343
440,11,196.0,2915.0,12.0,11.0,1,339,0,342
440,13,215.0,2918.0,9.0,9.0,1,334,0,338
440,14,239.0,2919.0,13.0,10.0,1,333,0,337
440,16,274.0,2919.0,8.0,9.0,1,326,0,333
440,17,418.0,2913.0,11.0,9.0,1,332,0,332
440,18,442.0,2912.0,12.0,10.0,1,319,0,330
440,19,453.0,2901.0,9.0,8.0,1,321,0,327
440,20,418.0,2893.0,13.0,7.0,1,318,0,323
440,21,436.0,2898.0,10.0,7.0,1,319,0,321
440,22,487.0,2894.0,11.0,9.0,1,317,0,317
440,23,512.0,2900.0,12.0,9.0,1,310,0,314
440,24,165.0,2927.0,11.0,8.0,1,304,0,311
440,25,537.0,2900.0,10.0,10.0,1,309,0,309
440,26,556.0,2905.0,9.0,9.0,1,296,0,305
441,0,1799.0,3077.0,16.0,5.0,1,442,0,442
441,1,0.0,2935.0,2.0,7.0,0,350,12,366
441,2,0.0,2932.0,2.0,6.0,0,352,7,362
441,3,18.0,2930.0,10.0,9.0,1,353,0,358
441,4,41.0,2936.0,12.0,12.0,1,341,0,358
441,5,1.0,2936.0,4.0,7.0,0,350,2,356
441,6,68.0,2937.0,11.0,8.0,1,353,0,353
441,7,3.0,2934.0,10.0,6.0,1,346,0,351
441,8,95.0,2935.0,12.0,7.0,1,346,0,348
441,9,124.0,2933.0,11.0,6.0,1,334,0,345
441,10,252.0,2921.0,12.0,8.0,1,342,0,344
441,11,191.0,2919.0,10.0,8.0,1,340,0,343
441,13,207.0,2922.0,13.0,5.0,1,335,0,339
441,14,232.0,2918.0,14.0,10.0,1,334,0,338
441,16,268.0,2921.0,9.0,7.0,1,327,0,334
441,17,415.0,2913.0,10.0,8.0,1,333,0,333
441,18,439.0,2911.0,9.0,11.0,1,320,0,331
441,19,448.0,2901.0,13.0,8.0,1,322,0,328
441,20,414.0,2896.0,12.0,7.0,1,319,0,324
441,21,434.0,2899.0,10.0,6.0,1,320,0,322
441,22,482.0,2895.0,12.0,11.0,1,318,0,318
441,23,510.0,2897.0,11.0,9.0,1,311,0,315
441,24,161.0,2926.0,8.0,6.0,1,305,0,312
441,25,533.0,2898.0,11.0,11.0,1,310,0,310
441,26,553.0,2902.0,7.0,5.0,1,297,0,306
442,0,1807.0,3079.0,9.0,5.0,1,443,0,443
442,1,0.0,2935.0,2.0,7.0,0,350,13,367
442,2,0.0,2932.0,2.0,6.0,0,352,8,363
442,3,9.0,2934.0,11.0,6.0,1,354,0,359
442,4,36.0,2932.0,12.0,12.0,1,342,0,359
442,5,1.0,2936.0,4.0,7.0,0,350,3,357
442,6,63.0,2938.0,13.0,8.0,1,354,0,354
442,7,0.0,2931.0,8.0,8.0,1,347,0,352
442,8,92.0,2935.0,10.0,7.0,1,347,0,349
442,9,119.0,2932.0,13.0,6.0,1,335,0,346
442,10,247.0,2920.0,14.0,6.0,1,343,0,345
442,11,184.0,2922.0,9.0,7.0,1,341,0,344
442,13,206.0,2923.0,11.0,5.0,1,336,0,340
442,14,228.0,2915.0,13.0,11.0,1,335,0,339
442,16,263.0,2919.0,12.0,8.0,1,328,0,335
442,17,409.0,2913.0,12.0,8.0,1,334,0,334
442,18,437.0,2915.0,13.0,7.0,1,321,0,332
442,19,442.0,2899.0,11.0,10.0,1,323,0,329
442,20,406.0,2891.0,10.0,8.0,1,320,0,325
442,21,428.0,2897.0,8.0,8.0,1,321,0,323
442,22,477.0,2899.0,13.0,9.0,1,319,0,319
442,23,508.0,2894.0,10.0,12.0,1,312,0,316
442,24,155.0,2926.0,8.0,4.0,1,306,0,313
442,25,530.0,2899.0,11.0,8.0,1,311,0,311
442,26,550.0,2897.0,7.0,9.0,1,298,0,307
443,0,1807.0,3077.0,9.0,5.0,1,444,0,444
443,1,0.0,2935.0,2.0,7.0,0,350,14,368
443,2,0.0,2932.0,2.0,6.0,0,352,9,364
443,3,5.0,2933.0,10.0,8.0,1,355,0,360
443,4,31.0,2933.0,8.0,10.0,1,343,0,360
443,5,1.0,2936.0,4.0,7.0,0,350,4,358
443,6,57.0,2935.0,12.0,10.0,1,355,0,355
443,7,0.0,2933.0,2.0,3.0,1,348,0,353
443,8,85.0,2932.0,11.0,7.0,1,348,0,350
443,9,113.0,2931.0,11.0,6.0,1,336,0,347
443,10,243.0,2918.0,11.0,7.0,1,344,0,346
443,11,182.0,2917.0,12.0,9.0,1,342,0,345
443,13,200.0,2918.0,7.0,7.0,1,337,0,341
443,14,224.0,2915.0,11.0,9.0,1,336,0,340
443,16,258.0,2918.0,14.0,8.0,1,329,0,336
443,17,410.0,2909.0,8.0,10.0,1,335,0,335
443,18,431.0,2912.0,12.0,8.0,1,322,0,333
443,19,439.0,2896.0,13.0,10.0,1,324,0,330
443,20,400.0,2893.0,10.0,8.0,1,321,0,326
443,21,426.0,2896.0,10.0,9.0,1,322,0,324
443,22,470.0,2900.0,16.0,8.0,1,320,0,320
443,23,503.0,2894.0,11.0,11.0,1,313,0,317
443,24,148.0,2925.0,13.0,6.0,1,307,0,314
443,25,524.0,2900.0,14.0,9.0,1,312,0,312
443,26,546.0,2904.0,7.0,4.0,1,299,0,308
444,0,1810.0,3079.0,9.0,5.0,1,445,0,445
444,1,0.0,2935.0,2.0,7.0,0,350,15,369
444,2,0.0,2932.0,2.0,6.0,0,352,10,365
444,3,2.0,2932.0,9.0,4.0,1,356,0,361
444,4,24.0,2931.0,12.0,12.0,1,344,0,361
444,5,1.0,2936.0,4.0,7.0,0,350,5,359
444,6,52.0,2933.0,12.0,10.0,1,356,0,356
444,7,0.0,2933.0,2.0,3.0,0,348,1,354
444,8,78.0,2935.0,10.0,4.0,1,349,0,351
444,9,108.0,2932.0,13.0,10.0,1,337,0,348
444,10,240.0,2921.0,9.0,7.0,1,345,0,347
444,11,177.0,2919.0,12.0,8.0,1,343,0,346
444,13,195.0,2917.0,9.0,8.0,1,338,0,342
444,14,219.0,2915.0,14.0,12.0,1,337,0,341
444,16,258.0,2918.0,12.0,9.0,1,330,0,337
444,17,406.0,2911.0,9.0,9.0,1,336,0,336
444,18,431.0,2911.0,9.0,10.0,1,323,0,334
444,19,435.0,2896.0,12.0,8.0,1,325,0,331
444,20,393.0,2891.0,12.0,8.0,1,322,0,327
444,21,422.0,2895.0,12.0,7.0,1,323,0,325
444,22,468.0,2894.0,14.0,7.0,1,321,0,321
444,23,497.0,2898.0,11.0,7.0,1,314,0,318
444,24,143.0,2923.0,12.0,7.0,1,308,0,315
444,25,523.0,2897.0,11.0,7.0,1,313,0,313
444,26,540.0,2900.0,6.0,9.0,1,300,0,309
445,0,1813.0,3077.0,9.0,5.0,1,446,0,446
445,1,0.0,2935.0,2.0,7.0,0,350,16,370
445,2,0.0,2932.0,2.0,6.0,0,352,11,366
445,3,0.0,2929.0,6.0,6.0,1,357,0,362
445,4,23.0,2931.0,9.0,12.0,1,345,0,362
445,5,1.0,2936.0,4.0,7.0,0,350,6,360
445,6,47.0,2934.0,11.0,9.0,1,357,0,357
445,7,0.0,2933.0,2.0,3.0,0,348,2,355
445,8,74.0,2935.0,10.0,6.0,1,350,0,352
445,9,103.0,2930.0,11.0,10.0,1,338,0,349
445,10,235.0,2918.0,11.0,7.0,1,346,0,348
445,11,170.0,2919.0,12.0,6.0,1,344,0,347
445,13,186.0,2922.0,12.0,5.0,1,339,0,343
445,14,213.0,2917.0,12.0,11.0,1,338,0,342
445,16,252.0,2919.0,11.0,7.0,1,331,0,338
445,17,403.0,2910.0,10.0,9.0,1,337,0,337
445,18,428.0,2911.0,12.0,9.0,1,324,0,335
445,19,430.0,2898.0,11.0,9.0,1,326,0,332
445,20,386.0,2891.0,13.0,7.0,1,323,0,328
445,21,415.0,2898.0,11.0,8.0,1,324,0,326
445,22,467.0,2898.0,12.0,9.0,1,322,0,322
445,23,495.0,2897.0,12.0,8.0,1,315,0,319
445,24,142.0,2921.0,9.0,7.0,1,309,0,316
445,25,519.0,2897.0,11.0,10.0,1,314,0,314
445,26,538.0,2898.0,6.0,7.0,1,301,0,310
446,0,1813.0,3080.0,10.0,5.0,1,447,0,447
446,1,0.0,2935.0,2.0,7.0,0,350,17,371
446,2,0.0,2932.0,2.0,6.0,0,352,12,367
446,3,0.0,2929.0,6.0,6.0,0,357,1,363
446,4,13.0,2928.0,9.0,12.0,1,346,0,363
446,5,1.0,2936.0,4.0,7.0,0,350,7,361
446,6,39.0,2934.0,14.0,11.0,1,358,0,358
446,7,0.0,2933.0,2.0,3.0,0,348,3,356
446,8,68.0,2932.0,11.0,5.0,1,351,0,353
446,9,102.0,2930.0,9.0,8.0,1,339,0,350
446,10,231.0,2920.0,10.0,6.0,1,347,0,349
446,11,164.0,2918.0,12.0,10.0,1,345,0,348
446,13,186.0,2921.0,10.0,8.0,1,340,0,344
446,14,212.0,2917.0,10.0,10.0,1,339,0,343
446,16,247.0,2916.0,12.0,9.0,1,332,0,339
446,17,398.0,2911.0,10.0,9.0,1,338,0,338
446,18,419.0,2911.0,12.0,10.0,1,325,0,336
446,19,422.0,2899.0,14.0,7.0,1,327,0,333
446,20,381.0,2889.0,12.0,7.0,1,324,0,329
446,21,414.0,2893.0,10.0,5.0,1,325,0,327
446,22,462.0,2893.0,10.0,9.0,1,323,0,323
446,23,491.0,2894.0,10.0,9.0,1,316,0,320
446,24,142.0,2921.0,9.0,7.0,0,309,1,317
446,25,514.0,2898.0,16.0,9.0,1,315,0,315
446,26,531.0,2897.0,8.0,9.0,1,302,0,311
447,0,1816.0,3081.0,10.0,6.0,1,448,0,448
447,1,0.0,2935.0,2.0,7.0,0,350,18,372
447,2,0.0,2932.0,2.0,6.0,0,352,13,368
447,3,0.0,2929.0,6.0,6.0,0,357,2,364
447,4,6.0,2932.0,12.0,10.0,1,347,0,364
447,5,1.0,2936.0,4.0,7.0,0,350,8,362
447,6,37.0,2935.0,11.0,8.0,1,359,0,359
447,7,0.0,2933.0,2.0,3.0,0,348,4,357
447,8,64.0,2932.0,10.0,5.0,1,352,0,354
447,9,93.0,2929.0,11.0,7.0,1,340,0,351
447,10,225.0,2920.0,11.0,7.0,1,348,0,350
447,11,162.0,2919.0,9.0,6.0,1,346,0,349
447,13,181.0,2918.0,7.0,5.0,1,341,0,345
447,14,205.0,2917.0,13.0,9.0,1,340,0,344
447,16,240.0,2917.0,13.0,8.0,1,333,0,340
447,17,395.0,2907.0,10.0,12.0,1,339,0,339
447,18,416.0,2910.0,13.0,9.0,1,326,0,337
447,19,423.0,2893.0,13.0,8.0,1,328,0,334
447,20,374.0,2890.0,12.0,7.0,1,325,0,330
447,21,409.0,2896.0,7.0,7.0,1,326,0,328
447,22,457.0,2894.0,13.0,8.0,1,324,0,324
447,23,487.0,2895.0,11.0,10.0,1,317,0,321
447,24,132.0,2922.0,10.0,8.0,1,310,0,318
447,25,510.0,2897.0,10.0,10.0,1,316,0,316
447,26,521.0,2900.0,11.0,7.0,1,303,0,312
448,0,1816.0,3082.0,10.0,6.0,1,449,0,449
448,1,0.0,2935.0,2.0,7.0,0,350,19,373
448,2,0.0,2932.0,2.0,6.0,0,352,14,369
448,3,0.0,2929.0,6.0,6.0,0,357,3,365
448,4,2.0,2930.0,13.0,12.0,1,348,0,365
448,5,1.0,2936.0,4.0,7.0,0,350,9,363
448,6,30.0,2929.0,12.0,11.0,1,360,0,360
448,7,0.0,2933.0,2.0,3.0,0,348,5,358
448,8,58.0,2931.0,11.0,9.0,1,353,0,355
448,9,85.0,2928.0,12.0,8.0,1,341,0,352
448,10,223.0,2915.0,10.0,9.0,1,349,0,351
448,11,158.0,2916.0,10.0,8.0,1,347,0,350
448,13,175.0,2917.0,9.0,8.0,1,342,0,346
448,14,199.0,2918.0,15.0,10.0,1,341,0,345
448,16,239.0,2917.0,10.0,8.0,1,334,0,341
448,17,393.0,2910.0,11.0,7.0,1,340,0,340
448,18,417.0,2909.0,9.0,10.0,1,327,0,338
448,19,417.0,2896.0,11.0,8.0,1,329,0,335
448,20,368.0,2891.0,13.0,7.0,1,326,0,331
448,21,402.0,2895.0,11.0,7.0,1,327,0,329
448,22,453.0,2894.0,12.0,6.0,1,325,0,325
448,23,482.0,2891.0,13.0,12.0,1,318,0,322
448,24,126.0,2921.0,8.0,7.0,1,311,0,319
448,25,507.0,2893.0,11.0,11.0,1,317,0,317
448,26,519.0,2898.0,9.0,7.0,1,304,0,313
449,0,1820.0,3082.0,9.0,5.0,1,450,0,450
449,1,0.0,2935.0,2.0,7.0,0,350,20,374
449,2,0.0,2932.0,2.0,6.0,0,352,15,370
449,3,0.0,2929.0,6.0,6.0,0,357,4,366
449,4,3.0,2926.0,9.0,8.0,1,349,0,366
449,5,1.0,2936.0,4.0,7.0,0,350,10,364
449,6,23.0,2930.0,11.0,8.0,1,361,0,361
449,7,0.0,2933.0,2.0,3.0,0,348,6,359
449,8,56.0,2930.0,8.0,7.0,1,354,0,356
449,9,80.0,2924.0,10.0,10.0,1,342,0,353
449,10,219.0,2914.0,9.0,9.0,1,350,0,352
449,11,150.0,2917.0,13.0,7.0,1,348,0,351
449,13,170.0,2917.0,10.0,6.0,1,343,0,347
449,14,194.0,2916.0,13.0,10.0,1,342,0,346
449,16,236.0,2914.0,10.0,7.0,1,335,0,342
449,17,387.0,2911.0,11.0,7.0,1,341,0,341
449,18,409.0,2911.0,13.0,7.0,1,328,0,339
449,19,413.0,2897.0,12.0,8.0,1,330,0,336
449,20,362.0,2889.0,14.0,7.0,1,327,0,332
449,21,398.0,2896.0,9.0,7.0,1,328,0,330
449,22,449.0,2893.0,11.0,7.0,1,326,0,326
449,23,477.0,2895.0,10.0,8.0,1,319,0,323
449,24,122.0,2915.0,12.0,12.0,1,312,0,320
449,25,503.0,2890.0,9.0,12.0,1,318,0,318
449,26,514.0,2894.0,8.0,10.0,1,305,0,314
450,0,1819.0,3082.0,11.0,5.0,1,451,0,451
450,1,0.0,2935.0,2.0,7.0,0,350,21,375
450,2,0.0,2932.0,2.0,6.0,0,352,16,371
450,3,0.0,2929.0,6.0,6.0,0,357,5,367
450,4,0.0,2931.0,9.0,9.0,1,350,0,367
450,5,1.0,2936.0,4.0,7.0,0,350,11,365
450,6,22.0,2933.0,9.0,9.0,1,362,0,362
450,7,0.0,2933.0,2.0,3.0,0,348,7,360
450,8,48.0,2929.0,9.0,5.0,1,355,0,357
450,9,76.0,2926.0,10.0,8.0,1,343,0,354
450,10,212.0,2915.0,14.0,10.0,1,351,0,353
450,11,145.0,2918.0,12.0,7.0,1,349,0,352
450,13,164.0,2917.0,12.0,6.0,1,344,0,348
450,14,191.0,2914.0,13.0,9.0,1,343,0,347
450,16,227.0,2912.0,13.0,9.0,1,336,0,343
450,17,385.0,2910.0,14.0,8.0,1,342,0,342
450,18,404.0,2910.0,11.0,8.0,1,329,0,340
450,19,408.0,2897.0,11.0,8.0,1,331,0,337
450,20,355.0,2887.0,13.0,8.0,1,328,0,333
450,21,396.0,2894.0,8.0,7.0,1,329,0,331
450,22,445.0,2894.0,11.0,8.0,1,327,0,327
450,23,476.0,2890.0,9.0,12.0,1,320,0,324
450,24,117.0,2917.0,13.0,11.0,1,313,0,321
450,25,497.0,2896.0,11.0,9.0,1,319,0,319
450,26,504.0,2898.0,11.0,5.0,1,306,0,315
451,0,1823.0,3084.0,10.0,5.0,1,452,0,452
451,1,0.0,2935.0,2.0,7.0,0,350,22,376
451,2,0.0,2932.0,2.0,6.0,0,352,17,372
451,3,0.0,2929.0,6.0,6.0,0,357,6,368
451,4,0.0,2931.0,9.0,9.0,0,350,1,368
451,5,1.0,2936.0,4.0,7.0,0,350,12,366
451,6,16.0,2930.0,10.0,7.0,1,363,0,363
451,7,0.0,2933.0,2.0,3.0,0,348,8,361
451,8,41.0,2927.0,10.0,8.0,1,356,0,358
451,9,70.0,2926.0,14.0,10.0,1,344,0,355
451,10,208.0,2915.0,10.0,7.0,1,352,0,354
451,11,143.0,2916.0,11.0,7.0,1,350,0,353
451,13,163.0,2917.0,7.0,6.0,1,345,0,349
451,14,187.0,2914.0,9.0,6.0,1,344,0,348
451,16,223.0,2913.0,10.0,10.0,1,337,0,344
451,17,383.0,2907.0,10.0,11.0,1,343,0,343
451,18,402.0,2909.0,10.0,7.0,1,330,0,341
451,19,408.0,2895.0,10.0,9.0,1,332,0,338
451,20,352.0,2887.0,14.0,10.0,1,329,0,334
451,21,390.0,2896.0,9.0,6.0,1,330,0,332
451,22,440.0,2894.0,12.0,8.0,1,328,0,328
451,23,470.0,2895.0,10.0,9.0,1,321,0,325
451,24,112.0,2918.0,12.0,10.0,1,314,0,322
451,25,491.0,2893.0,12.0,9.0,1,320,0,320
451,26,501.0,2896.0,11.0,7.0,1,307,0,316
452,0,1823.0,3085.0,10.0,5.0,1,453,0,453
452,1,0.0,2935.0,2.0,7.0,0,350,23,377
452,2,0.0,2932.0,2.0,6.0,0,352,18,373
452,3,0.0,2929.0,6.0,6.0,0,357,7,369
452,4,0.0,2931.0,9.0,9.0,0,350,2,369
452,5,1.0,2936.0,4.0,7.0,0,350,13,367
452,6,10.0,2927.0,12.0,10.0,1,364,0,364
452,7,0.0,2933.0,2.0,3.0,0,348,9,362
452,8,37.0,2929.0,10.0,9.0,1,357,0,359
452,9,64.0,2925.0,15.0,10.0,1,345,0,356
452,10,205.0,2911.0,9.0,10.0,1,353,0,355
452,11,137.0,2915.0,11.0,7.0,1,351,0,354
452,13,156.0,2916.0,10.0,5.0,1,346,0,350
452,14,180.0,2911.0,13.0,11.0,1,345,0,349
452,16,219.0,2911.0,11.0,8.0,1,338,0,345
452,17,378.0,2904.0,12.0,10.0,1,344,0,344
452,18,399.0,2907.0,10.0,7.0,1,331,0,342
452,19,398.0,2894.0,10.0,7.0,1,333,0,339
452,20,342.0,2888.0,15.0,8.0,1,330,0,335
452,21,383.0,2894.0,13.0,9.0,1,331,0,333
452,22,435.0,2893.0,11.0,7.0,1,329,0,329
452,23,465.0,2895.0,12.0,12.0,1,322,0,326
452,24,110.0,2917.0,9.0,9.0,1,315,0,323
452,25,490.0,2893.0,10.0,10.0,1,321,0,321
452,26,498.0,2893.0,10.0,11.0,1,308,0,317
453,0,1828.0,3088.0,9.0,5.0,1,454,0,454
453,1,0.0,2935.0,2.0,7.0,0,350,24,378
453,2,0.0,2932.0,2.0,6.0,0,352,19,374
453,3,0.0,2929.0,6.0,6.0,0,357,8,370
453,4,0.0,2931.0,9.0,9.0,0,350,3,370
453,5,1.0,2936.0,4.0,7.0,0,350,14,368
453,6,5.0,2928.0,11.0,9.0,1,365,0,365
453,7,0.0,2933.0,2.0,3.0,0,348,10,363
453,8,34.0,2927.0,10.0,9.0,1,358,0,360
453,9,60.0,2922.0,12.0,10.0,1,346,0,357
453,10,202.0,2913.0,8.0,9.0,1,354,0,356
453,11,128.0,2915.0,15.0,9.0,1,352,0,355
453,13,149.0,2916.0,11.0,9.0,1,347,0,351
453,14,179.0,2915.0,11.0,10.0,1,346,0,350
453,16,218.0,2911.0,10.0,9.0,1,339,0,346
453,17,370.0,2910.0,13.0,9.0,1,345,0,345
453,18,393.0,2907.0,12.0,8.0,1,332,0,343
453,19,395.0,2895.0,11.0,9.0,1,334,0,340
453,20,336.0,2886.0,14.0,10.0,1,331,0,336
453,21,382.0,2890.0,11.0,7.0,1,332,0,334
453,22,432.0,2893.0,10.0,7.0,1,330,0,330
453,23,460.0,2894.0,11.0,10.0,1,323,0,327
453,24,102.0,2916.0,12.0,9.0,1,316,0,324
453,25,484.0,2891.0,10.0,10.0,1,322,0,322
453,26,489.0,2892.0,9.0,5.0,1,309,0,318
454,0,1827.0,3086.0,12.0,5.0,1,455,0,455
454,1,0.0,2935.0,2.0,7.0,0,350,25,379
454,2,0.0,2932.0,2.0,6.0,0,352,20,375
454,3,0.0,2929.0,6.0,6.0,0,357,9,371
454,4,0.0,2931.0,9.0,9.0,0,350,4,371
454,5,1.0,2936.0,4.0,7.0,0,350,15,369
454,6,0.0,2926.0,11.0,9.0,1,366,0,366
454,7,0.0,2933.0,2.0,3.0,0,348,11,364
454,8,30.0,2923.0,9.0,11.0,1,359,0,361
454,9,55.0,2923.0,13.0,9.0,1,347,0,358
454,10,194.0,2912.0,11.0,8.0,1,355,0,357
454,11,126.0,2913.0,12.0,10.0,1,353,0,356
454,13,146.0,2915.0,12.0,5.0,1,348,0,352
454,14,172.0,2914.0,11.0,9.0,1,347,0,351
454,16,210.0,2910.0,10.0,7.0,1,340,0,347
454,17,368.0,2906.0,13.0,8.0,1,346,0,346
454,18,392.0,2906.0,11.0,9.0,1,333,0,344
454,19,391.0,2896.0,11.0,8.0,1,335,0,341
454,20,333.0,2881.0,9.0,10.0,1,332,0,337
454,21,375.0,2886.0,13.0,10.0,1,333,0,335
454,22,426.0,2895.0,13.0,9.0,1,331,0,331
454,23,457.0,2890.0,10.0,10.0,1,324,0,328
454,24,99.0,2915.0,13.0,9.0,1,317,0,325
454,25,480.0,2894.0,8.0,9.0,1,323,0,323
454,26,483.0,2894.0,13.0,4.0,1,310,0,319
455,0,1826.0,3087.0,14.0,4.0,1,456,0,456
455,1,0.0,2935.0,2.0,7.0,0,350,26,380
455,2,0.0,2932.0,2.0,6.0,0,352,21,376
455,3,0.0,2929.0,6.0,6.0,0,357,10,372
455,4,0.0,2931.0,9.0,9.0,0,350,5,372
455,5,1.0,2936.0,4.0,7.0,0,350,16,370
455,6,0.0,2924.0,6.0,10.0,1,367,0,367
455,7,0.0,2933.0,2.0,3.0,0,348,12,365
455,8,24.0,2924.0,10.0,10.0,1,360,0,362
455,9,49.0,2923.0,15.0,10.0,1,348,0,359
455,10,191.0,2913.0,11.0,10.0,1,356,0,358
455,11,125.0,2913.0,11.0,8.0,1,354,0,357
455,13,143.0,2914.0,9.0,7.0,1,349,0,353
455,14,168.0,2911.0,12.0,10.0,1,348,0,352
455,16,203.0,2911.0,14.0,9.0,1,341,0,348
455,17,367.0,2905.0,14.0,11.0,1,347,0,347
455,18,388.0,2904.0,11.0,8.0,1,334,0,345
455,19,388.0,2892.0,8.0,9.0,1,336,0,342
455,20,330.0,2882.0,9.0,9.0,1,333,0,338
455,21,369.0,2891.0,11.0,5.0,1,334,0,336
455,22,423.0,2893.0,11.0,5.0,1,332,0,332
455,23,454.0,2892.0,10.0,8.0,1,325,0,329
455,24,95.0,2912.0,11.0,11.0,1,318,0,326
455,25,471.0,2893.0,11.0,8.0,1,324,0,324
455,26,476.0,2894.0,12.0,3.0,1,311,0,320
456,0,1828.0,3088.0,13.0,4.0,1,457,0,457
456,1,0.0,2935.0,2.0,7.0,0,350,27,381
456,2,0.0,2932.0,2.0,6.0,0,352,22,377
456,3,0.0,2929.0,6.0,6.0,0,357,11,373
456,4,0.0,2931.0,9.0,9.0,0,350,6,373
456,5,1.0,2936.0,4.0,7.0,0,350,17,371
456,6,0.0,2924.0,6.0,10.0,0,367,1,368
456,7,0.0,2933.0,2.0,3.0,0,348,13,366
456,8,19.0,2925.0,9.0,9.0,1,361,0,363
456,9,46.0,2925.0,13.0,8.0,1,349,0,360
456,10,188.0,2908.0,8.0,9.0,1,357,0,359
456,11,114.0,2914.0,15.0,8.0,1,355,0,358
456,13,140.0,2914.0,6.0,5.0,1,350,0,354
456,14,164.0,2912.0,14.0,9.0,1,349,0,353
456,16,200.0,2910.0,14.0,9.0,1,342,0,349
456,17,365.0,2905.0,12.0,8.0,1,348,0,348
456,18,387.0,2903.0,9.0,9.0,1,335,0,346
456,19,380.0,2892.0,10.0,7.0,1,337,0,343
456,20,318.0,2884.0,15.0,10.0,1,334,0,339
456,21,369.0,2890.0,10.0,7.0,1,335,0,337
456,22,422.0,2893.0,11.0,8.0,1,333,0,333
456,23,446.0,2894.0,13.0,9.0,1,326,0,330
456,24,88.0,2911.0,11.0,10.0,1,319,0,327
456,25,468.0,2893.0,12.0,8.0,1,325,0,325
456,26,469.0,2891.0,10.0,12.0,1,312,0,321
457,0,1830.0,3088.0,13.0,5.0,1,458,0,458
457,1,0.0,2935.0,2.0,7.0,0,350,28,382
457,2,0.0,2932.0,2.0,6.0,0,352,23,378
457,3,0.0,2929.0,6.0,6.0,0,357,12,374
457,4,0.0,2931.0,9.0,9.0,0,350,7,374
457,5,1.0,2936.0,4.0,7.0,0,350,18,372
457,6,0.0,2924.0,6.0,10.0,0,367,2,369
457,7,0.0,2933.0,2.0,3.0,0,348,14,367
457,8,14.0,2923.0,9.0,5.0,1,362,0,364
457,9,43.0,2919.0,10.0,10.0,1,350,0,361
457,10,184.0,2912.0,8.0,7.0,1,358,0,360
457,11,111.0,2912.0,12.0,8.0,1,356,0,359
457,13,132.0,2914.0,10.0,8.0,1,351,0,355
457,14,157.0,2911.0,15.0,8.0,1,350,0,354
457,16,200.0,2914.0,8.0,5.0,1,343,0,350
457,17,356.0,2907.0,12.0,8.0,1,349,0,349
457,18,378.0,2904.0,9.0,8.0,1,336,0,347
457,19,375.0,2892.0,10.0,8.0,1,338,0,344
457,20,311.0,2882.0,14.0,8.0,1,335,0,340
457,21,366.0,2888.0,6.0,6.0,1,336,0,338
457,22,414.0,2893.0,10.0,7.0,1,334,0,334
457,23,445.0,2893.0,11.0,7.0,1,327,0,331
457,24,88.0,2917.0,10.0,4.0,1,320,0,328
457,25,464.0,2892.0,9.0,8.0,1,326,0,326
457,26,461.0,2893.0,11.0,7.0,1,313,0,322
458,0,1834.0,3086.0,12.0,4.0,1,459,0,459
458,1,0.0,2935.0,2.0,7.0,0,350,29,383
458,2,0.0,2932.0,2.0,6.0,0,352,24,379
458,3,0.0,2929.0,6.0,6.0,0,357,13,375
458,4,0.0,2931.0,9.0,9.0,0,350,8,375
458,5,1.0,2936.0,4.0,7.0,0,350,19,373
458,6,0.0,2924.0,6.0,10.0,0,367,3,370
458,7,0.0,2933.0,2.0,3.0,0,348,15,368
458,8,4.0,2918.0,11.0,10.0,1,363,0,365
458,9,38.0,2922.0,9.0,8.0,1,351,0,362
458,10,176.0,2910.0,13.0,8.0,1,359,0,361
458,11,105.0,2912.0,15.0,9.0,1,357,0,360
458,13,126.0,2911.0,9.0,9.0,1,352,0,356
458,14,155.0,2909.0,13.0,9.0,1,351,0,355
458,16,195.0,2909.0,11.0,7.0,1,344,0,351
458,17,354.0,2907.0,12.0,9.0,1,350,0,350
458,18,374.0,2904.0,10.0,8.0,1,337,0,348
458,19,372.0,2894.0,11.0,7.0,1,339,0,345
458,20,308.0,2881.0,9.0,9.0,1,336,0,341
458,21,360.0,2888.0,9.0,8.0,1,337,0,339
458,22,410.0,2891.0,11.0,9.0,1,335,0,335
458,23,435.0,2889.0,12.0,10.0,1,328,0,332
458,24,76.0,2913.0,14.0,7.0,1,321,0,329
458,25,457.0,2888.0,9.0,6.0,1,327,0,327
458,26,458.0,2893.0,9.0,6.0,1,314,0,323
459,0,1833.0,3086.0,14.0,5.0,1,460,0,460
459,2,0.0,2932.0,2.0,6.0,0,352,25,380
459,3,0.0,2929.0,6.0,6.0,0,357,14,376
459,4,0.0,2931.0,9.0,9.0,0,350,9,376
459,5,1.0,2936.0,4.0,7.0,0,350,20,374
459,6,0.0,2924.0,6.0,10.0,0,367,4,371
459,7,0.0,2933.0,2.0,3.0,0,348,16,369
459,8,5.0,2922.0,11.0,6.0,1,364,0,366
459,9,32.0,2919.0,13.0,10.0,1,352,0,363
459,10,170.0,2912.0,14.0,9.0,1,360,0,362
459,11,101.0,2907.0,12.0,10.0,1,358,0,361
459,13,122.0,2910.0,9.0,10.0,1,353,0,357
459,14,149.0,2912.0,12.0,9.0,1,352,0,356
459,16,188.0,2911.0,12.0,6.0,1,345,0,352
459,17,351.0,2908.0,11.0,10.0,1,351,0,351
459,18,373.0,2902.0,12.0,10.0,1,338,0,349
459,19,369.0,2892.0,8.0,8.0,1,340,0,346
459,20,302.0,2880.0,9.0,9.0,1,337,0,342
459,21,353.0,2889.0,12.0,8.0,1,338,0,340
459,22,405.0,2893.0,10.0,7.0,1,336,0,336
459,23,436.0,2889.0,8.0,9.0,1,329,0,333
459,24,77.0,2911.0,9.0,6.0,1,322,0,330
459,25,450.0,2891.0,9.0,7.0,1,328,0,328
459,26,448.0,2889.0,10.0,7.0,1,315,0,324
460,0,1837.0,3088.0,13.0,5.0,1,461,0,461
460,2,0.0,2932.0,2.0,6.0,0,352,26,381
460,3,0.0,2929.0,6.0,6.0,0,357,15,377
460,4,0.0,2931.0,9.0,9.0,0,350,10,377
460,5,1.0,2936.0,4.0,7.0,0,350,21,375
460,6,0.0,2924.0,6.0,10.0,0,367,5,372
460,7,0.0,2933.0,2.0,3.0,0,348,17,370
460,8,0.0,2920.0,10.0,8.0,1,365,0,367
460,9,28.0,2920.0,15.0,10.0,1,353,0,364
460,10,166.0,2912.0,10.0,8.0,1,361,0,363
460,11,99.0,2910.0,10.0,10.0,1,359,0,362
460,13,114.0,2911.0,12.0,8.0,1,354,0,358
460,14,147.0,2912.0,11.0,9.0,1,353,0,357
460,16,182.0,2909.0,14.0,8.0,1,346,0,353
460,17,345.0,2904.0,12.0,9.0,1,352,0,352
460,18,367.0,2904.0,10.0,9.0,1,339,0,350
460,19,365.0,2891.0,10.0,7.0,1,341,0,347
460,20,297.0,2879.0,15.0,11.0,1,338,0,343
460,21,347.0,2887.0,13.0,9.0,1,339,0,341
460,22,401.0,2888.0,12.0,11.0,1,337,0,337
460,23,429.0,2891.0,12.0,9.0,1,330,0,334
460,24,76.0,2908.0,11.0,9.0,1,323,0,331
460,25,441.0,2890.0,12.0,7.0,1,329,0,329
460,26,442.0,2890.0,10.0,7.0,1,316,0,325
461,0,1838.0,3088.0,15.0,5.0,1,462,0,462
461,2,0.0,2932.0,2.0,6.0,0,352,27,382
461,3,0.0,2929.0,6.0,6.0,0,357,16,378
461,4,0.0,2931.0,9.0,9.0,0,350,11,378
461,5,1.0,2936.0,4.0,7.0,0,350,22,376
461,6,0.0,2924.0,6.0,10.0,0,367,6,373
461,7,0.0,2933.0,2.0,3.0,0,348,18,371
461,8,1.0,2920.0,4.0,6.0,1,366,0,368
461,9,24.0,2916.0,14.0,9.0,1,354,0,365
461,10,164.0,2911.0,10.0,8.0,1,362,0,364
461,11,89.0,2911.0,14.0,9.0,1,360,0,363
461,13,109.0,2911.0,12.0,9.0,1,355,0,359
461,14,140.0,2911.0,14.0,11.0,1,354,0,358
461,16,181.0,2909.0,13.0,8.0,1,347,0,354
461,17,342.0,2907.0,10.0,7.0,1,353,0,353
461,18,361.0,2900.0,13.0,10.0,1,340,0,351
461,19,359.0,2890.0,12.0,8.0,1,342,0,348
461,20,293.0,2879.0,11.0,9.0,1,339,0,344
461,21,348.0,2884.0,13.0,12.0,1,340,0,342
461,22,394.0,2890.0,14.0,8.0,1,338,0,338
461,23,427.0,2893.0,11.0,4.0,1,331,0,335
461,24,71.0,2911.0,9.0,6.0,1,324,0,332
461,25,436.0,2889.0,12.0,7.0,1,330,0,330
461,26,437.0,2889.0,8.0,5.0,1,317,0,326
462,0,1836.0,3086.0,17.0,5.0,1,463,0,463
462,2,0.0,2932.0,2.0,6.0,0,352,28,383
462,3,0.0,2929.0,6.0,6.0,0,357,17,379
462,4,0.0,2931.0,9.0,9.0,0,350,12,379
462,5,1.0,2936.0,4.0,7.0,0,350,23,377
462,6,0.0,2924.0,6.0,10.0,0,367,7,374
462,7,0.0,2933.0,2.0,3.0,0,348,19,372
462,8,1.0,2920.0,4.0,6.0,0,366,1,369
462,9,21.0,2919.0,9.0,5.0,1,355,0,366
462,10,157.0,2911.0,11.0,7.0,1,363,0,365
462,11,87.0,2909.0,13.0,7.0,1,361,0,364
462,13,107.0,2912.0,10.0,4.0,1,356,0,360
462,14,136.0,2909.0,13.0,10.0,1,355,0,359
462,16,173.0,2904.0,15.0,9.0,1,348,0,355
462,17,337.0,2904.0,12.0,8.0,1,354,0,354
462,18,357.0,2903.0,11.0,8.0,1,341,0,352
462,19,354.0,2892.0,12.0,8.0,1,343,0,349
462,20,285.0,2879.0,8.0,7.0,1,340,0,345
462,21,341.0,2887.0,11.0,8.0,1,341,0,343
462,22,388.0,2891.0,14.0,9.0,1,339,0,339
462,23,424.0,2887.0,10.0,9.0,1,332,0,336
462,24,63.0,2909.0,13.0,11.0,1,325,0,333
462,25,432.0,2888.0,9.0,8.0,1,331,0,331
462,26,430.0,2889.0,9.0,7.0,1,318,0,327
463,0,1842.0,3087.0,16.0,6.0,1,464,0,464
463,2,0.0,2932.0,2.0,6.0,0,352,29,384
463,3,0.0,2929.0,6.0,6.0,0,357,18,380
463,4,0.0,2931.0,9.0,9.0,0,350,13,380
463,5,1.0,2936.0,4.0,7.0,0,350,24,378
463,6,0.0,2924.0,6.0,10.0,0,367,8,375
463,7,0.0,2933.0,2.0,3.0,0,348,20,373
463,8,1.0,2920.0,4.0,6.0,0,366,2,370
463,9,12.0,2920.0,13.0,9.0,1,356,0,367
463,10,150.0,2911.0,16.0,9.0,1,364,0,366
463,11,81.0,2908.0,13.0,11.0,1,362,0,365
463,13,100.0,2908.0,14.0,9.0,1,357,0,361
463,14,129.0,2909.0,16.0,11.0,1,356,0,360
463,16,169.0,2908.0,15.0,7.0,1,349,0,356
463,17,334.0,2902.0,14.0,9.0,1,355,0,355
463,18,354.0,2898.0,12.0,9.0,1,342,0,353
463,19,351.0,2888.0,11.0,9.0,1,344,0,350
463,20,278.0,2876.0,12.0,8.0,1,341,0,346
463,21,336.0,2886.0,12.0,10.0,1,342,0,344
463,22,389.0,2889.0,11.0,10.0,1,340,0,340
463,23,417.0,2891.0,13.0,5.0,1,333,0,337
463,24,58.0,2908.0,12.0,8.0,1,326,0,334
463,25,423.0,2888.0,14.0,5.0,1,332,0,332
463,26,425.0,2886.0,10.0,7.0,1,319,0,328
464,0,1845.0,3085.0,17.0,6.0,1,465,0,465
464,3,0.0,2929.0,6.0,6.0,0,357,19,381
464,4,0.0,2931.0,9.0,9.0,0,350,14,381
464,5,1.0,2936.0,4.0,7.0,0,350,25,379
464,6,0.0,2924.0,6.0,10.0,0,367,9,376
464,7,0.0,2933.0,2.0,3.0,0,348,21,374
464,8,1.0,2920.0,4.0,6.0,0,366,3,371
464,9,8.0,2916.0,12.0,8.0,1,357,0,368
464,10,151.0,2909.0,9.0,6.0,1,365,0,367
464,11,74.0,2911.0,16.0,8.0,1,363,0,366
464,13,95.0,2910.0,12.0,7.0,1,358,0,362
464,14,126.0,2909.0,14.0,9.0,1,357,0,361
464,16,165.0,2909.0,12.0,9.0,1,350,0,357
464,17,330.0,2904.0,14.0,8.0,1,356,0,356
464,18,351.0,2900.0,14.0,9.0,1,343,0,354
464,19,346.0,2887.0,9.0,10.0,1,345,0,351
464,20,274.0,2879.0,12.0,6.0,1,342,0,347
464,21,333.0,2886.0,6.0,7.0,1,343,0,345
464,22,387.0,2886.0,10.0,11.0,1,341,0,341
464,23,410.0,2891.0,11.0,7.0,1,334,0,338
464,24,56.0,2905.0,9.0,10.0,1,327,0,335
464,25,421.0,2885.0,10.0,8.0,1,333,0,333
464,26,417.0,2886.0,11.0,6.0,1,320,0,329
465,0,1845.0,3083.0,16.0,6.0,1,466,0,466
465,3,0.0,2929.0,6.0,6.0,0,357,20,382
465,4,0.0,2931.0,9.0,9.0,0,350,15,382
465,5,1.0,2936.0,4.0,7.0,0,350,26,380
465,6,0.0,2924.0,6.0,10.0,0,367,10,377
465,7,0.0,2933.0,2.0,3.0,0,348,22,375
465,8,1.0,2920.0,4.0,6.0,0,366,4,372
465,9,6.0,2914.0,10.0,9.0,1,358,0,369
465,10,142.0,2908.0,11.0,6.0,1,366,0,368
465,11,68.0,2908.0,15.0,8.0,1,364,0,367
465,13,90.0,2907.0,14.0,7.0,1,359,0,363
465,14,120.0,2906.0,12.0,10.0,1,358,0,362
465,16,160.0,2906.0,13.0,8.0,1,351,0,358
465,17,325.0,2903.0,10.0,10.0,1,357,0,357
465,18,344.0,2902.0,14.0,9.0,1,344,0,355
465,19,339.0,2886.0,10.0,10.0,1,346,0,352
465,20,264.0,2877.0,14.0,7.0,1,343,0,348
465,21,326.0,2882.0,10.0,8.0,1,344,0,346
465,22,380.0,2887.0,11.0,7.0,1,342,0,342
465,23,408.0,2891.0,8.0,5.0,1,335,0,339
465,24,49.0,2905.0,9.0,10.0,1,328,0,336
465,25,413.0,2888.0,9.0,5.0,1,334,0,334
465,26,413.0,2885.0,9.0,7.0,1,321,0,330
466,0,1843.0,3085.0,15.0,5.0,1,467,0,467
466,3,0.0,2929.0,6.0,6.0,0,357,21,383
466,4,0.0,2931.0,9.0,9.0,0,350,16,383
466,5,1.0,2936.0,4.0,7.0,0,350,27,381
466,6,0.0,2924.0,6.0,10.0,0,367,11,378
466,7,0.0,2933.0,2.0,3.0,0,348,23,376
466,8,1.0,2920.0,4.0,6.0,0,366,5,373
466,9,0.0,2914.0,11.0,6.0,1,359,0,370
466,10,137.0,2911.0,16.0,6.0,1,367,0,369
466,11,65.0,2904.0,16.0,8.0,1,365,0,368
466,13,86.0,2908.0,11.0,9.0,1,360,0,364
466,14,115.0,2905.0,13.0,13.0,1,359,0,363
466,16,159.0,2906.0,13.0,9.0,1,352,0,359
466,17,322.0,2902.0,11.0,11.0,1,358,0,358
466,18,339.0,2899.0,12.0,6.0,1,345,0,356
466,19,338.0,2887.0,10.0,9.0,1,347,0,353
466,20,259.0,2872.0,13.0,8.0,1,344,0,349
466,21,324.0,2882.0,12.0,7.0,1,345,0,347
466,22,373.0,2888.0,11.0,7.0,1,343,0,343
466,23,403.0,2887.0,8.0,7.0,1,336,0,340
466,24,45.0,2906.0,12.0,10.0,1,329,0,337
466,25,408.0,2883.0,10.0,5.0,1,335,0,335
466,26,407.0,2883.0,10.0,7.0,1,322,0,331
467,0,1844.0,3084.0,17.0,6.0,1,468,0,468
467,3,0.0,2929.0,6.0,6.0,0,357,22,384
467,4,0.0,2931.0,9.0,9.0,0,350,17,384
467,5,1.0,2936.0,4.0,7.0,0,350,28,382
467,6,0.0,2924.0,6.0,10.0,0,367,12,379
467,7,0.0,2933.0,2.0,3.0,0,348,24,377
467,8,1.0,2920.0,4.0,6.0,0,366,6,374
467,9,0.0,2913.0,7.0,8.0,1,360,0,371
467,10,135.0,2911.0,15.0,8.0,1,368,0,370
467,11,62.0,2909.0,13.0,7.0,1,366,0,369
467,13,81.0,2907.0,14.0,9.0,1,361,0,365
467,14,115.0,2905.0,10.0,10.0,1,360,0,364
467,16,149.0,2904.0,14.0,9.0,1,353,0,360
467,17,318.0,2898.0,9.0,12.0,1,359,0,359
467,18,334.0,2895.0,14.0,10.0,1,346,0,357
467,19,331.0,2883.0,11.0,9.0,1,348,0,354
467,20,255.0,2875.0,13.0,5.0,1,345,0,350
467,21,318.0,2883.0,11.0,6.0,1,346,0,348
467,22,370.0,2884.0,10.0,8.0,1,344,0,344
467,23,395.0,2882.0,13.0,6.0,1,337,0,341
467,24,42.0,2905.0,10.0,7.0,1,330,0,338
467,25,408.0,2883.0,10.0,5.0,0,335,1,336
467,26,397.0,2883.0,11.0,5.0,1,323,0,332
468,0,1849.0,3083.0,16.0,6.0,1,469,0,469
468,3,0.0,2929.0,6.0,6.0,0,357,23,385
468,4,0.0,2931.0,9.0,9.0,0,350,18,385
468,5,1.0,2936.0,4.0,7.0,0,350,29,383
468,6,0.0,2924.0,6.0,10.0,0,367,13,380
468,7,0.0,2933.0,2.0,3.0,0,348,25,378
468,8,1.0,2920.0,4.0,6.0,0,366,7,375
468,9,0.0,2913.0,7.0,8.0,0,360,1,372
468,10,132.0,2907.0,11.0,7.0,1,369,0,371
468,11,55.0,2907.0,13.0,11.0,1,367,0,370
468,13,76.0,2908.0,7.0,5.0,1,362,0,366
468,14,106.0,2905.0,13.0,10.0,1,361,0,365
468,16,146.0,2905.0,13.0,8.0,1,354,0,361
468,17,314.0,2900.0,12.0,9.0,1,360,0,360
468,18,330.0,2897.0,10.0,8.0,1,347,0,358
468,19,328.0,2881.0,10.0,10.0,1,349,0,355
468,20,253.0,2877.0,8.0,9.0,1,346,0,351
468,21,314.0,2882.0,13.0,9.0,1,347,0,349
468,22,365.0,2884.0,11.0,8.0,1,345,0,345
468,23,391.0,2884.0,13.0,6.0,1,338,0,342
468,24,37.0,2901.0,12.0,10.0,1,331,0,339
468,25,394.0,2888.0,11.0,7.0,1,336,0,337
468,26,390.0,2881.0,14.0,8.0,1,324,0,333
469,0,1847.0,3082.0,16.0,5.0,1,470,0,470
469,3,0.0,2929.0,6.0,6.0,0,357,24,386
469,4,0.0,2931.0,9.0,9.0,0,350,19,386
469,6,0.0,2924.0,6.0,10.0,0,367,14,381
469,7,0.0,2933.0,2.0,3.0,0,348,26,379
469,8,1.0,2920.0,4.0,6.0,0,366,8,376
469,9,0.0,2913.0,7.0,8.0,0,360,2,373
469,10,127.0,2909.0,9.0,5.0,1,370,0,372
469,11,55.0,2902.0,10.0,9.0,1,368,0,371
469,13,71.0,2906.0,11.0,8.0,1,363,0,367
469,14,99.0,2904.0,17.0,9.0,1,362,0,366
469,16,141.0,2905.0,15.0,10.0,1,355,0,362
469,17,306.0,2903.0,15.0,8.0,1,361,0,361
469,18,326.0,2895.0,12.0,8.0,1,348,0,359
469,19,321.0,2885.0,13.0,9.0,1,350,0,356
469,20,244.0,2877.0,11.0,10.0,1,347,0,352
469,21,309.0,2879.0,12.0,9.0,1,348,0,350
469,22,358.0,2886.0,12.0,11.0,1,346,0,346
469,23,383.0,2878.0,12.0,8.0,1,339,0,343
469,24,33.0,2904.0,10.0,9.0,1,332,0,340
469,25,391.0,2888.0,10.0,5.0,1,337,0,338
469,26,386.0,2883.0,10.0,5.0,1,325,0,334
470,0,1850.0,3081.0,17.0,5.0,1,471,0,471
470,3,0.0,2929.0,6.0,6.0,0,357,25,387
470,4,0.0,2931.0,9.0,9.0,0,350,20,387
470,6,0.0,2924.0,6.0,10.0,0,367,15,382
470,7,0.0,2933.0,2.0,3.0,0,348,27,380
470,8,1.0,2920.0,4.0,6.0,0,366,9,377
470,9,0.0,2913.0,7.0,8.0,0,360,3,374
470,10,118.0,2909.0,14.0,6.0,1,371,0,373
470,11,46.0,2902.0,13.0,9.0,1,369,0,372
470,13,66.0,2906.0,9.0,7.0,1,364,0,368
470,14,97.0,2903.0,11.0,11.0,1,363,0,367
470,16,140.0,2905.0,13.0,9.0,1,356,0,363
470,17,303.0,2900.0,11.0,9.0,1,362,0,362
470,18,323.0,2894.0,11.0,8.0,1,349,0,360
470,19,318.0,2883.0,13.0,8.0,1,351,0,357
470,20,237.0,2873.0,14.0,6.0,1,348,0,353
470,21,303.0,2881.0,13.0,7.0,1,349,0,351
470,22,356.0,2887.0,8.0,6.0,1,347,0,347
470,23,383.0,2882.0,7.0,6.0,1,340,0,344
470,24,25.0,2904.0,13.0,9.0,1,333,0,341
470,25,387.0,2887.0,10.0,7.0,1,338,0,339
470,26,382.0,2883.0,9.0,7.0,1,326,0,335
471,0,1849.0,3081.0,17.0,5.0,1,472,0,472
471,3,0.0,2929.0,6.0,6.0,0,357,26,388
471,4,0.0,2931.0,9.0,9.0,0,350,21,388
471,6,0.0,2924.0,6.0,10.0,0,367,16,383
471,7,0.0,2933.0,2.0,3.0,0,348,28,381
471,8,1.0,2920.0,4.0,6.0,0,366,10,378
471,9,0.0,2913.0,7.0,8.0,0,360,4,375
471,10,117.0,2911.0,13.0,6.0,1,372,0,374
471,11,43.0,2901.0,11.0,10.0,1,370,0,373
471,13,63.0,2903.0,9.0,7.0,1,365,0,369
471,14,95.0,2906.0,11.0,9.0,1,364,0,368
471,16,134.0,2905.0,13.0,8.0,1,357,0,364
471,17,300.0,2898.0,11.0,9.0,1,363,0,363
471,18,317.0,2894.0,11.0,6.0,1,350,0,361
471,19,313.0,2883.0,12.0,8.0,1,352,0,358
471,20,228.0,2871.0,13.0,9.0,1,349,0,354
471,21,302.0,2881.0,10.0,6.0,1,350,0,352
471,22,352.0,2882.0,11.0,9.0,1,348,0,348
471,23,374.0,2879.0,10.0,6.0,1,341,0,345
471,24,22.0,2903.0,11.0,10.0,1,334,0,342
471,25,385.0,2886.0,9.0,7.0,1,339,0,340
471,26,373.0,2879.0,12.0,11.0,1,327,0,336
472,0,1849.0,3079.0,17.0,5.0,1,473,0,473
472,3,0.0,2929.0,6.0,6.0,0,357,27,389
472,4,0.0,2931.0,9.0,9.0,0,350,22,389
472,6,0.0,2924.0,6.0,10.0,0,367,17,384
472,7,0.0,2933.0,2.0,3.0,0,348,29,382
472,8,1.0,2920.0,4.0,6.0,0,366,11,379
472,9,0.0,2913.0,7.0,8.0,0,360,5,376
472,10,110.0,2907.0,15.0,6.0,1,373,0,375
472,11,38.0,2903.0,12.0,12.0,1,371,0,374
472,13,54.0,2907.0,13.0,7.0,1,366,0,370
472,14,86.0,2906.0,13.0,9.0,1,365,0,369
472,16,130.0,2907.0,12.0,8.0,1,358,0,365
472,17,297.0,2897.0,9.0,7.0,1,364,0,364
472,18,315.0,2894.0,12.0,7.0,1,351,0,362
472,19,309.0,2880.0,9.0,9.0,1,353,0,359
472,20,225.0,2872.0,13.0,9.0,1,350,0,355
472,21,299.0,2878.0,9.0,7.0,1,351,0,353
472,22,346.0,2884.0,12.0,7.0,1,349,0,349
472,23,369.0,2880.0,12.0,9.0,1,342,0,346
472,24,18.0,2902.0,12.0,9.0,1,335,0,343
472,25,377.0,2885.0,11.0,7.0,1,340,0,341
472,26,364.0,2878.0,11.0,10.0,1,328,0,337
473,0,1851.0,3078.0,16.0,5.0,1,474,0,474
473,3,0.0,2929.0,6.0,6.0,0,357,28,390
473,4,0.0,2931.0,9.0,9.0,0,350,23,390
473,6,0.0,2924.0,6.0,10.0,0,367,18,385
473,8,1.0,2920.0,4.0,6.0,0,366,12,380
473,9,0.0,2913.0,7.0,8.0,0,360,6,377
473,10,106.0,2906.0,10.0,6.0,1,374,0,376
473,11,34.0,2900.0,11.0,8.0,1,372,0,375
473,13,53.0,2905.0,9.0,8.0,1,367,0,371
473,14,87.0,2903.0,12.0,9.0,1,366,0,370
473,16,125.0,2906.0,12.0,7.0,1,359,0,366
473,17,289.0,2895.0,15.0,9.0,1,365,0,365
473,18,307.0,2893.0,12.0,8.0,1,352,0,363
473,19,303.0,2880.0,9.0,9.0,1,354,0,360
473,20,218.0,2871.0,13.0,9.0,1,351,0,356
473,21,294.0,2878.0,6.0,5.0,1,352,0,354
473,22,342.0,2884.0,11.0,8.0,1,350,0,350
473,23,363.0,2879.0,10.0,5.0,1,343,0,347
473,24,19.0,2903.0,9.0,7.0,1,336,0,344
473,25,373.0,2884.0,9.0,7.0,1,341,0,342
473,26,362.0,2879.0,10.0,7.0,1,329,0,338
474,0,1852.0,3080.0,17.0,6.0,1,475,0,475
474,3,0.0,2929.0,6.0,6.0,0,357,29,391
474,4,0.0,2931.0,9.0,9.0,0,350,24,391
474,6,0.0,2924.0,6.0,10.0,0,367,19,386
474,8,1.0,2920.0,4.0,6.0,0,366,13,381
474,9,0.0,2913.0,7.0,8.0,0,360,7,378
474,10,98.0,2907.0,13.0,7.0,1,375,0,377
474,11,29.0,2900.0,11.0,9.0,1,373,0,376
474,13,46.0,2902.0,10.0,7.0,1,368,0,372
474,14,78.0,2904.0,14.0,9.0,1,367,0,371
474,16,119.0,2904.0,14.0,9.0,1,360,0,367
474,17,286.0,2897.0,9.0,6.0,1,366,0,366
474,18,303.0,2889.0,14.0,7.0,1,353,0,364
474,19,298.0,2880.0,11.0,9.0,1,355,0,361
474,20,215.0,2872.0,11.0,8.0,1,352,0,357
474,21,282.0,2881.0,12.0,6.0,1,353,0,355
474,22,338.0,2884.0,10.0,5.0,1,351,0,351
474,23,358.0,2876.0,11.0,9.0,1,344,0,348
474,24,10.0,2903.0,11.0,6.0,1,337,0,345
474,25,370.0,2886.0,9.0,6.0,1,342,0,343
474,26,354.0,2874.0,12.0,10.0,1,330,0,339
475,0,1855.0,3078.0,14.0,10.0,1,476,0,476
475,4,0.0,2931.0,9.0,9.0,0,350,25,392
475,6,0.0,2924.0,6.0,10.0,0,367,20,387
475,8,1.0,2920.0,4.0,6.0,0,366,14,382
475,9,0.0,2913.0,7.0,8.0,0,360,8,379
475,10,96.0,2907.0,13.0,7.0,1,376,0,378
475,11,21.0,2899.0,13.0,11.0,1,374,0,377
475,13,41.0,2900.0,12.0,6.0,1,369,0,373
475,14,72.0,2903.0,18.0,8.0,1,368,0,372
475,16,118.0,2904.0,12.0,7.0,1,361,0,368
475,17,283.0,2894.0,14.0,9.0,1,367,0,367
475,18,298.0,2888.0,13.0,8.0,1,354,0,365
475,19,295.0,2879.0,8.0,8.0,1,356,0,362
475,20,210.0,2872.0,11.0,7.0,1,353,0,358
475,21,282.0,2877.0,10.0,7.0,1,354,0,356
475,22,331.0,2880.0,13.0,9.0,1,352,0,352
475,23,350.0,2876.0,14.0,9.0,1,345,0,349
475,24,7.0,2900.0,10.0,10.0,1,338,0,346
475,25,367.0,2881.0,9.0,7.0,1,343,0,344
475,26,351.0,2876.0,11.0,7.0,1,331,0,340
476,0,1856.0,3078.0,15.0,7.0,1,477,0,477
476,4,0.0,2931.0,9.0,9.0,0,350,26,393
476,6,0.0,2924.0,6.0,10.0,0,367,21,388
476,8,1.0,2920.0,4.0,6.0,0,366,15,383
476,9,0.0,2913.0,7.0,8.0,0,360,9,380
476,10,92.0,2902.0,12.0,10.0,1,377,0,379
476,11,18.0,2896.0,14.0,12.0,1,375,0,378
476,13,38.0,2901.0,11.0,8.0,1,370,0,374
476,14,72.0,2903.0,10.0,8.0,1,369,0,373
476,16,110.0,2903.0,15.0,9.0,1,362,0,369
476,17,276.0,2896.0,11.0,8.0,1,368,0,368
476,18,295.0,2888.0,10.0,7.0,1,355,0,366
476,19,290.0,2878.0,11.0,7.0,1,357,0,363
476,20,205.0,2871.0,13.0,9.0,1,354,0,359
476,21,278.0,2872.0,8.0,9.0,1,355,0,357
476,22,325.0,2880.0,15.0,7.0,1,353,0,353
476,23,341.0,2875.0,11.0,10.0,1,346,0,350
476,24,3.0,2900.0,11.0,8.0,1,339,0,347
476,25,359.0,2885.0,12.0,6.0,1,344,0,345
476,26,340.0,2874.0,13.0,10.0,1,332,0,341
477,0,1860.0,3075.0,14.0,10.0,1,478,0,478
477,4,0.0,2931.0,9.0,9.0,0,350,27,394
477,6,0.0,2924.0,6.0,10.0,0,367,22,389
477,8,1.0,2920.0,4.0,6.0,0,366,16,384
477,9,0.0,2913.0,7.0,8.0,0,360,10,381
477,10,89.0,2903.0,11.0,9.0,1,378,0,380
477,11,15.0,2899.0,12.0,9.0,1,376,0,379
477,13,32.0,2901.0,10.0,6.0,1,371,0,375
477,14,67.0,2899.0,11.0,11.0,1,370,0,374
477,16,105.0,2903.0,14.0,10.0,1,363,0,370
477,17,269.0,2895.0,14.0,10.0,1,369,0,369
477,18,290.0,2888.0,11.0,10.0,1,356,0,367
477,19,283.0,2879.0,9.0,6.0,1,358,0,364
477,20,200.0,2870.0,11.0,11.0,1,355,0,360
477,21,275.0,2876.0,9.0,4.0,1,356,0,358
477,22,325.0,2878.0,13.0,10.0,1,354,0,354
477,23,338.0,2874.0,11.0,6.0,1,347,0,351
477,24,0.0,2902.0,8.0,6.0,1,340,0,348
477,25,356.0,2883.0,7.0,8.0,1,345,0,346
477,26,338.0,2874.0,12.0,9.0,1,333,0,342
478,0,1859.0,3073.0,13.0,8.0,1,479,0,479
478,4,0.0,2931.0,9.0,9.0,0,350,28,395
478,6,0.0,2924.0,6.0,10.0,0,367,23,390
478,8,1.0,2920.0,4.0,6.0,0,366,17,385
478,9,0.0,2913.0,7.0,8.0,0,360,11,382
478,10,83.0,2904.0,12.0,8.0,1,379,0,381
478,11,12.0,2897.0,11.0,9.0,1,377,0,380
478,13,27.0,2899.0,10.0,6.0,1,372,0,376
478,14,63.0,2902.0,11.0,8.0,1,371,0,375
478,16,102.0,2901.0,10.0,11.0,1,364,0,371
478,17,270.0,2894.0,9.0,7.0,1,370,0,370
478,18,286.0,2885.0,10.0,7.0,1,357,0,368
478,19,278.0,2875.0,9.0,8.0,1,359,0,365
478,20,191.0,2870.0,12.0,7.0,1,356,0,361
478,21,269.0,2875.0,10.0,5.0,1,357,0,359
478,22,315.0,2879.0,13.0,7.0,1,355,0,355
478,23,336.0,2875.0,7.0,5.0,1,348,0,352
478,24,0.0,2902.0,8.0,6.0,0,340,1,349
478,25,352.0,2884.0,7.0,7.0,1,346,0,347
478,26,329.0,2870.0,12.0,11.0,1,334,0,343
479,0,1858.0,3074.0,15.0,10.0,1,480,0,480
479,4,0.0,2931.0,9.0,9.0,0,350,29,396
479,6,0.0,2924.0,6.0,10.0,0,367,24,391
479,8,1.0,2920.0,4.0,6.0,0,366,18,386
479,9,0.0,2913.0,7.0,8.0,0,360,12,383
479,10,77.0,2902.0,12.0,9.0,1,380,0,382
479,11,3.0,2897.0,12.0,11.0,1,378,0,381
479,13,24.0,2900.0,9.0,6.0,1,373,0,377
479,14,54.0,2903.0,14.0,8.0,1,372,0,376
479,16,97.0,2901.0,14.0,9.0,1,365,0,372
479,17,263.0,2891.0,13.0,9.0,1,371,0,371
479,18,283.0,2882.0,10.0,7.0,1,358,0,369
479,19,276.0,2875.0,9.0,8.0,1,360,0,366
479,20,186.0,2868.0,12.0,9.0,1,357,0,362
479,21,263.0,2873.0,8.0,7.0,1,358,0,360
479,22,310.0,2877.0,12.0,8.0,1,356,0,356
479,23,325.0,2872.0,15.0,9.0,1,349,0,353
479,24,0.0,2902.0,8.0,6.0,0,340,2,350
479,25,348.0,2882.0,10.0,6.0,1,347,0,348
479,26,329.0,2870.0,12.0,11.0,0,334,1,344
480,0,1860.0,3075.0,14.0,9.0,1,481,0,481
480,6,0.0,2924.0,6.0,10.0,0,367,25,392
480,8,1.0,2920.0,4.0,6.0,0,366,19,387
480,9,0.0,2913.0,7.0,8.0,0,360,13,384
480,10,76.0,2902.0,9.0,9.0,1,381,0,383
480,11,0.0,2896.0,10.0,11.0,1,379,0,382
480,13,16.0,2897.0,13.0,10.0,1,374,0,378
480,14,50.0,2901.0,11.0,7.0,1,373,0,377
480,16,92.0,2902.0,15.0,10.0,1,366,0,373
480,17,253.0,2887.0,17.0,10.0,1,372,0,372
480,18,278.0,2883.0,9.0,7.0,1,359,0,370
480,19,271.0,2872.0,10.0,9.0,1,361,0,367
480,20,181.0,2866.0,12.0,9.0,1,358,0,363
480,21,257.0,2871.0,11.0,6.0,1,359,0,361
480,22,309.0,2877.0,10.0,8.0,1,357,0,357
480,23,319.0,2874.0,10.0,7.0,1,350,0,354
480,24,0.0,2902.0,8.0,6.0,0,340,3,351
480,25,340.0,2878.0,10.0,8.0,1,348,0,349
480,26,314.0,2872.0,13.0,6.0,1,335,0,345
481,0,1862.0,3071.0,14.0,8.0,1,482,0,482
481,6,0.0,2924.0,6.0,10.0,0,367,26,393
481,8,1.0,2920.0,4.0,6.0,0,366,20,388
481,9,0.0,2913.0,7.0,8.0,0,360,14,385
481,10,68.0,2902.0,12.0,7.0,1,382,0,384
481,11,0.0,2895.0,7.0,10.0,1,380,0,383
481,13,12.0,2899.0,9.0,5.0,1,375,0,379
481,14,47.0,2900.0,10.0,7.0,1,374,0,378
481,16,83.0,2900.0,15.0,9.0,1,367,0,374
481,17,254.0,2890.0,13.0,8.0,1,373,0,373
481,18,272.0,2883.0,13.0,10.0,1,360,0,371
481,19,266.0,2871.0,8.0,8.0,1,362,0,368
481,20,176.0,2868.0,13.0,9.0,1,359,0,364
481,21,250.0,2873.0,12.0,6.0,1,360,0,362
481,22,304.0,2874.0,12.0,9.0,1,358,0,358
481,23,314.0,2872.0,9.0,7.0,1,351,0,355
481,24,0.0,2902.0,8.0,6.0,0,340,4,352
481,25,337.0,2877.0,9.0,6.0,1,349,0,350
481,26,314.0,2871.0,12.0,6.0,1,336,0,346
482,0,1862.0,3066.0,13.0,12.0,1,483,0,483
482,6,0.0,2924.0,6.0,10.0,0,367,27,394
482,8,1.0,2920.0,4.0,6.0,0,366,21,389
482,9,0.0,2913.0,7.0,8.0,0,360,15,386
482,10,62.0,2903.0,12.0,7.0,1,383,0,385
482,11,0.0,2895.0,7.0,10.0,0,380,1,384
482,13,9.0,2893.0,11.0,9.0,1,376,0,380
482,14,41.0,2899.0,10.0,6.0,1,375,0,379
482,16,82.0,2898.0,14.0,9.0,1,368,0,375
482,17,251.0,2887.0,12.0,8.0,1,374,0,374
482,18,269.0,2880.0,11.0,6.0,1,361,0,372
482,19,259.0,2871.0,12.0,8.0,1,363,0,369
482,20,169.0,2866.0,13.0,7.0,1,360,0,365
482,21,246.0,2873.0,11.0,7.0,1,361,0,363
482,22,302.0,2873.0,9.0,8.0,1,359,0,359
482,23,309.0,2873.0,10.0,5.0,1,352,0,356
482,24,0.0,2902.0,8.0,6.0,0,340,5,353
482,25,330.0,2878.0,11.0,4.0,1,350,0,351
482,26,308.0,2866.0,12.0,8.0,1,337,0,347
483,0,1859.0,3073.0,18.0,5.0,1,484,0,484
483,6,0.0,2924.0,6.0,10.0,0,367,28,395
483,8,1.0,2920.0,4.0,6.0,0,366,22,390
483,9,0.0,2913.0,7.0,8.0,0,360,16,387
483,10,58.0,2899.0,11.0,6.0,1,384,0,386
483,11,0.0,2895.0,7.0,10.0,0,380,2,385
483,13,2.0,2898.0,9.0,8.0,1,377,0,381
483,14,34.0,2898.0,14.0,8.0,1,376,0,380
483,16,75.0,2900.0,15.0,7.0,1,369,0,376
483,17,246.0,2886.0,10.0,8.0,1,375,0,375
483,18,263.0,2877.0,13.0,8.0,1,362,0,373
483,19,257.0,2870.0,10.0,8.0,1,364,0,370
483,20,165.0,2865.0,13.0,8.0,1,361,0,366
483,21,246.0,2867.0,8.0,11.0,1,362,0,364
483,22,297.0,2871.0,8.0,9.0,1,360,0,360
483,23,301.0,2873.0,10.0,4.0,1,353,0,357
483,24,0.0,2902.0,8.0,6.0,0,340,6,354
483,25,327.0,2880.0,10.0,6.0,1,351,0,352
483,26,302.0,2870.0,8.0,7.0,1,338,0,348
484,0,1865.0,3071.0,13.0,9.0,1,485,0,485
484,6,0.0,2924.0,6.0,10.0,0,367,29,396
484,8,1.0,2920.0,4.0,6.0,0,366,23,391
484,9,0.0,2913.0,7.0,8.0,0,360,17,388
484,10,54.0,2897.0,10.0,9.0,1,385,0,387
484,11,0.0,2895.0,7.0,10.0,0,380,3,386
484,13,1.0,2896.0,7.0,9.0,1,378,0,382
484,14,28.0,2897.0,13.0,9.0,1,377,0,381
484,16,71.0,2900.0,16.0,10.0,1,370,0,377
484,17,238.0,2888.0,15.0,7.0,1,376,0,376
484,18,257.0,2878.0,12.0,8.0,1,363,0,374
484,19,250.0,2871.0,11.0,7.0,1,365,0,371
484,20,160.0,2864.0,12.0,8.0,1,362,0,367
484,21,238.0,2871.0,10.0,4.0,1,363,0,365
484,22,291.0,2871.0,9.0,9.0,1,361,0,361
484,23,298.0,2873.0,6.0,7.0,1,354,0,358
484,24,0.0,2902.0,8.0,6.0,0,340,7,355
484,25,319.0,2875.0,12.0,4.0,1,352,0,353
484,26,298.0,2872.0,7.0,8.0,1,339,0,349
485,0,1867.0,3067.0,10.0,9.0,1,486,0,486
485,8,1.0,2920.0,4.0,6.0,0,366,24,392
485,9,0.0,2913.0,7.0,8.0,0,360,18,389
485,10,49.0,2900.0,11.0,7.0,1,386,0,388
485,11,0.0,2895.0,7.0,10.0,0,380,4,387
485,13,1.0,2896.0,7.0,9.0,0,378,1,383
485,14,28.0,2895.0,13.0,9.0,1,378,0,382
485,16,67.0,2900.0,13.0,7.0,1,371,0,378
485,17,239.0,2888.0,14.0,9.0,1,377,0,377
485,18,256.0,2879.0,11.0,8.0,1,364,0,375
485,19,246.0,2870.0,9.0,7.0,1,366,0,372
485,20,156.0,2868.0,11.0,10.0,1,363,0,368
485,21,231.0,2871.0,14.0,6.0,1,364,0,366
485,22,284.0,2872.0,10.0,7.0,1,362,0,362
485,23,292.0,2873.0,9.0,5.0,1,355,0,359
485,24,0.0,2902.0,8.0,6.0,0,340,8,356
485,25,318.0,2876.0,10.0,6.0,1,353,0,354
485,26,292.0,2871.0,7.0,4.0,1,340,0,350
486,0,1868.0,3064.0,11.0,10.0,1,487,0,487
486,8,1.0,2920.0,4.0,6.0,0,366,25,393
486,9,0.0,2913.0,7.0,8.0,0,360,19,390
486,10,42.0,2897.0,12.0,6.0,1,387,0,389
486,11,0.0,2895.0,7.0,10.0,0,380,5,388
486,13,1.0,2896.0,7.0,9.0,0,378,2,384
486,14,23.0,2895.0,12.0,9.0,1,379,0,383
486,16,65.0,2897.0,15.0,6.0,1,372,0,379
486,17,232.0,2883.0,17.0,7.0,1,378,0,378
486,18,250.0,2875.0,11.0,8.0,1,365,0,376
486,19,239.0,2869.0,12.0,8.0,1,367,0,373
486,20,149.0,2866.0,12.0,6.0,1,364,0,369
486,21,226.0,2867.0,13.0,7.0,1,365,0,367
486,22,282.0,2872.0,9.0,7.0,1,363,0,363
486,23,288.0,2868.0,10.0,5.0,1,356,0,360
486,24,0.0,2902.0,8.0,6.0,0,340,9,357
486,25,310.0,2874.0,11.0,4.0,1,354,0,355
486,26,286.0,2865.0,10.0,6.0,1,341,0,351
487,0,1863.0,3063.0,17.0,10.0,1,488,0,488
487,8,1.0,2920.0,4.0,6.0,0,366,26,394
487,9,0.0,2913.0,7.0,8.0,0,360,20,391
487,10,40.0,2895.0,9.0,6.0,1,388,0,390
487,11,0.0,2895.0,7.0,10.0,0,380,6,389
487,13,1.0,2896.0,7.0,9.0,0,378,3,385
487,14,18.0,2894.0,12.0,8.0,1,380,0,384
487,16,57.0,2894.0,14.0,9.0,1,373,0,380
487,17,228.0,2883.0,12.0,7.0,1,379,0,379
487,18,246.0,2875.0,10.0,5.0,1,366,0,377
487,19,233.0,2867.0,13.0,10.0,1,368,0,374
487,20,144.0,2864.0,14.0,6.0,1,365,0,370
487,21,227.0,2866.0,7.0,7.0,1,366,0,368
487,22,277.0,2868.0,9.0,6.0,1,364,0,364
487,23,286.0,2867.0,5.0,8.0,1,357,0,361
487,24,0.0,2902.0,8.0,6.0,0,340,10,358
487,25,305.0,2873.0,13.0,7.0,1,355,0,356
487,26,279.0,2865.0,10.0,7.0,1,342,0,352
488,0,1862.0,3066.0,18.0,9.0,1,489,0,489
488,8,1.0,2920.0,4.0,6.0,0,366,27,395
488,9,0.0,2913.0,7.0,8.0,0,360,21,392
488,10,35.0,2895.0,10.0,8.0,1,389,0,391
488,11,0.0,2895.0,7.0,10.0,0,380,7,390
488,13,1.0,2896.0,7.0,9.0,0,378,4,386
488,14,13.0,2892.0,11.0,9.0,1,381,0,385
488,16,52.0,2895.0,13.0,9.0,1,374,0,381
488,17,221.0,2883.0,14.0,5.0,1,380,0,380
488,18,238.0,2873.0,13.0,8.0,1,367,0,378
488,19,229.0,2865.0,11.0,9.0,1,369,0,375
488,20,142.0,2862.0,9.0,10.0,1,366,0,371
488,21,217.0,2866.0,10.0,5.0,1,367,0,369
488,22,270.0,2867.0,8.0,7.0,1,365,0,365
488,23,279.0,2867.0,7.0,9.0,1,358,0,362
488,24,0.0,2902.0,8.0,6.0,0,340,11,359
488,25,299.0,2870.0,13.0,6.0,1,356,0,357
488,26,277.0,2867.0,8.0,9.0,1,343,0,353
489,0,1868.0,3064.0,14.0,10.0,1,490,0,490
489,8,1.0,2920.0,4.0,6.0,0,366,28,396
489,9,0.0,2913.0,7.0,8.0,0,360,22,393
489,10,32.0,2895.0,9.0,8.0,1,390,0,392
489,11,0.0,2895.0,7.0,10.0,0,380,8,391
489,13,1.0,2896.0,7.0,9.0,0,378,5,387
489,14,7.0,2892.0,14.0,9.0,1,382,0,386
489,16,46.0,2892.0,14.0,9.0,1,375,0,382
489,17,217.0,2882.0,12.0,6.0,1,381,0,381
489,18,234.0,2876.0,12.0,7.0,1,368,0,379
489,19,225.0,2865.0,10.0,9.0,1,370,0,376
489,20,133.0,2863.0,9.0,10.0,1,367,0,372
489,21,210.0,2867.0,12.0,8.0,1,368,0,370
489,22,267.0,2870.0,8.0,5.0,1,366,0,366
489,23,274.0,2867.0,8.0,5.0,1,359,0,363
489,24,0.0,2902.0,8.0,6.0,0,340,12,360
489,25,298.0,2870.0,10.0,7.0,1,357,0,358
489,26,272.0,2865.0,8.0,8.0,1,344,0,354
490,0,1870.0,3061.0,10.0,8.0,1,491,0,491
490,8,1.0,2920.0,4.0,6.0,0,366,29,397
490,9,0.0,2913.0,7.0,8.0,0,360,23,394
490,10,22.0,2894.0,12.0,7.0,1,391,0,393
490,11,0.0,2895.0,7.0,10.0,0,380,9,392
490,13,1.0,2896.0,7.0,9.0,0,378,6,388
490,14,2.0,2890.0,14.0,9.0,1,383,0,387
490,16,43.0,2892.0,13.0,8.0,1,376,0,383
490,17,216.0,2879.0,9.0,8.0,1,382,0,382
490,18,230.0,2870.0,9.0,9.0,1,369,0,380
490,19,220.0,2863.0,12.0,9.0,1,371,0,377
490,20,127.0,2862.0,10.0,10.0,1,368,0,373
490,21,209.0,2863.0,8.0,7.0,1,369,0,371
490,22,261.0,2863.0,7.0,8.0,1,367,0,367
490,23,271.0,2863.0,7.0,8.0,1,360,0,364
490,24,0.0,2902.0,8.0,6.0,0,340,13,361
490,25,295.0,2869.0,10.0,7.0,1,358,0,359
490,26,266.0,2860.0,11.0,7.0,1,345,0,355
491,0,1870.0,3056.0,14.0,13.0,1,492,0,492
491,9,0.0,2913.0,7.0,8.0,0,360,24,395
491,10,23.0,2892.0,9.0,8.0,1,392,0,394
491,11,0.0,2895.0,7.0,10.0,0,380,10,393
491,13,1.0,2896.0,7.0,9.0,0,378,7,389
491,14,2.0,2892.0,10.0,10.0,1,384,0,388
491,16,36.0,2894.0,14.0,9.0,1,377,0,384
491,17,213.0,2879.0,9.0,8.0,1,383,0,383
491,18,226.0,2870.0,10.0,6.0,1,370,0,381
491,19,215.0,2865.0,11.0,8.0,1,372,0,378
491,20,122.0,2861.0,12.0,10.0,1,369,0,374
491,21,205.0,2863.0,10.0,9.0,1,370,0,372
491,22,256.0,2862.0,9.0,7.0,1,368,0,368
491,23,265.0,2863.0,8.0,5.0,1,361,0,365
491,24,0.0,2902.0,8.0,6.0,0,340,14,362
491,25,288.0,2870.0,12.0,8.0,1,359,0,360
491,26,264.0,2863.0,6.0,7.0,1,346,0,356
492,0,1874.0,3060.0,9.0,8.0,1,493,0,493
492,9,0.0,2913.0,7.0,8.0,0,360,25,396
492,10,15.0,2892.0,12.0,8.0,1,393,0,395
492,11,0.0,2895.0,7.0,10.0,0,380,11,394
492,13,1.0,2896.0,7.0,9.0,0,378,8,390
492,14,0.0,2888.0,4.0,10.0,1,385,0,389
492,16,31.0,2890.0,13.0,10.0,1,378,0,385
492,17,206.0,2876.0,11.0,8.0,1,384,0,384
492,18,216.0,2870.0,14.0,11.0,1,371,0,382
492,19,212.0,2862.0,9.0,10.0,1,373,0,379
492,20,119.0,2862.0,9.0,7.0,1,370,0,375
492,21,200.0,2866.0,9.0,5.0,1,371,0,373
492,22,246.0,2864.0,11.0,6.0,1,369,0,369
492,23,257.0,2866.0,8.0,4.0,1,362,0,366
492,24,0.0,2902.0,8.0,6.0,0,340,15,363
492,25,279.0,2866.0,12.0,8.0,1,360,0,361
492,26,253.0,2859.0,10.0,7.0,1,347,0,357
493,0,1870.0,3058.0,14.0,10.0,1,494,0,494
493,9,0.0,2913.0,7.0,8.0,0,360,26,397
493,10,11.0,2891.0,11.0,8.0,1,394,0,396
493,11,0.0,2895.0,7.0,10.0,0,380,12,395
493,13,1.0,2896.0,7.0,9.0,0,378,9,391
493,14,0.0,2888.0,4.0,10.0,0,385,1,390
493,16,29.0,2888.0,14.0,9.0,1,379,0,386
493,17,200.0,2878.0,13.0,8.0,1,385,0,385
493,18,214.0,2869.0,12.0,12.0,1,372,0,383
493,19,207.0,2862.0,10.0,9.0,1,374,0,380
493,20,110.0,2862.0,12.0,6.0,1,371,0,376
493,21,193.0,2864.0,11.0,7.0,1,372,0,374
493,22,243.0,2865.0,9.0,6.0,1,370,0,370
493,23,252.0,2862.0,8.0,6.0,1,363,0,367
493,24,0.0,2902.0,8.0,6.0,0,340,16,364
493,25,276.0,2863.0,12.0,7.0,1,361,0,362
493,26,250.0,2864.0,8.0,7.0,1,348,0,358
494,0,1871.0,3056.0,11.0,7.0,1,495,0,495
494,9,0.0,2913.0,7.0,8.0,0,360,27,398
494,10,7.0,2889.0,10.0,8.0,1,395,0,397
494,11,0.0,2895.0,7.0,10.0,0,380,13,396
494,13,1.0,2896.0,7.0,9.0,0,378,10,392
494,14,0.0,2888.0,4.0,10.0,0,385,2,391
494,16,25.0,2889.0,12.0,9.0,1,380,0,387
494,17,196.0,2878.0,11.0,6.0,1,386,0,386
494,18,214.0,2866.0,9.0,8.0,1,373,0,384
494,19,199.0,2862.0,14.0,9.0,1,375,0,381
494,20,105.0,2862.0,12.0,6.0,1,372,0,377
494,21,190.0,2860.0,9.0,8.0,1,373,0,375
494,22,242.0,2861.0,8.0,7.0,1,371,0,371
494,23,248.0,2860.0,8.0,5.0,1,364,0,368
494,24,0.0,2902.0,8.0,6.0,0,340,17,365
494,25,270.0,2863.0,12.0,8.0,1,362,0,363
494,26,245.0,2859.0,9.0,8.0,1,349,0,359
495,0,1875.0,3052.0,10.0,9.0,1,496,0,496
495,9,0.0,2913.0,7.0,8.0,0,360,28,399
495,10,0.0,2890.0,10.0,4.0,1,396,0,398
495,11,0.0,2895.0,7.0,10.0,0,380,14,397
495,13,1.0,2896.0,7.0,9.0,0,378,11,393
495,14,0.0,2888.0,4.0,10.0,0,385,3,392
495,16,18.0,2892.0,15.0,7.0,1,381,0,388
495,17,191.0,2872.0,13.0,8.0,1,387,0,387
495,18,206.0,2867.0,9.0,6.0,1,374,0,385
495,19,195.0,2863.0,11.0,10.0,1,376,0,382
495,20,103.0,2860.0,10.0,8.0,1,373,0,378
495,21,178.0,2860.0,12.0,7.0,1,374,0,376
495,22,234.0,2859.0,8.0,8.0,1,372,0,372
495,23,244.0,2859.0,9.0,6.0,1,365,0,369
495,24,0.0,2902.0,8.0,6.0,0,340,18,366
495,25,267.0,2865.0,13.0,9.0,1,363,0,364
495,26,242.0,2860.0,9.0,7.0,1,350,0,360
496,0,1869.0,3052.0,17.0,9.0,1,497,0,497
496,9,0.0,2913.0,7.0,8.0,0,360,29,400
496,10,1.0,2888.0,7.0,6.0,1,397,0,399
496,11,0.0,2895.0,7.0,10.0,0,380,15,398
496,13,1.0,2896.0,7.0,9.0,0,378,12,394
496,14,0.0,2888.0,4.0,10.0,0,385,4,393
496,16,15.0,2888.0,14.0,8.0,1,382,0,389
496,17,186.0,2874.0,11.0,10.0,1,388,0,388
496,18,199.0,2869.0,14.0,10.0,1,375,0,386
496,19,190.0,2862.0,12.0,7.0,1,377,0,383
496,20,93.0,2858.0,14.0,9.0,1,374,0,379
496,21,177.0,2861.0,12.0,8.0,1,375,0,377
496,22,228.0,2859.0,9.0,6.0,1,373,0,373
496,23,233.0,2863.0,10.0,6.0,1,366,0,370
496,24,0.0,2902.0,8.0,6.0,0,340,19,367
496,25,263.0,2862.0,9.0,7.0,1,364,0,365
496,26,235.0,2859.0,7.0,9.0,1,351,0,361
497,0,1870.0,3052.0,12.0,8.0,1,498,0,498
497,10,0.0,2890.0,3.0,6.0,1,398,0,400
497,11,0.0,2895.0,7.0,10.0,0,380,16,399
497,13,1.0,2896.0,7.0,9.0,0,378,13,395
497,14,0.0,2888.0,4.0,10.0,0,385,5,394
497,16,12.0,2885.0,10.0,8.0,1,383,0,390
497,17,180.0,2875.0,12.0,7.0,1,389,0,389
497,18,193.0,2867.0,13.0,6.0,1,376,0,387
497,19,185.0,2857.0,13.0,9.0,1,378,0,384
497,20,89.0,2858.0,14.0,10.0,1,375,0,380
497,21,171.0,2860.0,11.0,8.0,1,376,0,378
497,22,222.0,2858.0,11.0,6.0,1,374,0,374
497,23,231.0,2861.0,11.0,7.0,1,367,0,371
497,24,0.0,2902.0,8.0,6.0,0,340,20,368
497,25,259.0,2859.0,9.0,8.0,1,365,0,366
497,26,232.0,2859.0,8.0,6.0,1,352,0,362
498,0,1871.0,3049.0,12.0,8.0,1,499,0,499
498,10,0.0,2890.0,3.0,6.0,0,398,1,401
498,11,0.0,2895.0,7.0,10.0,0,380,17,400
498,13,1.0,2896.0,7.0,9.0,0,378,14,396
498,14,0.0,2888.0,4.0,10.0,0,385,6,395
498,16,7.0,2885.0,10.0,8.0,1,384,0,391
498,17,182.0,2869.0,8.0,5.0,1,390,0,390
498,18,193.0,2863.0,10.0,7.0,1,377,0,388
498,19,179.0,2860.0,11.0,10.0,1,379,0,385
498,20,87.0,2858.0,12.0,6.0,1,376,0,381
498,21,168.0,2857.0,9.0,9.0,1,377,0,379
498,22,215.0,2858.0,10.0,6.0,1,375,0,375
498,23,228.0,2858.0,8.0,7.0,1,368,0,372
498,24,0.0,2902.0,8.0,6.0,0,340,21,369
498,25,253.0,2859.0,12.0,6.0,1,366,0,367
498,26,224.0,2856.0,10.0,7.0,1,353,0,363
499,0,1870.0,3045.0,14.0,11.0,1,500,0,500
499,10,0.0,2890.0,3.0,6.0,0,398,2,402
499,11,0.0,2895.0,7.0,10.0,0,380,18,401
499,13,1.0,2896.0,7.0,9.0,0,378,15,397
499,14,0.0,2888.0,4.0,10.0,0,385,7,396
499,16,0.0,2887.0,11.0,7.0,1,385,0,392
499,17,173.0,2869.0,11.0,8.0,1,391,0,391
499,18,183.0,2867.0,12.0,6.0,1,378,0,389
499,19,172.0,2859.0,13.0,8.0,1,380,0,386
499,20,76.0,2855.0,14.0,9.0,1,377,0,382
499,21,161.0,2858.0,9.0,7.0,1,378,0,380
499,22,210.0,2856.0,10.0,7.0,1,376,0,376
499,23,223.0,2857.0,11.0,7.0,1,369,0,373
499,24,0.0,2902.0,8.0,6.0,0,340,22,370
499,25,246.0,2860.0,11.0,8.0,1,367,0,368
499,26,220.0,2856.0,9.0,8.0,1,354,0,364
500,0,1871.0,3042.0,12.0,10.0,1,501,0,501
500,10,0.0,2890.0,3.0,6.0,0,398,3,403
500,11,0.0,2895.0,7.0,10.0,0,380,19,402
500,13,1.0,2896.0,7.0,9.0,0,378,16,398
500,14,0.0,2888.0,4.0,10.0,0,385,8,397
500,16,0.0,2883.0,9.0,7.0,1,386,0,393
500,17,171.0,2869.0,7.0,7.0,1,392,0,392
500,18,178.0,2868.0,13.0,8.0,1,379,0,390
500,19,167.0,2855.0,11.0,9.0,1,381,0,387
500,20,74.0,2855.0,13.0,8.0,1,378,0,383
500,21,153.0,2858.0,10.0,8.0,1,379,0,381
500,22,204.0,2854.0,9.0,6.0,1,377,0,377
500,23,215.0,2858.0,8.0,7.0,1,370,0,374
500,24,0.0,2902.0,8.0,6.0,0,340,23,371
500,25,243.0,2859.0,13.0,7.0,1,368,0,369
500,26,213.0,2855.0,8.0,8.0,1,355,0,365
501,0,1868.0,3043.0,16.0,8.0,1,502,0,502
501,10,0.0,2890.0,3.0,6.0,0,398,4,404
501,11,0.0,2895.0,7.0,10.0,0,380,20,403
501,13,1.0,2896.0,7.0,9.0,0,378,17,399
501,14,0.0,2888.0,4.0,10.0,0,385,9,398
501,16,0.0,2883.0,9.0,7.0,0,386,1,394
501,17,163.0,2872.0,14.0,8.0,1,393,0,393
501,18,175.0,2863.0,10.0,6.0,1,380,0,391
501,19,164.0,2856.0,11.0,10.0,1,382,0,388
501,20,68.0,2855.0,13.0,8.0,1,379,0,384
501,21,152.0,2858.0,10.0,7.0,1,380,0,382
501,22,199.0,2854.0,9.0,6.0,1,378,0,378
501,23,210.0,2861.0,9.0,6.0,1,371,0,375
501,24,0.0,2902.0,8.0,6.0,0,340,24,372
501,25,239.0,2853.0,11.0,9.0,1,369,0,370
501,26,207.0,2856.0,12.0,8.0,1,356,0,366
502,0,1871.0,3045.0,13.0,9.0,1,503,0,503
502,10,0.0,2890.0,3.0,6.0,0,398,5,405
502,11,0.0,2895.0,7.0,10.0,0,380,21,404
502,13,1.0,2896.0,7.0,9.0,0,378,18,400
502,14,0.0,2888.0,4.0,10.0,0,385,10,399
502,16,0.0,2883.0,9.0,7.0,0,386,2,395
502,17,158.0,2868.0,12.0,6.0,1,394,0,394
502,18,171.0,2863.0,9.0,5.0,1,381,0,392
502,19,158.0,2858.0,14.0,8.0,1,383,0,389
502,20,62.0,2855.0,13.0,8.0,1,380,0,385
502,21,144.0,2855.0,10.0,8.0,1,381,0,383
502,22,192.0,2852.0,10.0,7.0,1,379,0,379
502,23,207.0,2857.0,8.0,8.0,1,372,0,376
502,24,0.0,2902.0,8.0,6.0,0,340,25,373
502,25,232.0,2856.0,11.0,8.0,1,370,0,371
502,26,204.0,2856.0,11.0,9.0,1,357,0,367
503,0,1872.0,3041.0,10.0,8.0,1,504,0,504
503,10,0.0,2890.0,3.0,6.0,0,398,6,406
503,11,0.0,2895.0,7.0,10.0,0,380,22,405
503,13,1.0,2896.0,7.0,9.0,0,378,19,401
503,14,0.0,2888.0,4.0,10.0,0,385,11,400
503,16,0.0,2883.0,9.0,7.0,0,386,3,396
503,17,153.0,2867.0,10.0,5.0,1,395,0,395
503,18,162.0,2863.0,14.0,5.0,1,382,0,393
503,19,152.0,2857.0,10.0,9.0,1,384,0,390
503,20,58.0,2852.0,15.0,8.0,1,381,0,386
503,21,138.0,2860.0,10.0,5.0,1,382,0,384
503,22,183.0,2853.0,10.0,6.0,1,380,0,380
503,23,198.0,2855.0,10.0,7.0,1,373,0,377
503,24,0.0,2902.0,8.0,6.0,0,340,26,374
503,25,224.0,2856.0,15.0,7.0,1,371,0,372
503,26,199.0,2855.0,8.0,7.0,1,358,0,368
504,0,1871.0,3038.0,13.0,6.0,1,505,0,505
504,10,0.0,2890.0,3.0,6.0,0,398,7,407
504,11,0.0,2895.0,7.0,10.0,0,380,23,406
504,13,1.0,2896.0,7.0,9.0,0,378,20,402
504,14,0.0,2888.0,4.0,10.0,0,385,12,401
504,16,0.0,2883.0,9.0,7.0,0,386,4,397
504,17,147.0,2867.0,10.0,6.0,1,396,0,396
504,18,159.0,2864.0,13.0,7.0,1,383,0,394
504,19,149.0,2857.0,10.0,7.0,1,385,0,391
504,20,53.0,2853.0,13.0,8.0,1,382,0,387
504,21,134.0,2857.0,10.0,9.0,1,383,0,385
504,22,178.0,2852.0,13.0,7.0,1,381,0,381
504,23,195.0,2857.0,7.0,6.0,1,374,0,378
504,24,0.0,2902.0,8.0,6.0,0,340,27,375
504,25,219.0,2854.0,14.0,9.0,1,372,0,373
504,26,193.0,2855.0,9.0,7.0,1,359,0,369
505,0,1871.0,3030.0,10.0,11.0,1,506,0,506
505,10,0.0,2890.0,3.0,6.0,0,398,8,408
505,11,0.0,2895.0,7.0,10.0,0,380,24,407
505,13,1.0,2896.0,7.0,9.0,0,378,21,403
505,14,0.0,2888.0,4.0,10.0,0,385,13,402
505,16,0.0,2883.0,9.0,7.0,0,386,5,398
505,17,144.0,2866.0,12.0,7.0,1,397,0,397
505,18,155.0,2862.0,9.0,7.0,1,384,0,395
505,19,141.0,2852.0,11.0,9.0,1,386,0,392
505,20,48.0,2853.0,12.0,8.0,1,383,0,388
505,21,129.0,2854.0,10.0,9.0,1,384,0,386
505,22,174.0,2852.0,12.0,9.0,1,382,0,382
505,23,189.0,2855.0,10.0,5.0,1,375,0,379
505,24,0.0,2902.0,8.0,6.0,0,340,28,376
505,25,216.0,2853.0,14.0,9.0,1,373,0,374
505,26,189.0,2854.0,11.0,8.0,1,360,0,370
506,0,1867.0,3033.0,16.0,7.0,1,507,0,507
506,10,0.0,2890.0,3.0,6.0,0,398,9,409
506,11,0.0,2895.0,7.0,10.0,0,380,25,408
506,13,1.0,2896.0,7.0,9.0,0,378,22,404
506,14,0.0,2888.0,4.0,10.0,0,385,14,403
506,16,0.0,2883.0,9.0,7.0,0,386,6,399
506,17,139.0,2863.0,11.0,8.0,1,398,0,398
506,18,149.0,2860.0,9.0,5.0,1,385,0,396
506,19,136.0,2856.0,11.0,8.0,1,387,0,393
506,20,41.0,2852.0,11.0,6.0,1,384,0,389
506,21,125.0,2853.0,9.0,9.0,1,385,0,387
506,22,168.0,2851.0,12.0,7.0,1,383,0,383
506,23,182.0,2854.0,10.0,8.0,1,376,0,380
506,24,0.0,2902.0,8.0,6.0,0,340,29,377
506,25,210.0,2851.0,14.0,8.0,1,374,0,375
506,26,185.0,2855.0,8.0,7.0,1,361,0,371
507,0,1868.0,3034.0,13.0,10.0,1,508,0,508
507,10,0.0,2890.0,3.0,6.0,0,398,10,410
507,11,0.0,2895.0,7.0,10.0,0,380,26,409
507,13,1.0,2896.0,7.0,9.0,0,378,23,405
507,14,0.0,2888.0,4.0,10.0,0,385,15,404
507,16,0.0,2883.0,9.0,7.0,0,386,7,400
507,17,138.0,2864.0,6.0,6.0,1,399,0,399
507,18,142.0,2860.0,9.0,5.0,1,386,0,397
507,19,131.0,2855.0,13.0,9.0,1,388,0,394
507,20,36.0,2849.0,12.0,9.0,1,385,0,390
507,21,117.0,2855.0,12.0,8.0,1,386,0,388
507,22,162.0,2850.0,10.0,7.0,1,384,0,384
507,23,176.0,2855.0,10.0,8.0,1,377,0,381
507,25,206.0,2855.0,12.0,7.0,1,375,0,376
507,26,178.0,2855.0,9.0,7.0,1,362,0,372
508,0,1868.0,3030.0,8.0,8.0,1,509,0,509
508,10,0.0,2890.0,3.0,6.0,0,398,11,411
508,11,0.0,2895.0,7.0,10.0,0,380,27,410
508,13,1.0,2896.0,7.0,9.0,0,378,24,406
508,14,0.0,2888.0,4.0,10.0,0,385,16,405
508,16,0.0,2883.0,9.0,7.0,0,386,8,401
508,17,130.0,2865.0,10.0,6.0,1,400,0,400
508,18,138.0,2860.0,11.0,7.0,1,387,0,398
508,19,124.0,2852.0,12.0,11.0,1,389,0,395
508,20,32.0,2851.0,10.0,8.0,1,386,0,391
508,21,110.0,2853.0,12.0,10.0,1,387,0,389
508,22,158.0,2850.0,11.0,7.0,1,385,0,385
508,23,169.0,2854.0,14.0,9.0,1,378,0,382
508,25,199.0,2851.0,13.0,8.0,1,376,0,377
508,26,172.0,2855.0,11.0,8.0,1,363,0,373
509,0,1871.0,3027.0,9.0,9.0,1,510,0,510
509,10,0.0,2890.0,3.0,6.0,0,398,12,412
509,11,0.0,2895.0,7.0,10.0,0,380,28,411
509,13,1.0,2896.0,7.0,9.0,0,378,25,407
509,14,0.0,2888.0,4.0,10.0,0,385,17,406
509,16,0.0,2883.0,9.0,7.0,0,386,9,402
509,17,127.0,2863.0,11.0,9.0,1,401,0,401
509,18,134.0,2857.0,10.0,6.0,1,388,0,399
509,19,120.0,2851.0,12.0,10.0,1,390,0,396
509,20,24.0,2852.0,13.0,9.0,1,387,0,392
509,21,108.0,2851.0,9.0,11.0,1,388,0,390
509,22,151.0,2849.0,11.0,9.0,1,386,0,386
509,23,166.0,2853.0,11.0,7.0,1,379,0,383
509,25,193.0,2848.0,10.0,8.0,1,377,0,378
509,26,165.0,2855.0,11.0,9.0,1,364,0,374
510,0,1871.0,3023.0,11.0,11.0,1,511,0,511
510,10,0.0,2890.0,3.0,6.0,0,398,13,413
510,11,0.0,2895.0,7.0,10.0,0,380,29,412
510,13,1.0,2896.0,7.0,9.0,0,378,26,408
510,14,0.0,2888.0,4.0,10.0,0,385,18,407
510,16,0.0,2883.0,9.0,7.0,0,386,10,403
510,17,120.0,2859.0,12.0,11.0,1,402,0,402
510,18,129.0,2856.0,8.0,7.0,1,389,0,400
510,19,115.0,2852.0,12.0,10.0,1,391,0,397
510,20,18.0,2849.0,12.0,9.0,1,388,0,393
510,21,101.0,2852.0,11.0,8.0,1,389,0,391
510,22,142.0,2848.0,14.0,6.0,1,387,0,387
510,23,161.0,2852.0,9.0,7.0,1,380,0,384
510,25,189.0,2850.0,10.0,7.0,1,378,0,379
510,26,159.0,2851.0,11.0,8.0,1,365,0,375
511,0,1868.0,3022.0,11.0,11.0,1,512,0,512
511,10,0.0,2890.0,3.0,6.0,0,398,14,414
511,13,1.0,2896.0,7.0,9.0,0,378,27,409
511,14,0.0,2888.0,4.0,10.0,0,385,19,408
511,16,0.0,2883.0,9.0,7.0,0,386,11,404
511,17,119.0,2861.0,7.0,7.0,1,403,0,403
511,18,125.0,2856.0,11.0,7.0,1,390,0,401
511,19,110.0,2857.0,12.0,10.0,1,392,0,398
511,20,14.0,2847.0,14.0,10.0,1,389,0,394
511,21,94.0,2854.0,12.0,9.0,1,390,0,392
511,22,139.0,2845.0,11.0,8.0,1,388,0,388
511,23,156.0,2852.0,9.0,7.0,1,381,0,385
511,25,182.0,2851.0,14.0,6.0,1,379,0,380
511,26,156.0,2855.0,12.0,7.0,1,366,0,376
512,0,1865.0,3025.0,13.0,8.0,1,513,0,513
512,10,0.0,2890.0,3.0,6.0,0,398,15,415
512,13,1.0,2896.0,7.0,9.0,0,378,28,410
512,14,0.0,2888.0,4.0,10.0,0,385,20,409
512,16,0.0,2883.0,9.0,7.0,0,386,12,405
512,17,111.0,2859.0,12.0,5.0,1,404,0,404
512,18,119.0,2857.0,10.0,6.0,1,391,0,402
512,19,105.0,2851.0,10.0,9.0,1,393,0,399
512,20,6.0,2847.0,13.0,10.0,1,390,0,395
512,21,85.0,2854.0,12.0,6.0,1,391,0,393
512,22,135.0,2845.0,9.0,7.0,1,389,0,389
512,23,151.0,2853.0,14.0,7.0,1,382,0,386
512,25,180.0,2849.0,11.0,10.0,1,380,0,381
512,26,149.0,2854.0,13.0,7.0,1,367,0,377
513,0,1863.0,3023.0,14.0,8.0,1,514,0,514
513,10,0.0,2890.0,3.0,6.0,0,398,16,416
513,13,1.0,2896.0,7.0,9.0,0,378,29,411
513,14,0.0,2888.0,4.0,10.0,0,385,21,410
513,16,0.0,2883.0,9.0,7.0,0,386,13,406
513,17,105.0,2859.0,12.0,9.0,1,405,0,405
513,18,111.0,2856.0,11.0,6.0,1,392,0,403
513,19,99.0,2853.0,9.0,7.0,1,394,0,400
513,20,1.0,2849.0,14.0,10.0,1,391,0,396
513,21,83.0,2851.0,9.0,8.0,1,392,0,394
513,22,126.0,2846.0,11.0,8.0,1,390,0,390
513,23,144.0,2852.0,11.0,6.0,1,383,0,387
513,25,175.0,2850.0,10.0,8.0,1,381,0,382
513,26,142.0,2852.0,12.0,7.0,1,368,0,378
514,0,1864.0,3019.0,13.0,9.0,1,515,0,515
514,10,0.0,2890.0,3.0,6.0,0,398,17,417
514,14,0.0,2888.0,4.0,10.0,0,385,22,411
514,16,0.0,2883.0,9.0,7.0,0,386,14,407
514,17,99.0,2859.0,10.0,9.0,1,406,0,406
514,18,107.0,2856.0,10.0,7.0,1,393,0,404
514,19,92.0,2851.0,12.0,8.0,1,395,0,401
514,20,0.0,2851.0,9.0,9.0,1,392,0,397
514,21,77.0,2851.0,12.0,7.0,1,393,0,395
514,22,121.0,2847.0,11.0,7.0,1,391,0,391
514,23,140.0,2851.0,10.0,9.0,1,384,0,388
514,25,167.0,2847.0,12.0,8.0,1,382,0,383
514,26,141.0,2852.0,11.0,9.0,1,369,0,379
515,0,1866.0,3015.0,12.0,9.0,1,516,0,516
515,10,0.0,2890.0,3.0,6.0,0,398,18,418
515,14,0.0,2888.0,4.0,10.0,0,385,23,412
515,16,0.0,2883.0,9.0,7.0,0,386,15,408
515,17,93.0,2858.0,9.0,8.0,1,407,0,407
515,18,99.0,2856.0,13.0,6.0,1,394,0,405
515,19,86.0,2853.0,10.0,10.0,1,396,0,402
515,20,0.0,2844.0,4.0,10.0,1,393,0,398
515,21,70.0,2851.0,10.0,11.0,1,394,0,396
515,22,115.0,2844.0,11.0,8.0,1,392,0,392
515,23,134.0,2852.0,12.0,7.0,1,385,0,389
515,25,164.0,2846.0,8.0,10.0,1,383,0,384
515,26,132.0,2850.0,12.0,7.0,1,370,0,380
516,0,1862.0,3017.0,13.0,8.0,1,517,0,517
516,10,0.0,2890.0,3.0,6.0,0,398,19,419
516,14,0.0,2888.0,4.0,10.0,0,385,24,413
516,16,0.0,2883.0,9.0,7.0,0,386,16,409
516,17,89.0,2858.0,11.0,7.0,1,408,0,408
516,18,93.0,2854.0,13.0,8.0,1,395,0,406
516,19,76.0,2852.0,14.0,9.0,1,397,0,403
516,20,0.0,2844.0,4.0,10.0,0,393,1,399
516,21,65.0,2853.0,9.0,7.0,1,395,0,397
516,22,107.0,2846.0,12.0,5.0,1,393,0,393
516,23,127.0,2853.0,12.0,8.0,1,386,0,390
516,25,156.0,2850.0,13.0,7.0,1,384,0,385
516,26,126.0,2852.0,13.0,9.0,1,371,0,381
517,0,1861.0,3015.0,11.0,11.0,1,518,0,518
517,10,0.0,2890.0,3.0,6.0,0,398,20,420
517,14,0.0,2888.0,4.0,10.0,0,385,25,414
517,16,0.0,2883.0,9.0,7.0,0,386,17,410
517,17,80.0,2858.0,11.0,7.0,1,409,0,409
517,18,90.0,2856.0,10.0,7.0,1,396,0,407
517,19,77.0,2847.0,10.0,10.0,1,398,0,404
517,20,0.0,2844.0,4.0,10.0,0,393,2,400
517,21,59.0,2852.0,10.0,5.0,1,396,0,398
517,22,103.0,2845.0,13.0,7.0,1,394,0,394
517,23,123.0,2850.0,10.0,6.0,1,387,0,391
517,25,152.0,2848.0,10.0,7.0,1,385,0,386
517,26,123.0,2851.0,10.0,6.0,1,372,0,382
518,0,1860.0,3016.0,11.0,7.0,1,519,0,519
518,10,0.0,2890.0,3.0,6.0,0,398,21,421
518,14,0.0,2888.0,4.0,10.0,0,385,26,415
518,16,0.0,2883.0,9.0,7.0,0,386,18,411
518,17,77.0,2859.0,10.0,10.0,1,410,0,410
518,18,83.0,2854.0,9.0,6.0,1,397,0,408
518,19,71.0,2850.0,10.0,10.0,1,399,0,405
518,20,0.0,2844.0,4.0,10.0,0,393,3,401
518,21,51.0,2852.0,11.0,7.0,1,397,0,399
518,22,95.0,2843.0,11.0,8.0,1,395,0,395
518,23,115.0,2850.0,9.0,6.0,1,388,0,392
518,25,148.0,2843.0,11.0,13.0,1,386,0,387
518,26,116.0,2851.0,12.0,5.0,1,373,0,383
519,0,1860.0,3012.0,13.0,7.0,1,520,0,520
519,10,0.0,2890.0,3.0,6.0,0,398,22,422
519,14,0.0,2888.0,4.0,10.0,0,385,27,416
519,16,0.0,2883.0,9.0,7.0,0,386,19,412
519,17,72.0,2858.0,9.0,6.0,1,411,0,411
519,18,75.0,2853.0,11.0,7.0,1,398,0,409
519,19,63.0,2853.0,11.0,10.0,1,400,0,406
519,20,0.0,2844.0,4.0,10.0,0,393,4,402
519,21,45.0,2850.0,12.0,9.0,1,398,0,400
519,22,91.0,2840.0,11.0,11.0,1,396,0,396
519,23,109.0,2850.0,13.0,6.0,1,389,0,393
519,25,138.0,2847.0,13.0,7.0,1,387,0,388
519,26,108.0,2851.0,11.0,5.0,1,374,0,384
520,0,1856.0,3007.0,14.0,11.0,1,521,0,521
520,10,0.0,2890.0,3.0,6.0,0,398,23,423
520,14,0.0,2888.0,4.0,10.0,0,385,28,417
520,16,0.0,2883.0,9.0,7.0,0,386,20,413
520,17,67.0,2855.0,9.0,6.0,1,412,0,412
520,18,70.0,2854.0,11.0,5.0,1,399,0,410
520,19,56.0,2852.0,10.0,9.0,1,401,0,407
520,20,0.0,2844.0,4.0,10.0,0,393,5,403
520,21,42.0,2851.0,10.0,8.0,1,399,0,401
520,22,86.0,2839.0,11.0,10.0,1,397,0,397
520,23,103.0,2851.0,11.0,9.0,1,390,0,394
520,25,133.0,2848.0,13.0,9.0,1,388,0,389
520,26,104.0,2852.0,10.0,10.0,1,375,0,385
521,0,1855.0,3011.0,15.0,7.0,1,522,0,522
521,10,0.0,2890.0,3.0,6.0,0,398,24,424
521,14,0.0,2888.0,4.0,10.0,0,385,29,418
521,16,0.0,2883.0,9.0,7.0,0,386,21,414
521,17,59.0,2857.0,12.0,7.0,1,413,0,413
521,18,64.0,2852.0,12.0,6.0,1,400,0,411
521,19,53.0,2848.0,10.0,11.0,1,402,0,408
521,20,0.0,2844.0,4.0,10.0,0,393,6,404
521,21,35.0,2850.0,11.0,8.0,1,400,0,402
521,22,79.0,2840.0,11.0,10.0,1,398,0,398
521,23,98.0,2849.0,11.0,8.0,1,391,0,395
521,25,128.0,2845.0,13.0,10.0,1,389,0,390
521,26,97.0,2849.0,11.0,7.0,1,376,0,386
522,0,1854.0,3010.0,11.0,10.0,1,523,0,523
522,10,0.0,2890.0,3.0,6.0,0,398,25,425
522,16,0.0,2883.0,9.0,7.0,0,386,22,415
522,17,54.0,2856.0,11.0,9.0,1,414,0,414
522,18,60.0,2854.0,10.0,6.0,1,401,0,412
522,19,44.0,2849.0,11.0,10.0,1,403,0,409
522,20,0.0,2844.0,4.0,10.0,0,393,7,405
522,21,26.0,2852.0,11.0,8.0,1,401,0,403
522,22,71.0,2840.0,12.0,9.0,1,399,0,399
522,23,95.0,2847.0,9.0,8.0,1,392,0,396
522,25,123.0,2843.0,14.0,9.0,1,390,0,391
522,26,95.0,2848.0,9.0,7.0,1,377,0,387
523,0,1855.0,3008.0,9.0,8.0,1,524,0,524
523,10,0.0,2890.0,3.0,6.0,0,398,26,426
523,16,0.0,2883.0,9.0,7.0,0,386,23,416
523,17,48.0,2855.0,14.0,10.0,1,415,0,415
523,18,53.0,2854.0,10.0,5.0,1,402,0,413
523,19,40.0,2852.0,9.0,10.0,1,404,0,410
523,20,0.0,2844.0,4.0,10.0,0,393,8,406
523,21,22.0,2852.0,10.0,7.0,1,402,0,404
523,22,64.0,2839.0,11.0,8.0,1,400,0,400
523,23,85.0,2851.0,11.0,5.0,1,393,0,397
523,25,115.0,2842.0,13.0,9.0,1,391,0,392
523,26,86.0,2849.0,11.0,7.0,1,378,0,388
524,0,1853.0,3004.0,11.0,9.0,1,525,0,525
524,10,0.0,2890.0,3.0,6.0,0,398,27,427
524,16,0.0,2883.0,9.0,7.0,0,386,24,417
524,17,42.0,2856.0,12.0,11.0,1,416,0,416
524,18,49.0,2852.0,11.0,6.0,1,403,0,414
524,19,32.0,2850.0,12.0,10.0,1,405,0,411
524,20,0.0,2844.0,4.0,10.0,0,393,9,407
524,21,16.0,2849.0,11.0,10.0,1,403,0,405
524,22,61.0,2840.0,9.0,8.0,1,401,0,401
524,23,81.0,2852.0,12.0,9.0,1,394,0,398
524,25,109.0,2846.0,12.0,10.0,1,392,0,393
524,26,80.0,2851.0,12.0,8.0,1,379,0,389
525,0,1849.0,3002.0,12.0,11.0,1,526,0,526
525,10,0.0,2890.0,3.0,6.0,0,398,28,428
525,16,0.0,2883.0,9.0,7.0,0,386,25,418
525,17,32.0,2857.0,12.0,8.0,1,417,0,417
525,18,42.0,2854.0,10.0,6.0,1,404,0,415
525,19,28.0,2847.0,11.0,12.0,1,406,0,412
525,20,0.0,2844.0,4.0,10.0,0,393,10,408
525,21,7.0,2850.0,14.0,8.0,1,404,0,406
525,22,52.0,2840.0,10.0,9.0,1,402,0,402
525,23,75.0,2848.0,10.0,7.0,1,395,0,399
525,25,103.0,2845.0,13.0,8.0,1,393,0,394
525,26,73.0,2850.0,14.0,7.0,1,380,0,390
526,0,1850.0,3003.0,9.0,10.0,1,527,0,527
526,10,0.0,2890.0,3.0,6.0,0,398,29,429
526,16,0.0,2883.0,9.0,7.0,0,386,26,419
526,17,28.0,2860.0,11.0,8.0,1,418,0,418
526,18,36.0,2852.0,10.0,7.0,1,405,0,416
526,19,20.0,2849.0,12.0,9.0,1,407,0,413
526,20,0.0,2844.0,4.0,10.0,0,393,11,409
526,21,1.0,2848.0,11.0,9.0,1,405,0,407
526,22,44.0,2841.0,12.0,8.0,1,403,0,403
526,23,69.0,2850.0,11.0,6.0,1,396,0,400
526,25,101.0,2842.0,12.0,11.0,1,394,0,395
526,26,65.0,2851.0,11.0,6.0,1,381,0,391
527,0,1844.0,3003.0,13.0,9.0,1,528,0,528
527,16,0.0,2883.0,9.0,7.0,0,386,27,420
527,17,25.0,2856.0,13.0,8.0,1,419,0,419
527,18,27.0,2853.0,13.0,5.0,1,406,0,417
527,19,11.0,2853.0,13.0,11.0,1,408,0,414
527,20,0.0,2844.0,4.0,10.0,0,393,12,410
527,21,2.0,2848.0,7.0,6.0,1,406,0,408
527,22,40.0,2839.0,11.0,10.0,1,404,0,404
527,23,58.0,2849.0,12.0,7.0,1,397,0,401
527,25,89.0,2842.0,17.0,9.0,1,395,0,396
527,26,61.0,2850.0,11.0,7.0,1,382,0,392
528,0,1843.0,3002.0,13.0,7.0,1,529,0,529
528,16,0.0,2883.0,9.0,7.0,0,386,28,421
528,17,18.0,2856.0,14.0,7.0,1,420,0,420
528,18,21.0,2855.0,12.0,5.0,1,407,0,418
528,19,8.0,2850.0,12.0,12.0,1,409,0,415
528,20,0.0,2844.0,4.0,10.0,0,393,13,411
528,21,2.0,2848.0,7.0,6.0,0,406,1,409
528,22,30.0,2840.0,9.0,8.0,1,405,0,405
528,23,54.0,2847.0,13.0,11.0,1,398,0,402
528,25,85.0,2846.0,12.0,9.0,1,396,0,397
528,26,55.0,2850.0,12.0,8.0,1,383,0,393
529,0,1844.0,2999.0,10.0,9.0,1,530,0,530
529,16,0.0,2883.0,9.0,7.0,0,386,29,422
529,17,11.0,2856.0,13.0,9.0,1,421,0,421
529,18,15.0,2854.0,12.0,5.0,1,408,0,419
529,19,1.0,2848.0,11.0,10.0,1,410,0,416
529,20,0.0,2844.0,4.0,10.0,0,393,14,412
529,21,2.0,2848.0,7.0,6.0,0,406,2,410
529,22,23.0,2839.0,11.0,8.0,1,406,0,406
529,23,51.0,2849.0,10.0,6.0,1,399,0,403
529,25,80.0,2844.0,11.0,9.0,1,397,0,398
529,26,48.0,2851.0,10.0,8.0,1,384,0,394
530,0,1839.0,2996.0,13.0,12.0,1,531,0,531
530,17,5.0,2859.0,11.0,8.0,1,422,0,422
530,18,8.0,2855.0,11.0,6.0,1,409,0,420
530,19,1.0,2852.0,4.0,10.0,1,411,0,417
530,20,0.0,2844.0,4.0,10.0,0,393,15,413
530,21,2.0,2848.0,7.0,6.0,0,406,3,411
530,22,18.0,2842.0,8.0,8.0,1,407,0,407
530,23,43.0,2849.0,12.0,8.0,1,400,0,404
530,25,74.0,2843.0,13.0,10.0,1,398,0,399
530,26,41.0,2847.0,13.0,8.0,1,385,0,395
531,0,1833.0,3000.0,14.0,8.0,1,532,0,532
531,17,2.0,2860.0,8.0,8.0,1,423,0,423
531,18,2.0,2853.0,10.0,6.0,1,410,0,421
531,19,1.0,2852.0,4.0,10.0,0,411,1,418
531,20,0.0,2844.0,4.0,10.0,0,393,16,414
531,21,2.0,2848.0,7.0,6.0,0,406,4,412
531,22,9.0,2838.0,11.0,10.0,1,408,0,408
531,23,36.0,2852.0,12.0,6.0,1,401,0,405
531,25,69.0,2843.0,12.0,9.0,1,399,0,400
531,26,36.0,2849.0,10.0,10.0,1,386,0,396
532,0,1834.0,2997.0,9.0,7.0,1,533,0,533
532,17,2.0,2860.0,8.0,8.0,0,423,1,424
532,18,0.0,2856.0,6.0,4.0,1,411,0,422
532,19,1.0,2852.0,4.0,10.0,0,411,2,419
532,20,0.0,2844.0,4.0,10.0,0,393,17,415
532,21,2.0,2848.0,7.0,6.0,0,406,5,413
532,22,4.0,2840.0,8.0,7.0,1,409,0,409
532,23,28.0,2853.0,13.0,9.0,1,402,0,406
532,25,60.0,2847.0,14.0,7.0,1,400,0,401
532,26,29.0,2851.0,12.0,9.0,1,387,0,397
533,0,1832.0,2998.0,11.0,7.0,1,534,0,534
533,17,2.0,2860.0,8.0,8.0,0,423,2,425
533,18,0.0,2856.0,6.0,4.0,0,411,1,423
533,19,1.0,2852.0,4.0,10.0,0,411,3,420
533,20,0.0,2844.0,4.0,10.0,0,393,18,416
533,21,2.0,2848.0,7.0,6.0,0,406,6,414
533,22,0.0,2840.0,9.0,9.0,1,410,0,410
533,23,26.0,2848.0,10.0,8.0,1,403,0,407
533,25,56.0,2849.0,12.0,7.0,1,401,0,402
533,26,22.0,2850.0,11.0,7.0,1,388,0,398
534,0,1829.0,2998.0,12.0,5.0,1,535,0,535
534,17,2.0,2860.0,8.0,8.0,0,423,3,426
534,18,0.0,2856.0,6.0,4.0,0,411,2,424
534,19,1.0,2852.0,4.0,10.0,0,411,4,421
534,20,0.0,2844.0,4.0,10.0,0,393,19,417
534,21,2.0,2848.0,7.0,6.0,0,406,7,415
534,22,0.0,2840.0,9.0,9.0,0,410,1,411
534,23,17.0,2848.0,11.0,8.0,1,404,0,408
534,25,51.0,2842.0,10.0,9.0,1,402,0,403
534,26,17.0,2850.0,11.0,8.0,1,389,0,399
535,0,1829.0,2999.0,11.0,4.0,1,536,0,536
535,17,2.0,2860.0,8.0,8.0,0,423,4,427
535,18,0.0,2856.0,6.0,4.0,0,411,3,425
535,19,1.0,2852.0,4.0,10.0,0,411,5,422
535,20,0.0,2844.0,4.0,10.0,0,393,20,418
535,21,2.0,2848.0,7.0,6.0,0,406,8,416
535,22,0.0,2840.0,9.0,9.0,0,410,2,412
535,23,10.0,2850.0,13.0,7.0,1,405,0,409
535,25,41.0,2842.0,12.0,8.0,1,403,0,404
535,26,10.0,2850.0,14.0,7.0,1,390,0,400
536,0,1825.0,3000.0,11.0,5.0,1,537,0,537
536,17,2.0,2860.0,8.0,8.0,0,423,5,428
536,18,0.0,2856.0,6.0,4.0,0,411,4,426
536,19,1.0,2852.0,4.0,10.0,0,411,6,423
536,20,0.0,2844.0,4.0,10.0,0,393,21,419
536,21,2.0,2848.0,7.0,6.0,0,406,9,417
536,22,0.0,2840.0,9.0,9.0,0,410,3,413
536,23,4.0,2848.0,12.0,9.0,1,406,0,410
536,25,34.0,2847.0,15.0,5.0,1,404,0,405
536,26,5.0,2853.0,13.0,12.0,1,391,0,401
537,0,1823.0,2997.0,12.0,5.0,1,538,0,538
537,17,2.0,2860.0,8.0,8.0,0,423,6,429
537,18,0.0,2856.0,6.0,4.0,0,411,5,427
537,19,1.0,2852.0,4.0,10.0,0,411,7,424
537,20,0.0,2844.0,4.0,10.0,0,393,22,420
537,21,2.0,2848.0,7.0,6.0,0,406,10,418
537,22,0.0,2840.0,9.0,9.0,0,410,4,414
537,23,0.0,2850.0,8.0,7.0,1,407,0,411
537,25,31.0,2847.0,10.0,6.0,1,405,0,406
537,26,0.0,2847.0,9.0,10.0,1,392,0,402
538,0,1823.0,2999.0,10.0,5.0,1,539,0,539
538,17,2.0,2860.0,8.0,8.0,0,423,7,430
538,18,0.0,2856.0,6.0,4.0,0,411,6,428
538,19,1.0,2852.0,4.0,10.0,0,411,8,425
538,20,0.0,2844.0,4.0,10.0,0,393,23,421
538,21,2.0,2848.0,7.0,6.0,0,406,11,419
538,22,0.0,2840.0,9.0,9.0,0,410,5,415
538,23,0.0,2851.0,3.0,7.0,1,408,0,412
538,25,22.0,2843.0,11.0,9.0,1,406,0,407
538,26,0.0,2847.0,9.0,10.0,0,392,1,403
539,0,1818.0,2995.0,14.0,6.0,1,540,0,540
539,17,2.0,2860.0,8.0,8.0,0,423,8,431
539,18,0.0,2856.0,6.0,4.0,0,411,7,429
539,19,1.0,2852.0,4.0,10.0,0,411,9,426
539,20,0.0,2844.0,4.0,10.0,0,393,24,422
539,21,2.0,2848.0,7.0,6.0,0,406,12,420
539,22,0.0,2840.0,9.0,9.0,0,410,6,416
539,23,0.0,2851.0,3.0,7.0,0,408,1,413
539,25,18.0,2850.0,8.0,4.0,1,407,0,408
539,26,0.0,2847.0,9.0,10.0,0,392,2,404
540,0,1817.0,2997.0,12.0,5.0,1,541,0,541
540,17,2.0,2860.0,8.0,8.0,0,423,9,432
540,18,0.0,2856.0,6.0,4.0,0,411,8,430
540,19,1.0,2852.0,4.0,10.0,0,411,10,427
540,20,0.0,2844.0,4.0,10.0,0,393,25,423
540,21,2.0,2848.0,7.0,6.0,0,406,13,421
540,22,0.0,2840.0,9.0,9.0,0,410,7,417
540,23,0.0,2851.0,3.0,7.0,0,408,2,414
540,25,7.0,2847.0,14.0,8.0,1,408,0,409
540,26,0.0,2847.0,9.0,10.0,0,392,3,405
541,0,1815.0,2999.0,13.0,5.0,1,542,0,542
541,17,2.0,2860.0,8.0,8.0,0,423,10,433
541,18,0.0,2856.0,6.0,4.0,0,411,9,431
541,19,1.0,2852.0,4.0,10.0,0,411,11,428
541,20,0.0,2844.0,4.0,10.0,0,393,26,424
541,21,2.0,2848.0,7.0,6.0,0,406,14,422
541,22,0.0,2840.0,9.0,9.0,0,410,8,418
541,23,0.0,2851.0,3.0,7.0,0,408,3,415
541,25,2.0,2847.0,12.0,9.0,1,409,0,410
541,26,0.0,2847.0,9.0,10.0,0,392,4,406
542,0,1813.0,2996.0,11.0,5.0,1,543,0,543
542,17,2.0,2860.0,8.0,8.0,0,423,11,434
542,18,0.0,2856.0,6.0,4.0,0,411,10,432
542,19,1.0,2852.0,4.0,10.0,0,411,12,429
542,20,0.0,2844.0,4.0,10.0,0,393,27,425
542,21,2.0,2848.0,7.0,6.0,0,406,15,423
542,22,0.0,2840.0,9.0,9.0,0,410,9,419
542,23,0.0,2851.0,3.0,7.0,0,408,4,416
542,25,0.0,2841.0,9.0,15.0,1,410,0,411
542,26,0.0,2847.0,9.0,10.0,0,392,5,407
543,0,1811.0,2996.0,11.0,5.0,1,544,0,544
543,17,2.0,2860.0,8.0,8.0,0,423,12,435
543,18,0.0,2856.0,6.0,4.0,0,411,11,433
543,19,1.0,2852.0,4.0,10.0,0,411,13,430
543,20,0.0,2844.0,4.0,10.0,0,393,28,426
543,21,2.0,2848.0,7.0,6.0,0,406,16,424
543,22,0.0,2840.0,9.0,9.0,0,410,10,420
543,23,0.0,2851.0,3.0,7.0,0,408,5,417
543,25,0.0,2841.0,9.0,15.0,0,410,1,412
543,26,0.0,2847.0,9.0,10.0,0,392,6,408
544,0,1807.0,2997.0,12.0,4.0,1,545,0,545
544,17,2.0,2860.0,8.0,8.0,0,423,13,436
544,18,0.0,2856.0,6.0,4.0,0,411,12,434
544,19,1.0,2852.0,4.0,10.0,0,411,14,431
544,20,0.0,2844.0,4.0,10.0,0,393,29,427
544,21,2.0,2848.0,7.0,6.0,0,406,17,425
544,22,0.0,2840.0,9.0,9.0,0,410,11,421
544,23,0.0,2851.0,3.0,7.0,0,408,6,418
544,25,0.0,2841.0,9.0,15.0,0,410,2,413
544,26,0.0,2847.0,9.0,10.0,0,392,7,409
545,0,1808.0,2998.0,11.0,4.0,1,546,0,546
545,17,2.0,2860.0,8.0,8.0,0,423,14,437
545,18,0.0,2856.0,6.0,4.0,0,411,13,435
545,19,1.0,2852.0,4.0,10.0,0,411,15,432
545,21,2.0,2848.0,7.0,6.0,0,406,18,426
545,22,0.0,2840.0,9.0,9.0,0,410,12,422
545,23,0.0,2851.0,3.0,7.0,0,408,7,419
545,25,0.0,2841.0,9.0,15.0,0,410,3,414
545,26,0.0,2847.0,9.0,10.0,0,392,8,410
546,0,1807.0,2998.0,10.0,5.0,1,547,0,547
546,17,2.0,2860.0,8.0,8.0,0,423,15,438
546,18,0.0,2856.0,6.0,4.0,0,411,14,436
546,19,1.0,2852.0,4.0,10.0,0,411,16,433
546,21,2.0,2848.0,7.0,6.0,0,406,19,427
546,22,0.0,2840.0,9.0,9.0,0,410,13,423
546,23,0.0,2851.0,3.0,7.0,0,408,8,420
546,25,0.0,2841.0,9.0,15.0,0,410,4,415
546,26,0.0,2847.0,9.0,10.0,0,392,9,411
547,0,1805.0,2998.0,11.0,5.0,1,548,0,548
547,17,2.0,2860.0,8.0,8.0,0,423,16,439
547,18,0.0,2856.0,6.0,4.0,0,411,15,437
547,19,1.0,2852.0,4.0,10.0,0,411,17,434
547,21,2.0,2848.0,7.0,6.0,0,406,20,428
547,22,0.0,2840.0,9.0,9.0,0,410,14,424
547,23,0.0,2851.0,3.0,7.0,0,408,9,421
547,25,0.0,2841.0,9.0,15.0,0,410,5,416
547,26,0.0,2847.0,9.0,10.0,0,392,10,412
548,0,1803.0,2996.0,10.0,5.0,1,549,0,549
548,17,2.0,2860.0,8.0,8.0,0,423,17,440
548,18,0.0,2856.0,6.0,4.0,0,411,16,438
548,19,1.0,2852.0,4.0,10.0,0,411,18,435
548,21,2.0,2848.0,7.0,6.0,0,406,21,429
548,22,0.0,2840.0,9.0,9.0,0,410,15,425
548,23,0.0,2851.0,3.0,7.0,0,408,10,422
548,25,0.0,2841.0,9.0,15.0,0,410,6,417
548,26,0.0,2847.0,9.0,10.0,0,392,11,413
549,0,1803.0,3000.0,10.0,5.0,1,550,0,550
549,17,2.0,2860.0,8.0,8.0,0,423,18,441
549,18,0.0,2856.0,6.0,4.0,0,411,17,439
549,19,1.0,2852.0,4.0,10.0,0,411,19,436
549,21,2.0,2848.0,7.0,6.0,0,406,22,430
549,22,0.0,2840.0,9.0,9.0,0,410,16,426
549,23,0.0,2851.0,3.0,7.0,0,408,11,423
549,25,0.0,2841.0,9.0,15.0,0,410,7,418
549,26,0.0,2847.0,9.0,10.0,0,392,12,414
550,0,1801.0,2999.0,10.0,5.0,1,551,0,551
550,17,2.0,2860.0,8.0,8.0,0,423,19,442
550,18,0.0,2856.0,6.0,4.0,0,411,18,440
550,19,1.0,2852.0,4.0,10.0,0,411,20,437
550,21,2.0,2848.0,7.0,6.0,0,406,23,431
550,22,0.0,2840.0,9.0,9.0,0,410,17,427
550,23,0.0,2851.0,3.0,7.0,0,408,12,424
550,25,0.0,2841.0,9.0,15.0,0,410,8,419
550,26,0.0,2847.0,9.0,10.0,0,392,13,415
551,0,1798.0,3000.0,10.0,5.0,1,552,0,552
551,17,2.0,2860.0,8.0,8.0,0,423,20,443
551,18,0.0,2856.0,6.0,4.0,0,411,19,441
551,19,1.0,2852.0,4.0,10.0,0,411,21,438
551,21,2.0,2848.0,7.0,6.0,0,406,24,432
551,22,0.0,2840.0,9.0,9.0,0,410,18,428
551,23,0.0,2851.0,3.0,7.0,0,408,13,425
551,25,0.0,2841.0,9.0,15.0,0,410,9,420
551,26,0.0,2847.0,9.0,10.0,0,392,14,416
552,0,1798.0,3002.0,11.0,5.0,1,553,0,553
552,17,2.0,2860.0,8.0,8.0,0,423,21,444
552,18,0.0,2856.0,6.0,4.0,0,411,20,442
552,19,1.0,2852.0,4.0,10.0,0,411,22,439
552,21,2.0,2848.0,7.0,6.0,0,406,25,433
552,22,0.0,2840.0,9.0,9.0,0,410,19,429
552,23,0.0,2851.0,3.0,7.0,0,408,14,426
552,25,0.0,2841.0,9.0,15.0,0,410,10,421
552,26,0.0,2847.0,9.0,10.0,0,392,15,417
553,0,1796.0,3004.0,11.0,5.0,1,554,0,554
553,17,2.0,2860.0,8.0,8.0,0,423,22,445
553,18,0.0,2856.0,6.0,4.0,0,411,21,443
553,19,1.0,2852.0,4.0,10.0,0,411,23,440
553,21,2.0,2848.0,7.0,6.0,0,406,26,434
553,22,0.0,2840.0,9.0,9.0,0,410,20,430
553,23,0.0,2851.0,3.0,7.0,0,408,15,427
553,25,0.0,2841.0,9.0,15.0,0,410,11,422
553,26,0.0,2847.0,9.0,10.0,0,392,16,418
554,0,1796.0,3002.0,10.0,5.0,1,555,0,555
554,17,2.0,2860.0,8.0,8.0,0,423,23,446
554,18,0.0,2856.0,6.0,4.0,0,411,22,444
554,19,1.0,2852.0,4.0,10.0,0,411,24,441
554,21,2.0,2848.0,7.0,6.0,0,406,27,435
554,22,0.0,2840.0,9.0,9.0,0,410,21,431
554,23,0.0,2851.0,3.0,7.0,0,408,16,428
554,25,0.0,2841.0,9.0,15.0,0,410,12,423
554,26,0.0,2847.0,9.0,10.0,0,392,17,419
555,0,1795.0,3005.0,10.0,5.0,1,556,0,556
555,17,2.0,2860.0,8.0,8.0,0,423,24,447
555,18,0.0,2856.0,6.0,4.0,0,411,23,445
555,19,1.0,2852.0,4.0,10.0,0,411,25,442
555,21,2.0,2848.0,7.0,6.0,0,406,28,436
555,22,0.0,2840.0,9.0,9.0,0,410,22,432
555,23,0.0,2851.0,3.0,7.0,0,408,17,429
555,25,0.0,2841.0,9.0,15.0,0,410,13,424
555,26,0.0,2847.0,9.0,10.0,0,392,18,420
556,0,1794.0,3003.0,11.0,5.0,1,557,0,557
556,17,2.0,2860.0,8.0,8.0,0,423,25,448
556,18,0.0,2856.0,6.0,4.0,0,411,24,446
556,19,1.0,2852.0,4.0,10.0,0,411,26,443
556,21,2.0,2848.0,7.0,6.0,0,406,29,437
556,22,0.0,2840.0,9.0,9.0,0,410,23,433
556,23,0.0,2851.0,3.0,7.0,0,408,18,430
556,25,0.0,2841.0,9.0,15.0,0,410,14,425
556,26,0.0,2847.0,9.0,10.0,0,392,19,421
557,0,1792.0,3005.0,11.0,5.0,1,558,0,558
557,17,2.0,2860.0,8.0,8.0,0,423,26,449
557,18,0.0,2856.0,6.0,4.0,0,411,25,447
557,19,1.0,2852.0,4.0,10.0,0,411,27,444
557,22,0.0,2840.0,9.0,9.0,0,410,24,434
557,23,0.0,2851.0,3.0,7.0,0,408,19,431
557,25,0.0,2841.0,9.0,15.0,0,410,15,426
557,26,0.0,2847.0,9.0,10.0,0,392,20,422
558,0,1790.0,3008.0,9.0,5.0,1,559,0,559
558,17,2.0,2860.0,8.0,8.0,0,423,27,450
558,18,0.0,2856.0,6.0,4.0,0,411,26,448
558,19,1.0,2852.0,4.0,10.0,0,411,28,445
558,22,0.0,2840.0,9.0,9.0,0,410,25,435
558,23,0.0,2851.0,3.0,7.0,0,408,20,432
558,25,0.0,2841.0,9.0,15.0,0,410,16,427
558,26,0.0,2847.0,9.0,10.0,0,392,21,423
559,0,1786.0,3009.0,12.0,5.0,1,560,0,560
559,17,2.0,2860.0,8.0,8.0,0,423,28,451
559,18,0.0,2856.0,6.0,4.0,0,411,27,449
559,19,1.0,2852.0,4.0,10.0,0,411,29,446
559,22,0.0,2840.0,9.0,9.0,0,410,26,436
559,23,0.0,2851.0,3.0,7.0,0,408,21,433
559,25,0.0,2841.0,9.0,15.0,0,410,17,428
559,26,0.0,2847.0,9.0,10.0,0,392,22,424
560,0,1786.0,3012.0,12.0,5.0,1,561,0,561
560,17,2.0,2860.0,8.0,8.0,0,423,29,452
560,18,0.0,2856.0,6.0,4.0,0,411,28,450
560,22,0.0,2840.0,9.0,9.0,0,410,27,437
560,23,0.0,2851.0,3.0,7.0,0,408,22,434
560,25,0.0,2841.0,9.0,15.0,0,410,18,429
560,26,0.0,2847.0,9.0,10.0,0,392,23,425
561,0,1785.0,3012.0,12.0,5.0,1,562,0,562
561,18,0.0,2856.0,6.0,4.0,0,411,29,451
561,22,0.0,2840.0,9.0,9.0,0,410,28,438
561,23,0.0,2851.0,3.0,7.0,0,408,23,435
561,25,0.0,2841.0,9.0,15.0,0,410,19,430
561,26,0.0,2847.0,9.0,10.0,0,392,24,426
562,0,1784.0,3014.0,13.0,5.0,1,563,0,563
562,22,0.0,2840.0,9.0,9.0,0,410,29,439
562,23,0.0,2851.0,3.0,7.0,0,408,24,436
562,25,0.0,2841.0,9.0,15.0,0,410,20,431
562,26,0.0,2847.0,9.0,10.0,0,392,25,427
563,0,1784.0,3016.0,12.0,5.0,1,564,0,564
563,23,0.0,2851.0,3.0,7.0,0,408,25,437
563,25,0.0,2841.0,9.0,15.0,0,410,21,432
563,26,0.0,2847.0,9.0,10.0,0,392,26,428
564,0,1782.0,3017.0,13.0,5.0,1,565,0,565
564,23,0.0,2851.0,3.0,7.0,0,408,26,438
564,25,0.0,2841.0,9.0,15.0,0,410,22,433
564,26,0.0,2847.0,9.0,10.0,0,392,27,429
565,0,1780.0,3020.0,10.0,4.0,1,566,0,566
565,23,0.0,2851.0,3.0,7.0,0,408,27,439
565,25,0.0,2841.0,9.0,15.0,0,410,23,434
565,26,0.0,2847.0,9.0,10.0,0,392,28,430
566,0,1782.0,3021.0,12.0,5.0,1,567,0,567
566,23,0.0,2851.0,3.0,7.0,0,408,28,440
566,25,0.0,2841.0,9.0,15.0,0,410,24,435
566,26,0.0,2847.0,9.0,10.0,0,392,29,431
567,0,1778.0,3023.0,11.0,4.0,1,568,0,568
567,23,0.0,2851.0,3.0,7.0,0,408,29,441
567,25,0.0,2841.0,9.0,15.0,0,410,25,436
568,0,1781.0,3023.0,10.0,4.0,1,569,0,569
568,25,0.0,2841.0,9.0,15.0,0,410,26,437
569,0,1780.0,3027.0,10.0,4.0,1,570,0,570
569,25,0.0,2841.0,9.0,15.0,0,410,27,438
570,0,1776.0,3026.0,10.0,4.0,1,571,0,571
570,25,0.0,2841.0,9.0,15.0,0,410,28,439
571,0,1779.0,3028.0,12.0,5.0,1,572,0,572
571,25,0.0,2841.0,9.0,15.0,0,410,29,440
572,0,1777.0,3030.0,12.0,7.0,1,573,0,573
573,0,1774.0,3033.0,10.0,7.0,1,574,0,574
574,0,1774.0,3036.0,10.0,6.0,1,575,0,575
575,0,1774.0,3037.0,8.0,6.0,1,576,0,576
576,0,1776.0,3040.0,8.0,6.0,1,577,0,577
577,0,1774.0,3043.0,9.0,6.0,1,578,0,578
578,0,1772.0,3043.0,9.0,6.0,1,579,0,579
579,0,1771.0,3047.0,11.0,6.0,1,580,0,580
580,0,1770.0,3047.0,10.0,6.0,1,581,0,581
581,0,1769.0,3054.0,10.0,5.0,1,582,0,582
582,0,1770.0,3053.0,8.0,4.0,1,583,0,583
583,0,1767.0,3055.0,8.0,5.0,1,584,0,584
584,0,1767.0,3056.0,8.0,5.0,1,585,0,585
585,0,1765.0,3058.0,7.0,5.0,1,586,0,586
586,0,1765.0,3061.0,8.0,5.0,1,587,0,587
587,0,1764.0,3065.0,8.0,4.0,1,588,0,588
588,0,1762.0,3067.0,9.0,5.0,1,589,0,589
589,0,1762.0,3067.0,8.0,4.0,1,590,0,590
590,0,1761.0,3066.0,9.0,5.0,1,591,0,591
591,0,1761.0,3068.0,9.0,5.0,1,592,0,592
592,0,1759.0,3071.0,9.0,5.0,1,593,0,593
593,0,1761.0,3074.0,7.0,4.0,1,594,0,594
594,0,1756.0,3078.0,9.0,4.0,1,595,0,595
595,0,1754.0,3076.0,11.0,4.0,1,596,0,596
596,0,1754.0,3078.0,10.0,5.0,1,597,0,597
597,0,1749.0,3078.0,13.0,5.0,1,598,0,598
598,0,1753.0,3083.0,9.0,6.0,1,599,0,599
599,0,1751.0,3083.0,8.0,5.0,1,600,0,600
600,0,1750.0,3084.0,9.0,4.0,1,601,0,601
601,0,1746.0,3086.0,9.0,4.0,1,602,0,602
602,0,1748.0,3087.0,9.0,4.0,1,603,0,603
603,0,1743.0,3089.0,10.0,5.0,1,604,0,604
604,0,1743.0,3091.0,11.0,4.0,1,605,0,605
605,0,1743.0,3093.0,9.0,5.0,1,606,0,606
606,0,1742.0,3093.0,9.0,4.0,1,607,0,607
607,0,1740.0,3094.0,9.0,5.0,1,608,0,608
608,0,1737.0,3096.0,11.0,5.0,1,609,0,609
609,0,1737.0,3097.0,11.0,6.0,1,610,0,610
610,0,1737.0,3098.0,10.0,5.0,1,611,0,611
611,0,1734.0,3101.0,10.0,5.0,1,612,0,612
612,0,1732.0,3102.0,10.0,5.0,1,613,0,613
613,0,1728.0,3105.0,11.0,6.0,1,614,0,614
614,0,1727.0,3106.0,14.0,8.0,1,615,0,615
615,0,1729.0,3107.0,12.0,8.0,1,616,0,616
616,0,1727.0,3106.0,12.0,7.0,1,617,0,617
617,0,1726.0,3104.0,12.0,11.0,1,618,0,618
618,0,1722.0,3109.0,15.0,9.0,1,619,0,619
619,0,1721.0,3114.0,14.0,9.0,1,620,0,620
620,0,1718.0,3116.0,10.0,7.0,1,621,0,621
621,0,1717.0,3112.0,10.0,10.0,1,622,0,622
622,0,1718.0,3117.0,11.0,9.0,1,623,0,623
623,0,1711.0,3119.0,15.0,9.0,1,624,0,624
624,0,1710.0,3121.0,12.0,9.0,1,625,0,625
625,0,1710.0,3119.0,10.0,8.0,1,626,0,626
626,0,1702.0,3119.0,12.0,10.0,1,627,0,627
627,0,1701.0,3122.0,11.0,7.0,1,628,0,628
628,0,1700.0,3123.0,10.0,9.0,1,629,0,629
629,0,1696.0,3124.0,11.0,8.0,1,630,0,630
630,0,1692.0,3118.0,10.0,13.0,1,631,0,631
631,0,1687.0,3123.0,9.0,10.0,1,632,0,632
632,0,1681.0,3126.0,13.0,11.0,1,633,0,633
633,0,1678.0,3126.0,11.0,8.0,1,634,0,634
634,0,1673.0,3125.0,13.0,10.0,1,635,0,635
635,0,1666.0,3122.0,13.0,10.0,1,636,0,636
636,0,1663.0,3130.0,13.0,9.0,1,637,0,637
637,0,1660.0,3128.0,12.0,8.0,1,638,0,638
638,0,1656.0,3126.0,12.0,9.0,1,639,0,639
639,0,1649.0,3120.0,16.0,13.0,1,640,0,640
640,0,1646.0,3124.0,10.0,11.0,1,641,0,641
641,0,1643.0,3126.0,9.0,10.0,1,642,0,642
642,0,1639.0,3124.0,9.0,6.0,1,643,0,643
643,0,1633.0,3119.0,8.0,12.0,1,644,0,644
644,0,1625.0,3119.0,12.0,9.0,1,645,0,645
645,0,1619.0,3124.0,13.0,12.0,1,646,0,646
646,0,1614.0,3121.0,13.0,10.0,1,647,0,647
647,0,1610.0,3117.0,10.0,8.0,1,648,0,648
648,0,1602.0,3115.0,12.0,10.0,1,649,0,649
649,0,1595.0,3120.0,12.0,9.0,1,650,0,650
650,0,1593.0,3119.0,11.0,9.0,1,651,0,651
651,0,1586.0,3111.0,9.0,6.0,1,652,0,652
652,0,1582.0,3112.0,10.0,9.0,1,653,0,653
653,0,1576.0,3108.0,10.0,11.0,1,654,0,654
654,0,1565.0,3111.0,10.0,11.0,1,655,0,655
655,0,1564.0,3110.0,8.0,9.0,1,656,0,656
656,0,1559.0,3106.0,7.0,6.0,1,657,0,657
657,0,1548.0,3102.0,11.0,10.0,1,658,0,658
658,0,1542.0,3102.0,10.0,12.0,1,659,0,659
659,0,1535.0,3102.0,11.0,10.0,1,660,0,660
660,0,1531.0,3100.0,10.0,10.0,1,661,0,661
661,0,1522.0,3096.0,11.0,10.0,1,662,0,662
662,0,1518.0,3093.0,11.0,11.0,1,663,0,663
663,0,1512.0,3098.0,11.0,10.0,1,664,0,664
664,0,1504.0,3089.0,11.0,9.0,1,665,0,665
665,0,1498.0,3084.0,11.0,11.0,1,666,0,666
666,0,1490.0,3083.0,13.0,12.0,1,667,0,667
667,0,1483.0,3086.0,12.0,10.0,1,668,0,668
668,0,1477.0,3081.0,9.0,10.0,1,669,0,669
669,0,1474.0,3077.0,7.0,9.0,1,670,0,670
670,0,1466.0,3072.0,9.0,11.0,1,671,0,671
671,0,1459.0,3069.0,11.0,12.0,1,672,0,672
672,0,1453.0,3071.0,9.0,10.0,1,673,0,673
673,0,1446.0,3065.0,9.0,9.0,1,674,0,674
674,0,1441.0,3061.0,8.0,8.0,1,675,0,675
675,0,1431.0,3057.0,8.0,10.0,1,676,0,676
676,0,1426.0,3060.0,7.0,10.0,1,677,0,677
677,0,1418.0,3052.0,12.0,10.0,1,678,0,678
678,0,1413.0,3051.0,8.0,6.0,1,679,0,679
679,0,1409.0,3043.0,8.0,9.0,1,680,0,680
680,0,1401.0,3038.0,8.0,13.0,1,681,0,681
681,0,1395.0,3043.0,10.0,12.0,1,682,0,682
682,0,1389.0,3038.0,10.0,9.0,1,683,0,683
683,0,1383.0,3036.0,8.0,6.0,1,684,0,684
684,0,1377.0,3031.0,9.0,8.0,1,685,0,685
685,0,1372.0,3028.0,10.0,10.0,1,686,0,686
686,0,1365.0,3031.0,9.0,7.0,1,687,0,687
687,0,1360.0,3026.0,7.0,7.0,1,688,0,688
688,0,1355.0,3022.0,7.0,6.0,1,689,0,689
689,0,1347.0,3015.0,10.0,10.0,1,690,0,690
690,0,1344.0,3014.0,9.0,9.0,1,691,0,691
691,0,1336.0,3014.0,8.0,9.0,1,692,0,692
692,0,1332.0,3011.0,7.0,5.0,1,693,0,693
693,0,1328.0,3007.0,6.0,6.0,1,694,0,694
694,0,1323.0,3003.0,6.0,6.0,1,695,0,695
695,0,1317.0,2999.0,6.0,8.0,1,696,0,696
696,0,1308.0,3002.0,7.0,8.0,1,697,0,697
697,0,1303.0,2998.0,8.0,7.0,1,698,0,698
698,0,1300.0,2994.0,8.0,5.0,1,699,0,699
699,0,1294.0,2987.0,8.0,8.0,1,700,0,700
700,0,1287.0,2987.0,9.0,8.0,1,701,0,701
701,0,1281.0,2986.0,8.0,7.0,1,702,0,702
702,0,1274.0,2982.0,9.0,11.0,1,703,0,703
703,0,1273.0,2981.0,8.0,5.0,1,704,0,704
704,0,1265.0,2975.0,9.0,9.0,1,705,0,705
705,0,1257.0,2971.0,11.0,11.0,1,706,0,706
706,0,1259.0,2972.0,7.0,6.0,1,707,0,707
707,0,1249.0,2970.0,9.0,11.0,1,708,0,708
708,0,1242.0,2968.0,6.0,7.0,1,709,0,709
709,0,1240.0,2964.0,7.0,7.0,1,710,0,710
710,0,1232.0,2960.0,9.0,9.0,1,711,0,711
711,0,1227.0,2964.0,13.0,7.0,1,712,0,712
712,0,1222.0,2962.0,11.0,7.0,1,713,0,713
713,0,1216.0,2958.0,8.0,7.0,1,714,0,714
714,0,1211.0,2955.0,9.0,7.0,1,715,0,715
715,0,1207.0,2951.0,9.0,10.0,1,716,0,716
716,0,1202.0,2951.0,9.0,8.0,1,717,0,717
717,0,1198.0,2947.0,9.0,8.0,1,718,0,718
718,0,1191.0,2947.0,8.0,8.0,1,719,0,719
719,0,1186.0,2944.0,9.0,8.0,1,720,0,720
720,0,1182.0,2943.0,7.0,6.0,1,721,0,721
721,0,1177.0,2943.0,8.0,5.0,1,722,0,722
722,0,1174.0,2941.0,8.0,6.0,1,723,0,723
723,0,1169.0,2940.0,9.0,5.0,1,724,0,724
724,0,1164.0,2938.0,8.0,6.0,1,725,0,725
725,0,1158.0,2935.0,8.0,4.0,1,726,0,726
726,0,1154.0,2936.0,8.0,5.0,1,727,0,727
727,0,1150.0,2934.0,6.0,5.0,1,728,0,728
728,0,1146.0,2931.0,6.0,5.0,1,729,0,729
729,0,1140.0,2930.0,7.0,5.0,1,730,0,730
730,0,1137.0,2930.0,8.0,5.0,1,731,0,731
731,0,1132.0,2929.0,9.0,5.0,1,732,0,732
732,0,1129.0,2927.0,7.0,5.0,1,733,0,733
733,0,1122.0,2925.0,8.0,5.0,1,734,0,734
734,0,1120.0,2924.0,8.0,4.0,1,735,0,735
735,0,1116.0,2925.0,8.0,4.0,1,736,0,736
736,0,1112.0,2922.0,8.0,5.0,1,737,0,737
737,0,1107.0,2923.0,8.0,4.0,1,738,0,738
738,0,1102.0,2921.0,9.0,4.0,1,739,0,739
739,0,1098.0,2920.0,10.0,5.0,1,740,0,740
740,0,1096.0,2920.0,9.0,4.0,1,741,0,741
741,0,1091.0,2916.0,9.0,4.0,1,742,0,742
742,0,1090.0,2918.0,9.0,5.0,1,743,0,743
743,0,1084.0,2916.0,10.0,5.0,1,744,0,744
744,0,1081.0,2918.0,9.0,5.0,1,745,0,745
745,0,1076.0,2913.0,10.0,5.0,1,746,0,746
746,0,1071.0,2915.0,10.0,4.0,1,747,0,747
747,0,1070.0,2915.0,9.0,5.0,1,748,0,748
748,0,1065.0,2913.0,12.0,5.0,1,749,0,749
749,0,1061.0,2914.0,10.0,5.0,1,750,0,750
750,0,1056.0,2912.0,10.0,5.0,1,751,0,751
751,0,1054.0,2912.0,9.0,4.0,1,752,0,752
752,0,1052.0,2909.0,10.0,5.0,1,753,0,753
753,0,1049.0,2910.0,8.0,5.0,1,754,0,754
754,0,1044.0,2909.0,7.0,4.0,1,755,0,755
755,0,1040.0,2909.0,10.0,4.0,1,756,0,756
756,0,1038.0,2909.0,8.0,4.0,1,757,0,757
757,0,1034.0,2908.0,9.0,5.0,1,758,0,758
758,0,1029.0,2908.0,10.0,6.0,1,759,0,759
759,0,1029.0,2910.0,10.0,4.0,1,760,0,760
760,0,1024.0,2907.0,9.0,4.0,1,761,0,761
761,0,1020.0,2909.0,11.0,4.0,1,762,0,762
762,0,1019.0,2908.0,9.0,4.0,1,763,0,763
763,0,1014.0,2905.0,9.0,5.0,1,764,0,764
764,0,1010.0,2905.0,9.0,4.0,1,765,0,765
765,0,1008.0,2905.0,12.0,5.0,1,766,0,766
766,0,1005.0,2903.0,12.0,5.0,1,767,0,767
767,0,1001.0,2903.0,8.0,5.0,1,768,0,768
768,0,997.0,2906.0,7.0,4.0,1,769,0,769
769,0,992.0,2904.0,8.0,5.0,1,770,0,770
770,0,991.0,2903.0,8.0,5.0,1,771,0,771
771,0,990.0,2905.0,7.0,5.0,1,772,0,772
772,0,986.0,2905.0,9.0,5.0,1,773,0,773
773,0,984.0,2904.0,10.0,5.0,1,774,0,774
774,0,980.0,2903.0,10.0,5.0,1,775,0,775
775,0,977.0,2903.0,9.0,5.0,1,776,0,776
776,0,974.0,2902.0,9.0,5.0,1,777,0,777
777,0,970.0,2904.0,11.0,4.0,1,778,0,778
778,0,966.0,2901.0,12.0,6.0,1,779,0,779
779,0,963.0,2904.0,12.0,6.0,1,780,0,780
780,0,962.0,2903.0,11.0,6.0,1,781,0,781
781,0,959.0,2903.0,10.0,5.0,1,782,0,782
782,0,955.0,2904.0,10.0,5.0,1,783,0,783
783,0,954.0,2902.0,10.0,6.0,1,784,0,784
784,0,949.0,2902.0,10.0,6.0,1,785,0,785
785,0,948.0,2902.0,10.0,6.0,1,786,0,786
786,0,943.0,2905.0,11.0,11.0,1,787,0,787
787,0,942.0,2904.0,7.0,8.0,1,788,0,788
788,0,938.0,2897.0,10.0,11.0,1,789,0,789
789,0,935.0,2900.0,8.0,12.0,1,790,0,790
790,0,932.0,2904.0,8.0,11.0,1,791,0,791
791,0,928.0,2902.0,10.0,12.0,1,792,0,792
792,0,926.0,2904.0,9.0,9.0,1,793,0,793
793,0,922.0,2901.0,11.0,12.0,1,794,0,794
794,0,917.0,2903.0,11.0,10.0,1,795,0,795
795,0,915.0,2908.0,8.0,10.0,1,796,0,796
796,0,912.0,2905.0,9.0,10.0,1,797,0,797
797,0,908.0,2900.0,11.0,13.0,1,798,0,798
798,0,902.0,2903.0,10.0,8.0,1,799,0,799
799,0,900.0,2902.0,10.0,10.0,1,800,0,800
800,0,896.0,2904.0,8.0,5.0,1,801,0,801
801,0,889.0,2896.0,16.0,11.0,1,802,0,802
802,0,890.0,2902.0,7.0,5.0,1,803,0,803
803,0,882.0,2899.0,10.0,11.0,1,804,0,804
804,0,881.0,2897.0,8.0,7.0,1,805,0,805
805,0,876.0,2892.0,8.0,12.0,1,806,0,806
806,0,872.0,2895.0,10.0,10.0,1,807,0,807
807,0,866.0,2895.0,11.0,10.0,1,808,0,808
808,0,863.0,2892.0,10.0,8.0,1,809,0,809
809,0,860.0,2885.0,8.0,11.0,1,810,0,810
810,0,853.0,2887.0,10.0,10.0,1,811,0,811
811,0,847.0,2888.0,12.0,10.0,1,812,0,812
812,0,848.0,2883.0,10.0,10.0,1,813,0,813
813,0,842.0,2882.0,11.0,7.0,1,814,0,814
814,0,839.0,2874.0,10.0,11.0,1,815,0,815
815,0,831.0,2880.0,10.0,7.0,1,816,0,816
816,0,827.0,2879.0,8.0,9.0,1,817,0,817
817,0,822.0,2875.0,8.0,6.0,1,818,0,818
818,0,818.0,2867.0,10.0,13.0,1,819,0,819
819,0,814.0,2869.0,12.0,11.0,1,820,0,820
820,0,807.0,2870.0,12.0,8.0,1,821,0,821
821,0,802.0,2865.0,9.0,9.0,1,822,0,822
822,0,800.0,2864.0,11.0,8.0,1,823,0,823
823,0,796.0,2857.0,7.0,11.0,1,824,0,824
824,0,791.0,2862.0,9.0,5.0,1,825,0,825
825,0,787.0,2857.0,13.0,11.0,1,826,0,826
826,0,783.0,2856.0,11.0,8.0,1,827,0,827
827,0,777.0,2849.0,10.0,9.0,1,828,0,828
828,0,774.0,2846.0,10.0,12.0,1,829,0,829
829,0,765.0,2847.0,11.0,10.0,1,830,0,830
830,0,761.0,2846.0,8.0,10.0,1,831,0,831
831,0,755.0,2842.0,12.0,6.0,1,832,0,832
832,0,751.0,2836.0,12.0,10.0,1,833,0,833
833,0,749.0,2835.0,11.0,13.0,1,834,0,834
834,0,739.0,2836.0,12.0,12.0,1,835,0,835
835,0,736.0,2833.0,10.0,11.0,1,836,0,836
836,0,732.0,2832.0,8.0,10.0,1,837,0,837
837,0,727.0,2824.0,11.0,14.0,1,838,0,838
838,0,723.0,2825.0,9.0,10.0,1,839,0,839
839,0,715.0,2825.0,12.0,13.0,1,840,0,840
840,0,711.0,2826.0,10.0,9.0,1,841,0,841
841,0,705.0,2820.0,10.0,9.0,1,842,0,842
842,0,699.0,2815.0,10.0,9.0,1,843,0,843
843,0,692.0,2816.0,11.0,9.0,1,844,0,844
844,0,689.0,2816.0,9.0,10.0,1,845,0,845
845,0,685.0,2810.0,8.0,7.0,1,846,0,846
846,0,680.0,2807.0,9.0,9.0,1,847,0,847
847,0,673.0,2803.0,10.0,12.0,1,848,0,848
848,0,668.0,2807.0,9.0,9.0,1,849,0,849
849,0,662.0,2803.0,10.0,12.0,1,850,0,850
850,0,657.0,2803.0,7.0,6.0,1,851,0,851
851,0,653.0,2799.0,10.0,6.0,1,852,0,852
852,0,648.0,2796.0,8.0,8.0,1,853,0,853
853,0,644.0,2799.0,8.0,6.0,1,854,0,854
854,0,636.0,2795.0,10.0,10.0,1,855,0,855
855,0,631.0,2792.0,9.0,8.0,1,856,0,856
856,0,624.0,2791.0,10.0,9.0,1,857,0,857
857,0,620.0,2786.0,11.0,9.0,1,858,0,858
858,0,614.0,2785.0,10.0,9.0,1,859,0,859
859,0,611.0,2789.0,5.0,3.0,1,860,0,860
860,0,606.0,2785.0,11.0,6.0,1,861,0,861
861,0,598.0,2783.0,11.0,5.0,1,862,0,862
862,0,595.0,2783.0,12.0,4.0,1,863,0,863
863,0,588.0,2780.0,14.0,6.0,1,864,0,864
864,0,583.0,2778.0,13.0,8.0,1,865,0,865
865,0,580.0,2777.0,14.0,9.0,1,866,0,866
866,0,572.0,2776.0,12.0,7.0,1,867,0,867
867,0,572.0,2776.0,10.0,6.0,1,868,0,868
868,0,565.0,2775.0,10.0,6.0,1,869,0,869
869,0,557.0,2776.0,10.0,5.0,1,870,0,870
870,0,554.0,2774.0,10.0,4.0,1,871,0,871
871,0,552.0,2773.0,10.0,5.0,1,872,0,872
872,0,547.0,2771.0,10.0,5.0,1,873,0,873
873,0,541.0,2769.0,9.0,5.0,1,874,0,874
874,0,537.0,2771.0,7.0,4.0,1,875,0,875
875,0,532.0,2769.0,8.0,5.0,1,876,0,876
876,0,528.0,2768.0,8.0,5.0,1,877,0,877
877,0,524.0,2766.0,8.0,4.0,1,878,0,878
878,0,520.0,2764.0,9.0,5.0,1,879,0,879
879,0,514.0,2764.0,10.0,5.0,1,880,0,880
880,0,513.0,2763.0,9.0,5.0,1,881,0,881
881,0,505.0,2762.0,10.0,5.0,1,882,0,882
882,0,504.0,2760.0,9.0,5.0,1,883,0,883
883,0,498.0,2760.0,10.0,5.0,1,884,0,884
884,0,491.0,2759.0,10.0,5.0,1,885,0,885
885,0,489.0,2756.0,9.0,5.0,1,886,0,886
886,0,487.0,2755.0,10.0,4.0,1,887,0,887
887,0,482.0,2755.0,11.0,5.0,1,888,0,888
888,0,479.0,2755.0,9.0,4.0,1,889,0,889
889,0,472.0,2753.0,11.0,5.0,1,890,0,890
890,0,469.0,2752.0,10.0,5.0,1,891,0,891
891,0,466.0,2750.0,10.0,5.0,1,892,0,892
892,0,463.0,2749.0,10.0,5.0,1,893,0,893
893,0,460.0,2749.0,11.0,5.0,1,894,0,894
894,0,457.0,2746.0,10.0,6.0,1,895,0,895
895,0,451.0,2744.0,10.0,5.0,1,896,0,896
896,0,448.0,2745.0,10.0,5.0,1,897,0,897
897,0,444.0,2741.0,12.0,7.0,1,898,0,898
898,0,438.0,2743.0,14.0,5.0,1,899,0,899
899,0,435.0,2743.0,12.0,6.0,1,900,0,900
900,0,433.0,2739.0,12.0,5.0,1,901,0,901
901,0,429.0,2739.0,11.0,5.0,1,902,0,902
902,0,427.0,2739.0,11.0,5.0,1,903,0,903
903,0,426.0,2739.0,12.0,5.0,1,904,0,904
904,0,422.0,2738.0,10.0,5.0,1,905,0,905
905,0,417.0,2736.0,11.0,5.0,1,906,0,906
906,0,415.0,2736.0,10.0,5.0,1,907,0,907
907,0,413.0,2737.0,11.0,5.0,1,908,0,908
908,0,409.0,2736.0,10.0,5.0,1,909,0,909
909,0,407.0,2736.0,10.0,5.0,1,910,0,910
910,0,403.0,2736.0,11.0,6.0,1,911,0,911
911,0,399.0,2733.0,9.0,6.0,1,912,0,912
912,0,397.0,2736.0,10.0,6.0,1,913,0,913
913,0,393.0,2737.0,9.0,7.0,1,914,0,914
914,0,392.0,2738.0,7.0,5.0,1,915,0,915
915,0,388.0,2737.0,9.0,6.0,1,916,0,916
916,0,386.0,2738.0,8.0,5.0,1,917,0,917
917,0,382.0,2738.0,9.0,6.0,1,918,0,918
918,0,378.0,2737.0,8.0,6.0,1,919,0,919
919,0,375.0,2740.0,7.0,6.0,1,920,0,920
920,0,370.0,2739.0,7.0,7.0,1,921,0,921
921,0,369.0,2740.0,7.0,7.0,1,922,0,922
922,0,367.0,2741.0,8.0,7.0,1,923,0,923
923,0,363.0,2741.0,7.0,8.0,1,924,0,924
924,0,360.0,2744.0,7.0,8.0,1,925,0,925
925,0,357.0,2742.0,8.0,9.0,1,926,0,926
926,0,354.0,2745.0,8.0,8.0,1,927,0,927
927,0,351.0,2746.0,7.0,7.0,1,928,0,928
928,0,346.0,2747.0,7.0,8.0,1,929,0,929
929,0,346.0,2747.0,8.0,9.0,1,930,0,930
930,0,340.0,2749.0,9.0,9.0,1,931,0,931
931,0,337.0,2752.0,9.0,8.0,1,932,0,932
932,0,336.0,2753.0,8.0,9.0,1,933,0,933
933,0,333.0,2752.0,9.0,9.0,1,934,0,934
934,0,330.0,2752.0,10.0,9.0,1,935,0,935
935,0,327.0,2759.0,9.0,7.0,1,936,0,936
936,0,323.0,2758.0,10.0,8.0,1,937,0,937
937,0,320.0,2757.0,9.0,9.0,1,938,0,938
938,0,315.0,2758.0,10.0,9.0,1,939,0,939
939,0,314.0,2760.0,11.0,10.0,1,940,0,940
940,0,308.0,2763.0,12.0,9.0,1,941,0,941
941,0,310.0,2764.0,13.0,9.0,1,942,0,942
942,0,304.0,2767.0,12.0,8.0,1,943,0,943
943,0,301.0,2767.0,12.0,9.0,1,944,0,944
944,0,298.0,2769.0,13.0,8.0,1,945,0,945
945,0,297.0,2771.0,13.0,7.0,1,946,0,946
946,0,292.0,2773.0,11.0,7.0,1,947,0,947
947,0,292.0,2773.0,12.0,8.0,1,948,0,948
948,0,287.0,2775.0,12.0,8.0,1,949,0,949
949,0,285.0,2775.0,12.0,7.0,1,950,0,950
950,0,282.0,2776.0,14.0,8.0,1,951,0,951
951,0,280.0,2780.0,15.0,8.0,1,952,0,952
952,0,275.0,2785.0,13.0,7.0,1,953,0,953
953,0,273.0,2781.0,11.0,8.0,1,954,0,954
954,0,272.0,2778.0,15.0,10.0,1,955,0,955
955,0,268.0,2788.0,11.0,6.0,1,956,0,956
956,0,265.0,2788.0,10.0,10.0,1,957,0,957
957,0,264.0,2785.0,9.0,7.0,1,958,0,958
958,0,261.0,2784.0,11.0,11.0,1,959,0,959
959,0,251.0,2789.0,15.0,5.0,1,960,0,960
960,0,252.0,2790.0,13.0,9.0,1,961,0,961
961,0,252.0,2790.0,9.0,7.0,1,962,0,962
962,0,247.0,2787.0,10.0,10.0,1,963,0,963
963,0,237.0,2789.0,16.0,7.0,1,964,0,964
964,0,238.0,2795.0,11.0,6.0,1,965,0,965
965,0,236.0,2795.0,5.0,7.0,1,966,0,966
966,0,231.0,2792.0,10.0,10.0,1,967,0,967
967,0,225.0,2791.0,16.0,10.0,1,968,0,968
968,0,219.0,2797.0,13.0,9.0,1,969,0,969
969,0,214.0,2791.0,11.0,10.0,1,970,0,970
970,0,213.0,2791.0,10.0,7.0,1,971,0,971
971,0,205.0,2789.0,11.0,9.0,1,972,0,972
972,0,198.0,2790.0,14.0,11.0,1,973,0,973
973,0,195.0,2790.0,10.0,7.0,1,974,0,974
974,0,192.0,2787.0,9.0,8.0,1,975,0,975
975,0,182.0,2782.0,15.0,12.0,1,976,0,976
976,0,179.0,2789.0,9.0,7.0,1,977,0,977
977,0,174.0,2786.0,9.0,7.0,1,978,0,978
978,0,171.0,2781.0,8.0,8.0,1,979,0,979
979,0,165.0,2776.0,11.0,10.0,1,980,0,980
980,0,156.0,2779.0,13.0,8.0,1,981,0,981
981,0,151.0,2779.0,9.0,8.0,1,982,0,982
982,0,149.0,2774.0,10.0,6.0,1,983,0,983
983,0,144.0,2768.0,10.0,10.0,1,984,0,984
984,0,135.0,2772.0,11.0,6.0,1,985,0,985
985,0,133.0,2766.0,9.0,10.0,1,986,0,986
986,0,128.0,2763.0,9.0,5.0,1,987,0,987
987,0,119.0,2755.0,10.0,14.0,1,988,0,988
988,0,113.0,2757.0,12.0,9.0,1,989,0,989
989,0,108.0,2756.0,10.0,12.0,1,990,0,990
990,0,103.0,2753.0,10.0,8.0,1,991,0,991
991,0,100.0,2748.0,9.0,7.0,1,992,0,992
992,0,91.0,2741.0,13.0,14.0,1,993,0,993
993,0,85.0,2745.0,9.0,4.0,1,994,0,994
994,0,79.0,2742.0,12.0,10.0,1,995,0,995
995,0,76.0,2738.0,8.0,5.0,1,996,0,996
996,0,72.0,2734.0,9.0,8.0,1,997,0,997
997,0,65.0,2728.0,9.0,11.0,1,998,0,998
998,0,56.0,2729.0,12.0,9.0,1,999,0,999
999,0,49.0,2727.0,14.0,9.0,1,1000,0,1000
1000,0,48.0,2725.0,9.0,4.0,1,1001,0,1001
1001,0,43.0,2719.0,10.0,8.0,1,1002,0,1002
1002,0,36.0,2714.0,10.0,10.0,1,1003,0,1003
1003,0,28.0,2718.0,10.0,8.0,1,1004,0,1004
1004,0,23.0,2715.0,10.0,8.0,1,1005,0,1005
1005,0,17.0,2713.0,9.0,5.0,1,1006,0,1006
1006,0,11.0,2705.0,11.0,10.0,1,1007,0,1007
1007,0,6.0,2703.0,10.0,9.0,1,1008,0,1008
1008,0,0.0,2704.0,7.0,9.0,1,1009,0,1009
