frame_number,track_id,x,y,w,h,matched,detection_count,missed_frame_count,age_frames
2,0,1850.0,3449.0,23.0,14.0,1,3,0,3
3,0,1851.0,3417.0,36.0,40.0,1,4,0,4
4,0,1849.0,3439.0,19.0,18.0,1,5,0,5
5,0,1849.0,3439.0,19.0,18.0,0,5,1,6
6,0,1849.0,3439.0,19.0,18.0,0,5,2,7
7,0,1843.0,3430.0,23.0,14.0,1,6,0,8
8,0,1843.0,3430.0,23.0,14.0,0,6,1,9
9,0,1843.0,3430.0,23.0,14.0,0,6,2,10
10,0,1843.0,3430.0,23.0,14.0,0,6,3,11
11,0,1843.0,3430.0,23.0,14.0,0,6,4,12
12,0,1843.0,3430.0,23.0,14.0,0,6,5,13
13,0,1843.0,3430.0,23.0,14.0,0,6,6,14
14,0,1843.0,3430.0,23.0,14.0,0,6,7,15
15,0,1843.0,3430.0,23.0,14.0,0,6,8,16
16,0,1843.0,3430.0,23.0,14.0,0,6,9,17
17,0,1843.0,3430.0,23.0,14.0,0,6,10,18
18,0,1843.0,3430.0,23.0,14.0,0,6,11,19
19,0,1843.0,3430.0,23.0,14.0,0,6,12,20
20,0,1843.0,3430.0,23.0,14.0,0,6,13,21
21,0,1843.0,3430.0,23.0,14.0,0,6,14,22
23,1,737.0,3071.0,112.0,296.0,1,3,0,3
24,1,735.0,3071.0,121.0,285.0,1,4,0,4
25,1,735.0,3071.0,121.0,285.0,0,4,1,5
26,1,735.0,3071.0,121.0,285.0,0,4,2,6
27,1,735.0,3071.0,121.0,285.0,0,4,3,7
28,1,735.0,3071.0,121.0,285.0,0,4,4,8
29,1,735.0,3071.0,121.0,285.0,0,4,5,9
30,1,735.0,3071.0,121.0,285.0,0,4,6,10
31,1,735.0,3071.0,121.0,285.0,0,4,7,11
32,1,735.0,3071.0,121.0,285.0,0,4,8,12
32,5,1807.0,3360.0,19.0,11.0,1,3,0,3
33,1,735.0,3071.0,121.0,285.0,0,4,9,13
33,5,1805.0,3359.0,19.0,12.0,1,4,0,4
34,1,735.0,3071.0,121.0,285.0,0,4,10,14
34,5,1803.0,3358.0,19.0,10.0,1,5,0,5
35,1,735.0,3071.0,121.0,285.0,0,4,11,15
35,5,1801.0,3357.0,18.0,10.0,1,6,0,6
36,1,735.0,3071.0,121.0,285.0,0,4,12,16
36,5,1800.0,3355.0,19.0,10.0,1,7,0,7
37,1,735.0,3071.0,121.0,285.0,0,4,13,17
37,5,1798.0,3355.0,17.0,9.0,1,8,0,8
38,1,735.0,3071.0,121.0,285.0,0,4,14,18
38,5,1796.0,3354.0,19.0,11.0,1,9,0,9
39,5,1795.0,3353.0,16.0,7.0,1,10,0,10
40,5,1793.0,3350.0,17.0,10.0,1,11,0,11
41,5,1791.0,3350.0,17.0,9.0,1,12,0,12
42,5,1789.0,3350.0,21.0,9.0,1,13,0,13
43,5,1788.0,3352.0,17.0,5.0,1,14,0,14
44,5,1786.0,3351.0,17.0,6.0,1,15,0,15
45,5,1785.0,3349.0,20.0,8.0,1,16,0,16
46,5,1783.0,3350.0,16.0,6.0,1,17,0,17
47,5,1781.0,3350.0,16.0,6.0,1,18,0,18
48,5,1779.0,3350.0,17.0,6.0,1,19,0,19
49,5,1777.0,3350.0,17.0,7.0,1,20,0,20
50,5,1776.0,3349.0,33.0,10.0,1,21,0,21
51,5,1774.0,3349.0,16.0,6.0,1,22,0,22
52,5,1771.0,3348.0,18.0,7.0,1,23,0,23
53,5,1771.0,3348.0,16.0,6.0,1,24,0,24
54,5,1769.0,3348.0,17.0,7.0,1,25,0,25
55,5,1768.0,3348.0,17.0,6.0,1,26,0,26
56,5,1766.0,3348.0,17.0,6.0,1,27,0,27
57,5,1765.0,3348.0,17.0,6.0,1,28,0,28
58,5,1764.0,3348.0,18.0,6.0,1,29,0,29
59,5,1763.0,3348.0,17.0,6.0,1,30,0,30
60,5,1762.0,3348.0,18.0,6.0,1,31,0,31
61,5,1761.0,3348.0,15.0,5.0,1,32,0,32
62,5,1757.0,3348.0,18.0,7.0,1,33,0,33
63,5,1757.0,3348.0,16.0,5.0,1,34,0,34
64,5,1756.0,3348.0,17.0,6.0,1,35,0,35
65,5,1756.0,3348.0,16.0,6.0,1,36,0,36
66,5,1755.0,3348.0,15.0,6.0,1,37,0,37
67,5,1754.0,3347.0,16.0,8.0,1,38,0,38
68,5,1752.0,3349.0,17.0,8.0,1,39,0,39
69,5,1751.0,3349.0,16.0,6.0,1,40,0,40
70,5,1750.0,3350.0,18.0,9.0,1,41,0,41
71,5,1749.0,3349.0,18.0,8.0,1,42,0,42
72,5,1749.0,3352.0,16.0,10.0,1,43,0,43
73,5,1750.0,3350.0,12.0,11.0,1,44,0,44
74,5,1750.0,3346.0,15.0,13.0,1,45,0,45
75,5,1746.0,3347.0,19.0,13.0,1,46,0,46
76,5,1743.0,3354.0,21.0,10.0,1,47,0,47
77,5,1746.0,3357.0,13.0,12.0,1,48,0,48
78,5,1748.0,3357.0,12.0,5.0,1,49,0,49
79,5,1748.0,3351.0,12.0,11.0,1,50,0,50
80,5,1739.0,3355.0,22.0,10.0,1,51,0,51
80,6,2129.0,3031.0,31.0,5.0,1,3,0,3
81,5,1742.0,3358.0,18.0,15.0,1,52,0,52
81,6,2122.0,3030.0,35.0,6.0,1,4,0,4
82,5,1744.0,3359.0,12.0,10.0,1,53,0,53
82,6,2117.0,3029.0,33.0,6.0,1,5,0,5
83,5,1744.0,3358.0,17.0,9.0,1,54,0,54
83,6,2111.0,3029.0,49.0,7.0,1,6,0,6
84,5,1739.0,3356.0,20.0,13.0,1,55,0,55
84,6,2104.0,3031.0,56.0,7.0,1,7,0,7
85,5,1744.0,3365.0,15.0,7.0,1,56,0,56
85,6,2098.0,3027.0,62.0,9.0,1,8,0,8
86,5,1738.0,3365.0,14.0,11.0,1,57,0,57
86,6,2093.0,3027.0,30.0,8.0,1,9,0,9
87,5,1738.0,3363.0,14.0,7.0,1,58,0,58
87,6,2087.0,3030.0,70.0,6.0,1,10,0,10
88,5,1734.0,3358.0,19.0,13.0,1,59,0,59
88,6,2081.0,3030.0,72.0,7.0,1,11,0,11
88,7,735.0,3071.0,123.0,283.0,1,3,0,3
89,5,1738.0,3366.0,14.0,6.0,1,60,0,60
89,6,2075.0,3026.0,85.0,12.0,1,12,0,12
89,7,740.0,3065.0,123.0,278.0,1,4,0,4
90,5,1730.0,3366.0,17.0,10.0,1,61,0,61
90,6,2068.0,3026.0,57.0,10.0,1,13,0,13
90,7,740.0,3065.0,123.0,278.0,0,4,1,5
91,5,1732.0,3362.0,14.0,8.0,1,62,0,62
91,6,2068.0,3026.0,57.0,10.0,0,13,1,14
91,7,740.0,3065.0,123.0,278.0,0,4,2,6
92,5,1726.0,3358.0,21.0,13.0,1,63,0,63
92,6,2055.0,3030.0,52.0,10.0,1,14,0,15
92,7,740.0,3065.0,123.0,278.0,0,4,3,7
93,5,1722.0,3363.0,20.0,8.0,1,64,0,64
93,6,2048.0,3031.0,33.0,6.0,1,15,0,16
93,7,740.0,3065.0,123.0,278.0,0,4,4,8
94,5,1723.0,3363.0,16.0,13.0,1,65,0,65
94,6,2044.0,3026.0,30.0,9.0,1,16,0,17
94,7,740.0,3065.0,123.0,278.0,0,4,5,9
95,5,1723.0,3361.0,10.0,10.0,1,66,0,66
95,6,2037.0,3030.0,31.0,5.0,1,17,0,18
95,7,740.0,3065.0,123.0,278.0,0,4,6,10
96,5,1721.0,3358.0,14.0,10.0,1,67,0,67
96,6,2031.0,3032.0,31.0,5.0,1,18,0,19
96,7,740.0,3065.0,123.0,278.0,0,4,7,11
97,5,1716.0,3357.0,16.0,11.0,1,68,0,68
97,6,2025.0,3031.0,31.0,7.0,1,19,0,20
97,7,740.0,3065.0,123.0,278.0,0,4,8,12
98,5,1714.0,3363.0,18.0,7.0,1,69,0,69
98,6,2019.0,3029.0,30.0,6.0,1,20,0,21
98,7,740.0,3065.0,123.0,278.0,0,4,9,13
99,5,1711.0,3359.0,16.0,13.0,1,70,0,70
99,6,2010.0,3031.0,34.0,6.0,1,21,0,22
99,7,740.0,3065.0,123.0,278.0,0,4,10,14
100,5,1712.0,3359.0,16.0,7.0,1,71,0,71
100,6,2005.0,3030.0,32.0,7.0,1,22,0,23
100,7,740.0,3065.0,123.0,278.0,0,4,11,15
101,5,1707.0,3350.0,17.0,13.0,1,72,0,72
101,6,1999.0,3030.0,32.0,6.0,1,23,0,24
101,7,740.0,3065.0,123.0,278.0,0,4,12,16
102,5,1701.0,3357.0,22.0,7.0,1,73,0,73
102,6,1993.0,3029.0,32.0,6.0,1,24,0,25
102,7,740.0,3065.0,123.0,278.0,0,4,13,17
103,5,1703.0,3356.0,18.0,12.0,1,74,0,74
103,6,1985.0,3030.0,33.0,6.0,1,25,0,26
103,7,740.0,3065.0,123.0,278.0,0,4,14,18
104,5,1702.0,3355.0,12.0,6.0,1,75,0,75
104,6,1980.0,3030.0,32.0,8.0,1,26,0,27
105,5,1700.0,3350.0,17.0,10.0,1,76,0,76
105,6,1975.0,3031.0,31.0,5.0,1,27,0,28
106,5,1694.0,3346.0,18.0,15.0,1,77,0,77
106,6,1969.0,3031.0,31.0,5.0,1,28,0,29
107,5,1690.0,3351.0,20.0,10.0,1,78,0,78
107,6,1962.0,3030.0,36.0,7.0,1,29,0,30
108,5,1692.0,3349.0,15.0,13.0,1,79,0,79
108,6,1955.0,3031.0,34.0,7.0,1,30,0,31
109,5,1690.0,3346.0,14.0,6.0,1,80,0,80
109,6,1948.0,3030.0,33.0,7.0,1,31,0,32
110,5,1686.0,3339.0,14.0,14.0,1,81,0,81
110,6,1941.0,3031.0,34.0,5.0,1,32,0,33
111,5,1679.0,3342.0,22.0,11.0,1,82,0,82
111,6,1935.0,3029.0,33.0,9.0,1,33,0,34
112,5,1679.0,3342.0,18.0,10.0,1,83,0,83
112,6,1929.0,3033.0,33.0,7.0,1,34,0,35
113,5,1678.0,3340.0,10.0,7.0,1,84,0,84
113,6,1924.0,3031.0,32.0,6.0,1,35,0,36
114,5,1674.0,3335.0,19.0,8.0,1,85,0,85
114,6,1914.0,3031.0,35.0,6.0,1,36,0,37
115,5,1671.0,3330.0,17.0,12.0,1,86,0,86
115,6,1908.0,3029.0,34.0,9.0,1,37,0,38
116,5,1671.0,3332.0,11.0,9.0,1,87,0,87
116,6,1904.0,3033.0,32.0,8.0,1,38,0,39
117,5,1666.0,3331.0,15.0,9.0,1,88,0,88
117,6,1899.0,3032.0,31.0,5.0,1,39,0,40
118,5,1662.0,3329.0,14.0,6.0,1,89,0,89
118,6,1892.0,3032.0,32.0,5.0,1,40,0,41
119,5,1662.0,3322.0,15.0,10.0,1,90,0,90
119,6,1883.0,3030.0,33.0,8.0,1,41,0,42
120,5,1656.0,3320.0,19.0,13.0,1,91,0,91
120,6,1878.0,3032.0,32.0,8.0,1,42,0,43
121,5,1651.0,3323.0,21.0,8.0,1,92,0,92
121,6,1872.0,3030.0,32.0,8.0,1,43,0,44
122,5,1651.0,3321.0,19.0,9.0,1,93,0,93
122,6,1866.0,3029.0,28.0,9.0,1,44,0,45
123,5,1653.0,3318.0,14.0,7.0,1,94,0,94
123,6,1859.0,3033.0,32.0,5.0,1,45,0,46
124,5,1651.0,3315.0,13.0,7.0,1,95,0,95
124,6,1852.0,3032.0,32.0,7.0,1,46,0,47
125,5,1649.0,3313.0,13.0,7.0,1,96,0,96
125,6,1841.0,3031.0,36.0,5.0,1,47,0,48
126,5,1648.0,3312.0,11.0,7.0,1,97,0,97
126,6,1839.0,3028.0,31.0,9.0,1,48,0,49
127,5,1639.0,3311.0,16.0,6.0,1,98,0,98
127,6,1832.0,3030.0,28.0,7.0,1,49,0,50
128,5,1639.0,3309.0,12.0,8.0,1,99,0,99
128,6,1822.0,3030.0,32.0,7.0,1,50,0,51
129,5,1635.0,3307.0,16.0,5.0,1,100,0,100
129,6,1819.0,3030.0,32.0,6.0,1,51,0,52
130,5,1632.0,3306.0,18.0,5.0,1,101,0,101
130,6,1812.0,3027.0,31.0,10.0,1,52,0,53
131,5,1631.0,3304.0,17.0,5.0,1,102,0,102
131,6,1805.0,3031.0,31.0,6.0,1,53,0,54
132,5,1628.0,3301.0,18.0,6.0,1,103,0,103
132,6,1799.0,3029.0,31.0,7.0,1,54,0,55
133,5,1626.0,3299.0,19.0,6.0,1,104,0,104
133,6,1792.0,3030.0,31.0,5.0,1,55,0,56
134,5,1624.0,3297.0,18.0,6.0,1,105,0,105
134,6,1785.0,3029.0,30.0,6.0,1,56,0,57
135,5,1623.0,3295.0,18.0,5.0,1,106,0,106
135,6,1778.0,3030.0,33.0,7.0,1,57,0,58
136,5,1621.0,3292.0,18.0,7.0,1,107,0,107
136,6,1772.0,3029.0,30.0,7.0,1,58,0,59
137,5,1619.0,3290.0,19.0,7.0,1,108,0,108
137,6,1764.0,3029.0,32.0,6.0,1,59,0,60
138,5,1618.0,3288.0,18.0,6.0,1,109,0,109
138,6,1759.0,3028.0,31.0,8.0,1,60,0,61
139,5,1616.0,3286.0,18.0,6.0,1,110,0,110
139,6,1751.0,3030.0,30.0,6.0,1,61,0,62
139,12,2083.0,3010.0,59.0,18.0,1,3,0,3
140,5,1614.0,3284.0,17.0,7.0,1,111,0,111
140,6,1744.0,3029.0,30.0,6.0,1,62,0,63
140,12,2107.0,3012.0,31.0,6.0,1,4,0,4
141,5,1612.0,3282.0,18.0,6.0,1,112,0,112
141,6,1738.0,3028.0,30.0,6.0,1,63,0,64
141,12,2107.0,3012.0,31.0,6.0,0,4,1,5
142,5,1611.0,3281.0,17.0,6.0,1,113,0,113
142,6,1731.0,3028.0,31.0,6.0,1,64,0,65
142,12,2046.0,3015.0,38.0,13.0,1,5,0,6
143,5,1609.0,3279.0,17.0,6.0,1,114,0,114
143,6,1723.0,3029.0,39.0,5.0,1,65,0,66
143,12,2046.0,3015.0,38.0,13.0,0,5,1,7
144,5,1608.0,3277.0,17.0,6.0,1,115,0,115
144,6,1714.0,3028.0,34.0,7.0,1,66,0,67
144,12,2086.0,3013.0,28.0,7.0,1,6,0,8
145,5,1606.0,3275.0,17.0,6.0,1,116,0,116
145,6,1711.0,3027.0,28.0,6.0,1,67,0,68
145,12,2031.0,3014.0,52.0,12.0,1,7,0,9
146,5,1605.0,3274.0,17.0,6.0,1,117,0,117
146,6,1703.0,3026.0,66.0,10.0,1,68,0,69
146,12,2031.0,3014.0,52.0,12.0,0,7,1,10
147,5,1604.0,3272.0,16.0,6.0,1,118,0,118
147,6,1696.0,3026.0,31.0,13.0,1,69,0,70
147,12,2031.0,3014.0,52.0,12.0,0,7,2,11
148,5,1602.0,3271.0,16.0,7.0,1,119,0,119
148,6,1690.0,3028.0,29.0,8.0,1,70,0,71
148,12,2031.0,3014.0,52.0,12.0,0,7,3,12
149,5,1601.0,3270.0,17.0,7.0,1,120,0,120
149,6,1683.0,3027.0,29.0,7.0,1,71,0,72
149,12,2055.0,3013.0,30.0,6.0,1,8,0,13
150,5,1600.0,3268.0,18.0,8.0,1,121,0,121
150,6,1676.0,3026.0,28.0,6.0,1,72,0,73
150,12,2018.0,3014.0,36.0,12.0,1,9,0,14
151,5,1599.0,3267.0,17.0,7.0,1,122,0,122
151,6,1669.0,3026.0,28.0,7.0,1,73,0,74
151,12,2018.0,3014.0,36.0,12.0,0,9,1,15
151,14,766.0,3105.0,89.0,224.0,1,3,0,3
152,5,1599.0,3266.0,15.0,6.0,1,123,0,123
152,6,1662.0,3027.0,67.0,7.0,1,74,0,75
152,12,2037.0,3010.0,30.0,7.0,1,10,0,16
152,14,764.0,3098.0,96.0,221.0,1,4,0,4
153,5,1598.0,3265.0,15.0,8.0,1,124,0,124
153,6,1655.0,3024.0,29.0,8.0,1,75,0,76
153,12,1999.0,3013.0,41.0,16.0,1,11,0,17
153,14,764.0,3098.0,96.0,221.0,0,4,1,5
154,5,1598.0,3264.0,16.0,9.0,1,125,0,125
154,6,1648.0,3025.0,29.0,8.0,1,76,0,77
154,12,1999.0,3013.0,41.0,16.0,0,11,1,18
154,14,764.0,3098.0,96.0,221.0,0,4,2,6
155,5,1595.0,3264.0,17.0,8.0,1,126,0,126
155,6,1641.0,3026.0,30.0,7.0,1,77,0,78
155,12,1999.0,3013.0,41.0,16.0,0,11,2,19
155,14,766.0,3070.0,111.0,218.0,1,5,0,7
156,5,1596.0,3263.0,16.0,8.0,1,127,0,127
156,6,1635.0,3027.0,28.0,5.0,1,78,0,79
156,12,1999.0,3013.0,41.0,16.0,0,11,3,20
156,14,766.0,3070.0,111.0,218.0,0,5,1,8
157,5,1594.0,3262.0,16.0,9.0,1,128,0,128
157,6,1628.0,3025.0,28.0,5.0,1,79,0,80
157,12,2006.0,3011.0,33.0,7.0,1,12,0,21
157,14,766.0,3070.0,111.0,218.0,0,5,2,9
158,5,1596.0,3261.0,15.0,9.0,1,129,0,129
158,6,1620.0,3025.0,29.0,8.0,1,80,0,81
158,12,1969.0,3013.0,37.0,13.0,1,13,0,22
158,14,766.0,3070.0,111.0,218.0,0,5,3,10
159,5,1594.0,3261.0,16.0,8.0,1,130,0,130
159,6,1613.0,3024.0,29.0,7.0,1,81,0,82
159,12,1945.0,3010.0,37.0,14.0,1,14,0,23
159,14,766.0,3070.0,111.0,218.0,0,5,4,11
160,5,1595.0,3260.0,15.0,9.0,1,131,0,131
160,6,1607.0,3022.0,29.0,8.0,1,82,0,83
160,12,1945.0,3010.0,37.0,14.0,0,14,1,24
160,14,766.0,3070.0,111.0,218.0,0,5,5,12
161,5,1593.0,3260.0,15.0,7.0,1,132,0,132
161,6,1598.0,3021.0,29.0,8.0,1,83,0,84
161,12,1950.0,3010.0,63.0,18.0,1,15,0,25
161,14,766.0,3070.0,111.0,218.0,0,5,6,13
162,5,1593.0,3260.0,15.0,8.0,1,133,0,133
162,6,1590.0,3022.0,30.0,7.0,1,84,0,85
162,12,1950.0,3010.0,63.0,18.0,0,15,1,26
162,14,766.0,3070.0,111.0,218.0,0,5,7,14
163,5,1593.0,3260.0,15.0,8.0,1,134,0,134
163,6,1584.0,3022.0,68.0,8.0,1,85,0,86
163,12,1969.0,3013.0,32.0,8.0,1,16,0,27
163,14,766.0,3070.0,111.0,218.0,0,5,8,15
164,5,1593.0,3260.0,16.0,8.0,1,135,0,135
164,6,1578.0,3023.0,29.0,7.0,1,86,0,87
164,12,1931.0,3010.0,38.0,14.0,1,17,0,28
164,14,766.0,3070.0,111.0,218.0,0,5,9,16
165,5,1593.0,3259.0,16.0,8.0,1,136,0,136
165,6,1573.0,3015.0,27.0,12.0,1,87,0,88
165,12,1906.0,3014.0,36.0,12.0,1,18,0,29
165,14,766.0,3070.0,111.0,218.0,0,5,10,17
166,5,1593.0,3259.0,16.0,8.0,1,137,0,137
166,6,1563.0,3019.0,25.0,8.0,1,88,0,89
166,12,1867.0,3015.0,57.0,11.0,1,19,0,30
166,14,766.0,3070.0,111.0,218.0,0,5,11,18
167,5,1593.0,3259.0,16.0,8.0,1,138,0,138
167,6,1557.0,3019.0,25.0,8.0,1,89,0,90
167,12,1867.0,3015.0,57.0,11.0,0,19,1,31
167,14,766.0,3070.0,111.0,218.0,0,5,12,19
167,17,1913.0,3012.0,61.0,12.0,1,3,0,3
168,5,1596.0,3259.0,13.0,8.0,1,139,0,139
168,6,1552.0,3019.0,24.0,7.0,1,90,0,91
168,12,1887.0,3011.0,37.0,13.0,1,20,0,32
168,14,766.0,3070.0,111.0,218.0,0,5,13,20
168,17,1939.0,3012.0,29.0,8.0,1,4,0,4
169,5,1596.0,3260.0,14.0,7.0,1,140,0,140
169,6,1544.0,3016.0,28.0,9.0,1,91,0,92
169,12,1882.0,3012.0,55.0,14.0,1,21,0,33
169,14,766.0,3070.0,111.0,218.0,0,5,14,21
169,17,1939.0,3012.0,29.0,8.0,0,4,1,5
170,5,1596.0,3260.0,15.0,7.0,1,141,0,141
170,6,1539.0,3018.0,25.0,7.0,1,92,0,93
170,12,1874.0,3014.0,56.0,10.0,1,22,0,34
170,17,1939.0,3012.0,29.0,8.0,0,4,2,6
171,5,1596.0,3260.0,15.0,7.0,1,142,0,142
171,6,1531.0,3019.0,26.0,6.0,1,93,0,94
171,12,1874.0,3014.0,56.0,10.0,0,22,1,35
171,17,1939.0,3012.0,29.0,8.0,0,4,3,7
172,5,1595.0,3260.0,18.0,8.0,1,143,0,143
172,6,1524.0,3016.0,28.0,8.0,1,94,0,95
172,12,1836.0,3018.0,49.0,6.0,1,23,0,36
172,17,1908.0,3011.0,35.0,10.0,1,5,0,8
173,5,1595.0,3260.0,18.0,9.0,1,144,0,144
173,6,1519.0,3015.0,25.0,7.0,1,95,0,96
173,12,1818.0,3015.0,42.0,10.0,1,24,0,37
173,17,1873.0,3011.0,40.0,13.0,1,6,0,9
174,5,1595.0,3261.0,19.0,8.0,1,145,0,145
174,6,1510.0,3014.0,27.0,8.0,1,96,0,97
174,12,1780.0,3015.0,48.0,10.0,1,25,0,38
174,17,1847.0,3014.0,38.0,8.0,1,7,0,10
175,5,1596.0,3263.0,19.0,7.0,1,146,0,146
175,6,1504.0,3016.0,26.0,6.0,1,97,0,98
175,12,1780.0,3015.0,48.0,10.0,0,25,1,39
175,17,1816.0,3017.0,50.0,7.0,1,8,0,11
176,5,1600.0,3263.0,16.0,7.0,1,147,0,147
176,6,1498.0,3014.0,26.0,8.0,1,98,0,99
176,12,1733.0,3018.0,51.0,8.0,1,26,0,40
176,17,1799.0,3017.0,41.0,9.0,1,9,0,12
176,18,1854.0,3011.0,61.0,14.0,1,3,0,3
177,5,1603.0,3265.0,13.0,6.0,1,148,0,148
177,6,1492.0,3011.0,25.0,8.0,1,99,0,100
177,12,1698.0,3018.0,61.0,8.0,1,27,0,41
177,17,1826.0,3014.0,39.0,10.0,1,10,0,13
177,18,1880.0,3011.0,31.0,10.0,1,4,0,4
178,5,1604.0,3264.0,14.0,8.0,1,149,0,149
178,6,1483.0,3012.0,26.0,7.0,1,100,0,101
178,12,1698.0,3018.0,61.0,8.0,0,27,1,42
178,17,1821.0,3014.0,58.0,9.0,1,11,0,14
178,18,1880.0,3011.0,31.0,10.0,0,4,1,5
179,5,1602.0,3266.0,21.0,8.0,1,150,0,150
179,6,1477.0,3012.0,53.0,9.0,1,101,0,102
179,12,1644.0,3016.0,47.0,12.0,1,28,0,43
179,17,1821.0,3014.0,58.0,9.0,0,11,1,15
179,18,1868.0,3012.0,29.0,7.0,1,5,0,6
180,5,1607.0,3268.0,16.0,9.0,1,151,0,151
180,6,1471.0,3011.0,53.0,10.0,1,102,0,103
180,12,1591.0,3019.0,62.0,7.0,1,29,0,44
180,17,1821.0,3014.0,58.0,9.0,0,11,2,16
180,18,1828.0,3011.0,39.0,14.0,1,6,0,7
181,5,1607.0,3268.0,18.0,9.0,1,152,0,152
181,6,1465.0,3009.0,51.0,16.0,1,103,0,104
181,12,1591.0,3019.0,62.0,7.0,0,29,1,45
181,17,1802.0,3013.0,37.0,9.0,1,12,0,17
181,18,1855.0,3012.0,30.0,9.0,1,7,0,8
182,5,1612.0,3266.0,13.0,11.0,1,153,0,153
182,6,1456.0,3010.0,28.0,7.0,1,104,0,105
182,12,1534.0,3014.0,50.0,11.0,1,30,0,46
182,17,1802.0,3013.0,37.0,9.0,0,12,1,18
182,18,1855.0,3012.0,30.0,9.0,0,7,1,9
183,5,1607.0,3266.0,24.0,10.0,1,154,0,154
183,6,1450.0,3010.0,26.0,6.0,1,105,0,106
183,12,1499.0,3013.0,39.0,10.0,1,31,0,47
183,17,1546.0,3017.0,57.0,8.0,1,13,0,19
183,18,1842.0,3014.0,30.0,6.0,1,8,0,10
184,5,1615.0,3272.0,18.0,11.0,1,155,0,155
184,6,1445.0,3009.0,51.0,9.0,1,106,0,107
184,12,1521.0,3015.0,49.0,10.0,1,32,0,48
184,17,1546.0,3017.0,57.0,8.0,0,13,1,20
184,18,1803.0,3011.0,61.0,12.0,1,9,0,11
185,5,1615.0,3272.0,12.0,8.0,1,156,0,156
185,6,1438.0,3008.0,25.0,7.0,1,107,0,108
185,12,1484.0,3014.0,56.0,11.0,1,33,0,49
185,17,1546.0,3017.0,57.0,8.0,0,13,2,21
185,18,1775.0,3012.0,59.0,9.0,1,10,0,12
186,5,1619.0,3270.0,14.0,8.0,1,157,0,157
186,6,1431.0,3008.0,5.0,5.0,1,108,0,109
186,12,1451.0,3008.0,48.0,12.0,1,34,0,50
186,17,1526.0,3014.0,57.0,10.0,1,14,0,22
186,18,1743.0,3012.0,63.0,10.0,1,11,0,13
187,5,1615.0,3267.0,18.0,14.0,1,158,0,158
187,6,1431.0,3008.0,5.0,5.0,0,108,1,110
187,12,1424.0,3009.0,26.0,5.0,1,35,0,51
187,17,1472.0,3010.0,55.0,11.0,1,15,0,23
187,18,1728.0,3016.0,39.0,7.0,1,12,0,14
188,5,1615.0,3274.0,20.0,9.0,1,159,0,159
188,6,1431.0,3008.0,5.0,5.0,0,108,2,111
188,12,1424.0,3009.0,26.0,5.0,0,35,1,52
188,17,1438.0,3010.0,48.0,8.0,1,16,0,24
188,18,1755.0,3010.0,37.0,11.0,1,13,0,15
188,20,1809.0,3011.0,31.0,10.0,1,3,0,3
189,5,1619.0,3274.0,15.0,12.0,1,160,0,160
189,6,1411.0,3005.0,64.0,12.0,1,109,0,112
189,12,1424.0,3009.0,26.0,5.0,0,35,2,53
189,17,1438.0,3010.0,48.0,8.0,0,16,1,25
189,18,1755.0,3010.0,37.0,11.0,0,13,1,16
189,20,1770.0,3011.0,38.0,8.0,1,4,0,4
190,5,1624.0,3274.0,12.0,6.0,1,161,0,161
190,6,1405.0,3005.0,64.0,11.0,1,110,0,113
190,12,1424.0,3009.0,26.0,5.0,0,35,3,54
190,17,1438.0,3010.0,48.0,8.0,0,16,2,26
190,18,1755.0,3010.0,37.0,11.0,0,13,2,17
190,20,1796.0,3012.0,30.0,7.0,1,5,0,5
191,5,1621.0,3270.0,18.0,11.0,1,162,0,162
191,6,1398.0,3006.0,25.0,7.0,1,111,0,114
191,12,1424.0,3009.0,26.0,5.0,0,35,4,55
191,17,1438.0,3010.0,48.0,8.0,0,16,3,27
191,18,1755.0,3010.0,37.0,11.0,0,13,3,18
191,20,1757.0,3009.0,38.0,11.0,1,6,0,6
192,5,1618.0,3277.0,22.0,6.0,1,163,0,163
192,6,1486.0,3013.0,58.0,8.0,1,112,0,115
192,12,1424.0,3009.0,26.0,5.0,0,35,5,56
192,17,1391.0,3005.0,52.0,9.0,1,17,0,28
192,18,1729.0,3009.0,37.0,11.0,1,14,0,19
192,20,1783.0,3010.0,29.0,11.0,1,7,0,7
193,5,1623.0,3277.0,16.0,12.0,1,164,0,164
193,6,1479.0,3013.0,59.0,7.0,1,113,0,116
193,12,1424.0,3009.0,26.0,5.0,0,35,6,57
193,17,1382.0,3003.0,67.0,12.0,1,18,0,29
193,18,1691.0,3014.0,36.0,6.0,1,15,0,20
193,20,1744.0,3009.0,38.0,9.0,1,8,0,8
194,5,1627.0,3276.0,14.0,6.0,1,165,0,165
194,6,1456.0,3007.0,49.0,10.0,1,114,0,117
194,12,1424.0,3009.0,26.0,5.0,0,35,7,58
194,17,1378.0,3003.0,52.0,10.0,1,19,0,30
194,18,1691.0,3014.0,36.0,6.0,0,15,1,21
194,20,1771.0,3010.0,29.0,9.0,1,9,0,9
195,5,1626.0,3271.0,15.0,11.0,1,166,0,166
195,6,1469.0,3009.0,56.0,10.0,1,115,0,118
195,12,1424.0,3009.0,26.0,5.0,0,35,8,59
195,17,1372.0,3003.0,51.0,8.0,1,20,0,31
195,18,1691.0,3014.0,36.0,6.0,0,15,2,22
195,20,1730.0,3008.0,39.0,13.0,1,10,0,10
196,5,1622.0,3278.0,23.0,7.0,1,167,0,167
196,6,1463.0,3010.0,55.0,7.0,1,116,0,119
196,12,1424.0,3009.0,26.0,5.0,0,35,9,60
196,17,1364.0,3002.0,53.0,9.0,1,21,0,32
196,18,1691.0,3014.0,36.0,6.0,0,15,3,23
196,20,1726.0,3007.0,60.0,14.0,1,11,0,11
197,5,1628.0,3278.0,15.0,10.0,1,168,0,168
197,6,1479.0,3009.0,67.0,10.0,1,117,0,120
197,12,1424.0,3009.0,26.0,5.0,0,35,10,61
197,17,1359.0,2999.0,25.0,9.0,1,22,0,33
197,18,1691.0,3014.0,36.0,6.0,0,15,4,24
197,20,1719.0,3007.0,61.0,12.0,1,12,0,12
198,5,1629.0,3276.0,15.0,6.0,1,169,0,169
198,6,1449.0,3009.0,57.0,6.0,1,118,0,121
198,12,1424.0,3009.0,26.0,5.0,0,35,11,62
198,17,1353.0,3000.0,51.0,11.0,1,23,0,34
198,18,1691.0,3014.0,36.0,6.0,0,15,5,25
198,20,1744.0,3009.0,29.0,8.0,1,13,0,13
199,5,1630.0,3271.0,15.0,10.0,1,170,0,170
199,6,1444.0,3005.0,56.0,10.0,1,119,0,122
199,12,1424.0,3009.0,26.0,5.0,0,35,12,63
199,17,1345.0,2999.0,65.0,11.0,1,24,0,35
199,18,1691.0,3014.0,36.0,6.0,0,15,6,26
199,20,1705.0,3003.0,40.0,16.0,1,14,0,14
200,5,1625.0,3273.0,23.0,9.0,1,171,0,171
200,6,1444.0,3005.0,56.0,10.0,0,119,1,123
200,12,1424.0,3009.0,26.0,5.0,0,35,13,64
200,17,1339.0,3000.0,26.0,5.0,1,25,0,36
200,18,1676.0,3003.0,37.0,13.0,1,16,0,27
200,20,1732.0,3007.0,28.0,13.0,1,15,0,15
200,23,366.0,19.0,64.0,33.0,1,3,0,3
201,5,1630.0,3275.0,19.0,12.0,1,172,0,172
201,6,1453.0,3005.0,69.0,13.0,1,120,0,124
201,12,1424.0,3009.0,26.0,5.0,0,35,14,65
201,17,1332.0,2997.0,65.0,11.0,1,26,0,37
201,18,1626.0,3007.0,47.0,10.0,1,17,0,28
201,20,1722.0,3005.0,32.0,14.0,1,16,0,16
201,23,333.0,19.0,64.0,33.0,1,4,0,4
202,5,1631.0,3273.0,17.0,10.0,1,173,0,173
202,6,1422.0,3005.0,58.0,9.0,1,121,0,125
202,17,1327.0,2998.0,51.0,10.0,1,27,0,38
202,18,1626.0,3007.0,47.0,10.0,0,17,1,29
202,20,1685.0,3006.0,40.0,10.0,1,17,0,17
202,23,304.0,19.0,55.0,33.0,1,5,0,5
203,5,1636.0,3270.0,13.0,9.0,1,174,0,174
203,6,1397.0,3002.0,52.0,10.0,1,122,0,126
203,17,1320.0,2997.0,52.0,9.0,1,28,0,39
203,18,1626.0,3007.0,47.0,10.0,0,17,2,30
203,20,1712.0,3007.0,28.0,10.0,1,18,0,18
203,23,304.0,19.0,55.0,33.0,0,5,1,6
204,5,1630.0,3266.0,19.0,13.0,1,175,0,175
204,6,1411.0,3004.0,58.0,7.0,1,123,0,127
204,17,1311.0,2997.0,54.0,9.0,1,29,0,40
204,18,1626.0,3007.0,47.0,10.0,0,17,3,31
204,20,1672.0,3004.0,38.0,11.0,1,19,0,19
204,23,233.0,19.0,58.0,33.0,1,6,0,7
204,24,2130.0,2982.0,18.0,12.0,1,3,0,3
205,5,1630.0,3273.0,18.0,8.0,1,176,0,176
205,6,1428.0,3003.0,69.0,12.0,1,124,0,128
205,17,1307.0,2995.0,50.0,11.0,1,30,0,41
205,18,1626.0,3007.0,47.0,10.0,0,17,4,32
205,20,1699.0,3005.0,27.0,12.0,1,20,0,20
205,23,181.0,19.0,64.0,33.0,1,7,0,8
205,24,2123.0,2982.0,17.0,10.0,1,4,0,4
206,5,1633.0,3272.0,13.0,9.0,1,177,0,177
206,6,1381.0,3000.0,47.0,8.0,1,125,0,129
206,17,1300.0,2996.0,52.0,10.0,1,31,0,42
206,18,1626.0,3007.0,47.0,10.0,0,17,5,33
206,20,1658.0,3004.0,40.0,13.0,1,21,0,21
206,23,134.0,19.0,62.0,33.0,1,8,0,9
206,24,2115.0,2982.0,17.0,9.0,1,5,0,5
207,5,1635.0,3269.0,14.0,7.0,1,178,0,178
207,6,1416.0,3003.0,68.0,10.0,1,126,0,130
207,17,1294.0,2996.0,24.0,6.0,1,32,0,43
207,18,1626.0,3007.0,47.0,10.0,0,17,6,34
207,20,1629.0,3001.0,59.0,15.0,1,22,0,22
207,23,134.0,19.0,62.0,33.0,0,8,1,10
207,24,2106.0,2982.0,18.0,10.0,1,6,0,6
208,5,1636.0,3265.0,14.0,10.0,1,179,0,179
208,6,1410.0,3001.0,69.0,11.0,1,127,0,131
208,17,1288.0,2995.0,63.0,10.0,1,33,0,44
208,18,1600.0,3003.0,61.0,11.0,1,18,0,35
208,20,1677.0,3003.0,31.0,13.0,1,23,0,23
208,23,47.0,19.0,64.0,33.0,1,9,0,11
208,24,2101.0,2983.0,5.0,6.0,1,7,0,7
209,5,1631.0,3266.0,19.0,9.0,1,180,0,180
209,6,1405.0,3001.0,67.0,12.0,1,128,0,132
209,17,1281.0,2994.0,51.0,9.0,1,34,0,45
209,18,1590.0,3004.0,64.0,10.0,1,19,0,36
209,20,1677.0,3003.0,31.0,13.0,0,23,1,24
209,23,7.0,19.0,47.0,33.0,1,10,0,12
209,24,2093.0,2982.0,6.0,4.0,1,8,0,8
210,5,1635.0,3266.0,15.0,14.0,1,181,0,181
210,6,1373.0,2999.0,60.0,7.0,1,129,0,133
210,17,1275.0,2994.0,50.0,9.0,1,35,0,46
210,18,1559.0,3005.0,55.0,12.0,1,20,0,37
210,20,1677.0,3003.0,31.0,13.0,0,23,2,25
210,23,7.0,19.0,47.0,33.0,0,10,1,13
210,24,2085.0,2982.0,5.0,5.0,1,9,0,9
211,5,1636.0,3262.0,12.0,11.0,1,182,0,182
211,6,1367.0,2997.0,58.0,10.0,1,130,0,134
211,17,1268.0,2993.0,52.0,9.0,1,36,0,47
211,18,1536.0,3003.0,46.0,13.0,1,21,0,38
211,20,1603.0,3000.0,62.0,15.0,1,24,0,26
211,23,7.0,19.0,47.0,33.0,0,10,2,14
211,24,2077.0,2983.0,6.0,5.0,1,10,0,10
212,5,1641.0,3261.0,11.0,8.0,1,183,0,183
212,6,1384.0,2998.0,71.0,11.0,1,131,0,135
212,17,1261.0,2994.0,52.0,6.0,1,37,0,48
212,18,1511.0,3000.0,49.0,11.0,1,22,0,39
212,20,1572.0,3001.0,64.0,12.0,1,25,0,27
212,23,7.0,19.0,47.0,33.0,0,10,3,15
212,24,2067.0,2981.0,8.0,4.0,1,11,0,11
213,5,1635.0,3258.0,18.0,11.0,1,184,0,184
213,6,1378.0,2995.0,71.0,15.0,1,132,0,136
213,17,1255.0,2991.0,65.0,9.0,1,38,0,49
213,18,1474.0,3001.0,62.0,9.0,1,23,0,40
213,20,1562.0,3002.0,66.0,11.0,1,26,0,28
213,23,7.0,19.0,47.0,33.0,0,10,4,16
213,24,2061.0,2979.0,6.0,5.0,1,12,0,12
214,5,1639.0,3262.0,18.0,10.0,1,185,0,185
214,6,1331.0,2994.0,47.0,9.0,1,133,0,137
214,17,1248.0,2991.0,52.0,9.0,1,39,0,50
214,18,1447.0,3001.0,58.0,6.0,1,24,0,41
214,20,1535.0,3002.0,53.0,10.0,1,27,0,29
214,23,7.0,19.0,47.0,33.0,0,10,5,17
214,24,2051.0,2980.0,7.0,5.0,1,13,0,13
214,27,735.0,3079.0,119.0,284.0,1,3,0,3
215,5,1638.0,3255.0,14.0,16.0,1,186,0,186
215,6,1338.0,2992.0,61.0,13.0,1,134,0,138
215,17,1238.0,2988.0,58.0,11.0,1,40,0,51
215,18,1417.0,3000.0,51.0,7.0,1,25,0,42
215,20,1547.0,2998.0,71.0,16.0,1,28,0,30
215,23,7.0,19.0,47.0,33.0,0,10,6,18
215,24,2045.0,2980.0,7.0,6.0,1,14,0,14
215,27,735.0,3079.0,119.0,284.0,0,3,1,4
216,5,1640.0,3256.0,15.0,8.0,1,187,0,187
216,6,1299.0,2993.0,41.0,8.0,1,135,0,139
216,17,1233.0,2991.0,55.0,7.0,1,41,0,52
216,18,1360.0,2995.0,58.0,10.0,1,26,0,43
216,20,1504.0,2999.0,46.0,13.0,1,29,0,31
216,23,7.0,19.0,47.0,33.0,0,10,7,19
216,24,2035.0,2978.0,9.0,6.0,1,15,0,15
216,27,735.0,3055.0,129.0,288.0,1,4,0,5
217,5,1640.0,3250.0,17.0,12.0,1,188,0,188
217,6,1299.0,2993.0,41.0,8.0,0,135,1,140
217,17,1229.0,2991.0,51.0,9.0,1,42,0,53
217,18,1352.0,2993.0,72.0,15.0,1,27,0,44
217,20,1482.0,3001.0,50.0,9.0,1,30,0,32
217,23,7.0,19.0,47.0,33.0,0,10,8,20
217,24,2026.0,2978.0,10.0,5.0,1,16,0,16
217,27,735.0,3055.0,129.0,288.0,0,4,1,6
217,28,287.0,19.0,64.0,34.0,1,3,0,3
218,5,1640.0,3255.0,16.0,6.0,1,189,0,189
218,6,1299.0,2993.0,41.0,8.0,0,135,2,141
218,17,1219.0,2991.0,69.0,9.0,1,43,0,54
218,18,1345.0,2994.0,74.0,11.0,1,28,0,45
218,20,1475.0,2999.0,31.0,9.0,1,31,0,33
218,23,7.0,19.0,47.0,33.0,0,10,9,21
218,24,2020.0,2978.0,8.0,6.0,1,17,0,17
218,27,735.0,3055.0,129.0,288.0,0,4,2,7
218,28,243.0,19.0,64.0,34.0,1,4,0,4
219,5,1640.0,3251.0,14.0,13.0,1,190,0,190
219,6,1299.0,2993.0,41.0,8.0,0,135,3,142
219,17,1215.0,2989.0,55.0,9.0,1,44,0,55
219,18,1339.0,2993.0,73.0,10.0,1,29,0,46
219,20,1439.0,2997.0,52.0,8.0,1,32,0,34
219,23,7.0,19.0,47.0,33.0,0,10,10,22
219,24,2013.0,2978.0,7.0,5.0,1,18,0,18
219,27,735.0,3055.0,129.0,288.0,0,4,3,8
219,28,188.0,19.0,64.0,34.0,1,5,0,5
220,5,1638.0,3250.0,18.0,7.0,1,191,0,191
220,6,1299.0,2993.0,41.0,8.0,0,135,4,143
220,17,1210.0,2986.0,54.0,11.0,1,45,0,56
220,18,1336.0,2992.0,70.0,11.0,1,30,0,47
220,20,1432.0,2997.0,64.0,10.0,1,33,0,35
220,23,7.0,19.0,47.0,33.0,0,10,11,23
220,24,2006.0,2975.0,6.0,9.0,1,19,0,19
220,27,735.0,3055.0,129.0,288.0,0,4,4,9
220,28,134.0,19.0,56.0,34.0,1,6,0,6
221,5,1642.0,3245.0,14.0,10.0,1,192,0,192
221,6,1299.0,2993.0,41.0,8.0,0,135,5,144
221,17,1203.0,2989.0,52.0,7.0,1,46,0,57
221,18,1329.0,2991.0,71.0,12.0,1,31,0,48
221,20,1563.0,2995.0,61.0,15.0,1,34,0,36
221,23,7.0,19.0,47.0,33.0,0,10,12,24
221,24,1996.0,2976.0,8.0,5.0,1,20,0,20
221,27,735.0,3055.0,129.0,288.0,0,4,5,10
221,28,134.0,19.0,56.0,34.0,0,6,1,7
222,5,1639.0,3245.0,17.0,11.0,1,193,0,193
222,6,1322.0,2990.0,72.0,11.0,1,136,0,145
222,17,1196.0,2990.0,53.0,6.0,1,47,0,58
222,18,1481.0,2997.0,56.0,13.0,1,32,0,49
222,20,1557.0,2997.0,58.0,13.0,1,35,0,37
222,23,7.0,19.0,47.0,33.0,0,10,13,25
222,24,1989.0,2977.0,7.0,6.0,1,21,0,21
222,27,735.0,3055.0,129.0,288.0,0,4,6,11
222,28,16.0,19.0,53.0,34.0,1,7,0,8
223,5,1641.0,3245.0,17.0,11.0,1,194,0,194
223,6,1317.0,2990.0,70.0,10.0,1,137,0,146
223,17,1189.0,2989.0,54.0,7.0,1,48,0,59
223,18,1462.0,2994.0,44.0,18.0,1,33,0,50
223,20,1527.0,2995.0,61.0,12.0,1,36,0,38
223,23,7.0,19.0,47.0,33.0,0,10,14,26
223,24,1981.0,2975.0,8.0,6.0,1,22,0,22
223,27,735.0,3055.0,129.0,288.0,0,4,7,12
223,28,16.0,19.0,53.0,34.0,0,7,1,9
224,5,1642.0,3242.0,17.0,9.0,1,195,0,195
224,6,1310.0,2989.0,72.0,13.0,1,138,0,147
224,17,1184.0,2987.0,52.0,8.0,1,49,0,60
224,18,1439.0,2998.0,47.0,9.0,1,34,0,51
224,20,1544.0,2994.0,61.0,15.0,1,37,0,39
224,24,1974.0,2972.0,6.0,7.0,1,23,0,23
224,27,735.0,3055.0,129.0,288.0,0,4,8,13
224,28,16.0,19.0,53.0,34.0,0,7,2,10
225,5,1647.0,3238.0,13.0,9.0,1,196,0,196
225,6,1277.0,2989.0,59.0,8.0,1,139,0,148
225,17,1177.0,2988.0,53.0,6.0,1,50,0,61
225,18,1433.0,2998.0,41.0,8.0,1,35,0,52
225,20,1544.0,2994.0,61.0,15.0,0,37,1,40
225,24,1967.0,2974.0,5.0,4.0,1,24,0,24
225,27,735.0,3055.0,129.0,288.0,0,4,9,14
225,28,16.0,19.0,53.0,34.0,0,7,3,11
225,29,376.0,19.0,63.0,34.0,1,3,0,3
226,5,1645.0,3232.0,14.0,13.0,1,197,0,197
226,6,1237.0,2987.0,63.0,10.0,1,140,0,149
226,17,1171.0,2988.0,53.0,9.0,1,51,0,62
226,18,1399.0,2995.0,61.0,11.0,1,36,0,53
226,20,1544.0,2994.0,61.0,15.0,0,37,2,41
226,24,1959.0,2974.0,5.0,5.0,1,25,0,25
226,27,735.0,3055.0,129.0,288.0,0,4,10,15
226,28,16.0,19.0,53.0,34.0,0,7,4,12
226,29,347.0,19.0,64.0,34.0,1,4,0,4
227,5,1644.0,3234.0,17.0,8.0,1,198,0,198
227,6,1265.0,2987.0,60.0,10.0,1,141,0,150
227,17,1163.0,2989.0,28.0,6.0,1,52,0,63
227,18,1371.0,2993.0,55.0,8.0,1,37,0,54
227,20,1544.0,2994.0,61.0,15.0,0,37,3,42
227,24,1951.0,2973.0,6.0,4.0,1,26,0,26
227,27,735.0,3055.0,129.0,288.0,0,4,11,16
227,28,16.0,19.0,53.0,34.0,0,7,5,13
227,29,316.0,19.0,64.0,34.0,1,5,0,5
228,5,1646.0,3233.0,14.0,11.0,1,199,0,199
228,6,1256.0,2987.0,62.0,9.0,1,142,0,151
228,17,1157.0,2985.0,54.0,11.0,1,53,0,64
228,18,1353.0,2991.0,35.0,9.0,1,38,0,55
228,20,1544.0,2994.0,61.0,15.0,0,37,4,43
228,24,1943.0,2971.0,5.0,5.0,1,27,0,27
228,27,735.0,3055.0,129.0,288.0,0,4,12,17
228,28,16.0,19.0,53.0,34.0,0,7,6,14
228,29,278.0,19.0,64.0,34.0,1,6,0,6
229,5,1647.0,3230.0,12.0,10.0,1,200,0,200
229,6,1278.0,2986.0,72.0,11.0,1,143,0,152
229,17,1173.0,2987.0,58.0,7.0,1,54,0,65
229,18,1353.0,2991.0,35.0,9.0,0,38,1,56
229,20,1512.0,2992.0,58.0,15.0,1,38,0,44
229,24,1935.0,2972.0,5.0,5.0,1,28,0,28
229,27,735.0,3055.0,129.0,288.0,0,4,13,18
229,28,16.0,19.0,53.0,34.0,0,7,7,15
229,29,236.0,19.0,55.0,34.0,1,7,0,7
230,5,1650.0,3223.0,14.0,10.0,1,201,0,201
230,6,1278.0,2986.0,72.0,11.0,0,143,1,153
230,17,1144.0,2986.0,53.0,8.0,1,55,0,66
230,18,1298.0,2986.0,59.0,14.0,1,39,0,57
230,20,1483.0,2991.0,36.0,11.0,1,39,0,45
230,24,1927.0,2972.0,5.0,4.0,1,29,0,29
230,27,735.0,3055.0,129.0,288.0,0,4,14,19
230,28,16.0,19.0,53.0,34.0,0,7,8,16
230,29,187.0,19.0,64.0,33.0,1,8,0,8
231,5,1647.0,3222.0,17.0,10.0,1,202,0,202
231,6,1266.0,2986.0,71.0,11.0,1,144,0,154
231,17,1138.0,2986.0,54.0,7.0,1,56,0,67
231,18,1298.0,2986.0,59.0,14.0,0,39,1,58
231,20,1446.0,2988.0,64.0,20.0,1,40,0,46
231,24,1919.0,2970.0,6.0,5.0,1,30,0,30
231,28,16.0,19.0,53.0,34.0,0,7,9,17
231,29,139.0,19.0,60.0,33.0,1,9,0,9
232,5,1647.0,3225.0,21.0,8.0,1,203,0,203
232,6,1258.0,2984.0,73.0,14.0,1,145,0,155
232,17,1131.0,2984.0,57.0,10.0,1,57,0,68
232,18,1298.0,2986.0,59.0,14.0,0,39,2,59
232,20,1405.0,2990.0,46.0,16.0,1,41,0,47
232,24,1911.0,2969.0,7.0,5.0,1,31,0,31
232,28,16.0,19.0,53.0,34.0,0,7,10,18
232,29,86.0,19.0,64.0,33.0,1,10,0,10
233,5,1649.0,3222.0,14.0,10.0,1,204,0,204
233,6,1250.0,2985.0,63.0,9.0,1,146,0,156
233,17,1125.0,2986.0,55.0,7.0,1,58,0,69
233,18,1298.0,2986.0,59.0,14.0,0,39,3,60
233,20,1383.0,2991.0,45.0,13.0,1,42,0,48
233,24,1903.0,2970.0,7.0,5.0,1,32,0,32
233,28,16.0,19.0,53.0,34.0,0,7,11,19
233,29,33.0,19.0,59.0,33.0,1,11,0,11
234,5,1652.0,3218.0,14.0,7.0,1,205,0,205
234,6,1244.0,2986.0,64.0,7.0,1,147,0,157
234,17,1119.0,2987.0,53.0,7.0,1,59,0,70
234,18,1298.0,2986.0,59.0,14.0,0,39,4,61
234,20,1348.0,2992.0,52.0,6.0,1,43,0,49
234,24,1896.0,2970.0,6.0,4.0,1,33,0,33
234,28,16.0,19.0,53.0,34.0,0,7,12,20
234,29,33.0,19.0,59.0,33.0,0,11,1,12
234,31,2130.0,2990.0,8.0,5.0,1,3,0,3
235,5,1658.0,3215.0,11.0,7.0,1,206,0,206
235,6,1244.0,2986.0,64.0,7.0,0,147,1,158
235,17,1111.0,2987.0,28.0,6.0,1,60,0,71
235,18,1213.0,2983.0,61.0,9.0,1,40,0,62
235,20,1313.0,2988.0,64.0,11.0,1,44,0,50
235,24,1888.0,2967.0,6.0,5.0,1,34,0,34
235,28,16.0,19.0,53.0,34.0,0,7,13,21
235,29,33.0,19.0,59.0,33.0,0,11,2,13
235,31,2122.0,2990.0,6.0,5.0,1,4,0,4
236,5,1650.0,3210.0,19.0,11.0,1,207,0,207
236,6,1232.0,2984.0,65.0,9.0,1,148,0,159
236,17,1104.0,2983.0,56.0,11.0,1,61,0,72
236,18,1213.0,2983.0,61.0,9.0,0,40,1,63
236,20,1313.0,2988.0,64.0,11.0,0,44,1,51
236,24,1879.0,2967.0,7.0,5.0,1,35,0,35
236,28,16.0,19.0,53.0,34.0,0,7,14,22
236,29,33.0,19.0,59.0,33.0,0,11,3,14
236,31,2116.0,2988.0,5.0,4.0,1,5,0,5
237,5,1655.0,3214.0,14.0,8.0,1,208,0,208
237,6,1255.0,2984.0,60.0,13.0,1,149,0,160
237,17,1099.0,2985.0,52.0,8.0,1,62,0,73
237,18,1167.0,2983.0,38.0,9.0,1,41,0,64
237,20,1313.0,2988.0,64.0,11.0,0,44,2,52
237,24,1871.0,2967.0,7.0,5.0,1,36,0,36
237,29,33.0,19.0,59.0,33.0,0,11,4,15
237,31,2107.0,2984.0,6.0,8.0,1,6,0,6
238,5,1654.0,3211.0,14.0,9.0,1,209,0,209
238,6,1222.0,2984.0,60.0,8.0,1,150,0,161
238,17,1093.0,2985.0,54.0,8.0,1,63,0,74
238,18,1167.0,2983.0,38.0,9.0,0,41,1,65
238,20,1405.0,2986.0,88.0,16.0,1,45,0,53
238,24,1863.0,2966.0,7.0,4.0,1,37,0,37
238,29,33.0,19.0,59.0,33.0,0,11,5,16
238,31,2097.0,2986.0,7.0,6.0,1,7,0,7
239,5,1657.0,3208.0,14.0,6.0,1,210,0,210
239,6,1214.0,2983.0,62.0,10.0,1,151,0,162
239,17,1087.0,2989.0,5.0,4.0,1,64,0,75
239,18,1108.0,2984.0,62.0,8.0,1,42,0,66
239,20,1375.0,2983.0,57.0,21.0,1,46,0,54
239,24,1855.0,2964.0,7.0,5.0,1,38,0,38
239,29,33.0,19.0,59.0,33.0,0,11,6,17
239,31,2089.0,2987.0,7.0,5.0,1,8,0,8
240,5,1659.0,3202.0,13.0,10.0,1,211,0,211
240,6,1311.0,2990.0,62.0,11.0,1,152,0,163
240,17,1079.0,2983.0,56.0,11.0,1,65,0,76
240,18,1182.0,2981.0,54.0,11.0,1,43,0,67
240,20,1452.0,2983.0,48.0,17.0,1,47,0,55
240,24,1847.0,2964.0,10.0,5.0,1,39,0,39
240,29,33.0,19.0,59.0,33.0,0,11,7,18
240,31,2081.0,2984.0,7.0,7.0,1,9,0,9
240,32,2130.0,2988.0,5.0,4.0,1,3,0,3
241,5,1654.0,3202.0,20.0,8.0,1,212,0,212
241,6,1274.0,2984.0,36.0,10.0,1,153,0,164
241,17,1073.0,2983.0,55.0,10.0,1,66,0,77
241,18,1141.0,2985.0,38.0,6.0,1,44,0,68
241,20,1434.0,2987.0,40.0,8.0,1,48,0,56
241,24,1838.0,2963.0,10.0,10.0,1,40,0,40
241,29,33.0,19.0,59.0,33.0,0,11,8,19
241,31,2073.0,2985.0,6.0,5.0,1,10,0,10
241,32,2123.0,2986.0,5.0,4.0,1,4,0,4
242,5,1657.0,3203.0,17.0,10.0,1,213,0,213
242,6,1331.0,2982.0,66.0,21.0,1,154,0,165
242,17,1092.0,2984.0,64.0,10.0,1,67,0,78
242,18,1141.0,2985.0,38.0,6.0,0,44,1,69
242,20,1410.0,2984.0,59.0,10.0,1,49,0,57
242,24,1832.0,2964.0,7.0,4.0,1,41,0,41
242,29,33.0,19.0,59.0,33.0,0,11,9,20
242,31,2064.0,2986.0,7.0,7.0,1,11,0,11
242,32,2114.0,2983.0,43.0,9.0,1,5,0,5
243,5,1660.0,3200.0,12.0,10.0,1,214,0,214
243,6,1263.0,2984.0,35.0,8.0,1,155,0,166
243,17,1061.0,2989.0,4.0,4.0,1,68,0,79
243,18,1083.0,2983.0,34.0,12.0,1,45,0,70
243,20,1402.0,2983.0,37.0,11.0,1,50,0,58
243,24,1824.0,2961.0,7.0,6.0,1,42,0,42
243,29,33.0,19.0,59.0,33.0,0,11,10,21
243,31,2057.0,2985.0,5.0,5.0,1,12,0,12
243,32,2106.0,2985.0,44.0,6.0,1,6,0,6
243,33,1188.0,2983.0,63.0,10.0,1,3,0,3
244,5,1661.0,3194.0,14.0,11.0,1,215,0,215
244,6,1263.0,2984.0,35.0,8.0,0,155,1,167
244,17,1053.0,2981.0,57.0,14.0,1,69,0,80
244,18,1083.0,2983.0,34.0,12.0,0,45,1,71
244,20,1369.0,2985.0,51.0,15.0,1,51,0,59
244,24,1815.0,2958.0,9.0,9.0,1,43,0,43
244,29,33.0,19.0,59.0,33.0,0,11,11,22
244,31,2049.0,2983.0,4.0,6.0,1,13,0,13
244,32,2097.0,2982.0,46.0,8.0,1,7,0,7
244,33,1184.0,2982.0,62.0,10.0,1,4,0,4
245,5,1661.0,3194.0,14.0,11.0,0,215,1,216
245,6,1231.0,2983.0,54.0,9.0,1,156,0,168
245,17,1047.0,2983.0,57.0,10.0,1,70,0,81
245,18,1083.0,2983.0,34.0,12.0,0,45,2,72
245,20,1329.0,2984.0,42.0,16.0,1,52,0,60
245,24,1809.0,2962.0,6.0,6.0,1,44,0,44
245,29,33.0,19.0,59.0,33.0,0,11,12,23
245,31,2041.0,2985.0,3.0,4.0,1,14,0,14
245,32,2089.0,2982.0,45.0,6.0,1,8,0,8
245,33,1150.0,2982.0,59.0,8.0,1,5,0,5
246,5,1657.0,3194.0,20.0,6.0,1,216,0,217
246,6,1231.0,2983.0,54.0,9.0,0,156,1,169
246,17,1039.0,2984.0,56.0,10.0,1,71,0,82
246,18,1083.0,2983.0,34.0,12.0,0,45,3,73
246,20,1307.0,2988.0,39.0,14.0,1,53,0,61
246,24,1799.0,2961.0,9.0,7.0,1,45,0,45
246,29,33.0,19.0,59.0,33.0,0,11,13,24
246,31,2031.0,2985.0,6.0,8.0,1,15,0,15
246,32,2080.0,2981.0,47.0,9.0,1,9,0,9
246,33,1168.0,2982.0,64.0,10.0,1,6,0,6
247,5,1661.0,3192.0,14.0,10.0,1,217,0,218
247,6,1231.0,2983.0,54.0,9.0,0,156,2,170
247,17,1034.0,2984.0,57.0,8.0,1,72,0,83
247,18,1083.0,2983.0,34.0,12.0,0,45,4,74
247,20,1307.0,2988.0,39.0,14.0,0,53,1,62
247,24,1791.0,2959.0,8.0,5.0,1,46,0,46
247,29,33.0,19.0,59.0,33.0,0,11,14,25
247,31,2022.0,2982.0,7.0,6.0,1,16,0,16
247,32,2112.0,2983.0,36.0,7.0,1,10,0,10
247,33,1162.0,2981.0,65.0,8.0,1,7,0,7
248,5,1663.0,3189.0,14.0,9.0,1,218,0,219
248,6,1234.0,2983.0,34.0,9.0,1,157,0,171
248,17,1027.0,2987.0,29.0,7.0,1,73,0,84
248,18,1083.0,2983.0,34.0,12.0,0,45,5,75
248,20,1307.0,2988.0,39.0,14.0,0,53,2,63
248,24,1783.0,2958.0,8.0,6.0,1,47,0,47
248,31,2015.0,2982.0,4.0,6.0,1,17,0,17
248,32,2105.0,2979.0,55.0,14.0,1,11,0,11
248,33,1131.0,2979.0,60.0,11.0,1,8,0,8
249,5,1666.0,3182.0,14.0,12.0,1,219,0,220
249,6,1208.0,2981.0,40.0,9.0,1,158,0,172
249,17,1022.0,2981.0,56.0,12.0,1,74,0,85
249,18,1083.0,2983.0,34.0,12.0,0,45,6,76
249,20,1307.0,2988.0,39.0,14.0,0,53,3,64
249,24,1774.0,2959.0,9.0,7.0,1,48,0,48
249,31,2002.0,2982.0,10.0,6.0,1,18,0,18
249,32,2095.0,2979.0,65.0,14.0,1,12,0,12
249,33,1151.0,2980.0,33.0,9.0,1,9,0,9
250,5,1662.0,3178.0,19.0,16.0,1,220,0,221
250,6,1208.0,2981.0,40.0,9.0,0,158,1,173
250,17,1015.0,2985.0,27.0,9.0,1,75,0,86
250,18,1083.0,2983.0,34.0,12.0,0,45,7,77
250,20,1307.0,2988.0,39.0,14.0,0,53,4,65
250,24,1767.0,2958.0,9.0,8.0,1,49,0,49
250,31,1997.0,2983.0,5.0,5.0,1,19,0,19
250,32,2087.0,2981.0,65.0,9.0,1,13,0,13
250,33,1119.0,2980.0,58.0,11.0,1,10,0,10
250,34,376.0,19.0,63.0,34.0,1,3,0,3
251,5,1658.0,3182.0,23.0,7.0,1,221,0,222
251,6,1208.0,2981.0,40.0,9.0,0,158,2,174
251,17,1009.0,2988.0,27.0,4.0,1,76,0,87
251,18,1083.0,2983.0,34.0,12.0,0,45,8,78
251,20,1307.0,2988.0,39.0,14.0,0,53,5,66
251,24,1759.0,2956.0,8.0,9.0,1,50,0,50
251,31,1988.0,2981.0,6.0,5.0,1,20,0,20
251,32,2080.0,2980.0,80.0,10.0,1,14,0,14
251,33,1139.0,2980.0,64.0,9.0,1,11,0,11
251,34,347.0,19.0,64.0,34.0,1,4,0,4
252,5,1662.0,3180.0,19.0,12.0,1,222,0,223
252,6,1208.0,2981.0,40.0,9.0,0,158,3,175
252,17,999.0,2981.0,60.0,12.0,1,77,0,88
252,18,1083.0,2983.0,34.0,12.0,0,45,9,79
252,20,1307.0,2988.0,39.0,14.0,0,53,6,67
252,24,1752.0,2957.0,7.0,5.0,1,51,0,51
252,31,1980.0,2982.0,5.0,4.0,1,21,0,21
252,32,2071.0,2976.0,60.0,16.0,1,15,0,15
252,33,1106.0,2981.0,59.0,9.0,1,12,0,12
252,34,316.0,19.0,64.0,34.0,1,5,0,5
253,5,1667.0,3177.0,10.0,6.0,1,223,0,224
253,6,1208.0,2981.0,40.0,9.0,0,158,4,176
253,17,992.0,2978.0,61.0,15.0,1,78,0,89
253,18,1083.0,2983.0,34.0,12.0,0,45,10,80
253,20,1307.0,2988.0,39.0,14.0,0,53,7,68
253,24,1743.0,2957.0,9.0,8.0,1,52,0,52
253,31,1971.0,2983.0,5.0,4.0,1,22,0,22
253,32,2022.0,2979.0,46.0,5.0,1,16,0,16
253,33,1086.0,2983.0,47.0,8.0,1,13,0,13
253,34,278.0,19.0,64.0,34.0,1,6,0,6
254,5,1671.0,3174.0,9.0,6.0,1,224,0,225
254,6,1208.0,2981.0,40.0,9.0,0,158,5,177
254,17,989.0,2982.0,57.0,13.0,1,79,0,90
254,18,1083.0,2983.0,34.0,12.0,0,45,11,81
254,20,1307.0,2988.0,39.0,14.0,0,53,8,69
254,24,1736.0,2956.0,7.0,5.0,1,53,0,53
254,31,1963.0,2982.0,5.0,4.0,1,23,0,23
254,32,2014.0,2979.0,46.0,6.0,1,17,0,17
254,33,1091.0,2980.0,61.0,11.0,1,14,0,14
254,34,236.0,19.0,55.0,34.0,1,7,0,7
255,5,1670.0,3170.0,14.0,9.0,1,225,0,226
255,6,1208.0,2981.0,40.0,9.0,0,158,6,178
255,17,982.0,2982.0,58.0,10.0,1,80,0,91
255,18,1083.0,2983.0,34.0,12.0,0,45,12,82
255,20,1307.0,2988.0,39.0,14.0,0,53,9,70
255,24,1727.0,2955.0,8.0,5.0,1,54,0,54
255,31,1955.0,2979.0,5.0,6.0,1,24,0,24
255,32,2046.0,2978.0,39.0,11.0,1,18,0,18
255,33,1053.0,2984.0,39.0,8.0,1,15,0,15
255,34,187.0,19.0,64.0,33.0,1,8,0,8
256,5,1673.0,3170.0,11.0,5.0,1,226,0,227
256,6,1208.0,2981.0,40.0,9.0,0,158,7,179
256,17,976.0,2981.0,58.0,13.0,1,81,0,92
256,18,1083.0,2983.0,34.0,12.0,0,45,13,83
256,20,1307.0,2988.0,39.0,14.0,0,53,10,71
256,24,1720.0,2956.0,8.0,4.0,1,55,0,55
256,31,1946.0,2981.0,4.0,4.0,1,25,0,25
256,32,1996.0,2975.0,46.0,9.0,1,19,0,19
256,33,1053.0,2984.0,39.0,8.0,0,15,1,16
256,34,139.0,19.0,60.0,33.0,1,9,0,9
257,5,1667.0,3167.0,17.0,6.0,1,227,0,228
257,6,1208.0,2981.0,40.0,9.0,0,158,8,180
257,17,970.0,2979.0,57.0,13.0,1,82,0,93
257,18,1083.0,2983.0,34.0,12.0,0,45,14,84
257,20,1239.0,2978.0,67.0,19.0,1,54,0,72
257,24,1711.0,2955.0,8.0,7.0,1,56,0,56
257,31,1936.0,2983.0,4.0,3.0,1,26,0,26
257,32,2029.0,2975.0,38.0,8.0,1,20,0,20
257,33,1100.0,2980.0,64.0,8.0,1,16,0,17
257,34,86.0,19.0,64.0,33.0,1,10,0,10
258,5,1668.0,3166.0,17.0,5.0,1,228,0,229
258,6,1208.0,2981.0,40.0,9.0,0,158,9,181
258,17,986.0,2983.0,62.0,11.0,1,83,0,94
258,20,1234.0,2984.0,38.0,8.0,1,55,0,73
258,24,1702.0,2955.0,9.0,5.0,1,57,0,57
258,31,1928.0,2980.0,5.0,4.0,1,27,0,27
258,32,1980.0,2978.0,46.0,6.0,1,21,0,21
258,33,1066.0,2981.0,60.0,11.0,1,17,0,18
258,34,33.0,19.0,59.0,33.0,1,11,0,11
259,5,1671.0,3163.0,15.0,5.0,1,229,0,230
259,6,1208.0,2981.0,40.0,9.0,0,158,10,182
259,17,955.0,2987.0,29.0,5.0,1,84,0,95
259,20,1226.0,2975.0,68.0,19.0,1,56,0,74
259,24,1694.0,2952.0,9.0,9.0,1,58,0,58
259,31,1919.0,2975.0,5.0,9.0,1,28,0,28
259,32,1971.0,2976.0,48.0,8.0,1,22,0,22
259,33,1089.0,2979.0,64.0,10.0,1,18,0,19
259,34,33.0,19.0,59.0,33.0,0,11,1,12
260,5,1672.0,3161.0,17.0,6.0,1,230,0,231
260,6,1208.0,2981.0,40.0,9.0,0,158,11,183
260,17,947.0,2981.0,61.0,12.0,1,85,0,96
260,20,1191.0,2980.0,61.0,6.0,1,57,0,75
260,24,1687.0,2954.0,8.0,5.0,1,59,0,59
260,31,1911.0,2980.0,5.0,5.0,1,29,0,29
260,32,1963.0,2979.0,5.0,4.0,1,23,0,23
260,33,1038.0,2980.0,50.0,11.0,1,19,0,20
260,34,33.0,19.0,59.0,33.0,0,11,2,13
261,5,1673.0,3159.0,16.0,5.0,1,231,0,232
261,6,1208.0,2981.0,40.0,9.0,0,158,12,184
261,17,943.0,2986.0,28.0,6.0,1,86,0,97
261,20,1191.0,2980.0,61.0,6.0,0,57,1,76
261,24,1679.0,2954.0,8.0,6.0,1,60,0,60
261,31,1903.0,2981.0,5.0,4.0,1,30,0,30
261,32,1954.0,2977.0,46.0,7.0,1,24,0,24
261,33,1048.0,2981.0,59.0,10.0,1,20,0,21
261,34,33.0,19.0,59.0,33.0,0,11,3,14
262,5,1673.0,3157.0,17.0,7.0,1,232,0,233
262,6,1208.0,2981.0,40.0,9.0,0,158,13,185
262,17,934.0,2984.0,31.0,13.0,1,87,0,98
262,20,1191.0,2980.0,61.0,6.0,0,57,2,77
262,24,1672.0,2953.0,7.0,5.0,1,61,0,61
262,31,1890.0,2978.0,9.0,6.0,1,31,0,31
262,32,1945.0,2976.0,47.0,7.0,1,25,0,25
262,33,1040.0,2981.0,60.0,11.0,1,21,0,22
262,34,33.0,19.0,59.0,33.0,0,11,4,15
263,5,1674.0,3154.0,17.0,5.0,1,233,0,234
263,6,1062.0,2980.0,64.0,11.0,1,159,0,186
263,17,930.0,2986.0,29.0,7.0,1,88,0,99
263,20,1191.0,2980.0,61.0,6.0,0,57,3,78
263,24,1664.0,2951.0,7.0,7.0,1,62,0,62
263,31,1883.0,2978.0,6.0,5.0,1,32,0,32
263,32,1937.0,2976.0,46.0,8.0,1,26,0,26
263,33,1001.0,2983.0,39.0,9.0,1,22,0,23
263,34,33.0,19.0,59.0,33.0,0,11,5,16
264,5,1675.0,3153.0,17.0,5.0,1,234,0,235
264,6,1062.0,2980.0,64.0,11.0,0,159,1,187
264,17,923.0,2983.0,61.0,10.0,1,89,0,100
264,20,1274.0,2974.0,86.0,12.0,1,58,0,79
264,24,1655.0,2951.0,8.0,6.0,1,63,0,63
264,31,1875.0,2980.0,6.0,4.0,1,33,0,33
264,32,1928.0,2977.0,6.0,5.0,1,27,0,27
264,33,1026.0,2981.0,61.0,10.0,1,23,0,24
264,34,33.0,19.0,59.0,33.0,0,11,6,17
265,5,1676.0,3149.0,18.0,6.0,1,235,0,236
265,6,1048.0,2981.0,66.0,8.0,1,160,0,188
265,17,917.0,2979.0,59.0,14.0,1,90,0,101
265,20,1269.0,2971.0,85.0,14.0,1,59,0,80
265,24,1646.0,2953.0,9.0,6.0,1,64,0,64
265,31,1868.0,2978.0,4.0,5.0,1,34,0,34
265,32,1920.0,2975.0,7.0,5.0,1,28,0,28
265,33,1026.0,2981.0,61.0,10.0,0,23,1,25
265,34,33.0,19.0,59.0,33.0,0,11,7,18
266,5,1679.0,3148.0,17.0,5.0,1,236,0,237
266,6,1048.0,2981.0,66.0,8.0,0,160,1,189
266,17,911.0,2982.0,60.0,14.0,1,91,0,102
266,20,1269.0,2971.0,85.0,14.0,0,59,1,81
266,24,1640.0,2952.0,6.0,5.0,1,65,0,65
266,31,1858.0,2976.0,6.0,6.0,1,35,0,35
266,32,1911.0,2976.0,47.0,5.0,1,29,0,29
266,33,1016.0,2980.0,59.0,12.0,1,24,0,26
266,34,33.0,19.0,59.0,33.0,0,11,8,19
267,5,1680.0,3145.0,16.0,5.0,1,237,0,238
267,6,1037.0,2980.0,64.0,10.0,1,161,0,190
267,17,902.0,2987.0,30.0,5.0,1,92,0,103
267,20,1269.0,2971.0,85.0,14.0,0,59,2,82
267,24,1633.0,2951.0,5.0,6.0,1,66,0,66
267,31,1850.0,2979.0,4.0,3.0,1,36,0,36
267,32,1903.0,2976.0,5.0,6.0,1,30,0,30
267,33,1016.0,2980.0,59.0,12.0,0,24,1,27
267,34,33.0,19.0,59.0,33.0,0,11,9,20
268,5,1680.0,3143.0,20.0,5.0,1,238,0,239
268,6,1037.0,2980.0,64.0,10.0,0,161,1,191
268,17,896.0,2982.0,64.0,11.0,1,93,0,104
268,20,1282.0,2973.0,45.0,7.0,1,60,0,83
268,24,1623.0,2952.0,8.0,7.0,1,67,0,67
268,31,1840.0,2979.0,7.0,5.0,1,37,0,37
268,32,1894.0,2974.0,6.0,6.0,1,31,0,31
268,33,1002.0,2981.0,59.0,10.0,1,25,0,28
268,34,33.0,19.0,59.0,33.0,0,11,10,21
269,5,1682.0,3141.0,18.0,5.0,1,239,0,240
269,6,1037.0,2980.0,64.0,10.0,0,161,2,192
269,17,891.0,2987.0,29.0,5.0,1,94,0,105
269,20,1279.0,2971.0,41.0,8.0,1,61,0,84
269,24,1616.0,2952.0,10.0,7.0,1,68,0,68
269,31,1832.0,2978.0,6.0,4.0,1,38,0,38
269,32,1885.0,2975.0,47.0,7.0,1,32,0,32
269,33,996.0,2982.0,60.0,10.0,1,26,0,29
269,34,33.0,19.0,59.0,33.0,0,11,11,22
269,37,2077.0,2975.0,40.0,11.0,1,3,0,3
269,38,2138.0,2974.0,22.0,8.0,1,3,0,3
270,5,1683.0,3138.0,18.0,6.0,1,240,0,241
270,6,1037.0,2980.0,64.0,10.0,0,161,3,193
270,17,882.0,2979.0,66.0,15.0,1,95,0,106
270,20,1279.0,2971.0,41.0,8.0,0,61,1,85
270,24,1606.0,2950.0,8.0,7.0,1,69,0,69
270,31,1823.0,2975.0,6.0,7.0,1,39,0,39
270,32,1876.0,2975.0,47.0,6.0,1,33,0,33
270,33,996.0,2982.0,60.0,10.0,0,26,1,30
270,34,33.0,19.0,59.0,33.0,0,11,12,23
270,37,2070.0,2974.0,38.0,12.0,1,4,0,4
270,38,2138.0,2974.0,22.0,8.0,0,3,1,4
271,5,1685.0,3137.0,18.0,6.0,1,241,0,242
271,6,1009.0,2981.0,67.0,10.0,1,162,0,194
271,17,882.0,2979.0,66.0,15.0,0,95,1,107
271,20,1279.0,2971.0,41.0,8.0,0,61,2,86
271,24,1601.0,2949.0,5.0,7.0,1,70,0,70
271,31,1814.0,2979.0,6.0,5.0,1,40,0,40
271,32,1866.0,2974.0,48.0,7.0,1,34,0,34
271,33,947.0,2983.0,41.0,9.0,1,27,0,31
271,34,33.0,19.0,59.0,33.0,0,11,13,24
271,37,2095.0,2974.0,35.0,8.0,1,5,0,5
271,38,2138.0,2974.0,22.0,8.0,0,3,2,5
272,5,1686.0,3134.0,18.0,7.0,1,242,0,243
272,6,1003.0,2981.0,66.0,9.0,1,163,0,195
272,17,871.0,2984.0,26.0,8.0,1,96,0,108
272,20,1279.0,2971.0,41.0,8.0,0,61,3,87
272,24,1591.0,2953.0,6.0,4.0,1,71,0,71
272,31,1805.0,2979.0,6.0,4.0,1,41,0,41
272,32,1858.0,2972.0,49.0,8.0,1,35,0,35
272,33,928.0,2983.0,36.0,12.0,1,28,0,32
272,34,33.0,19.0,59.0,33.0,0,11,14,25
272,37,2095.0,2974.0,35.0,8.0,0,5,1,6
272,38,2087.0,2971.0,35.0,9.0,1,4,0,6
273,5,1686.0,3132.0,19.0,6.0,1,243,0,244
273,6,997.0,2981.0,68.0,9.0,1,164,0,196
273,17,865.0,2986.0,5.0,5.0,1,97,0,109
273,20,1279.0,2971.0,41.0,8.0,0,61,4,88
273,24,1583.0,2951.0,8.0,6.0,1,72,0,72
273,31,1797.0,2976.0,6.0,5.0,1,42,0,42
273,32,1853.0,2976.0,3.0,2.0,1,36,0,36
273,33,924.0,2981.0,18.0,11.0,1,29,0,33
273,37,2095.0,2974.0,35.0,8.0,0,5,2,7
273,38,2050.0,2970.0,64.0,13.0,1,5,0,7
274,5,1687.0,3128.0,19.0,10.0,1,244,0,245
274,6,964.0,2981.0,60.0,12.0,1,165,0,197
274,17,759.0,3118.0,74.0,244.0,1,98,0,110
274,20,1279.0,2971.0,41.0,8.0,0,61,5,89
274,24,1576.0,2951.0,4.0,4.0,1,73,0,73
274,31,1787.0,2975.0,6.0,6.0,1,43,0,43
274,32,1843.0,2975.0,6.0,5.0,1,37,0,37
274,33,859.0,2981.0,63.0,11.0,1,30,0,34
274,37,2142.0,2971.0,18.0,9.0,1,6,0,8
274,38,2021.0,2972.0,55.0,11.0,1,6,0,8
275,5,1689.0,3129.0,19.0,6.0,1,245,0,246
275,6,964.0,2981.0,60.0,12.0,0,165,1,198
275,17,759.0,3118.0,74.0,244.0,0,98,1,111
275,20,1279.0,2971.0,41.0,8.0,0,61,6,90
275,24,1567.0,2951.0,7.0,6.0,1,74,0,74
275,31,1779.0,2977.0,6.0,6.0,1,44,0,44
275,32,1835.0,2974.0,5.0,4.0,1,38,0,38
275,33,875.0,2983.0,50.0,8.0,1,31,0,35
275,37,2142.0,2971.0,18.0,9.0,0,6,1,9
275,38,1991.0,2970.0,60.0,21.0,1,7,0,9
275,40,1879.0,2975.0,36.0,5.0,1,3,0,3
275,41,390.0,19.0,64.0,14.0,1,3,0,3
276,5,1691.0,3124.0,18.0,9.0,1,246,0,247
276,6,976.0,2979.0,68.0,13.0,1,166,0,199
276,17,759.0,3118.0,74.0,244.0,0,98,2,112
276,20,1279.0,2971.0,41.0,8.0,0,61,7,91
276,24,1554.0,2952.0,10.0,8.0,1,75,0,75
276,31,1771.0,2977.0,5.0,3.0,1,45,0,45
276,32,1826.0,2971.0,5.0,6.0,1,39,0,39
276,33,813.0,2983.0,61.0,41.0,1,32,0,36
276,37,2128.0,2973.0,32.0,8.0,1,7,0,10
276,38,1954.0,2971.0,54.0,18.0,1,8,0,10
276,40,1870.0,2973.0,36.0,7.0,1,4,0,4
276,41,383.0,19.0,60.0,34.0,1,4,0,4
276,42,2084.0,2971.0,5.0,4.0,1,3,0,3
277,5,1691.0,3122.0,21.0,9.0,1,247,0,248
277,6,976.0,2979.0,68.0,13.0,0,166,1,200
277,17,759.0,3118.0,74.0,244.0,0,98,3,113
277,20,1279.0,2971.0,41.0,8.0,0,61,8,92
277,24,1550.0,2951.0,7.0,5.0,1,76,0,76
277,31,1759.0,2973.0,8.0,7.0,1,46,0,46
277,32,1814.0,2973.0,49.0,7.0,1,40,0,40
277,33,806.0,2985.0,62.0,39.0,1,33,0,37
277,37,2121.0,2969.0,29.0,8.0,1,8,0,11
277,38,1915.0,2972.0,58.0,17.0,1,9,0,11
277,40,1870.0,2973.0,36.0,7.0,0,4,1,5
277,41,418.0,0.0,63.0,66.0,1,5,0,5
277,42,2048.0,2971.0,34.0,5.0,1,4,0,4
278,5,1693.0,3122.0,19.0,7.0,1,248,0,249
278,6,967.0,2982.0,66.0,10.0,1,167,0,201
278,17,759.0,3118.0,74.0,244.0,0,98,4,114
278,20,1279.0,2971.0,41.0,8.0,0,61,9,93
278,24,1543.0,2949.0,9.0,6.0,1,77,0,77
278,31,1750.0,2975.0,8.0,5.0,1,47,0,47
278,32,1810.0,2970.0,45.0,9.0,1,41,0,41
278,33,832.0,2985.0,28.0,7.0,1,34,0,38
278,37,2112.0,2971.0,33.0,7.0,1,9,0,12
278,38,1915.0,2972.0,58.0,17.0,0,9,1,12
278,40,1870.0,2973.0,36.0,7.0,0,4,2,6
278,41,418.0,0.0,63.0,66.0,0,5,1,6
278,42,2020.0,2971.0,53.0,7.0,1,5,0,5
279,5,1694.0,3119.0,18.0,9.0,1,249,0,250
279,6,882.0,2983.0,84.0,10.0,1,168,0,202
279,17,759.0,3118.0,74.0,244.0,0,98,5,115
279,20,1279.0,2971.0,41.0,8.0,0,61,10,94
279,24,1532.0,2950.0,12.0,5.0,1,78,0,78
279,31,1744.0,2977.0,8.0,7.0,1,48,0,48
279,32,1798.0,2969.0,7.0,7.0,1,42,0,42
279,33,795.0,2986.0,37.0,37.0,1,35,0,39
279,37,2103.0,2971.0,31.0,6.0,1,10,0,13
279,38,1874.0,2971.0,42.0,7.0,1,10,0,13
279,40,1870.0,2973.0,36.0,7.0,0,4,3,7
279,41,377.0,19.0,59.0,15.0,1,6,0,7
279,42,1996.0,2968.0,41.0,9.0,1,6,0,6
279,43,281.0,19.0,60.0,33.0,1,3,0,3
280,5,1695.0,3119.0,19.0,6.0,1,250,0,251
280,6,952.0,2979.0,67.0,14.0,1,169,0,203
280,17,759.0,3118.0,74.0,244.0,0,98,6,116
280,20,1279.0,2971.0,41.0,8.0,0,61,11,95
280,24,1522.0,2951.0,13.0,6.0,1,79,0,79
280,31,1736.0,2975.0,4.0,4.0,1,49,0,49
280,32,1791.0,2970.0,5.0,7.0,1,43,0,43
280,33,811.0,2983.0,75.0,41.0,1,36,0,40
280,37,2121.0,2967.0,35.0,10.0,1,11,0,14
280,38,1874.0,2971.0,42.0,7.0,0,10,1,14
280,40,1836.0,2970.0,60.0,10.0,1,5,0,8
280,41,364.0,19.0,64.0,26.0,1,7,0,8
280,42,1960.0,2968.0,52.0,19.0,1,7,0,7
280,43,244.0,19.0,64.0,32.0,1,4,0,4
281,5,1696.0,3117.0,18.0,6.0,1,251,0,252
281,6,977.0,2979.0,74.0,10.0,1,170,0,204
281,17,759.0,3118.0,74.0,244.0,0,98,7,117
281,20,1279.0,2971.0,41.0,8.0,0,61,12,96
281,24,1516.0,2951.0,12.0,6.0,1,80,0,80
281,31,1727.0,2972.0,5.0,6.0,1,50,0,50
281,32,1784.0,2972.0,45.0,8.0,1,44,0,44
281,33,812.0,2983.0,32.0,6.0,1,37,0,41
281,37,2088.0,2968.0,63.0,10.0,1,12,0,15
281,38,1874.0,2971.0,42.0,7.0,0,10,2,15
281,40,1836.0,2970.0,60.0,10.0,0,5,1,9
281,41,347.0,19.0,62.0,31.0,1,8,0,9
281,42,1926.0,2970.0,57.0,18.0,1,8,0,8
281,43,197.0,19.0,57.0,33.0,1,5,0,5
281,44,735.0,3039.0,136.0,290.0,1,3,0,3
282,5,1697.0,3116.0,20.0,7.0,1,252,0,253
282,6,870.0,2983.0,76.0,10.0,1,171,0,205
282,17,759.0,3118.0,74.0,244.0,0,98,8,118
282,20,1279.0,2971.0,41.0,8.0,0,61,13,97
282,24,1509.0,2949.0,10.0,6.0,1,81,0,81
282,31,1719.0,2975.0,5.0,4.0,1,51,0,51
282,32,1775.0,2972.0,5.0,4.0,1,45,0,45
282,33,807.0,2983.0,30.0,8.0,1,38,0,42
282,37,2080.0,2970.0,63.0,7.0,1,13,0,16
282,38,1887.0,2969.0,62.0,17.0,1,11,0,16
282,40,1818.0,2971.0,36.0,9.0,1,6,0,10
282,41,322.0,19.0,64.0,32.0,1,9,0,10
282,42,2007.0,2969.0,34.0,7.0,1,9,0,9
282,43,138.0,19.0,61.0,33.0,1,6,0,6
282,44,735.0,3039.0,136.0,290.0,0,3,1,4
283,5,1699.0,3114.0,19.0,8.0,1,253,0,254
283,6,861.0,2984.0,79.0,8.0,1,172,0,206
283,17,759.0,3118.0,74.0,244.0,0,98,9,119
283,20,1279.0,2971.0,41.0,8.0,0,61,14,98
283,24,1498.0,2949.0,10.0,6.0,1,82,0,82
283,31,1709.0,2975.0,6.0,4.0,1,52,0,52
283,32,1766.0,2967.0,6.0,9.0,1,46,0,46
283,33,800.0,2985.0,29.0,5.0,1,39,0,43
283,37,2096.0,2969.0,64.0,7.0,1,14,0,17
283,38,1838.0,2970.0,46.0,8.0,1,12,0,17
283,40,1818.0,2971.0,36.0,9.0,0,6,1,11
283,41,304.0,19.0,55.0,33.0,1,10,0,11
283,42,1920.0,2966.0,64.0,20.0,1,10,0,10
283,43,138.0,19.0,61.0,33.0,0,6,1,7
283,44,735.0,3021.0,147.0,286.0,1,4,0,5
284,5,1699.0,3113.0,20.0,8.0,1,254,0,255
284,6,926.0,2982.0,67.0,11.0,1,173,0,207
284,17,759.0,3118.0,74.0,244.0,0,98,10,120
284,24,1491.0,2950.0,8.0,6.0,1,83,0,83
284,31,1701.0,2973.0,4.0,4.0,1,53,0,53
284,32,1759.0,2971.0,4.0,5.0,1,47,0,47
284,33,785.0,2983.0,38.0,36.0,1,40,0,44
284,37,2065.0,2967.0,63.0,9.0,1,15,0,18
284,38,1888.0,2969.0,55.0,19.0,1,13,0,18
284,40,1805.0,2970.0,57.0,9.0,1,7,0,12
284,41,278.0,19.0,48.0,33.0,1,11,0,12
284,42,1992.0,2967.0,34.0,6.0,1,11,0,11
284,43,37.0,19.0,55.0,33.0,1,7,0,8
284,44,735.0,3021.0,147.0,286.0,0,4,1,6
285,5,1700.0,3112.0,20.0,10.0,1,255,0,256
285,6,949.0,2981.0,62.0,8.0,1,174,0,208
285,17,759.0,3118.0,74.0,244.0,0,98,11,121
285,24,1483.0,2950.0,8.0,5.0,1,84,0,84
285,31,1690.0,2968.0,7.0,8.0,1,54,0,54
285,32,1747.0,2969.0,48.0,10.0,1,48,0,48
285,33,785.0,2983.0,38.0,36.0,0,40,1,45
285,37,2054.0,2967.0,66.0,11.0,1,16,0,19
285,38,1888.0,2969.0,55.0,19.0,0,13,1,19
285,40,1822.0,2967.0,63.0,10.0,1,8,0,13
285,41,237.0,19.0,54.0,33.0,1,12,0,13
285,42,1909.0,2967.0,63.0,18.0,1,12,0,12
285,43,37.0,19.0,55.0,33.0,0,7,1,9
285,44,815.0,2983.0,113.0,41.0,1,5,0,7
286,5,1703.0,3110.0,19.0,8.0,1,256,0,257
286,6,913.0,2983.0,34.0,10.0,1,175,0,209
286,17,759.0,3118.0,74.0,244.0,0,98,12,122
286,24,1476.0,2948.0,7.0,8.0,1,85,0,85
286,31,1684.0,2972.0,6.0,6.0,1,55,0,55
286,32,1737.0,2968.0,8.0,8.0,1,49,0,49
286,33,766.0,2987.0,82.0,80.0,1,41,0,46
286,37,2073.0,2968.0,79.0,7.0,1,17,0,20
286,38,1871.0,2968.0,59.0,16.0,1,14,0,20
286,40,1783.0,2969.0,62.0,10.0,1,9,0,14
286,41,203.0,19.0,51.0,33.0,1,13,0,14
286,42,1909.0,2967.0,63.0,18.0,0,12,1,13
286,43,37.0,19.0,55.0,33.0,0,7,2,10
286,44,815.0,2983.0,113.0,41.0,0,5,1,8
287,5,1704.0,3109.0,19.0,9.0,1,257,0,258
287,6,969.0,2973.0,93.0,14.0,1,176,0,210
287,17,759.0,3118.0,74.0,244.0,0,98,13,123
287,24,1466.0,2949.0,6.0,5.0,1,86,0,86
287,31,1675.0,2972.0,5.0,6.0,1,56,0,56
287,32,1729.0,2968.0,49.0,11.0,1,50,0,50
287,33,747.0,2949.0,56.0,72.0,1,42,0,47
287,37,2065.0,2967.0,79.0,8.0,1,18,0,21
287,38,1848.0,2967.0,64.0,17.0,1,15,0,21
287,40,1783.0,2969.0,62.0,10.0,0,9,1,15
287,41,160.0,19.0,64.0,33.0,1,14,0,15
287,42,1968.0,2965.0,32.0,7.0,1,13,0,14
287,43,37.0,19.0,55.0,33.0,0,7,3,11
287,44,879.0,2984.0,57.0,8.0,1,6,0,9
288,5,1704.0,3108.0,20.0,9.0,1,258,0,259
288,6,969.0,2973.0,93.0,14.0,0,176,1,211
288,17,759.0,3118.0,74.0,244.0,0,98,14,124
288,24,1458.0,2950.0,7.0,7.0,1,87,0,87
288,31,1666.0,2969.0,5.0,6.0,1,57,0,57
288,32,1721.0,2970.0,8.0,6.0,1,51,0,51
288,33,747.0,2949.0,56.0,72.0,0,42,1,48
288,37,2087.0,2967.0,73.0,13.0,1,19,0,22
288,38,1896.0,2967.0,52.0,17.0,1,16,0,22
288,40,1767.0,2966.0,75.0,10.0,1,10,0,16
288,41,120.0,19.0,64.0,33.0,1,15,0,16
288,42,1960.0,2966.0,33.0,5.0,1,14,0,15
288,43,37.0,19.0,55.0,33.0,0,7,4,12
288,44,901.0,2982.0,67.0,9.0,1,7,0,10
289,5,1705.0,3108.0,19.0,9.0,1,259,0,260
289,6,969.0,2973.0,93.0,14.0,0,176,2,212
289,24,1451.0,2949.0,5.0,4.0,1,88,0,88
289,31,1656.0,2968.0,6.0,6.0,1,58,0,58
289,32,1715.0,2970.0,5.0,5.0,1,52,0,52
289,33,747.0,2949.0,56.0,72.0,0,42,2,49
289,37,2080.0,2967.0,76.0,11.0,1,20,0,23
289,38,1831.0,2966.0,64.0,18.0,1,17,0,23
289,40,1759.0,2968.0,36.0,8.0,1,11,0,17
289,41,79.0,19.0,62.0,33.0,1,16,0,17
289,42,1952.0,2966.0,32.0,6.0,1,15,0,16
289,43,37.0,19.0,55.0,33.0,0,7,5,13
289,44,901.0,2982.0,67.0,9.0,0,7,1,11
290,5,1705.0,3107.0,21.0,10.0,1,260,0,261
290,6,947.0,2974.0,98.0,16.0,1,177,0,213
290,24,1444.0,2947.0,4.0,6.0,1,89,0,89
290,31,1646.0,2969.0,10.0,8.0,1,59,0,59
290,32,1707.0,2967.0,4.0,6.0,1,53,0,53
290,33,747.0,2949.0,56.0,72.0,0,42,3,50
290,37,2016.0,2967.0,64.0,6.0,1,21,0,24
290,38,1831.0,2966.0,64.0,18.0,0,17,1,24
290,40,1750.0,2968.0,76.0,11.0,1,12,0,18
290,41,33.0,19.0,59.0,33.0,1,17,0,18
290,42,1913.0,2965.0,63.0,8.0,1,16,0,17
290,43,37.0,19.0,55.0,33.0,0,7,6,14
290,44,901.0,2982.0,67.0,9.0,0,7,2,12
291,5,1700.0,3106.0,27.0,16.0,1,261,0,262
291,6,880.0,2982.0,68.0,9.0,1,178,0,214
291,24,1433.0,2949.0,6.0,4.0,1,90,0,90
291,31,1640.0,2969.0,7.0,5.0,1,60,0,60
291,32,1707.0,2967.0,4.0,6.0,0,53,1,54
291,33,747.0,2949.0,56.0,72.0,0,42,4,51
291,37,2065.0,2967.0,76.0,11.0,1,22,0,25
291,38,1831.0,2966.0,64.0,18.0,0,17,2,25
291,40,1741.0,2966.0,76.0,13.0,1,13,0,19
291,41,33.0,19.0,59.0,33.0,0,17,1,19
291,42,1936.0,2962.0,32.0,8.0,1,17,0,18
291,43,37.0,19.0,55.0,33.0,0,7,7,15
291,44,901.0,2982.0,67.0,9.0,0,7,3,13
292,5,1700.0,3106.0,27.0,16.0,1,262,0,263
292,6,873.0,2984.0,34.0,8.0,1,179,0,215
292,24,1426.0,2949.0,6.0,6.0,1,91,0,91
292,31,1632.0,2965.0,5.0,7.0,1,61,0,61
292,32,1687.0,2968.0,8.0,7.0,1,54,0,55
292,33,741.0,2948.0,68.0,72.0,1,43,0,52
292,37,2058.0,2966.0,74.0,12.0,1,23,0,26
292,38,1831.0,2966.0,64.0,18.0,0,17,3,26
292,40,1735.0,2966.0,74.0,10.0,1,14,0,20
292,41,33.0,19.0,59.0,33.0,0,17,2,20
292,42,1890.0,2965.0,42.0,7.0,1,18,0,19
292,43,37.0,19.0,55.0,33.0,0,7,8,16
292,44,901.0,2982.0,67.0,9.0,0,7,4,14
293,5,1700.0,3105.0,27.0,17.0,1,263,0,264
293,6,869.0,2983.0,68.0,9.0,1,180,0,216
293,24,1419.0,2949.0,5.0,4.0,1,92,0,92
293,31,1622.0,2967.0,6.0,6.0,1,62,0,62
293,32,1678.0,2968.0,8.0,5.0,1,55,0,56
293,33,741.0,2948.0,68.0,72.0,0,43,1,53
293,37,2120.0,2966.0,29.0,10.0,1,24,0,27
293,38,1858.0,2966.0,64.0,16.0,1,18,0,27
293,40,1724.0,2966.0,36.0,11.0,1,15,0,21
293,41,33.0,19.0,59.0,33.0,0,17,3,21
293,42,2015.0,2966.0,69.0,7.0,1,19,0,20
293,43,37.0,19.0,55.0,33.0,0,7,9,17
293,44,901.0,2982.0,67.0,9.0,0,7,5,15
294,5,1699.0,3105.0,29.0,17.0,1,264,0,265
294,6,863.0,2979.0,67.0,12.0,1,181,0,217
294,24,1410.0,2947.0,6.0,5.0,1,93,0,93
294,31,1612.0,2967.0,7.0,7.0,1,63,0,63
294,32,1671.0,2967.0,47.0,9.0,1,56,0,57
294,33,741.0,2948.0,68.0,72.0,0,43,2,54
294,37,2089.0,2967.0,55.0,9.0,1,25,0,28
294,38,1911.0,2964.0,33.0,7.0,1,19,0,28
294,40,1823.0,2966.0,56.0,13.0,1,16,0,22
294,41,33.0,19.0,59.0,33.0,0,17,4,22
294,42,1983.0,2964.0,65.0,8.0,1,20,0,21
294,43,37.0,19.0,55.0,33.0,0,7,10,18
294,44,901.0,2982.0,67.0,9.0,0,7,6,16
295,5,1699.0,3105.0,29.0,17.0,1,265,0,266
295,6,829.0,2982.0,63.0,11.0,1,182,0,218
295,24,1401.0,2947.0,6.0,5.0,1,94,0,94
295,31,1606.0,2966.0,5.0,6.0,1,64,0,64
295,32,1663.0,2968.0,6.0,5.0,1,57,0,58
295,33,741.0,2948.0,68.0,72.0,0,43,3,55
295,37,2080.0,2967.0,54.0,10.0,1,26,0,29
295,38,1782.0,2962.0,64.0,19.0,1,20,0,29
295,40,1710.0,2969.0,34.0,6.0,1,17,0,23
295,41,33.0,19.0,59.0,33.0,0,17,5,23
295,42,2001.0,2963.0,67.0,10.0,1,21,0,22
295,43,37.0,19.0,55.0,33.0,0,7,11,19
295,44,901.0,2982.0,67.0,9.0,0,7,7,17
296,5,1699.0,3104.0,28.0,18.0,1,266,0,267
296,6,817.0,2978.0,68.0,46.0,1,183,0,219
296,24,1391.0,2948.0,8.0,6.0,1,95,0,95
296,31,1594.0,2962.0,8.0,9.0,1,65,0,65
296,32,1655.0,2968.0,5.0,4.0,1,58,0,59
296,33,741.0,2948.0,68.0,72.0,0,43,4,56
296,37,2055.0,2968.0,46.0,8.0,1,27,0,30
296,38,1755.0,2965.0,38.0,8.0,1,21,0,30
296,40,1698.0,2966.0,36.0,8.0,1,18,0,24
296,41,33.0,19.0,59.0,33.0,0,17,6,24
296,42,1969.0,2963.0,63.0,9.0,1,22,0,23
296,43,37.0,19.0,55.0,33.0,0,7,12,20
296,44,934.0,2975.0,52.0,16.0,1,8,0,18
297,5,1699.0,3104.0,28.0,18.0,1,267,0,268
297,6,811.0,2980.0,67.0,44.0,1,184,0,220
297,24,1383.0,2947.0,10.0,6.0,1,96,0,96
297,31,1586.0,2966.0,8.0,5.0,1,66,0,66
297,32,1647.0,2964.0,5.0,7.0,1,59,0,60
297,33,741.0,2948.0,68.0,72.0,0,43,5,57
297,37,2083.0,2967.0,34.0,7.0,1,28,0,31
297,38,1721.0,2966.0,64.0,10.0,1,22,0,31
297,40,1690.0,2969.0,7.0,4.0,1,19,0,25
297,41,33.0,19.0,59.0,33.0,0,17,7,25
297,42,1985.0,2963.0,67.0,10.0,1,23,0,24
297,43,37.0,19.0,55.0,33.0,0,7,13,21
297,44,928.0,2978.0,52.0,13.0,1,9,0,19
298,5,1699.0,3104.0,28.0,18.0,1,268,0,269
298,6,811.0,2980.0,67.0,44.0,0,184,1,221
298,24,1374.0,2944.0,9.0,7.0,1,97,0,97
298,31,1579.0,2966.0,6.0,6.0,1,67,0,67
298,32,1639.0,2966.0,5.0,4.0,1,60,0,61
298,33,741.0,2948.0,68.0,72.0,0,43,6,58
298,37,2056.0,2965.0,54.0,12.0,1,29,0,32
298,38,1721.0,2966.0,64.0,10.0,0,22,1,32
298,40,1682.0,2963.0,77.0,14.0,1,20,0,26
298,41,33.0,19.0,59.0,33.0,0,17,8,26
298,42,1977.0,2963.0,68.0,7.0,1,24,0,25
298,43,37.0,19.0,55.0,33.0,0,7,14,22
298,44,928.0,2978.0,52.0,13.0,0,9,1,20
298,45,1876.0,2962.0,36.0,9.0,1,3,0,3
299,5,1699.0,3105.0,29.0,17.0,1,269,0,270
299,6,800.0,2982.0,65.0,42.0,1,185,0,222
299,24,1366.0,2947.0,8.0,5.0,1,98,0,98
299,31,1571.0,2965.0,6.0,5.0,1,68,0,68
299,32,1628.0,2967.0,8.0,6.0,1,61,0,62
299,33,741.0,2948.0,68.0,72.0,0,43,7,59
299,37,2031.0,2965.0,46.0,10.0,1,30,0,33
299,38,1721.0,2966.0,64.0,10.0,0,22,2,33
299,40,1675.0,2963.0,75.0,10.0,1,21,0,27
299,41,33.0,19.0,59.0,33.0,0,17,9,27
299,42,1944.0,2960.0,64.0,11.0,1,25,0,26
299,44,939.0,2977.0,29.0,11.0,1,10,0,21
299,45,1871.0,2960.0,32.0,9.0,1,4,0,4
300,5,1699.0,3105.0,29.0,17.0,1,270,0,271
300,6,688.0,2944.0,46.0,40.0,1,186,0,223
300,24,1358.0,2947.0,10.0,6.0,1,99,0,99
300,31,1561.0,2963.0,7.0,6.0,1,69,0,69
300,32,1620.0,2965.0,6.0,7.0,1,62,0,63
300,33,741.0,2948.0,68.0,72.0,0,43,8,60
300,37,2061.0,2964.0,35.0,9.0,1,31,0,34
300,38,1721.0,2966.0,64.0,10.0,0,22,3,34
300,40,1665.0,2965.0,63.0,8.0,1,22,0,28
300,41,33.0,19.0,59.0,33.0,0,17,10,28
300,42,1961.0,2963.0,69.0,8.0,1,26,0,27
300,44,910.0,2977.0,52.0,15.0,1,11,0,22
300,45,1826.0,2963.0,42.0,8.0,1,5,0,5
300,46,406.0,19.0,60.0,25.0,1,3,0,3
301,5,1708.0,3105.0,18.0,11.0,1,271,0,272
301,6,688.0,2944.0,46.0,40.0,0,186,1,224
301,24,1351.0,2946.0,7.0,4.0,1,100,0,100
301,31,1551.0,2965.0,7.0,5.0,1,70,0,70
301,32,1611.0,2962.0,6.0,6.0,1,63,0,64
301,33,741.0,2948.0,68.0,72.0,0,43,9,61
301,37,2061.0,2964.0,35.0,9.0,0,31,1,35
301,38,1656.0,2964.0,65.0,10.0,1,23,0,35
301,40,1665.0,2965.0,63.0,8.0,0,22,1,29
301,41,33.0,19.0,59.0,33.0,0,17,11,29
301,42,1952.0,2963.0,69.0,9.0,1,27,0,28
301,44,905.0,2981.0,42.0,7.0,1,12,0,23
301,45,1826.0,2963.0,42.0,8.0,0,5,1,6
301,46,393.0,19.0,64.0,34.0,1,4,0,4
301,47,787.0,2979.0,64.0,45.0,1,3,0,3
302,5,1708.0,3106.0,19.0,10.0,1,272,0,273
302,6,688.0,2944.0,46.0,40.0,0,186,2,225
302,24,1342.0,2943.0,9.0,7.0,1,101,0,101
302,31,1545.0,2965.0,6.0,5.0,1,71,0,71
302,32,1602.0,2962.0,7.0,8.0,1,64,0,65
302,33,741.0,2948.0,68.0,72.0,0,43,10,62
302,37,2061.0,2964.0,35.0,9.0,0,31,2,36
302,38,1656.0,2964.0,65.0,10.0,0,23,1,36
302,40,1649.0,2961.0,75.0,14.0,1,23,0,30
302,41,33.0,19.0,59.0,33.0,0,17,12,30
302,42,1944.0,2961.0,69.0,8.0,1,28,0,29
302,44,897.0,2978.0,43.0,10.0,1,13,0,24
302,45,1826.0,2963.0,42.0,8.0,0,5,2,7
302,46,368.0,19.0,64.0,34.0,1,5,0,5
302,47,779.0,2979.0,66.0,42.0,1,4,0,4
303,5,1708.0,3107.0,20.0,9.0,1,273,0,274
303,6,688.0,2944.0,46.0,40.0,0,186,3,226
303,24,1335.0,2945.0,7.0,7.0,1,102,0,102
303,31,1537.0,2961.0,4.0,7.0,1,72,0,72
303,32,1594.0,2964.0,6.0,5.0,1,65,0,66
303,33,741.0,2948.0,68.0,72.0,0,43,11,63
303,37,2000.0,2964.0,46.0,8.0,1,32,0,37
303,38,1656.0,2964.0,65.0,10.0,0,23,2,37
303,40,1638.0,2960.0,78.0,13.0,1,24,0,31
303,41,33.0,19.0,59.0,33.0,0,17,13,31
303,42,1911.0,2961.0,62.0,7.0,1,29,0,30
303,44,927.0,2966.0,129.0,51.0,1,14,0,25
303,45,1839.0,2964.0,31.0,7.0,1,6,0,8
303,46,340.0,19.0,58.0,34.0,1,6,0,6
303,47,779.0,2979.0,66.0,42.0,0,4,1,5
304,5,1708.0,3108.0,15.0,8.0,1,274,0,275
304,6,663.0,2946.0,64.0,64.0,1,187,0,227
304,24,1327.0,2945.0,6.0,6.0,1,103,0,103
304,31,1537.0,2961.0,4.0,7.0,0,72,1,73
304,32,1586.0,2961.0,5.0,6.0,1,66,0,67
304,33,741.0,2948.0,68.0,72.0,0,43,12,64
304,37,2000.0,2964.0,46.0,8.0,0,32,1,38
304,38,1656.0,2964.0,65.0,10.0,0,23,3,38
304,40,1631.0,2966.0,36.0,6.0,1,25,0,32
304,41,33.0,19.0,59.0,33.0,0,17,14,32
304,42,1928.0,2962.0,69.0,6.0,1,30,0,31
304,44,925.0,2975.0,58.0,11.0,1,15,0,26
304,45,1792.0,2963.0,44.0,10.0,1,7,0,9
304,46,304.0,19.0,64.0,34.0,1,7,0,7
304,47,779.0,2979.0,66.0,42.0,0,4,2,6
305,5,1707.0,3109.0,16.0,8.0,1,275,0,276
305,6,655.0,2946.0,58.0,57.0,1,188,0,228
305,24,1319.0,2944.0,5.0,4.0,1,104,0,104
305,31,1515.0,2963.0,9.0,7.0,1,73,0,74
305,32,1586.0,2961.0,5.0,6.0,0,66,1,68
305,33,741.0,2948.0,68.0,72.0,0,43,13,65
305,37,1823.0,2963.0,33.0,10.0,1,33,0,39
305,38,1656.0,2964.0,65.0,10.0,0,23,4,39
305,40,1623.0,2961.0,76.0,12.0,1,26,0,33
305,42,1919.0,2961.0,70.0,9.0,1,31,0,32
305,44,920.0,2975.0,59.0,22.0,1,16,0,27
305,45,1756.0,2962.0,54.0,11.0,1,8,0,10
305,46,304.0,19.0,64.0,34.0,0,7,1,8
305,47,779.0,2979.0,66.0,42.0,0,4,3,7
306,5,1707.0,3110.0,15.0,8.0,1,276,0,277
306,6,655.0,2946.0,58.0,57.0,0,188,1,229
306,24,1311.0,2941.0,5.0,7.0,1,105,0,105
306,31,1511.0,2962.0,10.0,7.0,1,74,0,75
306,32,1568.0,2963.0,6.0,5.0,1,67,0,69
306,33,741.0,2948.0,68.0,72.0,0,43,14,66
306,37,1775.0,2962.0,45.0,10.0,1,34,0,40
306,38,1656.0,2964.0,65.0,10.0,0,23,5,40
306,40,1615.0,2958.0,76.0,15.0,1,27,0,34
306,42,1911.0,2960.0,70.0,8.0,1,32,0,33
306,44,920.0,2975.0,59.0,22.0,0,16,1,28
306,45,1693.0,2959.0,64.0,14.0,1,9,0,11
306,46,244.0,19.0,64.0,34.0,1,8,0,9
306,47,779.0,2979.0,66.0,42.0,0,4,4,8
307,5,1705.0,3111.0,15.0,7.0,1,277,0,278
307,6,655.0,2946.0,58.0,57.0,0,188,2,230
307,24,1302.0,2944.0,7.0,5.0,1,106,0,106
307,31,1498.0,2958.0,10.0,9.0,1,75,0,76
307,32,1561.0,2962.0,5.0,4.0,1,68,0,70
307,33,646.0,2945.0,68.0,64.0,1,44,0,67
307,37,1807.0,2960.0,34.0,9.0,1,35,0,41
307,38,1656.0,2964.0,65.0,10.0,0,23,6,41
307,40,1607.0,2964.0,35.0,8.0,1,28,0,35
307,42,1903.0,2961.0,69.0,7.0,1,33,0,34
307,44,919.0,2960.0,62.0,24.0,1,17,0,29
307,45,1741.0,2962.0,52.0,11.0,1,10,0,12
307,46,203.0,19.0,51.0,33.0,1,9,0,10
307,47,779.0,2979.0,66.0,42.0,0,4,5,9
308,5,1704.0,3112.0,16.0,8.0,1,278,0,279
308,6,655.0,2946.0,58.0,57.0,0,188,3,231
308,24,1295.0,2943.0,6.0,5.0,1,107,0,107
308,31,1495.0,2962.0,4.0,5.0,1,76,0,77
308,32,1561.0,2962.0,5.0,4.0,0,68,1,71
308,33,638.0,2940.0,70.0,55.0,1,45,0,68
308,37,1800.0,2959.0,30.0,11.0,1,36,0,42
308,38,1552.0,2959.0,5.0,6.0,1,24,0,42
308,40,1599.0,2964.0,33.0,6.0,1,29,0,36
308,42,1895.0,2960.0,70.0,8.0,1,34,0,35
308,44,909.0,2947.0,64.0,37.0,1,18,0,30
308,45,1692.0,2958.0,56.0,13.0,1,11,0,13
308,46,155.0,19.0,64.0,33.0,1,10,0,11
308,47,779.0,2979.0,66.0,42.0,0,4,6,10
309,5,1704.0,3110.0,15.0,11.0,1,279,0,280
309,6,655.0,2946.0,58.0,57.0,0,188,4,232
309,24,1286.0,2942.0,6.0,7.0,1,108,0,108
309,31,1483.0,2963.0,7.0,5.0,1,77,0,78
309,32,1543.0,2961.0,5.0,4.0,1,69,0,72
309,33,632.0,2942.0,69.0,51.0,1,46,0,69
309,37,1751.0,2959.0,46.0,14.0,1,37,0,43
309,38,1552.0,2959.0,5.0,6.0,0,24,1,43
309,40,1589.0,2963.0,35.0,8.0,1,30,0,37
309,42,1887.0,2959.0,70.0,13.0,1,35,0,36
309,44,909.0,2947.0,64.0,37.0,0,18,1,31
309,45,1692.0,2958.0,56.0,13.0,0,11,1,14
309,46,110.0,19.0,60.0,33.0,1,11,0,12
309,47,779.0,2979.0,66.0,42.0,0,4,7,11
310,5,1700.0,3114.0,18.0,8.0,1,280,0,281
310,6,655.0,2946.0,58.0,57.0,0,188,5,233
310,24,1279.0,2939.0,5.0,7.0,1,109,0,109
310,31,1476.0,2961.0,4.0,4.0,1,78,0,79
310,32,1534.0,2962.0,6.0,7.0,1,70,0,73
310,33,625.0,2939.0,70.0,52.0,1,47,0,70
310,37,1782.0,2955.0,31.0,16.0,1,38,0,44
310,38,1552.0,2959.0,5.0,6.0,0,24,2,44
310,40,1583.0,2964.0,35.0,8.0,1,31,0,38
310,42,1855.0,2957.0,65.0,12.0,1,36,0,37
310,44,909.0,2947.0,64.0,37.0,0,18,2,32
310,45,1717.0,2959.0,53.0,13.0,1,12,0,15
310,46,110.0,19.0,60.0,33.0,0,11,1,13
310,47,779.0,2979.0,66.0,42.0,0,4,8,12
311,5,1703.0,3114.0,15.0,8.0,1,281,0,282
311,6,655.0,2946.0,58.0,57.0,0,188,6,234
311,24,1271.0,2943.0,5.0,5.0,1,110,0,110
311,31,1467.0,2959.0,5.0,9.0,1,79,0,80
311,32,1524.0,2958.0,8.0,6.0,1,71,0,74
311,33,623.0,2943.0,65.0,47.0,1,48,0,71
311,37,1774.0,2958.0,33.0,11.0,1,39,0,45
311,38,1552.0,2959.0,5.0,6.0,0,24,3,45
311,40,1573.0,2959.0,65.0,11.0,1,32,0,39
311,42,1871.0,2960.0,70.0,8.0,1,37,0,38
311,44,909.0,2947.0,64.0,37.0,0,18,3,33
311,45,1686.0,2959.0,53.0,13.0,1,13,0,16
311,46,31.0,19.0,61.0,33.0,1,12,0,14
311,47,779.0,2979.0,66.0,42.0,0,4,9,13
312,5,1704.0,3118.0,14.0,5.0,1,282,0,283
312,6,655.0,2946.0,58.0,57.0,0,188,7,235
312,24,1262.0,2939.0,7.0,9.0,1,111,0,111
312,31,1458.0,2964.0,5.0,4.0,1,80,0,81
312,32,1518.0,2959.0,5.0,4.0,1,72,0,75
312,33,615.0,2936.0,67.0,53.0,1,49,0,72
312,37,1727.0,2958.0,46.0,14.0,1,40,0,46
312,38,1552.0,2959.0,5.0,6.0,0,24,4,46
312,40,1563.0,2962.0,35.0,7.0,1,33,0,40
312,42,1838.0,2958.0,35.0,9.0,1,38,0,39
312,44,871.0,2931.0,136.0,57.0,1,19,0,34
312,45,1686.0,2959.0,53.0,13.0,0,13,1,17
312,46,31.0,19.0,61.0,33.0,0,12,1,15
312,47,779.0,2979.0,66.0,42.0,0,4,10,14
313,5,1699.0,3118.0,15.0,6.0,1,283,0,284
313,6,655.0,2946.0,58.0,57.0,0,188,8,236
313,24,1255.0,2939.0,6.0,5.0,1,112,0,112
313,31,1447.0,2961.0,8.0,7.0,1,81,0,82
313,32,1507.0,2958.0,7.0,7.0,1,73,0,76
313,33,607.0,2940.0,70.0,52.0,1,50,0,73
313,37,1757.0,2959.0,36.0,12.0,1,41,0,47
313,38,1552.0,2959.0,5.0,6.0,0,24,5,47
313,40,1555.0,2954.0,66.0,16.0,1,34,0,41
313,42,1831.0,2959.0,5.0,5.0,1,39,0,40
313,44,866.0,2931.0,136.0,57.0,1,20,0,35
313,45,1692.0,2958.0,53.0,15.0,1,14,0,18
313,46,31.0,19.0,61.0,33.0,0,12,2,16
313,47,779.0,2979.0,66.0,42.0,0,4,11,15
314,5,1699.0,3120.0,14.0,6.0,1,284,0,285
314,6,655.0,2946.0,58.0,57.0,0,188,9,237
314,24,1247.0,2939.0,6.0,5.0,1,113,0,113
314,31,1440.0,2960.0,6.0,5.0,1,82,0,83
314,32,1500.0,2960.0,6.0,5.0,1,74,0,77
314,33,601.0,2943.0,70.0,45.0,1,51,0,74
314,37,1749.0,2957.0,33.0,13.0,1,42,0,48
314,38,1552.0,2959.0,5.0,6.0,0,24,6,48
314,40,1549.0,2964.0,3.0,2.0,1,35,0,42
314,42,1847.0,2960.0,69.0,6.0,1,40,0,41
314,44,866.0,2931.0,136.0,57.0,0,20,1,36
314,45,1661.0,2955.0,52.0,15.0,1,15,0,19
314,46,31.0,19.0,61.0,33.0,0,12,3,17
314,47,779.0,2979.0,66.0,42.0,0,4,12,16
315,5,1698.0,3122.0,13.0,5.0,1,285,0,286
315,6,655.0,2946.0,58.0,57.0,0,188,10,238
315,24,1238.0,2938.0,7.0,10.0,1,114,0,114
315,31,1440.0,2960.0,6.0,5.0,0,82,1,84
315,32,1489.0,2954.0,8.0,10.0,1,75,0,78
315,33,596.0,2939.0,69.0,49.0,1,52,0,75
315,37,1703.0,2962.0,44.0,7.0,1,43,0,49
315,38,1552.0,2959.0,5.0,6.0,0,24,7,49
315,40,1539.0,2957.0,66.0,11.0,1,36,0,43
315,42,1839.0,2959.0,70.0,9.0,1,41,0,42
315,44,866.0,2931.0,136.0,57.0,0,20,2,37
315,45,1634.0,2958.0,57.0,10.0,1,16,0,20
315,46,31.0,19.0,61.0,33.0,0,12,4,18
315,47,779.0,2979.0,66.0,42.0,0,4,13,17
316,5,1695.0,3124.0,15.0,4.0,1,286,0,287
316,6,655.0,2946.0,58.0,57.0,0,188,11,239
316,24,1230.0,2940.0,7.0,7.0,1,115,0,115
316,31,1423.0,2960.0,7.0,8.0,1,83,0,85
316,32,1483.0,2959.0,5.0,4.0,1,76,0,79
316,33,591.0,2936.0,67.0,52.0,1,53,0,76
316,37,1677.0,2959.0,64.0,14.0,1,44,0,50
316,38,1552.0,2959.0,5.0,6.0,0,24,8,50
316,40,1530.0,2962.0,35.0,6.0,1,37,0,44
316,42,1831.0,2958.0,69.0,10.0,1,42,0,43
316,44,845.0,2930.0,140.0,59.0,1,21,0,38
316,45,1634.0,2958.0,57.0,10.0,0,16,1,21
316,46,31.0,19.0,61.0,33.0,0,12,5,19
316,47,779.0,2979.0,66.0,42.0,0,4,14,18
317,5,1694.0,3126.0,14.0,4.0,1,287,0,288
317,6,655.0,2946.0,58.0,57.0,0,188,12,240
317,24,1222.0,2938.0,7.0,6.0,1,116,0,116
317,31,1417.0,2961.0,5.0,4.0,1,84,0,86
317,32,1473.0,2959.0,7.0,7.0,1,77,0,80
317,33,587.0,2939.0,65.0,52.0,1,54,0,77
317,37,1723.0,2955.0,34.0,15.0,1,45,0,51
317,38,1552.0,2959.0,5.0,6.0,0,24,9,51
317,40,1522.0,2953.0,66.0,15.0,1,38,0,45
317,42,1823.0,2956.0,70.0,12.0,1,43,0,44
317,44,943.0,2959.0,107.0,13.0,1,22,0,39
317,45,1634.0,2958.0,57.0,10.0,0,16,2,22
317,46,31.0,19.0,61.0,33.0,0,12,6,20
318,5,1693.0,3124.0,11.0,7.0,1,288,0,289
318,6,655.0,2946.0,58.0,57.0,0,188,13,241
318,24,1215.0,2936.0,6.0,8.0,1,117,0,117
318,31,1407.0,2955.0,6.0,8.0,1,85,0,87
318,32,1467.0,2959.0,5.0,4.0,1,78,0,81
318,33,576.0,2939.0,71.0,49.0,1,55,0,78
318,37,1718.0,2956.0,32.0,13.0,1,46,0,52
318,38,1552.0,2959.0,5.0,6.0,0,24,10,52
318,40,1515.0,2959.0,33.0,9.0,1,39,0,46
318,42,1815.0,2959.0,70.0,9.0,1,44,0,45
318,44,831.0,2932.0,142.0,56.0,1,23,0,40
318,45,1634.0,2958.0,57.0,10.0,0,16,3,23
318,46,31.0,19.0,61.0,33.0,0,12,7,21
319,5,1694.0,3126.0,10.0,7.0,1,289,0,290
319,6,655.0,2946.0,58.0,57.0,0,188,14,242
319,24,1208.0,2939.0,8.0,7.0,1,118,0,118
319,31,1396.0,2957.0,8.0,6.0,1,86,0,88
319,32,1457.0,2954.0,6.0,8.0,1,79,0,82
319,33,574.0,2937.0,66.0,49.0,1,56,0,79
319,37,1784.0,2957.0,60.0,11.0,1,47,0,53
319,38,1552.0,2959.0,5.0,6.0,0,24,11,53
319,40,1506.0,2959.0,34.0,7.0,1,40,0,47
319,42,1908.0,2959.0,36.0,8.0,1,45,0,46
319,44,831.0,2932.0,142.0,56.0,0,23,1,41
319,45,1634.0,2958.0,57.0,10.0,0,16,4,24
319,46,31.0,19.0,61.0,33.0,0,12,8,22
320,5,1689.0,3128.0,14.0,7.0,1,290,0,291
320,24,1200.0,2938.0,8.0,7.0,1,119,0,119
320,31,1389.0,2959.0,8.0,8.0,1,87,0,89
320,32,1457.0,2954.0,6.0,8.0,0,79,1,83
320,33,565.0,2934.0,70.0,53.0,1,57,0,80
320,37,1799.0,2954.0,70.0,13.0,1,48,0,54
320,38,1552.0,2959.0,5.0,6.0,0,24,12,54
320,40,1495.0,2960.0,36.0,8.0,1,41,0,48
320,42,1881.0,2960.0,55.0,7.0,1,46,0,47
320,44,820.0,2929.0,143.0,59.0,1,24,0,42
320,45,1704.0,2958.0,32.0,11.0,1,17,0,25
320,46,31.0,19.0,61.0,33.0,0,12,9,23
321,5,1688.0,3131.0,13.0,5.0,1,291,0,292
321,24,1191.0,2937.0,6.0,5.0,1,120,0,120
321,31,1383.0,2958.0,7.0,5.0,1,88,0,90
321,32,1440.0,2959.0,6.0,7.0,1,80,0,84
321,33,563.0,2934.0,43.0,44.0,1,58,0,81
321,37,1766.0,2955.0,30.0,9.0,1,49,0,55
321,38,1552.0,2959.0,5.0,6.0,0,24,13,55
321,40,1488.0,2952.0,69.0,15.0,1,42,0,49
321,42,1856.0,2957.0,47.0,11.0,1,47,0,48
321,44,820.0,2929.0,143.0,59.0,0,24,1,43
321,45,1693.0,2955.0,34.0,14.0,1,18,0,26
321,46,31.0,19.0,61.0,33.0,0,12,10,24
322,5,1688.0,3133.0,12.0,5.0,1,292,0,293
322,24,1183.0,2937.0,5.0,5.0,1,121,0,121
322,31,1370.0,2955.0,10.0,10.0,1,89,0,91
322,32,1431.0,2958.0,7.0,7.0,1,81,0,85
322,33,563.0,2934.0,43.0,44.0,0,58,1,82
322,37,1783.0,2959.0,73.0,10.0,1,50,0,56
322,38,1552.0,2959.0,5.0,6.0,0,24,14,56
322,40,1479.0,2957.0,37.0,9.0,1,43,0,50
322,42,1856.0,2957.0,47.0,11.0,0,47,1,49
322,44,807.0,2930.0,147.0,58.0,1,25,0,44
322,45,1687.0,2958.0,32.0,10.0,1,19,0,27
322,46,31.0,19.0,61.0,33.0,0,12,11,25
323,5,1685.0,3133.0,14.0,6.0,1,293,0,294
323,24,1175.0,2938.0,7.0,7.0,1,122,0,122
323,31,1367.0,2959.0,5.0,5.0,1,90,0,92
323,32,1423.0,2955.0,6.0,7.0,1,82,0,86
323,33,563.0,2934.0,43.0,44.0,0,58,2,83
323,37,1750.0,2958.0,30.0,6.0,1,51,0,57
323,40,1470.0,2958.0,36.0,7.0,1,44,0,51
323,42,1839.0,2960.0,23.0,6.0,1,48,0,50
323,44,807.0,2930.0,147.0,58.0,0,25,1,45
323,45,1675.0,2957.0,35.0,11.0,1,20,0,28
323,46,31.0,19.0,61.0,33.0,0,12,12,26
324,5,1684.0,3134.0,14.0,6.0,1,294,0,295
324,24,1168.0,2937.0,7.0,7.0,1,123,0,123
324,31,1356.0,2959.0,7.0,5.0,1,91,0,93
324,32,1415.0,2959.0,5.0,4.0,1,83,0,87
324,33,563.0,2934.0,43.0,44.0,0,58,3,84
324,37,1744.0,2955.0,61.0,12.0,1,52,0,58
324,40,1462.0,2951.0,70.0,14.0,1,45,0,52
324,42,1847.0,2958.0,58.0,9.0,1,49,0,51
324,44,807.0,2930.0,147.0,58.0,0,25,2,46
324,45,1667.0,2955.0,35.0,16.0,1,21,0,29
324,46,31.0,19.0,61.0,33.0,0,12,13,27
325,5,1681.0,3135.0,14.0,7.0,1,295,0,296
325,24,1160.0,2935.0,6.0,6.0,1,124,0,124
325,31,1349.0,2957.0,7.0,7.0,1,92,0,94
325,32,1408.0,2958.0,4.0,5.0,1,84,0,88
325,33,563.0,2934.0,43.0,44.0,0,58,4,85
325,37,1759.0,2957.0,70.0,9.0,1,53,0,59
325,40,1455.0,2959.0,35.0,7.0,1,46,0,53
325,42,1863.0,2959.0,33.0,8.0,1,50,0,52
325,44,788.0,2931.0,149.0,88.0,1,26,0,47
325,45,1622.0,2957.0,45.0,12.0,1,22,0,30
325,46,31.0,19.0,61.0,33.0,0,12,14,28
325,50,393.0,19.0,64.0,27.0,1,3,0,3
326,5,1681.0,3136.0,14.0,7.0,1,296,0,297
326,24,1151.0,2936.0,7.0,8.0,1,125,0,125
326,31,1340.0,2954.0,7.0,10.0,1,93,0,95
326,32,1398.0,2955.0,5.0,6.0,1,85,0,89
326,33,563.0,2934.0,43.0,44.0,0,58,5,86
326,37,1751.0,2958.0,73.0,10.0,1,54,0,60
326,40,1446.0,2952.0,69.0,15.0,1,47,0,54
326,42,1854.0,2955.0,36.0,11.0,1,51,0,53
326,44,788.0,2931.0,149.0,88.0,0,26,1,48
326,45,1613.0,2958.0,46.0,10.0,1,23,0,31
326,50,378.0,19.0,64.0,34.0,1,4,0,4
327,5,1679.0,3137.0,14.0,7.0,1,297,0,298
327,24,1143.0,2936.0,9.0,8.0,1,126,0,126
327,31,1331.0,2958.0,7.0,7.0,1,94,0,96
327,32,1386.0,2954.0,9.0,7.0,1,86,0,90
327,33,563.0,2934.0,43.0,44.0,0,58,6,87
327,37,1646.0,2955.0,33.0,14.0,1,55,0,61
327,40,1440.0,2951.0,68.0,12.0,1,48,0,55
327,42,1743.0,2956.0,72.0,8.0,1,52,0,54
327,44,860.0,2959.0,67.0,22.0,1,27,0,49
327,45,1578.0,2953.0,56.0,15.0,1,24,0,32
327,50,350.0,19.0,64.0,34.0,1,5,0,5
328,5,1677.0,3139.0,16.0,6.0,1,298,0,299
328,24,1136.0,2935.0,9.0,9.0,1,127,0,127
328,31,1323.0,2957.0,7.0,8.0,1,95,0,97
328,32,1382.0,2959.0,4.0,5.0,1,87,0,91
328,33,563.0,2934.0,43.0,44.0,0,58,7,88
328,37,1632.0,2953.0,39.0,16.0,1,56,0,62
328,40,1428.0,2950.0,72.0,14.0,1,49,0,56
328,42,1736.0,2955.0,71.0,11.0,1,53,0,55
328,44,792.0,2918.0,64.0,64.0,1,28,0,50
328,45,1551.0,2952.0,53.0,13.0,1,25,0,33
328,50,318.0,19.0,64.0,34.0,1,6,0,6
329,5,1676.0,3140.0,15.0,5.0,1,299,0,300
329,24,1131.0,2935.0,5.0,5.0,1,128,0,128
329,31,1316.0,2955.0,4.0,5.0,1,96,0,98
329,32,1371.0,2957.0,8.0,6.0,1,88,0,92
329,33,563.0,2934.0,43.0,44.0,0,58,8,89
329,37,1631.0,2956.0,32.0,11.0,1,57,0,63
329,40,1453.0,2951.0,95.0,15.0,1,50,0,57
329,42,1706.0,2955.0,61.0,9.0,1,54,0,56
329,44,764.0,2929.0,153.0,90.0,1,29,0,51
329,45,1551.0,2952.0,53.0,13.0,0,25,1,34
329,50,281.0,19.0,60.0,34.0,1,7,0,7
330,5,1676.0,3139.0,14.0,7.0,1,300,0,301
330,24,1121.0,2935.0,8.0,5.0,1,129,0,129
330,31,1316.0,2955.0,4.0,5.0,0,96,1,99
330,32,1364.0,2952.0,6.0,8.0,1,89,0,93
330,33,563.0,2934.0,43.0,44.0,0,58,9,90
330,37,1623.0,2956.0,32.0,10.0,1,58,0,64
330,40,1411.0,2955.0,38.0,11.0,1,51,0,58
330,42,1719.0,2955.0,72.0,12.0,1,55,0,57
330,44,764.0,2929.0,153.0,90.0,0,29,1,52
330,45,1509.0,2950.0,64.0,15.0,1,26,0,35
330,50,239.0,19.0,52.0,34.0,1,8,0,8
330,52,1822.0,2955.0,36.0,10.0,1,3,0,3
331,5,1675.0,3141.0,13.0,6.0,1,301,0,302
331,24,1115.0,2936.0,9.0,8.0,1,130,0,130
331,31,1296.0,2956.0,9.0,6.0,1,97,0,100
331,32,1354.0,2954.0,8.0,6.0,1,90,0,94
331,33,503.0,2963.0,66.0,19.0,1,59,0,91
331,37,1616.0,2954.0,32.0,14.0,1,59,0,65
331,40,1407.0,2956.0,34.0,9.0,1,52,0,59
331,42,1712.0,2955.0,70.0,9.0,1,56,0,58
331,44,687.0,2957.0,77.0,58.0,1,30,0,53
331,45,1509.0,2950.0,64.0,15.0,0,26,1,36
331,50,191.0,19.0,63.0,34.0,1,9,0,9
331,52,1793.0,2958.0,52.0,7.0,1,4,0,4
332,5,1674.0,3142.0,14.0,6.0,1,302,0,303
332,24,1108.0,2934.0,9.0,5.0,1,131,0,131
332,31,1292.0,2955.0,5.0,6.0,1,98,0,101
332,32,1345.0,2956.0,9.0,8.0,1,91,0,95
332,33,496.0,2963.0,32.0,9.0,1,60,0,92
332,37,1607.0,2951.0,33.0,16.0,1,60,0,66
332,40,1397.0,2956.0,35.0,8.0,1,53,0,60
332,42,1703.0,2956.0,71.0,11.0,1,57,0,59
332,44,656.0,2969.0,64.0,11.0,1,31,0,54
332,45,1461.0,2947.0,63.0,17.0,1,27,0,37
332,50,147.0,19.0,60.0,33.0,1,10,0,10
332,52,1806.0,2958.0,36.0,8.0,1,5,0,5
333,5,1673.0,3142.0,14.0,7.0,1,303,0,304
333,24,1099.0,2931.0,8.0,8.0,1,132,0,132
333,31,1282.0,2951.0,7.0,8.0,1,99,0,102
333,32,1338.0,2955.0,8.0,6.0,1,92,0,96
333,33,491.0,2964.0,32.0,9.0,1,61,0,93
333,37,1599.0,2954.0,33.0,11.0,1,61,0,67
333,40,1397.0,2956.0,35.0,8.0,0,53,1,61
333,42,1696.0,2957.0,73.0,9.0,1,58,0,60
333,44,619.0,2970.0,70.0,10.0,1,32,0,55
333,45,1419.0,2949.0,57.0,15.0,1,28,0,38
333,50,105.0,19.0,55.0,33.0,1,11,0,11
333,52,1806.0,2958.0,36.0,8.0,0,5,1,6
334,5,1672.0,3143.0,15.0,7.0,1,304,0,305
334,24,1091.0,2934.0,8.0,4.0,1,133,0,133
334,31,1274.0,2955.0,7.0,5.0,1,100,0,103
334,32,1331.0,2952.0,6.0,8.0,1,93,0,97
334,33,487.0,2964.0,31.0,8.0,1,62,0,94
334,37,1590.0,2954.0,34.0,11.0,1,62,0,68
334,40,1378.0,2950.0,72.0,15.0,1,54,0,62
334,42,1688.0,2954.0,71.0,10.0,1,59,0,61
334,44,589.0,2970.0,63.0,13.0,1,33,0,56
334,45,1419.0,2949.0,57.0,15.0,0,28,1,39
334,50,48.0,19.0,64.0,33.0,1,12,0,12
334,52,1806.0,2958.0,36.0,8.0,0,5,2,7
335,5,1670.0,3143.0,15.0,7.0,1,305,0,306
335,24,1084.0,2934.0,10.0,6.0,1,134,0,134
335,31,1264.0,2955.0,8.0,7.0,1,101,0,104
335,32,1325.0,2956.0,4.0,5.0,1,94,0,98
335,33,482.0,2961.0,62.0,19.0,1,63,0,95
335,37,1579.0,2953.0,36.0,13.0,1,63,0,69
335,40,1374.0,2955.0,34.0,10.0,1,55,0,63
335,42,1679.0,2955.0,72.0,10.0,1,60,0,62
335,44,639.0,2967.0,38.0,9.0,1,34,0,57
335,45,1419.0,2949.0,57.0,15.0,0,28,2,40
335,50,7.0,19.0,47.0,33.0,1,13,0,13
335,52,1806.0,2958.0,36.0,8.0,0,5,3,8
336,5,1669.0,3143.0,16.0,8.0,1,306,0,307
336,24,1077.0,2931.0,10.0,8.0,1,135,0,135
336,31,1259.0,2954.0,5.0,5.0,1,102,0,105
336,32,1313.0,2956.0,7.0,7.0,1,95,0,99
336,33,475.0,2962.0,31.0,7.0,1,64,0,96
336,37,1544.0,2951.0,60.0,16.0,1,64,0,70
336,40,1363.0,2956.0,34.0,9.0,1,56,0,64
336,42,1672.0,2955.0,72.0,9.0,1,61,0,63
336,44,576.0,2966.0,64.0,15.0,1,35,0,58
336,45,1419.0,2949.0,57.0,15.0,0,28,3,41
336,50,7.0,19.0,47.0,33.0,0,13,1,14
336,52,1806.0,2958.0,36.0,8.0,0,5,4,9
336,53,875.0,2957.0,64.0,9.0,1,3,0,3
337,5,1668.0,3144.0,15.0,7.0,1,307,0,308
337,24,1070.0,2931.0,6.0,5.0,1,136,0,136
337,31,1249.0,2951.0,7.0,7.0,1,103,0,106
337,32,1307.0,2955.0,5.0,4.0,1,96,0,100
337,33,471.0,2962.0,31.0,8.0,1,65,0,97
337,37,1566.0,2953.0,34.0,11.0,1,65,0,71
337,40,1355.0,2954.0,36.0,10.0,1,57,0,65
337,42,1640.0,2956.0,62.0,7.0,1,62,0,64
337,44,596.0,2966.0,71.0,15.0,1,36,0,59
337,45,1419.0,2949.0,57.0,15.0,0,28,4,42
337,50,7.0,19.0,47.0,33.0,0,13,2,15
337,52,1806.0,2958.0,36.0,8.0,0,5,5,10
337,53,866.0,2958.0,50.0,9.0,1,4,0,4
338,5,1668.0,3144.0,15.0,7.0,1,308,0,309
338,24,1063.0,2933.0,6.0,4.0,1,137,0,137
338,31,1243.0,2955.0,5.0,5.0,1,104,0,107
338,32,1297.0,2951.0,7.0,8.0,1,97,0,101
338,33,465.0,2962.0,31.0,8.0,1,66,0,98
338,37,1558.0,2952.0,35.0,11.0,1,66,0,72
338,40,1355.0,2954.0,36.0,10.0,0,57,1,66
338,42,1657.0,2953.0,72.0,11.0,1,63,0,65
338,44,590.0,2969.0,70.0,12.0,1,37,0,60
338,45,1347.0,2947.0,71.0,15.0,1,29,0,43
338,50,7.0,19.0,47.0,33.0,0,13,3,16
338,52,1806.0,2958.0,36.0,8.0,0,5,6,11
338,53,766.0,3119.0,70.0,240.0,1,5,0,5
339,5,1667.0,3143.0,17.0,9.0,1,309,0,310
339,24,1051.0,2931.0,11.0,8.0,1,138,0,138
339,31,1231.0,2953.0,9.0,8.0,1,105,0,108
339,32,1288.0,2954.0,8.0,8.0,1,98,0,102
339,33,460.0,2959.0,30.0,9.0,1,67,0,99
339,37,1548.0,2951.0,36.0,15.0,1,67,0,73
339,40,1338.0,2955.0,35.0,9.0,1,58,0,67
339,42,1624.0,2954.0,32.0,6.0,1,64,0,66
339,44,585.0,2966.0,38.0,14.0,1,38,0,61
339,45,1347.0,2947.0,71.0,15.0,0,29,1,44
339,50,7.0,19.0,47.0,33.0,0,13,4,17
339,52,1806.0,2958.0,36.0,8.0,0,5,7,12
339,53,766.0,3119.0,70.0,240.0,0,5,1,6
340,5,1667.0,3145.0,17.0,7.0,1,310,0,311
340,24,1046.0,2931.0,10.0,6.0,1,139,0,139
340,31,1226.0,2951.0,6.0,6.0,1,106,0,109
340,32,1280.0,2954.0,8.0,7.0,1,99,0,103
340,33,453.0,2959.0,31.0,9.0,1,68,0,100
340,37,1541.0,2949.0,35.0,14.0,1,68,0,74
340,40,1329.0,2943.0,73.0,19.0,1,59,0,68
340,42,1640.0,2955.0,72.0,10.0,1,65,0,67
340,44,551.0,2963.0,65.0,17.0,1,39,0,62
340,45,1347.0,2947.0,71.0,15.0,0,29,2,45
340,50,7.0,19.0,47.0,33.0,0,13,5,18
340,52,1806.0,2958.0,36.0,8.0,0,5,8,13
340,53,766.0,3119.0,70.0,240.0,0,5,2,7
340,54,792.0,2955.0,64.0,30.0,1,3,0,3
341,5,1666.0,3145.0,16.0,7.0,1,311,0,312
341,24,1039.0,2929.0,10.0,8.0,1,140,0,140
341,31,1226.0,2951.0,6.0,6.0,0,106,1,110
341,32,1274.0,2951.0,56.0,9.0,1,100,0,104
341,33,447.0,2960.0,34.0,9.0,1,69,0,101
341,37,1498.0,2950.0,40.0,12.0,1,69,0,75
341,40,1329.0,2943.0,73.0,19.0,0,59,1,69
341,42,1611.0,2954.0,28.0,5.0,1,66,0,68
341,44,488.0,3032.0,285.0,127.0,1,40,0,63
341,45,1347.0,2947.0,71.0,15.0,0,29,3,46
341,50,7.0,19.0,47.0,33.0,0,13,6,19
341,52,1738.0,2953.0,34.0,11.0,1,6,0,14
341,53,766.0,3119.0,70.0,240.0,0,5,3,8
341,54,818.0,2955.0,115.0,11.0,1,4,0,4
341,57,281.0,19.0,60.0,33.0,1,3,0,3
342,5,1666.0,3145.0,16.0,7.0,1,312,0,313
342,24,1033.0,2930.0,7.0,7.0,1,141,0,141
342,31,1208.0,2953.0,8.0,7.0,1,107,0,111
342,32,1264.0,2951.0,8.0,7.0,1,101,0,105
342,33,443.0,2958.0,32.0,10.0,1,70,0,102
342,37,1525.0,2951.0,35.0,11.0,1,70,0,76
342,40,1317.0,2955.0,34.0,7.0,1,60,0,70
342,42,1601.0,2951.0,63.0,10.0,1,67,0,69
342,44,567.0,2967.0,68.0,13.0,1,41,0,64
342,45,1347.0,2947.0,71.0,15.0,0,29,4,47
342,50,7.0,19.0,47.0,33.0,0,13,7,20
342,52,1691.0,2954.0,46.0,10.0,1,7,0,15
342,53,766.0,3119.0,70.0,240.0,0,5,4,9
342,54,762.0,2923.0,59.0,61.0,1,5,0,5
342,57,244.0,19.0,64.0,32.0,1,4,0,4
343,5,1667.0,3145.0,15.0,7.0,1,313,0,314
343,24,1025.0,2930.0,7.0,6.0,1,142,0,142
343,31,1203.0,2950.0,5.0,7.0,1,108,0,112
343,32,1259.0,2955.0,4.0,6.0,1,102,0,106
343,33,439.0,2956.0,60.0,20.0,1,71,0,103
343,37,1478.0,2950.0,46.0,14.0,1,71,0,77
343,40,1306.0,2941.0,74.0,22.0,1,61,0,71
343,42,1596.0,2954.0,27.0,5.0,1,68,0,70
343,44,567.0,2967.0,68.0,13.0,0,41,1,65
343,45,1347.0,2947.0,71.0,15.0,0,29,5,48
343,50,7.0,19.0,47.0,33.0,0,13,8,21
343,52,1683.0,2954.0,43.0,11.0,1,8,0,16
343,53,766.0,3119.0,70.0,240.0,0,5,5,10
343,54,762.0,2923.0,59.0,61.0,0,5,1,6
343,57,197.0,19.0,57.0,33.0,1,5,0,5
344,5,1666.0,3145.0,16.0,7.0,1,314,0,315
344,24,1017.0,2929.0,7.0,5.0,1,143,0,143
344,31,1194.0,2947.0,7.0,9.0,1,109,0,113
344,32,1247.0,2953.0,9.0,8.0,1,103,0,107
344,33,433.0,2959.0,31.0,6.0,1,72,0,104
344,37,1509.0,2949.0,35.0,13.0,1,72,0,78
344,40,1301.0,2953.0,33.0,8.0,1,62,0,72
344,42,1587.0,2954.0,61.0,8.0,1,69,0,71
344,44,555.0,2963.0,69.0,13.0,1,42,0,66
344,45,1347.0,2947.0,71.0,15.0,0,29,6,49
344,50,7.0,19.0,47.0,33.0,0,13,9,22
344,52,1716.0,2955.0,33.0,10.0,1,9,0,17
344,53,766.0,3119.0,70.0,240.0,0,5,6,11
344,54,762.0,2923.0,59.0,61.0,0,5,2,7
344,57,138.0,19.0,61.0,33.0,1,6,0,6
344,58,767.0,3089.0,104.0,215.0,1,3,0,3
345,5,1666.0,3144.0,17.0,8.0,1,315,0,316
345,24,1010.0,2927.0,7.0,6.0,1,144,0,144
345,31,1183.0,2948.0,10.0,9.0,1,110,0,114
345,32,1239.0,2949.0,9.0,9.0,1,104,0,108
345,33,426.0,2959.0,61.0,13.0,1,73,0,105
345,37,1501.0,2950.0,35.0,11.0,1,73,0,79
345,40,1288.0,2951.0,41.0,12.0,1,63,0,73
345,42,1579.0,2951.0,29.0,6.0,1,70,0,72
345,44,523.0,2967.0,64.0,11.0,1,43,0,67
345,45,1347.0,2947.0,71.0,15.0,0,29,7,50
345,50,7.0,19.0,47.0,33.0,0,13,10,23
345,52,1666.0,2950.0,49.0,15.0,1,10,0,18
345,53,766.0,3119.0,70.0,240.0,0,5,7,12
345,54,846.0,2954.0,70.0,13.0,1,6,0,8
345,57,138.0,19.0,61.0,33.0,0,6,1,7
345,58,764.0,3082.0,110.0,212.0,1,4,0,4
346,5,1667.0,3144.0,14.0,7.0,1,316,0,317
346,24,1003.0,2928.0,7.0,6.0,1,145,0,145
346,31,1176.0,2951.0,9.0,7.0,1,111,0,115
346,32,1231.0,2950.0,12.0,10.0,1,105,0,109
346,33,423.0,2958.0,30.0,10.0,1,74,0,106
346,37,1493.0,2949.0,36.0,12.0,1,74,0,80
346,40,1285.0,2954.0,36.0,7.0,1,64,0,74
346,42,1569.0,2951.0,30.0,6.0,1,71,0,73
346,44,486.0,2964.0,62.0,12.0,1,44,0,68
346,45,1347.0,2947.0,71.0,15.0,0,29,8,51
346,50,7.0,19.0,47.0,33.0,0,13,11,24
346,52,1629.0,2954.0,56.0,7.0,1,11,0,19
346,53,766.0,3119.0,70.0,240.0,0,5,8,13
346,54,793.0,2958.0,57.0,8.0,1,7,0,9
346,57,37.0,19.0,55.0,33.0,1,7,0,8
346,58,767.0,3081.0,113.0,201.0,1,5,0,5
347,5,1666.0,3143.0,15.0,8.0,1,317,0,318
347,24,995.0,2928.0,7.0,6.0,1,146,0,146
347,31,1171.0,2950.0,6.0,6.0,1,112,0,116
347,32,1222.0,2952.0,12.0,8.0,1,106,0,110
347,33,417.0,2955.0,63.0,17.0,1,75,0,107
347,37,1453.0,2943.0,64.0,21.0,1,75,0,81
347,40,1274.0,2951.0,37.0,9.0,1,65,0,75
347,42,1562.0,2950.0,62.0,9.0,1,72,0,74
347,44,486.0,2964.0,62.0,12.0,0,44,1,69
347,45,1347.0,2947.0,71.0,15.0,0,29,9,52
347,50,7.0,19.0,47.0,33.0,0,13,12,25
347,52,1691.0,2955.0,34.0,12.0,1,12,0,20
347,53,766.0,3119.0,70.0,240.0,0,5,9,14
347,54,768.0,2954.0,59.0,32.0,1,8,0,10
347,57,37.0,19.0,55.0,33.0,0,7,1,9
347,58,767.0,3076.0,117.0,196.0,1,6,0,6
348,5,1667.0,3143.0,14.0,7.0,1,318,0,319
348,24,989.0,2927.0,5.0,5.0,1,147,0,147
348,31,1162.0,2947.0,6.0,8.0,1,113,0,117
348,32,1219.0,2951.0,15.0,9.0,1,107,0,111
348,33,411.0,2958.0,31.0,6.0,1,76,0,108
348,37,1476.0,2946.0,37.0,15.0,1,76,0,82
348,40,1268.0,2943.0,72.0,17.0,1,66,0,76
348,42,1555.0,2950.0,29.0,9.0,1,73,0,75
348,44,486.0,2964.0,62.0,12.0,0,44,2,70
348,45,1347.0,2947.0,71.0,15.0,0,29,10,53
348,50,7.0,19.0,47.0,33.0,0,13,13,26
348,52,1691.0,2955.0,34.0,12.0,0,12,1,21
348,53,766.0,3119.0,70.0,240.0,0,5,10,15
348,54,656.0,2939.0,99.0,75.0,1,9,0,11
348,57,37.0,19.0,55.0,33.0,0,7,2,10
348,58,767.0,3076.0,117.0,196.0,0,6,1,7
349,5,1668.0,3142.0,12.0,7.0,1,319,0,320
349,24,980.0,2922.0,8.0,9.0,1,148,0,148
349,31,1158.0,2951.0,4.0,4.0,1,114,0,118
349,32,1208.0,2946.0,26.0,14.0,1,108,0,112
349,33,406.0,2957.0,32.0,8.0,1,77,0,109
349,37,1470.0,2948.0,36.0,12.0,1,77,0,83
349,40,1268.0,2943.0,72.0,17.0,0,66,1,77
349,42,1547.0,2947.0,62.0,11.0,1,74,0,76
349,44,527.0,2966.0,69.0,10.0,1,45,0,71
349,45,1347.0,2947.0,71.0,15.0,0,29,11,54
349,50,7.0,19.0,47.0,33.0,0,13,14,27
349,52,1635.0,2950.0,49.0,10.0,1,13,0,22
349,53,766.0,3119.0,70.0,240.0,0,5,11,16
349,54,650.0,2937.0,103.0,77.0,1,10,0,12
349,57,37.0,19.0,55.0,33.0,0,7,3,11
349,58,767.0,3076.0,117.0,196.0,0,6,2,8
350,5,1668.0,3142.0,15.0,9.0,1,320,0,321
350,24,974.0,2927.0,7.0,6.0,1,149,0,149
350,31,1158.0,2951.0,4.0,4.0,0,114,1,119
350,32,1208.0,2946.0,26.0,14.0,0,108,1,113
350,33,403.0,2955.0,30.0,9.0,1,78,0,110
350,37,1464.0,2943.0,32.0,18.0,1,78,0,84
350,40,1254.0,2939.0,70.0,22.0,1,67,0,78
350,42,1538.0,2951.0,27.0,5.0,1,75,0,77
350,44,551.0,2965.0,64.0,10.0,1,46,0,72
350,45,1147.0,2949.0,62.0,12.0,1,30,0,55
350,52,1629.0,2954.0,5.0,5.0,1,14,0,23
350,53,766.0,3119.0,70.0,240.0,0,5,12,17
350,54,646.0,2937.0,98.0,42.0,1,11,0,13
350,57,37.0,19.0,55.0,33.0,0,7,4,12
350,58,767.0,3076.0,117.0,196.0,0,6,3,9
350,59,392.0,19.0,64.0,14.0,1,3,0,3
351,5,1668.0,3141.0,14.0,9.0,1,321,0,322
351,24,966.0,2927.0,7.0,5.0,1,150,0,150
351,31,1158.0,2951.0,4.0,4.0,0,114,2,120
351,32,1208.0,2946.0,26.0,14.0,0,108,2,114
351,33,395.0,2953.0,31.0,10.0,1,79,0,111
351,37,1456.0,2957.0,12.0,5.0,1,79,0,85
351,40,1243.0,2951.0,35.0,9.0,1,68,0,79
351,42,1531.0,2951.0,28.0,5.0,1,76,0,78
351,44,491.0,2961.0,62.0,12.0,1,47,0,73
351,45,1137.0,2947.0,60.0,9.0,1,31,0,56
351,52,1587.0,2953.0,59.0,7.0,1,15,0,24
351,53,766.0,3119.0,70.0,240.0,0,5,13,18
351,54,577.0,2935.0,164.0,77.0,1,12,0,14
351,57,37.0,19.0,55.0,33.0,0,7,5,13
351,58,767.0,3076.0,117.0,196.0,0,6,4,10
351,59,386.0,19.0,57.0,34.0,1,4,0,4
352,5,1672.0,3139.0,15.0,6.0,1,322,0,323
352,24,959.0,2925.0,7.0,5.0,1,151,0,151
352,31,1158.0,2951.0,4.0,4.0,0,114,3,121
352,32,1186.0,2948.0,6.0,7.0,1,109,0,115
352,33,391.0,2955.0,30.0,7.0,1,80,0,112
352,37,1446.0,2946.0,35.0,15.0,1,80,0,86
352,40,1234.0,2950.0,38.0,11.0,1,69,0,80
352,42,1524.0,2949.0,28.0,7.0,1,77,0,79
352,44,509.0,2963.0,39.0,4.0,1,48,0,74
352,45,1129.0,2945.0,8.0,8.0,1,32,0,57
352,52,1579.0,2952.0,39.0,7.0,1,16,0,25
352,53,766.0,3119.0,70.0,240.0,0,5,14,19
352,54,577.0,2935.0,164.0,77.0,0,12,1,15
352,57,37.0,19.0,55.0,33.0,0,7,6,14
352,58,767.0,3076.0,117.0,196.0,0,6,5,11
352,59,354.0,19.0,60.0,34.0,1,5,0,5
353,5,1671.0,3132.0,16.0,13.0,1,323,0,324
353,24,952.0,2924.0,8.0,6.0,1,152,0,152
353,31,1123.0,2946.0,8.0,8.0,1,115,0,122
353,32,1186.0,2948.0,6.0,7.0,0,109,1,116
353,33,385.0,2956.0,32.0,8.0,1,81,0,113
353,37,1403.0,2949.0,43.0,12.0,1,81,0,87
353,40,1227.0,2951.0,37.0,9.0,1,70,0,81
353,42,1514.0,2947.0,64.0,9.0,1,78,0,80
353,44,483.0,2963.0,29.0,11.0,1,49,0,75
353,45,1129.0,2945.0,8.0,8.0,0,32,1,58
353,52,1579.0,2952.0,39.0,7.0,0,16,1,26
353,54,577.0,2935.0,164.0,77.0,0,12,2,16
353,57,37.0,19.0,55.0,33.0,0,7,7,15
353,58,767.0,3076.0,117.0,196.0,0,6,6,12
353,59,323.0,19.0,64.0,34.0,1,6,0,6
354,5,1677.0,3138.0,12.0,8.0,1,324,0,325
354,24,944.0,2924.0,8.0,6.0,1,153,0,153
354,31,1115.0,2946.0,58.0,10.0,1,116,0,123
354,32,1186.0,2948.0,6.0,7.0,0,109,2,117
354,33,378.0,2955.0,61.0,13.0,1,82,0,114
354,37,1433.0,2941.0,34.0,19.0,1,82,0,88
354,40,1219.0,2935.0,77.0,25.0,1,71,0,82
354,42,1529.0,2946.0,41.0,10.0,1,79,0,81
354,44,460.0,2960.0,22.0,5.0,1,50,0,76
354,45,1129.0,2945.0,8.0,8.0,0,32,2,59
354,52,1637.0,2954.0,35.0,10.0,1,17,0,27
354,54,577.0,2935.0,164.0,77.0,0,12,3,17
354,57,37.0,19.0,55.0,33.0,0,7,8,16
354,58,767.0,3076.0,117.0,196.0,0,6,7,13
354,59,287.0,19.0,64.0,34.0,1,7,0,7
355,5,1674.0,3135.0,12.0,10.0,1,325,0,326
355,24,938.0,2922.0,7.0,8.0,1,154,0,154
355,31,1110.0,2944.0,6.0,7.0,1,117,0,124
355,32,1165.0,2949.0,5.0,5.0,1,110,0,118
355,33,375.0,2952.0,61.0,17.0,1,83,0,115
355,37,1378.0,2947.0,51.0,16.0,1,83,0,89
355,40,1215.0,2938.0,72.0,19.0,1,72,0,83
355,42,1499.0,2949.0,29.0,7.0,1,80,0,82
355,44,525.0,2959.0,61.0,13.0,1,51,0,77
355,45,1129.0,2945.0,8.0,8.0,0,32,3,60
355,52,1588.0,2949.0,50.0,12.0,1,18,0,28
355,54,577.0,2935.0,164.0,77.0,0,12,4,18
355,57,37.0,19.0,55.0,33.0,0,7,9,17
355,58,767.0,3076.0,117.0,196.0,0,6,8,14
355,59,247.0,19.0,64.0,33.0,1,8,0,8
356,5,1676.0,3133.0,12.0,6.0,1,326,0,327
356,24,931.0,2921.0,6.0,7.0,1,155,0,155
356,31,1110.0,2944.0,6.0,7.0,0,117,1,125
356,32,1154.0,2946.0,10.0,7.0,1,111,0,119
356,33,370.0,2954.0,58.0,12.0,1,84,0,116
356,37,1415.0,2942.0,37.0,21.0,1,84,0,90
356,40,1205.0,2938.0,74.0,22.0,1,73,0,84
356,42,1492.0,2944.0,63.0,13.0,1,81,0,83
356,44,488.0,2959.0,68.0,13.0,1,52,0,78
356,45,1129.0,2945.0,8.0,8.0,0,32,4,61
356,52,1621.0,2950.0,38.0,11.0,1,19,0,29
356,54,577.0,2935.0,164.0,77.0,0,12,5,19
356,57,37.0,19.0,55.0,33.0,0,7,10,18
356,58,767.0,3076.0,117.0,196.0,0,6,9,15
356,59,205.0,19.0,49.0,34.0,1,9,0,9
357,5,1677.0,3127.0,15.0,10.0,1,327,0,328
357,24,923.0,2920.0,7.0,8.0,1,156,0,156
357,31,1093.0,2946.0,8.0,8.0,1,118,0,126
357,32,1147.0,2948.0,9.0,6.0,1,112,0,120
357,33,362.0,2954.0,71.0,15.0,1,85,0,117
357,37,1358.0,2945.0,56.0,15.0,1,85,0,91
357,40,1198.0,2952.0,39.0,8.0,1,74,0,85
357,42,1509.0,2945.0,71.0,15.0,1,82,0,84
357,44,447.0,2962.0,43.0,10.0,1,53,0,79
357,45,1129.0,2945.0,8.0,8.0,0,32,5,62
357,52,1621.0,2950.0,38.0,11.0,0,19,1,30
357,54,577.0,2935.0,164.0,77.0,0,12,6,20
357,57,37.0,19.0,55.0,33.0,0,7,11,19
357,58,767.0,3076.0,117.0,196.0,0,6,10,16
357,59,153.0,19.0,64.0,34.0,1,10,0,10
358,5,1674.0,3130.0,20.0,7.0,1,328,0,329
358,24,915.0,2920.0,8.0,10.0,1,157,0,157
358,31,1087.0,2946.0,8.0,7.0,1,119,0,127
358,32,1139.0,2948.0,11.0,7.0,1,113,0,121
358,33,359.0,2954.0,33.0,8.0,1,86,0,118
358,37,1402.0,2939.0,34.0,22.0,1,86,0,92
358,40,1190.0,2932.0,75.0,28.0,1,75,0,86
358,42,1477.0,2948.0,29.0,8.0,1,83,0,85
358,44,409.0,2958.0,42.0,11.0,1,54,0,80
358,45,1129.0,2945.0,8.0,8.0,0,32,6,63
358,52,1567.0,2950.0,48.0,9.0,1,20,0,31
358,54,577.0,2935.0,164.0,77.0,0,12,7,21
358,57,37.0,19.0,55.0,33.0,0,7,12,20
358,58,767.0,3076.0,117.0,196.0,0,6,11,17
358,59,105.0,19.0,63.0,34.0,1,11,0,11
359,5,1678.0,3131.0,15.0,9.0,1,329,0,330
359,24,909.0,2920.0,7.0,10.0,1,158,0,158
359,31,1079.0,2943.0,9.0,7.0,1,120,0,128
359,32,1135.0,2949.0,6.0,5.0,1,114,0,122
359,33,355.0,2951.0,53.0,13.0,1,87,0,119
359,37,1393.0,2946.0,35.0,13.0,1,87,0,93
359,40,1183.0,2948.0,37.0,8.0,1,76,0,87
359,42,1470.0,2946.0,28.0,11.0,1,84,0,86
359,44,471.0,2959.0,68.0,11.0,1,55,0,81
359,45,1129.0,2945.0,8.0,8.0,0,32,7,64
359,52,1597.0,2950.0,38.0,12.0,1,21,0,32
359,54,577.0,2935.0,164.0,77.0,0,12,8,22
359,57,37.0,19.0,55.0,33.0,0,7,13,21
359,58,767.0,3076.0,117.0,196.0,0,6,12,18
359,59,105.0,19.0,63.0,34.0,0,11,1,12
360,5,1679.0,3126.0,15.0,10.0,1,330,0,331
360,24,903.0,2919.0,10.0,10.0,1,159,0,159
360,31,1075.0,2946.0,5.0,4.0,1,121,0,129
360,32,1135.0,2949.0,6.0,5.0,0,114,1,123
360,33,347.0,2952.0,36.0,8.0,1,88,0,120
360,37,1346.0,2945.0,44.0,14.0,1,88,0,94
360,40,1174.0,2934.0,76.0,25.0,1,77,0,88
360,42,1460.0,2944.0,25.0,8.0,1,85,0,87
360,44,467.0,2959.0,67.0,13.0,1,56,0,82
360,45,1129.0,2945.0,8.0,8.0,0,32,8,65
360,52,1550.0,2950.0,51.0,8.0,1,22,0,33
360,54,577.0,2935.0,164.0,77.0,0,12,9,23
360,57,37.0,19.0,55.0,33.0,0,7,14,22
360,58,767.0,3076.0,117.0,196.0,0,6,13,19
360,59,17.0,19.0,64.0,34.0,1,12,0,13
361,5,1685.0,3123.0,12.0,10.0,1,331,0,332
361,24,895.0,2919.0,10.0,9.0,1,160,0,160
361,31,1064.0,2942.0,8.0,10.0,1,122,0,130
361,32,1116.0,2947.0,9.0,9.0,1,115,0,124
361,33,344.0,2954.0,33.0,7.0,1,89,0,121
361,37,1376.0,2938.0,36.0,20.0,1,89,0,95
361,40,1172.0,2934.0,71.0,24.0,1,78,0,89
361,42,1451.0,2948.0,10.0,8.0,1,86,0,88
361,44,492.0,2959.0,62.0,13.0,1,57,0,83
361,45,1129.0,2945.0,8.0,8.0,0,32,9,66
361,52,1543.0,2947.0,49.0,13.0,1,23,0,34
361,54,577.0,2935.0,164.0,77.0,0,12,10,24
361,58,767.0,3076.0,117.0,196.0,0,6,14,20
361,59,17.0,19.0,64.0,34.0,0,12,1,14
362,5,1680.0,3120.0,18.0,11.0,1,332,0,333
362,24,887.0,2921.0,8.0,9.0,1,161,0,161
362,31,1059.0,2945.0,5.0,4.0,1,123,0,131
362,32,1109.0,2947.0,9.0,6.0,1,116,0,125
362,33,339.0,2953.0,33.0,8.0,1,90,0,122
362,37,1322.0,2939.0,54.0,21.0,1,90,0,96
362,40,1161.0,2931.0,75.0,27.0,1,79,0,90
362,42,1400.0,2942.0,54.0,10.0,1,87,0,89
362,44,459.0,2959.0,65.0,8.0,1,58,0,84
362,45,1129.0,2945.0,8.0,8.0,0,32,10,67
362,52,1543.0,2947.0,49.0,13.0,0,23,1,35
362,54,577.0,2935.0,164.0,77.0,0,12,11,25
362,58,679.0,2932.0,42.0,46.0,1,7,0,21
362,59,17.0,19.0,64.0,34.0,0,12,2,15
363,5,1681.0,3123.0,17.0,12.0,1,333,0,334
363,24,881.0,2921.0,8.0,7.0,1,162,0,162
363,31,1051.0,2941.0,7.0,8.0,1,124,0,132
363,32,1103.0,2943.0,8.0,8.0,1,117,0,126
363,33,339.0,2953.0,33.0,8.0,0,90,1,123
363,37,1292.0,2934.0,58.0,23.0,1,91,0,97
363,40,1154.0,2935.0,74.0,22.0,1,80,0,91
363,42,1364.0,2941.0,36.0,19.0,1,88,0,90
363,44,455.0,2959.0,65.0,9.0,1,59,0,85
363,45,1129.0,2945.0,8.0,8.0,0,32,11,68
363,52,1499.0,2949.0,55.0,8.0,1,24,0,36
363,54,335.0,2951.0,58.0,16.0,1,13,0,26
363,58,672.0,2959.0,32.0,21.0,1,8,0,22
363,59,17.0,19.0,64.0,34.0,0,12,3,16
364,5,1687.0,3121.0,11.0,8.0,1,334,0,335
364,24,874.0,2916.0,8.0,10.0,1,163,0,163
364,31,1047.0,2947.0,4.0,3.0,1,125,0,133
364,32,1100.0,2949.0,4.0,3.0,1,118,0,127
364,33,339.0,2953.0,33.0,8.0,0,90,2,124
364,37,1215.0,2933.0,58.0,20.0,1,92,0,98
364,40,1175.0,2950.0,8.0,6.0,1,81,0,92
364,42,1316.0,2942.0,45.0,16.0,1,89,0,91
364,44,449.0,2960.0,37.0,8.0,1,60,0,86
364,45,1129.0,2945.0,8.0,8.0,0,32,12,69
364,52,1455.0,2943.0,70.0,15.0,1,25,0,37
364,54,330.0,2950.0,29.0,8.0,1,14,0,27
364,58,668.0,2928.0,63.0,62.0,1,9,0,23
364,59,17.0,19.0,64.0,34.0,0,12,4,17
365,5,1693.0,3117.0,10.0,7.0,1,335,0,336
365,24,866.0,2918.0,8.0,8.0,1,164,0,164
365,31,1035.0,2943.0,8.0,7.0,1,126,0,134
365,32,1087.0,2947.0,9.0,7.0,1,119,0,128
365,33,324.0,2952.0,61.0,10.0,1,91,0,125
365,37,1215.0,2933.0,58.0,20.0,0,92,1,99
365,40,1139.0,2931.0,76.0,26.0,1,82,0,93
365,42,1351.0,2936.0,32.0,22.0,1,90,0,92
365,44,449.0,2960.0,37.0,8.0,0,60,1,87
365,45,1129.0,2945.0,8.0,8.0,0,32,13,70
365,52,1455.0,2943.0,70.0,15.0,0,25,1,38
365,54,330.0,2950.0,29.0,8.0,0,14,1,28
365,58,663.0,2930.0,59.0,79.0,1,10,0,24
365,59,17.0,19.0,64.0,34.0,0,12,5,18
365,61,1554.0,2949.0,36.0,12.0,1,3,0,3
366,5,1690.0,3111.0,13.0,12.0,1,336,0,337
366,24,861.0,2918.0,7.0,10.0,1,165,0,165
366,31,1030.0,2942.0,10.0,6.0,1,127,0,135
366,32,1083.0,2946.0,5.0,4.0,1,120,0,129
366,33,319.0,2950.0,34.0,10.0,1,92,0,126
366,37,1271.0,2935.0,58.0,24.0,1,93,0,100
366,40,1135.0,2926.0,72.0,30.0,1,83,0,94
366,42,1339.0,2938.0,38.0,23.0,1,91,0,93
366,44,441.0,2955.0,64.0,11.0,1,61,0,88
366,45,1129.0,2945.0,8.0,8.0,0,32,14,71
366,52,1415.0,2940.0,62.0,12.0,1,26,0,39
366,54,330.0,2950.0,29.0,8.0,0,14,2,29
366,58,659.0,2927.0,60.0,71.0,1,11,0,25
366,59,17.0,19.0,64.0,34.0,0,12,6,19
366,61,1527.0,2946.0,55.0,17.0,1,4,0,4
367,5,1687.0,3115.0,19.0,7.0,1,337,0,338
367,24,855.0,2918.0,7.0,6.0,1,166,0,166
367,31,1021.0,2939.0,11.0,9.0,1,128,0,136
367,32,1073.0,2943.0,8.0,7.0,1,121,0,130
367,33,314.0,2951.0,33.0,7.0,1,93,0,127
367,37,1262.0,2930.0,58.0,28.0,1,94,0,101
367,40,1126.0,2931.0,74.0,26.0,1,84,0,95
367,42,1335.0,2940.0,34.0,17.0,1,92,0,94
367,44,415.0,2959.0,54.0,10.0,1,62,0,89
367,52,1406.0,2942.0,32.0,8.0,1,27,0,40
367,54,330.0,2950.0,29.0,8.0,0,14,3,30
367,58,655.0,2937.0,60.0,70.0,1,12,0,26
367,59,17.0,19.0,64.0,34.0,0,12,7,20
367,61,1539.0,2943.0,37.0,18.0,1,5,0,5
368,5,1690.0,3111.0,14.0,11.0,1,338,0,339
368,24,847.0,2915.0,8.0,9.0,1,167,0,167
368,31,1016.0,2945.0,7.0,4.0,1,129,0,137
368,32,1071.0,2948.0,3.0,4.0,1,122,0,131
368,33,313.0,2953.0,29.0,5.0,1,94,0,128
368,37,1264.0,2937.0,50.0,23.0,1,95,0,102
368,40,1121.0,2930.0,72.0,28.0,1,85,0,96
368,42,1327.0,2939.0,35.0,18.0,1,93,0,95
368,44,394.0,2957.0,45.0,11.0,1,63,0,90
368,52,1399.0,2942.0,65.0,12.0,1,28,0,41
368,54,330.0,2950.0,29.0,8.0,0,14,4,31
368,58,651.0,2927.0,60.0,62.0,1,13,0,27
368,59,17.0,19.0,64.0,34.0,0,12,8,21
368,61,1534.0,2947.0,33.0,13.0,1,6,0,6
369,5,1694.0,3107.0,10.0,9.0,1,339,0,340
369,24,784.0,2924.0,64.0,39.0,1,168,0,168
369,31,1006.0,2943.0,9.0,8.0,1,130,0,138
369,32,1058.0,2945.0,9.0,7.0,1,123,0,132
369,33,363.0,2956.0,53.0,9.0,1,95,0,129
369,37,1210.0,2932.0,64.0,21.0,1,96,0,103
369,40,1110.0,2927.0,77.0,29.0,1,86,0,97
369,42,1320.0,2935.0,35.0,23.0,1,94,0,96
369,44,429.0,2959.0,60.0,9.0,1,64,0,91
369,52,1396.0,2943.0,22.0,7.0,1,29,0,42
369,54,302.0,2952.0,37.0,7.0,1,15,0,32
369,58,645.0,2928.0,61.0,48.0,1,14,0,28
369,59,17.0,19.0,64.0,34.0,0,12,9,22
369,61,1501.0,2944.0,57.0,16.0,1,7,0,7
370,5,1699.0,3103.0,12.0,10.0,1,340,0,341
370,24,834.0,2918.0,8.0,8.0,1,169,0,169
370,31,1002.0,2939.0,6.0,8.0,1,131,0,139
370,32,1052.0,2943.0,7.0,7.0,1,124,0,133
370,33,363.0,2956.0,53.0,9.0,0,95,1,130
370,37,1183.0,2927.0,62.0,25.0,1,97,0,104
370,40,1105.0,2927.0,75.0,29.0,1,87,0,98
370,42,1252.0,2931.0,64.0,29.0,1,95,0,97
370,44,425.0,2955.0,57.0,11.0,1,65,0,92
370,52,1387.0,2939.0,62.0,13.0,1,30,0,43
370,54,299.0,2951.0,10.0,6.0,1,16,0,33
370,58,642.0,2927.0,60.0,49.0,1,15,0,29
370,59,17.0,19.0,64.0,34.0,0,12,10,23
370,61,1474.0,2939.0,51.0,18.0,1,8,0,8
371,5,1696.0,3101.0,16.0,10.0,1,341,0,342
371,24,800.0,2915.0,36.0,43.0,1,170,0,170
371,31,993.0,2939.0,8.0,8.0,1,132,0,140
371,32,1042.0,2942.0,10.0,7.0,1,125,0,134
371,33,343.0,2954.0,47.0,11.0,1,96,0,131
371,37,1220.0,2929.0,53.0,24.0,1,98,0,105
371,40,1099.0,2926.0,73.0,27.0,1,88,0,99
371,42,1302.0,2939.0,42.0,18.0,1,96,0,98
371,44,445.0,2958.0,58.0,11.0,1,66,0,93
371,52,1470.0,2944.0,26.0,12.0,1,31,0,44
371,54,295.0,2950.0,33.0,6.0,1,17,0,34
371,58,635.0,2924.0,63.0,47.0,1,16,0,30
371,59,17.0,19.0,64.0,34.0,0,12,11,24
371,61,1507.0,2939.0,37.0,18.0,1,9,0,9
372,5,1703.0,3104.0,11.0,12.0,1,342,0,343
372,24,821.0,2912.0,9.0,13.0,1,171,0,171
372,31,987.0,2942.0,9.0,6.0,1,133,0,141
372,32,1039.0,2945.0,6.0,7.0,1,126,0,135
372,33,343.0,2954.0,47.0,11.0,0,96,1,132
372,37,1220.0,2929.0,53.0,24.0,0,98,1,106
372,40,1088.0,2927.0,76.0,29.0,1,89,0,100
372,42,1302.0,2939.0,42.0,18.0,0,96,1,99
372,44,415.0,2958.0,34.0,6.0,1,67,0,94
372,52,1394.0,2941.0,41.0,13.0,1,32,0,45
372,54,291.0,2951.0,33.0,6.0,1,18,0,35
372,58,633.0,2924.0,59.0,48.0,1,17,0,31
372,59,17.0,19.0,64.0,34.0,0,12,12,25
372,61,1459.0,2943.0,51.0,13.0,1,10,0,10
373,5,1703.0,3102.0,11.0,8.0,1,343,0,344
373,24,815.0,2917.0,8.0,8.0,1,172,0,172
373,31,979.0,2942.0,9.0,7.0,1,134,0,142
373,32,1039.0,2945.0,6.0,7.0,0,126,1,136
373,33,332.0,2952.0,48.0,9.0,1,97,0,133
373,37,1220.0,2929.0,53.0,24.0,0,98,2,107
373,40,1082.0,2923.0,77.0,30.0,1,90,0,101
373,42,1287.0,2934.0,40.0,26.0,1,97,0,100
373,44,391.0,2957.0,53.0,6.0,1,68,0,95
373,52,1454.0,2943.0,27.0,9.0,1,33,0,46
373,54,285.0,2950.0,35.0,8.0,1,19,0,36
373,58,626.0,2925.0,62.0,44.0,1,18,0,32
373,59,17.0,19.0,64.0,34.0,0,12,13,26
373,61,1494.0,2942.0,37.0,16.0,1,11,0,11
374,5,1707.0,3099.0,11.0,5.0,1,344,0,345
374,24,810.0,2917.0,7.0,8.0,1,173,0,173
374,31,974.0,2938.0,6.0,8.0,1,135,0,143
374,32,1023.0,2939.0,8.0,9.0,1,127,0,137
374,33,332.0,2952.0,48.0,9.0,0,97,1,134
374,37,1221.0,2931.0,48.0,24.0,1,99,0,108
374,40,1074.0,2924.0,78.0,28.0,1,91,0,102
374,42,1283.0,2937.0,36.0,21.0,1,98,0,101
374,44,391.0,2957.0,53.0,6.0,0,68,1,96
374,52,1445.0,2939.0,52.0,17.0,1,34,0,47
374,54,280.0,2952.0,35.0,5.0,1,20,0,37
374,58,625.0,2923.0,59.0,45.0,1,19,0,33
374,59,17.0,19.0,64.0,34.0,0,12,14,27
374,61,1494.0,2942.0,37.0,16.0,0,11,1,12
375,5,1710.0,3094.0,12.0,10.0,1,345,0,346
375,24,784.0,2915.0,65.0,42.0,1,174,0,174
375,31,932.0,2907.0,42.0,39.0,1,136,0,144
375,32,1015.0,2942.0,9.0,6.0,1,128,0,138
375,33,322.0,2953.0,49.0,9.0,1,98,0,135
375,37,1167.0,2928.0,64.0,24.0,1,100,0,109
375,40,1066.0,2943.0,40.0,10.0,1,92,0,103
375,42,1275.0,2935.0,39.0,22.0,1,99,0,102
375,44,391.0,2957.0,53.0,6.0,0,68,2,97
375,52,1376.0,2940.0,69.0,13.0,1,35,0,48
375,54,275.0,2951.0,34.0,5.0,1,21,0,38
375,58,618.0,2923.0,64.0,45.0,1,20,0,34
375,61,1479.0,2938.0,36.0,18.0,1,12,0,13
375,63,393.0,19.0,64.0,14.0,1,3,0,3
376,5,1707.0,3093.0,13.0,9.0,1,346,0,347
376,24,796.0,2913.0,9.0,8.0,1,175,0,175
376,31,958.0,2941.0,10.0,7.0,1,137,0,145
376,32,1009.0,2942.0,8.0,9.0,1,129,0,139
376,33,322.0,2953.0,49.0,9.0,0,98,1,136
376,37,1167.0,2928.0,64.0,24.0,0,100,1,110
376,40,1061.0,2925.0,77.0,29.0,1,93,0,104
376,42,1218.0,2930.0,57.0,27.0,1,100,0,103
376,44,391.0,2957.0,53.0,6.0,0,68,3,98
376,52,1365.0,2942.0,41.0,10.0,1,36,0,49
376,54,299.0,2950.0,55.0,12.0,1,22,0,39
376,58,615.0,2924.0,60.0,44.0,1,21,0,35
376,61,1435.0,2941.0,49.0,11.0,1,13,0,14
376,63,387.0,19.0,56.0,34.0,1,4,0,4
377,5,1711.0,3094.0,15.0,12.0,1,347,0,348
377,24,791.0,2917.0,9.0,8.0,1,176,0,176
377,31,953.0,2941.0,9.0,5.0,1,138,0,146
377,32,1009.0,2942.0,8.0,9.0,0,129,1,140
377,33,322.0,2953.0,49.0,9.0,0,98,2,137
377,37,1179.0,2927.0,62.0,27.0,1,101,0,111
377,40,1055.0,2922.0,76.0,30.0,1,94,0,105
377,42,1259.0,2934.0,40.0,24.0,1,101,0,104
377,44,393.0,2955.0,58.0,9.0,1,69,0,99
377,52,1338.0,2935.0,59.0,15.0,1,37,0,50
377,54,265.0,2951.0,51.0,7.0,1,23,0,40
377,58,612.0,2924.0,60.0,41.0,1,22,0,36
377,61,1422.0,2940.0,53.0,12.0,1,14,0,15
377,63,355.0,19.0,59.0,34.0,1,5,0,5
378,5,1712.0,3093.0,14.0,8.0,1,348,0,349
378,24,754.0,2917.0,78.0,39.0,1,177,0,177
378,31,947.0,2936.0,8.0,9.0,1,139,0,147
378,32,994.0,2939.0,10.0,9.0,1,130,0,141
378,33,308.0,2952.0,52.0,6.0,1,99,0,138
378,37,1194.0,2930.0,62.0,27.0,1,102,0,112
378,40,1047.0,2925.0,78.0,26.0,1,95,0,106
378,42,1334.0,2939.0,25.0,7.0,1,102,0,105
378,44,393.0,2955.0,58.0,9.0,0,69,1,100
378,52,1414.0,2942.0,31.0,10.0,1,38,0,51
378,54,262.0,2952.0,34.0,5.0,1,24,0,41
378,58,606.0,2919.0,61.0,46.0,1,23,0,37
378,61,1455.0,2937.0,39.0,19.0,1,15,0,16
378,63,322.0,19.0,64.0,34.0,1,6,0,6
379,5,1718.0,3091.0,14.0,5.0,1,349,0,350
379,24,780.0,2915.0,6.0,5.0,1,178,0,178
379,31,938.0,2938.0,9.0,7.0,1,140,0,148
379,32,987.0,2942.0,10.0,6.0,1,131,0,142
379,33,308.0,2952.0,52.0,6.0,0,99,1,139
379,37,1124.0,2924.0,59.0,23.0,1,103,0,113
379,40,1038.0,2943.0,39.0,8.0,1,96,0,107
379,42,1247.0,2934.0,37.0,22.0,1,103,0,106
379,44,363.0,2954.0,55.0,8.0,1,70,0,101
379,52,1323.0,2939.0,30.0,8.0,1,39,0,52
379,54,257.0,2951.0,32.0,7.0,1,25,0,42
379,58,604.0,2919.0,60.0,48.0,1,24,0,38
379,61,1449.0,2943.0,38.0,11.0,1,16,0,17
379,63,284.0,19.0,57.0,34.0,1,7,0,7
380,5,1722.0,3087.0,11.0,8.0,1,350,0,351
380,24,774.0,2915.0,44.0,38.0,1,179,0,179
380,31,932.0,2940.0,10.0,8.0,1,141,0,149
380,32,987.0,2942.0,10.0,6.0,0,131,1,143
380,33,342.0,2952.0,46.0,8.0,1,100,0,140
380,37,1179.0,2924.0,64.0,32.0,1,104,0,114
380,40,1033.0,2922.0,78.0,30.0,1,97,0,108
380,42,1247.0,2934.0,37.0,22.0,0,103,1,107
380,44,363.0,2954.0,55.0,8.0,0,70,1,102
380,52,1319.0,2938.0,25.0,10.0,1,40,0,53
380,54,251.0,2951.0,34.0,5.0,1,26,0,43
380,58,599.0,2923.0,61.0,42.0,1,25,0,39
380,61,1449.0,2943.0,38.0,11.0,0,16,1,18
380,63,240.0,19.0,51.0,34.0,1,8,0,8
381,5,1718.0,3085.0,17.0,12.0,1,351,0,352
381,24,739.0,2916.0,73.0,39.0,1,180,0,180
381,31,927.0,2939.0,9.0,7.0,1,142,0,150
381,32,974.0,2941.0,9.0,6.0,1,132,0,144
381,33,338.0,2951.0,46.0,10.0,1,101,0,141
381,37,1149.0,2921.0,55.0,28.0,1,105,0,115
381,40,1028.0,2919.0,76.0,33.0,1,98,0,109
381,42,1233.0,2932.0,78.0,24.0,1,104,0,108
381,44,363.0,2954.0,55.0,8.0,0,70,2,103
381,52,1364.0,2942.0,39.0,7.0,1,41,0,54
381,54,245.0,2952.0,34.0,8.0,1,27,0,44
381,58,596.0,2921.0,60.0,41.0,1,26,0,40
381,61,1449.0,2943.0,38.0,11.0,0,16,2,19
381,63,190.0,19.0,64.0,34.0,1,9,0,9
382,5,1722.0,3086.0,19.0,11.0,1,352,0,353
382,24,737.0,2916.0,71.0,39.0,1,181,0,181
382,31,921.0,2936.0,8.0,8.0,1,143,0,151
382,32,966.0,2938.0,9.0,9.0,1,133,0,145
382,33,332.0,2951.0,48.0,10.0,1,102,0,142
382,37,1122.0,2922.0,51.0,26.0,1,106,0,116
382,40,1019.0,2921.0,79.0,28.0,1,99,0,110
382,42,1208.0,2932.0,58.0,22.0,1,105,0,109
382,44,363.0,2954.0,55.0,8.0,0,70,3,104
382,52,1325.0,2935.0,69.0,14.0,1,42,0,55
382,54,241.0,2951.0,27.0,7.0,1,28,0,45
382,58,596.0,2921.0,60.0,41.0,0,26,1,41
382,61,1429.0,2937.0,37.0,16.0,1,17,0,20
382,63,148.0,19.0,58.0,34.0,1,10,0,10
383,5,1726.0,3087.0,12.0,8.0,1,353,0,354
383,24,724.0,2915.0,78.0,39.0,1,182,0,182
383,31,914.0,2937.0,10.0,7.0,1,144,0,152
383,32,962.0,2942.0,8.0,6.0,1,134,0,146
383,33,332.0,2951.0,48.0,10.0,0,102,1,143
383,37,1088.0,2919.0,54.0,24.0,1,107,0,117
383,40,1014.0,2942.0,38.0,10.0,1,100,0,111
383,42,1164.0,2926.0,64.0,31.0,1,106,0,110
383,44,363.0,2954.0,55.0,8.0,0,70,4,105
383,52,1325.0,2935.0,69.0,14.0,0,42,1,56
383,54,234.0,2950.0,35.0,7.0,1,29,0,46
383,58,596.0,2921.0,60.0,41.0,0,26,2,42
383,61,1405.0,2941.0,55.0,11.0,1,18,0,21
383,63,105.0,19.0,53.0,34.0,1,11,0,11
384,5,1729.0,3085.0,13.0,5.0,1,354,0,355
384,24,696.0,2916.0,61.0,32.0,1,183,0,183
384,31,906.0,2939.0,11.0,7.0,1,145,0,153
384,32,955.0,2942.0,9.0,6.0,1,135,0,147
384,33,332.0,2951.0,48.0,10.0,0,102,2,144
384,37,1112.0,2918.0,64.0,27.0,1,108,0,118
384,40,1007.0,2944.0,8.0,6.0,1,101,0,112
384,42,1212.0,2929.0,40.0,27.0,1,107,0,111
384,44,363.0,2954.0,55.0,8.0,0,70,5,106
384,52,1290.0,2933.0,29.0,11.0,1,43,0,57
384,54,231.0,2952.0,33.0,5.0,1,30,0,47
384,58,596.0,2921.0,60.0,41.0,0,26,3,43
384,61,1415.0,2939.0,37.0,15.0,1,19,0,22
384,63,46.0,19.0,64.0,33.0,1,12,0,12
385,5,1735.0,3080.0,10.0,9.0,1,355,0,356
385,24,712.0,2916.0,78.0,37.0,1,184,0,184
385,31,903.0,2938.0,8.0,5.0,1,146,0,154
385,32,949.0,2939.0,7.0,6.0,1,136,0,148
385,33,319.0,2949.0,47.0,8.0,1,103,0,145
385,37,1112.0,2918.0,64.0,27.0,0,108,1,119
385,40,1003.0,2918.0,74.0,31.0,1,102,0,113
385,42,1206.0,2931.0,39.0,21.0,1,108,0,112
385,44,363.0,2954.0,55.0,8.0,0,70,6,107
385,52,1281.0,2934.0,27.0,8.0,1,44,0,58
385,54,225.0,2952.0,36.0,9.0,1,31,0,48
385,58,672.0,2939.0,26.0,9.0,1,27,0,44
385,61,1415.0,2939.0,37.0,15.0,0,19,1,23
385,63,46.0,19.0,64.0,33.0,0,12,1,13
386,5,1731.0,3081.0,14.0,7.0,1,356,0,357
386,24,707.0,2916.0,40.0,37.0,1,185,0,185
386,31,894.0,2935.0,10.0,8.0,1,147,0,155
386,32,938.0,2939.0,11.0,7.0,1,137,0,149
386,33,319.0,2949.0,47.0,8.0,0,103,1,146
386,37,1070.0,2919.0,53.0,24.0,1,109,0,120
386,40,993.0,2939.0,39.0,9.0,1,103,0,114
386,42,1126.0,2919.0,62.0,33.0,1,109,0,113
386,44,363.0,2954.0,55.0,8.0,0,70,7,108
386,52,1200.0,2929.0,38.0,22.0,1,45,0,59
386,54,218.0,2951.0,38.0,8.0,1,32,0,49
386,58,675.0,2936.0,22.0,12.0,1,28,0,45
386,61,1276.0,2936.0,60.0,10.0,1,20,0,24
386,63,46.0,19.0,64.0,33.0,0,12,2,14
387,5,1739.0,3083.0,14.0,9.0,1,357,0,358
387,24,705.0,2914.0,39.0,38.0,1,186,0,186
387,31,888.0,2935.0,10.0,9.0,1,148,0,156
387,32,935.0,2941.0,9.0,7.0,1,138,0,150
387,33,319.0,2949.0,47.0,8.0,0,103,2,147
387,37,1019.0,2919.0,57.0,31.0,1,110,0,121
387,40,987.0,2943.0,8.0,6.0,1,104,0,115
387,42,1127.0,2919.0,54.0,34.0,1,110,0,114
387,44,363.0,2954.0,55.0,8.0,0,70,8,109
387,52,1194.0,2925.0,38.0,27.0,1,46,0,60
387,54,214.0,2948.0,37.0,8.0,1,33,0,50
387,58,675.0,2936.0,22.0,12.0,0,28,1,46
387,61,1271.0,2935.0,27.0,8.0,1,21,0,25
387,63,46.0,19.0,64.0,33.0,0,12,3,15
388,5,1739.0,3081.0,9.0,7.0,1,358,0,359
388,24,699.0,2916.0,37.0,36.0,1,187,0,187
388,31,881.0,2938.0,11.0,6.0,1,149,0,157
388,32,929.0,2941.0,9.0,5.0,1,139,0,151
388,33,307.0,2948.0,45.0,8.0,1,104,0,148
388,37,1019.0,2919.0,57.0,31.0,0,110,1,122
388,40,980.0,2943.0,41.0,8.0,1,105,0,116
388,42,1068.0,2917.0,64.0,27.0,1,111,0,115
388,44,363.0,2954.0,55.0,8.0,0,70,9,110
388,52,1186.0,2926.0,40.0,27.0,1,47,0,61
388,54,209.0,2951.0,35.0,6.0,1,34,0,51
388,58,675.0,2936.0,22.0,12.0,0,28,2,47
388,61,1271.0,2935.0,27.0,8.0,0,21,1,26
388,63,46.0,19.0,64.0,33.0,0,12,4,16
389,5,1742.0,3078.0,13.0,6.0,1,359,0,360
389,24,699.0,2916.0,37.0,36.0,0,187,1,188
389,31,877.0,2936.0,7.0,6.0,1,150,0,158
389,32,922.0,2937.0,8.0,7.0,1,140,0,152
389,33,279.0,2946.0,63.0,10.0,1,105,0,149
389,37,1019.0,2919.0,57.0,31.0,0,110,2,123
389,40,977.0,2918.0,76.0,29.0,1,106,0,117
389,42,1068.0,2917.0,64.0,27.0,0,111,1,116
389,44,363.0,2954.0,55.0,8.0,0,70,10,111
389,52,1116.0,2920.0,52.0,32.0,1,48,0,62
389,54,204.0,2950.0,36.0,10.0,1,35,0,52
389,58,664.0,2916.0,64.0,40.0,1,29,0,48
389,61,1182.0,2927.0,76.0,23.0,1,22,0,27
389,63,46.0,19.0,64.0,33.0,0,12,5,17
390,5,1748.0,3074.0,8.0,10.0,1,360,0,361
390,24,694.0,2916.0,41.0,38.0,1,188,0,189
390,31,870.0,2935.0,9.0,9.0,1,151,0,159
390,32,914.0,2938.0,10.0,7.0,1,141,0,153
390,33,256.0,2946.0,64.0,11.0,1,106,0,150
390,37,1019.0,2919.0,57.0,31.0,0,110,3,124
390,40,966.0,2938.0,42.0,8.0,1,107,0,118
390,42,1047.0,2918.0,51.0,22.0,1,112,0,117
390,44,363.0,2954.0,55.0,8.0,0,70,11,112
390,52,1126.0,2918.0,54.0,34.0,1,49,0,63
390,54,203.0,2951.0,30.0,7.0,1,36,0,53
390,58,664.0,2916.0,64.0,40.0,0,29,1,49
390,61,1206.0,2923.0,53.0,19.0,1,23,0,28
390,63,46.0,19.0,64.0,33.0,0,12,6,18
391,5,1743.0,3077.0,18.0,6.0,1,361,0,362
391,24,691.0,2914.0,43.0,38.0,1,189,0,190
391,31,866.0,2935.0,45.0,9.0,1,152,0,160
391,32,914.0,2938.0,10.0,7.0,0,141,1,154
391,33,241.0,2946.0,55.0,10.0,1,107,0,151
391,37,1019.0,2919.0,57.0,31.0,0,110,4,125
391,40,960.0,2941.0,45.0,8.0,1,108,0,119
391,42,1041.0,2917.0,32.0,23.0,1,113,0,118
391,44,363.0,2954.0,55.0,8.0,0,70,12,113
391,52,1089.0,2916.0,52.0,27.0,1,50,0,64
391,54,195.0,2949.0,33.0,7.0,1,37,0,54
391,58,651.0,2934.0,7.0,4.0,1,30,0,50
391,61,1167.0,2925.0,78.0,26.0,1,24,0,29
391,63,46.0,19.0,64.0,33.0,0,12,7,19
392,5,1745.0,3078.0,19.0,11.0,1,362,0,363
392,24,673.0,2916.0,55.0,36.0,1,190,0,191
392,31,858.0,2934.0,47.0,10.0,1,153,0,161
392,32,914.0,2938.0,10.0,7.0,0,141,2,155
392,33,241.0,2946.0,55.0,10.0,0,107,1,152
392,37,1019.0,2919.0,57.0,31.0,0,110,5,126
392,40,955.0,2942.0,9.0,6.0,1,109,0,120
392,42,993.0,2915.0,57.0,33.0,1,114,0,119
392,44,363.0,2954.0,55.0,8.0,0,70,13,114
392,52,1089.0,2916.0,52.0,27.0,0,50,1,65
392,54,189.0,2950.0,35.0,6.0,1,38,0,55
392,58,651.0,2934.0,7.0,4.0,0,30,1,51
392,61,1159.0,2926.0,79.0,26.0,1,25,0,30
392,63,46.0,19.0,64.0,33.0,0,12,8,20
392,66,1323.0,2935.0,50.0,12.0,1,3,0,3
393,5,1751.0,3077.0,13.0,7.0,1,363,0,364
393,24,666.0,2916.0,61.0,39.0,1,191,0,192
393,31,855.0,2935.0,42.0,9.0,1,154,0,162
393,32,914.0,2938.0,10.0,7.0,0,141,3,156
393,33,241.0,2946.0,55.0,10.0,0,107,2,153
393,37,1019.0,2919.0,57.0,31.0,0,110,6,127
393,40,950.0,2941.0,39.0,5.0,1,110,0,121
393,42,993.0,2915.0,57.0,33.0,0,114,1,120
393,44,363.0,2954.0,55.0,8.0,0,70,14,115
393,52,1030.0,2916.0,54.0,23.0,1,51,0,66
393,54,210.0,2949.0,57.0,9.0,1,39,0,56
393,58,553.0,2927.0,66.0,25.0,1,31,0,52
393,61,1106.0,2915.0,57.0,34.0,1,26,0,31
393,63,46.0,19.0,64.0,33.0,0,12,9,21
393,66,1353.0,2936.0,41.0,12.0,1,4,0,4
394,5,1751.0,3074.0,16.0,7.0,1,364,0,365
394,24,661.0,2916.0,63.0,36.0,1,192,0,193
394,31,847.0,2935.0,7.0,4.0,1,155,0,163
394,32,891.0,2938.0,9.0,7.0,1,142,0,157
394,33,241.0,2946.0,55.0,10.0,0,107,3,154
394,37,1019.0,2919.0,57.0,31.0,0,110,7,128
394,40,942.0,2938.0,40.0,8.0,1,111,0,122
394,42,1022.0,2914.0,16.0,10.0,1,115,0,121
394,44,343.0,2948.0,57.0,8.0,1,71,0,116
394,52,1054.0,2915.0,64.0,25.0,1,52,0,67
394,54,206.0,2947.0,56.0,11.0,1,40,0,57
394,58,547.0,2926.0,66.0,28.0,1,32,0,53
394,61,1149.0,2921.0,39.0,27.0,1,27,0,32
394,63,46.0,19.0,64.0,33.0,0,12,10,22
394,66,1346.0,2938.0,41.0,8.0,1,5,0,5
395,5,1758.0,3070.0,11.0,10.0,1,365,0,366
395,24,658.0,2916.0,62.0,35.0,1,193,0,194
395,31,841.0,2934.0,45.0,9.0,1,156,0,164
395,32,891.0,2938.0,9.0,7.0,0,142,1,158
395,33,241.0,2946.0,55.0,10.0,0,107,4,155
395,37,1019.0,2919.0,57.0,31.0,0,110,8,129
395,40,942.0,2938.0,40.0,8.0,0,111,1,123
395,42,968.0,2915.0,57.0,30.0,1,116,0,122
395,44,343.0,2948.0,57.0,8.0,0,71,1,117
395,52,1054.0,2915.0,64.0,25.0,0,52,1,68
395,54,173.0,2947.0,60.0,9.0,1,41,0,58
395,58,545.0,2926.0,67.0,28.0,1,33,0,54
395,61,1141.0,2922.0,79.0,27.0,1,28,0,33
395,63,46.0,19.0,64.0,33.0,0,12,11,23
395,66,1322.0,2935.0,32.0,10.0,1,6,0,6
396,5,1753.0,3072.0,15.0,8.0,1,366,0,367
396,24,651.0,2916.0,68.0,36.0,1,194,0,195
396,31,834.0,2934.0,9.0,6.0,1,157,0,165
396,32,878.0,2936.0,6.0,6.0,1,143,0,159
396,33,241.0,2946.0,55.0,10.0,0,107,5,156
396,37,1019.0,2919.0,57.0,31.0,0,110,9,130
396,40,929.0,2939.0,42.0,9.0,1,112,0,124
396,42,968.0,2915.0,57.0,30.0,0,116,1,123
396,44,343.0,2948.0,57.0,8.0,0,71,2,118
396,52,1013.0,2912.0,51.0,26.0,1,53,0,69
396,54,169.0,2949.0,48.0,8.0,1,42,0,59
396,58,543.0,2922.0,65.0,29.0,1,34,0,55
396,61,1141.0,2922.0,79.0,27.0,0,28,1,34
396,63,46.0,19.0,64.0,33.0,0,12,12,24
396,66,1294.0,2934.0,52.0,12.0,1,7,0,7
397,5,1759.0,3075.0,14.0,8.0,1,367,0,368
397,24,649.0,2916.0,67.0,36.0,1,195,0,196
397,31,834.0,2934.0,9.0,6.0,0,157,1,166
397,32,878.0,2936.0,6.0,6.0,0,143,1,160
397,33,241.0,2946.0,55.0,10.0,0,107,6,157
397,37,1019.0,2919.0,57.0,31.0,0,110,10,131
397,40,929.0,2939.0,42.0,9.0,0,112,1,125
397,42,958.0,2914.0,64.0,29.0,1,117,0,124
397,44,308.0,2947.0,54.0,6.0,1,72,0,119
397,52,1013.0,2912.0,51.0,26.0,0,53,1,70
397,54,163.0,2950.0,36.0,7.0,1,43,0,60
397,58,539.0,2923.0,68.0,26.0,1,35,0,56
397,61,1057.0,2911.0,58.0,37.0,1,29,0,35
397,63,46.0,19.0,64.0,33.0,0,12,13,25
397,66,1327.0,2934.0,41.0,12.0,1,8,0,8
398,5,1761.0,3075.0,11.0,9.0,1,368,0,369
398,24,648.0,2916.0,66.0,32.0,1,196,0,197
398,31,823.0,2932.0,8.0,5.0,1,158,0,167
398,32,878.0,2936.0,6.0,6.0,0,143,2,161
398,33,241.0,2946.0,55.0,10.0,0,107,7,158
398,37,1019.0,2919.0,57.0,31.0,0,110,11,132
398,40,918.0,2938.0,39.0,7.0,1,113,0,126
398,42,958.0,2914.0,64.0,29.0,0,117,1,125
398,44,324.0,2945.0,55.0,9.0,1,73,0,120
398,52,1013.0,2912.0,51.0,26.0,0,53,2,71
398,54,160.0,2948.0,32.0,9.0,1,44,0,61
398,58,539.0,2943.0,30.0,7.0,1,36,0,57
398,61,1123.0,2918.0,78.0,27.0,1,30,0,36
398,63,46.0,19.0,64.0,33.0,0,12,14,26
398,66,1321.0,2935.0,39.0,9.0,1,9,0,9
399,5,1761.0,3070.0,14.0,10.0,1,369,0,370
399,24,648.0,2916.0,66.0,32.0,0,196,1,198
399,31,815.0,2930.0,48.0,13.0,1,159,0,168
399,32,878.0,2936.0,6.0,6.0,0,143,3,162
399,33,241.0,2946.0,55.0,10.0,0,107,8,159
399,37,1019.0,2919.0,57.0,31.0,0,110,12,133
399,40,910.0,2938.0,42.0,9.0,1,114,0,127
399,42,958.0,2914.0,64.0,29.0,0,117,2,126
399,44,295.0,2944.0,54.0,9.0,1,74,0,121
399,52,1039.0,2908.0,62.0,36.0,1,54,0,72
399,54,153.0,2948.0,34.0,6.0,1,45,0,62
399,58,560.0,2923.0,71.0,26.0,1,37,0,58
399,61,1118.0,2922.0,40.0,24.0,1,31,0,37
399,66,1317.0,2935.0,38.0,11.0,1,10,0,10
400,5,1766.0,3069.0,10.0,10.0,1,370,0,371
400,24,638.0,2916.0,69.0,33.0,1,197,0,199
400,31,810.0,2932.0,10.0,8.0,1,160,0,169
400,32,854.0,2935.0,6.0,5.0,1,144,0,163
400,33,241.0,2946.0,55.0,10.0,0,107,9,160
400,37,1019.0,2919.0,57.0,31.0,0,110,13,134
400,40,907.0,2938.0,40.0,9.0,1,115,0,128
400,42,958.0,2914.0,64.0,29.0,0,117,3,127
400,44,268.0,2946.0,52.0,7.0,1,75,0,122
400,52,994.0,2915.0,42.0,20.0,1,55,0,73
400,54,147.0,2949.0,37.0,8.0,1,46,0,63
400,58,533.0,2922.0,66.0,25.0,1,38,0,59
400,61,1118.0,2922.0,40.0,24.0,0,31,1,38
400,66,1290.0,2936.0,53.0,9.0,1,11,0,11
400,68,406.0,19.0,59.0,29.0,1,3,0,3
401,5,1762.0,3069.0,17.0,10.0,1,371,0,372
401,24,620.0,2916.0,78.0,32.0,1,198,0,200
401,31,773.0,2899.0,40.0,37.0,1,161,0,170
401,32,854.0,2935.0,6.0,5.0,0,144,1,164
401,33,241.0,2946.0,55.0,10.0,0,107,10,161
401,37,844.0,2932.0,10.0,8.0,1,111,0,135
401,40,895.0,2935.0,44.0,10.0,1,116,0,129
401,42,984.0,2912.0,31.0,20.0,1,118,0,128
401,44,242.0,2943.0,51.0,12.0,1,76,0,123
401,52,1034.0,2911.0,58.0,38.0,1,56,0,74
401,54,143.0,2948.0,46.0,8.0,1,47,0,64
401,58,526.0,2918.0,70.0,29.0,1,39,0,60
401,61,1106.0,2917.0,77.0,26.0,1,32,0,39
401,66,1302.0,2934.0,38.0,10.0,1,12,0,12
401,68,417.0,0.0,64.0,65.0,1,4,0,4
402,5,1766.0,3074.0,14.0,7.0,1,372,0,373
402,24,599.0,2917.0,62.0,24.0,1,199,0,201
402,31,773.0,2899.0,40.0,37.0,0,161,1,171
402,32,854.0,2935.0,6.0,5.0,0,144,2,165
402,33,241.0,2946.0,55.0,10.0,0,107,11,162
402,37,799.0,2931.0,50.0,9.0,1,112,0,136
402,40,891.0,2937.0,9.0,7.0,1,117,0,130
402,42,928.0,2911.0,64.0,32.0,1,119,0,129
402,44,214.0,2945.0,51.0,10.0,1,77,0,124
402,52,1034.0,2911.0,58.0,38.0,0,56,1,75
402,54,140.0,2946.0,34.0,9.0,1,48,0,65
402,58,527.0,2919.0,66.0,29.0,1,40,0,61
402,61,1100.0,2918.0,79.0,26.0,1,33,0,40
402,66,1278.0,2931.0,31.0,12.0,1,13,0,13
402,68,417.0,0.0,64.0,65.0,0,4,1,5
403,5,1766.0,3074.0,13.0,8.0,1,373,0,374
403,24,627.0,2917.0,71.0,27.0,1,200,0,202
403,31,773.0,2899.0,40.0,37.0,0,161,2,172
403,32,854.0,2935.0,6.0,5.0,0,144,3,166
403,33,178.0,2947.0,62.0,7.0,1,108,0,163
403,37,790.0,2930.0,52.0,9.0,1,113,0,137
403,40,884.0,2937.0,44.0,7.0,1,118,0,131
403,42,928.0,2911.0,64.0,32.0,0,119,1,130
403,44,274.0,2943.0,61.0,10.0,1,78,0,125
403,52,975.0,2911.0,47.0,21.0,1,57,0,76
403,54,135.0,2946.0,33.0,8.0,1,49,0,66
403,58,523.0,2920.0,65.0,28.0,1,41,0,62
403,61,1057.0,2912.0,41.0,32.0,1,34,0,41
403,66,1250.0,2934.0,52.0,9.0,1,14,0,14
403,68,417.0,0.0,64.0,65.0,0,4,2,6
403,69,281.0,19.0,60.0,33.0,1,3,0,3
404,5,1767.0,3070.0,12.0,8.0,1,374,0,375
404,24,627.0,2917.0,71.0,27.0,0,200,1,203
404,31,773.0,2899.0,40.0,37.0,0,161,3,173
404,32,854.0,2935.0,6.0,5.0,0,144,4,167
404,33,178.0,2947.0,62.0,7.0,0,108,1,164
404,37,787.0,2931.0,47.0,6.0,1,114,0,138
404,40,881.0,2936.0,41.0,8.0,1,119,0,132
404,42,928.0,2911.0,64.0,32.0,0,119,2,131
404,44,226.0,2945.0,48.0,10.0,1,79,0,126
404,52,971.0,2911.0,24.0,19.0,1,58,0,77
404,54,152.0,2947.0,59.0,10.0,1,50,0,67
404,58,521.0,2918.0,61.0,26.0,1,42,0,63
404,61,1087.0,2918.0,79.0,24.0,1,35,0,42
404,66,1283.0,2931.0,40.0,13.0,1,15,0,15
404,68,417.0,0.0,64.0,65.0,0,4,3,7
404,69,244.0,19.0,64.0,32.0,1,4,0,4
405,5,1772.0,3066.0,10.0,11.0,1,375,0,376
405,24,624.0,2917.0,68.0,26.0,1,201,0,204
405,31,761.0,2899.0,61.0,64.0,1,162,0,174
405,32,854.0,2935.0,6.0,5.0,0,144,5,168
405,33,178.0,2947.0,62.0,7.0,0,108,2,165
405,37,787.0,2931.0,47.0,6.0,0,114,1,139
405,40,874.0,2936.0,40.0,6.0,1,120,0,133
405,42,1031.0,2911.0,34.0,33.0,1,120,0,132
405,44,226.0,2945.0,48.0,10.0,0,79,1,127
405,52,962.0,2911.0,24.0,18.0,1,59,0,78
405,54,147.0,2946.0,57.0,11.0,1,51,0,68
405,58,543.0,2919.0,65.0,25.0,1,43,0,64
405,61,1114.0,2914.0,11.0,7.0,1,36,0,43
405,66,1239.0,2933.0,51.0,8.0,1,16,0,16
405,68,417.0,0.0,64.0,65.0,0,4,4,8
405,69,197.0,19.0,57.0,33.0,1,5,0,5
406,5,1766.0,3070.0,17.0,8.0,1,376,0,377
406,24,620.0,2916.0,70.0,24.0,1,202,0,205
406,31,761.0,2899.0,61.0,64.0,0,162,1,175
406,32,814.0,2931.0,10.0,9.0,1,145,0,169
406,33,178.0,2947.0,62.0,7.0,0,108,3,166
406,37,766.0,3101.0,96.0,217.0,1,115,0,140
406,40,867.0,2935.0,40.0,7.0,1,121,0,134
406,42,1031.0,2911.0,34.0,33.0,0,120,1,133
406,44,194.0,2948.0,47.0,5.0,1,80,0,128
406,52,961.0,2907.0,64.0,25.0,1,60,0,79
406,54,118.0,2943.0,57.0,10.0,1,52,0,69
406,58,511.0,2918.0,67.0,27.0,1,44,0,65
406,61,1057.0,2916.0,60.0,28.0,1,37,0,44
406,66,1236.0,2931.0,43.0,10.0,1,17,0,17
406,68,417.0,0.0,64.0,65.0,0,4,5,9
406,69,138.0,19.0,61.0,33.0,1,6,0,6
407,5,1771.0,3071.0,18.0,10.0,1,377,0,378
407,24,610.0,2914.0,77.0,28.0,1,203,0,206
407,31,761.0,2899.0,61.0,64.0,0,162,2,176
407,32,814.0,2931.0,10.0,9.0,0,145,1,170
407,33,161.0,2947.0,55.0,7.0,1,109,0,167
407,37,766.0,3101.0,96.0,217.0,0,115,1,141
407,40,861.0,2934.0,43.0,11.0,1,122,0,135
407,42,1031.0,2911.0,34.0,33.0,0,120,2,134
407,44,194.0,2948.0,47.0,5.0,0,80,1,129
407,52,958.0,2907.0,64.0,25.0,1,61,0,80
407,54,111.0,2944.0,46.0,9.0,1,53,0,70
407,58,511.0,2919.0,61.0,25.0,1,45,0,66
407,61,1071.0,2916.0,76.0,25.0,1,38,0,45
407,66,1200.0,2931.0,55.0,9.0,1,18,0,18
407,68,417.0,0.0,64.0,65.0,0,4,6,10
407,69,138.0,19.0,61.0,33.0,0,6,1,7
408,5,1773.0,3070.0,12.0,11.0,1,378,0,379
408,24,610.0,2914.0,71.0,26.0,1,204,0,207
408,31,761.0,2899.0,61.0,64.0,0,162,3,177
408,32,814.0,2931.0,10.0,9.0,0,145,2,171
408,33,151.0,2946.0,60.0,10.0,1,110,0,168
408,37,766.0,3101.0,96.0,217.0,0,115,2,142
408,40,855.0,2933.0,42.0,12.0,1,123,0,136
408,42,1020.0,2909.0,48.0,35.0,1,121,0,135
408,44,194.0,2948.0,47.0,5.0,0,80,2,130
408,52,955.0,2907.0,64.0,23.0,1,62,0,81
408,54,105.0,2947.0,36.0,6.0,1,54,0,71
408,58,509.0,2917.0,71.0,25.0,1,46,0,67
408,61,1099.0,2915.0,43.0,16.0,1,39,0,46
408,66,1191.0,2929.0,37.0,8.0,1,19,0,19
408,68,417.0,0.0,64.0,65.0,0,4,7,11
408,69,37.0,19.0,55.0,33.0,1,7,0,8
409,5,1775.0,3072.0,8.0,8.0,1,379,0,380
409,24,588.0,2914.0,52.0,23.0,1,205,0,208
409,31,754.0,3070.0,124.0,220.0,1,163,0,178
409,32,798.0,2930.0,8.0,5.0,1,146,0,172
409,33,147.0,2946.0,58.0,7.0,1,111,0,169
409,37,766.0,3101.0,96.0,217.0,0,115,3,143
409,40,847.0,2933.0,45.0,11.0,1,124,0,137
409,42,1020.0,2909.0,48.0,35.0,0,121,1,136
409,44,194.0,2948.0,47.0,5.0,0,80,3,131
409,52,943.0,2909.0,41.0,19.0,1,63,0,82
409,54,100.0,2946.0,36.0,7.0,1,55,0,72
409,58,507.0,2915.0,69.0,26.0,1,47,0,68
409,61,1054.0,2915.0,44.0,25.0,1,40,0,47
409,66,1191.0,2929.0,37.0,8.0,0,19,1,20
409,68,417.0,0.0,64.0,65.0,0,4,8,12
409,69,37.0,19.0,55.0,33.0,0,7,1,9
410,5,1774.0,3068.0,12.0,12.0,1,380,0,381
410,24,588.0,2914.0,52.0,23.0,0,205,1,209
410,31,754.0,3070.0,124.0,220.0,0,163,1,179
410,32,789.0,2930.0,10.0,6.0,1,147,0,173
410,33,123.0,2946.0,53.0,7.0,1,112,0,170
410,37,766.0,3101.0,96.0,217.0,0,115,4,144
410,40,840.0,2933.0,45.0,10.0,1,125,0,138
410,42,1020.0,2909.0,48.0,35.0,0,121,2,137
410,44,194.0,2948.0,47.0,5.0,0,80,4,132
410,52,938.0,2906.0,24.0,23.0,1,64,0,83
410,54,100.0,2946.0,36.0,7.0,0,55,1,73
410,58,503.0,2916.0,71.0,26.0,1,48,0,69
410,61,1051.0,2914.0,79.0,28.0,1,41,0,48
410,66,1146.0,2927.0,38.0,6.0,1,20,0,21
410,68,417.0,0.0,64.0,65.0,0,4,9,13
410,69,37.0,19.0,55.0,33.0,0,7,2,10
410,71,1248.0,2931.0,38.0,9.0,1,3,0,3
411,5,1771.0,3070.0,17.0,8.0,1,381,0,382
411,24,588.0,2914.0,52.0,23.0,0,205,2,210
411,31,754.0,3070.0,124.0,220.0,0,163,2,180
411,32,752.0,2895.0,40.0,73.0,1,148,0,174
411,33,123.0,2946.0,53.0,7.0,0,112,1,171
411,37,766.0,3101.0,96.0,217.0,0,115,5,145
411,40,835.0,2931.0,46.0,10.0,1,126,0,139
411,42,1009.0,2907.0,41.0,35.0,1,122,0,138
411,44,194.0,2948.0,47.0,5.0,0,80,5,133
411,52,934.0,2906.0,20.0,19.0,1,65,0,84
411,54,87.0,2942.0,36.0,10.0,1,56,0,74
411,58,499.0,2915.0,74.0,27.0,1,49,0,70
411,61,1051.0,2914.0,79.0,28.0,0,41,1,49
411,66,1118.0,2922.0,63.0,14.0,1,21,0,22
411,68,417.0,0.0,64.0,65.0,0,4,10,14
411,69,37.0,19.0,55.0,33.0,0,7,3,11
411,71,1226.0,2929.0,53.0,11.0,1,4,0,4
412,5,1774.0,3074.0,14.0,7.0,1,382,0,383
412,24,619.0,2922.0,51.0,18.0,1,206,0,211
412,31,769.0,3017.0,51.0,70.0,1,164,0,181
412,32,745.0,2895.0,39.0,71.0,1,149,0,175
412,33,123.0,2946.0,53.0,7.0,0,112,2,172
412,37,766.0,3101.0,96.0,217.0,0,115,6,146
412,40,829.0,2931.0,45.0,10.0,1,127,0,140
412,42,1000.0,2910.0,44.0,32.0,1,123,0,139
412,44,194.0,2948.0,47.0,5.0,0,80,6,134
412,52,927.0,2908.0,22.0,17.0,1,66,0,85
412,54,85.0,2946.0,60.0,8.0,1,57,0,75
412,58,499.0,2914.0,71.0,28.0,1,50,0,71
412,61,1051.0,2914.0,79.0,28.0,0,41,2,50
412,66,1076.0,2912.0,64.0,18.0,1,22,0,23
412,68,417.0,0.0,64.0,65.0,0,4,11,15
412,69,37.0,19.0,55.0,33.0,0,7,4,12
412,71,1197.0,2927.0,51.0,10.0,1,5,0,5
413,5,1776.0,3073.0,10.0,7.0,1,383,0,384
413,24,619.0,2922.0,51.0,18.0,0,206,1,212
413,31,769.0,3017.0,51.0,70.0,0,164,1,182
413,32,745.0,2895.0,39.0,71.0,0,149,1,176
413,33,123.0,2946.0,53.0,7.0,0,112,3,173
413,37,766.0,3101.0,96.0,217.0,0,115,7,147
413,40,823.0,2930.0,42.0,8.0,1,128,0,141
413,42,1000.0,2910.0,44.0,32.0,0,123,1,140
413,44,194.0,2948.0,47.0,5.0,0,80,7,135
413,52,924.0,2907.0,21.0,19.0,1,67,0,86
413,54,79.0,2945.0,34.0,8.0,1,58,0,76
413,58,497.0,2914.0,71.0,27.0,1,51,0,72
413,61,1034.0,2911.0,79.0,29.0,1,42,0,51
413,66,1076.0,2912.0,64.0,18.0,0,22,1,24
413,68,417.0,0.0,64.0,65.0,0,4,12,16
413,69,37.0,19.0,55.0,33.0,0,7,5,13
413,71,1166.0,2926.0,64.0,8.0,1,6,0,6
414,5,1780.0,3073.0,7.0,6.0,1,384,0,385
414,24,619.0,2922.0,51.0,18.0,0,206,2,213
414,31,769.0,3017.0,51.0,70.0,0,164,2,183
414,32,745.0,2895.0,39.0,71.0,0,149,2,177
414,33,123.0,2946.0,53.0,7.0,0,112,4,174
414,37,766.0,3101.0,96.0,217.0,0,115,8,148
414,40,816.0,2930.0,46.0,8.0,1,129,0,142
414,42,1000.0,2910.0,44.0,32.0,0,123,2,141
414,44,243.0,2938.0,60.0,14.0,1,81,0,136
414,52,920.0,2907.0,19.0,18.0,1,68,0,87
414,54,74.0,2940.0,39.0,13.0,1,59,0,77
414,58,491.0,2915.0,75.0,26.0,1,52,0,73
414,61,1023.0,2911.0,47.0,28.0,1,43,0,52
414,66,1155.0,2926.0,39.0,9.0,1,23,0,25
414,68,417.0,0.0,64.0,65.0,0,4,13,17
414,69,37.0,19.0,55.0,33.0,0,7,6,14
414,71,1226.0,2928.0,36.0,10.0,1,7,0,7
415,5,1777.0,3069.0,11.0,10.0,1,385,0,386
415,24,586.0,2917.0,55.0,16.0,1,207,0,214
415,31,769.0,3017.0,51.0,70.0,0,164,3,184
415,32,745.0,2895.0,39.0,71.0,0,149,3,178
415,33,123.0,2946.0,53.0,7.0,0,112,5,175
415,37,766.0,3101.0,96.0,217.0,0,115,9,149
415,40,811.0,2928.0,46.0,12.0,1,130,0,143
415,42,963.0,2906.0,61.0,34.0,1,124,0,142
415,44,197.0,2942.0,52.0,10.0,1,82,0,137
415,52,914.0,2902.0,19.0,21.0,1,69,0,88
415,54,71.0,2943.0,45.0,8.0,1,60,0,78
415,58,490.0,2914.0,74.0,23.0,1,53,0,74
415,61,1023.0,2911.0,47.0,28.0,0,43,1,53
415,66,1095.0,2921.0,28.0,7.0,1,24,0,26
415,68,417.0,0.0,64.0,65.0,0,4,14,18
415,69,37.0,19.0,55.0,33.0,0,7,7,15
415,71,1179.0,2925.0,54.0,13.0,1,8,0,8
416,5,1775.0,3071.0,12.0,9.0,1,386,0,387
416,24,586.0,2917.0,55.0,16.0,0,207,1,215
416,31,769.0,3017.0,51.0,70.0,0,164,4,185
416,32,745.0,2895.0,39.0,71.0,0,149,4,179
416,33,123.0,2946.0,53.0,7.0,0,112,6,176
416,37,766.0,3101.0,96.0,217.0,0,115,10,150
416,40,805.0,2926.0,41.0,10.0,1,131,0,144
416,42,939.0,2902.0,59.0,36.0,1,125,0,143
416,44,187.0,2943.0,54.0,9.0,1,83,0,138
416,52,907.0,2904.0,20.0,18.0,1,70,0,89
416,54,63.0,2944.0,30.0,6.0,1,61,0,79
416,58,487.0,2910.0,75.0,26.0,1,54,0,75
416,61,1023.0,2911.0,47.0,28.0,0,43,2,54
416,66,1051.0,2909.0,64.0,19.0,1,25,0,27
416,69,37.0,19.0,55.0,33.0,0,7,8,16
416,71,1211.0,2926.0,39.0,9.0,1,9,0,9
417,5,1776.0,3074.0,17.0,11.0,1,387,0,388
417,24,578.0,2913.0,56.0,15.0,1,208,0,216
417,31,769.0,3017.0,51.0,70.0,0,164,5,186
417,32,745.0,2895.0,39.0,71.0,0,149,5,180
417,33,123.0,2946.0,53.0,7.0,0,112,7,177
417,37,766.0,3101.0,96.0,217.0,0,115,11,151
417,40,799.0,2926.0,41.0,9.0,1,132,0,145
417,42,958.0,2903.0,55.0,35.0,1,126,0,144
417,44,181.0,2947.0,30.0,5.0,1,84,0,139
417,52,903.0,2906.0,19.0,19.0,1,71,0,90
417,54,59.0,2943.0,30.0,9.0,1,62,0,80
417,58,485.0,2912.0,69.0,24.0,1,55,0,76
417,61,1023.0,2911.0,47.0,28.0,0,43,3,55
417,66,1085.0,2921.0,60.0,8.0,1,26,0,28
417,69,37.0,19.0,55.0,33.0,0,7,9,17
417,71,1168.0,2925.0,52.0,11.0,1,10,0,10
418,5,1778.0,3073.0,10.0,8.0,1,388,0,389
418,24,552.0,2912.0,52.0,13.0,1,209,0,217
418,31,769.0,3017.0,51.0,70.0,0,164,6,187
418,32,745.0,2895.0,39.0,71.0,0,149,6,181
418,33,152.0,2943.0,56.0,10.0,1,113,0,178
418,37,766.0,3101.0,96.0,217.0,0,115,12,152
418,40,791.0,2928.0,45.0,8.0,1,133,0,146
418,42,958.0,2903.0,55.0,35.0,0,126,1,145
418,44,250.0,2935.0,71.0,11.0,1,85,0,140
418,52,915.0,2906.0,64.0,29.0,1,72,0,91
418,54,53.0,2939.0,33.0,10.0,1,63,0,81
418,58,479.0,2913.0,69.0,24.0,1,56,0,77
418,61,1023.0,2911.0,47.0,28.0,0,43,4,56
418,66,1035.0,2910.0,47.0,14.0,1,27,0,29
418,69,37.0,19.0,55.0,33.0,0,7,10,18
418,71,1137.0,2923.0,64.0,11.0,1,11,0,11
419,5,1777.0,3071.0,15.0,11.0,1,389,0,390
419,24,529.0,2911.0,50.0,15.0,1,210,0,218
419,31,769.0,3017.0,51.0,70.0,0,164,7,188
419,32,593.0,2914.0,51.0,14.0,1,150,0,182
419,33,119.0,2943.0,56.0,10.0,1,114,0,179
419,37,766.0,3101.0,96.0,217.0,0,115,13,153
419,40,787.0,2927.0,42.0,10.0,1,134,0,147
419,42,958.0,2903.0,55.0,35.0,0,126,2,146
419,44,218.0,2937.0,60.0,11.0,1,86,0,141
419,52,910.0,2905.0,64.0,24.0,1,73,0,92
419,54,47.0,2942.0,9.0,4.0,1,64,0,82
419,58,479.0,2927.0,36.0,10.0,1,57,0,78
419,61,985.0,2909.0,55.0,25.0,1,44,0,57
419,66,1074.0,2915.0,58.0,14.0,1,28,0,30
419,69,37.0,19.0,55.0,33.0,0,7,11,19
419,71,1137.0,2923.0,64.0,11.0,0,11,1,12
420,5,1777.0,3070.0,15.0,12.0,1,390,0,391
420,24,529.0,2911.0,50.0,15.0,0,210,1,219
420,31,769.0,3017.0,51.0,70.0,0,164,8,189
420,32,567.0,2913.0,54.0,10.0,1,151,0,183
420,33,119.0,2943.0,56.0,10.0,0,114,1,180
420,37,766.0,3101.0,96.0,217.0,0,115,14,154
420,40,779.0,2925.0,42.0,10.0,1,135,0,148
420,42,941.0,2903.0,57.0,33.0,1,127,0,147
420,44,238.0,2934.0,61.0,12.0,1,87,0,142
420,52,910.0,2905.0,64.0,24.0,0,73,1,93
420,54,40.0,2942.0,36.0,9.0,1,65,0,83
420,58,474.0,2909.0,74.0,28.0,1,58,0,79
420,61,1026.0,2907.0,43.0,15.0,1,45,0,58
420,66,1119.0,2922.0,43.0,7.0,1,29,0,31
420,69,37.0,19.0,55.0,33.0,0,7,12,20
420,71,1187.0,2926.0,40.0,8.0,1,12,0,13
421,5,1773.0,3070.0,19.0,9.0,1,391,0,392
421,24,529.0,2911.0,50.0,15.0,0,210,2,220
421,31,769.0,3017.0,51.0,70.0,0,164,9,190
421,32,567.0,2913.0,54.0,10.0,0,151,1,184
421,33,89.0,2943.0,51.0,9.0,1,115,0,181
421,40,776.0,2926.0,41.0,7.0,1,136,0,149
421,42,933.0,2901.0,59.0,35.0,1,128,0,148
421,44,207.0,2939.0,62.0,10.0,1,88,0,143
421,52,910.0,2905.0,64.0,24.0,0,73,2,94
421,54,38.0,2941.0,45.0,8.0,1,66,0,84
421,58,473.0,2910.0,74.0,27.0,1,59,0,80
421,61,1026.0,2907.0,43.0,15.0,0,45,1,59
421,66,1084.0,2920.0,36.0,7.0,1,30,0,32
421,69,37.0,19.0,55.0,33.0,0,7,13,21
421,71,1187.0,2926.0,40.0,8.0,0,12,1,14
422,5,1777.0,3074.0,15.0,10.0,1,392,0,393
422,24,500.0,2909.0,46.0,23.0,1,211,0,221
422,31,769.0,3017.0,51.0,70.0,0,164,10,191
422,32,675.0,2891.0,50.0,69.0,1,152,0,185
422,33,89.0,2943.0,51.0,9.0,0,115,1,182
422,40,770.0,2926.0,40.0,7.0,1,137,0,150
422,42,924.0,2902.0,64.0,35.0,1,129,0,149
422,44,201.0,2937.0,63.0,11.0,1,89,0,144
422,52,910.0,2905.0,64.0,24.0,0,73,3,95
422,54,59.0,2942.0,53.0,9.0,1,67,0,85
422,58,468.0,2928.0,11.0,7.0,1,60,0,81
422,61,1026.0,2907.0,43.0,15.0,0,45,2,60
422,66,1084.0,2920.0,36.0,7.0,0,30,1,33
422,69,37.0,19.0,55.0,33.0,0,7,14,22
422,71,1187.0,2926.0,40.0,8.0,0,12,2,15
423,5,1778.0,3074.0,14.0,7.0,1,393,0,394
423,24,500.0,2909.0,46.0,23.0,0,211,1,222
423,31,769.0,3017.0,51.0,70.0,0,164,11,192
423,32,675.0,2891.0,50.0,69.0,0,152,1,186
423,33,89.0,2943.0,51.0,9.0,0,115,2,183
423,40,764.0,2925.0,44.0,9.0,1,138,0,151
423,42,924.0,2902.0,64.0,35.0,0,129,1,150
423,44,176.0,2940.0,55.0,11.0,1,90,0,145
423,52,900.0,2902.0,55.0,32.0,1,74,0,96
423,54,54.0,2939.0,53.0,14.0,1,68,0,86
423,58,466.0,2909.0,49.0,24.0,1,61,0,82
423,61,978.0,2907.0,77.0,25.0,1,46,0,61
423,66,1084.0,2920.0,36.0,7.0,0,30,2,34
423,71,1172.0,2921.0,36.0,11.0,1,13,0,16
424,5,1783.0,3074.0,8.0,4.0,1,394,0,395
424,24,465.0,2907.0,71.0,26.0,1,212,0,223
424,31,769.0,3017.0,51.0,70.0,0,164,12,193
424,32,728.0,2924.0,36.0,33.0,1,153,0,187
424,33,166.0,2943.0,34.0,9.0,1,116,0,184
424,40,662.0,2891.0,50.0,38.0,1,139,0,152
424,42,924.0,2902.0,64.0,35.0,0,129,2,151
424,44,214.0,2932.0,69.0,14.0,1,91,0,146
424,52,865.0,2902.0,64.0,17.0,1,75,0,97
424,54,19.0,2939.0,60.0,14.0,1,69,0,87
424,58,549.0,2911.0,59.0,8.0,1,62,0,83
424,61,971.0,2907.0,77.0,25.0,1,47,0,62
424,66,1084.0,2920.0,36.0,7.0,0,30,3,35
424,71,1126.0,2919.0,55.0,13.0,1,14,0,17
425,5,1783.0,3071.0,13.0,9.0,1,395,0,396
425,24,463.0,2906.0,41.0,27.0,1,213,0,224
425,31,769.0,3017.0,51.0,70.0,0,164,13,194
425,32,714.0,2891.0,78.0,69.0,1,154,0,188
425,33,114.0,2945.0,54.0,8.0,1,117,0,185
425,40,659.0,2888.0,47.0,41.0,1,140,0,153
425,42,908.0,2903.0,62.0,29.0,1,130,0,152
425,44,184.0,2941.0,36.0,8.0,1,92,0,147
425,52,865.0,2902.0,64.0,17.0,0,75,1,98
425,54,16.0,2937.0,34.0,11.0,1,70,0,88
425,58,590.0,2911.0,14.0,7.0,1,63,0,84
425,61,971.0,2907.0,77.0,25.0,0,47,1,63
425,66,1084.0,2920.0,36.0,7.0,0,30,4,36
425,71,1123.0,2919.0,42.0,13.0,1,15,0,18
425,72,386.0,19.0,56.0,14.0,1,3,0,3
426,5,1782.0,3071.0,12.0,8.0,1,396,0,397
426,24,458.0,2908.0,46.0,24.0,1,214,0,225
426,31,769.0,3017.0,51.0,70.0,0,164,14,195
426,32,710.0,2891.0,79.0,69.0,1,155,0,189
426,33,104.0,2943.0,53.0,9.0,1,118,0,186
426,40,653.0,2888.0,47.0,39.0,1,141,0,154
426,42,908.0,2903.0,62.0,29.0,0,130,1,153
426,44,206.0,2930.0,67.0,14.0,1,93,0,148
426,52,885.0,2903.0,56.0,30.0,1,76,0,99
426,54,10.0,2934.0,46.0,15.0,1,71,0,89
426,58,588.0,2910.0,29.0,8.0,1,64,0,85
426,61,971.0,2907.0,77.0,25.0,0,47,2,64
426,66,1084.0,2920.0,36.0,7.0,0,30,5,37
426,71,1089.0,2920.0,54.0,8.0,1,16,0,19
426,72,376.0,19.0,61.0,34.0,1,4,0,4
427,5,1782.0,3073.0,13.0,8.0,1,397,0,398
427,24,455.0,2906.0,46.0,27.0,1,215,0,226
427,32,710.0,2891.0,79.0,69.0,0,155,1,190
427,33,104.0,2943.0,53.0,9.0,0,118,1,187
427,40,653.0,2888.0,47.0,39.0,0,141,1,155
427,42,908.0,2903.0,62.0,29.0,0,130,2,154
427,44,198.0,2931.0,70.0,13.0,1,94,0,149
427,52,878.0,2902.0,61.0,31.0,1,77,0,100
427,54,6.0,2937.0,4.0,5.0,1,72,0,90
427,58,587.0,2910.0,64.0,15.0,1,65,0,86
427,61,954.0,2902.0,78.0,26.0,1,48,0,65
427,66,1084.0,2920.0,36.0,7.0,0,30,6,38
427,71,1079.0,2918.0,55.0,10.0,1,17,0,20
427,72,339.0,19.0,59.0,34.0,1,5,0,5
428,5,1787.0,3075.0,9.0,5.0,1,398,0,399
428,24,452.0,2904.0,73.0,27.0,1,216,0,227
428,32,710.0,2891.0,79.0,69.0,0,155,2,191
428,33,104.0,2943.0,53.0,9.0,0,118,2,188
428,40,565.0,2910.0,44.0,13.0,1,142,0,156
428,42,908.0,2903.0,62.0,29.0,0,130,3,155
428,44,170.0,2935.0,63.0,12.0,1,95,0,150
428,52,844.0,2899.0,56.0,22.0,1,78,0,101
428,54,0.0,2934.0,35.0,11.0,1,73,0,91
428,58,639.0,2919.0,42.0,8.0,1,66,0,87
428,61,948.0,2904.0,78.0,24.0,1,49,0,66
428,66,1074.0,2917.0,40.0,7.0,1,31,0,39
428,71,1145.0,2920.0,35.0,10.0,1,18,0,21
428,72,304.0,19.0,57.0,34.0,1,6,0,6
429,5,1787.0,3075.0,10.0,5.0,1,399,0,400
429,24,451.0,2905.0,46.0,25.0,1,217,0,228
429,32,837.0,2898.0,39.0,22.0,1,156,0,192
429,33,70.0,2943.0,50.0,10.0,1,119,0,189
429,40,577.0,2906.0,12.0,8.0,1,143,0,157
429,42,908.0,2903.0,62.0,29.0,0,130,4,156
429,44,190.0,2928.0,69.0,18.0,1,96,0,151
429,52,844.0,2899.0,56.0,22.0,0,78,1,102
429,54,0.0,2934.0,35.0,11.0,0,73,1,92
429,58,600.0,2676.0,176.0,369.0,1,67,0,88
429,61,941.0,2904.0,78.0,24.0,1,50,0,67
429,66,1066.0,2914.0,41.0,11.0,1,32,0,40
429,71,1145.0,2920.0,35.0,10.0,0,18,1,22
429,72,252.0,19.0,64.0,34.0,1,7,0,7
430,5,1790.0,3074.0,10.0,6.0,1,400,0,401
430,24,447.0,2904.0,41.0,26.0,1,218,0,229
430,32,719.0,2921.0,42.0,39.0,1,157,0,193
430,33,78.0,2940.0,63.0,11.0,1,120,0,190
430,40,551.0,2907.0,50.0,11.0,1,144,0,158
430,42,908.0,2903.0,62.0,29.0,0,130,5,157
430,44,158.0,2930.0,66.0,18.0,1,97,0,152
430,52,831.0,2898.0,36.0,19.0,1,79,0,103
430,54,16.0,2937.0,7.0,8.0,1,74,0,93
430,58,600.0,2676.0,176.0,369.0,0,67,1,89
430,61,941.0,2904.0,78.0,24.0,0,50,1,68
430,66,1029.0,2911.0,41.0,11.0,1,33,0,41
430,71,1132.0,2917.0,36.0,12.0,1,19,0,23
430,72,204.0,19.0,50.0,34.0,1,8,0,8
431,5,1790.0,3074.0,10.0,7.0,1,401,0,402
431,24,445.0,2903.0,68.0,27.0,1,219,0,230
431,32,714.0,2919.0,41.0,41.0,1,158,0,194
431,33,36.0,2940.0,46.0,8.0,1,121,0,191
431,40,546.0,2907.0,50.0,11.0,1,145,0,159
431,42,908.0,2903.0,62.0,29.0,0,130,6,158
431,44,182.0,2926.0,68.0,17.0,1,98,0,153
431,52,825.0,2898.0,33.0,19.0,1,80,0,104
431,54,16.0,2937.0,7.0,8.0,0,74,1,94
431,58,600.0,2676.0,176.0,369.0,0,67,2,90
431,61,941.0,2904.0,78.0,24.0,0,50,2,69
431,66,1005.0,2911.0,28.0,8.0,1,34,0,42
431,71,1091.0,2917.0,38.0,12.0,1,20,0,24
431,72,148.0,19.0,58.0,34.0,1,9,0,9
432,5,1789.0,3074.0,12.0,6.0,1,402,0,403
432,24,444.0,2903.0,65.0,27.0,1,220,0,231
432,32,714.0,2919.0,41.0,41.0,0,158,1,195
432,33,92.0,2941.0,63.0,11.0,1,122,0,192
432,40,546.0,2907.0,50.0,11.0,0,145,1,160
432,42,821.0,2898.0,145.0,30.0,1,131,0,159
432,44,173.0,2927.0,70.0,18.0,1,99,0,154
432,52,825.0,2898.0,33.0,19.0,0,80,1,105
432,54,22.0,2939.0,51.0,7.0,1,75,0,95
432,58,708.0,2917.0,40.0,43.0,1,68,0,91
432,61,941.0,2904.0,78.0,24.0,0,50,3,70
432,66,999.0,2911.0,58.0,8.0,1,35,0,43
432,71,1091.0,2917.0,38.0,12.0,0,20,1,25
432,72,85.0,19.0,56.0,34.0,1,10,0,10
432,73,615.0,2887.0,79.0,53.0,1,3,0,3
433,5,1789.0,3074.0,14.0,6.0,1,403,0,404
433,24,439.0,2901.0,46.0,29.0,1,221,0,232
433,32,714.0,2919.0,41.0,41.0,0,158,2,196
433,33,92.0,2941.0,63.0,11.0,0,122,1,193
433,40,539.0,2902.0,49.0,13.0,1,146,0,161
433,42,821.0,2898.0,145.0,30.0,0,131,1,160
433,44,169.0,2926.0,70.0,18.0,1,100,0,155
433,52,815.0,2898.0,21.0,18.0,1,81,0,106
433,54,0.0,2935.0,55.0,10.0,1,76,0,96
433,58,708.0,2917.0,40.0,43.0,0,68,1,92
433,61,941.0,2904.0,78.0,24.0,0,50,4,71
433,66,993.0,2908.0,58.0,11.0,1,36,0,44
433,71,1077.0,2915.0,39.0,15.0,1,21,0,26
433,72,33.0,19.0,51.0,34.0,1,11,0,11
433,73,608.0,2886.0,79.0,45.0,1,4,0,4
434,5,1789.0,3073.0,14.0,8.0,1,404,0,405
434,24,436.0,2899.0,43.0,31.0,1,222,0,233
434,32,714.0,2919.0,41.0,41.0,0,158,3,197
434,33,92.0,2941.0,63.0,11.0,0,122,2,194
434,40,512.0,2902.0,57.0,11.0,1,147,0,162
434,42,821.0,2898.0,145.0,30.0,0,131,2,161
434,44,137.0,2928.0,66.0,17.0,1,101,0,156
434,52,809.0,2898.0,24.0,14.0,1,82,0,107
434,54,0.0,2934.0,44.0,10.0,1,77,0,97
434,58,708.0,2917.0,40.0,43.0,0,68,2,93
434,61,913.0,2901.0,78.0,22.0,1,51,0,72
434,66,1039.0,2914.0,59.0,7.0,1,37,0,45
434,71,1111.0,2911.0,35.0,16.0,1,22,0,27
434,72,33.0,19.0,51.0,34.0,0,11,1,12
434,73,604.0,2885.0,76.0,39.0,1,5,0,5
435,5,1791.0,3074.0,14.0,6.0,1,405,0,406
435,24,433.0,2898.0,45.0,28.0,1,223,0,234
435,32,688.0,2911.0,42.0,48.0,1,159,0,198
435,33,50.0,2939.0,63.0,10.0,1,123,0,195
435,40,531.0,2902.0,53.0,12.0,1,148,0,163
435,42,878.0,2898.0,64.0,27.0,1,132,0,162
435,44,160.0,2927.0,71.0,15.0,1,102,0,157
435,52,804.0,2898.0,19.0,14.0,1,83,0,108
435,54,5.0,2934.0,18.0,10.0,1,78,0,98
435,58,239.0,2922.0,64.0,9.0,1,69,0,94
435,61,913.0,2901.0,78.0,22.0,0,51,1,73
435,66,1039.0,2914.0,59.0,7.0,0,37,1,46
435,71,1066.0,2911.0,49.0,16.0,1,23,0,28
435,72,33.0,19.0,51.0,34.0,0,11,2,13
435,73,594.0,2884.0,80.0,37.0,1,6,0,6
436,5,1793.0,3076.0,12.0,5.0,1,406,0,407
436,24,431.0,2899.0,21.0,23.0,1,224,0,235
436,32,682.0,2910.0,43.0,48.0,1,160,0,199
436,33,31.0,2936.0,49.0,12.0,1,124,0,196
436,40,505.0,2902.0,55.0,9.0,1,149,0,164
436,42,851.0,2900.0,58.0,25.0,1,133,0,163
436,44,125.0,2936.0,37.0,9.0,1,103,0,158
436,52,799.0,2898.0,20.0,18.0,1,84,0,109
436,54,5.0,2934.0,18.0,10.0,0,78,1,99
436,58,218.0,2922.0,48.0,11.0,1,70,0,95
436,61,913.0,2901.0,78.0,22.0,0,51,2,74
436,66,1039.0,2914.0,59.0,7.0,0,37,2,47
436,71,1059.0,2913.0,25.0,7.0,1,24,0,29
436,72,33.0,19.0,51.0,34.0,0,11,3,14
436,73,591.0,2882.0,77.0,38.0,1,7,0,7
437,5,1795.0,3075.0,11.0,6.0,1,407,0,408
437,24,428.0,2897.0,43.0,25.0,1,225,0,236
437,32,682.0,2910.0,43.0,48.0,0,160,1,200
437,33,64.0,2938.0,64.0,10.0,1,125,0,197
437,40,505.0,2902.0,55.0,9.0,0,149,1,165
437,42,851.0,2900.0,58.0,25.0,0,133,1,164
437,44,149.0,2925.0,71.0,17.0,1,104,0,159
437,52,793.0,2894.0,19.0,19.0,1,85,0,110
437,54,0.0,2936.0,48.0,6.0,1,79,0,100
437,58,218.0,2922.0,48.0,11.0,0,70,1,96
437,61,913.0,2901.0,78.0,22.0,0,51,3,75
437,66,970.0,2905.0,57.0,14.0,1,38,0,48
437,71,1052.0,2913.0,47.0,14.0,1,25,0,30
437,72,33.0,19.0,51.0,34.0,0,11,4,15
437,73,585.0,2882.0,75.0,37.0,1,8,0,8
438,5,1797.0,3076.0,13.0,5.0,1,408,0,409
438,24,425.0,2894.0,27.0,31.0,1,226,0,237
438,32,682.0,2910.0,43.0,48.0,0,160,2,201
438,33,64.0,2938.0,64.0,10.0,0,125,1,198
438,40,482.0,2898.0,49.0,10.0,1,150,0,166
438,42,818.0,2899.0,64.0,27.0,1,134,0,165
438,44,113.0,2926.0,71.0,18.0,1,105,0,160
438,52,788.0,2896.0,20.0,13.0,1,86,0,111
438,54,0.0,2934.0,68.0,11.0,1,80,0,101
438,58,218.0,2922.0,48.0,11.0,0,70,2,97
438,61,913.0,2901.0,78.0,22.0,0,51,4,76
438,66,965.0,2906.0,54.0,10.0,1,39,0,49
438,71,1048.0,2912.0,43.0,13.0,1,26,0,31
438,72,33.0,19.0,51.0,34.0,0,11,5,16
438,73,579.0,2880.0,76.0,40.0,1,9,0,9
439,5,1798.0,3076.0,12.0,6.0,1,409,0,410
439,24,423.0,2896.0,42.0,28.0,1,227,0,238
439,32,682.0,2910.0,43.0,48.0,0,160,3,202
439,33,53.0,2934.0,65.0,13.0,1,126,0,199
439,40,482.0,2898.0,49.0,10.0,0,150,1,167
439,42,818.0,2899.0,64.0,27.0,0,134,1,166
439,44,113.0,2926.0,71.0,18.0,0,105,1,161
439,52,784.0,2896.0,56.0,16.0,1,87,0,112
439,54,0.0,2935.0,37.0,9.0,1,81,0,102
439,58,139.0,2922.0,72.0,18.0,1,71,0,98
439,61,913.0,2901.0,78.0,22.0,0,51,5,77
439,66,935.0,2898.0,53.0,17.0,1,40,0,50
439,71,1048.0,2912.0,43.0,13.0,0,26,1,32
439,72,33.0,19.0,51.0,34.0,0,11,6,17
439,73,571.0,2879.0,75.0,41.0,1,10,0,10
440,5,1800.0,3076.0,13.0,6.0,1,410,0,411
440,24,419.0,2895.0,42.0,26.0,1,228,0,239
440,32,682.0,2910.0,43.0,48.0,0,160,4,203
440,33,53.0,2934.0,65.0,13.0,0,126,1,200
440,40,482.0,2898.0,49.0,10.0,0,150,2,168
440,42,818.0,2899.0,64.0,27.0,0,134,2,167
440,44,113.0,2926.0,71.0,18.0,0,105,2,162
440,52,776.0,2894.0,60.0,16.0,1,88,0,113
440,54,13.0,2933.0,44.0,13.0,1,82,0,103
440,58,77.0,2935.0,62.0,10.0,1,72,0,99
440,61,913.0,2901.0,78.0,22.0,0,51,6,78
440,66,935.0,2898.0,53.0,17.0,0,40,1,51
440,71,1048.0,2912.0,43.0,13.0,0,26,2,33
440,72,33.0,19.0,51.0,34.0,0,11,7,18
440,73,562.0,2876.0,78.0,39.0,1,11,0,11
441,5,1800.0,3077.0,15.0,5.0,1,411,0,412
441,24,414.0,2895.0,30.0,26.0,1,229,0,240
441,32,682.0,2910.0,43.0,48.0,0,160,5,204
441,33,53.0,2934.0,65.0,13.0,0,126,2,201
441,40,511.0,2899.0,57.0,8.0,1,151,0,169
441,42,818.0,2899.0,64.0,27.0,0,134,3,168
441,44,128.0,2922.0,72.0,19.0,1,106,0,163
441,52,773.0,2894.0,55.0,17.0,1,89,0,114
441,54,2.0,2930.0,76.0,15.0,1,83,0,104
441,58,77.0,2935.0,62.0,10.0,0,72,1,100
441,61,913.0,2901.0,78.0,22.0,0,51,7,79
441,66,935.0,2898.0,53.0,17.0,0,40,2,52
441,71,1035.0,2906.0,45.0,19.0,1,27,0,34
441,72,33.0,19.0,51.0,34.0,0,11,8,19
441,73,562.0,2876.0,78.0,39.0,0,11,1,12
442,5,1807.0,3078.0,9.0,5.0,1,412,0,413
442,24,408.0,2892.0,44.0,28.0,1,230,0,241
442,32,682.0,2910.0,43.0,48.0,0,160,6,205
442,33,230.0,2916.0,49.0,14.0,1,127,0,202
442,40,482.0,2894.0,59.0,13.0,1,152,0,170
442,42,818.0,2899.0,64.0,27.0,0,134,4,169
442,44,124.0,2922.0,71.0,18.0,1,107,0,164
442,52,765.0,2897.0,40.0,13.0,1,90,0,115
442,54,0.0,2932.0,22.0,8.0,1,84,0,105
442,58,38.0,2934.0,62.0,11.0,1,73,0,101
442,61,913.0,2901.0,78.0,22.0,0,51,8,80
442,66,935.0,2898.0,53.0,17.0,0,40,3,53
442,71,1028.0,2908.0,25.0,8.0,1,28,0,35
442,72,33.0,19.0,51.0,34.0,0,11,9,20
442,73,550.0,2876.0,78.0,40.0,1,12,0,13
443,5,1807.0,3078.0,9.0,5.0,1,413,0,414
443,24,404.0,2893.0,30.0,28.0,1,231,0,242
443,32,682.0,2910.0,43.0,48.0,0,160,7,206
443,33,202.0,2920.0,52.0,6.0,1,128,0,203
443,40,455.0,2894.0,57.0,11.0,1,153,0,171
443,42,818.0,2899.0,64.0,27.0,0,134,5,170
443,44,116.0,2921.0,76.0,16.0,1,108,0,165
443,52,763.0,2895.0,36.0,15.0,1,91,0,116
443,54,8.0,2932.0,60.0,14.0,1,85,0,106
443,58,38.0,2934.0,62.0,11.0,0,73,1,102
443,61,913.0,2901.0,78.0,22.0,0,51,9,81
443,66,935.0,2898.0,53.0,17.0,0,40,4,54
443,71,1022.0,2909.0,42.0,14.0,1,29,0,36
443,72,33.0,19.0,51.0,34.0,0,11,10,21
443,73,548.0,2875.0,73.0,37.0,1,13,0,14
444,5,1810.0,3079.0,9.0,5.0,1,414,0,415
444,24,395.0,2893.0,32.0,27.0,1,232,0,243
444,32,682.0,2910.0,43.0,48.0,0,160,8,207
444,33,202.0,2920.0,52.0,6.0,0,128,1,204
444,40,472.0,2866.0,116.0,44.0,1,154,0,172
444,42,818.0,2899.0,64.0,27.0,0,134,6,171
444,44,84.0,2925.0,63.0,17.0,1,109,0,166
444,52,755.0,2893.0,37.0,13.0,1,92,0,117
444,54,2.0,2932.0,59.0,12.0,1,86,0,107
444,58,38.0,2934.0,62.0,11.0,0,73,2,103
444,61,913.0,2901.0,78.0,22.0,0,51,10,82
444,66,900.0,2867.0,93.0,45.0,1,41,0,55
444,71,1013.0,2904.0,43.0,17.0,1,30,0,37
444,72,33.0,19.0,51.0,34.0,0,11,11,22
444,73,548.0,2875.0,73.0,37.0,0,13,1,15
445,5,1812.0,3079.0,9.0,5.0,1,415,0,416
445,24,389.0,2892.0,46.0,27.0,1,233,0,244
445,32,682.0,2910.0,43.0,48.0,0,160,9,208
445,33,202.0,2920.0,52.0,6.0,0,128,2,205
445,40,472.0,2866.0,116.0,44.0,0,154,1,173
445,42,818.0,2899.0,64.0,27.0,0,134,7,172
445,44,107.0,2921.0,74.0,17.0,1,110,0,167
445,52,751.0,2895.0,34.0,10.0,1,93,0,118
445,54,0.0,2931.0,57.0,12.0,1,87,0,108
445,58,38.0,2934.0,62.0,11.0,0,73,3,104
445,61,981.0,2906.0,53.0,8.0,1,52,0,83
445,66,900.0,2867.0,93.0,45.0,0,41,1,56
445,71,1047.0,2906.0,35.0,16.0,1,31,0,38
445,72,33.0,19.0,51.0,34.0,0,11,12,23
445,73,495.0,2864.0,89.0,46.0,1,14,0,16
446,5,1813.0,3080.0,10.0,5.0,1,416,0,417
446,24,383.0,2891.0,47.0,29.0,1,234,0,245
446,32,682.0,2910.0,43.0,48.0,0,160,10,209
446,33,185.0,2918.0,71.0,9.0,1,129,0,206
446,40,472.0,2866.0,116.0,44.0,0,154,2,174
446,42,818.0,2899.0,64.0,27.0,0,134,8,173
446,44,105.0,2920.0,72.0,15.0,1,111,0,168
446,52,745.0,2895.0,35.0,13.0,1,94,0,119
446,54,14.0,2927.0,65.0,17.0,1,88,0,109
446,58,38.0,2934.0,62.0,11.0,0,73,4,105
446,61,1003.0,2905.0,49.0,16.0,1,53,0,84
446,66,877.0,2853.0,53.0,55.0,1,42,0,57
446,71,1047.0,2906.0,35.0,16.0,0,31,1,39
446,72,33.0,19.0,51.0,34.0,0,11,13,24
446,73,495.0,2864.0,89.0,46.0,0,14,1,17
447,5,1815.0,3080.0,10.0,6.0,1,417,0,418
447,24,375.0,2890.0,48.0,28.0,1,235,0,246
447,32,682.0,2910.0,43.0,48.0,0,160,11,210
447,33,185.0,2918.0,71.0,9.0,0,129,1,207
447,40,459.0,2863.0,72.0,43.0,1,155,0,175
447,42,818.0,2899.0,64.0,27.0,0,134,9,174
447,44,99.0,2919.0,71.0,17.0,1,112,0,169
447,52,740.0,2893.0,35.0,15.0,1,95,0,120
447,54,13.0,2931.0,33.0,9.0,1,89,0,110
447,58,38.0,2934.0,62.0,11.0,0,73,5,106
447,61,1003.0,2905.0,49.0,16.0,0,53,1,85
447,66,877.0,2853.0,53.0,55.0,0,42,1,58
447,71,1038.0,2908.0,36.0,16.0,1,32,0,40
447,72,33.0,19.0,51.0,34.0,0,11,14,25
447,73,495.0,2864.0,89.0,46.0,0,14,2,18
448,5,1817.0,3081.0,10.0,6.0,1,418,0,419
448,24,369.0,2890.0,43.0,27.0,1,236,0,247
448,32,603.0,2904.0,41.0,43.0,1,161,0,211
448,33,174.0,2914.0,72.0,11.0,1,130,0,208
448,40,455.0,2874.0,73.0,31.0,1,156,0,176
448,42,818.0,2899.0,64.0,27.0,0,134,10,175
448,44,58.0,2921.0,76.0,17.0,1,113,0,170
448,52,734.0,2892.0,34.0,13.0,1,96,0,121
448,54,2.0,2930.0,38.0,10.0,1,90,0,111
448,58,38.0,2934.0,62.0,11.0,0,73,6,107
448,61,994.0,2903.0,49.0,17.0,1,54,0,86
448,66,877.0,2853.0,53.0,55.0,0,42,2,59
448,71,1038.0,2908.0,36.0,16.0,0,32,1,41
448,73,495.0,2864.0,89.0,46.0,0,14,3,19
449,5,1819.0,3082.0,9.0,5.0,1,419,0,420
449,24,364.0,2889.0,44.0,30.0,1,237,0,248
449,32,595.0,2903.0,45.0,41.0,1,162,0,212
449,33,174.0,2914.0,72.0,11.0,0,130,1,209
449,40,455.0,2874.0,73.0,31.0,0,156,1,177
449,42,818.0,2899.0,64.0,27.0,0,134,11,176
449,44,121.0,2917.0,41.0,8.0,1,114,0,171
449,52,728.0,2894.0,32.0,9.0,1,97,0,122
449,54,34.0,2927.0,56.0,13.0,1,91,0,112
449,58,38.0,2934.0,62.0,11.0,0,73,7,108
449,61,988.0,2903.0,47.0,16.0,1,55,0,87
449,66,877.0,2853.0,53.0,55.0,0,42,3,60
449,71,903.0,2900.0,61.0,8.0,1,33,0,42
449,73,451.0,2885.0,74.0,18.0,1,15,0,20
450,5,1820.0,3083.0,11.0,5.0,1,420,0,421
450,24,359.0,2888.0,45.0,31.0,1,238,0,249
450,32,592.0,2902.0,40.0,45.0,1,163,0,213
450,33,148.0,2915.0,54.0,9.0,1,131,0,210
450,40,455.0,2874.0,73.0,31.0,0,156,2,178
450,42,818.0,2899.0,64.0,27.0,0,134,12,177
450,44,49.0,2918.0,73.0,17.0,1,115,0,172
450,52,722.0,2893.0,37.0,11.0,1,98,0,123
450,54,0.0,2929.0,31.0,9.0,1,92,0,113
450,58,38.0,2934.0,62.0,11.0,0,73,8,109
450,61,1022.0,2903.0,36.0,18.0,1,56,0,88
450,66,877.0,2853.0,53.0,55.0,0,42,4,61
450,71,980.0,2902.0,27.0,10.0,1,34,0,43
450,73,451.0,2885.0,74.0,18.0,0,15,1,21
451,5,1823.0,3084.0,10.0,5.0,1,421,0,422
451,24,352.0,2888.0,46.0,29.0,1,239,0,250
451,32,592.0,2902.0,40.0,45.0,0,163,1,214
451,33,118.0,2915.0,50.0,13.0,1,132,0,211
451,40,455.0,2874.0,73.0,31.0,0,156,3,179
451,42,715.0,2890.0,93.0,46.0,1,135,0,178
451,44,43.0,2919.0,74.0,15.0,1,116,0,173
451,52,722.0,2893.0,37.0,11.0,0,98,1,124
451,54,18.0,2932.0,6.0,5.0,1,93,0,114
451,58,38.0,2934.0,62.0,11.0,0,73,9,110
451,61,1022.0,2903.0,36.0,18.0,0,56,1,89
451,66,877.0,2853.0,53.0,55.0,0,42,5,62
451,71,943.0,2902.0,41.0,9.0,1,35,0,44
451,73,442.0,2894.0,74.0,26.0,1,16,0,22
451,76,278.0,19.0,47.0,33.0,1,3,0,3
452,5,1825.0,3085.0,10.0,5.0,1,422,0,423
452,24,345.0,2887.0,46.0,27.0,1,240,0,251
452,32,577.0,2900.0,40.0,9.0,1,164,0,215
452,33,118.0,2915.0,50.0,13.0,0,132,1,212
452,40,455.0,2874.0,73.0,31.0,0,156,4,180
452,42,715.0,2890.0,93.0,46.0,0,135,1,179
452,44,39.0,2917.0,75.0,18.0,1,117,0,174
452,52,710.0,2892.0,35.0,9.0,1,99,0,125
452,54,11.0,2926.0,8.0,9.0,1,94,0,115
452,58,38.0,2934.0,62.0,11.0,0,73,10,111
452,61,1011.0,2904.0,33.0,14.0,1,57,0,90
452,66,877.0,2853.0,53.0,55.0,0,42,6,63
452,71,909.0,2895.0,64.0,17.0,1,36,0,45
452,73,440.0,2892.0,72.0,40.0,1,17,0,23
452,76,213.0,19.0,41.0,33.0,1,4,0,4
453,5,1827.0,3085.0,9.0,5.0,1,423,0,424
453,24,339.0,2886.0,47.0,31.0,1,241,0,252
453,32,571.0,2898.0,43.0,14.0,1,165,0,216
453,33,106.0,2914.0,55.0,10.0,1,133,0,213
453,40,390.0,2893.0,53.0,21.0,1,157,0,181
453,42,715.0,2890.0,93.0,46.0,0,135,2,180
453,44,39.0,2917.0,75.0,18.0,0,117,1,175
453,52,706.0,2890.0,30.0,11.0,1,100,0,126
453,54,8.0,2927.0,34.0,9.0,1,95,0,116
453,58,38.0,2934.0,62.0,11.0,0,73,11,112
453,61,1011.0,2904.0,33.0,14.0,0,57,1,91
453,66,877.0,2853.0,53.0,55.0,0,42,7,64
453,71,909.0,2895.0,64.0,17.0,0,36,1,46
453,73,440.0,2892.0,72.0,40.0,0,17,1,24
453,76,149.0,19.0,57.0,32.0,1,5,0,5
454,5,1826.0,3086.0,12.0,5.0,1,424,0,425
454,24,335.0,2884.0,46.0,32.0,1,242,0,253
454,32,565.0,2898.0,44.0,11.0,1,166,0,217
454,33,106.0,2914.0,55.0,10.0,0,133,1,214
454,40,390.0,2893.0,53.0,21.0,0,157,1,182
454,42,715.0,2890.0,93.0,46.0,0,135,3,181
454,44,30.0,2916.0,73.0,19.0,1,118,0,176
454,52,701.0,2890.0,30.0,11.0,1,101,0,127
454,54,8.0,2927.0,34.0,9.0,0,95,1,117
454,58,38.0,2934.0,62.0,11.0,0,73,12,113
454,61,1000.0,2903.0,37.0,17.0,1,58,0,92
454,66,877.0,2853.0,53.0,55.0,0,42,8,65
454,71,875.0,2896.0,30.0,8.0,1,37,0,47
454,73,440.0,2892.0,72.0,40.0,0,17,2,25
454,76,149.0,19.0,57.0,32.0,0,5,1,6
455,5,1826.0,3086.0,14.0,4.0,1,425,0,426
455,24,329.0,2884.0,43.0,31.0,1,243,0,254
455,32,559.0,2896.0,44.0,13.0,1,167,0,218
455,33,95.0,2913.0,43.0,12.0,1,134,0,215
455,40,390.0,2893.0,53.0,21.0,0,157,2,183
455,42,695.0,2890.0,89.0,42.0,1,136,0,182
455,44,30.0,2916.0,73.0,19.0,0,118,1,177
455,52,701.0,2890.0,30.0,11.0,0,101,1,128
455,54,0.0,2922.0,63.0,10.0,1,96,0,118
455,58,38.0,2934.0,62.0,11.0,0,73,13,114
455,61,1000.0,2903.0,37.0,17.0,0,58,1,93
455,66,877.0,2853.0,53.0,55.0,0,42,9,66
455,71,875.0,2896.0,30.0,8.0,0,37,1,48
455,73,440.0,2892.0,72.0,40.0,0,17,3,26
455,76,46.0,19.0,64.0,32.0,1,6,0,7
456,5,1829.0,3087.0,13.0,5.0,1,426,0,427
456,24,321.0,2884.0,46.0,29.0,1,244,0,255
456,32,556.0,2896.0,40.0,9.0,1,168,0,219
456,33,91.0,2913.0,38.0,8.0,1,135,0,216
456,40,390.0,2893.0,53.0,21.0,0,157,3,184
456,42,695.0,2890.0,89.0,42.0,0,136,1,183
456,44,30.0,2916.0,73.0,19.0,0,118,2,178
456,52,688.0,2890.0,33.0,10.0,1,102,0,129
456,54,0.0,2924.0,58.0,9.0,1,97,0,119
456,58,38.0,2934.0,62.0,11.0,0,73,14,115
456,61,990.0,2902.0,34.0,14.0,1,59,0,94
456,66,877.0,2853.0,53.0,55.0,0,42,10,67
456,71,862.0,2895.0,62.0,7.0,1,38,0,49
456,73,440.0,2892.0,72.0,40.0,0,17,4,27
456,76,7.0,19.0,13.0,33.0,1,7,0,8
457,5,1832.0,3087.0,12.0,5.0,1,427,0,428
457,24,315.0,2884.0,47.0,30.0,1,245,0,256
457,32,547.0,2895.0,43.0,9.0,1,169,0,220
457,33,89.0,2914.0,33.0,7.0,1,136,0,217
457,40,390.0,2893.0,53.0,21.0,0,157,4,185
457,42,695.0,2890.0,89.0,42.0,0,136,2,184
457,44,30.0,2916.0,73.0,19.0,0,118,3,179
457,52,684.0,2890.0,31.0,8.0,1,103,0,130
457,54,14.0,2922.0,37.0,7.0,1,98,0,120
457,61,983.0,2898.0,36.0,18.0,1,60,0,95
457,66,877.0,2853.0,53.0,55.0,0,42,11,68
457,71,857.0,2895.0,62.0,7.0,1,39,0,50
457,73,440.0,2892.0,72.0,40.0,0,17,5,28
457,76,7.0,19.0,13.0,33.0,0,7,1,9
458,5,1833.0,3087.0,12.0,4.0,1,428,0,429
458,24,310.0,2882.0,7.0,5.0,1,246,0,257
458,32,542.0,2895.0,43.0,10.0,1,170,0,221
458,33,80.0,2913.0,36.0,6.0,1,137,0,218
458,40,390.0,2893.0,53.0,21.0,0,157,5,186
458,42,695.0,2890.0,89.0,42.0,0,136,3,185
458,44,30.0,2916.0,73.0,19.0,0,118,4,180
458,52,674.0,2886.0,36.0,13.0,1,104,0,131
458,54,8.0,2918.0,38.0,11.0,1,99,0,121
458,61,955.0,2899.0,60.0,18.0,1,61,0,96
458,66,877.0,2853.0,53.0,55.0,0,42,12,69
458,71,851.0,2890.0,29.0,10.0,1,40,0,51
458,73,440.0,2892.0,72.0,40.0,0,17,6,29
458,76,7.0,19.0,13.0,33.0,0,7,2,10
459,5,1833.0,3087.0,14.0,5.0,1,429,0,430
459,24,304.0,2880.0,7.0,7.0,1,247,0,258
459,32,536.0,2894.0,40.0,9.0,1,171,0,222
459,33,79.0,2910.0,33.0,7.0,1,138,0,219
459,40,390.0,2893.0,53.0,21.0,0,157,6,187
459,42,695.0,2890.0,89.0,42.0,0,136,4,186
459,44,5.0,2921.0,47.0,9.0,1,119,0,181
459,52,670.0,2887.0,30.0,10.0,1,105,0,132
459,54,8.0,2918.0,38.0,11.0,0,99,1,122
459,61,930.0,2894.0,54.0,23.0,1,62,0,97
459,66,877.0,2853.0,53.0,55.0,0,42,13,70
459,71,845.0,2890.0,30.0,8.0,1,41,0,52
459,73,440.0,2892.0,72.0,40.0,0,17,7,30
459,76,7.0,19.0,13.0,33.0,0,7,3,11
460,5,1837.0,3087.0,12.0,5.0,1,430,0,431
460,24,298.0,2880.0,9.0,7.0,1,248,0,259
460,32,530.0,2891.0,40.0,12.0,1,172,0,223
460,33,76.0,2909.0,42.0,8.0,1,139,0,220
460,40,390.0,2893.0,53.0,21.0,0,157,7,188
460,42,695.0,2890.0,89.0,42.0,0,136,5,187
460,44,0.0,2921.0,52.0,9.0,1,120,0,182
460,52,665.0,2887.0,28.0,11.0,1,106,0,133
460,54,8.0,2918.0,38.0,11.0,0,99,2,123
460,61,926.0,2894.0,27.0,10.0,1,63,0,98
460,66,877.0,2853.0,53.0,55.0,0,42,14,71
460,71,839.0,2891.0,31.0,10.0,1,42,0,53
460,73,440.0,2892.0,72.0,40.0,0,17,8,31
460,76,7.0,19.0,13.0,33.0,0,7,4,12
461,5,1837.0,3087.0,14.0,5.0,1,431,0,432
461,24,292.0,2880.0,10.0,6.0,1,249,0,260
461,32,524.0,2891.0,40.0,9.0,1,173,0,224
461,33,47.0,2911.0,55.0,19.0,1,140,0,221
461,40,390.0,2893.0,53.0,21.0,0,157,8,189
461,42,695.0,2890.0,89.0,42.0,0,136,6,188
461,44,0.0,2918.0,37.0,8.0,1,121,0,183
461,52,659.0,2886.0,30.0,11.0,1,107,0,134
461,54,8.0,2918.0,38.0,11.0,0,99,3,124
461,61,921.0,2894.0,54.0,23.0,1,64,0,99
461,71,834.0,2890.0,31.0,10.0,1,43,0,54
461,73,440.0,2892.0,72.0,40.0,0,17,9,32
461,76,7.0,19.0,13.0,33.0,0,7,5,13
462,5,1837.0,3087.0,17.0,5.0,1,432,0,433
462,24,287.0,2879.0,7.0,5.0,1,250,0,261
462,32,519.0,2892.0,41.0,8.0,1,174,0,225
462,33,21.0,2911.0,50.0,13.0,1,141,0,222
462,40,338.0,2885.0,69.0,27.0,1,158,0,190
462,42,695.0,2890.0,89.0,42.0,0,136,7,189
462,44,0.0,2918.0,37.0,8.0,0,121,1,184
462,52,655.0,2887.0,29.0,9.0,1,108,0,135
462,54,8.0,2918.0,38.0,11.0,0,99,4,125
462,61,914.0,2896.0,54.0,16.0,1,65,0,100
462,71,827.0,2889.0,63.0,10.0,1,44,0,55
462,73,440.0,2892.0,72.0,40.0,0,17,10,33
462,76,7.0,19.0,13.0,33.0,0,7,6,14
463,5,1841.0,3084.0,16.0,8.0,1,433,0,434
463,24,279.0,2878.0,9.0,6.0,1,251,0,262
463,32,513.0,2890.0,39.0,10.0,1,175,0,226
463,33,13.0,2909.0,51.0,17.0,1,142,0,223
463,40,334.0,2887.0,28.0,23.0,1,159,0,191
463,42,695.0,2890.0,89.0,42.0,0,136,8,190
463,44,0.0,2918.0,37.0,8.0,0,121,2,185
463,52,641.0,2887.0,35.0,11.0,1,109,0,136
463,54,8.0,2918.0,38.0,11.0,0,99,5,126
463,61,908.0,2894.0,59.0,18.0,1,66,0,101
463,71,789.0,2857.0,96.0,43.0,1,45,0,56
463,73,440.0,2892.0,72.0,40.0,0,17,11,34
463,76,7.0,19.0,13.0,33.0,0,7,7,15
464,5,1842.0,3084.0,18.0,7.0,1,434,0,435
464,24,275.0,2878.0,10.0,6.0,1,252,0,263
464,32,507.0,2889.0,41.0,8.0,1,176,0,227
464,33,13.0,2909.0,51.0,17.0,0,142,1,224
464,40,331.0,2886.0,13.0,26.0,1,160,0,192
464,42,695.0,2890.0,89.0,42.0,0,136,9,191
464,44,0.0,2918.0,37.0,8.0,0,121,3,186
464,52,638.0,2887.0,33.0,10.0,1,110,0,137
464,54,8.0,2918.0,12.0,5.0,1,100,0,127
464,61,921.0,2892.0,60.0,21.0,1,67,0,102
464,71,789.0,2857.0,96.0,43.0,0,45,1,57
464,73,440.0,2892.0,72.0,40.0,0,17,12,35
464,76,7.0,19.0,13.0,33.0,0,7,8,16
465,5,1843.0,3085.0,16.0,6.0,1,435,0,436
465,24,267.0,2878.0,9.0,5.0,1,253,0,264
465,32,500.0,2889.0,43.0,6.0,1,177,0,228
465,33,13.0,2909.0,51.0,17.0,0,142,2,225
465,40,331.0,2886.0,13.0,26.0,0,160,1,193
465,42,695.0,2890.0,89.0,42.0,0,136,10,192
465,44,0.0,2918.0,37.0,8.0,0,121,4,187
465,52,634.0,2885.0,31.0,12.0,1,111,0,138
465,54,7.0,2915.0,9.0,6.0,1,101,0,128
465,61,944.0,2895.0,34.0,18.0,1,68,0,103
465,71,897.0,2893.0,29.0,7.0,1,46,0,58
465,73,440.0,2892.0,72.0,40.0,0,17,13,36
465,76,7.0,19.0,13.0,33.0,0,7,9,17
465,78,287.0,19.0,64.0,34.0,1,3,0,3
466,5,1844.0,3085.0,16.0,5.0,1,436,0,437
466,24,262.0,2876.0,64.0,36.0,1,254,0,265
466,32,495.0,2888.0,40.0,7.0,1,178,0,229
466,33,0.0,2911.0,49.0,10.0,1,143,0,226
466,40,331.0,2886.0,13.0,26.0,0,160,2,194
466,42,695.0,2890.0,89.0,42.0,0,136,11,193
466,44,0.0,2918.0,37.0,8.0,0,121,5,188
466,52,630.0,2886.0,28.0,11.0,1,112,0,139
466,54,7.0,2915.0,9.0,6.0,0,101,1,129
466,61,891.0,2893.0,46.0,10.0,1,69,0,104
466,71,897.0,2893.0,29.0,7.0,0,46,1,59
466,73,375.0,2885.0,69.0,16.0,1,18,0,37
466,76,7.0,19.0,13.0,33.0,0,7,10,18
466,78,244.0,19.0,64.0,34.0,1,4,0,4
467,5,1844.0,3084.0,18.0,6.0,1,437,0,438
467,24,256.0,2874.0,8.0,6.0,1,255,0,266
467,32,489.0,2887.0,41.0,9.0,1,179,0,230
467,33,0.0,2911.0,49.0,10.0,0,143,1,227
467,40,331.0,2886.0,13.0,26.0,0,160,3,195
467,42,695.0,2890.0,89.0,42.0,0,136,12,194
467,44,0.0,2918.0,37.0,8.0,0,121,6,189
467,52,622.0,2883.0,29.0,12.0,1,113,0,140
467,54,7.0,2915.0,9.0,6.0,0,101,2,130
467,61,886.0,2890.0,25.0,9.0,1,70,0,105
467,71,897.0,2893.0,29.0,7.0,0,46,2,60
467,73,334.0,2885.0,50.0,18.0,1,19,0,38
467,76,7.0,19.0,13.0,33.0,0,7,11,19
467,78,189.0,19.0,64.0,35.0,1,5,0,5
468,5,1847.0,3083.0,16.0,6.0,1,438,0,439
468,24,251.0,2876.0,9.0,8.0,1,256,0,267
468,32,452.0,2886.0,72.0,13.0,1,180,0,231
468,33,0.0,2911.0,49.0,10.0,0,143,2,228
468,40,316.0,2882.0,35.0,25.0,1,161,0,196
468,42,695.0,2890.0,89.0,42.0,0,136,13,195
468,44,0.0,2918.0,37.0,8.0,0,121,7,190
468,52,618.0,2884.0,27.0,10.0,1,114,0,141
468,54,7.0,2915.0,9.0,6.0,0,101,3,131
468,61,927.0,2892.0,33.0,17.0,1,71,0,106
468,71,761.0,2855.0,96.0,70.0,1,47,0,61
468,73,366.0,2882.0,68.0,15.0,1,20,0,39
468,76,7.0,19.0,13.0,33.0,0,7,12,20
468,78,134.0,19.0,57.0,34.0,1,6,0,6
469,5,1847.0,3083.0,16.0,5.0,1,439,0,440
469,24,244.0,2875.0,9.0,8.0,1,257,0,268
469,32,445.0,2885.0,73.0,12.0,1,181,0,232
469,33,0.0,2911.0,49.0,10.0,0,143,3,229
469,40,309.0,2878.0,23.0,30.0,1,162,0,197
469,42,695.0,2890.0,89.0,42.0,0,136,14,196
469,44,0.0,2918.0,37.0,8.0,0,121,8,191
469,52,613.0,2884.0,26.0,10.0,1,115,0,142
469,54,32.0,2903.0,5.0,8.0,1,102,0,132
469,61,891.0,2890.0,65.0,18.0,1,72,0,107
469,71,755.0,2853.0,93.0,72.0,1,48,0,62
469,73,366.0,2882.0,68.0,15.0,0,20,1,40
469,76,7.0,19.0,13.0,33.0,0,7,13,21
469,78,134.0,19.0,57.0,34.0,0,6,1,7
470,5,1848.0,3082.0,17.0,5.0,1,440,0,441
470,24,239.0,2874.0,8.0,5.0,1,258,0,269
470,32,439.0,2886.0,73.0,11.0,1,182,0,233
470,33,0.0,2911.0,49.0,10.0,0,143,4,230
470,40,303.0,2880.0,39.0,27.0,1,163,0,198
470,44,0.0,2918.0,37.0,8.0,0,121,9,192
470,52,604.0,2883.0,30.0,13.0,1,116,0,143
470,54,29.0,2906.0,9.0,6.0,1,103,0,133
470,61,886.0,2889.0,61.0,24.0,1,73,0,108
470,71,755.0,2853.0,93.0,72.0,0,48,1,63
470,73,366.0,2882.0,68.0,15.0,0,20,2,41
470,76,7.0,19.0,13.0,33.0,0,7,14,22
470,78,18.0,19.0,64.0,34.0,1,7,0,8
471,5,1849.0,3081.0,17.0,5.0,1,441,0,442
471,24,230.0,2870.0,12.0,9.0,1,259,0,270
471,32,414.0,2884.0,61.0,13.0,1,183,0,234
471,33,0.0,2911.0,49.0,10.0,0,143,5,231
471,40,298.0,2881.0,16.0,24.0,1,164,0,199
471,44,0.0,2918.0,37.0,8.0,0,121,10,193
471,52,598.0,2884.0,28.0,8.0,1,117,0,144
471,54,26.0,2904.0,8.0,9.0,1,104,0,134
471,61,884.0,2887.0,60.0,18.0,1,74,0,109
471,71,755.0,2853.0,93.0,72.0,0,48,2,64
471,73,366.0,2882.0,68.0,15.0,0,20,3,42
471,78,18.0,19.0,64.0,34.0,0,7,1,9
472,5,1850.0,3080.0,17.0,5.0,1,442,0,443
472,24,229.0,2874.0,8.0,5.0,1,260,0,271
472,32,427.0,2883.0,72.0,16.0,1,184,0,235
472,33,0.0,2911.0,49.0,10.0,0,143,6,232
472,40,295.0,2876.0,12.0,28.0,1,165,0,200
472,44,0.0,2918.0,37.0,8.0,0,121,11,194
472,52,598.0,2884.0,28.0,8.0,0,117,1,145
472,54,19.0,2903.0,22.0,8.0,1,105,0,135
472,61,877.0,2887.0,62.0,19.0,1,75,0,110
472,71,593.0,2840.0,170.0,99.0,1,49,0,65
472,73,366.0,2882.0,68.0,15.0,0,20,4,43
472,78,18.0,19.0,64.0,34.0,0,7,2,10
473,5,1851.0,3080.0,16.0,5.0,1,443,0,444
473,24,219.0,2873.0,14.0,7.0,1,261,0,272
473,32,423.0,2883.0,69.0,14.0,1,185,0,236
473,33,0.0,2911.0,49.0,10.0,0,143,7,233
473,40,291.0,2879.0,13.0,25.0,1,166,0,201
473,44,0.0,2918.0,37.0,8.0,0,121,12,195
473,52,598.0,2884.0,28.0,8.0,0,117,2,146
473,54,14.0,2903.0,28.0,8.0,1,106,0,136
473,61,853.0,2886.0,54.0,17.0,1,76,0,111
473,71,593.0,2840.0,170.0,99.0,0,49,1,66
473,73,366.0,2882.0,68.0,15.0,0,20,5,44
473,78,18.0,19.0,64.0,34.0,0,7,3,11
474,5,1851.0,3079.0,17.0,6.0,1,444,0,445
474,24,217.0,2873.0,7.0,5.0,1,262,0,273
474,32,419.0,2882.0,67.0,15.0,1,186,0,237
474,33,0.0,2911.0,49.0,10.0,0,143,8,234
474,40,283.0,2878.0,21.0,24.0,1,167,0,202
474,44,0.0,2918.0,37.0,8.0,0,121,13,196
474,52,598.0,2884.0,28.0,8.0,0,117,3,147
474,54,10.0,2901.0,30.0,7.0,1,107,0,137
474,61,844.0,2886.0,28.0,8.0,1,77,0,112
474,71,580.0,2843.0,176.0,96.0,1,50,0,67
474,73,366.0,2882.0,68.0,15.0,0,20,6,45
474,78,18.0,19.0,64.0,34.0,0,7,4,12
475,5,1855.0,3078.0,13.0,9.0,1,445,0,446
475,24,210.0,2871.0,8.0,6.0,1,263,0,274
475,32,440.0,2881.0,41.0,8.0,1,187,0,238
475,33,0.0,2911.0,49.0,10.0,0,143,9,235
475,40,283.0,2878.0,19.0,24.0,1,168,0,203
475,44,0.0,2918.0,37.0,8.0,0,121,14,197
475,52,598.0,2884.0,28.0,8.0,0,117,4,148
475,54,7.0,2899.0,39.0,9.0,1,108,0,138
475,61,839.0,2884.0,25.0,8.0,1,78,0,113
475,71,580.0,2843.0,176.0,96.0,0,50,1,68
475,73,374.0,2879.0,50.0,16.0,1,21,0,46
475,78,18.0,19.0,64.0,34.0,0,7,5,13
475,83,376.0,19.0,63.0,34.0,1,3,0,3
476,5,1855.0,3076.0,14.0,7.0,1,446,0,447
476,24,207.0,2872.0,7.0,6.0,1,264,0,275
476,32,411.0,2880.0,63.0,15.0,1,188,0,239
476,33,0.0,2911.0,49.0,10.0,0,143,10,236
476,40,277.0,2873.0,25.0,28.0,1,169,0,204
476,52,598.0,2884.0,28.0,8.0,0,117,5,149
476,54,3.0,2900.0,40.0,8.0,1,109,0,139
476,61,851.0,2884.0,65.0,19.0,1,79,0,114
476,71,580.0,2843.0,176.0,96.0,0,50,2,69
476,73,332.0,2875.0,64.0,21.0,1,22,0,47
476,78,18.0,19.0,64.0,34.0,0,7,6,14
476,83,348.0,19.0,64.0,34.0,1,4,0,4
477,5,1860.0,3073.0,10.0,10.0,1,447,0,448
477,24,200.0,2872.0,8.0,7.0,1,265,0,276
477,32,383.0,2879.0,54.0,17.0,1,189,0,240
477,33,0.0,2911.0,49.0,10.0,0,143,11,237
477,40,270.0,2875.0,28.0,29.0,1,170,0,205
477,52,598.0,2884.0,28.0,8.0,0,117,6,150
477,54,0.0,2898.0,42.0,8.0,1,110,0,140
477,61,829.0,2884.0,48.0,8.0,1,80,0,115
477,71,580.0,2843.0,176.0,96.0,0,50,3,70
477,73,332.0,2875.0,64.0,21.0,0,22,1,48
477,78,18.0,19.0,64.0,34.0,0,7,7,15
477,83,317.0,19.0,64.0,34.0,1,5,0,5
478,5,1854.0,3070.0,18.0,11.0,1,448,0,449
478,24,195.0,2871.0,7.0,4.0,1,266,0,277
478,32,421.0,2878.0,40.0,7.0,1,190,0,241
478,33,0.0,2911.0,49.0,10.0,0,143,12,238
478,40,267.0,2875.0,61.0,24.0,1,171,0,206
478,52,598.0,2884.0,28.0,8.0,0,117,7,151
478,54,0.0,2898.0,38.0,7.0,1,111,0,141
478,61,839.0,2882.0,67.0,16.0,1,81,0,116
478,71,580.0,2843.0,176.0,96.0,0,50,4,71
478,73,352.0,2877.0,59.0,16.0,1,23,0,49
478,78,18.0,19.0,64.0,34.0,0,7,8,16
478,83,279.0,19.0,62.0,34.0,1,6,0,6
479,5,1858.0,3075.0,15.0,10.0,1,449,0,450
479,24,187.0,2867.0,10.0,9.0,1,267,0,278
479,32,421.0,2878.0,40.0,7.0,0,190,1,242
479,33,0.0,2911.0,49.0,10.0,0,143,13,239
479,40,262.0,2870.0,40.0,28.0,1,172,0,207
479,52,640.0,2867.0,50.0,35.0,1,118,0,152
479,54,3.0,2899.0,28.0,7.0,1,112,0,142
479,61,863.0,2884.0,41.0,14.0,1,82,0,117
479,71,580.0,2843.0,176.0,96.0,0,50,5,72
479,73,375.0,2877.0,50.0,16.0,1,24,0,50
479,78,18.0,19.0,64.0,34.0,0,7,9,17
479,83,237.0,19.0,54.0,34.0,1,7,0,7
480,5,1858.0,3074.0,15.0,9.0,1,450,0,451
480,24,184.0,2869.0,8.0,8.0,1,268,0,279
480,32,408.0,2876.0,41.0,8.0,1,191,0,243
480,33,0.0,2911.0,49.0,10.0,0,143,14,240
480,40,254.0,2869.0,39.0,28.0,1,173,0,208
480,52,640.0,2867.0,50.0,35.0,0,118,1,153
480,54,1.0,2898.0,60.0,11.0,1,113,0,143
480,61,828.0,2880.0,68.0,21.0,1,83,0,118
480,71,580.0,2843.0,176.0,96.0,0,50,6,73
480,73,341.0,2875.0,58.0,20.0,1,25,0,51
480,78,18.0,19.0,64.0,34.0,0,7,10,18
480,83,188.0,19.0,64.0,33.0,1,8,0,8
481,5,1863.0,3071.0,14.0,7.0,1,451,0,452
481,24,177.0,2869.0,10.0,8.0,1,269,0,280
481,32,408.0,2876.0,41.0,8.0,0,191,1,244
481,40,279.0,2867.0,64.0,22.0,1,174,0,209
481,52,640.0,2867.0,50.0,35.0,0,118,2,154
481,54,0.0,2895.0,58.0,10.0,1,114,0,144
481,61,828.0,2880.0,68.0,21.0,0,83,1,119
481,71,580.0,2843.0,176.0,96.0,0,50,7,74
481,73,366.0,2875.0,46.0,17.0,1,26,0,52
481,78,18.0,19.0,64.0,34.0,0,7,11,19
481,83,140.0,19.0,59.0,33.0,1,9,0,9
482,5,1862.0,3067.0,13.0,10.0,1,452,0,453
482,24,173.0,2868.0,8.0,5.0,1,270,0,281
482,32,394.0,2875.0,40.0,6.0,1,192,0,245
482,40,248.0,2866.0,61.0,29.0,1,175,0,210
482,52,640.0,2867.0,50.0,35.0,0,118,3,155
482,54,7.0,2894.0,44.0,11.0,1,115,0,145
482,61,819.0,2878.0,64.0,18.0,1,84,0,120
482,71,550.0,2872.0,61.0,11.0,1,51,0,75
482,73,330.0,2873.0,41.0,15.0,1,27,0,53
482,78,18.0,19.0,64.0,34.0,0,7,12,20
482,83,87.0,19.0,64.0,33.0,1,10,0,10
483,5,1859.0,3072.0,17.0,5.0,1,453,0,454
483,24,167.0,2867.0,9.0,5.0,1,271,0,282
483,32,394.0,2875.0,40.0,6.0,0,192,1,246
483,40,243.0,2867.0,40.0,26.0,1,176,0,211
483,52,727.0,2867.0,75.0,52.0,1,119,0,156
483,54,2.0,2894.0,45.0,14.0,1,116,0,146
483,61,812.0,2879.0,68.0,17.0,1,85,0,121
483,71,527.0,2872.0,63.0,17.0,1,52,0,76
483,73,354.0,2874.0,43.0,19.0,1,28,0,54
483,78,18.0,19.0,64.0,34.0,0,7,13,21
483,83,34.0,19.0,58.0,33.0,1,11,0,11
484,5,1862.0,3071.0,13.0,9.0,1,454,0,455
484,24,163.0,2869.0,7.0,4.0,1,272,0,283
484,32,380.0,2871.0,43.0,19.0,1,193,0,247
484,40,239.0,2869.0,37.0,24.0,1,177,0,212
484,52,720.0,2845.0,76.0,75.0,1,120,0,157
484,54,0.0,2896.0,44.0,8.0,1,117,0,147
484,61,806.0,2878.0,68.0,17.0,1,86,0,122
484,71,519.0,2870.0,64.0,17.0,1,53,0,77
484,73,318.0,2872.0,44.0,17.0,1,29,0,55
484,78,18.0,19.0,64.0,34.0,0,7,14,22
484,83,34.0,19.0,58.0,33.0,0,11,1,12
485,5,1866.0,3067.0,9.0,9.0,1,455,0,456
485,24,156.0,2867.0,10.0,7.0,1,273,0,284
485,32,380.0,2871.0,43.0,19.0,0,193,1,248
485,40,231.0,2870.0,37.0,24.0,1,178,0,213
485,52,654.0,2634.0,129.0,421.0,1,121,0,158
485,54,0.0,2894.0,79.0,11.0,1,118,0,148
485,61,806.0,2878.0,68.0,17.0,0,86,1,123
485,71,512.0,2871.0,64.0,14.0,1,54,0,78
485,73,314.0,2870.0,61.0,18.0,1,30,0,56
485,83,34.0,19.0,58.0,33.0,0,11,2,13
486,5,1868.0,3063.0,10.0,10.0,1,456,0,457
486,24,151.0,2867.0,8.0,4.0,1,274,0,285
486,32,368.0,2871.0,41.0,16.0,1,194,0,249
486,40,227.0,2867.0,32.0,23.0,1,179,0,214
486,52,709.0,2844.0,74.0,74.0,1,122,0,159
486,54,22.0,2894.0,52.0,11.0,1,119,0,149
486,61,639.0,2810.0,64.0,64.0,1,87,0,124
486,71,505.0,2871.0,44.0,16.0,1,55,0,79
486,73,265.0,2862.0,57.0,17.0,1,31,0,57
486,83,34.0,19.0,58.0,33.0,0,11,3,14
487,5,1863.0,3063.0,17.0,10.0,1,457,0,458
487,24,146.0,2865.0,9.0,6.0,1,275,0,286
487,32,311.0,2871.0,63.0,17.0,1,195,0,250
487,40,231.0,2866.0,64.0,23.0,1,180,0,215
487,52,703.0,2846.0,75.0,72.0,1,123,0,160
487,54,19.0,2895.0,51.0,8.0,1,120,0,150
487,61,639.0,2810.0,64.0,64.0,0,87,1,125
487,71,499.0,2869.0,27.0,17.0,1,56,0,80
487,73,265.0,2862.0,57.0,17.0,0,31,1,58
487,83,34.0,19.0,58.0,33.0,0,11,4,15
488,5,1863.0,3066.0,17.0,8.0,1,458,0,459
488,24,143.0,2866.0,4.0,4.0,1,276,0,287
488,32,354.0,2870.0,42.0,17.0,1,196,0,251
488,40,220.0,2862.0,63.0,26.0,1,181,0,216
488,52,703.0,2846.0,75.0,72.0,0,123,1,161
488,54,15.0,2894.0,49.0,9.0,1,121,0,151
488,61,639.0,2810.0,64.0,64.0,0,87,2,126
488,71,491.0,2866.0,19.0,17.0,1,57,0,81
488,73,265.0,2862.0,57.0,17.0,0,31,2,59
488,83,34.0,19.0,58.0,33.0,0,11,5,16
489,5,1867.0,3063.0,13.0,9.0,1,459,0,460
489,24,135.0,2865.0,9.0,7.0,1,277,0,288
489,32,349.0,2869.0,40.0,15.0,1,197,0,252
489,40,210.0,2866.0,63.0,23.0,1,182,0,217
489,52,703.0,2846.0,75.0,72.0,0,123,2,162
489,54,7.0,2890.0,54.0,11.0,1,122,0,152
489,61,639.0,2810.0,64.0,64.0,0,87,3,127
489,71,487.0,2867.0,9.0,5.0,1,58,0,82
489,73,265.0,2862.0,57.0,17.0,0,31,3,60
489,83,34.0,19.0,58.0,33.0,0,11,6,17
490,5,1871.0,3060.0,9.0,8.0,1,460,0,461
490,24,129.0,2864.0,9.0,7.0,1,278,0,289
490,32,343.0,2868.0,39.0,15.0,1,198,0,253
490,40,208.0,2865.0,40.0,20.0,1,183,0,218
490,52,703.0,2846.0,75.0,72.0,0,123,3,163
490,54,0.0,2890.0,56.0,11.0,1,123,0,153
490,61,639.0,2810.0,64.0,64.0,0,87,4,128
490,71,480.0,2867.0,22.0,17.0,1,59,0,83
490,73,265.0,2862.0,57.0,17.0,0,31,4,61
490,83,34.0,19.0,58.0,33.0,0,11,7,18
491,5,1869.0,3056.0,13.0,11.0,1,461,0,462
491,24,123.0,2863.0,13.0,10.0,1,279,0,290
491,32,296.0,2868.0,56.0,20.0,1,199,0,254
491,40,202.0,2861.0,38.0,24.0,1,184,0,219
491,52,763.0,2870.0,72.0,22.0,1,124,0,164
491,54,0.0,2892.0,52.0,8.0,1,124,0,154
491,61,639.0,2810.0,64.0,64.0,0,87,5,129
491,71,474.0,2865.0,19.0,16.0,1,60,0,84
491,73,265.0,2862.0,57.0,17.0,0,31,5,62
491,83,34.0,19.0,58.0,33.0,0,11,8,19
492,5,1874.0,3058.0,7.0,8.0,1,462,0,463
492,24,119.0,2864.0,9.0,4.0,1,280,0,291
492,32,331.0,2867.0,39.0,17.0,1,200,0,255
492,40,199.0,2862.0,30.0,21.0,1,185,0,220
492,52,788.0,2876.0,39.0,13.0,1,125,0,165
492,54,0.0,2890.0,46.0,10.0,1,125,0,155
492,61,639.0,2810.0,64.0,64.0,0,87,6,130
492,71,468.0,2865.0,19.0,16.0,1,61,0,85
492,73,265.0,2862.0,57.0,17.0,0,31,6,63
492,83,34.0,19.0,58.0,33.0,0,11,9,20
493,5,1870.0,3058.0,15.0,10.0,1,463,0,464
493,24,113.0,2863.0,9.0,5.0,1,281,0,292
493,32,272.0,2862.0,64.0,17.0,1,201,0,256
493,40,193.0,2863.0,30.0,22.0,1,186,0,221
493,52,788.0,2876.0,39.0,13.0,0,125,1,166
493,54,11.0,2891.0,30.0,7.0,1,126,0,156
493,61,639.0,2810.0,64.0,64.0,0,87,7,131
493,71,459.0,2864.0,23.0,18.0,1,62,0,86
493,73,265.0,2862.0,57.0,17.0,0,31,7,64
493,83,34.0,19.0,58.0,33.0,0,11,10,21
494,5,1871.0,3057.0,10.0,6.0,1,464,0,465
494,24,109.0,2862.0,8.0,6.0,1,282,0,293
494,32,272.0,2862.0,64.0,17.0,0,201,1,257
494,40,190.0,2861.0,26.0,20.0,1,187,0,222
494,52,788.0,2876.0,39.0,13.0,0,125,2,167
494,54,6.0,2890.0,32.0,8.0,1,127,0,157
494,61,639.0,2810.0,64.0,64.0,0,87,8,132
494,71,454.0,2862.0,21.0,19.0,1,63,0,87
494,73,265.0,2862.0,57.0,17.0,0,31,8,65
494,83,34.0,19.0,58.0,33.0,0,11,11,22
494,86,747.0,2871.0,67.0,19.0,1,3,0,3
495,5,1874.0,3051.0,11.0,9.0,1,465,0,466
495,24,103.0,2859.0,9.0,7.0,1,283,0,294
495,32,272.0,2862.0,64.0,17.0,0,201,2,258
495,40,181.0,2860.0,31.0,20.0,1,188,0,223
495,52,788.0,2876.0,39.0,13.0,0,125,3,168
495,54,4.0,2890.0,29.0,7.0,1,128,0,158
495,61,639.0,2810.0,64.0,64.0,0,87,9,133
495,71,450.0,2859.0,19.0,21.0,1,64,0,88
495,73,265.0,2862.0,57.0,17.0,0,31,9,66
495,83,34.0,19.0,58.0,33.0,0,11,12,23
495,86,742.0,2867.0,68.0,23.0,1,4,0,4
496,5,1866.0,3050.0,17.0,9.0,1,466,0,467
496,24,95.0,2859.0,12.0,7.0,1,284,0,295
496,32,272.0,2862.0,64.0,17.0,0,201,3,259
496,40,174.0,2858.0,33.0,23.0,1,189,0,224
496,52,788.0,2876.0,39.0,13.0,0,125,4,169
496,54,0.0,2889.0,28.0,9.0,1,129,0,159
496,61,639.0,2810.0,64.0,64.0,0,87,10,134
496,71,439.0,2859.0,24.0,21.0,1,65,0,89
496,73,265.0,2862.0,57.0,17.0,0,31,10,67
496,83,34.0,19.0,58.0,33.0,0,11,13,24
496,86,715.0,2870.0,30.0,10.0,1,5,0,5
497,5,1871.0,3053.0,13.0,5.0,1,467,0,468
497,24,91.0,2861.0,10.0,7.0,1,285,0,296
497,32,272.0,2862.0,64.0,17.0,0,201,4,260
497,40,170.0,2857.0,29.0,24.0,1,190,0,225
497,52,788.0,2876.0,39.0,13.0,0,125,5,170
497,54,0.0,2888.0,22.0,7.0,1,130,0,160
497,61,639.0,2810.0,64.0,64.0,0,87,11,135
497,71,435.0,2861.0,21.0,19.0,1,66,0,90
497,73,265.0,2862.0,57.0,17.0,0,31,11,68
497,83,34.0,19.0,58.0,33.0,0,11,14,25
497,86,731.0,2869.0,65.0,17.0,1,6,0,6
498,5,1871.0,3051.0,12.0,7.0,1,468,0,469
498,24,87.0,2859.0,8.0,5.0,1,286,0,297
498,32,272.0,2862.0,64.0,17.0,0,201,5,261
498,40,166.0,2856.0,25.0,21.0,1,191,0,226
498,52,788.0,2876.0,39.0,13.0,0,125,6,171
498,54,10.0,2887.0,6.0,7.0,1,131,0,161
498,61,639.0,2810.0,64.0,64.0,0,87,12,136
498,71,428.0,2861.0,24.0,18.0,1,67,0,91
498,73,265.0,2862.0,57.0,17.0,0,31,12,69
498,86,705.0,2868.0,29.0,10.0,1,7,0,7
499,5,1871.0,3046.0,14.0,11.0,1,469,0,470
499,24,81.0,2859.0,9.0,4.0,1,287,0,298
499,32,272.0,2862.0,64.0,17.0,0,201,6,262
499,40,161.0,2858.0,27.0,18.0,1,192,0,227
499,52,788.0,2876.0,39.0,13.0,0,125,7,172
499,54,2.0,2886.0,10.0,7.0,1,132,0,162
499,61,639.0,2810.0,64.0,64.0,0,87,13,137
499,71,423.0,2859.0,25.0,19.0,1,68,0,92
499,73,265.0,2862.0,57.0,17.0,0,31,13,70
499,86,678.0,2865.0,52.0,36.0,1,8,0,8
500,5,1870.0,3042.0,12.0,10.0,1,470,0,471
500,24,75.0,2858.0,9.0,5.0,1,288,0,299
500,32,272.0,2862.0,64.0,17.0,0,201,7,263
500,40,155.0,2859.0,31.0,17.0,1,193,0,228
500,52,788.0,2876.0,39.0,13.0,0,125,8,173
500,54,2.0,2886.0,10.0,7.0,0,132,1,163
500,61,639.0,2810.0,64.0,64.0,0,87,14,138
500,71,415.0,2855.0,29.0,25.0,1,69,0,93
500,73,265.0,2862.0,57.0,17.0,0,31,14,71
500,86,715.0,2867.0,67.0,17.0,1,9,0,9
500,89,376.0,19.0,63.0,34.0,1,3,0,3
501,5,1866.0,3042.0,16.0,8.0,1,471,0,472
501,24,69.0,2858.0,11.0,7.0,1,289,0,300
501,32,272.0,2862.0,64.0,17.0,0,201,8,264
501,40,151.0,2857.0,32.0,20.0,1,194,0,229
501,52,788.0,2876.0,39.0,13.0,0,125,9,174
501,54,2.0,2886.0,10.0,7.0,0,132,2,164
501,71,407.0,2857.0,28.0,20.0,1,70,0,94
501,86,710.0,2866.0,65.0,19.0,1,10,0,10
501,89,348.0,19.0,64.0,34.0,1,4,0,4
502,5,1871.0,3043.0,12.0,9.0,1,472,0,473
502,24,65.0,2857.0,10.0,4.0,1,290,0,301
502,32,272.0,2862.0,64.0,17.0,0,201,9,265
502,40,145.0,2855.0,33.0,18.0,1,195,0,230
502,52,788.0,2876.0,39.0,13.0,0,125,10,175
502,54,2.0,2886.0,10.0,7.0,0,132,3,165
502,71,403.0,2857.0,27.0,20.0,1,71,0,95
502,86,710.0,2866.0,65.0,19.0,0,10,1,11
502,89,317.0,19.0,64.0,34.0,1,5,0,5
503,5,1871.0,3041.0,10.0,7.0,1,473,0,474
503,24,59.0,2854.0,12.0,7.0,1,291,0,302
503,32,229.0,2857.0,74.0,15.0,1,202,0,266
503,40,139.0,2858.0,35.0,15.0,1,196,0,231
503,52,788.0,2876.0,39.0,13.0,0,125,11,176
503,54,2.0,2886.0,10.0,7.0,0,132,4,166
503,71,399.0,2854.0,26.0,23.0,1,72,0,96
503,86,725.0,2865.0,39.0,16.0,1,11,0,12
503,89,279.0,19.0,62.0,34.0,1,6,0,6
504,5,1871.0,3038.0,11.0,6.0,1,474,0,475
504,24,55.0,2855.0,8.0,5.0,1,292,0,303
504,32,223.0,2855.0,73.0,17.0,1,203,0,267
504,40,135.0,2854.0,36.0,18.0,1,197,0,232
504,52,788.0,2876.0,39.0,13.0,0,125,12,177
504,54,2.0,2886.0,10.0,7.0,0,132,5,167
504,71,392.0,2855.0,28.0,21.0,1,73,0,97
504,86,725.0,2865.0,39.0,16.0,0,11,1,13
504,89,237.0,19.0,54.0,34.0,1,7,0,7
505,5,1870.0,3031.0,10.0,12.0,1,475,0,476
505,24,48.0,2854.0,10.0,6.0,1,293,0,304
505,32,219.0,2853.0,70.0,17.0,1,204,0,268
505,40,126.0,2855.0,39.0,17.0,1,198,0,233
505,52,788.0,2876.0,39.0,13.0,0,125,13,178
505,54,2.0,2886.0,10.0,7.0,0,132,6,168
505,71,383.0,2854.0,31.0,21.0,1,74,0,98
505,86,687.0,2863.0,57.0,17.0,1,12,0,14
505,89,188.0,19.0,64.0,33.0,1,8,0,8
506,5,1866.0,3034.0,16.0,7.0,1,476,0,477
506,24,43.0,2853.0,8.0,6.0,1,294,0,305
506,32,219.0,2853.0,70.0,17.0,0,204,1,269
506,40,122.0,2852.0,37.0,21.0,1,199,0,234
506,52,788.0,2876.0,39.0,13.0,0,125,14,179
506,54,2.0,2886.0,10.0,7.0,0,132,7,169
506,71,378.0,2854.0,52.0,20.0,1,75,0,99
506,86,683.0,2861.0,55.0,17.0,1,13,0,15
506,89,140.0,19.0,59.0,33.0,1,9,0,9
507,5,1868.0,3034.0,13.0,9.0,1,477,0,478
507,24,39.0,2851.0,10.0,6.0,1,295,0,306
507,32,219.0,2853.0,70.0,17.0,0,204,2,270
507,40,117.0,2856.0,34.0,12.0,1,200,0,235
507,54,2.0,2886.0,10.0,7.0,0,132,8,170
507,71,372.0,2850.0,30.0,24.0,1,76,0,100
507,86,655.0,2858.0,53.0,12.0,1,14,0,16
507,89,87.0,19.0,64.0,33.0,1,10,0,10
508,5,1869.0,3032.0,7.0,7.0,1,478,0,479
508,24,34.0,2852.0,7.0,4.0,1,296,0,307
508,32,202.0,2853.0,69.0,17.0,1,205,0,271
508,40,112.0,2854.0,36.0,14.0,1,201,0,236
508,54,2.0,2886.0,10.0,7.0,0,132,9,171
508,71,366.0,2851.0,28.0,22.0,1,77,0,101
508,86,698.0,2864.0,39.0,13.0,1,15,0,17
508,89,34.0,19.0,58.0,33.0,1,11,0,11
509,5,1863.0,3028.0,17.0,6.0,1,479,0,480
509,24,26.0,2851.0,9.0,8.0,1,297,0,308
509,32,167.0,2850.0,37.0,10.0,1,206,0,272
509,40,109.0,2850.0,35.0,23.0,1,202,0,237
509,54,2.0,2886.0,10.0,7.0,0,132,10,172
509,71,359.0,2851.0,29.0,21.0,1,78,0,102
509,86,664.0,2858.0,67.0,18.0,1,16,0,18
509,89,34.0,19.0,58.0,33.0,0,11,1,12
510,5,1863.0,3023.0,19.0,11.0,1,480,0,481
510,24,21.0,2850.0,9.0,8.0,1,298,0,309
510,32,192.0,2850.0,67.0,15.0,1,207,0,273
510,40,103.0,2852.0,31.0,19.0,1,203,0,238
510,54,2.0,2886.0,10.0,7.0,0,132,11,173
510,71,353.0,2850.0,28.0,22.0,1,79,0,103
510,86,661.0,2857.0,66.0,17.0,1,17,0,19
510,89,34.0,19.0,58.0,33.0,0,11,2,13
511,5,1864.0,3023.0,17.0,11.0,1,481,0,482
511,24,15.0,2847.0,11.0,8.0,1,299,0,310
511,32,187.0,2847.0,66.0,20.0,1,208,0,274
511,40,92.0,2854.0,36.0,12.0,1,204,0,239
511,54,2.0,2886.0,10.0,7.0,0,132,12,174
511,71,346.0,2846.0,28.0,24.0,1,80,0,104
511,86,655.0,2858.0,60.0,15.0,1,18,0,20
511,89,34.0,19.0,58.0,33.0,0,11,3,14
512,5,1866.0,3025.0,12.0,8.0,1,482,0,483
512,24,9.0,2847.0,11.0,7.0,1,300,0,311
512,32,181.0,2847.0,67.0,18.0,1,209,0,275
512,40,89.0,2854.0,35.0,15.0,1,205,0,240
512,54,2.0,2886.0,10.0,7.0,0,132,13,175
512,71,342.0,2849.0,27.0,20.0,1,81,0,105
512,86,674.0,2860.0,43.0,17.0,1,19,0,21
512,89,34.0,19.0,58.0,33.0,0,11,4,15
513,5,1866.0,3023.0,11.0,7.0,1,483,0,484
513,24,2.0,2847.0,14.0,12.0,1,301,0,312
513,32,176.0,2849.0,67.0,14.0,1,210,0,276
513,40,83.0,2850.0,36.0,18.0,1,206,0,241
513,54,2.0,2886.0,10.0,7.0,0,132,14,176
513,71,330.0,2848.0,33.0,21.0,1,82,0,106
513,86,641.0,2854.0,72.0,19.0,1,20,0,22
513,89,34.0,19.0,58.0,33.0,0,11,5,16
514,5,1866.0,3019.0,10.0,9.0,1,484,0,485
514,24,0.0,2849.0,12.0,7.0,1,302,0,313
514,32,171.0,2846.0,65.0,19.0,1,211,0,277
514,40,76.0,2851.0,35.0,17.0,1,207,0,242
514,71,329.0,2847.0,26.0,21.0,1,83,0,107
514,86,667.0,2857.0,40.0,16.0,1,21,0,23
514,89,34.0,19.0,58.0,33.0,0,11,6,17
515,5,1866.0,3015.0,9.0,9.0,1,485,0,486
515,24,0.0,2849.0,12.0,7.0,0,302,1,314
515,32,163.0,2846.0,67.0,18.0,1,212,0,278
515,40,70.0,2854.0,34.0,10.0,1,208,0,243
515,71,322.0,2844.0,29.0,23.0,1,84,0,108
515,86,629.0,2853.0,63.0,17.0,1,22,0,24
515,89,34.0,19.0,58.0,33.0,0,11,7,18
516,5,1863.0,3017.0,12.0,8.0,1,486,0,487
516,24,0.0,2849.0,12.0,7.0,0,302,2,315
516,32,159.0,2846.0,64.0,18.0,1,213,0,279
516,40,65.0,2853.0,36.0,11.0,1,209,0,244
516,71,316.0,2845.0,28.0,21.0,1,85,0,109
516,86,655.0,2856.0,41.0,16.0,1,23,0,25
516,89,34.0,19.0,58.0,33.0,0,11,8,19
517,5,1862.0,3014.0,10.0,11.0,1,487,0,488
517,24,0.0,2849.0,12.0,7.0,0,302,3,316
517,32,152.0,2846.0,69.0,14.0,1,214,0,280
517,40,59.0,2849.0,38.0,15.0,1,210,0,245
517,71,309.0,2844.0,28.0,24.0,1,86,0,110
517,86,618.0,2853.0,73.0,18.0,1,24,0,26
517,89,34.0,19.0,58.0,33.0,0,11,9,20
518,5,1861.0,3015.0,10.0,7.0,1,488,0,489
518,24,0.0,2849.0,12.0,7.0,0,302,4,317
518,32,119.0,2845.0,64.0,12.0,1,215,0,281
518,40,51.0,2851.0,38.0,17.0,1,211,0,246
518,71,303.0,2841.0,27.0,23.0,1,87,0,111
518,86,612.0,2847.0,64.0,17.0,1,25,0,27
518,89,34.0,19.0,58.0,33.0,0,11,10,21
519,5,1859.0,3011.0,11.0,7.0,1,489,0,490
519,24,0.0,2849.0,12.0,7.0,0,302,5,318
519,32,143.0,2845.0,62.0,16.0,1,216,0,282
519,40,47.0,2853.0,32.0,12.0,1,212,0,247
519,71,298.0,2841.0,29.0,22.0,1,88,0,112
519,86,607.0,2850.0,71.0,19.0,1,26,0,28
519,89,34.0,19.0,58.0,33.0,0,11,11,22
519,93,374.0,2838.0,34.0,9.0,1,3,0,3
520,5,1856.0,3006.0,14.0,11.0,1,490,0,491
520,24,0.0,2849.0,12.0,7.0,0,302,6,319
520,32,135.0,2843.0,66.0,17.0,1,217,0,283
520,40,67.0,2841.0,53.0,23.0,1,213,0,248
520,71,290.0,2841.0,30.0,23.0,1,89,0,113
520,86,632.0,2853.0,45.0,14.0,1,27,0,29
520,89,34.0,19.0,58.0,33.0,0,11,12,23
520,93,374.0,2838.0,34.0,9.0,0,3,1,4
521,5,1854.0,3010.0,15.0,7.0,1,491,0,492
521,24,0.0,2849.0,12.0,7.0,0,302,7,320
521,32,129.0,2844.0,67.0,16.0,1,218,0,284
521,40,35.0,2844.0,53.0,21.0,1,214,0,249
521,71,284.0,2838.0,28.0,23.0,1,90,0,114
521,86,595.0,2847.0,78.0,17.0,1,28,0,30
521,89,34.0,19.0,58.0,33.0,0,11,13,24
521,93,440.0,2838.0,120.0,37.0,1,4,0,5
522,5,1854.0,3010.0,11.0,10.0,1,492,0,493
522,24,0.0,2849.0,12.0,7.0,0,302,8,321
522,32,123.0,2842.0,67.0,15.0,1,219,0,285
522,40,27.0,2844.0,46.0,25.0,1,215,0,250
522,71,278.0,2838.0,25.0,21.0,1,91,0,115
522,86,593.0,2842.0,64.0,18.0,1,29,0,31
522,89,34.0,19.0,58.0,33.0,0,11,14,25
522,93,416.0,2834.0,60.0,36.0,1,5,0,6
523,5,1854.0,3008.0,9.0,8.0,1,493,0,494
523,24,0.0,2849.0,12.0,7.0,0,302,9,322
523,32,93.0,2843.0,64.0,15.0,1,220,0,286
523,40,22.0,2852.0,34.0,17.0,1,216,0,251
523,71,270.0,2838.0,30.0,21.0,1,92,0,116
523,86,615.0,2850.0,47.0,14.0,1,30,0,32
523,93,402.0,2839.0,59.0,29.0,1,6,0,7
524,5,1852.0,3004.0,10.0,7.0,1,494,0,495
524,24,0.0,2849.0,12.0,7.0,0,302,10,323
524,32,111.0,2838.0,66.0,19.0,1,221,0,287
524,40,14.0,2848.0,34.0,14.0,1,217,0,252
524,71,262.0,2837.0,34.0,24.0,1,93,0,117
524,86,540.0,2838.0,80.0,17.0,1,31,0,33
524,93,396.0,2838.0,46.0,32.0,1,7,0,8
525,5,1848.0,3001.0,11.0,9.0,1,495,0,496
525,24,0.0,2849.0,12.0,7.0,0,302,11,324
525,32,48.0,2838.0,64.0,20.0,1,222,0,288
525,40,7.0,2848.0,35.0,14.0,1,218,0,253
525,71,259.0,2835.0,27.0,21.0,1,94,0,118
525,86,605.0,2843.0,50.0,19.0,1,32,0,34
525,93,500.0,2835.0,79.0,16.0,1,8,0,9
525,95,417.0,0.0,64.0,65.0,1,3,0,3
526,5,1850.0,3002.0,9.0,8.0,1,496,0,497
526,24,0.0,2849.0,12.0,7.0,0,302,12,325
526,32,69.0,2838.0,75.0,18.0,1,223,0,289
526,40,0.0,2852.0,36.0,13.0,1,219,0,254
526,71,253.0,2834.0,25.0,21.0,1,95,0,119
526,86,570.0,2838.0,61.0,16.0,1,33,0,35
526,93,489.0,2836.0,49.0,10.0,1,9,0,10
526,95,417.0,0.0,64.0,65.0,0,3,1,4
527,5,1843.0,3004.0,12.0,8.0,1,497,0,498
527,24,0.0,2849.0,12.0,7.0,0,302,13,326
527,32,62.0,2838.0,75.0,18.0,1,224,0,290
527,40,0.0,2838.0,51.0,26.0,1,220,0,255
527,71,247.0,2834.0,26.0,20.0,1,96,0,120
527,86,591.0,2845.0,52.0,15.0,1,34,0,36
527,93,459.0,2834.0,38.0,11.0,1,10,0,11
527,95,386.0,19.0,56.0,14.0,1,4,0,5
527,96,281.0,19.0,60.0,33.0,1,3,0,3
528,5,1843.0,3003.0,13.0,7.0,1,498,0,499
528,24,0.0,2849.0,12.0,7.0,0,302,14,327
528,32,25.0,2839.0,64.0,26.0,1,225,0,291
528,40,0.0,2838.0,51.0,26.0,0,220,1,256
528,71,239.0,2833.0,34.0,23.0,1,97,0,121
528,86,587.0,2842.0,50.0,15.0,1,35,0,37
528,93,484.0,2833.0,77.0,14.0,1,11,0,12
528,95,376.0,19.0,61.0,34.0,1,5,0,6
528,96,244.0,19.0,64.0,32.0,1,4,0,4
529,5,1843.0,3000.0,9.0,7.0,1,499,0,500
529,32,1.0,2838.0,90.0,27.0,1,226,0,292
529,40,0.0,2838.0,51.0,26.0,0,220,2,257
529,71,230.0,2830.0,37.0,21.0,1,98,0,122
529,86,552.0,2836.0,62.0,15.0,1,36,0,38
529,93,484.0,2833.0,77.0,14.0,0,11,1,13
529,95,348.0,19.0,64.0,34.0,1,6,0,7
529,96,197.0,19.0,57.0,33.0,1,5,0,5
530,5,1838.0,2999.0,12.0,6.0,1,500,0,501
530,32,74.0,2838.0,68.0,15.0,1,227,0,293
530,40,3.0,2839.0,52.0,26.0,1,221,0,258
530,71,226.0,2827.0,31.0,24.0,1,99,0,123
530,86,552.0,2836.0,62.0,15.0,0,36,1,39
530,93,504.0,2830.0,85.0,15.0,1,12,0,14
530,95,322.0,19.0,64.0,34.0,1,7,0,8
530,96,138.0,19.0,61.0,33.0,1,6,0,6
530,99,736.0,3094.0,104.0,284.0,1,3,0,3
530,100,359.0,2837.0,50.0,27.0,1,3,0,3
531,5,1834.0,2998.0,14.0,8.0,1,501,0,502
531,32,37.0,2841.0,63.0,16.0,1,228,0,294
531,40,3.0,2839.0,52.0,26.0,0,221,1,259
531,71,219.0,2831.0,31.0,21.0,1,100,0,124
531,86,573.0,2839.0,49.0,16.0,1,37,0,40
531,93,499.0,2830.0,55.0,10.0,1,13,0,15
531,95,304.0,19.0,50.0,34.0,1,8,0,9
531,96,138.0,19.0,61.0,33.0,0,6,1,7
531,99,736.0,3086.0,111.0,283.0,1,4,0,4
531,100,316.0,2831.0,60.0,13.0,1,4,0,4
532,5,1834.0,2998.0,10.0,7.0,1,502,0,503
532,32,37.0,2841.0,63.0,16.0,0,228,1,295
532,40,0.0,2839.0,73.0,25.0,1,222,0,260
532,71,211.0,2830.0,29.0,19.0,1,101,0,125
532,86,542.0,2830.0,64.0,20.0,1,38,0,41
532,93,494.0,2830.0,38.0,11.0,1,14,0,16
532,95,304.0,19.0,50.0,34.0,0,8,1,10
532,96,37.0,19.0,55.0,33.0,1,7,0,8
532,99,738.0,3077.0,113.0,283.0,1,5,0,5
532,100,309.0,2831.0,60.0,13.0,1,5,0,5
533,5,1832.0,3000.0,11.0,4.0,1,503,0,504
533,32,27.0,2835.0,72.0,21.0,1,229,0,296
533,40,0.0,2839.0,73.0,25.0,0,222,1,261
533,71,203.0,2829.0,28.0,20.0,1,102,0,126
533,86,566.0,2831.0,51.0,20.0,1,39,0,42
533,93,452.0,2829.0,46.0,8.0,1,15,0,17
533,95,242.0,19.0,64.0,34.0,1,9,0,11
533,96,37.0,19.0,55.0,33.0,0,7,1,9
533,99,738.0,3077.0,113.0,283.0,0,5,1,6
533,100,340.0,2826.0,92.0,37.0,1,6,0,6
534,5,1829.0,2999.0,12.0,5.0,1,504,0,505
534,32,19.0,2838.0,73.0,18.0,1,230,0,297
534,40,0.0,2839.0,73.0,25.0,0,222,2,262
534,71,209.0,2827.0,56.0,19.0,1,103,0,127
534,86,586.0,2838.0,32.0,17.0,1,40,0,43
534,93,527.0,2826.0,39.0,15.0,1,16,0,18
534,95,204.0,19.0,50.0,34.0,1,10,0,12
534,96,37.0,19.0,55.0,33.0,0,7,2,10
534,99,738.0,3077.0,113.0,283.0,0,5,2,7
534,100,298.0,2826.0,59.0,18.0,1,7,0,7
535,5,1828.0,2999.0,10.0,4.0,1,505,0,506
535,32,19.0,2838.0,73.0,18.0,0,230,1,298
535,40,11.0,2838.0,42.0,19.0,1,223,0,263
535,71,190.0,2826.0,52.0,22.0,1,104,0,128
535,86,553.0,2832.0,53.0,19.0,1,41,0,44
535,93,475.0,2826.0,55.0,10.0,1,17,0,19
535,95,159.0,19.0,64.0,34.0,1,11,0,13
535,96,37.0,19.0,55.0,33.0,0,7,3,11
535,99,735.0,3056.0,133.0,275.0,1,6,0,8
535,100,287.0,2829.0,49.0,15.0,1,8,0,8
536,5,1826.0,2998.0,11.0,5.0,1,506,0,507
536,32,19.0,2838.0,73.0,18.0,0,230,2,299
536,40,3.0,2838.0,46.0,27.0,1,224,0,264
536,71,183.0,2827.0,46.0,21.0,1,105,0,129
536,86,524.0,2826.0,64.0,19.0,1,42,0,45
536,93,471.0,2828.0,39.0,9.0,1,18,0,20
536,95,159.0,19.0,64.0,34.0,0,11,1,14
536,96,37.0,19.0,55.0,33.0,0,7,4,12
536,99,735.0,3056.0,133.0,275.0,0,6,1,9
536,100,259.0,2827.0,31.0,10.0,1,9,0,9
537,5,1823.0,2998.0,10.0,4.0,1,507,0,508
537,32,0.0,2834.0,75.0,23.0,1,231,0,300
537,40,3.0,2838.0,46.0,27.0,0,224,1,265
537,71,177.0,2825.0,46.0,20.0,1,106,0,130
537,86,543.0,2826.0,49.0,21.0,1,43,0,46
537,93,464.0,2824.0,41.0,12.0,1,19,0,21
537,95,159.0,19.0,64.0,34.0,0,11,2,15
537,96,37.0,19.0,55.0,33.0,0,7,5,13
537,99,735.0,3021.0,143.0,288.0,1,7,0,10
537,100,259.0,2827.0,31.0,10.0,0,9,1,10
538,5,1823.0,2998.0,9.0,4.0,1,508,0,509
538,32,0.0,2834.0,75.0,23.0,0,231,1,301
538,40,22.0,2834.0,68.0,22.0,1,225,0,266
538,71,171.0,2823.0,28.0,21.0,1,107,0,131
538,86,535.0,2828.0,60.0,22.0,1,44,0,47
538,93,424.0,2827.0,44.0,5.0,1,20,0,22
538,95,159.0,19.0,64.0,34.0,0,11,3,16
538,96,37.0,19.0,55.0,33.0,0,7,6,14
538,99,735.0,3021.0,143.0,288.0,0,7,1,11
538,100,215.0,2826.0,58.0,11.0,1,10,0,11
539,5,1820.0,2997.0,11.0,4.0,1,509,0,510
539,32,19.0,2847.0,6.0,4.0,1,232,0,302
539,40,46.0,2835.0,39.0,20.0,1,226,0,267
539,71,163.0,2824.0,29.0,20.0,1,108,0,132
539,86,530.0,2826.0,54.0,18.0,1,45,0,48
539,93,412.0,2825.0,51.0,12.0,1,21,0,23
539,95,159.0,19.0,64.0,34.0,0,11,4,17
539,96,37.0,19.0,55.0,33.0,0,7,7,15
539,99,735.0,3021.0,143.0,288.0,0,7,2,12
539,100,215.0,2826.0,58.0,11.0,0,10,1,12
540,5,1817.0,2997.0,12.0,4.0,1,510,0,511
540,32,8.0,2836.0,72.0,21.0,1,233,0,303
540,40,46.0,2835.0,39.0,20.0,0,226,1,268
540,71,169.0,2822.0,55.0,13.0,1,109,0,133
540,86,526.0,2821.0,53.0,23.0,1,46,0,49
540,93,380.0,2823.0,35.0,7.0,1,22,0,24
540,95,159.0,19.0,64.0,34.0,0,11,5,18
540,96,37.0,19.0,55.0,33.0,0,7,8,16
540,99,735.0,3021.0,143.0,288.0,0,7,3,13
540,100,215.0,2826.0,58.0,11.0,0,10,2,13
541,5,1815.0,2997.0,12.0,4.0,1,511,0,512
541,32,3.0,2836.0,71.0,19.0,1,234,0,304
541,40,46.0,2835.0,39.0,20.0,0,226,2,269
541,71,155.0,2818.0,62.0,20.0,1,110,0,134
541,86,487.0,2819.0,81.0,27.0,1,47,0,50
541,93,346.0,2822.0,62.0,21.0,1,23,0,25
541,95,159.0,19.0,64.0,34.0,0,11,6,19
541,96,37.0,19.0,55.0,33.0,0,7,9,17
541,99,735.0,3021.0,143.0,288.0,0,7,4,14
541,100,215.0,2826.0,58.0,11.0,0,10,3,14
542,5,1813.0,2996.0,11.0,5.0,1,512,0,513
542,32,0.0,2835.0,42.0,21.0,1,235,0,305
542,40,46.0,2835.0,39.0,20.0,0,226,3,270
542,71,138.0,2819.0,56.0,24.0,1,111,0,135
542,86,516.0,2822.0,51.0,22.0,1,48,0,51
542,93,295.0,2825.0,56.0,28.0,1,24,0,26
542,95,159.0,19.0,64.0,34.0,0,11,7,20
542,96,37.0,19.0,55.0,33.0,0,7,10,18
542,99,735.0,3021.0,143.0,288.0,0,7,5,15
542,100,215.0,2826.0,58.0,11.0,0,10,4,15
543,5,1811.0,2996.0,11.0,5.0,1,513,0,514
543,32,0.0,2834.0,61.0,23.0,1,236,0,306
543,40,46.0,2835.0,39.0,20.0,0,226,4,271
543,71,131.0,2818.0,32.0,24.0,1,112,0,136
543,86,507.0,2822.0,56.0,18.0,1,49,0,52
543,93,425.0,2821.0,41.0,11.0,1,25,0,27
543,95,159.0,19.0,64.0,34.0,0,11,8,21
543,96,37.0,19.0,55.0,33.0,0,7,11,19
543,99,735.0,3021.0,143.0,288.0,0,7,6,16
543,100,270.0,2823.0,27.0,13.0,1,11,0,16
544,5,1811.0,2997.0,9.0,4.0,1,514,0,515
544,32,5.0,2837.0,49.0,17.0,1,237,0,307
544,40,46.0,2835.0,39.0,20.0,0,226,5,272
544,71,122.0,2817.0,34.0,24.0,1,113,0,137
544,86,503.0,2817.0,52.0,23.0,1,50,0,53
544,93,420.0,2822.0,38.0,6.0,1,26,0,28
544,95,159.0,19.0,64.0,34.0,0,11,9,22
544,96,37.0,19.0,55.0,33.0,0,7,12,20
544,99,735.0,3021.0,143.0,288.0,0,7,7,17
544,100,221.0,2823.0,53.0,10.0,1,12,0,17
545,5,1809.0,2997.0,9.0,4.0,1,515,0,516
545,32,0.0,2836.0,49.0,18.0,1,238,0,308
545,40,46.0,2835.0,39.0,20.0,0,226,6,273
545,71,115.0,2819.0,28.0,19.0,1,114,0,138
545,86,497.0,2816.0,55.0,26.0,1,51,0,54
545,93,413.0,2818.0,40.0,11.0,1,27,0,29
545,95,159.0,19.0,64.0,34.0,0,11,10,23
545,96,37.0,19.0,55.0,33.0,0,7,13,21
545,99,735.0,3021.0,143.0,288.0,0,7,8,18
545,100,181.0,2822.0,43.0,7.0,1,13,0,18
546,5,1807.0,2997.0,10.0,5.0,1,516,0,517
546,32,2.0,2836.0,39.0,21.0,1,239,0,309
546,40,46.0,2835.0,39.0,20.0,0,226,7,274
546,71,106.0,2817.0,30.0,22.0,1,115,0,139
546,86,491.0,2818.0,53.0,20.0,1,52,0,55
546,93,406.0,2821.0,42.0,6.0,1,28,0,30
546,95,159.0,19.0,64.0,34.0,0,11,11,24
546,96,37.0,19.0,55.0,33.0,0,7,14,22
546,99,735.0,3021.0,143.0,288.0,0,7,9,19
546,100,155.0,2822.0,43.0,10.0,1,14,0,19
547,5,1805.0,2997.0,10.0,5.0,1,517,0,518
547,32,0.0,2835.0,35.0,22.0,1,240,0,310
547,40,46.0,2835.0,39.0,20.0,0,226,8,275
547,71,103.0,2819.0,55.0,18.0,1,116,0,140
547,86,483.0,2818.0,58.0,18.0,1,53,0,56
547,93,399.0,2818.0,41.0,10.0,1,29,0,31
547,95,159.0,19.0,64.0,34.0,0,11,12,25
547,99,735.0,3021.0,143.0,288.0,0,7,10,20
547,100,155.0,2822.0,43.0,10.0,0,14,1,20
548,5,1804.0,2998.0,9.0,4.0,1,518,0,519
548,32,2.0,2836.0,26.0,19.0,1,241,0,311
548,40,46.0,2835.0,39.0,20.0,0,226,9,276
548,71,89.0,2819.0,54.0,18.0,1,117,0,141
548,86,479.0,2814.0,54.0,23.0,1,54,0,57
548,93,395.0,2818.0,48.0,11.0,1,30,0,32
548,95,159.0,19.0,64.0,34.0,0,11,13,26
548,99,735.0,3021.0,143.0,288.0,0,7,11,21
548,100,155.0,2822.0,43.0,10.0,0,14,2,21
549,5,1802.0,2998.0,9.0,5.0,1,519,0,520
549,32,0.0,2837.0,21.0,15.0,1,242,0,312
549,40,46.0,2835.0,39.0,20.0,0,226,10,277
549,71,80.0,2818.0,38.0,20.0,1,118,0,142
549,86,472.0,2815.0,56.0,23.0,1,55,0,58
549,93,386.0,2818.0,42.0,10.0,1,31,0,33
549,95,159.0,19.0,64.0,34.0,0,11,14,27
549,99,735.0,3021.0,143.0,288.0,0,7,12,22
549,100,155.0,2822.0,43.0,10.0,0,14,3,22
550,5,1801.0,2999.0,10.0,5.0,1,520,0,521
550,32,2.0,2843.0,12.0,9.0,1,243,0,313
550,40,70.0,2817.0,35.0,21.0,1,227,0,278
550,71,80.0,2818.0,38.0,20.0,0,118,1,143
550,86,467.0,2814.0,57.0,19.0,1,56,0,59
550,93,378.0,2819.0,36.0,6.0,1,32,0,34
550,99,735.0,3021.0,143.0,288.0,0,7,13,23
550,100,155.0,2822.0,43.0,10.0,0,14,4,23
550,104,406.0,19.0,59.0,25.0,1,3,0,3
551,5,1799.0,3000.0,9.0,5.0,1,521,0,522
551,32,0.0,2847.0,7.0,5.0,1,244,0,314
551,40,70.0,2817.0,35.0,21.0,0,227,1,279
551,71,64.0,2817.0,26.0,19.0,1,119,0,144
551,86,459.0,2816.0,59.0,16.0,1,57,0,60
551,93,341.0,2816.0,75.0,11.0,1,33,0,35
551,99,735.0,3021.0,143.0,288.0,0,7,14,24
551,100,155.0,2822.0,43.0,10.0,0,14,5,24
551,104,392.0,19.0,64.0,34.0,1,4,0,4
552,5,1798.0,3001.0,9.0,5.0,1,522,0,523
552,32,0.0,2847.0,7.0,5.0,0,244,1,315
552,40,70.0,2817.0,35.0,21.0,0,227,2,280
552,71,55.0,2816.0,30.0,20.0,1,120,0,145
552,86,454.0,2810.0,53.0,22.0,1,58,0,61
552,93,328.0,2818.0,49.0,7.0,1,34,0,36
552,100,155.0,2822.0,43.0,10.0,0,14,6,25
552,104,366.0,19.0,64.0,34.0,1,5,0,5
553,5,1797.0,3000.0,13.0,7.0,1,523,0,524
553,32,0.0,2847.0,7.0,5.0,0,244,2,316
553,40,70.0,2817.0,35.0,21.0,0,227,3,281
553,71,47.0,2814.0,27.0,23.0,1,121,0,146
553,86,447.0,2811.0,54.0,20.0,1,59,0,62
553,93,328.0,2815.0,73.0,11.0,1,35,0,37
553,100,155.0,2822.0,43.0,10.0,0,14,7,26
553,104,337.0,19.0,61.0,34.0,1,6,0,6
554,5,1796.0,3003.0,9.0,5.0,1,524,0,525
554,32,0.0,2847.0,7.0,5.0,0,244,3,317
554,40,70.0,2817.0,35.0,21.0,0,227,4,282
554,71,39.0,2815.0,27.0,22.0,1,122,0,147
554,86,442.0,2813.0,57.0,17.0,1,60,0,63
554,93,354.0,2818.0,38.0,7.0,1,36,0,38
554,100,155.0,2822.0,43.0,10.0,0,14,8,27
554,104,304.0,19.0,62.0,34.0,1,7,0,7
555,5,1795.0,3005.0,9.0,4.0,1,525,0,526
555,32,0.0,2847.0,7.0,5.0,0,244,4,318
555,40,70.0,2817.0,35.0,21.0,0,227,5,283
555,71,31.0,2816.0,27.0,20.0,1,123,0,148
555,86,432.0,2814.0,57.0,17.0,1,61,0,64
555,93,308.0,2813.0,50.0,12.0,1,37,0,39
555,100,155.0,2822.0,43.0,10.0,0,14,9,28
555,104,304.0,19.0,62.0,34.0,0,7,1,8
556,5,1793.0,3006.0,10.0,5.0,1,526,0,527
556,32,0.0,2847.0,7.0,5.0,0,244,5,319
556,40,274.0,2815.0,34.0,6.0,1,228,0,284
556,71,22.0,2816.0,30.0,20.0,1,124,0,149
556,86,427.0,2811.0,60.0,21.0,1,62,0,65
556,93,341.0,2812.0,49.0,13.0,1,38,0,40
556,100,155.0,2822.0,43.0,10.0,0,14,10,29
556,104,242.0,19.0,64.0,34.0,1,8,0,9
557,5,1791.0,3007.0,11.0,5.0,1,527,0,528
557,32,0.0,2847.0,7.0,5.0,0,244,6,320
557,40,244.0,2815.0,60.0,11.0,1,229,0,285
557,71,10.0,2816.0,35.0,25.0,1,125,0,150
557,86,422.0,2810.0,58.0,18.0,1,63,0,66
557,93,335.0,2815.0,40.0,10.0,1,39,0,41
557,100,155.0,2822.0,43.0,10.0,0,14,11,30
557,104,203.0,19.0,51.0,33.0,1,9,0,10
558,5,1791.0,3009.0,9.0,5.0,1,528,0,529
558,32,0.0,2847.0,7.0,5.0,0,244,7,321
558,40,211.0,2815.0,61.0,25.0,1,230,0,286
558,71,3.0,2814.0,30.0,24.0,1,126,0,151
558,86,415.0,2810.0,57.0,16.0,1,64,0,67
558,93,328.0,2814.0,40.0,10.0,1,40,0,42
558,100,155.0,2822.0,43.0,10.0,0,14,12,31
558,104,155.0,19.0,64.0,33.0,1,10,0,11
559,5,1788.0,3010.0,12.0,5.0,1,529,0,530
559,32,0.0,2847.0,7.0,5.0,0,244,8,322
559,40,211.0,2815.0,61.0,25.0,0,230,1,287
559,71,3.0,2814.0,30.0,24.0,0,126,1,152
559,86,407.0,2810.0,61.0,19.0,1,65,0,68
559,93,287.0,2811.0,73.0,14.0,1,41,0,43
559,100,155.0,2822.0,43.0,10.0,0,14,13,32
559,104,110.0,19.0,60.0,33.0,1,11,0,12
560,5,1789.0,3011.0,9.0,5.0,1,530,0,531
560,32,0.0,2847.0,7.0,5.0,0,244,9,323
560,40,211.0,2815.0,61.0,25.0,0,230,2,288
560,71,3.0,2814.0,30.0,24.0,0,126,2,153
560,86,401.0,2811.0,60.0,17.0,1,66,0,69
560,93,273.0,2814.0,48.0,10.0,1,42,0,44
560,100,155.0,2822.0,43.0,10.0,0,14,14,33
560,104,110.0,19.0,60.0,33.0,0,11,1,13
561,5,1786.0,3013.0,11.0,4.0,1,531,0,532
561,32,0.0,2847.0,7.0,5.0,0,244,10,324
561,40,131.0,2811.0,27.0,8.0,1,231,0,289
561,71,3.0,2814.0,30.0,24.0,0,126,3,154
561,86,395.0,2810.0,56.0,14.0,1,67,0,70
561,93,241.0,2814.0,33.0,6.0,1,43,0,45
561,104,31.0,19.0,61.0,33.0,1,12,0,14
562,5,1786.0,3014.0,10.0,5.0,1,532,0,533
562,32,89.0,2811.0,58.0,12.0,1,245,0,325
562,40,201.0,2813.0,64.0,18.0,1,232,0,290
562,71,3.0,2814.0,30.0,24.0,0,126,4,155
562,86,388.0,2810.0,58.0,13.0,1,68,0,71
562,93,301.0,2811.0,41.0,11.0,1,44,0,46
562,104,31.0,19.0,61.0,33.0,0,12,1,15
563,5,1784.0,3016.0,12.0,5.0,1,533,0,534
563,32,44.0,2813.0,45.0,12.0,1,246,0,326
563,40,171.0,2818.0,36.0,16.0,1,233,0,291
563,71,3.0,2814.0,30.0,24.0,0,126,5,156
563,86,381.0,2810.0,59.0,14.0,1,69,0,72
563,93,293.0,2808.0,49.0,14.0,1,45,0,47
563,104,31.0,19.0,61.0,33.0,0,12,2,16
564,5,1784.0,3017.0,10.0,5.0,1,534,0,535
564,32,109.0,2810.0,64.0,26.0,1,247,0,327
564,40,171.0,2818.0,36.0,16.0,0,233,1,292
564,71,0.0,2810.0,62.0,21.0,1,127,0,157
564,86,375.0,2807.0,57.0,17.0,1,70,0,73
564,93,287.0,2810.0,48.0,14.0,1,46,0,48
564,104,31.0,19.0,61.0,33.0,0,12,3,17
565,5,1783.0,3019.0,9.0,4.0,1,535,0,536
565,32,109.0,2810.0,64.0,26.0,0,247,1,328
565,40,159.0,2814.0,62.0,20.0,1,234,0,293
565,71,50.0,2809.0,60.0,12.0,1,128,0,158
565,86,370.0,2807.0,59.0,14.0,1,71,0,74
565,93,279.0,2809.0,50.0,16.0,1,47,0,49
565,104,31.0,19.0,61.0,33.0,0,12,4,18
566,5,1783.0,3020.0,9.0,5.0,1,536,0,537
566,32,109.0,2810.0,64.0,26.0,0,247,2,329
566,40,159.0,2814.0,62.0,20.0,0,234,1,294
566,71,63.0,2809.0,56.0,12.0,1,129,0,159
566,86,325.0,2802.0,75.0,18.0,1,72,0,75
566,93,272.0,2808.0,49.0,13.0,1,48,0,50
566,104,31.0,19.0,61.0,33.0,0,12,5,19
567,5,1783.0,3023.0,8.0,4.0,1,537,0,538
567,32,109.0,2810.0,64.0,26.0,0,247,3,330
567,40,159.0,2814.0,62.0,20.0,0,234,2,295
567,71,27.0,2812.0,29.0,10.0,1,130,0,160
567,86,319.0,2802.0,77.0,15.0,1,73,0,76
567,93,264.0,2807.0,51.0,14.0,1,49,0,51
567,104,31.0,19.0,61.0,33.0,0,12,6,20
568,5,1780.0,3024.0,10.0,4.0,1,538,0,539
568,32,109.0,2810.0,64.0,26.0,0,247,4,331
568,40,159.0,2814.0,62.0,20.0,0,234,3,296
568,71,0.0,2811.0,31.0,13.0,1,131,0,161
568,86,290.0,2807.0,64.0,18.0,1,74,0,77
568,93,264.0,2807.0,51.0,14.0,0,49,1,52
568,104,31.0,19.0,61.0,33.0,0,12,7,21
569,5,1779.0,3026.0,10.0,4.0,1,539,0,540
569,32,109.0,2810.0,64.0,26.0,0,247,5,332
569,40,159.0,2814.0,62.0,20.0,0,234,4,297
569,71,0.0,2811.0,31.0,13.0,0,131,1,162
569,86,340.0,2806.0,61.0,18.0,1,75,0,78
569,93,251.0,2806.0,56.0,17.0,1,50,0,53
569,104,31.0,19.0,61.0,33.0,0,12,8,22
570,5,1780.0,3028.0,8.0,4.0,1,540,0,541
570,32,109.0,2810.0,64.0,26.0,0,247,6,333
570,40,159.0,2814.0,62.0,20.0,0,234,5,298
570,71,0.0,2807.0,69.0,17.0,1,132,0,163
570,86,332.0,2809.0,59.0,15.0,1,76,0,79
570,93,244.0,2807.0,38.0,14.0,1,51,0,54
570,104,31.0,19.0,61.0,33.0,0,12,9,23
571,5,1773.0,3029.0,20.0,7.0,1,541,0,542
571,32,109.0,2810.0,64.0,26.0,0,247,7,334
571,40,159.0,2814.0,62.0,20.0,0,234,6,299
571,71,0.0,2810.0,58.0,12.0,1,133,0,164
571,86,326.0,2806.0,60.0,18.0,1,77,0,80
571,93,234.0,2812.0,37.0,9.0,1,52,0,55
571,104,31.0,19.0,61.0,33.0,0,12,10,24
572,5,1778.0,3030.0,9.0,7.0,1,542,0,543
572,32,109.0,2810.0,64.0,26.0,0,247,8,335
572,40,99.0,2807.0,70.0,26.0,1,235,0,300
572,71,2.0,2809.0,48.0,11.0,1,134,0,165
572,86,284.0,2806.0,76.0,11.0,1,78,0,81
572,93,228.0,2804.0,49.0,17.0,1,53,0,56
572,104,31.0,19.0,61.0,33.0,0,12,11,25
573,5,1777.0,3033.0,7.0,7.0,1,543,0,544
573,32,109.0,2810.0,64.0,26.0,0,247,9,336
573,40,91.0,2813.0,69.0,19.0,1,236,0,301
573,71,0.0,2802.0,42.0,15.0,1,135,0,166
573,86,268.0,2802.0,50.0,17.0,1,79,0,82
573,93,222.0,2809.0,28.0,10.0,1,54,0,57
573,104,31.0,19.0,61.0,33.0,0,12,12,26
574,5,1775.0,3035.0,9.0,4.0,1,544,0,545
574,32,109.0,2810.0,64.0,26.0,0,247,10,337
574,40,83.0,2813.0,69.0,18.0,1,237,0,302
574,71,21.0,2806.0,12.0,10.0,1,136,0,167
574,86,303.0,2808.0,59.0,12.0,1,80,0,83
574,93,212.0,2803.0,50.0,14.0,1,55,0,58
574,104,31.0,19.0,61.0,33.0,0,12,13,27
575,5,1775.0,3037.0,8.0,5.0,1,545,0,546
575,32,109.0,2810.0,64.0,26.0,0,247,11,338
575,40,83.0,2813.0,69.0,18.0,0,237,1,303
575,71,10.0,2807.0,73.0,28.0,1,137,0,168
575,86,296.0,2802.0,59.0,20.0,1,81,0,84
575,93,205.0,2810.0,33.0,9.0,1,56,0,59
575,104,31.0,19.0,61.0,33.0,0,12,14,28
576,5,1775.0,3039.0,7.0,6.0,1,546,0,547
576,32,109.0,2810.0,64.0,26.0,0,247,12,339
576,40,63.0,2810.0,73.0,22.0,1,238,0,304
576,71,1.0,2803.0,32.0,13.0,1,138,0,169
576,86,289.0,2804.0,60.0,17.0,1,82,0,85
576,93,197.0,2810.0,34.0,13.0,1,57,0,60
577,5,1773.0,3041.0,9.0,6.0,1,547,0,548
577,32,109.0,2810.0,64.0,26.0,0,247,13,340
577,40,85.0,2811.0,66.0,16.0,1,239,0,305
577,71,0.0,2805.0,65.0,27.0,1,139,0,170
577,86,281.0,2804.0,64.0,17.0,1,83,0,86
577,93,191.0,2806.0,9.0,8.0,1,58,0,61
578,5,1772.0,3043.0,9.0,6.0,1,548,0,549
578,32,109.0,2810.0,64.0,26.0,0,247,14,341
578,40,48.0,2811.0,69.0,21.0,1,240,0,306
578,71,0.0,2805.0,65.0,27.0,0,139,1,171
578,86,274.0,2806.0,61.0,19.0,1,84,0,87
578,93,179.0,2805.0,14.0,9.0,1,59,0,62
579,5,1771.0,3046.0,10.0,5.0,1,549,0,550
579,40,39.0,2807.0,71.0,29.0,1,241,0,307
579,71,0.0,2805.0,65.0,27.0,0,139,2,172
579,86,267.0,2803.0,58.0,18.0,1,85,0,88
579,93,172.0,2806.0,10.0,10.0,1,60,0,63
580,5,1770.0,3048.0,10.0,5.0,1,550,0,551
580,40,58.0,2810.0,65.0,22.0,1,242,0,308
580,71,31.0,2825.0,6.0,7.0,1,140,0,173
580,86,260.0,2802.0,60.0,18.0,1,86,0,89
580,93,165.0,2807.0,12.0,11.0,1,61,0,64
581,5,1769.0,3051.0,10.0,5.0,1,551,0,552
581,40,58.0,2810.0,65.0,22.0,0,242,1,309
581,71,22.0,2811.0,69.0,21.0,1,141,0,174
581,86,251.0,2806.0,57.0,15.0,1,87,0,90
581,93,156.0,2805.0,12.0,8.0,1,62,0,65
582,5,1768.0,3053.0,8.0,4.0,1,552,0,553
582,40,58.0,2810.0,65.0,22.0,0,242,2,310
582,71,14.0,2811.0,68.0,26.0,1,142,0,175
582,86,238.0,2803.0,48.0,13.0,1,88,0,91
582,93,148.0,2803.0,13.0,10.0,1,63,0,66
583,5,1768.0,3055.0,8.0,5.0,1,553,0,554
583,40,58.0,2810.0,65.0,22.0,0,242,3,311
583,71,5.0,2811.0,69.0,22.0,1,143,0,176
583,86,235.0,2803.0,61.0,18.0,1,89,0,92
583,93,135.0,2806.0,14.0,11.0,1,64,0,67
584,5,1767.0,3057.0,8.0,5.0,1,554,0,555
584,40,23.0,2807.0,65.0,23.0,1,243,0,312
584,71,5.0,2811.0,69.0,22.0,0,143,1,177
584,86,219.0,2802.0,49.0,14.0,1,90,0,93
584,93,128.0,2807.0,13.0,9.0,1,65,0,68
585,5,1767.0,3059.0,7.0,5.0,1,555,0,556
585,40,13.0,2806.0,66.0,19.0,1,244,0,313
585,71,123.0,2804.0,10.0,8.0,1,144,0,178
585,86,251.0,2806.0,28.0,19.0,1,91,0,94
585,93,211.0,2805.0,9.0,8.0,1,66,0,69
586,5,1765.0,3054.0,8.0,12.0,1,556,0,557
586,40,4.0,2804.0,69.0,21.0,1,245,0,314
586,71,116.0,2803.0,8.0,9.0,1,145,0,179
586,86,205.0,2799.0,47.0,15.0,1,92,0,95
586,93,211.0,2805.0,9.0,8.0,0,66,1,70
587,5,1764.0,3064.0,8.0,4.0,1,557,0,558
587,40,0.0,2812.0,37.0,15.0,1,246,0,315
587,71,102.0,2807.0,32.0,8.0,1,146,0,180
587,86,191.0,2802.0,53.0,12.0,1,93,0,96
587,93,211.0,2805.0,9.0,8.0,0,66,2,71
588,5,1763.0,3065.0,9.0,5.0,1,558,0,559
588,40,17.0,2808.0,36.0,12.0,1,247,0,316
588,71,96.0,2806.0,35.0,12.0,1,147,0,181
588,86,182.0,2802.0,54.0,13.0,1,94,0,97
588,93,211.0,2805.0,9.0,8.0,0,66,3,72
589,5,1762.0,3067.0,8.0,4.0,1,559,0,560
589,40,7.0,2805.0,35.0,12.0,1,248,0,317
589,71,87.0,2802.0,37.0,12.0,1,148,0,182
589,86,174.0,2800.0,52.0,15.0,1,95,0,98
589,93,211.0,2805.0,9.0,8.0,0,66,4,73
589,110,282.0,19.0,59.0,33.0,1,3,0,3
590,5,1761.0,3068.0,9.0,5.0,1,560,0,561
590,40,0.0,2803.0,35.0,14.0,1,249,0,318
590,71,79.0,2802.0,37.0,10.0,1,149,0,183
590,86,165.0,2800.0,53.0,17.0,1,96,0,99
590,93,211.0,2805.0,9.0,8.0,0,66,5,74
590,110,245.0,19.0,64.0,33.0,1,4,0,4
591,5,1760.0,3070.0,8.0,5.0,1,561,0,562
591,40,13.0,2806.0,10.0,8.0,1,250,0,319
591,71,68.0,2802.0,40.0,9.0,1,150,0,184
591,86,155.0,2803.0,53.0,10.0,1,97,0,100
591,93,211.0,2805.0,9.0,8.0,0,66,6,75
591,110,197.0,19.0,57.0,33.0,1,5,0,5
592,5,1759.0,3071.0,8.0,5.0,1,562,0,563
592,40,4.0,2806.0,11.0,7.0,1,251,0,320
592,71,59.0,2802.0,36.0,14.0,1,151,0,185
592,86,147.0,2803.0,52.0,10.0,1,98,0,101
592,93,211.0,2805.0,9.0,8.0,0,66,7,76
592,110,139.0,19.0,60.0,33.0,1,6,0,6
593,5,1759.0,3074.0,6.0,4.0,1,563,0,564
593,40,4.0,2806.0,11.0,7.0,0,251,1,321
593,71,49.0,2803.0,37.0,9.0,1,152,0,186
593,86,138.0,2799.0,52.0,16.0,1,99,0,102
593,93,211.0,2805.0,9.0,8.0,0,66,8,77
593,110,139.0,19.0,60.0,33.0,0,6,1,7
593,111,738.0,3095.0,100.0,288.0,1,3,0,3
594,5,1756.0,3075.0,9.0,4.0,1,564,0,565
594,40,4.0,2806.0,11.0,7.0,0,251,2,322
594,71,39.0,2800.0,38.0,10.0,1,153,0,187
594,86,127.0,2799.0,53.0,15.0,1,100,0,103
594,93,211.0,2805.0,9.0,8.0,0,66,9,78
594,110,38.0,19.0,54.0,33.0,1,7,0,8
594,111,765.0,3121.0,80.0,223.0,1,4,0,4
595,5,1756.0,3077.0,7.0,4.0,1,565,0,566
595,40,4.0,2806.0,11.0,7.0,0,251,3,323
595,71,29.0,2798.0,39.0,11.0,1,154,0,188
595,86,119.0,2802.0,11.0,8.0,1,101,0,104
595,93,168.0,2799.0,23.0,21.0,1,67,0,79
595,110,38.0,19.0,54.0,33.0,0,7,1,9
595,111,738.0,3081.0,111.0,284.0,1,5,0,5
596,5,1754.0,3078.0,10.0,5.0,1,566,0,567
596,40,4.0,2806.0,11.0,7.0,0,251,4,324
596,71,21.0,2799.0,35.0,14.0,1,155,0,189
596,86,72.0,2792.0,46.0,18.0,1,102,0,105
596,93,155.0,2803.0,27.0,19.0,1,68,0,80
596,110,38.0,19.0,54.0,33.0,0,7,2,10
596,111,738.0,3071.0,117.0,285.0,1,6,0,6
597,5,1752.0,3079.0,10.0,6.0,1,567,0,568
597,40,4.0,2806.0,11.0,7.0,0,251,5,325
597,71,38.0,2790.0,27.0,22.0,1,156,0,190
597,86,98.0,2795.0,53.0,15.0,1,103,0,106
597,93,155.0,2803.0,27.0,19.0,0,68,1,81
597,110,38.0,19.0,54.0,33.0,0,7,3,11
597,111,738.0,3071.0,117.0,285.0,0,6,1,7
598,5,1752.0,3081.0,8.0,6.0,1,568,0,569
598,40,4.0,2806.0,11.0,7.0,0,251,6,326
598,71,0.0,2798.0,41.0,14.0,1,157,0,191
598,86,42.0,2792.0,57.0,15.0,1,104,0,107
598,93,137.0,2802.0,28.0,18.0,1,69,0,82
598,110,38.0,19.0,54.0,33.0,0,7,4,12
598,111,738.0,3071.0,117.0,285.0,0,6,2,8
599,5,1750.0,3083.0,8.0,5.0,1,569,0,570
599,40,4.0,2806.0,11.0,7.0,0,251,7,327
599,71,17.0,2790.0,71.0,19.0,1,158,0,192
599,86,42.0,2792.0,57.0,15.0,0,104,1,108
599,93,127.0,2802.0,27.0,19.0,1,70,0,83
599,110,38.0,19.0,54.0,33.0,0,7,5,13
599,111,738.0,3071.0,117.0,285.0,0,6,3,9
600,5,1751.0,3085.0,7.0,4.0,1,570,0,571
600,40,4.0,2806.0,11.0,7.0,0,251,8,328
600,71,7.0,2789.0,71.0,18.0,1,159,0,193
600,86,42.0,2792.0,57.0,15.0,0,104,2,109
600,93,116.0,2803.0,28.0,18.0,1,71,0,84
600,110,38.0,19.0,54.0,33.0,0,7,6,14
600,111,738.0,3071.0,117.0,285.0,0,6,4,10
600,114,392.0,19.0,64.0,14.0,1,3,0,3
601,5,1748.0,3086.0,7.0,4.0,1,571,0,572
601,40,4.0,2806.0,11.0,7.0,0,251,9,329
601,71,0.0,2786.0,29.0,23.0,1,160,0,194
601,86,63.0,2793.0,64.0,23.0,1,105,0,110
601,93,116.0,2803.0,28.0,18.0,0,71,1,85
601,110,38.0,19.0,54.0,33.0,0,7,7,15
601,111,738.0,3071.0,117.0,285.0,0,6,5,11
601,114,386.0,19.0,57.0,34.0,1,4,0,4
602,5,1747.0,3088.0,8.0,4.0,1,572,0,573
602,40,4.0,2806.0,11.0,7.0,0,251,10,330
602,71,6.0,2790.0,53.0,13.0,1,161,0,195
602,86,63.0,2793.0,64.0,23.0,0,105,1,111
602,93,102.0,2798.0,24.0,20.0,1,72,0,86
602,110,38.0,19.0,54.0,33.0,0,7,8,16
602,111,738.0,3071.0,117.0,285.0,0,6,6,12
602,114,354.0,19.0,60.0,34.0,1,5,0,5
603,5,1745.0,3089.0,7.0,4.0,1,573,0,574
603,40,4.0,2806.0,11.0,7.0,0,251,11,331
603,71,0.0,2789.0,45.0,16.0,1,162,0,196
603,86,63.0,2793.0,64.0,23.0,0,105,2,112
603,93,89.0,2798.0,26.0,22.0,1,73,0,87
603,110,38.0,19.0,54.0,33.0,0,7,9,17
603,111,738.0,3071.0,117.0,285.0,0,6,7,13
603,114,323.0,19.0,64.0,34.0,1,6,0,6
604,5,1743.0,3091.0,10.0,4.0,1,574,0,575
604,40,4.0,2806.0,11.0,7.0,0,251,12,332
604,71,0.0,2789.0,45.0,16.0,0,162,1,197
604,86,33.0,2792.0,64.0,24.0,1,106,0,113
604,93,89.0,2798.0,26.0,22.0,0,73,1,88
604,110,38.0,19.0,54.0,33.0,0,7,10,18
604,111,738.0,3071.0,117.0,285.0,0,6,8,14
604,114,287.0,19.0,64.0,34.0,1,7,0,7
605,5,1743.0,3092.0,6.0,5.0,1,575,0,576
605,40,4.0,2806.0,11.0,7.0,0,251,13,333
605,71,0.0,2789.0,45.0,16.0,0,162,2,198
605,86,25.0,2791.0,64.0,25.0,1,107,0,114
605,93,89.0,2798.0,26.0,22.0,0,73,2,89
605,110,38.0,19.0,54.0,33.0,0,7,11,19
605,111,738.0,3071.0,117.0,285.0,0,6,9,15
605,114,247.0,19.0,64.0,33.0,1,8,0,8
606,5,1743.0,3094.0,7.0,4.0,1,576,0,577
606,40,4.0,2806.0,11.0,7.0,0,251,14,334
606,71,0.0,2789.0,45.0,16.0,0,162,3,199
606,86,7.0,2793.0,12.0,8.0,1,108,0,115
606,93,59.0,2795.0,27.0,21.0,1,74,0,90
606,110,38.0,19.0,54.0,33.0,0,7,12,20
606,111,738.0,3071.0,117.0,285.0,0,6,10,16
606,114,205.0,19.0,49.0,34.0,1,9,0,9
607,5,1738.0,3094.0,11.0,6.0,1,577,0,578
607,71,0.0,2792.0,10.0,7.0,1,163,0,200
607,86,7.0,2793.0,12.0,8.0,0,108,1,116
607,93,49.0,2798.0,28.0,22.0,1,75,0,91
607,110,38.0,19.0,54.0,33.0,0,7,13,21
607,111,738.0,3071.0,117.0,285.0,0,6,11,17
607,114,153.0,19.0,64.0,34.0,1,10,0,10
608,5,1736.0,3096.0,13.0,6.0,1,578,0,579
608,71,0.0,2792.0,10.0,7.0,0,163,1,201
608,86,7.0,2793.0,12.0,8.0,0,108,2,117
608,93,40.0,2798.0,27.0,18.0,1,76,0,92
608,110,38.0,19.0,54.0,33.0,0,7,14,22
608,111,738.0,3071.0,117.0,285.0,0,6,12,18
608,114,105.0,19.0,63.0,34.0,1,11,0,11
609,5,1735.0,3098.0,11.0,6.0,1,579,0,580
609,71,0.0,2792.0,10.0,7.0,0,163,2,202
609,86,7.0,2793.0,12.0,8.0,0,108,3,118
609,93,28.0,2795.0,29.0,19.0,1,77,0,93
609,111,738.0,3071.0,117.0,285.0,0,6,13,19
609,114,105.0,19.0,63.0,34.0,0,11,1,12
610,5,1734.0,3099.0,10.0,5.0,1,580,0,581
610,71,0.0,2792.0,10.0,7.0,0,163,3,203
610,86,7.0,2793.0,12.0,8.0,0,108,4,119
610,93,18.0,2791.0,29.0,28.0,1,78,0,94
610,111,738.0,3071.0,117.0,285.0,0,6,14,20
610,114,17.0,19.0,64.0,34.0,1,12,0,13
611,5,1733.0,3101.0,10.0,5.0,1,581,0,582
611,71,0.0,2792.0,10.0,7.0,0,163,4,204
611,86,7.0,2793.0,12.0,8.0,0,108,5,120
611,93,8.0,2794.0,28.0,22.0,1,79,0,95
611,114,17.0,19.0,64.0,34.0,0,12,1,14
612,5,1731.0,3102.0,10.0,5.0,1,582,0,583
612,71,0.0,2792.0,10.0,7.0,0,163,5,205
612,86,7.0,2793.0,12.0,8.0,0,108,6,121
612,93,0.0,2793.0,27.0,20.0,1,80,0,96
612,114,17.0,19.0,64.0,34.0,0,12,2,15
613,5,1730.0,3101.0,13.0,7.0,1,583,0,584
613,71,0.0,2792.0,10.0,7.0,0,163,6,206
613,86,7.0,2793.0,12.0,8.0,0,108,7,122
613,93,5.0,2807.0,10.0,5.0,1,81,0,97
613,114,17.0,19.0,64.0,34.0,0,12,3,16
614,5,1729.0,3106.0,12.0,6.0,1,584,0,585
614,71,0.0,2792.0,10.0,7.0,0,163,7,207
614,86,7.0,2793.0,12.0,8.0,0,108,8,123
614,93,0.0,2807.0,7.0,5.0,1,82,0,98
614,114,17.0,19.0,64.0,34.0,0,12,4,17
615,5,1728.0,3107.0,10.0,6.0,1,585,0,586
615,71,0.0,2792.0,10.0,7.0,0,163,8,208
615,86,7.0,2793.0,12.0,8.0,0,108,9,124
615,93,0.0,2807.0,7.0,5.0,0,82,1,99
615,114,17.0,19.0,64.0,34.0,0,12,5,18
616,5,1727.0,3108.0,10.0,5.0,1,586,0,587
616,71,0.0,2792.0,10.0,7.0,0,163,9,209
616,86,7.0,2793.0,12.0,8.0,0,108,10,125
616,93,0.0,2807.0,7.0,5.0,0,82,2,100
616,114,17.0,19.0,64.0,34.0,0,12,6,19
617,5,1725.0,3106.0,14.0,9.0,1,587,0,588
617,71,0.0,2792.0,10.0,7.0,0,163,10,210
617,86,7.0,2793.0,12.0,8.0,0,108,11,126
617,93,0.0,2807.0,7.0,5.0,0,82,3,101
617,114,17.0,19.0,64.0,34.0,0,12,7,20
618,5,1725.0,3106.0,14.0,9.0,0,587,1,589
618,71,0.0,2792.0,10.0,7.0,0,163,11,211
618,86,7.0,2793.0,12.0,8.0,0,108,12,127
618,93,0.0,2807.0,7.0,5.0,0,82,4,102
618,114,17.0,19.0,64.0,34.0,0,12,8,21
619,5,1719.0,3115.0,14.0,9.0,1,588,0,590
619,71,0.0,2792.0,10.0,7.0,0,163,12,212
619,86,7.0,2793.0,12.0,8.0,0,108,13,128
619,93,0.0,2807.0,7.0,5.0,0,82,5,103
619,114,17.0,19.0,64.0,34.0,0,12,9,22
620,5,1720.0,3116.0,9.0,7.0,1,589,0,591
620,71,0.0,2792.0,10.0,7.0,0,163,13,213
620,86,7.0,2793.0,12.0,8.0,0,108,14,129
620,93,0.0,2807.0,7.0,5.0,0,82,6,104
620,114,17.0,19.0,64.0,34.0,0,12,10,23
621,5,1718.0,3113.0,10.0,9.0,1,590,0,592
621,71,0.0,2792.0,10.0,7.0,0,163,14,214
621,93,0.0,2807.0,7.0,5.0,0,82,7,105
621,114,17.0,19.0,64.0,34.0,0,12,11,24
622,5,1716.0,3116.0,10.0,9.0,1,591,0,593
622,93,0.0,2807.0,7.0,5.0,0,82,8,106
622,114,17.0,19.0,64.0,34.0,0,12,12,25
623,5,1712.0,3120.0,12.0,8.0,1,592,0,594
623,93,0.0,2807.0,7.0,5.0,0,82,9,107
623,114,17.0,19.0,64.0,34.0,0,12,13,26
624,5,1710.0,3121.0,10.0,7.0,1,593,0,595
624,93,0.0,2807.0,7.0,5.0,0,82,10,108
624,114,17.0,19.0,64.0,34.0,0,12,14,27
625,5,1711.0,3119.0,9.0,6.0,1,594,0,596
625,93,0.0,2807.0,7.0,5.0,0,82,11,109
625,116,393.0,19.0,64.0,14.0,1,3,0,3
626,5,1703.0,3119.0,12.0,9.0,1,595,0,597
626,93,0.0,2807.0,7.0,5.0,0,82,12,110
626,116,387.0,19.0,56.0,34.0,1,4,0,4
627,5,1703.0,3124.0,10.0,5.0,1,596,0,598
627,93,0.0,2807.0,7.0,5.0,0,82,13,111
627,116,355.0,19.0,59.0,34.0,1,5,0,5
628,5,1699.0,3124.0,15.0,9.0,1,597,0,599
628,93,0.0,2807.0,7.0,5.0,0,82,14,112
628,116,322.0,19.0,64.0,34.0,1,6,0,6
629,5,1695.0,3124.0,19.0,6.0,1,598,0,600
629,116,284.0,19.0,57.0,34.0,1,7,0,7
630,5,1691.0,3119.0,23.0,11.0,1,599,0,601
630,116,240.0,19.0,51.0,34.0,1,8,0,8
631,5,1683.0,3124.0,31.0,9.0,1,600,0,602
631,116,190.0,19.0,64.0,34.0,1,9,0,9
632,5,1680.0,3128.0,12.0,8.0,1,601,0,603
632,116,148.0,19.0,58.0,34.0,1,10,0,10
633,5,1680.0,3127.0,9.0,6.0,1,602,0,604
633,116,105.0,19.0,53.0,34.0,1,11,0,11
634,5,1676.0,3124.0,11.0,8.0,1,603,0,605
634,116,46.0,19.0,64.0,33.0,1,12,0,12
635,5,1669.0,3123.0,10.0,10.0,1,604,0,606
635,116,46.0,19.0,64.0,33.0,0,12,1,13
636,5,1665.0,3128.0,11.0,9.0,1,605,0,607
636,116,46.0,19.0,64.0,33.0,0,12,2,14
637,5,1662.0,3128.0,10.0,8.0,1,606,0,608
637,116,46.0,19.0,64.0,33.0,0,12,3,15
638,5,1657.0,3125.0,10.0,10.0,1,607,0,609
638,116,46.0,19.0,64.0,33.0,0,12,4,16
639,5,1650.0,3120.0,14.0,13.0,1,608,0,610
639,116,46.0,19.0,64.0,33.0,0,12,5,17
640,5,1647.0,3125.0,10.0,11.0,1,609,0,611
640,116,46.0,19.0,64.0,33.0,0,12,6,18
641,5,1642.0,3126.0,9.0,10.0,1,610,0,612
641,116,46.0,19.0,64.0,33.0,0,12,7,19
642,5,1639.0,3125.0,9.0,5.0,1,611,0,613
642,116,46.0,19.0,64.0,33.0,0,12,8,20
643,5,1633.0,3118.0,8.0,10.0,1,612,0,614
643,116,46.0,19.0,64.0,33.0,0,12,9,21
644,5,1624.0,3120.0,12.0,8.0,1,613,0,615
644,116,46.0,19.0,64.0,33.0,0,12,10,22
645,5,1620.0,3123.0,12.0,10.0,1,614,0,616
645,116,46.0,19.0,64.0,33.0,0,12,11,23
646,5,1616.0,3122.0,10.0,7.0,1,615,0,617
646,116,46.0,19.0,64.0,33.0,0,12,12,24
647,5,1611.0,3118.0,9.0,6.0,1,616,0,618
647,116,46.0,19.0,64.0,33.0,0,12,13,25
648,5,1603.0,3115.0,12.0,10.0,1,617,0,619
648,116,46.0,19.0,64.0,33.0,0,12,14,26
649,5,1597.0,3119.0,12.0,9.0,1,618,0,620
650,5,1593.0,3119.0,9.0,8.0,1,619,0,621
651,5,1588.0,3115.0,8.0,5.0,1,620,0,622
651,118,281.0,19.0,60.0,33.0,1,3,0,3
652,5,1581.0,3111.0,8.0,8.0,1,621,0,623
652,118,244.0,19.0,64.0,32.0,1,4,0,4
653,5,1575.0,3109.0,8.0,10.0,1,622,0,624
653,118,197.0,19.0,57.0,33.0,1,5,0,5
654,5,1567.0,3110.0,9.0,10.0,1,623,0,625
654,118,138.0,19.0,61.0,33.0,1,6,0,6
655,5,1563.0,3111.0,7.0,8.0,1,624,0,626
655,118,138.0,19.0,61.0,33.0,0,6,1,7
656,5,1558.0,3106.0,7.0,6.0,1,625,0,627
656,118,37.0,19.0,55.0,33.0,1,7,0,8
657,5,1550.0,3103.0,10.0,10.0,1,626,0,628
657,118,37.0,19.0,55.0,33.0,0,7,1,9
657,120,736.0,3094.0,106.0,284.0,1,3,0,3
658,5,1542.0,3102.0,9.0,11.0,1,627,0,629
658,118,37.0,19.0,55.0,33.0,0,7,2,10
658,120,736.0,3086.0,111.0,284.0,1,4,0,4
659,5,1534.0,3103.0,11.0,9.0,1,628,0,630
659,118,37.0,19.0,55.0,33.0,0,7,3,11
659,120,736.0,3077.0,116.0,283.0,1,5,0,5
660,5,1530.0,3099.0,8.0,10.0,1,629,0,631
660,118,37.0,19.0,55.0,33.0,0,7,4,12
660,120,736.0,3070.0,122.0,281.0,1,6,0,6
661,5,1525.0,3095.0,7.0,9.0,1,630,0,632
661,118,37.0,19.0,55.0,33.0,0,7,5,13
661,120,737.0,3064.0,126.0,278.0,1,7,0,7
662,5,1517.0,3094.0,9.0,9.0,1,631,0,633
662,118,37.0,19.0,55.0,33.0,0,7,6,14
662,120,736.0,3055.0,133.0,276.0,1,8,0,8
663,5,1511.0,3095.0,10.0,9.0,1,632,0,634
663,118,37.0,19.0,55.0,33.0,0,7,7,15
663,120,735.0,3039.0,138.0,281.0,1,9,0,9
664,5,1506.0,3092.0,10.0,7.0,1,633,0,635
664,118,37.0,19.0,55.0,33.0,0,7,8,16
664,120,735.0,3021.0,144.0,291.0,1,10,0,10
665,5,1499.0,3086.0,12.0,8.0,1,634,0,636
665,118,37.0,19.0,55.0,33.0,0,7,9,17
665,120,735.0,3043.0,148.0,258.0,1,11,0,11
666,5,1492.0,3083.0,11.0,12.0,1,635,0,637
666,118,37.0,19.0,55.0,33.0,0,7,10,18
666,120,735.0,3043.0,148.0,258.0,0,11,1,12
667,5,1484.0,3086.0,11.0,8.0,1,636,0,638
667,118,37.0,19.0,55.0,33.0,0,7,11,19
667,120,735.0,3043.0,148.0,258.0,0,11,2,13
668,5,1478.0,3082.0,11.0,8.0,1,637,0,639
668,118,37.0,19.0,55.0,33.0,0,7,12,20
668,120,735.0,3043.0,148.0,258.0,0,11,3,14
669,5,1473.0,3077.0,8.0,8.0,1,638,0,640
669,118,37.0,19.0,55.0,33.0,0,7,13,21
669,120,735.0,3043.0,148.0,258.0,0,11,4,15
670,5,1466.0,3071.0,10.0,9.0,1,639,0,641
670,118,37.0,19.0,55.0,33.0,0,7,14,22
670,120,735.0,3043.0,148.0,258.0,0,11,5,16
671,5,1459.0,3070.0,10.0,11.0,1,640,0,642
671,120,735.0,3043.0,148.0,258.0,0,11,6,17
672,5,1452.0,3071.0,8.0,9.0,1,641,0,643
672,120,735.0,3043.0,148.0,258.0,0,11,7,18
673,5,1447.0,3067.0,9.0,8.0,1,642,0,644
673,120,735.0,3043.0,148.0,258.0,0,11,8,19
674,5,1441.0,3061.0,8.0,8.0,1,643,0,645
674,120,735.0,3043.0,148.0,258.0,0,11,9,20
675,5,1434.0,3058.0,6.0,8.0,1,644,0,646
675,120,735.0,3043.0,148.0,258.0,0,11,10,21
675,122,387.0,19.0,64.0,14.0,1,3,0,3
676,5,1426.0,3058.0,11.0,10.0,1,645,0,647
676,120,735.0,3043.0,148.0,258.0,0,11,11,22
676,122,380.0,19.0,63.0,34.0,1,4,0,4
677,5,1418.0,3055.0,12.0,10.0,1,646,0,648
677,120,735.0,3043.0,148.0,258.0,0,11,12,23
677,122,352.0,19.0,62.0,34.0,1,5,0,5
678,5,1415.0,3051.0,6.0,5.0,1,647,0,649
678,120,735.0,3043.0,148.0,258.0,0,11,13,24
678,122,321.0,19.0,64.0,34.0,1,6,0,6
679,5,1409.0,3046.0,7.0,7.0,1,648,0,650
679,120,735.0,3043.0,148.0,258.0,0,11,14,25
679,122,284.0,19.0,57.0,34.0,1,7,0,7
680,5,1402.0,3040.0,6.0,13.0,1,649,0,651
680,122,241.0,19.0,50.0,34.0,1,8,0,8
681,5,1395.0,3042.0,9.0,11.0,1,650,0,652
681,122,191.0,19.0,63.0,34.0,1,9,0,9
682,5,1391.0,3041.0,10.0,9.0,1,651,0,653
682,122,148.0,19.0,59.0,34.0,1,10,0,10
683,5,1385.0,3037.0,7.0,5.0,1,652,0,654
683,122,105.0,19.0,54.0,34.0,1,11,0,11
684,5,1377.0,3031.0,11.0,7.0,1,653,0,655
684,122,47.0,19.0,64.0,33.0,1,12,0,12
685,5,1371.0,3028.0,11.0,8.0,1,654,0,656
685,122,7.0,19.0,47.0,33.0,1,13,0,13
686,5,1366.0,3030.0,9.0,5.0,1,655,0,657
686,122,7.0,19.0,47.0,33.0,0,13,1,14
687,5,1361.0,3026.0,6.0,6.0,1,656,0,658
687,122,7.0,19.0,47.0,33.0,0,13,2,15
688,5,1355.0,3022.0,7.0,5.0,1,657,0,659
688,122,7.0,19.0,47.0,33.0,0,13,3,16
689,5,1346.0,3014.0,10.0,10.0,1,658,0,660
689,122,7.0,19.0,47.0,33.0,0,13,4,17
690,5,1342.0,3015.0,9.0,9.0,1,659,0,661
690,122,7.0,19.0,47.0,33.0,0,13,5,18
691,5,1336.0,3015.0,8.0,9.0,1,660,0,662
691,122,7.0,19.0,47.0,33.0,0,13,6,19
692,5,1332.0,3011.0,6.0,5.0,1,661,0,663
692,122,7.0,19.0,47.0,33.0,0,13,7,20
693,5,1327.0,3008.0,6.0,6.0,1,662,0,664
693,122,7.0,19.0,47.0,33.0,0,13,8,21
694,5,1322.0,3003.0,6.0,6.0,1,663,0,665
694,122,7.0,19.0,47.0,33.0,0,13,9,22
695,5,1316.0,3000.0,5.0,7.0,1,664,0,666
695,122,7.0,19.0,47.0,33.0,0,13,10,23
696,5,1309.0,3000.0,6.0,7.0,1,665,0,667
696,122,7.0,19.0,47.0,33.0,0,13,11,24
697,5,1304.0,2997.0,8.0,6.0,1,666,0,668
697,122,7.0,19.0,47.0,33.0,0,13,12,25
698,5,1299.0,2993.0,8.0,5.0,1,667,0,669
698,122,7.0,19.0,47.0,33.0,0,13,13,26
699,5,1293.0,2988.0,7.0,7.0,1,668,0,670
699,122,7.0,19.0,47.0,33.0,0,13,14,27
700,5,1287.0,2986.0,9.0,8.0,1,669,0,671
701,5,1281.0,2987.0,7.0,6.0,1,670,0,672
701,123,333.0,19.0,59.0,33.0,1,3,0,3
702,5,1274.0,2983.0,9.0,10.0,1,671,0,673
702,123,304.0,19.0,51.0,33.0,1,4,0,4
703,5,1272.0,2981.0,8.0,5.0,1,672,0,674
703,123,251.0,19.0,64.0,33.0,1,5,0,5
704,5,1267.0,2977.0,8.0,7.0,1,673,0,675
704,123,203.0,19.0,51.0,33.0,1,6,0,6
705,5,1259.0,2973.0,11.0,9.0,1,674,0,676
705,123,147.0,19.0,52.0,33.0,1,7,0,7
706,5,1256.0,2974.0,7.0,6.0,1,675,0,677
706,123,147.0,19.0,52.0,33.0,0,7,1,8
707,5,1248.0,2970.0,9.0,11.0,1,676,0,678
707,123,41.0,19.0,51.0,32.0,1,8,0,9
708,5,1244.0,2969.0,6.0,7.0,1,677,0,679
708,123,7.0,19.0,13.0,32.0,1,9,0,10
709,5,1240.0,2965.0,7.0,7.0,1,678,0,680
709,123,7.0,19.0,13.0,32.0,0,9,1,11
710,5,1235.0,2963.0,7.0,6.0,1,679,0,681
710,123,7.0,19.0,13.0,32.0,0,9,2,12
711,5,1226.0,2963.0,13.0,5.0,1,680,0,682
711,123,7.0,19.0,13.0,32.0,0,9,3,13
712,5,1221.0,2961.0,11.0,8.0,1,681,0,683
712,123,7.0,19.0,13.0,32.0,0,9,4,14
713,5,1218.0,2958.0,7.0,7.0,1,682,0,684
713,123,7.0,19.0,13.0,32.0,0,9,5,15
713,124,281.0,19.0,60.0,33.0,1,3,0,3
714,5,1213.0,2953.0,7.0,7.0,1,683,0,685
714,123,7.0,19.0,13.0,32.0,0,9,6,16
714,124,244.0,19.0,64.0,32.0,1,4,0,4
715,5,1208.0,2951.0,9.0,10.0,1,684,0,686
715,123,7.0,19.0,13.0,32.0,0,9,7,17
715,124,197.0,19.0,57.0,33.0,1,5,0,5
716,5,1202.0,2951.0,9.0,8.0,1,685,0,687
716,123,7.0,19.0,13.0,32.0,0,9,8,18
716,124,138.0,19.0,61.0,33.0,1,6,0,6
717,5,1197.0,2949.0,9.0,8.0,1,686,0,688
717,123,7.0,19.0,13.0,32.0,0,9,9,19
717,124,138.0,19.0,61.0,33.0,0,6,1,7
718,5,1192.0,2947.0,7.0,8.0,1,687,0,689
718,123,7.0,19.0,13.0,32.0,0,9,10,20
718,124,37.0,19.0,55.0,33.0,1,7,0,8
719,5,1187.0,2947.0,6.0,5.0,1,688,0,690
719,123,7.0,19.0,13.0,32.0,0,9,11,21
719,124,37.0,19.0,55.0,33.0,0,7,1,9
720,5,1183.0,2944.0,6.0,5.0,1,689,0,691
720,123,7.0,19.0,13.0,32.0,0,9,12,22
720,124,37.0,19.0,55.0,33.0,0,7,2,10
721,5,1178.0,2943.0,6.0,4.0,1,690,0,692
721,123,7.0,19.0,13.0,32.0,0,9,13,23
721,124,37.0,19.0,55.0,33.0,0,7,3,11
721,126,736.0,3087.0,107.0,286.0,1,3,0,3
722,5,1173.0,2941.0,6.0,5.0,1,691,0,693
722,123,7.0,19.0,13.0,32.0,0,9,14,24
722,124,37.0,19.0,55.0,33.0,0,7,4,12
722,126,736.0,3087.0,107.0,286.0,0,3,1,4
723,5,1168.0,2939.0,7.0,5.0,1,692,0,694
723,124,37.0,19.0,55.0,33.0,0,7,5,13
723,126,736.0,3087.0,107.0,286.0,0,3,2,5
724,5,1164.0,2938.0,7.0,5.0,1,693,0,695
724,124,37.0,19.0,55.0,33.0,0,7,6,14
724,126,736.0,3087.0,107.0,286.0,0,3,3,6
725,5,1159.0,2937.0,7.0,4.0,1,694,0,696
725,124,37.0,19.0,55.0,33.0,0,7,7,15
725,126,736.0,3087.0,107.0,286.0,0,3,4,7
725,128,376.0,18.0,59.0,35.0,1,3,0,3
726,5,1154.0,2935.0,7.0,4.0,1,695,0,697
726,124,37.0,19.0,55.0,33.0,0,7,8,16
726,126,736.0,3087.0,107.0,286.0,0,3,5,8
726,128,347.0,19.0,61.0,34.0,1,4,0,4
727,5,1151.0,2934.0,5.0,4.0,1,696,0,698
727,124,37.0,19.0,55.0,33.0,0,7,9,17
727,126,721.0,3012.0,153.0,302.0,1,4,0,9
727,128,314.0,19.0,64.0,34.0,1,5,0,5
728,5,1146.0,2932.0,6.0,5.0,1,697,0,699
728,124,37.0,19.0,55.0,33.0,0,7,10,18
728,126,735.0,3021.0,145.0,282.0,1,5,0,10
728,128,278.0,19.0,61.0,34.0,1,6,0,6
729,5,1141.0,2931.0,6.0,4.0,1,698,0,700
729,124,37.0,19.0,55.0,33.0,0,7,11,19
729,126,735.0,3021.0,145.0,282.0,0,5,1,11
729,128,234.0,19.0,57.0,34.0,1,7,0,7
730,5,1137.0,2930.0,6.0,4.0,1,699,0,701
730,124,37.0,19.0,55.0,33.0,0,7,12,20
730,126,735.0,3021.0,145.0,282.0,0,5,2,12
730,128,185.0,19.0,64.0,33.0,1,8,0,8
731,5,1132.0,2929.0,7.0,4.0,1,700,0,702
731,124,37.0,19.0,55.0,33.0,0,7,13,21
731,126,735.0,3021.0,145.0,282.0,0,5,3,13
731,128,137.0,19.0,62.0,33.0,1,9,0,9
732,5,1129.0,2927.0,7.0,5.0,1,701,0,703
732,124,37.0,19.0,55.0,33.0,0,7,14,22
732,126,735.0,3021.0,145.0,282.0,0,5,4,14
732,128,85.0,19.0,56.0,33.0,1,10,0,10
733,5,1124.0,2926.0,7.0,4.0,1,702,0,704
733,126,735.0,3021.0,145.0,282.0,0,5,5,15
733,128,31.0,19.0,61.0,33.0,1,11,0,11
734,5,1120.0,2925.0,7.0,4.0,1,703,0,705
734,126,735.0,3021.0,145.0,282.0,0,5,6,16
734,128,31.0,19.0,61.0,33.0,0,11,1,12
735,5,1116.0,2924.0,7.0,4.0,1,704,0,706
735,126,735.0,3021.0,145.0,282.0,0,5,7,17
735,128,31.0,19.0,61.0,33.0,0,11,2,13
736,5,1112.0,2922.0,8.0,5.0,1,705,0,707
736,126,735.0,3021.0,145.0,282.0,0,5,8,18
736,128,31.0,19.0,61.0,33.0,0,11,3,14
737,5,1108.0,2922.0,7.0,4.0,1,706,0,708
737,126,735.0,3021.0,145.0,282.0,0,5,9,19
737,128,31.0,19.0,61.0,33.0,0,11,4,15
738,5,1103.0,2921.0,8.0,4.0,1,707,0,709
738,126,735.0,3021.0,145.0,282.0,0,5,10,20
738,128,31.0,19.0,61.0,33.0,0,11,5,16
739,5,1099.0,2920.0,9.0,4.0,1,708,0,710
739,126,735.0,3021.0,145.0,282.0,0,5,11,21
739,128,31.0,19.0,61.0,33.0,0,11,6,17
740,5,1096.0,2919.0,8.0,4.0,1,709,0,711
740,126,735.0,3021.0,145.0,282.0,0,5,12,22
740,128,31.0,19.0,61.0,33.0,0,11,7,18
741,5,1092.0,2918.0,9.0,4.0,1,710,0,712
741,126,735.0,3021.0,145.0,282.0,0,5,13,23
741,128,31.0,19.0,61.0,33.0,0,11,8,19
742,5,1088.0,2917.0,9.0,5.0,1,711,0,713
742,126,735.0,3021.0,145.0,282.0,0,5,14,24
742,128,31.0,19.0,61.0,33.0,0,11,9,20
743,5,1084.0,2916.0,10.0,5.0,1,712,0,714
743,128,31.0,19.0,61.0,33.0,0,11,10,21
744,5,1081.0,2916.0,9.0,5.0,1,713,0,715
744,128,31.0,19.0,61.0,33.0,0,11,11,22
745,5,1077.0,2915.0,9.0,5.0,1,714,0,716
745,128,31.0,19.0,61.0,33.0,0,11,12,23
746,5,1073.0,2915.0,32.0,8.0,1,715,0,717
746,128,31.0,19.0,61.0,33.0,0,11,13,24
747,5,1070.0,2913.0,8.0,5.0,1,716,0,718
747,128,31.0,19.0,61.0,33.0,0,11,14,25
748,5,1065.0,2914.0,10.0,4.0,1,717,0,719
749,5,1062.0,2913.0,9.0,4.0,1,718,0,720
750,5,1059.0,2912.0,9.0,5.0,1,719,0,721
750,129,376.0,19.0,62.0,34.0,1,3,0,3
751,5,1055.0,2912.0,9.0,4.0,1,720,0,722
751,129,347.0,19.0,64.0,34.0,1,4,0,4
752,5,1052.0,2911.0,9.0,5.0,1,721,0,723
752,129,316.0,19.0,64.0,34.0,1,5,0,5
753,5,1049.0,2911.0,7.0,4.0,1,722,0,724
753,129,278.0,19.0,64.0,34.0,1,6,0,6
754,5,1045.0,2911.0,7.0,4.0,1,723,0,725
754,129,236.0,19.0,55.0,34.0,1,7,0,7
755,5,1041.0,2910.0,9.0,4.0,1,724,0,726
755,129,187.0,19.0,64.0,33.0,1,8,0,8
756,5,1039.0,2909.0,8.0,5.0,1,725,0,727
756,129,139.0,19.0,60.0,33.0,1,9,0,9
757,5,1035.0,2909.0,8.0,5.0,1,726,0,728
757,129,87.0,19.0,64.0,33.0,1,10,0,10
758,5,1031.0,2908.0,8.0,5.0,1,727,0,729
758,129,33.0,19.0,59.0,33.0,1,11,0,11
759,5,1028.0,2908.0,8.0,5.0,1,728,0,730
759,129,33.0,19.0,59.0,33.0,0,11,1,12
760,5,1025.0,2908.0,8.0,4.0,1,729,0,731
760,129,33.0,19.0,59.0,33.0,0,11,2,13
761,5,1021.0,2907.0,9.0,5.0,1,730,0,732
761,129,33.0,19.0,59.0,33.0,0,11,3,14
762,5,1018.0,2907.0,8.0,5.0,1,731,0,733
762,129,33.0,19.0,59.0,33.0,0,11,4,15
763,5,1015.0,2906.0,8.0,5.0,1,732,0,734
763,129,33.0,19.0,59.0,33.0,0,11,5,16
764,5,1011.0,2906.0,8.0,4.0,1,733,0,735
764,129,33.0,19.0,59.0,33.0,0,11,6,17
765,5,1008.0,2906.0,10.0,5.0,1,734,0,736
765,129,33.0,19.0,59.0,33.0,0,11,7,18
766,5,1005.0,2905.0,10.0,5.0,1,735,0,737
766,129,33.0,19.0,59.0,33.0,0,11,8,19
767,5,1002.0,2905.0,6.0,4.0,1,736,0,738
767,129,33.0,19.0,59.0,33.0,0,11,9,20
768,5,999.0,2905.0,6.0,4.0,1,737,0,739
768,129,33.0,19.0,59.0,33.0,0,11,10,21
769,5,995.0,2904.0,8.0,5.0,1,738,0,740
769,129,33.0,19.0,59.0,33.0,0,11,11,22
770,5,992.0,2904.0,8.0,5.0,1,739,0,741
770,129,33.0,19.0,59.0,33.0,0,11,12,23
771,5,989.0,2904.0,7.0,5.0,1,740,0,742
771,129,33.0,19.0,59.0,33.0,0,11,13,24
772,5,986.0,2904.0,8.0,5.0,1,741,0,743
772,129,33.0,19.0,59.0,33.0,0,11,14,25
773,5,983.0,2903.0,8.0,5.0,1,742,0,744
774,5,979.0,2904.0,9.0,5.0,1,743,0,745
775,5,977.0,2903.0,9.0,5.0,1,744,0,746
775,130,366.0,19.0,64.0,34.0,1,3,0,3
776,5,973.0,2903.0,9.0,5.0,1,745,0,747
776,130,337.0,19.0,61.0,34.0,1,4,0,4
777,5,970.0,2904.0,10.0,4.0,1,746,0,748
777,130,304.0,19.0,54.0,34.0,1,5,0,5
778,5,967.0,2903.0,11.0,5.0,1,747,0,749
778,130,252.0,19.0,64.0,34.0,1,6,0,6
779,5,965.0,2903.0,11.0,5.0,1,748,0,750
779,130,203.0,19.0,51.0,33.0,1,7,0,7
780,5,962.0,2903.0,10.0,5.0,1,749,0,751
780,130,147.0,19.0,59.0,33.0,1,8,0,8
781,5,959.0,2903.0,10.0,5.0,1,750,0,752
781,130,85.0,19.0,56.0,33.0,1,9,0,9
782,5,956.0,2903.0,10.0,5.0,1,751,0,753
782,130,31.0,19.0,53.0,33.0,1,10,0,10
783,5,953.0,2903.0,9.0,5.0,1,752,0,754
783,130,31.0,19.0,53.0,33.0,0,10,1,11
784,5,950.0,2903.0,9.0,6.0,1,753,0,755
784,130,31.0,19.0,53.0,33.0,0,10,2,12
785,5,947.0,2903.0,10.0,6.0,1,754,0,756
785,130,31.0,19.0,53.0,33.0,0,10,3,13
786,5,942.0,2904.0,12.0,10.0,1,755,0,757
786,130,31.0,19.0,53.0,33.0,0,10,4,14
786,132,766.0,3105.0,90.0,222.0,1,3,0,3
787,5,942.0,2904.0,6.0,5.0,1,756,0,758
787,130,31.0,19.0,53.0,33.0,0,10,5,15
787,132,766.0,3105.0,90.0,222.0,0,3,1,4
788,5,939.0,2898.0,6.0,10.0,1,757,0,759
788,130,31.0,19.0,53.0,33.0,0,10,6,16
788,132,752.0,3070.0,114.0,238.0,1,4,0,5
789,5,935.0,2899.0,7.0,11.0,1,758,0,760
789,130,31.0,19.0,53.0,33.0,0,10,7,17
789,132,752.0,3070.0,114.0,238.0,0,4,1,6
790,5,933.0,2905.0,6.0,9.0,1,759,0,761
790,130,31.0,19.0,53.0,33.0,0,10,8,18
790,132,766.0,3080.0,110.0,207.0,1,5,0,7
791,5,928.0,2903.0,10.0,10.0,1,760,0,762
791,130,31.0,19.0,53.0,33.0,0,10,9,19
791,132,766.0,3080.0,110.0,207.0,0,5,1,8
792,5,927.0,2903.0,8.0,8.0,1,761,0,763
792,130,31.0,19.0,53.0,33.0,0,10,10,20
792,132,766.0,3080.0,110.0,207.0,0,5,2,9
793,5,922.0,2901.0,8.0,9.0,1,762,0,764
793,130,31.0,19.0,53.0,33.0,0,10,11,21
793,132,766.0,3080.0,110.0,207.0,0,5,3,10
794,5,920.0,2906.0,9.0,7.0,1,763,0,765
794,130,31.0,19.0,53.0,33.0,0,10,12,22
794,132,770.0,3016.0,53.0,70.0,1,6,0,11
795,5,915.0,2906.0,7.0,10.0,1,764,0,766
795,130,31.0,19.0,53.0,33.0,0,10,13,23
795,132,770.0,3016.0,53.0,70.0,0,6,1,12
796,5,912.0,2903.0,9.0,9.0,1,765,0,767
796,130,31.0,19.0,53.0,33.0,0,10,14,24
796,132,770.0,3016.0,53.0,70.0,0,6,2,13
797,5,908.0,2900.0,11.0,12.0,1,766,0,768
797,132,770.0,3016.0,53.0,70.0,0,6,3,14
798,5,903.0,2904.0,9.0,6.0,1,767,0,769
798,132,770.0,3016.0,53.0,70.0,0,6,4,15
799,5,899.0,2902.0,10.0,10.0,1,768,0,770
799,132,770.0,3016.0,53.0,70.0,0,6,5,16
800,5,897.0,2903.0,7.0,5.0,1,769,0,771
800,132,770.0,3016.0,53.0,70.0,0,6,6,17
800,134,406.0,19.0,59.0,25.0,1,3,0,3
801,5,890.0,2897.0,14.0,12.0,1,770,0,772
801,132,770.0,3016.0,53.0,70.0,0,6,7,18
801,134,393.0,19.0,64.0,34.0,1,4,0,4
802,5,889.0,2902.0,7.0,4.0,1,771,0,773
802,132,770.0,3016.0,53.0,70.0,0,6,8,19
802,134,368.0,19.0,64.0,34.0,1,5,0,5
803,5,884.0,2901.0,8.0,9.0,1,772,0,774
803,132,770.0,3016.0,53.0,70.0,0,6,9,20
803,134,340.0,19.0,58.0,34.0,1,6,0,6
804,5,881.0,2898.0,8.0,7.0,1,773,0,775
804,132,770.0,3016.0,53.0,70.0,0,6,10,21
804,134,304.0,19.0,64.0,34.0,1,7,0,7
805,5,877.0,2891.0,7.0,11.0,1,774,0,776
805,132,770.0,3016.0,53.0,70.0,0,6,11,22
805,134,304.0,19.0,64.0,34.0,0,7,1,8
806,5,871.0,2894.0,10.0,11.0,1,775,0,777
806,132,770.0,3016.0,53.0,70.0,0,6,12,23
806,134,244.0,19.0,64.0,34.0,1,8,0,9
807,5,866.0,2894.0,11.0,11.0,1,776,0,778
807,132,770.0,3016.0,53.0,70.0,0,6,13,24
807,134,203.0,19.0,51.0,33.0,1,9,0,10
808,5,863.0,2892.0,9.0,7.0,1,777,0,779
808,132,770.0,3016.0,53.0,70.0,0,6,14,25
808,134,155.0,19.0,64.0,33.0,1,10,0,11
809,5,860.0,2886.0,8.0,10.0,1,778,0,780
809,134,110.0,19.0,60.0,33.0,1,11,0,12
810,5,855.0,2887.0,8.0,8.0,1,779,0,781
810,134,110.0,19.0,60.0,33.0,0,11,1,13
811,5,846.0,2886.0,13.0,11.0,1,780,0,782
811,134,31.0,19.0,61.0,33.0,1,12,0,14
812,5,846.0,2887.0,10.0,6.0,1,781,0,783
812,134,31.0,19.0,61.0,33.0,0,12,1,15
813,5,842.0,2882.0,9.0,7.0,1,782,0,784
813,134,31.0,19.0,61.0,33.0,0,12,2,16
814,5,838.0,2875.0,8.0,11.0,1,783,0,785
814,134,31.0,19.0,61.0,33.0,0,12,3,17
815,5,832.0,2881.0,8.0,5.0,1,784,0,786
815,134,31.0,19.0,61.0,33.0,0,12,4,18
816,5,828.0,2879.0,8.0,9.0,1,785,0,787
816,134,31.0,19.0,61.0,33.0,0,12,5,19
817,5,824.0,2875.0,8.0,5.0,1,786,0,788
817,134,31.0,19.0,61.0,33.0,0,12,6,20
818,5,820.0,2867.0,8.0,14.0,1,787,0,789
818,134,31.0,19.0,61.0,33.0,0,12,7,21
819,5,813.0,2870.0,12.0,9.0,1,788,0,790
819,134,31.0,19.0,61.0,33.0,0,12,8,22
820,5,809.0,2871.0,9.0,7.0,1,789,0,791
820,134,31.0,19.0,61.0,33.0,0,12,9,23
821,5,802.0,2867.0,13.0,8.0,1,790,0,792
821,134,31.0,19.0,61.0,33.0,0,12,10,24
822,5,801.0,2863.0,12.0,8.0,1,791,0,793
822,134,31.0,19.0,61.0,33.0,0,12,11,25
823,5,796.0,2857.0,8.0,10.0,1,792,0,794
823,134,31.0,19.0,61.0,33.0,0,12,12,26
824,5,793.0,2860.0,7.0,5.0,1,793,0,795
824,134,31.0,19.0,61.0,33.0,0,12,13,27
825,5,787.0,2858.0,12.0,8.0,1,794,0,796
825,134,31.0,19.0,61.0,33.0,0,12,14,28
825,136,392.0,19.0,64.0,27.0,1,3,0,3
826,5,782.0,2854.0,11.0,8.0,1,795,0,797
826,136,377.0,19.0,64.0,34.0,1,4,0,4
827,5,778.0,2850.0,10.0,9.0,1,796,0,798
827,136,348.0,19.0,64.0,34.0,1,5,0,5
828,5,773.0,2845.0,10.0,11.0,1,797,0,799
828,136,315.0,19.0,64.0,34.0,1,6,0,6
829,5,766.0,2846.0,11.0,10.0,1,798,0,800
829,136,278.0,19.0,63.0,34.0,1,7,0,7
830,5,762.0,2846.0,7.0,7.0,1,799,0,801
830,136,236.0,19.0,55.0,34.0,1,8,0,8
831,5,758.0,2843.0,9.0,5.0,1,800,0,802
831,136,188.0,19.0,64.0,34.0,1,9,0,9
832,5,750.0,2834.0,12.0,13.0,1,801,0,803
832,136,140.0,19.0,59.0,33.0,1,10,0,10
833,5,747.0,2833.0,11.0,13.0,1,802,0,804
833,136,88.0,19.0,64.0,33.0,1,11,0,11
834,5,741.0,2837.0,11.0,10.0,1,803,0,805
834,136,35.0,19.0,57.0,33.0,1,12,0,12
835,5,737.0,2835.0,10.0,7.0,1,804,0,806
835,136,35.0,19.0,57.0,33.0,0,12,1,13
836,5,733.0,2831.0,9.0,6.0,1,805,0,807
836,136,35.0,19.0,57.0,33.0,0,12,2,14
837,5,727.0,2825.0,12.0,13.0,1,806,0,808
837,136,35.0,19.0,57.0,33.0,0,12,3,15
837,137,281.0,19.0,60.0,33.0,1,3,0,3
838,5,721.0,2825.0,9.0,7.0,1,807,0,809
838,136,35.0,19.0,57.0,33.0,0,12,4,16
838,137,244.0,19.0,64.0,32.0,1,4,0,4
839,5,714.0,2695.0,161.0,360.0,1,808,0,810
839,136,35.0,19.0,57.0,33.0,0,12,5,17
839,137,197.0,19.0,57.0,33.0,1,5,0,5
840,5,710.0,2823.0,11.0,8.0,1,809,0,811
840,136,35.0,19.0,57.0,33.0,0,12,6,18
840,137,138.0,19.0,61.0,33.0,1,6,0,6
841,5,706.0,2819.0,10.0,6.0,1,810,0,812
841,136,35.0,19.0,57.0,33.0,0,12,7,19
841,137,138.0,19.0,61.0,33.0,0,6,1,7
842,5,701.0,2814.0,9.0,11.0,1,811,0,813
842,136,35.0,19.0,57.0,33.0,0,12,8,20
842,137,37.0,19.0,55.0,33.0,1,7,0,8
843,5,695.0,2814.0,9.0,8.0,1,812,0,814
843,136,35.0,19.0,57.0,33.0,0,12,9,21
843,137,37.0,19.0,55.0,33.0,0,7,1,9
844,5,691.0,2814.0,9.0,10.0,1,813,0,815
844,136,35.0,19.0,57.0,33.0,0,12,10,22
844,137,37.0,19.0,55.0,33.0,0,7,2,10
845,5,686.0,2813.0,6.0,5.0,1,814,0,816
845,136,35.0,19.0,57.0,33.0,0,12,11,23
845,137,37.0,19.0,55.0,33.0,0,7,3,11
846,5,680.0,2808.0,9.0,9.0,1,815,0,817
846,136,35.0,19.0,57.0,33.0,0,12,12,24
846,137,37.0,19.0,55.0,33.0,0,7,4,12
847,5,675.0,2805.0,9.0,9.0,1,816,0,818
847,136,35.0,19.0,57.0,33.0,0,12,13,25
847,137,37.0,19.0,55.0,33.0,0,7,5,13
848,5,666.0,2807.0,11.0,9.0,1,817,0,819
848,136,35.0,19.0,57.0,33.0,0,12,14,26
848,137,37.0,19.0,55.0,33.0,0,7,6,14
848,140,735.0,3073.0,110.0,297.0,1,3,0,3
849,5,664.0,2802.0,6.0,11.0,1,818,0,820
849,137,37.0,19.0,55.0,33.0,0,7,7,15
849,140,735.0,3073.0,110.0,297.0,0,3,1,4
850,5,659.0,2802.0,5.0,4.0,1,819,0,821
850,137,37.0,19.0,55.0,33.0,0,7,8,16
850,140,735.0,3073.0,110.0,297.0,0,3,2,5
850,142,392.0,19.0,64.0,14.0,1,3,0,3
851,5,651.0,2799.0,9.0,5.0,1,820,0,822
851,137,37.0,19.0,55.0,33.0,0,7,9,17
851,140,735.0,3073.0,110.0,297.0,0,3,3,6
851,142,386.0,19.0,59.0,34.0,1,4,0,4
852,5,648.0,2795.0,6.0,8.0,1,821,0,823
852,137,37.0,19.0,55.0,33.0,0,7,10,18
852,140,735.0,3073.0,110.0,297.0,0,3,4,7
852,142,355.0,19.0,59.0,34.0,1,5,0,5
853,5,642.0,2797.0,8.0,6.0,1,822,0,824
853,137,37.0,19.0,55.0,33.0,0,7,11,19
853,140,735.0,3073.0,110.0,297.0,0,3,5,8
853,142,324.0,19.0,64.0,34.0,1,6,0,6
854,5,635.0,2795.0,10.0,10.0,1,823,0,825
854,137,37.0,19.0,55.0,33.0,0,7,12,20
854,140,766.0,3078.0,114.0,203.0,1,4,0,9
854,142,288.0,19.0,64.0,34.0,1,7,0,7
855,5,631.0,2793.0,9.0,5.0,1,824,0,826
855,137,37.0,19.0,55.0,33.0,0,7,13,21
855,140,766.0,3074.0,117.0,197.0,1,5,0,10
855,142,248.0,19.0,64.0,33.0,1,8,0,8
856,5,627.0,2789.0,8.0,6.0,1,825,0,827
856,137,37.0,19.0,55.0,33.0,0,7,14,22
856,140,766.0,3051.0,122.0,208.0,1,6,0,11
856,142,206.0,19.0,48.0,34.0,1,9,0,9
857,5,618.0,2786.0,12.0,10.0,1,826,0,828
857,140,766.0,3051.0,122.0,208.0,0,6,1,12
857,142,154.0,19.0,64.0,34.0,1,10,0,10
858,5,614.0,2786.0,11.0,10.0,1,827,0,829
858,140,766.0,3051.0,122.0,208.0,0,6,2,13
858,142,154.0,19.0,64.0,34.0,0,10,1,11
859,5,611.0,2786.0,5.0,4.0,1,828,0,830
859,140,766.0,3051.0,122.0,208.0,0,6,3,14
859,142,154.0,19.0,64.0,34.0,0,10,2,12
860,5,605.0,2785.0,9.0,5.0,1,829,0,831
860,140,766.0,3051.0,122.0,208.0,0,6,4,15
860,142,38.0,19.0,54.0,34.0,1,11,0,13
861,5,600.0,2784.0,9.0,4.0,1,830,0,832
861,140,766.0,3051.0,122.0,208.0,0,6,5,16
861,142,38.0,19.0,54.0,34.0,0,11,1,14
862,5,595.0,2783.0,9.0,4.0,1,831,0,833
862,140,766.0,3051.0,122.0,208.0,0,6,6,17
862,142,38.0,19.0,54.0,34.0,0,11,2,15
863,5,590.0,2781.0,11.0,5.0,1,832,0,834
863,140,766.0,3051.0,122.0,208.0,0,6,7,18
863,142,38.0,19.0,54.0,34.0,0,11,3,16
864,5,584.0,2779.0,11.0,6.0,1,833,0,835
864,140,766.0,3051.0,122.0,208.0,0,6,8,19
864,142,38.0,19.0,54.0,34.0,0,11,4,17
865,5,579.0,2777.0,11.0,7.0,1,834,0,836
865,140,766.0,3051.0,122.0,208.0,0,6,9,20
865,142,38.0,19.0,54.0,34.0,0,11,5,18
866,5,575.0,2777.0,9.0,5.0,1,835,0,837
866,140,766.0,3051.0,122.0,208.0,0,6,10,21
866,142,38.0,19.0,54.0,34.0,0,11,6,19
867,5,571.0,2776.0,8.0,5.0,1,836,0,838
867,140,766.0,3051.0,122.0,208.0,0,6,11,22
867,142,38.0,19.0,54.0,34.0,0,11,7,20
868,5,565.0,2775.0,9.0,4.0,1,837,0,839
868,140,766.0,3051.0,122.0,208.0,0,6,12,23
868,142,38.0,19.0,54.0,34.0,0,11,8,21
869,5,561.0,2774.0,32.0,12.0,1,838,0,840
869,140,766.0,3051.0,122.0,208.0,0,6,13,24
869,142,38.0,19.0,54.0,34.0,0,11,9,22
870,5,555.0,2773.0,38.0,13.0,1,839,0,841
870,140,766.0,3051.0,122.0,208.0,0,6,14,25
870,142,38.0,19.0,54.0,34.0,0,11,10,23
871,5,550.0,2773.0,10.0,5.0,1,840,0,842
871,142,38.0,19.0,54.0,34.0,0,11,11,24
872,5,546.0,2771.0,10.0,5.0,1,841,0,843
872,142,38.0,19.0,54.0,34.0,0,11,12,25
873,5,541.0,2770.0,9.0,5.0,1,842,0,844
873,142,38.0,19.0,54.0,34.0,0,11,13,26
874,5,537.0,2769.0,7.0,4.0,1,843,0,845
874,142,38.0,19.0,54.0,34.0,0,11,14,27
875,5,533.0,2768.0,7.0,5.0,1,844,0,846
875,144,389.0,19.0,64.0,14.0,1,3,0,3
876,5,528.0,2767.0,8.0,5.0,1,845,0,847
876,144,382.0,19.0,63.0,34.0,1,4,0,4
877,5,523.0,2766.0,8.0,4.0,1,846,0,848
877,144,354.0,19.0,60.0,34.0,1,5,0,5
878,5,519.0,2765.0,9.0,5.0,1,847,0,849
878,144,322.0,19.0,64.0,34.0,1,6,0,6
879,5,514.0,2764.0,10.0,5.0,1,848,0,850
879,144,285.0,19.0,64.0,34.0,1,7,0,7
880,5,511.0,2763.0,9.0,5.0,1,849,0,851
880,144,245.0,19.0,64.0,33.0,1,8,0,8
881,5,506.0,2762.0,10.0,5.0,1,850,0,852
881,144,204.0,19.0,50.0,34.0,1,9,0,9
882,5,503.0,2761.0,9.0,5.0,1,851,0,853
882,144,152.0,19.0,64.0,34.0,1,10,0,10
883,5,498.0,2760.0,10.0,5.0,1,852,0,854
883,144,105.0,19.0,62.0,34.0,1,11,0,11
884,5,493.0,2759.0,10.0,5.0,1,853,0,855
884,144,105.0,19.0,62.0,34.0,0,11,1,12
885,5,490.0,2757.0,9.0,5.0,1,854,0,856
885,144,16.0,19.0,53.0,34.0,1,12,0,13
886,5,485.0,2756.0,9.0,4.0,1,855,0,857
886,144,16.0,19.0,53.0,34.0,0,12,1,14
887,5,481.0,2755.0,11.0,5.0,1,856,0,858
887,144,16.0,19.0,53.0,34.0,0,12,2,15
888,5,479.0,2754.0,7.0,4.0,1,857,0,859
888,144,16.0,19.0,53.0,34.0,0,12,3,16
889,5,473.0,2752.0,10.0,5.0,1,858,0,860
889,144,16.0,19.0,53.0,34.0,0,12,4,17
890,5,470.0,2751.0,9.0,5.0,1,859,0,861
890,144,16.0,19.0,53.0,34.0,0,12,5,18
891,5,466.0,2750.0,9.0,5.0,1,860,0,862
891,144,16.0,19.0,53.0,34.0,0,12,6,19
892,5,463.0,2749.0,9.0,5.0,1,861,0,863
892,144,16.0,19.0,53.0,34.0,0,12,7,20
893,5,459.0,2748.0,9.0,5.0,1,862,0,864
893,144,16.0,19.0,53.0,34.0,0,12,8,21
894,5,455.0,2746.0,7.0,5.0,1,863,0,865
894,144,16.0,19.0,53.0,34.0,0,12,9,22
895,5,451.0,2745.0,9.0,5.0,1,864,0,866
895,144,16.0,19.0,53.0,34.0,0,12,10,23
896,5,448.0,2744.0,8.0,4.0,1,865,0,867
896,144,16.0,19.0,53.0,34.0,0,12,11,24
897,5,444.0,2743.0,12.0,7.0,1,866,0,868
897,144,16.0,19.0,53.0,34.0,0,12,12,25
898,5,441.0,2742.0,12.0,5.0,1,867,0,869
898,144,16.0,19.0,53.0,34.0,0,12,13,26
899,5,437.0,2741.0,11.0,5.0,1,868,0,870
899,144,16.0,19.0,53.0,34.0,0,12,14,27
899,145,366.0,19.0,64.0,34.0,1,3,0,3
900,5,436.0,2741.0,10.0,4.0,1,869,0,871
900,145,337.0,19.0,61.0,34.0,1,4,0,4
901,5,431.0,2740.0,11.0,4.0,1,870,0,872
901,145,304.0,19.0,54.0,34.0,1,5,0,5
901,146,388.0,19.0,64.0,33.0,1,3,0,3
902,5,427.0,2739.0,10.0,5.0,1,871,0,873
902,145,252.0,19.0,64.0,34.0,1,6,0,6
902,146,364.0,19.0,64.0,33.0,1,4,0,4
903,5,424.0,2738.0,12.0,5.0,1,872,0,874
903,145,203.0,19.0,51.0,33.0,1,7,0,7
903,146,335.0,19.0,63.0,33.0,1,5,0,5
904,5,422.0,2738.0,9.0,4.0,1,873,0,875
904,145,147.0,19.0,59.0,33.0,1,8,0,8
904,146,304.0,19.0,61.0,33.0,1,6,0,6
905,5,418.0,2737.0,11.0,5.0,1,874,0,876
905,145,85.0,19.0,56.0,33.0,1,9,0,9
905,146,278.0,19.0,48.0,33.0,1,7,0,7
906,5,415.0,2737.0,9.0,4.0,1,875,0,877
906,145,31.0,19.0,53.0,33.0,1,10,0,10
906,146,233.0,19.0,58.0,33.0,1,8,0,8
907,5,412.0,2737.0,10.0,4.0,1,876,0,878
907,145,31.0,19.0,53.0,33.0,0,10,1,11
907,146,188.0,19.0,64.0,33.0,1,9,0,9
908,5,409.0,2736.0,10.0,5.0,1,877,0,879
908,145,31.0,19.0,53.0,33.0,0,10,2,12
908,146,147.0,19.0,61.0,33.0,1,10,0,10
909,5,406.0,2737.0,9.0,6.0,1,878,0,880
909,145,31.0,19.0,53.0,33.0,0,10,3,13
909,146,105.0,19.0,58.0,33.0,1,11,0,11
910,5,403.0,2736.0,11.0,5.0,1,879,0,881
910,145,31.0,19.0,53.0,33.0,0,10,4,14
910,146,105.0,19.0,58.0,33.0,0,11,1,12
911,5,400.0,2737.0,9.0,6.0,1,880,0,882
911,145,31.0,19.0,53.0,33.0,0,10,5,15
911,146,31.0,19.0,52.0,33.0,1,12,0,13
912,5,397.0,2737.0,9.0,6.0,1,881,0,883
912,145,31.0,19.0,53.0,33.0,0,10,6,16
912,146,31.0,19.0,52.0,33.0,0,12,1,14
913,5,394.0,2736.0,8.0,7.0,1,882,0,884
913,145,31.0,19.0,53.0,33.0,0,10,7,17
913,146,31.0,19.0,52.0,33.0,0,12,2,15
913,150,766.0,3104.0,91.0,222.0,1,3,0,3
914,5,391.0,2738.0,6.0,4.0,1,883,0,885
914,145,31.0,19.0,53.0,33.0,0,10,8,18
914,146,31.0,19.0,52.0,33.0,0,12,3,16
914,150,766.0,3104.0,91.0,222.0,0,3,1,4
915,5,388.0,2738.0,7.0,4.0,1,884,0,886
915,145,31.0,19.0,53.0,33.0,0,10,9,19
915,146,31.0,19.0,52.0,33.0,0,12,4,17
915,150,766.0,3091.0,100.0,215.0,1,4,0,5
916,5,385.0,2738.0,8.0,5.0,1,885,0,887
916,145,31.0,19.0,53.0,33.0,0,10,10,20
916,146,31.0,19.0,52.0,33.0,0,12,5,18
916,150,766.0,3091.0,100.0,215.0,0,4,1,6
917,5,381.0,2738.0,9.0,5.0,1,886,0,888
917,145,31.0,19.0,53.0,33.0,0,10,11,21
917,146,31.0,19.0,52.0,33.0,0,12,6,19
917,150,766.0,3091.0,100.0,215.0,0,4,2,7
918,5,378.0,2738.0,8.0,6.0,1,887,0,889
918,145,31.0,19.0,53.0,33.0,0,10,12,22
918,146,31.0,19.0,52.0,33.0,0,12,7,20
918,150,766.0,3091.0,100.0,215.0,0,4,3,8
919,5,375.0,2739.0,11.0,6.0,1,888,0,890
919,145,31.0,19.0,53.0,33.0,0,10,13,23
919,146,31.0,19.0,52.0,33.0,0,12,8,21
919,150,767.0,3072.0,119.0,193.0,1,5,0,9
920,5,372.0,2740.0,11.0,6.0,1,889,0,891
920,145,31.0,19.0,53.0,33.0,0,10,14,24
920,146,31.0,19.0,52.0,33.0,0,12,9,22
920,150,767.0,3072.0,119.0,193.0,0,5,1,10
921,5,369.0,2741.0,7.0,6.0,1,890,0,892
921,146,31.0,19.0,52.0,33.0,0,12,10,23
921,150,767.0,3072.0,119.0,193.0,0,5,2,11
922,5,366.0,2741.0,11.0,7.0,1,891,0,893
922,146,31.0,19.0,52.0,33.0,0,12,11,24
922,150,767.0,3072.0,119.0,193.0,0,5,3,12
923,5,363.0,2742.0,6.0,7.0,1,892,0,894
923,146,31.0,19.0,52.0,33.0,0,12,12,25
923,150,767.0,3072.0,119.0,193.0,0,5,4,13
924,5,360.0,2743.0,6.0,7.0,1,893,0,895
924,146,31.0,19.0,52.0,33.0,0,12,13,26
924,150,767.0,3072.0,119.0,193.0,0,5,5,14
925,5,357.0,2743.0,8.0,8.0,1,894,0,896
925,146,31.0,19.0,52.0,33.0,0,12,14,27
925,150,767.0,3072.0,119.0,193.0,0,5,6,15
925,152,387.0,19.0,53.0,14.0,1,3,0,3
926,5,354.0,2745.0,7.0,7.0,1,895,0,897
926,150,767.0,3072.0,119.0,193.0,0,5,7,16
926,152,376.0,19.0,62.0,34.0,1,4,0,4
927,5,351.0,2746.0,7.0,7.0,1,896,0,898
927,150,767.0,3072.0,119.0,193.0,0,5,8,17
927,152,347.0,19.0,64.0,34.0,1,5,0,5
928,5,348.0,2747.0,6.0,8.0,1,897,0,899
928,150,767.0,3072.0,119.0,193.0,0,5,9,18
928,152,316.0,19.0,64.0,34.0,1,6,0,6
929,5,344.0,2748.0,7.0,8.0,1,898,0,900
929,150,767.0,3072.0,119.0,193.0,0,5,10,19
929,152,279.0,19.0,62.0,34.0,1,7,0,7
930,5,341.0,2749.0,8.0,8.0,1,899,0,901
930,150,767.0,3072.0,119.0,193.0,0,5,11,20
930,152,238.0,19.0,53.0,34.0,1,8,0,8
931,5,337.0,2751.0,8.0,7.0,1,900,0,902
931,150,767.0,3072.0,119.0,193.0,0,5,12,21
931,152,190.0,19.0,64.0,34.0,1,9,0,9
931,153,383.0,19.0,62.0,34.0,1,3,0,3
932,5,335.0,2752.0,7.0,8.0,1,901,0,903
932,150,767.0,3072.0,119.0,193.0,0,5,13,22
932,152,148.0,19.0,59.0,34.0,1,10,0,10
932,153,355.0,19.0,59.0,34.0,1,4,0,4
933,5,332.0,2753.0,7.0,8.0,1,902,0,904
933,150,767.0,3072.0,119.0,193.0,0,5,14,23
933,152,105.0,19.0,55.0,34.0,1,11,0,11
933,153,322.0,19.0,64.0,34.0,1,5,0,5
934,5,329.0,2754.0,8.0,8.0,1,903,0,905
934,152,48.0,19.0,64.0,33.0,1,12,0,12
934,153,284.0,19.0,57.0,34.0,1,6,0,6
935,5,326.0,2757.0,8.0,6.0,1,904,0,906
935,152,7.0,19.0,47.0,33.0,1,13,0,13
935,153,240.0,19.0,51.0,34.0,1,7,0,7
936,5,322.0,2758.0,10.0,7.0,1,905,0,907
936,152,7.0,19.0,47.0,33.0,0,13,1,14
936,153,190.0,19.0,64.0,33.0,1,8,0,8
937,5,319.0,2758.0,10.0,8.0,1,906,0,908
937,152,7.0,19.0,47.0,33.0,0,13,2,15
937,153,147.0,19.0,59.0,33.0,1,9,0,9
938,5,316.0,2760.0,10.0,8.0,1,907,0,909
938,152,7.0,19.0,47.0,33.0,0,13,3,16
938,153,105.0,19.0,52.0,33.0,1,10,0,10
939,5,313.0,2761.0,10.0,9.0,1,908,0,910
939,152,7.0,19.0,47.0,33.0,0,13,4,17
939,153,45.0,19.0,64.0,33.0,1,11,0,11
940,5,310.0,2763.0,12.0,8.0,1,909,0,911
940,152,7.0,19.0,47.0,33.0,0,13,5,18
940,153,7.0,19.0,47.0,33.0,1,12,0,12
941,5,307.0,2765.0,12.0,8.0,1,910,0,912
941,152,7.0,19.0,47.0,33.0,0,13,6,19
941,153,7.0,19.0,47.0,33.0,0,12,1,13
942,5,305.0,2767.0,11.0,7.0,1,911,0,913
942,152,7.0,19.0,47.0,33.0,0,13,7,20
942,153,7.0,19.0,47.0,33.0,0,12,2,14
943,5,301.0,2767.0,10.0,8.0,1,912,0,914
943,152,7.0,19.0,47.0,33.0,0,13,8,21
943,153,7.0,19.0,47.0,33.0,0,12,3,15
944,5,298.0,2769.0,13.0,7.0,1,913,0,915
944,152,7.0,19.0,47.0,33.0,0,13,9,22
944,153,7.0,19.0,47.0,33.0,0,12,4,16
945,5,296.0,2771.0,10.0,7.0,1,914,0,916
945,152,7.0,19.0,47.0,33.0,0,13,10,23
945,153,7.0,19.0,47.0,33.0,0,12,5,17
946,5,293.0,2772.0,11.0,7.0,1,915,0,917
946,152,7.0,19.0,47.0,33.0,0,13,11,24
946,153,7.0,19.0,47.0,33.0,0,12,6,18
947,5,290.0,2773.0,11.0,8.0,1,916,0,918
947,152,7.0,19.0,47.0,33.0,0,13,12,25
947,153,7.0,19.0,47.0,33.0,0,12,7,19
948,5,287.0,2775.0,11.0,8.0,1,917,0,919
948,152,7.0,19.0,47.0,33.0,0,13,13,26
948,153,7.0,19.0,47.0,33.0,0,12,8,20
949,5,285.0,2777.0,11.0,8.0,1,918,0,920
949,152,7.0,19.0,47.0,33.0,0,13,14,27
949,153,7.0,19.0,47.0,33.0,0,12,9,21
950,5,281.0,2778.0,12.0,9.0,1,919,0,921
950,153,7.0,19.0,47.0,33.0,0,12,10,22
950,154,339.0,19.0,59.0,34.0,1,3,0,3
951,5,279.0,2780.0,15.0,8.0,1,920,0,922
951,153,7.0,19.0,47.0,33.0,0,12,11,23
951,154,304.0,19.0,53.0,34.0,1,4,0,4
952,5,276.0,2782.0,12.0,7.0,1,921,0,923
952,153,7.0,19.0,47.0,33.0,0,12,12,24
952,154,251.0,19.0,64.0,34.0,1,5,0,5
953,5,275.0,2781.0,14.0,7.0,1,922,0,924
953,153,7.0,19.0,47.0,33.0,0,12,13,25
953,154,251.0,19.0,64.0,34.0,0,5,1,6
954,5,270.0,2779.0,15.0,9.0,1,923,0,925
954,153,7.0,19.0,47.0,33.0,0,12,14,26
954,154,161.0,19.0,64.0,34.0,1,6,0,7
955,5,270.0,2786.0,10.0,7.0,1,924,0,926
955,154,105.0,19.0,57.0,33.0,1,7,0,8
956,5,267.0,2787.0,10.0,9.0,1,925,0,927
956,154,39.0,19.0,53.0,33.0,1,8,0,9
957,5,265.0,2787.0,7.0,5.0,1,926,0,928
957,154,7.0,19.0,13.0,33.0,1,9,0,10
958,5,260.0,2783.0,13.0,10.0,1,927,0,929
958,154,7.0,19.0,13.0,33.0,0,9,1,11
959,5,253.0,2790.0,15.0,5.0,1,928,0,930
959,154,7.0,19.0,13.0,33.0,0,9,2,12
960,5,252.0,2791.0,13.0,9.0,1,929,0,931
960,154,7.0,19.0,13.0,33.0,0,9,3,13
961,5,251.0,2790.0,8.0,6.0,1,930,0,932
961,154,7.0,19.0,13.0,33.0,0,9,4,14
961,156,284.0,19.0,57.0,34.0,1,3,0,3
962,5,247.0,2787.0,10.0,10.0,1,931,0,933
962,154,7.0,19.0,13.0,33.0,0,9,5,15
962,156,234.0,19.0,57.0,34.0,1,4,0,4
963,5,238.0,2790.0,16.0,7.0,1,932,0,934
963,154,7.0,19.0,13.0,33.0,0,9,6,16
963,156,177.0,19.0,49.0,34.0,1,5,0,5
964,5,238.0,2794.0,9.0,6.0,1,933,0,935
964,154,7.0,19.0,13.0,33.0,0,9,7,17
964,156,105.0,19.0,60.0,34.0,1,6,0,6
965,5,235.0,2793.0,5.0,6.0,1,934,0,936
965,154,7.0,19.0,13.0,33.0,0,9,8,18
965,156,31.0,19.0,61.0,33.0,1,7,0,7
966,5,230.0,2791.0,10.0,10.0,1,935,0,937
966,154,7.0,19.0,13.0,33.0,0,9,9,19
966,156,31.0,19.0,61.0,33.0,0,7,1,8
967,5,222.0,2791.0,15.0,10.0,1,936,0,938
967,154,7.0,19.0,13.0,33.0,0,9,10,20
967,156,31.0,19.0,61.0,33.0,0,7,2,9
968,5,219.0,2795.0,13.0,9.0,1,937,0,939
968,154,7.0,19.0,13.0,33.0,0,9,11,21
968,156,31.0,19.0,61.0,33.0,0,7,3,10
969,5,214.0,2791.0,11.0,10.0,1,938,0,940
969,154,7.0,19.0,13.0,33.0,0,9,12,22
969,156,31.0,19.0,61.0,33.0,0,7,4,11
970,5,212.0,2791.0,10.0,7.0,1,939,0,941
970,154,7.0,19.0,13.0,33.0,0,9,13,23
970,156,31.0,19.0,61.0,33.0,0,7,5,12
971,5,205.0,2789.0,10.0,9.0,1,940,0,942
971,154,7.0,19.0,13.0,33.0,0,9,14,24
971,156,31.0,19.0,61.0,33.0,0,7,6,13
972,5,198.0,2790.0,12.0,10.0,1,941,0,943
972,156,31.0,19.0,61.0,33.0,0,7,7,14
973,5,196.0,2791.0,10.0,5.0,1,942,0,944
973,156,31.0,19.0,61.0,33.0,0,7,8,15
974,5,192.0,2787.0,8.0,6.0,1,943,0,945
974,156,31.0,19.0,61.0,33.0,0,7,9,16
975,5,182.0,2782.0,13.0,10.0,1,944,0,946
975,156,31.0,19.0,61.0,33.0,0,7,10,17
975,158,376.0,19.0,62.0,34.0,1,3,0,3
976,5,180.0,2788.0,8.0,6.0,1,945,0,947
976,156,31.0,19.0,61.0,33.0,0,7,11,18
976,158,347.0,19.0,64.0,34.0,1,4,0,4
976,159,734.0,3078.0,118.0,282.0,1,3,0,3
977,5,175.0,2786.0,12.0,6.0,1,946,0,948
977,156,31.0,19.0,61.0,33.0,0,7,12,19
977,158,316.0,19.0,64.0,34.0,1,5,0,5
977,159,764.0,3102.0,96.0,219.0,1,4,0,4
978,5,171.0,2781.0,8.0,8.0,1,947,0,949
978,156,31.0,19.0,61.0,33.0,0,7,13,20
978,158,278.0,19.0,64.0,34.0,1,6,0,6
978,159,764.0,3102.0,96.0,219.0,0,4,1,5
979,5,164.0,2778.0,10.0,9.0,1,948,0,950
979,156,31.0,19.0,61.0,33.0,0,7,14,21
979,158,236.0,19.0,55.0,34.0,1,7,0,7
979,159,764.0,3102.0,96.0,219.0,0,4,2,6
980,5,156.0,2781.0,13.0,7.0,1,949,0,951
980,158,187.0,19.0,64.0,33.0,1,8,0,8
980,159,766.0,3083.0,110.0,207.0,1,5,0,7
981,5,153.0,2778.0,10.0,6.0,1,950,0,952
981,158,139.0,19.0,60.0,33.0,1,9,0,9
981,159,766.0,3070.0,114.0,210.0,1,6,0,8
982,5,149.0,2774.0,10.0,6.0,1,951,0,953
982,158,87.0,19.0,64.0,33.0,1,10,0,10
982,159,766.0,3070.0,114.0,210.0,0,6,1,9
983,5,143.0,2768.0,10.0,9.0,1,952,0,954
983,158,33.0,19.0,59.0,33.0,1,11,0,11
983,159,766.0,3070.0,114.0,210.0,0,6,2,10
984,5,135.0,2771.0,11.0,6.0,1,953,0,955
984,158,33.0,19.0,59.0,33.0,0,11,1,12
984,159,766.0,3070.0,114.0,210.0,0,6,3,11
985,5,131.0,2766.0,9.0,10.0,1,954,0,956
985,158,33.0,19.0,59.0,33.0,0,11,2,13
985,159,766.0,3070.0,114.0,210.0,0,6,4,12
986,5,127.0,2765.0,7.0,4.0,1,955,0,957
986,158,33.0,19.0,59.0,33.0,0,11,3,14
986,159,766.0,3070.0,114.0,210.0,0,6,5,13
987,5,121.0,2755.0,8.0,14.0,1,956,0,958
987,158,33.0,19.0,59.0,33.0,0,11,4,15
987,159,766.0,3070.0,114.0,210.0,0,6,6,14
988,5,113.0,2757.0,11.0,7.0,1,957,0,959
988,158,33.0,19.0,59.0,33.0,0,11,5,16
988,159,766.0,3070.0,114.0,210.0,0,6,7,15
989,5,107.0,2757.0,10.0,12.0,1,958,0,960
989,158,33.0,19.0,59.0,33.0,0,11,6,17
989,159,766.0,3070.0,114.0,210.0,0,6,8,16
990,5,105.0,2753.0,7.0,7.0,1,959,0,961
990,158,33.0,19.0,59.0,33.0,0,11,7,18
990,159,766.0,3070.0,114.0,210.0,0,6,9,17
991,5,99.0,2748.0,9.0,7.0,1,960,0,962
991,158,33.0,19.0,59.0,33.0,0,11,8,19
991,159,766.0,3070.0,114.0,210.0,0,6,10,18
992,5,93.0,2741.0,11.0,14.0,1,961,0,963
992,158,33.0,19.0,59.0,33.0,0,11,9,20
992,159,766.0,3070.0,114.0,210.0,0,6,11,19
993,5,87.0,2745.0,9.0,4.0,1,962,0,964
993,158,33.0,19.0,59.0,33.0,0,11,10,21
993,159,766.0,3070.0,114.0,210.0,0,6,12,20
994,5,78.0,2743.0,12.0,10.0,1,963,0,965
994,158,33.0,19.0,59.0,33.0,0,11,11,22
994,159,766.0,3070.0,114.0,210.0,0,6,13,21
995,5,76.0,2739.0,7.0,5.0,1,964,0,966
995,158,33.0,19.0,59.0,33.0,0,11,12,23
995,159,766.0,3070.0,114.0,210.0,0,6,14,22
996,5,71.0,2733.0,10.0,7.0,1,965,0,967
996,158,33.0,19.0,59.0,33.0,0,11,13,24
997,5,64.0,2727.0,8.0,11.0,1,966,0,968
997,158,33.0,19.0,59.0,33.0,0,11,14,25
998,5,57.0,2730.0,11.0,10.0,1,967,0,969
999,5,49.0,2727.0,14.0,9.0,1,968,0,970
1000,5,47.0,2725.0,8.0,4.0,1,969,0,971
1000,161,376.0,19.0,62.0,34.0,1,3,0,3
1001,5,42.0,2719.0,9.0,7.0,1,970,0,972
1001,161,347.0,19.0,64.0,34.0,1,4,0,4
1002,5,35.0,2715.0,9.0,9.0,1,971,0,973
1002,161,316.0,19.0,64.0,34.0,1,5,0,5
1003,5,27.0,2718.0,10.0,7.0,1,972,0,974
1003,161,278.0,19.0,64.0,34.0,1,6,0,6
1004,5,23.0,2715.0,10.0,9.0,1,973,0,975
1004,161,236.0,19.0,55.0,34.0,1,7,0,7
1005,5,18.0,2711.0,9.0,5.0,1,974,0,976
1005,161,187.0,19.0,64.0,33.0,1,8,0,8
1006,5,10.0,2703.0,11.0,10.0,1,975,0,977
1006,161,139.0,19.0,60.0,33.0,1,9,0,9
1007,5,7.0,2703.0,10.0,9.0,1,976,0,978
1007,161,87.0,19.0,64.0,33.0,1,10,0,10
1008,5,0.0,2705.0,10.0,9.0,1,977,0,979
1008,161,33.0,19.0,59.0,33.0,1,11,0,11
