frame_number,track_id,x,y,w,h,matched,detection_count,missed_frame_count,age_frames
6,3,1842.0,3433.0,24.0,11.0,1,3,0,3
7,3,1846.0,3428.0,19.0,9.0,1,4,0,4
8,3,1847.0,3427.0,14.0,11.0,1,5,0,5
9,3,1840.0,3422.0,18.0,9.0,1,6,0,6
10,3,1839.0,3410.0,13.0,11.0,1,7,0,7
11,3,1846.0,3415.0,13.0,10.0,1,8,0,8
12,3,1837.0,3412.0,22.0,10.0,1,9,0,9
13,3,1834.0,3413.0,18.0,8.0,1,10,0,10
14,3,1832.0,3408.0,17.0,9.0,1,11,0,11
15,3,1828.0,3400.0,21.0,9.0,1,12,0,12
16,3,1831.0,3398.0,20.0,10.0,1,13,0,13
17,3,1821.0,3401.0,20.0,6.0,1,14,0,14
18,3,1821.0,3395.0,18.0,5.0,1,15,0,15
19,3,1824.0,3396.0,19.0,5.0,1,16,0,16
20,3,1824.0,3389.0,19.0,6.0,1,17,0,17
21,3,1825.0,3386.0,18.0,6.0,1,18,0,18
22,3,1815.0,3383.0,20.0,8.0,1,19,0,19
23,3,1816.0,3376.0,22.0,8.0,1,20,0,20
24,3,1821.0,3379.0,20.0,7.0,1,21,0,21
25,3,1816.0,3374.0,20.0,7.0,1,22,0,22
26,3,1815.0,3370.0,19.0,7.0,1,23,0,23
27,3,1818.0,3373.0,20.0,7.0,1,24,0,24
28,3,1818.0,3373.0,20.0,7.0,0,24,1,25
29,3,1808.0,3370.0,23.0,9.0,1,25,0,26
30,3,1808.0,3370.0,23.0,9.0,0,25,1,27
31,3,1808.0,3359.0,22.0,10.0,1,26,0,28
32,3,1810.0,3363.0,19.0,11.0,1,27,0,29
33,3,1809.0,3357.0,19.0,12.0,1,28,0,30
34,3,1800.0,3357.0,19.0,10.0,1,29,0,31
35,3,1800.0,3357.0,19.0,10.0,0,29,1,32
36,3,1798.0,3353.0,19.0,10.0,1,30,0,33
37,3,1793.0,3354.0,17.0,9.0,1,31,0,34
38,3,1799.0,3356.0,19.0,11.0,1,32,0,35
39,3,1796.0,3352.0,18.0,8.0,1,33,0,36
40,3,1796.0,3352.0,18.0,8.0,0,33,1,37
41,3,1794.0,3348.0,17.0,8.0,1,34,0,38
42,3,1783.0,3353.0,21.0,10.0,1,35,0,39
43,3,1783.0,3353.0,21.0,10.0,0,35,1,40
44,3,1791.0,3353.0,23.0,8.0,1,36,0,41
45,3,1783.0,3350.0,23.0,8.0,1,37,0,42
46,3,1785.0,3352.0,22.0,7.0,1,38,0,43
47,3,1779.0,3348.0,17.0,6.0,1,39,0,44
48,3,1777.0,3350.0,17.0,7.0,1,40,0,45
49,3,1781.0,3348.0,15.0,5.0,1,41,0,46
50,3,1775.0,3355.0,15.0,6.0,1,42,0,47
51,3,1775.0,3355.0,15.0,6.0,0,42,1,48
52,3,1768.0,3346.0,18.0,7.0,1,43,0,49
53,3,1770.0,3349.0,17.0,6.0,1,44,0,50
54,3,1771.0,3345.0,17.0,6.0,1,45,0,51
55,3,1767.0,3351.0,17.0,6.0,1,46,0,52
56,3,1767.0,3345.0,17.0,6.0,1,47,0,53
57,3,1765.0,3347.0,16.0,6.0,1,48,0,54
58,3,1766.0,3350.0,17.0,6.0,1,49,0,55
59,3,1759.0,3346.0,17.0,6.0,1,50,0,56
60,3,1756.0,3350.0,18.0,6.0,1,51,0,57
61,3,1760.0,3351.0,15.0,5.0,1,52,0,58
62,3,1758.0,3345.0,18.0,7.0,1,53,0,59
63,3,1758.0,3345.0,16.0,5.0,1,54,0,60
64,3,1758.0,3342.0,17.0,6.0,1,55,0,61
65,3,1752.0,3351.0,16.0,6.0,1,56,0,62
66,3,1752.0,3351.0,16.0,6.0,0,56,1,63
67,3,1751.0,3347.0,17.0,8.0,1,57,0,64
68,3,1757.0,3351.0,17.0,8.0,1,58,0,65
69,3,1753.0,3343.0,16.0,6.0,1,59,0,66
70,3,1753.0,3343.0,16.0,6.0,0,59,1,67
71,3,1748.0,3347.0,18.0,8.0,1,60,0,68
72,3,1755.0,3353.0,18.0,11.0,1,61,0,69
73,3,1754.0,3344.0,14.0,12.0,1,62,0,70
74,3,1748.0,3349.0,17.0,15.0,1,63,0,71
75,3,1750.0,3348.0,20.0,14.0,1,64,0,72
76,3,1737.0,3353.0,21.0,10.0,1,65,0,73
77,3,1748.0,3358.0,14.0,14.0,1,66,0,74
78,3,1744.0,3364.0,14.0,6.0,1,67,0,75
78,31,2142.0,3025.0,5.0,5.0,1,3,0,3
79,3,1750.0,3349.0,12.0,13.0,1,68,0,76
79,31,2139.0,3026.0,5.0,7.0,1,4,0,4
80,3,1750.0,3349.0,12.0,13.0,0,68,1,77
80,31,2135.0,3034.0,8.0,5.0,1,5,0,5
81,3,1740.0,3354.0,18.0,17.0,1,69,0,78
81,31,2124.0,3030.0,8.0,6.0,1,6,0,6
82,3,1739.0,3358.0,12.0,10.0,1,70,0,79
82,31,2117.0,3032.0,8.0,4.0,1,7,0,7
83,3,1742.0,3354.0,17.0,10.0,1,71,0,80
83,31,2114.0,3028.0,7.0,6.0,1,8,0,8
84,3,1735.0,3357.0,20.0,13.0,1,72,0,81
84,31,2103.0,3028.0,9.0,7.0,1,9,0,9
85,3,1746.0,3363.0,15.0,7.0,1,73,0,82
85,31,2100.0,3026.0,8.0,6.0,1,10,0,10
86,3,1740.0,3366.0,15.0,12.0,1,74,0,83
86,31,2092.0,3032.0,7.0,6.0,1,11,0,11
86,35,2136.0,3027.0,9.0,7.0,1,3,0,3
86,36,2147.0,3031.0,5.0,6.0,1,3,0,3
87,3,1738.0,3360.0,14.0,7.0,1,75,0,84
87,31,2088.0,3030.0,7.0,6.0,1,12,0,12
87,35,2126.0,3025.0,7.0,6.0,1,4,0,4
87,36,2143.0,3030.0,9.0,7.0,1,4,0,4
88,3,1731.0,3359.0,19.0,13.0,1,76,0,85
88,31,2085.0,3029.0,7.0,6.0,1,13,0,13
88,35,2120.0,3033.0,7.0,6.0,1,5,0,5
88,36,2144.0,3028.0,9.0,5.0,1,5,0,5
88,39,2105.0,3028.0,10.0,9.0,1,3,0,3
89,3,1737.0,3363.0,14.0,6.0,1,77,0,86
89,31,2078.0,3030.0,6.0,8.0,1,14,0,14
89,35,2116.0,3031.0,8.0,8.0,1,6,0,6
89,36,2148.0,3027.0,8.0,8.0,1,6,0,6
89,39,2098.0,3035.0,10.0,8.0,1,4,0,4
90,3,1730.0,3366.0,17.0,10.0,1,78,0,87
90,31,2072.0,3026.0,7.0,6.0,1,15,0,15
90,35,2111.0,3031.0,8.0,7.0,1,7,0,7
90,36,2143.0,3026.0,9.0,7.0,1,7,0,7
90,39,2086.0,3023.0,9.0,8.0,1,5,0,5
90,42,2130.0,3033.0,10.0,9.0,1,3,0,3
91,3,1729.0,3361.0,14.0,7.0,1,79,0,88
91,31,2064.0,3030.0,11.0,8.0,1,16,0,16
91,35,2103.0,3032.0,9.0,7.0,1,8,0,8
91,36,2155.0,3024.0,5.0,6.0,1,8,0,8
91,39,2083.0,3030.0,11.0,9.0,1,6,0,6
91,42,2140.0,3024.0,8.0,5.0,1,4,0,4
91,43,2121.0,3026.0,10.0,7.0,1,3,0,3
92,3,1726.0,3356.0,21.0,14.0,1,80,0,89
92,31,2055.0,3031.0,8.0,7.0,1,17,0,17
92,35,2100.0,3033.0,7.0,10.0,1,9,0,9
92,36,2142.0,3024.0,11.0,7.0,1,9,0,9
92,39,2079.0,3027.0,8.0,10.0,1,7,0,7
92,42,2134.0,3027.0,7.0,6.0,1,5,0,5
92,43,2123.0,3026.0,10.0,8.0,1,4,0,4
93,3,1723.0,3360.0,25.0,9.0,1,81,0,90
93,31,2046.0,3030.0,8.0,7.0,1,18,0,18
93,35,2090.0,3034.0,8.0,7.0,1,10,0,10
93,36,2138.0,3026.0,9.0,5.0,1,10,0,10
93,39,2077.0,3033.0,9.0,8.0,1,8,0,8
93,42,2124.0,3027.0,8.0,6.0,1,6,0,6
93,43,2112.0,3027.0,10.0,9.0,1,5,0,5
94,3,1727.0,3358.0,17.0,15.0,1,82,0,91
94,31,2041.0,3021.0,7.0,10.0,1,19,0,19
94,35,2084.0,3029.0,7.0,11.0,1,11,0,11
94,36,2147.0,3029.0,7.0,4.0,1,11,0,11
94,39,2063.0,3028.0,12.0,10.0,1,9,0,9
94,42,2141.0,3026.0,9.0,6.0,1,7,0,7
94,43,2122.0,3026.0,8.0,6.0,1,6,0,6
95,3,1724.0,3364.0,10.0,12.0,1,83,0,92
95,31,2037.0,3030.0,7.0,6.0,1,20,0,20
95,35,2082.0,3033.0,8.0,7.0,1,12,0,12
95,36,2136.0,3023.0,7.0,6.0,1,12,0,12
95,39,2063.0,3029.0,7.0,6.0,1,10,0,10
95,42,2128.0,3025.0,9.0,6.0,1,8,0,8
95,43,2111.0,3031.0,7.0,6.0,1,7,0,7
95,47,2098.0,3033.0,10.0,7.0,1,3,0,3
96,3,1720.0,3355.0,15.0,12.0,1,84,0,93
96,31,2035.0,3030.0,7.0,6.0,1,21,0,21
96,35,2075.0,3029.0,8.0,9.0,1,13,0,13
96,36,2140.0,3028.0,8.0,6.0,1,13,0,13
96,39,2054.0,3030.0,9.0,8.0,1,11,0,11
96,42,2124.0,3027.0,10.0,6.0,1,9,0,9
96,43,2108.0,3028.0,9.0,6.0,1,8,0,8
96,47,2091.0,3035.0,10.0,7.0,1,4,0,4
97,3,1714.0,3356.0,18.0,12.0,1,85,0,94
97,31,2025.0,3026.0,9.0,6.0,1,22,0,22
97,35,2069.0,3034.0,8.0,9.0,1,14,0,14
97,36,2143.0,3019.0,11.0,7.0,1,14,0,14
97,39,2048.0,3032.0,10.0,9.0,1,12,0,12
97,42,2131.0,3026.0,8.0,6.0,1,10,0,10
97,43,2097.0,3029.0,8.0,8.0,1,9,0,9
97,47,2080.0,3028.0,7.0,8.0,1,5,0,5
98,3,1717.0,3364.0,13.0,9.0,1,86,0,95
98,31,2017.0,3027.0,8.0,8.0,1,23,0,23
98,35,2057.0,3028.0,8.0,8.0,1,15,0,15
98,36,2148.0,3020.0,8.0,5.0,1,15,0,15
98,39,2046.0,3027.0,11.0,10.0,1,13,0,13
98,42,2124.0,3024.0,8.0,6.0,1,11,0,11
98,43,2101.0,3026.0,8.0,8.0,1,10,0,10
98,47,2073.0,3033.0,9.0,4.0,1,6,0,6
98,50,2084.0,3029.0,10.0,10.0,1,3,0,3
99,3,1715.0,3359.0,16.0,13.0,1,87,0,96
99,31,2005.0,3026.0,12.0,6.0,1,24,0,24
99,35,2060.0,3027.0,7.0,8.0,1,16,0,16
99,36,2153.0,3019.0,7.0,6.0,1,16,0,16
99,39,2042.0,3023.0,9.0,9.0,1,14,0,14
99,42,2127.0,3022.0,9.0,7.0,1,12,0,12
99,43,2089.0,3024.0,9.0,9.0,1,11,0,11
99,47,2066.0,3030.0,6.0,5.0,1,7,0,7
99,50,2083.0,3028.0,10.0,7.0,1,4,0,4
100,3,1721.0,3359.0,16.0,7.0,1,88,0,97
100,31,2008.0,3029.0,9.0,7.0,1,25,0,25
100,35,2045.0,3035.0,9.0,9.0,1,17,0,17
100,36,2146.0,3022.0,8.0,5.0,1,17,0,17
100,39,2027.0,3025.0,9.0,10.0,1,15,0,15
100,42,2126.0,3025.0,10.0,8.0,1,13,0,13
100,43,2086.0,3034.0,9.0,7.0,1,12,0,12
100,47,2055.0,3030.0,6.0,5.0,1,8,0,8
100,50,2068.0,3032.0,10.0,7.0,1,5,0,5
100,51,2098.0,3028.0,8.0,7.0,1,3,0,3
100,52,2138.0,3023.0,7.0,6.0,1,3,0,3
101,3,1705.0,3349.0,17.0,14.0,1,89,0,98
101,31,2002.0,3027.0,9.0,7.0,1,26,0,26
101,35,2049.0,3035.0,9.0,8.0,1,18,0,18
101,36,2146.0,3022.0,8.0,5.0,0,17,1,18
101,39,2026.0,3025.0,10.0,9.0,1,16,0,16
101,42,2126.0,3022.0,10.0,8.0,1,14,0,14
101,43,2080.0,3036.0,8.0,5.0,1,13,0,13
101,47,2053.0,3023.0,7.0,5.0,1,9,0,9
101,50,2064.0,3033.0,13.0,9.0,1,6,0,6
101,51,2091.0,3027.0,7.0,7.0,1,4,0,4
101,52,2135.0,3025.0,6.0,5.0,1,4,0,4
101,54,2111.0,3026.0,9.0,5.0,1,3,0,3
102,3,1697.0,3355.0,22.0,8.0,1,90,0,99
102,31,1992.0,3029.0,9.0,7.0,1,27,0,27
102,35,2040.0,3034.0,10.0,8.0,1,19,0,19
102,36,2135.0,3015.0,6.0,6.0,1,18,0,19
102,39,2015.0,3025.0,12.0,10.0,1,17,0,17
102,42,2114.0,3027.0,10.0,8.0,1,15,0,15
102,43,2074.0,3030.0,8.0,7.0,1,14,0,14
102,47,2047.0,3029.0,6.0,4.0,1,10,0,10
102,50,2053.0,3033.0,14.0,9.0,1,7,0,7
102,51,2089.0,3026.0,8.0,5.0,1,5,0,5
102,52,2121.0,3025.0,7.0,4.0,1,5,0,5
102,54,2099.0,3027.0,8.0,5.0,1,4,0,4
103,3,1701.0,3354.0,18.0,12.0,1,91,0,100
103,31,1983.0,3022.0,10.0,8.0,1,28,0,28
103,35,2033.0,3030.0,9.0,5.0,1,20,0,20
103,36,2122.0,3015.0,9.0,5.0,1,19,0,20
103,39,2008.0,3023.0,9.0,7.0,1,18,0,18
103,42,2108.0,3025.0,9.0,8.0,1,16,0,16
103,43,2065.0,3027.0,7.0,7.0,1,15,0,15
103,47,2027.0,3025.0,10.0,9.0,1,11,0,11
103,50,2055.0,3035.0,11.0,7.0,1,8,0,8
103,51,2087.0,3029.0,8.0,6.0,1,6,0,6
103,52,2124.0,3029.0,7.0,5.0,1,6,0,6
103,54,2099.0,3025.0,8.0,5.0,1,5,0,5
104,3,1702.0,3358.0,13.0,8.0,1,92,0,101
104,31,1979.0,3031.0,8.0,9.0,1,29,0,29
104,35,2036.0,3033.0,7.0,5.0,1,21,0,21
104,36,2126.0,3020.0,8.0,5.0,1,20,0,21
104,39,2007.0,3032.0,10.0,7.0,1,19,0,19
104,42,2112.0,3025.0,8.0,6.0,1,17,0,17
104,43,2057.0,3027.0,8.0,6.0,1,16,0,16
104,47,2020.0,3034.0,9.0,9.0,1,12,0,12
104,50,2043.0,3028.0,10.0,8.0,1,9,0,9
104,51,2079.0,3024.0,9.0,5.0,1,7,0,7
104,52,2132.0,3023.0,6.0,4.0,1,7,0,7
104,54,2091.0,3020.0,9.0,7.0,1,6,0,6
105,3,1700.0,3351.0,17.0,11.0,1,93,0,102
105,31,1976.0,3030.0,6.0,7.0,1,30,0,30
105,35,2028.0,3034.0,7.0,5.0,1,22,0,22
105,36,2114.0,3019.0,7.0,6.0,1,21,0,22
105,39,2007.0,3032.0,10.0,7.0,0,19,1,20
105,42,2114.0,3025.0,7.0,5.0,1,18,0,18
105,43,2055.0,3024.0,8.0,6.0,1,17,0,17
105,47,2020.0,3034.0,9.0,9.0,0,12,1,13
105,50,2040.0,3026.0,9.0,8.0,1,10,0,10
105,51,2067.0,3032.0,8.0,6.0,1,8,0,8
105,52,2128.0,3022.0,7.0,5.0,1,8,0,8
105,54,2083.0,3030.0,8.0,6.0,1,7,0,7
105,55,2144.0,3022.0,7.0,6.0,1,3,0,3
106,3,1689.0,3347.0,19.0,15.0,1,94,0,103
106,31,1972.0,3027.0,6.0,7.0,1,31,0,31
106,35,2021.0,3030.0,7.0,5.0,1,23,0,23
106,36,2118.0,3020.0,7.0,6.0,1,22,0,23
106,39,1990.0,3030.0,9.0,8.0,1,20,0,21
106,42,2112.0,3031.0,7.0,5.0,1,19,0,19
106,43,2052.0,3031.0,7.0,5.0,1,18,0,18
106,47,2016.0,3031.0,7.0,8.0,1,13,0,14
106,50,2036.0,3033.0,10.0,7.0,1,11,0,11
106,51,2060.0,3027.0,9.0,6.0,1,9,0,9
106,52,2120.0,3023.0,6.0,5.0,1,9,0,9
106,54,2077.0,3021.0,9.0,5.0,1,8,0,8
106,55,2155.0,3027.0,5.0,4.0,1,4,0,4
106,56,2093.0,3032.0,8.0,7.0,1,3,0,3
107,3,1690.0,3352.0,23.0,10.0,1,95,0,104
107,31,1957.0,3024.0,10.0,8.0,1,32,0,32
107,35,2019.0,3032.0,8.0,5.0,1,24,0,24
107,36,2105.0,3017.0,6.0,7.0,1,23,0,24
107,39,1986.0,3034.0,8.0,9.0,1,21,0,22
107,42,2097.0,3029.0,7.0,5.0,1,20,0,20
107,43,2051.0,3029.0,7.0,7.0,1,19,0,19
107,47,2007.0,3028.0,7.0,10.0,1,14,0,15
107,50,2025.0,3032.0,10.0,7.0,1,12,0,12
107,51,2062.0,3026.0,9.0,5.0,1,10,0,10
107,52,2116.0,3020.0,7.0,4.0,1,10,0,10
107,54,2071.0,3023.0,9.0,6.0,1,9,0,9
107,55,2155.0,3027.0,5.0,4.0,0,4,1,5
107,56,2088.0,3022.0,8.0,8.0,1,4,0,4
108,3,1682.0,3346.0,15.0,13.0,1,96,0,105
108,31,1956.0,3036.0,9.0,8.0,1,33,0,33
108,35,2013.0,3026.0,9.0,6.0,1,25,0,25
108,36,2098.0,3015.0,7.0,6.0,1,24,0,25
108,39,1980.0,3035.0,11.0,8.0,1,22,0,23
108,42,2099.0,3023.0,5.0,5.0,1,21,0,21
108,43,2031.0,3032.0,9.0,6.0,1,20,0,20
108,47,1992.0,3031.0,9.0,9.0,1,15,0,16
108,50,2022.0,3038.0,10.0,6.0,1,13,0,13
108,51,2062.0,3026.0,9.0,5.0,0,10,1,11
108,52,2116.0,3020.0,7.0,4.0,0,10,1,11
108,54,2064.0,3024.0,8.0,5.0,1,10,0,10
108,55,2155.0,3027.0,5.0,4.0,0,4,2,6
108,56,2081.0,3028.0,7.0,7.0,1,5,0,5
108,57,2143.0,3026.0,6.0,5.0,1,3,0,3
109,3,1699.0,3344.0,15.0,6.0,1,97,0,106
109,31,1948.0,3031.0,9.0,9.0,1,34,0,34
109,35,2006.0,3029.0,8.0,6.0,1,26,0,26
109,36,2099.0,3019.0,8.0,7.0,1,25,0,26
109,39,1972.0,3027.0,10.0,9.0,1,23,0,24
109,42,2104.0,3020.0,7.0,7.0,1,22,0,22
109,43,2035.0,3030.0,9.0,7.0,1,21,0,21
109,47,1995.0,3025.0,9.0,11.0,1,16,0,17
109,50,2012.0,3031.0,11.0,6.0,1,14,0,14
109,51,2042.0,3032.0,9.0,6.0,1,11,0,12
109,52,2122.0,3020.0,6.0,6.0,1,11,0,12
109,54,2059.0,3026.0,9.0,6.0,1,11,0,11
109,55,2149.0,3024.0,7.0,6.0,1,5,0,7
109,56,2072.0,3029.0,9.0,7.0,1,6,0,6
109,57,2134.0,3020.0,7.0,5.0,1,4,0,4
110,3,1683.0,3340.0,15.0,14.0,1,98,0,107
110,31,1948.0,3031.0,9.0,9.0,0,34,1,35
110,35,2007.0,3025.0,10.0,7.0,1,27,0,27
110,36,2090.0,3019.0,7.0,7.0,1,26,0,27
110,39,1969.0,3031.0,11.0,9.0,1,24,0,25
110,42,2098.0,3029.0,7.0,5.0,1,23,0,23
110,43,2018.0,3032.0,10.0,5.0,1,22,0,22
110,47,1981.0,3022.0,9.0,10.0,1,17,0,18
110,50,2001.0,3035.0,7.0,5.0,1,15,0,15
110,51,2042.0,3032.0,9.0,6.0,0,11,1,13
110,52,2113.0,3019.0,8.0,6.0,1,12,0,13
110,54,2059.0,3025.0,9.0,7.0,1,12,0,12
110,55,2142.0,3018.0,7.0,5.0,1,6,0,8
110,56,2072.0,3029.0,9.0,7.0,0,6,1,7
110,57,2125.0,3024.0,6.0,6.0,1,5,0,5
111,3,1677.0,3338.0,23.0,10.0,1,99,0,108
111,31,1964.0,3029.0,11.0,8.0,1,35,0,36
111,35,1999.0,3027.0,9.0,6.0,1,28,0,28
111,36,2085.0,3016.0,9.0,7.0,1,27,0,28
111,39,1980.0,3030.0,8.0,11.0,1,25,0,26
111,42,2109.0,3025.0,7.0,6.0,1,24,0,24
111,43,2035.0,3028.0,8.0,7.0,1,23,0,23
111,47,1992.0,3031.0,9.0,6.0,1,18,0,19
111,50,2015.0,3031.0,9.0,7.0,1,16,0,16
111,51,2048.0,3026.0,8.0,6.0,1,12,0,14
111,52,2122.0,3022.0,6.0,8.0,1,13,0,14
111,54,2067.0,3021.0,9.0,6.0,1,13,0,13
111,55,2158.0,3014.0,2.0,8.0,1,7,0,9
111,56,2078.0,3028.0,8.0,5.0,1,7,0,8
111,57,2136.0,3025.0,8.0,5.0,1,6,0,6
111,60,2089.0,3025.0,7.0,6.0,1,3,0,3
112,3,1679.0,3345.0,18.0,10.0,1,100,0,109
112,31,1927.0,3035.0,9.0,8.0,1,36,0,37
112,35,1979.0,3033.0,8.0,5.0,1,29,0,29
112,36,2081.0,3019.0,8.0,6.0,1,28,0,29
112,39,1954.0,3032.0,9.0,10.0,1,26,0,27
112,42,2075.0,3027.0,7.0,5.0,1,25,0,25
112,43,2012.0,3028.0,7.0,5.0,1,24,0,24
112,47,1974.0,3031.0,9.0,11.0,1,19,0,20
112,50,1997.0,3032.0,11.0,8.0,1,17,0,17
112,51,2023.0,3028.0,8.0,6.0,1,13,0,15
112,52,2103.0,3022.0,8.0,6.0,1,14,0,15
112,54,2042.0,3027.0,8.0,7.0,1,14,0,14
112,55,2149.0,3015.0,8.0,6.0,1,8,0,10
112,56,2052.0,3028.0,10.0,7.0,1,8,0,9
112,57,2117.0,3022.0,7.0,9.0,1,7,0,7
112,60,2088.0,3024.0,7.0,5.0,1,4,0,4
113,3,1671.0,3338.0,11.0,8.0,1,101,0,110
113,31,1926.0,3033.0,8.0,8.0,1,37,0,38
113,35,1983.0,3029.0,7.0,6.0,1,30,0,30
113,36,2076.0,3019.0,8.0,4.0,1,29,0,30
113,39,1949.0,3023.0,9.0,11.0,1,27,0,28
113,42,2068.0,3021.0,8.0,7.0,1,26,0,26
113,43,2004.0,3026.0,7.0,5.0,1,25,0,25
113,47,1967.0,3032.0,9.0,10.0,1,20,0,21
113,50,1983.0,3026.0,10.0,7.0,1,18,0,18
113,51,2018.0,3029.0,10.0,8.0,1,14,0,16
113,52,2112.0,3026.0,8.0,7.0,1,15,0,16
113,54,2035.0,3028.0,9.0,6.0,1,15,0,15
113,55,2145.0,3017.0,7.0,6.0,1,9,0,11
113,56,2043.0,3027.0,8.0,6.0,1,9,0,10
113,57,2129.0,3027.0,7.0,7.0,1,8,0,8
113,60,2094.0,3020.0,7.0,6.0,1,5,0,5
114,3,1677.0,3335.0,19.0,10.0,1,102,0,111
114,31,1911.0,3029.0,14.0,8.0,1,38,0,39
114,35,1976.0,3027.0,7.0,7.0,1,31,0,31
114,36,2073.0,3021.0,6.0,6.0,1,30,0,31
114,39,1941.0,3028.0,9.0,10.0,1,28,0,29
114,42,2068.0,3021.0,8.0,7.0,0,26,1,27
114,43,1998.0,3033.0,7.0,6.0,1,26,0,26
114,47,1961.0,3033.0,8.0,10.0,1,21,0,22
114,50,1981.0,3030.0,10.0,8.0,1,19,0,19
114,51,2013.0,3027.0,8.0,6.0,1,15,0,17
114,52,2105.0,3029.0,8.0,7.0,1,16,0,17
114,54,2027.0,3027.0,9.0,6.0,1,16,0,16
114,55,2152.0,3021.0,7.0,6.0,1,10,0,12
114,56,2039.0,3030.0,8.0,6.0,1,10,0,11
114,57,2138.0,3016.0,7.0,7.0,1,9,0,9
114,60,2093.0,3024.0,7.0,5.0,1,6,0,6
115,3,1674.0,3333.0,18.0,12.0,1,103,0,112
115,31,1912.0,3030.0,11.0,9.0,1,39,0,40
115,35,1966.0,3029.0,9.0,7.0,1,32,0,32
115,36,2091.0,3021.0,7.0,5.0,1,31,0,32
115,39,1940.0,3032.0,9.0,8.0,1,29,0,30
115,42,2071.0,3025.0,8.0,4.0,1,27,0,28
115,43,1998.0,3033.0,7.0,6.0,0,26,1,27
115,47,1955.0,3027.0,8.0,6.0,1,22,0,23
115,50,1975.0,3030.0,10.0,6.0,1,20,0,20
115,51,2007.0,3026.0,7.0,6.0,1,16,0,18
115,52,2117.0,3020.0,8.0,7.0,1,17,0,18
115,54,2026.0,3028.0,9.0,6.0,1,17,0,17
115,55,2142.0,3023.0,7.0,5.0,1,11,0,13
115,56,2040.0,3030.0,9.0,6.0,1,11,0,12
115,57,2128.0,3018.0,7.0,8.0,1,10,0,10
115,60,2099.0,3022.0,7.0,7.0,1,7,0,7
115,63,2058.0,3022.0,7.0,6.0,1,3,0,3
116,3,1674.0,3333.0,18.0,12.0,0,103,1,113
116,31,1901.0,3030.0,8.0,8.0,1,40,0,41
116,35,1965.0,3030.0,10.0,7.0,1,33,0,33
116,36,2084.0,3023.0,8.0,5.0,1,32,0,33
116,39,1930.0,3035.0,9.0,8.0,1,30,0,31
116,42,2065.0,3024.0,9.0,7.0,1,28,0,29
116,43,2003.0,3027.0,7.0,6.0,1,27,0,28
116,47,1956.0,3039.0,9.0,7.0,1,23,0,24
116,50,1991.0,3037.0,9.0,5.0,1,21,0,21
116,51,2019.0,3025.0,9.0,7.0,1,17,0,19
116,52,2111.0,3024.0,8.0,7.0,1,18,0,19
116,54,2029.0,3025.0,9.0,6.0,1,18,0,18
116,55,2141.0,3020.0,8.0,5.0,1,12,0,14
116,56,2051.0,3028.0,7.0,5.0,1,12,0,13
116,57,2126.0,3020.0,6.0,6.0,1,11,0,11
116,60,2096.0,3021.0,8.0,6.0,1,8,0,8
116,63,2050.0,3018.0,8.0,6.0,1,4,0,4
117,3,1670.0,3327.0,15.0,9.0,1,104,0,114
117,31,1903.0,3032.0,7.0,4.0,1,41,0,42
117,35,1947.0,3030.0,9.0,7.0,1,34,0,34
117,36,2077.0,3026.0,7.0,5.0,1,33,0,34
117,39,1921.0,3035.0,10.0,8.0,1,31,0,32
117,42,2057.0,3020.0,10.0,6.0,1,29,0,30
117,43,1998.0,3030.0,7.0,7.0,1,28,0,29
117,47,1939.0,3036.0,7.0,6.0,1,24,0,25
117,50,1961.0,3027.0,7.0,7.0,1,22,0,22
117,51,2011.0,3027.0,8.0,7.0,1,18,0,20
117,52,2108.0,3027.0,8.0,5.0,1,19,0,20
117,54,2025.0,3032.0,12.0,7.0,1,19,0,19
117,55,2131.0,3018.0,7.0,7.0,1,13,0,15
117,56,2035.0,3024.0,7.0,5.0,1,13,0,14
117,57,2115.0,3024.0,8.0,6.0,1,12,0,12
117,60,2090.0,3024.0,7.0,8.0,1,9,0,9
117,63,2050.0,3020.0,9.0,6.0,1,5,0,5
118,3,1658.0,3327.0,15.0,9.0,1,105,0,115
118,31,1903.0,3032.0,7.0,4.0,0,41,1,43
118,35,1937.0,3026.0,5.0,6.0,1,35,0,35
118,36,2079.0,3024.0,8.0,6.0,1,34,0,35
118,39,1918.0,3034.0,10.0,9.0,1,32,0,33
118,42,2051.0,3022.0,10.0,6.0,1,30,0,31
118,43,1998.0,3030.0,7.0,7.0,0,28,1,30
118,47,1939.0,3036.0,7.0,6.0,0,24,1,26
118,50,1954.0,3031.0,8.0,9.0,1,23,0,23
118,51,2013.0,3029.0,7.0,6.0,1,19,0,21
118,52,2101.0,3023.0,9.0,6.0,1,20,0,21
118,54,2022.0,3020.0,11.0,7.0,1,20,0,20
118,55,2131.0,3018.0,7.0,7.0,0,13,1,16
118,56,2032.0,3034.0,7.0,5.0,1,14,0,15
118,57,2115.0,3016.0,8.0,6.0,1,13,0,13
118,60,2090.0,3024.0,7.0,8.0,0,9,1,10
118,63,2039.0,3016.0,8.0,7.0,1,6,0,6
119,3,1662.0,3325.0,16.0,11.0,1,106,0,116
119,31,1883.0,3030.0,13.0,7.0,1,42,0,44
119,35,1937.0,3035.0,8.0,6.0,1,36,0,36
119,36,2079.0,3024.0,8.0,6.0,0,34,1,36
119,39,1911.0,3032.0,7.0,7.0,1,33,0,34
119,42,2045.0,3025.0,9.0,6.0,1,31,0,32
119,43,1965.0,3030.0,7.0,5.0,1,29,0,31
119,47,1925.0,3035.0,6.0,7.0,1,25,0,27
119,50,1951.0,3031.0,10.0,8.0,1,24,0,24
119,51,1984.0,3027.0,9.0,8.0,1,20,0,22
119,52,2101.0,3023.0,9.0,6.0,0,20,1,22
119,54,2011.0,3026.0,10.0,7.0,1,21,0,21
119,55,2143.0,3024.0,7.0,6.0,1,14,0,17
119,56,2032.0,3034.0,7.0,5.0,0,14,1,16
119,57,2110.0,3017.0,6.0,6.0,1,14,0,14
119,60,2092.0,3027.0,9.0,5.0,1,10,0,11
119,63,2039.0,3016.0,8.0,7.0,0,6,1,7
120,3,1657.0,3316.0,19.0,13.0,1,107,0,117
120,31,1873.0,3029.0,9.0,8.0,1,43,0,45
120,35,1933.0,3035.0,8.0,7.0,1,37,0,37
120,36,2078.0,3028.0,6.0,8.0,1,35,0,37
120,39,1904.0,3036.0,8.0,8.0,1,34,0,35
120,42,2060.0,3029.0,8.0,4.0,1,32,0,33
120,43,2010.0,3034.0,10.0,6.0,1,30,0,32
120,47,1923.0,3031.0,6.0,5.0,1,26,0,28
120,50,1947.0,3032.0,10.0,8.0,1,25,0,25
120,51,1987.0,3029.0,8.0,6.0,1,21,0,23
120,52,2119.0,3021.0,8.0,5.0,1,21,0,23
120,54,2019.0,3025.0,7.0,5.0,1,22,0,22
120,55,2140.0,3021.0,8.0,7.0,1,15,0,18
120,56,2037.0,3026.0,9.0,5.0,1,15,0,17
120,57,2106.0,3009.0,8.0,8.0,1,15,0,15
120,60,2093.0,3023.0,11.0,6.0,1,11,0,12
120,63,2032.0,3021.0,9.0,7.0,1,7,0,8
121,3,1656.0,3326.0,21.0,8.0,1,108,0,118
121,31,1868.0,3024.0,8.0,8.0,1,44,0,46
121,35,1924.0,3031.0,9.0,9.0,1,38,0,38
121,36,2069.0,3024.0,7.0,7.0,1,36,0,38
121,39,1898.0,3027.0,7.0,7.0,1,35,0,36
121,42,2035.0,3020.0,8.0,6.0,1,33,0,34
121,43,1958.0,3038.0,8.0,7.0,1,31,0,33
121,47,1919.0,3035.0,7.0,6.0,1,27,0,29
121,50,1942.0,3028.0,9.0,8.0,1,26,0,26
121,51,1975.0,3027.0,10.0,6.0,1,22,0,24
121,52,2107.0,3019.0,10.0,6.0,1,22,0,24
121,54,1992.0,3025.0,9.0,6.0,1,23,0,23
121,55,2135.0,3022.0,4.0,6.0,1,16,0,19
121,56,1994.0,3032.0,10.0,6.0,1,16,0,18
121,57,2098.0,3020.0,7.0,5.0,1,16,0,16
121,60,2056.0,3018.0,9.0,4.0,1,12,0,13
121,63,2018.0,3022.0,7.0,4.0,1,8,0,9
122,3,1647.0,3324.0,19.0,11.0,1,109,0,119
122,31,1868.0,3026.0,7.0,10.0,1,45,0,47
122,35,1920.0,3032.0,8.0,8.0,1,39,0,39
122,36,2049.0,3020.0,9.0,6.0,1,37,0,39
122,39,1906.0,3035.0,6.0,5.0,1,36,0,37
122,42,2030.0,3022.0,7.0,7.0,1,34,0,35
122,43,1971.0,3037.0,10.0,6.0,1,32,0,34
122,47,1952.0,3034.0,8.0,7.0,1,28,0,30
122,50,1935.0,3028.0,9.0,8.0,1,27,0,27
122,51,1982.0,3028.0,7.0,5.0,1,23,0,25
122,52,2104.0,3023.0,10.0,7.0,1,23,0,25
122,54,1997.0,3025.0,10.0,7.0,1,24,0,24
122,55,2128.0,3022.0,7.0,7.0,1,17,0,20
122,56,2011.0,3026.0,7.0,6.0,1,17,0,19
122,57,2094.0,3017.0,7.0,5.0,1,17,0,17
122,60,2076.0,3020.0,9.0,5.0,1,13,0,14
122,63,2019.0,3019.0,8.0,5.0,1,9,0,10
122,66,2145.0,3021.0,11.0,8.0,1,3,0,3
123,3,1651.0,3314.0,15.0,8.0,1,110,0,120
123,31,1860.0,3031.0,7.0,4.0,1,46,0,48
123,35,1906.0,3033.0,7.0,6.0,1,40,0,40
123,36,2005.0,3029.0,8.0,4.0,1,38,0,40
123,39,1884.0,3028.0,10.0,8.0,1,37,0,38
123,42,2025.0,3021.0,8.0,5.0,1,35,0,36
123,43,1942.0,3031.0,10.0,7.0,1,33,0,35
123,47,1908.0,3034.0,7.0,7.0,1,29,0,31
123,50,1922.0,3024.0,11.0,9.0,1,28,0,28
123,51,1958.0,3025.0,11.0,7.0,1,24,0,26
123,52,2055.0,3026.0,7.0,8.0,1,24,0,26
123,54,1979.0,3027.0,9.0,9.0,1,25,0,25
123,55,2071.0,3027.0,8.0,6.0,1,18,0,21
123,56,1995.0,3024.0,10.0,6.0,1,18,0,20
123,57,2083.0,3017.0,8.0,5.0,1,18,0,18
123,60,2042.0,3018.0,7.0,5.0,1,14,0,15
123,63,2016.0,3020.0,7.0,9.0,1,10,0,11
123,66,2121.0,3028.0,8.0,5.0,1,4,0,4
124,3,1650.0,3313.0,14.0,7.0,1,111,0,121
124,31,1876.0,3030.0,7.0,7.0,1,47,0,49
124,35,1911.0,3035.0,7.0,7.0,1,41,0,41
124,36,2018.0,3027.0,8.0,6.0,1,39,0,41
124,39,1895.0,3034.0,7.0,6.0,1,38,0,39
124,42,2048.0,3024.0,7.0,8.0,1,36,0,37
124,43,1945.0,3029.0,11.0,7.0,1,34,0,36
124,47,1932.0,3035.0,11.0,7.0,1,30,0,32
124,50,1923.0,3028.0,8.0,7.0,1,29,0,29
124,51,1997.0,3038.0,8.0,5.0,1,25,0,27
124,52,2097.0,3020.0,7.0,5.0,1,25,0,27
124,54,1985.0,3024.0,10.0,6.0,1,26,0,26
124,55,2114.0,3024.0,8.0,7.0,1,19,0,22
124,56,2008.0,3018.0,7.0,5.0,1,19,0,21
124,57,2083.0,3016.0,7.0,5.0,1,19,0,19
124,60,2069.0,3029.0,7.0,5.0,1,15,0,16
124,63,2033.0,3023.0,9.0,6.0,1,11,0,12
124,66,2126.0,3020.0,9.0,6.0,1,5,0,5
125,3,1644.0,3309.0,14.0,8.0,1,112,0,122
125,31,1871.0,3031.0,7.0,7.0,1,48,0,50
125,35,1907.0,3031.0,6.0,7.0,1,42,0,42
125,36,2001.0,3017.0,7.0,6.0,1,40,0,42
125,39,1893.0,3041.0,6.0,6.0,1,39,0,40
125,42,2031.0,3022.0,8.0,5.0,1,37,0,38
125,43,1943.0,3030.0,10.0,7.0,1,35,0,37
125,47,1934.0,3029.0,8.0,7.0,1,31,0,33
125,50,1911.0,3027.0,9.0,8.0,1,30,0,30
125,51,1976.0,3033.0,10.0,7.0,1,26,0,28
125,52,2089.0,3026.0,10.0,6.0,1,26,0,28
125,54,1966.0,3026.0,8.0,8.0,1,27,0,27
125,55,2107.0,3023.0,9.0,7.0,1,20,0,23
125,56,1993.0,3024.0,8.0,4.0,1,20,0,22
125,57,2080.0,3016.0,8.0,4.0,1,20,0,20
125,60,2049.0,3030.0,6.0,5.0,1,16,0,17
125,63,2014.0,3023.0,9.0,7.0,1,12,0,13
125,66,2121.0,3022.0,11.0,8.0,1,6,0,6
126,3,1640.0,3314.0,13.0,8.0,1,113,0,123
126,31,1863.0,3031.0,8.0,7.0,1,49,0,51
126,35,1896.0,3032.0,8.0,7.0,1,43,0,43
126,36,2001.0,3017.0,7.0,6.0,0,40,1,43
126,39,1886.0,3030.0,5.0,6.0,1,40,0,41
126,42,2038.0,3022.0,8.0,6.0,1,38,0,39
126,43,1939.0,3030.0,11.0,7.0,1,36,0,38
126,47,1925.0,3034.0,11.0,8.0,1,32,0,34
126,50,1908.0,3031.0,10.0,8.0,1,31,0,31
126,51,1967.0,3024.0,10.0,8.0,1,27,0,29
126,52,2089.0,3026.0,10.0,6.0,0,26,1,29
126,54,1954.0,3026.0,9.0,7.0,1,28,0,28
126,55,2102.0,3025.0,8.0,6.0,1,21,0,24
126,56,1993.0,3024.0,8.0,4.0,0,20,1,23
126,57,2080.0,3016.0,8.0,4.0,0,20,1,21
126,60,2056.0,3024.0,6.0,6.0,1,17,0,18
126,63,2024.0,3024.0,9.0,7.0,1,13,0,14
126,66,2122.0,3016.0,9.0,7.0,1,7,0,7
126,68,2143.0,3019.0,8.0,6.0,1,3,0,3
127,3,1640.0,3313.0,16.0,6.0,1,114,0,124
127,31,1856.0,3032.0,9.0,10.0,1,50,0,52
127,35,1890.0,3028.0,7.0,6.0,1,44,0,44
127,36,2015.0,3022.0,9.0,6.0,1,41,0,44
127,39,1875.0,3031.0,8.0,8.0,1,41,0,42
127,42,2037.0,3021.0,7.0,5.0,1,39,0,40
127,43,1951.0,3030.0,10.0,7.0,1,37,0,39
127,47,1934.0,3032.0,10.0,7.0,1,33,0,35
127,50,1913.0,3024.0,10.0,6.0,1,32,0,32
127,51,1966.0,3027.0,10.0,8.0,1,28,0,30
127,52,2093.0,3023.0,7.0,8.0,1,27,0,30
127,54,1981.0,3029.0,8.0,5.0,1,29,0,29
127,55,2112.0,3018.0,10.0,8.0,1,22,0,25
127,56,1992.0,3018.0,7.0,7.0,1,21,0,24
127,57,2077.0,3017.0,7.0,9.0,1,21,0,22
127,60,2059.0,3020.0,8.0,7.0,1,18,0,19
127,63,2045.0,3025.0,9.0,6.0,1,14,0,15
127,66,2136.0,3015.0,8.0,5.0,1,8,0,8
127,68,2150.0,3010.0,9.0,8.0,1,4,0,4
127,70,1831.0,3033.0,7.0,10.0,1,3,0,3
128,3,1639.0,3311.0,16.0,7.0,1,115,0,125
128,31,1853.0,3030.0,10.0,8.0,1,51,0,53
128,35,1913.0,3028.0,9.0,7.0,1,45,0,45
128,36,2016.0,3023.0,7.0,8.0,1,42,0,45
128,39,1873.0,3026.0,9.0,7.0,1,42,0,43
128,42,2028.0,3027.0,7.0,5.0,1,40,0,41
128,43,1961.0,3031.0,9.0,7.0,1,38,0,40
128,47,1945.0,3023.0,10.0,6.0,1,34,0,36
128,50,1932.0,3026.0,9.0,7.0,1,33,0,33
128,51,1991.0,3026.0,10.0,6.0,1,29,0,31
128,52,2099.0,3019.0,6.0,7.0,1,28,0,31
128,54,1974.0,3030.0,8.0,6.0,1,30,0,30
128,55,2108.0,3019.0,10.0,6.0,1,23,0,26
128,56,1986.0,3018.0,7.0,5.0,1,22,0,25
128,57,2069.0,3024.0,7.0,5.0,1,22,0,23
128,60,2065.0,3018.0,7.0,7.0,1,19,0,20
128,63,2044.0,3032.0,7.0,6.0,1,15,0,16
128,66,2129.0,3020.0,8.0,7.0,1,9,0,9
128,68,2143.0,3020.0,8.0,7.0,1,5,0,5
128,70,1820.0,3030.0,13.0,9.0,1,4,0,4
129,3,1634.0,3315.0,18.0,6.0,1,116,0,126
129,31,1846.0,3033.0,7.0,9.0,1,52,0,54
129,35,1886.0,3029.0,10.0,10.0,1,46,0,46
129,36,2006.0,3027.0,8.0,6.0,1,43,0,46
129,39,1864.0,3035.0,9.0,9.0,1,43,0,44
129,42,2024.0,3024.0,7.0,5.0,1,41,0,42
129,43,1924.0,3032.0,9.0,7.0,1,39,0,41
129,47,1939.0,3026.0,10.0,7.0,1,35,0,37
129,50,1878.0,3033.0,7.0,6.0,1,34,0,34
129,51,1975.0,3021.0,7.0,6.0,1,30,0,32
129,52,2081.0,3018.0,8.0,5.0,1,29,0,32
129,54,1974.0,3030.0,8.0,6.0,0,30,1,31
129,55,2104.0,3021.0,11.0,6.0,1,24,0,27
129,56,1986.0,3018.0,7.0,5.0,0,22,1,26
129,57,2064.0,3019.0,8.0,4.0,1,23,0,24
129,60,2055.0,3020.0,8.0,6.0,1,20,0,21
129,63,2045.0,3025.0,8.0,6.0,1,16,0,17
129,66,2126.0,3016.0,6.0,8.0,1,10,0,10
129,68,2154.0,3015.0,6.0,9.0,1,6,0,6
129,70,1818.0,3031.0,9.0,9.0,1,5,0,5
130,3,1635.0,3305.0,20.0,5.0,1,117,0,127
130,31,1828.0,3029.0,11.0,9.0,1,53,0,55
130,35,1873.0,3031.0,8.0,9.0,1,47,0,47
130,36,2008.0,3022.0,10.0,7.0,1,44,0,47
130,39,1859.0,3030.0,7.0,9.0,1,44,0,45
130,42,2021.0,3026.0,6.0,7.0,1,42,0,43
130,43,1914.0,3031.0,11.0,7.0,1,40,0,42
130,47,1927.0,3024.0,10.0,8.0,1,36,0,38
130,50,1880.0,3031.0,9.0,10.0,1,35,0,35
130,51,1970.0,3026.0,6.0,5.0,1,31,0,33
130,52,2100.0,3022.0,8.0,7.0,1,30,0,33
130,54,1966.0,3031.0,8.0,6.0,1,31,0,32
130,55,2111.0,3019.0,9.0,7.0,1,25,0,28
130,56,1986.0,3018.0,9.0,6.0,1,23,0,27
130,57,2078.0,3027.0,8.0,7.0,1,24,0,25
130,60,2061.0,3018.0,8.0,5.0,1,21,0,22
130,63,2050.0,3017.0,7.0,9.0,1,17,0,18
130,66,2129.0,3022.0,8.0,7.0,1,11,0,11
130,68,2151.0,3010.0,8.0,8.0,1,7,0,7
130,70,1815.0,3027.0,9.0,10.0,1,6,0,6
131,3,1626.0,3306.0,17.0,5.0,1,118,0,128
131,31,1825.0,3031.0,9.0,10.0,1,54,0,56
131,35,1858.0,3032.0,7.0,8.0,1,48,0,48
131,36,1994.0,3023.0,8.0,5.0,1,45,0,48
131,39,1852.0,3029.0,7.0,9.0,1,45,0,46
131,42,1975.0,3022.0,9.0,6.0,1,43,0,44
131,43,1907.0,3031.0,9.0,6.0,1,41,0,43
131,47,1928.0,3026.0,8.0,8.0,1,37,0,39
131,50,1879.0,3028.0,8.0,8.0,1,36,0,36
131,51,1961.0,3027.0,8.0,6.0,1,32,0,34
131,52,2087.0,3017.0,8.0,6.0,1,31,0,34
131,54,1943.0,3023.0,10.0,7.0,1,32,0,33
131,55,2105.0,3020.0,8.0,7.0,1,26,0,29
131,56,1972.0,3019.0,8.0,7.0,1,24,0,28
131,57,2018.0,3023.0,4.0,5.0,1,25,0,26
131,60,2051.0,3019.0,7.0,9.0,1,22,0,23
131,63,2038.0,3020.0,7.0,8.0,1,18,0,19
131,66,2129.0,3020.0,11.0,7.0,1,12,0,12
131,68,2151.0,3010.0,8.0,8.0,0,7,1,8
131,70,1799.0,3034.0,8.0,5.0,1,7,0,7
132,3,1633.0,3301.0,18.0,6.0,1,119,0,129
132,31,1817.0,3024.0,10.0,9.0,1,55,0,57
132,35,1855.0,3032.0,7.0,7.0,1,49,0,49
132,36,2007.0,3023.0,6.0,5.0,1,46,0,49
132,39,1845.0,3030.0,6.0,6.0,1,46,0,47
132,42,2019.0,3028.0,8.0,7.0,1,44,0,45
132,43,1903.0,3031.0,8.0,8.0,1,42,0,44
132,47,1919.0,3024.0,9.0,8.0,1,38,0,40
132,50,1874.0,3030.0,9.0,9.0,1,37,0,37
132,51,1966.0,3021.0,11.0,5.0,1,33,0,35
132,52,2088.0,3023.0,8.0,6.0,1,32,0,35
132,54,1961.0,3020.0,7.0,7.0,1,33,0,34
132,55,2107.0,3016.0,9.0,7.0,1,27,0,30
132,56,1990.0,3021.0,10.0,8.0,1,25,0,29
132,57,2039.0,3018.0,7.0,8.0,1,26,0,27
132,60,2065.0,3021.0,7.0,6.0,1,23,0,24
132,63,2049.0,3021.0,8.0,8.0,1,19,0,20
132,66,2117.0,3016.0,10.0,8.0,1,13,0,13
132,68,2132.0,3012.0,8.0,7.0,1,8,0,9
132,70,1798.0,3027.0,6.0,8.0,1,8,0,8
132,72,1885.0,3033.0,10.0,9.0,1,3,0,3
133,3,1623.0,3298.0,19.0,6.0,1,120,0,130
133,31,1851.0,3026.0,6.0,7.0,1,56,0,58
133,35,1874.0,3032.0,8.0,9.0,1,50,0,50
133,36,2001.0,3027.0,6.0,6.0,1,47,0,50
133,39,1841.0,3029.0,8.0,8.0,1,47,0,48
133,42,2016.0,3024.0,8.0,6.0,1,45,0,46
133,43,1913.0,3027.0,9.0,8.0,1,43,0,45
133,47,1929.0,3022.0,7.0,8.0,1,39,0,41
133,50,1867.0,3027.0,9.0,14.0,1,38,0,38
133,51,1967.0,3026.0,9.0,7.0,1,34,0,36
133,52,2081.0,3015.0,7.0,8.0,1,33,0,36
133,54,1953.0,3025.0,9.0,7.0,1,34,0,35
133,55,2099.0,3017.0,9.0,7.0,1,28,0,31
133,56,1988.0,3025.0,10.0,5.0,1,26,0,30
133,57,2032.0,3025.0,8.0,7.0,1,27,0,28
133,60,2069.0,3026.0,8.0,8.0,1,24,0,25
133,63,2041.0,3024.0,8.0,6.0,1,20,0,21
133,66,2115.0,3023.0,11.0,5.0,1,14,0,14
133,68,2131.0,3014.0,8.0,9.0,1,9,0,10
133,70,1793.0,3029.0,6.0,6.0,1,9,0,9
133,72,1944.0,3028.0,8.0,5.0,1,4,0,4
134,3,1482.0,3176.0,3.0,6.0,1,121,0,131
134,31,1831.0,3027.0,6.0,7.0,1,57,0,59
134,35,1870.0,3030.0,10.0,9.0,1,51,0,51
134,36,1983.0,3021.0,9.0,7.0,1,48,0,51
134,39,1841.0,3037.0,7.0,6.0,1,48,0,49
134,42,1990.0,3022.0,6.0,5.0,1,46,0,47
134,43,1890.0,3035.0,11.0,8.0,1,44,0,46
134,47,1913.0,3031.0,7.0,10.0,1,40,0,42
134,50,1855.0,3034.0,9.0,9.0,1,39,0,39
134,51,1943.0,3018.0,9.0,5.0,1,35,0,37
134,52,2073.0,3025.0,7.0,5.0,1,34,0,37
134,54,1942.0,3022.0,8.0,5.0,1,35,0,36
134,55,2093.0,3019.0,8.0,6.0,1,29,0,32
134,56,1958.0,3021.0,10.0,8.0,1,27,0,31
134,57,2012.0,3024.0,8.0,6.0,1,28,0,29
134,60,2055.0,3017.0,6.0,7.0,1,25,0,26
134,63,2032.0,3019.0,9.0,6.0,1,21,0,22
134,66,2112.0,3018.0,7.0,7.0,1,15,0,15
134,68,2129.0,3012.0,8.0,8.0,1,10,0,11
134,70,1783.0,3030.0,7.0,9.0,1,10,0,10
134,72,1925.0,3028.0,9.0,8.0,1,5,0,5
135,3,1627.0,3297.0,18.0,5.0,1,122,0,132
135,31,1847.0,3031.0,9.0,9.0,1,58,0,60
135,35,1883.0,3027.0,12.0,8.0,1,52,0,52
135,36,2001.0,3029.0,10.0,6.0,1,49,0,52
135,39,1834.0,3034.0,7.0,7.0,1,49,0,50
135,42,1995.0,3025.0,6.0,6.0,1,47,0,48
135,43,1903.0,3026.0,9.0,7.0,1,45,0,47
135,47,1909.0,3027.0,8.0,7.0,1,41,0,43
135,50,1867.0,3034.0,8.0,7.0,1,40,0,40
135,51,1954.0,3021.0,12.0,8.0,1,36,0,38
135,52,2071.0,3024.0,9.0,7.0,1,35,0,38
135,54,1943.0,3024.0,9.0,9.0,1,36,0,37
135,55,2093.0,3019.0,8.0,6.0,0,29,1,33
135,56,1976.0,3017.0,8.0,7.0,1,28,0,32
135,57,2022.0,3019.0,8.0,7.0,1,29,0,30
135,60,2054.0,3016.0,6.0,7.0,1,26,0,27
135,63,2033.0,3021.0,8.0,8.0,1,22,0,23
135,66,2103.0,3023.0,11.0,6.0,1,16,0,16
135,68,2124.0,3014.0,6.0,7.0,1,11,0,12
135,70,1780.0,3026.0,6.0,6.0,1,11,0,11
135,72,1929.0,3027.0,8.0,5.0,1,6,0,6
135,75,2137.0,3014.0,8.0,7.0,1,3,0,3
136,3,1623.0,3293.0,18.0,7.0,1,123,0,133
136,31,1842.0,3028.0,10.0,7.0,1,59,0,61
136,35,1880.0,3030.0,11.0,6.0,1,53,0,53
136,36,2010.0,3019.0,9.0,7.0,1,50,0,53
136,39,1817.0,3028.0,6.0,8.0,1,50,0,51
136,42,1985.0,3018.0,7.0,7.0,1,48,0,49
136,43,1902.0,3025.0,8.0,8.0,1,46,0,48
136,47,1912.0,3027.0,8.0,8.0,1,42,0,44
136,50,1860.0,3030.0,6.0,6.0,1,41,0,41
136,51,1944.0,3019.0,10.0,7.0,1,37,0,39
136,52,2081.0,3018.0,10.0,6.0,1,36,0,39
136,54,1933.0,3020.0,9.0,7.0,1,37,0,38
136,55,2100.0,3019.0,8.0,7.0,1,30,0,34
136,56,1973.0,3027.0,8.0,6.0,1,29,0,33
136,57,2030.0,3020.0,8.0,8.0,1,30,0,31
136,60,2073.0,3019.0,8.0,8.0,1,27,0,28
136,63,2042.0,3025.0,8.0,7.0,1,23,0,24
136,66,2110.0,3020.0,6.0,8.0,1,17,0,17
136,68,2128.0,3013.0,9.0,6.0,1,12,0,13
136,70,1768.0,3033.0,5.0,9.0,1,12,0,12
136,72,1921.0,3025.0,8.0,6.0,1,7,0,7
136,75,2150.0,3015.0,4.0,6.0,1,4,0,4
136,76,1796.0,3030.0,8.0,8.0,1,3,0,3
137,3,1623.0,3293.0,18.0,7.0,0,123,1,134
137,31,1818.0,3032.0,6.0,5.0,1,60,0,62
137,35,1859.0,3028.0,6.0,8.0,1,54,0,54
137,36,2008.0,3018.0,9.0,9.0,1,51,0,54
137,39,1811.0,3028.0,8.0,9.0,1,51,0,52
137,42,1977.0,3020.0,7.0,7.0,1,49,0,50
137,43,1887.0,3028.0,7.0,7.0,1,47,0,49
137,47,1915.0,3029.0,7.0,5.0,1,43,0,45
137,50,1836.0,3024.0,7.0,11.0,1,42,0,42
137,51,1941.0,3027.0,10.0,6.0,1,38,0,40
137,52,2077.0,3016.0,7.0,10.0,1,37,0,40
137,54,1934.0,3019.0,10.0,7.0,1,38,0,39
137,55,2095.0,3012.0,10.0,8.0,1,31,0,35
137,56,1973.0,3027.0,8.0,6.0,0,29,1,34
137,57,2016.0,3025.0,8.0,6.0,1,31,0,32
137,60,2053.0,3027.0,7.0,8.0,1,28,0,29
137,63,2040.0,3029.0,8.0,7.0,1,24,0,25
137,66,2106.0,3019.0,9.0,7.0,1,18,0,18
137,68,2117.0,3021.0,10.0,5.0,1,13,0,14
137,70,1760.0,3033.0,9.0,7.0,1,13,0,13
137,72,1921.0,3025.0,8.0,6.0,0,7,1,8
137,75,2148.0,3012.0,10.0,8.0,1,5,0,5
137,76,1790.0,3032.0,7.0,8.0,1,4,0,4
138,3,1619.0,3282.0,18.0,6.0,1,124,0,135
138,31,1818.0,3027.0,6.0,6.0,1,61,0,63
138,35,1850.0,3030.0,7.0,8.0,1,55,0,55
138,36,2000.0,3017.0,8.0,6.0,1,52,0,55
138,39,1813.0,3036.0,5.0,7.0,1,52,0,53
138,42,1975.0,3025.0,6.0,5.0,1,50,0,51
138,43,1867.0,3031.0,6.0,6.0,1,48,0,50
138,47,1883.0,3028.0,8.0,8.0,1,44,0,46
138,50,1829.0,3034.0,8.0,8.0,1,43,0,43
138,51,1937.0,3018.0,8.0,7.0,1,39,0,41
138,52,2070.0,3021.0,6.0,8.0,1,38,0,41
138,54,1924.0,3022.0,8.0,9.0,1,39,0,40
138,55,2086.0,3021.0,9.0,9.0,1,32,0,36
138,56,1956.0,3023.0,11.0,6.0,1,30,0,35
138,57,2006.0,3021.0,9.0,7.0,1,32,0,33
138,60,2035.0,3023.0,7.0,8.0,1,29,0,30
138,63,1988.0,3023.0,6.0,5.0,1,25,0,26
138,66,2098.0,3014.0,10.0,8.0,1,19,0,19
138,68,2124.0,3009.0,7.0,6.0,1,14,0,15
138,70,1760.0,3034.0,6.0,8.0,1,14,0,14
138,72,1914.0,3028.0,8.0,5.0,1,8,0,9
138,75,2145.0,3019.0,9.0,8.0,1,6,0,6
138,76,1785.0,3027.0,7.0,6.0,1,5,0,5
139,3,1610.0,3290.0,18.0,7.0,1,125,0,136
139,31,1842.0,3027.0,6.0,8.0,1,62,0,64
139,35,1858.0,3029.0,9.0,7.0,1,56,0,56
139,36,2002.0,3021.0,6.0,6.0,1,53,0,56
139,39,1808.0,3029.0,5.0,7.0,1,53,0,54
139,42,1976.0,3022.0,8.0,7.0,1,51,0,52
139,43,1884.0,3029.0,8.0,8.0,1,49,0,51
139,47,1906.0,3027.0,8.0,3.0,1,45,0,47
139,50,1893.0,3026.0,9.0,7.0,1,44,0,44
139,51,1951.0,3024.0,9.0,7.0,1,40,0,42
139,52,2069.0,3015.0,9.0,7.0,1,39,0,42
139,54,1933.0,3018.0,8.0,7.0,1,40,0,41
139,55,2084.0,3024.0,12.0,8.0,1,33,0,37
139,56,1967.0,3021.0,7.0,5.0,1,31,0,36
139,57,2006.0,3020.0,9.0,6.0,1,33,0,34
139,60,2045.0,3021.0,7.0,6.0,1,30,0,31
139,63,2029.0,3027.0,8.0,7.0,1,26,0,27
139,66,2096.0,3014.0,7.0,11.0,1,20,0,20
139,68,2106.0,3012.0,8.0,8.0,1,15,0,16
139,70,1746.0,3031.0,6.0,5.0,1,15,0,15
139,72,1923.0,3025.0,8.0,7.0,1,9,0,10
139,75,2139.0,3017.0,6.0,7.0,1,7,0,7
139,76,1776.0,3035.0,8.0,6.0,1,6,0,6
140,3,1610.0,3290.0,18.0,7.0,0,125,1,137
140,31,1817.0,3029.0,7.0,10.0,1,63,0,65
140,35,1839.0,3029.0,6.0,7.0,1,57,0,57
140,36,1987.0,3019.0,7.0,7.0,1,54,0,57
140,39,1795.0,3028.0,7.0,5.0,1,54,0,55
140,42,1962.0,3026.0,7.0,4.0,1,52,0,53
140,43,1878.0,3025.0,8.0,8.0,1,50,0,52
140,47,1886.0,3022.0,8.0,8.0,1,46,0,48
140,50,1858.0,3028.0,7.0,7.0,1,45,0,45
140,51,1924.0,3018.0,8.0,5.0,1,41,0,43
140,52,2040.0,3021.0,7.0,9.0,1,40,0,43
140,54,1909.0,3022.0,8.0,7.0,1,41,0,42
140,55,2056.0,3025.0,7.0,5.0,1,34,0,38
140,56,1952.0,3021.0,9.0,8.0,1,32,0,37
140,57,1999.0,3021.0,11.0,8.0,1,34,0,35
140,60,2015.0,3022.0,9.0,7.0,1,31,0,32
140,63,1969.0,3025.0,8.0,6.0,1,27,0,28
140,66,2078.0,3015.0,8.0,8.0,1,21,0,21
140,68,2092.0,3015.0,7.0,8.0,1,16,0,17
140,70,1743.0,3028.0,6.0,7.0,1,16,0,16
140,72,1901.0,3030.0,7.0,6.0,1,10,0,11
140,75,2133.0,3007.0,7.0,8.0,1,8,0,8
140,76,1767.0,3027.0,11.0,7.0,1,7,0,7
141,3,1619.0,3287.0,18.0,7.0,1,126,0,138
141,31,1814.0,3025.0,7.0,11.0,1,64,0,66
141,35,1827.0,3029.0,5.0,6.0,1,58,0,58
141,36,1987.0,3019.0,7.0,7.0,0,54,1,58
141,39,1779.0,3033.0,9.0,9.0,1,55,0,56
141,42,1969.0,3019.0,9.0,6.0,1,53,0,54
141,43,1867.0,3026.0,5.0,9.0,1,51,0,53
141,47,1878.0,3020.0,9.0,8.0,1,47,0,49
141,50,1842.0,3028.0,7.0,7.0,1,46,0,46
141,51,1917.0,3023.0,9.0,6.0,1,42,0,44
141,52,2053.0,3019.0,7.0,8.0,1,41,0,44
141,54,1902.0,3022.0,9.0,7.0,1,42,0,43
141,55,2068.0,3019.0,9.0,8.0,1,35,0,39
141,56,1954.0,3024.0,7.0,7.0,1,33,0,38
141,57,1994.0,3021.0,11.0,6.0,1,35,0,36
141,60,2032.0,3021.0,7.0,7.0,1,32,0,33
141,63,1976.0,3021.0,7.0,7.0,1,28,0,29
141,66,2086.0,3015.0,8.0,10.0,1,22,0,22
141,68,2098.0,3014.0,8.0,6.0,1,17,0,18
141,70,1739.0,3027.0,6.0,7.0,1,17,0,17
141,72,1896.0,3030.0,7.0,6.0,1,11,0,12
141,75,2133.0,3007.0,7.0,8.0,0,8,1,9
141,76,1762.0,3026.0,11.0,7.0,1,8,0,8
142,3,1607.0,3279.0,17.0,7.0,1,127,0,139
142,31,1806.0,3027.0,8.0,11.0,1,65,0,67
142,35,1822.0,3030.0,7.0,8.0,1,59,0,59
142,36,1983.0,3025.0,12.0,5.0,1,55,0,59
142,39,1778.0,3028.0,8.0,10.0,1,56,0,57
142,42,1965.0,3019.0,9.0,7.0,1,54,0,55
142,43,1862.0,3029.0,8.0,8.0,1,52,0,54
142,47,1868.0,3028.0,8.0,7.0,1,48,0,50
142,50,1840.0,3033.0,9.0,7.0,1,47,0,47
142,51,1917.0,3022.0,6.0,4.0,1,43,0,45
142,52,2049.0,3018.0,9.0,8.0,1,42,0,45
142,54,1900.0,3015.0,7.0,8.0,1,43,0,44
142,55,2061.0,3022.0,9.0,9.0,1,36,0,40
142,56,1951.0,3015.0,7.0,10.0,1,34,0,39
142,57,2010.0,3018.0,5.0,7.0,1,36,0,37
142,60,2022.0,3020.0,7.0,7.0,1,33,0,34
142,63,1973.0,3017.0,8.0,5.0,1,29,0,30
142,66,2082.0,3017.0,7.0,10.0,1,23,0,23
142,68,2098.0,3017.0,11.0,8.0,1,18,0,19
142,70,1731.0,3029.0,6.0,6.0,1,18,0,18
142,72,1885.0,3023.0,6.0,6.0,1,12,0,13
142,75,2115.0,3014.0,9.0,7.0,1,9,0,10
142,76,1758.0,3021.0,12.0,7.0,1,9,0,9
142,79,1790.0,3034.0,5.0,7.0,1,3,0,3
143,3,1607.0,3280.0,17.0,6.0,1,128,0,140
143,31,1801.0,3022.0,7.0,10.0,1,66,0,68
143,35,1815.0,3035.0,6.0,7.0,1,60,0,60
143,36,1991.0,3021.0,7.0,4.0,1,56,0,60
143,39,1774.0,3031.0,8.0,13.0,1,57,0,58
143,42,1958.0,3023.0,7.0,6.0,1,55,0,56
143,43,1859.0,3029.0,7.0,9.0,1,53,0,55
143,47,1868.0,3018.0,7.0,7.0,1,49,0,51
143,50,1841.0,3029.0,8.0,7.0,1,48,0,48
143,51,1911.0,3020.0,6.0,8.0,1,44,0,46
143,52,2041.0,3019.0,9.0,9.0,1,43,0,46
143,54,1893.0,3014.0,8.0,9.0,1,44,0,45
143,55,2058.0,3017.0,9.0,8.0,1,37,0,41
143,56,1942.0,3015.0,9.0,10.0,1,35,0,40
143,57,2003.0,3024.0,7.0,6.0,1,37,0,38
143,60,2022.0,3020.0,7.0,7.0,0,33,1,35
143,63,1970.0,3018.0,7.0,7.0,1,30,0,31
143,66,2082.0,3017.0,7.0,10.0,0,23,1,24
143,68,2089.0,3015.0,10.0,8.0,1,19,0,20
143,70,1724.0,3032.0,6.0,8.0,1,19,0,19
143,72,1875.0,3026.0,6.0,4.0,1,13,0,14
143,75,2113.0,3013.0,8.0,7.0,1,10,0,11
143,76,1741.0,3032.0,12.0,8.0,1,10,0,10
143,79,1791.0,3023.0,7.0,7.0,1,4,0,4
144,3,1607.0,3280.0,17.0,6.0,0,128,1,141
144,31,1801.0,3022.0,7.0,10.0,0,66,1,69
144,35,1815.0,3035.0,6.0,7.0,0,60,1,61
144,36,1980.0,3024.0,7.0,7.0,1,57,0,61
144,39,1768.0,3035.0,9.0,5.0,1,58,0,59
144,42,1958.0,3023.0,7.0,6.0,0,55,1,57
144,43,1848.0,3022.0,9.0,8.0,1,54,0,56
144,47,1863.0,3024.0,9.0,7.0,1,50,0,52
144,50,1825.0,3024.0,9.0,7.0,1,49,0,49
144,51,1901.0,3026.0,7.0,6.0,1,45,0,47
144,52,2037.0,3023.0,8.0,7.0,1,44,0,47
144,54,1893.0,3014.0,8.0,9.0,0,44,1,46
144,55,2050.0,3015.0,8.0,8.0,1,38,0,42
144,56,1940.0,3025.0,11.0,7.0,1,36,0,41
144,57,2001.0,3024.0,6.0,6.0,1,38,0,39
144,60,2016.0,3015.0,7.0,8.0,1,34,0,36
144,63,1963.0,3016.0,7.0,5.0,1,31,0,32
144,66,2065.0,3010.0,9.0,8.0,1,24,0,25
144,68,2087.0,3011.0,8.0,7.0,1,20,0,21
144,70,1724.0,3032.0,6.0,8.0,0,19,1,20
144,72,1875.0,3029.0,7.0,6.0,1,14,0,15
144,75,2112.0,3010.0,8.0,7.0,1,11,0,12
144,76,1745.0,3023.0,10.0,7.0,1,11,0,11
144,79,1775.0,3029.0,7.0,6.0,1,5,0,5
144,81,1930.0,3028.0,9.0,6.0,1,3,0,3
145,3,1608.0,3278.0,17.0,6.0,1,129,0,142
145,31,1786.0,3030.0,7.0,9.0,1,67,0,70
145,35,1800.0,3028.0,7.0,7.0,1,61,0,62
145,36,1974.0,3022.0,8.0,6.0,1,58,0,62
145,39,1758.0,3032.0,7.0,5.0,1,59,0,60
145,42,1942.0,3025.0,8.0,8.0,1,56,0,58
145,43,1842.0,3027.0,7.0,7.0,1,55,0,57
145,47,1863.0,3024.0,9.0,7.0,0,50,1,53
145,50,1819.0,3030.0,9.0,7.0,1,50,0,50
145,51,1890.0,3026.0,8.0,6.0,1,46,0,48
145,52,2031.0,3023.0,7.0,7.0,1,45,0,48
145,54,1881.0,3016.0,8.0,7.0,1,45,0,47
145,55,2050.0,3015.0,8.0,8.0,0,38,1,43
145,56,1928.0,3021.0,9.0,8.0,1,37,0,42
145,57,1996.0,3019.0,9.0,8.0,1,39,0,40
145,60,2011.0,3023.0,7.0,7.0,1,35,0,37
145,63,1959.0,3012.0,8.0,8.0,1,32,0,33
145,66,2061.0,3012.0,10.0,9.0,1,25,0,26
145,68,2081.0,3013.0,8.0,7.0,1,21,0,22
145,70,1713.0,3022.0,5.0,7.0,1,20,0,21
145,72,1866.0,3029.0,5.0,3.0,1,15,0,16
145,75,2103.0,3015.0,7.0,6.0,1,12,0,13
145,76,1733.0,3021.0,6.0,7.0,1,12,0,12
145,79,1768.0,3029.0,6.0,5.0,1,6,0,6
145,81,1919.0,3020.0,12.0,7.0,1,4,0,4
146,3,1609.0,3276.0,17.0,6.0,1,130,0,143
146,31,1776.0,3036.0,8.0,8.0,1,68,0,71
146,35,1797.0,3033.0,7.0,7.0,1,62,0,63
146,36,1962.0,3017.0,8.0,6.0,1,59,0,63
146,39,1750.0,3029.0,5.0,5.0,1,60,0,61
146,42,1944.0,3025.0,8.0,5.0,1,57,0,59
146,43,1838.0,3028.0,7.0,9.0,1,56,0,58
146,47,1852.0,3024.0,8.0,7.0,1,51,0,54
146,50,1816.0,3024.0,9.0,7.0,1,51,0,51
146,51,1890.0,3026.0,8.0,6.0,0,46,1,49
146,52,2025.0,3025.0,6.0,5.0,1,46,0,49
146,54,1881.0,3016.0,8.0,7.0,0,45,1,48
146,55,2046.0,3020.0,8.0,9.0,1,39,0,44
146,56,1924.0,3020.0,9.0,9.0,1,38,0,43
146,57,1987.0,3019.0,7.0,5.0,1,40,0,41
146,60,1998.0,3023.0,8.0,7.0,1,36,0,38
146,63,1952.0,3016.0,7.0,7.0,1,33,0,34
146,66,2056.0,3012.0,9.0,9.0,1,26,0,27
146,68,2069.0,3013.0,9.0,6.0,1,22,0,23
146,70,1706.0,3027.0,7.0,8.0,1,21,0,22
146,72,1867.0,3030.0,7.0,6.0,1,16,0,17
146,75,2091.0,3011.0,8.0,7.0,1,13,0,14
146,76,1723.0,3028.0,8.0,7.0,1,13,0,13
146,79,1759.0,3028.0,6.0,6.0,1,7,0,7
146,81,1916.0,3021.0,10.0,8.0,1,5,0,5
147,3,1605.0,3278.0,18.0,9.0,1,131,0,144
147,31,1772.0,3033.0,7.0,8.0,1,69,0,72
147,35,1797.0,3033.0,7.0,7.0,0,62,1,64
147,36,1955.0,3024.0,9.0,7.0,1,60,0,64
147,39,1747.0,3025.0,7.0,8.0,1,61,0,62
147,42,1934.0,3019.0,7.0,6.0,1,58,0,60
147,43,1830.0,3031.0,8.0,8.0,1,57,0,59
147,47,1845.0,3028.0,8.0,7.0,1,52,0,55
147,50,1807.0,3025.0,10.0,8.0,1,52,0,52
147,51,1884.0,3017.0,8.0,8.0,1,47,0,50
147,52,2025.0,3025.0,6.0,5.0,0,46,1,50
147,54,1868.0,3017.0,9.0,8.0,1,46,0,49
147,55,2036.0,3016.0,11.0,9.0,1,40,0,45
147,56,1924.0,3020.0,9.0,9.0,0,38,1,44
147,57,1981.0,3020.0,8.0,6.0,1,41,0,42
147,60,1997.0,3019.0,7.0,8.0,1,37,0,39
147,63,1947.0,3020.0,9.0,7.0,1,34,0,35
147,66,2054.0,3009.0,10.0,11.0,1,27,0,28
147,68,2061.0,3014.0,9.0,7.0,1,23,0,24
147,70,1693.0,3033.0,7.0,8.0,1,22,0,23
147,72,1859.0,3028.0,7.0,4.0,1,17,0,18
147,75,2089.0,3014.0,6.0,7.0,1,14,0,15
147,76,1718.0,3030.0,10.0,8.0,1,14,0,14
147,79,1757.0,3027.0,7.0,5.0,1,8,0,8
147,81,1909.0,3025.0,10.0,7.0,1,6,0,6
148,3,1602.0,3269.0,16.0,7.0,1,132,0,145
148,31,1767.0,3025.0,8.0,9.0,1,70,0,73
148,35,1775.0,3031.0,8.0,9.0,1,63,0,65
148,36,1948.0,3015.0,8.0,7.0,1,61,0,65
148,39,1740.0,3032.0,6.0,3.0,1,62,0,63
148,42,1926.0,3019.0,7.0,5.0,1,59,0,61
148,43,1821.0,3022.0,7.0,9.0,1,58,0,60
148,47,1839.0,3032.0,8.0,7.0,1,53,0,56
148,50,1803.0,3029.0,9.0,8.0,1,53,0,53
148,51,1882.0,3016.0,7.0,7.0,1,48,0,51
148,52,2009.0,3019.0,8.0,9.0,1,47,0,51
148,54,1858.0,3026.0,11.0,8.0,1,47,0,50
148,55,2032.0,3018.0,8.0,7.0,1,41,0,46
148,56,1914.0,3020.0,9.0,7.0,1,39,0,45
148,57,1972.0,3019.0,7.0,7.0,1,42,0,43
148,60,1986.0,3026.0,8.0,8.0,1,38,0,40
148,63,1936.0,3021.0,7.0,6.0,1,35,0,36
148,66,2045.0,3005.0,9.0,11.0,1,28,0,29
148,68,2062.0,3010.0,7.0,8.0,1,24,0,25
148,70,1694.0,3030.0,6.0,8.0,1,23,0,24
148,72,1859.0,3031.0,6.0,7.0,1,18,0,19
148,75,2084.0,3009.0,7.0,8.0,1,15,0,16
148,76,1711.0,3020.0,9.0,9.0,1,15,0,15
148,79,1753.0,3031.0,7.0,6.0,1,9,0,9
148,81,1897.0,3022.0,10.0,8.0,1,7,0,7
149,3,1600.0,3273.0,17.0,7.0,1,133,0,146
149,31,1759.0,3030.0,7.0,10.0,1,71,0,74
149,35,1765.0,3025.0,9.0,8.0,1,64,0,66
149,36,1945.0,3021.0,8.0,8.0,1,62,0,66
149,39,1734.0,3027.0,9.0,5.0,1,63,0,64
149,42,1923.0,3019.0,8.0,6.0,1,60,0,62
149,43,1816.0,3029.0,6.0,8.0,1,59,0,61
149,47,1831.0,3027.0,9.0,8.0,1,54,0,57
149,50,1791.0,3030.0,9.0,7.0,1,54,0,54
149,51,1868.0,3024.0,8.0,6.0,1,49,0,52
149,52,2009.0,3016.0,8.0,9.0,1,48,0,52
149,54,1859.0,3022.0,11.0,7.0,1,48,0,51
149,55,2025.0,3020.0,5.0,9.0,1,42,0,47
149,56,1910.0,3021.0,9.0,5.0,1,40,0,46
149,57,1965.0,3028.0,8.0,5.0,1,43,0,44
149,60,1986.0,3026.0,9.0,5.0,1,39,0,41
149,63,1926.0,3021.0,8.0,7.0,1,36,0,37
149,66,2041.0,3009.0,8.0,9.0,1,29,0,30
149,68,2059.0,3013.0,7.0,8.0,1,25,0,26
149,70,1694.0,3030.0,6.0,8.0,0,23,1,25
149,72,1844.0,3032.0,7.0,7.0,1,19,0,20
149,75,2078.0,3017.0,7.0,7.0,1,16,0,17
149,76,1705.0,3022.0,6.0,7.0,1,16,0,16
149,79,1743.0,3032.0,6.0,6.0,1,10,0,10
149,81,1899.0,3024.0,8.0,6.0,1,8,0,8
150,3,1602.0,3269.0,18.0,8.0,1,134,0,147
150,31,1751.0,3024.0,8.0,11.0,1,72,0,75
150,35,1766.0,3030.0,8.0,8.0,1,65,0,67
150,36,1940.0,3018.0,7.0,7.0,1,63,0,67
150,39,1730.0,3032.0,4.0,7.0,1,64,0,65
150,42,1915.0,3023.0,7.0,6.0,1,61,0,63
150,43,1816.0,3029.0,6.0,8.0,0,59,1,62
150,47,1821.0,3025.0,9.0,8.0,1,55,0,58
150,50,1786.0,3025.0,8.0,7.0,1,55,0,55
150,51,1864.0,3025.0,7.0,5.0,1,50,0,53
150,52,1996.0,3016.0,8.0,10.0,1,49,0,53
150,54,1842.0,3021.0,12.0,10.0,1,49,0,52
150,55,2013.0,3020.0,11.0,8.0,1,43,0,48
150,56,1899.0,3019.0,9.0,7.0,1,41,0,47
150,57,1965.0,3028.0,8.0,5.0,0,43,1,45
150,60,1981.0,3023.0,6.0,7.0,1,40,0,42
150,63,1931.0,3020.0,9.0,7.0,1,37,0,38
150,66,2029.0,3016.0,8.0,10.0,1,30,0,31
150,68,2048.0,3011.0,7.0,7.0,1,26,0,27
150,70,1676.0,3021.0,6.0,6.0,1,24,0,26
150,72,1841.0,3022.0,8.0,6.0,1,20,0,21
150,75,2072.0,3015.0,10.0,6.0,1,17,0,18
150,76,1701.0,3028.0,6.0,8.0,1,17,0,17
150,79,1736.0,3028.0,6.0,6.0,1,11,0,11
150,81,1896.0,3026.0,8.0,5.0,1,9,0,9
151,3,1596.0,3264.0,17.0,7.0,1,135,0,148
151,31,1751.0,3024.0,8.0,11.0,0,72,1,76
151,35,1764.0,3028.0,5.0,6.0,1,66,0,68
151,36,1936.0,3020.0,8.0,7.0,1,64,0,68
151,39,1718.0,3030.0,6.0,7.0,1,65,0,66
151,42,1908.0,3021.0,8.0,6.0,1,62,0,64
151,43,1805.0,3027.0,7.0,7.0,1,60,0,63
151,47,1819.0,3021.0,9.0,9.0,1,56,0,59
151,50,1782.0,3022.0,8.0,8.0,1,56,0,56
151,51,1857.0,3024.0,7.0,8.0,1,51,0,54
151,52,1996.0,3021.0,6.0,7.0,1,50,0,54
151,54,1838.0,3019.0,11.0,8.0,1,50,0,53
151,55,2008.0,3019.0,10.0,7.0,1,44,0,49
151,56,1887.0,3016.0,11.0,8.0,1,42,0,48
151,57,1950.0,3021.0,7.0,8.0,1,44,0,46
151,60,1970.0,3018.0,6.0,6.0,1,41,0,43
151,63,1923.0,3020.0,9.0,7.0,1,38,0,39
151,66,2025.0,3011.0,7.0,12.0,1,31,0,32
151,68,2043.0,3011.0,7.0,8.0,1,27,0,28
151,70,1665.0,3030.0,7.0,7.0,1,25,0,27
151,72,1825.0,3024.0,7.0,6.0,1,21,0,22
151,75,2064.0,3017.0,11.0,8.0,1,18,0,19
151,76,1691.0,3027.0,9.0,6.0,1,18,0,18
151,79,1723.0,3028.0,7.0,5.0,1,12,0,12
151,81,1899.0,3025.0,8.0,8.0,1,10,0,10
152,3,1602.0,3264.0,15.0,6.0,1,136,0,149
152,31,1739.0,3026.0,8.0,11.0,1,73,0,77
152,35,1757.0,3034.0,6.0,7.0,1,67,0,69
152,36,1928.0,3015.0,7.0,9.0,1,65,0,69
152,39,1707.0,3029.0,6.0,7.0,1,66,0,67
152,42,1905.0,3020.0,8.0,9.0,1,63,0,65
152,43,1792.0,3030.0,7.0,7.0,1,61,0,64
152,47,1808.0,3024.0,11.0,8.0,1,57,0,60
152,50,1770.0,3031.0,9.0,8.0,1,57,0,57
152,51,1856.0,3024.0,8.0,8.0,1,52,0,55
152,52,1986.0,3016.0,7.0,7.0,1,51,0,55
152,54,1839.0,3020.0,9.0,7.0,1,51,0,54
152,55,2004.0,3015.0,10.0,8.0,1,45,0,50
152,56,1876.0,3022.0,10.0,7.0,1,43,0,49
152,57,1949.0,3025.0,8.0,7.0,1,45,0,47
152,60,1964.0,3021.0,8.0,5.0,1,42,0,44
152,63,1923.0,3020.0,9.0,7.0,0,38,1,40
152,66,2019.0,3009.0,8.0,11.0,1,32,0,33
152,68,2035.0,3016.0,7.0,7.0,1,28,0,29
152,70,1661.0,3025.0,8.0,6.0,1,26,0,28
152,72,1825.0,3031.0,6.0,6.0,1,22,0,23
152,75,2062.0,3015.0,6.0,9.0,1,19,0,20
152,76,1684.0,3030.0,7.0,7.0,1,19,0,19
152,79,1724.0,3031.0,7.0,7.0,1,13,0,13
152,81,1890.0,3019.0,9.0,6.0,1,11,0,11
153,3,1595.0,3268.0,15.0,8.0,1,137,0,150
153,31,1730.0,3026.0,8.0,11.0,1,74,0,78
153,35,1749.0,3027.0,9.0,8.0,1,68,0,70
153,36,1918.0,3015.0,7.0,8.0,1,66,0,70
153,39,1703.0,3029.0,8.0,7.0,1,67,0,68
153,42,1898.0,3017.0,10.0,7.0,1,64,0,66
153,43,1787.0,3029.0,11.0,7.0,1,62,0,65
153,47,1802.0,3026.0,8.0,7.0,1,58,0,61
153,50,1769.0,3027.0,8.0,8.0,1,58,0,58
153,51,1856.0,3024.0,8.0,8.0,0,52,1,56
153,52,1976.0,3023.0,10.0,10.0,1,52,0,56
153,54,1830.0,3020.0,8.0,7.0,1,52,0,55
153,55,1998.0,3021.0,11.0,8.0,1,46,0,51
153,56,1875.0,3018.0,10.0,8.0,1,44,0,50
153,57,1938.0,3020.0,8.0,7.0,1,46,0,48
153,60,1959.0,3022.0,9.0,6.0,1,43,0,45
153,63,1910.0,3014.0,9.0,7.0,1,39,0,41
153,66,2004.0,3015.0,10.0,9.0,1,33,0,34
153,68,2032.0,3007.0,8.0,8.0,1,29,0,30
153,70,1662.0,3023.0,7.0,8.0,1,27,0,29
153,72,1826.0,3028.0,8.0,5.0,1,23,0,24
153,75,2049.0,3010.0,9.0,9.0,1,20,0,21
153,76,1678.0,3026.0,6.0,9.0,1,20,0,20
153,79,1716.0,3022.0,7.0,5.0,1,14,0,14
153,81,1885.0,3027.0,8.0,10.0,1,12,0,12
154,3,1596.0,3264.0,16.0,9.0,1,138,0,151
154,31,1733.0,3022.0,8.0,10.0,1,75,0,79
154,35,1741.0,3025.0,8.0,8.0,1,69,0,71
154,36,1915.0,3013.0,8.0,10.0,1,67,0,71
154,39,1697.0,3029.0,8.0,5.0,1,68,0,69
154,42,1890.0,3016.0,8.0,7.0,1,65,0,67
154,43,1787.0,3023.0,8.0,8.0,1,63,0,66
154,47,1802.0,3026.0,8.0,7.0,0,58,1,62
154,50,1760.0,3028.0,9.0,7.0,1,59,0,59
154,51,1839.0,3023.0,8.0,6.0,1,53,0,57
154,52,1973.0,3016.0,10.0,7.0,1,53,0,57
154,54,1830.0,3020.0,8.0,7.0,0,52,1,56
154,55,1993.0,3025.0,11.0,8.0,1,47,0,52
154,56,1864.0,3021.0,9.0,7.0,1,45,0,51
154,57,1933.0,3024.0,7.0,10.0,1,47,0,49
154,60,1952.0,3016.0,8.0,8.0,1,44,0,46
154,63,1903.0,3018.0,7.0,7.0,1,40,0,42
154,66,2004.0,3016.0,10.0,9.0,1,34,0,35
154,68,2025.0,3008.0,8.0,8.0,1,30,0,31
154,70,1648.0,3024.0,7.0,8.0,1,28,0,30
154,72,1815.0,3028.0,5.0,5.0,1,24,0,25
154,75,2049.0,3009.0,10.0,9.0,1,21,0,22
154,76,1678.0,3026.0,6.0,9.0,0,20,1,21
154,79,1708.0,3025.0,8.0,5.0,1,15,0,15
154,81,1885.0,3027.0,8.0,10.0,0,12,1,13
155,3,1596.0,3268.0,17.0,8.0,1,139,0,152
155,31,1715.0,3022.0,7.0,10.0,1,76,0,80
155,35,1735.0,3031.0,7.0,7.0,1,70,0,72
155,36,1913.0,3013.0,8.0,10.0,1,68,0,72
155,39,1693.0,3023.0,5.0,6.0,1,69,0,70
155,42,1883.0,3016.0,9.0,8.0,1,66,0,68
155,43,1778.0,3029.0,7.0,7.0,1,64,0,67
155,47,1793.0,3025.0,10.0,8.0,1,59,0,63
155,50,1758.0,3031.0,11.0,7.0,1,60,0,60
155,51,1832.0,3028.0,6.0,7.0,1,54,0,58
155,52,1973.0,3008.0,9.0,10.0,1,54,0,58
155,54,1820.0,3026.0,9.0,7.0,1,53,0,57
155,55,1989.0,3018.0,10.0,7.0,1,48,0,53
155,56,1864.0,3019.0,9.0,8.0,1,46,0,52
155,57,1926.0,3024.0,7.0,6.0,1,48,0,50
155,60,1944.0,3016.0,9.0,7.0,1,45,0,47
155,63,1903.0,3018.0,7.0,7.0,0,40,1,43
155,66,1998.0,3007.0,7.0,9.0,1,35,0,36
155,68,2013.0,3008.0,8.0,9.0,1,31,0,32
155,70,1643.0,3024.0,7.0,7.0,1,29,0,31
155,72,1812.0,3027.0,5.0,6.0,1,25,0,26
155,75,2040.0,3013.0,9.0,8.0,1,22,0,23
155,76,1669.0,3028.0,5.0,6.0,1,21,0,22
155,79,1700.0,3029.0,8.0,5.0,1,16,0,16
155,81,1874.0,3018.0,9.0,9.0,1,13,0,14
156,3,1597.0,3265.0,16.0,8.0,1,140,0,153
156,31,1715.0,3023.0,6.0,11.0,1,77,0,81
156,35,1722.0,3019.0,9.0,10.0,1,71,0,73
156,36,1905.0,3013.0,8.0,12.0,1,69,0,73
156,39,1687.0,3026.0,6.0,5.0,1,70,0,71
156,42,1885.0,3024.0,8.0,9.0,1,67,0,69
156,43,1775.0,3025.0,7.0,7.0,1,65,0,68
156,47,1779.0,3024.0,8.0,7.0,1,60,0,64
156,50,1746.0,3030.0,9.0,7.0,1,61,0,61
156,51,1828.0,3021.0,7.0,6.0,1,55,0,59
156,52,1960.0,3021.0,7.0,5.0,1,55,0,59
156,54,1820.0,3026.0,9.0,7.0,0,53,1,58
156,55,1977.0,3013.0,9.0,6.0,1,49,0,54
156,56,1851.0,3026.0,8.0,5.0,1,47,0,53
156,57,1926.0,3024.0,7.0,6.0,0,48,1,51
156,60,1934.0,3020.0,9.0,8.0,1,46,0,48
156,63,1896.0,3022.0,7.0,8.0,1,41,0,44
156,66,1993.0,3007.0,7.0,10.0,1,36,0,37
156,68,2007.0,3009.0,9.0,10.0,1,32,0,33
156,70,1634.0,3027.0,7.0,5.0,1,30,0,32
156,72,1805.0,3032.0,11.0,8.0,1,26,0,27
156,75,2035.0,3010.0,8.0,8.0,1,23,0,24
156,76,1655.0,3025.0,5.0,5.0,1,22,0,23
156,79,1687.0,3027.0,9.0,5.0,1,17,0,17
156,81,1864.0,3025.0,11.0,6.0,1,14,0,15
157,3,1592.0,3265.0,16.0,9.0,1,141,0,154
157,31,1706.0,3023.0,7.0,10.0,1,78,0,82
157,35,1725.0,3026.0,6.0,6.0,1,72,0,74
157,36,1902.0,3013.0,8.0,12.0,1,70,0,74
157,39,1671.0,3029.0,7.0,8.0,1,71,0,72
157,42,1869.0,3018.0,7.0,7.0,1,68,0,70
157,43,1764.0,3028.0,9.0,8.0,1,66,0,69
157,47,1781.0,3026.0,8.0,7.0,1,61,0,65
157,50,1737.0,3029.0,9.0,7.0,1,62,0,62
157,51,1820.0,3020.0,8.0,7.0,1,56,0,60
157,52,1960.0,3021.0,7.0,5.0,0,55,1,60
157,54,1820.0,3026.0,9.0,7.0,0,53,2,59
157,55,1969.0,3019.0,10.0,7.0,1,50,0,55
157,56,1851.0,3026.0,8.0,5.0,0,47,1,54
157,57,1916.0,3023.0,8.0,5.0,1,49,0,52
157,60,1937.0,3023.0,8.0,7.0,1,47,0,49
157,63,1888.0,3013.0,7.0,9.0,1,42,0,45
157,66,1987.0,3005.0,7.0,10.0,1,37,0,38
157,68,2012.0,3009.0,8.0,8.0,1,33,0,34
157,70,1627.0,3023.0,6.0,5.0,1,31,0,33
157,72,1801.0,3030.0,9.0,7.0,1,27,0,28
157,75,2035.0,3010.0,8.0,8.0,0,23,1,25
157,76,1649.0,3026.0,6.0,6.0,1,23,0,24
157,79,1688.0,3022.0,7.0,6.0,1,18,0,18
157,81,1862.0,3024.0,9.0,7.0,1,15,0,16
158,3,1592.0,3264.0,15.0,9.0,1,142,0,155
158,31,1700.0,3027.0,8.0,11.0,1,79,0,83
158,35,1717.0,3023.0,7.0,7.0,1,73,0,75
158,36,1891.0,3014.0,10.0,10.0,1,71,0,75
158,39,1666.0,3028.0,4.0,6.0,1,72,0,73
158,42,1866.0,3017.0,7.0,8.0,1,69,0,71
158,43,1756.0,3032.0,7.0,7.0,1,67,0,70
158,47,1778.0,3029.0,9.0,5.0,1,62,0,66
158,50,1735.0,3032.0,8.0,7.0,1,63,0,63
158,51,1815.0,3022.0,8.0,6.0,1,57,0,61
158,52,1951.0,3017.0,8.0,9.0,1,56,0,61
158,54,1799.0,3022.0,11.0,10.0,1,54,0,60
158,55,1966.0,3021.0,11.0,7.0,1,51,0,56
158,56,1842.0,3027.0,9.0,7.0,1,48,0,55
158,57,1916.0,3023.0,8.0,5.0,0,49,1,53
158,60,1923.0,3017.0,9.0,5.0,1,48,0,50
158,63,1877.0,3020.0,8.0,8.0,1,43,0,46
158,66,1987.0,3005.0,7.0,10.0,0,37,1,39
158,68,1996.0,3011.0,7.0,9.0,1,34,0,35
158,70,1625.0,3027.0,7.0,6.0,1,32,0,34
158,72,1787.0,3026.0,7.0,5.0,1,28,0,29
158,75,2020.0,3008.0,10.0,10.0,1,24,0,26
158,76,1639.0,3027.0,7.0,7.0,1,24,0,25
158,79,1678.0,3021.0,7.0,7.0,1,19,0,19
158,81,1861.0,3019.0,8.0,10.0,1,16,0,17
159,3,1591.0,3260.0,16.0,8.0,1,143,0,156
159,31,1699.0,3026.0,8.0,9.0,1,80,0,84
159,35,1707.0,3022.0,7.0,6.0,1,74,0,76
159,36,1888.0,3017.0,10.0,8.0,1,72,0,76
159,39,1662.0,3025.0,4.0,7.0,1,73,0,74
159,42,1865.0,3012.0,7.0,10.0,1,70,0,72
159,43,1753.0,3026.0,9.0,6.0,1,68,0,71
159,47,1769.0,3034.0,10.0,6.0,1,63,0,67
159,50,1723.0,3029.0,9.0,7.0,1,64,0,64
159,51,1814.0,3022.0,7.0,5.0,1,58,0,62
159,52,1941.0,3018.0,8.0,8.0,1,57,0,62
159,54,1794.0,3022.0,8.0,7.0,1,55,0,61
159,55,1965.0,3021.0,8.0,6.0,1,52,0,57
159,56,1837.0,3021.0,8.0,11.0,1,49,0,56
159,57,1916.0,3023.0,8.0,5.0,0,49,2,54
159,60,1918.0,3012.0,8.0,9.0,1,49,0,51
159,63,1870.0,3018.0,11.0,7.0,1,44,0,47
159,66,1979.0,3007.0,7.0,10.0,1,38,0,40
159,68,1994.0,3013.0,7.0,7.0,1,35,0,36
159,70,1616.0,3019.0,8.0,7.0,1,33,0,35
159,72,1782.0,3024.0,6.0,3.0,1,29,0,30
159,75,2018.0,3012.0,10.0,8.0,1,25,0,27
159,76,1637.0,3027.0,8.0,6.0,1,25,0,26
159,79,1677.0,3028.0,7.0,6.0,1,20,0,20
159,81,1861.0,3019.0,8.0,10.0,0,16,1,18
160,3,1596.0,3261.0,15.0,9.0,1,144,0,157
160,31,1690.0,3023.0,7.0,8.0,1,81,0,85
160,35,1705.0,3029.0,6.0,8.0,1,75,0,77
160,36,1883.0,3015.0,9.0,9.0,1,73,0,77
160,39,1654.0,3023.0,9.0,5.0,1,74,0,75
160,42,1856.0,3019.0,9.0,11.0,1,71,0,73
160,43,1745.0,3027.0,7.0,7.0,1,69,0,72
160,47,1759.0,3028.0,10.0,7.0,1,64,0,68
160,50,1724.0,3029.0,8.0,6.0,1,65,0,65
160,51,1806.0,3025.0,8.0,5.0,1,59,0,63
160,52,1941.0,3018.0,8.0,8.0,0,57,1,63
160,54,1788.0,3020.0,8.0,8.0,1,56,0,62
160,55,1958.0,3020.0,10.0,7.0,1,53,0,58
160,56,1835.0,3019.0,8.0,9.0,1,50,0,57
160,57,1898.0,3020.0,6.0,6.0,1,50,0,55
160,60,1912.0,3021.0,8.0,6.0,1,50,0,52
160,63,1870.0,3018.0,11.0,7.0,0,44,1,48
160,66,1971.0,3011.0,6.0,10.0,1,39,0,41
160,68,1964.0,2898.0,12.0,10.0,1,36,0,37
160,70,1616.0,3019.0,8.0,7.0,0,33,1,36
160,72,1774.0,3028.0,6.0,5.0,1,30,0,31
160,75,2013.0,3014.0,8.0,8.0,1,26,0,28
160,76,1629.0,3021.0,6.0,8.0,1,26,0,27
160,79,1667.0,3023.0,6.0,7.0,1,21,0,21
160,81,1841.0,3021.0,9.0,6.0,1,17,0,19
161,3,1597.0,3254.0,15.0,7.0,1,145,0,158
161,31,1675.0,3029.0,7.0,11.0,1,82,0,86
161,35,1696.0,3027.0,6.0,6.0,1,76,0,78
161,36,1893.0,3030.0,6.0,5.0,1,74,0,78
161,39,1647.0,3023.0,11.0,5.0,1,75,0,76
161,42,1874.0,3021.0,9.0,8.0,1,72,0,74
161,43,1745.0,3026.0,7.0,7.0,1,70,0,73
161,47,1752.0,3027.0,9.0,7.0,1,65,0,69
161,50,1717.0,3028.0,8.0,6.0,1,66,0,66
161,51,1798.0,3023.0,6.0,5.0,1,60,0,64
161,52,1943.0,3020.0,10.0,9.0,1,58,0,64
161,54,1782.0,3021.0,6.0,8.0,1,57,0,63
161,55,1963.0,3011.0,7.0,10.0,1,54,0,59
161,56,1823.0,3022.0,11.0,8.0,1,51,0,58
161,57,1902.0,3016.0,7.0,5.0,1,51,0,56
161,60,1929.0,3014.0,8.0,7.0,1,51,0,53
161,63,1859.0,3019.0,10.0,5.0,1,45,0,49
161,66,1976.0,3014.0,10.0,9.0,1,40,0,42
161,68,1964.0,2898.0,12.0,10.0,0,36,1,38
161,70,1616.0,3019.0,8.0,7.0,0,33,2,37
161,72,1774.0,3028.0,6.0,5.0,0,30,1,32
161,75,2011.0,3007.0,8.0,9.0,1,27,0,29
161,76,1625.0,3020.0,6.0,6.0,1,27,0,28
161,79,1664.0,3021.0,7.0,6.0,1,22,0,22
161,81,1836.0,3023.0,10.0,6.0,1,18,0,20
162,3,1593.0,3253.0,15.0,8.0,1,146,0,159
162,31,1670.0,3023.0,8.0,8.0,1,83,0,87
162,35,1691.0,3027.0,8.0,9.0,1,77,0,79
162,36,1884.0,3022.0,5.0,9.0,1,75,0,79
162,39,1637.0,3027.0,8.0,6.0,1,76,0,77
162,42,1856.0,3021.0,10.0,6.0,1,73,0,75
162,43,1729.0,3020.0,8.0,5.0,1,71,0,74
162,47,1745.0,3022.0,8.0,7.0,1,66,0,70
162,50,1711.0,3021.0,8.0,6.0,1,67,0,67
162,51,1790.0,3025.0,8.0,6.0,1,61,0,65
162,52,1942.0,3022.0,7.0,9.0,1,59,0,65
162,54,1778.0,3013.0,8.0,9.0,1,58,0,64
162,55,1958.0,3012.0,8.0,11.0,1,55,0,60
162,56,1821.0,3018.0,9.0,7.0,1,52,0,59
162,57,1899.0,3023.0,7.0,6.0,1,52,0,57
162,60,1921.0,3014.0,8.0,9.0,1,52,0,54
162,63,1842.0,3019.0,9.0,10.0,1,46,0,50
162,66,1972.0,3015.0,11.0,8.0,1,41,0,43
162,68,1872.0,3017.0,9.0,8.0,1,37,0,39
162,70,1595.0,3019.0,10.0,7.0,1,34,0,38
162,72,1760.0,3022.0,7.0,5.0,1,31,0,33
162,75,1999.0,3015.0,9.0,7.0,1,28,0,30
162,76,1610.0,3020.0,5.0,5.0,1,28,0,29
162,79,1657.0,3023.0,7.0,6.0,1,23,0,23
162,81,1838.0,3014.0,7.0,9.0,1,19,0,21
163,3,1593.0,3253.0,15.0,8.0,0,146,1,160
163,31,1659.0,3019.0,8.0,11.0,1,84,0,88
163,35,1681.0,3030.0,6.0,6.0,1,78,0,80
163,36,1861.0,3022.0,10.0,7.0,1,76,0,80
163,39,1637.0,3019.0,8.0,8.0,1,77,0,78
163,42,1850.0,3018.0,9.0,7.0,1,74,0,76
163,43,1724.0,3022.0,6.0,6.0,1,72,0,75
163,47,1748.0,3029.0,8.0,7.0,1,67,0,71
163,50,1701.0,3020.0,8.0,7.0,1,68,0,68
163,51,1788.0,3017.0,7.0,7.0,1,62,0,66
163,52,1942.0,3022.0,7.0,9.0,0,59,1,66
163,54,1766.0,3016.0,11.0,8.0,1,59,0,65
163,55,1957.0,3011.0,6.0,11.0,1,56,0,61
163,56,1812.0,3016.0,9.0,7.0,1,53,0,60
163,57,1891.0,3016.0,8.0,8.0,1,53,0,58
163,60,1920.0,3019.0,7.0,6.0,1,53,0,55
163,63,1837.0,3023.0,10.0,8.0,1,47,0,51
163,66,1963.0,3009.0,10.0,8.0,1,42,0,44
163,68,1878.0,3015.0,9.0,6.0,1,38,0,40
163,70,1584.0,3023.0,10.0,8.0,1,35,0,39
163,72,1754.0,3026.0,5.0,5.0,1,32,0,34
163,75,1997.0,3012.0,9.0,8.0,1,29,0,31
163,76,1607.0,3019.0,8.0,8.0,1,29,0,30
163,79,1649.0,3025.0,8.0,9.0,1,24,0,24
163,81,1826.0,3027.0,7.0,5.0,1,20,0,22
164,3,1597.0,3259.0,16.0,8.0,1,147,0,161
164,31,1658.0,3024.0,7.0,9.0,1,85,0,89
164,35,1671.0,3021.0,7.0,10.0,1,79,0,81
164,36,1871.0,3023.0,8.0,7.0,1,77,0,81
164,39,1637.0,3019.0,8.0,8.0,0,77,1,79
164,42,1842.0,3018.0,10.0,7.0,1,75,0,77
164,43,1722.0,3023.0,8.0,7.0,1,73,0,76
164,47,1731.0,3025.0,9.0,6.0,1,68,0,72
164,50,1702.0,3022.0,7.0,6.0,1,69,0,69
164,51,1780.0,3025.0,6.0,7.0,1,63,0,67
164,52,1942.0,3022.0,7.0,9.0,0,59,2,67
164,54,1763.0,3017.0,7.0,8.0,1,60,0,66
164,55,1948.0,3014.0,7.0,10.0,1,57,0,62
164,56,1802.0,3017.0,7.0,7.0,1,54,0,61
164,57,1892.0,3015.0,8.0,6.0,1,54,0,59
164,60,1913.0,3016.0,7.0,7.0,1,54,0,56
164,63,1830.0,3014.0,9.0,7.0,1,48,0,52
164,66,1959.0,3010.0,10.0,10.0,1,43,0,45
164,68,1852.0,3020.0,9.0,6.0,1,39,0,41
164,70,1580.0,3023.0,9.0,6.0,1,36,0,40
164,72,1751.0,3021.0,6.0,5.0,1,33,0,35
164,75,1994.0,3011.0,8.0,10.0,1,30,0,32
164,76,1606.0,3022.0,7.0,6.0,1,30,0,31
164,79,1639.0,3021.0,7.0,9.0,1,25,0,25
164,81,1818.0,3025.0,9.0,8.0,1,21,0,23
165,3,1592.0,3260.0,16.0,8.0,1,148,0,162
165,31,1647.0,3023.0,9.0,10.0,1,86,0,90
165,35,1671.0,3021.0,7.0,10.0,0,79,1,82
165,36,1871.0,3023.0,8.0,7.0,0,77,1,82
165,39,1618.0,3030.0,7.0,7.0,1,78,0,80
165,42,1837.0,3020.0,8.0,5.0,1,76,0,78
165,43,1710.0,3022.0,6.0,5.0,1,74,0,77
165,47,1729.0,3017.0,9.0,8.0,1,69,0,73
165,50,1693.0,3028.0,7.0,5.0,1,70,0,70
165,51,1771.0,3022.0,6.0,5.0,1,64,0,68
165,52,1926.0,3022.0,9.0,8.0,1,60,0,68
165,54,1754.0,3017.0,9.0,7.0,1,61,0,67
165,55,1936.0,3004.0,9.0,11.0,1,58,0,63
165,56,1798.0,3030.0,9.0,7.0,1,55,0,62
165,57,1883.0,3018.0,7.0,6.0,1,55,0,60
165,60,1902.0,3014.0,8.0,6.0,1,55,0,57
165,63,1826.0,3021.0,8.0,10.0,1,49,0,53
165,66,1954.0,3013.0,10.0,7.0,1,44,0,46
165,68,1843.0,3014.0,9.0,6.0,1,40,0,42
165,70,1572.0,3011.0,8.0,10.0,1,37,0,41
165,72,1740.0,3019.0,6.0,6.0,1,34,0,36
165,75,1994.0,3011.0,8.0,10.0,0,30,1,33
165,76,1593.0,3018.0,8.0,9.0,1,31,0,32
165,79,1631.0,3018.0,7.0,7.0,1,26,0,26
165,81,1814.0,3020.0,9.0,7.0,1,22,0,24
166,3,1590.0,3260.0,16.0,8.0,1,149,0,163
166,31,1648.0,3022.0,9.0,11.0,1,87,0,91
166,35,1663.0,3025.0,6.0,9.0,1,80,0,83
166,36,1864.0,3014.0,6.0,8.0,1,78,0,83
166,39,1615.0,3026.0,7.0,7.0,1,79,0,81
166,42,1837.0,3020.0,8.0,5.0,0,76,1,79
166,43,1711.0,3022.0,7.0,6.0,1,75,0,78
166,47,1726.0,3023.0,8.0,6.0,1,70,0,74
166,50,1684.0,3026.0,8.0,5.0,1,71,0,71
166,51,1763.0,3023.0,7.0,6.0,1,65,0,69
166,52,1910.0,3025.0,10.0,5.0,1,61,0,69
166,54,1743.0,3020.0,10.0,6.0,1,62,0,68
166,55,1922.0,3012.0,8.0,8.0,1,59,0,64
166,56,1796.0,3026.0,10.0,6.0,1,56,0,63
166,57,1872.0,3022.0,8.0,6.0,1,56,0,61
166,60,1900.0,3012.0,7.0,10.0,1,56,0,58
166,63,1819.0,3013.0,7.0,9.0,1,50,0,54
166,66,1949.0,3012.0,7.0,8.0,1,45,0,47
166,68,1843.0,3014.0,9.0,6.0,0,40,1,43
166,70,1559.0,3022.0,10.0,7.0,1,38,0,42
166,72,1737.0,3022.0,9.0,6.0,1,35,0,37
166,75,1977.0,3012.0,8.0,9.0,1,31,0,34
166,76,1593.0,3018.0,8.0,9.0,0,31,1,33
166,79,1625.0,3023.0,6.0,8.0,1,27,0,27
166,81,1809.0,3018.0,8.0,9.0,1,23,0,25
167,3,1598.0,3256.0,16.0,8.0,1,150,0,164
167,31,1635.0,3024.0,9.0,12.0,1,88,0,92
167,35,1656.0,3023.0,7.0,8.0,1,81,0,84
167,36,1854.0,3018.0,7.0,7.0,1,79,0,84
167,39,1604.0,3019.0,5.0,10.0,1,80,0,82
167,42,1836.0,3022.0,9.0,8.0,1,77,0,80
167,43,1702.0,3023.0,8.0,6.0,1,76,0,79
167,47,1715.0,3027.0,9.0,7.0,1,71,0,75
167,50,1677.0,3026.0,9.0,7.0,1,72,0,72
167,51,1762.0,3016.0,9.0,7.0,1,66,0,70
167,52,2055.0,3074.0,15.0,10.0,1,62,0,70
167,54,1738.0,3023.0,8.0,6.0,1,63,0,69
167,55,1930.0,3015.0,6.0,8.0,1,60,0,65
167,56,1786.0,3024.0,8.0,8.0,1,57,0,64
167,57,1885.0,3015.0,9.0,8.0,1,57,0,62
167,60,1908.0,3016.0,9.0,9.0,1,57,0,59
167,63,1819.0,3013.0,7.0,9.0,0,50,1,55
167,66,1945.0,3017.0,7.0,8.0,1,46,0,48
167,68,1817.0,3023.0,9.0,10.0,1,41,0,44
167,70,1556.0,3015.0,9.0,8.0,1,39,0,43
167,72,1731.0,3021.0,7.0,5.0,1,36,0,38
167,75,1972.0,3012.0,8.0,9.0,1,32,0,35
167,76,1580.0,3024.0,9.0,5.0,1,32,0,34
167,79,1621.0,3021.0,7.0,6.0,1,28,0,28
167,81,1804.0,3024.0,8.0,5.0,1,24,0,26
168,3,1591.0,3263.0,13.0,8.0,1,151,0,165
168,31,1630.0,3023.0,8.0,8.0,1,89,0,93
168,35,1646.0,3020.0,9.0,7.0,1,82,0,85
168,36,1846.0,3020.0,7.0,7.0,1,80,0,85
168,39,1604.0,3019.0,5.0,10.0,0,80,1,83
168,42,1826.0,3020.0,12.0,8.0,1,78,0,81
168,43,1696.0,3022.0,8.0,8.0,1,77,0,80
168,47,1707.0,3020.0,9.0,8.0,1,72,0,76
168,50,1670.0,3027.0,9.0,7.0,1,73,0,73
168,51,1752.0,3023.0,9.0,8.0,1,67,0,71
168,52,1965.0,3018.0,6.0,7.0,1,63,0,71
168,54,1729.0,3021.0,10.0,6.0,1,64,0,70
168,55,1902.0,3016.0,10.0,8.0,1,61,0,66
168,56,1782.0,3026.0,10.0,6.0,1,58,0,65
168,57,1861.0,3018.0,8.0,8.0,1,58,0,63
168,60,1881.0,3023.0,7.0,8.0,1,58,0,60
168,63,1821.0,3019.0,8.0,7.0,1,51,0,56
168,66,1935.0,3014.0,8.0,7.0,1,47,0,49
168,68,1809.0,3019.0,6.0,7.0,1,42,0,45
168,70,1555.0,3019.0,6.0,6.0,1,40,0,44
168,72,1727.0,3023.0,8.0,7.0,1,37,0,39
168,75,1912.0,3006.0,8.0,10.0,1,33,0,36
168,76,1573.0,3020.0,10.0,6.0,1,33,0,35
168,79,1611.0,3028.0,7.0,6.0,1,29,0,29
168,81,1799.0,3023.0,7.0,6.0,1,25,0,27
169,3,1592.0,3258.0,14.0,7.0,1,152,0,166
169,31,1620.0,3025.0,8.0,9.0,1,90,0,94
169,35,1646.0,3020.0,9.0,7.0,0,82,1,86
169,36,1846.0,3020.0,7.0,7.0,0,80,1,86
169,39,1591.0,3018.0,9.0,10.0,1,81,0,84
169,42,1825.0,3018.0,10.0,6.0,1,79,0,82
169,43,1686.0,3029.0,9.0,6.0,1,78,0,81
169,47,1709.0,3019.0,9.0,6.0,1,73,0,77
169,50,1669.0,3018.0,10.0,8.0,1,74,0,74
169,51,1746.0,3023.0,7.0,7.0,1,68,0,72
169,52,1957.0,3010.0,6.0,9.0,1,64,0,72
169,54,1728.0,3018.0,9.0,8.0,1,65,0,71
169,55,1898.0,3022.0,8.0,11.0,1,62,0,67
169,56,1773.0,3020.0,10.0,7.0,1,59,0,66
169,57,1853.0,3018.0,8.0,7.0,1,59,0,64
169,60,1886.0,3015.0,7.0,8.0,1,59,0,61
169,63,1811.0,3023.0,6.0,4.0,1,52,0,57
169,66,1928.0,3014.0,9.0,9.0,1,48,0,50
169,68,1787.0,3024.0,8.0,4.0,1,43,0,46
169,70,1542.0,3017.0,9.0,9.0,1,41,0,45
169,72,1716.0,3020.0,8.0,7.0,1,38,0,40
169,75,1915.0,3019.0,8.0,7.0,1,34,0,37
169,76,1565.0,3021.0,6.0,7.0,1,34,0,36
169,79,1610.0,3028.0,6.0,5.0,1,30,0,30
169,81,1801.0,3024.0,9.0,7.0,1,26,0,28
170,3,1592.0,3258.0,14.0,7.0,0,152,1,167
170,31,1615.0,3020.0,10.0,9.0,1,91,0,95
170,35,1629.0,3028.0,8.0,9.0,1,83,0,87
170,36,1832.0,3014.0,7.0,9.0,1,81,0,87
170,39,1591.0,3026.0,5.0,4.0,1,82,0,85
170,42,1813.0,3024.0,8.0,7.0,1,80,0,83
170,43,1679.0,3022.0,9.0,8.0,1,79,0,82
170,47,1706.0,3022.0,9.0,6.0,1,74,0,78
170,50,1655.0,3028.0,10.0,8.0,1,75,0,75
170,51,1746.0,3023.0,7.0,7.0,0,68,1,73
170,52,1949.0,3012.0,6.0,10.0,1,65,0,73
170,54,1721.0,3018.0,7.0,7.0,1,66,0,72
170,55,1898.0,3022.0,8.0,11.0,0,62,1,68
170,56,1770.0,3016.0,10.0,8.0,1,60,0,67
170,57,1844.0,3020.0,9.0,10.0,1,60,0,65
170,60,1885.0,3016.0,9.0,6.0,1,60,0,62
170,63,1803.0,3018.0,7.0,4.0,1,53,0,58
170,66,1923.0,3008.0,9.0,9.0,1,49,0,51
170,68,1791.0,3014.0,6.0,7.0,1,44,0,47
170,70,1538.0,3016.0,6.0,7.0,1,42,0,46
170,72,1709.0,3025.0,7.0,6.0,1,39,0,41
170,75,1901.0,3015.0,8.0,5.0,1,35,0,38
170,76,1562.0,3021.0,7.0,5.0,1,35,0,37
170,79,1602.0,3023.0,7.0,5.0,1,31,0,31
170,81,1791.0,3021.0,8.0,6.0,1,27,0,29
171,3,1594.0,3262.0,15.0,7.0,1,153,0,168
171,31,1606.0,3023.0,8.0,9.0,1,92,0,96
171,35,1622.0,3019.0,9.0,7.0,1,84,0,88
171,36,1835.0,3023.0,6.0,5.0,1,82,0,88
171,39,1580.0,3018.0,4.0,7.0,1,83,0,86
171,42,1812.0,3025.0,9.0,5.0,1,81,0,84
171,43,1673.0,3023.0,10.0,9.0,1,80,0,83
171,47,1687.0,3023.0,10.0,6.0,1,75,0,79
171,50,1646.0,3031.0,9.0,7.0,1,76,0,76
171,51,1738.0,3021.0,4.0,8.0,1,69,0,74
171,52,1949.0,3012.0,6.0,10.0,0,65,1,74
171,54,1714.0,3019.0,10.0,8.0,1,67,0,73
171,55,1887.0,3019.0,8.0,9.0,1,63,0,69
171,56,1770.0,3016.0,10.0,8.0,0,60,1,68
171,57,1840.0,3013.0,9.0,8.0,1,61,0,66
171,60,1885.0,3016.0,9.0,6.0,0,60,1,63
171,63,1797.0,3017.0,6.0,4.0,1,54,0,59
171,66,1918.0,3018.0,9.0,8.0,1,50,0,52
171,68,1778.0,3021.0,8.0,4.0,1,45,0,48
171,70,1534.0,3022.0,8.0,5.0,1,43,0,47
171,72,1707.0,3023.0,7.0,5.0,1,40,0,42
171,75,1903.0,3010.0,7.0,9.0,1,36,0,39
171,76,1548.0,3015.0,8.0,7.0,1,36,0,38
171,79,1591.0,3022.0,7.0,5.0,1,32,0,32
171,81,1791.0,3021.0,8.0,6.0,0,27,1,30
172,3,1596.0,3258.0,18.0,8.0,1,154,0,169
172,31,1605.0,3017.0,8.0,7.0,1,93,0,97
172,35,1624.0,3018.0,10.0,10.0,1,85,0,89
172,36,1823.0,3021.0,7.0,6.0,1,83,0,89
172,39,1580.0,3018.0,4.0,7.0,0,83,1,87
172,42,1806.0,3020.0,7.0,6.0,1,82,0,85
172,43,1667.0,3020.0,9.0,7.0,1,81,0,84
172,47,1687.0,3023.0,10.0,6.0,0,75,1,80
172,50,1643.0,3023.0,9.0,8.0,1,77,0,77
172,51,1730.0,3010.0,6.0,8.0,1,70,0,75
172,52,1938.0,3013.0,8.0,6.0,1,66,0,75
172,54,1710.0,3015.0,9.0,6.0,1,68,0,74
172,55,1878.0,3020.0,8.0,6.0,1,64,0,70
172,56,1752.0,3016.0,9.0,9.0,1,61,0,69
172,57,1835.0,3017.0,7.0,7.0,1,62,0,67
172,60,1858.0,3020.0,8.0,9.0,1,61,0,64
172,63,1789.0,3017.0,6.0,5.0,1,55,0,60
172,66,1909.0,3009.0,11.0,8.0,1,51,0,53
172,68,1772.0,3022.0,7.0,5.0,1,46,0,49
172,70,1534.0,3022.0,8.0,5.0,0,43,1,48
172,72,1699.0,3023.0,7.0,5.0,1,41,0,43
172,75,1903.0,3010.0,7.0,9.0,0,36,1,40
172,76,1542.0,3020.0,9.0,8.0,1,37,0,39
172,79,1584.0,3021.0,7.0,7.0,1,33,0,33
172,81,1780.0,3018.0,8.0,7.0,1,28,0,31
173,3,1596.0,3264.0,18.0,9.0,1,155,0,170
173,31,1598.0,3026.0,9.0,7.0,1,94,0,98
173,35,1612.0,3020.0,8.0,8.0,1,86,0,90
173,36,1813.0,3017.0,8.0,6.0,1,84,0,90
173,39,1565.0,3020.0,5.0,7.0,1,84,0,88
173,42,1801.0,3024.0,8.0,6.0,1,83,0,86
173,43,1660.0,3027.0,7.0,6.0,1,82,0,85
173,47,1678.0,3022.0,7.0,7.0,1,76,0,81
173,50,1635.0,3026.0,8.0,8.0,1,78,0,78
173,51,1721.0,3019.0,6.0,6.0,1,71,0,76
173,52,1931.0,3017.0,6.0,8.0,1,67,0,76
173,54,1700.0,3014.0,12.0,10.0,1,69,0,75
173,55,1877.0,3018.0,7.0,6.0,1,65,0,71
173,56,1750.0,3021.0,12.0,8.0,1,62,0,70
173,57,1830.0,3020.0,6.0,7.0,1,63,0,68
173,60,1857.0,3023.0,7.0,9.0,1,62,0,65
173,63,1787.0,3018.0,7.0,6.0,1,56,0,61
173,66,1909.0,3009.0,11.0,8.0,0,51,1,54
173,68,1764.0,3019.0,6.0,5.0,1,47,0,50
173,70,1521.0,3014.0,6.0,6.0,1,44,0,49
173,72,1690.0,3029.0,7.0,5.0,1,42,0,44
173,75,1903.0,3010.0,7.0,9.0,0,36,2,41
173,76,1537.0,3018.0,10.0,7.0,1,38,0,40
173,79,1578.0,3021.0,7.0,5.0,1,34,0,34
173,81,1775.0,3017.0,8.0,10.0,1,29,0,32
174,3,1591.0,3266.0,19.0,8.0,1,156,0,171
174,31,1595.0,3020.0,8.0,7.0,1,95,0,99
174,35,1606.0,3022.0,10.0,8.0,1,87,0,91
174,36,1806.0,3017.0,8.0,7.0,1,85,0,91
174,39,1560.0,3020.0,5.0,5.0,1,85,0,89
174,42,1798.0,3019.0,9.0,6.0,1,84,0,87
174,43,1652.0,3023.0,6.0,6.0,1,83,0,86
174,47,1671.0,3025.0,9.0,7.0,1,77,0,82
174,50,1626.0,3023.0,9.0,7.0,1,79,0,79
174,51,1710.0,3018.0,6.0,6.0,1,72,0,77
174,52,1922.0,3013.0,6.0,11.0,1,68,0,77
174,54,1694.0,3009.0,9.0,8.0,1,70,0,76
174,55,1866.0,3020.0,7.0,8.0,1,66,0,72
174,56,1750.0,3021.0,12.0,8.0,0,62,1,71
174,57,1824.0,3013.0,8.0,11.0,1,64,0,69
174,60,1850.0,3021.0,6.0,10.0,1,63,0,66
174,63,1784.0,3014.0,6.0,6.0,1,57,0,62
174,66,1899.0,3014.0,8.0,6.0,1,52,0,55
174,68,1749.0,3020.0,8.0,8.0,1,48,0,51
174,70,1513.0,3011.0,8.0,8.0,1,45,0,50
174,72,1687.0,3019.0,6.0,6.0,1,43,0,45
174,75,1903.0,3010.0,7.0,9.0,0,36,3,42
174,76,1532.0,3012.0,9.0,7.0,1,39,0,41
174,79,1568.0,3011.0,7.0,6.0,1,35,0,35
174,81,1759.0,3021.0,7.0,6.0,1,30,0,33
175,3,1593.0,3264.0,19.0,7.0,1,157,0,172
175,31,1582.0,3017.0,7.0,7.0,1,96,0,100
175,35,1600.0,3023.0,9.0,7.0,1,88,0,92
175,36,1809.0,3023.0,9.0,7.0,1,86,0,92
175,39,1556.0,3017.0,6.0,6.0,1,86,0,90
175,42,1784.0,3022.0,8.0,6.0,1,85,0,88
175,43,1651.0,3024.0,5.0,6.0,1,84,0,87
175,47,1671.0,3025.0,9.0,7.0,0,77,1,83
175,50,1623.0,3022.0,10.0,7.0,1,80,0,80
175,51,1711.0,3020.0,5.0,6.0,1,73,0,78
175,52,1917.0,3010.0,7.0,11.0,1,69,0,78
175,54,1690.0,3010.0,8.0,7.0,1,71,0,77
175,55,1856.0,3020.0,6.0,8.0,1,67,0,73
175,56,1737.0,3014.0,10.0,10.0,1,63,0,72
175,57,1815.0,3012.0,10.0,9.0,1,65,0,70
175,60,1844.0,3017.0,8.0,8.0,1,64,0,67
175,63,1769.0,3019.0,4.0,5.0,1,58,0,63
175,66,1890.0,3019.0,9.0,7.0,1,53,0,56
175,68,1760.0,3020.0,7.0,5.0,1,49,0,52
175,70,1502.0,3021.0,5.0,6.0,1,46,0,51
175,72,1678.0,3019.0,6.0,6.0,1,44,0,46
175,75,1874.0,3009.0,6.0,7.0,1,37,0,43
175,76,1525.0,3019.0,9.0,7.0,1,40,0,42
175,79,1570.0,3023.0,7.0,5.0,1,36,0,36
175,81,1766.0,3016.0,5.0,7.0,1,31,0,34
176,3,1594.0,3263.0,16.0,7.0,1,158,0,173
176,31,1580.0,3020.0,8.0,8.0,1,97,0,101
176,35,1596.0,3012.0,7.0,8.0,1,89,0,93
176,36,1803.0,3018.0,7.0,8.0,1,87,0,93
176,39,1544.0,3017.0,7.0,5.0,1,87,0,91
176,42,1774.0,3011.0,8.0,7.0,1,86,0,89
176,43,1642.0,3019.0,8.0,8.0,1,85,0,88
176,47,1661.0,3017.0,9.0,9.0,1,78,0,84
176,50,1613.0,3020.0,10.0,7.0,1,81,0,81
176,51,1711.0,3020.0,5.0,6.0,0,73,1,79
176,52,1916.0,3012.0,8.0,9.0,1,70,0,79
176,54,1683.0,3022.0,8.0,7.0,1,72,0,78
176,55,1851.0,3021.0,9.0,9.0,1,68,0,74
176,56,1727.0,3018.0,8.0,7.0,1,64,0,73
176,57,1808.0,3011.0,8.0,8.0,1,66,0,71
176,60,1831.0,3008.0,6.0,10.0,1,65,0,68
176,63,1765.0,3018.0,6.0,6.0,1,59,0,64
176,66,1883.0,3012.0,9.0,7.0,1,54,0,57
176,68,1742.0,3015.0,7.0,5.0,1,50,0,53
176,70,1496.0,3016.0,7.0,6.0,1,47,0,52
176,72,1674.0,3019.0,7.0,5.0,1,45,0,47
176,75,1865.0,3014.0,6.0,9.0,1,38,0,44
176,76,1515.0,3021.0,7.0,7.0,1,41,0,43
176,79,1555.0,3018.0,7.0,7.0,1,37,0,37
176,81,1757.0,3019.0,9.0,6.0,1,32,0,35
177,3,1606.0,3264.0,13.0,6.0,1,159,0,174
177,31,1569.0,3018.0,10.0,7.0,1,98,0,102
177,35,1591.0,3022.0,8.0,6.0,1,90,0,94
177,36,1788.0,3020.0,8.0,6.0,1,88,0,94
177,39,1540.0,3016.0,7.0,5.0,1,88,0,92
177,42,1773.0,3016.0,8.0,6.0,1,87,0,90
177,43,1634.0,3027.0,8.0,6.0,1,86,0,89
177,47,1658.0,3016.0,7.0,7.0,1,79,0,85
177,50,1609.0,3025.0,10.0,7.0,1,82,0,82
177,51,1705.0,3021.0,6.0,7.0,1,74,0,80
177,52,1903.0,3012.0,9.0,10.0,1,71,0,80
177,54,1676.0,3014.0,9.0,8.0,1,73,0,79
177,55,1849.0,3022.0,7.0,6.0,1,69,0,75
177,56,1727.0,3017.0,7.0,7.0,1,65,0,74
177,57,1802.0,3014.0,7.0,7.0,1,67,0,72
177,60,1828.0,3013.0,8.0,10.0,1,66,0,69
177,63,1761.0,3016.0,7.0,6.0,1,60,0,65
177,66,1883.0,3012.0,9.0,7.0,0,54,1,58
177,68,1743.0,3014.0,6.0,6.0,1,51,0,54
177,70,1490.0,3010.0,5.0,9.0,1,48,0,53
177,72,1664.0,3017.0,5.0,6.0,1,46,0,48
177,75,1862.0,3014.0,7.0,6.0,1,39,0,45
177,76,1515.0,3015.0,8.0,7.0,1,42,0,44
177,79,1555.0,3018.0,7.0,7.0,0,37,1,38
177,81,1756.0,3021.0,7.0,7.0,1,33,0,36
178,3,1606.0,3267.0,14.0,8.0,1,160,0,175
178,31,1563.0,3017.0,9.0,8.0,1,99,0,103
178,35,1582.0,3019.0,9.0,8.0,1,91,0,95
178,36,1788.0,3019.0,8.0,7.0,1,89,0,95
178,39,1530.0,3014.0,7.0,7.0,1,89,0,93
178,42,1764.0,3022.0,7.0,5.0,1,88,0,91
178,43,1625.0,3021.0,8.0,8.0,1,87,0,90
178,47,1650.0,3018.0,9.0,8.0,1,80,0,86
178,50,1604.0,3023.0,10.0,7.0,1,83,0,83
178,51,1692.0,3017.0,7.0,7.0,1,75,0,81
178,52,1896.0,3012.0,7.0,11.0,1,72,0,81
178,54,1671.0,3010.0,8.0,6.0,1,74,0,80
178,55,1838.0,3016.0,9.0,7.0,1,70,0,76
178,56,1721.0,3018.0,9.0,7.0,1,66,0,75
178,57,1794.0,3016.0,8.0,9.0,1,68,0,73
178,60,1816.0,3016.0,9.0,8.0,1,67,0,70
178,63,1757.0,3019.0,4.0,6.0,1,61,0,66
178,66,1870.0,3011.0,9.0,7.0,1,55,0,59
178,68,1734.0,3019.0,8.0,6.0,1,52,0,55
178,70,1487.0,3009.0,8.0,6.0,1,49,0,54
178,72,1657.0,3014.0,7.0,6.0,1,47,0,49
178,75,1853.0,3013.0,8.0,8.0,1,40,0,46
178,76,1501.0,3014.0,7.0,6.0,1,43,0,45
178,79,1544.0,3026.0,8.0,5.0,1,38,0,39
178,81,1756.0,3021.0,7.0,7.0,0,33,1,37
179,3,1606.0,3267.0,14.0,8.0,0,160,1,176
179,31,1563.0,3017.0,9.0,8.0,0,99,1,104
179,35,1582.0,3019.0,9.0,8.0,0,91,1,96
179,36,1774.0,3017.0,8.0,6.0,1,90,0,96
179,39,1528.0,3014.0,6.0,7.0,1,90,0,94
179,42,1764.0,3022.0,7.0,5.0,0,88,1,92
179,43,1627.0,3020.0,8.0,6.0,1,88,0,91
179,47,1644.0,3027.0,10.0,8.0,1,81,0,87
179,50,1604.0,3023.0,10.0,7.0,0,83,1,84
179,51,1684.0,3022.0,7.0,6.0,1,76,0,82
179,52,1890.0,3010.0,7.0,11.0,1,73,0,82
179,54,1659.0,3013.0,7.0,6.0,1,75,0,81
179,55,1838.0,3016.0,9.0,7.0,0,70,1,77
179,56,1719.0,3018.0,7.0,6.0,1,67,0,76
179,57,1787.0,3014.0,7.0,8.0,1,69,0,74
179,60,1810.0,3017.0,9.0,7.0,1,68,0,71
179,63,1751.0,3014.0,7.0,6.0,1,62,0,67
179,66,1868.0,3014.0,6.0,6.0,1,56,0,60
179,68,1728.0,3018.0,8.0,7.0,1,53,0,56
179,70,1487.0,3009.0,8.0,6.0,0,49,1,55
179,72,1651.0,3018.0,5.0,5.0,1,48,0,50
179,75,1848.0,3013.0,5.0,7.0,1,41,0,47
179,76,1501.0,3014.0,7.0,6.0,0,43,1,46
179,79,1539.0,3014.0,8.0,7.0,1,39,0,40
179,81,1743.0,3019.0,6.0,6.0,1,34,0,38
180,3,1606.0,3265.0,16.0,9.0,1,161,0,177
180,31,1549.0,3015.0,10.0,7.0,1,100,0,105
180,35,1568.0,3020.0,8.0,9.0,1,92,0,97
180,36,1774.0,3017.0,8.0,6.0,0,90,1,97
180,39,1523.0,3023.0,5.0,3.0,1,91,0,95
180,42,1746.0,3018.0,8.0,6.0,1,89,0,93
180,43,1620.0,3021.0,9.0,7.0,1,89,0,92
180,47,1632.0,3019.0,9.0,7.0,1,82,0,88
180,50,1591.0,3023.0,9.0,9.0,1,84,0,85
180,51,1675.0,3016.0,8.0,7.0,1,77,0,83
180,52,1885.0,3010.0,7.0,11.0,1,74,0,83
180,54,1659.0,3013.0,7.0,6.0,0,75,1,82
180,55,1825.0,3020.0,8.0,10.0,1,71,0,78
180,56,1705.0,3021.0,6.0,8.0,1,68,0,77
180,57,1786.0,3014.0,7.0,7.0,1,70,0,75
180,60,1809.0,3013.0,8.0,9.0,1,69,0,72
180,63,1740.0,3015.0,6.0,7.0,1,63,0,68
180,66,1863.0,3009.0,7.0,9.0,1,57,0,61
180,68,1727.0,3010.0,7.0,7.0,1,54,0,57
180,70,1470.0,3009.0,6.0,6.0,1,50,0,56
180,72,1649.0,3023.0,6.0,5.0,1,49,0,51
180,75,1845.0,3013.0,6.0,8.0,1,42,0,48
180,76,1489.0,3012.0,7.0,5.0,1,44,0,47
180,79,1532.0,3018.0,6.0,7.0,1,40,0,41
180,81,1733.0,3016.0,8.0,8.0,1,35,0,39
181,3,1606.0,3265.0,16.0,9.0,0,161,1,178
181,31,1548.0,3020.0,7.0,6.0,1,101,0,106
181,35,1568.0,3020.0,8.0,9.0,0,92,1,98
181,36,1768.0,3018.0,6.0,7.0,1,91,0,98
181,39,1510.0,3019.0,6.0,7.0,1,92,0,96
181,42,1751.0,3019.0,8.0,6.0,1,90,0,94
181,43,1620.0,3021.0,9.0,7.0,0,89,1,93
181,47,1633.0,3018.0,9.0,7.0,1,83,0,89
181,50,1581.0,3019.0,8.0,9.0,1,85,0,86
181,51,1669.0,3019.0,6.0,6.0,1,78,0,84
181,52,1879.0,3015.0,5.0,8.0,1,75,0,84
181,54,1651.0,3016.0,7.0,6.0,1,76,0,83
181,55,1824.0,3016.0,7.0,7.0,1,72,0,79
181,56,1704.0,3011.0,7.0,6.0,1,69,0,78
181,57,1786.0,3014.0,7.0,7.0,0,70,1,76
181,60,1799.0,3012.0,8.0,9.0,1,70,0,73
181,63,1738.0,3012.0,7.0,5.0,1,64,0,69
181,66,1849.0,3012.0,7.0,8.0,1,58,0,62
181,68,1716.0,3015.0,7.0,7.0,1,55,0,58
181,70,1467.0,3007.0,7.0,8.0,1,51,0,57
181,72,1649.0,3023.0,6.0,5.0,0,49,1,52
181,75,1832.0,3011.0,7.0,9.0,1,43,0,49
181,76,1489.0,3012.0,7.0,5.0,0,44,1,48
181,79,1525.0,3015.0,8.0,7.0,1,41,0,42
181,81,1733.0,3016.0,8.0,8.0,0,35,1,40
182,3,1612.0,3258.0,13.0,15.0,1,162,0,179
182,31,1535.0,3014.0,10.0,9.0,1,102,0,107
182,35,1549.0,3019.0,7.0,7.0,1,93,0,99
182,36,1768.0,3018.0,6.0,7.0,0,91,1,99
182,39,1501.0,3017.0,9.0,5.0,1,93,0,97
182,42,1741.0,3014.0,7.0,6.0,1,91,0,95
182,43,1604.0,3022.0,8.0,8.0,1,90,0,94
182,47,1625.0,3018.0,10.0,7.0,1,84,0,90
182,50,1573.0,3012.0,8.0,7.0,1,86,0,87
182,51,1669.0,3019.0,6.0,6.0,0,78,1,85
182,52,1876.0,3014.0,8.0,8.0,1,76,0,85
182,54,1644.0,3016.0,8.0,5.0,1,77,0,84
182,55,1813.0,3013.0,9.0,10.0,1,73,0,80
182,56,1694.0,3015.0,8.0,7.0,1,70,0,79
182,57,1786.0,3014.0,7.0,7.0,0,70,2,77
182,60,1792.0,3018.0,10.0,7.0,1,71,0,74
182,63,1729.0,3010.0,7.0,6.0,1,65,0,70
182,66,1844.0,3012.0,8.0,8.0,1,59,0,63
182,68,1712.0,3019.0,8.0,7.0,1,56,0,59
182,70,1467.0,3007.0,7.0,8.0,0,51,1,58
182,72,1639.0,3017.0,6.0,7.0,1,50,0,53
182,75,1832.0,3011.0,7.0,9.0,0,43,1,50
182,76,1476.0,3012.0,10.0,10.0,1,45,0,49
182,79,1516.0,3009.0,8.0,8.0,1,42,0,43
182,81,1720.0,3018.0,7.0,6.0,1,36,0,41
183,3,1612.0,3262.0,18.0,14.0,1,163,0,180
183,31,1532.0,3007.0,10.0,9.0,1,103,0,108
183,35,1542.0,3016.0,8.0,8.0,1,94,0,100
183,36,1768.0,3018.0,6.0,7.0,0,91,2,100
183,39,1501.0,3011.0,7.0,8.0,1,94,0,98
183,42,1732.0,3015.0,6.0,7.0,1,92,0,96
183,43,1596.0,3019.0,8.0,7.0,1,91,0,95
183,47,1615.0,3015.0,10.0,8.0,1,85,0,91
183,50,1573.0,3012.0,8.0,7.0,0,86,1,88
183,51,1663.0,3016.0,6.0,7.0,1,79,0,86
183,52,1869.0,3018.0,9.0,5.0,1,77,0,86
183,54,1641.0,3007.0,8.0,6.0,1,78,0,85
183,55,1806.0,3015.0,9.0,7.0,1,74,0,81
183,56,1693.0,3018.0,7.0,6.0,1,71,0,80
183,57,1764.0,3019.0,7.0,7.0,1,71,0,78
183,60,1785.0,3009.0,7.0,8.0,1,72,0,75
183,63,1724.0,3014.0,7.0,6.0,1,66,0,71
183,66,1841.0,3012.0,7.0,7.0,1,60,0,64
183,68,1705.0,3016.0,6.0,7.0,1,57,0,60
183,70,1445.0,3004.0,9.0,7.0,1,52,0,59
183,72,1632.0,3016.0,5.0,7.0,1,51,0,54
183,75,1824.0,3011.0,5.0,9.0,1,44,0,51
183,76,1474.0,3003.0,9.0,6.0,1,46,0,50
183,79,1511.0,3012.0,10.0,6.0,1,43,0,44
183,81,1720.0,3018.0,7.0,6.0,0,36,1,42
184,3,1615.0,3270.0,18.0,11.0,1,164,0,181
184,31,1522.0,3015.0,10.0,9.0,1,104,0,109
184,35,1539.0,3018.0,8.0,8.0,1,95,0,101
184,36,1750.0,3017.0,5.0,7.0,1,92,0,101
184,39,1490.0,3016.0,6.0,4.0,1,95,0,99
184,42,1728.0,3019.0,8.0,6.0,1,93,0,97
184,43,1588.0,3015.0,6.0,8.0,1,92,0,96
184,47,1609.0,3018.0,7.0,8.0,1,86,0,92
184,50,1558.0,3022.0,7.0,7.0,1,87,0,89
184,51,1655.0,3016.0,7.0,6.0,1,80,0,87
184,52,1860.0,3020.0,9.0,6.0,1,78,0,87
184,54,1630.0,3016.0,8.0,5.0,1,79,0,86
184,55,1797.0,3016.0,8.0,9.0,1,75,0,82
184,56,1683.0,3018.0,7.0,8.0,1,72,0,81
184,57,1755.0,3015.0,7.0,7.0,1,72,0,79
184,60,1782.0,3006.0,6.0,8.0,1,73,0,76
184,63,1719.0,3019.0,6.0,5.0,1,67,0,72
184,66,1834.0,3013.0,10.0,9.0,1,61,0,65
184,68,1701.0,3012.0,7.0,8.0,1,58,0,61
184,70,1443.0,3003.0,6.0,6.0,1,53,0,60
184,72,1626.0,3020.0,6.0,8.0,1,52,0,55
184,75,1824.0,3011.0,5.0,9.0,0,44,1,52
184,76,1463.0,3010.0,10.0,8.0,1,47,0,51
184,79,1511.0,3012.0,10.0,6.0,0,43,1,45
184,81,1720.0,3018.0,7.0,6.0,0,36,2,43
185,3,1615.0,3270.0,18.0,11.0,0,164,1,182
185,31,1509.0,3014.0,9.0,7.0,1,105,0,110
185,35,1536.0,3016.0,9.0,10.0,1,96,0,102
185,36,1744.0,3017.0,5.0,7.0,1,93,0,102
185,39,1486.0,3015.0,7.0,5.0,1,96,0,100
185,42,1728.0,3019.0,8.0,6.0,0,93,1,98
185,43,1585.0,3017.0,8.0,8.0,1,93,0,97
185,47,1603.0,3016.0,8.0,9.0,1,87,0,93
185,50,1557.0,3014.0,8.0,7.0,1,88,0,90
185,51,1646.0,3014.0,7.0,6.0,1,81,0,88
185,52,1852.0,3017.0,7.0,7.0,1,79,0,88
185,54,1630.0,3016.0,8.0,5.0,0,79,1,87
185,55,1794.0,3017.0,7.0,7.0,1,76,0,83
185,56,1676.0,3015.0,10.0,8.0,1,73,0,82
185,57,1755.0,3015.0,7.0,7.0,0,72,1,80
185,60,1769.0,3013.0,7.0,7.0,1,74,0,77
185,63,1709.0,3018.0,6.0,6.0,1,68,0,73
185,66,1834.0,3013.0,10.0,9.0,0,61,1,66
185,68,1701.0,3012.0,7.0,8.0,0,58,1,62
185,70,1441.0,3010.0,8.0,6.0,1,54,0,61
185,72,1626.0,3020.0,6.0,8.0,0,52,1,56
185,75,1809.0,3018.0,6.0,8.0,1,45,0,53
185,76,1463.0,3010.0,10.0,8.0,0,47,1,52
185,79,1497.0,3018.0,7.0,7.0,1,44,0,46
185,81,1720.0,3018.0,7.0,6.0,0,36,3,44
186,3,1617.0,3266.0,14.0,9.0,1,165,0,183
186,31,1504.0,3012.0,10.0,7.0,1,106,0,111
186,35,1523.0,3011.0,9.0,9.0,1,97,0,103
186,36,1738.0,3018.0,6.0,8.0,1,94,0,103
186,39,1474.0,3015.0,4.0,4.0,1,97,0,101
186,42,1728.0,3019.0,8.0,6.0,0,93,2,99
186,43,1580.0,3018.0,8.0,8.0,1,94,0,98
186,47,1603.0,3017.0,9.0,7.0,1,88,0,94
186,50,1557.0,3020.0,6.0,7.0,1,89,0,91
186,51,1643.0,3013.0,6.0,5.0,1,82,0,89
186,52,1846.0,3010.0,7.0,11.0,1,80,0,89
186,54,1619.0,3016.0,7.0,6.0,1,80,0,88
186,55,1790.0,3015.0,7.0,9.0,1,77,0,84
186,56,1676.0,3015.0,10.0,8.0,0,73,1,83
186,57,1743.0,3017.0,7.0,8.0,1,73,0,81
186,60,1769.0,3013.0,7.0,7.0,0,74,1,78
186,63,1707.0,3017.0,6.0,6.0,1,69,0,74
186,66,1816.0,3013.0,8.0,9.0,1,62,0,67
186,68,1684.0,3015.0,7.0,7.0,1,59,0,63
186,70,1431.0,3004.0,13.0,11.0,1,55,0,62
186,72,1612.0,3014.0,6.0,6.0,1,53,0,57
186,75,1803.0,3012.0,6.0,9.0,1,46,0,54
186,76,1449.0,3011.0,10.0,9.0,1,48,0,53
186,79,1490.0,3008.0,6.0,7.0,1,45,0,47
186,81,1700.0,3017.0,6.0,7.0,1,37,0,45
187,3,1617.0,3266.0,18.0,14.0,1,166,0,184
187,31,1501.0,3022.0,7.0,8.0,1,107,0,112
187,35,1517.0,3013.0,9.0,9.0,1,98,0,104
187,36,1726.0,3010.0,6.0,8.0,1,95,0,104
187,39,1475.0,3009.0,6.0,6.0,1,98,0,102
187,42,1709.0,3016.0,6.0,8.0,1,94,0,100
187,43,1564.0,3010.0,9.0,9.0,1,95,0,99
187,47,1594.0,3015.0,9.0,7.0,1,89,0,95
187,50,1544.0,3020.0,9.0,7.0,1,90,0,92
187,51,1643.0,3013.0,6.0,5.0,0,82,1,90
187,52,1844.0,3017.0,6.0,8.0,1,81,0,90
187,54,1611.0,3011.0,9.0,5.0,1,81,0,89
187,55,1784.0,3016.0,7.0,9.0,1,78,0,85
187,56,1667.0,3013.0,8.0,7.0,1,74,0,84
187,57,1732.0,3016.0,5.0,7.0,1,74,0,82
187,60,1769.0,3013.0,7.0,7.0,0,74,2,79
187,63,1704.0,3014.0,4.0,7.0,1,70,0,75
187,66,1811.0,3019.0,8.0,7.0,1,63,0,68
187,68,1684.0,3015.0,7.0,7.0,0,59,1,64
187,70,1428.0,3004.0,6.0,4.0,1,56,0,63
187,72,1606.0,3018.0,6.0,5.0,1,54,0,58
187,75,1794.0,3012.0,6.0,8.0,1,47,0,55
187,76,1442.0,3008.0,11.0,7.0,1,49,0,54
187,79,1479.0,3010.0,7.0,8.0,1,46,0,48
187,81,1691.0,3016.0,7.0,8.0,1,38,0,46
188,3,1615.0,3273.0,22.0,10.0,1,167,0,185
188,31,1492.0,3012.0,8.0,8.0,1,108,0,113
188,35,1514.0,3016.0,9.0,8.0,1,99,0,105
188,36,1724.0,3020.0,6.0,7.0,1,96,0,105
188,39,1464.0,3011.0,9.0,4.0,1,99,0,103
188,42,1693.0,3015.0,9.0,6.0,1,95,0,101
188,43,1560.0,3021.0,9.0,9.0,1,96,0,100
188,47,1587.0,3019.0,9.0,7.0,1,90,0,96
188,50,1537.0,3017.0,9.0,8.0,1,91,0,93
188,51,1630.0,3010.0,6.0,8.0,1,83,0,91
188,52,1834.0,3011.0,5.0,8.0,1,82,0,91
188,54,1602.0,3010.0,7.0,5.0,1,82,0,90
188,55,1778.0,3014.0,9.0,9.0,1,79,0,86
188,56,1661.0,3014.0,7.0,6.0,1,75,0,85
188,57,1729.0,3014.0,5.0,8.0,1,75,0,83
188,60,1760.0,3009.0,6.0,8.0,1,75,0,80
188,63,1690.0,3014.0,7.0,4.0,1,71,0,76
188,66,1809.0,3007.0,8.0,8.0,1,64,0,69
188,68,1673.0,3014.0,6.0,6.0,1,60,0,65
188,70,1414.0,3005.0,11.0,8.0,1,57,0,64
188,72,1602.0,3010.0,9.0,6.0,1,55,0,59
188,75,1790.0,3009.0,7.0,8.0,1,48,0,56
188,76,1435.0,3005.0,12.0,9.0,1,50,0,55
188,79,1484.0,3010.0,7.0,9.0,1,47,0,49
188,81,1685.0,3013.0,7.0,11.0,1,39,0,47
189,3,1625.0,3272.0,15.0,12.0,1,168,0,186
189,31,1497.0,3014.0,8.0,8.0,1,109,0,114
189,35,1509.0,3013.0,11.0,6.0,1,100,0,106
189,36,1713.0,3016.0,5.0,7.0,1,97,0,106
189,39,1456.0,3012.0,8.0,5.0,1,100,0,104
189,42,1693.0,3019.0,8.0,6.0,1,96,0,102
189,43,1559.0,3014.0,10.0,7.0,1,97,0,101
189,47,1574.0,3015.0,8.0,8.0,1,91,0,97
189,50,1532.0,3010.0,8.0,7.0,1,92,0,94
189,51,1626.0,3010.0,6.0,7.0,1,84,0,92
189,52,1828.0,3016.0,6.0,8.0,1,83,0,92
189,54,1606.0,3004.0,8.0,5.0,1,83,0,91
189,55,1778.0,3014.0,9.0,9.0,0,79,1,87
189,56,1652.0,3015.0,8.0,5.0,1,76,0,86
189,57,1722.0,3018.0,6.0,7.0,1,76,0,84
189,60,1750.0,3009.0,7.0,6.0,1,76,0,81
189,63,1688.0,3017.0,6.0,5.0,1,72,0,77
189,66,1798.0,3006.0,8.0,8.0,1,65,0,70
189,68,1667.0,3012.0,7.0,6.0,1,61,0,66
189,70,1409.0,3007.0,7.0,7.0,1,58,0,65
189,72,1587.0,3019.0,7.0,6.0,1,56,0,60
189,75,1780.0,3016.0,7.0,9.0,1,49,0,57
189,76,1430.0,3003.0,11.0,7.0,1,51,0,56
189,79,1467.0,3011.0,10.0,8.0,1,48,0,50
189,81,1677.0,3016.0,7.0,9.0,1,40,0,48
190,3,1625.0,3272.0,15.0,12.0,0,168,1,187
190,31,1475.0,3016.0,12.0,7.0,1,110,0,115
190,35,1504.0,3016.0,5.0,5.0,1,101,0,107
190,36,1710.0,3015.0,7.0,7.0,1,98,0,107
190,39,1453.0,3005.0,7.0,6.0,1,101,0,105
190,42,1689.0,3014.0,8.0,6.0,1,97,0,103
190,43,1558.0,3011.0,9.0,7.0,1,98,0,102
190,47,1574.0,3015.0,8.0,8.0,0,91,1,98
190,50,1522.0,3016.0,9.0,7.0,1,93,0,95
190,51,1608.0,3013.0,5.0,6.0,1,85,0,93
190,52,1820.0,3012.0,5.0,8.0,1,84,0,93
190,54,1598.0,3008.0,8.0,6.0,1,84,0,92
190,55,1761.0,3007.0,8.0,9.0,1,80,0,88
190,56,1645.0,3010.0,8.0,7.0,1,77,0,87
190,57,1711.0,3018.0,5.0,6.0,1,77,0,85
190,60,1745.0,3016.0,8.0,5.0,1,77,0,82
190,63,1681.0,3014.0,7.0,7.0,1,73,0,78
190,66,1794.0,3009.0,8.0,8.0,1,66,0,71
190,68,1654.0,3009.0,7.0,6.0,1,62,0,67
190,70,1400.0,3003.0,6.0,7.0,1,59,0,66
190,72,1587.0,3019.0,7.0,6.0,0,56,1,61
190,75,1777.0,3011.0,6.0,6.0,1,50,0,58
190,76,1419.0,3007.0,11.0,9.0,1,52,0,57
190,79,1464.0,3010.0,9.0,9.0,1,49,0,51
190,81,1678.0,3016.0,7.0,6.0,1,41,0,49
191,3,1624.0,3268.0,18.0,12.0,1,169,0,188
191,31,1475.0,3016.0,12.0,7.0,0,110,1,116
191,35,1494.0,3011.0,5.0,6.0,1,102,0,108
191,36,1701.0,3018.0,5.0,7.0,1,99,0,108
191,39,1443.0,3008.0,7.0,7.0,1,102,0,106
191,42,1685.0,3015.0,7.0,7.0,1,98,0,104
191,43,1540.0,3014.0,9.0,10.0,1,99,0,103
191,47,1562.0,3012.0,8.0,9.0,1,92,0,99
191,50,1516.0,3017.0,7.0,6.0,1,94,0,96
191,51,1610.0,3012.0,6.0,6.0,1,86,0,94
191,52,1814.0,3018.0,5.0,8.0,1,85,0,94
191,54,1584.0,3014.0,8.0,5.0,1,85,0,93
191,55,1756.0,3014.0,9.0,9.0,1,81,0,89
191,56,1635.0,3011.0,8.0,5.0,1,78,0,88
191,57,1713.0,3017.0,5.0,7.0,1,78,0,86
191,60,1729.0,3018.0,7.0,5.0,1,78,0,83
191,63,1676.0,3011.0,5.0,6.0,1,74,0,79
191,66,1792.0,3009.0,8.0,7.0,1,67,0,72
191,68,1657.0,3016.0,6.0,6.0,1,63,0,68
191,70,1399.0,3005.0,6.0,7.0,1,60,0,67
191,72,1579.0,3014.0,7.0,7.0,1,57,0,62
191,75,1768.0,3003.0,5.0,8.0,1,51,0,59
191,76,1419.0,3007.0,11.0,9.0,0,52,1,58
191,79,1452.0,3005.0,8.0,7.0,1,50,0,52
191,81,1666.0,3014.0,9.0,8.0,1,42,0,50
192,3,1621.0,3280.0,23.0,7.0,1,170,0,189
192,31,1475.0,3016.0,12.0,7.0,0,110,2,117
192,35,1494.0,3011.0,5.0,6.0,0,102,1,109
192,36,1692.0,3011.0,6.0,7.0,1,100,0,109
192,39,1436.0,3004.0,7.0,7.0,1,103,0,107
192,42,1685.0,3015.0,7.0,7.0,0,98,1,105
192,43,1535.0,3010.0,11.0,6.0,1,100,0,104
192,47,1554.0,3012.0,10.0,7.0,1,93,0,100
192,50,1516.0,3017.0,7.0,6.0,0,94,1,97
192,51,1602.0,3014.0,6.0,6.0,1,87,0,95
192,52,1802.0,3015.0,6.0,8.0,1,86,0,95
192,54,1582.0,3016.0,8.0,6.0,1,86,0,94
192,55,1756.0,3014.0,9.0,9.0,0,81,1,90
192,56,1636.0,3016.0,7.0,4.0,1,79,0,89
192,57,1696.0,3016.0,6.0,6.0,1,79,0,87
192,60,1732.0,3014.0,8.0,6.0,1,79,0,84
192,63,1669.0,3010.0,6.0,7.0,1,75,0,80
192,66,1784.0,3005.0,8.0,6.0,1,68,0,73
192,68,1654.0,3018.0,6.0,6.0,1,64,0,69
192,70,1390.0,3008.0,10.0,7.0,1,61,0,68
192,72,1579.0,3014.0,7.0,7.0,0,57,1,63
192,75,1763.0,3011.0,6.0,7.0,1,52,0,60
192,76,1413.0,2998.0,8.0,7.0,1,53,0,59
192,79,1448.0,3008.0,8.0,7.0,1,51,0,53
192,81,1662.0,3014.0,7.0,8.0,1,43,0,51
193,3,1625.0,3283.0,16.0,12.0,1,171,0,190
193,31,1458.0,3003.0,9.0,7.0,1,111,0,118
193,35,1477.0,3015.0,9.0,5.0,1,103,0,110
193,36,1692.0,3011.0,6.0,7.0,0,100,1,110
193,39,1428.0,3007.0,8.0,7.0,1,104,0,108
193,42,1672.0,3010.0,9.0,6.0,1,99,0,106
193,43,1528.0,3013.0,9.0,6.0,1,101,0,105
193,47,1545.0,3014.0,11.0,8.0,1,94,0,101
193,50,1508.0,3011.0,9.0,7.0,1,95,0,98
193,51,1598.0,3014.0,7.0,6.0,1,88,0,96
193,52,1800.0,3014.0,7.0,6.0,1,87,0,96
193,54,1574.0,3016.0,5.0,8.0,1,87,0,95
193,55,1743.0,3015.0,6.0,7.0,1,82,0,91
193,56,1627.0,3015.0,9.0,6.0,1,80,0,90
193,57,1697.0,3015.0,6.0,7.0,1,80,0,88
193,60,1715.0,3013.0,8.0,6.0,1,80,0,85
193,63,1659.0,3011.0,7.0,7.0,1,76,0,81
193,66,1776.0,3006.0,8.0,7.0,1,69,0,74
193,68,1644.0,3014.0,5.0,6.0,1,65,0,70
193,70,1379.0,3005.0,10.0,7.0,1,62,0,69
193,72,1579.0,3014.0,7.0,7.0,0,57,2,64
193,75,1756.0,3015.0,6.0,6.0,1,53,0,61
193,76,1402.0,3000.0,9.0,7.0,1,54,0,60
193,79,1447.0,3008.0,8.0,6.0,1,52,0,54
193,81,1656.0,3017.0,6.0,5.0,1,44,0,52
194,3,1626.0,3277.0,14.0,6.0,1,172,0,191
194,31,1452.0,3005.0,10.0,7.0,1,112,0,119
194,35,1476.0,3009.0,6.0,5.0,1,104,0,111
194,36,1685.0,3011.0,7.0,8.0,1,101,0,111
194,39,1422.0,3007.0,7.0,5.0,1,105,0,109
194,42,1663.0,3011.0,8.0,6.0,1,100,0,107
194,43,1522.0,3012.0,9.0,6.0,1,102,0,106
194,47,1539.0,3014.0,9.0,6.0,1,95,0,102
194,50,1497.0,3015.0,10.0,7.0,1,96,0,99
194,51,1598.0,3014.0,7.0,6.0,0,88,1,97
194,52,1796.0,3008.0,6.0,8.0,1,88,0,97
194,54,1574.0,3007.0,8.0,9.0,1,88,0,96
194,55,1736.0,3013.0,9.0,8.0,1,83,0,92
194,56,1622.0,3006.0,8.0,6.0,1,81,0,91
194,57,1697.0,3015.0,6.0,7.0,0,80,1,89
194,60,1715.0,3013.0,8.0,6.0,0,80,1,86
194,63,1662.0,3008.0,7.0,6.0,1,77,0,82
194,66,1768.0,3009.0,6.0,6.0,1,70,0,75
194,68,1640.0,3013.0,5.0,5.0,1,66,0,71
194,70,1379.0,3003.0,9.0,7.0,1,63,0,70
194,72,1559.0,3014.0,8.0,6.0,1,58,0,65
194,75,1753.0,3008.0,6.0,6.0,1,54,0,62
194,76,1391.0,3001.0,11.0,7.0,1,55,0,61
194,79,1438.0,3009.0,7.0,7.0,1,53,0,55
194,81,1656.0,3017.0,6.0,5.0,0,44,1,53
195,3,1628.0,3269.0,16.0,12.0,1,173,0,192
195,31,1451.0,3007.0,12.0,9.0,1,113,0,120
195,35,1464.0,3013.0,8.0,7.0,1,105,0,112
195,36,1681.0,3011.0,7.0,7.0,1,102,0,112
195,39,1421.0,3006.0,5.0,5.0,1,106,0,110
195,42,1658.0,3018.0,9.0,9.0,1,101,0,108
195,43,1522.0,3008.0,10.0,8.0,1,103,0,107
195,47,1538.0,3014.0,12.0,7.0,1,96,0,103
195,50,1489.0,3012.0,7.0,10.0,1,97,0,100
195,51,1589.0,3010.0,7.0,6.0,1,89,0,98
195,52,1794.0,3017.0,6.0,5.0,1,89,0,98
195,54,1564.0,3011.0,8.0,6.0,1,89,0,97
195,55,1736.0,3013.0,9.0,8.0,0,83,1,93
195,56,1622.0,3006.0,8.0,6.0,0,81,1,92
195,57,1679.0,3018.0,4.0,6.0,1,81,0,90
195,60,1711.0,3013.0,3.0,8.0,1,81,0,87
195,63,1662.0,3008.0,7.0,6.0,0,77,1,83
195,66,1765.0,3003.0,7.0,5.0,1,71,0,76
195,68,1630.0,3015.0,7.0,7.0,1,67,0,72
195,70,1374.0,3005.0,8.0,7.0,1,64,0,71
195,72,1559.0,3014.0,8.0,6.0,0,58,1,66
195,75,1740.0,3007.0,5.0,8.0,1,55,0,63
195,76,1389.0,3001.0,10.0,9.0,1,56,0,62
195,79,1438.0,3009.0,7.0,7.0,0,53,1,56
195,81,1642.0,3009.0,8.0,8.0,1,45,0,54
196,3,1626.0,3278.0,23.0,7.0,1,174,0,193
196,31,1448.0,3010.0,11.0,7.0,1,114,0,121
196,35,1462.0,3010.0,6.0,6.0,1,106,0,113
196,36,1675.0,3011.0,5.0,6.0,1,103,0,113
196,39,1407.0,3008.0,5.0,5.0,1,107,0,111
196,42,1658.0,3018.0,9.0,9.0,0,101,1,109
196,43,1513.0,3008.0,7.0,6.0,1,104,0,108
196,47,1533.0,3014.0,12.0,7.0,1,97,0,104
196,50,1488.0,3014.0,7.0,7.0,1,98,0,101
196,51,1584.0,3005.0,6.0,6.0,1,90,0,99
196,52,1783.0,3013.0,7.0,7.0,1,90,0,99
196,54,1559.0,3011.0,7.0,8.0,1,90,0,98
196,55,1723.0,3013.0,6.0,6.0,1,84,0,94
196,56,1610.0,3016.0,7.0,6.0,1,82,0,93
196,57,1672.0,3016.0,5.0,5.0,1,82,0,91
196,60,1710.0,3013.0,6.0,9.0,1,82,0,88
196,63,1650.0,3011.0,8.0,9.0,1,78,0,84
196,66,1752.0,3008.0,6.0,5.0,1,72,0,77
196,68,1623.0,3012.0,6.0,7.0,1,68,0,73
196,70,1368.0,3002.0,10.0,7.0,1,65,0,72
196,72,1547.0,3021.0,7.0,4.0,1,59,0,67
196,75,1731.0,3007.0,6.0,8.0,1,56,0,64
196,76,1379.0,3003.0,13.0,8.0,1,57,0,63
196,79,1432.0,2857.0,7.0,9.0,1,54,0,57
196,81,1632.0,3015.0,8.0,8.0,1,46,0,55
197,3,1627.0,3276.0,16.0,11.0,1,175,0,194
197,31,1435.0,3004.0,10.0,7.0,1,115,0,122
197,35,1455.0,3010.0,10.0,8.0,1,107,0,114
197,36,1673.0,3016.0,6.0,7.0,1,104,0,114
197,39,1399.0,3004.0,7.0,5.0,1,108,0,112
197,42,1658.0,3018.0,9.0,9.0,0,101,2,110
197,43,1509.0,3009.0,7.0,7.0,1,105,0,109
197,47,1527.0,3009.0,10.0,9.0,1,98,0,105
197,50,1478.0,3006.0,8.0,10.0,1,99,0,102
197,51,1571.0,3009.0,7.0,6.0,1,91,0,100
197,52,1771.0,3018.0,6.0,6.0,1,91,0,100
197,54,1549.0,3002.0,9.0,7.0,1,91,0,99
197,55,1717.0,3011.0,8.0,10.0,1,85,0,95
197,56,1601.0,3015.0,8.0,5.0,1,83,0,94
197,57,1662.0,3016.0,4.0,7.0,1,83,0,92
197,60,1710.0,3013.0,6.0,9.0,0,82,1,89
197,63,1637.0,3009.0,6.0,6.0,1,79,0,85
197,66,1754.0,3004.0,7.0,5.0,1,73,0,78
197,68,1623.0,3009.0,7.0,6.0,1,69,0,74
197,70,1357.0,2998.0,9.0,8.0,1,66,0,73
197,72,1545.0,3013.0,7.0,5.0,1,60,0,68
197,75,1728.0,3008.0,5.0,7.0,1,57,0,65
197,76,1378.0,3003.0,10.0,6.0,1,58,0,64
197,79,1422.0,3006.0,7.0,5.0,1,55,0,58
197,81,1626.0,3011.0,7.0,7.0,1,47,0,56
198,3,1627.0,3276.0,16.0,11.0,0,175,1,195
198,31,1427.0,3003.0,10.0,8.0,1,116,0,123
198,35,1412.0,3008.0,7.0,9.0,1,108,0,115
198,36,1660.0,3014.0,4.0,4.0,1,105,0,115
198,39,1403.0,3007.0,5.0,5.0,1,109,0,113
198,42,1658.0,3018.0,9.0,9.0,0,101,3,111
198,43,1507.0,3009.0,8.0,8.0,1,106,0,110
198,47,1519.0,3012.0,9.0,6.0,1,99,0,106
198,50,1473.0,3007.0,11.0,7.0,1,100,0,103
198,51,1564.0,3013.0,5.0,5.0,1,92,0,101
198,52,1766.0,3009.0,7.0,7.0,1,92,0,101
198,54,1545.0,3005.0,9.0,7.0,1,92,0,100
198,55,1713.0,3008.0,5.0,8.0,1,86,0,96
198,56,1600.0,3007.0,7.0,7.0,1,84,0,95
198,57,1657.0,3010.0,6.0,8.0,1,84,0,93
198,60,1686.0,3010.0,7.0,8.0,1,83,0,90
198,63,1640.0,3006.0,9.0,7.0,1,80,0,86
198,66,1737.0,3004.0,7.0,6.0,1,74,0,79
198,68,1620.0,3016.0,7.0,7.0,1,70,0,75
198,70,1357.0,2998.0,9.0,8.0,0,66,1,74
198,72,1534.0,3007.0,7.0,6.0,1,61,0,69
198,75,1718.0,3006.0,5.0,8.0,1,58,0,66
198,76,1371.0,3000.0,9.0,8.0,1,59,0,65
198,79,1422.0,3006.0,7.0,5.0,0,55,1,59
198,81,1626.0,3012.0,7.0,7.0,1,48,0,57
199,3,1631.0,3268.0,16.0,10.0,1,176,0,196
199,31,1420.0,3010.0,11.0,6.0,1,117,0,124
199,35,1407.0,3007.0,8.0,8.0,1,109,0,116
199,36,1658.0,3006.0,6.0,7.0,1,106,0,116
199,39,1390.0,3003.0,10.0,6.0,1,110,0,114
199,42,1635.0,3016.0,8.0,6.0,1,102,0,112
199,43,1497.0,3010.0,7.0,8.0,1,107,0,111
199,47,1513.0,3007.0,9.0,8.0,1,100,0,107
199,50,1464.0,3000.0,10.0,10.0,1,101,0,104
199,51,1559.0,3010.0,5.0,6.0,1,93,0,102
199,52,1762.0,3016.0,6.0,5.0,1,93,0,102
199,54,1539.0,3008.0,8.0,5.0,1,93,0,101
199,55,1713.0,3008.0,5.0,8.0,0,86,1,97
199,56,1595.0,3011.0,8.0,7.0,1,85,0,96
199,57,1652.0,3016.0,5.0,6.0,1,85,0,94
199,60,1682.0,3011.0,6.0,6.0,1,84,0,91
199,63,1631.0,3009.0,6.0,7.0,1,81,0,87
199,66,1738.0,3004.0,7.0,9.0,1,75,0,80
199,68,1606.0,3014.0,7.0,7.0,1,71,0,76
199,70,1347.0,2998.0,8.0,10.0,1,67,0,75
199,72,1526.0,3017.0,7.0,5.0,1,62,0,70
199,75,1718.0,3008.0,6.0,9.0,1,59,0,67
199,76,1367.0,2995.0,8.0,10.0,1,60,0,66
199,79,1443.0,3008.0,7.0,8.0,1,56,0,60
199,81,1612.0,3008.0,8.0,9.0,1,49,0,58
200,3,1631.0,3268.0,16.0,10.0,0,176,1,197
200,31,1419.0,3004.0,11.0,5.0,1,118,0,125
200,35,1401.0,3002.0,9.0,7.0,1,110,0,117
200,36,1650.0,3004.0,6.0,7.0,1,107,0,117
200,39,1382.0,3000.0,8.0,6.0,1,111,0,115
200,42,1635.0,3016.0,8.0,6.0,0,102,1,113
200,43,1487.0,3006.0,6.0,6.0,1,108,0,112
200,47,1509.0,3014.0,10.0,8.0,1,101,0,108
200,50,1456.0,3004.0,11.0,9.0,1,102,0,105
200,51,1546.0,3012.0,8.0,7.0,1,94,0,103
200,52,1751.0,3010.0,8.0,7.0,1,94,0,103
200,54,1528.0,2999.0,9.0,5.0,1,94,0,102
200,55,1697.0,3009.0,8.0,7.0,1,87,0,98
200,56,1582.0,3008.0,10.0,7.0,1,86,0,97
200,57,1643.0,3014.0,4.0,8.0,1,86,0,95
200,60,1682.0,3011.0,6.0,6.0,0,84,1,92
200,63,1631.0,3009.0,6.0,7.0,0,81,1,88
200,66,1732.0,3004.0,8.0,8.0,1,76,0,81
200,68,1600.0,3011.0,6.0,6.0,1,72,0,77
200,70,1339.0,3001.0,6.0,5.0,1,68,0,76
200,72,1524.0,3007.0,7.0,7.0,1,63,0,71
200,75,1711.0,2998.0,6.0,8.0,1,60,0,68
200,76,1359.0,2996.0,8.0,9.0,1,61,0,67
200,79,1434.0,3008.0,6.0,6.0,1,57,0,61
200,81,1607.0,3006.0,9.0,7.0,1,50,0,59
201,3,1635.0,3275.0,18.0,13.0,1,177,0,198
201,31,1408.0,3004.0,11.0,6.0,1,119,0,126
201,35,1401.0,3002.0,9.0,7.0,0,110,1,118
201,36,1648.0,3006.0,5.0,8.0,1,108,0,118
201,39,1380.0,3002.0,7.0,5.0,1,112,0,116
201,42,1635.0,3016.0,8.0,6.0,0,102,2,114
201,43,1477.0,3008.0,6.0,9.0,1,109,0,113
201,47,1500.0,3011.0,11.0,8.0,1,102,0,109
201,50,1456.0,3004.0,11.0,9.0,0,102,1,106
201,51,1545.0,3004.0,6.0,7.0,1,95,0,104
201,52,1749.0,3008.0,6.0,7.0,1,95,0,104
201,54,1524.0,3005.0,8.0,7.0,1,95,0,103
201,55,1688.0,3011.0,7.0,7.0,1,88,0,99
201,56,1580.0,3010.0,8.0,6.0,1,87,0,98
201,57,1636.0,3008.0,4.0,8.0,1,87,0,96
201,60,1667.0,3014.0,6.0,6.0,1,85,0,93
201,63,1628.0,3007.0,8.0,7.0,1,82,0,89
201,66,1721.0,3003.0,10.0,10.0,1,77,0,82
201,68,1600.0,3011.0,6.0,6.0,0,72,1,78
201,70,1340.0,2997.0,8.0,8.0,1,69,0,77
201,72,1511.0,3021.0,7.0,7.0,1,64,0,72
201,75,1701.0,3010.0,6.0,5.0,1,61,0,69
201,76,1349.0,3000.0,10.0,8.0,1,62,0,68
201,79,1429.0,3004.0,8.0,6.0,1,58,0,62
201,81,1602.0,3008.0,8.0,8.0,1,51,0,60
202,3,1628.0,3270.0,17.0,10.0,1,178,0,199
202,31,1407.0,2999.0,10.0,7.0,1,120,0,127
202,35,1391.0,2999.0,9.0,7.0,1,111,0,119
202,36,1636.0,3010.0,5.0,8.0,1,109,0,119
202,39,1371.0,3002.0,7.0,7.0,1,113,0,117
202,42,1604.0,3011.0,7.0,7.0,1,103,0,115
202,43,1474.0,3003.0,8.0,8.0,1,110,0,114
202,47,1498.0,3009.0,12.0,8.0,1,103,0,110
202,50,1448.0,3006.0,11.0,9.0,1,103,0,107
202,51,1545.0,3004.0,6.0,7.0,0,95,1,105
202,52,1739.0,3009.0,7.0,8.0,1,96,0,105
202,54,1524.0,3005.0,8.0,7.0,0,95,1,104
202,55,1688.0,3011.0,7.0,7.0,0,88,1,100
202,56,1577.0,3008.0,8.0,9.0,1,88,0,99
202,57,1633.0,3007.0,6.0,7.0,1,88,0,97
202,60,1666.0,3008.0,6.0,6.0,1,86,0,94
202,63,1616.0,3012.0,6.0,7.0,1,83,0,90
202,66,1719.0,3008.0,9.0,7.0,1,78,0,83
202,68,1590.0,3007.0,7.0,10.0,1,73,0,79
202,70,1326.0,2991.0,7.0,6.0,1,70,0,78
202,72,1510.0,3014.0,7.0,6.0,1,65,0,73
202,75,1691.0,3013.0,6.0,5.0,1,62,0,70
202,76,1349.0,3000.0,10.0,8.0,0,62,1,69
202,79,1420.0,3003.0,9.0,7.0,1,59,0,63
202,81,1596.0,3008.0,7.0,7.0,1,52,0,61
203,3,1639.0,3274.0,14.0,11.0,1,179,0,200
203,31,1398.0,3004.0,9.0,9.0,1,121,0,128
203,35,1381.0,3003.0,9.0,7.0,1,112,0,120
203,36,1629.0,3002.0,5.0,8.0,1,110,0,120
203,39,1368.0,2994.0,5.0,6.0,1,114,0,118
203,42,1607.0,3013.0,7.0,7.0,1,104,0,116
203,43,1474.0,3003.0,8.0,8.0,0,110,1,115
203,47,1488.0,3009.0,11.0,7.0,1,104,0,111
203,50,1440.0,3008.0,9.0,7.0,1,104,0,108
203,51,1538.0,3002.0,7.0,6.0,1,96,0,106
203,52,1736.0,3014.0,6.0,6.0,1,97,0,106
203,54,1514.0,3004.0,7.0,6.0,1,96,0,105
203,55,1679.0,3016.0,8.0,5.0,1,89,0,101
203,56,1564.0,3008.0,7.0,6.0,1,89,0,100
203,57,1625.0,3007.0,7.0,6.0,1,89,0,98
203,60,1658.0,3010.0,7.0,6.0,1,87,0,95
203,63,1607.0,3006.0,7.0,7.0,1,84,0,91
203,66,1707.0,3010.0,9.0,5.0,1,79,0,84
203,68,1581.0,3011.0,7.0,7.0,1,74,0,80
203,70,1320.0,3002.0,9.0,9.0,1,71,0,79
203,72,1508.0,3005.0,7.0,8.0,1,66,0,74
203,75,1689.0,2999.0,8.0,9.0,1,63,0,71
203,76,1343.0,2997.0,7.0,7.0,1,63,0,70
203,79,1417.0,2998.0,9.0,10.0,1,60,0,64
203,81,1596.0,3008.0,7.0,7.0,0,52,1,62
204,3,1632.0,3269.0,19.0,14.0,1,180,0,201
204,31,1393.0,3001.0,10.0,7.0,1,122,0,129
204,35,1375.0,3002.0,9.0,8.0,1,113,0,121
204,36,1622.0,3001.0,5.0,8.0,1,111,0,121
204,39,1358.0,3006.0,7.0,7.0,1,115,0,119
204,42,1596.0,3009.0,7.0,6.0,1,105,0,117
204,43,1462.0,3006.0,6.0,6.0,1,111,0,116
204,47,1481.0,3009.0,9.0,8.0,1,105,0,112
204,50,1435.0,3002.0,10.0,7.0,1,105,0,109
204,51,1527.0,3005.0,7.0,9.0,1,97,0,107
204,52,1728.0,3009.0,8.0,8.0,1,98,0,107
204,54,1514.0,3004.0,7.0,6.0,0,96,1,106
204,55,1680.0,3009.0,8.0,6.0,1,90,0,102
204,56,1563.0,3011.0,8.0,6.0,1,90,0,101
204,57,1616.0,3011.0,8.0,5.0,1,90,0,99
204,60,1647.0,3009.0,6.0,7.0,1,88,0,96
204,63,1602.0,3006.0,7.0,8.0,1,85,0,92
204,66,1700.0,3007.0,8.0,8.0,1,80,0,85
204,68,1581.0,3011.0,7.0,7.0,0,74,1,81
204,70,1306.0,3000.0,12.0,8.0,1,72,0,80
204,72,1497.0,3013.0,7.0,5.0,1,67,0,75
204,75,1672.0,2999.0,9.0,8.0,1,64,0,72
204,76,1343.0,2997.0,7.0,7.0,0,63,1,71
204,79,1407.0,3000.0,7.0,7.0,1,61,0,65
204,81,1591.0,3013.0,8.0,7.0,1,53,0,63
205,3,1632.0,3274.0,19.0,8.0,1,181,0,202
205,31,1380.0,2996.0,9.0,8.0,1,123,0,130
205,35,1375.0,3002.0,9.0,8.0,0,113,1,122
205,36,1615.0,3008.0,4.0,7.0,1,112,0,122
205,39,1349.0,3006.0,8.0,8.0,1,116,0,120
205,42,1592.0,3008.0,8.0,6.0,1,106,0,118
205,43,1455.0,3007.0,9.0,8.0,1,112,0,117
205,47,1477.0,3011.0,10.0,7.0,1,106,0,113
205,50,1427.0,3007.0,10.0,6.0,1,106,0,110
205,51,1525.0,3009.0,7.0,6.0,1,98,0,108
205,52,1729.0,3013.0,7.0,6.0,1,99,0,108
205,54,1506.0,3010.0,7.0,6.0,1,97,0,107
205,55,1690.0,3099.0,8.0,6.0,1,91,0,103
205,56,1563.0,3011.0,8.0,6.0,0,90,1,102
205,57,1615.0,3010.0,7.0,5.0,1,91,0,100
205,60,1647.0,3009.0,6.0,7.0,0,88,1,97
205,63,1588.0,2999.0,7.0,6.0,1,86,0,93
205,66,1696.0,2995.0,8.0,10.0,1,81,0,86
205,68,1568.0,3004.0,6.0,7.0,1,75,0,82
205,70,1302.0,2995.0,7.0,10.0,1,73,0,81
205,72,1488.0,3010.0,7.0,6.0,1,68,0,76
205,75,1671.0,2994.0,7.0,8.0,1,65,0,73
205,76,1324.0,2995.0,7.0,7.0,1,64,0,72
205,79,1397.0,3001.0,9.0,8.0,1,62,0,66
205,81,1577.0,3009.0,6.0,8.0,1,54,0,64
206,3,1631.0,3272.0,13.0,9.0,1,182,0,203
206,31,1377.0,3000.0,9.0,9.0,1,124,0,131
206,35,1362.0,3003.0,7.0,7.0,1,114,0,123
206,36,1634.0,3004.0,10.0,8.0,1,113,0,123
206,39,1345.0,3004.0,7.0,8.0,1,117,0,121
206,42,1581.0,3009.0,7.0,6.0,1,107,0,119
206,43,1455.0,3007.0,9.0,8.0,0,112,1,118
206,47,1476.0,3011.0,9.0,7.0,1,107,0,114
206,50,1419.0,3001.0,8.0,8.0,1,107,0,111
206,51,1512.0,3009.0,8.0,6.0,1,99,0,109
206,52,1714.0,3004.0,7.0,10.0,1,100,0,109
206,54,1499.0,3004.0,9.0,5.0,1,98,0,108
206,55,1690.0,3099.0,8.0,6.0,0,91,1,104
206,56,1554.0,3001.0,8.0,9.0,1,91,0,103
206,57,1607.0,3010.0,5.0,6.0,1,92,0,101
206,60,1652.0,3014.0,9.0,9.0,1,89,0,98
206,63,1588.0,3007.0,10.0,8.0,1,87,0,94
206,66,1686.0,3005.0,9.0,7.0,1,82,0,87
206,68,1570.0,3003.0,6.0,7.0,1,76,0,83
206,70,1302.0,2997.0,6.0,5.0,1,74,0,82
206,72,1482.0,3007.0,6.0,7.0,1,69,0,77
206,75,1670.0,3001.0,8.0,6.0,1,66,0,74
206,76,1320.0,2992.0,9.0,8.0,1,65,0,73
206,79,1400.0,3001.0,7.0,7.0,1,63,0,67
206,81,1572.0,3012.0,6.0,7.0,1,55,0,65
207,3,1637.0,3272.0,15.0,8.0,1,183,0,204
207,31,1375.0,3000.0,9.0,8.0,1,125,0,132
207,35,1353.0,3000.0,7.0,9.0,1,115,0,124
207,36,1602.0,3004.0,7.0,7.0,1,114,0,124
207,39,1341.0,2992.0,8.0,6.0,1,118,0,122
207,42,1575.0,3004.0,6.0,6.0,1,108,0,120
207,43,1455.0,3007.0,9.0,8.0,0,112,2,119
207,47,1463.0,3012.0,9.0,6.0,1,108,0,115
207,50,1414.0,2996.0,10.0,10.0,1,108,0,112
207,51,1508.0,3013.0,7.0,5.0,1,100,0,110
207,52,1714.0,3004.0,7.0,10.0,0,100,1,110
207,54,1490.0,3003.0,8.0,7.0,1,99,0,109
207,55,1690.0,3099.0,8.0,6.0,0,91,2,105
207,56,1541.0,3006.0,8.0,6.0,1,92,0,104
207,57,1601.0,3014.0,6.0,7.0,1,93,0,102
207,60,1656.0,3007.0,9.0,8.0,1,90,0,99
207,63,1579.0,3005.0,9.0,6.0,1,88,0,95
207,66,1678.0,2997.0,10.0,8.0,1,83,0,88
207,68,1558.0,3009.0,5.0,8.0,1,77,0,84
207,70,1297.0,2995.0,6.0,5.0,1,75,0,83
207,72,1481.0,3006.0,7.0,5.0,1,70,0,78
207,75,1661.0,2999.0,8.0,11.0,1,67,0,75
207,76,1311.0,2993.0,8.0,7.0,1,66,0,74
207,79,1387.0,2997.0,7.0,9.0,1,64,0,68
207,81,1566.0,3010.0,6.0,6.0,1,56,0,66
208,3,1633.0,3263.0,14.0,11.0,1,184,0,205
208,31,1375.0,3000.0,9.0,8.0,0,125,1,133
208,35,1342.0,3084.0,11.0,6.0,1,116,0,125
208,36,1627.0,3011.0,7.0,4.0,1,115,0,125
208,39,1335.0,2998.0,7.0,6.0,1,119,0,123
208,42,1569.0,3005.0,7.0,9.0,1,109,0,121
208,43,1437.0,3005.0,8.0,7.0,1,113,0,120
208,47,1461.0,3004.0,8.0,8.0,1,109,0,116
208,50,1402.0,2999.0,13.0,9.0,1,109,0,113
208,51,1503.0,2999.0,8.0,7.0,1,101,0,111
208,52,1699.0,3012.0,6.0,6.0,1,101,0,111
208,54,1481.0,3004.0,7.0,7.0,1,100,0,110
208,55,1690.0,3099.0,8.0,6.0,0,91,3,106
208,56,1537.0,3006.0,6.0,8.0,1,93,0,105
208,57,1597.0,3008.0,8.0,5.0,1,94,0,103
208,60,1641.0,3009.0,10.0,7.0,1,91,0,100
208,63,1580.0,3004.0,8.0,8.0,1,89,0,96
208,66,1681.0,3005.0,10.0,8.0,1,84,0,89
208,68,1558.0,3009.0,5.0,8.0,0,77,1,85
208,70,1294.0,2991.0,7.0,8.0,1,76,0,84
208,72,1476.0,3005.0,6.0,5.0,1,71,0,79
208,75,1661.0,2999.0,8.0,11.0,0,67,1,76
208,76,1307.0,2994.0,8.0,8.0,1,67,0,75
208,79,1387.0,2997.0,7.0,9.0,0,64,1,69
208,81,1560.0,3006.0,6.0,8.0,1,57,0,67
209,3,1637.0,3266.0,20.0,9.0,1,185,0,206
209,31,1354.0,2997.0,10.0,9.0,1,126,0,134
209,35,1342.0,3084.0,11.0,6.0,0,116,1,126
209,36,1627.0,3011.0,7.0,4.0,0,115,1,126
209,39,1340.0,2993.0,8.0,8.0,1,120,0,124
209,42,1568.0,3004.0,7.0,6.0,1,110,0,122
209,43,1436.0,3006.0,10.0,5.0,1,114,0,121
209,47,1458.0,3004.0,8.0,6.0,1,110,0,117
209,50,1404.0,2999.0,12.0,8.0,1,110,0,114
209,51,1494.0,3003.0,9.0,5.0,1,102,0,112
209,52,1699.0,3012.0,6.0,6.0,0,101,1,112
209,54,1478.0,2993.0,6.0,8.0,1,101,0,111
209,55,1727.0,3216.0,9.0,5.0,1,92,0,107
209,56,1525.0,3010.0,7.0,5.0,1,94,0,106
209,57,1592.0,3006.0,7.0,8.0,1,95,0,104
209,60,1636.0,3003.0,8.0,6.0,1,92,0,101
209,63,1584.0,3008.0,5.0,6.0,1,90,0,97
209,66,1681.0,3005.0,10.0,8.0,0,84,1,90
209,68,1553.0,2998.0,7.0,8.0,1,78,0,86
209,70,1282.0,2988.0,6.0,8.0,1,77,0,85
209,72,1467.0,3007.0,5.0,6.0,1,72,0,80
209,75,1650.0,3004.0,10.0,6.0,1,68,0,77
209,76,1324.0,3003.0,5.0,6.0,1,68,0,76
209,79,1376.0,3003.0,9.0,9.0,1,65,0,70
209,81,1567.0,3006.0,9.0,7.0,1,58,0,68
210,3,1638.0,3271.0,15.0,14.0,1,186,0,207
210,31,1353.0,3000.0,9.0,10.0,1,127,0,135
210,35,1321.0,2999.0,8.0,7.0,1,117,0,127
210,36,1612.0,3008.0,6.0,6.0,1,116,0,127
210,39,1333.0,2987.0,8.0,8.0,1,121,0,125
210,42,1561.0,3010.0,7.0,5.0,1,111,0,123
210,43,1421.0,2996.0,11.0,9.0,1,115,0,122
210,47,1444.0,3007.0,12.0,7.0,1,111,0,118
210,50,1396.0,3001.0,10.0,9.0,1,111,0,115
210,51,1489.0,3002.0,8.0,6.0,1,103,0,113
210,52,1683.0,3008.0,10.0,10.0,1,102,0,113
210,54,1463.0,2997.0,9.0,7.0,1,102,0,112
210,55,1727.0,3216.0,9.0,5.0,0,92,1,108
210,56,1520.0,2999.0,8.0,8.0,1,95,0,107
210,57,1584.0,3007.0,7.0,5.0,1,96,0,105
210,60,1633.0,3012.0,7.0,7.0,1,93,0,102
210,63,1568.0,2998.0,9.0,8.0,1,91,0,98
210,66,1662.0,2999.0,9.0,7.0,1,85,0,91
210,68,1538.0,3007.0,6.0,7.0,1,79,0,87
210,70,1274.0,2989.0,6.0,7.0,1,78,0,86
210,72,1462.0,3011.0,6.0,4.0,1,73,0,81
210,75,1643.0,3004.0,7.0,6.0,1,69,0,78
210,76,1291.0,2996.0,9.0,7.0,1,69,0,77
210,79,1371.0,3001.0,8.0,8.0,1,66,0,71
210,81,1552.0,3009.0,6.0,6.0,1,59,0,69
211,3,1638.0,3260.0,12.0,11.0,1,187,0,208
211,31,1342.0,3000.0,9.0,9.0,1,128,0,136
211,35,1310.0,2995.0,9.0,7.0,1,118,0,128
211,36,1602.0,3004.0,6.0,8.0,1,117,0,128
211,39,1328.0,2994.0,9.0,8.0,1,122,0,126
211,42,1556.0,3014.0,7.0,6.0,1,112,0,124
211,43,1422.0,3004.0,7.0,6.0,1,116,0,123
211,47,1439.0,3008.0,11.0,5.0,1,112,0,119
211,50,1394.0,3003.0,9.0,9.0,1,112,0,116
211,51,1488.0,2999.0,7.0,6.0,1,104,0,114
211,52,1685.0,3006.0,8.0,5.0,1,103,0,114
211,54,1465.0,3004.0,7.0,6.0,1,103,0,113
211,55,1727.0,3216.0,9.0,5.0,0,92,2,109
211,56,1519.0,3007.0,9.0,6.0,1,96,0,108
211,57,1581.0,3005.0,8.0,7.0,1,97,0,106
211,60,1628.0,3010.0,8.0,6.0,1,94,0,103
211,63,1557.0,3003.0,8.0,9.0,1,92,0,99
211,66,1656.0,2999.0,11.0,7.0,1,86,0,92
211,68,1533.0,3003.0,4.0,5.0,1,80,0,88
211,70,1261.0,2991.0,7.0,8.0,1,79,0,87
211,72,1458.0,3003.0,5.0,6.0,1,74,0,82
211,75,1632.0,3001.0,8.0,10.0,1,70,0,79
211,76,1285.0,2993.0,8.0,7.0,1,70,0,78
211,79,1364.0,3000.0,5.0,9.0,1,67,0,72
211,81,1540.0,3005.0,6.0,6.0,1,60,0,70
212,3,1638.0,3258.0,12.0,10.0,1,188,0,209
212,31,1341.0,2996.0,8.0,7.0,1,129,0,137
212,35,1308.0,2992.0,10.0,8.0,1,119,0,129
212,36,1594.0,3005.0,9.0,6.0,1,118,0,129
212,39,1323.0,2996.0,9.0,8.0,1,123,0,127
212,42,1556.0,3014.0,7.0,6.0,0,112,1,125
212,43,1414.0,2998.0,7.0,7.0,1,117,0,124
212,47,1436.0,3001.0,12.0,10.0,1,113,0,120
212,50,1385.0,2997.0,9.0,8.0,1,113,0,117
212,51,1479.0,2999.0,5.0,7.0,1,105,0,115
212,52,1672.0,3010.0,6.0,6.0,1,104,0,115
212,54,1459.0,3004.0,8.0,7.0,1,104,0,114
212,55,1727.0,3216.0,9.0,5.0,0,92,3,110
212,56,1511.0,3004.0,8.0,8.0,1,97,0,109
212,57,1581.0,3005.0,8.0,7.0,0,97,1,107
212,60,1614.0,3004.0,8.0,8.0,1,95,0,104
212,63,1557.0,3007.0,5.0,7.0,1,93,0,100
212,66,1651.0,2999.0,11.0,10.0,1,87,0,93
212,68,1527.0,2997.0,8.0,11.0,1,81,0,89
212,70,1261.0,2991.0,7.0,8.0,0,79,1,88
212,72,1450.0,3005.0,7.0,3.0,1,75,0,83
212,75,1635.0,2996.0,8.0,8.0,1,71,0,80
212,76,1284.0,2997.0,7.0,6.0,1,71,0,79
212,79,1353.0,2990.0,8.0,9.0,1,68,0,73
212,81,1538.0,3000.0,7.0,8.0,1,61,0,71
213,3,1637.0,3258.0,18.0,11.0,1,189,0,210
213,31,1336.0,2992.0,8.0,7.0,1,130,0,138
213,35,1299.0,2996.0,12.0,8.0,1,120,0,130
213,36,1591.0,3010.0,5.0,8.0,1,119,0,130
213,39,1317.0,2990.0,8.0,8.0,1,124,0,128
213,42,1545.0,3006.0,7.0,6.0,1,113,0,126
213,43,1407.0,2994.0,6.0,9.0,1,118,0,125
213,47,1424.0,2996.0,10.0,8.0,1,114,0,121
213,50,1377.0,2989.0,8.0,10.0,1,114,0,118
213,51,1481.0,3002.0,6.0,8.0,1,106,0,116
213,52,1668.0,3012.0,8.0,9.0,1,105,0,116
213,54,1453.0,2999.0,6.0,6.0,1,105,0,115
213,55,1727.0,3216.0,9.0,5.0,0,92,4,111
213,56,1507.0,3004.0,9.0,6.0,1,98,0,110
213,57,1566.0,2998.0,6.0,8.0,1,98,0,108
213,60,1610.0,3004.0,8.0,6.0,1,96,0,105
213,63,1563.0,3011.0,4.0,6.0,1,94,0,101
213,66,1642.0,2999.0,9.0,8.0,1,88,0,94
213,68,1531.0,3004.0,8.0,10.0,1,82,0,90
213,70,1258.0,2990.0,6.0,9.0,1,80,0,89
213,72,1444.0,3004.0,8.0,6.0,1,76,0,84
213,75,1624.0,2998.0,8.0,9.0,1,72,0,81
213,76,1274.0,2993.0,9.0,7.0,1,72,0,80
213,79,1355.0,2993.0,9.0,8.0,1,69,0,74
213,81,1544.0,3003.0,8.0,9.0,1,62,0,72
214,3,1637.0,3258.0,18.0,11.0,0,189,1,211
214,31,1326.0,2995.0,10.0,9.0,1,131,0,139
214,35,1290.0,2998.0,10.0,7.0,1,121,0,131
214,36,1579.0,2998.0,7.0,6.0,1,120,0,131
214,39,1309.0,2994.0,9.0,6.0,1,125,0,129
214,42,1543.0,3002.0,7.0,9.0,1,114,0,127
214,43,1398.0,2996.0,6.0,6.0,1,119,0,126
214,47,1420.0,3003.0,9.0,9.0,1,115,0,122
214,50,1371.0,2995.0,7.0,9.0,1,115,0,119
214,51,1467.0,3006.0,8.0,8.0,1,107,0,117
214,52,1666.0,3005.0,7.0,8.0,1,106,0,117
214,54,1449.0,3002.0,9.0,7.0,1,106,0,116
214,55,1727.0,3216.0,9.0,5.0,0,92,5,112
214,56,1507.0,3004.0,9.0,6.0,0,98,1,111
214,57,1561.0,3001.0,6.0,6.0,1,99,0,109
214,60,1604.0,3006.0,7.0,7.0,1,97,0,106
214,63,1549.0,3006.0,7.0,5.0,1,95,0,102
214,66,1639.0,3001.0,12.0,9.0,1,89,0,95
214,68,1528.0,3001.0,5.0,8.0,1,83,0,91
214,70,1246.0,2991.0,7.0,8.0,1,81,0,90
214,72,1442.0,3007.0,6.0,4.0,1,77,0,85
214,75,1620.0,3006.0,9.0,8.0,1,73,0,82
214,76,1268.0,2997.0,8.0,7.0,1,73,0,81
214,79,1355.0,2993.0,9.0,8.0,0,69,1,75
214,81,1536.0,3001.0,6.0,9.0,1,63,0,73
215,3,1638.0,3254.0,14.0,16.0,1,190,0,212
215,31,1317.0,2995.0,12.0,9.0,1,132,0,140
215,35,1287.0,2984.0,11.0,10.0,1,122,0,132
215,36,1576.0,2999.0,9.0,8.0,1,121,0,132
215,39,1301.0,2994.0,9.0,7.0,1,126,0,130
215,42,1533.0,3001.0,9.0,8.0,1,115,0,128
215,43,1390.0,2995.0,9.0,7.0,1,120,0,127
215,47,1417.0,3001.0,11.0,9.0,1,116,0,123
215,50,1364.0,2987.0,10.0,12.0,1,116,0,120
215,51,1463.0,2998.0,7.0,4.0,1,108,0,118
215,52,1657.0,3007.0,8.0,7.0,1,107,0,118
215,54,1435.0,2997.0,9.0,7.0,1,107,0,117
215,55,1727.0,3216.0,9.0,5.0,0,92,6,113
215,56,1492.0,3004.0,11.0,6.0,1,99,0,112
215,57,1550.0,2998.0,7.0,7.0,1,100,0,110
215,60,1593.0,3009.0,9.0,6.0,1,98,0,107
215,63,1553.0,3009.0,9.0,9.0,1,96,0,103
215,66,1629.0,2991.0,12.0,10.0,1,90,0,96
215,68,1518.0,3001.0,6.0,8.0,1,84,0,92
215,70,1240.0,2985.0,11.0,8.0,1,82,0,91
215,72,1432.0,3008.0,5.0,6.0,1,78,0,86
215,75,1608.0,2997.0,9.0,9.0,1,74,0,83
215,76,1265.0,2991.0,9.0,10.0,1,74,0,82
215,79,1332.0,2993.0,11.0,9.0,1,70,0,76
215,81,1531.0,3003.0,9.0,8.0,1,64,0,74
216,3,1642.0,3251.0,15.0,11.0,1,191,0,213
216,31,1315.0,2992.0,13.0,8.0,1,133,0,141
216,35,1277.0,2987.0,10.0,10.0,1,123,0,133
216,36,1561.0,3001.0,9.0,7.0,1,122,0,133
216,39,1301.0,2996.0,8.0,6.0,1,127,0,131
216,42,1527.0,3002.0,8.0,12.0,1,116,0,129
216,43,1390.0,2995.0,9.0,7.0,0,120,1,128
216,47,1405.0,2999.0,11.0,8.0,1,117,0,124
216,50,1361.0,2992.0,9.0,8.0,1,117,0,121
216,51,1455.0,2999.0,7.0,7.0,1,109,0,119
216,52,1651.0,3010.0,8.0,6.0,1,108,0,119
216,54,1438.0,2998.0,8.0,9.0,1,108,0,118
216,55,1727.0,3216.0,9.0,5.0,0,92,7,114
216,56,1492.0,3004.0,11.0,6.0,0,99,1,113
216,57,1550.0,2998.0,7.0,7.0,0,100,1,111
216,60,1593.0,3007.0,9.0,7.0,1,99,0,108
216,63,1546.0,3005.0,7.0,7.0,1,97,0,104
216,66,1629.0,2998.0,11.0,9.0,1,91,0,97
216,68,1518.0,3001.0,6.0,8.0,0,84,1,93
216,70,1230.0,2990.0,10.0,8.0,1,83,0,92
216,72,1432.0,3008.0,5.0,6.0,0,78,1,87
216,75,1599.0,2998.0,11.0,9.0,1,75,0,84
216,76,1265.0,2991.0,9.0,10.0,0,74,1,83
216,79,1335.0,2989.0,7.0,9.0,1,71,0,77
216,81,1524.0,3001.0,5.0,6.0,1,65,0,75
217,3,1639.0,3248.0,17.0,12.0,1,192,0,214
217,31,1307.0,2996.0,11.0,8.0,1,134,0,142
217,35,1271.0,2989.0,7.0,10.0,1,124,0,134
217,36,1565.0,3007.0,9.0,6.0,1,123,0,134
217,39,1296.0,2993.0,7.0,7.0,1,128,0,132
217,42,1522.0,3001.0,8.0,7.0,1,117,0,130
217,43,1379.0,2991.0,10.0,8.0,1,121,0,129
217,47,1405.0,2999.0,11.0,8.0,0,117,1,125
217,50,1349.0,2993.0,10.0,8.0,1,118,0,122
217,51,1455.0,2999.0,7.0,7.0,0,109,1,120
217,52,1638.0,3010.0,7.0,7.0,1,109,0,120
217,54,1431.0,2997.0,9.0,6.0,1,109,0,119
217,55,1727.0,3216.0,9.0,5.0,0,92,8,115
217,56,1479.0,3000.0,9.0,8.0,1,100,0,114
217,57,1537.0,2997.0,7.0,6.0,1,101,0,112
217,60,1584.0,3009.0,10.0,6.0,1,100,0,109
217,63,1533.0,3003.0,8.0,8.0,1,98,0,105
217,66,1621.0,2997.0,9.0,8.0,1,92,0,98
217,68,1497.0,3004.0,7.0,6.0,1,85,0,94
217,70,1228.0,2994.0,7.0,7.0,1,84,0,93
217,72,1415.0,2998.0,6.0,8.0,1,79,0,88
217,75,1588.0,3002.0,10.0,9.0,1,76,0,85
217,76,1250.0,2990.0,11.0,9.0,1,75,0,84
217,79,1327.0,2995.0,7.0,8.0,1,72,0,78
217,81,1516.0,2998.0,8.0,6.0,1,66,0,76
218,3,1639.0,3253.0,17.0,7.0,1,193,0,215
218,31,1307.0,2996.0,11.0,8.0,0,134,1,143
218,35,1271.0,2989.0,7.0,10.0,0,124,1,135
218,36,1560.0,3001.0,7.0,7.0,1,124,0,135
218,39,1290.0,2991.0,9.0,8.0,1,129,0,133
218,42,1512.0,3000.0,6.0,8.0,1,118,0,131
218,43,1397.0,3004.0,13.0,8.0,1,122,0,130
218,47,1415.0,2997.0,9.0,6.0,1,118,0,126
218,50,1343.0,2992.0,9.0,11.0,1,119,0,123
218,51,1473.0,2997.0,8.0,7.0,1,110,0,121
218,52,1636.0,3005.0,6.0,7.0,1,110,0,121
218,54,1443.0,2999.0,5.0,6.0,1,110,0,120
218,55,1727.0,3216.0,9.0,5.0,0,92,9,116
218,56,1486.0,3005.0,9.0,7.0,1,101,0,115
218,57,1534.0,3002.0,6.0,8.0,1,102,0,113
218,60,1579.0,3004.0,9.0,8.0,1,101,0,110
218,63,1524.0,3008.0,10.0,7.0,1,99,0,106
218,66,1613.0,2997.0,10.0,6.0,1,93,0,99
218,68,1496.0,3005.0,5.0,7.0,1,86,0,95
218,70,1222.0,2986.0,7.0,6.0,1,85,0,94
218,72,1420.0,2997.0,7.0,6.0,1,80,0,89
218,75,1589.0,3000.0,9.0,8.0,1,77,0,86
218,76,1239.0,2985.0,9.0,8.0,1,76,0,85
218,79,1321.0,2999.0,8.0,8.0,1,73,0,79
218,81,1512.0,2996.0,8.0,8.0,1,67,0,77
219,3,1639.0,3250.0,14.0,14.0,1,194,0,216
219,31,1288.0,2993.0,12.0,9.0,1,135,0,144
219,35,1264.0,2996.0,8.0,8.0,1,125,0,136
219,36,1551.0,2997.0,6.0,8.0,1,125,0,136
219,39,1275.0,2993.0,7.0,4.0,1,130,0,134
219,42,1504.0,3001.0,8.0,7.0,1,119,0,132
219,43,1364.0,2995.0,9.0,6.0,1,123,0,131
219,47,1407.0,2994.0,6.0,8.0,1,119,0,127
219,50,1339.0,2992.0,10.0,7.0,1,120,0,124
219,51,1439.0,3000.0,5.0,6.0,1,111,0,122
219,52,1626.0,3000.0,8.0,8.0,1,111,0,122
219,54,1416.0,2996.0,8.0,6.0,1,111,0,121
219,55,1727.0,3216.0,9.0,5.0,0,92,10,117
219,56,1484.0,2996.0,6.0,7.0,1,102,0,116
219,57,1528.0,2990.0,7.0,12.0,1,103,0,114
219,60,1572.0,3007.0,7.0,6.0,1,102,0,111
219,63,1520.0,3013.0,9.0,7.0,1,100,0,107
219,66,1598.0,2995.0,11.0,10.0,1,94,0,100
219,68,1495.0,3003.0,7.0,8.0,1,87,0,96
219,70,1217.0,2985.0,7.0,7.0,1,86,0,95
219,72,1389.0,2994.0,11.0,9.0,1,81,0,90
219,75,1589.0,3000.0,9.0,8.0,0,77,1,87
219,76,1232.0,2984.0,9.0,8.0,1,77,0,86
219,79,1311.0,2993.0,6.0,10.0,1,74,0,80
219,81,1511.0,3000.0,8.0,7.0,1,68,0,78
220,3,1642.0,3252.0,19.0,7.0,1,195,0,217
220,31,1284.0,2989.0,14.0,9.0,1,136,0,145
220,35,1255.0,2989.0,11.0,10.0,1,126,0,137
220,36,1548.0,2997.0,8.0,9.0,1,126,0,137
220,39,1274.0,2993.0,8.0,9.0,1,131,0,135
220,42,1498.0,2998.0,6.0,7.0,1,120,0,133
220,43,1368.0,2994.0,9.0,6.0,1,124,0,132
220,47,1407.0,2994.0,6.0,8.0,0,119,1,128
220,50,1336.0,2991.0,10.0,8.0,1,121,0,125
220,51,1463.0,3002.0,6.0,8.0,1,112,0,123
220,52,1618.0,3005.0,10.0,6.0,1,112,0,123
220,54,1431.0,2995.0,5.0,6.0,1,112,0,122
220,55,1727.0,3216.0,9.0,5.0,0,92,11,118
220,56,1478.0,3005.0,9.0,7.0,1,103,0,117
220,57,1517.0,2996.0,8.0,9.0,1,104,0,115
220,60,1565.0,3001.0,8.0,6.0,1,103,0,112
220,63,1519.0,3003.0,6.0,6.0,1,101,0,108
220,66,1603.0,2996.0,9.0,8.0,1,95,0,101
220,68,1495.0,2999.0,6.0,8.0,1,88,0,97
220,70,1212.0,2989.0,10.0,4.0,1,87,0,96
220,72,1382.0,2993.0,11.0,9.0,1,82,0,91
220,75,1578.0,2993.0,7.0,9.0,1,78,0,88
220,76,1232.0,2984.0,9.0,8.0,0,77,1,87
220,79,1311.0,2993.0,6.0,10.0,0,74,1,81
220,81,1506.0,3004.0,6.0,8.0,1,69,0,79
221,3,1644.0,3247.0,15.0,13.0,1,196,0,218
221,31,1284.0,2989.0,14.0,9.0,0,136,1,146
221,35,1246.0,2990.0,9.0,6.0,1,127,0,138
221,36,1539.0,2997.0,7.0,9.0,1,127,0,138
221,39,1264.0,2997.0,9.0,8.0,1,132,0,136
221,42,1493.0,3000.0,5.0,7.0,1,121,0,134
221,43,1356.0,2990.0,8.0,6.0,1,125,0,133
221,47,1399.0,2998.0,6.0,6.0,1,120,0,129
221,50,1320.0,2986.0,7.0,7.0,1,122,0,126
221,51,1427.0,2997.0,7.0,5.0,1,113,0,124
221,52,1618.0,3005.0,10.0,6.0,0,112,1,124
221,54,1407.0,2995.0,8.0,7.0,1,113,0,123
221,55,1727.0,3216.0,9.0,5.0,0,92,12,119
221,56,1463.0,2998.0,6.0,6.0,1,104,0,118
221,57,1511.0,2998.0,8.0,7.0,1,105,0,116
221,60,1562.0,3006.0,7.0,7.0,1,104,0,113
221,63,1510.0,3004.0,7.0,8.0,1,102,0,109
221,66,1597.0,2989.0,10.0,11.0,1,96,0,102
221,68,1483.0,2996.0,7.0,8.0,1,89,0,98
221,70,1197.0,2993.0,7.0,6.0,1,88,0,97
221,72,1382.0,2998.0,12.0,9.0,1,83,0,92
221,75,1571.0,2996.0,8.0,7.0,1,79,0,89
221,76,1224.0,2990.0,10.0,9.0,1,78,0,88
221,79,1311.0,2993.0,6.0,10.0,0,74,2,82
221,81,1496.0,3001.0,7.0,8.0,1,70,0,80
222,3,1640.0,3246.0,17.0,11.0,1,197,0,219
222,31,1277.0,2987.0,11.0,9.0,1,137,0,147
222,35,1246.0,2990.0,9.0,6.0,0,127,1,139
222,36,1533.0,2995.0,7.0,9.0,1,128,0,139
222,39,1261.0,2985.0,7.0,8.0,1,133,0,137
222,42,1480.0,3005.0,8.0,7.0,1,122,0,135
222,43,1344.0,2990.0,10.0,7.0,1,126,0,134
222,47,1394.0,2999.0,6.0,5.0,1,121,0,130
222,50,1324.0,2990.0,9.0,9.0,1,123,0,127
222,51,1421.0,2992.0,8.0,7.0,1,114,0,125
222,52,1618.0,3005.0,10.0,6.0,0,112,2,125
222,54,1401.0,3000.0,7.0,5.0,1,114,0,124
222,55,1727.0,3216.0,9.0,5.0,0,92,13,120
222,56,1448.0,2995.0,7.0,7.0,1,105,0,119
222,57,1504.0,2996.0,5.0,8.0,1,106,0,117
222,60,1556.0,3002.0,8.0,7.0,1,105,0,114
222,63,1510.0,3004.0,7.0,8.0,0,102,1,110
222,66,1586.0,2992.0,7.0,7.0,1,97,0,103
222,68,1471.0,2995.0,6.0,7.0,1,90,0,99
222,70,1197.0,2993.0,7.0,6.0,0,88,1,98
222,72,1369.0,2986.0,10.0,9.0,1,84,0,93
222,75,1561.0,2995.0,9.0,7.0,1,80,0,90
222,76,1221.0,2993.0,8.0,8.0,1,79,0,89
222,79,1311.0,2993.0,6.0,10.0,0,74,3,83
222,81,1490.0,3003.0,6.0,10.0,1,71,0,81
223,3,1642.0,3246.0,17.0,11.0,1,198,0,220
223,31,1268.0,2993.0,13.0,7.0,1,138,0,148
223,35,1234.0,2991.0,9.0,6.0,1,128,0,140
223,36,1524.0,2997.0,7.0,8.0,1,129,0,140
223,39,1261.0,2985.0,7.0,8.0,0,133,1,138
223,42,1483.0,2993.0,5.0,9.0,1,123,0,136
223,43,1343.0,2992.0,9.0,7.0,1,127,0,135
223,47,1383.0,2998.0,6.0,5.0,1,122,0,131
223,50,1320.0,2986.0,8.0,10.0,1,124,0,128
223,51,1416.0,2998.0,6.0,7.0,1,115,0,126
223,52,1618.0,3005.0,10.0,6.0,0,112,3,126
223,54,1393.0,2998.0,8.0,7.0,1,115,0,125
223,55,1727.0,3216.0,9.0,5.0,0,92,14,121
223,56,1456.0,2998.0,7.0,8.0,1,106,0,120
223,57,1505.0,2996.0,6.0,6.0,1,107,0,118
223,60,1543.0,2997.0,7.0,8.0,1,106,0,115
223,63,1493.0,3010.0,7.0,9.0,1,103,0,111
223,66,1576.0,2998.0,9.0,6.0,1,98,0,104
223,68,1473.0,2997.0,7.0,6.0,1,91,0,100
223,70,1187.0,2991.0,6.0,5.0,1,89,0,99
223,72,1374.0,2992.0,11.0,9.0,1,85,0,94
223,75,1559.0,2991.0,7.0,8.0,1,81,0,91
223,76,1221.0,2993.0,8.0,8.0,0,79,1,90
223,79,1311.0,2993.0,6.0,10.0,0,74,4,84
223,81,1483.0,3004.0,5.0,6.0,1,72,0,82
224,3,1647.0,3242.0,17.0,9.0,1,199,0,221
224,31,1267.0,2990.0,11.0,7.0,1,139,0,149
224,35,1232.0,2988.0,7.0,7.0,1,129,0,141
224,36,1514.0,2998.0,6.0,7.0,1,130,0,141
224,39,1247.0,2993.0,7.0,6.0,1,134,0,139
224,42,1474.0,2998.0,5.0,8.0,1,124,0,137
224,43,1337.0,2991.0,10.0,8.0,1,128,0,136
224,47,1384.0,2993.0,7.0,7.0,1,123,0,132
224,50,1310.0,2980.0,10.0,12.0,1,125,0,129
224,51,1406.0,2991.0,7.0,6.0,1,116,0,127
224,52,1618.0,3005.0,10.0,6.0,0,112,4,127
224,54,1387.0,2995.0,6.0,5.0,1,116,0,126
224,55,1727.0,3216.0,9.0,5.0,0,92,15,122
224,56,1436.0,2997.0,6.0,6.0,1,107,0,121
224,57,1496.0,2990.0,7.0,8.0,1,108,0,119
224,60,1552.0,3126.0,9.0,7.0,1,107,0,116
224,63,1493.0,3010.0,7.0,9.0,0,103,1,112
224,66,1574.0,3000.0,11.0,9.0,1,99,0,105
224,68,1462.0,3002.0,6.0,6.0,1,92,0,101
224,70,1187.0,2989.0,6.0,5.0,1,90,0,100
224,72,1366.0,2991.0,6.0,7.0,1,86,0,95
224,75,1559.0,2991.0,7.0,8.0,0,81,1,92
224,76,1198.0,2987.0,8.0,7.0,1,80,0,91
224,79,1311.0,2993.0,6.0,10.0,0,74,5,85
224,81,1483.0,3004.0,5.0,6.0,0,72,1,83
225,3,1643.0,3243.0,13.0,9.0,1,200,0,222
225,31,1253.0,2995.0,7.0,7.0,1,140,0,150
225,35,1228.0,2990.0,10.0,7.0,1,130,0,142
225,36,1512.0,2995.0,5.0,5.0,1,131,0,142
225,39,1241.0,2986.0,8.0,6.0,1,135,0,140
225,42,1467.0,3002.0,6.0,9.0,1,125,0,138
225,43,1330.0,2988.0,12.0,9.0,1,129,0,137
225,47,1363.0,2997.0,6.0,5.0,1,124,0,133
225,50,1297.0,2991.0,9.0,8.0,1,126,0,130
225,51,1399.0,3003.0,6.0,7.0,1,117,0,128
225,52,1618.0,3005.0,10.0,6.0,0,112,5,128
225,54,1387.0,2995.0,6.0,5.0,0,116,1,127
225,55,1727.0,3216.0,9.0,5.0,0,92,16,123
225,56,1431.0,2996.0,8.0,6.0,1,108,0,122
225,57,1479.0,2996.0,8.0,6.0,1,109,0,120
225,60,1552.0,3126.0,9.0,7.0,0,107,1,117
225,63,1478.0,3006.0,8.0,7.0,1,104,0,113
225,66,1569.0,2990.0,9.0,8.0,1,100,0,106
225,68,1450.0,3000.0,10.0,7.0,1,93,0,102
225,70,1178.0,2988.0,7.0,7.0,1,91,0,101
225,72,1358.0,2992.0,10.0,7.0,1,87,0,96
225,75,1545.0,2996.0,6.0,5.0,1,82,0,93
225,76,1194.0,2988.0,8.0,7.0,1,81,0,92
225,79,1272.0,2990.0,8.0,8.0,1,75,0,86
225,81,1471.0,3002.0,7.0,6.0,1,73,0,84
226,3,1640.0,3234.0,15.0,13.0,1,201,0,223
226,31,1246.0,2986.0,13.0,9.0,1,141,0,151
226,35,1215.0,2987.0,11.0,10.0,1,131,0,143
226,36,1529.0,3001.0,4.0,10.0,1,132,0,143
226,39,1238.0,2987.0,8.0,8.0,1,136,0,141
226,42,1458.0,3006.0,5.0,6.0,1,126,0,139
226,43,1319.0,2985.0,11.0,8.0,1,130,0,138
226,47,1366.0,2995.0,7.0,8.0,1,125,0,134
226,50,1297.0,2991.0,9.0,8.0,0,126,1,131
226,51,1399.0,3003.0,6.0,7.0,0,117,1,129
226,52,1581.0,2999.0,8.0,7.0,1,113,0,129
226,54,1371.0,2998.0,7.0,6.0,1,117,0,128
226,55,1727.0,3216.0,9.0,5.0,0,92,17,124
226,56,1443.0,2997.0,7.0,7.0,1,109,0,123
226,57,1485.0,2993.0,5.0,6.0,1,110,0,121
226,60,1552.0,3126.0,9.0,7.0,0,107,2,118
226,63,1479.0,3005.0,6.0,5.0,1,105,0,114
226,66,1566.0,2990.0,9.0,6.0,1,101,0,107
226,68,1451.0,3000.0,9.0,7.0,1,94,0,103
226,70,1173.0,2988.0,6.0,6.0,1,92,0,102
226,72,1350.0,2987.0,8.0,8.0,1,88,0,97
226,75,1537.0,2998.0,7.0,6.0,1,83,0,94
226,76,1191.0,2986.0,7.0,6.0,1,82,0,93
226,79,1272.0,2990.0,6.0,6.0,1,76,0,87
226,81,1468.0,2997.0,6.0,7.0,1,74,0,85
227,3,1645.0,3230.0,17.0,8.0,1,202,0,224
227,31,1245.0,2983.0,12.0,7.0,1,142,0,152
227,35,1210.0,2986.0,10.0,8.0,1,132,0,144
227,36,1520.0,2999.0,5.0,8.0,1,133,0,144
227,39,1238.0,2987.0,8.0,8.0,0,136,1,142
227,42,1459.0,2996.0,6.0,9.0,1,127,0,140
227,43,1319.0,2985.0,11.0,8.0,0,130,1,139
227,47,1366.0,2995.0,7.0,8.0,0,125,1,135
227,50,1292.0,2980.0,10.0,10.0,1,127,0,132
227,51,1414.0,2994.0,9.0,5.0,1,118,0,130
227,52,1581.0,3002.0,6.0,8.0,1,114,0,130
227,54,1369.0,2998.0,8.0,5.0,1,118,0,129
227,55,1727.0,3216.0,9.0,5.0,0,92,18,125
227,56,1440.0,2998.0,7.0,7.0,1,110,0,124
227,57,1478.0,2992.0,6.0,7.0,1,111,0,122
227,60,1552.0,3126.0,9.0,7.0,0,107,3,119
227,63,1496.0,2995.0,6.0,6.0,1,106,0,115
227,66,1552.0,2998.0,9.0,8.0,1,102,0,108
227,68,1447.0,2997.0,8.0,7.0,1,95,0,104
227,70,1166.0,2992.0,7.0,5.0,1,93,0,103
227,72,1343.0,2990.0,9.0,8.0,1,89,0,98
227,75,1533.0,2997.0,6.0,6.0,1,84,0,95
227,76,1184.0,2984.0,11.0,7.0,1,83,0,94
227,79,1264.0,2990.0,6.0,8.0,1,77,0,88
227,81,1468.0,2998.0,7.0,8.0,1,75,0,86
228,3,1652.0,3232.0,14.0,12.0,1,203,0,225
228,31,1233.0,2991.0,13.0,8.0,1,143,0,153
228,35,1210.0,2986.0,10.0,8.0,0,132,1,145
228,36,1518.0,3001.0,8.0,7.0,1,134,0,145
228,39,1221.0,2991.0,9.0,8.0,1,137,0,143
228,42,1452.0,3001.0,8.0,6.0,1,128,0,141
228,43,1312.0,2981.0,8.0,7.0,1,131,0,140
228,47,1355.0,2995.0,8.0,5.0,1,126,0,136
228,50,1280.0,2989.0,9.0,9.0,1,128,0,133
228,51,1405.0,2994.0,10.0,7.0,1,119,0,131
228,52,1581.0,3002.0,6.0,8.0,0,114,1,131
228,54,1384.0,2992.0,6.0,5.0,1,119,0,130
228,55,1727.0,3216.0,9.0,5.0,0,92,19,126
228,56,1425.0,2998.0,9.0,6.0,1,111,0,125
228,57,1463.0,3006.0,8.0,6.0,1,112,0,123
228,60,1552.0,3126.0,9.0,7.0,0,107,4,120
228,63,1494.0,2995.0,9.0,6.0,1,107,0,116
228,66,1553.0,2996.0,7.0,7.0,1,103,0,109
228,68,1445.0,3002.0,7.0,7.0,1,96,0,105
228,70,1159.0,2987.0,7.0,8.0,1,94,0,104
228,72,1361.0,2988.0,7.0,8.0,1,90,0,99
228,75,1526.0,2990.0,8.0,7.0,1,85,0,96
228,76,1178.0,2987.0,9.0,7.0,1,84,0,95
228,79,1252.0,2990.0,9.0,7.0,1,78,0,89
228,81,1460.0,2994.0,5.0,7.0,1,76,0,87
229,3,1643.0,3231.0,13.0,10.0,1,204,0,226
229,31,1223.0,2987.0,14.0,9.0,1,144,0,154
229,35,1210.0,2986.0,10.0,8.0,0,132,2,146
229,36,1509.0,2998.0,6.0,7.0,1,135,0,146
229,39,1211.0,2991.0,8.0,8.0,1,138,0,144
229,42,1446.0,2999.0,6.0,6.0,1,129,0,142
229,43,1312.0,2981.0,8.0,7.0,0,131,1,141
229,47,1361.0,2994.0,6.0,6.0,1,127,0,137
229,50,1278.0,2991.0,7.0,9.0,1,129,0,134
229,51,1408.0,2995.0,9.0,7.0,1,120,0,132
229,52,1568.0,2997.0,9.0,8.0,1,115,0,132
229,54,1375.0,2988.0,8.0,6.0,1,120,0,131
229,55,1727.0,3216.0,9.0,5.0,0,92,20,127
229,56,1431.0,2996.0,8.0,6.0,1,112,0,126
229,57,1462.0,3000.0,7.0,7.0,1,113,0,124
229,60,1552.0,3126.0,9.0,7.0,0,107,5,121
229,63,1493.0,2988.0,7.0,8.0,1,108,0,117
229,66,1543.0,2990.0,8.0,9.0,1,104,0,110
229,68,1443.0,3005.0,7.0,6.0,1,97,0,106
229,70,1155.0,2987.0,6.0,6.0,1,95,0,105
229,72,1348.0,2987.0,6.0,4.0,1,91,0,100
229,75,1522.0,2989.0,6.0,8.0,1,86,0,97
229,76,1171.0,2983.0,6.0,7.0,1,85,0,96
229,79,1251.0,2987.0,10.0,9.0,1,79,0,90
229,81,1463.0,2989.0,7.0,6.0,1,77,0,88
230,3,1649.0,3220.0,15.0,11.0,1,205,0,227
230,31,1268.0,2994.0,8.0,8.0,1,145,0,155
230,35,1188.0,2984.0,10.0,9.0,1,133,0,147
230,36,1502.0,2995.0,7.0,6.0,1,136,0,147
230,39,1213.0,2984.0,8.0,9.0,1,139,0,145
230,42,1441.0,2996.0,6.0,5.0,1,130,0,143
230,43,1323.0,2985.0,10.0,8.0,1,132,0,142
230,47,1351.0,2989.0,7.0,7.0,1,128,0,138
230,50,1299.0,2983.0,8.0,7.0,1,130,0,135
230,51,1399.0,2992.0,8.0,8.0,1,121,0,133
230,52,1553.0,2998.0,10.0,9.0,1,116,0,133
230,54,1373.0,2995.0,4.0,7.0,1,121,0,132
230,55,1727.0,3216.0,9.0,5.0,0,92,21,128
230,56,1421.0,2989.0,8.0,8.0,1,113,0,127
230,57,1443.0,2998.0,8.0,6.0,1,114,0,125
230,60,1452.0,3007.0,6.0,6.0,1,108,0,122
230,63,1485.0,2986.0,7.0,7.0,1,109,0,118
230,66,1530.0,2993.0,8.0,6.0,1,105,0,111
230,68,1431.0,2999.0,7.0,7.0,1,98,0,107
230,70,1147.0,2983.0,8.0,8.0,1,96,0,106
230,72,1348.0,2989.0,6.0,5.0,1,92,0,101
230,75,1518.0,2989.0,7.0,8.0,1,87,0,98
230,76,1162.0,2987.0,8.0,6.0,1,86,0,97
230,79,1246.0,2989.0,7.0,6.0,1,80,0,91
230,81,1454.0,2990.0,7.0,7.0,1,78,0,89
231,3,1648.0,3224.0,17.0,10.0,1,206,0,228
231,31,1217.0,2987.0,14.0,7.0,1,146,0,156
231,35,1186.0,2984.0,8.0,8.0,1,134,0,148
231,36,1495.0,3002.0,9.0,9.0,1,137,0,148
231,39,1195.0,2988.0,6.0,8.0,1,140,0,146
231,42,1427.0,2998.0,7.0,6.0,1,131,0,144
231,43,1288.0,2983.0,8.0,5.0,1,133,0,143
231,47,1345.0,2992.0,8.0,6.0,1,129,0,139
231,50,1260.0,2987.0,8.0,6.0,1,131,0,136
231,51,1406.0,2996.0,8.0,7.0,1,122,0,134
231,52,1548.0,2994.0,7.0,5.0,1,117,0,134
231,54,1360.0,2983.0,9.0,7.0,1,122,0,133
231,55,1727.0,3216.0,9.0,5.0,0,92,22,129
231,56,1421.0,2989.0,8.0,8.0,0,113,1,128
231,57,1433.0,3002.0,5.0,7.0,1,115,0,126
231,60,1452.0,3007.0,6.0,6.0,0,108,1,123
231,63,1475.0,2987.0,8.0,6.0,1,110,0,119
231,66,1531.0,2994.0,8.0,6.0,1,106,0,112
231,68,1428.0,3002.0,6.0,6.0,1,99,0,108
231,70,1138.0,2985.0,8.0,6.0,1,97,0,107
231,72,1317.0,2989.0,9.0,9.0,1,93,0,102
231,75,1497.0,2990.0,8.0,9.0,1,88,0,99
231,76,1162.0,2988.0,6.0,6.0,1,87,0,98
231,79,1237.0,2984.0,9.0,7.0,1,81,0,92
231,81,1454.0,2990.0,7.0,7.0,0,78,1,90
232,3,1647.0,3226.0,21.0,8.0,1,207,0,229
232,31,1213.0,2988.0,13.0,8.0,1,147,0,157
232,35,1179.0,2980.0,9.0,9.0,1,135,0,149
232,36,1486.0,2992.0,7.0,9.0,1,138,0,149
232,39,1197.0,2988.0,8.0,7.0,1,141,0,147
232,42,1430.0,2998.0,5.0,8.0,1,132,0,145
232,43,1290.0,2985.0,6.0,8.0,1,134,0,144
232,47,1345.0,2992.0,8.0,6.0,0,129,1,140
232,50,1255.0,2990.0,9.0,10.0,1,132,0,137
232,51,1387.0,2994.0,6.0,6.0,1,123,0,135
232,52,1548.0,3000.0,6.0,5.0,1,118,0,135
232,54,1360.0,2983.0,9.0,7.0,0,122,1,134
232,55,1727.0,3216.0,9.0,5.0,0,92,23,130
232,56,1413.0,2995.0,7.0,7.0,1,114,0,129
232,57,1433.0,2999.0,7.0,7.0,1,116,0,127
232,60,1438.0,3003.0,8.0,7.0,1,109,0,124
232,63,1472.0,2992.0,8.0,6.0,1,111,0,120
232,66,1514.0,2994.0,9.0,6.0,1,107,0,113
232,68,1419.0,2999.0,7.0,5.0,1,100,0,109
232,70,1131.0,2987.0,6.0,5.0,1,98,0,108
232,72,1312.0,2991.0,10.0,8.0,1,94,0,103
232,75,1505.0,2989.0,7.0,10.0,1,89,0,100
232,76,1155.0,2986.0,8.0,6.0,1,88,0,99
232,79,1230.0,2983.0,9.0,5.0,1,82,0,93
232,81,1446.0,2986.0,8.0,6.0,1,79,0,91
233,3,1649.0,3218.0,15.0,10.0,1,208,0,230
233,31,1204.0,2992.0,14.0,6.0,1,148,0,158
233,35,1179.0,2984.0,5.0,5.0,1,136,0,150
233,36,1480.0,2997.0,8.0,6.0,1,139,0,150
233,39,1186.0,2985.0,8.0,5.0,1,142,0,148
233,42,1416.0,2995.0,8.0,7.0,1,133,0,146
233,43,1274.0,2990.0,8.0,7.0,1,135,0,145
233,47,1331.0,2993.0,9.0,7.0,1,130,0,141
233,50,1245.0,2985.0,12.0,9.0,1,133,0,138
233,51,1385.0,2987.0,10.0,7.0,1,124,0,136
233,52,1541.0,3002.0,8.0,6.0,1,119,0,136
233,54,1344.0,2999.0,8.0,7.0,1,123,0,135
233,55,1727.0,3216.0,9.0,5.0,0,92,24,131
233,56,1396.0,2995.0,8.0,8.0,1,115,0,130
233,57,1428.0,2995.0,7.0,8.0,1,117,0,128
233,60,1433.0,2994.0,9.0,10.0,1,110,0,125
233,63,1455.0,2991.0,9.0,6.0,1,112,0,121
233,66,1513.0,2994.0,8.0,8.0,1,108,0,114
233,68,1416.0,2997.0,7.0,6.0,1,101,0,110
233,70,1128.0,2988.0,6.0,6.0,1,99,0,109
233,72,1302.0,2981.0,10.0,8.0,1,95,0,104
233,75,1492.0,2992.0,7.0,7.0,1,90,0,101
233,76,1147.0,2984.0,8.0,6.0,1,89,0,100
233,79,1226.0,2993.0,8.0,9.0,1,83,0,94
233,81,1436.0,2987.0,7.0,7.0,1,80,0,92
234,3,1648.0,3216.0,14.0,7.0,1,209,0,231
234,31,1191.0,2989.0,15.0,8.0,1,149,0,159
234,35,1179.0,2984.0,5.0,5.0,0,136,1,151
234,36,1480.0,2997.0,8.0,6.0,0,139,1,151
234,39,1185.0,2980.0,8.0,8.0,1,143,0,149
234,42,1406.0,2999.0,8.0,6.0,1,134,0,147
234,43,1277.0,2983.0,7.0,5.0,1,136,0,146
234,47,1322.0,2991.0,10.0,8.0,1,131,0,142
234,50,1244.0,2991.0,10.0,7.0,1,134,0,139
234,51,1385.0,2987.0,10.0,7.0,0,124,1,137
234,52,1534.0,2994.0,6.0,8.0,1,120,0,137
234,54,1347.0,2989.0,5.0,8.0,1,124,0,136
234,55,1727.0,3216.0,9.0,5.0,0,92,25,132
234,56,1397.0,2985.0,8.0,8.0,1,116,0,131
234,57,1428.0,2995.0,7.0,8.0,0,117,1,129
234,60,1421.0,2995.0,7.0,7.0,1,111,0,126
234,63,1454.0,2983.0,9.0,6.0,1,113,0,122
234,66,1507.0,2985.0,9.0,9.0,1,109,0,115
234,68,1406.0,3001.0,7.0,5.0,1,102,0,111
234,70,1122.0,2983.0,8.0,7.0,1,100,0,110
234,72,1302.0,2981.0,10.0,8.0,0,95,1,105
234,75,1487.0,2988.0,7.0,9.0,1,91,0,102
234,76,1141.0,2991.0,9.0,8.0,1,90,0,101
234,79,1222.0,2989.0,6.0,7.0,1,84,0,95
234,81,1433.0,2992.0,7.0,6.0,1,81,0,93
235,3,1662.0,3216.0,11.0,8.0,1,210,0,232
235,31,1191.0,2989.0,15.0,8.0,0,149,1,160
235,35,1151.0,2981.0,9.0,8.0,1,137,0,152
235,36,1469.0,2991.0,8.0,7.0,1,140,0,152
235,39,1175.0,2988.0,8.0,7.0,1,144,0,150
235,42,1409.0,2993.0,6.0,6.0,1,135,0,148
235,43,1270.0,2983.0,8.0,7.0,1,137,0,147
235,47,1323.0,2990.0,9.0,8.0,1,132,0,143
235,50,1233.0,2986.0,11.0,6.0,1,135,0,140
235,51,1374.0,2991.0,8.0,8.0,1,125,0,138
235,52,1526.0,2995.0,8.0,10.0,1,121,0,138
235,54,1341.0,2991.0,6.0,8.0,1,125,0,137
235,55,1727.0,3216.0,9.0,5.0,0,92,26,133
235,56,1395.0,2994.0,6.0,7.0,1,117,0,132
235,57,1412.0,2997.0,6.0,7.0,1,118,0,130
235,60,1422.0,2998.0,7.0,6.0,1,112,0,127
235,63,1448.0,2991.0,8.0,5.0,1,114,0,123
235,66,1505.0,2991.0,9.0,7.0,1,110,0,116
235,68,1406.0,3001.0,7.0,5.0,0,102,1,112
235,70,1110.0,2987.0,8.0,6.0,1,101,0,111
235,72,1302.0,2981.0,10.0,8.0,0,95,2,106
235,75,1479.0,2989.0,7.0,7.0,1,92,0,103
235,76,1137.0,2988.0,8.0,7.0,1,91,0,102
235,79,1216.0,2977.0,7.0,10.0,1,85,0,96
235,81,1422.0,2988.0,9.0,8.0,1,82,0,94
235,123,1311.0,2995.0,7.0,5.0,1,3,0,3
236,3,1654.0,3208.0,19.0,11.0,1,211,0,233
236,31,1179.0,2986.0,15.0,8.0,1,150,0,161
236,35,1156.0,2983.0,8.0,8.0,1,138,0,153
236,36,1469.0,2991.0,8.0,7.0,0,140,1,153
236,39,1175.0,2992.0,8.0,6.0,1,145,0,151
236,42,1409.0,2993.0,6.0,6.0,0,135,1,149
236,43,1260.0,2990.0,8.0,6.0,1,138,0,148
236,47,1315.0,2990.0,9.0,5.0,1,133,0,144
236,50,1233.0,2986.0,11.0,6.0,0,135,1,141
236,51,1369.0,2991.0,7.0,7.0,1,126,0,139
236,52,1517.0,2999.0,7.0,6.0,1,122,0,139
236,54,1341.0,2991.0,6.0,8.0,0,125,1,138
236,55,1727.0,3216.0,9.0,5.0,0,92,27,134
236,56,1379.0,2994.0,6.0,8.0,1,118,0,133
236,57,1414.0,2996.0,8.0,7.0,1,119,0,131
236,60,1411.0,2994.0,7.0,8.0,1,113,0,128
236,63,1438.0,2986.0,8.0,6.0,1,115,0,124
236,66,1499.0,2992.0,9.0,6.0,1,111,0,117
236,68,1396.0,2996.0,6.0,7.0,1,103,0,113
236,70,1103.0,2983.0,9.0,8.0,1,102,0,112
236,72,1302.0,2981.0,10.0,8.0,0,95,3,107
236,75,1478.0,2995.0,8.0,9.0,1,93,0,104
236,76,1122.0,2986.0,11.0,8.0,1,92,0,103
236,79,1216.0,2977.0,7.0,10.0,0,85,1,97
236,81,1419.0,2985.0,6.0,7.0,1,83,0,95
236,123,1311.0,2995.0,7.0,5.0,0,3,1,4
237,3,1656.0,3213.0,14.0,8.0,1,212,0,234
237,31,1176.0,2988.0,15.0,8.0,1,151,0,162
237,35,1144.0,2978.0,7.0,8.0,1,139,0,154
237,36,1458.0,2991.0,7.0,7.0,1,141,0,154
237,39,1167.0,2983.0,7.0,5.0,1,146,0,152
237,42,1386.0,2993.0,5.0,8.0,1,136,0,150
237,43,1260.0,2989.0,8.0,7.0,1,139,0,149
237,47,1306.0,2990.0,8.0,6.0,1,134,0,145
237,50,1223.0,2986.0,13.0,9.0,1,136,0,142
237,51,1357.0,2994.0,8.0,6.0,1,127,0,140
237,52,1505.0,2999.0,8.0,8.0,1,123,0,140
237,54,1323.0,2989.0,7.0,5.0,1,126,0,139
237,55,1727.0,3216.0,9.0,5.0,0,92,28,135
237,56,1376.0,2991.0,8.0,8.0,1,119,0,134
237,57,1410.0,2998.0,7.0,7.0,1,120,0,132
237,60,1411.0,2994.0,7.0,8.0,0,113,1,129
237,63,1445.0,2982.0,6.0,6.0,1,116,0,125
237,66,1494.0,2988.0,8.0,8.0,1,112,0,118
237,68,1389.0,3000.0,6.0,6.0,1,104,0,114
237,70,1103.0,2983.0,9.0,8.0,0,102,1,113
237,72,1286.0,2982.0,7.0,7.0,1,96,0,108
237,75,1475.0,2994.0,7.0,5.0,1,94,0,105
237,76,1122.0,2984.0,11.0,7.0,1,93,0,104
237,79,1201.0,2979.0,6.0,7.0,1,86,0,98
237,81,1409.0,2989.0,6.0,7.0,1,84,0,96
237,123,1311.0,2995.0,7.0,5.0,0,3,2,5
238,3,1656.0,3213.0,14.0,8.0,0,212,1,235
238,31,1168.0,2988.0,15.0,8.0,1,152,0,163
238,35,1141.0,2987.0,10.0,9.0,1,140,0,155
238,36,1451.0,2992.0,5.0,5.0,1,142,0,155
238,39,1160.0,2984.0,7.0,6.0,1,147,0,153
238,42,1380.0,2992.0,8.0,7.0,1,137,0,151
238,43,1245.0,2984.0,8.0,6.0,1,140,0,150
238,47,1299.0,2983.0,9.0,6.0,1,135,0,146
238,50,1224.0,2981.0,8.0,8.0,1,137,0,143
238,51,1356.0,2992.0,8.0,6.0,1,128,0,141
238,52,1507.0,2993.0,7.0,5.0,1,124,0,141
238,54,1321.0,2988.0,7.0,7.0,1,127,0,140
238,55,1727.0,3216.0,9.0,5.0,0,92,29,136
238,56,1375.0,2987.0,8.0,6.0,1,120,0,135
238,57,1398.0,2998.0,6.0,7.0,1,121,0,133
238,60,1392.0,2994.0,8.0,7.0,1,114,0,130
238,63,1440.0,2993.0,6.0,6.0,1,117,0,126
238,66,1486.0,2987.0,8.0,7.0,1,113,0,119
238,68,1389.0,3000.0,6.0,6.0,0,104,1,115
238,70,1097.0,2983.0,6.0,7.0,1,103,0,114
238,72,1277.0,2980.0,6.0,8.0,1,97,0,109
238,75,1462.0,2990.0,8.0,7.0,1,95,0,106
238,76,1107.0,2986.0,10.0,8.0,1,94,0,105
238,79,1191.0,2984.0,5.0,7.0,1,87,0,99
238,81,1399.0,2987.0,7.0,6.0,1,85,0,97
238,123,1296.0,2993.0,5.0,5.0,1,4,0,6
239,3,1657.0,3204.0,14.0,8.0,1,213,0,236
239,31,1160.0,2983.0,17.0,8.0,1,153,0,164
239,35,1131.0,2982.0,10.0,10.0,1,141,0,156
239,36,1442.0,2992.0,8.0,6.0,1,143,0,156
239,39,1160.0,2984.0,7.0,6.0,0,147,1,154
239,42,1379.0,2993.0,5.0,5.0,1,138,0,152
239,43,1237.0,2985.0,7.0,7.0,1,141,0,151
239,47,1297.0,2991.0,8.0,6.0,1,136,0,147
239,50,1213.0,2978.0,10.0,10.0,1,138,0,144
239,51,1346.0,2990.0,9.0,7.0,1,129,0,142
239,52,1507.0,2993.0,7.0,5.0,0,124,1,142
239,54,1315.0,2989.0,8.0,6.0,1,128,0,141
239,56,1366.0,2993.0,7.0,8.0,1,121,0,136
239,57,1400.0,2996.0,7.0,11.0,1,122,0,134
239,60,1389.0,2989.0,7.0,7.0,1,115,0,131
239,63,1428.0,2984.0,7.0,9.0,1,118,0,127
239,66,1477.0,2992.0,10.0,8.0,1,114,0,120
239,68,1384.0,2993.0,8.0,7.0,1,105,0,116
239,70,1088.0,2993.0,6.0,5.0,1,104,0,115
239,72,1270.0,2984.0,9.0,9.0,1,98,0,110
239,75,1462.0,2990.0,8.0,7.0,0,95,1,107
239,76,1107.0,2987.0,10.0,7.0,1,95,0,106
239,79,1192.0,2985.0,6.0,7.0,1,88,0,100
239,81,1396.0,2982.0,9.0,10.0,1,86,0,98
239,123,1288.0,2992.0,7.0,7.0,1,5,0,7
240,3,1665.0,3202.0,13.0,11.0,1,214,0,237
240,31,1155.0,2980.0,14.0,8.0,1,154,0,165
240,35,1124.0,2978.0,10.0,9.0,1,142,0,157
240,36,1435.0,2993.0,7.0,6.0,1,144,0,157
240,39,1142.0,2988.0,6.0,7.0,1,148,0,155
240,42,1367.0,2995.0,6.0,6.0,1,139,0,153
240,43,1232.0,2975.0,8.0,6.0,1,142,0,152
240,47,1287.0,2985.0,7.0,5.0,1,137,0,148
240,50,1197.0,2981.0,10.0,9.0,1,139,0,145
240,51,1346.0,2990.0,9.0,7.0,0,129,1,143
240,52,1507.0,2993.0,7.0,5.0,0,124,2,143
240,54,1318.0,2990.0,6.0,5.0,1,129,0,142
240,56,1366.0,2993.0,7.0,8.0,0,121,1,137
240,57,1395.0,2994.0,7.0,7.0,1,123,0,135
240,60,1384.0,2995.0,7.0,7.0,1,116,0,132
240,63,1420.0,2987.0,8.0,7.0,1,119,0,128
240,66,1475.0,2988.0,8.0,6.0,1,115,0,121
240,68,1375.0,2997.0,8.0,7.0,1,106,0,117
240,70,1080.0,2993.0,7.0,8.0,1,105,0,116
240,72,1263.0,2985.0,10.0,8.0,1,99,0,111
240,75,1446.0,2984.0,9.0,11.0,1,96,0,108
240,76,1103.0,2993.0,8.0,7.0,1,96,0,107
240,79,1181.0,2980.0,7.0,9.0,1,89,0,101
240,81,1393.0,2983.0,6.0,8.0,1,87,0,99
240,123,1282.0,2990.0,6.0,5.0,1,6,0,8
241,3,1656.0,3210.0,20.0,10.0,1,215,0,238
241,31,1154.0,2986.0,14.0,7.0,1,155,0,166
241,35,1118.0,2982.0,10.0,7.0,1,143,0,158
241,36,1430.0,2996.0,7.0,5.0,1,145,0,158
241,39,1142.0,2988.0,7.0,6.0,1,149,0,156
241,42,1360.0,2995.0,7.0,5.0,1,140,0,154
241,43,1225.0,2983.0,7.0,8.0,1,143,0,153
241,47,1287.0,2984.0,8.0,5.0,1,138,0,149
241,50,1201.0,2980.0,10.0,9.0,1,140,0,146
241,51,1331.0,2990.0,8.0,8.0,1,130,0,144
241,52,1489.0,2996.0,9.0,7.0,1,125,0,144
241,54,1308.0,2987.0,7.0,7.0,1,130,0,143
241,56,1354.0,2981.0,9.0,6.0,1,122,0,138
241,57,1383.0,2989.0,7.0,7.0,1,124,0,136
241,60,1374.0,2993.0,5.0,5.0,1,117,0,133
241,63,1414.0,2986.0,6.0,7.0,1,120,0,129
241,66,1465.0,2988.0,11.0,7.0,1,116,0,122
241,68,1375.0,2997.0,8.0,7.0,0,106,1,118
241,70,1073.0,2987.0,7.0,6.0,1,106,0,117
241,72,1254.0,2982.0,10.0,10.0,1,100,0,112
241,75,1445.0,2987.0,9.0,6.0,1,97,0,109
241,76,1099.0,2988.0,8.0,5.0,1,97,0,108
241,79,1176.0,2982.0,7.0,7.0,1,90,0,102
241,81,1389.0,2985.0,7.0,6.0,1,88,0,100
241,123,1277.0,2983.0,6.0,8.0,1,7,0,9
242,3,1660.0,3201.0,18.0,11.0,1,216,0,239
242,31,1144.0,2984.0,15.0,8.0,1,156,0,167
242,35,1114.0,2982.0,10.0,8.0,1,144,0,159
242,36,1430.0,2996.0,7.0,5.0,0,145,1,159
242,39,1137.0,2983.0,8.0,7.0,1,150,0,157
242,42,1360.0,2995.0,7.0,5.0,0,140,1,155
242,43,1223.0,2982.0,8.0,6.0,1,144,0,154
242,47,1278.0,2984.0,7.0,6.0,1,139,0,150
242,50,1193.0,2981.0,9.0,9.0,1,141,0,147
242,51,1324.0,2987.0,10.0,6.0,1,131,0,145
242,52,1482.0,2984.0,10.0,8.0,1,126,0,145
242,54,1293.0,2987.0,7.0,5.0,1,131,0,144
242,56,1344.0,2988.0,8.0,8.0,1,123,0,139
242,57,1386.0,3003.0,7.0,6.0,1,125,0,137
242,60,1370.0,2992.0,7.0,7.0,1,118,0,134
242,63,1404.0,2980.0,5.0,8.0,1,121,0,130
242,66,1461.0,2988.0,9.0,9.0,1,117,0,123
242,68,1367.0,2996.0,6.0,5.0,1,107,0,119
242,70,1068.0,2986.0,6.0,9.0,1,107,0,118
242,72,1250.0,2980.0,9.0,8.0,1,101,0,113
242,75,1437.0,2987.0,9.0,9.0,1,98,0,110
242,76,1086.0,2990.0,9.0,8.0,1,98,0,109
242,79,1170.0,2982.0,5.0,6.0,1,91,0,103
242,81,1381.0,2983.0,6.0,8.0,1,89,0,101
242,123,1269.0,2983.0,7.0,6.0,1,8,0,10
243,3,1657.0,3200.0,14.0,9.0,1,217,0,240
243,31,1137.0,2982.0,14.0,9.0,1,157,0,168
243,35,1108.0,2981.0,9.0,9.0,1,145,0,160
243,36,1433.0,2987.0,8.0,10.0,1,146,0,160
243,39,1126.0,2982.0,7.0,8.0,1,151,0,158
243,42,1355.0,2990.0,6.0,5.0,1,141,0,156
243,43,1215.0,2984.0,10.0,6.0,1,145,0,155
243,47,1271.0,2986.0,8.0,7.0,1,140,0,151
243,50,1193.0,2983.0,12.0,10.0,1,142,0,148
243,51,1326.0,2985.0,10.0,6.0,1,132,0,146
243,52,1474.0,2989.0,7.0,8.0,1,127,0,146
243,54,1289.0,2997.0,5.0,4.0,1,132,0,145
243,56,1344.0,2988.0,8.0,8.0,0,123,1,140
243,57,1423.0,2988.0,6.0,6.0,1,126,0,138
243,60,1364.0,2990.0,7.0,7.0,1,119,0,135
243,63,1408.0,2979.0,6.0,7.0,1,122,0,131
243,66,1457.0,2985.0,7.0,8.0,1,118,0,124
243,68,1370.0,2993.0,7.0,7.0,1,108,0,120
243,70,1061.0,2989.0,5.0,5.0,1,108,0,119
243,72,1249.0,2982.0,7.0,7.0,1,102,0,114
243,75,1598.0,2882.0,10.0,10.0,1,99,0,111
243,76,1075.0,2986.0,10.0,8.0,1,99,0,110
243,79,1159.0,2987.0,8.0,7.0,1,92,0,104
243,81,1377.0,2986.0,8.0,7.0,1,90,0,102
243,123,1269.0,2983.0,7.0,6.0,0,8,1,11
244,3,1664.0,3192.0,14.0,11.0,1,218,0,241
244,31,1131.0,2982.0,17.0,11.0,1,158,0,169
244,35,1095.0,2752.0,8.0,9.0,1,146,0,161
244,36,1427.0,2981.0,7.0,11.0,1,147,0,161
244,39,1120.0,2990.0,6.0,7.0,1,152,0,159
244,42,1338.0,2990.0,5.0,6.0,1,142,0,157
244,43,1212.0,2982.0,5.0,6.0,1,146,0,156
244,47,1266.0,2984.0,8.0,7.0,1,141,0,152
244,50,1180.0,2977.0,9.0,10.0,1,143,0,149
244,51,1319.0,2989.0,9.0,5.0,1,133,0,147
244,52,1469.0,2992.0,7.0,6.0,1,128,0,147
244,54,1284.0,2987.0,6.0,6.0,1,133,0,146
244,56,1332.0,2989.0,6.0,6.0,1,124,0,141
244,57,1418.0,2990.0,5.0,7.0,1,127,0,139
244,60,1364.0,2990.0,7.0,7.0,0,119,1,136
244,63,1408.0,2979.0,6.0,7.0,0,122,1,132
244,66,1449.0,2984.0,8.0,5.0,1,119,0,125
244,68,1367.0,2992.0,7.0,7.0,1,109,0,121
244,70,1057.0,2988.0,8.0,8.0,1,109,0,120
244,72,1235.0,2979.0,11.0,8.0,1,103,0,115
244,75,1598.0,2882.0,10.0,10.0,0,99,1,112
244,76,1071.0,2986.0,9.0,9.0,1,100,0,111
244,79,1159.0,2987.0,8.0,7.0,0,92,1,105
244,81,1374.0,2974.0,8.0,8.0,1,91,0,103
244,123,1269.0,2983.0,7.0,6.0,0,8,2,12
245,3,1659.0,3190.0,16.0,13.0,1,219,0,242
245,31,1117.0,2987.0,8.0,7.0,1,159,0,170
245,35,1095.0,2752.0,8.0,9.0,0,146,1,162
245,36,1427.0,2981.0,7.0,11.0,0,147,1,162
245,39,1102.0,2982.0,7.0,8.0,1,153,0,160
245,42,1330.0,2988.0,8.0,7.0,1,143,0,158
245,43,1205.0,2980.0,7.0,5.0,1,147,0,157
245,47,1264.0,2984.0,6.0,7.0,1,142,0,153
245,50,1175.0,2977.0,10.0,7.0,1,144,0,150
245,51,1310.0,2983.0,10.0,6.0,1,134,0,148
245,52,1460.0,2994.0,7.0,10.0,1,129,0,148
245,54,1281.0,2988.0,6.0,4.0,1,134,0,147
245,56,1332.0,2989.0,6.0,6.0,0,124,1,142
245,57,1411.0,2984.0,6.0,6.0,1,128,0,140
245,60,1349.0,2992.0,6.0,6.0,1,120,0,137
245,63,1393.0,2986.0,7.0,8.0,1,123,0,133
245,66,1440.0,2982.0,9.0,9.0,1,120,0,126
245,68,1352.0,2990.0,8.0,6.0,1,110,0,122
245,70,1050.0,2991.0,7.0,7.0,1,110,0,121
245,72,1235.0,2979.0,11.0,8.0,0,103,1,116
245,75,1598.0,2882.0,10.0,10.0,0,99,2,113
245,76,1067.0,2981.0,9.0,7.0,1,101,0,112
245,79,1122.0,2985.0,16.0,8.0,1,93,0,106
245,81,1362.0,2979.0,10.0,8.0,1,92,0,104
245,123,1252.0,2984.0,5.0,6.0,1,9,0,13
246,3,1655.0,3196.0,20.0,6.0,1,220,0,243
246,31,1103.0,2984.0,7.0,7.0,1,160,0,171
246,35,1095.0,2752.0,8.0,9.0,0,146,2,163
246,36,1421.0,2976.0,6.0,7.0,1,148,0,163
246,39,1092.0,2978.0,7.0,8.0,1,154,0,161
246,42,1326.0,2991.0,6.0,7.0,1,144,0,159
246,43,1191.0,2984.0,7.0,6.0,1,148,0,158
246,47,1264.0,2984.0,6.0,7.0,0,142,1,154
246,50,1163.0,2981.0,12.0,8.0,1,145,0,151
246,51,1302.0,2988.0,11.0,7.0,1,135,0,149
246,52,1453.0,2995.0,5.0,7.0,1,130,0,149
246,54,1276.0,2985.0,5.0,5.0,1,135,0,148
246,56,1317.0,2990.0,6.0,7.0,1,125,0,143
246,57,1400.0,2990.0,6.0,5.0,1,129,0,141
246,60,1339.0,2993.0,6.0,6.0,1,121,0,138
246,63,1384.0,2985.0,6.0,6.0,1,124,0,134
246,66,1439.0,2985.0,8.0,8.0,1,121,0,127
246,68,1345.0,2996.0,7.0,7.0,1,111,0,123
246,70,1041.0,2987.0,8.0,9.0,1,111,0,122
246,72,1228.0,2982.0,9.0,8.0,1,104,0,117
246,75,1554.0,2758.0,9.0,4.0,1,100,0,114
246,76,1067.0,2981.0,9.0,7.0,0,101,1,113
246,79,1143.0,2984.0,5.0,8.0,1,94,0,107
246,81,1359.0,2978.0,7.0,6.0,1,93,0,105
246,123,1245.0,2980.0,5.0,7.0,1,10,0,14
247,3,1657.0,3192.0,14.0,10.0,1,221,0,244
247,31,1112.0,2982.0,17.0,10.0,1,161,0,172
247,35,1095.0,2752.0,8.0,9.0,0,146,3,164
247,36,1408.0,2976.0,7.0,8.0,1,149,0,164
247,39,1103.0,2979.0,7.0,7.0,1,155,0,162
247,42,1318.0,2990.0,8.0,6.0,1,145,0,160
247,43,1191.0,2984.0,7.0,6.0,0,148,1,159
247,47,1252.0,2982.0,6.0,6.0,1,143,0,155
247,50,1166.0,2982.0,11.0,9.0,1,146,0,152
247,51,1300.0,2993.0,10.0,8.0,1,136,0,150
247,52,1455.0,2990.0,8.0,10.0,1,131,0,150
247,54,1265.0,2989.0,7.0,5.0,1,136,0,149
247,56,1322.0,2994.0,5.0,5.0,1,126,0,144
247,57,1394.0,2981.0,6.0,6.0,1,130,0,142
247,60,1335.0,2997.0,8.0,6.0,1,122,0,139
247,63,1376.0,2982.0,8.0,6.0,1,125,0,135
247,66,1428.0,2982.0,11.0,8.0,1,122,0,128
247,68,1346.0,2994.0,6.0,10.0,1,112,0,124
247,70,1032.0,2991.0,9.0,7.0,1,112,0,123
247,72,1217.0,2975.0,11.0,10.0,1,105,0,118
247,75,1554.0,2758.0,9.0,4.0,0,100,1,115
247,76,1054.0,2989.0,9.0,6.0,1,102,0,114
247,79,1141.0,2981.0,6.0,6.0,1,95,0,108
247,81,1347.0,2973.0,7.0,9.0,1,94,0,106
247,123,1237.0,2985.0,7.0,9.0,1,11,0,15
248,3,1666.0,3183.0,10.0,8.0,1,222,0,245
248,31,1106.0,2982.0,16.0,9.0,1,162,0,173
248,35,1095.0,2752.0,8.0,9.0,0,146,4,165
248,36,1403.0,2983.0,5.0,8.0,1,150,0,165
248,39,1097.0,2985.0,6.0,6.0,1,156,0,163
248,42,1306.0,2984.0,8.0,9.0,1,146,0,161
248,43,1183.0,2978.0,8.0,6.0,1,149,0,160
248,47,1248.0,2981.0,7.0,7.0,1,144,0,156
248,50,1150.0,2974.0,8.0,10.0,1,147,0,153
248,51,1295.0,2980.0,9.0,7.0,1,137,0,151
248,52,1440.0,2988.0,7.0,7.0,1,132,0,151
248,54,1264.0,2986.0,7.0,7.0,1,137,0,150
248,56,1321.0,2982.0,6.0,6.0,1,127,0,145
248,57,1392.0,2988.0,7.0,7.0,1,131,0,143
248,60,1335.0,2997.0,8.0,6.0,0,122,1,140
248,63,1374.0,2986.0,8.0,5.0,1,126,0,136
248,66,1424.0,2982.0,9.0,10.0,1,123,0,129
248,68,1342.0,2991.0,6.0,9.0,1,113,0,125
248,70,1035.0,2987.0,7.0,8.0,1,113,0,124
248,72,1209.0,2985.0,8.0,7.0,1,106,0,119
248,75,1554.0,2758.0,9.0,4.0,0,100,2,116
248,76,1082.0,2982.0,8.0,9.0,1,103,0,115
248,79,1135.0,2981.0,6.0,8.0,1,96,0,109
248,81,1343.0,2983.0,6.0,8.0,1,95,0,107
248,123,1236.0,2989.0,5.0,9.0,1,12,0,16
249,3,1661.0,3180.0,14.0,11.0,1,223,0,246
249,31,1094.0,2983.0,16.0,9.0,1,163,0,174
249,35,1095.0,2752.0,8.0,9.0,0,146,5,166
249,36,1394.0,2980.0,7.0,8.0,1,151,0,166
249,39,1068.0,2976.0,7.0,10.0,1,157,0,164
249,42,1314.0,2993.0,7.0,5.0,1,147,0,162
249,43,1177.0,2977.0,6.0,9.0,1,150,0,161
249,47,1236.0,2986.0,8.0,8.0,1,145,0,157
249,50,1152.0,2978.0,10.0,8.0,1,148,0,154
249,51,1285.0,2981.0,11.0,8.0,1,138,0,152
249,52,1443.0,2991.0,7.0,7.0,1,133,0,152
249,54,1260.0,2988.0,7.0,6.0,1,138,0,151
249,56,1327.0,2991.0,8.0,7.0,1,128,0,146
249,57,1382.0,2984.0,6.0,7.0,1,132,0,144
249,60,1330.0,2992.0,7.0,8.0,1,123,0,141
249,63,1371.0,2979.0,7.0,5.0,1,127,0,137
249,66,1416.0,2983.0,8.0,9.0,1,124,0,130
249,68,1341.0,2990.0,5.0,8.0,1,114,0,126
249,70,1020.0,2981.0,5.0,8.0,1,114,0,125
249,72,1210.0,2980.0,12.0,11.0,1,107,0,120
249,75,1554.0,2758.0,9.0,4.0,0,100,3,117
249,76,1040.0,2990.0,11.0,7.0,1,104,0,116
249,79,1135.0,2981.0,6.0,8.0,0,96,1,110
249,81,1339.0,2981.0,9.0,6.0,1,96,0,108
249,123,1228.0,2985.0,4.0,6.0,1,13,0,17
250,3,1663.0,3179.0,16.0,15.0,1,224,0,247
250,31,1081.0,2978.0,6.0,9.0,1,164,0,175
250,35,1095.0,2752.0,8.0,9.0,0,146,6,167
250,36,1390.0,2980.0,6.0,8.0,1,152,0,167
250,39,1063.0,2985.0,7.0,7.0,1,158,0,165
250,42,1302.0,2983.0,7.0,7.0,1,148,0,163
250,43,1142.0,2981.0,10.0,9.0,1,151,0,162
250,47,1232.0,2984.0,8.0,7.0,1,146,0,158
250,50,1097.0,2981.0,16.0,8.0,1,149,0,155
250,51,1279.0,2985.0,11.0,7.0,1,139,0,153
250,52,1432.0,2988.0,8.0,6.0,1,134,0,153
250,54,1252.0,2980.0,5.0,6.0,1,139,0,152
250,56,1306.0,2985.0,7.0,6.0,1,129,0,147
250,57,1382.0,2982.0,7.0,6.0,1,133,0,145
250,60,1321.0,2991.0,7.0,6.0,1,124,0,142
250,63,1356.0,2975.0,9.0,8.0,1,128,0,138
250,66,1409.0,2979.0,8.0,8.0,1,125,0,131
250,68,1333.0,2991.0,5.0,7.0,1,115,0,127
250,70,1017.0,2987.0,6.0,7.0,1,115,0,126
250,72,1201.0,2982.0,10.0,9.0,1,108,0,121
250,75,1554.0,2758.0,9.0,4.0,0,100,4,118
250,76,1039.0,2983.0,8.0,7.0,1,105,0,117
250,79,1116.0,2983.0,6.0,7.0,1,97,0,111
250,81,1334.0,2980.0,6.0,8.0,1,97,0,109
250,123,1221.0,2983.0,6.0,7.0,1,14,0,18
251,3,1656.0,3180.0,21.0,8.0,1,225,0,248
251,31,1077.0,2980.0,6.0,8.0,1,165,0,176
251,35,1095.0,2752.0,8.0,9.0,0,146,7,168
251,36,1384.0,2984.0,8.0,7.0,1,153,0,168
251,39,1082.0,2986.0,17.0,10.0,1,159,0,166
251,42,1302.0,2983.0,7.0,7.0,0,148,1,164
251,43,1166.0,2971.0,7.0,9.0,1,152,0,163
251,47,1230.0,2979.0,8.0,9.0,1,147,0,159
251,50,1111.0,2979.0,6.0,7.0,1,150,0,156
251,51,1275.0,2987.0,12.0,7.0,1,140,0,154
251,52,1427.0,2982.0,7.0,10.0,1,135,0,154
251,54,1247.0,2987.0,5.0,7.0,1,140,0,153
251,56,1301.0,2984.0,7.0,4.0,1,130,0,148
251,57,1375.0,2980.0,8.0,6.0,1,134,0,146
251,60,1314.0,2992.0,8.0,7.0,1,125,0,143
251,63,1356.0,2975.0,9.0,8.0,0,128,1,139
251,66,1403.0,2985.0,9.0,6.0,1,126,0,132
251,68,1328.0,2989.0,7.0,6.0,1,116,0,128
251,70,1007.0,2987.0,4.0,4.0,1,116,0,127
251,72,1201.0,2980.0,9.0,10.0,1,109,0,122
251,75,1554.0,2758.0,9.0,4.0,0,100,5,119
251,76,1031.0,2978.0,8.0,7.0,1,106,0,118
251,79,1143.0,2983.0,7.0,7.0,1,98,0,112
251,81,1334.0,2980.0,6.0,8.0,0,97,1,110
251,123,1211.0,2978.0,6.0,8.0,1,15,0,19
252,3,1659.0,3173.0,19.0,12.0,1,226,0,249
252,31,1067.0,2979.0,8.0,7.0,1,166,0,177
252,35,1239.0,2714.0,8.0,6.0,1,147,0,169
252,36,1377.0,2979.0,6.0,8.0,1,154,0,169
252,39,1083.0,2979.0,15.0,9.0,1,160,0,167
252,42,1294.0,2983.0,7.0,6.0,1,149,0,165
252,43,1166.0,2982.0,8.0,8.0,1,153,0,164
252,47,1238.0,2983.0,5.0,7.0,1,148,0,160
252,50,1106.0,2984.0,7.0,7.0,1,151,0,157
252,51,1290.0,2979.0,6.0,6.0,1,141,0,155
252,52,1421.0,2982.0,6.0,9.0,1,136,0,155
252,54,1272.0,2982.0,10.0,7.0,1,141,0,154
252,56,1312.0,2986.0,7.0,7.0,1,131,0,149
252,57,1367.0,2987.0,6.0,5.0,1,135,0,147
252,60,1312.0,2990.0,5.0,6.0,1,126,0,144
252,63,1347.0,2979.0,5.0,8.0,1,129,0,140
252,66,1403.0,2982.0,7.0,7.0,1,127,0,133
252,68,1319.0,2991.0,8.0,6.0,1,117,0,129
252,70,993.0,2978.0,12.0,7.0,1,117,0,128
252,72,1187.0,2978.0,10.0,9.0,1,110,0,123
252,75,1554.0,2758.0,9.0,4.0,0,100,6,120
252,76,1021.0,2988.0,7.0,7.0,1,107,0,119
252,79,1132.0,2988.0,10.0,9.0,1,99,0,113
252,81,1320.0,2983.0,7.0,7.0,1,98,0,111
252,123,1212.0,2982.0,6.0,7.0,1,16,0,20
253,3,1665.0,3177.0,10.0,6.0,1,227,0,250
253,31,1067.0,2989.0,8.0,7.0,1,167,0,178
253,35,1239.0,2714.0,8.0,6.0,0,147,1,170
253,36,1378.0,2978.0,7.0,8.0,1,155,0,170
253,39,1079.0,2983.0,15.0,9.0,1,161,0,168
253,42,1283.0,2981.0,7.0,8.0,1,150,0,166
253,43,1153.0,2975.0,9.0,7.0,1,154,0,165
253,47,1233.0,2977.0,6.0,7.0,1,149,0,161
253,50,1092.0,2986.0,9.0,9.0,1,152,0,158
253,51,1290.0,2979.0,6.0,6.0,0,141,1,156
253,52,1412.0,2983.0,11.0,8.0,1,137,0,156
253,54,1258.0,2984.0,10.0,7.0,1,142,0,155
253,56,1294.0,2993.0,9.0,6.0,1,132,0,150
253,57,1359.0,2978.0,8.0,7.0,1,136,0,148
253,60,1303.0,2996.0,8.0,8.0,1,127,0,145
253,63,1343.0,2981.0,6.0,7.0,1,130,0,141
253,66,1390.0,2982.0,9.0,7.0,1,128,0,134
253,68,1318.0,2988.0,7.0,8.0,1,118,0,130
253,70,996.0,2984.0,12.0,8.0,1,118,0,129
253,72,1204.0,2975.0,6.0,7.0,1,111,0,124
253,75,1554.0,2758.0,9.0,4.0,0,100,7,121
253,76,1020.0,2984.0,7.0,6.0,1,108,0,120
253,79,1132.0,2988.0,10.0,9.0,0,99,1,114
253,81,1318.0,2975.0,7.0,6.0,1,99,0,112
253,123,1213.0,2982.0,9.0,8.0,1,17,0,21
254,3,1666.0,3172.0,9.0,6.0,1,228,0,251
254,31,1068.0,2980.0,14.0,9.0,1,168,0,179
254,35,1239.0,2714.0,8.0,6.0,0,147,2,171
254,36,1367.0,2973.0,8.0,8.0,1,156,0,171
254,39,1085.0,2979.0,9.0,7.0,1,162,0,169
254,42,1282.0,2985.0,7.0,5.0,1,151,0,167
254,43,1177.0,2980.0,9.0,9.0,1,155,0,166
254,47,1227.0,2983.0,5.0,9.0,1,150,0,162
254,50,1115.0,2980.0,11.0,11.0,1,153,0,159
254,51,1274.0,2988.0,7.0,6.0,1,142,0,157
254,52,1405.0,2982.0,10.0,8.0,1,138,0,157
254,54,1256.0,2984.0,10.0,9.0,1,143,0,156
254,56,1291.0,2985.0,9.0,5.0,1,133,0,151
254,57,1355.0,2980.0,6.0,5.0,1,137,0,149
254,60,1293.0,2991.0,8.0,6.0,1,128,0,146
254,63,1334.0,2981.0,7.0,7.0,1,131,0,142
254,66,1390.0,2978.0,8.0,8.0,1,129,0,135
254,68,1310.0,2981.0,7.0,8.0,1,119,0,131
254,70,989.0,2981.0,7.0,11.0,1,119,0,130
254,72,1193.0,2980.0,6.0,7.0,1,112,0,125
254,75,1554.0,2758.0,9.0,4.0,0,100,8,122
254,76,1057.0,2989.0,7.0,7.0,1,109,0,121
254,79,1148.0,2978.0,8.0,9.0,1,100,0,115
254,81,1316.0,2978.0,7.0,9.0,1,100,0,113
254,123,1203.0,2984.0,8.0,6.0,1,18,0,22
255,3,1670.0,3176.0,12.0,8.0,1,229,0,252
255,31,1034.0,2982.0,9.0,7.0,1,169,0,180
255,35,1239.0,2714.0,8.0,6.0,0,147,3,172
255,36,1360.0,2976.0,9.0,6.0,1,157,0,172
255,39,1054.0,2984.0,7.0,8.0,1,163,0,170
255,42,1279.0,2980.0,7.0,6.0,1,152,0,168
255,43,1166.0,2976.0,7.0,10.0,1,156,0,167
255,47,1220.0,2982.0,6.0,5.0,1,151,0,163
255,50,1062.0,2987.0,15.0,9.0,1,154,0,160
255,51,1268.0,2982.0,6.0,8.0,1,143,0,158
255,52,1402.0,2981.0,8.0,7.0,1,139,0,158
255,54,1250.0,2987.0,10.0,8.0,1,144,0,157
255,56,1289.0,2988.0,7.0,8.0,1,134,0,152
255,57,1344.0,2980.0,7.0,7.0,1,138,0,150
255,60,1290.0,2988.0,8.0,7.0,1,129,0,147
255,63,1332.0,2979.0,6.0,7.0,1,132,0,143
255,66,1382.0,2983.0,6.0,6.0,1,130,0,136
255,68,1310.0,2981.0,7.0,8.0,0,119,1,132
255,70,980.0,2986.0,6.0,7.0,1,120,0,131
255,72,1190.0,2984.0,7.0,6.0,1,113,0,126
255,75,1554.0,2758.0,9.0,4.0,0,100,9,123
255,76,998.0,2984.0,8.0,6.0,1,110,0,122
255,79,1086.0,2988.0,10.0,6.0,1,101,0,116
255,81,1316.0,2978.0,7.0,9.0,0,100,1,114
255,123,1202.0,2982.0,10.0,6.0,1,19,0,23
256,3,1677.0,3175.0,11.0,5.0,1,230,0,253
256,31,1025.0,2985.0,9.0,8.0,1,170,0,181
256,35,1239.0,2714.0,8.0,6.0,0,147,4,173
256,36,1356.0,2979.0,8.0,9.0,1,158,0,173
256,39,1049.0,2981.0,15.0,10.0,1,164,0,171
256,42,1256.0,2979.0,7.0,7.0,1,153,0,169
256,43,1133.0,2982.0,7.0,7.0,1,157,0,168
256,47,1183.0,2975.0,6.0,6.0,1,152,0,164
256,50,1042.0,2985.0,10.0,9.0,1,155,0,161
256,51,1242.0,2980.0,9.0,7.0,1,144,0,159
256,52,1402.0,2981.0,8.0,7.0,0,139,1,159
256,54,1221.0,2984.0,5.0,5.0,1,145,0,158
256,56,1291.0,2987.0,6.0,6.0,1,135,0,153
256,57,1345.0,2979.0,6.0,7.0,1,139,0,151
256,60,1266.0,2984.0,8.0,6.0,1,130,0,148
256,63,1325.0,2981.0,5.0,6.0,1,133,0,144
256,66,1371.0,2979.0,8.0,6.0,1,131,0,137
256,68,1297.0,2987.0,6.0,6.0,1,120,0,133
256,70,974.0,2985.0,6.0,7.0,1,121,0,132
256,72,1165.0,2980.0,11.0,7.0,1,114,0,127
256,75,1554.0,2758.0,9.0,4.0,0,100,10,124
256,76,993.0,2983.0,7.0,9.0,1,111,0,123
256,79,1114.0,2981.0,9.0,6.0,1,102,0,117
256,81,1296.0,2976.0,9.0,8.0,1,101,0,115
256,123,1193.0,2980.0,9.0,6.0,1,20,0,24
257,3,1663.0,3168.0,17.0,6.0,1,231,0,254
257,31,1022.0,2973.0,8.0,11.0,1,171,0,182
257,35,1239.0,2714.0,8.0,6.0,0,147,5,174
257,36,1458.0,2939.0,7.0,7.0,1,159,0,174
257,39,1054.0,2983.0,14.0,10.0,1,165,0,172
257,42,1259.0,2986.0,7.0,7.0,1,154,0,170
257,43,1125.0,2978.0,8.0,9.0,1,158,0,169
257,47,1157.0,2987.0,9.0,8.0,1,153,0,165
257,50,1046.0,2984.0,8.0,8.0,1,156,0,162
257,51,1239.0,2984.0,9.0,6.0,1,145,0,160
257,52,1389.0,2981.0,7.0,6.0,1,140,0,160
257,54,1206.0,2977.0,6.0,6.0,1,146,0,159
257,56,1293.0,2982.0,8.0,8.0,1,136,0,154
257,57,1353.0,2979.0,7.0,8.0,1,140,0,152
257,60,1284.0,2983.0,7.0,6.0,1,131,0,149
257,63,1336.0,2986.0,7.0,7.0,1,134,0,145
257,66,1372.0,2976.0,8.0,8.0,1,132,0,138
257,68,1313.0,2978.0,10.0,7.0,1,121,0,134
257,70,968.0,2981.0,8.0,9.0,1,122,0,133
257,72,1101.0,2985.0,10.0,8.0,1,115,0,128
257,75,1554.0,2758.0,9.0,4.0,0,100,11,125
257,76,987.0,2987.0,8.0,7.0,1,112,0,124
257,79,1069.0,2981.0,7.0,9.0,1,103,0,118
257,81,1294.0,2974.0,8.0,9.0,1,102,0,116
257,123,1185.0,2981.0,10.0,7.0,1,21,0,25
258,3,1671.0,3167.0,17.0,5.0,1,232,0,255
258,31,1015.0,2981.0,6.0,7.0,1,172,0,183
258,35,1239.0,2714.0,8.0,6.0,0,147,6,175
258,36,1389.0,2981.0,5.0,6.0,1,160,0,175
258,39,1043.0,2979.0,14.0,10.0,1,166,0,173
258,42,1253.0,2983.0,7.0,5.0,1,155,0,171
258,43,1125.0,2978.0,8.0,10.0,1,159,0,170
258,47,1151.0,2982.0,8.0,8.0,1,154,0,166
258,50,1030.0,2985.0,9.0,8.0,1,157,0,163
258,51,1232.0,2986.0,9.0,7.0,1,146,0,161
258,52,1369.0,2977.0,7.0,7.0,1,141,0,161
258,54,1186.0,2980.0,9.0,8.0,1,147,0,160
258,56,1281.0,2990.0,8.0,6.0,1,137,0,155
258,57,1310.0,2978.0,7.0,7.0,1,141,0,153
258,60,1267.0,2992.0,10.0,5.0,1,132,0,150
258,63,1324.0,2983.0,7.0,7.0,1,135,0,146
258,66,1340.0,2974.0,8.0,9.0,1,133,0,139
258,68,1287.0,2986.0,5.0,7.0,1,122,0,135
258,70,972.0,2981.0,6.0,8.0,1,123,0,134
258,72,1096.0,2980.0,8.0,11.0,1,116,0,129
258,75,1554.0,2758.0,9.0,4.0,0,100,12,126
258,76,983.0,2987.0,10.0,7.0,1,113,0,125
258,79,1067.0,2990.0,8.0,7.0,1,104,0,119
258,81,1261.0,2977.0,8.0,7.0,1,103,0,117
258,123,1166.0,2984.0,8.0,6.0,1,22,0,26
259,3,1671.0,3167.0,17.0,5.0,0,232,1,256
259,31,1004.0,2976.0,11.0,11.0,1,173,0,184
259,35,1239.0,2714.0,8.0,6.0,0,147,7,176
259,36,1389.0,2981.0,5.0,6.0,0,160,1,176
259,39,1035.0,2980.0,16.0,11.0,1,167,0,174
259,42,1252.0,2987.0,7.0,6.0,1,156,0,172
259,43,1111.0,2978.0,8.0,8.0,1,160,0,171
259,47,1148.0,2978.0,7.0,7.0,1,155,0,167
259,50,1031.0,2982.0,7.0,7.0,1,158,0,164
259,51,1239.0,2984.0,6.0,6.0,1,147,0,162
259,52,1356.0,2977.0,7.0,7.0,1,142,0,162
259,54,1183.0,2978.0,9.0,8.0,1,148,0,161
259,56,1278.0,2996.0,8.0,5.0,1,138,0,156
259,57,1304.0,2978.0,8.0,8.0,1,142,0,154
259,60,1263.0,2987.0,9.0,6.0,1,133,0,151
259,63,1322.0,2974.0,6.0,6.0,1,136,0,147
259,66,1340.0,2974.0,8.0,9.0,0,133,1,140
259,68,1287.0,2986.0,5.0,7.0,0,122,1,136
259,70,972.0,2981.0,6.0,8.0,0,123,1,135
259,72,1082.0,2985.0,10.0,7.0,1,117,0,130
259,75,1554.0,2758.0,9.0,4.0,0,100,13,127
259,76,976.0,2985.0,9.0,8.0,1,114,0,126
259,79,1056.0,2985.0,8.0,7.0,1,105,0,120
259,81,1272.0,2984.0,6.0,5.0,1,104,0,118
259,123,1164.0,2981.0,8.0,5.0,1,23,0,27
260,3,1676.0,3160.0,17.0,6.0,1,233,0,257
260,31,996.0,2977.0,9.0,10.0,1,174,0,185
260,35,1239.0,2714.0,8.0,6.0,0,147,8,177
260,36,1366.0,2982.0,6.0,5.0,1,161,0,177
260,39,1083.0,2981.0,8.0,9.0,1,168,0,175
260,42,1244.0,2984.0,6.0,5.0,1,157,0,173
260,43,1156.0,2982.0,7.0,5.0,1,161,0,172
260,47,1143.0,2980.0,7.0,7.0,1,156,0,168
260,50,1015.0,2983.0,7.0,8.0,1,159,0,165
260,51,1233.0,2986.0,8.0,8.0,1,148,0,163
260,52,1347.0,2979.0,5.0,7.0,1,143,0,163
260,54,1224.0,2976.0,8.0,8.0,1,149,0,162
260,56,1265.0,2990.0,6.0,6.0,1,139,0,157
260,57,1296.0,2979.0,7.0,9.0,1,143,0,155
260,60,1262.0,2992.0,6.0,6.0,1,134,0,152
260,63,1317.0,2977.0,7.0,7.0,1,137,0,148
260,66,1328.0,2976.0,9.0,8.0,1,134,0,141
260,68,1272.0,2982.0,8.0,5.0,1,123,0,137
260,70,950.0,2990.0,10.0,10.0,1,124,0,136
260,72,1178.0,2983.0,9.0,6.0,1,118,0,131
260,75,1554.0,2758.0,9.0,4.0,0,100,14,128
260,76,976.0,2985.0,9.0,8.0,0,114,1,127
260,79,1052.0,2986.0,7.0,9.0,1,106,0,121
260,81,1270.0,2974.0,10.0,8.0,1,105,0,119
260,123,1191.0,2983.0,6.0,5.0,1,24,0,28
261,3,1669.0,3158.0,16.0,5.0,1,234,0,258
261,31,996.0,2977.0,9.0,10.0,0,174,1,186
261,35,1239.0,2714.0,8.0,6.0,0,147,9,178
261,36,1366.0,2982.0,6.0,5.0,0,161,1,178
261,39,1046.0,2985.0,7.0,8.0,1,169,0,176
261,42,1230.0,2984.0,7.0,8.0,1,158,0,174
261,43,1129.0,2977.0,9.0,8.0,1,162,0,173
261,47,1100.0,2979.0,9.0,6.0,1,157,0,169
261,50,1019.0,2988.0,7.0,6.0,1,160,0,166
261,51,1217.0,2982.0,7.0,9.0,1,149,0,164
261,52,1344.0,2976.0,7.0,6.0,1,144,0,164
261,54,1190.0,2983.0,6.0,6.0,1,150,0,163
261,56,1248.0,2985.0,6.0,7.0,1,140,0,158
261,57,1296.0,2978.0,8.0,6.0,1,144,0,156
261,60,1253.0,2989.0,6.0,7.0,1,135,0,153
261,63,1303.0,2979.0,6.0,6.0,1,138,0,149
261,66,1322.0,2967.0,9.0,10.0,1,135,0,142
261,68,1269.0,2980.0,10.0,8.0,1,124,0,138
261,70,944.0,2984.0,6.0,6.0,1,125,0,137
261,72,1178.0,2983.0,9.0,6.0,0,118,1,132
261,75,1554.0,2758.0,9.0,4.0,0,100,15,129
261,76,963.0,2984.0,13.0,7.0,1,115,0,128
261,79,1028.0,2987.0,15.0,10.0,1,107,0,122
261,81,1247.0,2985.0,6.0,5.0,1,106,0,120
261,123,1165.0,2977.0,9.0,8.0,1,25,0,29
262,3,1674.0,3157.0,17.0,5.0,1,235,0,259
262,31,990.0,2980.0,8.0,7.0,1,175,0,187
262,35,1239.0,2714.0,8.0,6.0,0,147,10,179
262,36,1305.0,2983.0,6.0,7.0,1,162,0,179
262,39,1042.0,2984.0,9.0,6.0,1,170,0,177
262,42,1207.0,2978.0,10.0,8.0,1,159,0,175
262,43,1122.0,2980.0,8.0,7.0,1,163,0,174
262,47,1097.0,2978.0,7.0,6.0,1,158,0,170
262,50,1007.0,2982.0,7.0,5.0,1,161,0,167
262,51,1181.0,2976.0,6.0,7.0,1,150,0,165
262,52,1330.0,2973.0,8.0,6.0,1,145,0,165
262,54,1147.0,2974.0,6.0,7.0,1,151,0,164
262,56,1243.0,2984.0,5.0,6.0,1,141,0,159
262,57,1259.0,2977.0,10.0,8.0,1,145,0,157
262,60,1227.0,2978.0,7.0,5.0,1,136,0,154
262,63,1286.0,2973.0,7.0,7.0,1,139,0,150
262,66,1313.0,2973.0,13.0,7.0,1,136,0,143
262,68,1262.0,2981.0,8.0,9.0,1,125,0,139
262,70,935.0,2987.0,12.0,8.0,1,126,0,138
262,72,1067.0,2984.0,10.0,11.0,1,119,0,133
262,75,1554.0,2758.0,9.0,4.0,0,100,16,130
262,76,957.0,2987.0,11.0,9.0,1,116,0,129
262,79,1021.0,2985.0,15.0,11.0,1,108,0,123
262,81,1249.0,2979.0,6.0,6.0,1,107,0,121
262,123,1161.0,2977.0,9.0,8.0,1,26,0,30
263,3,1674.0,3157.0,17.0,5.0,0,235,1,260
263,31,983.0,2984.0,8.0,7.0,1,176,0,188
263,35,1239.0,2714.0,8.0,6.0,0,147,11,180
263,36,1297.0,2987.0,8.0,7.0,1,163,0,180
263,39,1038.0,2981.0,8.0,9.0,1,171,0,178
263,42,1200.0,2979.0,9.0,8.0,1,160,0,176
263,43,1116.0,2980.0,9.0,7.0,1,164,0,175
263,47,1085.0,2983.0,8.0,5.0,1,159,0,171
263,50,1004.0,2981.0,7.0,8.0,1,162,0,168
263,51,1172.0,2976.0,6.0,6.0,1,151,0,166
263,52,1328.0,2974.0,7.0,6.0,1,146,0,166
263,54,1138.0,2977.0,6.0,6.0,1,152,0,165
263,56,1228.0,2988.0,7.0,5.0,1,142,0,160
263,57,1258.0,2990.0,8.0,7.0,1,146,0,158
263,60,1225.0,2981.0,5.0,6.0,1,137,0,155
263,63,1282.0,2974.0,7.0,7.0,1,140,0,151
263,66,1354.0,2975.0,7.0,6.0,1,137,0,144
263,68,1245.0,2984.0,6.0,6.0,1,126,0,140
263,70,935.0,2987.0,12.0,8.0,0,126,1,139
263,72,1062.0,2981.0,8.0,9.0,1,120,0,134
263,75,1554.0,2758.0,9.0,4.0,0,100,17,131
263,76,954.0,2982.0,9.0,7.0,1,117,0,130
263,79,1021.0,2985.0,15.0,11.0,0,108,1,124
263,81,1245.0,2983.0,6.0,7.0,1,108,0,122
263,123,1153.0,2975.0,8.0,8.0,1,27,0,31
264,3,1671.0,3151.0,17.0,5.0,1,236,0,261
264,31,979.0,2979.0,8.0,7.0,1,177,0,189
264,35,1239.0,2714.0,8.0,6.0,0,147,12,181
264,36,1288.0,2981.0,5.0,6.0,1,164,0,181
264,39,1079.0,2981.0,7.0,8.0,1,172,0,179
264,42,1216.0,2984.0,5.0,6.0,1,161,0,177
264,43,1112.0,2979.0,9.0,8.0,1,165,0,176
264,47,1137.0,2981.0,7.0,5.0,1,160,0,172
264,50,1001.0,2979.0,16.0,11.0,1,163,0,169
264,51,1193.0,2974.0,7.0,7.0,1,152,0,167
264,52,1324.0,2979.0,7.0,5.0,1,147,0,167
264,54,1146.0,2976.0,9.0,8.0,1,153,0,166
264,56,1253.0,2988.0,5.0,4.0,1,143,0,161
264,57,1276.0,2981.0,7.0,8.0,1,147,0,159
264,60,1223.0,2981.0,8.0,6.0,1,138,0,156
264,63,1308.0,2970.0,7.0,7.0,1,141,0,152
264,66,1346.0,2975.0,9.0,8.0,1,138,0,145
264,68,1250.0,2977.0,8.0,7.0,1,127,0,141
264,70,921.0,2986.0,8.0,9.0,1,127,0,140
264,72,1055.0,2982.0,9.0,8.0,1,121,0,135
264,75,1554.0,2758.0,9.0,4.0,0,100,18,132
264,76,951.0,2995.0,8.0,6.0,1,118,0,131
264,79,1023.0,2987.0,9.0,8.0,1,109,0,125
264,81,1240.0,2981.0,7.0,7.0,1,109,0,123
264,123,1161.0,2978.0,5.0,5.0,1,28,0,32
265,3,1681.0,3147.0,18.0,6.0,1,237,0,262
265,31,970.0,2984.0,7.0,10.0,1,178,0,190
265,35,1239.0,2714.0,8.0,6.0,0,147,13,182
265,36,1271.0,2969.0,7.0,7.0,1,165,0,182
265,39,1077.0,2982.0,8.0,7.0,1,173,0,180
265,42,1208.0,2977.0,7.0,9.0,1,162,0,178
265,43,1108.0,2977.0,10.0,7.0,1,166,0,177
265,47,1129.0,2982.0,6.0,5.0,1,161,0,173
265,50,997.0,2985.0,16.0,10.0,1,164,0,170
265,51,1190.0,2978.0,8.0,5.0,1,153,0,168
265,52,1319.0,2975.0,6.0,6.0,1,148,0,168
265,54,1141.0,2977.0,9.0,8.0,1,154,0,167
265,56,1236.0,2988.0,7.0,6.0,1,144,0,162
265,57,1246.0,2977.0,8.0,8.0,1,148,0,160
265,60,1217.0,2983.0,6.0,4.0,1,139,0,157
265,63,1285.0,2969.0,5.0,6.0,1,142,0,153
265,66,1338.0,2978.0,5.0,6.0,1,139,0,146
265,68,1238.0,2968.0,8.0,7.0,1,128,0,142
265,70,913.0,2988.0,9.0,7.0,1,128,0,141
265,72,1041.0,2977.0,9.0,9.0,1,122,0,136
265,75,1554.0,2758.0,9.0,4.0,0,100,19,133
265,76,938.0,2987.0,8.0,7.0,1,119,0,132
265,79,1025.0,2982.0,7.0,8.0,1,110,0,126
265,81,1225.0,2979.0,5.0,9.0,1,110,0,124
265,123,1166.0,2979.0,6.0,6.0,1,29,0,33
266,3,1683.0,3146.0,17.0,5.0,1,238,0,263
266,31,964.0,2979.0,8.0,6.0,1,179,0,191
266,35,1239.0,2714.0,8.0,6.0,0,147,14,183
266,36,1263.0,2971.0,9.0,9.0,1,166,0,183
266,39,1069.0,2978.0,7.0,7.0,1,174,0,181
266,42,1200.0,2979.0,6.0,7.0,1,163,0,179
266,43,1098.0,2987.0,9.0,8.0,1,167,0,178
266,47,1120.0,2980.0,5.0,5.0,1,162,0,174
266,50,992.0,2983.0,12.0,9.0,1,165,0,171
266,51,1184.0,2980.0,10.0,7.0,1,154,0,169
266,52,1317.0,2967.0,9.0,9.0,1,149,0,169
266,54,1139.0,2976.0,7.0,8.0,1,155,0,168
266,56,1226.0,2980.0,6.0,6.0,1,145,0,163
266,57,1244.0,2983.0,5.0,6.0,1,149,0,161
266,60,1206.0,2979.0,8.0,8.0,1,140,0,158
266,63,1283.0,2978.0,7.0,6.0,1,143,0,154
266,66,1334.0,2976.0,8.0,7.0,1,140,0,147
266,68,1235.0,2973.0,9.0,7.0,1,129,0,143
266,70,911.0,2976.0,8.0,9.0,1,129,0,142
266,72,1041.0,2990.0,9.0,6.0,1,123,0,137
266,75,1554.0,2758.0,9.0,4.0,0,100,20,134
266,76,931.0,2983.0,11.0,10.0,1,120,0,133
266,79,1013.0,2986.0,8.0,8.0,1,111,0,127
266,81,1218.0,2984.0,7.0,7.0,1,111,0,125
266,123,1157.0,2980.0,6.0,5.0,1,30,0,34
267,3,1683.0,3146.0,17.0,5.0,0,238,1,264
267,31,956.0,2981.0,8.0,8.0,1,180,0,192
267,35,1239.0,2714.0,8.0,6.0,0,147,15,184
267,36,1261.0,2972.0,8.0,5.0,1,167,0,184
267,39,1061.0,2981.0,6.0,6.0,1,175,0,182
267,42,1190.0,2981.0,6.0,7.0,1,164,0,180
267,43,1094.0,2978.0,6.0,7.0,1,168,0,179
267,47,1116.0,2975.0,5.0,6.0,1,163,0,175
267,50,992.0,2983.0,12.0,9.0,0,165,1,172
267,51,1177.0,2977.0,9.0,7.0,1,155,0,170
267,52,1304.0,2971.0,8.0,9.0,1,150,0,170
267,54,1139.0,2976.0,7.0,8.0,0,155,1,169
267,56,1228.0,2988.0,7.0,6.0,1,146,0,164
267,57,1234.0,2974.0,7.0,6.0,1,150,0,162
267,60,1208.0,2983.0,7.0,6.0,1,141,0,159
267,63,1269.0,2972.0,8.0,9.0,1,144,0,155
267,66,1329.0,2974.0,8.0,7.0,1,141,0,148
267,68,1220.0,2972.0,7.0,6.0,1,130,0,144
267,70,900.0,2983.0,7.0,6.0,1,130,0,143
267,72,1038.0,2984.0,10.0,9.0,1,124,0,138
267,75,1554.0,2758.0,9.0,4.0,0,100,21,135
267,76,931.0,2983.0,11.0,10.0,0,120,1,134
267,79,1009.0,2981.0,7.0,5.0,1,112,0,128
267,81,1216.0,2981.0,6.0,7.0,1,112,0,126
267,123,1149.0,2977.0,7.0,7.0,1,31,0,35
267,138,1290.0,2973.0,8.0,7.0,1,3,0,3
267,139,975.0,2985.0,6.0,4.0,1,3,0,3
268,3,1683.0,3148.0,20.0,5.0,1,239,0,265
268,31,950.0,2983.0,9.0,6.0,1,181,0,193
268,35,1239.0,2714.0,8.0,6.0,0,147,16,185
268,36,1248.0,2975.0,7.0,5.0,1,168,0,185
268,39,1055.0,2984.0,8.0,6.0,1,176,0,183
268,42,1185.0,2974.0,7.0,7.0,1,165,0,181
268,43,1089.0,2977.0,7.0,5.0,1,169,0,180
268,47,1112.0,2977.0,6.0,5.0,1,164,0,176
268,50,992.0,2983.0,12.0,9.0,0,165,2,173
268,51,1177.0,2977.0,9.0,7.0,0,155,1,171
268,52,1300.0,2976.0,9.0,8.0,1,151,0,171
268,54,1128.0,2977.0,9.0,9.0,1,156,0,170
268,56,1221.0,2986.0,6.0,6.0,1,147,0,165
268,57,1222.0,2979.0,7.0,8.0,1,151,0,163
268,60,1198.0,2979.0,7.0,7.0,1,142,0,160
268,63,1269.0,2972.0,8.0,9.0,0,144,1,156
268,66,1329.0,2974.0,8.0,7.0,0,141,1,149
268,68,1223.0,2973.0,10.0,6.0,1,131,0,145
268,70,901.0,2983.0,13.0,10.0,1,131,0,144
268,72,1022.0,2986.0,10.0,7.0,1,125,0,139
268,75,1554.0,2758.0,9.0,4.0,0,100,22,136
268,76,931.0,2983.0,11.0,10.0,0,120,2,135
268,79,997.0,2980.0,8.0,9.0,1,113,0,129
268,81,1212.0,2981.0,8.0,7.0,1,113,0,127
268,123,1139.0,2980.0,5.0,4.0,1,32,0,36
268,138,1281.0,2970.0,9.0,8.0,1,4,0,4
268,139,965.0,2986.0,6.0,6.0,1,4,0,4
269,3,1684.0,3139.0,18.0,5.0,1,240,0,266
269,31,947.0,2980.0,10.0,10.0,1,182,0,194
269,35,1239.0,2714.0,8.0,6.0,0,147,17,186
269,36,1246.0,2979.0,6.0,5.0,1,169,0,186
269,39,1048.0,2982.0,9.0,7.0,1,177,0,184
269,42,1178.0,2978.0,6.0,6.0,1,166,0,182
269,43,1089.0,2977.0,7.0,5.0,0,169,1,181
269,47,1103.0,2977.0,6.0,4.0,1,165,0,177
269,50,966.0,2979.0,13.0,9.0,1,166,0,174
269,51,1166.0,2978.0,8.0,6.0,1,156,0,172
269,52,1292.0,2969.0,10.0,7.0,1,152,0,172
269,54,1119.0,2978.0,9.0,7.0,1,157,0,171
269,56,1221.0,2986.0,6.0,6.0,0,147,1,166
269,57,1210.0,2980.0,7.0,8.0,1,152,0,164
269,60,1196.0,2979.0,6.0,7.0,1,143,0,161
269,63,1259.0,2975.0,8.0,6.0,1,145,0,157
269,66,1312.0,2973.0,9.0,8.0,1,142,0,150
269,68,1219.0,2973.0,8.0,7.0,1,132,0,146
269,70,901.0,2983.0,13.0,10.0,0,131,1,145
269,72,1021.0,2984.0,11.0,8.0,1,126,0,140
269,75,1554.0,2758.0,9.0,4.0,0,100,23,137
269,76,913.0,2983.0,12.0,7.0,1,121,0,136
269,79,992.0,2986.0,7.0,7.0,1,114,0,130
269,81,1202.0,2980.0,8.0,7.0,1,114,0,128
269,123,1135.0,2976.0,6.0,7.0,1,33,0,37
269,138,1272.0,2972.0,6.0,9.0,1,5,0,5
269,139,959.0,2983.0,7.0,6.0,1,5,0,5
270,3,1684.0,3139.0,18.0,5.0,0,240,1,267
270,31,947.0,2980.0,10.0,10.0,0,182,1,195
270,35,1239.0,2714.0,8.0,6.0,0,147,18,187
270,36,1242.0,2974.0,8.0,6.0,1,170,0,187
270,39,1037.0,2979.0,9.0,8.0,1,178,0,185
270,42,1175.0,2981.0,8.0,6.0,1,167,0,183
270,43,1075.0,2985.0,9.0,8.0,1,170,0,182
270,47,1098.0,2975.0,5.0,3.0,1,166,0,178
270,50,961.0,2983.0,15.0,9.0,1,167,0,175
270,51,1158.0,2977.0,9.0,8.0,1,157,0,173
270,52,1295.0,2969.0,10.0,8.0,1,153,0,173
270,54,1111.0,2974.0,8.0,6.0,1,158,0,172
270,56,1213.0,2984.0,6.0,4.0,1,148,0,167
270,57,1209.0,2982.0,7.0,8.0,1,153,0,165
270,60,1190.0,2980.0,6.0,6.0,1,144,0,162
270,63,1262.0,2975.0,5.0,5.0,1,146,0,158
270,66,1309.0,2974.0,9.0,6.0,1,143,0,151
270,68,1206.0,2972.0,10.0,10.0,1,133,0,147
270,70,884.0,2982.0,8.0,10.0,1,132,0,146
270,72,1013.0,2990.0,8.0,9.0,1,127,0,141
270,75,1554.0,2758.0,9.0,4.0,0,100,24,138
270,76,908.0,2993.0,10.0,9.0,1,122,0,137
270,79,989.0,2984.0,8.0,8.0,1,115,0,131
270,81,1199.0,2982.0,6.0,7.0,1,115,0,129
270,123,1129.0,2980.0,5.0,5.0,1,34,0,38
270,138,1275.0,2968.0,6.0,6.0,1,6,0,6
270,139,961.0,2992.0,5.0,9.0,1,6,0,6
271,3,1686.0,3139.0,18.0,6.0,1,241,0,268
271,31,932.0,2982.0,7.0,8.0,1,183,0,196
271,35,1239.0,2714.0,8.0,6.0,0,147,19,188
271,36,1235.0,2972.0,5.0,5.0,1,171,0,188
271,39,1032.0,2983.0,9.0,5.0,1,179,0,186
271,42,1172.0,2976.0,7.0,7.0,1,168,0,184
271,43,1068.0,2978.0,10.0,7.0,1,171,0,183
271,47,1098.0,2975.0,5.0,3.0,0,166,1,179
271,50,961.0,2983.0,15.0,9.0,0,167,1,176
271,51,1153.0,2973.0,7.0,8.0,1,158,0,174
271,52,1285.0,2972.0,8.0,7.0,1,154,0,174
271,54,1104.0,2973.0,8.0,6.0,1,159,0,173
271,56,1213.0,2984.0,6.0,4.0,0,148,1,168
271,57,1202.0,2983.0,6.0,8.0,1,154,0,166
271,60,1183.0,2977.0,6.0,6.0,1,145,0,163
271,63,1246.0,2968.0,6.0,7.0,1,147,0,159
271,66,1309.0,2974.0,9.0,6.0,0,143,1,152
271,68,1208.0,2973.0,9.0,7.0,1,134,0,148
271,70,876.0,2985.0,7.0,8.0,1,133,0,147
271,72,1012.0,2983.0,11.0,9.0,1,128,0,142
271,75,1554.0,2758.0,9.0,4.0,0,100,25,139
271,76,899.0,2984.0,8.0,7.0,1,123,0,138
271,79,985.0,2987.0,8.0,5.0,1,116,0,132
271,81,1190.0,2978.0,7.0,7.0,1,116,0,130
271,123,1126.0,2977.0,7.0,6.0,1,35,0,39
271,138,1272.0,2972.0,6.0,8.0,1,7,0,7
271,139,962.0,2990.0,14.0,10.0,1,7,0,7
272,3,1683.0,3136.0,18.0,7.0,1,242,0,269
272,31,928.0,2982.0,8.0,8.0,1,184,0,197
272,35,1239.0,2714.0,8.0,6.0,0,147,20,189
272,36,1276.0,3000.0,17.0,10.0,1,172,0,189
272,39,1030.0,2982.0,9.0,5.0,1,180,0,187
272,42,1175.0,2974.0,6.0,5.0,1,169,0,185
272,43,1062.0,2978.0,8.0,7.0,1,172,0,184
272,47,1089.0,2981.0,5.0,6.0,1,167,0,180
272,50,943.0,2991.0,9.0,9.0,1,168,0,177
272,51,1151.0,2974.0,7.0,7.0,1,159,0,175
272,52,1281.0,2967.0,8.0,7.0,1,155,0,175
272,54,1104.0,2979.0,10.0,8.0,1,160,0,174
272,56,1221.0,2978.0,9.0,7.0,1,149,0,169
272,57,1206.0,2979.0,6.0,8.0,1,155,0,167
272,60,1184.0,2983.0,6.0,6.0,1,146,0,164
272,63,1244.0,2972.0,5.0,5.0,1,148,0,160
272,66,1301.0,2969.0,7.0,7.0,1,144,0,153
272,68,1197.0,2967.0,13.0,9.0,1,135,0,149
272,70,876.0,2985.0,7.0,8.0,0,133,1,148
272,72,1012.0,2983.0,11.0,9.0,0,128,1,143
272,75,1554.0,2758.0,9.0,4.0,0,100,26,140
272,76,892.0,2984.0,7.0,8.0,1,124,0,139
272,79,974.0,2987.0,7.0,7.0,1,117,0,133
272,81,1191.0,2977.0,8.0,6.0,1,117,0,131
272,123,1122.0,2974.0,5.0,5.0,1,36,0,40
272,138,1267.0,2974.0,5.0,7.0,1,8,0,8
272,139,948.0,2988.0,15.0,9.0,1,8,0,8
273,3,1688.0,3131.0,19.0,7.0,1,243,0,270
273,31,919.0,2975.0,7.0,10.0,1,185,0,198
273,35,1239.0,2714.0,8.0,6.0,0,147,21,190
273,36,1276.0,3000.0,17.0,10.0,0,172,1,190
273,39,1030.0,2982.0,9.0,5.0,0,180,1,188
273,42,1155.0,2974.0,6.0,6.0,1,170,0,186
273,43,1062.0,2978.0,8.0,7.0,0,172,1,185
273,47,1083.0,2978.0,7.0,6.0,1,168,0,181
273,50,929.0,2986.0,9.0,6.0,1,169,0,178
273,51,1144.0,2974.0,7.0,8.0,1,160,0,176
273,52,1271.0,2966.0,9.0,9.0,1,156,0,176
273,54,1095.0,2978.0,10.0,8.0,1,161,0,175
273,56,1222.0,2971.0,5.0,7.0,1,150,0,170
273,57,1194.0,2978.0,8.0,7.0,1,156,0,168
273,60,1192.0,2975.0,6.0,8.0,1,147,0,165
273,63,1236.0,2976.0,8.0,6.0,1,149,0,161
273,66,1301.0,2969.0,7.0,7.0,0,144,1,154
273,68,1191.0,2973.0,8.0,7.0,1,136,0,150
273,70,876.0,2985.0,7.0,8.0,0,133,2,149
273,72,1000.0,2986.0,9.0,6.0,1,129,0,144
273,75,1554.0,2758.0,9.0,4.0,0,100,27,141
273,76,892.0,2988.0,9.0,7.0,1,125,0,140
273,79,970.0,2987.0,8.0,7.0,1,118,0,134
273,81,1182.0,2978.0,7.0,6.0,1,118,0,132
273,123,1109.0,2973.0,8.0,7.0,1,37,0,41
273,138,1257.0,2967.0,7.0,11.0,1,9,0,9
273,139,942.0,2981.0,14.0,9.0,1,9,0,9
274,3,1682.0,3122.0,19.0,10.0,1,244,0,271
274,31,926.0,2982.0,6.0,9.0,1,186,0,199
274,35,1239.0,2714.0,8.0,6.0,0,147,22,191
274,36,1276.0,3000.0,17.0,10.0,0,172,2,191
274,39,1019.0,2981.0,7.0,10.0,1,181,0,189
274,42,1147.0,2975.0,7.0,6.0,1,171,0,187
274,43,1050.0,2980.0,7.0,7.0,1,173,0,186
274,47,1078.0,2978.0,6.0,6.0,1,169,0,182
274,50,930.0,2985.0,7.0,9.0,1,170,0,179
274,51,1132.0,2970.0,8.0,8.0,1,161,0,177
274,52,1260.0,2970.0,9.0,7.0,1,157,0,177
274,54,1088.0,2978.0,9.0,8.0,1,162,0,176
274,56,1190.0,2983.0,6.0,5.0,1,151,0,171
274,57,1184.0,2977.0,7.0,6.0,1,157,0,169
274,60,1159.0,2971.0,6.0,6.0,1,148,0,166
274,63,1230.0,2973.0,8.0,5.0,1,150,0,162
274,66,1285.0,2965.0,11.0,5.0,1,145,0,155
274,68,1187.0,2970.0,9.0,7.0,1,137,0,151
274,70,855.0,2979.0,8.0,7.0,1,134,0,150
274,72,992.0,2982.0,10.0,11.0,1,130,0,145
274,75,1554.0,2758.0,9.0,4.0,0,100,28,142
274,76,885.0,2982.0,9.0,6.0,1,126,0,141
274,79,958.0,2989.0,7.0,7.0,1,119,0,135
274,81,1172.0,2978.0,6.0,7.0,1,119,0,133
274,123,1098.0,2976.0,9.0,6.0,1,38,0,42
274,138,1219.0,2965.0,8.0,8.0,1,10,0,10
274,139,941.0,2984.0,14.0,9.0,1,10,0,10
275,3,1689.0,3121.0,19.0,9.0,1,245,0,272
275,31,904.0,2979.0,12.0,7.0,1,187,0,200
275,35,1239.0,2714.0,8.0,6.0,0,147,23,192
275,36,1276.0,3000.0,17.0,10.0,0,172,3,192
275,39,1014.0,2980.0,9.0,6.0,1,182,0,190
275,42,1150.0,2975.0,8.0,8.0,1,172,0,188
275,43,1045.0,2981.0,10.0,7.0,1,174,0,187
275,47,1063.0,2988.0,5.0,5.0,1,170,0,183
275,50,916.0,2984.0,8.0,7.0,1,171,0,180
275,51,1128.0,2979.0,8.0,7.0,1,162,0,178
275,52,1265.0,2971.0,5.0,7.0,1,158,0,178
275,54,1080.0,2978.0,8.0,8.0,1,163,0,177
275,56,1190.0,2983.0,6.0,5.0,0,151,1,172
275,57,1181.0,2983.0,7.0,7.0,1,158,0,170
275,60,1172.0,2979.0,8.0,7.0,1,149,0,167
275,63,1226.0,2973.0,7.0,7.0,1,151,0,163
275,66,1273.0,2970.0,8.0,10.0,1,146,0,156
275,68,1180.0,2974.0,9.0,6.0,1,138,0,152
275,70,850.0,2989.0,7.0,6.0,1,135,0,151
275,72,986.0,2988.0,11.0,6.0,1,131,0,146
275,75,1554.0,2758.0,9.0,4.0,0,100,29,143
275,76,871.0,2985.0,8.0,6.0,1,127,0,142
275,79,955.0,2983.0,7.0,7.0,1,120,0,136
275,81,1169.0,2980.0,6.0,7.0,1,120,0,134
275,123,1103.0,2976.0,8.0,6.0,1,39,0,43
275,138,1234.0,2970.0,10.0,9.0,1,11,0,11
275,139,933.0,2983.0,14.0,9.0,1,11,0,11
276,3,1696.0,3124.0,19.0,9.0,1,246,0,273
276,31,913.0,2976.0,6.0,7.0,1,188,0,201
276,35,1239.0,2714.0,8.0,6.0,0,147,24,193
276,36,1234.0,2974.0,8.0,8.0,1,173,0,193
276,39,1000.0,2984.0,10.0,10.0,1,183,0,191
276,42,1139.0,2977.0,7.0,7.0,1,173,0,189
276,43,1041.0,2982.0,7.0,8.0,1,175,0,188
276,47,1060.0,2979.0,6.0,5.0,1,171,0,184
276,50,915.0,2987.0,7.0,7.0,1,172,0,181
276,51,1122.0,2976.0,6.0,8.0,1,163,0,179
276,52,1259.0,2972.0,9.0,6.0,1,159,0,179
276,54,1075.0,2976.0,9.0,8.0,1,164,0,178
276,56,1180.0,2976.0,7.0,5.0,1,152,0,173
276,57,1177.0,2977.0,6.0,6.0,1,159,0,171
276,60,1146.0,2972.0,6.0,6.0,1,150,0,168
276,63,1219.0,2975.0,6.0,6.0,1,152,0,164
276,66,1269.0,2970.0,8.0,7.0,1,147,0,157
276,68,1179.0,2970.0,9.0,8.0,1,139,0,153
276,70,848.0,2978.0,9.0,9.0,1,136,0,152
276,72,979.0,2985.0,12.0,7.0,1,132,0,147
276,76,862.0,2981.0,9.0,9.0,1,128,0,143
276,79,948.0,2981.0,8.0,10.0,1,121,0,137
276,81,1159.0,2978.0,6.0,5.0,1,121,0,135
276,123,1090.0,2970.0,7.0,5.0,1,40,0,44
276,138,1206.0,2969.0,8.0,11.0,1,12,0,12
276,139,922.0,2983.0,14.0,9.0,1,12,0,12
277,3,1696.0,3120.0,21.0,10.0,1,247,0,274
277,31,896.0,2981.0,8.0,12.0,1,189,0,202
277,35,1239.0,2714.0,8.0,6.0,0,147,25,194
277,36,1225.0,2969.0,10.0,7.0,1,174,0,194
277,39,1000.0,2984.0,10.0,10.0,0,183,1,192
277,42,1133.0,2975.0,9.0,7.0,1,174,0,190
277,43,1027.0,2977.0,9.0,7.0,1,176,0,189
277,47,1054.0,2981.0,5.0,4.0,1,172,0,185
277,50,912.0,2984.0,8.0,7.0,1,173,0,182
277,51,1113.0,2974.0,9.0,7.0,1,164,0,180
277,52,1246.0,2967.0,9.0,7.0,1,160,0,180
277,54,1070.0,2978.0,9.0,7.0,1,165,0,179
277,56,1175.0,2977.0,7.0,7.0,1,153,0,174
277,57,1165.0,2977.0,6.0,8.0,1,160,0,172
277,60,1138.0,2972.0,7.0,8.0,1,151,0,169
277,63,1212.0,2974.0,7.0,8.0,1,153,0,165
277,66,1262.0,2969.0,11.0,9.0,1,148,0,158
277,68,1179.0,2970.0,9.0,8.0,0,139,1,154
277,70,837.0,2989.0,9.0,8.0,1,137,0,153
277,72,969.0,2983.0,10.0,5.0,1,133,0,148
277,76,861.0,2986.0,7.0,6.0,1,129,0,144
277,79,942.0,2988.0,11.0,7.0,1,122,0,138
277,81,1155.0,2977.0,7.0,6.0,1,122,0,136
277,123,1091.0,2974.0,9.0,8.0,1,41,0,45
277,138,1200.0,2973.0,9.0,5.0,1,13,0,13
277,139,922.0,2983.0,14.0,9.0,0,12,1,13
278,3,1695.0,3120.0,19.0,7.0,1,248,0,275
278,31,896.0,2981.0,8.0,12.0,0,189,1,203
278,35,1239.0,2714.0,8.0,6.0,0,147,26,195
278,36,1225.0,2969.0,10.0,7.0,0,174,1,195
278,39,992.0,2987.0,7.0,6.0,1,184,0,193
278,42,1129.0,2984.0,6.0,6.0,1,175,0,191
278,43,1024.0,2980.0,9.0,6.0,1,177,0,190
278,47,1045.0,2980.0,6.0,5.0,1,173,0,186
278,50,904.0,2984.0,7.0,11.0,1,174,0,183
278,51,1105.0,2971.0,9.0,8.0,1,165,0,181
278,52,1246.0,2967.0,9.0,7.0,0,160,1,181
278,54,1067.0,2974.0,9.0,8.0,1,166,0,180
278,56,1171.0,2981.0,8.0,5.0,1,154,0,175
278,57,1160.0,2973.0,7.0,5.0,1,161,0,173
278,60,1142.0,2974.0,8.0,7.0,1,152,0,170
278,63,1212.0,2974.0,7.0,8.0,0,153,1,166
278,66,1258.0,2963.0,10.0,8.0,1,149,0,159
278,68,1160.0,2970.0,9.0,7.0,1,140,0,155
278,70,830.0,2979.0,8.0,10.0,1,138,0,154
278,72,966.0,2986.0,8.0,6.0,1,134,0,149
278,76,853.0,2986.0,7.0,4.0,1,130,0,145
278,79,931.0,2989.0,10.0,7.0,1,123,0,139
278,81,1149.0,2981.0,7.0,6.0,1,123,0,137
278,123,1082.0,2974.0,7.0,8.0,1,42,0,46
278,138,1186.0,2966.0,9.0,8.0,1,14,0,14
278,139,908.0,2982.0,15.0,9.0,1,13,0,14
279,3,1697.0,3122.0,18.0,9.0,1,249,0,276
279,31,896.0,2981.0,8.0,12.0,0,189,2,204
279,35,1239.0,2714.0,8.0,6.0,0,147,27,196
279,36,1225.0,2972.0,11.0,8.0,1,175,0,196
279,39,982.0,2991.0,10.0,5.0,1,185,0,194
279,42,1129.0,2984.0,6.0,6.0,0,175,1,192
279,43,1024.0,2980.0,9.0,6.0,0,177,1,191
279,47,1039.0,2979.0,5.0,5.0,1,174,0,187
279,50,904.0,2984.0,7.0,11.0,0,174,1,184
279,51,1103.0,2978.0,9.0,7.0,1,166,0,182
279,52,1237.0,2968.0,9.0,7.0,1,161,0,182
279,54,1056.0,2975.0,9.0,6.0,1,167,0,181
279,56,1167.0,2981.0,7.0,6.0,1,155,0,176
279,57,1153.0,2980.0,9.0,7.0,1,162,0,174
279,60,1132.0,2973.0,7.0,6.0,1,153,0,171
279,63,1206.0,2969.0,9.0,10.0,1,154,0,167
279,66,1255.0,2970.0,9.0,7.0,1,150,0,160
279,68,1159.0,2973.0,7.0,6.0,1,141,0,156
279,70,824.0,2985.0,6.0,6.0,1,139,0,155
279,72,962.0,2986.0,9.0,6.0,1,135,0,150
279,76,849.0,2988.0,10.0,8.0,1,131,0,146
279,79,934.0,2984.0,10.0,8.0,1,124,0,140
279,81,1149.0,2981.0,7.0,6.0,0,123,1,138
279,123,1077.0,2980.0,8.0,8.0,1,43,0,47
279,138,1187.0,2970.0,8.0,5.0,1,15,0,15
279,139,901.0,2981.0,15.0,10.0,1,14,0,15
280,3,1694.0,3125.0,19.0,6.0,1,250,0,277
280,31,875.0,2985.0,10.0,7.0,1,190,0,205
280,35,1239.0,2714.0,8.0,6.0,0,147,28,197
280,36,1213.0,2964.0,8.0,9.0,1,176,0,197
280,39,981.0,2981.0,9.0,7.0,1,186,0,195
280,42,1115.0,2973.0,6.0,7.0,1,176,0,193
280,43,1008.0,2981.0,11.0,9.0,1,178,0,192
280,47,1038.0,2980.0,7.0,4.0,1,175,0,188
280,50,891.0,2988.0,7.0,7.0,1,175,0,185
280,51,1096.0,2970.0,10.0,7.0,1,167,0,183
280,52,1229.0,2970.0,9.0,6.0,1,162,0,183
280,54,1057.0,2977.0,10.0,6.0,1,168,0,182
280,56,1152.0,2975.0,8.0,7.0,1,156,0,177
280,57,1146.0,2980.0,8.0,7.0,1,163,0,175
280,60,1129.0,2975.0,8.0,6.0,1,154,0,172
280,63,1201.0,2969.0,7.0,9.0,1,155,0,168
280,66,1247.0,2968.0,7.0,9.0,1,151,0,161
280,68,1152.0,2970.0,8.0,9.0,1,142,0,157
280,70,814.0,2988.0,7.0,8.0,1,140,0,156
280,72,953.0,2980.0,10.0,7.0,1,136,0,151
280,76,845.0,2982.0,7.0,7.0,1,132,0,147
280,79,921.0,2974.0,9.0,11.0,1,125,0,141
280,81,1136.0,2976.0,7.0,9.0,1,124,0,139
280,123,1064.0,2974.0,8.0,6.0,1,44,0,48
280,138,1179.0,2967.0,7.0,7.0,1,16,0,16
280,139,901.0,2981.0,15.0,10.0,0,14,1,16
281,3,1695.0,3117.0,18.0,6.0,1,251,0,278
281,31,871.0,2979.0,11.0,8.0,1,191,0,206
281,35,1239.0,2714.0,8.0,6.0,0,147,29,198
281,36,1211.0,2963.0,9.0,8.0,1,177,0,198
281,39,971.0,2982.0,8.0,6.0,1,187,0,196
281,42,1113.0,2973.0,6.0,6.0,1,177,0,194
281,43,1008.0,2981.0,11.0,9.0,0,178,1,193
281,47,1032.0,2978.0,7.0,3.0,1,176,0,189
281,50,884.0,2987.0,10.0,6.0,1,176,0,186
281,51,1086.0,2967.0,13.0,8.0,1,168,0,184
281,52,1222.0,2974.0,8.0,6.0,1,163,0,184
281,54,1043.0,2974.0,9.0,7.0,1,169,0,183
281,56,1150.0,2976.0,6.0,6.0,1,157,0,178
281,57,1137.0,2977.0,8.0,7.0,1,164,0,176
281,60,1120.0,2971.0,7.0,8.0,1,155,0,173
281,63,1191.0,2972.0,8.0,6.0,1,156,0,169
281,66,1247.0,2969.0,6.0,8.0,1,152,0,162
281,68,1142.0,2969.0,8.0,8.0,1,143,0,158
281,70,811.0,2981.0,9.0,9.0,1,141,0,157
281,72,942.0,2984.0,8.0,4.0,1,137,0,152
281,76,830.0,2981.0,12.0,7.0,1,133,0,148
281,79,913.0,2986.0,10.0,7.0,1,126,0,142
281,81,1133.0,2983.0,5.0,6.0,1,125,0,140
281,123,1064.0,2974.0,8.0,6.0,0,44,1,49
281,138,1170.0,2973.0,9.0,7.0,1,17,0,17
281,139,901.0,2981.0,15.0,10.0,0,14,2,17
282,3,1695.0,3119.0,21.0,7.0,1,252,0,279
282,31,871.0,2979.0,11.0,8.0,0,191,1,207
282,36,1206.0,2970.0,7.0,7.0,1,178,0,199
282,39,967.0,2985.0,11.0,7.0,1,188,0,197
282,42,1100.0,2970.0,6.0,7.0,1,178,0,195
282,43,994.0,2984.0,12.0,7.0,1,179,0,194
282,47,1022.0,2973.0,8.0,5.0,1,177,0,190
282,50,873.0,2983.0,5.0,8.0,1,177,0,187
282,51,1081.0,2974.0,12.0,8.0,1,169,0,185
282,52,1215.0,2965.0,8.0,6.0,1,164,0,185
282,54,1037.0,2969.0,10.0,9.0,1,170,0,184
282,56,1150.0,2976.0,6.0,6.0,0,157,1,179
282,57,1128.0,2981.0,8.0,7.0,1,165,0,177
282,60,1114.0,2972.0,7.0,7.0,1,156,0,174
282,63,1186.0,2970.0,8.0,8.0,1,157,0,170
282,66,1247.0,2969.0,6.0,8.0,0,152,1,163
282,68,1143.0,2968.0,10.0,7.0,1,144,0,159
282,70,806.0,2985.0,8.0,8.0,1,142,0,158
282,72,942.0,2984.0,8.0,4.0,0,137,1,153
282,76,824.0,2987.0,11.0,8.0,1,134,0,149
282,79,908.0,2988.0,8.0,6.0,1,127,0,143
282,81,1125.0,2980.0,6.0,6.0,1,126,0,141
282,123,1064.0,2974.0,8.0,6.0,0,44,2,50
282,138,1169.0,2967.0,7.0,8.0,1,18,0,18
282,139,888.0,2985.0,18.0,10.0,1,15,0,18
283,3,1702.0,3118.0,19.0,8.0,1,253,0,280
283,31,859.0,2985.0,9.0,7.0,1,192,0,208
283,36,1195.0,2964.0,7.0,9.0,1,179,0,200
283,39,967.0,2985.0,11.0,7.0,0,188,1,198
283,42,1095.0,2977.0,6.0,6.0,1,179,0,196
283,43,994.0,2982.0,12.0,5.0,1,180,0,195
283,47,1017.0,2977.0,5.0,5.0,1,178,0,191
283,50,864.0,2985.0,8.0,7.0,1,178,0,188
283,51,1076.0,2977.0,11.0,8.0,1,170,0,186
283,52,1213.0,2972.0,8.0,6.0,1,165,0,186
283,54,1034.0,2978.0,9.0,8.0,1,171,0,185
283,56,1135.0,2978.0,9.0,7.0,1,158,0,180
283,57,1128.0,2981.0,8.0,7.0,0,165,1,178
283,60,1101.0,2978.0,6.0,6.0,1,157,0,175
283,63,1180.0,2971.0,7.0,7.0,1,158,0,171
283,66,1232.0,2973.0,8.0,7.0,1,153,0,164
283,68,1143.0,2965.0,9.0,6.0,1,145,0,160
283,70,800.0,2982.0,9.0,8.0,1,143,0,159
283,72,935.0,2985.0,7.0,5.0,1,138,0,154
283,76,819.0,2982.0,12.0,8.0,1,135,0,150
283,79,897.0,2987.0,8.0,7.0,1,128,0,144
283,81,1117.0,2980.0,6.0,6.0,1,127,0,142
283,123,1051.0,2974.0,5.0,10.0,1,45,0,51
283,138,1163.0,2968.0,9.0,10.0,1,19,0,19
283,139,877.0,2982.0,14.0,8.0,1,16,0,19
284,3,1700.0,3115.0,20.0,8.0,1,254,0,281
284,31,859.0,2985.0,9.0,7.0,0,192,1,209
284,36,1187.0,2970.0,8.0,8.0,1,180,0,201
284,39,948.0,2984.0,9.0,6.0,1,189,0,199
284,42,1090.0,2977.0,7.0,7.0,1,180,0,197
284,43,991.0,2978.0,10.0,8.0,1,181,0,196
284,47,1009.0,2982.0,8.0,5.0,1,179,0,192
284,50,865.0,2980.0,14.0,6.0,1,179,0,189
284,51,1072.0,2977.0,9.0,6.0,1,171,0,187
284,52,1209.0,2966.0,9.0,6.0,1,166,0,187
284,54,1028.0,2982.0,10.0,9.0,1,172,0,186
284,56,1133.0,2981.0,6.0,6.0,1,159,0,181
284,57,1120.0,2972.0,7.0,7.0,1,166,0,179
284,60,1101.0,2977.0,8.0,6.0,1,158,0,176
284,63,1171.0,2975.0,8.0,8.0,1,159,0,172
284,66,1228.0,2973.0,8.0,9.0,1,154,0,165
284,68,1143.0,2965.0,9.0,6.0,0,145,1,161
284,70,788.0,2982.0,9.0,8.0,1,144,0,160
284,72,928.0,2983.0,9.0,8.0,1,139,0,155
284,76,811.0,2983.0,11.0,6.0,1,136,0,151
284,79,899.0,2977.0,9.0,8.0,1,129,0,145
284,81,1113.0,2971.0,6.0,8.0,1,128,0,143
284,123,1040.0,2974.0,8.0,8.0,1,46,0,52
284,138,1161.0,2970.0,9.0,6.0,1,20,0,20
284,139,880.0,2987.0,8.0,8.0,1,17,0,20
285,3,1698.0,3112.0,20.0,9.0,1,255,0,282
285,31,848.0,2979.0,10.0,8.0,1,193,0,210
285,36,1187.0,2970.0,8.0,8.0,0,180,1,202
285,39,947.0,2990.0,8.0,6.0,1,190,0,200
285,42,1090.0,2977.0,7.0,7.0,0,180,1,198
285,43,991.0,2978.0,10.0,8.0,0,181,1,197
285,47,1006.0,2976.0,5.0,4.0,1,180,0,193
285,50,862.0,2986.0,13.0,9.0,1,180,0,190
285,51,1062.0,2968.0,11.0,8.0,1,172,0,188
285,52,1209.0,2967.0,10.0,6.0,1,167,0,188
285,54,1016.0,2972.0,9.0,8.0,1,173,0,187
285,56,1125.0,2975.0,8.0,7.0,1,160,0,182
285,57,1112.0,2978.0,7.0,7.0,1,167,0,180
285,60,1091.0,2973.0,7.0,8.0,1,159,0,177
285,63,1164.0,2969.0,10.0,9.0,1,160,0,173
285,66,1224.0,2968.0,8.0,7.0,1,155,0,166
285,68,1143.0,2965.0,9.0,6.0,0,145,2,162
285,70,785.0,2985.0,9.0,9.0,1,145,0,161
285,72,917.0,2985.0,9.0,5.0,1,140,0,156
285,76,811.0,2988.0,7.0,5.0,1,137,0,152
285,79,899.0,2977.0,9.0,8.0,0,129,1,146
285,81,1103.0,2981.0,5.0,7.0,1,129,0,144
285,123,1039.0,2978.0,7.0,7.0,1,47,0,53
285,138,1150.0,2967.0,8.0,6.0,1,21,0,21
285,139,880.0,2987.0,8.0,8.0,0,17,1,21
286,3,1698.0,3110.0,19.0,9.0,1,256,0,283
286,31,842.0,2981.0,7.0,9.0,1,194,0,211
286,36,1183.0,2967.0,6.0,8.0,1,181,0,203
286,39,937.0,2981.0,11.0,7.0,1,191,0,201
286,42,1076.0,2979.0,5.0,6.0,1,181,0,199
286,43,974.0,2991.0,11.0,8.0,1,182,0,198
286,47,1000.0,2980.0,6.0,5.0,1,181,0,194
286,50,850.0,2985.0,11.0,10.0,1,181,0,191
286,51,1062.0,2976.0,9.0,7.0,1,173,0,189
286,52,1209.0,2967.0,10.0,6.0,0,167,1,189
286,54,1014.0,2977.0,9.0,7.0,1,174,0,188
286,56,1116.0,2975.0,8.0,7.0,1,161,0,183
286,57,1113.0,2979.0,7.0,7.0,1,168,0,181
286,60,1089.0,2975.0,7.0,6.0,1,160,0,178
286,63,1159.0,2962.0,9.0,6.0,1,161,0,174
286,66,1224.0,2968.0,8.0,7.0,0,155,1,167
286,68,1122.0,2973.0,8.0,7.0,1,146,0,163
286,70,785.0,2978.0,9.0,8.0,1,146,0,162
286,72,912.0,2988.0,10.0,7.0,1,141,0,157
286,76,800.0,2984.0,8.0,9.0,1,138,0,153
286,79,885.0,2984.0,7.0,7.0,1,130,0,147
286,81,1099.0,2977.0,8.0,8.0,1,130,0,145
286,123,1034.0,2985.0,5.0,5.0,1,48,0,54
286,138,1150.0,2967.0,8.0,6.0,0,21,1,22
286,139,870.0,2982.0,7.0,9.0,1,18,0,22
287,3,1707.0,3111.0,19.0,9.0,1,257,0,284
287,31,840.0,2986.0,8.0,8.0,1,195,0,212
287,36,1174.0,2969.0,7.0,7.0,1,182,0,204
287,39,929.0,2985.0,10.0,5.0,1,192,0,202
287,42,1071.0,2975.0,6.0,6.0,1,182,0,200
287,43,966.0,2983.0,8.0,5.0,1,183,0,199
287,47,1000.0,2980.0,6.0,5.0,0,181,1,195
287,50,848.0,2979.0,13.0,9.0,1,182,0,192
287,51,1050.0,2975.0,8.0,5.0,1,174,0,190
287,52,1190.0,2966.0,10.0,8.0,1,168,0,190
287,54,1009.0,2982.0,8.0,6.0,1,175,0,189
287,56,1111.0,2978.0,6.0,7.0,1,162,0,184
287,57,1105.0,2973.0,8.0,8.0,1,169,0,182
287,60,1082.0,2981.0,6.0,6.0,1,161,0,179
287,63,1156.0,2971.0,10.0,6.0,1,162,0,175
287,66,1206.0,2967.0,9.0,7.0,1,156,0,168
287,68,1118.0,2971.0,7.0,6.0,1,147,0,164
287,70,771.0,2980.0,10.0,10.0,1,147,0,163
287,72,910.0,2986.0,8.0,5.0,1,142,0,158
287,76,795.0,2991.0,9.0,9.0,1,139,0,154
287,79,880.0,2986.0,7.0,7.0,1,131,0,148
287,81,1098.0,2978.0,7.0,8.0,1,131,0,146
287,123,1024.0,2972.0,6.0,10.0,1,49,0,55
287,138,1138.0,2968.0,10.0,6.0,1,22,0,23
287,139,870.0,2982.0,7.0,9.0,0,18,1,23
288,3,1697.0,3110.0,20.0,9.0,1,258,0,285
288,31,827.0,2987.0,7.0,7.0,1,196,0,213
288,36,1168.0,2966.0,8.0,6.0,1,183,0,205
288,39,929.0,2985.0,10.0,5.0,0,192,1,203
288,42,1066.0,2975.0,7.0,5.0,1,183,0,201
288,43,958.0,2973.0,10.0,8.0,1,184,0,200
288,47,985.0,2979.0,8.0,6.0,1,182,0,196
288,50,842.0,2987.0,16.0,9.0,1,183,0,193
288,51,1050.0,2975.0,8.0,5.0,0,174,1,191
288,52,1190.0,2966.0,10.0,8.0,0,168,1,191
288,54,1003.0,2978.0,13.0,8.0,1,176,0,190
288,56,1108.0,2977.0,6.0,8.0,1,163,0,185
288,57,1098.0,2981.0,8.0,8.0,1,170,0,183
288,60,1079.0,2975.0,6.0,5.0,1,162,0,180
288,63,1152.0,2974.0,9.0,7.0,1,163,0,176
288,66,1206.0,2967.0,9.0,7.0,0,156,1,169
288,68,1106.0,2966.0,9.0,9.0,1,148,0,165
288,70,772.0,2980.0,8.0,6.0,1,148,0,164
288,72,900.0,2986.0,9.0,8.0,1,143,0,159
288,76,792.0,2979.0,8.0,11.0,1,140,0,155
288,79,870.0,2984.0,8.0,10.0,1,132,0,149
288,81,1089.0,2977.0,9.0,5.0,1,132,0,147
288,123,986.0,2796.0,8.0,12.0,1,50,0,56
288,138,1134.0,2969.0,5.0,5.0,1,23,0,24
288,139,853.0,2984.0,7.0,9.0,1,19,0,24
289,3,1704.0,3104.0,19.0,9.0,1,259,0,286
289,31,824.0,2979.0,8.0,9.0,1,197,0,214
289,36,1168.0,2966.0,8.0,6.0,0,183,1,206
289,39,917.0,2985.0,9.0,6.0,1,193,0,204
289,42,1062.0,2970.0,7.0,9.0,1,184,0,202
289,43,958.0,2973.0,10.0,8.0,0,184,1,201
289,47,976.0,2980.0,7.0,6.0,1,183,0,197
289,50,839.0,2978.0,9.0,10.0,1,184,0,194
289,51,1043.0,2974.0,9.0,9.0,1,175,0,192
289,52,1179.0,2965.0,8.0,8.0,1,169,0,192
289,54,1003.0,2978.0,13.0,8.0,0,176,1,191
289,56,1101.0,2975.0,7.0,7.0,1,164,0,186
289,57,1095.0,2982.0,8.0,7.0,1,171,0,184
289,60,1070.0,2970.0,8.0,9.0,1,163,0,181
289,63,1144.0,2969.0,9.0,5.0,1,164,0,177
289,66,1194.0,2969.0,8.0,9.0,1,157,0,170
289,68,1103.0,2963.0,9.0,10.0,1,149,0,166
289,70,753.0,2979.0,10.0,9.0,1,149,0,165
289,72,900.0,2986.0,9.0,8.0,0,143,1,160
289,76,792.0,2979.0,8.0,11.0,0,140,1,156
289,79,867.0,2981.0,8.0,11.0,1,133,0,150
289,81,1081.0,2978.0,5.0,5.0,1,133,0,148
289,123,986.0,2796.0,8.0,12.0,0,50,1,57
289,138,1135.0,2962.0,5.0,5.0,1,24,0,25
289,139,853.0,2989.0,9.0,6.0,1,20,0,25
290,3,1705.0,3108.0,21.0,10.0,1,260,0,287
290,31,818.0,2982.0,8.0,10.0,1,198,0,215
290,36,1161.0,2963.0,8.0,7.0,1,184,0,207
290,39,917.0,2985.0,9.0,6.0,0,193,1,205
290,42,1038.0,2973.0,11.0,7.0,1,185,0,203
290,43,947.0,2989.0,11.0,9.0,1,185,0,202
290,47,974.0,2980.0,8.0,7.0,1,184,0,198
290,50,833.0,2979.0,12.0,9.0,1,185,0,195
290,51,1002.0,2979.0,10.0,6.0,1,176,0,193
290,52,1175.0,2967.0,7.0,10.0,1,170,0,193
290,54,994.0,2977.0,9.0,7.0,1,177,0,192
290,56,1098.0,2980.0,7.0,6.0,1,165,0,187
290,57,1084.0,2973.0,7.0,8.0,1,172,0,185
290,60,1062.0,2972.0,8.0,6.0,1,164,0,182
290,63,1144.0,2969.0,9.0,5.0,0,164,1,178
290,66,1191.0,2961.0,8.0,10.0,1,158,0,171
290,68,1090.0,2970.0,9.0,9.0,1,150,0,167
290,70,752.0,2982.0,9.0,8.0,1,150,0,166
290,72,881.0,2991.0,11.0,9.0,1,144,0,161
290,76,776.0,2982.0,8.0,9.0,1,141,0,157
290,79,861.0,2984.0,8.0,8.0,1,134,0,151
290,81,1056.0,2975.0,7.0,6.0,1,134,0,149
290,123,986.0,2796.0,8.0,12.0,0,50,2,58
290,138,1135.0,2962.0,5.0,5.0,0,24,1,26
290,139,842.0,2979.0,6.0,8.0,1,21,0,26
291,3,1705.0,3108.0,21.0,10.0,0,260,1,288
291,31,808.0,2980.0,7.0,10.0,1,199,0,216
291,36,1151.0,2967.0,8.0,8.0,1,185,0,208
291,39,907.0,2985.0,9.0,7.0,1,194,0,206
291,42,1025.0,2971.0,10.0,10.0,1,186,0,204
291,43,947.0,2989.0,11.0,9.0,0,185,1,203
291,47,966.0,2982.0,9.0,3.0,1,185,0,199
291,50,824.0,2983.0,11.0,7.0,1,186,0,196
291,51,1002.0,2973.0,8.0,7.0,1,177,0,194
291,52,1166.0,2964.0,8.0,8.0,1,171,0,194
291,54,986.0,2974.0,8.0,7.0,1,178,0,193
291,56,1091.0,2982.0,7.0,6.0,1,166,0,188
291,57,1072.0,2975.0,5.0,8.0,1,173,0,186
291,60,1057.0,2977.0,7.0,9.0,1,165,0,183
291,63,1136.0,2964.0,9.0,6.0,1,165,0,179
291,66,1191.0,2961.0,8.0,10.0,0,158,1,172
291,68,1089.0,2964.0,8.0,8.0,1,151,0,168
291,70,744.0,2981.0,7.0,8.0,1,151,0,167
291,72,881.0,2982.0,12.0,9.0,1,145,0,162
291,76,775.0,2983.0,10.0,5.0,1,142,0,158
291,79,861.0,2984.0,8.0,8.0,0,134,1,152
291,81,1042.0,2978.0,7.0,8.0,1,135,0,150
291,123,986.0,2796.0,8.0,12.0,0,50,3,59
291,138,1135.0,2962.0,5.0,5.0,0,24,2,27
291,139,831.0,2982.0,8.0,11.0,1,22,0,27
292,3,1706.0,3102.0,20.0,10.0,1,261,0,289
292,31,804.0,2983.0,7.0,11.0,1,200,0,217
292,36,1147.0,2965.0,9.0,5.0,1,186,0,209
292,39,902.0,2983.0,8.0,9.0,1,195,0,207
292,42,1024.0,2970.0,11.0,10.0,1,187,0,205
292,43,959.0,2982.0,8.0,6.0,1,186,0,204
292,47,975.0,2978.0,10.0,7.0,1,186,0,200
292,50,818.0,2985.0,11.0,10.0,1,187,0,197
292,51,1068.0,2972.0,7.0,10.0,1,178,0,195
292,52,1161.0,2968.0,8.0,6.0,1,172,0,195
292,54,991.0,2980.0,9.0,5.0,1,179,0,194
292,56,1076.0,2977.0,7.0,8.0,1,167,0,189
292,57,1074.0,2975.0,6.0,6.0,1,174,0,187
292,60,1054.0,2975.0,10.0,6.0,1,166,0,184
292,63,1125.0,2970.0,8.0,9.0,1,166,0,180
292,66,1177.0,2967.0,8.0,9.0,1,159,0,173
292,68,1085.0,2970.0,10.0,7.0,1,152,0,169
292,70,564.0,2891.0,7.0,7.0,1,152,0,168
292,72,873.0,2984.0,7.0,8.0,1,146,0,163
292,76,775.0,2983.0,10.0,5.0,0,142,1,159
292,79,845.0,2977.0,6.0,12.0,1,135,0,153
292,81,1042.0,2976.0,7.0,10.0,1,136,0,151
292,123,986.0,2796.0,8.0,12.0,0,50,4,60
292,138,1107.0,2966.0,9.0,5.0,1,25,0,28
292,139,833.0,2987.0,7.0,9.0,1,23,0,28
293,3,1705.0,3108.0,20.0,11.0,1,262,0,290
293,31,800.0,2980.0,9.0,10.0,1,201,0,218
293,36,1134.0,2962.0,10.0,10.0,1,187,0,210
293,39,896.0,2979.0,9.0,5.0,1,196,0,208
293,42,1013.0,2974.0,11.0,9.0,1,188,0,206
293,43,955.0,2982.0,8.0,6.0,1,187,0,205
293,47,972.0,2976.0,9.0,9.0,1,187,0,201
293,50,808.0,2981.0,10.0,9.0,1,188,0,198
293,51,1050.0,2969.0,7.0,7.0,1,179,0,196
293,52,1153.0,2967.0,9.0,6.0,1,173,0,196
293,54,996.0,2976.0,9.0,5.0,1,180,0,195
293,56,1083.0,2980.0,8.0,7.0,1,168,0,190
293,57,1068.0,2981.0,6.0,6.0,1,175,0,188
293,60,1058.0,2977.0,7.0,6.0,1,167,0,185
293,63,1127.0,2975.0,8.0,5.0,1,167,0,181
293,66,1173.0,2967.0,9.0,9.0,1,160,0,174
293,68,1077.0,2965.0,11.0,9.0,1,153,0,170
293,70,564.0,2891.0,7.0,7.0,0,152,1,169
293,72,872.0,2988.0,8.0,7.0,1,147,0,164
293,76,760.0,2986.0,8.0,5.0,1,143,0,160
293,79,840.0,2985.0,9.0,7.0,1,136,0,154
293,81,1036.0,2971.0,8.0,11.0,1,137,0,152
293,123,934.0,2986.0,9.0,7.0,1,51,0,61
293,138,1110.0,2964.0,10.0,6.0,1,26,0,29
293,139,818.0,2981.0,7.0,9.0,1,24,0,29
294,3,1704.0,3103.0,20.0,10.0,1,263,0,291
294,31,789.0,2991.0,11.0,8.0,1,202,0,219
294,36,1136.0,2965.0,7.0,10.0,1,188,0,211
294,39,890.0,2984.0,9.0,10.0,1,197,0,209
294,42,1013.0,2976.0,13.0,8.0,1,189,0,207
294,43,944.0,2980.0,7.0,7.0,1,188,0,206
294,47,969.0,2974.0,11.0,8.0,1,188,0,202
294,50,801.0,2976.0,9.0,8.0,1,189,0,199
294,51,1040.0,2975.0,7.0,7.0,1,180,0,197
294,52,1156.0,2963.0,7.0,9.0,1,174,0,197
294,54,987.0,2978.0,8.0,6.0,1,181,0,196
294,56,1083.0,2980.0,8.0,7.0,0,168,1,191
294,57,1061.0,2977.0,6.0,7.0,1,176,0,189
294,60,1053.0,2973.0,9.0,11.0,1,168,0,186
294,63,1110.0,2978.0,10.0,5.0,1,168,0,182
294,66,1174.0,2970.0,8.0,8.0,1,161,0,175
294,68,1069.0,2962.0,10.0,8.0,1,154,0,171
294,70,564.0,2891.0,7.0,7.0,0,152,2,170
294,72,866.0,2984.0,7.0,7.0,1,148,0,165
294,76,746.0,2983.0,8.0,7.0,1,144,0,161
294,79,832.0,2985.0,7.0,8.0,1,137,0,155
294,81,1028.0,2976.0,7.0,8.0,1,138,0,153
294,123,924.0,2987.0,8.0,6.0,1,52,0,62
294,138,1096.0,2967.0,10.0,9.0,1,27,0,30
294,139,818.0,2981.0,7.0,9.0,0,24,1,30
295,3,1707.0,3101.0,20.0,11.0,1,264,0,292
295,31,748.0,2983.0,7.0,7.0,1,203,0,220
295,36,1136.0,2965.0,7.0,10.0,0,188,1,212
295,39,854.0,2983.0,9.0,8.0,1,198,0,210
295,42,1007.0,2972.0,12.0,11.0,1,190,0,208
295,43,920.0,2989.0,8.0,7.0,1,189,0,207
295,47,959.0,2976.0,9.0,7.0,1,189,0,203
295,50,783.0,2984.0,9.0,7.0,1,190,0,200
295,51,1036.0,2969.0,10.0,9.0,1,181,0,198
295,52,1145.0,2965.0,8.0,8.0,1,175,0,198
295,54,977.0,2976.0,7.0,9.0,1,182,0,197
295,56,1064.0,2977.0,9.0,6.0,1,169,0,192
295,57,1056.0,2977.0,8.0,8.0,1,177,0,190
295,60,1053.0,2973.0,9.0,11.0,0,168,1,187
295,63,1108.0,2969.0,6.0,6.0,1,169,0,183
295,66,1163.0,2966.0,8.0,11.0,1,162,0,176
295,68,1064.0,2972.0,8.0,10.0,1,155,0,172
295,70,564.0,2891.0,7.0,7.0,0,152,3,171
295,72,832.0,2985.0,6.0,8.0,1,149,0,166
295,76,725.0,2982.0,6.0,7.0,1,145,0,162
295,79,804.0,2981.0,7.0,8.0,1,138,0,156
295,81,1026.0,2980.0,7.0,10.0,1,139,0,154
295,123,882.0,2985.0,8.0,9.0,1,53,0,63
295,138,1094.0,2964.0,9.0,9.0,1,28,0,31
295,139,799.0,2980.0,9.0,6.0,1,25,0,31
296,3,1707.0,3104.0,20.0,12.0,1,265,0,293
296,31,739.0,2974.0,7.0,10.0,1,204,0,221
296,36,1136.0,2965.0,7.0,10.0,0,188,2,213
296,39,854.0,2983.0,9.0,8.0,0,198,1,211
296,42,1003.0,2974.0,8.0,8.0,1,191,0,209
296,43,915.0,2980.0,9.0,9.0,1,190,0,208
296,47,953.0,2976.0,11.0,8.0,1,190,0,204
296,50,777.0,2984.0,10.0,9.0,1,191,0,201
296,51,1025.0,2976.0,9.0,8.0,1,182,0,199
296,52,1143.0,2966.0,8.0,7.0,1,176,0,199
296,54,937.0,2986.0,6.0,6.0,1,183,0,198
296,56,1063.0,2976.0,6.0,5.0,1,170,0,193
296,57,1044.0,2979.0,10.0,7.0,1,178,0,191
296,60,1045.0,2967.0,9.0,12.0,1,169,0,188
296,63,1106.0,2967.0,10.0,8.0,1,170,0,184
296,66,1162.0,2968.0,7.0,7.0,1,163,0,177
296,68,1061.0,2965.0,8.0,7.0,1,156,0,173
296,70,564.0,2891.0,7.0,7.0,0,152,4,172
296,72,844.0,2983.0,9.0,9.0,1,150,0,167
296,76,725.0,2982.0,6.0,7.0,0,145,1,163
296,79,804.0,2981.0,7.0,8.0,0,138,1,157
296,81,1014.0,2974.0,10.0,6.0,1,140,0,155
296,123,870.0,2986.0,12.0,9.0,1,54,0,64
296,138,1094.0,2964.0,9.0,9.0,0,28,1,32
296,139,792.0,2985.0,10.0,9.0,1,26,0,32
297,3,1699.0,3107.0,22.0,12.0,1,266,0,294
297,31,739.0,2974.0,7.0,10.0,0,204,1,222
297,36,1112.0,2965.0,6.0,11.0,1,189,0,214
297,39,842.0,2985.0,9.0,9.0,1,199,0,212
297,42,992.0,2972.0,12.0,10.0,1,192,0,210
297,43,903.0,2983.0,11.0,8.0,1,191,0,209
297,47,952.0,2984.0,7.0,6.0,1,191,0,205
297,50,770.0,2983.0,7.0,5.0,1,192,0,202
297,51,1022.0,2975.0,8.0,8.0,1,183,0,200
297,52,1139.0,2968.0,9.0,5.0,1,177,0,200
297,54,930.0,2983.0,8.0,5.0,1,184,0,199
297,56,1052.0,2974.0,7.0,6.0,1,171,0,194
297,57,1034.0,2973.0,6.0,8.0,1,179,0,192
297,60,1010.0,2971.0,11.0,9.0,1,170,0,189
297,63,1094.0,2969.0,9.0,6.0,1,171,0,185
297,66,1153.0,2963.0,9.0,9.0,1,164,0,178
297,68,1050.0,2966.0,10.0,9.0,1,157,0,174
297,70,564.0,2891.0,7.0,7.0,0,152,5,173
297,72,821.0,2984.0,8.0,8.0,1,151,0,168
297,76,708.0,2970.0,12.0,9.0,1,146,0,164
297,79,800.0,2985.0,9.0,6.0,1,139,0,158
297,81,964.0,2978.0,9.0,5.0,1,141,0,156
297,123,873.0,2981.0,7.0,10.0,1,55,0,65
297,138,1094.0,2964.0,9.0,9.0,0,28,2,33
297,139,787.0,2984.0,10.0,7.0,1,27,0,33
298,3,1702.0,3106.0,22.0,13.0,1,267,0,295
298,31,739.0,2974.0,7.0,10.0,0,204,2,223
298,36,1109.0,2962.0,10.0,6.0,1,190,0,215
298,39,830.0,2975.0,10.0,11.0,1,200,0,213
298,42,989.0,2973.0,11.0,12.0,1,193,0,211
298,43,894.0,2980.0,9.0,7.0,1,192,0,210
298,47,940.0,2977.0,9.0,6.0,1,192,0,206
298,50,766.0,2988.0,8.0,10.0,1,193,0,203
298,51,1022.0,2975.0,8.0,8.0,0,183,1,201
298,52,1127.0,2963.0,8.0,9.0,1,178,0,201
298,54,919.0,2982.0,5.0,6.0,1,185,0,200
298,56,1038.0,2976.0,9.0,6.0,1,172,0,195
298,57,1034.0,2973.0,6.0,8.0,0,179,1,193
298,60,1011.0,2973.0,11.0,8.0,1,171,0,190
298,63,1094.0,2964.0,7.0,5.0,1,172,0,186
298,66,1145.0,2965.0,8.0,6.0,1,165,0,179
298,68,1050.0,2964.0,9.0,8.0,1,158,0,175
298,70,564.0,2891.0,7.0,7.0,0,152,6,174
298,72,806.0,2982.0,7.0,8.0,1,152,0,169
298,76,706.0,2980.0,7.0,5.0,1,147,0,165
298,79,800.0,2985.0,9.0,6.0,0,139,1,159
298,81,954.0,2976.0,7.0,6.0,1,142,0,157
298,123,857.0,2978.0,9.0,10.0,1,56,0,66
298,138,1079.0,2969.0,7.0,8.0,1,29,0,34
298,139,773.0,2980.0,11.0,8.0,1,28,0,34
299,3,1702.0,3106.0,22.0,13.0,0,267,1,296
299,31,739.0,2974.0,7.0,10.0,0,204,3,224
299,36,1086.0,2967.0,9.0,6.0,1,191,0,216
299,39,828.0,2986.0,10.0,10.0,1,201,0,214
299,42,976.0,2978.0,9.0,10.0,1,194,0,212
299,43,886.0,2973.0,8.0,8.0,1,193,0,211
299,47,940.0,2982.0,9.0,5.0,1,193,0,207
299,50,756.0,2988.0,8.0,6.0,1,194,0,204
299,51,998.0,2976.0,8.0,10.0,1,184,0,202
299,52,1124.0,2964.0,8.0,9.0,1,179,0,202
299,54,918.0,2989.0,7.0,5.0,1,186,0,201
299,56,1030.0,2974.0,9.0,9.0,1,173,0,196
299,57,1025.0,2979.0,10.0,7.0,1,180,0,194
299,60,1006.0,2973.0,8.0,9.0,1,172,0,191
299,63,1070.0,2967.0,8.0,7.0,1,173,0,187
299,66,1143.0,2964.0,8.0,10.0,1,166,0,180
299,68,1040.0,2970.0,11.0,8.0,1,159,0,176
299,70,505.0,2926.0,8.0,8.0,1,153,0,175
299,72,805.0,2988.0,10.0,6.0,1,153,0,170
299,76,690.0,2979.0,13.0,11.0,1,148,0,166
299,79,785.0,2979.0,11.0,8.0,1,140,0,160
299,81,954.0,2975.0,7.0,7.0,1,143,0,158
299,123,858.0,2987.0,12.0,9.0,1,57,0,67
299,138,1037.0,2981.0,8.0,9.0,1,30,0,35
299,139,771.0,2988.0,11.0,6.0,1,29,0,35
300,3,1709.0,3098.0,20.0,11.0,1,268,0,297
300,31,717.0,2977.0,5.0,5.0,1,205,0,225
300,36,1102.0,2957.0,7.0,8.0,1,192,0,217
300,39,823.0,2984.0,11.0,9.0,1,202,0,215
300,42,978.0,2973.0,12.0,10.0,1,195,0,213
300,43,882.0,2977.0,11.0,8.0,1,194,0,212
300,47,940.0,2982.0,9.0,5.0,0,193,1,208
300,50,756.0,2988.0,8.0,6.0,0,194,1,205
300,51,988.0,2978.0,9.0,7.0,1,185,0,203
300,52,1117.0,2962.0,8.0,7.0,1,180,0,203
300,54,910.0,2982.0,6.0,6.0,1,187,0,202
300,56,1029.0,2974.0,9.0,9.0,1,174,0,197
300,57,1012.0,2975.0,7.0,10.0,1,181,0,195
300,60,1003.0,2972.0,9.0,11.0,1,173,0,192
300,63,1080.0,2969.0,8.0,8.0,1,174,0,188
300,66,1135.0,2971.0,7.0,7.0,1,167,0,181
300,68,1038.0,2962.0,10.0,7.0,1,160,0,177
300,70,505.0,2926.0,8.0,8.0,0,153,1,176
300,72,799.0,2983.0,8.0,9.0,1,154,0,171
300,76,682.0,2971.0,16.0,15.0,1,149,0,167
300,79,785.0,2979.0,11.0,8.0,0,140,1,161
300,81,946.0,2982.0,7.0,3.0,1,144,0,159
300,123,852.0,2981.0,10.0,9.0,1,58,0,68
300,138,1033.0,2975.0,8.0,9.0,1,31,0,36
300,139,757.0,2984.0,8.0,12.0,1,30,0,36
301,3,1705.0,3101.0,19.0,11.0,1,269,0,298
301,31,703.0,2977.0,7.0,5.0,1,206,0,226
301,36,1075.0,2967.0,9.0,7.0,1,193,0,218
301,39,813.0,2982.0,8.0,9.0,1,203,0,216
301,42,967.0,2974.0,11.0,8.0,1,196,0,214
301,43,882.0,2977.0,11.0,8.0,0,194,1,213
301,47,923.0,2980.0,9.0,7.0,1,194,0,209
301,50,756.0,2988.0,8.0,6.0,0,194,2,206
301,51,982.0,2975.0,10.0,8.0,1,186,0,204
301,52,1115.0,2964.0,8.0,8.0,1,181,0,204
301,54,908.0,2985.0,8.0,5.0,1,188,0,203
301,56,1019.0,2978.0,8.0,8.0,1,175,0,198
301,57,1007.0,2970.0,7.0,6.0,1,182,0,196
301,60,995.0,2973.0,10.0,9.0,1,174,0,193
301,63,1064.0,2967.0,9.0,7.0,1,175,0,189
301,66,1132.0,2969.0,6.0,7.0,1,168,0,182
301,68,1036.0,2963.0,10.0,8.0,1,161,0,178
301,70,505.0,2926.0,8.0,8.0,0,153,2,177
301,72,787.0,2980.0,9.0,6.0,1,155,0,172
301,76,681.0,2972.0,17.0,13.0,1,150,0,168
301,79,775.0,2981.0,11.0,5.0,1,141,0,162
301,81,941.0,2983.0,7.0,5.0,1,145,0,160
301,123,842.0,2978.0,9.0,9.0,1,59,0,69
301,138,1033.0,2975.0,8.0,9.0,0,31,1,37
301,139,743.0,2983.0,10.0,7.0,1,31,0,37
302,3,1705.0,3105.0,19.0,10.0,1,270,0,299
302,31,695.0,2977.0,10.0,9.0,1,207,0,227
302,36,1086.0,2965.0,10.0,6.0,1,194,0,219
302,39,811.0,2977.0,11.0,11.0,1,204,0,217
302,42,962.0,2980.0,9.0,9.0,1,197,0,215
302,43,872.0,2983.0,8.0,8.0,1,195,0,214
302,47,919.0,2976.0,9.0,9.0,1,195,0,210
302,50,756.0,2988.0,8.0,6.0,0,194,3,207
302,51,978.0,2978.0,8.0,5.0,1,187,0,205
302,52,1099.0,2963.0,9.0,10.0,1,182,0,205
302,54,897.0,2983.0,9.0,9.0,1,189,0,204
302,56,1021.0,2970.0,7.0,9.0,1,176,0,199
302,57,1003.0,2975.0,8.0,9.0,1,183,0,197
302,60,995.0,2973.0,10.0,9.0,0,174,1,194
302,63,1071.0,2958.0,9.0,9.0,1,176,0,190
302,66,1126.0,2963.0,6.0,6.0,1,169,0,183
302,68,1031.0,2965.0,9.0,8.0,1,162,0,179
302,70,505.0,2926.0,8.0,8.0,0,153,3,178
302,72,781.0,2987.0,10.0,7.0,1,156,0,173
302,76,677.0,2973.0,9.0,10.0,1,151,0,169
302,79,772.0,2981.0,8.0,6.0,1,142,0,163
302,81,930.0,2974.0,6.0,6.0,1,146,0,161
302,123,837.0,2981.0,11.0,9.0,1,60,0,70
302,138,1019.0,2980.0,9.0,8.0,1,32,0,38
302,139,748.0,2979.0,12.0,9.0,1,32,0,38
303,3,1712.0,3107.0,20.0,9.0,1,271,0,300
303,31,693.0,2979.0,13.0,7.0,1,208,0,228
303,36,1076.0,2967.0,10.0,7.0,1,195,0,220
303,39,803.0,2980.0,10.0,8.0,1,205,0,218
303,42,976.0,2972.0,9.0,7.0,1,198,0,216
303,43,886.0,2986.0,5.0,8.0,1,196,0,215
303,47,930.0,2979.0,8.0,9.0,1,196,0,211
303,50,735.0,2981.0,8.0,8.0,1,195,0,208
303,51,997.0,2976.0,8.0,9.0,1,188,0,206
303,52,1100.0,2961.0,7.0,8.0,1,183,0,206
303,54,917.0,2985.0,9.0,6.0,1,190,0,205
303,56,1022.0,2967.0,10.0,7.0,1,177,0,200
303,57,1006.0,2975.0,10.0,8.0,1,184,0,198
303,60,988.0,2974.0,6.0,7.0,1,175,0,195
303,63,1068.0,2964.0,7.0,7.0,1,177,0,191
303,66,1125.0,2957.0,7.0,8.0,1,170,0,184
303,68,1051.0,2967.0,6.0,5.0,1,163,0,180
303,70,505.0,2926.0,8.0,8.0,0,153,4,179
303,72,775.0,2982.0,8.0,6.0,1,157,0,174
303,76,665.0,2975.0,14.0,13.0,1,152,0,170
303,79,763.0,2986.0,7.0,6.0,1,143,0,164
303,81,949.0,2976.0,12.0,9.0,1,147,0,162
303,123,858.0,2979.0,9.0,9.0,1,61,0,71
303,138,1022.0,2979.0,6.0,6.0,1,33,0,39
303,139,740.0,2981.0,11.0,7.0,1,33,0,39
304,3,1708.0,3105.0,15.0,8.0,1,272,0,301
304,31,688.0,2971.0,11.0,8.0,1,209,0,229
304,36,1077.0,2960.0,6.0,7.0,1,196,0,221
304,39,799.0,2986.0,9.0,9.0,1,206,0,219
304,42,967.0,2969.0,6.0,9.0,1,199,0,217
304,43,863.0,2982.0,9.0,9.0,1,197,0,216
304,47,923.0,2982.0,5.0,4.0,1,197,0,212
304,50,731.0,2980.0,7.0,8.0,1,196,0,209
304,51,992.0,2975.0,9.0,8.0,1,189,0,207
304,52,1096.0,2965.0,8.0,7.0,1,184,0,207
304,54,902.0,2978.0,8.0,7.0,1,191,0,206
304,56,1016.0,2964.0,10.0,8.0,1,178,0,201
304,57,998.0,2977.0,8.0,10.0,1,185,0,199
304,60,985.0,2980.0,8.0,9.0,1,176,0,196
304,63,1061.0,2966.0,9.0,10.0,1,178,0,192
304,66,1113.0,2966.0,6.0,4.0,1,171,0,185
304,68,1043.0,2967.0,9.0,9.0,1,164,0,181
304,70,505.0,2926.0,8.0,8.0,0,153,5,180
304,72,778.0,2978.0,12.0,11.0,1,158,0,175
304,76,667.0,2970.0,11.0,9.0,1,153,0,171
304,79,757.0,2983.0,10.0,8.0,1,144,0,165
304,81,946.0,2977.0,10.0,8.0,1,148,0,163
304,123,828.0,2972.0,11.0,11.0,1,62,0,72
304,138,1012.0,2974.0,8.0,10.0,1,34,0,40
304,139,740.0,2982.0,13.0,8.0,1,34,0,40
305,3,1710.0,3111.0,16.0,8.0,1,273,0,302
305,31,688.0,2979.0,7.0,5.0,1,210,0,230
305,36,1074.0,2967.0,5.0,7.0,1,197,0,222
305,39,793.0,2979.0,9.0,10.0,1,207,0,220
305,42,955.0,2980.0,7.0,8.0,1,200,0,218
305,43,854.0,2991.0,10.0,9.0,1,198,0,217
305,47,912.0,2984.0,9.0,7.0,1,198,0,213
305,50,716.0,2989.0,13.0,6.0,1,197,0,210
305,51,984.0,2976.0,9.0,9.0,1,190,0,208
305,52,1096.0,2965.0,8.0,7.0,0,184,1,208
305,54,896.0,2980.0,9.0,8.0,1,192,0,207
305,56,1008.0,2962.0,12.0,7.0,1,179,0,202
305,57,993.0,2979.0,10.0,8.0,1,186,0,200
305,60,976.0,2977.0,6.0,7.0,1,177,0,197
305,63,1054.0,2966.0,8.0,5.0,1,179,0,193
305,66,1107.0,2967.0,9.0,8.0,1,172,0,186
305,68,1037.0,2966.0,9.0,6.0,1,165,0,182
305,70,505.0,2926.0,8.0,8.0,0,153,6,181
305,72,764.0,2981.0,9.0,7.0,1,159,0,176
305,76,655.0,2975.0,15.0,10.0,1,154,0,172
305,79,749.0,2982.0,9.0,6.0,1,145,0,166
305,81,944.0,2982.0,10.0,8.0,1,149,0,164
305,123,815.0,2977.0,12.0,11.0,1,63,0,73
305,138,1012.0,2974.0,8.0,10.0,0,34,1,41
305,139,740.0,2982.0,13.0,8.0,0,34,1,41
306,3,1713.0,3114.0,15.0,8.0,1,274,0,303
306,31,674.0,2974.0,8.0,5.0,1,211,0,231
306,36,1074.0,2967.0,5.0,7.0,0,197,1,223
306,39,789.0,2981.0,10.0,7.0,1,208,0,221
306,42,959.0,2980.0,6.0,8.0,1,201,0,219
306,43,854.0,2991.0,10.0,9.0,0,198,1,218
306,47,912.0,2984.0,9.0,7.0,0,198,1,214
306,50,716.0,2986.0,10.0,7.0,1,198,0,211
306,51,978.0,2977.0,9.0,8.0,1,191,0,209
306,52,1091.0,2962.0,5.0,8.0,1,185,0,209
306,54,888.0,2981.0,8.0,7.0,1,193,0,208
306,56,1008.0,2962.0,12.0,7.0,0,179,1,203
306,57,989.0,2965.0,9.0,8.0,1,187,0,201
306,60,967.0,2972.0,8.0,7.0,1,178,0,198
306,63,1045.0,2967.0,10.0,9.0,1,180,0,194
306,66,1107.0,2962.0,10.0,3.0,1,173,0,187
306,68,1030.0,2966.0,10.0,6.0,1,166,0,183
306,70,505.0,2926.0,8.0,8.0,0,153,7,182
306,72,764.0,2981.0,9.0,7.0,0,159,1,177
306,76,652.0,2974.0,11.0,10.0,1,155,0,173
306,79,744.0,2975.0,9.0,6.0,1,146,0,167
306,81,936.0,2978.0,11.0,9.0,1,150,0,165
306,123,812.0,2979.0,13.0,11.0,1,64,0,74
306,138,1001.0,2979.0,7.0,7.0,1,35,0,42
306,139,719.0,2980.0,13.0,10.0,1,35,0,42
306,155,875.0,2971.0,8.0,8.0,1,3,0,3
307,3,1704.0,3113.0,15.0,8.0,1,275,0,304
307,31,668.0,2975.0,6.0,7.0,1,212,0,232
307,36,1066.0,2963.0,9.0,7.0,1,198,0,224
307,39,781.0,2982.0,9.0,6.0,1,209,0,222
307,42,949.0,2975.0,7.0,7.0,1,202,0,220
307,43,838.0,2971.0,11.0,10.0,1,199,0,219
307,47,912.0,2984.0,9.0,7.0,0,198,2,215
307,50,710.0,2975.0,6.0,10.0,1,199,0,212
307,51,969.0,2977.0,8.0,8.0,1,192,0,210
307,52,1083.0,2958.0,8.0,9.0,1,186,0,210
307,54,886.0,2981.0,9.0,10.0,1,194,0,209
307,56,1005.0,2959.0,11.0,9.0,1,180,0,204
307,57,983.0,2975.0,9.0,9.0,1,188,0,202
307,60,967.0,2972.0,8.0,7.0,0,178,1,199
307,63,1035.0,2960.0,12.0,8.0,1,181,0,195
307,66,1107.0,2962.0,10.0,3.0,0,173,1,188
307,68,1026.0,2962.0,8.0,8.0,1,167,0,184
307,70,505.0,2926.0,8.0,8.0,0,153,8,183
307,72,755.0,2981.0,11.0,10.0,1,160,0,178
307,76,648.0,2977.0,9.0,7.0,1,156,0,174
307,79,737.0,2980.0,9.0,8.0,1,147,0,168
307,81,935.0,2981.0,10.0,9.0,1,151,0,166
307,123,807.0,2985.0,9.0,10.0,1,65,0,75
307,138,996.0,2981.0,7.0,8.0,1,36,0,43
307,139,717.0,2980.0,12.0,8.0,1,36,0,43
307,155,867.0,2983.0,8.0,7.0,1,4,0,4
308,3,1700.0,3111.0,16.0,8.0,1,276,0,305
308,31,665.0,2971.0,9.0,9.0,1,213,0,233
308,36,1061.0,2965.0,8.0,6.0,1,199,0,225
308,39,781.0,2982.0,9.0,6.0,0,209,1,223
308,42,946.0,2976.0,6.0,9.0,1,203,0,221
308,43,838.0,2971.0,11.0,10.0,0,199,1,220
308,47,912.0,2984.0,9.0,7.0,0,198,3,216
308,50,651.0,2821.0,10.0,7.0,1,200,0,213
308,51,970.0,2971.0,10.0,7.0,1,193,0,211
308,52,1073.0,2968.0,11.0,6.0,1,187,0,211
308,54,881.0,2986.0,9.0,7.0,1,195,0,210
308,56,991.0,2960.0,10.0,8.0,1,181,0,205
308,57,978.0,2975.0,7.0,7.0,1,189,0,203
308,60,956.0,2977.0,10.0,7.0,1,179,0,200
308,63,1031.0,2964.0,10.0,8.0,1,182,0,196
308,66,1091.0,2964.0,7.0,6.0,1,174,0,189
308,68,1019.0,2971.0,10.0,7.0,1,168,0,185
308,70,505.0,2926.0,8.0,8.0,0,153,9,184
308,72,743.0,2978.0,8.0,9.0,1,161,0,179
308,76,642.0,2961.0,9.0,11.0,1,157,0,175
308,79,712.0,2975.0,11.0,9.0,1,148,0,169
308,81,922.0,2976.0,14.0,12.0,1,152,0,167
308,123,804.0,2977.0,10.0,7.0,1,66,0,76
308,138,988.0,2968.0,7.0,10.0,1,37,0,44
308,139,706.0,2982.0,6.0,12.0,1,37,0,44
308,155,867.0,2983.0,8.0,7.0,0,4,1,5
309,3,1705.0,3107.0,15.0,11.0,1,277,0,306
309,31,655.0,2981.0,7.0,6.0,1,214,0,234
309,36,1045.0,2956.0,11.0,6.0,1,200,0,226
309,39,769.0,2979.0,10.0,9.0,1,210,0,224
309,42,928.0,2979.0,6.0,9.0,1,204,0,222
309,43,945.0,2841.0,8.0,8.0,1,200,0,221
309,47,894.0,2977.0,7.0,9.0,1,199,0,217
309,50,651.0,2821.0,10.0,7.0,0,200,1,214
309,51,956.0,2974.0,10.0,7.0,1,194,0,212
309,52,1068.0,2958.0,12.0,7.0,1,188,0,212
309,54,874.0,2977.0,8.0,8.0,1,196,0,211
309,56,993.0,2967.0,10.0,7.0,1,182,0,206
309,57,972.0,2978.0,7.0,7.0,1,190,0,204
309,60,945.0,2974.0,7.0,8.0,1,180,0,201
309,63,1028.0,2966.0,11.0,7.0,1,183,0,197
309,66,1091.0,2964.0,7.0,6.0,0,174,1,190
309,68,1013.0,2964.0,11.0,8.0,1,169,0,186
309,70,505.0,2926.0,8.0,8.0,0,153,10,185
309,72,741.0,2983.0,8.0,10.0,1,162,0,180
309,76,631.0,2968.0,11.0,11.0,1,158,0,176
309,79,725.0,2973.0,9.0,8.0,1,149,0,170
309,81,920.0,2978.0,8.0,8.0,1,153,0,168
309,123,798.0,2973.0,10.0,10.0,1,67,0,77
309,138,985.0,2974.0,6.0,8.0,1,38,0,45
309,139,696.0,2987.0,11.0,8.0,1,38,0,45
309,155,857.0,2982.0,6.0,9.0,1,5,0,6
310,3,1701.0,3114.0,18.0,8.0,1,278,0,307
310,31,649.0,2985.0,6.0,6.0,1,215,0,235
310,36,1046.0,2965.0,8.0,5.0,1,201,0,227
310,39,759.0,2975.0,11.0,9.0,1,211,0,225
310,42,930.0,2977.0,6.0,8.0,1,205,0,223
310,43,815.0,2981.0,10.0,7.0,1,201,0,222
310,47,894.0,2977.0,7.0,6.0,1,200,0,218
310,50,700.0,2970.0,15.0,12.0,1,201,0,215
310,51,953.0,2980.0,10.0,9.0,1,195,0,213
310,52,1063.0,2963.0,12.0,6.0,1,189,0,213
310,54,867.0,2983.0,7.0,6.0,1,197,0,212
310,56,985.0,2966.0,13.0,8.0,1,183,0,207
310,57,964.0,2969.0,9.0,8.0,1,191,0,205
310,60,943.0,2977.0,8.0,7.0,1,181,0,202
310,63,1022.0,2963.0,10.0,8.0,1,184,0,198
310,66,1074.0,2966.0,12.0,8.0,1,175,0,191
310,68,1012.0,2967.0,11.0,6.0,1,170,0,187
310,70,505.0,2926.0,8.0,8.0,0,153,11,186
310,72,734.0,2981.0,14.0,11.0,1,163,0,181
310,76,623.0,2979.0,10.0,10.0,1,159,0,177
310,79,726.0,2978.0,6.0,8.0,1,150,0,171
310,81,918.0,2978.0,9.0,9.0,1,154,0,169
310,123,790.0,2982.0,11.0,6.0,1,68,0,78
310,138,980.0,2976.0,8.0,9.0,1,39,0,46
310,139,683.0,2984.0,13.0,6.0,1,39,0,46
310,155,847.0,2981.0,10.0,6.0,1,6,0,7
311,3,1707.0,3117.0,15.0,8.0,1,279,0,308
311,31,640.0,2969.0,9.0,6.0,1,216,0,236
311,36,1038.0,2974.0,8.0,7.0,1,202,0,228
311,39,753.0,2975.0,11.0,8.0,1,212,0,226
311,42,923.0,2971.0,7.0,10.0,1,206,0,224
311,43,813.0,2976.0,11.0,9.0,1,202,0,223
311,47,878.0,2976.0,8.0,8.0,1,201,0,219
311,50,687.0,2977.0,15.0,9.0,1,202,0,216
311,51,949.0,2972.0,9.0,7.0,1,196,0,214
311,52,1054.0,2957.0,9.0,7.0,1,190,0,214
311,54,865.0,2982.0,7.0,7.0,1,198,0,213
311,56,978.0,2966.0,9.0,7.0,1,184,0,208
311,57,958.0,2970.0,9.0,8.0,1,192,0,206
311,60,932.0,2984.0,9.0,8.0,1,182,0,203
311,63,1019.0,2962.0,10.0,12.0,1,185,0,199
311,66,1080.0,2961.0,9.0,7.0,1,176,0,192
311,68,1007.0,2963.0,7.0,8.0,1,171,0,188
311,70,505.0,2926.0,8.0,8.0,0,153,12,187
311,72,730.0,2986.0,11.0,9.0,1,164,0,182
311,76,623.0,2971.0,6.0,7.0,1,160,0,178
311,79,712.0,2973.0,6.0,5.0,1,151,0,172
311,81,911.0,2977.0,10.0,9.0,1,155,0,170
311,123,781.0,2979.0,11.0,7.0,1,69,0,79
311,138,967.0,2978.0,6.0,9.0,1,40,0,47
311,139,678.0,2986.0,8.0,8.0,1,40,0,47
311,155,833.0,2989.0,8.0,10.0,1,7,0,8
312,3,1704.0,3119.0,14.0,5.0,1,280,0,309
312,31,633.0,2973.0,10.0,9.0,1,217,0,237
312,36,1039.0,2965.0,6.0,5.0,1,203,0,229
312,39,751.0,2980.0,10.0,7.0,1,213,0,227
312,42,919.0,2979.0,7.0,9.0,1,207,0,225
312,43,813.0,2976.0,11.0,9.0,0,202,1,224
312,47,873.0,2982.0,9.0,7.0,1,202,0,220
312,50,686.0,2979.0,15.0,11.0,1,203,0,217
312,51,883.0,2909.0,12.0,10.0,1,197,0,215
312,52,1051.0,2960.0,11.0,7.0,1,191,0,215
312,54,858.0,2987.0,5.0,5.0,1,199,0,214
312,56,980.0,2965.0,9.0,9.0,1,185,0,209
312,57,956.0,2978.0,8.0,9.0,1,193,0,207
312,60,925.0,2980.0,9.0,8.0,1,183,0,204
312,63,1015.0,2968.0,9.0,7.0,1,186,0,200
312,66,1067.0,2964.0,8.0,7.0,1,177,0,193
312,68,1002.0,2963.0,7.0,7.0,1,172,0,189
312,70,505.0,2926.0,8.0,8.0,0,153,13,188
312,72,728.0,2981.0,9.0,7.0,1,165,0,183
312,76,612.0,2965.0,9.0,10.0,1,161,0,179
312,79,712.0,2973.0,6.0,5.0,0,151,1,173
312,81,903.0,2980.0,9.0,10.0,1,156,0,171
312,123,780.0,2974.0,6.0,9.0,1,70,0,80
312,138,962.0,2977.0,7.0,10.0,1,41,0,48
312,139,678.0,2982.0,10.0,6.0,1,41,0,48
312,155,837.0,2977.0,10.0,8.0,1,8,0,9
313,3,1697.0,3119.0,18.0,6.0,1,281,0,310
313,31,632.0,2974.0,9.0,7.0,1,218,0,238
313,36,1030.0,2955.0,11.0,10.0,1,204,0,230
313,39,746.0,2980.0,8.0,7.0,1,214,0,228
313,42,919.0,2979.0,7.0,9.0,0,207,1,226
313,43,805.0,2980.0,8.0,9.0,1,203,0,225
313,47,869.0,2980.0,9.0,9.0,1,203,0,221
313,50,670.0,2975.0,19.0,11.0,1,204,0,218
313,51,883.0,2909.0,12.0,10.0,0,197,1,216
313,52,1051.0,2964.0,9.0,6.0,1,192,0,216
313,54,844.0,2976.0,8.0,8.0,1,200,0,215
313,56,970.0,2965.0,8.0,8.0,1,186,0,210
313,57,949.0,2976.0,10.0,8.0,1,194,0,208
313,60,921.0,2981.0,5.0,8.0,1,184,0,205
313,63,1007.0,2966.0,7.0,9.0,1,187,0,201
313,66,1062.0,2958.0,10.0,8.0,1,178,0,194
313,68,988.0,2962.0,9.0,9.0,1,173,0,190
313,70,505.0,2926.0,8.0,8.0,0,153,14,189
313,72,724.0,2978.0,9.0,9.0,1,166,0,184
313,76,600.0,2973.0,9.0,11.0,1,162,0,180
313,79,704.0,2980.0,7.0,5.0,1,152,0,174
313,81,895.0,2977.0,11.0,11.0,1,157,0,172
313,123,771.0,2976.0,9.0,8.0,1,71,0,81
313,138,960.0,2972.0,6.0,11.0,1,42,0,49
313,139,670.0,2990.0,12.0,8.0,1,42,0,49
313,155,825.0,2982.0,7.0,10.0,1,9,0,10
314,3,1701.0,3125.0,14.0,6.0,1,282,0,311
314,31,629.0,2979.0,9.0,6.0,1,219,0,239
314,36,1020.0,2960.0,8.0,4.0,1,205,0,231
314,39,740.0,2975.0,9.0,8.0,1,215,0,229
314,42,898.0,2978.0,10.0,10.0,1,208,0,227
314,43,801.0,2982.0,8.0,5.0,1,204,0,226
314,47,866.0,2974.0,9.0,11.0,1,204,0,222
314,50,668.0,2977.0,19.0,11.0,1,205,0,219
314,51,938.0,2966.0,9.0,12.0,1,198,0,217
314,52,1047.0,2953.0,10.0,7.0,1,193,0,217
314,54,853.0,2985.0,7.0,9.0,1,201,0,216
314,56,963.0,2964.0,9.0,9.0,1,187,0,211
314,57,935.0,2974.0,9.0,9.0,1,195,0,209
314,60,920.0,2978.0,9.0,6.0,1,185,0,206
314,63,1004.0,2964.0,8.0,8.0,1,188,0,202
314,66,1060.0,2962.0,8.0,9.0,1,179,0,195
314,68,990.0,2960.0,4.0,8.0,1,174,0,191
314,70,505.0,2926.0,8.0,8.0,0,153,15,190
314,72,709.0,2979.0,12.0,9.0,1,167,0,185
314,76,603.0,2967.0,11.0,11.0,1,163,0,181
314,79,697.0,2978.0,9.0,5.0,1,153,0,175
314,81,892.0,2981.0,10.0,10.0,1,158,0,173
314,123,764.0,2976.0,11.0,9.0,1,72,0,82
314,138,950.0,2973.0,5.0,10.0,1,43,0,50
314,139,661.0,2979.0,11.0,6.0,1,43,0,50
314,155,825.0,2991.0,7.0,5.0,1,10,0,11
315,3,1698.0,3127.0,13.0,5.0,1,283,0,312
315,31,616.0,2973.0,10.0,9.0,1,220,0,240
315,36,1015.0,2961.0,9.0,10.0,1,206,0,232
315,39,735.0,2978.0,8.0,8.0,1,216,0,230
315,42,898.0,2976.0,9.0,9.0,1,209,0,228
315,43,791.0,2984.0,8.0,5.0,1,205,0,227
315,47,853.0,2969.0,7.0,10.0,1,205,0,223
315,50,668.0,2977.0,9.0,7.0,1,206,0,220
315,51,938.0,2966.0,9.0,12.0,0,198,1,218
315,52,1040.0,2958.0,11.0,8.0,1,194,0,218
315,54,837.0,2980.0,9.0,9.0,1,202,0,217
315,56,947.0,2975.0,5.0,9.0,1,188,0,212
315,57,927.0,2969.0,9.0,9.0,1,196,0,210
315,60,915.0,2978.0,10.0,9.0,1,186,0,207
315,63,1001.0,2962.0,9.0,8.0,1,189,0,203
315,66,1053.0,2963.0,7.0,7.0,1,180,0,196
315,68,979.0,2959.0,10.0,10.0,1,175,0,192
315,70,505.0,2926.0,8.0,8.0,0,153,16,191
315,72,702.0,2977.0,9.0,8.0,1,168,0,186
315,76,599.0,2967.0,11.0,9.0,1,164,0,182
315,79,688.0,2987.0,7.0,5.0,1,154,0,176
315,81,881.0,2982.0,12.0,8.0,1,159,0,174
315,123,764.0,2976.0,11.0,9.0,0,72,1,83
315,138,937.0,2974.0,10.0,9.0,1,44,0,51
315,139,658.0,2985.0,10.0,8.0,1,44,0,51
315,155,810.0,2984.0,8.0,6.0,1,11,0,12
316,3,1698.0,3127.0,13.0,5.0,0,283,1,313
316,31,605.0,2968.0,12.0,9.0,1,221,0,241
316,36,1013.0,2965.0,9.0,7.0,1,207,0,233
316,39,725.0,2973.0,10.0,8.0,1,217,0,231
316,42,892.0,2976.0,10.0,10.0,1,210,0,229
316,43,791.0,2984.0,8.0,5.0,0,205,1,228
316,47,855.0,2978.0,5.0,9.0,1,206,0,224
316,50,659.0,2970.0,16.0,13.0,1,207,0,221
316,51,938.0,2966.0,9.0,12.0,0,198,2,219
316,52,1026.0,2958.0,9.0,8.0,1,195,0,219
316,54,837.0,2980.0,9.0,9.0,0,202,1,218
316,56,945.0,2961.0,13.0,11.0,1,189,0,213
316,57,934.0,2979.0,8.0,8.0,1,197,0,211
316,60,906.0,2978.0,9.0,9.0,1,187,0,208
316,63,993.0,2965.0,9.0,8.0,1,190,0,204
316,66,1042.0,2964.0,8.0,7.0,1,181,0,197
316,68,974.0,2959.0,7.0,11.0,1,176,0,193
316,70,505.0,2926.0,8.0,8.0,0,153,17,192
316,72,701.0,2970.0,11.0,9.0,1,169,0,187
316,76,593.0,2965.0,6.0,11.0,1,165,0,183
316,79,677.0,2986.0,8.0,7.0,1,155,0,177
316,81,881.0,2982.0,12.0,8.0,0,159,1,175
316,123,754.0,2974.0,10.0,9.0,1,73,0,84
316,138,941.0,2974.0,7.0,6.0,1,45,0,52
316,139,647.0,2982.0,13.0,8.0,1,45,0,52
316,155,809.0,2980.0,7.0,10.0,1,12,0,13
317,3,1696.0,3130.0,14.0,5.0,1,284,0,314
317,31,606.0,2977.0,10.0,9.0,1,222,0,242
317,36,1008.0,2957.0,9.0,12.0,1,208,0,234
317,39,727.0,2971.0,9.0,8.0,1,218,0,232
317,42,882.0,2980.0,6.0,9.0,1,211,0,230
317,43,779.0,2981.0,10.0,5.0,1,206,0,229
317,47,848.0,2978.0,7.0,9.0,1,207,0,225
317,50,659.0,2970.0,16.0,13.0,0,207,1,222
317,51,938.0,2966.0,9.0,12.0,0,198,3,220
317,52,1024.0,2956.0,10.0,7.0,1,196,0,220
317,54,826.0,2983.0,11.0,8.0,1,203,0,219
317,56,941.0,2965.0,10.0,12.0,1,190,0,214
317,57,927.0,2972.0,7.0,8.0,1,198,0,212
317,60,899.0,2978.0,10.0,8.0,1,188,0,209
317,63,986.0,2962.0,9.0,9.0,1,191,0,205
317,66,1038.0,2967.0,10.0,5.0,1,182,0,198
317,68,975.0,2965.0,9.0,11.0,1,177,0,194
317,70,505.0,2926.0,8.0,8.0,0,153,18,193
317,72,689.0,2976.0,7.0,7.0,1,170,0,188
317,76,583.0,2972.0,11.0,7.0,1,166,0,184
317,79,677.0,2986.0,8.0,7.0,0,155,1,178
317,81,866.0,2984.0,10.0,11.0,1,160,0,176
317,123,746.0,2974.0,10.0,9.0,1,74,0,85
317,138,932.0,2981.0,5.0,8.0,1,46,0,53
317,139,634.0,2983.0,10.0,8.0,1,46,0,53
317,155,803.0,2977.0,9.0,7.0,1,13,0,14
318,3,1691.0,3125.0,11.0,8.0,1,285,0,315
318,31,599.0,2976.0,10.0,11.0,1,223,0,243
318,36,1008.0,2957.0,9.0,12.0,0,208,1,235
318,39,727.0,2971.0,9.0,8.0,0,218,1,233
318,42,877.0,2978.0,8.0,10.0,1,212,0,231
318,43,768.0,2978.0,10.0,6.0,1,207,0,230
318,47,834.0,2974.0,8.0,11.0,1,208,0,226
318,50,643.0,2974.0,21.0,13.0,1,208,0,223
318,51,938.0,2966.0,9.0,12.0,0,198,4,221
318,52,1023.0,2955.0,8.0,9.0,1,197,0,221
318,54,822.0,2982.0,11.0,8.0,1,204,0,220
318,56,937.0,2960.0,9.0,8.0,1,191,0,215
318,57,916.0,2970.0,10.0,11.0,1,199,0,213
318,60,902.0,2976.0,10.0,10.0,1,189,0,210
318,63,986.0,2968.0,7.0,9.0,1,192,0,206
318,66,1041.0,2963.0,9.0,6.0,1,183,0,199
318,68,968.0,2959.0,9.0,11.0,1,178,0,195
318,70,505.0,2926.0,8.0,8.0,0,153,19,194
318,72,689.0,2979.0,10.0,12.0,1,171,0,189
318,76,577.0,2962.0,11.0,26.0,1,167,0,185
318,79,677.0,2986.0,8.0,7.0,0,155,2,179
318,81,864.0,2980.0,12.0,13.0,1,161,0,177
318,123,743.0,2972.0,10.0,10.0,1,75,0,86
318,138,929.0,2983.0,5.0,9.0,1,47,0,54
318,139,636.0,2985.0,12.0,6.0,1,47,0,54
318,155,797.0,2980.0,7.0,5.0,1,14,0,15
319,3,1691.0,3127.0,13.0,7.0,1,286,0,316
319,31,596.0,2968.0,11.0,7.0,1,224,0,244
319,36,995.0,2966.0,5.0,9.0,1,209,0,236
319,39,704.0,2981.0,9.0,6.0,1,219,0,234
319,42,871.0,2979.0,9.0,7.0,1,213,0,232
319,43,765.0,2973.0,11.0,6.0,1,208,0,231
319,47,827.0,2980.0,8.0,10.0,1,209,0,227
319,50,642.0,2972.0,19.0,10.0,1,209,0,224
319,51,917.0,2966.0,9.0,13.0,1,199,0,222
319,52,1011.0,2964.0,11.0,6.0,1,198,0,222
319,54,810.0,2980.0,9.0,6.0,1,205,0,221
319,56,933.0,2958.0,13.0,13.0,1,192,0,216
319,57,913.0,2970.0,10.0,13.0,1,200,0,214
319,60,884.0,2975.0,11.0,8.0,1,190,0,211
319,63,977.0,2967.0,10.0,8.0,1,193,0,207
319,66,986.0,3091.0,10.0,8.0,1,184,0,200
319,68,958.0,2960.0,10.0,6.0,1,179,0,196
319,70,505.0,2926.0,8.0,8.0,0,153,20,195
319,72,683.0,2979.0,9.0,10.0,1,172,0,190
319,76,577.0,2962.0,11.0,26.0,0,167,1,186
319,79,666.0,2981.0,10.0,6.0,1,156,0,180
319,81,858.0,2974.0,9.0,9.0,1,162,0,178
319,123,734.0,2972.0,9.0,9.0,1,76,0,87
319,138,903.0,2983.0,9.0,8.0,1,48,0,55
319,139,630.0,2978.0,8.0,9.0,1,48,0,55
319,155,793.0,2982.0,7.0,4.0,1,15,0,16
320,3,1686.0,3129.0,14.0,7.0,1,287,0,317
320,31,591.0,2966.0,9.0,8.0,1,225,0,245
320,36,988.0,2956.0,9.0,6.0,1,210,0,237
320,39,705.0,2981.0,8.0,5.0,1,220,0,235
320,42,865.0,2970.0,8.0,9.0,1,214,0,233
320,43,756.0,2977.0,10.0,7.0,1,209,0,232
320,47,826.0,2981.0,8.0,9.0,1,210,0,228
320,50,640.0,2979.0,9.0,7.0,1,210,0,225
320,51,921.0,2974.0,6.0,8.0,1,200,0,223
320,52,1006.0,2956.0,8.0,9.0,1,199,0,223
320,54,807.0,2975.0,11.0,6.0,1,206,0,222
320,56,927.0,2963.0,10.0,9.0,1,193,0,217
320,57,905.0,2972.0,11.0,10.0,1,201,0,215
320,60,879.0,2977.0,12.0,10.0,1,191,0,212
320,63,975.0,2960.0,8.0,9.0,1,194,0,208
320,66,968.0,3035.0,13.0,8.0,1,185,0,201
320,68,955.0,2964.0,9.0,10.0,1,180,0,197
320,70,505.0,2926.0,8.0,8.0,0,153,21,196
320,72,675.0,2972.0,6.0,8.0,1,173,0,191
320,76,566.0,2963.0,11.0,15.0,1,168,0,187
320,79,654.0,2981.0,10.0,7.0,1,157,0,181
320,81,853.0,2974.0,11.0,11.0,1,163,0,179
320,123,734.0,2972.0,8.0,11.0,1,77,0,88
320,138,893.0,2973.0,10.0,12.0,1,49,0,56
320,139,622.0,2969.0,16.0,14.0,1,49,0,56
320,155,778.0,2981.0,8.0,5.0,1,16,0,17
321,3,1686.0,3132.0,14.0,7.0,1,288,0,318
321,31,577.0,2971.0,11.0,9.0,1,226,0,246
321,36,986.0,2958.0,8.0,9.0,1,211,0,238
321,39,693.0,2972.0,7.0,6.0,1,221,0,236
321,42,860.0,2982.0,7.0,7.0,1,215,0,234
321,43,752.0,2978.0,11.0,7.0,1,210,0,233
321,47,826.0,2981.0,8.0,9.0,0,210,1,229
321,50,636.0,2976.0,9.0,5.0,1,211,0,226
321,51,909.0,2975.0,8.0,9.0,1,201,0,224
321,52,1009.0,2964.0,7.0,5.0,1,200,0,224
321,54,799.0,2980.0,10.0,6.0,1,207,0,223
321,56,927.0,2963.0,10.0,9.0,0,193,1,218
321,57,899.0,2971.0,11.0,10.0,1,202,0,216
321,60,870.0,2977.0,10.0,10.0,1,192,0,213
321,63,960.0,2960.0,9.0,9.0,1,195,0,209
321,66,968.0,3035.0,13.0,8.0,0,185,1,202
321,68,948.0,2962.0,9.0,5.0,1,181,0,198
321,70,505.0,2926.0,8.0,8.0,0,153,22,197
321,72,674.0,2979.0,7.0,8.0,1,174,0,192
321,76,559.0,2969.0,7.0,7.0,1,169,0,188
321,79,646.0,2982.0,9.0,5.0,1,158,0,182
321,81,838.0,2974.0,12.0,11.0,1,164,0,180
321,123,725.0,2976.0,10.0,8.0,1,78,0,89
321,138,891.0,2975.0,10.0,8.0,1,50,0,57
321,139,620.0,2966.0,18.0,17.0,1,50,0,57
321,155,786.0,2979.0,6.0,5.0,1,17,0,18
322,3,1688.0,3127.0,12.0,7.0,1,289,0,319
322,31,573.0,2974.0,12.0,9.0,1,227,0,247
322,36,986.0,2964.0,8.0,6.0,1,212,0,239
322,39,690.0,2978.0,8.0,4.0,1,222,0,237
322,42,854.0,2982.0,8.0,9.0,1,216,0,235
322,43,747.0,2978.0,9.0,7.0,1,211,0,234
322,47,810.0,2978.0,9.0,9.0,1,211,0,230
322,50,636.0,2976.0,9.0,5.0,0,211,1,227
322,51,909.0,2975.0,8.0,9.0,0,201,1,225
322,52,997.0,2957.0,8.0,9.0,1,201,0,225
322,54,800.0,2977.0,10.0,6.0,1,208,0,224
322,56,918.0,2964.0,7.0,7.0,1,194,0,219
322,57,897.0,2964.0,11.0,10.0,1,203,0,217
322,60,868.0,2977.0,8.0,10.0,1,193,0,214
322,63,963.0,2961.0,7.0,10.0,1,196,0,210
322,66,968.0,3035.0,13.0,8.0,0,185,2,203
322,68,943.0,2961.0,11.0,9.0,1,182,0,199
322,70,505.0,2926.0,8.0,8.0,0,153,23,198
322,72,662.0,2980.0,10.0,9.0,1,175,0,193
322,76,553.0,2965.0,12.0,8.0,1,170,0,189
322,79,646.0,2982.0,9.0,5.0,0,158,1,183
322,81,840.0,2975.0,11.0,11.0,1,165,0,181
322,123,717.0,2976.0,9.0,8.0,1,79,0,90
322,138,885.0,2978.0,9.0,9.0,1,51,0,58
322,139,620.0,2966.0,18.0,17.0,0,50,1,58
322,155,770.0,2976.0,10.0,7.0,1,18,0,19
322,159,1014.0,2963.0,9.0,7.0,1,3,0,3
323,3,1691.0,3130.0,15.0,8.0,1,290,0,320
323,31,570.0,2972.0,9.0,8.0,1,228,0,248
323,36,980.0,2966.0,7.0,10.0,1,213,0,240
323,39,675.0,2979.0,10.0,7.0,1,223,0,238
323,42,849.0,2980.0,9.0,7.0,1,217,0,236
323,43,747.0,2978.0,9.0,7.0,0,211,1,235
323,47,797.0,2984.0,11.0,5.0,1,212,0,231
323,50,624.0,2985.0,9.0,5.0,1,212,0,228
323,51,897.0,2969.0,8.0,12.0,1,202,0,226
323,52,992.0,2961.0,9.0,7.0,1,202,0,226
323,54,793.0,2981.0,7.0,5.0,1,209,0,225
323,56,912.0,2963.0,11.0,8.0,1,195,0,220
323,57,890.0,2971.0,9.0,9.0,1,204,0,218
323,60,857.0,2974.0,9.0,8.0,1,194,0,215
323,63,958.0,2966.0,8.0,8.0,1,197,0,211
323,66,968.0,3035.0,13.0,8.0,0,185,3,204
323,68,945.0,2959.0,6.0,9.0,1,183,0,200
323,70,505.0,2926.0,8.0,8.0,0,153,24,199
323,72,657.0,2974.0,6.0,5.0,1,176,0,194
323,76,553.0,2965.0,12.0,8.0,0,170,1,190
323,79,634.0,2985.0,9.0,8.0,1,159,0,184
323,81,833.0,2984.0,10.0,9.0,1,166,0,182
323,123,710.0,2975.0,10.0,8.0,1,80,0,91
323,138,879.0,2975.0,9.0,10.0,1,52,0,59
323,139,597.0,2971.0,17.0,10.0,1,51,0,59
323,155,770.0,2976.0,10.0,7.0,0,18,1,20
323,159,1012.0,2959.0,4.0,6.0,1,4,0,4
324,3,1686.0,3132.0,14.0,6.0,1,291,0,321
324,31,570.0,2972.0,9.0,8.0,0,228,1,249
324,36,970.0,2962.0,6.0,6.0,1,214,0,241
324,39,674.0,2976.0,11.0,7.0,1,224,0,239
324,42,842.0,2976.0,10.0,9.0,1,218,0,237
324,43,737.0,2972.0,11.0,7.0,1,212,0,236
324,47,793.0,2977.0,10.0,8.0,1,213,0,232
324,50,616.0,2977.0,8.0,6.0,1,213,0,229
324,51,898.0,2975.0,6.0,11.0,1,203,0,227
324,52,992.0,2961.0,9.0,7.0,0,202,1,227
324,54,785.0,2976.0,7.0,5.0,1,210,0,226
324,56,906.0,2965.0,9.0,9.0,1,196,0,221
324,57,885.0,2970.0,12.0,10.0,1,205,0,219
324,60,848.0,2978.0,12.0,9.0,1,195,0,216
324,63,951.0,2958.0,9.0,11.0,1,198,0,212
324,66,968.0,3035.0,13.0,8.0,0,185,4,205
324,68,932.0,2964.0,9.0,8.0,1,184,0,201
324,70,505.0,2926.0,8.0,8.0,0,153,25,200
324,72,652.0,2982.0,9.0,6.0,1,177,0,195
324,76,537.0,2966.0,11.0,11.0,1,171,0,191
324,79,624.0,2986.0,7.0,6.0,1,160,0,185
324,81,825.0,2972.0,11.0,12.0,1,167,0,183
324,123,706.0,2969.0,10.0,11.0,1,81,0,92
324,138,879.0,2975.0,9.0,10.0,0,52,1,60
324,139,596.0,2972.0,14.0,17.0,1,52,0,60
324,155,761.0,2980.0,5.0,8.0,1,19,0,21
324,159,1011.0,2966.0,7.0,5.0,1,5,0,5
325,3,1686.0,3132.0,14.0,6.0,0,291,1,322
325,31,565.0,2967.0,6.0,5.0,1,229,0,250
325,36,965.0,2969.0,8.0,5.0,1,215,0,242
325,39,665.0,2974.0,10.0,6.0,1,225,0,240
325,42,838.0,2980.0,5.0,5.0,1,219,0,238
325,43,733.0,2975.0,8.0,9.0,1,213,0,237
325,47,795.0,2982.0,7.0,5.0,1,214,0,233
325,50,616.0,2977.0,8.0,6.0,0,213,1,230
325,51,877.0,2974.0,9.0,10.0,1,204,0,228
325,52,986.0,2960.0,7.0,9.0,1,203,0,228
325,54,779.0,2979.0,8.0,5.0,1,211,0,227
325,56,895.0,2961.0,9.0,6.0,1,197,0,222
325,57,877.0,2964.0,10.0,12.0,1,206,0,220
325,60,847.0,2977.0,8.0,5.0,1,196,0,217
325,63,938.0,2958.0,9.0,9.0,1,199,0,213
325,66,968.0,3035.0,13.0,8.0,0,185,5,206
325,68,930.0,2953.0,6.0,12.0,1,185,0,202
325,70,505.0,2926.0,8.0,8.0,0,153,26,201
325,72,652.0,2982.0,9.0,6.0,0,177,1,196
325,76,537.0,2969.0,10.0,9.0,1,172,0,192
325,79,626.0,2983.0,9.0,5.0,1,161,0,186
325,81,814.0,2975.0,12.0,12.0,1,168,0,184
325,123,696.0,2968.0,10.0,8.0,1,82,0,93
325,138,879.0,2975.0,9.0,10.0,0,52,2,61
325,139,590.0,2972.0,13.0,16.0,1,53,0,61
325,155,756.0,2979.0,9.0,5.0,1,20,0,22
325,159,1002.0,2963.0,6.0,7.0,1,6,0,6
326,3,1679.0,3133.0,15.0,7.0,1,292,0,323
326,31,554.0,2966.0,9.0,7.0,1,230,0,251
326,36,963.0,2963.0,6.0,9.0,1,216,0,243
326,39,661.0,2972.0,10.0,7.0,1,226,0,241
326,42,826.0,2985.0,8.0,9.0,1,220,0,239
326,43,723.0,2976.0,8.0,6.0,1,214,0,238
326,47,787.0,2972.0,9.0,9.0,1,215,0,234
326,50,603.0,2973.0,6.0,5.0,1,214,0,231
326,51,875.0,2970.0,12.0,10.0,1,205,0,229
326,52,975.0,2954.0,10.0,11.0,1,204,0,229
326,54,779.0,2979.0,8.0,5.0,0,211,1,228
326,56,895.0,2961.0,9.0,6.0,0,197,1,223
326,57,871.0,2965.0,10.0,10.0,1,207,0,221
326,60,845.0,2975.0,10.0,10.0,1,197,0,218
326,63,938.0,2958.0,9.0,9.0,0,199,1,214
326,66,968.0,3035.0,13.0,8.0,0,185,6,207
326,68,930.0,2953.0,6.0,12.0,0,185,1,203
326,70,505.0,2926.0,8.0,8.0,0,153,27,202
326,72,652.0,2982.0,9.0,6.0,0,177,2,197
326,76,526.0,2966.0,11.0,9.0,1,173,0,193
326,79,618.0,2981.0,7.0,5.0,1,162,0,187
326,81,810.0,2975.0,13.0,11.0,1,169,0,185
326,123,692.0,2966.0,9.0,6.0,1,83,0,94
326,138,865.0,2974.0,9.0,11.0,1,53,0,62
326,139,587.0,2973.0,16.0,12.0,1,54,0,62
326,155,756.0,2979.0,9.0,5.0,0,20,1,23
326,159,1001.0,2962.0,5.0,9.0,1,7,0,7
327,3,1676.0,3135.0,15.0,7.0,1,293,0,324
327,31,554.0,2966.0,9.0,7.0,0,230,1,252
327,36,952.0,2961.0,7.0,7.0,1,217,0,244
327,39,659.0,2983.0,9.0,6.0,1,227,0,242
327,42,820.0,2974.0,10.0,7.0,1,221,0,240
327,43,716.0,2979.0,8.0,8.0,1,215,0,239
327,47,787.0,2972.0,9.0,9.0,0,215,1,235
327,50,598.0,2976.0,6.0,8.0,1,215,0,232
327,51,879.0,2976.0,8.0,9.0,1,206,0,230
327,52,976.0,2957.0,10.0,8.0,1,205,0,230
327,54,762.0,2972.0,9.0,6.0,1,212,0,229
327,56,889.0,2964.0,8.0,7.0,1,198,0,224
327,57,861.0,2965.0,9.0,12.0,1,208,0,222
327,60,845.0,2975.0,10.0,10.0,0,197,1,219
327,63,934.0,2955.0,9.0,10.0,1,200,0,215
327,66,968.0,3035.0,13.0,8.0,0,185,7,208
327,68,917.0,2955.0,11.0,11.0,1,186,0,204
327,70,505.0,2926.0,8.0,8.0,0,153,28,203
327,72,636.0,2979.0,8.0,5.0,1,178,0,198
327,76,526.0,2966.0,11.0,9.0,0,173,1,194
327,79,612.0,2980.0,8.0,6.0,1,163,0,188
327,81,811.0,2979.0,11.0,9.0,1,170,0,186
327,123,685.0,2970.0,9.0,5.0,1,84,0,95
327,138,865.0,2974.0,9.0,11.0,0,53,1,63
327,139,576.0,2978.0,17.0,8.0,1,55,0,63
327,155,740.0,2977.0,11.0,6.0,1,21,0,24
327,159,989.0,2957.0,7.0,11.0,1,8,0,8
328,3,1680.0,3137.0,16.0,6.0,1,294,0,325
328,31,544.0,2968.0,11.0,9.0,1,231,0,253
328,36,950.0,2961.0,6.0,10.0,1,218,0,245
328,39,659.0,2983.0,9.0,6.0,0,227,1,243
328,42,819.0,2980.0,9.0,9.0,1,222,0,241
328,43,717.0,2972.0,11.0,6.0,1,216,0,240
328,47,773.0,2977.0,9.0,5.0,1,216,0,236
328,50,587.0,2977.0,9.0,9.0,1,216,0,233
328,51,870.0,2983.0,9.0,8.0,1,207,0,231
328,52,970.0,2955.0,10.0,8.0,1,206,0,231
328,54,762.0,2972.0,9.0,6.0,0,212,1,230
328,56,886.0,2962.0,10.0,7.0,1,199,0,225
328,57,863.0,2969.0,11.0,10.0,1,209,0,223
328,60,830.0,2983.0,8.0,8.0,1,198,0,220
328,63,931.0,2959.0,10.0,7.0,1,201,0,216
328,66,968.0,3035.0,13.0,8.0,0,185,8,209
328,68,916.0,2961.0,9.0,10.0,1,187,0,205
328,70,505.0,2926.0,8.0,8.0,0,153,29,204
328,72,635.0,2976.0,7.0,10.0,1,179,0,199
328,76,520.0,2961.0,13.0,13.0,1,174,0,195
328,79,612.0,2979.0,5.0,4.0,1,164,0,189
328,81,801.0,2981.0,10.0,9.0,1,171,0,187
328,123,680.0,2969.0,9.0,9.0,1,85,0,96
328,138,851.0,2968.0,7.0,11.0,1,54,0,64
328,139,567.0,2974.0,18.0,17.0,1,56,0,64
328,155,738.0,2972.0,8.0,7.0,1,22,0,25
328,159,980.0,2957.0,10.0,11.0,1,9,0,9
329,3,1672.0,3142.0,15.0,5.0,1,295,0,326
329,31,534.0,2972.0,12.0,8.0,1,232,0,254
329,36,950.0,2961.0,6.0,10.0,0,218,1,246
329,39,637.0,2973.0,10.0,7.0,1,228,0,244
329,42,817.0,2985.0,9.0,8.0,1,223,0,242
329,43,706.0,2978.0,11.0,6.0,1,217,0,241
329,47,776.0,2978.0,9.0,5.0,1,217,0,237
329,50,587.0,2973.0,9.0,9.0,1,217,0,234
329,51,861.0,2974.0,9.0,10.0,1,208,0,232
329,52,963.0,2953.0,7.0,9.0,1,207,0,232
329,54,762.0,2972.0,9.0,6.0,0,212,2,231
329,56,878.0,2963.0,10.0,9.0,1,200,0,226
329,57,857.0,2960.0,9.0,11.0,1,210,0,224
329,60,830.0,2975.0,8.0,6.0,1,199,0,221
329,63,920.0,2961.0,10.0,8.0,1,202,0,217
329,66,968.0,3035.0,13.0,8.0,0,185,9,210
329,68,911.0,2954.0,8.0,9.0,1,188,0,206
329,72,635.0,2976.0,7.0,10.0,0,179,1,200
329,76,516.0,2963.0,10.0,7.0,1,175,0,196
329,79,599.0,2975.0,9.0,8.0,1,165,0,190
329,81,793.0,2980.0,14.0,10.0,1,172,0,188
329,123,680.0,2969.0,9.0,9.0,0,85,1,97
329,138,851.0,2968.0,7.0,11.0,0,54,1,65
329,139,569.0,2967.0,15.0,17.0,1,57,0,65
329,155,728.0,2979.0,8.0,7.0,1,23,0,26
329,159,978.0,2961.0,9.0,10.0,1,10,0,10
330,3,1676.0,3136.0,16.0,8.0,1,296,0,327
330,31,530.0,2973.0,9.0,7.0,1,233,0,255
330,36,942.0,2962.0,6.0,11.0,1,219,0,247
330,39,637.0,2973.0,10.0,7.0,0,228,1,245
330,42,808.0,2981.0,7.0,9.0,1,224,0,243
330,43,702.0,2969.0,10.0,6.0,1,218,0,242
330,47,767.0,2980.0,5.0,5.0,1,218,0,238
330,50,582.0,2977.0,6.0,7.0,1,218,0,235
330,51,865.0,2974.0,8.0,10.0,1,209,0,233
330,52,963.0,2953.0,7.0,9.0,0,207,1,233
330,54,749.0,2978.0,6.0,8.0,1,213,0,232
330,56,871.0,2963.0,11.0,10.0,1,201,0,227
330,57,854.0,2969.0,11.0,8.0,1,211,0,225
330,60,830.0,2975.0,8.0,6.0,0,199,1,222
330,63,922.0,2955.0,11.0,9.0,1,203,0,218
330,66,968.0,3035.0,13.0,8.0,0,185,10,211
330,68,907.0,2967.0,6.0,6.0,1,189,0,207
330,72,610.0,2974.0,11.0,7.0,1,180,0,201
330,76,516.0,2963.0,10.0,7.0,0,175,1,197
330,79,591.0,2977.0,10.0,7.0,1,166,0,191
330,81,788.0,2975.0,11.0,8.0,1,173,0,189
330,123,668.0,2969.0,11.0,9.0,1,86,0,98
330,138,843.0,2970.0,11.0,10.0,1,55,0,66
330,139,557.0,2972.0,17.0,8.0,1,58,0,66
330,155,716.0,2981.0,9.0,8.0,1,24,0,27
330,159,983.0,2957.0,7.0,7.0,1,11,0,11
331,3,1680.0,3135.0,13.0,6.0,1,297,0,328
331,31,524.0,2970.0,9.0,7.0,1,234,0,256
331,36,933.0,2961.0,10.0,9.0,1,220,0,248
331,39,636.0,2980.0,9.0,9.0,1,229,0,246
331,42,797.0,2974.0,10.0,7.0,1,225,0,244
331,43,698.0,2972.0,10.0,6.0,1,219,0,243
331,47,759.0,2974.0,10.0,5.0,1,219,0,239
331,50,575.0,2979.0,7.0,8.0,1,219,0,236
331,51,856.0,2972.0,12.0,6.0,1,210,0,234
331,52,950.0,2953.0,10.0,8.0,1,208,0,234
331,54,741.0,2975.0,8.0,7.0,1,214,0,233
331,56,867.0,2962.0,11.0,11.0,1,202,0,228
331,57,848.0,2968.0,10.0,7.0,1,212,0,226
331,60,815.0,2975.0,11.0,8.0,1,200,0,223
331,63,914.0,2962.0,8.0,8.0,1,204,0,219
331,66,968.0,3035.0,13.0,8.0,0,185,11,212
331,68,896.0,2962.0,10.0,8.0,1,190,0,208
331,72,600.0,2971.0,12.0,7.0,1,181,0,202
331,76,502.0,2957.0,11.0,9.0,1,176,0,198
331,79,593.0,2975.0,10.0,7.0,1,167,0,192
331,81,787.0,2974.0,10.0,9.0,1,174,0,190
331,123,664.0,2965.0,9.0,6.0,1,87,0,99
331,138,843.0,2970.0,11.0,10.0,0,55,1,67
331,139,558.0,2975.0,16.0,14.0,1,59,0,67
331,155,720.0,2975.0,9.0,7.0,1,25,0,28
331,159,983.0,2957.0,7.0,7.0,0,11,1,12
332,3,1676.0,3144.0,14.0,6.0,1,298,0,329
332,31,519.0,2964.0,9.0,9.0,1,235,0,257
332,36,928.0,2955.0,9.0,9.0,1,221,0,249
332,39,622.0,2972.0,9.0,8.0,1,230,0,247
332,42,797.0,2974.0,10.0,7.0,0,225,1,245
332,43,698.0,2972.0,10.0,6.0,0,219,1,244
332,47,753.0,2978.0,9.0,5.0,1,220,0,240
332,50,570.0,2975.0,8.0,7.0,1,220,0,237
332,51,847.0,2975.0,10.0,10.0,1,211,0,235
332,52,952.0,2959.0,9.0,8.0,1,209,0,235
332,54,736.0,2978.0,9.0,7.0,1,215,0,234
332,56,864.0,2962.0,14.0,9.0,1,203,0,229
332,57,844.0,2961.0,10.0,8.0,1,213,0,227
332,60,808.0,2975.0,11.0,8.0,1,201,0,224
332,63,910.0,2961.0,9.0,6.0,1,205,0,220
332,66,968.0,3035.0,13.0,8.0,0,185,12,213
332,68,893.0,2958.0,7.0,8.0,1,191,0,209
332,72,595.0,2975.0,14.0,11.0,1,182,0,203
332,76,491.0,2961.0,12.0,10.0,1,177,0,199
332,79,582.0,2970.0,8.0,8.0,1,168,0,193
332,81,777.0,2980.0,9.0,10.0,1,175,0,191
332,123,654.0,2967.0,10.0,10.0,1,88,0,100
332,138,823.0,2967.0,11.0,11.0,1,56,0,68
332,139,546.0,2968.0,16.0,13.0,1,60,0,68
332,155,712.0,2980.0,5.0,5.0,1,26,0,29
332,159,983.0,2957.0,7.0,7.0,0,11,2,13
333,3,1676.0,3144.0,14.0,6.0,0,298,1,330
333,31,512.0,2969.0,9.0,7.0,1,236,0,258
333,36,935.0,2964.0,6.0,7.0,1,222,0,250
333,39,615.0,2972.0,12.0,10.0,1,231,0,248
333,42,787.0,2978.0,11.0,8.0,1,226,0,246
333,43,682.0,2980.0,9.0,8.0,1,220,0,245
333,47,748.0,2977.0,9.0,8.0,1,221,0,241
333,50,560.0,2971.0,9.0,9.0,1,221,0,238
333,51,847.0,2972.0,7.0,11.0,1,212,0,236
333,52,947.0,2957.0,7.0,6.0,1,210,0,236
333,54,736.0,2978.0,9.0,7.0,0,215,1,235
333,56,859.0,2960.0,11.0,11.0,1,204,0,230
333,57,839.0,2963.0,9.0,11.0,1,214,0,228
333,60,804.0,2981.0,9.0,6.0,1,202,0,225
333,63,904.0,2959.0,7.0,6.0,1,206,0,221
333,66,968.0,3035.0,13.0,8.0,0,185,13,214
333,68,893.0,2959.0,10.0,6.0,1,192,0,210
333,72,595.0,2977.0,8.0,10.0,1,183,0,204
333,76,489.0,2965.0,11.0,8.0,1,178,0,200
333,79,578.0,2970.0,6.0,4.0,1,169,0,194
333,81,766.0,2978.0,9.0,10.0,1,176,0,192
333,123,653.0,2966.0,9.0,7.0,1,89,0,101
333,138,828.0,2973.0,12.0,8.0,1,57,0,69
333,139,539.0,2967.0,17.0,15.0,1,61,0,69
333,155,710.0,2977.0,9.0,5.0,1,27,0,30
333,159,959.0,2958.0,7.0,6.0,1,12,0,14
334,3,1676.0,3144.0,14.0,6.0,0,298,2,331
334,31,513.0,2967.0,9.0,5.0,1,237,0,259
334,36,920.0,2960.0,10.0,7.0,1,223,0,251
334,39,612.0,2971.0,12.0,7.0,1,232,0,249
334,42,777.0,2974.0,10.0,8.0,1,227,0,247
334,43,673.0,2971.0,10.0,6.0,1,221,0,246
334,47,740.0,2977.0,9.0,7.0,1,222,0,242
334,50,557.0,2981.0,8.0,8.0,1,222,0,239
334,51,837.0,2970.0,10.0,11.0,1,213,0,237
334,52,944.0,2951.0,11.0,9.0,1,211,0,237
334,54,727.0,2967.0,9.0,7.0,1,216,0,236
334,56,846.0,2957.0,14.0,10.0,1,205,0,231
334,57,839.0,2963.0,9.0,11.0,0,214,1,229
334,60,798.0,2981.0,11.0,6.0,1,203,0,226
334,63,901.0,2956.0,9.0,10.0,1,207,0,222
334,66,968.0,3035.0,13.0,8.0,0,185,14,215
334,68,878.0,2959.0,10.0,9.0,1,193,0,211
334,72,590.0,2974.0,13.0,8.0,1,184,0,205
334,76,490.0,2962.0,10.0,6.0,1,179,0,201
334,79,571.0,2973.0,11.0,9.0,1,170,0,195
334,81,761.0,2978.0,12.0,7.0,1,177,0,193
334,123,645.0,2973.0,10.0,10.0,1,90,0,102
334,138,818.0,2977.0,11.0,8.0,1,58,0,70
334,139,536.0,2968.0,16.0,11.0,1,62,0,70
334,155,693.0,2978.0,10.0,5.0,1,28,0,31
334,159,954.0,2956.0,9.0,8.0,1,13,0,15
335,3,1668.0,3142.0,16.0,7.0,1,299,0,332
335,31,498.0,2964.0,10.0,7.0,1,238,0,260
335,36,920.0,2962.0,6.0,10.0,1,224,0,252
335,39,607.0,2977.0,12.0,8.0,1,233,0,250
335,42,777.0,2978.0,10.0,7.0,1,228,0,248
335,43,670.0,2968.0,9.0,9.0,1,222,0,247
335,47,734.0,2978.0,11.0,10.0,1,223,0,243
335,50,553.0,2972.0,8.0,7.0,1,223,0,240
335,51,826.0,2969.0,11.0,9.0,1,214,0,238
335,52,933.0,2952.0,9.0,6.0,1,212,0,238
335,54,718.0,2971.0,9.0,6.0,1,217,0,237
335,56,844.0,2960.0,15.0,12.0,1,206,0,232
335,57,839.0,2963.0,9.0,11.0,0,214,2,230
335,60,788.0,2979.0,11.0,7.0,1,204,0,227
335,63,894.0,2957.0,11.0,9.0,1,208,0,223
335,66,968.0,3035.0,13.0,8.0,0,185,15,216
335,68,875.0,2960.0,10.0,9.0,1,194,0,212
335,72,586.0,2972.0,11.0,9.0,1,185,0,206
335,76,480.0,2959.0,7.0,8.0,1,180,0,202
335,79,567.0,2977.0,8.0,5.0,1,171,0,196
335,81,756.0,2976.0,8.0,9.0,1,178,0,194
335,123,644.0,2965.0,9.0,10.0,1,91,0,103
335,138,813.0,2971.0,9.0,7.0,1,59,0,71
335,139,536.0,2968.0,16.0,11.0,0,62,1,71
335,155,693.0,2976.0,7.0,5.0,1,29,0,32
335,159,944.0,2961.0,11.0,4.0,1,14,0,16
336,3,1673.0,3140.0,16.0,8.0,1,300,0,333
336,31,504.0,2964.0,10.0,7.0,1,239,0,261
336,36,915.0,2954.0,13.0,11.0,1,225,0,253
336,39,603.0,2970.0,10.0,11.0,1,234,0,251
336,42,768.0,2978.0,10.0,5.0,1,229,0,249
336,43,664.0,2977.0,7.0,5.0,1,223,0,248
336,47,729.0,2976.0,9.0,7.0,1,224,0,244
336,50,547.0,2968.0,9.0,8.0,1,224,0,241
336,51,826.0,2969.0,11.0,9.0,0,214,1,239
336,52,934.0,2956.0,8.0,8.0,1,213,0,239
336,54,711.0,2974.0,10.0,8.0,1,218,0,238
336,56,842.0,2956.0,15.0,11.0,1,207,0,233
336,57,821.0,2964.0,10.0,11.0,1,215,0,231
336,60,785.0,2981.0,12.0,8.0,1,205,0,228
336,63,893.0,2961.0,10.0,8.0,1,209,0,224
336,66,968.0,3035.0,13.0,8.0,0,185,16,217
336,68,871.0,2953.0,5.0,8.0,1,195,0,213
336,72,577.0,2969.0,12.0,9.0,1,186,0,207
336,76,480.0,2959.0,7.0,8.0,0,180,1,203
336,79,551.0,2964.0,11.0,13.0,1,172,0,197
336,81,756.0,2976.0,8.0,9.0,0,178,1,195
336,123,629.0,2969.0,10.0,9.0,1,92,0,104
336,138,813.0,2971.0,9.0,7.0,0,59,1,72
336,139,536.0,2968.0,16.0,11.0,0,62,2,72
336,155,687.0,2964.0,7.0,10.0,1,30,0,33
336,159,951.0,2961.0,10.0,6.0,1,15,0,17
337,3,1675.0,3146.0,15.0,7.0,1,301,0,334
337,31,495.0,2965.0,12.0,8.0,1,240,0,262
337,36,907.0,2966.0,10.0,7.0,1,226,0,254
337,39,586.0,2970.0,13.0,10.0,1,235,0,252
337,42,762.0,2986.0,10.0,5.0,1,230,0,250
337,43,661.0,2971.0,12.0,8.0,1,224,0,249
337,47,727.0,2974.0,8.0,9.0,1,225,0,245
337,50,531.0,2969.0,9.0,8.0,1,225,0,242
337,51,821.0,2972.0,8.0,9.0,1,215,0,240
337,52,925.0,2951.0,9.0,7.0,1,214,0,240
337,54,706.0,2971.0,11.0,7.0,1,219,0,239
337,56,840.0,2954.0,15.0,11.0,1,208,0,234
337,57,816.0,2960.0,10.0,11.0,1,216,0,232
337,60,776.0,2969.0,12.0,7.0,1,206,0,229
337,63,879.0,2958.0,11.0,10.0,1,210,0,225
337,66,968.0,3035.0,13.0,8.0,0,185,17,218
337,68,870.0,2965.0,8.0,6.0,1,196,0,214
337,72,577.0,2969.0,12.0,9.0,0,186,1,208
337,76,469.0,2959.0,8.0,6.0,1,181,0,204
337,79,553.0,2977.0,10.0,10.0,1,173,0,198
337,81,746.0,2971.0,12.0,8.0,1,179,0,196
337,123,619.0,2966.0,10.0,9.0,1,93,0,105
337,138,804.0,2976.0,11.0,7.0,1,60,0,73
337,139,516.0,2965.0,14.0,14.0,1,63,0,73
337,155,687.0,2964.0,7.0,10.0,0,30,1,34
337,159,944.0,2954.0,5.0,8.0,1,16,0,18
338,3,1666.0,3146.0,15.0,7.0,1,302,0,335
338,31,486.0,2960.0,10.0,8.0,1,241,0,263
338,36,899.0,2958.0,10.0,9.0,1,227,0,255
338,39,587.0,2972.0,11.0,10.0,1,236,0,253
338,42,759.0,2985.0,8.0,5.0,1,231,0,251
338,43,655.0,2971.0,8.0,8.0,1,225,0,250
338,47,708.0,2978.0,9.0,6.0,1,226,0,246
338,50,533.0,2966.0,7.0,9.0,1,226,0,243
338,51,812.0,2972.0,10.0,10.0,1,216,0,241
338,52,925.0,2951.0,9.0,7.0,0,214,1,241
338,54,699.0,2970.0,10.0,9.0,1,220,0,240
338,56,840.0,2954.0,15.0,11.0,0,208,1,235
338,57,818.0,2967.0,9.0,11.0,1,217,0,233
338,60,776.0,2969.0,12.0,7.0,0,206,1,230
338,63,877.0,2962.0,9.0,8.0,1,211,0,226
338,66,968.0,3035.0,13.0,8.0,0,185,18,219
338,68,864.0,2952.0,9.0,11.0,1,197,0,215
338,72,577.0,2969.0,12.0,9.0,0,186,2,209
338,76,469.0,2959.0,8.0,6.0,0,181,1,205
338,79,542.0,2969.0,11.0,9.0,1,174,0,199
338,81,740.0,2974.0,12.0,8.0,1,180,0,197
338,123,616.0,2967.0,10.0,10.0,1,94,0,106
338,138,804.0,2976.0,11.0,7.0,0,60,1,74
338,139,516.0,2966.0,14.0,10.0,1,64,0,74
338,155,676.0,2976.0,9.0,10.0,1,31,0,35
338,159,940.0,2949.0,6.0,10.0,1,17,0,19
339,3,1668.0,3146.0,17.0,8.0,1,303,0,336
339,31,486.0,2960.0,8.0,5.0,1,242,0,264
339,36,893.0,2957.0,11.0,9.0,1,228,0,256
339,39,585.0,2975.0,10.0,8.0,1,237,0,254
339,42,754.0,2976.0,9.0,9.0,1,232,0,252
339,43,648.0,2966.0,13.0,12.0,1,226,0,251
339,47,705.0,2976.0,11.0,8.0,1,227,0,247
339,50,526.0,2972.0,9.0,8.0,1,227,0,244
339,51,809.0,2981.0,11.0,6.0,1,217,0,242
339,52,913.0,2958.0,11.0,7.0,1,215,0,242
339,54,694.0,2977.0,10.0,8.0,1,221,0,241
339,56,824.0,2954.0,14.0,11.0,1,209,0,236
339,57,810.0,2962.0,12.0,11.0,1,218,0,234
339,60,768.0,2980.0,11.0,7.0,1,207,0,231
339,63,871.0,2950.0,11.0,10.0,1,212,0,227
339,66,968.0,3035.0,13.0,8.0,0,185,19,220
339,68,852.0,2953.0,11.0,7.0,1,198,0,216
339,72,556.0,2975.0,11.0,8.0,1,187,0,210
339,76,458.0,2959.0,10.0,11.0,1,182,0,206
339,79,541.0,2976.0,12.0,8.0,1,175,0,200
339,81,728.0,2974.0,13.0,11.0,1,181,0,198
339,123,616.0,2973.0,9.0,9.0,1,95,0,107
339,138,798.0,2973.0,10.0,9.0,1,61,0,75
339,139,508.0,2968.0,15.0,13.0,1,65,0,75
339,155,673.0,2975.0,5.0,10.0,1,32,0,36
339,159,929.0,2951.0,13.0,8.0,1,18,0,20
340,3,1670.0,3147.0,17.0,7.0,1,304,0,337
340,31,486.0,2960.0,8.0,5.0,0,242,1,265
340,36,895.0,2961.0,13.0,7.0,1,229,0,257
340,39,576.0,2971.0,10.0,8.0,1,238,0,255
340,42,748.0,2983.0,6.0,4.0,1,233,0,253
340,43,645.0,2970.0,8.0,9.0,1,227,0,252
340,47,705.0,2976.0,9.0,6.0,1,228,0,248
340,50,526.0,2964.0,8.0,10.0,1,228,0,245
340,51,805.0,2981.0,11.0,8.0,1,218,0,243
340,52,911.0,2961.0,10.0,6.0,1,216,0,243
340,54,691.0,2974.0,10.0,10.0,1,222,0,242
340,56,813.0,2990.0,9.0,8.0,1,210,0,237
340,57,800.0,2959.0,13.0,10.0,1,219,0,235
340,60,763.0,2978.0,9.0,6.0,1,208,0,232
340,63,870.0,2959.0,10.0,8.0,1,213,0,228
340,66,968.0,3035.0,13.0,8.0,0,185,20,221
340,68,855.0,2959.0,9.0,7.0,1,199,0,217
340,72,547.0,2973.0,12.0,10.0,1,188,0,211
340,76,452.0,2957.0,11.0,8.0,1,183,0,207
340,79,537.0,2967.0,11.0,10.0,1,176,0,201
340,81,727.0,2978.0,12.0,9.0,1,182,0,199
340,123,607.0,2965.0,13.0,11.0,1,96,0,108
340,138,786.0,2968.0,9.0,8.0,1,62,0,76
340,139,506.0,2965.0,12.0,13.0,1,66,0,76
340,155,663.0,2970.0,9.0,9.0,1,33,0,37
340,159,928.0,2948.0,13.0,10.0,1,19,0,21
341,3,1667.0,3146.0,16.0,7.0,1,305,0,338
341,31,471.0,2962.0,9.0,5.0,1,243,0,266
341,36,884.0,2959.0,12.0,8.0,1,230,0,258
341,39,571.0,2968.0,10.0,7.0,1,239,0,256
341,42,736.0,2973.0,10.0,7.0,1,234,0,254
341,43,630.0,2962.0,13.0,9.0,1,228,0,253
341,47,696.0,2973.0,10.0,8.0,1,229,0,249
341,50,512.0,2965.0,10.0,9.0,1,229,0,246
341,51,791.0,2973.0,12.0,11.0,1,219,0,244
341,52,905.0,2954.0,10.0,6.0,1,217,0,244
341,54,678.0,2973.0,9.0,5.0,1,223,0,243
341,56,811.0,2955.0,13.0,9.0,1,211,0,238
341,57,798.0,2956.0,13.0,10.0,1,220,0,236
341,60,763.0,2978.0,9.0,6.0,0,208,1,233
341,63,865.0,2959.0,10.0,9.0,1,214,0,229
341,66,968.0,3035.0,13.0,8.0,0,185,21,222
341,68,846.0,2957.0,9.0,7.0,1,200,0,218
341,72,545.0,2965.0,11.0,9.0,1,189,0,212
341,76,448.0,2958.0,12.0,10.0,1,184,0,208
341,79,528.0,2966.0,9.0,6.0,1,177,0,202
341,81,724.0,2974.0,13.0,10.0,1,183,0,200
341,123,601.0,2963.0,11.0,7.0,1,97,0,109
341,138,783.0,2973.0,11.0,9.0,1,63,0,77
341,139,506.0,2965.0,12.0,13.0,0,66,1,77
341,155,660.0,2970.0,5.0,6.0,1,34,0,38
341,159,928.0,2948.0,13.0,10.0,0,19,1,22
342,3,1674.0,3147.0,16.0,7.0,1,306,0,339
342,31,471.0,2962.0,9.0,5.0,0,243,1,267
342,36,884.0,2962.0,10.0,8.0,1,231,0,259
342,39,569.0,2968.0,12.0,8.0,1,240,0,257
342,42,731.0,2975.0,7.0,6.0,1,235,0,255
342,43,629.0,2966.0,8.0,10.0,1,229,0,254
342,47,696.0,2973.0,10.0,8.0,0,229,1,250
342,50,510.0,2964.0,8.0,12.0,1,230,0,247
342,51,793.0,2975.0,12.0,10.0,1,220,0,245
342,52,909.0,2955.0,9.0,6.0,1,218,0,245
342,54,672.0,2972.0,9.0,7.0,1,224,0,244
342,56,811.0,2958.0,15.0,13.0,1,212,0,239
342,57,789.0,2955.0,12.0,11.0,1,221,0,237
342,60,763.0,2978.0,9.0,6.0,0,208,2,234
342,63,865.0,2960.0,8.0,7.0,1,215,0,230
342,66,968.0,3035.0,13.0,8.0,0,185,22,223
342,68,845.0,2958.0,9.0,8.0,1,201,0,219
342,72,537.0,2972.0,10.0,7.0,1,190,0,213
342,76,441.0,2953.0,10.0,7.0,1,185,0,209
342,79,517.0,2971.0,9.0,10.0,1,178,0,203
342,81,715.0,2973.0,13.0,11.0,1,184,0,201
342,123,598.0,2971.0,8.0,9.0,1,98,0,110
342,138,777.0,2965.0,8.0,9.0,1,64,0,78
342,139,491.0,2960.0,10.0,9.0,1,67,0,78
342,155,658.0,2970.0,6.0,9.0,1,35,0,39
342,159,921.0,2957.0,9.0,9.0,1,20,0,23
343,3,1666.0,3142.0,15.0,7.0,1,307,0,340
343,31,466.0,2959.0,9.0,8.0,1,244,0,268
343,36,884.0,2962.0,10.0,8.0,0,231,1,260
343,39,560.0,2970.0,10.0,7.0,1,241,0,258
343,42,728.0,2969.0,7.0,9.0,1,236,0,256
343,43,622.0,2963.0,9.0,10.0,1,230,0,255
343,47,686.0,2972.0,9.0,8.0,1,230,0,251
343,50,507.0,2963.0,6.0,11.0,1,231,0,248
343,51,785.0,2978.0,11.0,11.0,1,221,0,246
343,52,895.0,2958.0,11.0,6.0,1,219,0,246
343,54,672.0,2972.0,9.0,7.0,0,224,1,245
343,56,807.0,2958.0,15.0,9.0,1,213,0,240
343,57,787.0,2960.0,13.0,10.0,1,222,0,238
343,60,741.0,2980.0,6.0,7.0,1,209,0,235
343,63,852.0,2956.0,11.0,9.0,1,216,0,231
343,66,968.0,3035.0,13.0,8.0,0,185,23,224
343,68,838.0,2953.0,11.0,10.0,1,202,0,220
343,72,532.0,2966.0,10.0,11.0,1,191,0,214
343,76,438.0,2951.0,8.0,10.0,1,186,0,210
343,79,520.0,2972.0,7.0,6.0,1,179,0,204
343,81,710.0,2971.0,13.0,11.0,1,185,0,202
343,123,592.0,2967.0,10.0,5.0,1,99,0,111
343,138,770.0,2972.0,11.0,7.0,1,65,0,79
343,139,488.0,2967.0,11.0,12.0,1,68,0,79
343,155,648.0,2972.0,9.0,5.0,1,36,0,40
343,159,921.0,2957.0,9.0,9.0,0,20,1,24
344,3,1663.0,3142.0,16.0,7.0,1,308,0,341
344,31,454.0,2956.0,9.0,7.0,1,245,0,269
344,36,875.0,2961.0,10.0,5.0,1,232,0,261
344,39,557.0,2967.0,10.0,9.0,1,242,0,259
344,42,728.0,2972.0,5.0,7.0,1,237,0,257
344,43,623.0,2970.0,6.0,8.0,1,231,0,256
344,47,681.0,2972.0,7.0,7.0,1,231,0,252
344,50,499.0,2956.0,8.0,11.0,1,232,0,249
344,51,787.0,2983.0,9.0,10.0,1,222,0,247
344,52,891.0,2952.0,10.0,7.0,1,220,0,247
344,54,659.0,2968.0,8.0,8.0,1,225,0,246
344,56,800.0,2948.0,16.0,12.0,1,214,0,241
344,57,784.0,2961.0,11.0,9.0,1,223,0,239
344,60,741.0,2980.0,6.0,7.0,0,209,1,236
344,63,851.0,2957.0,9.0,6.0,1,217,0,232
344,66,968.0,3035.0,13.0,8.0,0,185,24,225
344,68,834.0,2956.0,11.0,8.0,1,203,0,221
344,72,528.0,2975.0,7.0,8.0,1,192,0,215
344,76,426.0,2956.0,8.0,7.0,1,187,0,211
344,79,514.0,2970.0,9.0,6.0,1,180,0,205
344,81,702.0,2973.0,11.0,10.0,1,186,0,203
344,123,585.0,2963.0,10.0,11.0,1,100,0,112
344,138,770.0,2972.0,11.0,7.0,0,65,1,80
344,139,481.0,2968.0,10.0,12.0,1,69,0,80
344,155,641.0,2967.0,9.0,9.0,1,37,0,41
344,159,915.0,2952.0,7.0,9.0,1,21,0,25
345,3,1664.0,3146.0,17.0,8.0,1,309,0,342
345,31,447.0,2960.0,10.0,10.0,1,246,0,270
345,36,875.0,2960.0,11.0,6.0,1,233,0,262
345,39,547.0,2973.0,9.0,7.0,1,243,0,260
345,42,716.0,2973.0,9.0,9.0,1,238,0,258
345,43,610.0,2967.0,8.0,11.0,1,232,0,257
345,47,677.0,2968.0,8.0,10.0,1,232,0,253
345,50,499.0,2956.0,8.0,11.0,0,232,1,250
345,51,787.0,2983.0,9.0,10.0,0,222,1,248
345,52,894.0,2958.0,8.0,6.0,1,221,0,248
345,54,659.0,2969.0,7.0,9.0,1,226,0,247
345,56,800.0,2948.0,16.0,12.0,0,214,1,242
345,57,776.0,2968.0,10.0,10.0,1,224,0,240
345,60,730.0,2969.0,11.0,11.0,1,210,0,237
345,63,847.0,2954.0,8.0,11.0,1,218,0,233
345,66,968.0,3035.0,13.0,8.0,0,185,25,226
345,68,822.0,2954.0,10.0,11.0,1,204,0,222
345,72,522.0,2971.0,11.0,12.0,1,193,0,216
345,76,424.0,2958.0,11.0,10.0,1,188,0,212
345,79,499.0,2970.0,6.0,7.0,1,181,0,206
345,81,700.0,2975.0,14.0,10.0,1,187,0,204
345,123,585.0,2963.0,10.0,11.0,0,100,1,113
345,138,764.0,2971.0,10.0,9.0,1,66,0,81
345,139,480.0,2963.0,8.0,12.0,1,70,0,81
345,155,641.0,2967.0,9.0,9.0,0,37,1,42
345,159,915.0,2952.0,7.0,9.0,0,21,1,26
346,3,1669.0,3141.0,14.0,7.0,1,310,0,343
346,31,442.0,2963.0,9.0,8.0,1,247,0,271
346,36,864.0,2951.0,11.0,8.0,1,234,0,263
346,39,536.0,2966.0,13.0,7.0,1,244,0,261
346,42,711.0,2982.0,5.0,9.0,1,239,0,259
346,43,608.0,2969.0,9.0,8.0,1,233,0,258
346,47,667.0,2975.0,10.0,9.0,1,233,0,254
346,50,489.0,2966.0,10.0,10.0,1,233,0,251
346,51,787.0,2983.0,9.0,10.0,0,222,2,249
346,52,881.0,2957.0,12.0,7.0,1,222,0,249
346,54,649.0,2965.0,7.0,7.0,1,227,0,248
346,56,800.0,2948.0,16.0,12.0,0,214,2,243
346,57,776.0,2956.0,13.0,11.0,1,225,0,241
346,60,719.0,2974.0,11.0,7.0,1,211,0,238
346,63,841.0,2953.0,10.0,9.0,1,219,0,234
346,66,968.0,3035.0,13.0,8.0,0,185,26,227
346,68,822.0,2954.0,10.0,6.0,1,205,0,223
346,72,517.0,2964.0,12.0,11.0,1,194,0,217
346,76,421.0,2961.0,10.0,8.0,1,189,0,213
346,79,500.0,2964.0,6.0,5.0,1,182,0,207
346,81,689.0,2965.0,11.0,9.0,1,188,0,205
346,123,573.0,2969.0,7.0,6.0,1,101,0,114
346,138,751.0,2961.0,9.0,7.0,1,67,0,82
346,139,468.0,2961.0,11.0,10.0,1,71,0,82
346,155,624.0,2973.0,10.0,8.0,1,38,0,43
346,159,897.0,2953.0,9.0,10.0,1,22,0,27
347,3,1665.0,3146.0,15.0,8.0,1,311,0,344
347,31,441.0,2961.0,7.0,7.0,1,248,0,272
347,36,861.0,2959.0,5.0,6.0,1,235,0,264
347,39,535.0,2970.0,7.0,8.0,1,245,0,262
347,42,702.0,2971.0,10.0,10.0,1,240,0,260
347,43,600.0,2961.0,10.0,10.0,1,234,0,259
347,47,667.0,2975.0,10.0,9.0,0,233,1,255
347,50,484.0,2969.0,7.0,6.0,1,234,0,252
347,51,768.0,2979.0,10.0,10.0,1,223,0,250
347,52,876.0,2960.0,8.0,7.0,1,223,0,250
347,54,649.0,2970.0,10.0,10.0,1,228,0,249
347,56,784.0,2957.0,12.0,10.0,1,215,0,244
347,57,777.0,2962.0,12.0,10.0,1,226,0,242
347,60,719.0,2973.0,12.0,8.0,1,212,0,239
347,63,834.0,2953.0,11.0,8.0,1,220,0,235
347,66,968.0,3035.0,13.0,8.0,0,185,27,228
347,68,819.0,2955.0,10.0,11.0,1,206,0,224
347,72,509.0,2969.0,9.0,13.0,1,195,0,218
347,76,422.0,2957.0,8.0,10.0,1,190,0,214
347,79,492.0,2963.0,9.0,9.0,1,183,0,208
347,81,680.0,2967.0,12.0,11.0,1,189,0,206
347,123,569.0,2964.0,9.0,8.0,1,102,0,115
347,138,750.0,2969.0,8.0,11.0,1,68,0,83
347,139,471.0,2962.0,12.0,11.0,1,72,0,83
347,155,622.0,2967.0,9.0,9.0,1,39,0,44
347,159,899.0,2955.0,10.0,8.0,1,23,0,28
348,3,1663.0,3141.0,14.0,7.0,1,312,0,345
348,31,440.0,2964.0,8.0,6.0,1,249,0,273
348,36,856.0,2954.0,10.0,10.0,1,236,0,265
348,39,530.0,2966.0,10.0,9.0,1,246,0,263
348,42,697.0,2974.0,7.0,11.0,1,241,0,261
348,43,600.0,2961.0,10.0,10.0,0,234,1,260
348,47,660.0,2974.0,5.0,5.0,1,234,0,256
348,50,475.0,2968.0,8.0,6.0,1,235,0,253
348,51,764.0,2973.0,7.0,11.0,1,224,0,251
348,52,878.0,2957.0,10.0,7.0,1,224,0,251
348,54,641.0,2969.0,9.0,8.0,1,229,0,250
348,56,783.0,2949.0,13.0,11.0,1,216,0,245
348,57,770.0,2961.0,12.0,10.0,1,227,0,243
348,60,711.0,2973.0,12.0,10.0,1,213,0,240
348,63,837.0,2957.0,7.0,8.0,1,221,0,236
348,66,968.0,3035.0,13.0,8.0,0,185,28,229
348,68,817.0,2955.0,9.0,6.0,1,207,0,225
348,72,513.0,2971.0,7.0,6.0,1,196,0,219
348,76,406.0,2968.0,10.0,5.0,1,191,0,215
348,79,489.0,2968.0,8.0,5.0,1,184,0,209
348,81,679.0,2969.0,10.0,7.0,1,190,0,207
348,123,565.0,2967.0,9.0,9.0,1,103,0,116
348,138,750.0,2969.0,8.0,11.0,0,68,1,84
348,139,464.0,2960.0,7.0,11.0,1,73,0,84
348,155,615.0,2971.0,10.0,8.0,1,40,0,45
348,159,894.0,2957.0,11.0,6.0,1,24,0,29
349,3,1663.0,3141.0,14.0,7.0,0,312,1,346
349,31,440.0,2964.0,8.0,6.0,0,249,1,274
349,36,841.0,2958.0,11.0,6.0,1,237,0,266
349,39,524.0,2962.0,14.0,10.0,1,247,0,264
349,42,688.0,2982.0,9.0,9.0,1,242,0,262
349,43,587.0,2962.0,12.0,8.0,1,235,0,261
349,47,646.0,2969.0,9.0,9.0,1,235,0,257
349,50,473.0,2966.0,11.0,7.0,1,236,0,254
349,51,757.0,2965.0,14.0,9.0,1,225,0,252
349,52,874.0,2959.0,9.0,6.0,1,225,0,252
349,54,641.0,2969.0,9.0,8.0,0,229,1,251
349,56,781.0,2953.0,11.0,9.0,1,217,0,246
349,57,770.0,2961.0,12.0,10.0,0,227,1,244
349,60,711.0,2973.0,12.0,11.0,1,214,0,241
349,63,826.0,2954.0,12.0,10.0,1,222,0,237
349,66,968.0,3035.0,13.0,8.0,0,185,29,230
349,68,806.0,2958.0,11.0,8.0,1,208,0,226
349,72,513.0,2971.0,7.0,6.0,0,196,1,220
349,76,407.0,2960.0,7.0,8.0,1,192,0,216
349,79,481.0,2967.0,5.0,6.0,1,185,0,210
349,81,679.0,2969.0,10.0,7.0,0,190,1,208
349,123,558.0,2962.0,7.0,8.0,1,104,0,117
349,138,742.0,2971.0,6.0,5.0,1,69,0,85
349,139,457.0,2959.0,9.0,9.0,1,74,0,85
349,155,618.0,2964.0,6.0,6.0,1,41,0,46
349,159,882.0,2953.0,10.0,6.0,1,25,0,30
350,3,1663.0,3141.0,17.0,10.0,1,313,0,347
350,31,429.0,2961.0,10.0,7.0,1,250,0,275
350,36,847.0,2954.0,10.0,9.0,1,238,0,267
350,39,516.0,2966.0,11.0,8.0,1,248,0,265
350,42,684.0,2968.0,11.0,10.0,1,243,0,263
350,43,579.0,2963.0,9.0,9.0,1,236,0,262
350,47,648.0,2972.0,6.0,9.0,1,236,0,258
350,50,473.0,2966.0,11.0,7.0,0,236,1,255
350,51,750.0,2978.0,11.0,6.0,1,226,0,253
350,52,874.0,2959.0,9.0,6.0,0,225,1,253
350,54,624.0,2972.0,9.0,6.0,1,230,0,252
350,56,776.0,2953.0,10.0,9.0,1,218,0,247
350,57,761.0,2955.0,11.0,9.0,1,228,0,245
350,60,711.0,2973.0,12.0,11.0,0,214,1,242
350,63,825.0,2952.0,11.0,10.0,1,223,0,238
350,68,802.0,2955.0,10.0,8.0,1,209,0,227
350,72,494.0,2964.0,10.0,12.0,1,197,0,221
350,76,406.0,2958.0,10.0,7.0,1,193,0,217
350,79,473.0,2970.0,13.0,6.0,1,186,0,211
350,81,669.0,2963.0,9.0,9.0,1,191,0,209
350,123,553.0,2962.0,10.0,9.0,1,105,0,118
350,138,736.0,2968.0,10.0,9.0,1,70,0,86
350,139,452.0,2965.0,10.0,10.0,1,75,0,86
350,155,610.0,2971.0,9.0,7.0,1,42,0,47
350,159,886.0,2952.0,11.0,8.0,1,26,0,31
351,3,1668.0,3141.0,15.0,10.0,1,314,0,348
351,31,429.0,2961.0,10.0,7.0,0,250,1,276
351,36,836.0,2957.0,10.0,8.0,1,239,0,268
351,39,515.0,2964.0,12.0,11.0,1,249,0,266
351,42,684.0,2968.0,11.0,10.0,0,243,1,264
351,43,575.0,2968.0,11.0,10.0,1,237,0,263
351,47,631.0,2970.0,8.0,7.0,1,237,0,259
351,50,462.0,2970.0,11.0,7.0,1,237,0,256
351,51,747.0,2979.0,9.0,5.0,1,227,0,254
351,52,854.0,2955.0,10.0,6.0,1,226,0,254
351,54,624.0,2972.0,9.0,6.0,0,230,1,253
351,56,769.0,2948.0,14.0,12.0,1,219,0,248
351,57,757.0,2955.0,12.0,8.0,1,229,0,246
351,60,699.0,2970.0,11.0,9.0,1,215,0,243
351,63,825.0,2952.0,11.0,10.0,0,223,1,239
351,68,803.0,2950.0,10.0,12.0,1,210,0,228
351,72,490.0,2960.0,12.0,13.0,1,198,0,222
351,76,402.0,2947.0,14.0,8.0,1,194,0,218
351,79,473.0,2970.0,13.0,6.0,0,186,1,212
351,81,669.0,2963.0,9.0,9.0,0,191,1,210
351,123,539.0,2962.0,9.0,11.0,1,106,0,119
351,138,736.0,2968.0,10.0,9.0,0,70,1,87
351,139,451.0,2959.0,9.0,12.0,1,76,0,87
351,155,597.0,2966.0,6.0,6.0,1,43,0,48
351,159,882.0,2953.0,11.0,5.0,1,27,0,32
352,3,1674.0,3136.0,17.0,6.0,1,315,0,349
352,31,413.0,2959.0,9.0,8.0,1,251,0,277
352,36,841.0,2954.0,12.0,8.0,1,240,0,269
352,39,506.0,2966.0,12.0,10.0,1,250,0,267
352,42,672.0,2972.0,8.0,12.0,1,244,0,265
352,43,574.0,2966.0,8.0,8.0,1,238,0,264
352,47,633.0,2966.0,5.0,8.0,1,238,0,260
352,50,455.0,2963.0,9.0,6.0,1,238,0,257
352,51,740.0,2982.0,10.0,8.0,1,228,0,255
352,52,858.0,2957.0,11.0,8.0,1,227,0,255
352,54,614.0,2968.0,9.0,6.0,1,231,0,254
352,56,761.0,2954.0,11.0,10.0,1,220,0,249
352,57,757.0,2956.0,12.0,13.0,1,230,0,247
352,60,690.0,2969.0,14.0,10.0,1,216,0,244
352,63,816.0,2960.0,11.0,9.0,1,224,0,240
352,68,789.0,2949.0,10.0,10.0,1,211,0,229
352,72,483.0,2967.0,8.0,10.0,1,199,0,223
352,76,384.0,2955.0,14.0,6.0,1,195,0,219
352,79,464.0,2965.0,6.0,8.0,1,187,0,213
352,81,652.0,2975.0,13.0,11.0,1,192,0,211
352,123,542.0,2964.0,7.0,8.0,1,107,0,120
352,138,725.0,2966.0,8.0,8.0,1,71,0,88
352,139,435.0,2959.0,7.0,11.0,1,77,0,88
352,155,588.0,2963.0,14.0,7.0,1,44,0,49
352,159,877.0,2951.0,7.0,8.0,1,28,0,33
353,3,1674.0,3134.0,17.0,12.0,1,316,0,350
353,31,407.0,2958.0,11.0,8.0,1,252,0,278
353,36,841.0,2954.0,12.0,8.0,0,240,1,270
353,39,504.0,2958.0,12.0,11.0,1,251,0,268
353,42,668.0,2968.0,9.0,11.0,1,245,0,266
353,43,564.0,2971.0,9.0,9.0,1,239,0,265
353,47,628.0,2965.0,9.0,10.0,1,239,0,261
353,50,455.0,2963.0,9.0,6.0,0,238,1,258
353,51,740.0,2982.0,10.0,8.0,0,228,1,256
353,52,851.0,2958.0,11.0,7.0,1,228,0,256
353,54,614.0,2968.0,9.0,6.0,0,231,1,255
353,56,765.0,2951.0,11.0,11.0,1,221,0,250
353,57,750.0,2958.0,12.0,8.0,1,231,0,248
353,60,682.0,2958.0,12.0,9.0,1,217,0,245
353,63,807.0,2957.0,12.0,7.0,1,225,0,241
353,68,789.0,2957.0,10.0,9.0,1,212,0,230
353,72,487.0,2968.0,8.0,11.0,1,200,0,224
353,76,385.0,2947.0,11.0,9.0,1,196,0,220
353,79,467.0,2965.0,9.0,7.0,1,188,0,214
353,81,650.0,2967.0,12.0,8.0,1,193,0,212
353,123,536.0,2965.0,9.0,11.0,1,108,0,121
353,138,718.0,2966.0,10.0,9.0,1,72,0,89
353,139,433.0,2955.0,7.0,9.0,1,78,0,89
353,155,586.0,2969.0,12.0,8.0,1,45,0,50
353,159,874.0,2958.0,7.0,7.0,1,29,0,34
354,3,1673.0,3138.0,13.0,11.0,1,317,0,351
354,31,401.0,2954.0,10.0,10.0,1,253,0,279
354,36,825.0,2955.0,11.0,9.0,1,241,0,271
354,39,498.0,2963.0,8.0,6.0,1,252,0,269
354,42,660.0,2964.0,10.0,9.0,1,246,0,267
354,43,564.0,2971.0,9.0,9.0,0,239,1,266
354,47,618.0,2972.0,11.0,8.0,1,240,0,262
354,50,446.0,2959.0,12.0,5.0,1,239,0,259
354,51,740.0,2982.0,10.0,8.0,0,228,2,257
354,52,845.0,2950.0,13.0,9.0,1,229,0,257
354,54,606.0,2971.0,9.0,7.0,1,232,0,256
354,56,755.0,2951.0,13.0,10.0,1,222,0,251
354,57,750.0,2954.0,12.0,9.0,1,232,0,249
354,60,681.0,2972.0,10.0,9.0,1,218,0,246
354,63,807.0,2954.0,10.0,8.0,1,226,0,242
354,68,784.0,2952.0,9.0,10.0,1,213,0,231
354,72,487.0,2968.0,8.0,11.0,0,200,1,225
354,76,378.0,2955.0,11.0,6.0,1,197,0,221
354,79,456.0,2955.0,6.0,8.0,1,189,0,215
354,81,645.0,2967.0,12.0,11.0,1,194,0,213
354,123,532.0,2963.0,10.0,9.0,1,109,0,122
354,138,712.0,2968.0,10.0,5.0,1,73,0,90
354,139,433.0,2955.0,7.0,9.0,0,78,1,90
354,155,581.0,2965.0,11.0,7.0,1,46,0,51
354,159,864.0,2959.0,11.0,8.0,1,30,0,35
355,3,1675.0,3134.0,13.0,10.0,1,318,0,352
355,31,401.0,2954.0,10.0,10.0,0,253,1,280
355,36,822.0,2956.0,10.0,7.0,1,242,0,272
355,39,498.0,2963.0,8.0,6.0,0,252,1,270
355,42,657.0,2967.0,10.0,6.0,1,247,0,268
355,43,564.0,2971.0,9.0,9.0,0,239,2,267
355,47,616.0,2971.0,8.0,6.0,1,241,0,263
355,50,446.0,2959.0,12.0,5.0,0,239,1,260
355,51,740.0,2982.0,10.0,8.0,0,228,3,258
355,52,842.0,2950.0,10.0,7.0,1,230,0,258
355,54,598.0,2969.0,9.0,7.0,1,233,0,257
355,56,746.0,2946.0,10.0,9.0,1,223,0,252
355,57,750.0,2954.0,12.0,9.0,0,232,1,250
355,60,675.0,2967.0,12.0,11.0,1,219,0,247
355,63,797.0,2951.0,11.0,8.0,1,227,0,243
355,68,784.0,2948.0,10.0,6.0,1,214,0,232
355,72,467.0,2960.0,9.0,11.0,1,201,0,226
355,76,378.0,2955.0,11.0,6.0,0,197,1,222
355,79,457.0,2970.0,9.0,6.0,1,190,0,216
355,81,642.0,2968.0,10.0,10.0,1,195,0,214
355,123,525.0,2959.0,10.0,11.0,1,110,0,123
355,138,705.0,2965.0,8.0,10.0,1,74,0,91
355,139,426.0,2958.0,13.0,11.0,1,79,0,91
355,155,583.0,2971.0,6.0,6.0,1,47,0,52
355,159,863.0,2955.0,11.0,7.0,1,31,0,36
356,3,1679.0,3131.0,13.0,10.0,1,319,0,353
356,31,391.0,2952.0,8.0,7.0,1,254,0,281
356,36,817.0,2953.0,11.0,8.0,1,243,0,273
356,39,485.0,2964.0,12.0,10.0,1,253,0,271
356,42,643.0,2970.0,12.0,12.0,1,248,0,269
356,43,549.0,2966.0,9.0,8.0,1,240,0,268
356,47,605.0,2966.0,9.0,9.0,1,242,0,264
356,50,442.0,2959.0,10.0,9.0,1,240,0,261
356,51,722.0,2966.0,13.0,9.0,1,229,0,259
356,52,839.0,2956.0,11.0,7.0,1,231,0,259
356,54,594.0,2966.0,7.0,5.0,1,234,0,258
356,56,747.0,2951.0,9.0,7.0,1,224,0,253
356,57,740.0,2953.0,12.0,8.0,1,233,0,251
356,60,666.0,2965.0,11.0,9.0,1,220,0,248
356,63,802.0,2957.0,12.0,10.0,1,228,0,244
356,68,775.0,2958.0,14.0,9.0,1,215,0,233
356,72,465.0,2962.0,10.0,10.0,1,202,0,227
356,76,369.0,2956.0,10.0,8.0,1,198,0,223
356,79,440.0,2970.0,9.0,4.0,1,191,0,217
356,81,629.0,2970.0,12.0,9.0,1,196,0,215
356,123,512.0,2956.0,10.0,9.0,1,111,0,124
356,138,705.0,2965.0,8.0,10.0,0,74,1,92
356,139,421.0,2956.0,8.0,9.0,1,80,0,92
356,155,576.0,2965.0,9.0,7.0,1,48,0,53
356,159,864.0,2949.0,8.0,9.0,1,32,0,37
357,3,1673.0,3134.0,16.0,12.0,1,320,0,354
357,31,391.0,2952.0,8.0,7.0,0,254,1,282
357,36,817.0,2953.0,11.0,8.0,0,243,1,274
357,39,478.0,2968.0,9.0,9.0,1,254,0,272
357,42,641.0,2974.0,11.0,7.0,1,249,0,270
357,43,541.0,2960.0,9.0,7.0,1,241,0,269
357,47,603.0,2967.0,11.0,7.0,1,243,0,265
357,50,447.0,2956.0,11.0,7.0,1,241,0,262
357,51,717.0,2972.0,7.0,9.0,1,230,0,260
357,52,837.0,2957.0,9.0,7.0,1,232,0,260
357,54,586.0,2964.0,9.0,9.0,1,235,0,259
357,56,746.0,2953.0,10.0,12.0,1,225,0,254
357,57,734.0,2957.0,13.0,7.0,1,234,0,252
357,60,662.0,2969.0,12.0,9.0,1,221,0,249
357,63,790.0,2954.0,12.0,8.0,1,229,0,245
357,68,778.0,2956.0,11.0,7.0,1,216,0,234
357,72,464.0,2966.0,11.0,9.0,1,203,0,228
357,76,366.0,2953.0,14.0,11.0,1,199,0,224
357,79,430.0,2964.0,9.0,11.0,1,192,0,218
357,81,623.0,2971.0,8.0,7.0,1,197,0,216
357,123,515.0,2962.0,9.0,12.0,1,112,0,125
357,138,704.0,2964.0,13.0,10.0,1,75,0,93
357,139,421.0,2956.0,8.0,9.0,0,80,1,93
357,155,569.0,2974.0,8.0,6.0,1,49,0,54
357,159,854.0,2954.0,13.0,6.0,1,33,0,38
358,3,1673.0,3134.0,16.0,12.0,0,320,1,355
358,31,382.0,2953.0,10.0,8.0,1,255,0,283
358,36,809.0,2956.0,11.0,9.0,1,244,0,275
358,39,472.0,2961.0,9.0,9.0,1,255,0,273
358,42,645.0,2971.0,6.0,6.0,1,250,0,271
358,43,537.0,2957.0,9.0,8.0,1,242,0,270
358,47,599.0,2968.0,9.0,9.0,1,244,0,266
358,50,441.0,2960.0,11.0,7.0,1,242,0,263
358,51,712.0,2974.0,8.0,8.0,1,231,0,261
358,52,833.0,2959.0,12.0,8.0,1,233,0,261
358,54,585.0,2969.0,9.0,9.0,1,236,0,260
358,56,739.0,2950.0,11.0,10.0,1,226,0,255
358,57,734.0,2961.0,11.0,8.0,1,235,0,253
358,60,656.0,2970.0,11.0,9.0,1,222,0,250
358,63,786.0,2954.0,13.0,10.0,1,230,0,246
358,68,773.0,2945.0,11.0,9.0,1,217,0,235
358,72,461.0,2958.0,10.0,11.0,1,204,0,229
358,76,359.0,2950.0,12.0,8.0,1,200,0,225
358,79,430.0,2964.0,9.0,11.0,0,192,1,219
358,81,623.0,2971.0,8.0,7.0,0,197,1,217
358,123,505.0,2958.0,11.0,7.0,1,113,0,126
358,138,696.0,2962.0,12.0,8.0,1,76,0,94
358,139,410.0,2959.0,12.0,9.0,1,81,0,94
358,155,559.0,2969.0,10.0,6.0,1,50,0,55
358,159,858.0,2959.0,10.0,8.0,1,34,0,39
359,3,1679.0,3138.0,15.0,9.0,1,321,0,356
359,31,382.0,2954.0,8.0,6.0,1,256,0,284
359,36,808.0,2960.0,9.0,6.0,1,245,0,276
359,39,469.0,2955.0,15.0,12.0,1,256,0,274
359,42,639.0,2962.0,5.0,8.0,1,251,0,272
359,43,532.0,2964.0,9.0,9.0,1,243,0,271
359,47,598.0,2969.0,5.0,8.0,1,245,0,267
359,50,441.0,2960.0,11.0,7.0,0,242,1,264
359,51,706.0,2977.0,9.0,9.0,1,232,0,262
359,52,830.0,2954.0,12.0,7.0,1,234,0,262
359,54,585.0,2969.0,9.0,9.0,0,236,1,261
359,56,739.0,2954.0,9.0,8.0,1,227,0,256
359,57,726.0,2950.0,9.0,7.0,1,236,0,254
359,60,656.0,2970.0,11.0,9.0,0,222,1,251
359,63,793.0,2952.0,9.0,5.0,1,231,0,247
359,68,766.0,2957.0,10.0,8.0,1,218,0,236
359,72,461.0,2958.0,10.0,11.0,0,204,1,230
359,76,355.0,2948.0,8.0,10.0,1,201,0,226
359,79,415.0,2960.0,10.0,10.0,1,193,0,220
359,81,615.0,2973.0,11.0,9.0,1,198,0,218
359,123,501.0,2957.0,11.0,10.0,1,114,0,127
359,138,691.0,2961.0,11.0,9.0,1,77,0,95
359,139,401.0,2958.0,11.0,10.0,1,82,0,95
359,155,555.0,2965.0,8.0,9.0,1,51,0,56
359,159,840.0,2962.0,11.0,9.0,1,35,0,40
360,3,1683.0,3128.0,17.0,10.0,1,322,0,357
360,31,370.0,2953.0,13.0,8.0,1,257,0,285
360,36,802.0,2954.0,11.0,9.0,1,246,0,277
360,39,467.0,2962.0,13.0,10.0,1,257,0,275
360,42,628.0,2970.0,7.0,7.0,1,252,0,273
360,43,532.0,2964.0,9.0,9.0,0,243,1,272
360,47,586.0,2959.0,9.0,10.0,1,246,0,268
360,50,433.0,2969.0,10.0,6.0,1,243,0,265
360,51,702.0,2972.0,12.0,9.0,1,233,0,263
360,52,815.0,2958.0,11.0,7.0,1,235,0,263
360,54,566.0,2956.0,10.0,11.0,1,237,0,262
360,56,734.0,2946.0,9.0,9.0,1,228,0,257
360,57,718.0,2956.0,7.0,6.0,1,237,0,255
360,60,656.0,2970.0,11.0,9.0,0,222,2,252
360,63,786.0,2952.0,10.0,9.0,1,232,0,248
360,68,760.0,2952.0,11.0,8.0,1,219,0,237
360,72,448.0,2963.0,8.0,6.0,1,205,0,231
360,76,346.0,2961.0,10.0,8.0,1,202,0,227
360,79,412.0,2965.0,10.0,9.0,1,194,0,221
360,81,611.0,2970.0,13.0,8.0,1,199,0,219
360,123,498.0,2959.0,10.0,10.0,1,115,0,128
360,138,689.0,2961.0,11.0,7.0,1,78,0,96
360,139,400.0,2955.0,12.0,11.0,1,83,0,96
360,155,548.0,2963.0,9.0,8.0,1,52,0,57
360,159,840.0,2962.0,11.0,9.0,0,35,1,41
361,3,1687.0,3127.0,13.0,10.0,1,323,0,358
361,31,363.0,2958.0,12.0,7.0,1,258,0,286
361,36,801.0,2954.0,10.0,7.0,1,247,0,278
361,39,467.0,2962.0,13.0,10.0,0,257,1,276
361,42,627.0,2969.0,6.0,7.0,1,253,0,274
361,43,518.0,2965.0,13.0,7.0,1,244,0,273
361,47,586.0,2959.0,9.0,10.0,0,246,1,269
361,50,428.0,2959.0,9.0,9.0,1,244,0,266
361,51,691.0,2973.0,14.0,6.0,1,234,0,264
361,52,812.0,2957.0,11.0,6.0,1,236,0,264
361,54,570.0,2959.0,9.0,8.0,1,238,0,263
361,56,724.0,2949.0,12.0,9.0,1,229,0,258
361,57,725.0,2961.0,8.0,4.0,1,238,0,256
361,60,642.0,2971.0,10.0,7.0,1,223,0,253
361,63,817.0,3159.0,10.0,8.0,1,233,0,249
361,68,755.0,2950.0,11.0,10.0,1,220,0,238
361,72,442.0,2960.0,9.0,7.0,1,206,0,232
361,76,345.0,2949.0,10.0,8.0,1,203,0,228
361,79,409.0,2963.0,11.0,8.0,1,195,0,222
361,81,603.0,2962.0,14.0,8.0,1,200,0,220
361,123,498.0,2959.0,10.0,10.0,0,115,1,129
361,138,686.0,2961.0,7.0,9.0,1,79,0,97
361,139,400.0,2955.0,12.0,11.0,0,83,1,97
361,155,548.0,2963.0,9.0,8.0,0,52,1,58
361,159,837.0,2957.0,10.0,6.0,1,36,0,42
362,3,1684.0,3118.0,18.0,11.0,1,324,0,359
362,31,357.0,2960.0,11.0,8.0,1,259,0,287
362,36,792.0,2954.0,11.0,10.0,1,248,0,279
362,39,454.0,2957.0,12.0,10.0,1,258,0,277
362,42,625.0,2966.0,10.0,9.0,1,254,0,275
362,43,512.0,2957.0,10.0,10.0,1,245,0,274
362,47,577.0,2962.0,10.0,9.0,1,247,0,270
362,50,425.0,2957.0,8.0,8.0,1,245,0,267
362,51,693.0,2973.0,13.0,8.0,1,235,0,265
362,52,812.0,2954.0,12.0,7.0,1,237,0,265
362,54,561.0,2962.0,9.0,8.0,1,239,0,264
362,56,726.0,2949.0,11.0,6.0,1,230,0,259
362,57,725.0,2956.0,5.0,4.0,1,239,0,257
362,60,633.0,2965.0,17.0,12.0,1,224,0,254
362,63,771.0,2949.0,11.0,10.0,1,234,0,250
362,68,760.0,2950.0,5.0,5.0,1,221,0,239
362,72,427.0,2957.0,11.0,11.0,1,207,0,233
362,76,339.0,2953.0,10.0,10.0,1,204,0,229
362,79,406.0,2956.0,10.0,10.0,1,196,0,223
362,81,591.0,2960.0,12.0,10.0,1,201,0,221
362,123,486.0,2964.0,10.0,8.0,1,116,0,130
362,138,683.0,2963.0,8.0,6.0,1,80,0,98
362,139,392.0,2959.0,11.0,10.0,1,84,0,98
362,155,541.0,2967.0,9.0,7.0,1,53,0,59
362,159,836.0,2960.0,11.0,7.0,1,37,0,43
363,3,1680.0,3126.0,17.0,12.0,1,325,0,360
363,31,354.0,2952.0,12.0,8.0,1,260,0,288
363,36,789.0,2950.0,10.0,7.0,1,249,0,280
363,39,451.0,2971.0,12.0,6.0,1,259,0,278
363,42,611.0,2969.0,9.0,9.0,1,255,0,276
363,43,510.0,2965.0,11.0,6.0,1,246,0,275
363,47,572.0,2958.0,5.0,9.0,1,248,0,271
363,50,438.0,2961.0,6.0,7.0,1,246,0,268
363,51,686.0,2969.0,13.0,12.0,1,236,0,266
363,52,807.0,2953.0,12.0,9.0,1,238,0,266
363,54,555.0,2958.0,8.0,6.0,1,240,0,265
363,56,714.0,2948.0,10.0,7.0,1,231,0,260
363,57,717.0,2952.0,8.0,6.0,1,240,0,258
363,60,634.0,2969.0,10.0,10.0,1,225,0,255
363,63,768.0,2953.0,10.0,9.0,1,235,0,251
363,68,748.0,2953.0,10.0,11.0,1,222,0,240
363,72,422.0,2959.0,13.0,9.0,1,208,0,234
363,76,339.0,2953.0,10.0,10.0,0,204,1,230
363,79,406.0,2956.0,10.0,10.0,0,196,1,224
363,81,598.0,2966.0,10.0,10.0,1,202,0,222
363,123,477.0,2952.0,11.0,8.0,1,117,0,131
363,138,668.0,2955.0,8.0,11.0,1,81,0,99
363,139,389.0,2957.0,10.0,11.0,1,85,0,99
363,155,540.0,2962.0,8.0,6.0,1,54,0,60
363,159,828.0,2954.0,10.0,6.0,1,38,0,44
364,3,1685.0,3115.0,13.0,10.0,1,326,0,361
364,31,352.0,2949.0,10.0,8.0,1,261,0,289
364,36,784.0,2947.0,10.0,10.0,1,250,0,281
364,39,440.0,2957.0,14.0,8.0,1,260,0,279
364,42,610.0,2963.0,11.0,10.0,1,256,0,277
364,43,503.0,2964.0,12.0,9.0,1,247,0,276
364,47,563.0,2963.0,8.0,8.0,1,249,0,272
364,50,429.0,2960.0,11.0,7.0,1,247,0,269
364,51,683.0,2974.0,7.0,6.0,1,237,0,267
364,52,801.0,2963.0,11.0,9.0,1,239,0,267
364,54,550.0,2963.0,8.0,8.0,1,241,0,266
364,56,712.0,2947.0,12.0,5.0,1,232,0,261
364,57,712.0,2954.0,11.0,5.0,1,241,0,259
364,60,622.0,2966.0,11.0,12.0,1,226,0,256
364,63,758.0,2953.0,11.0,7.0,1,236,0,252
364,68,747.0,2946.0,8.0,6.0,1,223,0,241
364,72,411.0,2959.0,12.0,9.0,1,209,0,235
364,76,330.0,2951.0,10.0,10.0,1,205,0,231
364,79,395.0,2962.0,8.0,9.0,1,197,0,225
364,81,598.0,2966.0,10.0,10.0,0,202,1,223
364,123,483.0,2960.0,10.0,10.0,1,118,0,132
364,138,667.0,2960.0,10.0,9.0,1,82,0,100
364,139,379.0,2953.0,12.0,10.0,1,86,0,100
364,155,523.0,2967.0,10.0,4.0,1,55,0,61
364,159,833.0,2956.0,12.0,8.0,1,39,0,45
365,3,1687.0,3121.0,13.0,9.0,1,327,0,362
365,31,352.0,2949.0,10.0,8.0,0,261,1,290
365,36,782.0,2957.0,10.0,6.0,1,251,0,282
365,39,446.0,2961.0,9.0,8.0,1,261,0,280
365,42,603.0,2961.0,8.0,7.0,1,257,0,278
365,43,491.0,2966.0,11.0,7.0,1,248,0,277
365,47,561.0,2966.0,9.0,5.0,1,250,0,273
365,50,426.0,2963.0,7.0,7.0,1,248,0,270
365,51,673.0,2970.0,9.0,10.0,1,238,0,268
365,52,801.0,2963.0,11.0,9.0,0,239,1,268
365,54,540.0,2960.0,10.0,7.0,1,242,0,267
365,56,712.0,2947.0,12.0,5.0,0,232,1,262
365,57,712.0,2954.0,11.0,5.0,0,241,1,260
365,60,621.0,2966.0,10.0,8.0,1,227,0,257
365,63,758.0,2949.0,11.0,9.0,1,237,0,253
365,68,743.0,2943.0,13.0,9.0,1,224,0,242
365,72,411.0,2959.0,12.0,9.0,0,209,1,236
365,76,324.0,2952.0,12.0,10.0,1,206,0,232
365,79,396.0,2960.0,9.0,10.0,1,198,0,226
365,81,584.0,2963.0,11.0,6.0,1,203,0,224
365,123,465.0,2955.0,10.0,6.0,1,119,0,133
365,138,663.0,2966.0,11.0,8.0,1,83,0,101
365,139,369.0,2957.0,11.0,9.0,1,87,0,101
365,155,529.0,2965.0,8.0,10.0,1,56,0,62
365,159,826.0,2958.0,11.0,7.0,1,40,0,46
366,3,1693.0,3107.0,15.0,12.0,1,328,0,363
366,31,352.0,2949.0,10.0,8.0,0,261,2,291
366,36,779.0,2956.0,10.0,10.0,1,252,0,283
366,39,440.0,2953.0,12.0,8.0,1,262,0,281
366,42,593.0,2963.0,10.0,10.0,1,258,0,279
366,43,493.0,2960.0,12.0,10.0,1,249,0,278
366,47,559.0,2967.0,9.0,9.0,1,251,0,274
366,50,421.0,2957.0,9.0,9.0,1,249,0,271
366,51,678.0,2971.0,11.0,7.0,1,239,0,269
366,52,795.0,2951.0,10.0,7.0,1,240,0,269
366,54,540.0,2958.0,9.0,7.0,1,243,0,268
366,56,703.0,2947.0,11.0,8.0,1,233,0,263
366,57,706.0,2959.0,11.0,6.0,1,242,0,261
366,60,616.0,2967.0,11.0,9.0,1,228,0,258
366,63,749.0,2948.0,13.0,8.0,1,238,0,254
366,68,737.0,2948.0,12.0,7.0,1,225,0,243
366,72,399.0,2953.0,7.0,5.0,1,210,0,237
366,76,320.0,2951.0,12.0,10.0,1,207,0,233
366,79,390.0,2956.0,9.0,12.0,1,199,0,227
366,81,573.0,2961.0,13.0,13.0,1,204,0,225
366,123,467.0,2953.0,9.0,10.0,1,120,0,134
366,138,659.0,2958.0,9.0,10.0,1,84,0,102
366,139,365.0,2951.0,13.0,10.0,1,88,0,102
366,155,519.0,2961.0,10.0,7.0,1,57,0,63
366,159,814.0,2962.0,12.0,6.0,1,41,0,47
367,3,1689.0,3115.0,21.0,8.0,1,329,0,364
367,31,342.0,2953.0,8.0,8.0,1,262,0,292
367,36,777.0,2953.0,8.0,6.0,1,253,0,284
367,39,438.0,2964.0,8.0,8.0,1,263,0,282
367,42,591.0,2966.0,8.0,8.0,1,259,0,280
367,43,493.0,2960.0,12.0,10.0,0,249,1,279
367,47,554.0,2960.0,8.0,8.0,1,252,0,275
367,50,418.0,2956.0,12.0,10.0,1,250,0,272
367,51,674.0,2963.0,11.0,7.0,1,240,0,270
367,52,786.0,2953.0,11.0,7.0,1,241,0,270
367,54,534.0,2969.0,10.0,8.0,1,244,0,269
367,56,701.0,2944.0,9.0,7.0,1,234,0,264
367,57,705.0,2953.0,10.0,5.0,1,243,0,262
367,60,616.0,2967.0,11.0,9.0,0,228,1,259
367,63,749.0,2948.0,13.0,8.0,0,238,1,255
367,68,738.0,2950.0,10.0,7.0,1,226,0,244
367,72,392.0,2955.0,11.0,8.0,1,211,0,238
367,76,311.0,2949.0,12.0,11.0,1,208,0,234
367,79,383.0,2966.0,9.0,8.0,1,200,0,228
367,81,573.0,2961.0,13.0,13.0,0,204,1,226
367,123,456.0,2959.0,10.0,5.0,1,121,0,135
367,138,655.0,2959.0,10.0,10.0,1,85,0,103
367,139,363.0,2952.0,11.0,9.0,1,89,0,103
367,155,514.0,2963.0,10.0,5.0,1,58,0,64
367,159,814.0,2957.0,7.0,7.0,1,42,0,48
368,3,1689.0,3115.0,21.0,8.0,0,329,1,365
368,31,336.0,2954.0,5.0,7.0,1,263,0,293
368,36,770.0,2947.0,10.0,9.0,1,254,0,285
368,39,436.0,2962.0,8.0,8.0,1,264,0,283
368,42,591.0,2966.0,8.0,8.0,0,259,1,281
368,43,493.0,2960.0,12.0,10.0,0,249,2,280
368,47,543.0,2962.0,10.0,7.0,1,253,0,276
368,50,409.0,2960.0,11.0,6.0,1,251,0,273
368,51,674.0,2963.0,11.0,7.0,0,240,1,271
368,52,788.0,2954.0,10.0,9.0,1,242,0,271
368,54,522.0,2957.0,11.0,10.0,1,245,0,270
368,56,699.0,2936.0,11.0,8.0,1,235,0,265
368,57,697.0,2952.0,12.0,6.0,1,244,0,263
368,60,607.0,2955.0,12.0,9.0,1,229,0,260
368,63,749.0,2948.0,13.0,8.0,0,238,2,256
368,68,728.0,2951.0,14.0,8.0,1,227,0,245
368,72,389.0,2959.0,13.0,8.0,1,212,0,239
368,76,310.0,2950.0,9.0,7.0,1,209,0,235
368,79,377.0,2963.0,11.0,8.0,1,201,0,229
368,81,562.0,2962.0,12.0,10.0,1,205,0,227
368,123,455.0,2956.0,10.0,10.0,1,122,0,136
368,138,653.0,2957.0,8.0,10.0,1,86,0,104
368,139,355.0,2956.0,10.0,7.0,1,90,0,104
368,155,505.0,2959.0,12.0,8.0,1,59,0,65
368,159,811.0,2957.0,12.0,7.0,1,43,0,49
369,3,1699.0,3107.0,10.0,9.0,1,330,0,366
369,31,326.0,2953.0,11.0,8.0,1,264,0,294
369,36,764.0,2947.0,10.0,9.0,1,255,0,286
369,39,432.0,2964.0,11.0,7.0,1,265,0,284
369,42,586.0,2964.0,10.0,9.0,1,260,0,282
369,43,475.0,2957.0,12.0,9.0,1,250,0,281
369,47,545.0,2962.0,6.0,8.0,1,254,0,277
369,50,409.0,2957.0,11.0,8.0,1,252,0,274
369,51,660.0,2970.0,13.0,10.0,1,241,0,272
369,52,783.0,2954.0,9.0,7.0,1,243,0,272
369,54,528.0,2958.0,8.0,10.0,1,246,0,271
369,56,700.0,2946.0,9.0,8.0,1,236,0,266
369,57,703.0,2953.0,8.0,7.0,1,245,0,264
369,60,599.0,2958.0,11.0,11.0,1,230,0,261
369,63,748.0,2952.0,11.0,9.0,1,239,0,257
369,68,731.0,2945.0,11.0,5.0,1,228,0,246
369,72,388.0,2950.0,11.0,6.0,1,213,0,240
369,76,302.0,2949.0,13.0,10.0,1,210,0,236
369,79,378.0,2961.0,6.0,5.0,1,202,0,230
369,81,562.0,2963.0,12.0,8.0,1,206,0,228
369,123,451.0,2956.0,10.0,6.0,1,123,0,137
369,138,653.0,2957.0,8.0,10.0,0,86,1,105
369,139,356.0,2955.0,10.0,7.0,1,91,0,105
369,155,501.0,2967.0,9.0,8.0,1,60,0,66
369,159,801.0,2956.0,9.0,7.0,1,44,0,50
370,3,1702.0,3096.0,13.0,10.0,1,331,0,367
370,31,327.0,2952.0,12.0,9.0,1,265,0,295
370,36,761.0,2950.0,12.0,8.0,1,256,0,287
370,39,418.0,2964.0,12.0,8.0,1,266,0,285
370,42,580.0,2963.0,10.0,9.0,1,261,0,283
370,43,475.0,2957.0,12.0,9.0,0,250,1,282
370,47,534.0,2966.0,11.0,8.0,1,255,0,278
370,50,398.0,2957.0,8.0,9.0,1,253,0,275
370,51,653.0,2966.0,11.0,10.0,1,242,0,273
370,52,778.0,2945.0,10.0,11.0,1,244,0,273
370,54,521.0,2964.0,10.0,6.0,1,247,0,272
370,56,699.0,2943.0,5.0,7.0,1,237,0,267
370,57,692.0,2951.0,13.0,6.0,1,246,0,265
370,60,590.0,2964.0,13.0,10.0,1,231,0,262
370,63,740.0,2943.0,9.0,10.0,1,240,0,258
370,68,719.0,2950.0,11.0,10.0,1,229,0,247
370,72,387.0,2957.0,11.0,7.0,1,214,0,241
370,76,297.0,2947.0,13.0,9.0,1,211,0,237
370,79,369.0,2958.0,7.0,4.0,1,203,0,231
370,81,561.0,2965.0,10.0,10.0,1,207,0,229
370,123,450.0,2949.0,11.0,10.0,1,124,0,138
370,138,641.0,2962.0,10.0,8.0,1,87,0,106
370,139,346.0,2955.0,13.0,8.0,1,92,0,106
370,155,497.0,2962.0,10.0,7.0,1,61,0,67
370,159,802.0,2956.0,12.0,9.0,1,45,0,51
371,3,1702.0,3096.0,13.0,10.0,0,331,1,368
371,31,327.0,2952.0,12.0,9.0,0,265,1,296
371,36,762.0,2951.0,12.0,10.0,1,257,0,288
371,39,417.0,2954.0,12.0,7.0,1,267,0,286
371,42,571.0,2966.0,9.0,9.0,1,262,0,284
371,43,475.0,2957.0,12.0,9.0,0,250,2,283
371,47,535.0,2966.0,11.0,6.0,1,256,0,279
371,50,396.0,2958.0,10.0,8.0,1,254,0,276
371,51,650.0,2965.0,7.0,9.0,1,243,0,274
371,52,772.0,2956.0,11.0,10.0,1,245,0,274
371,54,518.0,2961.0,10.0,7.0,1,248,0,273
371,56,699.0,2943.0,5.0,7.0,0,237,1,268
371,57,688.0,2958.0,10.0,6.0,1,247,0,266
371,60,590.0,2960.0,12.0,9.0,1,232,0,263
371,63,734.0,2953.0,12.0,11.0,1,241,0,259
371,68,718.0,2949.0,10.0,8.0,1,230,0,248
371,72,376.0,2954.0,13.0,7.0,1,215,0,242
371,76,291.0,2952.0,11.0,7.0,1,212,0,238
371,79,366.0,2955.0,8.0,6.0,1,204,0,232
371,81,558.0,2964.0,10.0,9.0,1,208,0,230
371,123,441.0,2964.0,10.0,5.0,1,125,0,139
371,138,632.0,2957.0,10.0,11.0,1,88,0,107
371,139,345.0,2950.0,10.0,10.0,1,93,0,107
371,155,490.0,2958.0,9.0,7.0,1,62,0,68
371,159,799.0,2952.0,12.0,6.0,1,46,0,52
372,3,1700.0,3109.0,13.0,12.0,1,332,0,369
372,31,315.0,2951.0,8.0,6.0,1,266,0,297
372,36,755.0,2949.0,11.0,11.0,1,258,0,289
372,39,440.0,2958.0,10.0,5.0,1,268,0,287
372,42,564.0,2965.0,9.0,9.0,1,263,0,285
372,43,467.0,2959.0,13.0,9.0,1,251,0,284
372,47,521.0,2961.0,10.0,7.0,1,257,0,280
372,50,416.0,2955.0,11.0,6.0,1,255,0,277
372,51,652.0,2963.0,10.0,9.0,1,244,0,275
372,52,770.0,2959.0,10.0,9.0,1,246,0,275
372,54,513.0,2958.0,10.0,9.0,1,249,0,274
372,56,678.0,2945.0,12.0,8.0,1,238,0,269
372,57,681.0,2954.0,9.0,5.0,1,248,0,267
372,60,589.0,2958.0,11.0,12.0,1,233,0,264
372,63,731.0,2950.0,11.0,8.0,1,242,0,260
372,68,717.0,2942.0,10.0,7.0,1,231,0,249
372,72,393.0,2954.0,9.0,8.0,1,216,0,243
372,76,291.0,2951.0,11.0,6.0,1,213,0,239
372,79,375.0,2960.0,10.0,5.0,1,205,0,233
372,81,548.0,2962.0,11.0,10.0,1,209,0,231
372,123,446.0,2958.0,6.0,8.0,1,126,0,140
372,138,624.0,2957.0,9.0,10.0,1,89,0,108
372,139,337.0,2951.0,10.0,6.0,1,94,0,108
372,155,488.0,2961.0,11.0,9.0,1,63,0,69
372,159,799.0,2948.0,7.0,9.0,1,47,0,53
373,3,1701.0,3102.0,13.0,8.0,1,333,0,370
373,31,304.0,2950.0,12.0,7.0,1,267,0,298
373,36,750.0,2951.0,12.0,11.0,1,259,0,290
373,39,440.0,2958.0,10.0,5.0,0,268,1,288
373,42,559.0,2966.0,11.0,6.0,1,264,0,286
373,43,455.0,2960.0,11.0,6.0,1,252,0,285
373,47,518.0,2961.0,9.0,10.0,1,258,0,281
373,50,409.0,2953.0,12.0,7.0,1,256,0,278
373,51,647.0,2958.0,10.0,7.0,1,245,0,276
373,52,770.0,2954.0,9.0,6.0,1,247,0,276
373,54,499.0,2958.0,11.0,7.0,1,250,0,275
373,56,678.0,2947.0,9.0,6.0,1,239,0,270
373,57,686.0,2955.0,8.0,7.0,1,249,0,268
373,60,579.0,2962.0,12.0,10.0,1,234,0,265
373,63,728.0,2948.0,11.0,8.0,1,243,0,261
373,68,715.0,2947.0,8.0,7.0,1,232,0,250
373,72,387.0,2956.0,12.0,8.0,1,217,0,244
373,76,287.0,2951.0,13.0,10.0,1,214,0,240
373,79,365.0,2958.0,12.0,7.0,1,206,0,234
373,81,542.0,2963.0,11.0,8.0,1,210,0,232
373,123,446.0,2958.0,6.0,8.0,0,126,1,141
373,138,628.0,2958.0,10.0,11.0,1,90,0,109
373,139,357.0,2958.0,11.0,4.0,1,95,0,109
373,155,478.0,2960.0,10.0,8.0,1,64,0,70
373,159,789.0,2951.0,9.0,9.0,1,48,0,54
374,3,1701.0,3102.0,13.0,8.0,0,333,1,371
374,31,303.0,2954.0,11.0,5.0,1,268,0,299
374,36,748.0,2953.0,12.0,9.0,1,260,0,291
374,39,404.0,2958.0,11.0,8.0,1,269,0,289
374,42,559.0,2966.0,11.0,6.0,0,264,1,287
374,43,460.0,2955.0,12.0,7.0,1,253,0,286
374,47,514.0,2963.0,13.0,7.0,1,259,0,282
374,50,382.0,2957.0,13.0,8.0,1,257,0,279
374,51,639.0,2957.0,12.0,10.0,1,246,0,277
374,52,764.0,2949.0,9.0,11.0,1,248,0,277
374,54,502.0,2962.0,8.0,6.0,1,251,0,276
374,56,679.0,2937.0,9.0,8.0,1,240,0,271
374,57,680.0,2956.0,10.0,5.0,1,250,0,269
374,60,574.0,2959.0,11.0,9.0,1,235,0,266
374,63,725.0,2948.0,11.0,7.0,1,244,0,262
374,68,707.0,2948.0,13.0,10.0,1,233,0,251
374,72,363.0,2959.0,11.0,6.0,1,218,0,245
374,76,279.0,2952.0,11.0,6.0,1,215,0,241
374,79,351.0,2957.0,12.0,5.0,1,207,0,235
374,81,544.0,2963.0,11.0,10.0,1,211,0,233
374,123,429.0,2955.0,11.0,8.0,1,127,0,142
374,138,615.0,2954.0,10.0,11.0,1,91,0,110
374,139,327.0,2953.0,13.0,9.0,1,96,0,110
374,155,480.0,2958.0,9.0,7.0,1,65,0,71
374,159,784.0,2954.0,11.0,10.0,1,49,0,55
375,3,1701.0,3102.0,13.0,8.0,0,333,2,372
375,31,299.0,2945.0,7.0,5.0,1,269,0,300
375,36,744.0,2948.0,6.0,6.0,1,261,0,292
375,39,408.0,2955.0,11.0,7.0,1,270,0,290
375,42,559.0,2966.0,11.0,6.0,0,264,2,288
375,43,452.0,2958.0,12.0,7.0,1,254,0,287
375,47,515.0,2959.0,8.0,8.0,1,260,0,283
375,50,377.0,2959.0,13.0,7.0,1,258,0,280
375,51,638.0,2963.0,6.0,5.0,1,247,0,278
375,52,749.0,2952.0,10.0,8.0,1,249,0,278
375,54,492.0,2960.0,9.0,8.0,1,252,0,277
375,56,679.0,2937.0,9.0,8.0,0,240,1,272
375,57,680.0,2956.0,10.0,5.0,0,250,1,270
375,60,570.0,2960.0,10.0,7.0,1,236,0,267
375,63,728.0,2951.0,11.0,7.0,1,245,0,263
375,68,707.0,2943.0,11.0,6.0,1,234,0,252
375,72,362.0,2951.0,13.0,8.0,1,219,0,246
375,76,275.0,2946.0,10.0,6.0,1,216,0,242
375,79,342.0,2957.0,13.0,7.0,1,208,0,236
375,81,533.0,2968.0,10.0,9.0,1,212,0,234
375,123,424.0,2952.0,9.0,8.0,1,128,0,143
375,138,623.0,2956.0,10.0,11.0,1,92,0,111
375,139,320.0,2948.0,12.0,7.0,1,97,0,111
375,155,476.0,2960.0,7.0,9.0,1,66,0,72
375,159,781.0,2954.0,13.0,6.0,1,50,0,56
376,3,1703.0,3092.0,14.0,9.0,1,334,0,373
376,31,295.0,2947.0,9.0,7.0,1,270,0,301
376,36,742.0,2949.0,11.0,8.0,1,262,0,293
376,39,392.0,2955.0,9.0,8.0,1,271,0,291
376,42,540.0,2961.0,12.0,9.0,1,265,0,289
376,43,452.0,2958.0,12.0,7.0,0,254,1,288
376,47,507.0,2960.0,5.0,7.0,1,261,0,284
376,50,373.0,2958.0,12.0,8.0,1,259,0,281
376,51,638.0,2963.0,6.0,5.0,0,247,1,279
376,52,760.0,2956.0,12.0,10.0,1,250,0,279
376,54,489.0,2960.0,9.0,7.0,1,253,0,278
376,56,671.0,2939.0,10.0,8.0,1,241,0,273
376,57,680.0,2956.0,10.0,5.0,0,250,2,271
376,60,562.0,2957.0,13.0,10.0,1,237,0,268
376,63,717.0,2949.0,9.0,6.0,1,246,0,264
376,68,698.0,2941.0,12.0,9.0,1,235,0,253
376,72,358.0,2953.0,11.0,7.0,1,220,0,247
376,76,268.0,2951.0,11.0,5.0,1,217,0,243
376,79,340.0,2951.0,16.0,7.0,1,209,0,237
376,81,531.0,2957.0,10.0,9.0,1,213,0,235
376,123,421.0,2957.0,12.0,7.0,1,129,0,144
376,138,618.0,2954.0,10.0,10.0,1,93,0,112
376,139,321.0,2946.0,9.0,8.0,1,98,0,112
376,155,472.0,2956.0,12.0,9.0,1,67,0,73
376,159,773.0,2949.0,10.0,10.0,1,51,0,57
377,3,1709.0,3093.0,16.0,14.0,1,335,0,374
377,31,288.0,2950.0,9.0,6.0,1,271,0,302
377,36,739.0,2952.0,9.0,6.0,1,263,0,294
377,39,392.0,2955.0,9.0,8.0,0,271,1,292
377,42,544.0,2959.0,9.0,8.0,1,266,0,290
377,43,446.0,2959.0,11.0,7.0,1,255,0,289
377,47,501.0,2954.0,9.0,7.0,1,262,0,285
377,50,373.0,2958.0,12.0,8.0,0,259,1,282
377,51,625.0,2957.0,7.0,9.0,1,248,0,280
377,52,751.0,2956.0,10.0,6.0,1,251,0,280
377,54,483.0,2957.0,14.0,10.0,1,254,0,279
377,56,664.0,2938.0,15.0,9.0,1,242,0,274
377,57,666.0,2950.0,10.0,6.0,1,251,0,272
377,60,562.0,2957.0,13.0,10.0,0,237,1,269
377,63,720.0,2954.0,5.0,6.0,1,247,0,265
377,68,691.0,2942.0,12.0,8.0,1,236,0,254
377,72,359.0,2949.0,12.0,7.0,1,221,0,248
377,76,263.0,2952.0,13.0,6.0,1,218,0,244
377,79,340.0,2951.0,16.0,7.0,0,209,1,238
377,81,526.0,2961.0,11.0,9.0,1,214,0,236
377,123,421.0,2949.0,9.0,7.0,1,130,0,145
377,138,607.0,2954.0,10.0,7.0,1,94,0,113
377,139,311.0,2947.0,11.0,7.0,1,99,0,113
377,155,467.0,2957.0,11.0,9.0,1,68,0,74
377,159,770.0,2955.0,10.0,10.0,1,52,0,58
378,3,1715.0,3092.0,15.0,9.0,1,336,0,375
378,31,282.0,2949.0,10.0,6.0,1,272,0,303
378,36,730.0,2955.0,13.0,7.0,1,264,0,295
378,39,390.0,2955.0,12.0,6.0,1,272,0,293
378,42,540.0,2964.0,11.0,6.0,1,267,0,291
378,43,441.0,2955.0,11.0,8.0,1,256,0,290
378,47,500.0,2961.0,11.0,8.0,1,263,0,286
378,50,366.0,2952.0,11.0,6.0,1,260,0,283
378,51,625.0,2957.0,7.0,9.0,0,248,1,281
378,52,749.0,2952.0,11.0,9.0,1,252,0,281
378,54,475.0,2962.0,9.0,6.0,1,255,0,280
378,56,672.0,2940.0,8.0,7.0,1,243,0,275
378,57,669.0,2949.0,11.0,6.0,1,252,0,273
378,60,553.0,2957.0,12.0,7.0,1,238,0,270
378,63,708.0,2946.0,11.0,10.0,1,248,0,266
378,68,700.0,2943.0,10.0,8.0,1,237,0,255
378,72,359.0,2949.0,12.0,7.0,0,221,1,249
378,76,261.0,2953.0,9.0,7.0,1,219,0,245
378,79,328.0,2956.0,12.0,6.0,1,210,0,239
378,81,526.0,2961.0,11.0,9.0,0,214,1,237
378,123,409.0,2956.0,11.0,6.0,1,131,0,146
378,138,607.0,2954.0,10.0,7.0,0,94,1,114
378,139,306.0,2953.0,12.0,6.0,1,100,0,114
378,155,456.0,2960.0,6.0,5.0,1,69,0,75
378,159,763.0,2948.0,10.0,9.0,1,53,0,59
379,3,1715.0,3092.0,15.0,9.0,0,336,1,376
379,31,279.0,2947.0,7.0,5.0,1,273,0,304
379,36,729.0,2950.0,12.0,6.0,1,265,0,296
379,39,387.0,2950.0,14.0,7.0,1,273,0,294
379,42,537.0,2961.0,8.0,9.0,1,268,0,292
379,43,429.0,2954.0,10.0,9.0,1,257,0,291
379,47,495.0,2960.0,9.0,8.0,1,264,0,287
379,50,361.0,2957.0,10.0,7.0,1,261,0,284
379,51,624.0,2958.0,7.0,11.0,1,249,0,282
379,52,744.0,2946.0,8.0,8.0,1,253,0,282
379,54,474.0,2957.0,10.0,6.0,1,256,0,281
379,56,669.0,2948.0,8.0,5.0,1,244,0,276
379,57,661.0,2949.0,9.0,7.0,1,253,0,274
379,60,555.0,2956.0,13.0,10.0,1,239,0,271
379,63,710.0,2941.0,12.0,5.0,1,249,0,267
379,68,694.0,2939.0,10.0,12.0,1,238,0,256
379,72,343.0,2956.0,13.0,7.0,1,222,0,250
379,76,261.0,2953.0,9.0,7.0,0,219,1,246
379,79,328.0,2956.0,12.0,6.0,0,210,1,240
379,81,512.0,2961.0,12.0,10.0,1,215,0,238
379,123,409.0,2954.0,10.0,6.0,1,132,0,147
379,138,601.0,2956.0,13.0,7.0,1,95,0,115
379,139,308.0,2952.0,12.0,7.0,1,101,0,115
379,155,453.0,2953.0,9.0,9.0,1,70,0,76
379,159,766.0,2956.0,12.0,10.0,1,54,0,60
380,3,1719.0,3089.0,13.0,9.0,1,337,0,377
380,31,279.0,2951.0,9.0,6.0,1,274,0,305
380,36,728.0,2949.0,11.0,7.0,1,266,0,297
380,39,387.0,2950.0,14.0,7.0,0,273,1,295
380,42,532.0,2960.0,10.0,7.0,1,269,0,293
380,43,428.0,2951.0,13.0,9.0,1,258,0,292
380,47,486.0,2960.0,9.0,6.0,1,265,0,288
380,50,360.0,2952.0,9.0,6.0,1,262,0,285
380,51,616.0,2948.0,9.0,9.0,1,250,0,283
380,52,737.0,2952.0,11.0,8.0,1,254,0,283
380,54,474.0,2957.0,10.0,6.0,0,256,1,282
380,56,662.0,2945.0,11.0,5.0,1,245,0,277
380,57,657.0,2941.0,12.0,7.0,1,254,0,275
380,60,549.0,2958.0,12.0,8.0,1,240,0,272
380,63,703.0,2943.0,12.0,8.0,1,250,0,268
380,68,682.0,2941.0,11.0,9.0,1,239,0,257
380,72,340.0,2950.0,8.0,6.0,1,223,0,251
380,76,261.0,2953.0,9.0,7.0,0,219,2,247
380,79,322.0,2952.0,12.0,6.0,1,211,0,241
380,81,507.0,2961.0,12.0,8.0,1,216,0,239
380,123,400.0,2955.0,11.0,6.0,1,133,0,148
380,138,604.0,2951.0,9.0,8.0,1,96,0,116
380,139,302.0,2950.0,12.0,6.0,1,102,0,116
380,155,454.0,2958.0,9.0,6.0,1,71,0,77
380,159,763.0,2952.0,14.0,7.0,1,55,0,61
381,3,1714.0,3087.0,17.0,12.0,1,338,0,378
381,31,274.0,2951.0,11.0,8.0,1,275,0,306
381,36,722.0,2950.0,11.0,6.0,1,267,0,298
381,39,374.0,2954.0,11.0,7.0,1,274,0,296
381,42,526.0,2958.0,11.0,10.0,1,270,0,294
381,43,428.0,2956.0,14.0,8.0,1,259,0,293
381,47,486.0,2959.0,12.0,8.0,1,266,0,289
381,50,355.0,2950.0,10.0,6.0,1,263,0,286
381,51,616.0,2948.0,9.0,9.0,0,250,1,284
381,52,735.0,2953.0,13.0,9.0,1,255,0,284
381,54,471.0,2957.0,11.0,8.0,1,257,0,283
381,56,658.0,2948.0,13.0,6.0,1,246,0,278
381,57,657.0,2931.0,10.0,9.0,1,255,0,276
381,60,545.0,2962.0,10.0,9.0,1,241,0,273
381,63,698.0,2947.0,11.0,5.0,1,251,0,269
381,68,680.0,2936.0,11.0,8.0,1,240,0,258
381,72,337.0,2953.0,10.0,6.0,1,224,0,252
381,76,246.0,2956.0,12.0,8.0,1,220,0,248
381,79,322.0,2955.0,7.0,6.0,1,212,0,242
381,81,507.0,2953.0,13.0,10.0,1,217,0,240
381,123,399.0,2960.0,10.0,8.0,1,134,0,149
381,138,599.0,2952.0,12.0,8.0,1,97,0,117
381,139,291.0,2945.0,11.0,7.0,1,103,0,117
381,155,449.0,2960.0,10.0,7.0,1,72,0,78
381,159,757.0,2953.0,13.0,11.0,1,56,0,62
382,3,1714.0,3087.0,17.0,12.0,0,338,1,379
382,31,265.0,2952.0,11.0,9.0,1,276,0,307
382,36,725.0,2952.0,13.0,8.0,1,268,0,299
382,39,367.0,2952.0,10.0,8.0,1,275,0,297
382,42,527.0,2962.0,4.0,6.0,1,271,0,295
382,43,426.0,2950.0,12.0,6.0,1,260,0,294
382,47,475.0,2960.0,9.0,6.0,1,267,0,290
382,50,355.0,2952.0,10.0,8.0,1,264,0,287
382,51,610.0,2960.0,11.0,12.0,1,251,0,285
382,52,739.0,2948.0,10.0,9.0,1,256,0,285
382,54,459.0,2957.0,11.0,5.0,1,258,0,284
382,56,655.0,2949.0,12.0,7.0,1,247,0,279
382,57,655.0,2936.0,10.0,7.0,1,256,0,277
382,60,539.0,2955.0,12.0,8.0,1,242,0,274
382,63,702.0,2940.0,12.0,8.0,1,252,0,270
382,68,680.0,2936.0,11.0,8.0,0,240,1,259
382,72,332.0,2954.0,12.0,7.0,1,225,0,253
382,76,240.0,2943.0,10.0,7.0,1,221,0,249
382,79,312.0,2951.0,7.0,7.0,1,213,0,243
382,81,509.0,2953.0,9.0,11.0,1,218,0,241
382,123,396.0,2953.0,11.0,8.0,1,135,0,150
382,138,589.0,2951.0,9.0,10.0,1,98,0,118
382,139,289.0,2949.0,13.0,6.0,1,104,0,118
382,155,444.0,2954.0,10.0,5.0,1,73,0,79
382,159,752.0,2949.0,12.0,9.0,1,57,0,63
383,3,1729.0,3084.0,13.0,9.0,1,339,0,380
383,31,261.0,2952.0,9.0,6.0,1,277,0,308
383,36,719.0,2944.0,10.0,7.0,1,269,0,300
383,39,365.0,2953.0,14.0,8.0,1,276,0,298
383,42,512.0,2964.0,11.0,6.0,1,272,0,296
383,43,409.0,2957.0,13.0,9.0,1,261,0,295
383,47,474.0,2958.0,10.0,7.0,1,268,0,291
383,50,344.0,2955.0,13.0,6.0,1,265,0,288
383,51,610.0,2950.0,12.0,10.0,1,252,0,286
383,52,731.0,2955.0,10.0,6.0,1,257,0,286
383,54,459.0,2959.0,7.0,6.0,1,259,0,285
383,56,654.0,2946.0,12.0,5.0,1,248,0,280
383,57,646.0,2932.0,13.0,9.0,1,257,0,278
383,60,533.0,2955.0,15.0,10.0,1,243,0,275
383,63,698.0,2942.0,10.0,7.0,1,253,0,271
383,68,682.0,2941.0,12.0,6.0,1,241,0,260
383,72,321.0,2947.0,11.0,6.0,1,226,0,254
383,76,232.0,2948.0,12.0,7.0,1,222,0,250
383,79,306.0,2958.0,11.0,5.0,1,214,0,244
383,81,493.0,2961.0,12.0,10.0,1,219,0,242
383,123,392.0,2958.0,9.0,7.0,1,136,0,151
383,138,593.0,2950.0,7.0,9.0,1,99,0,119
383,139,279.0,2947.0,13.0,6.0,1,105,0,119
383,155,432.0,2959.0,11.0,6.0,1,74,0,80
383,159,748.0,2945.0,13.0,10.0,1,58,0,64
384,3,1727.0,3087.0,15.0,6.0,1,340,0,381
384,31,263.0,2955.0,7.0,7.0,1,278,0,309
384,36,716.0,2943.0,9.0,8.0,1,270,0,301
384,39,359.0,2956.0,13.0,8.0,1,277,0,299
384,42,516.0,2963.0,10.0,6.0,1,273,0,297
384,43,409.0,2959.0,11.0,9.0,1,262,0,296
384,47,470.0,2959.0,9.0,5.0,1,269,0,292
384,50,338.0,2948.0,12.0,8.0,1,266,0,289
384,51,598.0,2954.0,12.0,8.0,1,253,0,287
384,52,730.0,2952.0,11.0,9.0,1,258,0,287
384,54,453.0,2959.0,9.0,8.0,1,260,0,286
384,56,654.0,2946.0,12.0,5.0,0,248,1,281
384,57,646.0,2931.0,13.0,8.0,1,258,0,279
384,60,537.0,2958.0,12.0,8.0,1,244,0,276
384,63,691.0,2949.0,10.0,5.0,1,254,0,272
384,68,670.0,2937.0,13.0,6.0,1,242,0,261
384,72,327.0,2954.0,9.0,7.0,1,227,0,255
384,76,232.0,2950.0,12.0,7.0,1,223,0,251
384,79,297.0,2950.0,11.0,6.0,1,215,0,245
384,81,496.0,2960.0,11.0,8.0,1,220,0,243
384,123,421.0,3013.0,9.0,9.0,1,137,0,152
384,138,580.0,2945.0,13.0,10.0,1,100,0,120
384,139,278.0,2949.0,12.0,7.0,1,106,0,120
384,155,434.0,2960.0,11.0,5.0,1,75,0,81
384,159,750.0,2948.0,12.0,8.0,1,59,0,65
385,3,1733.0,3080.0,10.0,9.0,1,341,0,382
385,31,249.0,2950.0,10.0,9.0,1,279,0,310
385,36,710.0,2944.0,10.0,9.0,1,271,0,302
385,39,364.0,2945.0,12.0,10.0,1,278,0,300
385,42,508.0,2961.0,11.0,9.0,1,274,0,298
385,43,409.0,2951.0,10.0,8.0,1,263,0,297
385,47,467.0,2957.0,10.0,6.0,1,270,0,293
385,50,338.0,2952.0,12.0,9.0,1,267,0,290
385,51,600.0,2945.0,9.0,13.0,1,254,0,288
385,52,720.0,2945.0,11.0,6.0,1,259,0,288
385,54,448.0,2960.0,10.0,5.0,1,261,0,287
385,56,644.0,2946.0,15.0,7.0,1,249,0,282
385,57,639.0,2934.0,12.0,9.0,1,259,0,280
385,60,529.0,2958.0,10.0,11.0,1,245,0,277
385,63,688.0,2939.0,13.0,10.0,1,255,0,273
385,68,670.0,2941.0,11.0,7.0,1,243,0,262
385,72,320.0,2948.0,10.0,7.0,1,228,0,256
385,76,223.0,2951.0,13.0,10.0,1,224,0,252
385,79,299.0,2946.0,9.0,7.0,1,216,0,246
385,81,496.0,2960.0,11.0,8.0,0,220,1,244
385,123,421.0,3013.0,9.0,9.0,0,137,1,153
385,138,584.0,2947.0,5.0,8.0,1,101,0,121
385,139,264.0,2950.0,13.0,7.0,1,107,0,121
385,155,431.0,2952.0,11.0,7.0,1,76,0,82
385,159,744.0,2956.0,8.0,8.0,1,60,0,66
386,3,1734.0,3079.0,15.0,7.0,1,342,0,383
386,31,247.0,2946.0,10.0,8.0,1,280,0,311
386,36,709.0,2948.0,9.0,8.0,1,272,0,303
386,39,349.0,2948.0,13.0,9.0,1,279,0,301
386,42,503.0,2959.0,10.0,7.0,1,275,0,299
386,43,403.0,2950.0,10.0,8.0,1,264,0,298
386,47,460.0,2961.0,9.0,5.0,1,271,0,294
386,50,334.0,2949.0,11.0,8.0,1,268,0,291
386,51,600.0,2945.0,9.0,13.0,0,254,1,289
386,52,720.0,2944.0,11.0,8.0,1,260,0,289
386,54,446.0,2963.0,12.0,5.0,1,262,0,288
386,56,642.0,2944.0,12.0,8.0,1,250,0,283
386,57,636.0,2933.0,12.0,9.0,1,260,0,281
386,60,524.0,2956.0,8.0,6.0,1,246,0,278
386,63,685.0,2947.0,12.0,6.0,1,256,0,274
386,68,669.0,2937.0,10.0,8.0,1,244,0,263
386,72,312.0,2945.0,10.0,7.0,1,229,0,257
386,76,218.0,2951.0,12.0,10.0,1,225,0,253
386,79,292.0,2944.0,9.0,9.0,1,217,0,247
386,81,486.0,2958.0,13.0,7.0,1,221,0,245
386,123,367.0,2952.0,7.0,7.0,1,138,0,154
386,138,571.0,2947.0,10.0,12.0,1,102,0,122
386,139,268.0,2953.0,14.0,7.0,1,108,0,122
386,155,424.0,2948.0,9.0,7.0,1,77,0,83
386,159,738.0,2956.0,11.0,8.0,1,61,0,67
387,3,1742.0,3083.0,14.0,11.0,1,343,0,384
387,31,215.0,2946.0,14.0,12.0,1,281,0,312
387,36,699.0,2939.0,12.0,8.0,1,273,0,304
387,39,345.0,2952.0,10.0,7.0,1,280,0,302
387,42,496.0,2957.0,12.0,8.0,1,276,0,300
387,43,400.0,2955.0,11.0,7.0,1,265,0,299
387,47,463.0,2957.0,10.0,6.0,1,272,0,295
387,50,329.0,2953.0,10.0,7.0,1,269,0,292
387,51,589.0,2956.0,11.0,11.0,1,255,0,290
387,52,719.0,2948.0,11.0,6.0,1,261,0,290
387,54,439.0,2957.0,10.0,6.0,1,263,0,289
387,56,634.0,2942.0,14.0,7.0,1,251,0,284
387,57,636.0,2932.0,13.0,9.0,1,261,0,282
387,60,519.0,2958.0,9.0,8.0,1,247,0,279
387,63,683.0,2947.0,12.0,7.0,1,257,0,275
387,68,659.0,2933.0,12.0,8.0,1,245,0,264
387,72,307.0,2953.0,11.0,7.0,1,230,0,258
387,76,122.0,2926.0,14.0,5.0,1,226,0,254
387,79,283.0,2950.0,11.0,9.0,1,218,0,248
387,81,473.0,2962.0,13.0,10.0,1,222,0,246
387,123,369.0,2950.0,9.0,7.0,1,139,0,155
387,138,578.0,2951.0,9.0,8.0,1,103,0,123
387,139,261.0,2953.0,15.0,7.0,1,109,0,123
387,155,421.0,2952.0,9.0,5.0,1,78,0,84
387,159,735.0,2944.0,10.0,12.0,1,62,0,68
388,3,1741.0,3084.0,10.0,8.0,1,344,0,385
388,31,206.0,2951.0,12.0,7.0,1,282,0,313
388,36,699.0,2939.0,12.0,8.0,0,273,1,305
388,39,342.0,2950.0,11.0,8.0,1,281,0,303
388,42,499.0,2964.0,9.0,6.0,1,277,0,301
388,43,390.0,2951.0,15.0,9.0,1,266,0,300
388,47,453.0,2958.0,9.0,4.0,1,273,0,296
388,50,327.0,2955.0,12.0,6.0,1,270,0,293
388,51,587.0,2948.0,10.0,6.0,1,256,0,291
388,52,717.0,2951.0,12.0,5.0,1,262,0,291
388,54,439.0,2952.0,11.0,9.0,1,264,0,290
388,56,633.0,2941.0,12.0,7.0,1,252,0,285
388,57,627.0,2924.0,13.0,7.0,1,262,0,283
388,60,508.0,2958.0,14.0,7.0,1,248,0,280
388,63,680.0,2938.0,10.0,8.0,1,258,0,276
388,68,660.0,2934.0,12.0,9.0,1,246,0,265
388,72,306.0,2942.0,8.0,7.0,1,231,0,259
388,76,122.0,2926.0,14.0,5.0,0,226,1,255
388,79,284.0,2951.0,12.0,8.0,1,219,0,249
388,81,481.0,2958.0,9.0,5.0,1,223,0,247
388,123,368.0,2944.0,8.0,7.0,1,140,0,156
388,138,569.0,2950.0,5.0,4.0,1,104,0,124
388,139,257.0,2950.0,14.0,7.0,1,110,0,124
388,155,417.0,2957.0,12.0,5.0,1,79,0,85
388,159,730.0,2953.0,10.0,10.0,1,63,0,69
389,3,1745.0,3074.0,14.0,7.0,1,345,0,386
389,31,203.0,2951.0,12.0,9.0,1,283,0,314
389,36,697.0,2946.0,13.0,8.0,1,274,0,306
389,39,341.0,2952.0,12.0,9.0,1,282,0,304
389,42,487.0,2962.0,12.0,6.0,1,278,0,302
389,43,390.0,2951.0,15.0,9.0,0,266,1,301
389,47,448.0,2957.0,11.0,7.0,1,274,0,297
389,50,322.0,2951.0,11.0,10.0,1,271,0,294
389,51,578.0,2945.0,13.0,9.0,1,257,0,292
389,52,711.0,2952.0,11.0,6.0,1,263,0,292
389,54,431.0,2952.0,11.0,8.0,1,265,0,291
389,56,630.0,2938.0,16.0,8.0,1,253,0,286
389,57,627.0,2928.0,11.0,7.0,1,263,0,284
389,60,511.0,2955.0,12.0,8.0,1,249,0,281
389,63,675.0,2944.0,12.0,8.0,1,259,0,277
389,68,650.0,2933.0,13.0,10.0,1,247,0,266
389,72,300.0,2947.0,9.0,7.0,1,232,0,260
389,76,122.0,2926.0,14.0,5.0,0,226,2,256
389,79,227.0,2946.0,10.0,9.0,1,220,0,250
389,81,462.0,2953.0,11.0,7.0,1,224,0,248
389,123,362.0,2950.0,8.0,6.0,1,141,0,157
389,138,566.0,2948.0,9.0,9.0,1,105,0,125
389,139,248.0,2950.0,13.0,10.0,1,111,0,125
389,155,410.0,2953.0,12.0,6.0,1,80,0,86
389,159,730.0,2953.0,10.0,10.0,0,63,1,70
390,3,1743.0,3075.0,9.0,11.0,1,346,0,387
390,31,194.0,2949.0,10.0,9.0,1,284,0,315
390,36,697.0,2941.0,10.0,10.0,1,275,0,307
390,39,340.0,2944.0,10.0,6.0,1,283,0,305
390,42,485.0,2961.0,15.0,6.0,1,279,0,303
390,43,382.0,2958.0,11.0,8.0,1,267,0,302
390,47,443.0,2957.0,10.0,5.0,1,275,0,298
390,50,316.0,2950.0,10.0,8.0,1,272,0,295
390,51,578.0,2945.0,13.0,9.0,0,257,1,293
390,52,711.0,2952.0,9.0,6.0,1,264,0,293
390,54,425.0,2951.0,9.0,5.0,1,266,0,292
390,56,632.0,2942.0,11.0,9.0,1,254,0,287
390,57,619.0,2925.0,8.0,8.0,1,264,0,285
390,60,501.0,2953.0,11.0,7.0,1,250,0,282
390,63,669.0,2946.0,14.0,6.0,1,260,0,278
390,68,655.0,2927.0,12.0,13.0,1,248,0,267
390,72,294.0,2947.0,10.0,8.0,1,233,0,261
390,76,122.0,2926.0,14.0,5.0,0,226,3,257
390,79,277.0,2947.0,9.0,8.0,1,221,0,251
390,81,465.0,2954.0,12.0,8.0,1,225,0,249
390,123,359.0,2952.0,10.0,6.0,1,142,0,158
390,138,563.0,2945.0,13.0,9.0,1,106,0,126
390,139,245.0,2950.0,15.0,8.0,1,112,0,126
390,155,405.0,2950.0,10.0,5.0,1,81,0,87
390,159,725.0,2951.0,9.0,9.0,1,64,0,71
391,3,1738.0,3075.0,19.0,11.0,1,347,0,388
391,31,193.0,2953.0,11.0,8.0,1,285,0,316
391,36,697.0,2943.0,11.0,9.0,1,276,0,308
391,39,329.0,2949.0,13.0,7.0,1,284,0,306
391,42,485.0,2961.0,15.0,6.0,0,279,1,304
391,43,376.0,2948.0,11.0,8.0,1,268,0,303
391,47,439.0,2950.0,11.0,8.0,1,276,0,299
391,50,311.0,2950.0,12.0,9.0,1,273,0,296
391,51,580.0,2939.0,10.0,11.0,1,258,0,294
391,52,709.0,2949.0,10.0,6.0,1,265,0,294
391,54,425.0,2961.0,13.0,8.0,1,267,0,293
391,56,622.0,2939.0,14.0,8.0,1,255,0,288
391,57,619.0,2925.0,8.0,8.0,0,264,1,286
391,60,500.0,2954.0,11.0,7.0,1,251,0,283
391,63,666.0,2936.0,11.0,8.0,1,261,0,279
391,68,655.0,2927.0,12.0,13.0,0,248,1,268
391,72,293.0,2944.0,11.0,8.0,1,234,0,262
391,76,122.0,2926.0,14.0,5.0,0,226,4,258
391,79,269.0,2953.0,9.0,8.0,1,222,0,252
391,81,455.0,2957.0,13.0,9.0,1,226,0,250
391,123,355.0,2949.0,10.0,6.0,1,143,0,159
391,138,556.0,2944.0,10.0,10.0,1,107,0,127
391,139,242.0,2953.0,16.0,5.0,1,113,0,127
391,155,405.0,2950.0,10.0,5.0,1,82,0,88
391,159,722.0,2947.0,10.0,7.0,1,65,0,72
392,3,1742.0,3072.0,20.0,14.0,1,348,0,389
392,31,184.0,2954.0,13.0,5.0,1,286,0,317
392,36,690.0,2943.0,11.0,6.0,1,277,0,309
392,39,323.0,2951.0,14.0,9.0,1,285,0,307
392,42,484.0,2954.0,11.0,8.0,1,280,0,305
392,43,368.0,2954.0,12.0,11.0,1,269,0,304
392,47,436.0,2950.0,10.0,6.0,1,277,0,300
392,50,304.0,2946.0,11.0,10.0,1,274,0,297
392,51,577.0,2943.0,12.0,9.0,1,259,0,295
392,52,703.0,2945.0,11.0,8.0,1,266,0,295
392,54,419.0,2956.0,10.0,8.0,1,268,0,294
392,56,624.0,2938.0,12.0,7.0,1,256,0,289
392,57,617.0,2919.0,12.0,10.0,1,265,0,287
392,60,500.0,2954.0,11.0,7.0,0,251,1,284
392,63,665.0,2938.0,12.0,6.0,1,262,0,280
392,68,646.0,2932.0,12.0,10.0,1,249,0,269
392,72,255.0,2954.0,11.0,8.0,1,235,0,263
392,76,211.0,3078.0,12.0,7.0,1,227,0,259
392,79,214.0,2950.0,11.0,6.0,1,223,0,253
392,81,456.0,2954.0,11.0,6.0,1,227,0,251
392,123,349.0,2950.0,11.0,7.0,1,144,0,160
392,138,557.0,2946.0,12.0,7.0,1,108,0,128
392,139,231.0,2954.0,15.0,7.0,1,114,0,128
392,155,393.0,2951.0,12.0,7.0,1,83,0,89
392,159,721.0,2942.0,12.0,10.0,1,66,0,73
393,3,1753.0,3075.0,12.0,8.0,1,349,0,390
393,31,208.0,2949.0,9.0,8.0,1,287,0,318
393,36,680.0,2942.0,13.0,8.0,1,278,0,310
393,39,317.0,2950.0,11.0,9.0,1,286,0,308
393,42,474.0,2952.0,10.0,9.0,1,281,0,306
393,43,367.0,2944.0,9.0,9.0,1,270,0,305
393,47,429.0,2954.0,11.0,7.0,1,278,0,301
393,50,294.0,2947.0,12.0,9.0,1,275,0,298
393,51,570.0,2941.0,13.0,11.0,1,260,0,296
393,52,704.0,2943.0,10.0,6.0,1,267,0,296
393,54,413.0,2948.0,12.0,8.0,1,269,0,295
393,56,624.0,2938.0,10.0,6.0,1,257,0,290
393,57,613.0,2925.0,10.0,8.0,1,266,0,288
393,60,492.0,2948.0,13.0,8.0,1,252,0,285
393,63,664.0,2938.0,11.0,9.0,1,263,0,281
393,68,645.0,2934.0,9.0,7.0,1,250,0,270
393,72,280.0,2946.0,10.0,7.0,1,236,0,264
393,76,211.0,3078.0,12.0,7.0,0,227,1,260
393,79,233.0,2949.0,12.0,7.0,1,224,0,254
393,81,449.0,2950.0,13.0,6.0,1,228,0,252
393,123,352.0,2952.0,9.0,6.0,1,145,0,161
393,138,557.0,2946.0,12.0,7.0,0,108,1,129
393,139,256.0,2945.0,11.0,7.0,1,115,0,129
393,155,392.0,2955.0,12.0,10.0,1,84,0,90
393,159,717.0,2948.0,12.0,9.0,1,67,0,74
394,3,1749.0,3074.0,17.0,8.0,1,350,0,391
394,31,205.0,2946.0,7.0,6.0,1,288,0,319
394,36,680.0,2941.0,13.0,7.0,1,279,0,311
394,39,316.0,2941.0,12.0,9.0,1,287,0,309
394,42,467.0,2956.0,11.0,7.0,1,282,0,307
394,43,369.0,2946.0,9.0,9.0,1,271,0,306
394,47,423.0,2953.0,10.0,6.0,1,279,0,302
394,50,295.0,2946.0,13.0,10.0,1,276,0,299
394,51,570.0,2941.0,13.0,11.0,0,260,1,297
394,52,704.0,2943.0,10.0,6.0,0,267,1,297
394,54,402.0,2950.0,11.0,7.0,1,270,0,296
394,56,623.0,2938.0,12.0,6.0,1,258,0,291
394,57,613.0,2925.0,10.0,7.0,1,267,0,289
394,60,488.0,2947.0,12.0,8.0,1,253,0,286
394,63,657.0,2935.0,15.0,7.0,1,264,0,282
394,68,646.0,2931.0,9.0,8.0,1,251,0,271
394,72,274.0,2946.0,12.0,9.0,1,237,0,265
394,76,185.0,2949.0,9.0,8.0,1,228,0,261
394,79,215.0,2947.0,13.0,8.0,1,225,0,255
394,81,442.0,2949.0,9.0,7.0,1,229,0,253
394,123,346.0,2943.0,9.0,7.0,1,146,0,162
394,138,546.0,2946.0,10.0,8.0,1,109,0,130
394,139,256.0,2943.0,11.0,9.0,1,116,0,130
394,155,385.0,2951.0,9.0,5.0,1,85,0,91
394,159,713.0,2944.0,12.0,9.0,1,68,0,75
395,3,1759.0,3068.0,11.0,11.0,1,351,0,392
395,31,203.0,2946.0,5.0,6.0,1,289,0,320
395,36,683.0,2939.0,10.0,8.0,1,280,0,312
395,39,316.0,2941.0,12.0,9.0,0,287,1,310
395,42,469.0,2958.0,11.0,7.0,1,283,0,308
395,43,362.0,2947.0,8.0,5.0,1,272,0,307
395,47,419.0,2954.0,11.0,7.0,1,280,0,303
395,50,287.0,2949.0,12.0,10.0,1,277,0,300
395,51,567.0,2940.0,10.0,9.0,1,261,0,298
395,52,697.0,2942.0,8.0,8.0,1,268,0,298
395,54,396.0,2947.0,11.0,8.0,1,271,0,297
395,56,623.0,2938.0,12.0,6.0,0,258,1,292
395,57,605.0,2928.0,12.0,7.0,1,268,0,290
395,60,488.0,2947.0,12.0,8.0,0,253,1,287
395,63,655.0,2934.0,12.0,8.0,1,265,0,283
395,68,634.0,2934.0,13.0,8.0,1,252,0,272
395,72,274.0,2946.0,12.0,9.0,0,237,1,266
395,76,173.0,2944.0,12.0,8.0,1,229,0,262
395,79,216.0,2949.0,16.0,8.0,1,226,0,256
395,81,443.0,2954.0,10.0,9.0,1,230,0,254
395,123,335.0,2946.0,9.0,6.0,1,147,0,163
395,138,544.0,2951.0,15.0,11.0,1,110,0,131
395,139,249.0,2948.0,14.0,9.0,1,117,0,131
395,155,384.0,2953.0,7.0,6.0,1,86,0,92
395,159,718.0,2941.0,9.0,7.0,1,69,0,76
396,3,1748.0,3070.0,15.0,8.0,1,352,0,393
396,31,203.0,2946.0,5.0,6.0,0,289,1,321
396,36,683.0,2939.0,10.0,8.0,0,280,1,313
396,39,300.0,2937.0,12.0,8.0,1,288,0,311
396,42,462.0,2958.0,8.0,7.0,1,284,0,309
396,43,355.0,2946.0,14.0,10.0,1,273,0,308
396,47,417.0,2950.0,10.0,6.0,1,281,0,304
396,50,287.0,2948.0,8.0,8.0,1,278,0,301
396,51,567.0,2940.0,10.0,9.0,0,261,1,299
396,52,692.0,2942.0,10.0,8.0,1,269,0,299
396,54,397.0,2953.0,12.0,8.0,1,272,0,298
396,56,613.0,2940.0,10.0,6.0,1,259,0,293
396,57,598.0,2924.0,11.0,7.0,1,269,0,291
396,60,489.0,2956.0,12.0,6.0,1,254,0,288
396,63,655.0,2934.0,12.0,8.0,0,265,1,284
396,68,634.0,2934.0,13.0,8.0,0,252,1,273
396,72,265.0,2944.0,10.0,7.0,1,238,0,267
396,76,169.0,2953.0,11.0,7.0,1,230,0,263
396,79,210.0,2950.0,15.0,8.0,1,227,0,257
396,81,443.0,2954.0,9.0,8.0,1,231,0,255
396,123,332.0,2945.0,12.0,7.0,1,148,0,164
396,138,544.0,2951.0,15.0,11.0,0,110,1,132
396,139,242.0,2950.0,13.0,9.0,1,118,0,132
396,155,378.0,2956.0,11.0,5.0,1,87,0,93
396,159,718.0,2941.0,9.0,7.0,0,69,1,77
397,3,1758.0,3075.0,15.0,9.0,1,353,0,394
397,31,190.0,2947.0,13.0,6.0,1,290,0,322
397,36,677.0,2937.0,12.0,11.0,1,281,0,314
397,39,304.0,2943.0,12.0,8.0,1,289,0,312
397,42,450.0,2952.0,9.0,5.0,1,285,0,310
397,43,352.0,2946.0,12.0,8.0,1,274,0,309
397,47,413.0,2948.0,10.0,8.0,1,282,0,305
397,50,280.0,2952.0,10.0,6.0,1,279,0,302
397,51,559.0,2946.0,12.0,8.0,1,262,0,300
397,52,690.0,2939.0,11.0,7.0,1,270,0,300
397,54,397.0,2945.0,10.0,9.0,1,273,0,299
397,56,613.0,2935.0,12.0,8.0,1,260,0,294
397,57,602.0,2916.0,11.0,7.0,1,270,0,292
397,60,489.0,2956.0,12.0,6.0,0,254,1,289
397,63,648.0,2932.0,11.0,8.0,1,266,0,285
397,68,631.0,2927.0,11.0,8.0,1,253,0,274
397,72,265.0,2944.0,10.0,7.0,0,238,1,268
397,76,162.0,2948.0,11.0,7.0,1,231,0,264
397,79,210.0,2950.0,15.0,8.0,0,227,1,258
397,81,434.0,2948.0,10.0,8.0,1,232,0,256
397,123,327.0,2949.0,9.0,8.0,1,149,0,165
397,138,535.0,2944.0,12.0,10.0,1,111,0,133
397,139,234.0,2948.0,11.0,7.0,1,119,0,133
397,155,380.0,2950.0,9.0,5.0,1,88,0,94
397,159,704.0,2950.0,11.0,9.0,1,70,0,78
398,3,1759.0,3074.0,12.0,11.0,1,354,0,395
398,31,186.0,2950.0,8.0,6.0,1,291,0,323
398,36,665.0,2936.0,13.0,11.0,1,282,0,315
398,39,300.0,2942.0,13.0,9.0,1,290,0,313
398,42,450.0,2952.0,12.0,6.0,1,286,0,311
398,43,341.0,2945.0,13.0,6.0,1,275,0,310
398,47,403.0,2949.0,9.0,6.0,1,283,0,306
398,50,280.0,2947.0,9.0,6.0,1,280,0,303
398,51,559.0,2936.0,9.0,10.0,1,263,0,301
398,52,687.0,2941.0,10.0,6.0,1,271,0,301
398,54,394.0,2947.0,11.0,8.0,1,274,0,300
398,56,612.0,2934.0,11.0,8.0,1,261,0,295
398,57,592.0,2918.0,14.0,6.0,1,271,0,293
398,60,474.0,2954.0,10.0,8.0,1,255,0,290
398,63,646.0,2937.0,11.0,8.0,1,267,0,286
398,68,626.0,2933.0,10.0,7.0,1,254,0,275
398,72,265.0,2944.0,10.0,7.0,0,238,2,269
398,76,160.0,2948.0,10.0,6.0,1,232,0,265
398,79,208.0,2949.0,17.0,7.0,1,228,0,259
398,81,428.0,2948.0,11.0,8.0,1,233,0,257
398,123,319.0,2945.0,7.0,8.0,1,150,0,166
398,138,536.0,2945.0,10.0,6.0,1,112,0,134
398,139,234.0,2950.0,10.0,8.0,1,120,0,134
398,155,373.0,2943.0,8.0,7.0,1,89,0,95
398,159,703.0,2945.0,11.0,7.0,1,71,0,79
399,3,1764.0,3070.0,15.0,11.0,1,355,0,396
399,31,184.0,2950.0,6.0,7.0,1,292,0,324
399,36,663.0,2932.0,12.0,11.0,1,283,0,316
399,39,290.0,2945.0,11.0,7.0,1,291,0,314
399,42,450.0,2952.0,12.0,6.0,0,286,1,312
399,43,341.0,2945.0,13.0,6.0,0,275,1,311
399,47,405.0,2954.0,10.0,5.0,1,284,0,307
399,50,266.0,2948.0,8.0,6.0,1,281,0,304
399,51,560.0,2945.0,9.0,9.0,1,264,0,302
399,52,687.0,2941.0,10.0,6.0,0,271,1,302
399,54,382.0,2944.0,9.0,7.0,1,275,0,301
399,56,604.0,2928.0,11.0,9.0,1,262,0,296
399,57,591.0,2927.0,14.0,8.0,1,272,0,294
399,60,466.0,2950.0,12.0,6.0,1,256,0,291
399,63,647.0,2929.0,9.0,7.0,1,268,0,287
399,68,617.0,2928.0,13.0,10.0,1,255,0,276
399,72,250.0,2945.0,13.0,8.0,1,239,0,270
399,76,149.0,2946.0,9.0,7.0,1,233,0,266
399,79,196.0,2945.0,14.0,8.0,1,229,0,260
399,81,425.0,2949.0,10.0,7.0,1,234,0,258
399,123,320.0,2945.0,8.0,7.0,1,151,0,167
399,138,535.0,2937.0,11.0,8.0,1,113,0,135
399,139,229.0,2952.0,10.0,9.0,1,121,0,135
399,155,372.0,2946.0,7.0,8.0,1,90,0,96
399,159,703.0,2945.0,11.0,7.0,0,71,1,80
400,3,1771.0,3071.0,11.0,11.0,1,356,0,397
400,31,173.0,2945.0,10.0,6.0,1,293,0,325
400,36,663.0,2938.0,10.0,9.0,1,284,0,317
400,39,286.0,2941.0,11.0,10.0,1,292,0,315
400,42,446.0,2948.0,8.0,9.0,1,287,0,313
400,43,337.0,2953.0,13.0,7.0,1,276,0,312
400,47,400.0,2939.0,10.0,5.0,1,285,0,308
400,50,298.0,3004.0,8.0,8.0,1,282,0,305
400,51,555.0,2936.0,14.0,15.0,1,265,0,303
400,52,681.0,2940.0,10.0,6.0,1,272,0,303
400,54,381.0,2946.0,10.0,7.0,1,276,0,302
400,56,606.0,2930.0,13.0,7.0,1,263,0,297
400,57,584.0,2922.0,12.0,7.0,1,273,0,295
400,60,459.0,2954.0,12.0,9.0,1,257,0,292
400,63,639.0,2924.0,12.0,10.0,1,269,0,288
400,68,613.0,2923.0,10.0,10.0,1,256,0,277
400,72,250.0,2945.0,13.0,8.0,0,239,1,271
400,76,144.0,2948.0,10.0,8.0,1,234,0,267
400,79,195.0,2947.0,14.0,9.0,1,230,0,261
400,81,424.0,2950.0,9.0,5.0,1,235,0,259
400,123,314.0,2943.0,9.0,7.0,1,152,0,168
400,138,535.0,2937.0,11.0,8.0,0,113,1,136
400,139,218.0,2947.0,11.0,9.0,1,122,0,136
400,155,357.0,2946.0,13.0,8.0,1,91,0,97
400,159,696.0,2942.0,11.0,6.0,1,72,0,81
401,3,1756.0,3068.0,17.0,11.0,1,357,0,398
401,31,173.0,2945.0,10.0,6.0,0,293,1,326
401,36,656.0,2937.0,11.0,9.0,1,285,0,318
401,39,283.0,2946.0,12.0,8.0,1,293,0,316
401,42,429.0,2952.0,12.0,6.0,1,288,0,314
401,43,333.0,2946.0,14.0,7.0,1,277,0,313
401,47,391.0,2944.0,13.0,9.0,1,286,0,309
401,50,264.0,2948.0,13.0,10.0,1,283,0,306
401,51,554.0,2935.0,13.0,10.0,1,266,0,304
401,52,676.0,2938.0,11.0,8.0,1,273,0,304
401,54,381.0,2943.0,10.0,7.0,1,277,0,303
401,56,601.0,2929.0,13.0,9.0,1,264,0,298
401,57,584.0,2924.0,12.0,10.0,1,274,0,296
401,60,450.0,2956.0,14.0,9.0,1,258,0,293
401,63,632.0,2930.0,12.0,9.0,1,270,0,289
401,68,616.0,2916.0,12.0,10.0,1,257,0,278
401,72,236.0,2946.0,14.0,9.0,1,240,0,272
401,76,148.0,2948.0,11.0,9.0,1,235,0,268
401,79,193.0,2946.0,15.0,9.0,1,231,0,262
401,81,414.0,2948.0,13.0,9.0,1,236,0,260
401,123,307.0,2946.0,10.0,8.0,1,153,0,169
401,138,527.0,2937.0,15.0,11.0,1,114,0,137
401,139,219.0,2944.0,12.0,8.0,1,123,0,137
401,155,355.0,2944.0,11.0,8.0,1,92,0,98
401,159,696.0,2940.0,10.0,8.0,1,73,0,82
402,3,1762.0,3074.0,15.0,8.0,1,358,0,399
402,31,168.0,2946.0,8.0,11.0,1,294,0,327
402,36,653.0,2931.0,9.0,7.0,1,286,0,319
402,39,276.0,2942.0,12.0,8.0,1,294,0,317
402,42,429.0,2950.0,11.0,7.0,1,289,0,315
402,43,326.0,2940.0,12.0,9.0,1,278,0,314
402,47,397.0,2947.0,12.0,7.0,1,287,0,310
402,50,257.0,2945.0,12.0,9.0,1,284,0,307
402,51,554.0,2935.0,13.0,10.0,0,266,1,305
402,52,677.0,2936.0,9.0,9.0,1,274,0,305
402,54,370.0,2945.0,14.0,9.0,1,278,0,304
402,56,596.0,2929.0,11.0,9.0,1,265,0,299
402,57,574.0,2921.0,11.0,9.0,1,275,0,297
402,60,449.0,2942.0,13.0,9.0,1,259,0,294
402,63,633.0,2927.0,11.0,8.0,1,271,0,290
402,68,616.0,2916.0,12.0,10.0,0,257,1,279
402,72,229.0,2948.0,13.0,9.0,1,241,0,273
402,76,138.0,2943.0,9.0,8.0,1,236,0,269
402,79,185.0,2948.0,15.0,9.0,1,232,0,263
402,81,414.0,2948.0,13.0,9.0,0,236,1,261
402,123,307.0,2947.0,10.0,9.0,1,154,0,170
402,138,528.0,2943.0,10.0,9.0,1,115,0,138
402,139,211.0,2942.0,13.0,7.0,1,124,0,138
402,155,352.0,2943.0,7.0,9.0,1,93,0,99
402,159,693.0,2932.0,9.0,8.0,1,74,0,83
403,3,1764.0,3078.0,12.0,10.0,1,359,0,400
403,31,165.0,2949.0,7.0,9.0,1,295,0,328
403,36,651.0,2926.0,10.0,7.0,1,287,0,320
403,39,273.0,2941.0,14.0,9.0,1,295,0,318
403,42,420.0,2946.0,10.0,4.0,1,290,0,316
403,43,320.0,2942.0,12.0,9.0,1,279,0,315
403,47,385.0,2943.0,12.0,6.0,1,288,0,311
403,50,251.0,2948.0,12.0,8.0,1,285,0,308
403,51,544.0,2931.0,12.0,11.0,1,267,0,306
403,52,673.0,2939.0,9.0,5.0,1,275,0,306
403,54,367.0,2947.0,13.0,8.0,1,279,0,305
403,56,594.0,2923.0,11.0,9.0,1,266,0,300
403,57,575.0,2920.0,12.0,10.0,1,276,0,298
403,60,445.0,2950.0,12.0,8.0,1,260,0,295
403,63,626.0,2928.0,10.0,7.0,1,272,0,291
403,68,608.0,2921.0,10.0,7.0,1,258,0,280
403,72,230.0,2947.0,11.0,7.0,1,242,0,274
403,76,131.0,2944.0,10.0,7.0,1,237,0,270
403,79,167.0,2947.0,16.0,9.0,1,233,0,264
403,81,406.0,2950.0,13.0,7.0,1,237,0,262
403,123,307.0,2947.0,10.0,9.0,0,154,1,171
403,138,526.0,2939.0,10.0,9.0,1,116,0,139
403,139,205.0,2946.0,13.0,7.0,1,125,0,139
403,155,353.0,2947.0,7.0,10.0,1,94,0,100
403,159,690.0,2937.0,9.0,7.0,1,75,0,84
404,3,1768.0,3070.0,13.0,10.0,1,360,0,401
404,31,157.0,2948.0,9.0,5.0,1,296,0,329
404,36,652.0,2931.0,8.0,6.0,1,288,0,321
404,39,269.0,2950.0,12.0,8.0,1,296,0,319
404,42,421.0,2950.0,11.0,10.0,1,291,0,317
404,43,316.0,2948.0,13.0,9.0,1,280,0,316
404,47,380.0,2950.0,11.0,6.0,1,289,0,312
404,50,248.0,2945.0,9.0,7.0,1,286,0,309
404,51,540.0,2939.0,10.0,6.0,1,268,0,307
404,52,672.0,2941.0,8.0,8.0,1,276,0,307
404,54,363.0,2944.0,11.0,9.0,1,280,0,306
404,56,589.0,2932.0,13.0,8.0,1,267,0,301
404,57,575.0,2921.0,12.0,6.0,1,277,0,299
404,60,439.0,2945.0,13.0,11.0,1,261,0,296
404,63,626.0,2928.0,10.0,7.0,0,272,1,292
404,68,596.0,2920.0,11.0,7.0,1,259,0,281
404,72,224.0,2940.0,12.0,7.0,1,243,0,275
404,76,124.0,2949.0,10.0,7.0,1,238,0,271
404,79,176.0,2951.0,17.0,9.0,1,234,0,265
404,81,406.0,2950.0,13.0,7.0,0,237,1,263
404,123,293.0,2939.0,11.0,9.0,1,155,0,172
404,138,517.0,2938.0,9.0,8.0,1,117,0,140
404,139,201.0,2948.0,13.0,9.0,1,126,0,140
404,155,345.0,2945.0,10.0,10.0,1,95,0,101
404,159,692.0,2941.0,10.0,7.0,1,76,0,85
405,3,1769.0,3069.0,14.0,12.0,1,361,0,402
405,31,157.0,2948.0,9.0,5.0,0,296,1,330
405,36,643.0,2929.0,12.0,9.0,1,289,0,322
405,39,264.0,2945.0,12.0,10.0,1,297,0,320
405,42,421.0,2950.0,11.0,10.0,0,291,1,318
405,43,316.0,2950.0,12.0,8.0,1,281,0,317
405,47,383.0,2944.0,9.0,6.0,1,290,0,313
405,50,245.0,2947.0,8.0,10.0,1,287,0,310
405,51,541.0,2942.0,11.0,8.0,1,269,0,308
405,52,663.0,2932.0,8.0,9.0,1,277,0,308
405,54,366.0,2941.0,12.0,8.0,1,281,0,307
405,56,589.0,2932.0,13.0,8.0,0,267,1,302
405,57,575.0,2918.0,9.0,6.0,1,278,0,300
405,60,437.0,2941.0,12.0,8.0,1,262,0,297
405,63,623.0,2929.0,8.0,7.0,1,273,0,293
405,68,603.0,2919.0,9.0,7.0,1,260,0,282
405,72,224.0,2940.0,12.0,7.0,0,243,1,276
405,76,122.0,2949.0,10.0,6.0,1,239,0,272
405,79,162.0,2949.0,15.0,8.0,1,235,0,266
405,81,395.0,2940.0,11.0,10.0,1,238,0,264
405,123,289.0,2944.0,9.0,7.0,1,156,0,173
405,138,517.0,2932.0,9.0,7.0,1,118,0,141
405,139,196.0,2944.0,13.0,6.0,1,127,0,141
405,155,338.0,2943.0,10.0,10.0,1,96,0,102
405,159,681.0,2940.0,9.0,8.0,1,77,0,86
406,3,1763.0,3072.0,18.0,10.0,1,362,0,403
406,31,143.0,2944.0,9.0,5.0,1,297,0,331
406,36,643.0,2931.0,12.0,9.0,1,290,0,323
406,39,260.0,2941.0,12.0,8.0,1,298,0,321
406,42,421.0,2950.0,11.0,10.0,0,291,2,319
406,43,313.0,2941.0,12.0,11.0,1,282,0,318
406,47,368.0,2943.0,8.0,7.0,1,291,0,314
406,50,239.0,2942.0,13.0,9.0,1,288,0,311
406,51,532.0,2934.0,9.0,7.0,1,270,0,309
406,52,668.0,2933.0,11.0,8.0,1,278,0,309
406,54,357.0,2939.0,10.0,8.0,1,282,0,308
406,56,580.0,2932.0,11.0,9.0,1,268,0,303
406,57,570.0,2920.0,13.0,8.0,1,279,0,301
406,60,437.0,2941.0,12.0,8.0,0,262,1,298
406,63,616.0,2922.0,10.0,9.0,1,274,0,294
406,68,603.0,2919.0,9.0,7.0,0,260,1,283
406,72,224.0,2940.0,12.0,7.0,0,243,2,277
406,76,118.0,2943.0,11.0,9.0,1,240,0,273
406,79,164.0,2952.0,14.0,7.0,1,236,0,267
406,81,390.0,2947.0,9.0,8.0,1,239,0,265
406,123,285.0,2946.0,10.0,7.0,1,157,0,174
406,138,515.0,2941.0,14.0,6.0,1,119,0,142
406,139,191.0,2944.0,12.0,7.0,1,128,0,142
406,155,333.0,2950.0,7.0,7.0,1,97,0,103
406,159,684.0,2933.0,7.0,9.0,1,78,0,87
407,3,1775.0,3072.0,18.0,10.0,1,363,0,404
407,31,143.0,2944.0,9.0,5.0,0,297,1,332
407,36,636.0,2926.0,11.0,9.0,1,291,0,324
407,39,248.0,2944.0,12.0,8.0,1,299,0,322
407,42,399.0,2950.0,8.0,7.0,1,292,0,320
407,43,304.0,2944.0,10.0,8.0,1,283,0,319
407,47,369.0,2943.0,10.0,7.0,1,292,0,315
407,50,228.0,2950.0,11.0,9.0,1,289,0,312
407,51,542.0,2934.0,9.0,8.0,1,271,0,310
407,52,659.0,2931.0,9.0,6.0,1,279,0,310
407,54,353.0,2942.0,9.0,8.0,1,283,0,309
407,56,581.0,2924.0,11.0,8.0,1,269,0,304
407,57,559.0,2918.0,11.0,6.0,1,280,0,302
407,60,427.0,2942.0,9.0,9.0,1,263,0,299
407,63,616.0,2922.0,10.0,9.0,0,274,1,295
407,68,596.0,2916.0,12.0,7.0,1,261,0,284
407,72,210.0,2946.0,8.0,6.0,1,244,0,278
407,76,110.0,2947.0,10.0,9.0,1,241,0,274
407,79,156.0,2943.0,16.0,7.0,1,237,0,268
407,81,385.0,2950.0,12.0,9.0,1,240,0,266
407,123,284.0,2948.0,10.0,6.0,1,158,0,175
407,138,510.0,2936.0,12.0,8.0,1,120,0,143
407,139,188.0,2949.0,12.0,7.0,1,129,0,143
407,155,329.0,2945.0,8.0,6.0,1,98,0,104
407,159,667.0,2935.0,13.0,9.0,1,79,0,88
408,3,1776.0,3064.0,12.0,11.0,1,364,0,405
408,31,124.0,2947.0,12.0,7.0,1,298,0,333
408,36,635.0,2925.0,10.0,10.0,1,292,0,325
408,39,251.0,2942.0,11.0,8.0,1,300,0,323
408,42,402.0,2949.0,8.0,8.0,1,293,0,321
408,43,294.0,2938.0,14.0,10.0,1,284,0,320
408,47,362.0,2941.0,5.0,5.0,1,293,0,316
408,50,222.0,2951.0,13.0,7.0,1,290,0,313
408,51,542.0,2934.0,9.0,8.0,0,271,1,311
408,52,656.0,2930.0,12.0,8.0,1,280,0,311
408,54,342.0,2943.0,11.0,7.0,1,284,0,310
408,56,573.0,2926.0,10.0,8.0,1,270,0,305
408,57,559.0,2918.0,11.0,6.0,0,280,1,303
408,60,418.0,2944.0,14.0,9.0,1,264,0,300
408,63,608.0,2924.0,10.0,6.0,1,275,0,296
408,68,590.0,2917.0,9.0,8.0,1,262,0,285
408,72,205.0,2945.0,8.0,6.0,1,245,0,279
408,76,101.0,2946.0,13.0,9.0,1,242,0,275
408,79,152.0,2947.0,18.0,10.0,1,238,0,269
408,81,383.0,2936.0,10.0,8.0,1,241,0,267
408,123,269.0,2939.0,10.0,7.0,1,159,0,176
408,138,510.0,2939.0,12.0,8.0,1,121,0,144
408,139,180.0,2944.0,10.0,7.0,1,130,0,144
408,155,321.0,2942.0,10.0,7.0,1,99,0,105
408,159,677.0,2931.0,12.0,8.0,1,80,0,89
409,3,1777.0,3070.0,10.0,9.0,1,365,0,406
409,31,124.0,2944.0,12.0,6.0,1,299,0,334
409,36,634.0,2925.0,10.0,11.0,1,293,0,326
409,39,246.0,2947.0,12.0,7.0,1,301,0,324
409,42,397.0,2943.0,8.0,8.0,1,294,0,322
409,43,298.0,2949.0,12.0,8.0,1,285,0,321
409,47,355.0,2940.0,13.0,8.0,1,294,0,317
409,50,222.0,2947.0,11.0,9.0,1,291,0,314
409,51,532.0,2927.0,11.0,7.0,1,272,0,312
409,52,652.0,2923.0,8.0,11.0,1,281,0,312
409,54,339.0,2939.0,9.0,10.0,1,285,0,311
409,56,569.0,2921.0,11.0,8.0,1,271,0,306
409,57,555.0,2908.0,12.0,10.0,1,281,0,304
409,60,422.0,2940.0,13.0,9.0,1,265,0,301
409,63,608.0,2924.0,10.0,6.0,0,275,1,297
409,68,584.0,2914.0,10.0,7.0,1,263,0,286
409,72,194.0,2947.0,11.0,6.0,1,246,0,280
409,76,100.0,2945.0,13.0,8.0,1,243,0,276
409,79,143.0,2947.0,16.0,7.0,1,239,0,270
409,81,383.0,2936.0,10.0,8.0,0,241,1,268
409,123,265.0,2941.0,10.0,9.0,1,160,0,177
409,138,505.0,2936.0,8.0,8.0,1,122,0,145
409,139,173.0,2944.0,11.0,7.0,1,131,0,145
409,155,316.0,2939.0,10.0,7.0,1,100,0,106
409,159,673.0,2931.0,9.0,11.0,1,81,0,90
410,3,1777.0,3070.0,10.0,9.0,0,365,1,407
410,31,116.0,2941.0,8.0,7.0,1,300,0,335
410,36,630.0,2925.0,11.0,8.0,1,294,0,327
410,39,239.0,2949.0,10.0,7.0,1,302,0,325
410,42,398.0,2943.0,12.0,7.0,1,295,0,323
410,43,285.0,2942.0,13.0,9.0,1,286,0,322
410,47,352.0,2941.0,9.0,6.0,1,295,0,318
410,50,216.0,2942.0,11.0,9.0,1,292,0,315
410,51,530.0,2925.0,9.0,8.0,1,273,0,313
410,52,648.0,2926.0,10.0,8.0,1,282,0,313
410,54,339.0,2939.0,9.0,10.0,0,285,1,312
410,56,572.0,2924.0,12.0,9.0,1,272,0,307
410,57,558.0,2914.0,12.0,8.0,1,282,0,305
410,60,410.0,2941.0,14.0,7.0,1,266,0,302
410,63,596.0,2922.0,11.0,7.0,1,276,0,298
410,68,584.0,2914.0,10.0,7.0,0,263,1,287
410,72,193.0,2945.0,10.0,6.0,1,247,0,281
410,76,93.0,2939.0,11.0,9.0,1,244,0,277
410,79,139.0,2948.0,15.0,8.0,1,240,0,271
410,81,374.0,2940.0,12.0,7.0,1,242,0,269
410,123,263.0,2943.0,11.0,9.0,1,161,0,178
410,138,503.0,2929.0,10.0,9.0,1,123,0,146
410,139,168.0,2948.0,13.0,8.0,1,132,0,146
410,155,316.0,2939.0,10.0,7.0,0,100,1,107
410,159,666.0,2926.0,8.0,12.0,1,82,0,91
411,3,1774.0,3070.0,18.0,8.0,1,366,0,408
411,31,116.0,2944.0,12.0,11.0,1,301,0,336
411,36,626.0,2927.0,8.0,10.0,1,295,0,328
411,39,239.0,2947.0,13.0,9.0,1,303,0,326
411,42,391.0,2949.0,10.0,7.0,1,296,0,324
411,43,284.0,2939.0,11.0,9.0,1,287,0,323
411,47,346.0,2937.0,12.0,7.0,1,296,0,319
411,50,209.0,2950.0,16.0,9.0,1,293,0,316
411,51,522.0,2934.0,11.0,9.0,1,274,0,314
411,52,647.0,2936.0,12.0,9.0,1,283,0,314
411,54,339.0,2939.0,9.0,10.0,0,285,2,313
411,56,567.0,2915.0,11.0,8.0,1,273,0,308
411,57,549.0,2913.0,11.0,9.0,1,283,0,306
411,60,413.0,2939.0,12.0,8.0,1,267,0,303
411,63,598.0,2919.0,14.0,8.0,1,277,0,299
411,68,571.0,2918.0,11.0,8.0,1,264,0,288
411,72,189.0,2949.0,10.0,8.0,1,248,0,282
411,76,88.0,2945.0,14.0,10.0,1,245,0,278
411,79,135.0,2952.0,17.0,8.0,1,241,0,272
411,81,372.0,2946.0,11.0,7.0,1,243,0,270
411,123,254.0,2942.0,10.0,7.0,1,162,0,179
411,138,498.0,2930.0,9.0,7.0,1,124,0,147
411,139,168.0,2948.0,13.0,8.0,0,132,1,147
411,155,311.0,2944.0,9.0,6.0,1,101,0,108
411,159,669.0,2928.0,10.0,9.0,1,83,0,92
412,3,1772.0,3076.0,14.0,7.0,1,367,0,409
412,31,110.0,2939.0,11.0,7.0,1,302,0,337
412,36,614.0,2918.0,11.0,8.0,1,296,0,329
412,39,224.0,2937.0,13.0,10.0,1,304,0,327
412,42,392.0,2944.0,8.0,8.0,1,297,0,325
412,43,284.0,2939.0,11.0,9.0,0,287,1,324
412,47,346.0,2948.0,8.0,4.0,1,297,0,320
412,50,203.0,2945.0,11.0,6.0,1,294,0,317
412,51,525.0,2931.0,13.0,9.0,1,275,0,315
412,52,647.0,2936.0,12.0,9.0,0,283,1,315
412,54,328.0,2932.0,16.0,11.0,1,286,0,314
412,56,558.0,2925.0,14.0,9.0,1,274,0,309
412,57,552.0,2914.0,13.0,5.0,1,284,0,307
412,60,400.0,2942.0,14.0,8.0,1,268,0,304
412,63,592.0,2918.0,13.0,7.0,1,278,0,300
412,68,576.0,2912.0,9.0,9.0,1,265,0,289
412,72,179.0,2947.0,11.0,7.0,1,249,0,283
412,76,85.0,2948.0,13.0,11.0,1,246,0,279
412,79,129.0,2949.0,14.0,9.0,1,242,0,273
412,81,366.0,2947.0,13.0,6.0,1,244,0,271
412,123,254.0,2941.0,9.0,7.0,1,163,0,180
412,138,496.0,2932.0,10.0,9.0,1,125,0,148
412,139,162.0,2945.0,12.0,10.0,1,133,0,148
412,155,306.0,2940.0,8.0,5.0,1,102,0,109
412,159,669.0,2928.0,10.0,9.0,0,83,1,93
413,3,1779.0,3072.0,12.0,7.0,1,368,0,410
413,31,102.0,2941.0,12.0,7.0,1,303,0,338
413,36,607.0,2918.0,13.0,11.0,1,297,0,330
413,39,229.0,2943.0,13.0,9.0,1,305,0,328
413,42,380.0,2940.0,11.0,5.0,1,298,0,326
413,43,274.0,2944.0,11.0,6.0,1,288,0,325
413,47,341.0,2945.0,12.0,6.0,1,298,0,321
413,50,200.0,2940.0,15.0,10.0,1,295,0,318
413,51,525.0,2931.0,13.0,9.0,0,275,1,316
413,52,635.0,2925.0,13.0,9.0,1,284,0,316
413,54,324.0,2933.0,12.0,10.0,1,287,0,315
413,56,560.0,2920.0,10.0,8.0,1,275,0,310
413,57,547.0,2915.0,10.0,6.0,1,285,0,308
413,60,396.0,2939.0,12.0,8.0,1,269,0,305
413,63,588.0,2921.0,11.0,7.0,1,279,0,301
413,68,574.0,2916.0,8.0,8.0,1,266,0,290
413,72,172.0,2949.0,12.0,7.0,1,250,0,284
413,76,83.0,2947.0,9.0,8.0,1,247,0,280
413,79,124.0,2946.0,18.0,7.0,1,243,0,274
413,81,356.0,2939.0,12.0,8.0,1,245,0,272
413,123,251.0,2944.0,8.0,6.0,1,164,0,181
413,138,493.0,2937.0,9.0,6.0,1,126,0,149
413,139,155.0,2945.0,9.0,9.0,1,134,0,149
413,155,304.0,2942.0,10.0,5.0,1,103,0,110
413,159,657.0,2924.0,11.0,8.0,1,84,0,94
414,3,1779.0,3072.0,12.0,7.0,0,368,1,411
414,31,103.0,2944.0,11.0,6.0,1,304,0,339
414,36,611.0,2915.0,10.0,7.0,1,298,0,331
414,39,216.0,2946.0,12.0,9.0,1,306,0,329
414,42,375.0,2941.0,13.0,7.0,1,299,0,327
414,43,270.0,2939.0,11.0,7.0,1,289,0,326
414,47,332.0,2937.0,10.0,6.0,1,299,0,322
414,50,193.0,2946.0,15.0,7.0,1,296,0,319
414,51,525.0,2924.0,11.0,10.0,1,276,0,317
414,52,634.0,2921.0,14.0,10.0,1,285,0,317
414,54,318.0,2940.0,12.0,7.0,1,288,0,316
414,56,551.0,2919.0,15.0,8.0,1,276,0,311
414,57,536.0,2913.0,9.0,5.0,1,286,0,309
414,60,390.0,2931.0,14.0,7.0,1,270,0,306
414,63,586.0,2913.0,11.0,6.0,1,280,0,302
414,68,567.0,2912.0,11.0,7.0,1,267,0,291
414,72,168.0,2942.0,10.0,6.0,1,251,0,285
414,76,71.0,2938.0,12.0,13.0,1,248,0,281
414,79,116.0,2946.0,16.0,7.0,1,244,0,275
414,81,358.0,2946.0,12.0,7.0,1,246,0,273
414,123,242.0,2943.0,12.0,9.0,1,165,0,182
414,138,489.0,2931.0,11.0,8.0,1,127,0,150
414,139,155.0,2945.0,9.0,9.0,0,134,1,150
414,155,301.0,2946.0,9.0,6.0,1,104,0,111
414,159,652.0,2926.0,11.0,11.0,1,85,0,95
415,3,1779.0,3072.0,12.0,7.0,0,368,2,412
415,31,98.0,2942.0,7.0,6.0,1,305,0,340
415,36,610.0,2922.0,11.0,8.0,1,299,0,332
415,39,216.0,2946.0,12.0,8.0,1,307,0,330
415,42,375.0,2941.0,13.0,7.0,0,299,1,328
415,43,261.0,2942.0,11.0,7.0,1,290,0,327
415,47,333.0,2934.0,10.0,7.0,1,300,0,323
415,50,193.0,2950.0,14.0,9.0,1,297,0,320
415,51,525.0,2924.0,11.0,10.0,0,276,1,318
415,52,627.0,2922.0,11.0,10.0,1,286,0,318
415,54,315.0,2941.0,13.0,9.0,1,289,0,317
415,56,547.0,2918.0,14.0,7.0,1,277,0,312
415,57,536.0,2913.0,9.0,5.0,0,286,1,310
415,60,383.0,2939.0,11.0,6.0,1,271,0,307
415,63,582.0,2919.0,13.0,7.0,1,281,0,303
415,68,560.0,2912.0,8.0,8.0,1,268,0,292
415,72,161.0,2941.0,10.0,6.0,1,252,0,286
415,76,68.0,2938.0,10.0,9.0,1,249,0,282
415,79,114.0,2943.0,17.0,8.0,1,245,0,276
415,81,352.0,2934.0,11.0,8.0,1,247,0,274
415,123,240.0,2940.0,9.0,8.0,1,166,0,183
415,138,490.0,2929.0,7.0,5.0,1,128,0,151
415,139,155.0,2945.0,9.0,9.0,0,134,2,151
415,155,292.0,2948.0,11.0,8.0,1,105,0,112
415,159,649.0,2919.0,13.0,8.0,1,86,0,96
416,3,1770.0,3071.0,13.0,10.0,1,369,0,413
416,31,88.0,2945.0,12.0,6.0,1,306,0,341
416,36,609.0,2921.0,10.0,8.0,1,300,0,333
416,39,208.0,2942.0,11.0,8.0,1,308,0,331
416,42,364.0,2939.0,9.0,8.0,1,300,0,329
416,43,255.0,2936.0,11.0,7.0,1,291,0,328
416,47,328.0,2930.0,10.0,9.0,1,301,0,324
416,50,186.0,2949.0,11.0,7.0,1,298,0,321
416,51,515.0,2924.0,13.0,10.0,1,277,0,319
416,52,627.0,2918.0,11.0,11.0,1,287,0,319
416,54,304.0,2932.0,14.0,7.0,1,290,0,318
416,56,544.0,2916.0,12.0,7.0,1,278,0,313
416,57,535.0,2906.0,8.0,10.0,1,287,0,311
416,60,383.0,2937.0,13.0,7.0,1,272,0,308
416,63,576.0,2915.0,11.0,7.0,1,282,0,304
416,68,560.0,2912.0,5.0,6.0,1,269,0,293
416,72,153.0,2948.0,11.0,6.0,1,253,0,287
416,76,61.0,2943.0,14.0,9.0,1,250,0,283
416,79,112.0,2949.0,18.0,6.0,1,246,0,277
416,81,343.0,2936.0,13.0,10.0,1,248,0,275
416,123,229.0,2943.0,10.0,9.0,1,167,0,184
416,138,490.0,2932.0,10.0,6.0,1,129,0,152
416,139,155.0,2945.0,9.0,9.0,0,134,3,152
416,155,283.0,2947.0,12.0,7.0,1,106,0,113
416,159,649.0,2919.0,13.0,8.0,0,86,1,97
417,3,1779.0,3072.0,17.0,12.0,1,370,0,414
417,31,88.0,2945.0,12.0,6.0,0,306,1,342
417,36,596.0,2916.0,13.0,10.0,1,301,0,334
417,39,198.0,2943.0,10.0,8.0,1,309,0,332
417,42,363.0,2933.0,9.0,5.0,1,301,0,330
417,43,254.0,2941.0,14.0,6.0,1,292,0,329
417,47,319.0,2937.0,11.0,7.0,1,302,0,325
417,50,181.0,2942.0,8.0,8.0,1,299,0,322
417,51,509.0,2928.0,11.0,9.0,1,278,0,320
417,52,620.0,2925.0,12.0,11.0,1,288,0,320
417,54,307.0,2935.0,11.0,8.0,1,291,0,319
417,56,543.0,2919.0,12.0,6.0,1,279,0,314
417,57,533.0,2909.0,13.0,8.0,1,288,0,312
417,60,380.0,2939.0,13.0,10.0,1,273,0,309
417,63,576.0,2915.0,11.0,7.0,1,283,0,305
417,68,560.0,2917.0,6.0,6.0,1,270,0,294
417,72,158.0,2949.0,12.0,8.0,1,254,0,288
417,76,61.0,2943.0,14.0,9.0,0,250,1,284
417,79,98.0,2943.0,18.0,8.0,1,247,0,278
417,81,340.0,2933.0,11.0,8.0,1,249,0,276
417,123,223.0,2945.0,10.0,8.0,1,168,0,185
417,138,482.0,2923.0,8.0,6.0,1,130,0,153
417,139,123.0,2941.0,13.0,10.0,1,135,0,153
417,155,281.0,2937.0,13.0,8.0,1,107,0,114
417,159,643.0,2922.0,11.0,9.0,1,87,0,98
418,3,1774.0,3077.0,11.0,9.0,1,371,0,415
418,31,78.0,2943.0,10.0,7.0,1,307,0,343
418,36,598.0,2920.0,8.0,7.0,1,302,0,335
418,39,197.0,2934.0,12.0,11.0,1,310,0,333
418,42,359.0,2941.0,13.0,8.0,1,302,0,331
418,43,254.0,2941.0,14.0,6.0,0,292,1,330
418,47,313.0,2940.0,12.0,7.0,1,303,0,326
418,50,181.0,2942.0,8.0,8.0,0,299,1,323
418,51,511.0,2927.0,11.0,10.0,1,279,0,321
418,52,617.0,2920.0,12.0,9.0,1,289,0,321
418,54,300.0,2933.0,12.0,7.0,1,292,0,320
418,56,534.0,2918.0,10.0,11.0,1,280,0,315
418,57,524.0,2910.0,12.0,10.0,1,289,0,313
418,60,374.0,2937.0,10.0,7.0,1,274,0,310
418,63,570.0,2919.0,12.0,6.0,1,284,0,306
418,68,550.0,2913.0,5.0,8.0,1,271,0,295
418,72,150.0,2942.0,10.0,8.0,1,255,0,289
418,76,56.0,2944.0,12.0,9.0,1,251,0,285
418,79,98.0,2944.0,18.0,9.0,1,248,0,279
418,81,339.0,2932.0,10.0,6.0,1,250,0,277
418,123,227.0,2950.0,9.0,9.0,1,169,0,186
418,138,474.0,2928.0,9.0,7.0,1,131,0,154
418,139,123.0,2941.0,13.0,10.0,0,135,1,154
418,155,269.0,2940.0,10.0,6.0,1,108,0,115
418,159,641.0,2926.0,10.0,9.0,1,88,0,99
419,3,1773.0,3074.0,15.0,11.0,1,372,0,416
419,31,71.0,2945.0,12.0,6.0,1,308,0,344
419,36,587.0,2909.0,14.0,8.0,1,303,0,336
419,39,197.0,2934.0,12.0,11.0,0,310,1,334
419,42,348.0,2937.0,10.0,7.0,1,303,0,332
419,43,246.0,2937.0,9.0,8.0,1,293,0,331
419,47,312.0,2936.0,7.0,8.0,1,304,0,327
419,50,181.0,2942.0,8.0,8.0,0,299,2,324
419,51,506.0,2928.0,7.0,10.0,1,280,0,322
419,52,616.0,2918.0,11.0,9.0,1,290,0,322
419,54,294.0,2937.0,12.0,9.0,1,293,0,321
419,56,533.0,2917.0,10.0,8.0,1,281,0,316
419,57,520.0,2911.0,13.0,8.0,1,290,0,314
419,60,373.0,2938.0,9.0,7.0,1,275,0,311
419,63,571.0,2918.0,11.0,7.0,1,285,0,307
419,68,550.0,2913.0,5.0,8.0,0,271,1,296
419,72,145.0,2939.0,11.0,9.0,1,256,0,290
419,76,47.0,2938.0,11.0,7.0,1,252,0,286
419,79,98.0,2944.0,18.0,9.0,0,248,1,280
419,81,331.0,2937.0,14.0,10.0,1,251,0,278
419,123,218.0,2941.0,10.0,10.0,1,170,0,187
419,138,481.0,2926.0,7.0,9.0,1,132,0,155
419,139,118.0,2948.0,10.0,5.0,1,136,0,155
419,155,269.0,2941.0,12.0,7.0,1,109,0,116
419,159,636.0,2918.0,11.0,6.0,1,89,0,100
420,3,1778.0,3071.0,15.0,12.0,1,373,0,417
420,31,63.0,2939.0,11.0,6.0,1,309,0,345
420,36,585.0,2913.0,13.0,7.0,1,304,0,337
420,39,207.0,2944.0,12.0,9.0,1,311,0,335
420,42,353.0,2935.0,10.0,9.0,1,304,0,333
420,43,237.0,2940.0,11.0,8.0,1,294,0,332
420,47,309.0,2932.0,8.0,5.0,1,305,0,328
420,50,168.0,2943.0,10.0,8.0,1,300,0,325
420,51,500.0,2928.0,14.0,9.0,1,281,0,323
420,52,613.0,2918.0,11.0,11.0,1,291,0,323
420,54,290.0,2933.0,11.0,7.0,1,294,0,322
420,56,534.0,2916.0,11.0,8.0,1,282,0,317
420,57,513.0,2911.0,10.0,10.0,1,291,0,315
420,60,368.0,2933.0,11.0,8.0,1,276,0,312
420,63,568.0,2913.0,12.0,8.0,1,286,0,308
420,68,537.0,2912.0,7.0,5.0,1,272,0,297
420,72,131.0,2941.0,11.0,6.0,1,257,0,291
420,76,39.0,2937.0,13.0,8.0,1,253,0,287
420,79,98.0,2944.0,18.0,9.0,0,248,2,281
420,81,326.0,2936.0,12.0,10.0,1,252,0,279
420,123,262.0,2985.0,8.0,6.0,1,171,0,188
420,138,476.0,2920.0,9.0,9.0,1,133,0,156
420,139,114.0,2940.0,10.0,8.0,1,137,0,156
420,155,269.0,2935.0,12.0,7.0,1,110,0,117
420,159,634.0,2924.0,10.0,7.0,1,90,0,101
421,3,1772.0,3065.0,19.0,9.0,1,374,0,418
421,31,62.0,2945.0,11.0,7.0,1,310,0,346
421,36,583.0,2916.0,13.0,11.0,1,305,0,338
421,39,188.0,2942.0,14.0,9.0,1,312,0,336
421,42,353.0,2935.0,10.0,9.0,0,304,1,334
421,43,232.0,2939.0,13.0,9.0,1,295,0,333
421,47,300.0,2935.0,9.0,5.0,1,306,0,329
421,50,157.0,2944.0,14.0,8.0,1,301,0,326
421,51,506.0,2926.0,10.0,6.0,1,282,0,324
421,52,604.0,2917.0,14.0,11.0,1,292,0,324
421,54,291.0,2928.0,12.0,9.0,1,295,0,323
421,56,527.0,2922.0,12.0,8.0,1,283,0,318
421,57,515.0,2910.0,9.0,6.0,1,292,0,316
421,60,359.0,2932.0,12.0,9.0,1,277,0,313
421,63,568.0,2913.0,12.0,8.0,0,286,1,309
421,68,539.0,2905.0,6.0,7.0,1,273,0,298
421,72,129.0,2944.0,12.0,8.0,1,258,0,292
421,76,34.0,2938.0,14.0,8.0,1,254,0,288
421,79,82.0,2939.0,19.0,8.0,1,249,0,282
421,81,324.0,2930.0,9.0,10.0,1,253,0,280
421,123,204.0,2940.0,11.0,9.0,1,172,0,189
421,138,471.0,2928.0,7.0,11.0,1,134,0,157
421,139,108.0,2937.0,10.0,9.0,1,138,0,157
421,155,254.0,2937.0,11.0,8.0,1,111,0,118
421,159,638.0,2922.0,10.0,8.0,1,91,0,102
422,3,1774.0,3071.0,16.0,11.0,1,375,0,419
422,31,62.0,2945.0,11.0,7.0,0,310,1,347
422,36,584.0,2910.0,12.0,7.0,1,306,0,339
422,39,170.0,2941.0,15.0,10.0,1,313,0,337
422,42,335.0,2938.0,11.0,10.0,1,305,0,335
422,43,225.0,2936.0,10.0,9.0,1,296,0,334
422,47,298.0,2935.0,12.0,7.0,1,307,0,330
422,50,152.0,2943.0,10.0,8.0,1,302,0,327
422,51,500.0,2927.0,11.0,8.0,1,283,0,325
422,52,602.0,2913.0,13.0,10.0,1,293,0,325
422,54,285.0,2926.0,10.0,8.0,1,296,0,324
422,56,522.0,2915.0,9.0,8.0,1,284,0,319
422,57,506.0,2909.0,15.0,8.0,1,293,0,317
422,60,359.0,2932.0,12.0,9.0,0,277,1,314
422,63,556.0,2911.0,13.0,9.0,1,287,0,310
422,68,526.0,2904.0,7.0,6.0,1,274,0,299
422,72,122.0,2941.0,10.0,8.0,1,259,0,293
422,76,30.0,2934.0,13.0,10.0,1,255,0,289
422,79,74.0,2936.0,18.0,8.0,1,250,0,283
422,81,316.0,2936.0,9.0,6.0,1,254,0,281
422,123,199.0,2944.0,11.0,8.0,1,173,0,190
422,138,461.0,2931.0,14.0,10.0,1,135,0,158
422,139,107.0,2944.0,7.0,6.0,1,139,0,158
422,155,254.0,2937.0,11.0,8.0,0,111,1,119
422,159,621.0,2915.0,12.0,11.0,1,92,0,103
423,3,1779.0,3075.0,14.0,7.0,1,376,0,420
423,31,53.0,2940.0,10.0,8.0,1,311,0,348
423,36,581.0,2906.0,11.0,9.0,1,307,0,340
423,39,174.0,2942.0,8.0,7.0,1,314,0,338
423,42,333.0,2937.0,8.0,7.0,1,306,0,336
423,43,217.0,2933.0,10.0,10.0,1,297,0,335
423,47,298.0,2935.0,12.0,7.0,0,307,1,331
423,50,140.0,2944.0,13.0,6.0,1,303,0,328
423,51,495.0,2930.0,9.0,7.0,1,284,0,326
423,52,598.0,2922.0,12.0,8.0,1,294,0,326
423,54,276.0,2925.0,12.0,10.0,1,297,0,325
423,56,517.0,2908.0,12.0,7.0,1,285,0,320
423,57,501.0,2908.0,11.0,7.0,1,294,0,318
423,60,359.0,2932.0,12.0,9.0,0,277,2,315
423,63,554.0,2910.0,14.0,8.0,1,288,0,311
423,68,521.0,2902.0,11.0,7.0,1,275,0,300
423,72,116.0,2942.0,12.0,8.0,1,260,0,294
423,76,32.0,2936.0,7.0,6.0,1,256,0,290
423,79,71.0,2941.0,19.0,8.0,1,251,0,284
423,81,314.0,2932.0,11.0,9.0,1,255,0,282
423,123,195.0,2946.0,10.0,7.0,1,174,0,191
423,138,466.0,2928.0,10.0,7.0,1,136,0,159
423,139,98.0,2943.0,10.0,7.0,1,140,0,159
423,155,245.0,2937.0,12.0,9.0,1,112,0,120
423,159,625.0,2917.0,13.0,8.0,1,93,0,104
424,3,1783.0,3070.0,9.0,6.0,1,377,0,421
424,31,53.0,2940.0,10.0,8.0,0,311,1,349
424,36,572.0,2911.0,12.0,8.0,1,308,0,341
424,39,161.0,2948.0,13.0,8.0,1,315,0,339
424,42,333.0,2937.0,8.0,7.0,0,306,1,337
424,43,217.0,2933.0,10.0,10.0,0,297,1,336
424,47,288.0,2927.0,11.0,6.0,1,308,0,332
424,50,143.0,2943.0,9.0,10.0,1,304,0,329
424,51,493.0,2927.0,11.0,7.0,1,285,0,327
424,52,598.0,2922.0,12.0,8.0,0,294,1,327
424,54,278.0,2927.0,12.0,9.0,1,298,0,326
424,56,509.0,2913.0,12.0,8.0,1,286,0,321
424,57,497.0,2903.0,13.0,9.0,1,295,0,319
424,60,359.0,2932.0,12.0,9.0,0,277,3,316
424,63,547.0,2911.0,13.0,9.0,1,289,0,312
424,68,521.0,2902.0,11.0,7.0,0,275,1,301
424,72,111.0,2941.0,12.0,9.0,1,261,0,295
424,76,16.0,2940.0,13.0,12.0,1,257,0,291
424,79,63.0,2948.0,18.0,9.0,1,252,0,285
424,81,307.0,2927.0,12.0,9.0,1,256,0,283
424,123,191.0,2944.0,11.0,7.0,1,175,0,192
424,138,467.0,2925.0,9.0,8.0,1,137,0,160
424,139,89.0,2941.0,11.0,9.0,1,141,0,160
424,155,247.0,2942.0,11.0,6.0,1,113,0,121
424,159,614.0,2919.0,11.0,10.0,1,94,0,105
425,3,1785.0,3072.0,13.0,9.0,1,378,0,422
425,31,53.0,2940.0,10.0,8.0,0,311,2,350
425,36,563.0,2914.0,14.0,10.0,1,309,0,342
425,39,156.0,2949.0,10.0,7.0,1,316,0,340
425,42,326.0,2935.0,9.0,5.0,1,307,0,338
425,43,207.0,2939.0,13.0,9.0,1,298,0,337
425,47,284.0,2929.0,12.0,5.0,1,309,0,333
425,50,143.0,2943.0,9.0,10.0,0,304,1,330
425,51,485.0,2924.0,10.0,8.0,1,286,0,328
425,52,588.0,2912.0,11.0,10.0,1,295,0,328
425,54,267.0,2926.0,11.0,9.0,1,299,0,327
425,56,512.0,2907.0,9.0,7.0,1,287,0,322
425,57,495.0,2905.0,14.0,8.0,1,296,0,320
425,60,344.0,2933.0,13.0,7.0,1,278,0,317
425,63,546.0,2906.0,12.0,7.0,1,290,0,313
425,68,521.0,2902.0,11.0,7.0,0,275,2,302
425,72,107.0,2947.0,10.0,7.0,1,262,0,296
425,76,16.0,2941.0,10.0,11.0,1,258,0,292
425,79,57.0,2939.0,22.0,9.0,1,253,0,286
425,81,307.0,2931.0,9.0,6.0,1,257,0,284
425,123,186.0,2935.0,12.0,6.0,1,176,0,193
425,138,467.0,2925.0,9.0,8.0,0,137,1,161
425,139,96.0,2942.0,10.0,8.0,1,142,0,161
425,155,237.0,2939.0,10.0,5.0,1,114,0,122
425,159,609.0,2916.0,11.0,9.0,1,95,0,106
426,3,1785.0,3072.0,13.0,9.0,0,378,1,423
426,31,43.0,2944.0,11.0,6.0,1,312,0,351
426,36,563.0,2914.0,14.0,10.0,0,309,1,343
426,39,156.0,2949.0,10.0,7.0,0,316,1,341
426,42,320.0,2939.0,10.0,7.0,1,308,0,339
426,43,207.0,2939.0,12.0,8.0,1,299,0,338
426,47,281.0,2936.0,12.0,7.0,1,310,0,334
426,50,131.0,2949.0,14.0,9.0,1,305,0,331
426,51,491.0,2926.0,10.0,9.0,1,287,0,329
426,52,594.0,2906.0,10.0,14.0,1,296,0,329
426,54,267.0,2926.0,11.0,9.0,0,299,1,328
426,56,507.0,2908.0,9.0,7.0,1,288,0,323
426,57,495.0,2905.0,14.0,8.0,0,296,1,321
426,60,339.0,2930.0,13.0,7.0,1,279,0,318
426,63,540.0,2905.0,13.0,7.0,1,291,0,314
426,68,507.0,2913.0,13.0,7.0,1,276,0,303
426,72,97.0,2941.0,11.0,7.0,1,263,0,297
426,76,16.0,2941.0,10.0,11.0,0,258,1,293
426,79,57.0,2939.0,22.0,9.0,0,253,1,287
426,81,301.0,2932.0,10.0,10.0,1,258,0,285
426,123,179.0,2942.0,13.0,7.0,1,177,0,194
426,138,458.0,2926.0,11.0,10.0,1,138,0,162
426,139,81.0,2941.0,10.0,8.0,1,143,0,162
426,155,236.0,2929.0,8.0,6.0,1,115,0,123
426,159,613.0,2917.0,12.0,8.0,1,96,0,107
427,3,1780.0,3072.0,13.0,8.0,1,379,0,424
427,31,29.0,2941.0,12.0,6.0,1,313,0,352
427,36,563.0,2909.0,11.0,11.0,1,310,0,344
427,39,145.0,2944.0,15.0,8.0,1,317,0,342
427,42,323.0,2929.0,7.0,6.0,1,309,0,340
427,43,203.0,2939.0,14.0,7.0,1,300,0,339
427,47,278.0,2932.0,8.0,6.0,1,311,0,335
427,50,123.0,2942.0,10.0,7.0,1,306,0,332
427,51,481.0,2927.0,9.0,8.0,1,288,0,330
427,52,582.0,2910.0,11.0,10.0,1,297,0,330
427,54,267.0,2926.0,11.0,9.0,0,299,2,329
427,56,494.0,2901.0,9.0,8.0,1,289,0,324
427,57,492.0,2901.0,8.0,8.0,1,297,0,322
427,60,331.0,2934.0,12.0,8.0,1,280,0,319
427,63,541.0,2903.0,12.0,9.0,1,292,0,315
427,68,505.0,2914.0,11.0,7.0,1,277,0,304
427,72,94.0,2938.0,9.0,6.0,1,264,0,298
427,76,7.0,2934.0,9.0,11.0,1,259,0,294
427,79,47.0,2946.0,21.0,8.0,1,254,0,288
427,81,295.0,2925.0,13.0,8.0,1,259,0,286
427,123,171.0,2939.0,11.0,7.0,1,178,0,195
427,138,458.0,2925.0,13.0,10.0,1,139,0,163
427,139,74.0,2941.0,11.0,9.0,1,144,0,163
427,155,226.0,2926.0,8.0,7.0,1,116,0,124
427,159,613.0,2917.0,12.0,8.0,0,96,1,108
428,3,1790.0,3083.0,9.0,5.0,1,380,0,425
428,31,26.0,2939.0,10.0,7.0,1,314,0,353
428,36,560.0,2908.0,12.0,9.0,1,311,0,345
428,39,138.0,2940.0,12.0,11.0,1,318,0,343
428,42,316.0,2931.0,10.0,8.0,1,310,0,341
428,43,196.0,2946.0,14.0,8.0,1,301,0,340
428,47,271.0,2931.0,7.0,6.0,1,312,0,336
428,50,111.0,2940.0,14.0,11.0,1,307,0,333
428,51,481.0,2927.0,9.0,8.0,0,288,1,331
428,52,581.0,2910.0,10.0,9.0,1,298,0,331
428,54,267.0,2926.0,11.0,9.0,0,299,3,330
428,56,498.0,2903.0,8.0,6.0,1,290,0,325
428,57,491.0,2908.0,7.0,8.0,1,298,0,323
428,60,331.0,2932.0,10.0,7.0,1,281,0,320
428,63,537.0,2906.0,13.0,9.0,1,293,0,316
428,68,504.0,2912.0,11.0,6.0,1,278,0,305
428,72,90.0,2945.0,10.0,7.0,1,265,0,299
428,76,7.0,2934.0,9.0,11.0,0,259,1,295
428,79,43.0,2938.0,20.0,9.0,1,255,0,289
428,81,292.0,2926.0,10.0,10.0,1,260,0,287
428,123,167.0,2946.0,11.0,5.0,1,179,0,196
428,138,448.0,2923.0,14.0,9.0,1,140,0,164
428,139,74.0,2946.0,9.0,8.0,1,145,0,164
428,155,227.0,2930.0,9.0,9.0,1,117,0,125
428,159,598.0,2911.0,12.0,12.0,1,97,0,109
429,3,1790.0,3083.0,9.0,5.0,0,380,1,426
429,31,14.0,2937.0,14.0,9.0,1,315,0,354
429,36,556.0,2907.0,9.0,8.0,1,312,0,346
429,39,137.0,2946.0,13.0,10.0,1,319,0,344
429,42,311.0,2926.0,10.0,6.0,1,311,0,342
429,43,191.0,2938.0,13.0,11.0,1,302,0,341
429,47,268.0,2927.0,10.0,6.0,1,313,0,337
429,50,107.0,2945.0,10.0,9.0,1,308,0,334
429,51,481.0,2915.0,11.0,9.0,1,289,0,332
429,52,573.0,2908.0,13.0,8.0,1,299,0,332
429,54,256.0,2926.0,7.0,7.0,1,300,0,331
429,56,487.0,2910.0,7.0,7.0,1,291,0,326
429,57,482.0,2901.0,9.0,8.0,1,299,0,324
429,60,327.0,2930.0,11.0,8.0,1,282,0,321
429,63,526.0,2910.0,11.0,8.0,1,294,0,317
429,68,495.0,2910.0,15.0,6.0,1,279,0,306
429,72,81.0,2942.0,10.0,6.0,1,266,0,300
429,76,2.0,2934.0,2.0,7.0,1,260,0,296
429,79,38.0,2937.0,21.0,7.0,1,256,0,290
429,81,291.0,2928.0,9.0,9.0,1,261,0,288
429,123,164.0,2941.0,11.0,7.0,1,180,0,197
429,138,452.0,2927.0,11.0,9.0,1,141,0,165
429,139,64.0,2942.0,12.0,9.0,1,146,0,165
429,155,216.0,2937.0,10.0,5.0,1,118,0,126
429,159,598.0,2911.0,12.0,12.0,0,97,1,110
430,3,1790.0,3083.0,9.0,5.0,0,380,2,427
430,31,20.0,2935.0,8.0,7.0,1,316,0,355
430,36,554.0,2903.0,12.0,9.0,1,313,0,347
430,39,133.0,2940.0,12.0,9.0,1,320,0,345
430,42,305.0,2934.0,9.0,6.0,1,312,0,343
430,43,181.0,2939.0,8.0,6.0,1,303,0,342
430,47,261.0,2929.0,9.0,7.0,1,314,0,338
430,50,106.0,2948.0,10.0,7.0,1,309,0,335
430,51,472.0,2923.0,10.0,6.0,1,290,0,333
430,52,566.0,2906.0,13.0,9.0,1,300,0,333
430,54,246.0,2924.0,11.0,9.0,1,301,0,332
430,56,487.0,2906.0,8.0,5.0,1,292,0,327
430,57,477.0,2899.0,8.0,7.0,1,300,0,325
430,60,319.0,2930.0,12.0,8.0,1,283,0,322
430,63,525.0,2903.0,11.0,7.0,1,295,0,318
430,68,491.0,2908.0,10.0,8.0,1,280,0,307
430,72,85.0,2936.0,9.0,9.0,1,267,0,301
430,76,2.0,2934.0,2.0,7.0,0,260,1,297
430,79,38.0,2937.0,21.0,7.0,0,256,1,291
430,81,291.0,2928.0,9.0,9.0,0,261,1,289
430,123,158.0,2946.0,13.0,6.0,1,181,0,198
430,138,444.0,2923.0,16.0,9.0,1,142,0,166
430,139,64.0,2943.0,11.0,6.0,1,147,0,166
430,155,219.0,2935.0,10.0,9.0,1,119,0,127
430,159,589.0,2909.0,11.0,10.0,1,98,0,111
431,3,1788.0,3077.0,10.0,7.0,1,381,0,428
431,31,4.0,2933.0,11.0,10.0,1,317,0,356
431,36,554.0,2903.0,12.0,9.0,0,313,1,348
431,39,125.0,2941.0,10.0,9.0,1,321,0,346
431,42,298.0,2929.0,9.0,6.0,1,313,0,344
431,43,178.0,2943.0,9.0,6.0,1,304,0,343
431,47,261.0,2929.0,9.0,7.0,0,314,1,339
431,50,99.0,2941.0,11.0,8.0,1,310,0,336
431,51,471.0,2921.0,12.0,6.0,1,291,0,334
431,52,570.0,2910.0,12.0,11.0,1,301,0,334
431,54,232.0,2928.0,14.0,11.0,1,302,0,333
431,56,481.0,2905.0,5.0,6.0,1,293,0,328
431,57,471.0,2909.0,8.0,6.0,1,301,0,326
431,60,312.0,2928.0,12.0,8.0,1,284,0,323
431,63,512.0,2902.0,11.0,8.0,1,296,0,319
431,68,486.0,2905.0,12.0,7.0,1,281,0,308
431,72,72.0,2943.0,10.0,5.0,1,268,0,302
431,76,2.0,2934.0,2.0,7.0,0,260,2,298
431,79,27.0,2943.0,21.0,9.0,1,257,0,292
431,81,284.0,2931.0,13.0,8.0,1,262,0,290
431,123,156.0,2935.0,12.0,9.0,1,182,0,199
431,138,443.0,2915.0,14.0,11.0,1,143,0,167
431,139,51.0,2936.0,10.0,8.0,1,148,0,167
431,155,205.0,2934.0,12.0,7.0,1,120,0,128
431,159,590.0,2908.0,14.0,9.0,1,99,0,112
432,3,1788.0,3073.0,12.0,6.0,1,382,0,429
432,31,4.0,2933.0,11.0,10.0,0,317,1,357
432,36,543.0,2905.0,14.0,10.0,1,314,0,349
432,39,121.0,2945.0,13.0,9.0,1,322,0,347
432,42,298.0,2929.0,9.0,6.0,0,313,1,345
432,43,178.0,2943.0,9.0,6.0,0,304,1,344
432,47,255.0,2930.0,12.0,8.0,1,315,0,340
432,50,95.0,2942.0,13.0,11.0,1,311,0,337
432,51,468.0,2918.0,9.0,6.0,1,292,0,335
432,52,561.0,2905.0,12.0,8.0,1,302,0,335
432,54,236.0,2927.0,10.0,7.0,1,303,0,334
432,56,474.0,2905.0,8.0,6.0,1,294,0,329
432,57,469.0,2899.0,7.0,7.0,1,302,0,327
432,60,310.0,2928.0,12.0,8.0,1,285,0,324
432,63,519.0,2897.0,12.0,8.0,1,297,0,320
432,68,486.0,2905.0,12.0,7.0,0,281,1,309
432,72,65.0,2938.0,12.0,8.0,1,269,0,303
432,76,2.0,2934.0,2.0,7.0,0,260,3,299
432,79,18.0,2936.0,21.0,8.0,1,258,0,293
432,81,275.0,2925.0,12.0,7.0,1,263,0,291
432,123,146.0,2941.0,10.0,6.0,1,183,0,200
432,138,445.0,2918.0,12.0,9.0,1,144,0,168
432,139,50.0,2938.0,11.0,7.0,1,149,0,168
432,155,199.0,2931.0,10.0,8.0,1,121,0,129
432,159,581.0,2909.0,13.0,9.0,1,100,0,113
433,3,1794.0,3077.0,14.0,6.0,1,383,0,430
433,31,2.0,2933.0,8.0,9.0,1,318,0,358
433,36,536.0,2908.0,12.0,8.0,1,315,0,350
433,39,112.0,2950.0,12.0,10.0,1,323,0,348
433,42,282.0,2923.0,14.0,7.0,1,314,0,346
433,43,169.0,2937.0,12.0,6.0,1,305,0,345
433,47,248.0,2930.0,11.0,5.0,1,316,0,341
433,50,82.0,2940.0,13.0,11.0,1,312,0,338
433,51,466.0,2916.0,11.0,9.0,1,293,0,336
433,52,560.0,2906.0,13.0,9.0,1,303,0,336
433,54,230.0,2926.0,10.0,8.0,1,304,0,335
433,56,464.0,2905.0,10.0,6.0,1,295,0,330
433,57,456.0,2904.0,11.0,5.0,1,303,0,328
433,60,310.0,2928.0,12.0,8.0,0,285,1,325
433,63,515.0,2896.0,12.0,8.0,1,298,0,321
433,68,481.0,2908.0,14.0,8.0,1,282,0,310
433,72,55.0,2934.0,13.0,6.0,1,270,0,304
433,76,2.0,2934.0,2.0,7.0,0,260,4,300
433,79,7.0,2943.0,21.0,10.0,1,259,0,294
433,81,271.0,2918.0,11.0,7.0,1,264,0,292
433,123,134.0,2938.0,13.0,9.0,1,184,0,201
433,138,440.0,2912.0,11.0,6.0,1,145,0,169
433,139,48.0,2941.0,10.0,7.0,1,150,0,169
433,155,198.0,2930.0,10.0,5.0,1,122,0,130
433,159,580.0,2911.0,12.0,5.0,1,101,0,114
434,3,1794.0,3077.0,14.0,6.0,0,383,1,431
434,31,6.0,2930.0,2.0,6.0,1,319,0,359
434,36,539.0,2901.0,11.0,7.0,1,316,0,351
434,39,112.0,2942.0,12.0,9.0,1,324,0,349
434,42,287.0,2924.0,12.0,8.0,1,315,0,347
434,43,169.0,2937.0,12.0,6.0,0,305,1,346
434,47,248.0,2930.0,11.0,5.0,0,316,1,342
434,50,82.0,2943.0,8.0,6.0,1,313,0,339
434,51,461.0,2917.0,11.0,7.0,1,294,0,337
434,52,560.0,2903.0,11.0,10.0,1,304,0,337
434,54,218.0,2931.0,13.0,10.0,1,305,0,336
434,56,461.0,2904.0,11.0,7.0,1,296,0,331
434,57,454.0,2903.0,11.0,6.0,1,304,0,329
434,60,295.0,2931.0,13.0,9.0,1,286,0,326
434,63,506.0,2900.0,13.0,7.0,1,299,0,322
434,68,479.0,2908.0,11.0,7.0,1,283,0,311
434,72,58.0,2938.0,10.0,5.0,1,271,0,305
434,76,2.0,2934.0,2.0,7.0,0,260,5,301
434,79,9.0,2937.0,21.0,7.0,1,260,0,295
434,81,271.0,2923.0,11.0,9.0,1,265,0,293
434,123,134.0,2942.0,13.0,6.0,1,185,0,202
434,138,439.0,2917.0,11.0,6.0,1,146,0,170
434,139,42.0,2941.0,10.0,10.0,1,151,0,170
434,155,191.0,2927.0,11.0,6.0,1,123,0,131
434,159,620.0,2887.0,9.0,10.0,1,102,0,115
435,3,1793.0,3076.0,14.0,6.0,1,384,0,432
435,31,6.0,2930.0,2.0,6.0,0,319,1,360
435,36,524.0,2900.0,9.0,7.0,1,317,0,352
435,39,105.0,2942.0,12.0,9.0,1,325,0,350
435,42,282.0,2924.0,9.0,5.0,1,316,0,348
435,43,156.0,2937.0,10.0,8.0,1,306,0,347
435,47,248.0,2930.0,11.0,5.0,0,316,2,343
435,50,75.0,2936.0,13.0,10.0,1,314,0,340
435,51,463.0,2923.0,11.0,9.0,1,295,0,338
435,52,554.0,2905.0,11.0,11.0,1,305,0,338
435,54,220.0,2920.0,13.0,9.0,1,306,0,337
435,56,460.0,2902.0,9.0,9.0,1,297,0,332
435,57,454.0,2903.0,11.0,6.0,0,304,1,330
435,60,292.0,2927.0,12.0,7.0,1,287,0,327
435,63,506.0,2906.0,13.0,8.0,1,300,0,323
435,68,473.0,2899.0,12.0,8.0,1,284,0,312
435,72,55.0,2940.0,11.0,10.0,1,272,0,306
435,76,2.0,2934.0,2.0,7.0,0,260,6,302
435,79,6.0,2944.0,20.0,6.0,1,261,0,296
435,81,262.0,2922.0,8.0,9.0,1,266,0,294
435,123,130.0,2936.0,11.0,8.0,1,186,0,203
435,138,435.0,2914.0,11.0,7.0,1,147,0,171
435,139,36.0,2936.0,9.0,8.0,1,152,0,171
435,155,191.0,2927.0,11.0,6.0,0,123,1,132
435,159,571.0,2908.0,12.0,6.0,1,103,0,116
436,3,1794.0,3073.0,12.0,5.0,1,385,0,433
436,31,6.0,2930.0,2.0,6.0,0,319,2,361
436,36,526.0,2905.0,14.0,9.0,1,318,0,353
436,39,96.0,2942.0,13.0,8.0,1,326,0,351
436,42,275.0,2926.0,10.0,7.0,1,317,0,349
436,43,150.0,2941.0,13.0,6.0,1,307,0,348
436,47,239.0,2922.0,11.0,6.0,1,317,0,344
436,50,75.0,2936.0,13.0,10.0,0,314,1,341
436,51,456.0,2914.0,8.0,9.0,1,296,0,339
436,52,552.0,2903.0,10.0,11.0,1,306,0,339
436,54,217.0,2914.0,13.0,10.0,1,307,0,338
436,56,460.0,2902.0,9.0,9.0,0,297,1,333
436,57,442.0,2901.0,8.0,9.0,1,305,0,331
436,60,287.0,2921.0,10.0,6.0,1,288,0,328
436,63,502.0,2905.0,13.0,6.0,1,301,0,324
436,68,467.0,2902.0,11.0,7.0,1,285,0,313
436,72,43.0,2944.0,11.0,6.0,1,273,0,307
436,76,2.0,2934.0,2.0,7.0,0,260,7,303
436,79,0.0,2937.0,17.0,8.0,1,262,0,297
436,81,261.0,2920.0,13.0,11.0,1,267,0,295
436,123,125.0,2940.0,10.0,6.0,1,187,0,204
436,138,429.0,2913.0,11.0,6.0,1,148,0,172
436,139,36.0,2936.0,9.0,8.0,0,152,1,172
436,155,186.0,2935.0,9.0,8.0,1,124,0,133
436,159,766.0,2770.0,10.0,9.0,1,104,0,117
437,3,1805.0,3077.0,13.0,5.0,1,386,0,434
437,31,6.0,2930.0,2.0,6.0,0,319,3,362
437,36,550.0,2906.0,8.0,9.0,1,319,0,354
437,39,91.0,2935.0,14.0,10.0,1,327,0,352
437,42,268.0,2927.0,13.0,7.0,1,318,0,350
437,43,149.0,2936.0,13.0,9.0,1,308,0,349
437,47,225.0,2926.0,11.0,5.0,1,318,0,345
437,50,65.0,2939.0,13.0,8.0,1,315,0,342
437,51,454.0,2915.0,8.0,10.0,1,297,0,340
437,52,568.0,2901.0,9.0,7.0,1,307,0,340
437,54,207.0,2927.0,9.0,8.0,1,308,0,339
437,56,448.0,2906.0,10.0,9.0,1,298,0,334
437,57,439.0,2895.0,12.0,7.0,1,306,0,332
437,60,282.0,2926.0,9.0,7.0,1,289,0,329
437,63,524.0,2907.0,13.0,7.0,1,302,0,325
437,68,456.0,2900.0,10.0,8.0,1,286,0,314
437,72,35.0,2936.0,8.0,7.0,1,274,0,308
437,76,2.0,2934.0,2.0,7.0,0,260,8,304
437,79,0.0,2935.0,12.0,7.0,1,263,0,298
437,81,249.0,2918.0,13.0,12.0,1,268,0,296
437,123,109.0,2934.0,11.0,6.0,1,188,0,205
437,138,427.0,2911.0,12.0,7.0,1,149,0,173
437,139,36.0,2936.0,9.0,8.0,0,152,2,173
437,155,182.0,2927.0,6.0,8.0,1,125,0,134
437,159,766.0,2770.0,10.0,9.0,0,104,1,118
438,3,1799.0,3079.0,13.0,5.0,1,387,0,435
438,31,6.0,2930.0,2.0,6.0,0,319,4,363
438,36,541.0,2902.0,11.0,9.0,1,320,0,355
438,39,85.0,2932.0,16.0,11.0,1,328,0,353
438,42,264.0,2930.0,12.0,8.0,1,319,0,351
438,43,142.0,2934.0,10.0,9.0,1,309,0,350
438,47,222.0,2925.0,12.0,7.0,1,319,0,346
438,50,56.0,2939.0,11.0,8.0,1,316,0,343
438,51,447.0,2916.0,13.0,8.0,1,298,0,341
438,52,566.0,2890.0,10.0,9.0,1,308,0,341
438,54,205.0,2928.0,10.0,8.0,1,309,0,340
438,56,442.0,2901.0,11.0,9.0,1,299,0,335
438,57,431.0,2890.0,17.0,9.0,1,307,0,333
438,60,280.0,2926.0,11.0,9.0,1,290,0,330
438,63,524.0,2897.0,9.0,9.0,1,303,0,326
438,68,498.0,2902.0,12.0,9.0,1,287,0,315
438,72,28.0,2935.0,11.0,9.0,1,275,0,309
438,76,2.0,2934.0,2.0,7.0,0,260,9,305
438,79,3.0,2941.0,9.0,6.0,1,264,0,299
438,81,249.0,2918.0,13.0,12.0,0,268,1,297
438,123,113.0,2938.0,8.0,8.0,1,189,0,206
438,138,421.0,2914.0,11.0,8.0,1,150,0,174
438,139,17.0,2932.0,11.0,9.0,1,153,0,174
438,155,168.0,2930.0,12.0,9.0,1,126,0,135
438,159,766.0,2770.0,10.0,9.0,0,104,2,119
439,3,1793.0,3078.0,13.0,6.0,1,388,0,436
439,31,6.0,2930.0,2.0,6.0,0,319,5,364
439,36,535.0,2903.0,12.0,8.0,1,321,0,356
439,39,82.0,2942.0,9.0,10.0,1,329,0,354
439,42,261.0,2925.0,10.0,6.0,1,320,0,352
439,43,139.0,2934.0,11.0,7.0,1,310,0,351
439,47,219.0,2924.0,11.0,7.0,1,320,0,347
439,50,50.0,2938.0,10.0,11.0,1,317,0,344
439,51,456.0,2901.0,10.0,9.0,1,299,0,342
439,52,747.0,2963.0,6.0,6.0,1,309,0,342
439,54,198.0,2922.0,13.0,9.0,1,310,0,341
439,56,439.0,2896.0,9.0,8.0,1,300,0,336
439,57,429.0,2898.0,12.0,7.0,1,308,0,334
439,60,281.0,2920.0,10.0,8.0,1,291,0,331
439,63,515.0,2901.0,9.0,7.0,1,304,0,327
439,68,498.0,2902.0,12.0,9.0,0,287,1,316
439,72,26.0,2930.0,10.0,9.0,1,276,0,310
439,76,2.0,2934.0,2.0,7.0,0,260,10,306
439,79,2.0,2931.0,4.0,7.0,1,265,0,300
439,81,246.0,2917.0,12.0,9.0,1,269,0,298
439,123,105.0,2939.0,11.0,8.0,1,190,0,207
439,138,421.0,2914.0,11.0,8.0,0,150,1,175
439,139,8.0,2935.0,12.0,5.0,1,154,0,175
439,155,165.0,2930.0,11.0,8.0,1,127,0,136
439,159,766.0,2770.0,10.0,9.0,0,104,3,120
440,3,1800.0,3077.0,13.0,6.0,1,389,0,437
440,31,6.0,2930.0,2.0,6.0,0,319,6,365
440,36,537.0,2897.0,10.0,10.0,1,322,0,357
440,39,82.0,2940.0,10.0,7.0,1,330,0,355
440,42,261.0,2913.0,9.0,7.0,1,321,0,353
440,43,133.0,2928.0,10.0,6.0,1,311,0,352
440,47,211.0,2922.0,9.0,9.0,1,321,0,348
440,50,37.0,2937.0,12.0,13.0,1,318,0,345
440,51,444.0,2915.0,12.0,10.0,1,300,0,343
440,52,558.0,2903.0,9.0,9.0,1,310,0,343
440,54,196.0,2917.0,12.0,11.0,1,311,0,342
440,56,442.0,2904.0,10.0,7.0,1,301,0,337
440,57,419.0,2895.0,13.0,7.0,1,309,0,335
440,60,278.0,2916.0,8.0,9.0,1,292,0,332
440,63,508.0,2902.0,12.0,9.0,1,305,0,328
440,68,487.0,2901.0,11.0,9.0,1,288,0,317
440,72,21.0,2936.0,10.0,5.0,1,277,0,311
440,76,2.0,2934.0,2.0,7.0,0,260,11,307
440,79,2.0,2931.0,4.0,7.0,0,265,1,301
440,81,236.0,2916.0,13.0,10.0,1,270,0,299
440,123,105.0,2939.0,11.0,8.0,0,190,1,208
440,138,421.0,2913.0,11.0,9.0,1,151,0,176
440,139,8.0,2935.0,12.0,5.0,0,154,1,176
440,155,163.0,2930.0,11.0,8.0,1,128,0,137
440,159,766.0,2770.0,10.0,9.0,0,104,4,121
441,3,1800.0,3078.0,16.0,5.0,1,390,0,438
441,31,6.0,2930.0,2.0,6.0,0,319,7,366
441,36,531.0,2897.0,11.0,11.0,1,323,0,358
441,39,74.0,2938.0,11.0,8.0,1,331,0,356
441,42,258.0,2920.0,12.0,8.0,1,322,0,354
441,43,128.0,2935.0,11.0,6.0,1,312,0,353
441,47,205.0,2924.0,13.0,5.0,1,322,0,349
441,50,37.0,2937.0,12.0,13.0,0,318,1,346
441,51,439.0,2913.0,9.0,11.0,1,301,0,344
441,52,551.0,2900.0,7.0,5.0,1,311,0,344
441,54,191.0,2918.0,10.0,8.0,1,312,0,343
441,56,433.0,2899.0,10.0,6.0,1,302,0,338
441,57,412.0,2895.0,12.0,7.0,1,310,0,336
441,60,270.0,2922.0,9.0,7.0,1,293,0,333
441,63,506.0,2897.0,11.0,9.0,1,306,0,329
441,68,480.0,2902.0,12.0,11.0,1,289,0,318
441,72,18.0,2935.0,10.0,9.0,1,278,0,312
441,76,2.0,2934.0,2.0,7.0,0,260,12,308
441,79,2.0,2931.0,4.0,7.0,0,265,2,302
441,81,233.0,2916.0,14.0,10.0,1,271,0,300
441,123,92.0,2936.0,12.0,7.0,1,191,0,209
441,138,417.0,2911.0,10.0,8.0,1,152,0,177
441,139,4.0,2936.0,10.0,6.0,1,155,0,177
441,155,160.0,2928.0,8.0,6.0,1,129,0,138
441,159,766.0,2770.0,10.0,9.0,0,104,5,122
442,3,1811.0,3076.0,9.0,5.0,1,391,0,439
442,31,6.0,2930.0,2.0,6.0,0,319,8,367
442,36,531.0,2899.0,11.0,8.0,1,324,0,359
442,39,62.0,2938.0,13.0,8.0,1,332,0,357
442,42,244.0,2922.0,14.0,6.0,1,323,0,355
442,43,122.0,2932.0,13.0,6.0,1,313,0,354
442,47,207.0,2924.0,11.0,5.0,1,323,0,350
442,50,38.0,2936.0,12.0,12.0,1,319,0,347
442,51,441.0,2897.0,11.0,10.0,1,302,0,345
442,52,545.0,2900.0,7.0,9.0,1,312,0,345
442,54,189.0,2925.0,9.0,7.0,1,313,0,344
442,56,427.0,2895.0,8.0,8.0,1,303,0,339
442,57,402.0,2894.0,10.0,8.0,1,311,0,337
442,60,260.0,2922.0,12.0,8.0,1,294,0,334
442,63,509.0,2897.0,10.0,12.0,1,307,0,330
442,68,478.0,2899.0,13.0,9.0,1,290,0,319
442,72,5.0,2938.0,11.0,6.0,1,279,0,313
442,76,2.0,2934.0,2.0,7.0,0,260,13,309
442,79,2.0,2931.0,4.0,7.0,0,265,3,303
442,81,227.0,2914.0,13.0,11.0,1,272,0,301
442,123,92.0,2936.0,12.0,7.0,0,191,1,210
442,138,411.0,2909.0,12.0,8.0,1,153,0,178
442,139,0.0,2937.0,8.0,8.0,1,156,0,178
442,155,159.0,2926.0,8.0,4.0,1,130,0,139
442,159,766.0,2770.0,10.0,9.0,0,104,6,123
443,3,1806.0,3072.0,9.0,5.0,1,392,0,440
443,31,6.0,2930.0,2.0,6.0,0,319,9,368
443,36,522.0,2902.0,14.0,9.0,1,325,0,360
443,39,58.0,2934.0,12.0,10.0,1,333,0,358
443,42,244.0,2922.0,14.0,6.0,0,323,1,356
443,43,109.0,2927.0,11.0,6.0,1,314,0,355
443,47,201.0,2919.0,7.0,7.0,1,324,0,351
443,50,24.0,2927.0,8.0,10.0,1,320,0,348
443,51,436.0,2892.0,13.0,10.0,1,303,0,346
443,52,550.0,2906.0,7.0,4.0,1,313,0,346
443,54,180.0,2919.0,12.0,9.0,1,314,0,345
443,56,427.0,2893.0,10.0,9.0,1,304,0,340
443,57,398.0,2890.0,10.0,8.0,1,312,0,338
443,60,258.0,2918.0,14.0,8.0,1,295,0,335
443,63,502.0,2895.0,11.0,11.0,1,308,0,331
443,68,473.0,2899.0,16.0,8.0,1,291,0,320
443,72,5.0,2929.0,10.0,8.0,1,280,0,314
443,76,2.0,2934.0,2.0,7.0,0,260,14,310
443,79,2.0,2931.0,4.0,7.0,0,265,4,304
443,81,220.0,2916.0,11.0,9.0,1,273,0,302
443,123,89.0,2936.0,11.0,7.0,1,192,0,211
443,138,412.0,2908.0,8.0,10.0,1,154,0,179
443,139,0.0,2936.0,2.0,3.0,1,157,0,179
443,155,159.0,2926.0,8.0,4.0,0,130,1,140
443,159,766.0,2770.0,10.0,9.0,0,104,7,124
444,3,1810.0,3081.0,9.0,5.0,1,393,0,441
444,31,6.0,2930.0,2.0,6.0,0,319,10,369
444,36,521.0,2900.0,11.0,7.0,1,326,0,361
444,39,54.0,2930.0,12.0,10.0,1,334,0,359
444,42,235.0,2926.0,9.0,7.0,1,324,0,357
444,43,110.0,2929.0,13.0,10.0,1,315,0,356
444,47,196.0,2920.0,9.0,8.0,1,325,0,352
444,50,24.0,2927.0,8.0,10.0,0,320,1,349
444,51,434.0,2896.0,12.0,8.0,1,304,0,347
444,52,545.0,2901.0,6.0,9.0,1,314,0,347
444,54,181.0,2918.0,12.0,8.0,1,315,0,346
444,56,426.0,2895.0,12.0,7.0,1,305,0,341
444,57,388.0,2893.0,12.0,8.0,1,313,0,339
444,60,403.0,2907.0,9.0,9.0,1,296,0,336
444,63,496.0,2903.0,11.0,7.0,1,309,0,332
444,68,471.0,2898.0,14.0,7.0,1,292,0,321
444,72,7.0,2930.0,9.0,4.0,1,281,0,315
444,76,2.0,2934.0,2.0,7.0,0,260,15,311
444,79,2.0,2931.0,4.0,7.0,0,265,5,305
444,81,212.0,2915.0,14.0,12.0,1,274,0,303
444,123,86.0,2938.0,10.0,4.0,1,193,0,212
444,138,429.0,2914.0,9.0,10.0,1,155,0,180
444,139,0.0,2936.0,2.0,3.0,0,157,1,180
444,155,159.0,2926.0,8.0,4.0,0,130,2,141
444,159,766.0,2770.0,10.0,9.0,0,104,8,125
445,3,1818.0,3084.0,9.0,5.0,1,394,0,442
445,31,6.0,2930.0,2.0,6.0,0,319,11,370
445,36,523.0,2894.0,11.0,10.0,1,327,0,362
445,39,48.0,2934.0,11.0,9.0,1,335,0,360
445,42,235.0,2926.0,9.0,7.0,0,324,1,358
445,43,103.0,2929.0,11.0,10.0,1,316,0,357
445,47,196.0,2920.0,9.0,8.0,0,325,1,353
445,50,15.0,2937.0,9.0,12.0,1,321,0,350
445,51,431.0,2908.0,12.0,9.0,1,305,0,348
445,52,536.0,2897.0,6.0,7.0,1,315,0,348
445,54,171.0,2922.0,12.0,6.0,1,316,0,347
445,56,422.0,2902.0,11.0,9.0,1,306,0,342
445,57,404.0,2916.0,10.0,9.0,1,314,0,340
445,60,403.0,2907.0,9.0,9.0,0,296,1,337
445,63,492.0,2889.0,12.0,8.0,1,310,0,333
445,68,471.0,2898.0,14.0,7.0,0,292,1,322
445,72,0.0,2934.0,6.0,6.0,1,282,0,316
445,76,2.0,2934.0,2.0,7.0,0,260,16,312
445,79,2.0,2931.0,4.0,7.0,0,265,6,306
445,81,212.0,2915.0,14.0,12.0,0,274,1,304
445,123,86.0,2938.0,10.0,4.0,0,193,1,213
445,138,412.0,2901.0,11.0,8.0,1,156,0,181
445,139,0.0,2936.0,2.0,3.0,0,157,2,181
445,155,139.0,2922.0,9.0,7.0,1,131,0,142
445,159,766.0,2770.0,10.0,9.0,0,104,9,126
446,3,1810.0,3081.0,10.0,5.0,1,395,0,443
446,31,6.0,2930.0,2.0,6.0,0,319,12,371
446,36,512.0,2890.0,16.0,9.0,1,328,0,363
446,39,36.0,2932.0,14.0,11.0,1,336,0,361
446,42,227.0,2921.0,10.0,6.0,1,325,0,359
446,43,103.0,2929.0,11.0,10.0,0,316,1,358
446,47,188.0,2917.0,10.0,8.0,1,326,0,354
446,50,15.0,2937.0,9.0,12.0,0,321,1,351
446,51,426.0,2901.0,14.0,7.0,1,306,0,349
446,52,530.0,2896.0,8.0,9.0,1,316,0,349
446,54,210.0,2919.0,10.0,10.0,1,317,0,348
446,56,416.0,2899.0,10.0,5.0,1,307,0,343
446,57,386.0,2889.0,12.0,7.0,1,315,0,341
446,60,403.0,2907.0,9.0,9.0,0,296,2,338
446,63,492.0,2889.0,12.0,8.0,0,310,1,334
446,68,471.0,2898.0,14.0,7.0,0,292,2,323
446,72,0.0,2934.0,6.0,6.0,0,282,1,317
446,76,2.0,2934.0,2.0,7.0,0,260,17,313
446,79,2.0,2931.0,4.0,7.0,0,265,7,307
446,81,244.0,2916.0,12.0,9.0,1,275,0,305
446,123,70.0,2930.0,11.0,5.0,1,194,0,214
446,138,401.0,2909.0,10.0,9.0,1,157,0,182
446,139,0.0,2936.0,2.0,3.0,0,157,3,182
446,155,160.0,2917.0,12.0,10.0,1,132,0,143
446,159,766.0,2770.0,10.0,9.0,0,104,10,127
447,3,1812.0,3083.0,10.0,6.0,1,396,0,444
447,31,6.0,2930.0,2.0,6.0,0,319,13,372
447,36,511.0,2898.0,10.0,10.0,1,329,0,364
447,39,35.0,2935.0,11.0,8.0,1,337,0,362
447,42,227.0,2921.0,10.0,6.0,0,325,1,360
447,43,88.0,2936.0,11.0,7.0,1,317,0,359
447,47,164.0,2920.0,9.0,6.0,1,327,0,355
447,50,11.0,2928.0,12.0,10.0,1,322,0,352
447,51,425.0,2896.0,13.0,8.0,1,307,0,350
447,52,521.0,2901.0,11.0,7.0,1,317,0,350
447,54,205.0,2919.0,13.0,9.0,1,318,0,349
447,56,413.0,2900.0,7.0,7.0,1,308,0,344
447,57,397.0,2899.0,10.0,12.0,1,316,0,342
447,60,373.0,2890.0,12.0,7.0,1,297,0,339
447,63,482.0,2896.0,11.0,10.0,1,311,0,335
447,68,471.0,2898.0,14.0,7.0,0,292,3,324
447,72,0.0,2934.0,6.0,6.0,0,282,2,318
447,76,2.0,2934.0,2.0,7.0,0,260,18,314
447,79,2.0,2931.0,4.0,7.0,0,265,8,308
447,81,240.0,2913.0,13.0,8.0,1,276,0,306
447,123,62.0,2926.0,10.0,5.0,1,195,0,215
447,138,418.0,2909.0,13.0,9.0,1,158,0,183
447,139,0.0,2936.0,2.0,3.0,0,157,4,183
447,155,129.0,2923.0,10.0,8.0,1,133,0,144
447,159,766.0,2770.0,10.0,9.0,0,104,11,128
448,3,1815.0,3080.0,10.0,6.0,1,397,0,445
448,31,6.0,2930.0,2.0,6.0,0,319,14,373
448,36,508.0,2897.0,11.0,11.0,1,330,0,365
448,39,35.0,2935.0,11.0,8.0,0,337,1,363
448,42,222.0,2915.0,10.0,9.0,1,326,0,361
448,43,89.0,2931.0,12.0,8.0,1,318,0,360
448,47,173.0,2920.0,9.0,8.0,1,328,0,356
448,50,11.0,2928.0,12.0,10.0,0,322,1,353
448,51,417.0,2892.0,11.0,8.0,1,308,0,351
448,52,519.0,2896.0,9.0,7.0,1,318,0,351
448,54,198.0,2915.0,15.0,10.0,1,319,0,350
448,56,402.0,2893.0,11.0,7.0,1,309,0,345
448,57,395.0,2912.0,11.0,7.0,1,317,0,343
448,60,367.0,2883.0,13.0,7.0,1,298,0,340
448,63,479.0,2894.0,13.0,12.0,1,312,0,336
448,68,471.0,2898.0,14.0,7.0,0,292,4,325
448,72,0.0,2934.0,6.0,6.0,0,282,3,319
448,76,2.0,2934.0,2.0,7.0,0,260,19,315
448,79,2.0,2931.0,4.0,7.0,0,265,9,309
448,81,239.0,2916.0,10.0,8.0,1,277,0,307
448,123,127.0,2923.0,8.0,7.0,1,196,0,216
448,138,413.0,2909.0,9.0,10.0,1,159,0,184
448,139,0.0,2936.0,2.0,3.0,0,157,5,184
448,155,160.0,2913.0,10.0,8.0,1,134,0,145
448,159,766.0,2770.0,10.0,9.0,0,104,12,129
449,3,1817.0,3080.0,9.0,5.0,1,398,0,446
449,31,6.0,2930.0,2.0,6.0,0,319,15,374
449,36,501.0,2893.0,9.0,12.0,1,331,0,366
449,39,23.0,2931.0,11.0,8.0,1,338,0,364
449,42,214.0,2914.0,9.0,9.0,1,327,0,362
449,43,86.0,2921.0,10.0,10.0,1,319,0,361
449,47,169.0,2915.0,10.0,6.0,1,329,0,357
449,50,0.0,2931.0,9.0,8.0,1,323,0,354
449,51,409.0,2897.0,12.0,8.0,1,309,0,352
449,52,511.0,2900.0,8.0,10.0,1,319,0,352
449,54,195.0,2916.0,13.0,10.0,1,320,0,351
449,56,403.0,2893.0,9.0,7.0,1,310,0,346
449,57,383.0,2912.0,11.0,7.0,1,318,0,344
449,60,367.0,2883.0,13.0,7.0,0,298,1,341
449,63,479.0,2897.0,10.0,8.0,1,313,0,337
449,68,450.0,2895.0,11.0,7.0,1,293,0,326
449,72,56.0,2933.0,8.0,7.0,1,283,0,320
449,76,2.0,2934.0,2.0,7.0,0,260,20,316
449,79,2.0,2931.0,4.0,7.0,0,265,10,310
449,81,233.0,2916.0,10.0,7.0,1,278,0,308
449,123,126.0,2916.0,12.0,12.0,1,197,0,217
449,138,407.0,2908.0,13.0,7.0,1,160,0,185
449,139,0.0,2936.0,2.0,3.0,0,157,6,185
449,155,152.0,2920.0,13.0,7.0,1,135,0,146
449,159,766.0,2770.0,10.0,9.0,0,104,13,130
450,3,1817.0,3080.0,9.0,5.0,0,398,1,447
450,31,6.0,2930.0,2.0,6.0,0,319,16,375
450,36,499.0,2896.0,11.0,5.0,1,332,0,367
450,39,23.0,2931.0,11.0,8.0,0,338,1,365
450,42,207.0,2913.0,14.0,10.0,1,328,0,363
450,43,75.0,2931.0,10.0,8.0,1,320,0,362
450,47,169.0,2915.0,10.0,6.0,0,329,1,358
450,50,0.0,2931.0,9.0,8.0,0,323,1,355
450,51,407.0,2897.0,11.0,8.0,1,310,0,353
450,52,491.0,2898.0,11.0,9.0,1,320,0,353
450,54,194.0,2913.0,13.0,9.0,1,321,0,352
450,56,390.0,2890.0,8.0,7.0,1,311,0,347
450,57,384.0,2911.0,14.0,8.0,1,319,0,345
450,60,357.0,2887.0,13.0,8.0,1,299,0,342
450,63,480.0,2898.0,9.0,12.0,1,314,0,338
450,68,447.0,2892.0,11.0,8.0,1,294,0,327
450,72,56.0,2933.0,8.0,7.0,0,283,1,321
450,76,2.0,2934.0,2.0,7.0,0,260,21,317
450,79,2.0,2931.0,4.0,7.0,0,265,11,311
450,81,224.0,2916.0,13.0,9.0,1,279,0,309
450,123,116.0,2914.0,13.0,11.0,1,198,0,218
450,138,403.0,2911.0,11.0,8.0,1,161,0,186
450,139,0.0,2936.0,2.0,3.0,0,157,7,186
450,155,146.0,2917.0,12.0,7.0,1,136,0,147
450,159,766.0,2770.0,10.0,9.0,0,104,14,131
451,3,1823.0,3086.0,10.0,5.0,1,399,0,448
451,31,6.0,2930.0,2.0,6.0,0,319,17,376
451,36,503.0,2895.0,11.0,7.0,1,333,0,368
451,39,13.0,2926.0,10.0,7.0,1,339,0,366
451,42,207.0,2913.0,14.0,10.0,0,328,1,364
451,43,78.0,2926.0,14.0,10.0,1,321,0,363
451,47,165.0,2915.0,7.0,6.0,1,330,0,359
451,50,0.0,2931.0,9.0,8.0,0,323,2,356
451,51,406.0,2897.0,10.0,9.0,1,311,0,354
451,52,492.0,2895.0,12.0,9.0,1,321,0,354
451,54,183.0,2914.0,9.0,6.0,1,322,0,353
451,56,389.0,2891.0,9.0,6.0,1,312,0,348
451,57,381.0,2909.0,10.0,11.0,1,320,0,346
451,60,349.0,2888.0,14.0,10.0,1,300,0,343
451,63,480.0,2898.0,9.0,12.0,0,314,1,339
451,68,439.0,2893.0,12.0,8.0,1,295,0,328
451,72,56.0,2933.0,8.0,7.0,0,283,2,322
451,76,2.0,2934.0,2.0,7.0,0,260,22,318
451,79,2.0,2931.0,4.0,7.0,0,265,12,312
451,81,223.0,2915.0,10.0,10.0,1,280,0,310
451,123,112.0,2915.0,12.0,10.0,1,199,0,219
451,138,399.0,2911.0,10.0,7.0,1,162,0,187
451,139,0.0,2936.0,2.0,3.0,0,157,8,187
451,155,144.0,2921.0,11.0,7.0,1,137,0,148
451,159,766.0,2770.0,10.0,9.0,0,104,15,132
452,3,1828.0,3086.0,10.0,5.0,1,400,0,449
452,31,6.0,2930.0,2.0,6.0,0,319,18,377
452,36,495.0,2889.0,10.0,11.0,1,334,0,369
452,39,12.0,2929.0,12.0,10.0,1,340,0,367
452,42,205.0,2913.0,9.0,10.0,1,329,0,365
452,43,64.0,2924.0,15.0,10.0,1,322,0,364
452,47,156.0,2918.0,10.0,5.0,1,331,0,360
452,50,0.0,2931.0,9.0,8.0,0,323,3,357
452,51,399.0,2897.0,10.0,7.0,1,312,0,355
452,52,491.0,2893.0,10.0,10.0,1,322,0,355
452,54,182.0,2919.0,13.0,11.0,1,323,0,354
452,56,381.0,2897.0,13.0,9.0,1,313,0,349
452,57,378.0,2910.0,12.0,10.0,1,321,0,347
452,60,341.0,2883.0,15.0,8.0,1,301,0,344
452,63,464.0,2893.0,12.0,12.0,1,315,0,340
452,68,437.0,2892.0,11.0,7.0,1,296,0,329
452,72,56.0,2933.0,8.0,7.0,0,283,3,323
452,76,2.0,2934.0,2.0,7.0,0,260,23,319
452,79,2.0,2931.0,4.0,7.0,0,265,13,313
452,81,215.0,2913.0,11.0,8.0,1,281,0,311
452,123,110.0,2916.0,9.0,9.0,1,200,0,220
452,138,402.0,2906.0,10.0,7.0,1,163,0,188
452,139,0.0,2936.0,2.0,3.0,0,157,9,188
452,155,132.0,2914.0,11.0,7.0,1,138,0,149
452,159,803.0,2722.0,20.0,9.0,1,105,0,133
453,3,1830.0,3081.0,9.0,5.0,1,401,0,450
453,31,6.0,2930.0,2.0,6.0,0,319,19,378
453,36,495.0,2890.0,9.0,5.0,1,335,0,370
453,39,6.0,2921.0,11.0,9.0,1,341,0,368
453,42,201.0,2917.0,8.0,9.0,1,330,0,366
453,43,64.0,2922.0,12.0,10.0,1,323,0,365
453,47,150.0,2920.0,11.0,9.0,1,332,0,361
453,50,0.0,2931.0,9.0,8.0,0,323,4,358
453,51,398.0,2893.0,11.0,9.0,1,313,0,356
453,52,484.0,2894.0,10.0,10.0,1,323,0,356
453,54,183.0,2915.0,11.0,10.0,1,324,0,355
453,56,385.0,2892.0,11.0,7.0,1,314,0,350
453,57,375.0,2908.0,13.0,9.0,1,322,0,348
453,60,337.0,2883.0,14.0,10.0,1,302,0,345
453,63,467.0,2896.0,11.0,10.0,1,316,0,341
453,68,437.0,2892.0,11.0,7.0,0,296,1,330
453,72,26.0,2931.0,10.0,9.0,1,284,0,324
453,76,2.0,2934.0,2.0,7.0,0,260,24,320
453,79,2.0,2931.0,4.0,7.0,0,265,14,314
453,81,215.0,2915.0,10.0,9.0,1,282,0,312
453,123,110.0,2916.0,9.0,9.0,0,200,1,221
453,138,399.0,2906.0,12.0,8.0,1,164,0,189
453,139,0.0,2936.0,2.0,3.0,0,157,10,189
453,155,126.0,2918.0,15.0,9.0,1,139,0,150
453,159,803.0,2722.0,20.0,9.0,0,105,1,134
454,3,1825.0,3089.0,12.0,5.0,1,402,0,451
454,31,6.0,2930.0,2.0,6.0,0,319,20,379
454,36,484.0,2891.0,13.0,4.0,1,336,0,371
454,39,2.0,2935.0,11.0,9.0,1,342,0,369
454,42,187.0,2913.0,11.0,8.0,1,331,0,367
454,43,53.0,2925.0,13.0,9.0,1,324,0,366
454,47,151.0,2919.0,12.0,5.0,1,333,0,362
454,50,0.0,2931.0,9.0,8.0,0,323,5,359
454,51,398.0,2894.0,11.0,8.0,1,314,0,357
454,52,484.0,2894.0,10.0,10.0,0,323,1,357
454,54,168.0,2911.0,11.0,9.0,1,325,0,356
454,56,385.0,2892.0,11.0,7.0,0,314,1,351
454,57,369.0,2910.0,13.0,8.0,1,323,0,349
454,60,333.0,2883.0,9.0,10.0,1,303,0,346
454,63,459.0,2893.0,10.0,10.0,1,317,0,342
454,68,428.0,2896.0,13.0,9.0,1,297,0,331
454,72,26.0,2931.0,10.0,9.0,0,284,1,325
454,76,2.0,2934.0,2.0,7.0,0,260,25,321
454,79,2.0,2931.0,4.0,7.0,0,265,15,315
454,81,214.0,2906.0,10.0,7.0,1,283,0,313
454,123,101.0,2913.0,13.0,9.0,1,201,0,222
454,138,389.0,2911.0,11.0,9.0,1,165,0,190
454,139,0.0,2936.0,2.0,3.0,0,157,11,190
454,155,127.0,2908.0,12.0,10.0,1,140,0,151
454,159,803.0,2722.0,20.0,9.0,0,105,2,135
455,3,1822.0,3087.0,14.0,4.0,1,403,0,452
455,31,6.0,2930.0,2.0,6.0,0,319,21,380
455,36,477.0,2893.0,12.0,3.0,1,337,0,372
455,39,0.0,2924.0,6.0,10.0,1,343,0,370
455,42,191.0,2910.0,11.0,10.0,1,332,0,368
455,43,50.0,2917.0,15.0,10.0,1,325,0,367
455,47,143.0,2916.0,9.0,7.0,1,334,0,363
455,50,0.0,2931.0,9.0,8.0,0,323,6,360
455,51,389.0,2888.0,8.0,9.0,1,315,0,358
455,52,470.0,2890.0,11.0,8.0,1,324,0,358
455,54,166.0,2915.0,12.0,10.0,1,326,0,357
455,56,371.0,2894.0,11.0,5.0,1,315,0,352
455,57,365.0,2902.0,14.0,11.0,1,324,0,350
455,60,328.0,2879.0,9.0,9.0,1,304,0,347
455,63,454.0,2893.0,10.0,8.0,1,318,0,343
455,68,424.0,2888.0,11.0,5.0,1,298,0,332
455,72,18.0,2925.0,10.0,10.0,1,285,0,326
455,76,2.0,2934.0,2.0,7.0,0,260,26,322
455,79,2.0,2931.0,4.0,7.0,0,265,16,316
455,81,203.0,2917.0,14.0,9.0,1,284,0,314
455,123,92.0,2915.0,11.0,11.0,1,202,0,223
455,138,383.0,2904.0,11.0,8.0,1,166,0,191
455,139,0.0,2936.0,2.0,3.0,0,157,12,191
455,155,122.0,2916.0,11.0,8.0,1,141,0,152
455,159,803.0,2722.0,20.0,9.0,0,105,3,136
456,3,1825.0,3081.0,13.0,4.0,1,404,0,453
456,31,6.0,2930.0,2.0,6.0,0,319,22,381
456,36,470.0,2888.0,10.0,12.0,1,338,0,373
456,39,0.0,2924.0,6.0,10.0,0,343,1,371
456,42,185.0,2910.0,8.0,9.0,1,333,0,369
456,43,50.0,2917.0,15.0,10.0,0,325,1,368
456,47,143.0,2916.0,9.0,7.0,0,334,1,364
456,50,0.0,2931.0,9.0,8.0,0,323,7,361
456,51,379.0,2897.0,10.0,7.0,1,316,0,359
456,52,465.0,2895.0,12.0,8.0,1,325,0,359
456,54,162.0,2916.0,14.0,9.0,1,327,0,358
456,56,369.0,2892.0,10.0,7.0,1,316,0,353
456,57,367.0,2907.0,12.0,8.0,1,325,0,351
456,60,317.0,2888.0,15.0,10.0,1,305,0,348
456,63,444.0,2892.0,13.0,9.0,1,319,0,344
456,68,419.0,2891.0,11.0,8.0,1,299,0,333
456,72,20.0,2925.0,9.0,9.0,1,286,0,327
456,76,2.0,2934.0,2.0,7.0,0,260,27,323
456,79,2.0,2931.0,4.0,7.0,0,265,17,317
456,81,201.0,2906.0,14.0,9.0,1,285,0,315
456,123,88.0,2913.0,11.0,10.0,1,203,0,224
456,138,386.0,2907.0,9.0,9.0,1,167,0,192
456,139,0.0,2936.0,2.0,3.0,0,157,13,192
456,155,110.0,2913.0,15.0,8.0,1,142,0,153
456,159,803.0,2722.0,20.0,9.0,0,105,4,137
457,3,1832.0,3085.0,13.0,5.0,1,405,0,454
457,31,6.0,2930.0,2.0,6.0,0,319,23,382
457,36,461.0,2890.0,11.0,7.0,1,339,0,374
457,39,0.0,2924.0,6.0,10.0,0,343,2,372
457,42,182.0,2910.0,8.0,7.0,1,334,0,370
457,43,41.0,2918.0,10.0,10.0,1,326,0,369
457,47,143.0,2916.0,9.0,7.0,0,334,2,365
457,50,0.0,2931.0,9.0,8.0,0,323,8,362
457,51,377.0,2889.0,10.0,8.0,1,317,0,360
457,52,459.0,2890.0,9.0,8.0,1,326,0,360
457,54,158.0,2908.0,15.0,8.0,1,328,0,359
457,56,364.0,2888.0,6.0,6.0,1,317,0,354
457,57,357.0,2910.0,12.0,8.0,1,326,0,352
457,60,309.0,2883.0,14.0,8.0,1,306,0,349
457,63,442.0,2896.0,11.0,7.0,1,320,0,345
457,68,414.0,2891.0,10.0,7.0,1,300,0,334
457,72,20.0,2925.0,9.0,9.0,0,286,1,328
457,76,2.0,2934.0,2.0,7.0,0,260,28,324
457,79,2.0,2931.0,4.0,7.0,0,265,18,318
457,81,201.0,2916.0,8.0,5.0,1,286,0,316
457,123,82.0,2918.0,10.0,4.0,1,204,0,225
457,138,376.0,2904.0,9.0,8.0,1,168,0,193
457,139,0.0,2936.0,2.0,3.0,0,157,14,193
457,155,108.0,2909.0,12.0,8.0,1,143,0,154
457,159,803.0,2722.0,20.0,9.0,0,105,5,138
458,3,1832.0,3087.0,12.0,4.0,1,406,0,455
458,31,6.0,2930.0,2.0,6.0,0,319,24,383
458,36,459.0,2885.0,9.0,6.0,1,340,0,375
458,39,0.0,2924.0,6.0,10.0,0,343,3,373
458,42,172.0,2911.0,13.0,8.0,1,335,0,371
458,43,40.0,2921.0,9.0,8.0,1,327,0,370
458,47,123.0,2913.0,9.0,9.0,1,335,0,366
458,50,0.0,2931.0,9.0,8.0,0,323,9,363
458,51,366.0,2893.0,11.0,7.0,1,318,0,361
458,52,456.0,2891.0,9.0,6.0,1,327,0,361
458,54,158.0,2908.0,15.0,8.0,0,328,1,360
458,56,360.0,2887.0,9.0,8.0,1,318,0,355
458,57,353.0,2912.0,12.0,9.0,1,327,0,353
458,60,307.0,2878.0,9.0,9.0,1,307,0,350
458,63,535.0,2891.0,12.0,9.0,1,321,0,346
458,68,410.0,2893.0,11.0,9.0,1,301,0,335
458,72,7.0,2920.0,11.0,10.0,1,287,0,329
458,76,2.0,2934.0,2.0,7.0,0,260,29,325
458,79,2.0,2931.0,4.0,7.0,0,265,19,319
458,81,190.0,2911.0,11.0,7.0,1,287,0,317
458,123,75.0,2915.0,14.0,7.0,1,205,0,226
458,138,367.0,2905.0,10.0,8.0,1,169,0,194
458,139,0.0,2936.0,2.0,3.0,0,157,15,194
458,155,104.0,2907.0,15.0,9.0,1,144,0,155
458,159,803.0,2722.0,20.0,9.0,0,105,6,139
459,3,1832.0,3087.0,12.0,4.0,0,406,1,456
459,31,6.0,2930.0,2.0,6.0,0,319,25,384
459,36,443.0,2887.0,10.0,7.0,1,341,0,376
459,39,0.0,2924.0,6.0,10.0,0,343,4,374
459,42,176.0,2911.0,14.0,9.0,1,336,0,372
459,43,30.0,2917.0,13.0,10.0,1,328,0,371
459,47,125.0,2911.0,9.0,10.0,1,336,0,367
459,50,0.0,2931.0,9.0,8.0,0,323,10,364
459,51,368.0,2888.0,8.0,8.0,1,319,0,362
459,52,435.0,2891.0,8.0,9.0,1,328,0,362
459,54,149.0,2911.0,12.0,9.0,1,329,0,361
459,56,358.0,2888.0,12.0,8.0,1,319,0,356
459,57,351.0,2905.0,11.0,10.0,1,328,0,354
459,60,307.0,2878.0,9.0,9.0,0,307,1,351
459,63,535.0,2891.0,12.0,9.0,0,321,1,347
459,68,404.0,2897.0,10.0,7.0,1,302,0,336
459,72,7.0,2920.0,11.0,10.0,0,287,1,330
459,79,2.0,2931.0,4.0,7.0,0,265,20,320
459,81,192.0,2911.0,12.0,6.0,1,288,0,318
459,123,75.0,2915.0,14.0,7.0,0,205,1,227
459,138,375.0,2898.0,12.0,10.0,1,170,0,195
459,139,0.0,2936.0,2.0,3.0,0,157,16,195
459,155,90.0,2910.0,12.0,10.0,1,145,0,156
459,159,803.0,2722.0,20.0,9.0,0,105,7,140
460,3,1835.0,3084.0,13.0,5.0,1,407,0,457
460,31,6.0,2930.0,2.0,6.0,0,319,26,385
460,36,439.0,2891.0,12.0,7.0,1,342,0,377
460,39,0.0,2924.0,6.0,10.0,0,343,5,375
460,42,165.0,2912.0,10.0,8.0,1,337,0,373
460,43,25.0,2927.0,15.0,10.0,1,329,0,372
460,47,119.0,2912.0,12.0,8.0,1,337,0,368
460,50,0.0,2931.0,9.0,8.0,0,323,11,365
460,51,359.0,2889.0,10.0,7.0,1,320,0,363
460,52,432.0,2892.0,12.0,9.0,1,329,0,363
460,54,146.0,2915.0,11.0,9.0,1,330,0,362
460,56,349.0,2889.0,13.0,9.0,1,320,0,357
460,57,346.0,2898.0,12.0,9.0,1,329,0,355
460,60,293.0,2880.0,15.0,11.0,1,308,0,352
460,63,443.0,2892.0,10.0,7.0,1,322,0,348
460,68,405.0,2889.0,12.0,11.0,1,303,0,337
460,72,4.0,2919.0,10.0,8.0,1,288,0,331
460,79,2.0,2931.0,4.0,7.0,0,265,21,321
460,81,184.0,2911.0,14.0,8.0,1,289,0,319
460,123,77.0,2910.0,11.0,9.0,1,206,0,228
460,138,367.0,2902.0,10.0,9.0,1,171,0,196
460,139,0.0,2936.0,2.0,3.0,0,157,17,196
460,155,96.0,2905.0,10.0,10.0,1,146,0,157
460,159,803.0,2722.0,20.0,9.0,0,105,8,141
461,3,1840.0,3082.0,15.0,5.0,1,408,0,458
461,31,6.0,2930.0,2.0,6.0,0,319,27,386
461,36,433.0,2892.0,8.0,5.0,1,343,0,378
461,39,0.0,2924.0,6.0,10.0,0,343,6,376
461,42,164.0,2912.0,10.0,8.0,1,338,0,374
461,43,19.0,2921.0,14.0,9.0,1,330,0,373
461,47,114.0,2908.0,12.0,9.0,1,338,0,369
461,50,0.0,2931.0,9.0,8.0,0,323,12,366
461,51,354.0,2896.0,12.0,8.0,1,321,0,364
461,52,427.0,2890.0,11.0,4.0,1,330,0,364
461,54,146.0,2915.0,11.0,9.0,0,330,1,363
461,56,350.0,2888.0,13.0,12.0,1,321,0,358
461,57,345.0,2908.0,10.0,7.0,1,330,0,356
461,60,291.0,2880.0,11.0,9.0,1,309,0,353
461,63,436.0,2886.0,12.0,7.0,1,323,0,349
461,68,396.0,2889.0,14.0,8.0,1,304,0,338
461,72,2.0,2918.0,4.0,6.0,1,289,0,332
461,79,2.0,2931.0,4.0,7.0,0,265,22,322
461,81,179.0,2904.0,13.0,8.0,1,290,0,320
461,123,67.0,2911.0,9.0,6.0,1,207,0,229
461,138,359.0,2907.0,13.0,10.0,1,172,0,197
461,139,0.0,2936.0,2.0,3.0,0,157,18,197
461,155,96.0,2905.0,10.0,10.0,0,146,1,158
461,159,803.0,2722.0,20.0,9.0,0,105,9,142
462,3,1832.0,3098.0,17.0,5.0,1,409,0,459
462,31,6.0,2930.0,2.0,6.0,0,319,28,387
462,36,431.0,2884.0,9.0,8.0,1,344,0,379
462,39,0.0,2924.0,6.0,10.0,0,343,7,377
462,42,160.0,2918.0,11.0,7.0,1,339,0,375
462,43,18.0,2916.0,9.0,5.0,1,331,0,374
462,47,105.0,2914.0,10.0,4.0,1,339,0,370
462,50,0.0,2931.0,9.0,8.0,0,323,13,367
462,51,360.0,2890.0,12.0,8.0,1,322,0,365
462,52,424.0,2886.0,10.0,9.0,1,331,0,365
462,54,132.0,2905.0,13.0,10.0,1,331,0,364
462,56,350.0,2888.0,13.0,12.0,0,321,1,359
462,57,337.0,2907.0,12.0,8.0,1,331,0,357
462,60,293.0,2879.0,8.0,7.0,1,310,0,354
462,63,433.0,2888.0,9.0,7.0,1,324,0,350
462,68,392.0,2891.0,14.0,9.0,1,305,0,339
462,72,2.0,2918.0,4.0,6.0,0,289,1,333
462,79,2.0,2931.0,4.0,7.0,0,265,23,323
462,81,172.0,2908.0,15.0,9.0,1,291,0,321
462,123,67.0,2907.0,13.0,11.0,1,208,0,230
462,138,358.0,2904.0,11.0,8.0,1,173,0,198
462,139,0.0,2936.0,2.0,3.0,0,157,19,198
462,155,86.0,2914.0,13.0,7.0,1,147,0,159
462,159,803.0,2722.0,20.0,9.0,0,105,10,143
463,3,1846.0,3091.0,16.0,6.0,1,410,0,460
463,31,6.0,2930.0,2.0,6.0,0,319,29,388
463,36,431.0,2884.0,9.0,8.0,0,344,1,380
463,39,0.0,2924.0,6.0,10.0,0,343,8,378
463,42,152.0,2916.0,16.0,9.0,1,340,0,376
463,43,6.0,2917.0,13.0,9.0,1,332,0,375
463,47,101.0,2904.0,14.0,9.0,1,340,0,371
463,50,0.0,2931.0,9.0,8.0,0,323,14,368
463,51,345.0,2886.0,11.0,9.0,1,323,0,366
463,52,419.0,2896.0,13.0,5.0,1,332,0,366
463,54,125.0,2907.0,16.0,11.0,1,332,0,365
463,56,338.0,2888.0,12.0,10.0,1,322,0,360
463,57,330.0,2902.0,14.0,9.0,1,332,0,358
463,60,272.0,2875.0,12.0,8.0,1,311,0,355
463,63,426.0,2894.0,14.0,5.0,1,325,0,351
463,68,389.0,2884.0,11.0,10.0,1,306,0,340
463,72,2.0,2918.0,4.0,6.0,0,289,2,334
463,79,2.0,2931.0,4.0,7.0,0,265,24,324
463,81,172.0,2908.0,15.0,9.0,0,291,1,322
463,123,62.0,2908.0,12.0,8.0,1,209,0,231
463,138,354.0,2898.0,12.0,9.0,1,174,0,199
463,139,0.0,2936.0,2.0,3.0,0,157,20,199
463,155,79.0,2905.0,13.0,11.0,1,148,0,160
463,159,803.0,2722.0,20.0,9.0,0,105,11,144
464,3,1850.0,3083.0,17.0,6.0,1,411,0,461
464,36,417.0,2884.0,10.0,8.0,1,345,0,381
464,39,0.0,2924.0,6.0,10.0,0,343,9,379
464,42,150.0,2906.0,9.0,6.0,1,341,0,377
464,43,11.0,2917.0,12.0,8.0,1,333,0,376
464,47,91.0,2910.0,12.0,7.0,1,341,0,372
464,50,0.0,2931.0,9.0,8.0,0,323,15,369
464,51,344.0,2895.0,9.0,10.0,1,324,0,367
464,52,408.0,2893.0,11.0,7.0,1,333,0,367
464,54,129.0,2912.0,14.0,9.0,1,333,0,366
464,56,332.0,2883.0,6.0,7.0,1,323,0,361
464,57,327.0,2901.0,14.0,8.0,1,333,0,359
464,60,276.0,2879.0,12.0,6.0,1,312,0,356
464,63,418.0,2885.0,11.0,6.0,1,326,0,352
464,68,389.0,2884.0,11.0,10.0,0,306,1,341
464,72,2.0,2918.0,4.0,6.0,0,289,3,335
464,79,2.0,2931.0,4.0,7.0,0,265,25,325
464,81,164.0,2901.0,12.0,9.0,1,292,0,323
464,123,56.0,2909.0,9.0,10.0,1,210,0,232
464,138,354.0,2899.0,14.0,9.0,1,175,0,200
464,139,0.0,2936.0,2.0,3.0,0,157,21,200
464,155,80.0,2905.0,16.0,8.0,1,149,0,161
464,159,803.0,2722.0,20.0,9.0,0,105,12,145
465,3,1846.0,3080.0,16.0,6.0,1,412,0,462
465,36,418.0,2893.0,9.0,7.0,1,346,0,382
465,39,0.0,2924.0,6.0,10.0,0,343,10,380
465,42,150.0,2906.0,9.0,6.0,0,341,1,378
465,43,7.0,2906.0,10.0,9.0,1,334,0,377
465,47,91.0,2910.0,12.0,7.0,0,341,1,373
465,50,0.0,2931.0,9.0,8.0,0,323,16,370
465,51,339.0,2881.0,10.0,10.0,1,325,0,368
465,52,409.0,2892.0,8.0,5.0,1,334,0,368
465,54,117.0,2908.0,12.0,10.0,1,334,0,367
465,56,328.0,2888.0,10.0,8.0,1,324,0,362
465,57,325.0,2905.0,10.0,10.0,1,334,0,360
465,60,262.0,2879.0,14.0,7.0,1,313,0,357
465,63,418.0,2884.0,9.0,5.0,1,327,0,353
465,68,374.0,2893.0,11.0,7.0,1,307,0,342
465,72,2.0,2918.0,4.0,6.0,0,289,4,336
465,79,2.0,2931.0,4.0,7.0,0,265,26,326
465,81,158.0,2911.0,13.0,8.0,1,293,0,324
465,123,56.0,2910.0,9.0,10.0,1,211,0,233
465,138,342.0,2896.0,14.0,9.0,1,176,0,201
465,139,0.0,2936.0,2.0,3.0,0,157,22,201
465,155,73.0,2903.0,15.0,8.0,1,150,0,162
465,159,803.0,2722.0,20.0,9.0,0,105,13,146
466,3,1846.0,3092.0,15.0,5.0,1,413,0,463
466,36,410.0,2885.0,10.0,7.0,1,347,0,383
466,39,0.0,2924.0,6.0,10.0,0,343,11,381
466,42,136.0,2908.0,16.0,6.0,1,342,0,379
466,43,2.0,2916.0,11.0,6.0,1,335,0,378
466,47,86.0,2906.0,11.0,9.0,1,342,0,374
466,50,0.0,2931.0,9.0,8.0,0,323,17,371
466,51,337.0,2884.0,10.0,9.0,1,326,0,369
466,52,405.0,2885.0,10.0,5.0,1,335,0,369
466,54,115.0,2901.0,13.0,13.0,1,335,0,368
466,56,323.0,2884.0,12.0,7.0,1,325,0,363
466,57,325.0,2905.0,10.0,10.0,0,334,1,361
466,60,262.0,2873.0,13.0,8.0,1,314,0,358
466,63,410.0,2885.0,8.0,7.0,1,328,0,354
466,68,378.0,2886.0,11.0,7.0,1,308,0,343
466,72,2.0,2918.0,4.0,6.0,0,289,5,337
466,79,2.0,2931.0,4.0,7.0,0,265,27,327
466,81,164.0,2906.0,13.0,9.0,1,294,0,325
466,123,45.0,2904.0,12.0,10.0,1,212,0,234
466,138,345.0,2901.0,12.0,6.0,1,177,0,202
466,139,0.0,2936.0,2.0,3.0,0,157,23,202
466,155,68.0,2906.0,16.0,8.0,1,151,0,163
466,159,803.0,2722.0,20.0,9.0,0,105,14,147
467,3,1848.0,3085.0,17.0,6.0,1,414,0,464
467,36,400.0,2885.0,11.0,5.0,1,348,0,384
467,39,0.0,2924.0,6.0,10.0,0,343,12,382
467,42,131.0,2905.0,15.0,8.0,1,343,0,380
467,43,0.0,2915.0,7.0,8.0,1,336,0,379
467,47,82.0,2906.0,14.0,9.0,1,343,0,375
467,50,0.0,2931.0,9.0,8.0,0,323,18,372
467,51,332.0,2884.0,11.0,9.0,1,327,0,370
467,52,393.0,2884.0,13.0,6.0,1,336,0,370
467,54,114.0,2907.0,10.0,10.0,1,336,0,369
467,56,319.0,2885.0,11.0,6.0,1,326,0,364
467,57,319.0,2898.0,9.0,12.0,1,335,0,362
467,60,250.0,2881.0,13.0,5.0,1,315,0,359
467,63,410.0,2885.0,8.0,7.0,0,328,1,355
467,68,378.0,2886.0,11.0,7.0,0,308,1,344
467,72,2.0,2918.0,4.0,6.0,0,289,6,338
467,79,2.0,2931.0,4.0,7.0,0,265,28,328
467,81,154.0,2900.0,14.0,9.0,1,295,0,326
467,123,46.0,2904.0,10.0,7.0,1,213,0,235
467,138,339.0,2892.0,14.0,10.0,1,178,0,203
467,139,0.0,2936.0,2.0,3.0,0,157,24,203
467,155,60.0,2912.0,13.0,7.0,1,152,0,164
467,159,803.0,2722.0,20.0,9.0,0,105,15,148
468,3,1849.0,3088.0,16.0,6.0,1,415,0,465
468,36,391.0,2893.0,11.0,7.0,1,349,0,385
468,39,0.0,2924.0,6.0,10.0,0,343,13,383
468,42,131.0,2905.0,15.0,8.0,0,343,1,381
468,43,0.0,2915.0,7.0,8.0,0,336,1,380
468,47,83.0,2904.0,7.0,5.0,1,344,0,376
468,50,0.0,2931.0,9.0,8.0,0,323,19,373
468,51,334.0,2886.0,10.0,10.0,1,328,0,371
468,52,392.0,2876.0,14.0,8.0,1,337,0,371
468,54,104.0,2905.0,13.0,10.0,1,337,0,370
468,56,317.0,2880.0,13.0,9.0,1,327,0,365
468,57,313.0,2901.0,12.0,9.0,1,336,0,363
468,60,250.0,2884.0,8.0,9.0,1,316,0,360
468,63,410.0,2885.0,8.0,7.0,0,328,2,356
468,68,378.0,2886.0,11.0,7.0,0,308,2,345
468,72,2.0,2918.0,4.0,6.0,0,289,7,339
468,79,2.0,2931.0,4.0,7.0,0,265,29,329
468,81,146.0,2902.0,13.0,8.0,1,296,0,327
468,123,46.0,2904.0,10.0,7.0,0,213,1,236
468,138,330.0,2899.0,10.0,8.0,1,179,0,204
468,139,0.0,2936.0,2.0,3.0,0,157,25,204
468,155,59.0,2907.0,13.0,11.0,1,153,0,165
468,159,803.0,2722.0,20.0,9.0,0,105,16,149
469,3,1847.0,3084.0,16.0,5.0,1,416,0,466
469,36,392.0,2888.0,10.0,5.0,1,350,0,386
469,39,0.0,2924.0,6.0,10.0,0,343,14,384
469,42,129.0,2903.0,9.0,5.0,1,344,0,382
469,43,0.0,2915.0,7.0,8.0,0,336,2,381
469,47,72.0,2906.0,11.0,8.0,1,345,0,377
469,50,0.0,2931.0,9.0,8.0,0,323,20,374
469,51,321.0,2881.0,13.0,9.0,1,329,0,372
469,52,385.0,2879.0,10.0,5.0,1,338,0,372
469,54,98.0,2899.0,17.0,9.0,1,338,0,371
469,56,307.0,2879.0,12.0,9.0,1,328,0,366
469,57,307.0,2902.0,15.0,8.0,1,337,0,364
469,60,240.0,2873.0,11.0,10.0,1,317,0,361
469,63,390.0,2878.0,12.0,8.0,1,329,0,357
469,68,363.0,2886.0,12.0,11.0,1,309,0,346
469,72,2.0,2918.0,4.0,6.0,0,289,8,340
469,81,142.0,2906.0,15.0,10.0,1,297,0,328
469,123,31.0,2899.0,10.0,9.0,1,214,0,237
469,138,321.0,2896.0,12.0,8.0,1,180,0,205
469,139,0.0,2936.0,2.0,3.0,0,157,26,205
469,155,55.0,2910.0,10.0,9.0,1,154,0,166
469,159,803.0,2722.0,20.0,9.0,0,105,17,150
470,3,1851.0,3080.0,17.0,5.0,1,417,0,467
470,36,380.0,2885.0,10.0,7.0,1,351,0,387
470,39,0.0,2924.0,6.0,10.0,0,343,15,385
470,42,117.0,2907.0,14.0,6.0,1,345,0,383
470,43,0.0,2915.0,7.0,8.0,0,336,3,382
470,47,65.0,2902.0,9.0,7.0,1,346,0,378
470,50,0.0,2931.0,9.0,8.0,0,323,21,375
470,51,317.0,2890.0,13.0,8.0,1,330,0,373
470,52,385.0,2879.0,10.0,5.0,0,338,1,373
470,54,102.0,2898.0,11.0,11.0,1,339,0,372
470,56,297.0,2881.0,13.0,7.0,1,329,0,367
470,57,305.0,2899.0,11.0,9.0,1,338,0,365
470,60,230.0,2870.0,14.0,6.0,1,318,0,362
470,63,382.0,2881.0,7.0,6.0,1,330,0,358
470,68,352.0,2888.0,8.0,6.0,1,310,0,347
470,72,2.0,2918.0,4.0,6.0,0,289,9,341
470,81,140.0,2904.0,13.0,9.0,1,298,0,329
470,123,21.0,2906.0,13.0,9.0,1,215,0,238
470,138,321.0,2895.0,11.0,8.0,1,181,0,206
470,139,0.0,2936.0,2.0,3.0,0,157,27,206
470,155,44.0,2900.0,13.0,9.0,1,155,0,167
470,159,803.0,2722.0,20.0,9.0,0,105,18,151
471,3,1848.0,3082.0,17.0,5.0,1,418,0,468
471,36,374.0,2881.0,12.0,11.0,1,352,0,388
471,39,0.0,2924.0,6.0,10.0,0,343,16,386
471,42,121.0,2910.0,13.0,6.0,1,346,0,384
471,43,0.0,2915.0,7.0,8.0,0,336,4,383
471,47,67.0,2906.0,9.0,7.0,1,347,0,379
471,50,0.0,2931.0,9.0,8.0,0,323,22,376
471,51,311.0,2886.0,12.0,8.0,1,331,0,374
471,52,385.0,2879.0,10.0,5.0,0,338,2,374
471,54,95.0,2902.0,11.0,9.0,1,340,0,373
471,56,301.0,2883.0,10.0,6.0,1,330,0,368
471,57,303.0,2898.0,11.0,9.0,1,339,0,366
471,60,233.0,2875.0,13.0,9.0,1,319,0,363
471,63,378.0,2879.0,10.0,6.0,1,331,0,359
471,68,352.0,2888.0,8.0,6.0,0,310,1,348
471,72,2.0,2918.0,4.0,6.0,0,289,10,342
471,81,142.0,2904.0,13.0,8.0,1,299,0,330
471,123,21.0,2904.0,11.0,10.0,1,216,0,239
471,138,321.0,2895.0,11.0,8.0,0,181,1,207
471,139,0.0,2936.0,2.0,3.0,0,157,28,207
471,155,42.0,2906.0,11.0,10.0,1,156,0,168
471,159,803.0,2722.0,20.0,9.0,0,105,19,152
472,3,1851.0,3080.0,17.0,5.0,1,419,0,469
472,36,367.0,2882.0,12.0,9.0,1,353,0,389
472,39,0.0,2924.0,6.0,10.0,0,343,17,387
472,42,112.0,2905.0,15.0,6.0,1,347,0,385
472,43,0.0,2915.0,7.0,8.0,0,336,5,384
472,47,54.0,2903.0,13.0,7.0,1,348,0,380
472,50,0.0,2931.0,9.0,8.0,0,323,23,377
472,51,309.0,2883.0,9.0,9.0,1,332,0,375
472,52,362.0,2872.0,11.0,10.0,1,339,0,375
472,54,181.0,2772.0,9.0,6.0,1,341,0,374
472,56,301.0,2883.0,10.0,6.0,0,330,1,369
472,57,299.0,2897.0,9.0,7.0,1,340,0,367
472,60,223.0,2873.0,13.0,9.0,1,320,0,364
472,63,383.0,2881.0,11.0,7.0,1,332,0,360
472,68,352.0,2888.0,8.0,6.0,0,310,2,349
472,72,2.0,2918.0,4.0,6.0,0,289,11,343
472,81,130.0,2910.0,12.0,8.0,1,300,0,331
472,123,17.0,2908.0,12.0,9.0,1,217,0,240
472,138,321.0,2895.0,11.0,8.0,0,181,2,208
472,139,0.0,2936.0,2.0,3.0,0,157,29,208
472,155,38.0,2906.0,12.0,12.0,1,157,0,169
472,159,803.0,2722.0,20.0,9.0,0,105,20,153
473,3,1849.0,3081.0,16.0,5.0,1,420,0,470
473,36,359.0,2877.0,10.0,7.0,1,354,0,390
473,39,0.0,2924.0,6.0,10.0,0,343,18,388
473,42,111.0,2902.0,10.0,6.0,1,348,0,386
473,43,0.0,2915.0,7.0,8.0,0,336,6,385
473,47,88.0,2899.0,12.0,9.0,1,349,0,381
473,50,0.0,2931.0,9.0,8.0,0,323,24,378
473,51,300.0,2879.0,9.0,9.0,1,333,0,376
473,52,362.0,2872.0,11.0,10.0,0,339,1,376
473,54,181.0,2772.0,9.0,6.0,0,341,1,375
473,56,295.0,2877.0,6.0,5.0,1,331,0,370
473,57,285.0,2897.0,15.0,9.0,1,341,0,368
473,60,217.0,2868.0,13.0,9.0,1,321,0,365
473,63,366.0,2879.0,10.0,5.0,1,333,0,361
473,68,345.0,2886.0,11.0,8.0,1,311,0,350
473,72,18.0,2900.0,9.0,7.0,1,290,0,344
473,81,130.0,2908.0,12.0,7.0,1,301,0,332
473,123,33.0,2896.0,11.0,8.0,1,218,0,241
473,138,321.0,2895.0,11.0,8.0,0,181,3,209
473,155,54.0,2906.0,9.0,8.0,1,158,0,170
473,159,803.0,2722.0,20.0,9.0,0,105,21,154
474,3,1850.0,3081.0,17.0,6.0,1,421,0,471
474,36,359.0,2872.0,11.0,9.0,1,355,0,391
474,39,0.0,2924.0,6.0,10.0,0,343,19,389
474,42,92.0,2915.0,13.0,7.0,1,349,0,387
474,43,0.0,2915.0,7.0,8.0,0,336,7,386
474,47,78.0,2906.0,14.0,9.0,1,350,0,382
474,50,0.0,2931.0,9.0,8.0,0,323,25,379
474,51,296.0,2882.0,11.0,9.0,1,334,0,377
474,52,352.0,2869.0,12.0,10.0,1,340,0,377
474,54,181.0,2772.0,9.0,6.0,0,341,2,376
474,56,279.0,2879.0,12.0,6.0,1,332,0,371
474,57,287.0,2899.0,9.0,6.0,1,342,0,369
474,60,216.0,2870.0,11.0,8.0,1,322,0,366
474,63,363.0,2886.0,9.0,6.0,1,334,0,362
474,68,340.0,2885.0,10.0,5.0,1,312,0,351
474,72,9.0,2902.0,11.0,6.0,1,291,0,345
474,81,124.0,2900.0,14.0,9.0,1,302,0,333
474,123,30.0,2900.0,11.0,9.0,1,219,0,242
474,138,301.0,2891.0,14.0,7.0,1,182,0,210
474,155,54.0,2906.0,9.0,8.0,0,158,1,171
474,159,803.0,2722.0,20.0,9.0,0,105,22,155
475,3,1857.0,3075.0,14.0,10.0,1,422,0,472
475,36,353.0,2877.0,11.0,7.0,1,356,0,392
475,39,0.0,2924.0,6.0,10.0,0,343,20,390
475,42,98.0,2904.0,13.0,7.0,1,350,0,388
475,43,0.0,2915.0,7.0,8.0,0,336,8,387
475,47,72.0,2910.0,18.0,8.0,1,351,0,383
475,50,0.0,2931.0,9.0,8.0,0,323,26,380
475,51,299.0,2872.0,8.0,8.0,1,335,0,378
475,52,352.0,2869.0,12.0,10.0,0,340,1,378
475,54,181.0,2772.0,9.0,6.0,0,341,3,377
475,56,277.0,2882.0,10.0,7.0,1,333,0,372
475,57,290.0,2895.0,14.0,9.0,1,343,0,370
475,60,216.0,2870.0,11.0,8.0,0,322,1,367
475,63,368.0,2887.0,9.0,7.0,1,335,0,363
475,68,332.0,2882.0,13.0,9.0,1,313,0,352
475,72,12.0,2899.0,10.0,10.0,1,292,0,346
475,81,115.0,2905.0,12.0,7.0,1,303,0,334
475,123,22.0,2900.0,13.0,11.0,1,220,0,243
475,138,295.0,2890.0,13.0,8.0,1,183,0,211
475,155,40.0,2902.0,12.0,6.0,1,159,0,172
475,159,803.0,2722.0,20.0,9.0,0,105,23,156
476,3,1856.0,3077.0,15.0,7.0,1,423,0,473
476,36,346.0,2872.0,11.0,10.0,1,357,0,393
476,39,0.0,2924.0,6.0,10.0,0,343,21,391
476,42,92.0,2895.0,12.0,10.0,1,351,0,389
476,43,0.0,2915.0,7.0,8.0,0,336,9,388
476,47,68.0,2899.0,10.0,8.0,1,352,0,384
476,50,0.0,2931.0,9.0,8.0,0,323,27,381
476,51,287.0,2881.0,11.0,7.0,1,336,0,379
476,52,332.0,2874.0,13.0,10.0,1,341,0,379
476,54,181.0,2772.0,9.0,6.0,0,341,4,378
476,56,276.0,2874.0,8.0,9.0,1,334,0,373
476,57,276.0,2899.0,11.0,8.0,1,344,0,371
476,60,200.0,2868.0,13.0,9.0,1,323,0,368
476,63,356.0,2886.0,12.0,6.0,1,336,0,364
476,68,330.0,2881.0,15.0,7.0,1,314,0,353
476,72,12.0,2899.0,10.0,10.0,0,292,1,347
476,81,115.0,2905.0,12.0,7.0,0,303,1,335
476,123,23.0,2908.0,14.0,12.0,1,221,0,244
476,138,298.0,2889.0,10.0,7.0,1,184,0,212
476,155,42.0,2902.0,11.0,8.0,1,160,0,173
476,159,803.0,2722.0,20.0,9.0,0,105,24,157
477,3,1861.0,3072.0,14.0,10.0,1,424,0,474
477,36,341.0,2877.0,12.0,9.0,1,358,0,394
477,39,0.0,2924.0,6.0,10.0,0,343,22,392
477,42,88.0,2900.0,11.0,9.0,1,352,0,390
477,43,0.0,2915.0,7.0,8.0,0,336,10,389
477,47,71.0,2900.0,11.0,11.0,1,353,0,385
477,50,0.0,2931.0,9.0,8.0,0,323,28,382
477,51,281.0,2872.0,9.0,6.0,1,337,0,380
477,52,336.0,2871.0,11.0,6.0,1,342,0,380
477,54,181.0,2772.0,9.0,6.0,0,341,5,379
477,56,270.0,2882.0,9.0,4.0,1,335,0,374
477,57,267.0,2897.0,14.0,10.0,1,345,0,372
477,60,200.0,2862.0,11.0,11.0,1,324,0,369
477,63,354.0,2876.0,7.0,8.0,1,337,0,365
477,68,323.0,2875.0,13.0,10.0,1,315,0,354
477,72,0.0,2904.0,8.0,6.0,1,293,0,348
477,81,113.0,2902.0,14.0,10.0,1,304,0,336
477,123,18.0,2899.0,12.0,9.0,1,222,0,245
477,138,296.0,2887.0,11.0,10.0,1,185,0,213
477,155,33.0,2897.0,10.0,6.0,1,161,0,174
477,159,803.0,2722.0,20.0,9.0,0,105,25,158
478,3,1855.0,3072.0,13.0,8.0,1,425,0,475
478,36,336.0,2879.0,7.0,5.0,1,359,0,395
478,39,0.0,2924.0,6.0,10.0,0,343,23,393
478,42,83.0,2901.0,12.0,8.0,1,353,0,391
478,43,0.0,2915.0,7.0,8.0,0,336,11,390
478,47,63.0,2899.0,11.0,8.0,1,354,0,386
478,50,0.0,2931.0,9.0,8.0,0,323,29,383
478,51,279.0,2877.0,9.0,8.0,1,338,0,381
478,52,328.0,2870.0,12.0,11.0,1,343,0,381
478,54,181.0,2772.0,9.0,6.0,0,341,6,380
478,56,269.0,2878.0,10.0,5.0,1,336,0,375
478,57,275.0,2896.0,9.0,7.0,1,346,0,373
478,60,200.0,2862.0,11.0,11.0,0,324,1,370
478,63,354.0,2876.0,7.0,8.0,0,337,1,366
478,68,317.0,2876.0,13.0,7.0,1,316,0,355
478,72,0.0,2904.0,8.0,6.0,0,293,1,349
478,81,103.0,2902.0,10.0,11.0,1,305,0,337
478,123,18.0,2899.0,12.0,9.0,0,222,1,246
478,138,287.0,2884.0,10.0,7.0,1,186,0,214
478,155,27.0,2897.0,10.0,6.0,1,162,0,175
478,159,803.0,2722.0,20.0,9.0,0,105,26,159
479,3,1860.0,3071.0,15.0,10.0,1,426,0,476
479,36,326.0,2878.0,15.0,9.0,1,360,0,396
479,39,0.0,2924.0,6.0,10.0,0,343,24,394
479,42,81.0,2901.0,12.0,9.0,1,354,0,392
479,43,0.0,2915.0,7.0,8.0,0,336,12,391
479,47,59.0,2904.0,14.0,8.0,1,355,0,387
479,51,275.0,2872.0,9.0,8.0,1,339,0,382
479,52,328.0,2870.0,12.0,11.0,0,343,1,382
479,54,181.0,2772.0,9.0,6.0,0,341,7,381
479,56,261.0,2873.0,8.0,7.0,1,337,0,376
479,57,275.0,2896.0,9.0,7.0,0,346,1,374
479,60,187.0,2871.0,12.0,9.0,1,325,0,371
479,63,349.0,2887.0,10.0,6.0,1,338,0,367
479,68,315.0,2877.0,12.0,8.0,1,317,0,356
479,72,0.0,2894.0,12.0,11.0,1,294,0,350
479,81,97.0,2906.0,14.0,9.0,1,306,0,338
479,123,18.0,2899.0,12.0,9.0,0,222,2,247
479,138,284.0,2879.0,10.0,7.0,1,187,0,215
479,155,27.0,2897.0,10.0,6.0,0,162,1,176
479,159,803.0,2722.0,20.0,9.0,0,105,27,160
480,3,1858.0,3078.0,14.0,9.0,1,427,0,477
480,36,319.0,2870.0,10.0,7.0,1,361,0,397
480,39,0.0,2924.0,6.0,10.0,0,343,25,395
480,42,78.0,2905.0,9.0,9.0,1,355,0,393
480,43,0.0,2915.0,7.0,8.0,0,336,13,392
480,47,54.0,2897.0,11.0,7.0,1,356,0,388
480,51,272.0,2869.0,10.0,9.0,1,340,0,383
480,52,314.0,2873.0,13.0,6.0,1,344,0,383
480,54,181.0,2772.0,9.0,6.0,0,341,8,382
480,56,252.0,2875.0,11.0,6.0,1,338,0,377
480,57,249.0,2891.0,17.0,10.0,1,347,0,375
480,60,178.0,2869.0,12.0,9.0,1,326,0,372
480,63,337.0,2876.0,10.0,8.0,1,339,0,368
480,68,313.0,2877.0,10.0,8.0,1,318,0,357
480,72,0.0,2893.0,10.0,11.0,1,295,0,351
480,81,89.0,2903.0,15.0,10.0,1,307,0,339
480,123,16.0,2903.0,13.0,10.0,1,223,0,248
480,138,278.0,2882.0,9.0,7.0,1,188,0,216
480,155,27.0,2897.0,10.0,6.0,0,162,2,177
480,159,803.0,2722.0,20.0,9.0,0,105,28,161
481,3,1861.0,3071.0,14.0,8.0,1,428,0,478
481,36,317.0,2871.0,9.0,7.0,1,362,0,398
481,39,0.0,2924.0,6.0,10.0,0,343,26,396
481,42,63.0,2901.0,12.0,7.0,1,356,0,394
481,43,0.0,2915.0,7.0,8.0,0,336,14,393
481,47,44.0,2896.0,10.0,7.0,1,357,0,389
481,51,264.0,2871.0,8.0,8.0,1,341,0,384
481,52,316.0,2868.0,12.0,6.0,1,345,0,384
481,54,181.0,2772.0,9.0,6.0,0,341,9,383
481,56,252.0,2875.0,11.0,6.0,0,338,1,378
481,57,249.0,2891.0,17.0,10.0,0,347,1,376
481,60,177.0,2865.0,13.0,9.0,1,327,0,373
481,63,340.0,2883.0,9.0,6.0,1,340,0,369
481,68,306.0,2872.0,12.0,9.0,1,319,0,358
481,72,2.0,2898.0,7.0,10.0,1,296,0,352
481,81,85.0,2899.0,15.0,9.0,1,308,0,340
481,123,13.0,2900.0,9.0,5.0,1,224,0,249
481,138,271.0,2878.0,13.0,10.0,1,189,0,217
481,155,27.0,2897.0,10.0,6.0,0,162,3,178
481,159,803.0,2722.0,20.0,9.0,0,105,29,162
482,3,1866.0,3067.0,13.0,12.0,1,429,0,479
482,36,311.0,2871.0,10.0,5.0,1,363,0,399
482,39,0.0,2924.0,6.0,10.0,0,343,27,397
482,42,60.0,2903.0,12.0,7.0,1,357,0,395
482,43,0.0,2915.0,7.0,8.0,0,336,15,394
482,47,38.0,2902.0,10.0,6.0,1,358,0,390
482,51,255.0,2876.0,12.0,8.0,1,342,0,385
482,52,306.0,2870.0,12.0,8.0,1,346,0,385
482,54,181.0,2772.0,9.0,6.0,0,341,10,384
482,56,247.0,2871.0,11.0,7.0,1,339,0,379
482,57,249.0,2887.0,12.0,8.0,1,348,0,377
482,60,172.0,2860.0,13.0,7.0,1,328,0,374
482,63,326.0,2883.0,11.0,4.0,1,341,0,370
482,68,305.0,2873.0,9.0,8.0,1,320,0,359
482,72,2.0,2898.0,7.0,10.0,0,296,1,353
482,81,77.0,2902.0,14.0,9.0,1,309,0,341
482,123,13.0,2900.0,9.0,5.0,0,224,1,250
482,138,271.0,2878.0,13.0,10.0,0,189,1,218
482,155,27.0,2897.0,10.0,6.0,0,162,4,179
483,3,1859.0,3073.0,18.0,5.0,1,430,0,480
483,36,303.0,2863.0,8.0,7.0,1,364,0,400
483,39,0.0,2924.0,6.0,10.0,0,343,28,398
483,42,64.0,2902.0,11.0,6.0,1,358,0,396
483,43,0.0,2915.0,7.0,8.0,0,336,16,395
483,47,31.0,2896.0,14.0,8.0,1,359,0,391
483,51,253.0,2867.0,10.0,8.0,1,343,0,386
483,52,300.0,2871.0,10.0,4.0,1,347,0,386
483,54,181.0,2772.0,9.0,6.0,0,341,11,385
483,56,247.0,2863.0,8.0,11.0,1,340,0,380
483,57,242.0,2887.0,10.0,8.0,1,349,0,378
483,60,166.0,2859.0,13.0,8.0,1,329,0,375
483,63,325.0,2873.0,10.0,6.0,1,342,0,371
483,68,297.0,2871.0,8.0,9.0,1,321,0,360
483,72,0.0,2895.0,9.0,8.0,1,297,0,354
483,81,75.0,2895.0,15.0,7.0,1,310,0,342
483,123,13.0,2900.0,9.0,5.0,0,224,2,251
483,138,268.0,2875.0,13.0,8.0,1,190,0,219
483,155,27.0,2897.0,10.0,6.0,0,162,5,180
484,3,1864.0,3069.0,13.0,9.0,1,431,0,481
484,36,303.0,2868.0,6.0,7.0,1,365,0,401
484,39,0.0,2924.0,6.0,10.0,0,343,29,399
484,42,53.0,2902.0,10.0,9.0,1,359,0,397
484,43,0.0,2915.0,7.0,8.0,0,336,17,396
484,47,27.0,2894.0,13.0,9.0,1,360,0,392
484,51,249.0,2870.0,11.0,7.0,1,344,0,387
484,52,297.0,2873.0,7.0,8.0,1,348,0,387
484,54,181.0,2772.0,9.0,6.0,0,341,12,386
484,56,239.0,2870.0,10.0,4.0,1,341,0,381
484,57,236.0,2886.0,15.0,7.0,1,350,0,379
484,60,160.0,2867.0,12.0,8.0,1,330,0,376
484,63,325.0,2873.0,10.0,6.0,0,342,1,372
484,68,293.0,2871.0,9.0,9.0,1,322,0,361
484,72,0.0,2895.0,9.0,8.0,0,297,1,355
484,81,64.0,2903.0,16.0,10.0,1,311,0,343
484,123,13.0,2900.0,9.0,5.0,0,224,3,252
484,138,262.0,2873.0,12.0,8.0,1,191,0,220
484,155,6.0,2892.0,7.0,9.0,1,163,0,181
485,3,1868.0,3068.0,10.0,9.0,1,432,0,482
485,36,303.0,2868.0,6.0,7.0,0,365,1,402
485,42,53.0,2898.0,11.0,7.0,1,360,0,398
485,43,0.0,2915.0,7.0,8.0,0,336,18,397
485,47,31.0,2898.0,13.0,9.0,1,361,0,393
485,51,242.0,2870.0,9.0,7.0,1,345,0,388
485,52,288.0,2874.0,9.0,5.0,1,349,0,388
485,54,181.0,2772.0,9.0,6.0,0,341,13,387
485,56,239.0,2870.0,10.0,4.0,0,341,1,382
485,57,234.0,2894.0,14.0,9.0,1,351,0,380
485,60,160.0,2864.0,11.0,10.0,1,331,0,377
485,63,315.0,2873.0,10.0,6.0,1,343,0,373
485,68,285.0,2875.0,10.0,7.0,1,323,0,362
485,72,0.0,2895.0,9.0,8.0,0,297,2,356
485,81,69.0,2899.0,13.0,7.0,1,312,0,344
485,123,13.0,2900.0,9.0,5.0,0,224,4,253
485,138,253.0,2886.0,11.0,8.0,1,192,0,221
485,155,6.0,2892.0,7.0,9.0,0,163,1,182
486,3,1866.0,3068.0,11.0,10.0,1,433,0,483
486,36,286.0,2860.0,10.0,6.0,1,366,0,403
486,42,53.0,2898.0,11.0,7.0,0,360,1,399
486,43,0.0,2915.0,7.0,8.0,0,336,19,398
486,47,25.0,2893.0,12.0,9.0,1,362,0,394
486,51,238.0,2869.0,12.0,8.0,1,346,0,389
486,52,288.0,2874.0,9.0,5.0,0,349,1,389
486,54,181.0,2772.0,9.0,6.0,0,341,14,388
486,56,225.0,2864.0,13.0,7.0,1,342,0,383
486,57,230.0,2876.0,17.0,7.0,1,352,0,381
486,60,146.0,2865.0,12.0,6.0,1,332,0,378
486,63,312.0,2878.0,11.0,4.0,1,344,0,374
486,68,282.0,2871.0,9.0,7.0,1,324,0,363
486,72,0.0,2895.0,9.0,8.0,0,297,3,357
486,81,64.0,2896.0,15.0,6.0,1,313,0,345
486,123,13.0,2900.0,9.0,5.0,0,224,5,254
486,138,248.0,2873.0,11.0,8.0,1,193,0,222
486,155,6.0,2892.0,7.0,9.0,0,163,2,183
487,3,1857.0,3065.0,17.0,10.0,1,434,0,484
487,36,279.0,2862.0,10.0,7.0,1,367,0,404
487,42,37.0,2896.0,9.0,6.0,1,361,0,400
487,43,0.0,2915.0,7.0,8.0,0,336,20,399
487,47,19.0,2900.0,12.0,8.0,1,363,0,395
487,51,231.0,2872.0,13.0,10.0,1,347,0,390
487,52,285.0,2870.0,5.0,8.0,1,350,0,390
487,54,181.0,2772.0,9.0,6.0,0,341,15,389
487,56,225.0,2864.0,7.0,7.0,1,343,0,384
487,57,229.0,2886.0,12.0,7.0,1,353,0,382
487,60,148.0,2869.0,14.0,6.0,1,333,0,379
487,63,312.0,2878.0,11.0,4.0,0,344,1,375
487,68,278.0,2868.0,9.0,6.0,1,325,0,364
487,72,0.0,2895.0,9.0,8.0,0,297,4,358
487,81,61.0,2897.0,14.0,9.0,1,314,0,346
487,123,13.0,2900.0,9.0,5.0,0,224,6,255
487,138,248.0,2873.0,11.0,8.0,0,193,1,223
487,155,6.0,2892.0,7.0,9.0,0,163,3,184
488,3,1866.0,3061.0,18.0,9.0,1,435,0,485
488,36,277.0,2863.0,8.0,9.0,1,368,0,405
488,42,37.0,2896.0,10.0,8.0,1,362,0,401
488,43,0.0,2915.0,7.0,8.0,0,336,21,400
488,47,12.0,2890.0,11.0,9.0,1,364,0,396
488,51,226.0,2864.0,11.0,9.0,1,348,0,391
488,52,280.0,2871.0,7.0,9.0,1,351,0,391
488,54,181.0,2772.0,9.0,6.0,0,341,16,390
488,56,214.0,2872.0,10.0,5.0,1,344,0,385
488,57,224.0,2880.0,14.0,5.0,1,354,0,383
488,60,144.0,2862.0,9.0,10.0,1,334,0,380
488,63,301.0,2873.0,13.0,6.0,1,345,0,376
488,68,274.0,2868.0,8.0,7.0,1,326,0,365
488,72,0.0,2895.0,9.0,8.0,0,297,5,359
488,81,54.0,2896.0,13.0,9.0,1,315,0,347
488,123,13.0,2900.0,9.0,5.0,0,224,7,256
488,138,236.0,2875.0,13.0,8.0,1,194,0,224
488,155,6.0,2892.0,7.0,9.0,0,163,4,185
489,3,1865.0,3066.0,14.0,10.0,1,436,0,486
489,36,278.0,2861.0,8.0,5.0,1,369,0,406
489,42,31.0,2897.0,9.0,8.0,1,363,0,402
489,43,0.0,2915.0,7.0,8.0,0,336,22,401
489,47,4.0,2888.0,14.0,9.0,1,365,0,397
489,51,225.0,2867.0,10.0,9.0,1,349,0,392
489,52,274.0,2865.0,8.0,8.0,1,352,0,392
489,54,181.0,2772.0,9.0,6.0,0,341,17,391
489,56,213.0,2864.0,12.0,8.0,1,345,0,386
489,57,224.0,2880.0,14.0,5.0,0,354,1,384
489,60,137.0,2866.0,9.0,10.0,1,335,0,381
489,63,299.0,2869.0,10.0,7.0,1,346,0,377
489,68,263.0,2870.0,8.0,5.0,1,327,0,366
489,72,0.0,2895.0,9.0,8.0,0,297,6,360
489,81,51.0,2897.0,14.0,9.0,1,316,0,348
489,123,13.0,2900.0,9.0,5.0,0,224,8,257
489,138,232.0,2871.0,12.0,7.0,1,195,0,225
489,155,6.0,2892.0,7.0,9.0,0,163,5,186
490,3,1873.0,3064.0,10.0,8.0,1,437,0,487
490,36,268.0,2861.0,11.0,7.0,1,370,0,407
490,42,27.0,2895.0,12.0,7.0,1,364,0,403
490,43,0.0,2915.0,7.0,8.0,0,336,23,402
490,47,4.0,2888.0,14.0,9.0,0,365,1,398
490,51,225.0,2867.0,10.0,9.0,0,349,1,393
490,52,267.0,2864.0,7.0,8.0,1,353,0,393
490,54,181.0,2772.0,9.0,6.0,0,341,18,392
490,56,210.0,2871.0,8.0,7.0,1,346,0,387
490,57,215.0,2881.0,9.0,8.0,1,355,0,385
490,60,131.0,2861.0,10.0,10.0,1,336,0,382
490,63,294.0,2864.0,10.0,7.0,1,347,0,378
490,68,268.0,2862.0,7.0,8.0,1,328,0,367
490,72,0.0,2895.0,9.0,8.0,0,297,7,361
490,81,44.0,2885.0,13.0,8.0,1,317,0,349
490,123,13.0,2900.0,9.0,5.0,0,224,9,258
490,138,232.0,2870.0,9.0,9.0,1,196,0,226
490,155,6.0,2892.0,7.0,9.0,0,163,6,187
491,3,1867.0,3057.0,14.0,13.0,1,438,0,488
491,36,263.0,2860.0,8.0,5.0,1,371,0,408
491,42,27.0,2895.0,12.0,7.0,0,364,1,404
491,43,0.0,2915.0,7.0,8.0,0,336,24,403
491,47,4.0,2888.0,14.0,9.0,0,365,2,399
491,51,213.0,2865.0,11.0,8.0,1,350,0,394
491,52,267.0,2867.0,6.0,7.0,1,354,0,394
491,54,181.0,2772.0,9.0,6.0,0,341,19,393
491,56,207.0,2862.0,10.0,9.0,1,347,0,388
491,57,211.0,2882.0,9.0,8.0,1,356,0,386
491,60,122.0,2858.0,12.0,10.0,1,337,0,383
491,63,283.0,2866.0,12.0,8.0,1,348,0,379
491,68,260.0,2860.0,9.0,7.0,1,329,0,368
491,72,0.0,2895.0,9.0,8.0,0,297,8,362
491,81,42.0,2891.0,14.0,9.0,1,318,0,350
491,123,1.0,2895.0,10.0,10.0,1,225,0,259
491,138,232.0,2873.0,10.0,6.0,1,197,0,227
491,155,6.0,2892.0,7.0,9.0,0,163,7,188
492,3,1870.0,3060.0,9.0,8.0,1,439,0,489
492,36,246.0,2867.0,11.0,6.0,1,372,0,409
492,42,13.0,2893.0,12.0,8.0,1,365,0,405
492,43,0.0,2915.0,7.0,8.0,0,336,25,404
492,47,4.0,2888.0,14.0,9.0,0,365,3,400
492,51,211.0,2862.0,9.0,10.0,1,351,0,395
492,52,255.0,2864.0,8.0,4.0,1,355,0,395
492,54,181.0,2772.0,9.0,6.0,0,341,20,394
492,56,193.0,2865.0,9.0,5.0,1,348,0,389
492,57,201.0,2873.0,11.0,8.0,1,357,0,387
492,60,116.0,2860.0,9.0,7.0,1,338,0,384
492,63,286.0,2864.0,12.0,8.0,1,349,0,380
492,68,251.0,2861.0,10.0,7.0,1,330,0,369
492,72,0.0,2888.0,4.0,10.0,1,298,0,363
492,81,30.0,2892.0,13.0,10.0,1,319,0,351
492,123,1.0,2895.0,10.0,10.0,0,225,1,260
492,138,213.0,2876.0,14.0,11.0,1,198,0,228
492,155,6.0,2892.0,7.0,9.0,0,163,8,189
493,3,1872.0,3055.0,14.0,10.0,1,440,0,490
493,36,239.0,2865.0,9.0,6.0,1,373,0,410
493,42,12.0,2890.0,11.0,8.0,1,366,0,406
493,43,0.0,2915.0,7.0,8.0,0,336,26,405
493,47,4.0,2888.0,14.0,9.0,0,365,4,401
493,51,210.0,2858.0,10.0,9.0,1,352,0,396
493,52,252.0,2865.0,8.0,7.0,1,356,0,396
493,54,181.0,2772.0,9.0,6.0,0,341,21,395
493,56,197.0,2861.0,11.0,7.0,1,349,0,390
493,57,202.0,2875.0,13.0,8.0,1,358,0,388
493,60,106.0,2863.0,12.0,6.0,1,339,0,385
493,63,275.0,2860.0,12.0,7.0,1,350,0,381
493,68,248.0,2857.0,8.0,6.0,1,331,0,370
493,72,0.0,2888.0,4.0,10.0,0,298,1,364
493,81,33.0,2890.0,14.0,9.0,1,320,0,352
493,123,1.0,2895.0,10.0,10.0,0,225,2,261
493,138,211.0,2870.0,12.0,12.0,1,199,0,229
493,155,6.0,2892.0,7.0,9.0,0,163,9,190
494,3,1872.0,3055.0,11.0,7.0,1,441,0,491
494,36,239.0,2865.0,9.0,6.0,0,373,1,411
494,42,12.0,2890.0,11.0,8.0,0,366,1,407
494,43,0.0,2915.0,7.0,8.0,0,336,27,406
494,47,4.0,2888.0,14.0,9.0,0,365,5,402
494,51,195.0,2863.0,14.0,9.0,1,353,0,397
494,52,245.0,2862.0,9.0,8.0,1,357,0,397
494,54,181.0,2772.0,9.0,6.0,0,341,22,396
494,56,187.0,2864.0,9.0,8.0,1,350,0,391
494,57,194.0,2876.0,11.0,6.0,1,359,0,389
494,60,106.0,2861.0,12.0,6.0,1,340,0,386
494,63,275.0,2859.0,12.0,8.0,1,351,0,382
494,68,246.0,2861.0,8.0,5.0,1,332,0,371
494,72,0.0,2888.0,4.0,10.0,0,298,2,365
494,81,21.0,2882.0,12.0,9.0,1,321,0,353
494,123,1.0,2895.0,10.0,10.0,0,225,3,262
494,138,212.0,2863.0,9.0,8.0,1,200,0,230
494,155,6.0,2892.0,7.0,9.0,0,163,10,191
495,3,1872.0,3055.0,11.0,7.0,0,441,1,492
495,36,231.0,2861.0,8.0,8.0,1,374,0,412
495,42,12.0,2890.0,11.0,8.0,0,366,2,408
495,43,0.0,2915.0,7.0,8.0,0,336,28,407
495,47,4.0,2888.0,14.0,9.0,0,365,6,403
495,51,193.0,2858.0,11.0,10.0,1,354,0,398
495,52,237.0,2866.0,9.0,7.0,1,358,0,398
495,54,181.0,2772.0,9.0,6.0,0,341,23,397
495,56,178.0,2859.0,12.0,7.0,1,351,0,392
495,57,191.0,2873.0,13.0,8.0,1,360,0,390
495,60,107.0,2861.0,10.0,8.0,1,341,0,387
495,63,268.0,2864.0,13.0,9.0,1,352,0,383
495,68,240.0,2856.0,9.0,6.0,1,333,0,372
495,72,0.0,2888.0,4.0,10.0,0,298,3,366
495,81,16.0,2889.0,15.0,7.0,1,322,0,354
495,123,1.0,2895.0,10.0,10.0,0,225,4,263
495,138,206.0,2867.0,9.0,6.0,1,201,0,231
495,155,6.0,2892.0,7.0,9.0,0,163,11,192
496,3,1870.0,3050.0,17.0,9.0,1,442,0,493
496,36,226.0,2863.0,9.0,6.0,1,375,0,413
496,42,12.0,2890.0,11.0,8.0,0,366,3,409
496,43,0.0,2915.0,7.0,8.0,0,336,29,408
496,47,4.0,2888.0,14.0,9.0,0,365,7,404
496,51,190.0,2860.0,12.0,7.0,1,355,0,399
496,52,236.0,2861.0,10.0,6.0,1,359,0,399
496,54,181.0,2772.0,9.0,6.0,0,341,24,398
496,56,180.0,2862.0,12.0,8.0,1,352,0,393
496,57,186.0,2873.0,11.0,10.0,1,361,0,391
496,60,100.0,2856.0,14.0,9.0,1,342,0,388
496,63,259.0,2870.0,9.0,7.0,1,353,0,384
496,68,237.0,2860.0,7.0,9.0,1,334,0,373
496,72,0.0,2879.0,7.0,6.0,1,299,0,367
496,81,13.0,2892.0,14.0,8.0,1,323,0,355
496,123,1.0,2895.0,10.0,10.0,0,225,5,264
496,138,198.0,2862.0,14.0,10.0,1,202,0,232
496,155,6.0,2892.0,7.0,9.0,0,163,12,193
497,3,1869.0,3053.0,12.0,8.0,1,443,0,494
497,36,219.0,2861.0,11.0,6.0,1,376,0,414
497,42,12.0,2890.0,11.0,8.0,0,366,4,410
497,47,4.0,2888.0,14.0,9.0,0,365,8,405
497,51,184.0,2856.0,13.0,9.0,1,356,0,400
497,52,232.0,2862.0,11.0,7.0,1,360,0,400
497,54,181.0,2772.0,9.0,6.0,0,341,25,399
497,56,180.0,2862.0,12.0,8.0,0,352,1,394
497,57,181.0,2875.0,12.0,7.0,1,362,0,392
497,60,86.0,2859.0,14.0,10.0,1,343,0,389
497,63,269.0,2862.0,9.0,8.0,1,354,0,385
497,68,234.0,2859.0,8.0,6.0,1,335,0,374
497,72,0.0,2879.0,7.0,6.0,0,299,1,368
497,81,15.0,2890.0,10.0,8.0,1,324,0,356
497,123,1.0,2894.0,3.0,6.0,1,226,0,265
497,138,193.0,2861.0,13.0,6.0,1,203,0,233
497,155,6.0,2892.0,7.0,9.0,0,163,13,194
498,3,1871.0,3053.0,12.0,8.0,1,444,0,495
498,36,216.0,2851.0,10.0,6.0,1,377,0,415
498,42,12.0,2890.0,11.0,8.0,0,366,5,411
498,47,4.0,2888.0,14.0,9.0,0,365,9,406
498,51,183.0,2860.0,11.0,10.0,1,357,0,401
498,52,226.0,2856.0,10.0,7.0,1,361,0,401
498,54,181.0,2772.0,9.0,6.0,0,341,26,400
498,56,164.0,2858.0,9.0,9.0,1,353,0,395
498,57,178.0,2868.0,8.0,5.0,1,363,0,393
498,60,82.0,2853.0,12.0,6.0,1,344,0,390
498,63,252.0,2863.0,12.0,6.0,1,355,0,386
498,68,237.0,2853.0,8.0,7.0,1,336,0,375
498,72,0.0,2879.0,7.0,6.0,0,299,2,369
498,81,8.0,2886.0,10.0,8.0,1,325,0,357
498,123,1.0,2894.0,3.0,6.0,0,226,1,266
498,138,185.0,2867.0,10.0,7.0,1,204,0,234
498,155,6.0,2892.0,7.0,9.0,0,163,14,195
499,3,1870.0,3048.0,14.0,11.0,1,445,0,496
499,36,202.0,2855.0,10.0,7.0,1,378,0,416
499,42,12.0,2890.0,11.0,8.0,0,366,6,412
499,47,4.0,2888.0,14.0,9.0,0,365,10,407
499,51,175.0,2858.0,13.0,8.0,1,358,0,402
499,52,223.0,2854.0,11.0,7.0,1,362,0,402
499,54,181.0,2772.0,9.0,6.0,0,341,27,401
499,56,165.0,2859.0,9.0,7.0,1,354,0,396
499,57,169.0,2869.0,11.0,8.0,1,364,0,394
499,60,79.0,2856.0,14.0,9.0,1,345,0,391
499,63,254.0,2859.0,11.0,8.0,1,356,0,387
499,68,237.0,2853.0,8.0,7.0,0,336,1,376
499,72,0.0,2879.0,7.0,6.0,0,299,3,370
499,81,2.0,2883.0,11.0,7.0,1,326,0,358
499,123,1.0,2894.0,3.0,6.0,0,226,2,267
499,138,189.0,2867.0,12.0,6.0,1,205,0,235
499,155,6.0,2892.0,7.0,9.0,0,163,15,196
500,3,1871.0,3044.0,12.0,10.0,1,446,0,497
500,36,204.0,2855.0,9.0,6.0,1,379,0,417
500,42,12.0,2890.0,11.0,8.0,0,366,7,413
500,47,4.0,2888.0,14.0,9.0,0,365,11,408
500,51,175.0,2858.0,13.0,8.0,0,358,1,403
500,52,216.0,2855.0,8.0,8.0,1,363,0,403
500,54,181.0,2772.0,9.0,6.0,0,341,28,402
500,56,159.0,2865.0,10.0,8.0,1,355,0,397
500,57,173.0,2871.0,7.0,7.0,1,365,0,395
500,60,79.0,2856.0,14.0,9.0,0,345,1,392
500,63,243.0,2857.0,13.0,7.0,1,357,0,388
500,68,212.0,2863.0,8.0,7.0,1,337,0,377
500,72,0.0,2879.0,7.0,6.0,0,299,4,371
500,81,3.0,2886.0,9.0,7.0,1,327,0,359
500,123,1.0,2894.0,3.0,6.0,0,226,3,268
500,138,180.0,2866.0,13.0,8.0,1,206,0,236
500,155,6.0,2892.0,7.0,9.0,0,163,16,197
501,3,1867.0,3045.0,16.0,8.0,1,447,0,498
501,36,202.0,2856.0,9.0,6.0,1,380,0,418
501,42,12.0,2890.0,11.0,8.0,0,366,8,414
501,47,4.0,2888.0,14.0,9.0,0,365,12,409
501,51,162.0,2860.0,11.0,10.0,1,359,0,404
501,52,213.0,2855.0,12.0,8.0,1,364,0,404
501,54,181.0,2772.0,9.0,6.0,0,341,29,403
501,56,149.0,2852.0,10.0,7.0,1,356,0,398
501,57,164.0,2871.0,14.0,8.0,1,366,0,396
501,60,66.0,2858.0,13.0,8.0,1,346,0,393
501,63,235.0,2851.0,11.0,9.0,1,358,0,389
501,68,209.0,2860.0,9.0,6.0,1,338,0,378
501,72,0.0,2879.0,7.0,6.0,0,299,5,372
501,81,3.0,2886.0,9.0,7.0,0,327,1,360
501,123,1.0,2894.0,3.0,6.0,0,226,4,269
501,138,182.0,2868.0,10.0,6.0,1,207,0,237
501,155,6.0,2892.0,7.0,9.0,0,163,17,198
502,3,1872.0,3040.0,13.0,9.0,1,448,0,499
502,36,197.0,2856.0,10.0,7.0,1,381,0,419
502,42,12.0,2890.0,11.0,8.0,0,366,9,415
502,47,4.0,2888.0,14.0,9.0,0,365,13,410
502,51,159.0,2859.0,14.0,8.0,1,360,0,405
502,52,203.0,2854.0,11.0,9.0,1,365,0,405
502,56,141.0,2857.0,10.0,8.0,1,357,0,399
502,57,158.0,2869.0,12.0,6.0,1,367,0,397
502,60,63.0,2853.0,13.0,8.0,1,347,0,394
502,63,228.0,2850.0,11.0,8.0,1,359,0,390
502,68,211.0,2860.0,8.0,8.0,1,339,0,379
502,72,0.0,2879.0,7.0,6.0,0,299,6,373
502,81,3.0,2886.0,9.0,7.0,0,327,2,361
502,123,1.0,2894.0,3.0,6.0,0,226,5,270
502,138,168.0,2865.0,9.0,5.0,1,208,0,238
502,155,6.0,2892.0,7.0,9.0,0,163,18,199
503,3,1869.0,3035.0,10.0,8.0,1,449,0,500
503,36,184.0,2852.0,10.0,6.0,1,382,0,420
503,42,12.0,2890.0,11.0,8.0,0,366,10,416
503,47,4.0,2888.0,14.0,9.0,0,365,14,411
503,51,155.0,2858.0,10.0,9.0,1,361,0,406
503,52,195.0,2851.0,8.0,7.0,1,366,0,406
503,56,140.0,2857.0,10.0,5.0,1,358,0,400
503,57,153.0,2865.0,10.0,5.0,1,368,0,398
503,60,60.0,2855.0,15.0,8.0,1,348,0,395
503,63,222.0,2855.0,15.0,7.0,1,360,0,391
503,68,202.0,2851.0,10.0,7.0,1,340,0,380
503,72,0.0,2879.0,7.0,6.0,0,299,7,374
503,81,3.0,2886.0,9.0,7.0,0,327,3,362
503,123,1.0,2894.0,3.0,6.0,0,226,6,271
503,138,169.0,2864.0,14.0,5.0,1,209,0,239
503,155,6.0,2892.0,7.0,9.0,0,163,19,200
504,3,1863.0,3036.0,13.0,6.0,1,450,0,501
504,36,186.0,2851.0,13.0,7.0,1,383,0,421
504,42,12.0,2890.0,11.0,8.0,0,366,11,417
504,47,4.0,2888.0,14.0,9.0,0,365,15,412
504,51,152.0,2855.0,10.0,7.0,1,362,0,407
504,52,194.0,2855.0,7.0,6.0,1,367,0,407
504,56,137.0,2853.0,10.0,9.0,1,359,0,401
504,57,149.0,2869.0,10.0,6.0,1,369,0,399
504,60,54.0,2857.0,13.0,8.0,1,349,0,396
504,63,219.0,2852.0,14.0,9.0,1,361,0,392
504,68,195.0,2854.0,9.0,7.0,1,341,0,381
504,72,0.0,2879.0,7.0,6.0,0,299,8,375
504,81,3.0,2886.0,9.0,7.0,0,327,4,363
504,123,1.0,2894.0,3.0,6.0,0,226,7,272
504,138,155.0,2863.0,13.0,7.0,1,210,0,240
504,155,6.0,2892.0,7.0,9.0,0,163,20,201
505,3,1873.0,3032.0,10.0,11.0,1,451,0,502
505,36,174.0,2853.0,12.0,9.0,1,384,0,422
505,42,12.0,2890.0,11.0,8.0,0,366,12,418
505,47,4.0,2888.0,14.0,9.0,0,365,16,413
505,51,144.0,2852.0,11.0,9.0,1,363,0,408
505,52,185.0,2850.0,11.0,8.0,1,368,0,408
505,56,130.0,2858.0,10.0,9.0,1,360,0,402
505,57,145.0,2868.0,12.0,7.0,1,370,0,400
505,60,49.0,2850.0,12.0,8.0,1,350,0,397
505,63,214.0,2856.0,14.0,9.0,1,362,0,393
505,68,186.0,2856.0,10.0,5.0,1,342,0,382
505,72,0.0,2879.0,7.0,6.0,0,299,9,376
505,81,3.0,2886.0,9.0,7.0,0,327,5,364
505,123,1.0,2894.0,3.0,6.0,0,226,8,273
505,138,160.0,2859.0,9.0,7.0,1,211,0,241
505,155,6.0,2892.0,7.0,9.0,0,163,21,202
506,3,1863.0,3036.0,16.0,7.0,1,452,0,503
506,36,167.0,2847.0,12.0,7.0,1,385,0,423
506,42,12.0,2890.0,11.0,8.0,0,366,13,419
506,47,4.0,2888.0,14.0,9.0,0,365,17,414
506,51,139.0,2858.0,11.0,8.0,1,364,0,409
506,52,186.0,2858.0,10.0,8.0,1,369,0,409
506,56,122.0,2854.0,9.0,9.0,1,361,0,403
506,57,138.0,2861.0,11.0,8.0,1,371,0,401
506,60,49.0,2850.0,12.0,8.0,0,350,1,398
506,63,207.0,2854.0,14.0,8.0,1,363,0,394
506,68,184.0,2854.0,8.0,7.0,1,343,0,383
506,72,0.0,2879.0,7.0,6.0,0,299,10,377
506,81,3.0,2886.0,9.0,7.0,0,327,6,365
506,123,1.0,2894.0,3.0,6.0,0,226,9,274
506,138,152.0,2862.0,9.0,5.0,1,212,0,242
506,155,6.0,2892.0,7.0,9.0,0,163,22,203
507,3,1868.0,3035.0,13.0,10.0,1,453,0,504
507,36,155.0,2851.0,10.0,7.0,1,386,0,424
507,42,12.0,2890.0,11.0,8.0,0,366,14,420
507,47,4.0,2888.0,14.0,9.0,0,365,18,415
507,51,130.0,2854.0,13.0,9.0,1,365,0,410
507,52,176.0,2854.0,10.0,8.0,1,370,0,410
507,56,120.0,2857.0,12.0,8.0,1,362,0,404
507,57,140.0,2868.0,6.0,6.0,1,372,0,402
507,60,36.0,2847.0,12.0,9.0,1,351,0,399
507,63,207.0,2854.0,12.0,7.0,1,364,0,395
507,68,176.0,2851.0,9.0,7.0,1,344,0,384
507,72,0.0,2879.0,7.0,6.0,0,299,11,378
507,81,3.0,2886.0,9.0,7.0,0,327,7,366
507,123,1.0,2894.0,3.0,6.0,0,226,10,275
507,138,142.0,2857.0,9.0,5.0,1,213,0,243
507,155,6.0,2892.0,7.0,9.0,0,163,23,204
508,3,1878.0,3033.0,8.0,8.0,1,454,0,505
508,36,152.0,2854.0,11.0,7.0,1,387,0,425
508,42,12.0,2890.0,11.0,8.0,0,366,15,421
508,47,4.0,2888.0,14.0,9.0,0,365,19,416
508,51,128.0,2851.0,12.0,11.0,1,366,0,411
508,52,170.0,2852.0,14.0,9.0,1,371,0,411
508,56,108.0,2853.0,12.0,10.0,1,363,0,405
508,57,133.0,2864.0,10.0,6.0,1,373,0,403
508,60,29.0,2853.0,10.0,8.0,1,352,0,400
508,63,199.0,2851.0,13.0,8.0,1,365,0,396
508,68,173.0,2860.0,11.0,8.0,1,345,0,385
508,72,0.0,2879.0,7.0,6.0,0,299,12,379
508,81,3.0,2886.0,9.0,7.0,0,327,8,367
508,123,1.0,2894.0,3.0,6.0,0,226,11,276
508,138,146.0,2863.0,11.0,7.0,1,214,0,244
508,155,6.0,2892.0,7.0,9.0,0,163,24,205
509,3,1874.0,3025.0,9.0,9.0,1,455,0,506
509,36,152.0,2854.0,11.0,7.0,0,387,1,426
509,42,12.0,2890.0,11.0,8.0,0,366,16,422
509,47,4.0,2888.0,14.0,9.0,0,365,20,417
509,51,118.0,2851.0,12.0,10.0,1,367,0,412
509,52,167.0,2854.0,11.0,7.0,1,372,0,412
509,56,103.0,2850.0,9.0,11.0,1,364,0,406
509,57,129.0,2862.0,11.0,9.0,1,374,0,404
509,60,25.0,2854.0,13.0,9.0,1,353,0,401
509,63,199.0,2851.0,13.0,8.0,0,365,1,397
509,68,173.0,2860.0,11.0,8.0,0,345,1,386
509,72,0.0,2879.0,7.0,6.0,0,299,13,380
509,81,3.0,2886.0,9.0,7.0,0,327,9,368
509,123,1.0,2894.0,3.0,6.0,0,226,12,277
509,138,131.0,2857.0,10.0,6.0,1,215,0,245
509,155,6.0,2892.0,7.0,9.0,0,163,25,206
510,3,1871.0,3023.0,11.0,11.0,1,456,0,507
510,36,152.0,2854.0,11.0,7.0,0,387,2,427
510,42,12.0,2890.0,11.0,8.0,0,366,17,423
510,47,4.0,2888.0,14.0,9.0,0,365,21,418
510,51,117.0,2856.0,12.0,10.0,1,368,0,413
510,52,157.0,2845.0,11.0,8.0,1,373,0,413
510,56,103.0,2854.0,11.0,8.0,1,365,0,407
510,57,121.0,2863.0,12.0,11.0,1,375,0,405
510,60,24.0,2851.0,12.0,9.0,1,354,0,402
510,63,189.0,2856.0,10.0,7.0,1,366,0,398
510,68,173.0,2860.0,11.0,8.0,0,345,2,387
510,72,0.0,2879.0,7.0,6.0,0,299,14,381
510,81,3.0,2886.0,9.0,7.0,0,327,10,369
510,123,1.0,2894.0,3.0,6.0,0,226,13,278
510,138,125.0,2857.0,8.0,7.0,1,216,0,246
510,155,6.0,2892.0,7.0,9.0,0,163,26,207
511,3,1873.0,3022.0,11.0,11.0,1,457,0,508
511,36,142.0,2848.0,11.0,8.0,1,388,0,428
511,42,12.0,2890.0,11.0,8.0,0,366,18,424
511,47,4.0,2888.0,14.0,9.0,0,365,22,419
511,51,111.0,2855.0,12.0,10.0,1,369,0,414
511,52,156.0,2852.0,9.0,7.0,1,374,0,414
511,56,89.0,2852.0,12.0,9.0,1,366,0,408
511,57,121.0,2863.0,12.0,11.0,0,375,1,406
511,60,13.0,2844.0,14.0,10.0,1,355,0,403
511,63,181.0,2848.0,14.0,6.0,1,367,0,399
511,68,152.0,2857.0,12.0,7.0,1,346,0,388
511,72,0.0,2879.0,7.0,6.0,0,299,15,382
511,81,3.0,2886.0,9.0,7.0,0,327,11,370
511,123,1.0,2894.0,3.0,6.0,0,226,14,279
511,138,121.0,2852.0,11.0,7.0,1,217,0,247
511,155,6.0,2892.0,7.0,9.0,0,163,27,208
512,3,1864.0,3024.0,13.0,8.0,1,458,0,509
512,36,130.0,2846.0,9.0,7.0,1,389,0,429
512,42,12.0,2890.0,11.0,8.0,0,366,19,425
512,47,4.0,2888.0,14.0,9.0,0,365,23,420
512,51,99.0,2847.0,10.0,9.0,1,370,0,415
512,52,152.0,2855.0,14.0,7.0,1,375,0,415
512,56,84.0,2856.0,12.0,6.0,1,367,0,409
512,57,108.0,2859.0,12.0,5.0,1,376,0,407
512,60,14.0,2844.0,13.0,10.0,1,356,0,404
512,63,174.0,2847.0,11.0,10.0,1,368,0,400
512,68,149.0,2858.0,13.0,7.0,1,347,0,389
512,72,0.0,2879.0,7.0,6.0,0,299,16,383
512,81,3.0,2886.0,9.0,7.0,0,327,12,371
512,123,1.0,2894.0,3.0,6.0,0,226,15,280
512,138,116.0,2858.0,10.0,6.0,1,218,0,248
512,155,6.0,2892.0,7.0,9.0,0,163,28,209
513,3,1859.0,3022.0,14.0,8.0,1,459,0,510
513,36,125.0,2847.0,11.0,8.0,1,390,0,430
513,42,12.0,2890.0,11.0,8.0,0,366,20,426
513,47,4.0,2888.0,14.0,9.0,0,365,24,421
513,51,101.0,2855.0,9.0,7.0,1,371,0,416
513,52,146.0,2855.0,11.0,6.0,1,376,0,416
513,56,87.0,2850.0,9.0,8.0,1,368,0,410
513,57,110.0,2865.0,12.0,9.0,1,377,0,408
513,60,1.0,2847.0,14.0,10.0,1,357,0,405
513,63,170.0,2846.0,10.0,8.0,1,369,0,401
513,68,142.0,2856.0,12.0,7.0,1,348,0,390
513,72,0.0,2879.0,7.0,6.0,0,299,17,384
513,81,3.0,2886.0,9.0,7.0,0,327,13,372
513,123,1.0,2894.0,3.0,6.0,0,226,16,281
513,138,107.0,2855.0,11.0,6.0,1,219,0,249
513,155,6.0,2892.0,7.0,9.0,0,163,29,210
514,3,1865.0,3029.0,13.0,9.0,1,460,0,511
514,36,121.0,2845.0,11.0,7.0,1,391,0,431
514,42,12.0,2890.0,11.0,8.0,0,366,21,427
514,47,4.0,2888.0,14.0,9.0,0,365,25,422
514,51,92.0,2853.0,12.0,8.0,1,372,0,417
514,52,142.0,2841.0,11.0,9.0,1,377,0,417
514,56,77.0,2847.0,12.0,7.0,1,369,0,411
514,57,109.0,2860.0,10.0,7.0,1,378,0,409
514,60,1.0,2847.0,14.0,10.0,0,357,1,406
514,63,168.0,2849.0,12.0,8.0,1,370,0,402
514,68,137.0,2854.0,10.0,9.0,1,349,0,391
514,72,0.0,2879.0,7.0,6.0,0,299,18,385
514,81,3.0,2886.0,9.0,7.0,0,327,14,373
514,123,1.0,2894.0,3.0,6.0,0,226,17,282
514,138,103.0,2858.0,10.0,9.0,1,220,0,250
515,3,1868.0,3014.0,12.0,9.0,1,461,0,512
515,36,115.0,2842.0,11.0,8.0,1,392,0,432
515,42,12.0,2890.0,11.0,8.0,0,366,22,428
515,47,4.0,2888.0,14.0,9.0,0,365,26,423
515,51,82.0,2854.0,10.0,10.0,1,373,0,418
515,52,134.0,2849.0,12.0,7.0,1,378,0,418
515,56,77.0,2852.0,10.0,11.0,1,370,0,412
515,57,107.0,2856.0,13.0,6.0,1,379,0,410
515,60,1.0,2847.0,14.0,10.0,0,357,2,407
515,63,168.0,2852.0,8.0,10.0,1,371,0,403
515,68,130.0,2855.0,12.0,7.0,1,350,0,392
515,72,0.0,2842.0,4.0,10.0,1,300,0,386
515,81,3.0,2886.0,9.0,7.0,0,327,15,374
515,123,1.0,2894.0,3.0,6.0,0,226,18,283
515,138,95.0,2855.0,9.0,8.0,1,221,0,251
516,3,1864.0,3014.0,13.0,8.0,1,462,0,513
516,36,109.0,2848.0,12.0,5.0,1,393,0,433
516,42,12.0,2890.0,11.0,8.0,0,366,23,429
516,47,4.0,2888.0,14.0,9.0,0,365,27,424
516,51,80.0,2848.0,14.0,9.0,1,374,0,419
516,52,130.0,2850.0,12.0,8.0,1,379,0,419
516,56,66.0,2853.0,9.0,7.0,1,371,0,413
516,57,95.0,2857.0,13.0,8.0,1,380,0,411
516,60,1.0,2847.0,14.0,10.0,0,357,3,408
516,63,156.0,2852.0,13.0,7.0,1,372,0,404
516,68,128.0,2858.0,13.0,9.0,1,351,0,393
516,72,0.0,2842.0,4.0,10.0,0,300,1,387
516,81,3.0,2886.0,9.0,7.0,0,327,16,375
516,123,1.0,2894.0,3.0,6.0,0,226,19,284
516,138,82.0,2861.0,11.0,7.0,1,222,0,252
517,3,1864.0,3014.0,13.0,8.0,0,462,1,514
517,36,105.0,2842.0,13.0,7.0,1,394,0,434
517,42,12.0,2890.0,11.0,8.0,0,366,24,430
517,47,4.0,2888.0,14.0,9.0,0,365,28,425
517,51,74.0,2851.0,10.0,10.0,1,375,0,420
517,52,127.0,2851.0,10.0,6.0,1,380,0,420
517,56,66.0,2853.0,9.0,7.0,0,371,1,414
517,57,92.0,2856.0,10.0,7.0,1,381,0,412
517,60,1.0,2847.0,14.0,10.0,0,357,4,409
517,63,150.0,2842.0,10.0,7.0,1,373,0,405
517,68,132.0,2853.0,10.0,6.0,1,352,0,394
517,72,0.0,2842.0,4.0,10.0,0,300,2,388
517,81,3.0,2886.0,9.0,7.0,0,327,17,376
517,123,1.0,2894.0,3.0,6.0,0,226,20,285
517,138,82.0,2856.0,11.0,7.0,1,223,0,253
518,3,1861.0,3016.0,11.0,7.0,1,463,0,515
518,36,94.0,2835.0,11.0,8.0,1,395,0,435
518,42,12.0,2890.0,11.0,8.0,0,366,25,431
518,47,4.0,2888.0,14.0,9.0,0,365,29,426
518,51,74.0,2851.0,10.0,10.0,0,375,1,421
518,52,110.0,2850.0,9.0,6.0,1,381,0,421
518,56,53.0,2854.0,11.0,7.0,1,372,0,415
518,57,85.0,2857.0,9.0,6.0,1,382,0,413
518,60,1.0,2847.0,14.0,10.0,0,357,5,410
518,63,150.0,2842.0,10.0,7.0,0,373,1,406
518,68,116.0,2852.0,12.0,5.0,1,353,0,395
518,72,0.0,2842.0,4.0,10.0,0,300,3,389
518,81,3.0,2886.0,9.0,7.0,0,327,18,377
518,123,1.0,2894.0,3.0,6.0,0,226,21,286
518,138,73.0,2856.0,10.0,10.0,1,224,0,254
519,3,1863.0,3010.0,13.0,7.0,1,464,0,516
519,36,88.0,2841.0,11.0,11.0,1,396,0,436
519,42,12.0,2890.0,11.0,8.0,0,366,26,432
519,51,62.0,2854.0,11.0,10.0,1,376,0,422
519,52,109.0,2852.0,11.0,5.0,1,382,0,422
519,56,43.0,2853.0,12.0,9.0,1,373,0,416
519,57,80.0,2855.0,11.0,7.0,1,383,0,414
519,60,1.0,2847.0,14.0,10.0,0,357,6,411
519,63,142.0,2844.0,13.0,7.0,1,374,0,407
519,68,116.0,2852.0,12.0,5.0,0,353,1,396
519,72,0.0,2842.0,4.0,10.0,0,300,4,390
519,81,3.0,2886.0,9.0,7.0,0,327,19,378
519,123,1.0,2894.0,3.0,6.0,0,226,22,287
519,138,76.0,2863.0,9.0,6.0,1,225,0,255
520,3,1857.0,3003.0,14.0,11.0,1,465,0,517
520,36,88.0,2841.0,11.0,11.0,0,396,1,437
520,42,12.0,2890.0,11.0,8.0,0,366,27,433
520,51,56.0,2849.0,10.0,9.0,1,377,0,423
520,52,102.0,2856.0,11.0,9.0,1,383,0,423
520,56,44.0,2850.0,10.0,8.0,1,374,0,417
520,57,69.0,2849.0,11.0,5.0,1,384,0,415
520,60,1.0,2847.0,14.0,10.0,0,357,7,412
520,63,132.0,2850.0,13.0,9.0,1,375,0,408
520,68,105.0,2853.0,10.0,10.0,1,354,0,397
520,72,0.0,2842.0,4.0,10.0,0,300,5,391
520,81,3.0,2886.0,9.0,7.0,0,327,20,379
520,123,1.0,2894.0,3.0,6.0,0,226,23,288
520,138,65.0,2853.0,9.0,6.0,1,226,0,256
521,3,1851.0,3007.0,15.0,7.0,1,466,0,518
521,36,88.0,2841.0,11.0,11.0,0,396,2,438
521,42,12.0,2890.0,11.0,8.0,0,366,28,434
521,51,55.0,2848.0,10.0,11.0,1,378,0,424
521,52,96.0,2849.0,11.0,8.0,1,384,0,424
521,56,44.0,2850.0,10.0,8.0,0,374,1,418
521,57,67.0,2855.0,12.0,6.0,1,385,0,416
521,60,1.0,2847.0,14.0,10.0,0,357,8,413
521,63,131.0,2841.0,13.0,10.0,1,376,0,409
521,68,101.0,2845.0,11.0,7.0,1,355,0,398
521,72,0.0,2842.0,4.0,10.0,0,300,6,392
521,81,3.0,2886.0,9.0,7.0,0,327,21,380
521,123,1.0,2894.0,3.0,6.0,0,226,24,289
521,138,56.0,2857.0,12.0,7.0,1,227,0,257
522,3,1858.0,3013.0,11.0,10.0,1,467,0,519
522,36,70.0,2838.0,12.0,9.0,1,397,0,439
522,42,12.0,2890.0,11.0,8.0,0,366,29,435
522,51,48.0,2847.0,11.0,10.0,1,379,0,425
522,52,95.0,2845.0,9.0,8.0,1,385,0,425
522,56,32.0,2847.0,11.0,8.0,1,375,0,419
522,57,58.0,2852.0,10.0,6.0,1,386,0,417
522,60,1.0,2847.0,14.0,10.0,0,357,9,414
522,63,131.0,2841.0,13.0,10.0,0,376,1,410
522,68,97.0,2845.0,9.0,7.0,1,356,0,399
522,72,0.0,2842.0,4.0,10.0,0,300,7,393
522,81,3.0,2886.0,9.0,7.0,0,327,22,381
522,123,1.0,2894.0,3.0,6.0,0,226,25,290
522,138,55.0,2853.0,11.0,9.0,1,228,0,258
523,3,1850.0,3003.0,9.0,8.0,1,468,0,520
523,36,67.0,2842.0,11.0,8.0,1,398,0,440
523,51,37.0,2849.0,9.0,10.0,1,380,0,426
523,52,79.0,2849.0,11.0,5.0,1,386,0,426
523,56,32.0,2847.0,11.0,8.0,0,375,1,420
523,57,54.0,2855.0,10.0,5.0,1,387,0,418
523,60,1.0,2847.0,14.0,10.0,0,357,10,415
523,63,131.0,2841.0,13.0,10.0,0,376,2,411
523,68,87.0,2845.0,11.0,7.0,1,357,0,400
523,72,0.0,2842.0,4.0,10.0,0,300,8,394
523,81,3.0,2886.0,9.0,7.0,0,327,23,382
523,123,1.0,2894.0,3.0,6.0,0,226,26,291
523,138,46.0,2852.0,14.0,10.0,1,229,0,259
524,3,1847.0,3005.0,11.0,9.0,1,469,0,521
524,36,59.0,2846.0,9.0,8.0,1,399,0,441
524,51,33.0,2854.0,12.0,10.0,1,381,0,427
524,52,80.0,2851.0,12.0,9.0,1,387,0,427
524,56,19.0,2851.0,11.0,10.0,1,376,0,421
524,57,49.0,2857.0,12.0,11.0,1,388,0,419
524,60,1.0,2847.0,14.0,10.0,0,357,11,416
524,63,104.0,2846.0,12.0,10.0,1,377,0,412
524,68,81.0,2852.0,12.0,8.0,1,358,0,401
524,72,0.0,2842.0,4.0,10.0,0,300,9,395
524,81,3.0,2886.0,9.0,7.0,0,327,24,383
524,123,1.0,2894.0,3.0,6.0,0,226,27,292
524,138,46.0,2852.0,14.0,10.0,0,229,1,260
525,3,1851.0,3000.0,12.0,11.0,1,470,0,522
525,36,52.0,2845.0,10.0,9.0,1,400,0,442
525,51,28.0,2848.0,11.0,12.0,1,382,0,428
525,52,73.0,2849.0,10.0,7.0,1,388,0,428
525,56,4.0,2849.0,14.0,8.0,1,377,0,422
525,57,42.0,2858.0,10.0,6.0,1,389,0,420
525,60,1.0,2847.0,14.0,10.0,0,357,12,417
525,63,107.0,2844.0,13.0,8.0,1,378,0,413
525,68,76.0,2850.0,14.0,7.0,1,359,0,402
525,72,0.0,2842.0,4.0,10.0,0,300,10,396
525,81,3.0,2886.0,9.0,7.0,0,327,25,384
525,123,1.0,2894.0,3.0,6.0,0,226,28,293
525,138,30.0,2859.0,12.0,8.0,1,230,0,261
526,3,1845.0,2999.0,9.0,10.0,1,471,0,523
526,36,43.0,2843.0,12.0,8.0,1,401,0,443
526,51,20.0,2847.0,12.0,9.0,1,383,0,429
526,52,66.0,2843.0,11.0,6.0,1,389,0,429
526,56,6.0,2848.0,11.0,9.0,1,378,0,423
526,57,33.0,2857.0,11.0,8.0,1,390,0,421
526,60,1.0,2847.0,14.0,10.0,0,357,13,418
526,63,101.0,2842.0,12.0,11.0,1,379,0,414
526,68,76.0,2850.0,14.0,7.0,0,359,1,403
526,72,0.0,2842.0,4.0,10.0,0,300,11,397
526,81,3.0,2886.0,9.0,7.0,0,327,26,385
526,123,1.0,2894.0,3.0,6.0,0,226,29,294
526,138,30.0,2859.0,10.0,7.0,1,231,0,262
527,3,1845.0,3005.0,13.0,9.0,1,472,0,524
527,36,45.0,2840.0,11.0,10.0,1,402,0,444
527,51,11.0,2850.0,13.0,11.0,1,384,0,430
527,52,60.0,2850.0,12.0,7.0,1,390,0,430
527,56,3.0,2846.0,7.0,6.0,1,379,0,424
527,57,26.0,2852.0,13.0,8.0,1,391,0,422
527,60,1.0,2847.0,14.0,10.0,0,357,14,419
527,63,91.0,2845.0,17.0,9.0,1,380,0,415
527,68,63.0,2850.0,11.0,7.0,1,360,0,404
527,72,0.0,2842.0,4.0,10.0,0,300,12,398
527,81,3.0,2886.0,9.0,7.0,0,327,27,386
527,138,24.0,2853.0,13.0,5.0,1,232,0,263
528,3,1847.0,3004.0,13.0,7.0,1,473,0,525
528,36,32.0,2839.0,9.0,8.0,1,403,0,445
528,51,8.0,2851.0,12.0,12.0,1,385,0,431
528,52,60.0,2850.0,12.0,7.0,0,390,1,431
528,56,3.0,2846.0,7.0,6.0,0,379,1,425
528,57,21.0,2857.0,12.0,5.0,1,392,0,423
528,60,1.0,2847.0,14.0,10.0,0,357,15,420
528,63,86.0,2847.0,12.0,9.0,1,381,0,416
528,68,54.0,2855.0,12.0,8.0,1,361,0,405
528,72,0.0,2842.0,4.0,10.0,0,300,13,399
528,81,3.0,2886.0,9.0,7.0,0,327,28,387
528,138,13.0,2865.0,14.0,7.0,1,233,0,264
529,3,1847.0,3004.0,13.0,7.0,0,473,1,526
529,36,22.0,2837.0,11.0,8.0,1,404,0,446
529,51,8.0,2851.0,12.0,12.0,0,385,1,432
529,52,50.0,2848.0,10.0,8.0,1,391,0,432
529,56,3.0,2846.0,7.0,6.0,0,379,2,426
529,57,10.0,2854.0,13.0,9.0,1,393,0,424
529,60,1.0,2847.0,14.0,10.0,0,357,16,421
529,63,78.0,2842.0,11.0,9.0,1,382,0,417
529,68,54.0,2852.0,10.0,6.0,1,362,0,406
529,72,0.0,2842.0,4.0,10.0,0,300,14,400
529,81,3.0,2886.0,9.0,7.0,0,327,29,388
529,138,13.0,2865.0,14.0,7.0,0,233,1,265
530,3,1838.0,2993.0,13.0,12.0,1,474,0,527
530,36,20.0,2841.0,8.0,8.0,1,405,0,447
530,51,3.0,2848.0,4.0,10.0,1,386,0,433
530,52,39.0,2845.0,12.0,8.0,1,392,0,433
530,56,3.0,2846.0,7.0,6.0,0,379,3,427
530,57,10.0,2857.0,11.0,6.0,1,394,0,425
530,60,1.0,2847.0,14.0,10.0,0,357,17,422
530,63,78.0,2842.0,11.0,9.0,0,382,1,418
530,68,46.0,2845.0,13.0,8.0,1,363,0,407
530,72,0.0,2842.0,4.0,10.0,0,300,15,401
530,138,13.0,2865.0,14.0,7.0,0,233,2,266
531,3,1836.0,2997.0,14.0,8.0,1,475,0,528
531,36,13.0,2843.0,11.0,10.0,1,406,0,448
531,51,3.0,2848.0,4.0,10.0,0,386,1,434
531,52,33.0,2850.0,12.0,6.0,1,393,0,434
531,56,3.0,2846.0,7.0,6.0,0,379,4,428
531,57,3.0,2855.0,10.0,6.0,1,395,0,426
531,60,1.0,2847.0,14.0,10.0,0,357,18,423
531,63,76.0,2846.0,12.0,9.0,1,383,0,419
531,68,37.0,2847.0,10.0,10.0,1,364,0,408
531,72,0.0,2842.0,4.0,10.0,0,300,16,402
531,138,13.0,2865.0,14.0,7.0,0,233,3,267
532,3,1836.0,2997.0,14.0,8.0,0,475,1,529
532,36,3.0,2841.0,8.0,7.0,1,407,0,449
532,51,3.0,2848.0,4.0,10.0,0,386,2,435
532,52,28.0,2854.0,13.0,9.0,1,394,0,435
532,56,3.0,2846.0,7.0,6.0,0,379,5,429
532,57,0.0,2850.0,6.0,4.0,1,396,0,427
532,60,1.0,2847.0,14.0,10.0,0,357,19,424
532,63,52.0,2844.0,14.0,7.0,1,384,0,420
532,68,35.0,2849.0,12.0,9.0,1,365,0,409
532,72,0.0,2842.0,4.0,10.0,0,300,17,403
532,138,13.0,2865.0,14.0,7.0,0,233,4,268
533,3,1834.0,2993.0,11.0,7.0,1,476,0,530
533,36,2.0,2835.0,9.0,9.0,1,408,0,450
533,51,3.0,2848.0,4.0,10.0,0,386,3,436
533,52,24.0,2851.0,10.0,8.0,1,395,0,436
533,56,3.0,2846.0,7.0,6.0,0,379,6,430
533,57,0.0,2850.0,6.0,4.0,0,396,1,428
533,60,1.0,2847.0,14.0,10.0,0,357,20,425
533,63,49.0,2847.0,12.0,7.0,1,385,0,421
533,68,26.0,2850.0,11.0,7.0,1,366,0,410
533,72,0.0,2842.0,4.0,10.0,0,300,18,404
533,138,13.0,2865.0,14.0,7.0,0,233,5,269
534,3,1830.0,2996.0,12.0,5.0,1,477,0,531
534,36,2.0,2835.0,9.0,9.0,0,408,1,451
534,51,3.0,2848.0,4.0,10.0,0,386,4,437
534,52,14.0,2850.0,11.0,8.0,1,396,0,437
534,56,3.0,2846.0,7.0,6.0,0,379,7,431
534,57,0.0,2850.0,6.0,4.0,0,396,2,429
534,60,1.0,2847.0,14.0,10.0,0,357,21,426
534,63,49.0,2847.0,12.0,7.0,0,385,1,422
534,68,16.0,2845.0,11.0,8.0,1,367,0,411
534,72,0.0,2842.0,4.0,10.0,0,300,19,405
534,138,13.0,2865.0,14.0,7.0,0,233,6,270
535,3,1832.0,3002.0,11.0,4.0,1,478,0,532
535,36,2.0,2835.0,9.0,9.0,0,408,2,452
535,51,3.0,2848.0,4.0,10.0,0,386,5,438
535,52,13.0,2854.0,14.0,7.0,1,397,0,438
535,56,3.0,2846.0,7.0,6.0,0,379,8,432
535,57,0.0,2850.0,6.0,4.0,0,396,3,430
535,60,1.0,2847.0,14.0,10.0,0,357,22,427
535,63,45.0,2843.0,12.0,8.0,1,386,0,423
535,68,12.0,2852.0,13.0,7.0,1,368,0,412
535,72,0.0,2842.0,4.0,10.0,0,300,20,406
535,138,13.0,2865.0,14.0,7.0,0,233,7,271
536,3,1826.0,2996.0,11.0,5.0,1,479,0,533
536,36,2.0,2835.0,9.0,9.0,0,408,3,453
536,51,3.0,2848.0,4.0,10.0,0,386,6,439
536,52,5.0,2855.0,12.0,9.0,1,398,0,439
536,56,3.0,2846.0,7.0,6.0,0,379,9,433
536,57,0.0,2850.0,6.0,4.0,0,396,4,431
536,60,1.0,2847.0,14.0,10.0,0,357,23,428
536,63,38.0,2846.0,15.0,5.0,1,387,0,424
536,68,4.0,2849.0,13.0,12.0,1,369,0,413
536,72,0.0,2842.0,4.0,10.0,0,300,21,407
536,138,13.0,2865.0,14.0,7.0,0,233,8,272
537,3,1821.0,2997.0,12.0,5.0,1,480,0,534
537,36,2.0,2835.0,9.0,9.0,0,408,4,454
537,51,3.0,2848.0,4.0,10.0,0,386,7,440
537,52,0.0,2845.0,8.0,7.0,1,399,0,440
537,56,3.0,2846.0,7.0,6.0,0,379,10,434
537,57,0.0,2850.0,6.0,4.0,0,396,5,432
537,60,1.0,2847.0,14.0,10.0,0,357,24,429
537,63,30.0,2851.0,10.0,6.0,1,388,0,425
537,68,0.0,2850.0,9.0,10.0,1,370,0,414
537,72,0.0,2842.0,4.0,10.0,0,300,22,408
537,138,13.0,2865.0,14.0,7.0,0,233,9,273
538,3,1823.0,3002.0,10.0,5.0,1,481,0,535
538,36,2.0,2835.0,9.0,9.0,0,408,5,455
538,51,3.0,2848.0,4.0,10.0,0,386,8,441
538,52,2.0,2854.0,3.0,7.0,1,400,0,441
538,56,3.0,2846.0,7.0,6.0,0,379,11,435
538,57,0.0,2850.0,6.0,4.0,0,396,6,433
538,60,1.0,2847.0,14.0,10.0,0,357,25,430
538,63,30.0,2851.0,10.0,6.0,0,388,1,426
538,68,0.0,2850.0,9.0,10.0,0,370,1,415
538,72,0.0,2842.0,4.0,10.0,0,300,23,409
538,138,13.0,2865.0,14.0,7.0,0,233,10,274
539,3,1819.0,2993.0,14.0,6.0,1,482,0,536
539,36,2.0,2835.0,9.0,9.0,0,408,6,456
539,51,3.0,2848.0,4.0,10.0,0,386,9,442
539,52,2.0,2854.0,3.0,7.0,0,400,1,442
539,56,3.0,2846.0,7.0,6.0,0,379,12,436
539,57,0.0,2850.0,6.0,4.0,0,396,7,434
539,60,1.0,2847.0,14.0,10.0,0,357,26,431
539,63,20.0,2849.0,8.0,4.0,1,389,0,427
539,68,0.0,2850.0,9.0,10.0,0,370,2,416
539,72,0.0,2842.0,4.0,10.0,0,300,24,410
539,138,13.0,2865.0,14.0,7.0,0,233,11,275
540,3,1812.0,2995.0,12.0,5.0,1,483,0,537
540,36,2.0,2835.0,9.0,9.0,0,408,7,457
540,51,3.0,2848.0,4.0,10.0,0,386,10,443
540,52,2.0,2854.0,3.0,7.0,0,400,2,443
540,56,3.0,2846.0,7.0,6.0,0,379,13,437
540,57,0.0,2850.0,6.0,4.0,0,396,8,435
540,60,1.0,2847.0,14.0,10.0,0,357,27,432
540,63,10.0,2850.0,14.0,8.0,1,390,0,428
540,68,0.0,2850.0,9.0,10.0,0,370,3,417
540,72,0.0,2842.0,4.0,10.0,0,300,25,411
540,138,13.0,2865.0,14.0,7.0,0,233,12,276
541,3,1816.0,3000.0,13.0,5.0,1,484,0,538
541,36,2.0,2835.0,9.0,9.0,0,408,8,458
541,51,3.0,2848.0,4.0,10.0,0,386,11,444
541,52,2.0,2854.0,3.0,7.0,0,400,3,444
541,56,3.0,2846.0,7.0,6.0,0,379,14,438
541,57,0.0,2850.0,6.0,4.0,0,396,9,436
541,60,1.0,2847.0,14.0,10.0,0,357,28,433
541,63,5.0,2848.0,12.0,9.0,1,391,0,429
541,68,0.0,2850.0,9.0,10.0,0,370,4,418
541,72,0.0,2842.0,4.0,10.0,0,300,26,412
541,138,13.0,2865.0,14.0,7.0,0,233,13,277
542,3,1815.0,3000.0,11.0,5.0,1,485,0,539
542,36,2.0,2835.0,9.0,9.0,0,408,9,459
542,51,3.0,2848.0,4.0,10.0,0,386,12,445
542,52,2.0,2854.0,3.0,7.0,0,400,4,445
542,56,3.0,2846.0,7.0,6.0,0,379,15,439
542,57,0.0,2850.0,6.0,4.0,0,396,10,437
542,60,1.0,2847.0,14.0,10.0,0,357,29,434
542,63,0.0,2841.0,9.0,15.0,1,392,0,430
542,68,0.0,2850.0,9.0,10.0,0,370,5,419
542,72,0.0,2842.0,4.0,10.0,0,300,27,413
542,138,13.0,2865.0,14.0,7.0,0,233,14,278
543,3,1810.0,2993.0,11.0,5.0,1,486,0,540
543,36,2.0,2835.0,9.0,9.0,0,408,10,460
543,51,3.0,2848.0,4.0,10.0,0,386,13,446
543,52,2.0,2854.0,3.0,7.0,0,400,5,446
543,56,3.0,2846.0,7.0,6.0,0,379,16,440
543,57,0.0,2850.0,6.0,4.0,0,396,11,438
543,63,0.0,2841.0,9.0,15.0,0,392,1,431
543,68,0.0,2850.0,9.0,10.0,0,370,6,420
543,72,0.0,2842.0,4.0,10.0,0,300,28,414
543,138,13.0,2865.0,14.0,7.0,0,233,15,279
544,3,1805.0,3005.0,12.0,4.0,1,487,0,541
544,36,2.0,2835.0,9.0,9.0,0,408,11,461
544,51,3.0,2848.0,4.0,10.0,0,386,14,447
544,52,2.0,2854.0,3.0,7.0,0,400,6,447
544,56,3.0,2846.0,7.0,6.0,0,379,17,441
544,57,0.0,2850.0,6.0,4.0,0,396,12,439
544,63,0.0,2841.0,9.0,15.0,0,392,2,432
544,68,0.0,2850.0,9.0,10.0,0,370,7,421
544,72,0.0,2842.0,4.0,10.0,0,300,29,415
544,138,13.0,2865.0,14.0,7.0,0,233,16,280
545,3,1810.0,3000.0,11.0,4.0,1,488,0,542
545,36,2.0,2835.0,9.0,9.0,0,408,12,462
545,51,3.0,2848.0,4.0,10.0,0,386,15,448
545,52,2.0,2854.0,3.0,7.0,0,400,7,448
545,56,3.0,2846.0,7.0,6.0,0,379,18,442
545,57,0.0,2850.0,6.0,4.0,0,396,13,440
545,63,0.0,2841.0,9.0,15.0,0,392,3,433
545,68,0.0,2850.0,9.0,10.0,0,370,8,422
545,138,13.0,2865.0,14.0,7.0,0,233,17,281
546,3,1813.0,3000.0,10.0,5.0,1,489,0,543
546,36,2.0,2835.0,9.0,9.0,0,408,13,463
546,51,3.0,2848.0,4.0,10.0,0,386,16,449
546,52,2.0,2854.0,3.0,7.0,0,400,8,449
546,56,3.0,2846.0,7.0,6.0,0,379,19,443
546,57,0.0,2850.0,6.0,4.0,0,396,14,441
546,63,0.0,2841.0,9.0,15.0,0,392,4,434
546,68,0.0,2850.0,9.0,10.0,0,370,9,423
546,138,13.0,2865.0,14.0,7.0,0,233,18,282
547,3,1810.0,2997.0,11.0,5.0,1,490,0,544
547,36,2.0,2835.0,9.0,9.0,0,408,14,464
547,51,3.0,2848.0,4.0,10.0,0,386,17,450
547,52,2.0,2854.0,3.0,7.0,0,400,9,450
547,56,3.0,2846.0,7.0,6.0,0,379,20,444
547,57,0.0,2850.0,6.0,4.0,0,396,15,442
547,63,0.0,2841.0,9.0,15.0,0,392,5,435
547,68,0.0,2850.0,9.0,10.0,0,370,10,424
547,138,13.0,2865.0,14.0,7.0,0,233,19,283
548,3,1807.0,2997.0,10.0,5.0,1,491,0,545
548,36,2.0,2835.0,9.0,9.0,0,408,15,465
548,51,3.0,2848.0,4.0,10.0,0,386,18,451
548,52,2.0,2854.0,3.0,7.0,0,400,10,451
548,56,3.0,2846.0,7.0,6.0,0,379,21,445
548,57,0.0,2850.0,6.0,4.0,0,396,16,443
548,63,0.0,2841.0,9.0,15.0,0,392,6,436
548,68,0.0,2850.0,9.0,10.0,0,370,11,425
548,138,13.0,2865.0,14.0,7.0,0,233,20,284
549,3,1802.0,2998.0,10.0,5.0,1,492,0,546
549,36,2.0,2835.0,9.0,9.0,0,408,16,466
549,51,3.0,2848.0,4.0,10.0,0,386,19,452
549,52,2.0,2854.0,3.0,7.0,0,400,11,452
549,56,3.0,2846.0,7.0,6.0,0,379,22,446
549,57,0.0,2850.0,6.0,4.0,0,396,17,444
549,63,0.0,2841.0,9.0,15.0,0,392,7,437
549,68,0.0,2850.0,9.0,10.0,0,370,12,426
549,138,13.0,2865.0,14.0,7.0,0,233,21,285
550,3,1802.0,2998.0,10.0,5.0,0,492,1,547
550,36,2.0,2835.0,9.0,9.0,0,408,17,467
550,51,3.0,2848.0,4.0,10.0,0,386,20,453
550,52,2.0,2854.0,3.0,7.0,0,400,12,453
550,56,3.0,2846.0,7.0,6.0,0,379,23,447
550,57,0.0,2850.0,6.0,4.0,0,396,18,445
550,63,0.0,2841.0,9.0,15.0,0,392,8,438
550,68,0.0,2850.0,9.0,10.0,0,370,13,427
550,138,13.0,2865.0,14.0,7.0,0,233,22,286
551,3,1796.0,3002.0,10.0,5.0,1,493,0,548
551,36,2.0,2835.0,9.0,9.0,0,408,18,468
551,51,3.0,2848.0,4.0,10.0,0,386,21,454
551,52,2.0,2854.0,3.0,7.0,0,400,13,454
551,56,3.0,2846.0,7.0,6.0,0,379,24,448
551,57,0.0,2850.0,6.0,4.0,0,396,19,446
551,63,0.0,2841.0,9.0,15.0,0,392,9,439
551,68,0.0,2850.0,9.0,10.0,0,370,14,428
551,138,13.0,2865.0,14.0,7.0,0,233,23,287
552,3,1801.0,3002.0,11.0,5.0,1,494,0,549
552,36,2.0,2835.0,9.0,9.0,0,408,19,469
552,51,3.0,2848.0,4.0,10.0,0,386,22,455
552,52,2.0,2854.0,3.0,7.0,0,400,14,455
552,56,3.0,2846.0,7.0,6.0,0,379,25,449
552,57,0.0,2850.0,6.0,4.0,0,396,20,447
552,63,0.0,2841.0,9.0,15.0,0,392,10,440
552,68,0.0,2850.0,9.0,10.0,0,370,15,429
552,138,13.0,2865.0,14.0,7.0,0,233,24,288
553,3,1790.0,3002.0,11.0,5.0,1,495,0,550
553,36,2.0,2835.0,9.0,9.0,0,408,20,470
553,51,3.0,2848.0,4.0,10.0,0,386,23,456
553,52,2.0,2854.0,3.0,7.0,0,400,15,456
553,56,3.0,2846.0,7.0,6.0,0,379,26,450
553,57,0.0,2850.0,6.0,4.0,0,396,21,448
553,63,0.0,2841.0,9.0,15.0,0,392,11,441
553,68,0.0,2850.0,9.0,10.0,0,370,16,430
553,138,13.0,2865.0,14.0,7.0,0,233,25,289
554,3,1798.0,3003.0,10.0,5.0,1,496,0,551
554,36,2.0,2835.0,9.0,9.0,0,408,21,471
554,51,3.0,2848.0,4.0,10.0,0,386,24,457
554,52,2.0,2854.0,3.0,7.0,0,400,16,457
554,56,3.0,2846.0,7.0,6.0,0,379,27,451
554,57,0.0,2850.0,6.0,4.0,0,396,22,449
554,63,0.0,2841.0,9.0,15.0,0,392,12,442
554,68,0.0,2850.0,9.0,10.0,0,370,17,431
554,138,13.0,2865.0,14.0,7.0,0,233,26,290
555,3,1797.0,3006.0,10.0,5.0,1,497,0,552
555,36,2.0,2835.0,9.0,9.0,0,408,22,472
555,51,3.0,2848.0,4.0,10.0,0,386,25,458
555,52,2.0,2854.0,3.0,7.0,0,400,17,458
555,56,3.0,2846.0,7.0,6.0,0,379,28,452
555,57,0.0,2850.0,6.0,4.0,0,396,23,450
555,63,0.0,2841.0,9.0,15.0,0,392,13,443
555,68,0.0,2850.0,9.0,10.0,0,370,18,432
555,138,13.0,2865.0,14.0,7.0,0,233,27,291
556,3,1800.0,3004.0,11.0,5.0,1,498,0,553
556,36,2.0,2835.0,9.0,9.0,0,408,23,473
556,51,3.0,2848.0,4.0,10.0,0,386,26,459
556,52,2.0,2854.0,3.0,7.0,0,400,18,459
556,56,3.0,2846.0,7.0,6.0,0,379,29,453
556,57,0.0,2850.0,6.0,4.0,0,396,24,451
556,63,0.0,2841.0,9.0,15.0,0,392,14,444
556,68,0.0,2850.0,9.0,10.0,0,370,19,433
556,138,13.0,2865.0,14.0,7.0,0,233,28,292
557,3,1800.0,3004.0,11.0,5.0,0,498,1,554
557,36,2.0,2835.0,9.0,9.0,0,408,24,474
557,51,3.0,2848.0,4.0,10.0,0,386,27,460
557,52,2.0,2854.0,3.0,7.0,0,400,19,460
557,57,0.0,2850.0,6.0,4.0,0,396,25,452
557,63,0.0,2841.0,9.0,15.0,0,392,15,445
557,68,0.0,2850.0,9.0,10.0,0,370,20,434
557,138,13.0,2865.0,14.0,7.0,0,233,29,293
558,3,1789.0,3010.0,9.0,5.0,1,499,0,555
558,36,2.0,2835.0,9.0,9.0,0,408,25,475
558,51,3.0,2848.0,4.0,10.0,0,386,28,461
558,52,2.0,2854.0,3.0,7.0,0,400,20,461
558,57,0.0,2850.0,6.0,4.0,0,396,26,453
558,63,0.0,2841.0,9.0,15.0,0,392,16,446
558,68,0.0,2850.0,9.0,10.0,0,370,21,435
559,3,1788.0,3012.0,12.0,5.0,1,500,0,556
559,36,2.0,2835.0,9.0,9.0,0,408,26,476
559,51,3.0,2848.0,4.0,10.0,0,386,29,462
559,52,2.0,2854.0,3.0,7.0,0,400,21,462
559,57,0.0,2850.0,6.0,4.0,0,396,27,454
559,63,0.0,2841.0,9.0,15.0,0,392,17,447
559,68,0.0,2850.0,9.0,10.0,0,370,22,436
560,3,1784.0,3009.0,12.0,5.0,1,501,0,557
560,36,2.0,2835.0,9.0,9.0,0,408,27,477
560,52,2.0,2854.0,3.0,7.0,0,400,22,463
560,57,0.0,2850.0,6.0,4.0,0,396,28,455
560,63,0.0,2841.0,9.0,15.0,0,392,18,448
560,68,0.0,2850.0,9.0,10.0,0,370,23,437
561,3,1788.0,3010.0,12.0,5.0,1,502,0,558
561,36,2.0,2835.0,9.0,9.0,0,408,28,478
561,52,2.0,2854.0,3.0,7.0,0,400,23,464
561,57,0.0,2850.0,6.0,4.0,0,396,29,456
561,63,0.0,2841.0,9.0,15.0,0,392,19,449
561,68,0.0,2850.0,9.0,10.0,0,370,24,438
562,3,1788.0,3010.0,12.0,5.0,0,502,1,559
562,36,2.0,2835.0,9.0,9.0,0,408,29,479
562,52,2.0,2854.0,3.0,7.0,0,400,24,465
562,63,0.0,2841.0,9.0,15.0,0,392,20,450
562,68,0.0,2850.0,9.0,10.0,0,370,25,439
563,3,1785.0,3016.0,12.0,5.0,1,503,0,560
563,52,2.0,2854.0,3.0,7.0,0,400,25,466
563,63,0.0,2841.0,9.0,15.0,0,392,21,451
563,68,0.0,2850.0,9.0,10.0,0,370,26,440
564,3,1774.0,3017.0,13.0,5.0,1,504,0,561
564,52,2.0,2854.0,3.0,7.0,0,400,26,467
564,63,0.0,2841.0,9.0,15.0,0,392,22,452
564,68,0.0,2850.0,9.0,10.0,0,370,27,441
565,3,1781.0,3018.0,10.0,4.0,1,505,0,562
565,52,2.0,2854.0,3.0,7.0,0,400,27,468
565,63,0.0,2841.0,9.0,15.0,0,392,23,453
565,68,0.0,2850.0,9.0,10.0,0,370,28,442
566,3,1780.0,3020.0,12.0,5.0,1,506,0,563
566,52,2.0,2854.0,3.0,7.0,0,400,28,469
566,63,0.0,2841.0,9.0,15.0,0,392,24,454
566,68,0.0,2850.0,9.0,10.0,0,370,29,443
567,3,1781.0,3026.0,11.0,4.0,1,507,0,564
567,52,2.0,2854.0,3.0,7.0,0,400,29,470
567,63,0.0,2841.0,9.0,15.0,0,392,25,455
568,3,1777.0,3022.0,10.0,4.0,1,508,0,565
568,63,0.0,2841.0,9.0,15.0,0,392,26,456
569,3,1777.0,3023.0,10.0,4.0,1,509,0,566
569,63,0.0,2841.0,9.0,15.0,0,392,27,457
570,3,1777.0,3027.0,10.0,4.0,1,510,0,567
570,63,0.0,2841.0,9.0,15.0,0,392,28,458
571,3,1773.0,3023.0,12.0,5.0,1,511,0,568
571,63,0.0,2841.0,9.0,15.0,0,392,29,459
572,3,1779.0,3032.0,12.0,7.0,1,512,0,569
573,3,1776.0,3036.0,10.0,7.0,1,513,0,570
574,3,1778.0,3031.0,10.0,6.0,1,514,0,571
575,3,1773.0,3037.0,8.0,6.0,1,515,0,572
576,3,1780.0,3039.0,8.0,6.0,1,516,0,573
577,3,1774.0,3041.0,9.0,6.0,1,517,0,574
578,3,1772.0,3044.0,9.0,6.0,1,518,0,575
579,3,1771.0,3048.0,11.0,6.0,1,519,0,576
580,3,1771.0,3045.0,10.0,6.0,1,520,0,577
581,3,1771.0,3049.0,10.0,5.0,1,521,0,578
582,3,1764.0,3054.0,8.0,4.0,1,522,0,579
583,3,1776.0,3055.0,8.0,5.0,1,523,0,580
584,3,1760.0,3053.0,8.0,5.0,1,524,0,581
585,3,1771.0,3058.0,7.0,5.0,1,525,0,582
586,3,1767.0,3062.0,8.0,5.0,1,526,0,583
587,3,1765.0,3067.0,8.0,4.0,1,527,0,584
588,3,1765.0,3067.0,8.0,4.0,0,527,1,585
589,3,1761.0,3066.0,8.0,4.0,1,528,0,586
590,3,1761.0,3066.0,8.0,4.0,0,528,1,587
591,3,1763.0,3071.0,9.0,5.0,1,529,0,588
592,3,1759.0,3072.0,9.0,5.0,1,530,0,589
593,3,1759.0,3077.0,7.0,4.0,1,531,0,590
594,3,1759.0,3077.0,7.0,4.0,0,531,1,591
595,3,1646.0,3131.0,6.0,7.0,1,532,0,592
596,3,1755.0,3078.0,10.0,5.0,1,533,0,593
597,3,1749.0,3078.0,13.0,5.0,1,534,0,594
598,3,1753.0,3078.0,9.0,6.0,1,535,0,595
599,3,1751.0,3083.0,8.0,5.0,1,536,0,596
600,3,1749.0,3084.0,9.0,4.0,1,537,0,597
601,3,1750.0,3086.0,9.0,4.0,1,538,0,598
602,3,1747.0,3083.0,9.0,4.0,1,539,0,599
603,3,1748.0,3085.0,10.0,5.0,1,540,0,600
604,3,1748.0,3085.0,10.0,5.0,0,540,1,601
605,3,1744.0,3092.0,9.0,5.0,1,541,0,602
606,3,1745.0,3094.0,9.0,4.0,1,542,0,603
607,3,1743.0,3098.0,9.0,5.0,1,543,0,604
608,3,1735.0,3094.0,11.0,5.0,1,544,0,605
609,3,1739.0,3092.0,11.0,6.0,1,545,0,606
610,3,1732.0,3099.0,10.0,5.0,1,546,0,607
611,3,1731.0,3100.0,10.0,5.0,1,547,0,608
612,3,1732.0,3099.0,10.0,5.0,1,548,0,609
613,3,1727.0,3106.0,11.0,6.0,1,549,0,610
614,3,1727.0,3105.0,14.0,8.0,1,550,0,611
615,3,1731.0,3104.0,12.0,8.0,1,551,0,612
616,3,1728.0,3110.0,12.0,7.0,1,552,0,613
617,3,1729.0,3105.0,12.0,11.0,1,553,0,614
618,3,1726.0,3109.0,15.0,9.0,1,554,0,615
619,3,1726.0,3109.0,15.0,9.0,0,554,1,616
620,3,1718.0,3121.0,10.0,7.0,1,555,0,617
621,3,1723.0,3114.0,10.0,10.0,1,556,0,618
622,3,1712.0,3118.0,11.0,9.0,1,557,0,619
623,3,1713.0,3118.0,15.0,9.0,1,558,0,620
624,3,1712.0,3122.0,12.0,9.0,1,559,0,621
625,3,1710.0,3120.0,10.0,8.0,1,560,0,622
626,3,1710.0,3120.0,10.0,8.0,0,560,1,623
627,3,1699.0,3124.0,11.0,7.0,1,561,0,624
628,3,1701.0,3122.0,10.0,9.0,1,562,0,625
629,3,1692.0,3121.0,11.0,8.0,1,563,0,626
630,3,1692.0,3119.0,10.0,13.0,1,564,0,627
631,3,1689.0,3123.0,9.0,10.0,1,565,0,628
632,3,1681.0,3123.0,13.0,11.0,1,566,0,629
633,3,1681.0,3124.0,11.0,8.0,1,567,0,630
634,3,1676.0,3124.0,13.0,10.0,1,568,0,631
635,3,1665.0,3127.0,13.0,10.0,1,569,0,632
636,3,1661.0,3130.0,13.0,9.0,1,570,0,633
637,3,1663.0,3130.0,12.0,8.0,1,571,0,634
638,3,1653.0,3126.0,12.0,9.0,1,572,0,635
639,3,1650.0,3122.0,16.0,13.0,1,573,0,636
640,3,1642.0,3125.0,10.0,11.0,1,574,0,637
641,3,1644.0,3133.0,9.0,10.0,1,575,0,638
642,3,1640.0,3123.0,9.0,6.0,1,576,0,639
643,3,1633.0,3115.0,8.0,12.0,1,577,0,640
644,3,1623.0,3122.0,12.0,9.0,1,578,0,641
645,3,1617.0,3125.0,13.0,12.0,1,579,0,642
646,3,1614.0,3124.0,13.0,10.0,1,580,0,643
647,3,1609.0,3118.0,10.0,8.0,1,581,0,644
648,3,1603.0,3117.0,12.0,10.0,1,582,0,645
649,3,1596.0,3121.0,12.0,9.0,1,583,0,646
650,3,1585.0,3116.0,11.0,9.0,1,584,0,647
651,3,1441.0,2970.0,6.0,7.0,1,585,0,648
652,3,1583.0,3112.0,10.0,9.0,1,586,0,649
653,3,1574.0,3111.0,10.0,11.0,1,587,0,650
654,3,1562.0,3109.0,10.0,11.0,1,588,0,651
655,3,1560.0,3110.0,8.0,9.0,1,589,0,652
656,3,1558.0,3105.0,7.0,6.0,1,590,0,653
657,3,1545.0,3105.0,11.0,10.0,1,591,0,654
658,3,1544.0,3106.0,10.0,12.0,1,592,0,655
659,3,1539.0,3098.0,11.0,10.0,1,593,0,656
660,3,1530.0,3095.0,10.0,10.0,1,594,0,657
661,3,1517.0,3092.0,11.0,10.0,1,595,0,658
662,3,1520.0,3093.0,11.0,11.0,1,596,0,659
663,3,1507.0,3093.0,11.0,10.0,1,597,0,660
664,3,1508.0,3089.0,11.0,9.0,1,598,0,661
665,3,1508.0,3089.0,11.0,9.0,0,598,1,662
666,3,1491.0,3087.0,13.0,12.0,1,599,0,663
667,3,1486.0,3086.0,12.0,10.0,1,600,0,664
668,3,1481.0,3085.0,9.0,10.0,1,601,0,665
669,3,1481.0,3085.0,9.0,10.0,0,601,1,666
670,3,1469.0,3073.0,9.0,11.0,1,602,0,667
671,3,1462.0,3064.0,11.0,12.0,1,603,0,668
672,3,1455.0,3073.0,9.0,10.0,1,604,0,669
673,3,1448.0,3066.0,9.0,9.0,1,605,0,670
674,3,1438.0,3061.0,8.0,8.0,1,606,0,671
675,3,1432.0,3058.0,8.0,10.0,1,607,0,672
676,3,1434.0,3058.0,7.0,10.0,1,608,0,673
677,3,1416.0,3055.0,12.0,10.0,1,609,0,674
678,3,1413.0,3051.0,8.0,6.0,1,610,0,675
679,3,1409.0,3044.0,8.0,9.0,1,611,0,676
680,3,1407.0,3038.0,8.0,13.0,1,612,0,677
681,3,1388.0,3041.0,10.0,12.0,1,613,0,678
682,3,1390.0,3042.0,10.0,9.0,1,614,0,679
683,3,1383.0,3037.0,8.0,6.0,1,615,0,680
684,3,1377.0,3029.0,9.0,8.0,1,616,0,681
685,3,1373.0,3025.0,10.0,10.0,1,617,0,682
686,3,1359.0,3034.0,9.0,7.0,1,618,0,683
687,3,1359.0,3023.0,7.0,7.0,1,619,0,684
688,3,1129.0,2972.0,7.0,5.0,1,620,0,685
689,3,1346.0,3014.0,10.0,10.0,1,621,0,686
690,3,1339.0,3014.0,9.0,9.0,1,622,0,687
691,3,1338.0,3018.0,8.0,9.0,1,623,0,688
692,3,1321.0,3013.0,7.0,5.0,1,624,0,689
693,3,1334.0,3004.0,6.0,6.0,1,625,0,690
694,3,1319.0,3003.0,6.0,6.0,1,626,0,691
695,3,1314.0,2995.0,6.0,8.0,1,627,0,692
696,3,1311.0,3000.0,7.0,8.0,1,628,0,693
697,3,1303.0,2996.0,8.0,7.0,1,629,0,694
698,3,1297.0,2990.0,8.0,5.0,1,630,0,695
699,3,1289.0,2989.0,8.0,8.0,1,631,0,696
700,3,1286.0,2986.0,9.0,8.0,1,632,0,697
701,3,1279.0,2988.0,8.0,7.0,1,633,0,698
702,3,1277.0,2977.0,9.0,11.0,1,634,0,699
703,3,1271.0,2983.0,8.0,5.0,1,635,0,700
704,3,1269.0,2973.0,9.0,9.0,1,636,0,701
705,3,1263.0,2969.0,11.0,11.0,1,637,0,702
706,3,1256.0,2974.0,7.0,6.0,1,638,0,703
707,3,1245.0,2972.0,9.0,11.0,1,639,0,704
708,3,1245.0,2972.0,9.0,11.0,0,639,1,705
709,3,1245.0,2972.0,9.0,11.0,0,639,2,706
710,3,1230.0,2966.0,9.0,9.0,1,640,0,707
711,3,1230.0,2963.0,13.0,7.0,1,641,0,708
712,3,1219.0,2959.0,11.0,7.0,1,642,0,709
713,3,1217.0,2956.0,8.0,7.0,1,643,0,710
714,3,1215.0,2953.0,9.0,7.0,1,644,0,711
715,3,1207.0,2944.0,9.0,10.0,1,645,0,712
716,3,1201.0,2953.0,9.0,8.0,1,646,0,713
717,3,1198.0,2950.0,9.0,8.0,1,647,0,714
718,3,1188.0,2945.0,8.0,8.0,1,648,0,715
719,3,1182.0,2947.0,9.0,8.0,1,649,0,716
720,3,1184.0,2943.0,7.0,6.0,1,650,0,717
721,3,1178.0,2949.0,8.0,5.0,1,651,0,718
722,3,1180.0,2939.0,8.0,6.0,1,652,0,719
723,3,1164.0,2942.0,9.0,5.0,1,653,0,720
724,3,1162.0,2940.0,8.0,6.0,1,654,0,721
725,3,1158.0,2937.0,8.0,4.0,1,655,0,722
726,3,1152.0,2936.0,8.0,5.0,1,656,0,723
727,3,1148.0,2933.0,6.0,5.0,1,657,0,724
728,3,1148.0,2933.0,6.0,5.0,0,657,1,725
729,3,1148.0,2933.0,6.0,5.0,0,657,2,726
730,3,1135.0,2932.0,8.0,5.0,1,658,0,727
731,3,1131.0,2932.0,9.0,5.0,1,659,0,728
732,3,1131.0,2932.0,9.0,5.0,0,659,1,729
733,3,1125.0,2928.0,8.0,5.0,1,660,0,730
734,3,1120.0,2924.0,8.0,4.0,1,661,0,731
735,3,1112.0,2926.0,8.0,4.0,1,662,0,732
736,3,1112.0,2926.0,8.0,4.0,0,662,1,733
737,3,1112.0,2922.0,8.0,4.0,1,663,0,734
738,3,1098.0,2920.0,9.0,4.0,1,664,0,735
739,3,1094.0,2920.0,10.0,5.0,1,665,0,736
740,3,1094.0,2918.0,9.0,4.0,1,666,0,737
741,3,1090.0,2920.0,9.0,4.0,1,667,0,738
742,3,1090.0,2920.0,9.0,5.0,1,668,0,739
743,3,1086.0,2912.0,10.0,5.0,1,669,0,740
744,3,1083.0,2911.0,9.0,5.0,1,670,0,741
745,3,1073.0,2914.0,10.0,5.0,1,671,0,742
746,3,1076.0,2917.0,10.0,4.0,1,672,0,743
747,3,1067.0,2916.0,9.0,5.0,1,673,0,744
748,3,1069.0,2918.0,12.0,5.0,1,674,0,745
749,3,1063.0,2917.0,10.0,5.0,1,675,0,746
750,3,1054.0,2914.0,10.0,5.0,1,676,0,747
751,3,1052.0,2914.0,9.0,4.0,1,677,0,748
752,3,1054.0,2908.0,10.0,5.0,1,678,0,749
753,3,1047.0,2915.0,8.0,5.0,1,679,0,750
754,3,1043.0,2906.0,7.0,4.0,1,680,0,751
755,3,1041.0,2909.0,10.0,4.0,1,681,0,752
756,3,1043.0,2909.0,8.0,4.0,1,682,0,753
757,3,1039.0,2903.0,9.0,5.0,1,683,0,754
758,3,1036.0,2912.0,10.0,6.0,1,684,0,755
759,3,1036.0,2912.0,10.0,6.0,0,684,1,756
760,3,1025.0,2905.0,9.0,4.0,1,685,0,757
761,3,1019.0,2912.0,11.0,4.0,1,686,0,758
762,3,1015.0,2906.0,9.0,4.0,1,687,0,759
763,3,1019.0,2910.0,9.0,5.0,1,688,0,760
764,3,1012.0,2906.0,9.0,4.0,1,689,0,761
765,3,1003.0,2907.0,12.0,5.0,1,690,0,762
766,3,1004.0,2911.0,12.0,5.0,1,691,0,763
767,3,1003.0,2900.0,8.0,5.0,1,692,0,764
768,3,996.0,2904.0,7.0,4.0,1,693,0,765
769,3,995.0,2900.0,8.0,5.0,1,694,0,766
770,3,993.0,2911.0,8.0,5.0,1,695,0,767
771,3,991.0,2902.0,7.0,5.0,1,696,0,768
772,3,986.0,2904.0,9.0,5.0,1,697,0,769
773,3,982.0,2903.0,10.0,5.0,1,698,0,770
774,3,982.0,2903.0,10.0,5.0,1,699,0,771
775,3,979.0,2902.0,9.0,5.0,1,700,0,772
776,3,970.0,2901.0,9.0,5.0,1,701,0,773
777,3,967.0,2901.0,11.0,4.0,1,702,0,774
778,3,969.0,2902.0,12.0,6.0,1,703,0,775
779,3,969.0,2899.0,12.0,6.0,1,704,0,776
780,3,966.0,2901.0,11.0,6.0,1,705,0,777
781,3,962.0,2904.0,10.0,5.0,1,706,0,778
782,3,955.0,2904.0,10.0,5.0,1,707,0,779
783,3,956.0,2904.0,10.0,6.0,1,708,0,780
784,3,950.0,2898.0,10.0,6.0,1,709,0,781
785,3,949.0,2898.0,10.0,6.0,1,710,0,782
786,3,939.0,2902.0,11.0,11.0,1,711,0,783
787,3,943.0,2906.0,7.0,8.0,1,712,0,784
788,3,940.0,2899.0,10.0,11.0,1,713,0,785
789,3,938.0,2898.0,8.0,12.0,1,714,0,786
790,3,935.0,2910.0,8.0,11.0,1,715,0,787
791,3,924.0,2900.0,10.0,12.0,1,716,0,788
792,3,930.0,2903.0,9.0,9.0,1,717,0,789
793,3,922.0,2904.0,11.0,12.0,1,718,0,790
794,3,916.0,2900.0,11.0,10.0,1,719,0,791
795,3,913.0,2904.0,8.0,10.0,1,720,0,792
796,3,910.0,2908.0,9.0,10.0,1,721,0,793
797,3,906.0,2901.0,11.0,13.0,1,722,0,794
798,3,903.0,2904.0,10.0,8.0,1,723,0,795
799,3,900.0,2904.0,10.0,10.0,1,724,0,796
800,3,892.0,2905.0,8.0,5.0,1,725,0,797
801,3,895.0,2895.0,16.0,11.0,1,726,0,798
802,3,885.0,2894.0,7.0,5.0,1,727,0,799
803,3,885.0,2894.0,7.0,5.0,0,727,1,800
804,3,879.0,2899.0,8.0,7.0,1,728,0,801
805,3,876.0,2894.0,8.0,12.0,1,729,0,802
806,3,867.0,2894.0,10.0,10.0,1,730,0,803
807,3,863.0,2893.0,11.0,10.0,1,731,0,804
808,3,864.0,2891.0,10.0,8.0,1,732,0,805
809,3,861.0,2887.0,8.0,11.0,1,733,0,806
810,3,851.0,2893.0,10.0,10.0,1,734,0,807
811,3,848.0,2887.0,12.0,10.0,1,735,0,808
812,3,845.0,2886.0,10.0,10.0,1,736,0,809
813,3,837.0,2882.0,11.0,7.0,1,737,0,810
814,3,840.0,2874.0,10.0,11.0,1,738,0,811
815,3,831.0,2881.0,10.0,7.0,1,739,0,812
816,3,825.0,2881.0,8.0,9.0,1,740,0,813
817,3,823.0,2873.0,8.0,6.0,1,741,0,814
818,3,819.0,2865.0,10.0,13.0,1,742,0,815
819,3,813.0,2869.0,12.0,11.0,1,743,0,816
820,3,808.0,2868.0,12.0,8.0,1,744,0,817
821,3,805.0,2863.0,9.0,9.0,1,745,0,818
822,3,801.0,2865.0,11.0,8.0,1,746,0,819
823,3,796.0,2859.0,7.0,11.0,1,747,0,820
824,3,793.0,2864.0,9.0,5.0,1,748,0,821
825,3,783.0,2856.0,13.0,11.0,1,749,0,822
826,3,783.0,2854.0,11.0,8.0,1,750,0,823
827,3,781.0,2856.0,10.0,9.0,1,751,0,824
828,3,775.0,2842.0,10.0,12.0,1,752,0,825
829,3,764.0,2853.0,11.0,10.0,1,753,0,826
830,3,763.0,2845.0,8.0,10.0,1,754,0,827
831,3,758.0,2841.0,12.0,6.0,1,755,0,828
832,3,750.0,2835.0,12.0,10.0,1,756,0,829
833,3,750.0,2835.0,12.0,10.0,0,756,1,830
834,3,736.0,2840.0,12.0,12.0,1,757,0,831
835,3,735.0,2833.0,10.0,11.0,1,758,0,832
836,3,733.0,2832.0,8.0,10.0,1,759,0,833
837,3,725.0,2825.0,11.0,14.0,1,760,0,834
838,3,721.0,2820.0,9.0,10.0,1,761,0,835
839,3,721.0,2820.0,9.0,10.0,0,761,1,836
840,3,714.0,2819.0,10.0,9.0,1,762,0,837
841,3,705.0,2821.0,10.0,9.0,1,763,0,838
842,3,701.0,2815.0,10.0,9.0,1,764,0,839
843,3,696.0,2811.0,11.0,9.0,1,765,0,840
844,3,691.0,2818.0,9.0,10.0,1,766,0,841
845,3,688.0,2808.0,8.0,7.0,1,767,0,842
846,3,681.0,2810.0,9.0,9.0,1,768,0,843
847,3,676.0,2805.0,10.0,12.0,1,769,0,844
848,3,663.0,2806.0,9.0,9.0,1,770,0,845
849,3,661.0,2805.0,10.0,12.0,1,771,0,846
850,3,654.0,2801.0,7.0,6.0,1,772,0,847
851,3,650.0,2798.0,10.0,6.0,1,773,0,848
852,3,647.0,2796.0,8.0,8.0,1,774,0,849
853,3,645.0,2793.0,8.0,6.0,1,775,0,850
854,3,639.0,2798.0,10.0,10.0,1,776,0,851
855,3,630.0,2789.0,9.0,8.0,1,777,0,852
856,3,625.0,2793.0,10.0,9.0,1,778,0,853
857,3,617.0,2786.0,11.0,9.0,1,779,0,854
858,3,617.0,2786.0,11.0,9.0,0,779,1,855
859,3,609.0,2790.0,5.0,3.0,1,780,0,856
860,3,603.0,2788.0,11.0,6.0,1,781,0,857
861,3,602.0,2787.0,11.0,5.0,1,782,0,858
862,3,593.0,2782.0,12.0,4.0,1,783,0,859
863,3,589.0,2783.0,14.0,6.0,1,784,0,860
864,3,587.0,2773.0,13.0,8.0,1,785,0,861
865,3,577.0,2783.0,14.0,9.0,1,786,0,862
866,3,574.0,2776.0,12.0,7.0,1,787,0,863
867,3,571.0,2779.0,10.0,6.0,1,788,0,864
868,3,566.0,2773.0,10.0,6.0,1,789,0,865
869,3,564.0,2774.0,10.0,5.0,1,790,0,866
870,3,558.0,2774.0,10.0,4.0,1,791,0,867
871,3,553.0,2770.0,10.0,5.0,1,792,0,868
872,3,548.0,2769.0,10.0,5.0,1,793,0,869
873,3,540.0,2772.0,9.0,5.0,1,794,0,870
874,3,538.0,2770.0,7.0,4.0,1,795,0,871
875,3,536.0,2769.0,8.0,5.0,1,796,0,872
876,3,528.0,2767.0,8.0,5.0,1,797,0,873
877,3,528.0,2767.0,8.0,5.0,0,797,1,874
878,3,528.0,2767.0,8.0,5.0,0,797,2,875
879,3,508.0,2765.0,10.0,5.0,1,798,0,876
880,3,511.0,2763.0,9.0,5.0,1,799,0,877
881,3,509.0,2766.0,10.0,5.0,1,800,0,878
882,3,503.0,2764.0,9.0,5.0,1,801,0,879
883,3,499.0,2754.0,10.0,5.0,1,802,0,880
884,3,491.0,2760.0,10.0,5.0,1,803,0,881
885,3,490.0,2759.0,9.0,5.0,1,804,0,882
886,3,490.0,2759.0,9.0,5.0,0,804,1,883
887,3,480.0,2757.0,11.0,5.0,1,805,0,884
888,3,478.0,2752.0,9.0,4.0,1,806,0,885
889,3,472.0,2752.0,11.0,5.0,1,807,0,886
890,3,479.0,2743.0,10.0,5.0,1,808,0,887
891,3,473.0,2748.0,10.0,5.0,1,809,0,888
892,3,469.0,2746.0,10.0,5.0,1,810,0,889
893,3,459.0,2752.0,11.0,5.0,1,811,0,890
894,3,455.0,2743.0,10.0,6.0,1,812,0,891
895,3,446.0,2746.0,10.0,5.0,1,813,0,892
896,3,447.0,2743.0,10.0,5.0,1,814,0,893
897,3,445.0,2740.0,12.0,7.0,1,815,0,894
898,3,445.0,2740.0,12.0,7.0,0,815,1,895
899,3,440.0,2743.0,12.0,6.0,1,816,0,896
900,3,432.0,2747.0,12.0,5.0,1,817,0,897
901,3,435.0,2734.0,11.0,5.0,1,818,0,898
902,3,426.0,2740.0,11.0,5.0,1,819,0,899
903,3,418.0,2735.0,12.0,5.0,1,820,0,900
904,3,423.0,2735.0,10.0,5.0,1,821,0,901
905,3,423.0,2735.0,10.0,5.0,0,821,1,902
906,3,415.0,2737.0,10.0,5.0,1,822,0,903
907,3,411.0,2739.0,11.0,5.0,1,823,0,904
908,3,408.0,2734.0,10.0,5.0,1,824,0,905
909,3,406.0,2732.0,10.0,5.0,1,825,0,906
910,3,401.0,2735.0,11.0,6.0,1,826,0,907
911,3,402.0,2736.0,9.0,6.0,1,827,0,908
912,3,399.0,2739.0,10.0,6.0,1,828,0,909
913,3,393.0,2734.0,9.0,7.0,1,829,0,910
914,3,393.0,2734.0,9.0,7.0,0,829,1,911
915,3,382.0,2738.0,9.0,6.0,1,830,0,912
916,3,382.0,2733.0,8.0,5.0,1,831,0,913
917,3,382.0,2733.0,8.0,5.0,0,831,1,914
918,3,375.0,2740.0,8.0,6.0,1,832,0,915
919,3,377.0,2739.0,7.0,6.0,1,833,0,916
920,3,372.0,2747.0,7.0,7.0,1,834,0,917
921,3,366.0,2742.0,7.0,7.0,1,835,0,918
922,3,368.0,2742.0,8.0,7.0,1,836,0,919
923,3,363.0,2747.0,7.0,8.0,1,837,0,920
924,3,364.0,2743.0,7.0,8.0,1,838,0,921
925,3,361.0,2746.0,8.0,9.0,1,839,0,922
926,3,362.0,2742.0,8.0,8.0,1,840,0,923
927,3,362.0,2742.0,8.0,8.0,0,840,1,924
928,3,347.0,2750.0,7.0,8.0,1,841,0,925
929,3,349.0,2750.0,8.0,9.0,1,842,0,926
930,3,342.0,2746.0,9.0,9.0,1,843,0,927
931,3,335.0,2750.0,9.0,8.0,1,844,0,928
932,3,332.0,2746.0,8.0,9.0,1,845,0,929
933,3,330.0,2760.0,9.0,9.0,1,846,0,930
934,3,330.0,2760.0,9.0,9.0,0,846,1,931
935,3,325.0,2754.0,9.0,7.0,1,847,0,932
936,3,321.0,2759.0,10.0,8.0,1,848,0,933
937,3,316.0,2760.0,9.0,9.0,1,849,0,934
938,3,317.0,2762.0,10.0,9.0,1,850,0,935
939,3,310.0,2760.0,11.0,10.0,1,851,0,936
940,3,307.0,2763.0,12.0,9.0,1,852,0,937
941,3,308.0,2761.0,13.0,9.0,1,853,0,938
942,3,304.0,2766.0,12.0,8.0,1,854,0,939
943,3,302.0,2769.0,12.0,9.0,1,855,0,940
944,3,298.0,2772.0,13.0,8.0,1,856,0,941
945,3,298.0,2774.0,13.0,7.0,1,857,0,942
946,3,295.0,2769.0,11.0,7.0,1,858,0,943
947,3,288.0,2777.0,12.0,8.0,1,859,0,944
948,3,291.0,2778.0,12.0,8.0,1,860,0,945
949,3,285.0,2778.0,12.0,7.0,1,861,0,946
950,3,285.0,2778.0,12.0,7.0,0,861,1,947
951,3,281.0,2780.0,15.0,8.0,1,862,0,948
952,3,279.0,2779.0,13.0,7.0,1,863,0,949
953,3,276.0,2781.0,11.0,8.0,1,864,0,950
954,3,268.0,2780.0,15.0,10.0,1,865,0,951
955,3,274.0,2789.0,11.0,6.0,1,866,0,952
956,3,268.0,2785.0,10.0,10.0,1,867,0,953
957,3,257.0,2789.0,9.0,7.0,1,868,0,954
958,3,256.0,2782.0,11.0,11.0,1,869,0,955
959,3,250.0,2791.0,15.0,5.0,1,870,0,956
960,3,251.0,2796.0,13.0,9.0,1,871,0,957
961,3,251.0,2794.0,9.0,7.0,1,872,0,958
962,3,249.0,2782.0,10.0,10.0,1,873,0,959
963,3,236.0,2794.0,16.0,7.0,1,874,0,960
964,3,236.0,2792.0,11.0,6.0,1,875,0,961
965,3,235.0,2789.0,5.0,7.0,1,876,0,962
966,3,233.0,2789.0,10.0,10.0,1,877,0,963
967,3,222.0,2786.0,16.0,10.0,1,878,0,964
968,3,222.0,2794.0,13.0,9.0,1,879,0,965
969,3,217.0,2789.0,11.0,10.0,1,880,0,966
970,3,215.0,2796.0,10.0,7.0,1,881,0,967
971,3,211.0,2790.0,11.0,9.0,1,882,0,968
972,3,203.0,2789.0,14.0,11.0,1,883,0,969
973,3,193.0,2794.0,10.0,7.0,1,884,0,970
974,3,193.0,2786.0,9.0,8.0,1,885,0,971
975,3,183.0,2785.0,15.0,12.0,1,886,0,972
976,3,174.0,2783.0,9.0,7.0,1,887,0,973
977,3,176.0,2784.0,9.0,7.0,1,888,0,974
978,3,171.0,2776.0,8.0,8.0,1,889,0,975
979,3,167.0,2779.0,11.0,10.0,1,890,0,976
980,3,155.0,2780.0,13.0,8.0,1,891,0,977
981,3,154.0,2777.0,9.0,8.0,1,892,0,978
982,3,150.0,2769.0,10.0,6.0,1,893,0,979
983,3,143.0,2775.0,10.0,10.0,1,894,0,980
984,3,134.0,2773.0,11.0,6.0,1,895,0,981
985,3,131.0,2763.0,9.0,10.0,1,896,0,982
986,3,128.0,2763.0,9.0,5.0,1,897,0,983
987,3,117.0,2756.0,10.0,14.0,1,898,0,984
988,3,112.0,2757.0,12.0,9.0,1,899,0,985
989,3,108.0,2755.0,10.0,12.0,1,900,0,986
990,3,106.0,2751.0,10.0,8.0,1,901,0,987
991,3,106.0,2751.0,10.0,8.0,0,901,1,988
992,3,91.0,2742.0,13.0,14.0,1,902,0,989
993,3,88.0,2747.0,9.0,4.0,1,903,0,990
994,3,84.0,2743.0,12.0,10.0,1,904,0,991
995,3,73.0,2741.0,8.0,5.0,1,905,0,992
996,3,73.0,2741.0,8.0,5.0,0,905,1,993
997,3,68.0,2727.0,9.0,11.0,1,906,0,994
998,3,55.0,2730.0,12.0,9.0,1,907,0,995
999,3,55.0,2732.0,14.0,9.0,1,908,0,996
1000,3,49.0,2723.0,9.0,4.0,1,909,0,997
1001,3,45.0,2719.0,10.0,8.0,1,910,0,998
1002,3,45.0,2719.0,10.0,8.0,0,910,1,999
1003,3,25.0,2719.0,10.0,8.0,1,911,0,1000
1004,3,24.0,2717.0,10.0,8.0,1,912,0,1001
1005,3,15.0,2709.0,9.0,5.0,1,913,0,1002
1006,3,12.0,2698.0,11.0,10.0,1,914,0,1003
1007,3,5.0,2704.0,10.0,9.0,1,915,0,1004
1008,3,3.0,2711.0,7.0,9.0,1,916,0,1005
