frame_number,track_id,x,y,w,h,matched,detection_count,missed_frame_count,age_frames
1,0,2067.0,2718.0,93.0,36.0,1,2,0,2
2,0,2067.0,2718.0,93.0,36.0,0,2,1,3
3,0,2067.0,2718.0,93.0,36.0,0,2,2,4
4,0,2067.0,2718.0,93.0,36.0,0,2,3,5
5,0,2067.0,2718.0,93.0,36.0,0,2,4,6
6,0,2067.0,2718.0,93.0,36.0,0,2,5,7
7,0,2067.0,2718.0,93.0,36.0,0,2,6,8
8,0,2067.0,2718.0,93.0,36.0,0,2,7,9
9,0,2067.0,2718.0,93.0,36.0,0,2,8,10
10,0,2067.0,2718.0,93.0,36.0,0,2,9,11
11,0,2067.0,2718.0,93.0,36.0,0,2,10,12
12,0,2067.0,2718.0,93.0,36.0,0,2,11,13
13,0,2155.0,2527.0,5.0,6.0,1,3,0,14
14,0,2155.0,2527.0,5.0,6.0,0,3,1,15
15,0,2155.0,2527.0,5.0,6.0,0,3,2,16
16,0,2155.0,2527.0,5.0,6.0,0,3,3,17
17,0,2155.0,2527.0,5.0,6.0,0,3,4,18
18,0,2155.0,2527.0,5.0,6.0,0,3,5,19
19,0,2155.0,2527.0,5.0,6.0,0,3,6,20
20,0,2155.0,2527.0,5.0,6.0,0,3,7,21
21,0,2155.0,2527.0,5.0,6.0,0,3,8,22
21,2,435.0,11.0,46.0,54.0,1,2,0,2
22,0,2155.0,2527.0,5.0,6.0,0,3,9,23
22,2,435.0,11.0,46.0,54.0,0,2,1,3
23,0,2155.0,2527.0,5.0,6.0,0,3,10,24
23,2,435.0,11.0,46.0,54.0,0,2,2,4
24,0,2155.0,2527.0,5.0,6.0,0,3,11,25
24,2,435.0,11.0,46.0,54.0,0,2,3,5
24,3,706.0,2625.0,115.0,436.0,1,2,0,2
25,0,2155.0,2527.0,5.0,6.0,0,3,12,26
25,2,435.0,11.0,46.0,54.0,0,2,4,6
25,3,709.0,2626.0,122.0,414.0,1,3,0,3
26,0,2155.0,2527.0,5.0,6.0,0,3,13,27
26,2,435.0,11.0,46.0,54.0,0,2,5,7
26,3,707.0,2628.0,135.0,426.0,1,4,0,4
27,0,2155.0,2527.0,5.0,6.0,0,3,14,28
27,2,435.0,11.0,46.0,54.0,0,2,6,8
27,3,707.0,2628.0,135.0,426.0,0,4,1,5
28,0,2155.0,2527.0,5.0,6.0,0,3,15,29
28,2,435.0,11.0,46.0,54.0,0,2,7,9
28,3,707.0,2628.0,135.0,426.0,0,4,2,6
29,0,2155.0,2527.0,5.0,6.0,0,3,16,30
29,2,435.0,11.0,46.0,54.0,0,2,8,10
29,3,707.0,2628.0,135.0,426.0,0,4,3,7
30,0,2155.0,2527.0,5.0,6.0,0,3,17,31
30,2,435.0,11.0,46.0,54.0,0,2,9,11
30,3,707.0,2628.0,135.0,426.0,0,4,4,8
31,0,2155.0,2527.0,5.0,6.0,0,3,18,32
31,2,435.0,11.0,46.0,54.0,0,2,10,12
31,3,707.0,2628.0,135.0,426.0,0,4,5,9
31,4,343.0,2996.0,433.0,160.0,1,2,0,2
32,0,2155.0,2527.0,5.0,6.0,0,3,19,33
32,2,435.0,11.0,46.0,54.0,0,2,11,13
32,3,707.0,2628.0,135.0,426.0,0,4,6,10
32,4,343.0,2996.0,433.0,160.0,0,2,1,3
33,0,2155.0,2527.0,5.0,6.0,0,3,20,34
33,2,435.0,11.0,46.0,54.0,0,2,12,14
33,3,707.0,2628.0,135.0,426.0,0,4,7,11
33,4,341.0,2999.0,428.0,136.0,1,3,0,4
34,0,2155.0,2527.0,5.0,6.0,0,3,21,35
34,2,435.0,11.0,46.0,54.0,0,2,13,15
34,3,707.0,2628.0,135.0,426.0,0,4,8,12
34,4,338.0,2992.0,442.0,133.0,1,4,0,5
35,0,2155.0,2527.0,5.0,6.0,0,3,22,36
35,2,435.0,11.0,46.0,54.0,0,2,14,16
35,3,707.0,2628.0,135.0,426.0,0,4,9,13
35,4,340.0,2991.0,442.0,123.0,1,5,0,6
36,0,2155.0,2527.0,5.0,6.0,0,3,23,37
36,2,435.0,11.0,46.0,54.0,0,2,15,17
36,3,707.0,2628.0,135.0,426.0,0,4,10,14
36,4,340.0,2991.0,442.0,123.0,0,5,1,7
37,0,2155.0,2527.0,5.0,6.0,0,3,24,38
37,2,435.0,11.0,46.0,54.0,0,2,16,18
37,3,707.0,2628.0,135.0,426.0,0,4,11,15
37,4,340.0,2991.0,442.0,123.0,0,5,2,8
38,0,2155.0,2527.0,5.0,6.0,0,3,25,39
38,2,435.0,11.0,46.0,54.0,0,2,17,19
38,3,707.0,2628.0,135.0,426.0,0,4,12,16
38,4,340.0,2991.0,442.0,123.0,0,5,3,9
39,0,2155.0,2527.0,5.0,6.0,0,3,26,40
39,2,435.0,11.0,46.0,54.0,0,2,18,20
39,3,707.0,2628.0,135.0,426.0,0,4,13,17
39,4,340.0,2991.0,442.0,123.0,0,5,4,10
40,0,2155.0,2527.0,5.0,6.0,0,3,27,41
40,2,435.0,11.0,46.0,54.0,0,2,19,21
40,3,707.0,2628.0,135.0,426.0,0,4,14,18
40,4,340.0,2991.0,442.0,123.0,0,5,5,11
41,0,2155.0,2527.0,5.0,6.0,0,3,28,42
41,2,435.0,11.0,46.0,54.0,0,2,20,22
41,3,707.0,2628.0,135.0,426.0,0,4,15,19
41,4,340.0,2991.0,442.0,123.0,0,5,6,12
41,5,0.0,2892.0,13.0,15.0,1,2,0,2
42,0,2155.0,2527.0,5.0,6.0,0,3,29,43
42,2,435.0,11.0,46.0,54.0,0,2,21,23
42,3,707.0,2628.0,135.0,426.0,0,4,16,20
42,4,340.0,2991.0,442.0,123.0,0,5,7,13
42,5,0.0,2897.0,17.0,21.0,1,3,0,3
43,0,2155.0,2527.0,5.0,6.0,0,3,30,44
43,2,435.0,11.0,46.0,54.0,0,2,22,24
43,3,707.0,2628.0,135.0,426.0,0,4,17,21
43,4,340.0,2991.0,442.0,123.0,0,5,8,14
43,5,0.0,2897.0,17.0,21.0,0,3,1,4
44,0,2155.0,2527.0,5.0,6.0,0,3,31,45
44,2,435.0,11.0,46.0,54.0,0,2,23,25
44,3,707.0,2628.0,135.0,426.0,0,4,18,22
44,4,340.0,2991.0,442.0,123.0,0,5,9,15
44,5,0.0,2897.0,17.0,21.0,0,3,2,5
45,0,2155.0,2527.0,5.0,6.0,0,3,32,46
45,2,435.0,11.0,46.0,54.0,0,2,24,26
45,3,707.0,2628.0,135.0,426.0,0,4,19,23
45,4,340.0,2991.0,442.0,123.0,0,5,10,16
45,5,0.0,2897.0,17.0,21.0,0,3,3,6
45,6,757.0,3075.0,117.0,354.0,1,2,0,2
46,0,2155.0,2527.0,5.0,6.0,0,3,33,47
46,2,448.0,18.0,25.0,37.0,1,3,0,27
46,3,707.0,2628.0,135.0,426.0,0,4,20,24
46,4,340.0,2991.0,442.0,123.0,0,5,11,17
46,5,0.0,2897.0,17.0,21.0,0,3,4,7
46,6,756.0,3077.0,110.0,355.0,1,3,0,3
47,0,2155.0,2527.0,5.0,6.0,0,3,34,48
47,2,422.0,0.0,59.0,52.0,1,4,0,28
47,3,707.0,2628.0,135.0,426.0,0,4,21,25
47,4,340.0,2991.0,442.0,123.0,0,5,12,18
47,5,0.0,2897.0,17.0,21.0,0,3,5,8
47,6,756.0,3077.0,110.0,355.0,0,3,1,4
48,0,2155.0,2527.0,5.0,6.0,0,3,35,49
48,2,422.0,0.0,59.0,52.0,0,4,1,29
48,3,707.0,2628.0,135.0,426.0,0,4,22,26
48,4,340.0,2991.0,442.0,123.0,0,5,13,19
48,5,0.0,2897.0,17.0,21.0,0,3,6,9
48,6,756.0,3077.0,110.0,355.0,0,3,2,5
49,0,2155.0,2527.0,5.0,6.0,0,3,36,50
49,2,422.0,0.0,59.0,52.0,0,4,2,30
49,3,707.0,2628.0,135.0,426.0,0,4,23,27
49,4,340.0,2991.0,442.0,123.0,0,5,14,20
49,5,0.0,2897.0,17.0,21.0,0,3,7,10
49,6,756.0,3077.0,110.0,355.0,0,3,3,6
50,0,2155.0,2527.0,5.0,6.0,0,3,37,51
50,2,422.0,0.0,59.0,52.0,0,4,3,31
50,3,707.0,2628.0,135.0,426.0,0,4,24,28
50,4,340.0,2991.0,442.0,123.0,0,5,15,21
50,5,0.0,2897.0,17.0,21.0,0,3,8,11
50,6,756.0,3077.0,110.0,355.0,0,3,4,7
51,0,2155.0,2527.0,5.0,6.0,0,3,38,52
51,2,422.0,0.0,59.0,52.0,0,4,4,32
51,3,707.0,2628.0,135.0,426.0,0,4,25,29
51,4,340.0,2991.0,442.0,123.0,0,5,16,22
51,5,0.0,2897.0,17.0,21.0,0,3,9,12
51,6,756.0,3077.0,110.0,355.0,0,3,5,8
52,0,2155.0,2527.0,5.0,6.0,0,3,39,53
52,2,422.0,0.0,59.0,52.0,0,4,5,33
52,3,707.0,2628.0,135.0,426.0,0,4,26,30
52,4,340.0,2991.0,442.0,123.0,0,5,17,23
52,5,0.0,2897.0,17.0,21.0,0,3,10,13
52,6,756.0,3077.0,110.0,355.0,0,3,6,9
53,0,2155.0,2527.0,5.0,6.0,0,3,40,54
53,2,422.0,0.0,59.0,52.0,0,4,6,34
53,3,707.0,2628.0,135.0,426.0,0,4,27,31
53,4,340.0,2991.0,442.0,123.0,0,5,18,24
53,5,0.0,2897.0,17.0,21.0,0,3,11,14
53,6,756.0,3077.0,110.0,355.0,0,3,7,10
54,0,2155.0,2527.0,5.0,6.0,0,3,41,55
54,2,422.0,0.0,59.0,52.0,0,4,7,35
54,3,707.0,2628.0,135.0,426.0,0,4,28,32
54,4,340.0,2991.0,442.0,123.0,0,5,19,25
54,5,0.0,2897.0,17.0,21.0,0,3,12,15
54,6,756.0,3077.0,110.0,355.0,0,3,8,11
54,7,0.0,3250.0,22.0,12.0,1,2,0,2
55,0,2155.0,2527.0,5.0,6.0,0,3,42,56
55,2,422.0,0.0,59.0,52.0,0,4,8,36
55,3,707.0,2628.0,135.0,426.0,0,4,29,33
55,4,340.0,2991.0,442.0,123.0,0,5,20,26
55,5,0.0,2897.0,17.0,21.0,0,3,13,16
55,6,756.0,3077.0,110.0,355.0,0,3,9,12
55,7,6.0,3251.0,20.0,11.0,1,3,0,3
56,0,2155.0,2527.0,5.0,6.0,0,3,43,57
56,2,422.0,0.0,59.0,52.0,0,4,9,37
56,3,707.0,2628.0,135.0,426.0,0,4,30,34
56,4,340.0,2991.0,442.0,123.0,0,5,21,27
56,5,0.0,2897.0,17.0,21.0,0,3,14,17
56,6,756.0,3077.0,110.0,355.0,0,3,10,13
56,7,24.0,3255.0,8.0,6.0,1,4,0,4
57,0,2155.0,2527.0,5.0,6.0,0,3,44,58
57,2,422.0,0.0,59.0,52.0,0,4,10,38
57,3,707.0,2628.0,135.0,426.0,0,4,31,35
57,4,340.0,2991.0,442.0,123.0,0,5,22,28
57,5,0.0,2897.0,17.0,21.0,0,3,15,18
57,6,756.0,3077.0,110.0,355.0,0,3,11,14
57,7,23.0,3254.0,19.0,10.0,1,5,0,5
57,8,2063.0,3008.0,38.0,17.0,1,2,0,2
58,0,2155.0,2527.0,5.0,6.0,0,3,45,59
58,2,422.0,0.0,59.0,52.0,0,4,11,39
58,3,707.0,2628.0,135.0,426.0,0,4,32,36
58,4,340.0,2991.0,442.0,123.0,0,5,23,29
58,5,0.0,2897.0,17.0,21.0,0,3,16,19
58,6,756.0,3077.0,110.0,355.0,0,3,12,15
58,7,31.0,3255.0,23.0,11.0,1,6,0,6
58,8,2058.0,2975.0,102.0,52.0,1,3,0,3
59,0,2155.0,2527.0,5.0,6.0,0,3,46,60
59,2,422.0,0.0,59.0,52.0,0,4,12,40
59,3,707.0,2628.0,135.0,426.0,0,4,33,37
59,4,340.0,2991.0,442.0,123.0,0,5,24,30
59,5,0.0,2897.0,17.0,21.0,0,3,17,20
59,6,756.0,3077.0,110.0,355.0,0,3,13,16
59,7,42.0,3257.0,18.0,8.0,1,7,0,7
59,8,2057.0,2962.0,103.0,31.0,1,4,0,4
60,0,2155.0,2527.0,5.0,6.0,0,3,47,61
60,2,422.0,0.0,59.0,52.0,0,4,13,41
60,3,707.0,2628.0,135.0,426.0,0,4,34,38
60,4,340.0,2991.0,442.0,123.0,0,5,25,31
60,5,0.0,2897.0,17.0,21.0,0,3,18,21
60,6,756.0,3077.0,110.0,355.0,0,3,14,17
60,7,54.0,3257.0,13.0,7.0,1,8,0,8
60,8,2053.0,2945.0,107.0,49.0,1,5,0,5
61,0,2155.0,2527.0,5.0,6.0,0,3,48,62
61,2,422.0,0.0,59.0,52.0,0,4,14,42
61,3,707.0,2628.0,135.0,426.0,0,4,35,39
61,4,340.0,2991.0,442.0,123.0,0,5,26,32
61,5,0.0,2897.0,17.0,21.0,0,3,19,22
61,6,756.0,3077.0,110.0,355.0,0,3,15,18
61,7,63.0,3254.0,10.0,9.0,1,9,0,9
61,8,2051.0,2932.0,109.0,21.0,1,6,0,6
62,0,2155.0,2527.0,5.0,6.0,0,3,49,63
62,2,422.0,0.0,59.0,52.0,0,4,15,43
62,3,707.0,2628.0,135.0,426.0,0,4,36,40
62,4,684.0,3014.0,90.0,465.0,1,6,0,33
62,5,0.0,2897.0,17.0,21.0,0,3,20,23
62,6,756.0,3077.0,110.0,355.0,0,3,16,19
62,7,68.0,3253.0,12.0,11.0,1,10,0,10
62,8,2050.0,2917.0,110.0,19.0,1,7,0,7
63,0,2155.0,2527.0,5.0,6.0,0,3,50,64
63,2,422.0,0.0,59.0,52.0,0,4,16,44
63,3,707.0,2628.0,135.0,426.0,0,4,37,41
63,4,684.0,3014.0,90.0,465.0,0,6,1,34
63,5,0.0,2897.0,17.0,21.0,0,3,21,24
63,6,756.0,3077.0,110.0,355.0,0,3,17,20
63,7,79.0,3253.0,8.0,11.0,1,11,0,11
63,8,2048.0,2900.0,112.0,21.0,1,8,0,8
64,0,2155.0,2527.0,5.0,6.0,0,3,51,65
64,2,422.0,0.0,59.0,52.0,0,4,17,45
64,3,707.0,2628.0,135.0,426.0,0,4,38,42
64,4,684.0,3014.0,90.0,465.0,0,6,2,35
64,5,0.0,2897.0,17.0,21.0,0,3,22,25
64,6,756.0,3077.0,110.0,355.0,0,3,18,21
64,7,87.0,3254.0,8.0,10.0,1,12,0,12
64,8,2048.0,2888.0,52.0,15.0,1,9,0,9
65,0,2155.0,2527.0,5.0,6.0,0,3,52,66
65,2,422.0,0.0,59.0,52.0,0,4,18,46
65,3,707.0,2628.0,135.0,426.0,0,4,39,43
65,4,684.0,3014.0,90.0,465.0,0,6,3,36
65,5,0.0,2897.0,17.0,21.0,0,3,23,26
65,6,756.0,3077.0,110.0,355.0,0,3,19,22
65,7,94.0,3258.0,8.0,6.0,1,13,0,13
65,8,2048.0,2870.0,112.0,19.0,1,10,0,10
66,0,2155.0,2527.0,5.0,6.0,0,3,53,67
66,2,422.0,0.0,59.0,52.0,0,4,19,47
66,3,707.0,2628.0,135.0,426.0,0,4,40,44
66,4,684.0,3014.0,90.0,465.0,0,6,4,37
66,5,0.0,2897.0,17.0,21.0,0,3,24,27
66,6,756.0,3077.0,110.0,355.0,0,3,20,23
66,7,97.0,3259.0,13.0,7.0,1,14,0,14
66,8,2048.0,2858.0,52.0,14.0,1,11,0,11
67,0,2155.0,2527.0,5.0,6.0,0,3,54,68
67,2,422.0,0.0,59.0,52.0,0,4,20,48
67,3,707.0,2628.0,135.0,426.0,0,4,41,45
67,4,684.0,3014.0,90.0,465.0,0,6,5,38
67,5,0.0,2897.0,17.0,21.0,0,3,25,28
67,6,756.0,3077.0,110.0,355.0,0,3,21,24
67,7,106.0,3259.0,17.0,9.0,1,15,0,15
67,8,2050.0,2838.0,110.0,19.0,1,12,0,12
68,0,2155.0,2527.0,5.0,6.0,0,3,55,69
68,2,422.0,0.0,59.0,52.0,0,4,21,49
68,3,707.0,2628.0,135.0,426.0,0,4,42,46
68,4,684.0,3014.0,90.0,465.0,0,6,6,39
68,5,0.0,2897.0,17.0,21.0,0,3,26,29
68,6,756.0,3077.0,110.0,355.0,0,3,22,25
68,7,114.0,3259.0,17.0,7.0,1,16,0,16
68,8,2050.0,2824.0,110.0,16.0,1,13,0,13
69,0,2155.0,2527.0,5.0,6.0,0,3,56,70
69,2,422.0,0.0,59.0,52.0,0,4,22,50
69,3,707.0,2628.0,135.0,426.0,0,4,43,47
69,4,684.0,3014.0,90.0,465.0,0,6,7,40
69,5,0.0,2897.0,17.0,21.0,0,3,27,30
69,6,756.0,3077.0,110.0,355.0,0,3,23,26
69,7,127.0,3258.0,11.0,6.0,1,17,0,17
69,8,2052.0,2804.0,108.0,22.0,1,14,0,14
70,0,2155.0,2527.0,5.0,6.0,0,3,57,71
70,2,417.0,0.0,64.0,66.0,1,5,0,51
70,3,707.0,2628.0,135.0,426.0,0,4,44,48
70,4,684.0,3014.0,90.0,465.0,0,6,8,41
70,5,0.0,2897.0,17.0,21.0,0,3,28,31
70,6,756.0,3077.0,110.0,355.0,0,3,24,27
70,7,130.0,3254.0,13.0,10.0,1,18,0,18
70,8,2054.0,2789.0,106.0,25.0,1,15,0,15
71,0,2155.0,2527.0,5.0,6.0,0,3,58,72
71,2,417.0,0.0,64.0,66.0,0,5,1,52
71,3,707.0,2628.0,135.0,426.0,0,4,45,49
71,4,684.0,3014.0,90.0,465.0,0,6,9,42
71,5,0.0,2897.0,17.0,21.0,0,3,29,32
71,6,756.0,3077.0,110.0,355.0,0,3,25,28
71,7,138.0,3254.0,13.0,10.0,1,19,0,19
71,8,2058.0,2770.0,102.0,25.0,1,16,0,16
72,0,2155.0,2527.0,5.0,6.0,0,3,59,73
72,2,417.0,0.0,64.0,66.0,0,5,2,53
72,3,707.0,2628.0,135.0,426.0,0,4,46,50
72,4,684.0,3014.0,90.0,465.0,0,6,10,43
72,5,0.0,2897.0,17.0,21.0,0,3,30,33
72,6,756.0,3077.0,110.0,355.0,0,3,26,29
72,7,146.0,3256.0,12.0,9.0,1,20,0,20
72,8,2062.0,2754.0,98.0,26.0,1,17,0,17
73,2,417.0,0.0,64.0,66.0,0,5,3,54
73,3,707.0,2628.0,135.0,426.0,0,4,47,51
73,4,684.0,3014.0,90.0,465.0,0,6,11,44
73,5,0.0,2897.0,17.0,21.0,0,3,31,34
73,6,756.0,3077.0,110.0,355.0,0,3,27,30
73,7,159.0,3259.0,7.0,6.0,1,21,0,21
73,8,2064.0,2735.0,96.0,30.0,1,18,0,18
74,2,417.0,0.0,64.0,66.0,0,5,4,55
74,3,707.0,2628.0,135.0,426.0,0,4,48,52
74,4,684.0,3014.0,90.0,465.0,0,6,12,45
74,5,0.0,2897.0,17.0,21.0,0,3,32,35
74,6,756.0,3077.0,110.0,355.0,0,3,28,31
74,7,163.0,3260.0,12.0,5.0,1,22,0,22
74,8,2069.0,2719.0,91.0,31.0,1,19,0,19
75,2,417.0,0.0,64.0,66.0,0,5,5,56
75,3,707.0,2628.0,135.0,426.0,0,4,49,53
75,4,684.0,3014.0,90.0,465.0,0,6,13,46
75,5,0.0,2897.0,17.0,21.0,0,3,33,36
75,6,756.0,3077.0,110.0,355.0,0,3,29,32
75,7,170.0,3258.0,18.0,10.0,1,23,0,23
75,8,2074.0,2702.0,86.0,33.0,1,20,0,20
76,2,417.0,0.0,64.0,66.0,0,5,6,57
76,3,707.0,2628.0,135.0,426.0,0,4,50,54
76,4,684.0,3014.0,90.0,465.0,0,6,14,47
76,5,0.0,2897.0,17.0,21.0,0,3,34,37
76,6,756.0,3077.0,110.0,355.0,0,3,30,33
76,7,178.0,3260.0,18.0,9.0,1,24,0,24
76,8,2074.0,2702.0,86.0,33.0,0,20,1,21
77,2,417.0,0.0,64.0,66.0,0,5,7,58
77,3,707.0,2628.0,135.0,426.0,0,4,51,55
77,4,684.0,3014.0,90.0,465.0,0,6,15,48
77,5,0.0,2897.0,17.0,21.0,0,3,35,38
77,6,756.0,3077.0,110.0,355.0,0,3,31,34
77,7,191.0,3259.0,13.0,6.0,1,25,0,25
77,8,2074.0,2702.0,86.0,33.0,0,20,2,22
78,2,417.0,0.0,64.0,66.0,0,5,8,59
78,3,707.0,2628.0,135.0,426.0,0,4,52,56
78,4,684.0,3014.0,90.0,465.0,0,6,16,49
78,5,0.0,2897.0,17.0,21.0,0,3,36,39
78,6,756.0,3077.0,110.0,355.0,0,3,32,35
78,7,199.0,3254.0,9.0,10.0,1,26,0,26
78,8,2074.0,2702.0,86.0,33.0,0,20,3,23
79,2,417.0,0.0,64.0,66.0,0,5,9,60
79,3,707.0,2628.0,135.0,426.0,0,4,53,57
79,4,684.0,3014.0,90.0,465.0,0,6,17,50
79,5,0.0,2897.0,17.0,21.0,0,3,37,40
79,6,756.0,3077.0,110.0,355.0,0,3,33,36
79,7,206.0,3254.0,15.0,10.0,1,27,0,27
79,8,2074.0,2702.0,86.0,33.0,0,20,4,24
80,2,417.0,0.0,64.0,66.0,0,5,10,61
80,3,707.0,2628.0,135.0,426.0,0,4,54,58
80,4,684.0,3014.0,90.0,465.0,0,6,18,51
80,5,0.0,2897.0,17.0,21.0,0,3,38,41
80,6,756.0,3077.0,110.0,355.0,0,3,34,37
80,7,215.0,3257.0,9.0,8.0,1,28,0,28
80,8,2074.0,2702.0,86.0,33.0,0,20,5,25
81,2,417.0,0.0,64.0,66.0,0,5,11,62
81,3,707.0,2628.0,135.0,426.0,0,4,55,59
81,4,684.0,3014.0,90.0,465.0,0,6,19,52
81,5,0.0,2897.0,17.0,21.0,0,3,39,42
81,6,756.0,3077.0,110.0,355.0,0,3,35,38
81,7,223.0,3259.0,9.0,6.0,1,29,0,29
81,8,2074.0,2702.0,86.0,33.0,0,20,6,26
82,2,417.0,0.0,64.0,66.0,0,5,12,63
82,3,707.0,2628.0,135.0,426.0,0,4,56,60
82,4,684.0,3014.0,90.0,465.0,0,6,20,53
82,5,0.0,2897.0,17.0,21.0,0,3,40,43
82,6,756.0,3077.0,110.0,355.0,0,3,36,39
82,7,232.0,3258.0,12.0,7.0,1,30,0,30
82,8,2074.0,2702.0,86.0,33.0,0,20,7,27
83,2,417.0,0.0,64.0,66.0,0,5,13,64
83,3,707.0,2628.0,135.0,426.0,0,4,57,61
83,4,684.0,3014.0,90.0,465.0,0,6,21,54
83,5,0.0,2897.0,17.0,21.0,0,3,41,44
83,6,756.0,3077.0,110.0,355.0,0,3,37,40
83,7,237.0,3258.0,18.0,10.0,1,31,0,31
83,8,2074.0,2702.0,86.0,33.0,0,20,8,28
84,2,417.0,0.0,64.0,66.0,0,5,14,65
84,3,707.0,2628.0,135.0,426.0,0,4,58,62
84,4,684.0,3014.0,90.0,465.0,0,6,22,55
84,5,0.0,2897.0,17.0,21.0,0,3,42,45
84,6,756.0,3077.0,110.0,355.0,0,3,38,41
84,7,244.0,3258.0,17.0,10.0,1,32,0,32
84,8,2074.0,2702.0,86.0,33.0,0,20,9,29
85,2,417.0,0.0,64.0,66.0,0,5,15,66
85,3,707.0,2628.0,135.0,426.0,0,4,59,63
85,4,684.0,3014.0,90.0,465.0,0,6,23,56
85,5,0.0,2897.0,17.0,21.0,0,3,43,46
85,6,756.0,3077.0,110.0,355.0,0,3,39,42
85,7,254.0,3257.0,14.0,8.0,1,33,0,33
85,8,2074.0,2702.0,86.0,33.0,0,20,10,30
86,2,417.0,0.0,64.0,66.0,0,5,16,67
86,4,684.0,3014.0,90.0,465.0,0,6,24,57
86,5,0.0,2897.0,17.0,21.0,0,3,44,47
86,6,756.0,3077.0,110.0,355.0,0,3,40,43
86,7,262.0,3255.0,15.0,9.0,1,34,0,34
86,8,2157.0,2523.0,3.0,5.0,1,21,0,31
87,2,417.0,0.0,64.0,66.0,0,5,17,68
87,4,684.0,3014.0,90.0,465.0,0,6,25,58
87,5,0.0,2897.0,17.0,21.0,0,3,45,48
87,6,756.0,3077.0,110.0,355.0,0,3,41,44
87,7,270.0,3255.0,15.0,10.0,1,35,0,35
87,8,2157.0,2523.0,3.0,5.0,0,21,1,32
88,2,417.0,0.0,64.0,66.0,0,5,18,69
88,4,684.0,3014.0,90.0,465.0,0,6,26,59
88,5,0.0,2897.0,17.0,21.0,0,3,46,49
88,6,756.0,3077.0,110.0,355.0,0,3,42,45
88,7,278.0,3254.0,18.0,11.0,1,36,0,36
88,8,2157.0,2523.0,3.0,5.0,0,21,2,33
89,2,417.0,0.0,64.0,66.0,0,5,19,70
89,4,684.0,3014.0,90.0,465.0,0,6,27,60
89,5,0.0,2897.0,17.0,21.0,0,3,47,50
89,6,756.0,3077.0,110.0,355.0,0,3,43,46
89,7,287.0,3254.0,14.0,9.0,1,37,0,37
89,8,2157.0,2523.0,3.0,5.0,0,21,3,34
90,2,417.0,0.0,64.0,66.0,0,5,20,71
90,4,684.0,3014.0,90.0,465.0,0,6,28,61
90,5,0.0,2897.0,17.0,21.0,0,3,48,51
90,6,756.0,3077.0,110.0,355.0,0,3,44,47
90,7,299.0,3257.0,9.0,6.0,1,38,0,38
90,8,2157.0,2523.0,3.0,5.0,0,21,4,35
91,2,417.0,0.0,64.0,66.0,0,5,21,72
91,4,684.0,3014.0,90.0,465.0,0,6,29,62
91,5,0.0,2897.0,17.0,21.0,0,3,49,52
91,6,756.0,3077.0,110.0,355.0,0,3,45,48
91,7,303.0,3256.0,17.0,9.0,1,39,0,39
91,8,2157.0,2523.0,3.0,5.0,0,21,5,36
92,2,417.0,0.0,64.0,66.0,0,5,22,73
92,4,684.0,3014.0,90.0,465.0,0,6,30,63
92,5,0.0,2897.0,17.0,21.0,0,3,50,53
92,6,756.0,3077.0,110.0,355.0,0,3,46,49
92,7,311.0,3256.0,16.0,8.0,1,40,0,40
92,8,2157.0,2523.0,3.0,5.0,0,21,6,37
93,2,417.0,0.0,64.0,66.0,0,5,23,74
93,4,684.0,3014.0,90.0,465.0,0,6,31,64
93,5,0.0,2897.0,17.0,21.0,0,3,51,54
93,6,756.0,3077.0,110.0,355.0,0,3,47,50
93,7,323.0,3255.0,12.0,9.0,1,41,0,41
93,8,2157.0,2523.0,3.0,5.0,0,21,7,38
94,2,417.0,0.0,64.0,66.0,0,5,24,75
94,4,684.0,3014.0,90.0,465.0,0,6,32,65
94,5,0.0,2897.0,17.0,21.0,0,3,52,55
94,6,756.0,3077.0,110.0,355.0,0,3,48,51
94,7,332.0,3254.0,11.0,6.0,1,42,0,42
94,8,2157.0,2523.0,3.0,5.0,0,21,8,39
95,2,417.0,0.0,64.0,66.0,1,6,0,76
95,4,684.0,3014.0,90.0,465.0,0,6,33,66
95,5,0.0,2897.0,17.0,21.0,0,3,53,56
95,6,756.0,3077.0,110.0,355.0,0,3,49,52
95,7,340.0,3252.0,9.0,8.0,1,43,0,43
95,8,2157.0,2523.0,3.0,5.0,0,21,9,40
96,2,431.0,0.0,50.0,65.0,1,7,0,77
96,4,684.0,3014.0,90.0,465.0,0,6,34,67
96,5,0.0,2897.0,17.0,21.0,0,3,54,57
96,6,756.0,3077.0,110.0,355.0,0,3,50,53
96,7,348.0,3250.0,12.0,10.0,1,44,0,44
96,8,2157.0,2523.0,3.0,5.0,0,21,10,41
97,2,431.0,0.0,50.0,65.0,0,7,1,78
97,4,684.0,3014.0,90.0,465.0,0,6,35,68
97,5,0.0,2897.0,17.0,21.0,0,3,55,58
97,6,756.0,3077.0,110.0,355.0,0,3,51,54
97,7,356.0,3250.0,44.0,10.0,1,45,0,45
97,8,2157.0,2523.0,3.0,5.0,0,21,11,42
98,2,431.0,0.0,50.0,65.0,0,7,2,79
98,4,684.0,3014.0,90.0,465.0,0,6,36,69
98,5,0.0,2897.0,17.0,21.0,0,3,56,59
98,6,756.0,3077.0,110.0,355.0,0,3,52,55
98,7,365.0,3236.0,40.0,24.0,1,46,0,46
98,8,2157.0,2523.0,3.0,5.0,0,21,12,43
99,2,431.0,0.0,50.0,65.0,0,7,3,80
99,4,684.0,3014.0,90.0,465.0,0,6,37,70
99,5,0.0,2897.0,17.0,21.0,0,3,57,60
99,6,756.0,3077.0,110.0,355.0,0,3,53,56
99,7,371.0,3222.0,47.0,38.0,1,47,0,47
99,8,2157.0,2523.0,3.0,5.0,0,21,13,44
100,2,431.0,0.0,50.0,65.0,0,7,4,81
100,4,684.0,3014.0,90.0,465.0,0,6,38,71
100,5,0.0,2897.0,17.0,21.0,0,3,58,61
100,6,756.0,3077.0,110.0,355.0,0,3,54,57
100,7,371.0,3222.0,47.0,38.0,0,47,1,48
100,8,2157.0,2523.0,3.0,5.0,0,21,14,45
100,9,0.0,3277.0,17.0,22.0,1,2,0,2
101,2,431.0,0.0,50.0,65.0,0,7,5,82
101,4,684.0,3014.0,90.0,465.0,0,6,39,72
101,5,0.0,2897.0,17.0,21.0,0,3,59,62
101,6,756.0,3077.0,110.0,355.0,0,3,55,58
101,7,371.0,3222.0,47.0,38.0,0,47,2,49
101,8,2157.0,2523.0,3.0,5.0,0,21,15,46
101,9,0.0,3277.0,17.0,22.0,0,2,1,3
102,2,431.0,0.0,50.0,65.0,0,7,6,83
102,4,684.0,3014.0,90.0,465.0,0,6,40,73
102,6,756.0,3077.0,110.0,355.0,0,3,56,59
102,7,399.0,3251.0,11.0,5.0,1,48,0,50
102,8,2157.0,2523.0,3.0,5.0,0,21,16,47
102,9,0.0,3277.0,17.0,22.0,0,2,2,4
103,2,431.0,0.0,50.0,65.0,0,7,7,84
103,4,684.0,3014.0,90.0,465.0,0,6,41,74
103,6,756.0,3077.0,110.0,355.0,0,3,57,60
103,7,405.0,3248.0,10.0,8.0,1,49,0,51
103,8,2157.0,2523.0,3.0,5.0,0,21,17,48
103,9,0.0,3277.0,17.0,22.0,0,2,3,5
104,2,431.0,0.0,50.0,65.0,0,7,8,85
104,4,684.0,3014.0,90.0,465.0,0,6,42,75
104,6,756.0,3077.0,110.0,355.0,0,3,58,61
104,7,414.0,3247.0,13.0,9.0,1,50,0,52
104,8,2157.0,2523.0,3.0,5.0,0,21,18,49
104,9,0.0,3277.0,17.0,22.0,0,2,4,6
105,2,431.0,0.0,50.0,65.0,0,7,9,86
105,4,684.0,3014.0,90.0,465.0,0,6,43,76
105,6,756.0,3077.0,110.0,355.0,0,3,59,62
105,7,421.0,3246.0,16.0,10.0,1,51,0,53
105,8,2157.0,2523.0,3.0,5.0,0,21,19,50
105,9,0.0,3277.0,17.0,22.0,0,2,5,7
106,2,431.0,0.0,50.0,65.0,0,7,10,87
106,4,684.0,3014.0,90.0,465.0,0,6,44,77
106,7,431.0,3251.0,9.0,6.0,1,52,0,54
106,8,2157.0,2523.0,3.0,5.0,0,21,20,51
106,9,0.0,3277.0,17.0,22.0,0,2,6,8
107,2,431.0,0.0,50.0,65.0,0,7,11,88
107,4,684.0,3014.0,90.0,465.0,0,6,45,78
107,7,436.0,3250.0,16.0,9.0,1,53,0,55
107,8,2157.0,2523.0,3.0,5.0,0,21,21,52
107,9,0.0,3277.0,17.0,22.0,0,2,7,9
108,2,453.0,18.0,21.0,36.0,1,8,0,89
108,4,684.0,3014.0,90.0,465.0,0,6,46,79
108,7,446.0,3249.0,16.0,11.0,1,54,0,56
108,8,2157.0,2523.0,3.0,5.0,0,21,22,53
108,9,0.0,3277.0,17.0,22.0,0,2,8,10
109,2,422.0,0.0,59.0,52.0,1,9,0,90
109,4,684.0,3014.0,90.0,465.0,0,6,47,80
109,7,454.0,3248.0,17.0,9.0,1,55,0,57
109,8,2157.0,2523.0,3.0,5.0,0,21,23,54
109,9,0.0,3277.0,17.0,22.0,0,2,9,11
110,2,422.0,0.0,59.0,52.0,0,9,1,91
110,4,684.0,3014.0,90.0,465.0,0,6,48,81
110,7,463.0,3247.0,13.0,9.0,1,56,0,58
110,8,2157.0,2523.0,3.0,5.0,0,21,24,55
110,9,0.0,3277.0,17.0,22.0,0,2,10,12
110,11,287.0,19.0,64.0,33.0,1,2,0,2
111,2,422.0,0.0,59.0,52.0,0,9,2,92
111,4,684.0,3014.0,90.0,465.0,0,6,49,82
111,7,471.0,3245.0,12.0,11.0,1,57,0,59
111,8,2157.0,2523.0,3.0,5.0,0,21,25,56
111,9,0.0,3277.0,17.0,22.0,0,2,11,13
111,11,276.0,19.0,47.0,33.0,1,3,0,3
112,2,422.0,0.0,59.0,52.0,0,9,3,93
112,4,684.0,3014.0,90.0,465.0,0,6,50,83
112,7,477.0,3242.0,16.0,10.0,1,58,0,60
112,8,2157.0,2523.0,3.0,5.0,0,21,26,57
112,9,0.0,3277.0,17.0,22.0,0,2,12,14
112,11,233.0,19.0,62.0,33.0,1,4,0,4
113,2,422.0,0.0,59.0,52.0,0,9,4,94
113,4,684.0,3014.0,90.0,465.0,0,6,51,84
113,7,487.0,3243.0,14.0,9.0,1,59,0,61
113,8,2157.0,2523.0,3.0,5.0,0,21,27,58
113,9,0.0,3277.0,17.0,22.0,0,2,13,15
113,11,189.0,19.0,64.0,32.0,1,5,0,5
114,2,422.0,0.0,59.0,52.0,0,9,5,95
114,4,684.0,3014.0,90.0,465.0,0,6,52,85
114,7,494.0,3245.0,16.0,7.0,1,60,0,62
114,8,2157.0,2523.0,3.0,5.0,0,21,28,59
114,9,0.0,3277.0,17.0,22.0,0,2,14,16
114,11,149.0,19.0,50.0,32.0,1,6,0,6
114,13,342.0,2996.0,439.0,139.0,1,2,0,2
115,2,422.0,0.0,59.0,52.0,0,9,6,96
115,4,684.0,3014.0,90.0,465.0,0,6,53,86
115,7,502.0,3246.0,14.0,7.0,1,61,0,63
115,8,2157.0,2523.0,3.0,5.0,0,21,29,60
115,9,0.0,3277.0,17.0,22.0,0,2,15,17
115,11,89.0,19.0,64.0,33.0,1,7,0,7
115,13,342.0,2999.0,417.0,125.0,1,3,0,3
116,2,422.0,0.0,59.0,52.0,0,9,7,97
116,4,684.0,3014.0,90.0,465.0,0,6,54,87
116,7,508.0,3247.0,19.0,9.0,1,62,0,64
116,8,2157.0,2523.0,3.0,5.0,0,21,30,61
116,9,0.0,3277.0,17.0,22.0,0,2,16,18
116,11,33.0,19.0,63.0,32.0,1,8,0,8
116,13,340.0,2994.0,429.0,121.0,1,4,0,4
117,2,422.0,0.0,59.0,52.0,0,9,8,98
117,4,684.0,3014.0,90.0,465.0,0,6,55,88
117,7,519.0,3246.0,18.0,10.0,1,63,0,65
117,8,2157.0,2523.0,3.0,5.0,0,21,31,62
117,9,0.0,3277.0,17.0,22.0,0,2,17,19
117,11,33.0,19.0,63.0,32.0,0,8,1,9
117,13,340.0,2994.0,429.0,121.0,0,4,1,5
118,2,422.0,0.0,59.0,52.0,0,9,9,99
118,4,684.0,3014.0,90.0,465.0,0,6,56,89
118,7,531.0,3246.0,11.0,8.0,1,64,0,66
118,8,2157.0,2523.0,3.0,5.0,0,21,32,63
118,9,0.0,3277.0,17.0,22.0,0,2,18,20
118,11,33.0,19.0,63.0,32.0,0,8,2,10
118,13,340.0,2994.0,429.0,121.0,0,4,2,6
119,2,422.0,0.0,59.0,52.0,0,9,10,100
119,4,684.0,3014.0,90.0,465.0,0,6,57,90
119,7,539.0,3243.0,9.0,8.0,1,65,0,67
119,8,2157.0,2523.0,3.0,5.0,0,21,33,64
119,9,0.0,3277.0,17.0,22.0,0,2,19,21
119,11,33.0,19.0,63.0,32.0,0,8,3,11
119,13,340.0,2994.0,429.0,121.0,0,4,3,7
120,2,417.0,0.0,64.0,66.0,1,10,0,101
120,4,684.0,3014.0,90.0,465.0,0,6,58,91
120,7,542.0,3242.0,14.0,9.0,1,66,0,68
120,8,2157.0,2523.0,3.0,5.0,0,21,34,65
120,9,0.0,3277.0,17.0,22.0,0,2,20,22
120,11,33.0,19.0,63.0,32.0,0,8,4,12
120,13,340.0,2994.0,429.0,121.0,0,4,4,8
121,2,431.0,15.0,50.0,49.0,1,11,0,102
121,4,684.0,3014.0,90.0,465.0,0,6,59,92
121,7,551.0,3240.0,15.0,12.0,1,67,0,69
121,8,2157.0,2523.0,3.0,5.0,0,21,35,66
121,9,0.0,3277.0,17.0,22.0,0,2,21,23
121,11,33.0,19.0,63.0,32.0,0,8,5,13
121,13,340.0,2994.0,429.0,121.0,0,4,5,9
122,2,406.0,19.0,60.0,30.0,1,12,0,103
122,7,559.0,3242.0,17.0,9.0,1,68,0,70
122,8,2157.0,2523.0,3.0,5.0,0,21,36,67
122,9,0.0,3277.0,17.0,22.0,0,2,22,24
122,11,33.0,19.0,63.0,32.0,0,8,6,14
122,13,340.0,2994.0,429.0,121.0,0,4,6,10
122,14,2110.0,3129.0,40.0,24.0,1,2,0,2
123,2,406.0,19.0,60.0,30.0,0,12,1,104
123,7,566.0,3245.0,14.0,7.0,1,69,0,71
123,8,2157.0,2523.0,3.0,5.0,0,21,37,68
123,9,0.0,3277.0,17.0,22.0,0,2,23,25
123,11,33.0,19.0,63.0,32.0,0,8,7,15
123,13,340.0,2994.0,429.0,121.0,0,4,7,11
123,14,2100.0,3114.0,43.0,24.0,1,3,0,3
124,2,406.0,19.0,60.0,30.0,0,12,2,105
124,7,566.0,3245.0,23.0,8.0,1,70,0,72
124,8,2157.0,2523.0,3.0,5.0,0,21,38,69
124,9,0.0,3277.0,17.0,22.0,0,2,24,26
124,11,33.0,19.0,63.0,32.0,0,8,8,16
124,13,340.0,2994.0,429.0,121.0,0,4,8,12
124,14,2095.0,3097.0,37.0,25.0,1,4,0,4
125,2,406.0,19.0,60.0,30.0,0,12,3,106
125,7,582.0,3247.0,18.0,10.0,1,71,0,73
125,8,2157.0,2523.0,3.0,5.0,0,21,39,70
125,9,0.0,3277.0,17.0,22.0,0,2,25,27
125,11,33.0,19.0,63.0,32.0,0,8,9,17
125,13,340.0,2994.0,429.0,121.0,0,4,9,13
125,14,2088.0,3088.0,33.0,17.0,1,5,0,5
125,15,725.0,3042.0,147.0,414.0,1,2,0,2
126,2,406.0,19.0,60.0,30.0,0,12,4,107
126,7,591.0,3247.0,16.0,10.0,1,72,0,74
126,8,2157.0,2523.0,3.0,5.0,0,21,40,71
126,9,0.0,3277.0,17.0,22.0,0,2,26,28
126,11,33.0,19.0,63.0,32.0,0,8,10,18
126,13,340.0,2994.0,429.0,121.0,0,4,10,14
126,14,2081.0,3054.0,79.0,35.0,1,6,0,6
126,15,725.0,3043.0,137.0,416.0,1,3,0,3
127,2,406.0,19.0,60.0,30.0,0,12,5,108
127,7,600.0,3247.0,15.0,10.0,1,73,0,75
127,8,2157.0,2523.0,3.0,5.0,0,21,41,72
127,9,0.0,3277.0,17.0,22.0,0,2,27,29
127,11,33.0,19.0,63.0,32.0,0,8,11,19
127,13,340.0,2994.0,429.0,121.0,0,4,11,15
127,14,2077.0,3034.0,83.0,39.0,1,7,0,7
127,15,725.0,3043.0,137.0,416.0,0,3,1,4
127,16,0.0,2890.0,11.0,16.0,1,2,0,2
128,2,406.0,19.0,60.0,30.0,0,12,6,109
128,7,609.0,3245.0,13.0,8.0,1,74,0,76
128,8,2157.0,2523.0,3.0,5.0,0,21,42,73
128,9,0.0,3277.0,17.0,22.0,0,2,28,30
128,11,33.0,19.0,63.0,32.0,0,8,12,20
128,13,340.0,2994.0,429.0,121.0,0,4,12,16
128,14,2072.0,3021.0,88.0,37.0,1,8,0,8
128,15,725.0,3043.0,137.0,416.0,0,3,2,5
128,16,0.0,2890.0,11.0,16.0,0,2,1,3
129,2,406.0,19.0,60.0,30.0,0,12,7,110
129,7,617.0,3244.0,11.0,9.0,1,75,0,77
129,8,2157.0,2523.0,3.0,5.0,0,21,43,74
129,9,0.0,3277.0,17.0,22.0,0,2,29,31
129,11,33.0,19.0,63.0,32.0,0,8,13,21
129,13,340.0,2994.0,429.0,121.0,0,4,13,17
129,14,2067.0,3006.0,93.0,36.0,1,9,0,9
129,15,725.0,3043.0,137.0,416.0,0,3,3,6
129,16,0.0,2890.0,11.0,16.0,0,2,2,4
130,2,406.0,19.0,60.0,30.0,0,12,8,111
130,7,624.0,3244.0,12.0,10.0,1,76,0,78
130,8,2157.0,2523.0,3.0,5.0,0,21,44,75
130,9,0.0,3277.0,17.0,22.0,0,2,30,32
130,11,33.0,19.0,63.0,32.0,0,8,14,22
130,13,340.0,2994.0,429.0,121.0,0,4,14,18
130,14,2063.0,2988.0,97.0,33.0,1,10,0,10
130,15,725.0,3043.0,137.0,416.0,0,3,4,7
130,16,0.0,2890.0,11.0,16.0,0,2,3,5
131,2,406.0,19.0,60.0,30.0,0,12,9,112
131,7,633.0,3246.0,11.0,8.0,1,77,0,79
131,8,2157.0,2523.0,3.0,5.0,0,21,45,76
131,9,0.0,3277.0,17.0,22.0,0,2,31,33
131,11,33.0,19.0,63.0,32.0,0,8,15,23
131,13,340.0,2994.0,429.0,121.0,0,4,15,19
131,14,2059.0,2975.0,101.0,28.0,1,11,0,11
131,15,725.0,3043.0,137.0,416.0,0,3,5,8
131,16,0.0,2890.0,11.0,16.0,0,2,4,6
132,2,406.0,19.0,60.0,30.0,0,12,10,113
132,7,642.0,3249.0,11.0,6.0,1,78,0,80
132,8,2157.0,2523.0,3.0,5.0,0,21,46,77
132,9,0.0,3277.0,17.0,22.0,0,2,32,34
132,11,33.0,19.0,63.0,32.0,0,8,16,24
132,13,340.0,2994.0,429.0,121.0,0,4,16,20
132,14,2054.0,2959.0,106.0,28.0,1,12,0,12
132,15,725.0,3043.0,137.0,416.0,0,3,6,9
132,16,0.0,2890.0,11.0,16.0,0,2,5,7
133,2,406.0,19.0,60.0,30.0,0,12,11,114
133,7,646.0,3249.0,18.0,7.0,1,79,0,81
133,8,2157.0,2523.0,3.0,5.0,0,21,47,78
133,9,0.0,3277.0,17.0,22.0,0,2,33,35
133,11,33.0,19.0,63.0,32.0,0,8,17,25
133,13,340.0,2994.0,429.0,121.0,0,4,17,21
133,14,2053.0,2945.0,107.0,24.0,1,13,0,13
133,15,725.0,3043.0,137.0,416.0,0,3,7,10
133,16,0.0,2890.0,11.0,16.0,0,2,6,8
134,2,406.0,19.0,60.0,30.0,0,12,12,115
134,7,657.0,3250.0,15.0,11.0,1,80,0,82
134,8,2157.0,2523.0,3.0,5.0,0,21,48,79
134,9,0.0,3277.0,17.0,22.0,0,2,34,36
134,11,33.0,19.0,63.0,32.0,0,8,18,26
134,13,340.0,2994.0,429.0,121.0,0,4,18,22
134,14,2051.0,2929.0,109.0,22.0,1,14,0,14
134,15,725.0,3043.0,137.0,416.0,0,3,8,11
134,16,0.0,2890.0,11.0,16.0,0,2,7,9
135,2,406.0,19.0,60.0,30.0,0,12,13,116
135,7,668.0,3249.0,12.0,11.0,1,81,0,83
135,8,2157.0,2523.0,3.0,5.0,0,21,49,80
135,9,0.0,3277.0,17.0,22.0,0,2,35,37
135,11,33.0,19.0,63.0,32.0,0,8,19,27
135,13,340.0,2994.0,429.0,121.0,0,4,19,23
135,14,2047.0,2921.0,60.0,16.0,1,15,0,15
135,15,725.0,3043.0,137.0,416.0,0,3,9,12
135,16,0.0,2890.0,11.0,16.0,0,2,8,10
136,2,406.0,19.0,60.0,30.0,0,12,14,117
136,7,676.0,3247.0,12.0,10.0,1,82,0,84
136,8,2157.0,2523.0,3.0,5.0,0,21,50,81
136,9,0.0,3277.0,17.0,22.0,0,2,36,38
136,11,33.0,19.0,63.0,32.0,0,8,20,28
136,13,340.0,2994.0,429.0,121.0,0,4,20,24
136,14,2048.0,2900.0,112.0,20.0,1,16,0,16
136,15,725.0,3043.0,137.0,416.0,0,3,10,13
136,16,0.0,2890.0,11.0,16.0,0,2,9,11
137,2,406.0,19.0,60.0,30.0,0,12,15,118
137,7,682.0,3246.0,12.0,9.0,1,83,0,85
137,8,2157.0,2523.0,3.0,5.0,0,21,51,82
137,9,0.0,3277.0,17.0,22.0,0,2,37,39
137,11,33.0,19.0,63.0,32.0,0,8,21,29
137,13,340.0,2994.0,429.0,121.0,0,4,21,25
137,14,2046.0,2884.0,114.0,22.0,1,17,0,17
137,15,703.0,3015.0,92.0,466.0,1,4,0,14
137,16,0.0,2890.0,11.0,16.0,0,2,10,12
138,2,406.0,19.0,60.0,30.0,0,12,16,119
138,7,689.0,3241.0,49.0,14.0,1,84,0,86
138,8,2157.0,2523.0,3.0,5.0,0,21,52,83
138,9,0.0,3277.0,17.0,22.0,0,2,38,40
138,11,33.0,19.0,63.0,32.0,0,8,22,30
138,13,340.0,2994.0,429.0,121.0,0,4,22,26
138,14,2047.0,2870.0,54.0,16.0,1,18,0,18
138,15,703.0,3015.0,92.0,466.0,0,4,1,15
138,16,0.0,2890.0,11.0,16.0,0,2,11,13
139,2,406.0,19.0,60.0,30.0,0,12,17,120
139,7,689.0,3241.0,49.0,14.0,0,84,1,87
139,8,2157.0,2523.0,3.0,5.0,0,21,53,84
139,9,0.0,3277.0,17.0,22.0,0,2,39,41
139,11,33.0,19.0,63.0,32.0,0,8,23,31
139,13,340.0,2994.0,429.0,121.0,0,4,23,27
139,14,2048.0,2856.0,38.0,9.0,1,19,0,19
139,15,692.0,3014.0,90.0,469.0,1,5,0,16
139,16,0.0,2890.0,11.0,16.0,0,2,12,14
140,2,406.0,19.0,60.0,30.0,0,12,18,121
140,7,689.0,3241.0,49.0,14.0,0,84,2,88
140,8,2157.0,2523.0,3.0,5.0,0,21,54,85
140,9,0.0,3277.0,17.0,22.0,0,2,40,42
140,11,33.0,19.0,63.0,32.0,0,8,24,32
140,13,340.0,2994.0,429.0,121.0,0,4,24,28
140,14,2048.0,2835.0,112.0,22.0,1,20,0,20
140,15,692.0,3014.0,90.0,469.0,0,5,1,17
140,16,0.0,2890.0,11.0,16.0,0,2,13,15
141,2,406.0,19.0,60.0,30.0,0,12,19,122
141,7,689.0,3241.0,49.0,14.0,0,84,3,89
141,8,2157.0,2523.0,3.0,5.0,0,21,55,86
141,9,0.0,3277.0,17.0,22.0,0,2,41,43
141,11,33.0,19.0,63.0,32.0,0,8,25,33
141,13,340.0,2994.0,429.0,121.0,0,4,25,29
141,14,2051.0,2818.0,109.0,24.0,1,21,0,21
141,15,692.0,3014.0,90.0,469.0,0,5,2,18
141,16,0.0,2890.0,11.0,16.0,0,2,14,16
142,2,406.0,19.0,60.0,30.0,0,12,20,123
142,7,689.0,3241.0,49.0,14.0,0,84,4,90
142,8,2157.0,2523.0,3.0,5.0,0,21,56,87
142,9,0.0,3277.0,17.0,22.0,0,2,42,44
142,11,33.0,19.0,63.0,32.0,0,8,26,34
142,13,340.0,2994.0,429.0,121.0,0,4,26,30
142,14,2052.0,2799.0,108.0,28.0,1,22,0,22
142,15,692.0,3014.0,90.0,469.0,0,5,3,19
142,16,0.0,2890.0,11.0,16.0,0,2,15,17
143,2,406.0,19.0,60.0,30.0,0,12,21,124
143,7,689.0,3241.0,49.0,14.0,0,84,5,91
143,8,2157.0,2523.0,3.0,5.0,0,21,57,88
143,9,0.0,3277.0,17.0,22.0,0,2,43,45
143,11,33.0,19.0,63.0,32.0,0,8,27,35
143,13,340.0,2994.0,429.0,121.0,0,4,27,31
143,14,2055.0,2782.0,105.0,30.0,1,23,0,23
143,15,681.0,3008.0,99.0,472.0,1,6,0,20
143,16,0.0,2890.0,11.0,16.0,0,2,16,18
144,2,406.0,19.0,60.0,30.0,0,12,22,125
144,7,689.0,3241.0,49.0,14.0,0,84,6,92
144,8,2157.0,2523.0,3.0,5.0,0,21,58,89
144,9,0.0,3277.0,17.0,22.0,0,2,44,46
144,11,33.0,19.0,63.0,32.0,0,8,28,36
144,13,340.0,2994.0,429.0,121.0,0,4,28,32
144,14,2056.0,2766.0,104.0,28.0,1,24,0,24
144,15,673.0,3024.0,115.0,454.0,1,7,0,21
144,16,0.0,2890.0,11.0,16.0,0,2,17,19
145,2,418.0,0.0,63.0,66.0,1,13,0,126
145,7,689.0,3241.0,49.0,14.0,0,84,7,93
145,8,2157.0,2523.0,3.0,5.0,0,21,59,90
145,9,0.0,3277.0,17.0,22.0,0,2,45,47
145,11,33.0,19.0,63.0,32.0,0,8,29,37
145,13,340.0,2994.0,429.0,121.0,0,4,29,33
145,14,2060.0,2751.0,100.0,28.0,1,25,0,25
145,15,673.0,3024.0,115.0,454.0,0,7,1,22
145,16,0.0,2890.0,11.0,16.0,0,2,18,20
146,2,418.0,0.0,63.0,66.0,1,14,0,127
146,7,689.0,3241.0,49.0,14.0,0,84,8,94
146,9,0.0,3277.0,17.0,22.0,0,2,46,48
146,11,33.0,19.0,63.0,32.0,0,8,30,38
146,13,340.0,2994.0,429.0,121.0,0,4,30,34
146,14,2064.0,2733.0,96.0,31.0,1,26,0,26
146,15,673.0,3024.0,115.0,454.0,0,7,2,23
146,16,0.0,2890.0,11.0,16.0,0,2,19,21
147,2,418.0,0.0,63.0,66.0,0,14,1,128
147,7,737.0,3212.0,47.0,78.0,1,85,0,95
147,9,0.0,3277.0,17.0,22.0,0,2,47,49
147,11,33.0,19.0,63.0,32.0,0,8,31,39
147,13,340.0,2994.0,429.0,121.0,0,4,31,35
147,14,2069.0,2714.0,91.0,33.0,1,27,0,27
147,15,673.0,3024.0,115.0,454.0,0,7,3,24
147,16,0.0,2890.0,11.0,16.0,0,2,20,22
148,2,418.0,0.0,63.0,66.0,0,14,2,129
148,7,738.0,3215.0,51.0,76.0,1,86,0,96
148,9,0.0,3277.0,17.0,22.0,0,2,48,50
148,11,33.0,19.0,63.0,32.0,0,8,32,40
148,13,340.0,2994.0,429.0,121.0,0,4,32,36
148,14,2072.0,2697.0,88.0,35.0,1,28,0,28
148,15,673.0,3024.0,115.0,454.0,0,7,4,25
148,16,0.0,2890.0,11.0,16.0,0,2,21,23
149,2,418.0,0.0,63.0,66.0,0,14,3,130
149,7,758.0,3217.0,44.0,76.0,1,87,0,97
149,9,0.0,3277.0,17.0,22.0,0,2,49,51
149,11,33.0,19.0,63.0,32.0,0,8,33,41
149,13,340.0,2994.0,429.0,121.0,0,4,33,37
149,14,2072.0,2697.0,88.0,35.0,0,28,1,29
149,15,673.0,3024.0,115.0,454.0,0,7,5,26
149,16,0.0,2890.0,11.0,16.0,0,2,22,24
150,2,418.0,0.0,63.0,66.0,0,14,4,131
150,7,760.0,3220.0,51.0,76.0,1,88,0,98
150,9,0.0,3277.0,17.0,22.0,0,2,50,52
150,11,33.0,19.0,63.0,32.0,0,8,34,42
150,13,340.0,2994.0,429.0,121.0,0,4,34,38
150,14,2083.0,2665.0,77.0,34.0,1,29,0,30
150,15,673.0,3024.0,115.0,454.0,0,7,6,27
150,16,0.0,2890.0,11.0,16.0,0,2,23,25
151,2,418.0,0.0,63.0,66.0,0,14,5,132
151,7,765.0,3221.0,55.0,75.0,1,89,0,99
151,9,0.0,3277.0,17.0,22.0,0,2,51,53
151,11,33.0,19.0,63.0,32.0,0,8,35,43
151,13,340.0,2994.0,429.0,121.0,0,4,35,39
151,14,2083.0,2665.0,77.0,34.0,0,29,1,31
151,15,673.0,3024.0,115.0,454.0,0,7,7,28
151,16,0.0,2890.0,11.0,16.0,0,2,24,26
152,2,418.0,0.0,63.0,66.0,0,14,6,133
152,7,815.0,3253.0,13.0,9.0,1,90,0,100
152,9,0.0,3277.0,17.0,22.0,0,2,52,54
152,11,33.0,19.0,63.0,32.0,0,8,36,44
152,13,340.0,2994.0,429.0,121.0,0,4,36,40
152,14,2083.0,2665.0,77.0,34.0,0,29,2,32
152,15,673.0,3024.0,115.0,454.0,0,7,8,29
152,16,0.0,2890.0,11.0,16.0,0,2,25,27
153,2,418.0,0.0,63.0,66.0,0,14,7,134
153,7,824.0,3250.0,12.0,11.0,1,91,0,101
153,9,0.0,3277.0,17.0,22.0,0,2,53,55
153,11,33.0,19.0,63.0,32.0,0,8,37,45
153,13,340.0,2994.0,429.0,121.0,0,4,37,41
153,14,2083.0,2665.0,77.0,34.0,0,29,3,33
153,15,673.0,3024.0,115.0,454.0,0,7,9,30
153,16,0.0,2890.0,11.0,16.0,0,2,26,28
154,2,418.0,0.0,63.0,66.0,0,14,8,135
154,7,832.0,3247.0,12.0,12.0,1,92,0,102
154,9,0.0,3277.0,17.0,22.0,0,2,54,56
154,11,33.0,19.0,63.0,32.0,0,8,38,46
154,13,340.0,2994.0,429.0,121.0,0,4,38,42
154,14,2083.0,2665.0,77.0,34.0,0,29,4,34
154,15,673.0,3024.0,115.0,454.0,0,7,10,31
154,16,0.0,2890.0,11.0,16.0,0,2,27,29
155,2,418.0,0.0,63.0,66.0,0,14,9,136
155,7,841.0,3248.0,12.0,11.0,1,93,0,103
155,9,0.0,3277.0,17.0,22.0,0,2,55,57
155,11,33.0,19.0,63.0,32.0,0,8,39,47
155,13,340.0,2994.0,429.0,121.0,0,4,39,43
155,14,2083.0,2665.0,77.0,34.0,0,29,5,35
155,15,673.0,3024.0,115.0,454.0,0,7,11,32
155,16,0.0,2890.0,11.0,16.0,0,2,28,30
156,2,418.0,0.0,63.0,66.0,0,14,10,137
156,7,850.0,3249.0,12.0,11.0,1,94,0,104
156,9,0.0,3277.0,17.0,22.0,0,2,56,58
156,11,33.0,19.0,63.0,32.0,0,8,40,48
156,13,340.0,2994.0,429.0,121.0,0,4,40,44
156,14,2083.0,2665.0,77.0,34.0,0,29,6,36
156,15,673.0,3024.0,115.0,454.0,0,7,12,33
156,16,0.0,2890.0,11.0,16.0,0,2,29,31
157,2,418.0,0.0,63.0,66.0,0,14,11,138
157,7,864.0,3255.0,7.0,5.0,1,95,0,105
157,9,0.0,3277.0,17.0,22.0,0,2,57,59
157,11,33.0,19.0,63.0,32.0,0,8,41,49
157,13,340.0,2994.0,429.0,121.0,0,4,41,45
157,14,2083.0,2665.0,77.0,34.0,0,29,7,37
157,15,673.0,3024.0,115.0,454.0,0,7,13,34
157,16,0.0,2890.0,11.0,16.0,0,2,30,32
158,2,418.0,0.0,63.0,66.0,0,14,12,139
158,7,869.0,3256.0,15.0,9.0,1,96,0,106
158,9,0.0,3277.0,17.0,22.0,0,2,58,60
158,11,33.0,19.0,63.0,32.0,0,8,42,50
158,13,340.0,2994.0,429.0,121.0,0,4,42,46
158,14,2083.0,2665.0,77.0,34.0,0,29,8,38
158,15,673.0,3024.0,115.0,454.0,0,7,14,35
158,16,0.0,2890.0,11.0,16.0,0,2,31,33
159,2,418.0,0.0,63.0,66.0,0,14,13,140
159,7,880.0,3256.0,13.0,12.0,1,97,0,107
159,9,0.0,3277.0,17.0,22.0,0,2,59,61
159,11,33.0,19.0,63.0,32.0,0,8,43,51
159,13,340.0,2994.0,429.0,121.0,0,4,43,47
159,14,2157.0,2523.0,3.0,5.0,1,30,0,39
159,15,673.0,3024.0,115.0,454.0,0,7,15,36
159,16,0.0,2890.0,11.0,16.0,0,2,32,34
160,2,418.0,0.0,63.0,66.0,0,14,14,141
160,7,892.0,3255.0,13.0,11.0,1,98,0,108
160,11,33.0,19.0,63.0,32.0,0,8,44,52
160,13,340.0,2994.0,429.0,121.0,0,4,44,48
160,14,2152.0,2506.0,3.0,3.0,1,31,0,40
160,15,673.0,3024.0,115.0,454.0,0,7,16,37
160,16,0.0,2890.0,11.0,16.0,0,2,33,35
161,2,418.0,0.0,63.0,66.0,0,14,15,142
161,7,901.0,3251.0,10.0,10.0,1,99,0,109
161,11,33.0,19.0,63.0,32.0,0,8,45,53
161,13,340.0,2994.0,429.0,121.0,0,4,45,49
161,14,2152.0,2506.0,3.0,3.0,0,31,1,41
161,15,673.0,3024.0,115.0,454.0,0,7,17,38
161,16,0.0,2890.0,11.0,16.0,0,2,34,36
162,2,418.0,0.0,63.0,66.0,0,14,16,143
162,7,907.0,3250.0,13.0,11.0,1,100,0,110
162,11,33.0,19.0,63.0,32.0,0,8,46,54
162,13,340.0,2994.0,429.0,121.0,0,4,46,50
162,14,2152.0,2506.0,3.0,3.0,0,31,2,42
162,15,673.0,3024.0,115.0,454.0,0,7,18,39
162,16,0.0,2890.0,11.0,16.0,0,2,35,37
163,2,418.0,0.0,63.0,66.0,0,14,17,144
163,7,918.0,3251.0,14.0,11.0,1,101,0,111
163,11,33.0,19.0,63.0,32.0,0,8,47,55
163,13,340.0,2994.0,429.0,121.0,0,4,47,51
163,14,2152.0,2506.0,3.0,3.0,0,31,3,43
163,15,673.0,3024.0,115.0,454.0,0,7,19,40
163,16,0.0,2890.0,11.0,16.0,0,2,36,38
164,2,418.0,0.0,63.0,66.0,0,14,18,145
164,7,927.0,3251.0,15.0,12.0,1,102,0,112
164,11,33.0,19.0,63.0,32.0,0,8,48,56
164,13,340.0,2994.0,429.0,121.0,0,4,48,52
164,14,2152.0,2506.0,3.0,3.0,0,31,4,44
164,15,673.0,3024.0,115.0,454.0,0,7,20,41
164,16,0.0,2890.0,11.0,16.0,0,2,37,39
165,2,418.0,0.0,63.0,66.0,0,14,19,146
165,7,939.0,3255.0,12.0,8.0,1,103,0,113
165,11,33.0,19.0,63.0,32.0,0,8,49,57
165,13,340.0,2994.0,429.0,121.0,0,4,49,53
165,14,2152.0,2506.0,3.0,3.0,0,31,5,45
165,15,673.0,3024.0,115.0,454.0,0,7,21,42
165,16,0.0,2890.0,11.0,16.0,0,2,38,40
166,2,418.0,0.0,63.0,66.0,0,14,20,147
166,7,948.0,3257.0,12.0,7.0,1,104,0,114
166,11,33.0,19.0,63.0,32.0,0,8,50,58
166,13,340.0,2994.0,429.0,121.0,0,4,50,54
166,14,2152.0,2506.0,3.0,3.0,0,31,6,46
166,15,673.0,3024.0,115.0,454.0,0,7,22,43
166,16,0.0,2890.0,11.0,16.0,0,2,39,41
167,2,418.0,0.0,63.0,66.0,0,14,21,148
167,7,958.0,3257.0,12.0,10.0,1,105,0,115
167,11,33.0,19.0,63.0,32.0,0,8,51,59
167,13,340.0,2994.0,429.0,121.0,0,4,51,55
167,14,2152.0,2506.0,3.0,3.0,0,31,7,47
167,15,673.0,3024.0,115.0,454.0,0,7,23,44
167,16,0.0,2890.0,11.0,16.0,0,2,40,42
168,2,418.0,0.0,63.0,66.0,0,14,22,149
168,7,967.0,3256.0,12.0,9.0,1,106,0,116
168,11,33.0,19.0,63.0,32.0,0,8,52,60
168,13,340.0,2994.0,429.0,121.0,0,4,52,56
168,14,2152.0,2506.0,3.0,3.0,0,31,8,48
168,15,673.0,3024.0,115.0,454.0,0,7,24,45
168,16,0.0,2890.0,11.0,16.0,0,2,41,43
169,2,418.0,0.0,63.0,66.0,0,14,23,150
169,7,979.0,3254.0,8.0,7.0,1,107,0,117
169,11,33.0,19.0,63.0,32.0,0,8,53,61
169,13,340.0,2994.0,429.0,121.0,0,4,53,57
169,14,2152.0,2506.0,3.0,3.0,0,31,9,49
169,15,673.0,3024.0,115.0,454.0,0,7,25,46
169,16,0.0,2890.0,11.0,16.0,0,2,42,44
170,2,418.0,0.0,63.0,66.0,0,14,24,151
170,7,986.0,3250.0,13.0,11.0,1,108,0,118
170,11,33.0,19.0,63.0,32.0,0,8,54,62
170,13,340.0,2994.0,429.0,121.0,0,4,54,58
170,14,2152.0,2506.0,3.0,3.0,0,31,10,50
170,15,673.0,3024.0,115.0,454.0,0,7,26,47
170,16,0.0,2890.0,11.0,16.0,0,2,43,45
171,2,418.0,0.0,63.0,66.0,0,14,25,152
171,7,996.0,3250.0,12.0,11.0,1,109,0,119
171,11,33.0,19.0,63.0,32.0,0,8,55,63
171,13,340.0,2994.0,429.0,121.0,0,4,55,59
171,14,2152.0,2506.0,3.0,3.0,0,31,11,51
171,15,673.0,3024.0,115.0,454.0,0,7,27,48
171,16,0.0,2890.0,11.0,16.0,0,2,44,46
172,2,418.0,0.0,63.0,66.0,0,14,26,153
172,7,1009.0,3254.0,11.0,6.0,1,110,0,120
172,11,33.0,19.0,63.0,32.0,0,8,56,64
172,13,340.0,2994.0,429.0,121.0,0,4,56,60
172,14,2152.0,2506.0,3.0,3.0,0,31,12,52
172,15,673.0,3024.0,115.0,454.0,0,7,28,49
172,16,0.0,2890.0,11.0,16.0,0,2,45,47
173,2,418.0,0.0,63.0,66.0,0,14,27,154
173,7,1019.0,3255.0,11.0,6.0,1,111,0,121
173,11,33.0,19.0,63.0,32.0,0,8,57,65
173,13,340.0,2994.0,429.0,121.0,0,4,57,61
173,14,2152.0,2506.0,3.0,3.0,0,31,13,53
173,15,673.0,3024.0,115.0,454.0,0,7,29,50
173,16,0.0,2890.0,11.0,16.0,0,2,46,48
174,2,418.0,0.0,63.0,66.0,0,14,28,155
174,7,1027.0,3254.0,14.0,8.0,1,112,0,122
174,11,33.0,19.0,63.0,32.0,0,8,58,66
174,13,340.0,2994.0,429.0,121.0,0,4,58,62
174,14,2152.0,2506.0,3.0,3.0,0,31,14,54
174,15,673.0,3024.0,115.0,454.0,0,7,30,51
174,16,0.0,2890.0,11.0,16.0,0,2,47,49
175,2,418.0,0.0,63.0,66.0,0,14,29,156
175,7,1036.0,3254.0,14.0,10.0,1,113,0,123
175,11,33.0,19.0,63.0,32.0,0,8,59,67
175,13,340.0,2994.0,429.0,121.0,0,4,59,63
175,14,2152.0,2506.0,3.0,3.0,0,31,15,55
175,15,673.0,3024.0,115.0,454.0,0,7,31,52
175,16,0.0,2890.0,11.0,16.0,0,2,48,50
176,2,418.0,0.0,63.0,66.0,0,14,30,157
176,7,1046.0,3253.0,12.0,8.0,1,114,0,124
176,14,2152.0,2506.0,3.0,3.0,0,31,16,56
176,15,673.0,3024.0,115.0,454.0,0,7,32,53
176,16,0.0,2890.0,11.0,16.0,0,2,49,51
177,2,418.0,0.0,63.0,66.0,0,14,31,158
177,7,1055.0,3249.0,12.0,8.0,1,115,0,125
177,14,2152.0,2506.0,3.0,3.0,0,31,17,57
177,15,673.0,3024.0,115.0,454.0,0,7,33,54
177,16,0.0,2890.0,11.0,16.0,0,2,50,52
178,2,418.0,0.0,63.0,66.0,0,14,32,159
178,7,1063.0,3215.0,32.0,41.0,1,116,0,126
178,14,2152.0,2506.0,3.0,3.0,0,31,18,58
178,15,673.0,3024.0,115.0,454.0,0,7,34,55
178,16,0.0,2890.0,11.0,16.0,0,2,51,53
179,2,418.0,0.0,63.0,66.0,0,14,33,160
179,7,1063.0,3215.0,32.0,41.0,0,116,1,127
179,14,2152.0,2506.0,3.0,3.0,0,31,19,59
179,15,673.0,3024.0,115.0,454.0,0,7,35,56
179,16,0.0,2890.0,11.0,16.0,0,2,52,54
180,2,418.0,0.0,63.0,66.0,0,14,34,161
180,7,1063.0,3215.0,32.0,41.0,0,116,2,128
180,14,2152.0,2506.0,3.0,3.0,0,31,20,60
180,15,673.0,3024.0,115.0,454.0,0,7,36,57
180,16,0.0,2890.0,11.0,16.0,0,2,53,55
181,2,418.0,0.0,63.0,66.0,0,14,35,162
181,7,1063.0,3215.0,32.0,41.0,0,116,3,129
181,14,2152.0,2506.0,3.0,3.0,0,31,21,61
181,15,673.0,3024.0,115.0,454.0,0,7,37,58
181,16,0.0,2890.0,11.0,16.0,0,2,54,56
182,2,418.0,0.0,63.0,66.0,0,14,36,163
182,7,1065.0,3248.0,56.0,17.0,1,117,0,130
182,14,2152.0,2506.0,3.0,3.0,0,31,22,62
182,15,673.0,3024.0,115.0,454.0,0,7,38,59
182,16,0.0,2890.0,11.0,16.0,0,2,55,57
182,18,703.0,2620.0,99.0,435.0,1,2,0,2
183,2,418.0,0.0,63.0,66.0,0,14,37,164
183,7,1058.0,3247.0,64.0,23.0,1,118,0,131
183,14,2152.0,2506.0,3.0,3.0,0,31,23,63
183,15,673.0,3024.0,115.0,454.0,0,7,39,60
183,16,0.0,2890.0,11.0,16.0,0,2,56,58
183,18,703.0,2620.0,99.0,435.0,0,2,1,3
184,2,418.0,0.0,63.0,66.0,0,14,38,165
184,7,1127.0,3244.0,9.0,11.0,1,119,0,132
184,14,2152.0,2506.0,3.0,3.0,0,31,24,64
184,15,673.0,3024.0,115.0,454.0,0,7,40,61
184,16,0.0,2890.0,11.0,16.0,0,2,57,59
184,18,703.0,2620.0,99.0,435.0,0,2,2,4
185,2,418.0,0.0,63.0,66.0,0,14,39,166
185,7,1136.0,3240.0,10.0,9.0,1,120,0,133
185,14,2152.0,2506.0,3.0,3.0,0,31,25,65
185,15,673.0,3024.0,115.0,454.0,0,7,41,62
185,16,0.0,2890.0,11.0,16.0,0,2,58,60
185,18,706.0,2624.0,108.0,431.0,1,3,0,5
186,2,418.0,0.0,63.0,66.0,0,14,40,167
186,7,1144.0,3237.0,12.0,10.0,1,121,0,134
186,14,2152.0,2506.0,3.0,3.0,0,31,26,66
186,15,673.0,3024.0,115.0,454.0,0,7,42,63
186,16,0.0,2890.0,11.0,16.0,0,2,59,61
186,18,706.0,2624.0,108.0,431.0,0,3,1,6
186,19,0.0,3277.0,18.0,18.0,1,2,0,2
187,2,418.0,0.0,63.0,66.0,0,14,41,168
187,7,1153.0,3235.0,13.0,12.0,1,122,0,135
187,14,2152.0,2506.0,3.0,3.0,0,31,27,67
187,15,673.0,3024.0,115.0,454.0,0,7,43,64
187,18,706.0,2624.0,108.0,431.0,0,3,2,7
187,19,0.0,3277.0,18.0,18.0,0,2,1,3
188,2,418.0,0.0,63.0,66.0,0,14,42,169
188,7,1164.0,3236.0,11.0,10.0,1,123,0,136
188,14,2152.0,2506.0,3.0,3.0,0,31,28,68
188,15,673.0,3024.0,115.0,454.0,0,7,44,65
188,18,707.0,2628.0,137.0,433.0,1,4,0,8
188,19,0.0,3277.0,18.0,18.0,0,2,2,4
189,2,418.0,0.0,63.0,66.0,0,14,43,170
189,7,1176.0,3240.0,12.0,7.0,1,124,0,137
189,14,2152.0,2506.0,3.0,3.0,0,31,29,69
189,15,673.0,3024.0,115.0,454.0,0,7,45,66
189,18,706.0,2630.0,148.0,426.0,1,5,0,9
189,19,0.0,3277.0,18.0,18.0,0,2,3,5
190,2,418.0,0.0,63.0,66.0,0,14,44,171
190,7,1185.0,3238.0,12.0,10.0,1,125,0,138
190,14,2152.0,2506.0,3.0,3.0,0,31,30,70
190,15,673.0,3024.0,115.0,454.0,0,7,46,67
190,18,706.0,2630.0,148.0,426.0,0,5,1,10
190,19,0.0,3277.0,18.0,18.0,0,2,4,6
191,2,418.0,0.0,63.0,66.0,0,14,45,172
191,7,1195.0,3238.0,11.0,10.0,1,126,0,139
191,14,2152.0,2506.0,3.0,3.0,0,31,31,71
191,15,673.0,3024.0,115.0,454.0,0,7,47,68
191,18,706.0,2630.0,148.0,426.0,0,5,2,11
191,19,0.0,3277.0,18.0,18.0,0,2,5,7
191,20,346.0,2997.0,434.0,180.0,1,2,0,2
192,2,418.0,0.0,63.0,66.0,0,14,46,173
192,7,1205.0,3236.0,12.0,10.0,1,127,0,140
192,14,2152.0,2506.0,3.0,3.0,0,31,32,72
192,15,673.0,3024.0,115.0,454.0,0,7,48,69
192,18,706.0,2630.0,148.0,426.0,0,5,3,12
192,19,0.0,3277.0,18.0,18.0,0,2,6,8
192,20,346.0,2997.0,434.0,180.0,0,2,1,3
192,21,2134.0,3179.0,26.0,19.0,1,2,0,2
193,2,418.0,0.0,63.0,66.0,0,14,47,174
193,7,1216.0,3233.0,7.0,7.0,1,128,0,141
193,14,2152.0,2506.0,3.0,3.0,0,31,33,73
193,15,673.0,3024.0,115.0,454.0,0,7,49,70
193,18,706.0,2630.0,148.0,426.0,0,5,4,13
193,19,0.0,3277.0,18.0,18.0,0,2,7,9
193,20,346.0,2997.0,434.0,180.0,0,2,2,4
193,21,2124.0,3158.0,36.0,29.0,1,3,0,3
194,2,418.0,0.0,63.0,66.0,0,14,48,175
194,7,1223.0,3229.0,9.0,10.0,1,129,0,142
194,14,2152.0,2506.0,3.0,3.0,0,31,34,74
194,15,673.0,3024.0,115.0,454.0,0,7,50,71
194,18,706.0,2630.0,148.0,426.0,0,5,5,14
194,19,0.0,3277.0,18.0,18.0,0,2,8,10
194,20,342.0,2995.0,434.0,151.0,1,3,0,5
194,21,2116.0,3143.0,40.0,25.0,1,4,0,4
195,2,418.0,0.0,63.0,66.0,0,14,49,176
195,7,1232.0,3227.0,13.0,14.0,1,130,0,143
195,14,2152.0,2506.0,3.0,3.0,0,31,35,75
195,15,673.0,3024.0,115.0,454.0,0,7,51,72
195,18,706.0,2630.0,148.0,426.0,0,5,6,15
195,19,0.0,3277.0,18.0,18.0,0,2,9,11
195,20,342.0,2995.0,434.0,151.0,0,3,1,6
195,21,2116.0,3143.0,40.0,25.0,0,4,1,5
196,2,418.0,0.0,63.0,66.0,0,14,50,177
196,7,1243.0,3228.0,13.0,13.0,1,131,0,144
196,14,2152.0,2506.0,3.0,3.0,0,31,36,76
196,15,673.0,3024.0,115.0,454.0,0,7,52,73
196,18,706.0,2630.0,148.0,426.0,0,5,7,16
196,19,0.0,3277.0,18.0,18.0,0,2,10,12
196,20,342.0,2995.0,434.0,151.0,0,3,2,7
196,21,2116.0,3143.0,40.0,25.0,0,4,2,6
197,2,418.0,0.0,63.0,66.0,0,14,51,178
197,7,1255.0,3231.0,7.0,8.0,1,132,0,145
197,14,2152.0,2506.0,3.0,3.0,0,31,37,77
197,15,673.0,3024.0,115.0,454.0,0,7,53,74
197,18,706.0,2630.0,148.0,426.0,0,5,8,17
197,19,0.0,3277.0,18.0,18.0,0,2,11,13
197,20,339.0,2995.0,439.0,120.0,1,4,0,8
197,21,2116.0,3143.0,40.0,25.0,0,4,3,7
198,2,418.0,0.0,63.0,66.0,0,14,52,179
198,7,1264.0,3232.0,11.0,7.0,1,133,0,146
198,14,2152.0,2506.0,3.0,3.0,0,31,38,78
198,15,673.0,3024.0,115.0,454.0,0,7,54,75
198,18,706.0,2630.0,148.0,426.0,0,5,9,18
198,19,0.0,3277.0,18.0,18.0,0,2,12,14
198,20,339.0,2995.0,439.0,120.0,0,4,1,9
198,21,2116.0,3143.0,40.0,25.0,0,4,4,8
199,2,418.0,0.0,63.0,66.0,0,14,53,180
199,7,1274.0,3231.0,11.0,9.0,1,134,0,147
199,14,2152.0,2506.0,3.0,3.0,0,31,39,79
199,15,673.0,3024.0,115.0,454.0,0,7,55,76
199,18,706.0,2630.0,148.0,426.0,0,5,10,19
199,19,0.0,3277.0,18.0,18.0,0,2,13,15
199,20,339.0,2995.0,439.0,120.0,0,4,2,10
199,21,2116.0,3143.0,40.0,25.0,0,4,5,9
200,2,418.0,0.0,63.0,66.0,0,14,54,181
200,7,1283.0,3231.0,11.0,8.0,1,135,0,148
200,14,2152.0,2506.0,3.0,3.0,0,31,40,80
200,15,673.0,3024.0,115.0,454.0,0,7,56,77
200,18,706.0,2630.0,148.0,426.0,0,5,11,20
200,19,0.0,3277.0,18.0,18.0,0,2,14,16
200,20,339.0,2995.0,439.0,120.0,0,4,3,11
200,21,2076.0,3036.0,84.0,37.0,1,5,0,10
201,2,418.0,0.0,63.0,66.0,0,14,55,182
201,7,1295.0,3228.0,9.0,7.0,1,136,0,149
201,14,2152.0,2506.0,3.0,3.0,0,31,41,81
201,15,673.0,3024.0,115.0,454.0,0,7,57,78
201,18,706.0,2630.0,148.0,426.0,0,5,12,21
201,19,0.0,3277.0,18.0,18.0,0,2,15,17
201,20,339.0,2995.0,439.0,120.0,0,4,4,12
201,21,2071.0,3018.0,89.0,36.0,1,6,0,11
202,2,418.0,0.0,63.0,66.0,0,14,56,183
202,7,1303.0,3224.0,9.0,10.0,1,137,0,150
202,14,2152.0,2506.0,3.0,3.0,0,31,42,82
202,15,673.0,3024.0,115.0,454.0,0,7,58,79
202,18,706.0,2630.0,148.0,426.0,0,5,13,22
202,19,0.0,3277.0,18.0,18.0,0,2,16,18
202,20,339.0,2995.0,439.0,120.0,0,4,5,13
202,21,2067.0,3005.0,93.0,32.0,1,7,0,12
203,2,418.0,0.0,63.0,66.0,0,14,57,184
203,7,1310.0,3221.0,13.0,11.0,1,138,0,151
203,14,2152.0,2506.0,3.0,3.0,0,31,43,83
203,15,673.0,3024.0,115.0,454.0,0,7,59,80
203,18,706.0,2630.0,148.0,426.0,0,5,14,23
203,19,0.0,3277.0,18.0,18.0,0,2,17,19
203,20,339.0,2995.0,439.0,120.0,0,4,6,14
203,21,2063.0,2988.0,97.0,32.0,1,8,0,13
204,2,418.0,0.0,63.0,66.0,0,14,58,185
204,7,1320.0,3221.0,13.0,11.0,1,139,0,152
204,14,2152.0,2506.0,3.0,3.0,0,31,44,84
204,18,706.0,2630.0,148.0,426.0,0,5,15,24
204,19,0.0,3277.0,18.0,18.0,0,2,18,20
204,20,339.0,2995.0,439.0,120.0,0,4,7,15
204,21,2059.0,2973.0,101.0,29.0,1,9,0,14
205,2,418.0,0.0,63.0,66.0,0,14,59,186
205,7,1330.0,3222.0,12.0,10.0,1,140,0,153
205,14,2152.0,2506.0,3.0,3.0,0,31,45,85
205,18,706.0,2630.0,148.0,426.0,0,5,16,25
205,19,0.0,3277.0,18.0,18.0,0,2,19,21
205,20,727.0,3037.0,160.0,414.0,1,5,0,16
205,21,2056.0,2959.0,104.0,26.0,1,10,0,15
206,7,1343.0,3223.0,10.0,9.0,1,141,0,154
206,14,2152.0,2506.0,3.0,3.0,0,31,46,86
206,18,706.0,2630.0,148.0,426.0,0,5,17,26
206,19,0.0,3277.0,18.0,18.0,0,2,20,22
206,20,727.0,3037.0,160.0,414.0,0,5,1,17
206,21,2053.0,2944.0,107.0,25.0,1,11,0,16
207,7,1352.0,3224.0,12.0,12.0,1,142,0,155
207,14,2152.0,2506.0,3.0,3.0,0,31,47,87
207,18,706.0,2630.0,148.0,426.0,0,5,18,27
207,19,0.0,3277.0,18.0,18.0,0,2,21,23
207,20,727.0,3037.0,160.0,414.0,0,5,2,18
207,21,2050.0,2928.0,110.0,26.0,1,12,0,17
208,7,1363.0,3225.0,9.0,11.0,1,143,0,156
208,14,2152.0,2506.0,3.0,3.0,0,31,48,88
208,18,706.0,2630.0,148.0,426.0,0,5,19,28
208,19,0.0,3277.0,18.0,18.0,0,2,22,24
208,20,727.0,3037.0,160.0,414.0,0,5,3,19
208,21,2047.0,2910.0,113.0,23.0,1,13,0,18
209,7,1373.0,3224.0,9.0,8.0,1,144,0,157
209,14,2152.0,2506.0,3.0,3.0,0,31,49,89
209,18,706.0,2630.0,148.0,426.0,0,5,20,29
209,19,0.0,3277.0,18.0,18.0,0,2,23,25
209,20,727.0,3037.0,160.0,414.0,0,5,4,20
209,21,2048.0,2899.0,112.0,20.0,1,14,0,19
210,7,1379.0,3220.0,11.0,9.0,1,145,0,158
210,14,2152.0,2506.0,3.0,3.0,0,31,50,90
210,18,706.0,2630.0,148.0,426.0,0,5,21,30
210,19,0.0,3277.0,18.0,18.0,0,2,24,26
210,20,727.0,3037.0,160.0,414.0,0,5,5,21
210,21,2048.0,2887.0,55.0,17.0,1,15,0,20
211,7,1392.0,3219.0,8.0,9.0,1,146,0,159
211,14,2152.0,2506.0,3.0,3.0,0,31,51,91
211,18,706.0,2630.0,148.0,426.0,0,5,22,31
211,19,0.0,3277.0,18.0,18.0,0,2,25,27
211,20,727.0,3037.0,160.0,414.0,0,5,6,22
211,21,2047.0,2869.0,113.0,19.0,1,16,0,21
212,7,1399.0,3216.0,11.0,12.0,1,147,0,160
212,14,2152.0,2506.0,3.0,3.0,0,31,52,92
212,18,706.0,2630.0,148.0,426.0,0,5,23,32
212,19,0.0,3277.0,18.0,18.0,0,2,26,28
212,20,727.0,3037.0,160.0,414.0,0,5,7,23
212,21,2049.0,2850.0,111.0,22.0,1,17,0,22
213,7,1412.0,3218.0,11.0,10.0,1,148,0,161
213,14,2152.0,2506.0,3.0,3.0,0,31,53,93
213,18,706.0,2630.0,148.0,426.0,0,5,24,33
213,19,0.0,3277.0,18.0,18.0,0,2,27,29
213,20,727.0,3037.0,160.0,414.0,0,5,8,24
213,21,2050.0,2834.0,110.0,23.0,1,18,0,23
214,7,1423.0,3221.0,9.0,8.0,1,149,0,162
214,14,2152.0,2506.0,3.0,3.0,0,31,54,94
214,18,706.0,2630.0,148.0,426.0,0,5,25,34
214,19,0.0,3277.0,18.0,18.0,0,2,28,30
214,20,727.0,3037.0,160.0,414.0,0,5,9,25
214,21,2050.0,2815.0,110.0,22.0,1,19,0,24
215,7,1433.0,3223.0,11.0,9.0,1,150,0,163
215,14,2152.0,2506.0,3.0,3.0,0,31,55,95
215,18,706.0,2630.0,148.0,426.0,0,5,26,35
215,19,0.0,3277.0,18.0,18.0,0,2,29,31
215,20,727.0,3037.0,160.0,414.0,0,5,10,26
215,21,2052.0,2802.0,108.0,23.0,1,20,0,25
216,7,1441.0,3222.0,10.0,10.0,1,151,0,164
216,14,2152.0,2506.0,3.0,3.0,0,31,56,96
216,18,706.0,2630.0,148.0,426.0,0,5,27,36
216,19,0.0,3277.0,18.0,18.0,0,2,30,32
216,20,727.0,3037.0,160.0,414.0,0,5,11,27
216,21,2055.0,2783.0,105.0,24.0,1,21,0,26
217,7,1450.0,3221.0,10.0,11.0,1,152,0,165
217,14,2152.0,2506.0,3.0,3.0,0,31,57,97
217,18,706.0,2630.0,148.0,426.0,0,5,28,37
217,19,0.0,3277.0,18.0,18.0,0,2,31,33
217,20,727.0,3037.0,160.0,414.0,0,5,12,28
217,21,2058.0,2766.0,102.0,27.0,1,22,0,27
218,7,1461.0,3221.0,9.0,7.0,1,153,0,166
218,14,2152.0,2506.0,3.0,3.0,0,31,58,98
218,18,706.0,2630.0,148.0,426.0,0,5,29,38
218,19,0.0,3277.0,18.0,18.0,0,2,32,34
218,20,727.0,3037.0,160.0,414.0,0,5,13,29
218,21,2062.0,2751.0,98.0,27.0,1,23,0,28
219,7,1472.0,3215.0,7.0,11.0,1,154,0,167
219,14,2152.0,2506.0,3.0,3.0,0,31,59,99
219,18,706.0,2630.0,148.0,426.0,0,5,30,39
219,19,0.0,3277.0,18.0,18.0,0,2,33,35
219,20,727.0,3037.0,160.0,414.0,0,5,14,30
219,21,2065.0,2730.0,95.0,32.0,1,24,0,29
220,7,1480.0,3215.0,8.0,11.0,1,155,0,168
220,18,706.0,2630.0,148.0,426.0,0,5,31,40
220,19,0.0,3277.0,18.0,18.0,0,2,34,36
220,20,727.0,3037.0,160.0,414.0,0,5,15,31
220,21,2069.0,2714.0,91.0,33.0,1,25,0,30
221,7,1489.0,3215.0,10.0,11.0,1,156,0,169
221,18,706.0,2630.0,148.0,426.0,0,5,32,41
221,19,0.0,3277.0,18.0,18.0,0,2,35,37
221,20,727.0,3037.0,160.0,414.0,0,5,16,32
221,21,2075.0,2698.0,85.0,33.0,1,26,0,31
222,7,1498.0,3219.0,11.0,8.0,1,157,0,170
222,18,706.0,2630.0,148.0,426.0,0,5,33,42
222,19,0.0,3277.0,18.0,18.0,0,2,36,38
222,20,727.0,3037.0,160.0,414.0,0,5,17,33
222,21,2079.0,2680.0,81.0,35.0,1,27,0,32
223,7,1511.0,3222.0,7.0,4.0,1,158,0,171
223,18,706.0,2630.0,148.0,426.0,0,5,34,43
223,19,0.0,3277.0,18.0,18.0,0,2,37,39
223,20,727.0,3037.0,160.0,414.0,0,5,18,34
223,21,2079.0,2680.0,81.0,35.0,0,27,1,33
224,7,1521.0,3222.0,8.0,6.0,1,159,0,172
224,18,706.0,2630.0,148.0,426.0,0,5,35,44
224,19,0.0,3277.0,18.0,18.0,0,2,38,40
224,20,727.0,3037.0,160.0,414.0,0,5,19,35
224,21,2079.0,2680.0,81.0,35.0,0,27,2,34
225,7,1531.0,3223.0,8.0,9.0,1,160,0,173
225,18,706.0,2630.0,148.0,426.0,0,5,36,45
225,19,0.0,3277.0,18.0,18.0,0,2,39,41
225,20,727.0,3037.0,160.0,414.0,0,5,20,36
225,21,2079.0,2680.0,81.0,35.0,0,27,3,35
226,7,1540.0,3222.0,7.0,8.0,1,161,0,174
226,18,706.0,2630.0,148.0,426.0,0,5,37,46
226,19,0.0,3277.0,18.0,18.0,0,2,40,42
226,20,727.0,3037.0,160.0,414.0,0,5,21,37
226,21,2079.0,2680.0,81.0,35.0,0,27,4,36
227,7,1551.0,3221.0,7.0,6.0,1,162,0,175
227,18,706.0,2630.0,148.0,426.0,0,5,38,47
227,19,0.0,3277.0,18.0,18.0,0,2,41,43
227,20,727.0,3037.0,160.0,414.0,0,5,22,38
227,21,2079.0,2680.0,81.0,35.0,0,27,5,37
228,7,1560.0,3219.0,7.0,8.0,1,163,0,176
228,18,706.0,2630.0,148.0,426.0,0,5,39,48
228,19,0.0,3277.0,18.0,18.0,0,2,42,44
228,20,727.0,3037.0,160.0,414.0,0,5,23,39
228,21,2079.0,2680.0,81.0,35.0,0,27,6,38
229,7,1570.0,3218.0,7.0,10.0,1,164,0,177
229,18,706.0,2630.0,148.0,426.0,0,5,40,49
229,19,0.0,3277.0,18.0,18.0,0,2,43,45
229,20,727.0,3037.0,160.0,414.0,0,5,24,40
229,21,2079.0,2680.0,81.0,35.0,0,27,7,39
230,7,1580.0,3218.0,9.0,10.0,1,165,0,178
230,18,706.0,2630.0,148.0,426.0,0,5,41,50
230,19,0.0,3277.0,18.0,18.0,0,2,44,46
230,20,727.0,3037.0,160.0,414.0,0,5,25,41
230,21,2079.0,2680.0,81.0,35.0,0,27,8,40
231,7,1590.0,3223.0,7.0,6.0,1,166,0,179
231,18,706.0,2630.0,148.0,426.0,0,5,42,51
231,19,0.0,3277.0,18.0,18.0,0,2,45,47
231,20,727.0,3037.0,160.0,414.0,0,5,26,42
231,21,2079.0,2680.0,81.0,35.0,0,27,9,41
232,7,1598.0,3224.0,10.0,8.0,1,167,0,180
232,18,706.0,2630.0,148.0,426.0,0,5,43,52
232,19,0.0,3277.0,18.0,18.0,0,2,46,48
232,20,727.0,3037.0,160.0,414.0,0,5,27,43
232,21,2079.0,2680.0,81.0,35.0,0,27,10,42
233,7,1610.0,3225.0,7.0,10.0,1,168,0,181
233,18,706.0,2630.0,148.0,426.0,0,5,44,53
233,19,0.0,3277.0,18.0,18.0,0,2,47,49
233,20,727.0,3037.0,160.0,414.0,0,5,28,44
233,21,2079.0,2680.0,81.0,35.0,0,27,11,43
233,26,353.0,19.0,61.0,34.0,1,2,0,2
234,7,1619.0,3225.0,9.0,10.0,1,169,0,182
234,18,706.0,2630.0,148.0,426.0,0,5,45,54
234,19,0.0,3277.0,18.0,18.0,0,2,48,50
234,20,727.0,3037.0,160.0,414.0,0,5,29,45
234,21,2079.0,2680.0,81.0,35.0,0,27,12,44
234,26,353.0,19.0,61.0,34.0,0,2,1,3
235,7,1629.0,3224.0,8.0,8.0,1,170,0,183
235,18,706.0,2630.0,148.0,426.0,0,5,46,55
235,19,0.0,3277.0,18.0,18.0,0,2,49,51
235,20,727.0,3037.0,160.0,414.0,0,5,30,46
235,21,2079.0,2680.0,81.0,35.0,0,27,13,45
235,26,353.0,19.0,61.0,34.0,0,2,2,4
236,7,1639.0,3221.0,7.0,12.0,1,171,0,184
236,18,706.0,2630.0,148.0,426.0,0,5,47,56
236,19,0.0,3277.0,18.0,18.0,0,2,50,52
236,20,727.0,3037.0,160.0,414.0,0,5,31,47
236,21,2079.0,2680.0,81.0,35.0,0,27,14,46
236,26,353.0,19.0,61.0,34.0,0,2,3,5
237,7,1649.0,3219.0,7.0,11.0,1,172,0,185
237,18,706.0,2630.0,148.0,426.0,0,5,48,57
237,19,0.0,3277.0,18.0,18.0,0,2,51,53
237,20,727.0,3037.0,160.0,414.0,0,5,32,48
237,21,2079.0,2680.0,81.0,35.0,0,27,15,47
237,26,353.0,19.0,61.0,34.0,0,2,4,6
238,7,1659.0,3219.0,8.0,12.0,1,173,0,186
238,18,706.0,2630.0,148.0,426.0,0,5,49,58
238,19,0.0,3277.0,18.0,18.0,0,2,52,54
238,20,727.0,3037.0,160.0,414.0,0,5,33,49
238,21,2079.0,2680.0,81.0,35.0,0,27,16,48
238,26,353.0,19.0,61.0,34.0,0,2,5,7
239,7,1667.0,3224.0,10.0,8.0,1,174,0,187
239,18,706.0,2630.0,148.0,426.0,0,5,50,59
239,19,0.0,3277.0,18.0,18.0,0,2,53,55
239,20,727.0,3037.0,160.0,414.0,0,5,34,50
239,21,2079.0,2680.0,81.0,35.0,0,27,17,49
239,26,353.0,19.0,61.0,34.0,0,2,6,8
240,7,1678.0,3226.0,8.0,9.0,1,175,0,188
240,18,706.0,2630.0,148.0,426.0,0,5,51,60
240,19,0.0,3277.0,18.0,18.0,0,2,54,56
240,20,727.0,3037.0,160.0,414.0,0,5,35,51
240,21,2079.0,2680.0,81.0,35.0,0,27,18,50
240,26,353.0,19.0,61.0,34.0,0,2,7,9
241,7,1688.0,3227.0,9.0,11.0,1,176,0,189
241,18,706.0,2630.0,148.0,426.0,0,5,52,61
241,19,0.0,3277.0,18.0,18.0,0,2,55,57
241,20,727.0,3037.0,160.0,414.0,0,5,36,52
241,21,2079.0,2680.0,81.0,35.0,0,27,19,51
241,26,353.0,19.0,61.0,34.0,0,2,8,10
242,7,1695.0,3227.0,13.0,10.0,1,177,0,190
242,18,706.0,2630.0,148.0,426.0,0,5,53,62
242,19,0.0,3277.0,18.0,18.0,0,2,56,58
242,20,727.0,3037.0,160.0,414.0,0,5,37,53
242,21,2079.0,2680.0,81.0,35.0,0,27,20,52
242,26,353.0,19.0,61.0,34.0,0,2,9,11
243,7,1707.0,3226.0,9.0,7.0,1,178,0,191
243,18,706.0,2630.0,148.0,426.0,0,5,54,63
243,19,0.0,3277.0,18.0,18.0,0,2,57,59
243,20,727.0,3037.0,160.0,414.0,0,5,38,54
243,21,2079.0,2680.0,81.0,35.0,0,27,21,53
243,26,353.0,19.0,61.0,34.0,0,2,10,12
244,7,1718.0,3226.0,7.0,6.0,1,179,0,192
244,18,706.0,2630.0,148.0,426.0,0,5,55,64
244,19,0.0,3277.0,18.0,18.0,0,2,58,60
244,20,727.0,3037.0,160.0,414.0,0,5,39,55
244,21,2079.0,2680.0,81.0,35.0,0,27,22,54
244,26,353.0,19.0,61.0,34.0,0,2,11,13
245,7,1728.0,3222.0,7.0,10.0,1,180,0,193
245,18,706.0,2630.0,148.0,426.0,0,5,56,65
245,19,0.0,3277.0,18.0,18.0,0,2,59,61
245,20,727.0,3037.0,160.0,414.0,0,5,40,56
245,21,2079.0,2680.0,81.0,35.0,0,27,23,55
245,26,417.0,0.0,64.0,66.0,1,3,0,14
246,7,1738.0,3223.0,8.0,10.0,1,181,0,194
246,18,706.0,2630.0,148.0,426.0,0,5,57,66
246,20,727.0,3037.0,160.0,414.0,0,5,41,57
246,21,2079.0,2680.0,81.0,35.0,0,27,24,56
246,26,424.0,0.0,57.0,56.0,1,4,0,15
247,7,1748.0,3224.0,8.0,11.0,1,182,0,195
247,18,706.0,2630.0,148.0,426.0,0,5,58,67
247,20,727.0,3037.0,160.0,414.0,0,5,42,58
247,21,2079.0,2680.0,81.0,35.0,0,27,25,57
247,26,424.0,0.0,57.0,56.0,0,4,1,16
248,7,1756.0,3227.0,9.0,11.0,1,183,0,196
248,18,706.0,2630.0,148.0,426.0,0,5,59,68
248,20,727.0,3037.0,160.0,414.0,0,5,43,59
248,21,2079.0,2680.0,81.0,35.0,0,27,26,58
248,26,424.0,0.0,57.0,56.0,0,4,2,17
249,7,1767.0,3228.0,10.0,10.0,1,184,0,197
249,20,727.0,3037.0,160.0,414.0,0,5,44,60
249,21,2079.0,2680.0,81.0,35.0,0,27,27,59
249,26,424.0,0.0,57.0,56.0,0,4,3,18
250,7,1776.0,3229.0,9.0,10.0,1,185,0,198
250,20,727.0,3037.0,160.0,414.0,0,5,45,61
250,21,2079.0,2680.0,81.0,35.0,0,27,28,60
250,26,424.0,0.0,57.0,56.0,0,4,4,19
251,7,1785.0,3229.0,9.0,9.0,1,186,0,199
251,20,727.0,3037.0,160.0,414.0,0,5,46,62
251,21,2079.0,2680.0,81.0,35.0,0,27,29,61
251,26,424.0,0.0,57.0,56.0,0,4,5,20
252,7,1796.0,3227.0,7.0,10.0,1,187,0,200
252,20,727.0,3037.0,160.0,414.0,0,5,47,63
252,21,2079.0,2680.0,81.0,35.0,0,27,30,62
252,26,424.0,0.0,57.0,56.0,0,4,6,21
253,7,1803.0,3223.0,12.0,14.0,1,188,0,201
253,20,727.0,3037.0,160.0,414.0,0,5,48,64
253,21,2079.0,2680.0,81.0,35.0,0,27,31,63
253,26,424.0,0.0,57.0,56.0,0,4,7,22
254,7,1813.0,3222.0,10.0,12.0,1,189,0,202
254,20,727.0,3037.0,160.0,414.0,0,5,49,65
254,21,2079.0,2680.0,81.0,35.0,0,27,32,64
254,26,424.0,0.0,57.0,56.0,0,4,8,23
255,7,1822.0,3224.0,12.0,10.0,1,190,0,203
255,20,727.0,3037.0,160.0,414.0,0,5,50,66
255,21,2079.0,2680.0,81.0,35.0,0,27,33,65
255,26,424.0,0.0,57.0,56.0,0,4,9,24
256,7,1833.0,3224.0,11.0,11.0,1,191,0,204
256,20,727.0,3037.0,160.0,414.0,0,5,51,67
256,21,2079.0,2680.0,81.0,35.0,0,27,34,66
256,26,424.0,0.0,57.0,56.0,0,4,10,25
257,7,1843.0,3229.0,9.0,10.0,1,192,0,205
257,20,727.0,3037.0,160.0,414.0,0,5,52,68
257,21,2079.0,2680.0,81.0,35.0,0,27,35,67
257,26,424.0,0.0,57.0,56.0,0,4,11,26
258,7,1852.0,3228.0,9.0,11.0,1,193,0,206
258,20,727.0,3037.0,160.0,414.0,0,5,53,69
258,21,2079.0,2680.0,81.0,35.0,0,27,36,68
258,26,424.0,0.0,57.0,56.0,0,4,12,27
259,7,1861.0,3226.0,9.0,9.0,1,194,0,207
259,20,727.0,3037.0,160.0,414.0,0,5,54,70
259,21,2079.0,2680.0,81.0,35.0,0,27,37,69
259,26,424.0,0.0,57.0,56.0,0,4,13,28
260,7,1871.0,3223.0,8.0,8.0,1,195,0,208
260,20,727.0,3037.0,160.0,414.0,0,5,55,71
260,21,2079.0,2680.0,81.0,35.0,0,27,38,70
260,26,424.0,0.0,57.0,56.0,0,4,14,29
261,7,1881.0,3219.0,7.0,11.0,1,196,0,209
261,20,727.0,3037.0,160.0,414.0,0,5,56,72
261,21,2079.0,2680.0,81.0,35.0,0,27,39,71
261,26,424.0,0.0,57.0,56.0,0,4,15,30
262,7,1890.0,3217.0,8.0,13.0,1,197,0,210
262,20,727.0,3037.0,160.0,414.0,0,5,57,73
262,21,2079.0,2680.0,81.0,35.0,0,27,40,72
262,26,424.0,0.0,57.0,56.0,0,4,16,31
263,7,1900.0,3218.0,9.0,12.0,1,198,0,211
263,20,727.0,3037.0,160.0,414.0,0,5,58,74
263,21,2079.0,2680.0,81.0,35.0,0,27,41,73
263,26,424.0,0.0,57.0,56.0,0,4,17,32
264,7,1907.0,3221.0,11.0,11.0,1,199,0,212
264,20,727.0,3037.0,160.0,414.0,0,5,59,75
264,21,2079.0,2680.0,81.0,35.0,0,27,42,74
264,26,424.0,0.0,57.0,56.0,0,4,18,33
265,7,1915.0,3223.0,10.0,11.0,1,200,0,213
265,21,2079.0,2680.0,81.0,35.0,0,27,43,75
265,26,424.0,0.0,57.0,56.0,0,4,19,34
266,7,1924.0,3221.0,11.0,14.0,1,201,0,214
266,21,2079.0,2680.0,81.0,35.0,0,27,44,76
266,26,424.0,0.0,57.0,56.0,0,4,20,35
267,7,1933.0,3220.0,10.0,12.0,1,202,0,215
267,21,2079.0,2680.0,81.0,35.0,0,27,45,77
267,26,424.0,0.0,57.0,56.0,0,4,21,36
268,7,1942.0,3219.0,10.0,10.0,1,203,0,216
268,21,2079.0,2680.0,81.0,35.0,0,27,46,78
268,26,424.0,0.0,57.0,56.0,0,4,22,37
268,29,708.0,2624.0,3.0,3.0,1,2,0,2
269,7,1951.0,3214.0,9.0,10.0,1,204,0,217
269,21,2079.0,2680.0,81.0,35.0,0,27,47,79
269,26,424.0,0.0,57.0,56.0,0,4,23,38
269,29,709.0,2627.0,129.0,420.0,1,3,0,3
270,7,1960.0,3211.0,10.0,12.0,1,205,0,218
270,21,2079.0,2680.0,81.0,35.0,0,27,48,80
270,26,416.0,0.0,65.0,66.0,1,5,0,39
270,29,709.0,2627.0,129.0,420.0,0,3,1,4
271,7,1969.0,3211.0,11.0,12.0,1,206,0,219
271,21,2079.0,2680.0,81.0,35.0,0,27,49,81
271,26,435.0,11.0,46.0,54.0,1,6,0,40
271,29,709.0,2627.0,129.0,420.0,0,3,2,5
272,7,1977.0,3215.0,9.0,9.0,1,207,0,220
272,21,2079.0,2680.0,81.0,35.0,0,27,50,82
272,26,435.0,11.0,46.0,54.0,0,6,1,41
272,29,709.0,2627.0,129.0,420.0,0,3,3,6
273,7,1982.0,3216.0,16.0,11.0,1,208,0,221
273,21,2079.0,2680.0,81.0,35.0,0,27,51,83
273,26,435.0,11.0,46.0,54.0,0,6,2,42
273,29,709.0,2627.0,129.0,420.0,0,3,4,7
273,31,2076.0,3035.0,84.0,35.0,1,2,0,2
273,32,0.0,3282.0,16.0,19.0,1,2,0,2
274,7,1991.0,3216.0,16.0,11.0,1,209,0,222
274,21,2079.0,2680.0,81.0,35.0,0,27,52,84
274,26,435.0,11.0,46.0,54.0,0,6,3,43
274,29,709.0,2627.0,129.0,420.0,0,3,5,8
274,31,2071.0,3020.0,89.0,37.0,1,3,0,3
274,32,0.0,3282.0,16.0,19.0,0,2,1,3
275,7,1999.0,3215.0,15.0,10.0,1,210,0,223
275,21,2079.0,2680.0,81.0,35.0,0,27,53,85
275,26,435.0,11.0,46.0,54.0,0,6,4,44
275,29,709.0,2627.0,129.0,420.0,0,3,6,9
275,31,2066.0,3005.0,94.0,34.0,1,4,0,4
275,32,0.0,3282.0,16.0,19.0,0,2,2,4
276,7,2011.0,3215.0,11.0,8.0,1,211,0,224
276,21,2079.0,2680.0,81.0,35.0,0,27,54,86
276,26,435.0,11.0,46.0,54.0,0,6,5,45
276,29,709.0,2627.0,129.0,420.0,0,3,7,10
276,31,2063.0,2988.0,97.0,31.0,1,5,0,5
276,32,0.0,3282.0,16.0,19.0,0,2,3,5
277,7,2020.0,3215.0,9.0,7.0,1,212,0,225
277,21,2079.0,2680.0,81.0,35.0,0,27,55,87
277,26,435.0,11.0,46.0,54.0,0,6,6,46
277,29,709.0,2627.0,129.0,420.0,0,3,8,11
277,31,2059.0,2973.0,101.0,32.0,1,6,0,6
277,32,0.0,3282.0,16.0,19.0,0,2,4,6
278,7,2028.0,3213.0,8.0,7.0,1,213,0,226
278,21,2079.0,2680.0,81.0,35.0,0,27,56,88
278,26,435.0,11.0,46.0,54.0,0,6,7,47
278,29,709.0,2627.0,129.0,420.0,0,3,9,12
278,31,2055.0,2958.0,105.0,30.0,1,7,0,7
278,32,0.0,3282.0,16.0,19.0,0,2,5,7
279,7,2034.0,3210.0,12.0,10.0,1,214,0,227
279,21,2079.0,2680.0,81.0,35.0,0,27,57,89
279,26,435.0,11.0,46.0,54.0,0,6,8,48
279,29,709.0,2627.0,129.0,420.0,0,3,10,13
279,31,2050.0,2943.0,110.0,25.0,1,8,0,8
279,32,0.0,3282.0,16.0,19.0,0,2,6,8
280,7,2041.0,3211.0,15.0,11.0,1,215,0,228
280,21,2079.0,2680.0,81.0,35.0,0,27,58,90
280,26,435.0,11.0,46.0,54.0,0,6,9,49
280,29,709.0,2627.0,129.0,420.0,0,3,11,14
280,31,2051.0,2927.0,109.0,26.0,1,9,0,9
280,32,0.0,3282.0,16.0,19.0,0,2,7,9
281,7,2051.0,3214.0,14.0,9.0,1,216,0,229
281,21,2079.0,2680.0,81.0,35.0,0,27,59,91
281,26,435.0,11.0,46.0,54.0,0,6,10,50
281,29,709.0,2627.0,129.0,420.0,0,3,12,15
281,31,2048.0,2919.0,56.0,15.0,1,10,0,10
281,32,0.0,3282.0,16.0,19.0,0,2,8,10
282,7,2062.0,3219.0,8.0,4.0,1,217,0,230
282,26,435.0,11.0,46.0,54.0,0,6,11,51
282,29,709.0,2627.0,129.0,420.0,0,3,13,16
282,31,2046.0,2897.0,114.0,19.0,1,11,0,11
282,32,0.0,3282.0,16.0,19.0,0,2,9,11
283,7,2065.0,3219.0,17.0,6.0,1,218,0,231
283,26,435.0,11.0,46.0,54.0,0,6,12,52
283,29,709.0,2627.0,129.0,420.0,0,3,14,17
283,31,2047.0,2879.0,113.0,22.0,1,12,0,12
283,32,0.0,3282.0,16.0,19.0,0,2,10,12
284,7,2075.0,3219.0,15.0,9.0,1,219,0,232
284,26,435.0,11.0,46.0,54.0,0,6,13,53
284,29,709.0,2627.0,129.0,420.0,0,3,15,18
284,31,2047.0,2866.0,113.0,20.0,1,13,0,13
284,32,0.0,3282.0,16.0,19.0,0,2,11,13
285,7,2081.0,3219.0,16.0,11.0,1,220,0,233
285,26,435.0,11.0,46.0,54.0,0,6,14,54
285,29,709.0,2627.0,129.0,420.0,0,3,16,19
285,31,2048.0,2850.0,112.0,21.0,1,14,0,14
285,32,0.0,3282.0,16.0,19.0,0,2,12,14
286,7,2095.0,3219.0,10.0,7.0,1,221,0,234
286,26,435.0,11.0,46.0,54.0,0,6,15,55
286,29,709.0,2627.0,129.0,420.0,0,3,17,20
286,31,2048.0,2834.0,112.0,22.0,1,15,0,15
286,32,0.0,3282.0,16.0,19.0,0,2,13,15
287,7,2104.0,3219.0,8.0,7.0,1,222,0,235
287,26,435.0,11.0,46.0,54.0,0,6,16,56
287,29,709.0,2627.0,129.0,420.0,0,3,18,21
287,31,2051.0,2818.0,109.0,23.0,1,16,0,16
287,32,0.0,3282.0,16.0,19.0,0,2,14,16
288,7,2111.0,3217.0,11.0,9.0,1,223,0,236
288,26,435.0,11.0,46.0,54.0,0,6,17,57
288,29,709.0,2627.0,129.0,420.0,0,3,19,22
288,31,2054.0,2803.0,106.0,23.0,1,17,0,17
288,32,0.0,3282.0,16.0,19.0,0,2,15,17
288,36,725.0,3038.0,145.0,418.0,1,2,0,2
289,7,2119.0,3218.0,13.0,10.0,1,224,0,237
289,26,435.0,11.0,46.0,54.0,0,6,18,58
289,29,709.0,2627.0,129.0,420.0,0,3,20,23
289,31,2055.0,2782.0,105.0,34.0,1,18,0,18
289,32,0.0,3282.0,16.0,19.0,0,2,16,18
289,36,725.0,3042.0,136.0,419.0,1,3,0,3
290,7,2129.0,3222.0,12.0,7.0,1,225,0,238
290,26,435.0,11.0,46.0,54.0,0,6,19,59
290,29,709.0,2627.0,129.0,420.0,0,3,21,24
290,31,2058.0,2767.0,25.0,13.0,1,19,0,19
290,32,0.0,3282.0,16.0,19.0,0,2,17,19
290,36,725.0,3043.0,125.0,420.0,1,4,0,4
291,7,2136.0,3225.0,8.0,5.0,1,226,0,239
291,26,435.0,11.0,46.0,54.0,0,6,20,60
291,29,709.0,2627.0,129.0,420.0,0,3,22,25
291,31,2062.0,2746.0,98.0,31.0,1,20,0,20
291,32,0.0,3282.0,16.0,19.0,0,2,18,20
291,36,725.0,3041.0,116.0,425.0,1,5,0,5
292,7,2142.0,3226.0,16.0,7.0,1,227,0,240
292,26,435.0,11.0,46.0,54.0,0,6,21,61
292,29,709.0,2627.0,129.0,420.0,0,3,23,26
292,31,2063.0,2730.0,97.0,32.0,1,21,0,21
292,32,0.0,3282.0,16.0,19.0,0,2,19,21
292,36,725.0,3041.0,116.0,425.0,0,5,1,6
293,7,2142.0,3226.0,16.0,7.0,0,227,1,241
293,26,435.0,11.0,46.0,54.0,0,6,22,62
293,29,709.0,2627.0,129.0,420.0,0,3,24,27
293,31,2066.0,2715.0,94.0,31.0,1,22,0,22
293,32,0.0,3282.0,16.0,19.0,0,2,20,22
293,36,725.0,3041.0,116.0,425.0,0,5,2,7
294,7,2142.0,3226.0,16.0,7.0,0,227,2,242
294,26,435.0,11.0,46.0,54.0,0,6,23,63
294,29,709.0,2627.0,129.0,420.0,0,3,25,28
294,31,2066.0,2715.0,94.0,31.0,0,22,1,23
294,32,0.0,3282.0,16.0,19.0,0,2,21,23
294,36,725.0,3041.0,116.0,425.0,0,5,3,8
295,7,2142.0,3226.0,16.0,7.0,0,227,3,243
295,26,435.0,11.0,46.0,54.0,0,6,24,64
295,29,709.0,2627.0,129.0,420.0,0,3,26,29
295,31,2080.0,2681.0,10.0,8.0,1,23,0,24
295,32,0.0,3282.0,16.0,19.0,0,2,22,24
295,36,725.0,3041.0,116.0,425.0,0,5,4,9
296,7,2142.0,3226.0,16.0,7.0,0,227,4,244
296,26,418.0,13.0,63.0,52.0,1,7,0,65
296,29,709.0,2627.0,129.0,420.0,0,3,27,30
296,31,2080.0,2681.0,10.0,8.0,0,23,1,25
296,32,0.0,3282.0,16.0,19.0,0,2,23,25
296,36,725.0,3041.0,116.0,425.0,0,5,5,10
297,7,2142.0,3226.0,16.0,7.0,0,227,5,245
297,26,418.0,13.0,63.0,52.0,0,7,1,66
297,29,709.0,2627.0,129.0,420.0,0,3,28,31
297,31,2080.0,2681.0,10.0,8.0,0,23,2,26
297,32,0.0,3282.0,16.0,19.0,0,2,24,26
297,36,725.0,3041.0,116.0,425.0,0,5,6,11
298,7,2142.0,3226.0,16.0,7.0,0,227,6,246
298,26,418.0,13.0,63.0,52.0,0,7,2,67
298,29,709.0,2627.0,129.0,420.0,0,3,29,32
298,31,2080.0,2681.0,10.0,8.0,0,23,3,27
298,32,0.0,3282.0,16.0,19.0,0,2,25,27
298,36,725.0,3041.0,116.0,425.0,0,5,7,12
299,7,2142.0,3226.0,16.0,7.0,0,227,7,247
299,26,418.0,13.0,63.0,52.0,0,7,3,68
299,29,709.0,2627.0,129.0,420.0,0,3,30,33
299,31,2080.0,2681.0,10.0,8.0,0,23,4,28
299,32,0.0,3282.0,16.0,19.0,0,2,26,28
299,36,725.0,3041.0,116.0,425.0,0,5,8,13
300,7,2142.0,3226.0,16.0,7.0,0,227,8,248
300,26,418.0,13.0,63.0,52.0,0,7,4,69
300,29,709.0,2627.0,129.0,420.0,0,3,31,34
300,31,2080.0,2681.0,10.0,8.0,0,23,5,29
300,32,0.0,3282.0,16.0,19.0,0,2,27,29
300,36,725.0,3041.0,116.0,425.0,0,5,9,14
300,37,0.0,2891.0,14.0,19.0,1,2,0,2
301,7,2142.0,3226.0,16.0,7.0,0,227,9,249
301,26,418.0,13.0,63.0,52.0,0,7,5,70
301,29,709.0,2627.0,129.0,420.0,0,3,32,35
301,31,2080.0,2681.0,10.0,8.0,0,23,6,30
301,32,0.0,3282.0,16.0,19.0,0,2,28,30
301,36,699.0,3014.0,100.0,469.0,1,6,0,15
301,37,0.0,2891.0,14.0,19.0,0,2,1,3
302,7,2142.0,3226.0,16.0,7.0,0,227,10,250
302,26,418.0,13.0,63.0,52.0,0,7,6,71
302,29,709.0,2627.0,129.0,420.0,0,3,33,36
302,31,2080.0,2681.0,10.0,8.0,0,23,7,31
302,32,0.0,3282.0,16.0,19.0,0,2,29,31
302,36,699.0,3014.0,100.0,469.0,0,6,1,16
302,37,0.0,2891.0,14.0,19.0,0,2,2,4
303,7,2142.0,3226.0,16.0,7.0,0,227,11,251
303,26,418.0,13.0,63.0,52.0,0,7,7,72
303,29,709.0,2627.0,129.0,420.0,0,3,34,37
303,31,2080.0,2681.0,10.0,8.0,0,23,8,32
303,32,0.0,3282.0,16.0,19.0,0,2,30,32
303,36,699.0,3014.0,100.0,469.0,0,6,2,17
303,37,0.0,2891.0,14.0,19.0,0,2,3,5
304,7,2142.0,3226.0,16.0,7.0,0,227,12,252
304,26,418.0,13.0,63.0,52.0,0,7,8,73
304,29,709.0,2627.0,129.0,420.0,0,3,35,38
304,31,2080.0,2681.0,10.0,8.0,0,23,9,33
304,32,0.0,3282.0,16.0,19.0,0,2,31,33
304,36,699.0,3014.0,100.0,469.0,0,6,3,18
304,37,0.0,2891.0,14.0,19.0,0,2,4,6
305,7,2142.0,3226.0,16.0,7.0,0,227,13,253
305,26,418.0,13.0,63.0,52.0,0,7,9,74
305,29,709.0,2627.0,129.0,420.0,0,3,36,39
305,31,2080.0,2681.0,10.0,8.0,0,23,10,34
305,32,0.0,3282.0,16.0,19.0,0,2,32,34
305,36,699.0,3014.0,100.0,469.0,0,6,4,19
305,37,0.0,2891.0,14.0,19.0,0,2,5,7
306,7,2142.0,3226.0,16.0,7.0,0,227,14,254
306,26,418.0,13.0,63.0,52.0,0,7,10,75
306,29,709.0,2627.0,129.0,420.0,0,3,37,40
306,31,2080.0,2681.0,10.0,8.0,0,23,11,35
306,32,0.0,3282.0,16.0,19.0,0,2,33,35
306,36,680.0,3009.0,112.0,471.0,1,7,0,20
306,37,0.0,2891.0,14.0,19.0,0,2,6,8
307,7,2142.0,3226.0,16.0,7.0,0,227,15,255
307,26,418.0,13.0,63.0,52.0,0,7,11,76
307,29,709.0,2627.0,129.0,420.0,0,3,38,41
307,31,2080.0,2681.0,10.0,8.0,0,23,12,36
307,32,0.0,3282.0,16.0,19.0,0,2,34,36
307,36,680.0,3009.0,112.0,471.0,0,7,1,21
307,37,0.0,2891.0,14.0,19.0,0,2,7,9
308,7,2142.0,3226.0,16.0,7.0,0,227,16,256
308,26,418.0,13.0,63.0,52.0,0,7,12,77
308,29,709.0,2627.0,129.0,420.0,0,3,39,42
308,31,2080.0,2681.0,10.0,8.0,0,23,13,37
308,32,0.0,3282.0,16.0,19.0,0,2,35,37
308,36,680.0,3009.0,112.0,471.0,0,7,2,22
308,37,0.0,2891.0,14.0,19.0,0,2,8,10
309,7,2142.0,3226.0,16.0,7.0,0,227,17,257
309,26,418.0,13.0,63.0,52.0,0,7,13,78
309,29,709.0,2627.0,129.0,420.0,0,3,40,43
309,31,2080.0,2681.0,10.0,8.0,0,23,14,38
309,32,0.0,3282.0,16.0,19.0,0,2,36,38
309,36,680.0,3009.0,112.0,471.0,0,7,3,23
309,37,0.0,2891.0,14.0,19.0,0,2,9,11
310,7,2142.0,3226.0,16.0,7.0,0,227,18,258
310,26,418.0,13.0,63.0,52.0,0,7,14,79
310,29,709.0,2627.0,129.0,420.0,0,3,41,44
310,31,2080.0,2681.0,10.0,8.0,0,23,15,39
310,32,0.0,3282.0,16.0,19.0,0,2,37,39
310,36,680.0,3009.0,112.0,471.0,0,7,4,24
310,37,0.0,2891.0,14.0,19.0,0,2,10,12
311,7,2142.0,3226.0,16.0,7.0,0,227,19,259
311,26,418.0,13.0,63.0,52.0,0,7,15,80
311,29,709.0,2627.0,129.0,420.0,0,3,42,45
311,31,2080.0,2681.0,10.0,8.0,0,23,16,40
311,32,0.0,3282.0,16.0,19.0,0,2,38,40
311,36,680.0,3009.0,112.0,471.0,0,7,5,25
311,37,0.0,2891.0,14.0,19.0,0,2,11,13
312,7,2142.0,3226.0,16.0,7.0,0,227,20,260
312,26,418.0,13.0,63.0,52.0,0,7,16,81
312,29,709.0,2627.0,129.0,420.0,0,3,43,46
312,31,2080.0,2681.0,10.0,8.0,0,23,17,41
312,32,0.0,3282.0,16.0,19.0,0,2,39,41
312,36,680.0,3009.0,112.0,471.0,0,7,6,26
312,37,0.0,2891.0,14.0,19.0,0,2,12,14
313,7,2142.0,3226.0,16.0,7.0,0,227,21,261
313,26,418.0,13.0,63.0,52.0,0,7,17,82
313,29,709.0,2627.0,129.0,420.0,0,3,44,47
313,31,2080.0,2681.0,10.0,8.0,0,23,18,42
313,32,0.0,3282.0,16.0,19.0,0,2,40,42
313,36,680.0,3009.0,112.0,471.0,0,7,7,27
313,37,0.0,2891.0,14.0,19.0,0,2,13,15
314,7,2142.0,3226.0,16.0,7.0,0,227,22,262
314,26,418.0,13.0,63.0,52.0,0,7,18,83
314,29,709.0,2627.0,129.0,420.0,0,3,45,48
314,31,2080.0,2681.0,10.0,8.0,0,23,19,43
314,32,0.0,3282.0,16.0,19.0,0,2,41,43
314,36,680.0,3009.0,112.0,471.0,0,7,8,28
314,37,0.0,2891.0,14.0,19.0,0,2,14,16
315,7,2142.0,3226.0,16.0,7.0,0,227,23,263
315,26,418.0,13.0,63.0,52.0,0,7,19,84
315,29,709.0,2627.0,129.0,420.0,0,3,46,49
315,31,2080.0,2681.0,10.0,8.0,0,23,20,44
315,32,0.0,3282.0,16.0,19.0,0,2,42,44
315,36,680.0,3009.0,112.0,471.0,0,7,9,29
315,37,0.0,2891.0,14.0,19.0,0,2,15,17
316,7,2142.0,3226.0,16.0,7.0,0,227,24,264
316,26,418.0,13.0,63.0,52.0,0,7,20,85
316,29,709.0,2627.0,129.0,420.0,0,3,47,50
316,31,2080.0,2681.0,10.0,8.0,0,23,21,45
316,32,0.0,3282.0,16.0,19.0,0,2,43,45
316,36,680.0,3009.0,112.0,471.0,0,7,10,30
316,37,0.0,2891.0,14.0,19.0,0,2,16,18
317,7,2142.0,3226.0,16.0,7.0,0,227,25,265
317,26,418.0,13.0,63.0,52.0,0,7,21,86
317,29,709.0,2627.0,129.0,420.0,0,3,48,51
317,31,2080.0,2681.0,10.0,8.0,0,23,22,46
317,32,0.0,3282.0,16.0,19.0,0,2,44,46
317,36,680.0,3009.0,112.0,471.0,0,7,11,31
317,37,0.0,2891.0,14.0,19.0,0,2,17,19
318,7,2142.0,3226.0,16.0,7.0,0,227,26,266
318,26,418.0,13.0,63.0,52.0,0,7,22,87
318,29,709.0,2627.0,129.0,420.0,0,3,49,52
318,31,2080.0,2681.0,10.0,8.0,0,23,23,47
318,32,0.0,3282.0,16.0,19.0,0,2,45,47
318,36,680.0,3009.0,112.0,471.0,0,7,12,32
318,37,0.0,2891.0,14.0,19.0,0,2,18,20
319,7,2142.0,3226.0,16.0,7.0,0,227,27,267
319,26,418.0,13.0,63.0,52.0,0,7,23,88
319,29,709.0,2627.0,129.0,420.0,0,3,50,53
319,31,2080.0,2681.0,10.0,8.0,0,23,24,48
319,32,0.0,3282.0,16.0,19.0,0,2,46,48
319,36,680.0,3009.0,112.0,471.0,0,7,13,33
319,37,0.0,2891.0,14.0,19.0,0,2,19,21
320,7,2142.0,3226.0,16.0,7.0,0,227,28,268
320,26,417.0,0.0,64.0,66.0,1,8,0,89
320,29,709.0,2627.0,129.0,420.0,0,3,51,54
320,31,2080.0,2681.0,10.0,8.0,0,23,25,49
320,32,0.0,3282.0,16.0,19.0,0,2,47,49
320,36,680.0,3009.0,112.0,471.0,0,7,14,34
320,37,0.0,2891.0,14.0,19.0,0,2,20,22
321,7,2142.0,3226.0,16.0,7.0,0,227,29,269
321,26,427.0,2.0,54.0,63.0,1,9,0,90
321,29,709.0,2627.0,129.0,420.0,0,3,52,55
321,31,2080.0,2681.0,10.0,8.0,0,23,26,50
321,32,0.0,3282.0,16.0,19.0,0,2,48,50
321,36,680.0,3009.0,112.0,471.0,0,7,15,35
321,37,0.0,2891.0,14.0,19.0,0,2,21,23
322,7,2142.0,3226.0,16.0,7.0,0,227,30,270
322,26,406.0,18.0,51.0,17.0,1,10,0,91
322,29,709.0,2627.0,129.0,420.0,0,3,53,56
322,31,2080.0,2681.0,10.0,8.0,0,23,27,51
322,32,0.0,3282.0,16.0,19.0,0,2,49,51
322,36,680.0,3009.0,112.0,471.0,0,7,16,36
322,37,0.0,2891.0,14.0,19.0,0,2,22,24
323,7,2142.0,3226.0,16.0,7.0,0,227,31,271
323,26,406.0,18.0,51.0,17.0,0,10,1,92
323,29,709.0,2627.0,129.0,420.0,0,3,54,57
323,31,2080.0,2681.0,10.0,8.0,0,23,28,52
323,32,0.0,3282.0,16.0,19.0,0,2,50,52
323,36,680.0,3009.0,112.0,471.0,0,7,17,37
323,37,0.0,2891.0,14.0,19.0,0,2,23,25
324,7,2142.0,3226.0,16.0,7.0,0,227,32,272
324,26,406.0,18.0,51.0,17.0,0,10,2,93
324,29,709.0,2627.0,129.0,420.0,0,3,55,58
324,31,2080.0,2681.0,10.0,8.0,0,23,29,53
324,32,0.0,3282.0,16.0,19.0,0,2,51,53
324,36,680.0,3009.0,112.0,471.0,0,7,18,38
324,37,0.0,2891.0,14.0,19.0,0,2,24,26
325,7,2142.0,3226.0,16.0,7.0,0,227,33,273
325,26,406.0,18.0,51.0,17.0,0,10,3,94
325,29,709.0,2627.0,129.0,420.0,0,3,56,59
325,31,2080.0,2681.0,10.0,8.0,0,23,30,54
325,32,0.0,3282.0,16.0,19.0,0,2,52,54
325,36,680.0,3009.0,112.0,471.0,0,7,19,39
325,37,0.0,2891.0,14.0,19.0,0,2,25,27
326,7,2142.0,3226.0,16.0,7.0,0,227,34,274
326,26,406.0,18.0,51.0,17.0,0,10,4,95
326,29,709.0,2627.0,129.0,420.0,0,3,57,60
326,31,2080.0,2681.0,10.0,8.0,0,23,31,55
326,32,0.0,3282.0,16.0,19.0,0,2,53,55
326,36,680.0,3009.0,112.0,471.0,0,7,20,40
326,37,0.0,2891.0,14.0,19.0,0,2,26,28
327,7,2142.0,3226.0,16.0,7.0,0,227,35,275
327,26,406.0,18.0,51.0,17.0,0,10,5,96
327,29,709.0,2627.0,129.0,420.0,0,3,58,61
327,31,2080.0,2681.0,10.0,8.0,0,23,32,56
327,32,0.0,3282.0,16.0,19.0,0,2,54,56
327,36,680.0,3009.0,112.0,471.0,0,7,21,41
327,37,0.0,2891.0,14.0,19.0,0,2,27,29
328,7,2142.0,3226.0,16.0,7.0,0,227,36,276
328,26,406.0,18.0,51.0,17.0,0,10,6,97
328,29,709.0,2627.0,129.0,420.0,0,3,59,62
328,31,2080.0,2681.0,10.0,8.0,0,23,33,57
328,32,0.0,3282.0,16.0,19.0,0,2,55,57
328,36,680.0,3009.0,112.0,471.0,0,7,22,42
328,37,0.0,2891.0,14.0,19.0,0,2,28,30
329,7,2142.0,3226.0,16.0,7.0,0,227,37,277
329,26,406.0,18.0,51.0,17.0,0,10,7,98
329,31,2080.0,2681.0,10.0,8.0,0,23,34,58
329,32,0.0,3282.0,16.0,19.0,0,2,56,58
329,36,680.0,3009.0,112.0,471.0,0,7,23,43
329,37,0.0,2891.0,14.0,19.0,0,2,29,31
330,7,2142.0,3226.0,16.0,7.0,0,227,38,278
330,26,406.0,18.0,51.0,17.0,0,10,8,99
330,31,2080.0,2681.0,10.0,8.0,0,23,35,59
330,32,0.0,3282.0,16.0,19.0,0,2,57,59
330,36,680.0,3009.0,112.0,471.0,0,7,24,44
330,37,0.0,2891.0,14.0,19.0,0,2,30,32
331,7,2142.0,3226.0,16.0,7.0,0,227,39,279
331,26,406.0,18.0,51.0,17.0,0,10,9,100
331,31,2080.0,2681.0,10.0,8.0,0,23,36,60
331,32,0.0,3282.0,16.0,19.0,0,2,58,60
331,36,680.0,3009.0,112.0,471.0,0,7,25,45
331,37,0.0,2891.0,14.0,19.0,0,2,31,33
332,7,2142.0,3226.0,16.0,7.0,0,227,40,280
332,26,406.0,18.0,51.0,17.0,0,10,10,101
332,31,2080.0,2681.0,10.0,8.0,0,23,37,61
332,32,0.0,3282.0,16.0,19.0,0,2,59,61
332,36,680.0,3009.0,112.0,471.0,0,7,26,46
332,37,0.0,2891.0,14.0,19.0,0,2,32,34
333,7,2142.0,3226.0,16.0,7.0,0,227,41,281
333,26,406.0,18.0,51.0,17.0,0,10,11,102
333,31,2080.0,2681.0,10.0,8.0,0,23,38,62
333,36,680.0,3009.0,112.0,471.0,0,7,27,47
333,37,0.0,2891.0,14.0,19.0,0,2,33,35
334,7,2142.0,3226.0,16.0,7.0,0,227,42,282
334,26,406.0,18.0,51.0,17.0,0,10,12,103
334,31,2080.0,2681.0,10.0,8.0,0,23,39,63
334,36,680.0,3009.0,112.0,471.0,0,7,28,48
334,37,0.0,2891.0,14.0,19.0,0,2,34,36
335,7,2142.0,3226.0,16.0,7.0,0,227,43,283
335,26,406.0,18.0,51.0,17.0,0,10,13,104
335,31,2080.0,2681.0,10.0,8.0,0,23,40,64
335,36,680.0,3009.0,112.0,471.0,0,7,29,49
335,37,0.0,2891.0,14.0,19.0,0,2,35,37
336,7,2142.0,3226.0,16.0,7.0,0,227,44,284
336,26,406.0,18.0,51.0,17.0,0,10,14,105
336,31,2080.0,2681.0,10.0,8.0,0,23,41,65
336,36,680.0,3009.0,112.0,471.0,0,7,30,50
336,37,0.0,2891.0,14.0,19.0,0,2,36,38
337,7,2142.0,3226.0,16.0,7.0,0,227,45,285
337,26,406.0,18.0,51.0,17.0,0,10,15,106
337,31,2080.0,2681.0,10.0,8.0,0,23,42,66
337,36,680.0,3009.0,112.0,471.0,0,7,31,51
337,37,0.0,2891.0,14.0,19.0,0,2,37,39
338,7,2142.0,3226.0,16.0,7.0,0,227,46,286
338,26,406.0,18.0,51.0,17.0,0,10,16,107
338,31,2080.0,2681.0,10.0,8.0,0,23,43,67
338,36,680.0,3009.0,112.0,471.0,0,7,32,52
338,37,0.0,2891.0,14.0,19.0,0,2,38,40
338,38,2132.0,3174.0,28.0,43.0,1,2,0,2
339,7,2142.0,3226.0,16.0,7.0,0,227,47,287
339,26,406.0,18.0,51.0,17.0,0,10,17,108
339,31,2080.0,2681.0,10.0,8.0,0,23,44,68
339,36,680.0,3009.0,112.0,471.0,0,7,33,53
339,37,0.0,2891.0,14.0,19.0,0,2,39,41
339,38,2132.0,3174.0,28.0,43.0,0,2,1,3
340,7,2142.0,3226.0,16.0,7.0,0,227,48,288
340,26,406.0,18.0,51.0,17.0,0,10,18,109
340,31,2080.0,2681.0,10.0,8.0,0,23,45,69
340,36,680.0,3009.0,112.0,471.0,0,7,34,54
340,37,0.0,2891.0,14.0,19.0,0,2,40,42
340,38,2132.0,3174.0,28.0,43.0,0,2,2,4
341,7,2142.0,3226.0,16.0,7.0,0,227,49,289
341,26,406.0,18.0,51.0,17.0,0,10,19,110
341,31,2080.0,2681.0,10.0,8.0,0,23,46,70
341,36,680.0,3009.0,112.0,471.0,0,7,35,55
341,37,0.0,2891.0,14.0,19.0,0,2,41,43
341,38,2132.0,3174.0,28.0,43.0,0,2,3,5
342,7,2142.0,3226.0,16.0,7.0,0,227,50,290
342,26,406.0,18.0,51.0,17.0,0,10,20,111
342,31,2080.0,2681.0,10.0,8.0,0,23,47,71
342,36,680.0,3009.0,112.0,471.0,0,7,36,56
342,37,0.0,2891.0,14.0,19.0,0,2,42,44
342,38,2132.0,3174.0,28.0,43.0,0,2,4,6
343,7,2142.0,3226.0,16.0,7.0,0,227,51,291
343,26,406.0,18.0,51.0,17.0,0,10,21,112
343,31,2080.0,2681.0,10.0,8.0,0,23,48,72
343,36,680.0,3009.0,112.0,471.0,0,7,37,57
343,37,0.0,2891.0,14.0,19.0,0,2,43,45
343,38,2132.0,3174.0,28.0,43.0,0,2,5,7
344,7,2142.0,3226.0,16.0,7.0,0,227,52,292
344,26,406.0,18.0,51.0,17.0,0,10,22,113
344,31,2080.0,2681.0,10.0,8.0,0,23,49,73
344,36,680.0,3009.0,112.0,471.0,0,7,38,58
344,37,0.0,2891.0,14.0,19.0,0,2,44,46
344,38,2132.0,3174.0,28.0,43.0,0,2,6,8
345,7,2142.0,3226.0,16.0,7.0,0,227,53,293
345,26,406.0,18.0,51.0,17.0,0,10,23,114
345,31,2080.0,2681.0,10.0,8.0,0,23,50,74
345,36,680.0,3009.0,112.0,471.0,0,7,39,59
345,37,0.0,2891.0,14.0,19.0,0,2,45,47
345,38,2132.0,3174.0,28.0,43.0,0,2,7,9
346,7,2142.0,3226.0,16.0,7.0,0,227,54,294
346,26,406.0,18.0,51.0,17.0,0,10,24,115
346,31,2080.0,2681.0,10.0,8.0,0,23,51,75
346,36,680.0,3009.0,112.0,471.0,0,7,40,60
346,37,0.0,2891.0,14.0,19.0,0,2,46,48
346,38,2132.0,3174.0,28.0,43.0,0,2,8,10
347,7,2142.0,3226.0,16.0,7.0,0,227,55,295
347,26,406.0,18.0,51.0,17.0,0,10,25,116
347,31,2080.0,2681.0,10.0,8.0,0,23,52,76
347,36,680.0,3009.0,112.0,471.0,0,7,41,61
347,37,0.0,2891.0,14.0,19.0,0,2,47,49
347,38,2072.0,3019.0,88.0,35.0,1,3,0,11
348,7,2142.0,3226.0,16.0,7.0,0,227,56,296
348,26,406.0,18.0,51.0,17.0,0,10,26,117
348,31,2080.0,2681.0,10.0,8.0,0,23,53,77
348,36,680.0,3009.0,112.0,471.0,0,7,42,62
348,37,0.0,2891.0,14.0,19.0,0,2,48,50
348,38,2067.0,3003.0,93.0,32.0,1,4,0,12
349,7,2142.0,3226.0,16.0,7.0,0,227,57,297
349,26,406.0,18.0,51.0,17.0,0,10,27,118
349,31,2080.0,2681.0,10.0,8.0,0,23,54,78
349,36,680.0,3009.0,112.0,471.0,0,7,43,63
349,37,0.0,2891.0,14.0,19.0,0,2,49,51
349,38,2063.0,2988.0,97.0,30.0,1,5,0,13
350,7,2142.0,3226.0,16.0,7.0,0,227,58,298
350,26,406.0,18.0,51.0,17.0,0,10,28,119
350,31,2080.0,2681.0,10.0,8.0,0,23,55,79
350,36,680.0,3009.0,112.0,471.0,0,7,44,64
350,37,0.0,2891.0,14.0,19.0,0,2,50,52
350,38,2058.0,2973.0,102.0,28.0,1,6,0,14
351,7,2142.0,3226.0,16.0,7.0,0,227,59,299
351,26,406.0,18.0,51.0,17.0,0,10,29,120
351,31,2080.0,2681.0,10.0,8.0,0,23,56,80
351,36,680.0,3009.0,112.0,471.0,0,7,45,65
351,37,0.0,2891.0,14.0,19.0,0,2,51,53
351,38,2055.0,2955.0,105.0,31.0,1,7,0,15
351,39,708.0,2628.0,138.0,445.0,1,2,0,2
352,26,406.0,18.0,51.0,17.0,0,10,30,121
352,31,2080.0,2681.0,10.0,8.0,0,23,57,81
352,36,680.0,3009.0,112.0,471.0,0,7,46,66
352,37,0.0,2891.0,14.0,19.0,0,2,52,54
352,38,2053.0,2943.0,107.0,23.0,1,8,0,16
352,39,709.0,2628.0,3.0,3.0,1,3,0,3
353,26,406.0,18.0,51.0,17.0,0,10,31,122
353,31,2080.0,2681.0,10.0,8.0,0,23,58,82
353,36,680.0,3009.0,112.0,471.0,0,7,47,67
353,37,0.0,2891.0,14.0,19.0,0,2,53,55
353,38,2051.0,2932.0,55.0,19.0,1,9,0,17
353,39,710.0,2628.0,3.0,3.0,1,4,0,4
354,26,406.0,18.0,51.0,17.0,0,10,32,123
354,31,2080.0,2681.0,10.0,8.0,0,23,59,83
354,36,680.0,3009.0,112.0,471.0,0,7,48,68
354,37,0.0,2891.0,14.0,19.0,0,2,54,56
354,38,2047.0,2913.0,113.0,23.0,1,10,0,18
354,39,710.0,2628.0,3.0,3.0,0,4,1,5
355,26,406.0,18.0,51.0,17.0,0,10,33,124
355,36,680.0,3009.0,112.0,471.0,0,7,49,69
355,37,0.0,2891.0,14.0,19.0,0,2,55,57
355,38,2048.0,2894.0,112.0,21.0,1,11,0,19
355,39,717.0,2628.0,3.0,3.0,1,5,0,6
356,26,406.0,18.0,51.0,17.0,0,10,34,125
356,36,680.0,3009.0,112.0,471.0,0,7,50,70
356,37,0.0,2891.0,14.0,19.0,0,2,56,58
356,38,2049.0,2879.0,111.0,18.0,1,12,0,20
356,39,717.0,2628.0,3.0,3.0,0,5,1,7
357,26,406.0,18.0,51.0,17.0,0,10,35,126
357,36,680.0,3009.0,112.0,471.0,0,7,51,71
357,37,0.0,2891.0,14.0,19.0,0,2,57,59
357,38,2047.0,2864.0,113.0,23.0,1,13,0,21
357,39,717.0,2628.0,3.0,3.0,0,5,2,8
357,41,424.0,0.0,57.0,52.0,1,2,0,2
358,26,406.0,18.0,51.0,17.0,0,10,36,127
358,36,680.0,3009.0,112.0,471.0,0,7,52,72
358,37,0.0,2891.0,14.0,19.0,0,2,58,60
358,38,2048.0,2849.0,112.0,23.0,1,14,0,22
358,39,717.0,2628.0,3.0,3.0,0,5,3,9
358,41,424.0,0.0,57.0,52.0,0,2,1,3
358,42,287.0,19.0,64.0,33.0,1,2,0,2
359,26,406.0,18.0,51.0,17.0,0,10,37,128
359,36,680.0,3009.0,112.0,471.0,0,7,53,73
359,37,0.0,2891.0,14.0,19.0,0,2,59,61
359,38,2049.0,2832.0,111.0,22.0,1,15,0,23
359,39,717.0,2628.0,3.0,3.0,0,5,4,10
359,41,424.0,0.0,57.0,52.0,0,2,2,4
359,42,276.0,19.0,47.0,33.0,1,3,0,3
359,44,0.0,3278.0,17.0,18.0,1,2,0,2
360,26,406.0,18.0,51.0,17.0,0,10,38,129
360,36,680.0,3009.0,112.0,471.0,0,7,54,74
360,38,2051.0,2814.0,109.0,25.0,1,16,0,24
360,39,717.0,2628.0,3.0,3.0,0,5,5,11
360,41,424.0,0.0,57.0,52.0,0,2,3,5
360,42,233.0,19.0,62.0,33.0,1,4,0,4
360,44,0.0,3278.0,17.0,18.0,0,2,1,3
360,45,339.0,2995.0,428.0,122.0,1,2,0,2
361,26,406.0,18.0,51.0,17.0,0,10,39,130
361,36,680.0,3009.0,112.0,471.0,0,7,55,75
361,38,2052.0,2798.0,108.0,23.0,1,17,0,25
361,39,717.0,2628.0,3.0,3.0,0,5,6,12
361,41,424.0,0.0,57.0,52.0,0,2,4,6
361,42,189.0,19.0,64.0,32.0,1,5,0,5
361,44,0.0,3278.0,17.0,18.0,0,2,2,4
361,45,339.0,2993.0,429.0,112.0,1,3,0,3
362,26,406.0,18.0,51.0,17.0,0,10,40,131
362,36,680.0,3009.0,112.0,471.0,0,7,56,76
362,38,2053.0,2782.0,107.0,27.0,1,18,0,26
362,39,717.0,2628.0,3.0,3.0,0,5,7,13
362,41,424.0,0.0,57.0,52.0,0,2,5,7
362,42,149.0,19.0,50.0,32.0,1,6,0,6
362,44,0.0,3278.0,17.0,18.0,0,2,3,5
362,45,339.0,2993.0,429.0,112.0,0,3,1,4
363,26,406.0,18.0,51.0,17.0,0,10,41,132
363,36,680.0,3009.0,112.0,471.0,0,7,57,77
363,38,2059.0,2766.0,31.0,12.0,1,19,0,27
363,39,717.0,2628.0,3.0,3.0,0,5,8,14
363,41,424.0,0.0,57.0,52.0,0,2,6,8
363,42,89.0,19.0,64.0,33.0,1,7,0,7
363,44,0.0,3278.0,17.0,18.0,0,2,4,6
363,45,339.0,2993.0,429.0,112.0,0,3,2,5
364,26,406.0,18.0,51.0,17.0,0,10,42,133
364,36,680.0,3009.0,112.0,471.0,0,7,58,78
364,38,2062.0,2748.0,98.0,28.0,1,20,0,28
364,39,717.0,2628.0,3.0,3.0,0,5,9,15
364,41,424.0,0.0,57.0,52.0,0,2,7,9
364,42,33.0,19.0,63.0,32.0,1,8,0,8
364,44,0.0,3278.0,17.0,18.0,0,2,5,7
364,45,339.0,2993.0,429.0,112.0,0,3,3,6
365,26,406.0,18.0,51.0,17.0,0,10,43,134
365,36,680.0,3009.0,112.0,471.0,0,7,59,79
365,38,2065.0,2730.0,95.0,30.0,1,21,0,29
365,39,717.0,2628.0,3.0,3.0,0,5,10,16
365,41,424.0,0.0,57.0,52.0,0,2,8,10
365,42,33.0,19.0,63.0,32.0,0,8,1,9
365,44,0.0,3278.0,17.0,18.0,0,2,6,8
365,45,339.0,2993.0,429.0,112.0,0,3,4,7
366,26,406.0,18.0,51.0,17.0,0,10,44,135
366,38,2070.0,2714.0,90.0,30.0,1,22,0,30
366,39,717.0,2628.0,3.0,3.0,0,5,11,17
366,41,424.0,0.0,57.0,52.0,0,2,9,11
366,42,33.0,19.0,63.0,32.0,0,8,2,10
366,44,0.0,3278.0,17.0,18.0,0,2,7,9
366,45,342.0,2971.0,438.0,122.0,1,4,0,8
367,26,406.0,18.0,51.0,17.0,0,10,45,136
367,38,2075.0,2696.0,85.0,33.0,1,23,0,31
367,39,717.0,2628.0,3.0,3.0,0,5,12,18
367,41,424.0,0.0,57.0,52.0,0,2,10,12
367,42,33.0,19.0,63.0,32.0,0,8,3,11
367,44,0.0,3278.0,17.0,18.0,0,2,8,10
367,45,343.0,2993.0,45.0,7.0,1,5,0,9
368,26,406.0,18.0,51.0,17.0,0,10,46,137
368,38,2075.0,2696.0,85.0,33.0,0,23,1,32
368,39,717.0,2628.0,3.0,3.0,0,5,13,19
368,41,424.0,0.0,57.0,52.0,0,2,11,13
368,42,33.0,19.0,63.0,32.0,0,8,4,12
368,44,0.0,3278.0,17.0,18.0,0,2,9,11
368,45,345.0,2983.0,38.0,11.0,1,6,0,10
369,26,406.0,18.0,51.0,17.0,0,10,47,138
369,38,2075.0,2696.0,85.0,33.0,0,23,2,33
369,39,717.0,2628.0,3.0,3.0,0,5,14,20
369,41,424.0,0.0,57.0,52.0,0,2,12,14
369,42,33.0,19.0,63.0,32.0,0,8,5,13
369,44,0.0,3278.0,17.0,18.0,0,2,10,12
369,45,347.0,2972.0,30.0,13.0,1,7,0,11
369,46,725.0,3014.0,148.0,439.0,1,2,0,2
370,26,406.0,18.0,51.0,17.0,0,10,48,139
370,38,2075.0,2696.0,85.0,33.0,0,23,3,34
370,39,717.0,2628.0,3.0,3.0,0,5,15,21
370,41,424.0,0.0,57.0,52.0,0,2,13,15
370,42,33.0,19.0,63.0,32.0,0,8,6,14
370,44,0.0,3278.0,17.0,18.0,0,2,11,13
370,45,348.0,2962.0,20.0,9.0,1,8,0,12
370,46,725.0,3040.0,139.0,418.0,1,3,0,3
371,26,406.0,18.0,51.0,17.0,0,10,49,140
371,38,2075.0,2696.0,85.0,33.0,0,23,4,35
371,39,717.0,2628.0,3.0,3.0,0,5,16,22
371,41,431.0,15.0,50.0,49.0,1,3,0,16
371,42,33.0,19.0,63.0,32.0,0,8,7,15
371,44,0.0,3278.0,17.0,18.0,0,2,12,14
371,45,348.0,2962.0,20.0,9.0,0,8,1,13
371,46,726.0,3044.0,128.0,418.0,1,4,0,4
372,26,406.0,18.0,51.0,17.0,0,10,50,141
372,38,2075.0,2696.0,85.0,33.0,0,23,5,36
372,39,717.0,2628.0,3.0,3.0,0,5,17,23
372,41,431.0,15.0,50.0,49.0,0,3,1,17
372,42,33.0,19.0,63.0,32.0,0,8,8,16
372,44,0.0,3278.0,17.0,18.0,0,2,13,15
372,45,348.0,2962.0,20.0,9.0,0,8,2,14
372,46,726.0,3044.0,128.0,418.0,0,4,1,5
373,26,406.0,18.0,51.0,17.0,0,10,51,142
373,38,2075.0,2696.0,85.0,33.0,0,23,6,37
373,39,717.0,2628.0,3.0,3.0,0,5,18,24
373,41,431.0,15.0,50.0,49.0,0,3,2,18
373,42,33.0,19.0,63.0,32.0,0,8,9,17
373,44,0.0,3278.0,17.0,18.0,0,2,14,16
373,45,356.0,2931.0,22.0,11.0,1,9,0,15
373,46,726.0,3044.0,128.0,418.0,0,4,2,6
374,26,406.0,18.0,51.0,17.0,0,10,52,143
374,38,2075.0,2696.0,85.0,33.0,0,23,7,38
374,39,717.0,2628.0,3.0,3.0,0,5,19,25
374,41,431.0,15.0,50.0,49.0,0,3,3,19
374,42,33.0,19.0,63.0,32.0,0,8,10,18
374,44,0.0,3278.0,17.0,18.0,0,2,15,17
374,45,359.0,2921.0,24.0,12.0,1,10,0,16
374,46,723.0,3041.0,101.0,431.0,1,5,0,7
375,26,406.0,18.0,51.0,17.0,0,10,53,144
375,38,2075.0,2696.0,85.0,33.0,0,23,8,39
375,39,717.0,2628.0,3.0,3.0,0,5,20,26
375,41,431.0,15.0,50.0,49.0,0,3,4,20
375,42,33.0,19.0,63.0,32.0,0,8,11,19
375,44,0.0,3278.0,17.0,18.0,0,2,16,18
375,45,362.0,2911.0,24.0,12.0,1,11,0,17
375,46,723.0,3041.0,101.0,431.0,0,5,1,8
376,26,406.0,18.0,51.0,17.0,0,10,54,145
376,38,2075.0,2696.0,85.0,33.0,0,23,9,40
376,39,717.0,2628.0,3.0,3.0,0,5,21,27
376,41,431.0,15.0,50.0,49.0,0,3,5,21
376,42,33.0,19.0,63.0,32.0,0,8,12,20
376,44,0.0,3278.0,17.0,18.0,0,2,17,19
376,45,365.0,2901.0,25.0,13.0,1,12,0,18
376,46,723.0,3041.0,101.0,431.0,0,5,2,9
377,26,406.0,18.0,51.0,17.0,0,10,55,146
377,38,2075.0,2696.0,85.0,33.0,0,23,10,41
377,39,717.0,2628.0,3.0,3.0,0,5,22,28
377,41,431.0,15.0,50.0,49.0,0,3,6,22
377,42,33.0,19.0,63.0,32.0,0,8,13,21
377,44,0.0,3278.0,17.0,18.0,0,2,18,20
377,45,365.0,2901.0,25.0,13.0,0,12,1,19
377,46,723.0,3041.0,101.0,431.0,0,5,3,10
378,26,406.0,18.0,51.0,17.0,0,10,56,147
378,38,2075.0,2696.0,85.0,33.0,0,23,11,42
378,39,717.0,2628.0,3.0,3.0,0,5,23,29
378,41,431.0,15.0,50.0,49.0,0,3,7,23
378,42,33.0,19.0,63.0,32.0,0,8,14,22
378,44,0.0,3278.0,17.0,18.0,0,2,19,21
378,45,372.0,2881.0,23.0,14.0,1,13,0,20
378,46,723.0,3041.0,101.0,431.0,0,5,4,11
379,26,406.0,18.0,51.0,17.0,0,10,57,148
379,38,2075.0,2696.0,85.0,33.0,0,23,12,43
379,39,717.0,2628.0,3.0,3.0,0,5,24,30
379,41,431.0,15.0,50.0,49.0,0,3,8,24
379,42,33.0,19.0,63.0,32.0,0,8,15,23
379,44,0.0,3278.0,17.0,18.0,0,2,20,22
379,45,372.0,2881.0,23.0,14.0,0,13,1,21
379,46,723.0,3041.0,101.0,431.0,0,5,5,12
380,26,406.0,18.0,51.0,17.0,0,10,58,149
380,38,2075.0,2696.0,85.0,33.0,0,23,13,44
380,39,717.0,2628.0,3.0,3.0,0,5,25,31
380,41,431.0,15.0,50.0,49.0,0,3,9,25
380,42,33.0,19.0,63.0,32.0,0,8,16,24
380,44,0.0,3278.0,17.0,18.0,0,2,21,23
380,45,372.0,2881.0,23.0,14.0,0,13,2,22
380,46,723.0,3041.0,101.0,431.0,0,5,6,13
381,26,406.0,18.0,51.0,17.0,0,10,59,150
381,38,2075.0,2696.0,85.0,33.0,0,23,14,45
381,39,717.0,2628.0,3.0,3.0,0,5,26,32
381,41,431.0,15.0,50.0,49.0,0,3,10,26
381,42,33.0,19.0,63.0,32.0,0,8,17,25
381,44,0.0,3278.0,17.0,18.0,0,2,22,24
381,45,387.0,2852.0,16.0,13.0,1,14,0,23
381,46,723.0,3041.0,101.0,431.0,0,5,7,14
382,38,2075.0,2696.0,85.0,33.0,0,23,15,46
382,39,717.0,2628.0,3.0,3.0,0,5,27,33
382,41,431.0,15.0,50.0,49.0,0,3,11,27
382,42,33.0,19.0,63.0,32.0,0,8,18,26
382,44,0.0,3278.0,17.0,18.0,0,2,23,25
382,45,387.0,2852.0,16.0,13.0,0,14,1,24
382,46,723.0,3041.0,101.0,431.0,0,5,8,15
383,38,2075.0,2696.0,85.0,33.0,0,23,16,47
383,39,717.0,2628.0,3.0,3.0,0,5,28,34
383,41,431.0,15.0,50.0,49.0,0,3,12,28
383,42,33.0,19.0,63.0,32.0,0,8,19,27
383,44,0.0,3278.0,17.0,18.0,0,2,24,26
383,45,397.0,2833.0,18.0,15.0,1,15,0,25
383,46,723.0,3041.0,101.0,431.0,0,5,9,16
384,38,2075.0,2696.0,85.0,33.0,0,23,17,48
384,39,717.0,2628.0,3.0,3.0,0,5,29,35
384,41,431.0,15.0,50.0,49.0,0,3,13,29
384,42,33.0,19.0,63.0,32.0,0,8,20,28
384,44,0.0,3278.0,17.0,18.0,0,2,25,27
384,45,397.0,2833.0,18.0,15.0,0,15,1,26
384,46,723.0,3041.0,101.0,431.0,0,5,10,17
385,38,2075.0,2696.0,85.0,33.0,0,23,18,49
385,39,717.0,2628.0,3.0,3.0,0,5,30,36
385,41,431.0,15.0,50.0,49.0,0,3,14,30
385,42,33.0,19.0,63.0,32.0,0,8,21,29
385,44,0.0,3278.0,17.0,18.0,0,2,26,28
385,45,408.0,2816.0,17.0,14.0,1,16,0,27
385,46,723.0,3041.0,101.0,431.0,0,5,11,18
386,38,2075.0,2696.0,85.0,33.0,0,23,19,50
386,39,717.0,2628.0,3.0,3.0,0,5,31,37
386,41,431.0,15.0,50.0,49.0,0,3,15,31
386,42,33.0,19.0,63.0,32.0,0,8,22,30
386,44,0.0,3278.0,17.0,18.0,0,2,27,29
386,45,408.0,2816.0,17.0,14.0,0,16,1,28
386,46,723.0,3041.0,101.0,431.0,0,5,12,19
387,38,2075.0,2696.0,85.0,33.0,0,23,20,51
387,39,717.0,2628.0,3.0,3.0,0,5,32,38
387,41,431.0,15.0,50.0,49.0,0,3,16,32
387,42,33.0,19.0,63.0,32.0,0,8,23,31
387,44,0.0,3278.0,17.0,18.0,0,2,28,30
387,45,408.0,2816.0,17.0,14.0,0,16,2,29
387,46,686.0,3026.0,90.0,454.0,1,6,0,20
387,47,0.0,2895.0,13.0,16.0,1,2,0,2
388,38,2075.0,2696.0,85.0,33.0,0,23,21,52
388,39,717.0,2628.0,3.0,3.0,0,5,33,39
388,41,431.0,15.0,50.0,49.0,0,3,17,33
388,42,33.0,19.0,63.0,32.0,0,8,24,32
388,44,0.0,3278.0,17.0,18.0,0,2,29,31
388,45,408.0,2816.0,17.0,14.0,0,16,3,30
388,46,686.0,3026.0,90.0,454.0,0,6,1,21
388,47,0.0,2895.0,13.0,16.0,0,2,1,3
389,38,2075.0,2696.0,85.0,33.0,0,23,22,53
389,39,717.0,2628.0,3.0,3.0,0,5,34,40
389,41,431.0,15.0,50.0,49.0,0,3,18,34
389,42,33.0,19.0,63.0,32.0,0,8,25,33
389,44,0.0,3278.0,17.0,18.0,0,2,30,32
389,45,408.0,2816.0,17.0,14.0,0,16,4,31
389,46,686.0,3026.0,90.0,454.0,0,6,2,22
389,47,0.0,2895.0,13.0,16.0,0,2,2,4
390,38,2075.0,2696.0,85.0,33.0,0,23,23,54
390,39,717.0,2628.0,3.0,3.0,0,5,35,41
390,41,431.0,15.0,50.0,49.0,0,3,19,35
390,42,33.0,19.0,63.0,32.0,0,8,26,34
390,44,0.0,3278.0,17.0,18.0,0,2,31,33
390,45,408.0,2816.0,17.0,14.0,0,16,5,32
390,46,686.0,3026.0,90.0,454.0,0,6,3,23
390,47,0.0,2895.0,13.0,16.0,0,2,3,5
391,38,2075.0,2696.0,85.0,33.0,0,23,24,55
391,39,717.0,2628.0,3.0,3.0,0,5,36,42
391,41,431.0,15.0,50.0,49.0,0,3,20,36
391,42,33.0,19.0,63.0,32.0,0,8,27,35
391,44,0.0,3278.0,17.0,18.0,0,2,32,34
391,45,408.0,2816.0,17.0,14.0,0,16,6,33
391,46,686.0,3026.0,90.0,454.0,0,6,4,24
391,47,0.0,2895.0,13.0,16.0,0,2,4,6
392,38,2075.0,2696.0,85.0,33.0,0,23,25,56
392,39,717.0,2628.0,3.0,3.0,0,5,37,43
392,41,431.0,15.0,50.0,49.0,0,3,21,37
392,42,33.0,19.0,63.0,32.0,0,8,28,36
392,44,0.0,3278.0,17.0,18.0,0,2,33,35
392,45,408.0,2816.0,17.0,14.0,0,16,7,34
392,46,686.0,3026.0,90.0,454.0,0,6,5,25
392,47,0.0,2895.0,13.0,16.0,0,2,5,7
393,38,2075.0,2696.0,85.0,33.0,0,23,26,57
393,39,717.0,2628.0,3.0,3.0,0,5,38,44
393,41,431.0,15.0,50.0,49.0,0,3,22,38
393,42,33.0,19.0,63.0,32.0,0,8,29,37
393,44,0.0,3278.0,17.0,18.0,0,2,34,36
393,45,408.0,2816.0,17.0,14.0,0,16,8,35
393,46,686.0,3026.0,90.0,454.0,0,6,6,26
393,47,0.0,2895.0,13.0,16.0,0,2,6,8
394,38,2075.0,2696.0,85.0,33.0,0,23,27,58
394,39,717.0,2628.0,3.0,3.0,0,5,39,45
394,41,431.0,15.0,50.0,49.0,0,3,23,39
394,42,33.0,19.0,63.0,32.0,0,8,30,38
394,44,0.0,3278.0,17.0,18.0,0,2,35,37
394,45,408.0,2816.0,17.0,14.0,0,16,9,36
394,46,686.0,3026.0,90.0,454.0,0,6,7,27
394,47,0.0,2895.0,13.0,16.0,0,2,7,9
395,38,2075.0,2696.0,85.0,33.0,0,23,28,59
395,39,717.0,2628.0,3.0,3.0,0,5,40,46
395,41,418.0,0.0,63.0,66.0,1,4,0,40
395,42,33.0,19.0,63.0,32.0,0,8,31,39
395,44,0.0,3278.0,17.0,18.0,0,2,36,38
395,45,408.0,2816.0,17.0,14.0,0,16,10,37
395,46,686.0,3026.0,90.0,454.0,0,6,8,28
395,47,0.0,2895.0,13.0,16.0,0,2,8,10
396,38,2075.0,2696.0,85.0,33.0,0,23,29,60
396,39,717.0,2628.0,3.0,3.0,0,5,41,47
396,41,418.0,0.0,63.0,66.0,1,5,0,41
396,42,33.0,19.0,63.0,32.0,0,8,32,40
396,44,0.0,3278.0,17.0,18.0,0,2,37,39
396,45,408.0,2816.0,17.0,14.0,0,16,11,38
396,46,686.0,3026.0,90.0,454.0,0,6,9,29
396,47,0.0,2895.0,13.0,16.0,0,2,9,11
397,38,2075.0,2696.0,85.0,33.0,0,23,30,61
397,39,717.0,2628.0,3.0,3.0,0,5,42,48
397,41,418.0,0.0,63.0,66.0,0,5,1,42
397,42,33.0,19.0,63.0,32.0,0,8,33,41
397,44,0.0,3278.0,17.0,18.0,0,2,38,40
397,45,408.0,2816.0,17.0,14.0,0,16,12,39
397,46,686.0,3026.0,90.0,454.0,0,6,10,30
397,47,0.0,2895.0,13.0,16.0,0,2,10,12
398,38,2075.0,2696.0,85.0,33.0,0,23,31,62
398,39,717.0,2628.0,3.0,3.0,0,5,43,49
398,41,418.0,0.0,63.0,66.0,0,5,2,43
398,42,33.0,19.0,63.0,32.0,0,8,34,42
398,44,0.0,3278.0,17.0,18.0,0,2,39,41
398,45,408.0,2816.0,17.0,14.0,0,16,13,40
398,46,686.0,3026.0,90.0,454.0,0,6,11,31
398,47,0.0,2895.0,13.0,16.0,0,2,11,13
399,38,2075.0,2696.0,85.0,33.0,0,23,32,63
399,39,717.0,2628.0,3.0,3.0,0,5,44,50
399,41,418.0,0.0,63.0,66.0,0,5,3,44
399,42,33.0,19.0,63.0,32.0,0,8,35,43
399,44,0.0,3278.0,17.0,18.0,0,2,40,42
399,45,408.0,2816.0,17.0,14.0,0,16,14,41
399,46,686.0,3026.0,90.0,454.0,0,6,12,32
399,47,0.0,2895.0,13.0,16.0,0,2,12,14
400,38,2075.0,2696.0,85.0,33.0,0,23,33,64
400,39,717.0,2628.0,3.0,3.0,0,5,45,51
400,41,418.0,0.0,63.0,66.0,0,5,4,45
400,42,33.0,19.0,63.0,32.0,0,8,36,44
400,44,0.0,3278.0,17.0,18.0,0,2,41,43
400,45,408.0,2816.0,17.0,14.0,0,16,15,42
400,46,686.0,3026.0,90.0,454.0,0,6,13,33
400,47,0.0,2895.0,13.0,16.0,0,2,13,15
401,38,2075.0,2696.0,85.0,33.0,0,23,34,65
401,39,717.0,2628.0,3.0,3.0,0,5,46,52
401,41,418.0,0.0,63.0,66.0,0,5,5,46
401,42,33.0,19.0,63.0,32.0,0,8,37,45
401,44,0.0,3278.0,17.0,18.0,0,2,42,44
401,45,408.0,2816.0,17.0,14.0,0,16,16,43
401,46,686.0,3026.0,90.0,454.0,0,6,14,34
401,47,0.0,2895.0,13.0,16.0,0,2,14,16
402,38,2075.0,2696.0,85.0,33.0,0,23,35,66
402,39,717.0,2628.0,3.0,3.0,0,5,47,53
402,41,418.0,0.0,63.0,66.0,0,5,6,47
402,42,33.0,19.0,63.0,32.0,0,8,38,46
402,44,0.0,3278.0,17.0,18.0,0,2,43,45
402,45,408.0,2816.0,17.0,14.0,0,16,17,44
402,46,686.0,3026.0,90.0,454.0,0,6,15,35
402,47,0.0,2895.0,13.0,16.0,0,2,15,17
403,38,2075.0,2696.0,85.0,33.0,0,23,36,67
403,39,717.0,2628.0,3.0,3.0,0,5,48,54
403,41,418.0,0.0,63.0,66.0,0,5,7,48
403,42,33.0,19.0,63.0,32.0,0,8,39,47
403,44,0.0,3278.0,17.0,18.0,0,2,44,46
403,45,408.0,2816.0,17.0,14.0,0,16,18,45
403,46,686.0,3026.0,90.0,454.0,0,6,16,36
403,47,0.0,2895.0,13.0,16.0,0,2,16,18
404,38,2075.0,2696.0,85.0,33.0,0,23,37,68
404,39,717.0,2628.0,3.0,3.0,0,5,49,55
404,41,418.0,0.0,63.0,66.0,0,5,8,49
404,42,33.0,19.0,63.0,32.0,0,8,40,48
404,44,0.0,3278.0,17.0,18.0,0,2,45,47
404,45,408.0,2816.0,17.0,14.0,0,16,19,46
404,46,686.0,3026.0,90.0,454.0,0,6,17,37
404,47,0.0,2895.0,13.0,16.0,0,2,17,19
405,38,2075.0,2696.0,85.0,33.0,0,23,38,69
405,39,717.0,2628.0,3.0,3.0,0,5,50,56
405,41,418.0,0.0,63.0,66.0,0,5,9,50
405,42,33.0,19.0,63.0,32.0,0,8,41,49
405,44,0.0,3278.0,17.0,18.0,0,2,46,48
405,45,408.0,2816.0,17.0,14.0,0,16,20,47
405,46,686.0,3026.0,90.0,454.0,0,6,18,38
405,47,0.0,2895.0,13.0,16.0,0,2,18,20
406,38,2075.0,2696.0,85.0,33.0,0,23,39,70
406,39,717.0,2628.0,3.0,3.0,0,5,51,57
406,41,418.0,0.0,63.0,66.0,0,5,10,51
406,42,33.0,19.0,63.0,32.0,0,8,42,50
406,44,0.0,3278.0,17.0,18.0,0,2,47,49
406,45,408.0,2816.0,17.0,14.0,0,16,21,48
406,46,686.0,3026.0,90.0,454.0,0,6,19,39
406,47,0.0,2895.0,13.0,16.0,0,2,19,21
407,38,2075.0,2696.0,85.0,33.0,0,23,40,71
407,39,717.0,2628.0,3.0,3.0,0,5,52,58
407,41,418.0,0.0,63.0,66.0,0,5,11,52
407,42,33.0,19.0,63.0,32.0,0,8,43,51
407,44,0.0,3278.0,17.0,18.0,0,2,48,50
407,45,408.0,2816.0,17.0,14.0,0,16,22,49
407,46,686.0,3026.0,90.0,454.0,0,6,20,40
407,47,0.0,2895.0,13.0,16.0,0,2,20,22
408,38,2075.0,2696.0,85.0,33.0,0,23,41,72
408,39,717.0,2628.0,3.0,3.0,0,5,53,59
408,41,418.0,0.0,63.0,66.0,0,5,12,53
408,42,33.0,19.0,63.0,32.0,0,8,44,52
408,44,0.0,3278.0,17.0,18.0,0,2,49,51
408,45,408.0,2816.0,17.0,14.0,0,16,23,50
408,46,686.0,3026.0,90.0,454.0,0,6,21,41
408,47,0.0,2895.0,13.0,16.0,0,2,21,23
409,38,2075.0,2696.0,85.0,33.0,0,23,42,73
409,39,717.0,2628.0,3.0,3.0,0,5,54,60
409,41,418.0,0.0,63.0,66.0,0,5,13,54
409,42,33.0,19.0,63.0,32.0,0,8,45,53
409,44,0.0,3278.0,17.0,18.0,0,2,50,52
409,45,408.0,2816.0,17.0,14.0,0,16,24,51
409,46,686.0,3026.0,90.0,454.0,0,6,22,42
409,47,0.0,2895.0,13.0,16.0,0,2,22,24
410,38,2075.0,2696.0,85.0,33.0,0,23,43,74
410,39,717.0,2628.0,3.0,3.0,0,5,55,61
410,41,418.0,0.0,63.0,66.0,0,5,14,55
410,42,33.0,19.0,63.0,32.0,0,8,46,54
410,44,0.0,3278.0,17.0,18.0,0,2,51,53
410,45,408.0,2816.0,17.0,14.0,0,16,25,52
410,46,686.0,3026.0,90.0,454.0,0,6,23,43
410,47,0.0,2895.0,13.0,16.0,0,2,23,25
410,48,2141.0,3195.0,19.0,16.0,1,2,0,2
411,38,2075.0,2696.0,85.0,33.0,0,23,44,75
411,39,717.0,2628.0,3.0,3.0,0,5,56,62
411,41,418.0,0.0,63.0,66.0,0,5,15,56
411,42,33.0,19.0,63.0,32.0,0,8,47,55
411,44,0.0,3278.0,17.0,18.0,0,2,52,54
411,45,408.0,2816.0,17.0,14.0,0,16,26,53
411,46,686.0,3026.0,90.0,454.0,0,6,24,44
411,47,0.0,2895.0,13.0,16.0,0,2,24,26
411,48,2141.0,3195.0,19.0,16.0,0,2,1,3
412,38,2075.0,2696.0,85.0,33.0,0,23,45,76
412,39,717.0,2628.0,3.0,3.0,0,5,57,63
412,41,418.0,0.0,63.0,66.0,0,5,16,57
412,42,33.0,19.0,63.0,32.0,0,8,48,56
412,44,0.0,3278.0,17.0,18.0,0,2,53,55
412,45,408.0,2816.0,17.0,14.0,0,16,27,54
412,46,686.0,3026.0,90.0,454.0,0,6,25,45
412,47,0.0,2895.0,13.0,16.0,0,2,25,27
412,48,2141.0,3195.0,19.0,16.0,0,2,2,4
413,38,2075.0,2696.0,85.0,33.0,0,23,46,77
413,39,717.0,2628.0,3.0,3.0,0,5,58,64
413,41,418.0,0.0,63.0,66.0,0,5,17,58
413,42,33.0,19.0,63.0,32.0,0,8,49,57
413,44,0.0,3278.0,17.0,18.0,0,2,54,56
413,45,408.0,2816.0,17.0,14.0,0,16,28,55
413,46,686.0,3026.0,90.0,454.0,0,6,26,46
413,47,0.0,2895.0,13.0,16.0,0,2,26,28
413,48,2141.0,3195.0,19.0,16.0,0,2,3,5
414,38,2075.0,2696.0,85.0,33.0,0,23,47,78
414,39,717.0,2628.0,3.0,3.0,0,5,59,65
414,41,418.0,0.0,63.0,66.0,0,5,18,59
414,42,33.0,19.0,63.0,32.0,0,8,50,58
414,44,0.0,3278.0,17.0,18.0,0,2,55,57
414,45,408.0,2816.0,17.0,14.0,0,16,29,56
414,46,686.0,3026.0,90.0,454.0,0,6,27,47
414,47,0.0,2895.0,13.0,16.0,0,2,27,29
414,48,2141.0,3195.0,19.0,16.0,0,2,4,6
415,38,2075.0,2696.0,85.0,33.0,0,23,48,79
415,41,418.0,0.0,63.0,66.0,0,5,19,60
415,42,33.0,19.0,63.0,32.0,0,8,51,59
415,44,0.0,3278.0,17.0,18.0,0,2,56,58
415,45,408.0,2816.0,17.0,14.0,0,16,30,57
415,46,686.0,3026.0,90.0,454.0,0,6,28,48
415,47,0.0,2895.0,13.0,16.0,0,2,28,30
415,48,2141.0,3195.0,19.0,16.0,0,2,5,7
416,38,2075.0,2696.0,85.0,33.0,0,23,49,80
416,41,418.0,0.0,63.0,66.0,0,5,20,61
416,42,33.0,19.0,63.0,32.0,0,8,52,60
416,44,0.0,3278.0,17.0,18.0,0,2,57,59
416,45,408.0,2816.0,17.0,14.0,0,16,31,58
416,46,686.0,3026.0,90.0,454.0,0,6,29,49
416,47,0.0,2895.0,13.0,16.0,0,2,29,31
416,48,2141.0,3195.0,19.0,16.0,0,2,6,8
417,38,2075.0,2696.0,85.0,33.0,0,23,50,81
417,41,418.0,0.0,63.0,66.0,0,5,21,62
417,42,33.0,19.0,63.0,32.0,0,8,53,61
417,44,0.0,3278.0,17.0,18.0,0,2,58,60
417,45,408.0,2816.0,17.0,14.0,0,16,32,59
417,46,686.0,3026.0,90.0,454.0,0,6,30,50
417,47,0.0,2895.0,13.0,16.0,0,2,30,32
417,48,2141.0,3195.0,19.0,16.0,0,2,7,9
418,38,2075.0,2696.0,85.0,33.0,0,23,51,82
418,41,418.0,0.0,63.0,66.0,0,5,22,63
418,42,33.0,19.0,63.0,32.0,0,8,54,62
418,44,0.0,3278.0,17.0,18.0,0,2,59,61
418,45,408.0,2816.0,17.0,14.0,0,16,33,60
418,46,686.0,3026.0,90.0,454.0,0,6,31,51
418,47,0.0,2895.0,13.0,16.0,0,2,31,33
418,48,2141.0,3195.0,19.0,16.0,0,2,8,10
419,38,2075.0,2696.0,85.0,33.0,0,23,52,83
419,41,418.0,0.0,63.0,66.0,0,5,23,64
419,42,33.0,19.0,63.0,32.0,0,8,55,63
419,45,408.0,2816.0,17.0,14.0,0,16,34,61
419,46,686.0,3026.0,90.0,454.0,0,6,32,52
419,47,0.0,2895.0,13.0,16.0,0,2,32,34
419,48,2141.0,3195.0,19.0,16.0,0,2,9,11
420,38,2075.0,2696.0,85.0,33.0,0,23,53,84
420,41,420.0,17.0,54.0,38.0,1,6,0,65
420,42,33.0,19.0,63.0,32.0,0,8,56,64
420,45,408.0,2816.0,17.0,14.0,0,16,35,62
420,46,686.0,3026.0,90.0,454.0,0,6,33,53
420,47,0.0,2895.0,13.0,16.0,0,2,33,35
420,48,2141.0,3195.0,19.0,16.0,0,2,10,12
421,38,2075.0,2696.0,85.0,33.0,0,23,54,85
421,41,384.0,30.0,5.0,20.0,1,7,0,66
421,42,33.0,19.0,63.0,32.0,0,8,57,65
421,45,408.0,2816.0,17.0,14.0,0,16,36,63
421,46,686.0,3026.0,90.0,454.0,0,6,34,54
421,47,0.0,2895.0,13.0,16.0,0,2,34,36
421,48,2141.0,3195.0,19.0,16.0,0,2,11,13
422,38,2075.0,2696.0,85.0,33.0,0,23,55,86
422,41,337.0,19.0,55.0,34.0,1,8,0,67
422,42,33.0,19.0,63.0,32.0,0,8,58,66
422,45,408.0,2816.0,17.0,14.0,0,16,37,64
422,46,686.0,3026.0,90.0,454.0,0,6,35,55
422,47,0.0,2895.0,13.0,16.0,0,2,35,37
422,48,2061.0,2985.0,99.0,33.0,1,3,0,14
423,38,2075.0,2696.0,85.0,33.0,0,23,56,87
423,41,288.0,19.0,64.0,31.0,1,9,0,68
423,42,33.0,19.0,63.0,32.0,0,8,59,67
423,45,408.0,2816.0,17.0,14.0,0,16,38,65
423,46,686.0,3026.0,90.0,454.0,0,6,36,56
423,47,0.0,2895.0,13.0,16.0,0,2,36,38
423,48,2058.0,2969.0,102.0,52.0,1,4,0,15
424,38,2075.0,2696.0,85.0,33.0,0,23,57,88
424,41,245.0,19.0,64.0,29.0,1,10,0,69
424,45,408.0,2816.0,17.0,14.0,0,16,39,66
424,46,686.0,3026.0,90.0,454.0,0,6,37,57
424,47,0.0,2895.0,13.0,16.0,0,2,37,39
424,48,2055.0,2952.0,105.0,34.0,1,5,0,16
425,38,2075.0,2696.0,85.0,33.0,0,23,58,89
425,41,197.0,19.0,57.0,30.0,1,11,0,70
425,45,408.0,2816.0,17.0,14.0,0,16,40,67
425,46,686.0,3026.0,90.0,454.0,0,6,38,58
425,47,0.0,2895.0,13.0,16.0,0,2,38,40
425,48,2053.0,2955.0,26.0,14.0,1,6,0,17
426,38,2075.0,2696.0,85.0,33.0,0,23,59,90
426,41,149.0,19.0,50.0,31.0,1,12,0,71
426,45,408.0,2816.0,17.0,14.0,0,16,41,68
426,46,686.0,3026.0,90.0,454.0,0,6,39,59
426,47,0.0,2895.0,13.0,16.0,0,2,39,41
426,48,2051.0,2935.0,26.0,12.0,1,7,0,18
427,41,85.0,19.0,56.0,31.0,1,13,0,72
427,45,408.0,2816.0,17.0,14.0,0,16,42,69
427,46,686.0,3026.0,90.0,454.0,0,6,40,60
427,47,0.0,2895.0,13.0,16.0,0,2,40,42
427,48,2049.0,2920.0,29.0,9.0,1,8,0,19
428,41,23.0,19.0,64.0,31.0,1,14,0,73
428,45,408.0,2816.0,17.0,14.0,0,16,43,70
428,46,686.0,3026.0,90.0,454.0,0,6,41,61
428,47,0.0,2895.0,13.0,16.0,0,2,41,43
428,48,2048.0,2904.0,36.0,12.0,1,9,0,20
429,41,23.0,19.0,64.0,31.0,0,14,1,74
429,45,408.0,2816.0,17.0,14.0,0,16,44,71
429,46,686.0,3026.0,90.0,454.0,0,6,42,62
429,47,0.0,2895.0,13.0,16.0,0,2,42,44
429,48,2047.0,2878.0,113.0,35.0,1,10,0,21
430,41,23.0,19.0,64.0,31.0,0,14,2,75
430,45,408.0,2816.0,17.0,14.0,0,16,45,72
430,46,686.0,3026.0,90.0,454.0,0,6,43,63
430,47,0.0,2895.0,13.0,16.0,0,2,43,45
430,48,2048.0,2863.0,112.0,28.0,1,11,0,22
431,41,23.0,19.0,64.0,31.0,0,14,3,76
431,45,408.0,2816.0,17.0,14.0,0,16,46,73
431,46,686.0,3026.0,90.0,454.0,0,6,44,64
431,47,0.0,2895.0,13.0,16.0,0,2,44,46
431,48,2046.0,2847.0,114.0,18.0,1,12,0,23
432,41,23.0,19.0,64.0,31.0,0,14,4,77
432,45,408.0,2816.0,17.0,14.0,0,16,47,74
432,46,686.0,3026.0,90.0,454.0,0,6,45,65
432,47,0.0,2895.0,13.0,16.0,0,2,45,47
432,48,2049.0,2831.0,111.0,22.0,1,13,0,24
433,41,23.0,19.0,64.0,31.0,0,14,5,78
433,45,408.0,2816.0,17.0,14.0,0,16,48,75
433,46,686.0,3026.0,90.0,454.0,0,6,46,66
433,47,0.0,2895.0,13.0,16.0,0,2,46,48
433,48,2051.0,2814.0,109.0,26.0,1,14,0,25
434,41,23.0,19.0,64.0,31.0,0,14,6,79
434,45,408.0,2816.0,17.0,14.0,0,16,49,76
434,46,686.0,3026.0,90.0,454.0,0,6,47,67
434,47,0.0,2895.0,13.0,16.0,0,2,47,49
434,48,2052.0,2798.0,108.0,22.0,1,15,0,26
435,41,23.0,19.0,64.0,31.0,0,14,7,80
435,45,408.0,2816.0,17.0,14.0,0,16,50,77
435,46,686.0,3026.0,90.0,454.0,0,6,48,68
435,47,0.0,2895.0,13.0,16.0,0,2,48,50
435,48,2055.0,2779.0,105.0,26.0,1,16,0,27
436,41,23.0,19.0,64.0,31.0,0,14,8,81
436,45,408.0,2816.0,17.0,14.0,0,16,51,78
436,46,686.0,3026.0,90.0,454.0,0,6,49,69
436,47,0.0,2895.0,13.0,16.0,0,2,49,51
436,48,2059.0,2762.0,101.0,28.0,1,17,0,28
437,41,23.0,19.0,64.0,31.0,0,14,9,82
437,45,408.0,2816.0,17.0,14.0,0,16,52,79
437,46,686.0,3026.0,90.0,454.0,0,6,50,70
437,47,0.0,2895.0,13.0,16.0,0,2,50,52
437,48,2062.0,2747.0,98.0,28.0,1,18,0,29
438,41,23.0,19.0,64.0,31.0,0,14,10,83
438,45,408.0,2816.0,17.0,14.0,0,16,53,80
438,46,686.0,3026.0,90.0,454.0,0,6,51,71
438,47,0.0,2895.0,13.0,16.0,0,2,51,53
438,48,2067.0,2730.0,93.0,31.0,1,19,0,30
439,41,23.0,19.0,64.0,31.0,0,14,11,84
439,45,408.0,2816.0,17.0,14.0,0,16,54,81
439,46,686.0,3026.0,90.0,454.0,0,6,52,72
439,47,0.0,2895.0,13.0,16.0,0,2,52,54
439,48,2067.0,2730.0,93.0,31.0,0,19,1,31
440,41,23.0,19.0,64.0,31.0,0,14,12,85
440,45,408.0,2816.0,17.0,14.0,0,16,55,82
440,46,686.0,3026.0,90.0,454.0,0,6,53,73
440,47,0.0,2895.0,13.0,16.0,0,2,53,55
440,48,2075.0,2694.0,85.0,34.0,1,20,0,32
441,41,23.0,19.0,64.0,31.0,0,14,13,86
441,45,408.0,2816.0,17.0,14.0,0,16,56,83
441,46,686.0,3026.0,90.0,454.0,0,6,54,74
441,47,0.0,2895.0,13.0,16.0,0,2,54,56
441,48,2078.0,2678.0,14.0,8.0,1,21,0,33
442,41,23.0,19.0,64.0,31.0,0,14,14,87
442,45,408.0,2816.0,17.0,14.0,0,16,57,84
442,46,686.0,3026.0,90.0,454.0,0,6,55,75
442,47,0.0,2895.0,13.0,16.0,0,2,55,57
442,48,2078.0,2678.0,14.0,8.0,0,21,1,34
443,41,23.0,19.0,64.0,31.0,0,14,15,88
443,45,408.0,2816.0,17.0,14.0,0,16,58,85
443,46,686.0,3026.0,90.0,454.0,0,6,56,76
443,47,0.0,2895.0,13.0,16.0,0,2,56,58
443,48,2078.0,2678.0,14.0,8.0,0,21,2,35
444,41,23.0,19.0,64.0,31.0,0,14,16,89
444,45,408.0,2816.0,17.0,14.0,0,16,59,86
444,46,686.0,3026.0,90.0,454.0,0,6,57,77
444,47,0.0,2895.0,13.0,16.0,0,2,57,59
444,48,2078.0,2678.0,14.0,8.0,0,21,3,36
445,41,23.0,19.0,64.0,31.0,0,14,17,90
445,46,686.0,3026.0,90.0,454.0,0,6,58,78
445,47,0.0,2895.0,13.0,16.0,0,2,58,60
445,48,2078.0,2678.0,14.0,8.0,0,21,4,37
445,53,0.0,3269.0,22.0,22.0,1,2,0,2
446,41,23.0,19.0,64.0,31.0,0,14,18,91
446,46,686.0,3026.0,90.0,454.0,0,6,59,79
446,47,0.0,2895.0,13.0,16.0,0,2,59,61
446,48,2078.0,2678.0,14.0,8.0,0,21,5,38
446,53,0.0,3279.0,17.0,19.0,1,3,0,3
447,41,23.0,19.0,64.0,31.0,0,14,19,92
447,48,2078.0,2678.0,14.0,8.0,0,21,6,39
447,53,0.0,3279.0,17.0,19.0,0,3,1,4
448,41,23.0,19.0,64.0,31.0,0,14,20,93
448,48,2078.0,2678.0,14.0,8.0,0,21,7,40
448,53,0.0,3279.0,17.0,19.0,0,3,2,5
449,41,23.0,19.0,64.0,31.0,0,14,21,94
449,48,2078.0,2678.0,14.0,8.0,0,21,8,41
449,53,0.0,3279.0,17.0,19.0,0,3,3,6
450,41,23.0,19.0,64.0,31.0,0,14,22,95
450,48,2078.0,2678.0,14.0,8.0,0,21,9,42
450,53,0.0,3279.0,17.0,19.0,0,3,4,7
451,41,23.0,19.0,64.0,31.0,0,14,23,96
451,48,2078.0,2678.0,14.0,8.0,0,21,10,43
451,53,0.0,3279.0,17.0,19.0,0,3,5,8
452,41,23.0,19.0,64.0,31.0,0,14,24,97
452,48,2078.0,2678.0,14.0,8.0,0,21,11,44
452,53,0.0,3279.0,17.0,19.0,0,3,6,9
452,56,724.0,3040.0,137.0,420.0,1,2,0,2
453,41,23.0,19.0,64.0,31.0,0,14,25,98
453,48,2078.0,2678.0,14.0,8.0,0,21,12,45
453,53,0.0,3279.0,17.0,19.0,0,3,7,10
453,56,724.0,3040.0,127.0,423.0,1,3,0,3
454,41,23.0,19.0,64.0,31.0,0,14,26,99
454,48,2078.0,2678.0,14.0,8.0,0,21,13,46
454,53,0.0,3279.0,17.0,19.0,0,3,8,11
454,56,726.0,3044.0,113.0,422.0,1,4,0,4
455,41,23.0,19.0,64.0,31.0,0,14,27,100
455,48,2078.0,2678.0,14.0,8.0,0,21,14,47
455,53,0.0,3279.0,17.0,19.0,0,3,9,12
455,56,726.0,3044.0,113.0,422.0,0,4,1,5
456,41,23.0,19.0,64.0,31.0,0,14,28,101
456,48,2078.0,2678.0,14.0,8.0,0,21,15,48
456,53,0.0,3279.0,17.0,19.0,0,3,10,13
456,56,726.0,3044.0,93.0,428.0,1,5,0,6
457,41,23.0,19.0,64.0,31.0,0,14,29,102
457,48,2078.0,2678.0,14.0,8.0,0,21,16,49
457,53,0.0,3279.0,17.0,19.0,0,3,11,14
457,56,726.0,3044.0,93.0,428.0,0,5,1,7
458,41,23.0,19.0,64.0,31.0,0,14,30,103
458,48,2078.0,2678.0,14.0,8.0,0,21,17,50
458,53,0.0,3279.0,17.0,19.0,0,3,12,15
458,56,726.0,3044.0,93.0,428.0,0,5,2,8
459,41,23.0,19.0,64.0,31.0,0,14,31,104
459,48,2078.0,2678.0,14.0,8.0,0,21,18,51
459,53,0.0,3279.0,17.0,19.0,0,3,13,16
459,56,726.0,3044.0,93.0,428.0,0,5,3,9
460,41,23.0,19.0,64.0,31.0,0,14,32,105
460,48,2078.0,2678.0,14.0,8.0,0,21,19,52
460,53,0.0,3279.0,17.0,19.0,0,3,14,17
460,56,726.0,3044.0,93.0,428.0,0,5,4,10
461,41,23.0,19.0,64.0,31.0,0,14,33,106
461,48,2078.0,2678.0,14.0,8.0,0,21,20,53
461,53,0.0,3279.0,17.0,19.0,0,3,15,18
461,56,726.0,3044.0,93.0,428.0,0,5,5,11
462,41,23.0,19.0,64.0,31.0,0,14,34,107
462,48,2078.0,2678.0,14.0,8.0,0,21,21,54
462,53,0.0,3279.0,17.0,19.0,0,3,16,19
462,56,726.0,3044.0,93.0,428.0,0,5,6,12
463,41,23.0,19.0,64.0,31.0,0,14,35,108
463,48,2078.0,2678.0,14.0,8.0,0,21,22,55
463,53,0.0,3279.0,17.0,19.0,0,3,17,20
463,56,726.0,3044.0,93.0,428.0,0,5,7,13
464,41,23.0,19.0,64.0,31.0,0,14,36,109
464,48,2078.0,2678.0,14.0,8.0,0,21,23,56
464,53,0.0,3279.0,17.0,19.0,0,3,18,21
464,56,726.0,3044.0,93.0,428.0,0,5,8,14
465,41,23.0,19.0,64.0,31.0,0,14,37,110
465,48,2078.0,2678.0,14.0,8.0,0,21,24,57
465,53,0.0,3279.0,17.0,19.0,0,3,19,22
465,56,726.0,3044.0,93.0,428.0,0,5,9,15
466,41,23.0,19.0,64.0,31.0,0,14,38,111
466,48,2078.0,2678.0,14.0,8.0,0,21,25,58
466,53,0.0,3279.0,17.0,19.0,0,3,20,23
466,56,726.0,3044.0,93.0,428.0,0,5,10,16
467,41,23.0,19.0,64.0,31.0,0,14,39,112
467,48,2078.0,2678.0,14.0,8.0,0,21,26,59
467,53,0.0,3279.0,17.0,19.0,0,3,21,24
467,56,726.0,3044.0,93.0,428.0,0,5,11,17
468,41,23.0,19.0,64.0,31.0,0,14,40,113
468,48,2078.0,2678.0,14.0,8.0,0,21,27,60
468,53,0.0,3279.0,17.0,19.0,0,3,22,25
468,56,692.0,3023.0,85.0,458.0,1,6,0,18
469,41,23.0,19.0,64.0,31.0,0,14,41,114
469,48,2078.0,2678.0,14.0,8.0,0,21,28,61
469,53,0.0,3279.0,17.0,19.0,0,3,23,26
469,56,692.0,3023.0,85.0,458.0,0,6,1,19
470,41,23.0,19.0,64.0,31.0,0,14,42,115
470,48,2078.0,2678.0,14.0,8.0,0,21,29,62
470,53,0.0,3279.0,17.0,19.0,0,3,24,27
470,56,692.0,3023.0,85.0,458.0,0,6,2,20
471,41,23.0,19.0,64.0,31.0,0,14,43,116
471,48,2078.0,2678.0,14.0,8.0,0,21,30,63
471,53,0.0,3279.0,17.0,19.0,0,3,25,28
471,56,692.0,3023.0,85.0,458.0,0,6,3,21
472,41,23.0,19.0,64.0,31.0,0,14,44,117
472,48,2078.0,2678.0,14.0,8.0,0,21,31,64
472,53,0.0,3279.0,17.0,19.0,0,3,26,29
472,56,692.0,3023.0,85.0,458.0,0,6,4,22
473,41,23.0,19.0,64.0,31.0,0,14,45,118
473,48,2078.0,2678.0,14.0,8.0,0,21,32,65
473,53,0.0,3279.0,17.0,19.0,0,3,27,30
473,56,692.0,3023.0,85.0,458.0,0,6,5,23
474,41,23.0,19.0,64.0,31.0,0,14,46,119
474,48,2078.0,2678.0,14.0,8.0,0,21,33,66
474,53,0.0,3279.0,17.0,19.0,0,3,28,31
474,56,692.0,3023.0,85.0,458.0,0,6,6,24
474,58,0.0,2895.0,14.0,17.0,1,2,0,2
475,41,23.0,19.0,64.0,31.0,0,14,47,120
475,48,2078.0,2678.0,14.0,8.0,0,21,34,67
475,53,0.0,3279.0,17.0,19.0,0,3,29,32
475,56,692.0,3023.0,85.0,458.0,0,6,7,25
475,58,0.0,2895.0,14.0,17.0,0,2,1,3
476,41,23.0,19.0,64.0,31.0,0,14,48,121
476,48,2078.0,2678.0,14.0,8.0,0,21,35,68
476,53,0.0,3279.0,17.0,19.0,0,3,30,33
476,56,692.0,3023.0,85.0,458.0,0,6,8,26
476,58,0.0,2895.0,14.0,17.0,0,2,2,4
477,41,23.0,19.0,64.0,31.0,0,14,49,122
477,48,2078.0,2678.0,14.0,8.0,0,21,36,69
477,53,0.0,3279.0,17.0,19.0,0,3,31,34
477,56,692.0,3023.0,85.0,458.0,0,6,9,27
477,58,0.0,2895.0,14.0,17.0,0,2,3,5
478,41,23.0,19.0,64.0,31.0,0,14,50,123
478,48,2078.0,2678.0,14.0,8.0,0,21,37,70
478,53,0.0,3279.0,17.0,19.0,0,3,32,35
478,56,692.0,3023.0,85.0,458.0,0,6,10,28
478,58,0.0,2895.0,14.0,17.0,0,2,4,6
479,41,23.0,19.0,64.0,31.0,0,14,51,124
479,48,2078.0,2678.0,14.0,8.0,0,21,38,71
479,53,0.0,3279.0,17.0,19.0,0,3,33,36
479,56,692.0,3023.0,85.0,458.0,0,6,11,29
479,58,0.0,2895.0,14.0,17.0,0,2,5,7
480,41,23.0,19.0,64.0,31.0,0,14,52,125
480,48,2078.0,2678.0,14.0,8.0,0,21,39,72
480,53,0.0,3279.0,17.0,19.0,0,3,34,37
480,56,692.0,3023.0,85.0,458.0,0,6,12,30
480,58,0.0,2895.0,14.0,17.0,0,2,6,8
481,41,23.0,19.0,64.0,31.0,0,14,53,126
481,48,2078.0,2678.0,14.0,8.0,0,21,40,73
481,53,0.0,3279.0,17.0,19.0,0,3,35,38
481,56,692.0,3023.0,85.0,458.0,0,6,13,31
481,58,0.0,2895.0,14.0,17.0,0,2,7,9
481,59,318.0,19.0,75.0,46.0,1,2,0,2
482,41,23.0,19.0,64.0,31.0,0,14,54,127
482,48,2078.0,2678.0,14.0,8.0,0,21,41,74
482,53,0.0,3279.0,17.0,19.0,0,3,36,39
482,56,692.0,3023.0,85.0,458.0,0,6,14,32
482,58,0.0,2895.0,14.0,17.0,0,2,8,10
482,59,283.0,19.0,58.0,33.0,1,3,0,3
483,41,23.0,19.0,64.0,31.0,0,14,55,128
483,48,2078.0,2678.0,14.0,8.0,0,21,42,75
483,53,0.0,3279.0,17.0,19.0,0,3,37,40
483,56,692.0,3023.0,85.0,458.0,0,6,15,33
483,58,0.0,2895.0,14.0,17.0,0,2,9,11
483,59,237.0,19.0,61.0,33.0,1,4,0,4
483,60,2141.0,3195.0,19.0,15.0,1,2,0,2
484,41,23.0,19.0,64.0,31.0,0,14,56,129
484,48,2078.0,2678.0,14.0,8.0,0,21,43,76
484,53,0.0,3279.0,17.0,19.0,0,3,38,41
484,56,692.0,3023.0,85.0,458.0,0,6,16,34
484,58,0.0,2895.0,14.0,17.0,0,2,10,12
484,59,182.0,19.0,64.0,33.0,1,5,0,5
484,60,2132.0,3171.0,28.0,24.0,1,3,0,3
485,41,23.0,19.0,64.0,31.0,0,14,57,130
485,48,2078.0,2678.0,14.0,8.0,0,21,44,77
485,53,0.0,3279.0,17.0,19.0,0,3,39,42
485,56,692.0,3023.0,85.0,458.0,0,6,17,35
485,58,0.0,2895.0,14.0,17.0,0,2,11,13
485,59,123.0,19.0,64.0,33.0,1,6,0,6
485,60,2132.0,3171.0,28.0,24.0,0,3,1,4
486,41,23.0,19.0,64.0,31.0,0,14,58,131
486,48,2078.0,2678.0,14.0,8.0,0,21,45,78
486,53,0.0,3279.0,17.0,19.0,0,3,40,43
486,56,692.0,3023.0,85.0,458.0,0,6,18,36
486,58,0.0,2895.0,14.0,17.0,0,2,12,14
486,59,62.0,19.0,62.0,33.0,1,7,0,7
486,60,2132.0,3171.0,28.0,24.0,0,3,2,5
487,41,23.0,19.0,64.0,31.0,0,14,59,132
487,48,2078.0,2678.0,14.0,8.0,0,21,46,79
487,53,0.0,3279.0,17.0,19.0,0,3,41,44
487,56,692.0,3023.0,85.0,458.0,0,6,19,37
487,58,0.0,2895.0,14.0,17.0,0,2,13,15
487,59,3.0,19.0,52.0,33.0,1,8,0,8
487,60,2132.0,3171.0,28.0,24.0,0,3,3,6
488,48,2078.0,2678.0,14.0,8.0,0,21,47,80
488,53,0.0,3279.0,17.0,19.0,0,3,42,45
488,56,692.0,3023.0,85.0,458.0,0,6,20,38
488,58,0.0,2895.0,14.0,17.0,0,2,14,16
488,59,3.0,19.0,52.0,33.0,0,8,1,9
488,60,2132.0,3171.0,28.0,24.0,0,3,4,7
489,48,2078.0,2678.0,14.0,8.0,0,21,48,81
489,53,0.0,3279.0,17.0,19.0,0,3,43,46
489,56,692.0,3023.0,85.0,458.0,0,6,21,39
489,58,0.0,2895.0,14.0,17.0,0,2,15,17
489,59,3.0,19.0,52.0,33.0,0,8,2,10
489,60,2132.0,3171.0,28.0,24.0,0,3,5,8
490,48,2078.0,2678.0,14.0,8.0,0,21,49,82
490,53,0.0,3279.0,17.0,19.0,0,3,44,47
490,56,692.0,3023.0,85.0,458.0,0,6,22,40
490,58,0.0,2895.0,14.0,17.0,0,2,16,18
490,59,3.0,19.0,52.0,33.0,0,8,3,11
490,60,2132.0,3171.0,28.0,24.0,0,3,6,9
491,48,2078.0,2678.0,14.0,8.0,0,21,50,83
491,53,0.0,3279.0,17.0,19.0,0,3,45,48
491,56,692.0,3023.0,85.0,458.0,0,6,23,41
491,58,0.0,2895.0,14.0,17.0,0,2,17,19
491,59,3.0,19.0,52.0,33.0,0,8,4,12
491,60,2078.0,3046.0,82.0,40.0,1,4,0,10
492,48,2078.0,2678.0,14.0,8.0,0,21,51,84
492,53,0.0,3279.0,17.0,19.0,0,3,46,49
492,56,692.0,3023.0,85.0,458.0,0,6,24,42
492,58,0.0,2895.0,14.0,17.0,0,2,18,20
492,59,3.0,19.0,52.0,33.0,0,8,5,13
492,60,2075.0,3030.0,85.0,39.0,1,5,0,11
493,48,2078.0,2678.0,14.0,8.0,0,21,52,85
493,53,0.0,3279.0,17.0,19.0,0,3,47,50
493,56,692.0,3023.0,85.0,458.0,0,6,25,43
493,58,0.0,2895.0,14.0,17.0,0,2,19,21
493,59,3.0,19.0,52.0,33.0,0,8,6,14
493,60,2071.0,3015.0,89.0,34.0,1,6,0,12
494,48,2078.0,2678.0,14.0,8.0,0,21,53,86
494,53,0.0,3279.0,17.0,19.0,0,3,48,51
494,56,692.0,3023.0,85.0,458.0,0,6,26,44
494,58,0.0,2895.0,14.0,17.0,0,2,20,22
494,59,3.0,19.0,52.0,33.0,0,8,7,15
494,60,2065.0,2999.0,95.0,36.0,1,7,0,13
495,48,2078.0,2678.0,14.0,8.0,0,21,54,87
495,53,0.0,3279.0,17.0,19.0,0,3,49,52
495,56,692.0,3023.0,85.0,458.0,0,6,27,45
495,58,0.0,2895.0,14.0,17.0,0,2,21,23
495,59,3.0,19.0,52.0,33.0,0,8,8,16
495,60,2061.0,2983.0,99.0,33.0,1,8,0,14
496,48,2078.0,2678.0,14.0,8.0,0,21,55,88
496,53,0.0,3279.0,17.0,19.0,0,3,50,53
496,56,692.0,3023.0,85.0,458.0,0,6,28,46
496,58,0.0,2895.0,14.0,17.0,0,2,22,24
496,59,3.0,19.0,52.0,33.0,0,8,9,17
496,60,2059.0,2968.0,101.0,31.0,1,9,0,15
496,61,421.0,0.0,60.0,56.0,1,2,0,2
497,48,2078.0,2678.0,14.0,8.0,0,21,56,89
497,53,0.0,3279.0,17.0,19.0,0,3,51,54
497,56,692.0,3023.0,85.0,458.0,0,6,29,47
497,58,0.0,2895.0,14.0,17.0,0,2,23,25
497,59,3.0,19.0,52.0,33.0,0,8,10,18
497,60,2055.0,2953.0,105.0,32.0,1,10,0,16
497,61,421.0,0.0,60.0,56.0,0,2,1,3
498,48,2078.0,2678.0,14.0,8.0,0,21,57,90
498,53,0.0,3279.0,17.0,19.0,0,3,52,55
498,56,692.0,3023.0,85.0,458.0,0,6,30,48
498,58,0.0,2895.0,14.0,17.0,0,2,24,26
498,59,3.0,19.0,52.0,33.0,0,8,11,19
498,60,2052.0,2938.0,108.0,27.0,1,11,0,17
498,61,421.0,0.0,60.0,56.0,0,2,2,4
499,48,2078.0,2678.0,14.0,8.0,0,21,58,91
499,53,0.0,3279.0,17.0,19.0,0,3,53,56
499,56,692.0,3023.0,85.0,458.0,0,6,31,49
499,58,0.0,2895.0,14.0,17.0,0,2,25,27
499,59,3.0,19.0,52.0,33.0,0,8,12,20
499,60,2051.0,2923.0,109.0,28.0,1,12,0,18
499,61,421.0,0.0,60.0,56.0,0,2,3,5
500,48,2078.0,2678.0,14.0,8.0,0,21,59,92
500,53,0.0,3279.0,17.0,19.0,0,3,54,57
500,56,692.0,3023.0,85.0,458.0,0,6,32,50
500,58,0.0,2895.0,14.0,17.0,0,2,26,28
500,59,3.0,19.0,52.0,33.0,0,8,13,21
500,60,2048.0,2914.0,55.0,19.0,1,13,0,19
500,61,421.0,0.0,60.0,56.0,0,2,4,6
501,53,0.0,3279.0,17.0,19.0,0,3,55,58
501,56,692.0,3023.0,85.0,458.0,0,6,33,51
501,58,0.0,2895.0,14.0,17.0,0,2,27,29
501,59,3.0,19.0,52.0,33.0,0,8,14,22
501,60,2048.0,2894.0,112.0,20.0,1,14,0,20
501,61,421.0,0.0,60.0,56.0,0,2,5,7
502,53,0.0,3279.0,17.0,19.0,0,3,56,59
502,56,692.0,3023.0,85.0,458.0,0,6,34,52
502,58,0.0,2895.0,14.0,17.0,0,2,28,30
502,59,3.0,19.0,52.0,33.0,0,8,15,23
502,60,2049.0,2878.0,111.0,20.0,1,15,0,21
502,61,421.0,0.0,60.0,56.0,0,2,6,8
503,53,0.0,3279.0,17.0,19.0,0,3,57,60
503,56,692.0,3023.0,85.0,458.0,0,6,35,53
503,58,0.0,2895.0,14.0,17.0,0,2,29,31
503,59,3.0,19.0,52.0,33.0,0,8,16,24
503,60,2048.0,2863.0,112.0,17.0,1,16,0,22
503,61,421.0,0.0,60.0,56.0,0,2,7,9
504,53,0.0,3279.0,17.0,19.0,0,3,58,61
504,56,692.0,3023.0,85.0,458.0,0,6,36,54
504,58,0.0,2895.0,14.0,17.0,0,2,30,32
504,59,3.0,19.0,52.0,33.0,0,8,17,25
504,60,2048.0,2847.0,112.0,17.0,1,17,0,23
504,61,421.0,0.0,60.0,56.0,0,2,8,10
505,53,0.0,3279.0,17.0,19.0,0,3,59,62
505,56,692.0,3023.0,85.0,458.0,0,6,37,55
505,58,0.0,2895.0,14.0,17.0,0,2,31,33
505,59,3.0,19.0,52.0,33.0,0,8,18,26
505,60,2050.0,2830.0,110.0,20.0,1,18,0,24
505,61,421.0,0.0,60.0,56.0,0,2,9,11
506,56,692.0,3023.0,85.0,458.0,0,6,38,56
506,58,0.0,2895.0,14.0,17.0,0,2,32,34
506,59,3.0,19.0,52.0,33.0,0,8,19,27
506,60,2051.0,2814.0,109.0,23.0,1,19,0,25
506,61,421.0,0.0,60.0,56.0,0,2,10,12
507,56,692.0,3023.0,85.0,458.0,0,6,39,57
507,58,0.0,2895.0,14.0,17.0,0,2,33,35
507,59,3.0,19.0,52.0,33.0,0,8,20,28
507,60,2053.0,2798.0,107.0,22.0,1,20,0,26
507,61,421.0,0.0,60.0,56.0,0,2,11,13
508,56,692.0,3023.0,85.0,458.0,0,6,40,58
508,58,0.0,2895.0,14.0,17.0,0,2,34,36
508,59,3.0,19.0,52.0,33.0,0,8,21,29
508,60,2056.0,2778.0,104.0,27.0,1,21,0,27
508,61,421.0,0.0,60.0,56.0,0,2,12,14
509,56,692.0,3023.0,85.0,458.0,0,6,41,59
509,58,0.0,2895.0,14.0,17.0,0,2,35,37
509,59,3.0,19.0,52.0,33.0,0,8,22,30
509,60,2059.0,2765.0,31.0,14.0,1,22,0,28
509,61,421.0,0.0,60.0,56.0,0,2,13,15
510,56,692.0,3023.0,85.0,458.0,0,6,42,60
510,58,0.0,2895.0,14.0,17.0,0,2,36,38
510,59,3.0,19.0,52.0,33.0,0,8,23,31
510,60,2062.0,2747.0,98.0,27.0,1,23,0,29
510,61,421.0,0.0,60.0,56.0,0,2,14,16
511,56,692.0,3023.0,85.0,458.0,0,6,43,61
511,58,0.0,2895.0,14.0,17.0,0,2,37,39
511,59,3.0,19.0,52.0,33.0,0,8,24,32
511,60,2066.0,2730.0,94.0,29.0,1,24,0,30
511,61,421.0,0.0,60.0,56.0,0,2,15,17
512,56,692.0,3023.0,85.0,458.0,0,6,44,62
512,58,0.0,2895.0,14.0,17.0,0,2,38,40
512,59,3.0,19.0,52.0,33.0,0,8,25,33
512,60,2071.0,2711.0,89.0,33.0,1,25,0,31
512,61,421.0,0.0,60.0,56.0,0,2,16,18
512,62,707.0,2625.0,119.0,431.0,1,2,0,2
513,56,692.0,3023.0,85.0,458.0,0,6,45,63
513,58,0.0,2895.0,14.0,17.0,0,2,39,41
513,59,3.0,19.0,52.0,33.0,0,8,26,34
513,60,2075.0,2694.0,85.0,34.0,1,26,0,32
513,61,421.0,0.0,60.0,56.0,0,2,17,19
513,62,707.0,2625.0,119.0,431.0,0,2,1,3
514,56,692.0,3023.0,85.0,458.0,0,6,46,64
514,58,0.0,2895.0,14.0,17.0,0,2,40,42
514,59,3.0,19.0,52.0,33.0,0,8,27,35
514,60,2082.0,2678.0,78.0,35.0,1,27,0,33
514,61,421.0,0.0,60.0,56.0,0,2,18,20
514,62,705.0,2629.0,141.0,442.0,1,3,0,4
515,56,692.0,3023.0,85.0,458.0,0,6,47,65
515,58,0.0,2895.0,14.0,17.0,0,2,41,43
515,59,3.0,19.0,52.0,33.0,0,8,28,36
515,60,2082.0,2678.0,78.0,35.0,0,27,1,34
515,61,421.0,0.0,60.0,56.0,0,2,19,21
515,62,705.0,2629.0,3.0,3.0,1,4,0,5
516,56,692.0,3023.0,85.0,458.0,0,6,48,66
516,58,0.0,2895.0,14.0,17.0,0,2,42,44
516,59,3.0,19.0,52.0,33.0,0,8,29,37
516,60,2082.0,2678.0,78.0,35.0,0,27,2,35
516,61,421.0,0.0,60.0,56.0,0,2,20,22
516,62,705.0,2629.0,3.0,3.0,0,4,1,6
517,56,692.0,3023.0,85.0,458.0,0,6,49,67
517,58,0.0,2895.0,14.0,17.0,0,2,43,45
517,59,3.0,19.0,52.0,33.0,0,8,30,38
517,60,2082.0,2678.0,78.0,35.0,0,27,3,36
517,61,421.0,0.0,60.0,56.0,0,2,21,23
517,62,705.0,2629.0,3.0,3.0,0,4,2,7
518,56,692.0,3023.0,85.0,458.0,0,6,50,68
518,58,0.0,2895.0,14.0,17.0,0,2,44,46
518,59,3.0,19.0,52.0,33.0,0,8,31,39
518,60,2082.0,2678.0,78.0,35.0,0,27,4,37
518,61,421.0,0.0,60.0,56.0,0,2,22,24
518,62,705.0,2629.0,3.0,3.0,0,4,3,8
519,56,692.0,3023.0,85.0,458.0,0,6,51,69
519,58,0.0,2895.0,14.0,17.0,0,2,45,47
519,59,3.0,19.0,52.0,33.0,0,8,32,40
519,60,2082.0,2678.0,78.0,35.0,0,27,5,38
519,61,421.0,0.0,60.0,56.0,0,2,23,25
519,62,705.0,2629.0,3.0,3.0,0,4,4,9
520,56,692.0,3023.0,85.0,458.0,0,6,52,70
520,58,0.0,2895.0,14.0,17.0,0,2,46,48
520,59,3.0,19.0,52.0,33.0,0,8,33,41
520,60,2082.0,2678.0,78.0,35.0,0,27,6,39
520,61,447.0,18.0,29.0,38.0,1,3,0,26
520,62,705.0,2629.0,3.0,3.0,0,4,5,10
521,56,692.0,3023.0,85.0,458.0,0,6,53,71
521,58,0.0,2895.0,14.0,17.0,0,2,47,49
521,59,3.0,19.0,52.0,33.0,0,8,34,42
521,60,2082.0,2678.0,78.0,35.0,0,27,7,40
521,61,421.0,19.0,52.0,32.0,1,4,0,27
521,62,705.0,2629.0,3.0,3.0,0,4,6,11
522,56,692.0,3023.0,85.0,458.0,0,6,54,72
522,58,0.0,2895.0,14.0,17.0,0,2,48,50
522,59,3.0,19.0,52.0,33.0,0,8,35,43
522,60,2082.0,2678.0,78.0,35.0,0,27,8,41
522,61,406.0,19.0,60.0,33.0,1,5,0,28
522,62,705.0,2629.0,3.0,3.0,0,4,7,12
522,65,341.0,2994.0,428.0,132.0,1,2,0,2
523,56,692.0,3023.0,85.0,458.0,0,6,55,73
523,58,0.0,2895.0,14.0,17.0,0,2,49,51
523,59,3.0,19.0,52.0,33.0,0,8,36,44
523,60,2082.0,2678.0,78.0,35.0,0,27,9,42
523,61,406.0,19.0,60.0,33.0,0,5,1,29
523,62,705.0,2629.0,3.0,3.0,0,4,8,13
523,65,339.0,2996.0,420.0,120.0,1,3,0,3
524,56,692.0,3023.0,85.0,458.0,0,6,56,74
524,58,0.0,2895.0,14.0,17.0,0,2,50,52
524,59,3.0,19.0,52.0,33.0,0,8,37,45
524,60,2082.0,2678.0,78.0,35.0,0,27,10,43
524,61,406.0,19.0,60.0,33.0,0,5,2,30
524,62,705.0,2629.0,3.0,3.0,0,4,9,14
524,65,339.0,2996.0,420.0,120.0,0,3,1,4
525,56,692.0,3023.0,85.0,458.0,0,6,57,75
525,58,0.0,2895.0,14.0,17.0,0,2,51,53
525,59,3.0,19.0,52.0,33.0,0,8,38,46
525,60,2082.0,2678.0,78.0,35.0,0,27,11,44
525,61,406.0,19.0,60.0,33.0,0,5,3,31
525,62,705.0,2629.0,3.0,3.0,0,4,10,15
525,65,339.0,2996.0,420.0,120.0,0,3,2,5
526,56,692.0,3023.0,85.0,458.0,0,6,58,76
526,58,0.0,2895.0,14.0,17.0,0,2,52,54
526,59,3.0,19.0,52.0,33.0,0,8,39,47
526,60,2082.0,2678.0,78.0,35.0,0,27,12,45
526,61,406.0,19.0,60.0,33.0,0,5,4,32
526,62,705.0,2629.0,3.0,3.0,0,4,11,16
526,65,339.0,2996.0,420.0,120.0,0,3,3,6
527,56,692.0,3023.0,85.0,458.0,0,6,59,77
527,58,0.0,2895.0,14.0,17.0,0,2,53,55
527,59,3.0,19.0,52.0,33.0,0,8,40,48
527,60,2082.0,2678.0,78.0,35.0,0,27,13,46
527,61,406.0,19.0,60.0,33.0,0,5,5,33
527,62,705.0,2629.0,3.0,3.0,0,4,12,17
527,65,339.0,2996.0,420.0,120.0,0,3,4,7
528,58,0.0,2895.0,14.0,17.0,0,2,54,56
528,59,3.0,19.0,52.0,33.0,0,8,41,49
528,60,2082.0,2678.0,78.0,35.0,0,27,14,47
528,61,406.0,19.0,60.0,33.0,0,5,6,34
528,62,705.0,2629.0,3.0,3.0,0,4,13,18
528,65,339.0,2996.0,420.0,120.0,0,3,5,8
529,58,0.0,2895.0,14.0,17.0,0,2,55,57
529,59,3.0,19.0,52.0,33.0,0,8,42,50
529,60,2082.0,2678.0,78.0,35.0,0,27,15,48
529,61,406.0,19.0,60.0,33.0,0,5,7,35
529,62,705.0,2629.0,3.0,3.0,0,4,14,19
529,65,339.0,2996.0,420.0,120.0,0,3,6,9
530,58,0.0,2895.0,14.0,17.0,0,2,56,58
530,59,3.0,19.0,52.0,33.0,0,8,43,51
530,60,2082.0,2678.0,78.0,35.0,0,27,16,49
530,61,406.0,19.0,60.0,33.0,0,5,8,36
530,62,705.0,2629.0,3.0,3.0,0,4,15,20
530,65,339.0,2996.0,420.0,120.0,0,3,7,10
531,58,0.0,2895.0,14.0,17.0,0,2,57,59
531,59,3.0,19.0,52.0,33.0,0,8,44,52
531,60,2082.0,2678.0,78.0,35.0,0,27,17,50
531,61,406.0,19.0,60.0,33.0,0,5,9,37
531,62,705.0,2629.0,3.0,3.0,0,4,16,21
531,65,339.0,2996.0,420.0,120.0,0,3,8,11
532,58,0.0,2895.0,14.0,17.0,0,2,58,60
532,59,3.0,19.0,52.0,33.0,0,8,45,53
532,60,2082.0,2678.0,78.0,35.0,0,27,18,51
532,61,406.0,19.0,60.0,33.0,0,5,10,38
532,62,705.0,2629.0,3.0,3.0,0,4,17,22
532,65,339.0,2996.0,420.0,120.0,0,3,9,12
533,58,0.0,2895.0,14.0,17.0,0,2,59,61
533,59,3.0,19.0,52.0,33.0,0,8,46,54
533,60,2082.0,2678.0,78.0,35.0,0,27,19,52
533,61,406.0,19.0,60.0,33.0,0,5,11,39
533,62,705.0,2629.0,3.0,3.0,0,4,18,23
533,65,339.0,2996.0,420.0,120.0,0,3,10,13
533,67,0.0,3277.0,17.0,21.0,1,2,0,2
534,59,3.0,19.0,52.0,33.0,0,8,47,55
534,60,2082.0,2678.0,78.0,35.0,0,27,20,53
534,61,406.0,19.0,60.0,33.0,0,5,12,40
534,62,705.0,2629.0,3.0,3.0,0,4,19,24
534,65,339.0,2996.0,420.0,120.0,0,3,11,14
534,67,0.0,3277.0,17.0,21.0,0,2,1,3
535,59,3.0,19.0,52.0,33.0,0,8,48,56
535,60,2082.0,2678.0,78.0,35.0,0,27,21,54
535,61,406.0,19.0,60.0,33.0,0,5,13,41
535,62,705.0,2629.0,3.0,3.0,0,4,20,25
535,65,339.0,2996.0,420.0,120.0,0,3,12,15
535,67,0.0,3277.0,17.0,21.0,0,2,2,4
536,59,3.0,19.0,52.0,33.0,0,8,49,57
536,60,2082.0,2678.0,78.0,35.0,0,27,22,55
536,61,406.0,19.0,60.0,33.0,0,5,14,42
536,62,705.0,2629.0,3.0,3.0,0,4,21,26
536,65,339.0,2996.0,420.0,120.0,0,3,13,16
536,67,0.0,3277.0,17.0,21.0,0,2,3,5
537,59,3.0,19.0,52.0,33.0,0,8,50,58
537,60,2082.0,2678.0,78.0,35.0,0,27,23,56
537,61,406.0,19.0,60.0,33.0,0,5,15,43
537,62,705.0,2629.0,3.0,3.0,0,4,22,27
537,65,339.0,2996.0,420.0,120.0,0,3,14,17
537,67,0.0,3277.0,17.0,21.0,0,2,4,6
538,59,3.0,19.0,52.0,33.0,0,8,51,59
538,60,2082.0,2678.0,78.0,35.0,0,27,24,57
538,61,406.0,19.0,60.0,33.0,0,5,16,44
538,62,705.0,2629.0,3.0,3.0,0,4,23,28
538,65,339.0,2996.0,420.0,120.0,0,3,15,18
538,67,0.0,3277.0,17.0,21.0,0,2,5,7
539,59,3.0,19.0,52.0,33.0,0,8,52,60
539,60,2082.0,2678.0,78.0,35.0,0,27,25,58
539,61,406.0,19.0,60.0,33.0,0,5,17,45
539,62,705.0,2629.0,3.0,3.0,0,4,24,29
539,65,339.0,2996.0,420.0,120.0,0,3,16,19
539,67,0.0,3277.0,17.0,21.0,0,2,6,8
540,59,3.0,19.0,52.0,33.0,0,8,53,61
540,60,2082.0,2678.0,78.0,35.0,0,27,26,59
540,61,406.0,19.0,60.0,33.0,0,5,18,46
540,62,705.0,2629.0,3.0,3.0,0,4,25,30
540,65,339.0,2996.0,420.0,120.0,0,3,17,20
540,67,0.0,3277.0,17.0,21.0,0,2,7,9
541,59,3.0,19.0,52.0,33.0,0,8,54,62
541,60,2082.0,2678.0,78.0,35.0,0,27,27,60
541,61,406.0,19.0,60.0,33.0,0,5,19,47
541,62,705.0,2629.0,3.0,3.0,0,4,26,31
541,65,339.0,2996.0,420.0,120.0,0,3,18,21
541,67,0.0,3277.0,17.0,21.0,0,2,8,10
542,59,3.0,19.0,52.0,33.0,0,8,55,63
542,60,2082.0,2678.0,78.0,35.0,0,27,28,61
542,61,406.0,19.0,60.0,33.0,0,5,20,48
542,62,705.0,2629.0,3.0,3.0,0,4,27,32
542,65,339.0,2996.0,420.0,120.0,0,3,19,22
542,67,0.0,3277.0,17.0,21.0,0,2,9,11
543,59,3.0,19.0,52.0,33.0,0,8,56,64
543,60,2082.0,2678.0,78.0,35.0,0,27,29,62
543,61,417.0,11.0,64.0,54.0,1,6,0,49
543,62,705.0,2629.0,3.0,3.0,0,4,28,33
543,65,339.0,2996.0,420.0,120.0,0,3,20,23
543,67,0.0,3277.0,17.0,21.0,0,2,10,12
544,59,3.0,19.0,52.0,33.0,0,8,57,65
544,60,2082.0,2678.0,78.0,35.0,0,27,30,63
544,61,417.0,11.0,64.0,54.0,0,6,1,50
544,62,705.0,2629.0,3.0,3.0,0,4,29,34
544,65,339.0,2996.0,420.0,120.0,0,3,21,24
544,67,0.0,3277.0,17.0,21.0,0,2,11,13
544,71,304.0,19.0,57.0,33.0,1,2,0,2
545,59,3.0,19.0,52.0,33.0,0,8,58,66
545,60,2082.0,2678.0,78.0,35.0,0,27,31,64
545,61,416.0,0.0,65.0,66.0,1,7,0,51
545,62,705.0,2629.0,3.0,3.0,0,4,30,35
545,65,339.0,2996.0,420.0,120.0,0,3,22,25
545,67,0.0,3277.0,17.0,21.0,0,2,12,14
545,71,284.0,19.0,57.0,33.0,1,3,0,3
546,59,3.0,19.0,52.0,33.0,0,8,59,67
546,60,2082.0,2678.0,78.0,35.0,0,27,32,65
546,61,419.0,13.0,62.0,52.0,1,8,0,52
546,62,705.0,2629.0,3.0,3.0,0,4,31,36
546,65,694.0,2999.0,115.0,481.0,1,4,0,26
546,67,0.0,3277.0,17.0,21.0,0,2,13,15
546,71,276.0,19.0,50.0,33.0,1,4,0,4
547,60,2082.0,2678.0,78.0,35.0,0,27,33,66
547,61,406.0,19.0,51.0,27.0,1,9,0,53
547,62,705.0,2629.0,3.0,3.0,0,4,32,37
547,65,694.0,2999.0,115.0,481.0,0,4,1,27
547,67,0.0,3277.0,17.0,21.0,0,2,14,16
547,71,247.0,19.0,64.0,33.0,1,5,0,5
548,60,2082.0,2678.0,78.0,35.0,0,27,34,67
548,61,406.0,19.0,51.0,27.0,0,9,1,54
548,62,705.0,2629.0,3.0,3.0,0,4,33,38
548,65,694.0,2999.0,115.0,481.0,0,4,2,28
548,67,0.0,3277.0,17.0,21.0,0,2,15,17
548,71,233.0,19.0,56.0,33.0,1,6,0,6
549,60,2082.0,2678.0,78.0,35.0,0,27,35,68
549,61,406.0,19.0,51.0,27.0,0,9,2,55
549,62,705.0,2629.0,3.0,3.0,0,4,34,39
549,65,694.0,2999.0,115.0,481.0,0,4,3,29
549,67,0.0,3277.0,17.0,21.0,0,2,16,18
549,71,204.0,19.0,50.0,33.0,1,7,0,7
550,60,2082.0,2678.0,78.0,35.0,0,27,36,69
550,61,406.0,19.0,51.0,27.0,0,9,3,56
550,62,705.0,2629.0,3.0,3.0,0,4,35,40
550,65,694.0,2999.0,115.0,481.0,0,4,4,30
550,67,0.0,3277.0,17.0,21.0,0,2,17,19
550,71,177.0,19.0,61.0,33.0,1,8,0,8
551,60,2082.0,2678.0,78.0,35.0,0,27,37,70
551,61,406.0,19.0,51.0,27.0,0,9,4,57
551,62,705.0,2629.0,3.0,3.0,0,4,36,41
551,65,694.0,2999.0,115.0,481.0,0,4,5,31
551,67,0.0,3277.0,17.0,21.0,0,2,18,20
551,71,147.0,19.0,64.0,33.0,1,9,0,9
552,60,2082.0,2678.0,78.0,35.0,0,27,38,71
552,61,406.0,19.0,51.0,27.0,0,9,5,58
552,62,705.0,2629.0,3.0,3.0,0,4,37,42
552,65,694.0,2999.0,115.0,481.0,0,4,6,32
552,67,0.0,3277.0,17.0,21.0,0,2,19,21
552,71,117.0,19.0,64.0,33.0,1,10,0,10
553,60,2082.0,2678.0,78.0,35.0,0,27,39,72
553,61,406.0,19.0,51.0,27.0,0,9,6,59
553,62,705.0,2629.0,3.0,3.0,0,4,38,43
553,65,694.0,2999.0,115.0,481.0,0,4,7,33
553,67,0.0,3277.0,17.0,21.0,0,2,20,22
553,71,85.0,19.0,56.0,33.0,1,11,0,11
554,60,2082.0,2678.0,78.0,35.0,0,27,40,73
554,61,406.0,19.0,51.0,27.0,0,9,7,60
554,62,705.0,2629.0,3.0,3.0,0,4,39,44
554,65,694.0,2999.0,115.0,481.0,0,4,8,34
554,67,0.0,3277.0,17.0,21.0,0,2,21,23
554,71,85.0,19.0,56.0,33.0,0,11,1,12
555,60,2082.0,2678.0,78.0,35.0,0,27,41,74
555,61,406.0,19.0,51.0,27.0,0,9,8,61
555,62,705.0,2629.0,3.0,3.0,0,4,40,45
555,65,694.0,2999.0,115.0,481.0,0,4,9,35
555,67,0.0,3277.0,17.0,21.0,0,2,22,24
555,71,33.0,19.0,61.0,33.0,1,12,0,13
556,60,2082.0,2678.0,78.0,35.0,0,27,42,75
556,61,406.0,19.0,51.0,27.0,0,9,9,62
556,62,705.0,2629.0,3.0,3.0,0,4,41,46
556,65,694.0,2999.0,115.0,481.0,0,4,10,36
556,67,0.0,3277.0,17.0,21.0,0,2,23,25
556,71,3.0,19.0,52.0,33.0,1,13,0,14
557,60,2082.0,2678.0,78.0,35.0,0,27,43,76
557,61,406.0,19.0,51.0,27.0,0,9,10,63
557,62,705.0,2629.0,3.0,3.0,0,4,42,47
557,65,694.0,2999.0,115.0,481.0,0,4,11,37
557,67,0.0,3277.0,17.0,21.0,0,2,24,26
557,71,3.0,19.0,52.0,33.0,0,13,1,15
557,74,2132.0,3175.0,28.0,21.0,1,2,0,2
558,60,2082.0,2678.0,78.0,35.0,0,27,44,77
558,61,406.0,19.0,51.0,27.0,0,9,11,64
558,62,705.0,2629.0,3.0,3.0,0,4,43,48
558,65,694.0,2999.0,115.0,481.0,0,4,12,38
558,67,0.0,3277.0,17.0,21.0,0,2,25,27
558,71,3.0,19.0,52.0,33.0,0,13,2,16
558,74,2124.0,3154.0,36.0,26.0,1,3,0,3
559,60,2082.0,2678.0,78.0,35.0,0,27,45,78
559,61,406.0,19.0,51.0,27.0,0,9,12,65
559,62,705.0,2629.0,3.0,3.0,0,4,44,49
559,65,694.0,2999.0,115.0,481.0,0,4,13,39
559,67,0.0,3277.0,17.0,21.0,0,2,26,28
559,71,3.0,19.0,52.0,33.0,0,13,3,17
559,74,2124.0,3154.0,36.0,26.0,0,3,1,4
560,60,2082.0,2678.0,78.0,35.0,0,27,46,79
560,61,406.0,19.0,51.0,27.0,0,9,13,66
560,62,705.0,2629.0,3.0,3.0,0,4,45,50
560,65,0.0,2888.0,10.0,14.0,1,5,0,40
560,67,0.0,3277.0,17.0,21.0,0,2,27,29
560,71,3.0,19.0,52.0,33.0,0,13,4,18
560,74,2124.0,3154.0,36.0,26.0,0,3,2,5
561,60,2082.0,2678.0,78.0,35.0,0,27,47,80
561,61,406.0,19.0,51.0,27.0,0,9,14,67
561,62,705.0,2629.0,3.0,3.0,0,4,46,51
561,65,0.0,2894.0,15.0,18.0,1,6,0,41
561,67,0.0,3277.0,17.0,21.0,0,2,28,30
561,71,3.0,19.0,52.0,33.0,0,13,5,19
561,74,2099.0,3103.0,53.0,32.0,1,4,0,6
562,60,2082.0,2678.0,78.0,35.0,0,27,48,81
562,61,406.0,19.0,51.0,27.0,0,9,15,68
562,62,705.0,2629.0,3.0,3.0,0,4,47,52
562,65,0.0,2900.0,17.0,22.0,1,7,0,42
562,67,0.0,3277.0,17.0,21.0,0,2,29,31
562,71,3.0,19.0,52.0,33.0,0,13,6,20
562,74,2099.0,3103.0,53.0,32.0,0,4,1,7
563,60,2082.0,2678.0,78.0,35.0,0,27,49,82
563,61,406.0,19.0,51.0,27.0,0,9,16,69
563,62,705.0,2629.0,3.0,3.0,0,4,48,53
563,65,0.0,2900.0,17.0,22.0,0,7,1,43
563,67,0.0,3277.0,17.0,21.0,0,2,30,32
563,71,3.0,19.0,52.0,33.0,0,13,7,21
563,74,2099.0,3103.0,53.0,32.0,0,4,2,8
564,60,2082.0,2678.0,78.0,35.0,0,27,50,83
564,61,406.0,19.0,51.0,27.0,0,9,17,70
564,62,705.0,2629.0,3.0,3.0,0,4,49,54
564,65,0.0,2900.0,17.0,22.0,0,7,2,44
564,67,0.0,3277.0,17.0,21.0,0,2,31,33
564,71,3.0,19.0,52.0,33.0,0,13,8,22
564,74,2099.0,3103.0,53.0,32.0,0,4,3,9
565,60,2082.0,2678.0,78.0,35.0,0,27,51,84
565,61,406.0,19.0,51.0,27.0,0,9,18,71
565,62,705.0,2629.0,3.0,3.0,0,4,50,55
565,65,0.0,2900.0,17.0,22.0,0,7,3,45
565,67,0.0,3277.0,17.0,21.0,0,2,32,34
565,71,3.0,19.0,52.0,33.0,0,13,9,23
565,74,2075.0,3030.0,85.0,38.0,1,5,0,10
566,60,2082.0,2678.0,78.0,35.0,0,27,52,85
566,61,406.0,19.0,51.0,27.0,0,9,19,72
566,62,705.0,2629.0,3.0,3.0,0,4,51,56
566,65,0.0,2900.0,17.0,22.0,0,7,4,46
566,67,0.0,3277.0,17.0,21.0,0,2,33,35
566,71,3.0,19.0,52.0,33.0,0,13,10,24
566,74,2070.0,3016.0,90.0,35.0,1,6,0,11
567,60,2082.0,2678.0,78.0,35.0,0,27,53,86
567,61,406.0,19.0,51.0,27.0,0,9,20,73
567,62,705.0,2629.0,3.0,3.0,0,4,52,57
567,65,0.0,2900.0,17.0,22.0,0,7,5,47
567,67,0.0,3277.0,17.0,21.0,0,2,34,36
567,71,3.0,19.0,52.0,33.0,0,13,11,25
567,74,2065.0,3001.0,95.0,36.0,1,7,0,12
568,60,2082.0,2678.0,78.0,35.0,0,27,54,87
568,61,406.0,19.0,51.0,27.0,0,9,21,74
568,62,705.0,2629.0,3.0,3.0,0,4,53,58
568,65,0.0,2900.0,17.0,22.0,0,7,6,48
568,67,0.0,3277.0,17.0,21.0,0,2,35,37
568,71,3.0,19.0,52.0,33.0,0,13,12,26
568,74,2063.0,2985.0,97.0,31.0,1,8,0,13
569,60,2082.0,2678.0,78.0,35.0,0,27,55,88
569,61,406.0,19.0,51.0,27.0,0,9,22,75
569,62,705.0,2629.0,3.0,3.0,0,4,54,59
569,65,0.0,2900.0,17.0,22.0,0,7,7,49
569,67,0.0,3277.0,17.0,21.0,0,2,36,38
569,71,3.0,19.0,52.0,33.0,0,13,13,27
569,74,2059.0,2971.0,101.0,29.0,1,9,0,14
570,60,2082.0,2678.0,78.0,35.0,0,27,56,89
570,61,417.0,0.0,64.0,66.0,1,10,0,76
570,62,705.0,2629.0,3.0,3.0,0,4,55,60
570,65,0.0,2900.0,17.0,22.0,0,7,8,50
570,67,0.0,3277.0,17.0,21.0,0,2,37,39
570,71,3.0,19.0,52.0,33.0,0,13,14,28
570,74,2056.0,2956.0,104.0,27.0,1,10,0,15
571,60,2082.0,2678.0,78.0,35.0,0,27,57,90
571,61,422.0,2.0,59.0,63.0,1,11,0,77
571,62,705.0,2629.0,3.0,3.0,0,4,56,61
571,65,0.0,2900.0,17.0,22.0,0,7,9,51
571,67,0.0,3277.0,17.0,21.0,0,2,38,40
571,71,3.0,19.0,52.0,33.0,0,13,15,29
571,74,2053.0,2941.0,107.0,27.0,1,11,0,16
572,60,2082.0,2678.0,78.0,35.0,0,27,58,91
572,61,422.0,2.0,59.0,63.0,0,11,1,78
572,62,705.0,2629.0,3.0,3.0,0,4,57,62
572,65,0.0,2900.0,17.0,22.0,0,7,10,52
572,67,0.0,3277.0,17.0,21.0,0,2,39,41
572,71,3.0,19.0,52.0,33.0,0,13,16,30
572,74,2051.0,2934.0,55.0,14.0,1,12,0,17
573,60,2082.0,2678.0,78.0,35.0,0,27,59,92
573,61,422.0,2.0,59.0,63.0,0,11,2,79
573,62,705.0,2629.0,3.0,3.0,0,4,58,63
573,65,0.0,2900.0,17.0,22.0,0,7,11,53
573,67,0.0,3277.0,17.0,21.0,0,2,40,42
573,71,3.0,19.0,52.0,33.0,0,13,17,31
573,74,2047.0,2912.0,113.0,21.0,1,13,0,18
574,61,422.0,2.0,59.0,63.0,0,11,3,80
574,62,705.0,2629.0,3.0,3.0,0,4,59,64
574,65,0.0,2900.0,17.0,22.0,0,7,12,54
574,67,0.0,3277.0,17.0,21.0,0,2,41,43
574,71,3.0,19.0,52.0,33.0,0,13,18,32
574,74,2049.0,2894.0,111.0,22.0,1,14,0,19
575,61,422.0,2.0,59.0,63.0,0,11,4,81
575,65,0.0,2900.0,17.0,22.0,0,7,13,55
575,67,0.0,3277.0,17.0,21.0,0,2,42,44
575,71,3.0,19.0,52.0,33.0,0,13,19,33
575,74,2048.0,2878.0,112.0,19.0,1,15,0,20
576,61,422.0,2.0,59.0,63.0,0,11,5,82
576,65,0.0,2900.0,17.0,22.0,0,7,14,56
576,67,0.0,3277.0,17.0,21.0,0,2,43,45
576,71,3.0,19.0,52.0,33.0,0,13,20,34
576,74,2048.0,2866.0,112.0,15.0,1,16,0,21
577,61,422.0,2.0,59.0,63.0,0,11,6,83
577,65,0.0,2900.0,17.0,22.0,0,7,15,57
577,67,0.0,3277.0,17.0,21.0,0,2,44,46
577,71,3.0,19.0,52.0,33.0,0,13,21,35
577,74,2048.0,2847.0,112.0,19.0,1,17,0,22
578,61,422.0,2.0,59.0,63.0,0,11,7,84
578,65,0.0,2900.0,17.0,22.0,0,7,16,58
578,67,0.0,3277.0,17.0,21.0,0,2,45,47
578,71,3.0,19.0,52.0,33.0,0,13,22,36
578,74,2049.0,2834.0,111.0,22.0,1,18,0,23
579,61,422.0,2.0,59.0,63.0,0,11,8,85
579,65,0.0,2900.0,17.0,22.0,0,7,17,59
579,67,0.0,3277.0,17.0,21.0,0,2,46,48
579,71,3.0,19.0,52.0,33.0,0,13,23,37
579,74,2050.0,2816.0,110.0,26.0,1,19,0,24
580,61,422.0,2.0,59.0,63.0,0,11,9,86
580,65,0.0,2900.0,17.0,22.0,0,7,18,60
580,67,0.0,3277.0,17.0,21.0,0,2,47,49
580,71,3.0,19.0,52.0,33.0,0,13,24,38
580,74,2053.0,2798.0,107.0,24.0,1,20,0,25
581,61,422.0,2.0,59.0,63.0,0,11,10,87
581,65,0.0,2900.0,17.0,22.0,0,7,19,61
581,67,0.0,3277.0,17.0,21.0,0,2,48,50
581,71,3.0,19.0,52.0,33.0,0,13,25,39
581,74,2055.0,2782.0,105.0,25.0,1,21,0,26
582,61,422.0,2.0,59.0,63.0,0,11,11,88
582,65,0.0,2900.0,17.0,22.0,0,7,20,62
582,67,0.0,3277.0,17.0,21.0,0,2,49,51
582,71,3.0,19.0,52.0,33.0,0,13,26,40
582,74,2058.0,2767.0,31.0,13.0,1,22,0,27
583,61,422.0,2.0,59.0,63.0,0,11,12,89
583,65,0.0,2900.0,17.0,22.0,0,7,21,63
583,67,0.0,3277.0,17.0,21.0,0,2,50,52
583,71,3.0,19.0,52.0,33.0,0,13,27,41
583,74,2060.0,2746.0,100.0,31.0,1,23,0,28
584,61,422.0,2.0,59.0,63.0,0,11,13,90
584,65,0.0,2900.0,17.0,22.0,0,7,22,64
584,67,0.0,3277.0,17.0,21.0,0,2,51,53
584,71,3.0,19.0,52.0,33.0,0,13,28,42
584,74,2065.0,2730.0,95.0,30.0,1,24,0,29
585,61,422.0,2.0,59.0,63.0,0,11,14,91
585,65,0.0,2900.0,17.0,22.0,0,7,23,65
585,67,0.0,3277.0,17.0,21.0,0,2,52,54
585,71,3.0,19.0,52.0,33.0,0,13,29,43
585,74,2070.0,2714.0,90.0,32.0,1,25,0,30
586,61,422.0,2.0,59.0,63.0,0,11,15,92
586,65,0.0,2900.0,17.0,22.0,0,7,24,66
586,67,0.0,3277.0,17.0,21.0,0,2,53,55
586,71,3.0,19.0,52.0,33.0,0,13,30,44
586,74,2071.0,2696.0,89.0,34.0,1,26,0,31
587,61,422.0,2.0,59.0,63.0,0,11,16,93
587,65,0.0,2900.0,17.0,22.0,0,7,25,67
587,67,0.0,3277.0,17.0,21.0,0,2,54,56
587,71,3.0,19.0,52.0,33.0,0,13,31,45
587,74,2080.0,2680.0,80.0,33.0,1,27,0,32
588,61,422.0,2.0,59.0,63.0,0,11,17,94
588,65,0.0,2900.0,17.0,22.0,0,7,26,68
588,67,0.0,3277.0,17.0,21.0,0,2,55,57
588,71,3.0,19.0,52.0,33.0,0,13,32,46
588,74,2080.0,2680.0,80.0,33.0,0,27,1,33
589,61,422.0,2.0,59.0,63.0,0,11,18,95
589,65,0.0,2900.0,17.0,22.0,0,7,27,69
589,67,0.0,3277.0,17.0,21.0,0,2,56,58
589,71,3.0,19.0,52.0,33.0,0,13,33,47
589,74,2080.0,2680.0,80.0,33.0,0,27,2,34
590,61,422.0,2.0,59.0,63.0,0,11,19,96
590,65,0.0,2900.0,17.0,22.0,0,7,28,70
590,67,0.0,3277.0,17.0,21.0,0,2,57,59
590,71,3.0,19.0,52.0,33.0,0,13,34,48
590,74,2080.0,2680.0,80.0,33.0,0,27,3,35
591,61,422.0,2.0,59.0,63.0,0,11,20,97
591,65,0.0,2900.0,17.0,22.0,0,7,29,71
591,67,0.0,3277.0,17.0,21.0,0,2,58,60
591,71,3.0,19.0,52.0,33.0,0,13,35,49
591,74,2080.0,2680.0,80.0,33.0,0,27,4,36
592,61,422.0,2.0,59.0,63.0,0,11,21,98
592,65,0.0,2900.0,17.0,22.0,0,7,30,72
592,67,0.0,3277.0,17.0,21.0,0,2,59,61
592,71,3.0,19.0,52.0,33.0,0,13,36,50
592,74,2080.0,2680.0,80.0,33.0,0,27,5,37
593,61,422.0,2.0,59.0,63.0,0,11,22,99
593,65,0.0,2900.0,17.0,22.0,0,7,31,73
593,71,3.0,19.0,52.0,33.0,0,13,37,51
593,74,2080.0,2680.0,80.0,33.0,0,27,6,38
593,76,707.0,2623.0,3.0,3.0,1,2,0,2
594,61,422.0,2.0,59.0,63.0,0,11,23,100
594,65,0.0,2900.0,17.0,22.0,0,7,32,74
594,71,3.0,19.0,52.0,33.0,0,13,38,52
594,74,2080.0,2680.0,80.0,33.0,0,27,7,39
594,76,708.0,2623.0,3.0,3.0,1,3,0,3
595,61,417.0,0.0,64.0,66.0,1,12,0,101
595,65,0.0,2900.0,17.0,22.0,0,7,33,75
595,71,3.0,19.0,52.0,33.0,0,13,39,53
595,74,2080.0,2680.0,80.0,33.0,0,27,8,40
595,76,711.0,2623.0,3.0,3.0,1,4,0,4
596,61,431.0,3.0,50.0,62.0,1,13,0,102
596,65,0.0,2900.0,17.0,22.0,0,7,34,76
596,71,3.0,19.0,52.0,33.0,0,13,40,54
596,74,2080.0,2680.0,80.0,33.0,0,27,9,41
596,76,704.0,2629.0,3.0,3.0,1,5,0,5
597,61,406.0,19.0,52.0,16.0,1,14,0,103
597,65,0.0,2900.0,17.0,22.0,0,7,35,77
597,71,3.0,19.0,52.0,33.0,0,13,41,55
597,74,2080.0,2680.0,80.0,33.0,0,27,10,42
597,76,702.0,2632.0,3.0,3.0,1,6,0,6
598,61,406.0,19.0,52.0,16.0,0,14,1,104
598,65,0.0,2900.0,17.0,22.0,0,7,36,78
598,71,3.0,19.0,52.0,33.0,0,13,42,56
598,74,2080.0,2680.0,80.0,33.0,0,27,11,43
598,76,700.0,2635.0,3.0,3.0,1,7,0,7
598,78,751.0,2990.0,41.0,66.0,1,2,0,2
599,61,406.0,19.0,52.0,16.0,0,14,2,105
599,65,0.0,2900.0,17.0,22.0,0,7,37,79
599,71,3.0,19.0,52.0,33.0,0,13,43,57
599,74,2080.0,2680.0,80.0,33.0,0,27,12,44
599,76,700.0,2635.0,3.0,3.0,0,7,1,8
599,78,751.0,2990.0,41.0,66.0,0,2,1,3
600,61,406.0,19.0,50.0,34.0,1,15,0,106
600,65,0.0,2900.0,17.0,22.0,0,7,38,80
600,71,3.0,19.0,52.0,33.0,0,13,44,58
600,74,2080.0,2680.0,80.0,33.0,0,27,13,45
600,76,700.0,2635.0,3.0,3.0,0,7,2,9
600,78,751.0,2990.0,41.0,66.0,0,2,2,4
601,61,406.0,19.0,50.0,34.0,0,15,1,107
601,65,0.0,2900.0,17.0,22.0,0,7,39,81
601,71,3.0,19.0,52.0,33.0,0,13,45,59
601,74,2080.0,2680.0,80.0,33.0,0,27,14,46
601,76,700.0,2635.0,3.0,3.0,0,7,3,10
601,78,751.0,2990.0,41.0,66.0,0,2,3,5
602,61,406.0,19.0,50.0,34.0,0,15,2,108
602,65,0.0,2900.0,17.0,22.0,0,7,40,82
602,71,3.0,19.0,52.0,33.0,0,13,46,60
602,74,2080.0,2680.0,80.0,33.0,0,27,15,47
602,76,700.0,2635.0,3.0,3.0,0,7,4,11
602,78,751.0,2990.0,41.0,66.0,0,2,4,6
603,61,406.0,19.0,50.0,34.0,0,15,3,109
603,65,0.0,2900.0,17.0,22.0,0,7,41,83
603,71,3.0,19.0,52.0,33.0,0,13,47,61
603,74,2080.0,2680.0,80.0,33.0,0,27,16,48
603,76,700.0,2635.0,3.0,3.0,0,7,5,12
603,78,751.0,2990.0,41.0,66.0,0,2,5,7
604,61,422.0,0.0,59.0,66.0,1,16,0,110
604,65,0.0,2900.0,17.0,22.0,0,7,42,84
604,71,3.0,19.0,52.0,33.0,0,13,48,62
604,74,2080.0,2680.0,80.0,33.0,0,27,17,49
604,76,700.0,2635.0,3.0,3.0,0,7,6,13
604,78,751.0,2990.0,41.0,66.0,0,2,6,8
605,61,318.0,19.0,75.0,46.0,1,17,0,111
605,65,0.0,2900.0,17.0,22.0,0,7,43,85
605,71,3.0,19.0,52.0,33.0,0,13,49,63
605,74,2080.0,2680.0,80.0,33.0,0,27,18,50
605,76,700.0,2635.0,3.0,3.0,0,7,7,14
605,78,751.0,2990.0,41.0,66.0,0,2,7,9
606,61,318.0,19.0,75.0,46.0,0,17,1,112
606,65,0.0,2900.0,17.0,22.0,0,7,44,86
606,71,3.0,19.0,52.0,33.0,0,13,50,64
606,74,2080.0,2680.0,80.0,33.0,0,27,19,51
606,76,700.0,2635.0,3.0,3.0,0,7,8,15
606,78,751.0,2990.0,41.0,66.0,0,2,8,10
607,61,323.0,19.0,64.0,22.0,1,18,0,113
607,65,0.0,2900.0,17.0,22.0,0,7,45,87
607,71,3.0,19.0,52.0,33.0,0,13,51,65
607,74,2080.0,2680.0,80.0,33.0,0,27,20,52
607,76,700.0,2635.0,3.0,3.0,0,7,9,16
607,78,751.0,2990.0,41.0,66.0,0,2,9,11
608,61,304.0,19.0,64.0,29.0,1,19,0,114
608,65,0.0,2900.0,17.0,22.0,0,7,46,88
608,71,3.0,19.0,52.0,33.0,0,13,52,66
608,74,2080.0,2680.0,80.0,33.0,0,27,21,53
608,76,700.0,2635.0,3.0,3.0,0,7,10,17
608,78,751.0,2990.0,41.0,66.0,0,2,10,12
609,61,278.0,19.0,64.0,32.0,1,20,0,115
609,65,0.0,2900.0,17.0,22.0,0,7,47,89
609,71,3.0,19.0,52.0,33.0,0,13,53,67
609,74,2080.0,2680.0,80.0,33.0,0,27,22,54
609,76,700.0,2635.0,3.0,3.0,0,7,11,18
609,78,751.0,2990.0,41.0,66.0,0,2,11,13
610,61,249.0,19.0,64.0,32.0,1,21,0,116
610,65,0.0,2900.0,17.0,22.0,0,7,48,90
610,71,3.0,19.0,52.0,33.0,0,13,54,68
610,74,2080.0,2680.0,80.0,33.0,0,27,23,55
610,76,700.0,2635.0,3.0,3.0,0,7,12,19
610,78,751.0,2990.0,41.0,66.0,0,2,12,14
611,61,217.0,19.0,64.0,32.0,1,22,0,117
611,65,0.0,2900.0,17.0,22.0,0,7,49,91
611,71,3.0,19.0,52.0,33.0,0,13,55,69
611,74,2080.0,2680.0,80.0,33.0,0,27,24,56
611,76,700.0,2635.0,3.0,3.0,0,7,13,20
611,78,751.0,2990.0,41.0,66.0,0,2,13,15
612,61,182.0,19.0,64.0,32.0,1,23,0,118
612,65,0.0,2900.0,17.0,22.0,0,7,50,92
612,71,3.0,19.0,52.0,33.0,0,13,56,70
612,74,2080.0,2680.0,80.0,33.0,0,27,25,57
612,76,700.0,2635.0,3.0,3.0,0,7,14,21
612,78,726.0,3043.0,160.0,407.0,1,3,0,16
613,61,149.0,19.0,59.0,32.0,1,24,0,119
613,65,0.0,2900.0,17.0,22.0,0,7,51,93
613,71,3.0,19.0,52.0,33.0,0,13,57,71
613,74,2080.0,2680.0,80.0,33.0,0,27,26,58
613,76,700.0,2635.0,3.0,3.0,0,7,15,22
613,78,725.0,3040.0,151.0,414.0,1,4,0,17
614,61,106.0,19.0,64.0,32.0,1,25,0,120
614,65,0.0,2900.0,17.0,22.0,0,7,52,94
614,71,3.0,19.0,52.0,33.0,0,13,58,72
614,74,2080.0,2680.0,80.0,33.0,0,27,27,59
614,76,700.0,2635.0,3.0,3.0,0,7,16,23
614,78,725.0,3040.0,151.0,414.0,0,4,1,18
615,61,63.0,19.0,64.0,32.0,1,26,0,121
615,65,0.0,2900.0,17.0,22.0,0,7,53,95
615,71,3.0,19.0,52.0,33.0,0,13,59,73
615,74,2080.0,2680.0,80.0,33.0,0,27,28,60
615,76,700.0,2635.0,3.0,3.0,0,7,17,24
615,78,724.0,3043.0,134.0,419.0,1,5,0,19
616,61,18.0,19.0,64.0,32.0,1,27,0,122
616,65,0.0,2900.0,17.0,22.0,0,7,54,96
616,74,2080.0,2680.0,80.0,33.0,0,27,29,61
616,76,700.0,2635.0,3.0,3.0,0,7,18,25
616,78,724.0,3043.0,134.0,419.0,0,5,1,20
617,61,5.0,19.0,21.0,32.0,1,28,0,123
617,65,0.0,2900.0,17.0,22.0,0,7,55,97
617,74,2080.0,2680.0,80.0,33.0,0,27,30,62
617,76,700.0,2635.0,3.0,3.0,0,7,19,26
617,78,724.0,3043.0,134.0,419.0,0,5,2,21
618,61,5.0,19.0,21.0,32.0,0,28,1,124
618,65,0.0,2900.0,17.0,22.0,0,7,56,98
618,74,2080.0,2680.0,80.0,33.0,0,27,31,63
618,76,700.0,2635.0,3.0,3.0,0,7,20,27
618,78,724.0,3043.0,134.0,419.0,0,5,3,22
619,61,5.0,19.0,21.0,32.0,0,28,2,125
619,65,0.0,2900.0,17.0,22.0,0,7,57,99
619,74,2080.0,2680.0,80.0,33.0,0,27,32,64
619,76,700.0,2635.0,3.0,3.0,0,7,21,28
619,78,724.0,3043.0,134.0,419.0,0,5,4,23
620,61,5.0,19.0,21.0,32.0,0,28,3,126
620,65,0.0,2900.0,17.0,22.0,0,7,58,100
620,74,2080.0,2680.0,80.0,33.0,0,27,33,65
620,76,700.0,2635.0,3.0,3.0,0,7,22,29
620,78,724.0,3043.0,134.0,419.0,0,5,5,24
621,61,5.0,19.0,21.0,32.0,0,28,4,127
621,65,0.0,2900.0,17.0,22.0,0,7,59,101
621,74,2080.0,2680.0,80.0,33.0,0,27,34,66
621,76,700.0,2635.0,3.0,3.0,0,7,23,30
621,78,724.0,3043.0,134.0,419.0,0,5,6,25
621,81,431.0,15.0,50.0,49.0,1,2,0,2
622,61,5.0,19.0,21.0,32.0,0,28,5,128
622,74,2080.0,2680.0,80.0,33.0,0,27,35,67
622,76,700.0,2635.0,3.0,3.0,0,7,24,31
622,78,724.0,3043.0,134.0,419.0,0,5,7,26
622,81,406.0,19.0,60.0,30.0,1,3,0,3
623,61,5.0,19.0,21.0,32.0,0,28,6,129
623,74,2080.0,2680.0,80.0,33.0,0,27,36,68
623,76,700.0,2635.0,3.0,3.0,0,7,25,32
623,78,724.0,3043.0,134.0,419.0,0,5,8,27
623,81,406.0,19.0,60.0,30.0,0,3,1,4
624,61,5.0,19.0,21.0,32.0,0,28,7,130
624,74,2080.0,2680.0,80.0,33.0,0,27,37,69
624,76,700.0,2635.0,3.0,3.0,0,7,26,33
624,78,724.0,3043.0,134.0,419.0,0,5,9,28
624,81,406.0,19.0,60.0,30.0,0,3,2,5
625,61,5.0,19.0,21.0,32.0,0,28,8,131
625,74,2080.0,2680.0,80.0,33.0,0,27,38,70
625,76,700.0,2635.0,3.0,3.0,0,7,27,34
625,78,724.0,3043.0,134.0,419.0,0,5,10,29
625,81,406.0,19.0,60.0,30.0,0,3,3,6
626,61,5.0,19.0,21.0,32.0,0,28,9,132
626,74,2080.0,2680.0,80.0,33.0,0,27,39,71
626,76,700.0,2635.0,3.0,3.0,0,7,28,35
626,78,724.0,3043.0,134.0,419.0,0,5,11,30
626,81,406.0,19.0,60.0,30.0,0,3,4,7
627,61,5.0,19.0,21.0,32.0,0,28,10,133
627,74,2080.0,2680.0,80.0,33.0,0,27,40,72
627,76,700.0,2635.0,3.0,3.0,0,7,29,36
627,78,694.0,3020.0,100.0,462.0,1,6,0,31
627,81,406.0,19.0,60.0,30.0,0,3,5,8
628,61,5.0,19.0,21.0,32.0,0,28,11,134
628,74,2080.0,2680.0,80.0,33.0,0,27,41,73
628,76,700.0,2635.0,3.0,3.0,0,7,30,37
628,78,694.0,3020.0,100.0,462.0,0,6,1,32
628,81,406.0,19.0,60.0,30.0,0,3,6,9
629,61,5.0,19.0,21.0,32.0,0,28,12,135
629,74,2080.0,2680.0,80.0,33.0,0,27,42,74
629,76,700.0,2635.0,3.0,3.0,0,7,31,38
629,78,694.0,3020.0,100.0,462.0,0,6,2,33
629,81,406.0,19.0,60.0,30.0,0,3,7,10
629,83,2143.0,3199.0,17.0,17.0,1,2,0,2
630,61,5.0,19.0,21.0,32.0,0,28,13,136
630,74,2080.0,2680.0,80.0,33.0,0,27,43,75
630,76,700.0,2635.0,3.0,3.0,0,7,32,39
630,78,694.0,3020.0,100.0,462.0,0,6,3,34
630,81,406.0,19.0,60.0,30.0,0,3,8,11
630,83,2134.0,3179.0,26.0,19.0,1,3,0,3
631,61,5.0,19.0,21.0,32.0,0,28,14,137
631,74,2080.0,2680.0,80.0,33.0,0,27,44,76
631,76,700.0,2635.0,3.0,3.0,0,7,33,40
631,78,694.0,3020.0,100.0,462.0,0,6,4,35
631,81,406.0,19.0,60.0,30.0,0,3,9,12
631,83,2126.0,3159.0,34.0,25.0,1,4,0,4
632,61,5.0,19.0,21.0,32.0,0,28,15,138
632,74,2080.0,2680.0,80.0,33.0,0,27,45,77
632,76,700.0,2635.0,3.0,3.0,0,7,34,41
632,78,694.0,3020.0,100.0,462.0,0,6,5,36
632,81,406.0,19.0,60.0,30.0,0,3,10,13
632,83,2126.0,3159.0,34.0,25.0,0,4,1,5
633,61,5.0,19.0,21.0,32.0,0,28,16,139
633,74,2080.0,2680.0,80.0,33.0,0,27,46,78
633,76,700.0,2635.0,3.0,3.0,0,7,35,42
633,78,694.0,3020.0,100.0,462.0,0,6,6,37
633,81,406.0,19.0,60.0,30.0,0,3,11,14
633,83,2126.0,3159.0,34.0,25.0,0,4,2,6
634,61,5.0,19.0,21.0,32.0,0,28,17,140
634,74,2080.0,2680.0,80.0,33.0,0,27,47,79
634,76,700.0,2635.0,3.0,3.0,0,7,36,43
634,78,694.0,3020.0,100.0,462.0,0,6,7,38
634,81,406.0,19.0,60.0,30.0,0,3,12,15
634,83,2126.0,3159.0,34.0,25.0,0,4,3,7
635,61,5.0,19.0,21.0,32.0,0,28,18,141
635,74,2080.0,2680.0,80.0,33.0,0,27,48,80
635,76,700.0,2635.0,3.0,3.0,0,7,37,44
635,78,694.0,3020.0,100.0,462.0,0,6,8,39
635,81,406.0,19.0,60.0,30.0,0,3,13,16
635,83,2126.0,3159.0,34.0,25.0,0,4,4,8
636,61,5.0,19.0,21.0,32.0,0,28,19,142
636,74,2080.0,2680.0,80.0,33.0,0,27,49,81
636,76,700.0,2635.0,3.0,3.0,0,7,38,45
636,78,694.0,3020.0,100.0,462.0,0,6,9,40
636,81,406.0,19.0,60.0,30.0,0,3,14,17
636,83,2126.0,3159.0,34.0,25.0,0,4,5,9
637,61,5.0,19.0,21.0,32.0,0,28,20,143
637,74,2080.0,2680.0,80.0,33.0,0,27,50,82
637,76,700.0,2635.0,3.0,3.0,0,7,39,46
637,78,694.0,3020.0,100.0,462.0,0,6,10,41
637,81,406.0,19.0,60.0,30.0,0,3,15,18
637,83,2081.0,3053.0,79.0,35.0,1,5,0,10
638,61,5.0,19.0,21.0,32.0,0,28,21,144
638,74,2080.0,2680.0,80.0,33.0,0,27,51,83
638,76,700.0,2635.0,3.0,3.0,0,7,40,47
638,78,694.0,3020.0,100.0,462.0,0,6,11,42
638,81,406.0,19.0,60.0,30.0,0,3,16,19
638,83,2076.0,3036.0,84.0,35.0,1,6,0,11
639,61,5.0,19.0,21.0,32.0,0,28,22,145
639,74,2080.0,2680.0,80.0,33.0,0,27,52,84
639,76,700.0,2635.0,3.0,3.0,0,7,41,48
639,78,694.0,3020.0,100.0,462.0,0,6,12,43
639,81,406.0,19.0,60.0,30.0,0,3,17,20
639,83,2071.0,3018.0,89.0,36.0,1,7,0,12
640,61,5.0,19.0,21.0,32.0,0,28,23,146
640,74,2080.0,2680.0,80.0,33.0,0,27,53,85
640,76,700.0,2635.0,3.0,3.0,0,7,42,49
640,78,694.0,3020.0,100.0,462.0,0,6,13,44
640,81,406.0,19.0,60.0,30.0,0,3,18,21
640,83,2067.0,3005.0,93.0,33.0,1,8,0,13
641,61,5.0,19.0,21.0,32.0,0,28,24,147
641,74,2080.0,2680.0,80.0,33.0,0,27,54,86
641,76,700.0,2635.0,3.0,3.0,0,7,43,50
641,78,694.0,3020.0,100.0,462.0,0,6,14,45
641,81,406.0,19.0,60.0,30.0,0,3,19,22
641,83,2063.0,2990.0,97.0,30.0,1,9,0,14
642,61,5.0,19.0,21.0,32.0,0,28,25,148
642,74,2080.0,2680.0,80.0,33.0,0,27,55,87
642,76,700.0,2635.0,3.0,3.0,0,7,44,51
642,78,694.0,3020.0,100.0,462.0,0,6,15,46
642,81,406.0,19.0,60.0,30.0,0,3,20,23
642,83,2059.0,2973.0,101.0,30.0,1,10,0,15
643,61,5.0,19.0,21.0,32.0,0,28,26,149
643,74,2080.0,2680.0,80.0,33.0,0,27,56,88
643,76,700.0,2635.0,3.0,3.0,0,7,45,52
643,78,694.0,3020.0,100.0,462.0,0,6,16,47
643,81,406.0,19.0,60.0,30.0,0,3,21,24
643,83,2055.0,2956.0,105.0,33.0,1,11,0,16
644,61,5.0,19.0,21.0,32.0,0,28,27,150
644,74,2080.0,2680.0,80.0,33.0,0,27,57,89
644,76,700.0,2635.0,3.0,3.0,0,7,46,53
644,78,694.0,3020.0,100.0,462.0,0,6,17,48
644,81,406.0,19.0,60.0,30.0,0,3,22,25
644,83,2051.0,2942.0,109.0,29.0,1,12,0,17
645,61,5.0,19.0,21.0,32.0,0,28,28,151
645,74,2080.0,2680.0,80.0,33.0,0,27,58,90
645,76,700.0,2635.0,3.0,3.0,0,7,47,54
645,78,694.0,3020.0,100.0,462.0,0,6,18,49
645,81,418.0,0.0,63.0,66.0,1,4,0,26
645,83,2051.0,2928.0,109.0,23.0,1,13,0,18
646,61,5.0,19.0,21.0,32.0,0,28,29,152
646,74,2080.0,2680.0,80.0,33.0,0,27,59,91
646,76,700.0,2635.0,3.0,3.0,0,7,48,55
646,78,694.0,3020.0,100.0,462.0,0,6,19,50
646,81,418.0,0.0,63.0,66.0,1,5,0,27
646,83,2049.0,2921.0,56.0,16.0,1,14,0,19
647,61,5.0,19.0,21.0,32.0,0,28,30,153
647,76,700.0,2635.0,3.0,3.0,0,7,49,56
647,78,694.0,3020.0,100.0,462.0,0,6,20,51
647,81,418.0,0.0,63.0,66.0,0,5,1,28
647,83,2047.0,2899.0,113.0,18.0,1,15,0,20
648,61,5.0,19.0,21.0,32.0,0,28,31,154
648,76,700.0,2635.0,3.0,3.0,0,7,50,57
648,78,694.0,3020.0,100.0,462.0,0,6,21,52
648,81,418.0,0.0,63.0,66.0,0,5,2,29
648,83,2046.0,2882.0,114.0,22.0,1,16,0,21
648,84,0.0,2893.0,14.0,16.0,1,2,0,2
649,61,5.0,19.0,21.0,32.0,0,28,32,155
649,76,700.0,2635.0,3.0,3.0,0,7,51,58
649,78,694.0,3020.0,100.0,462.0,0,6,22,53
649,81,418.0,0.0,63.0,66.0,0,5,3,30
649,83,2047.0,2868.0,113.0,19.0,1,17,0,22
649,84,0.0,2898.0,18.0,23.0,1,3,0,3
650,61,5.0,19.0,21.0,32.0,0,28,33,156
650,76,700.0,2635.0,3.0,3.0,0,7,52,59
650,78,694.0,3020.0,100.0,462.0,0,6,23,54
650,81,418.0,0.0,63.0,66.0,0,5,4,31
650,83,2047.0,2853.0,113.0,19.0,1,18,0,23
650,84,0.0,2905.0,22.0,22.0,1,4,0,4
651,61,5.0,19.0,21.0,32.0,0,28,34,157
651,76,700.0,2635.0,3.0,3.0,0,7,53,60
651,78,694.0,3020.0,100.0,462.0,0,6,24,55
651,81,418.0,0.0,63.0,66.0,0,5,5,32
651,83,2049.0,2837.0,111.0,20.0,1,19,0,24
651,84,0.0,2905.0,22.0,22.0,0,4,1,5
652,61,5.0,19.0,21.0,32.0,0,28,35,158
652,76,700.0,2635.0,3.0,3.0,0,7,54,61
652,78,694.0,3020.0,100.0,462.0,0,6,25,56
652,81,418.0,0.0,63.0,66.0,0,5,6,33
652,83,2051.0,2818.0,109.0,24.0,1,20,0,25
652,84,0.0,2905.0,22.0,22.0,0,4,2,6
653,61,5.0,19.0,21.0,32.0,0,28,36,159
653,76,700.0,2635.0,3.0,3.0,0,7,55,62
653,78,694.0,3020.0,100.0,462.0,0,6,26,57
653,81,418.0,0.0,63.0,66.0,0,5,7,34
653,83,2052.0,2802.0,108.0,23.0,1,21,0,26
653,84,0.0,2905.0,22.0,22.0,0,4,3,7
654,61,5.0,19.0,21.0,32.0,0,28,37,160
654,76,700.0,2635.0,3.0,3.0,0,7,56,63
654,78,694.0,3020.0,100.0,462.0,0,6,27,58
654,81,418.0,0.0,63.0,66.0,0,5,8,35
654,83,2055.0,2783.0,105.0,27.0,1,22,0,27
654,84,0.0,2905.0,22.0,22.0,0,4,4,8
655,61,5.0,19.0,21.0,32.0,0,28,38,161
655,76,700.0,2635.0,3.0,3.0,0,7,57,64
655,78,694.0,3020.0,100.0,462.0,0,6,28,59
655,81,418.0,0.0,63.0,66.0,0,5,9,36
655,83,2057.0,2767.0,103.0,27.0,1,23,0,28
655,84,0.0,2905.0,22.0,22.0,0,4,5,9
656,61,5.0,19.0,21.0,32.0,0,28,39,162
656,76,700.0,2635.0,3.0,3.0,0,7,58,65
656,78,694.0,3020.0,100.0,462.0,0,6,29,60
656,81,418.0,0.0,63.0,66.0,0,5,10,37
656,83,2061.0,2750.0,99.0,29.0,1,24,0,29
656,84,0.0,2905.0,22.0,22.0,0,4,6,10
657,61,5.0,19.0,21.0,32.0,0,28,40,163
657,76,700.0,2635.0,3.0,3.0,0,7,59,66
657,78,694.0,3020.0,100.0,462.0,0,6,30,61
657,81,418.0,0.0,63.0,66.0,0,5,11,38
657,83,2062.0,2734.0,98.0,30.0,1,25,0,30
657,84,0.0,2905.0,22.0,22.0,0,4,7,11
658,61,5.0,19.0,21.0,32.0,0,28,41,164
658,78,694.0,3020.0,100.0,462.0,0,6,31,62
658,81,418.0,0.0,63.0,66.0,0,5,12,39
658,83,2069.0,2718.0,91.0,31.0,1,26,0,31
658,84,0.0,2905.0,22.0,22.0,0,4,8,12
659,61,5.0,19.0,21.0,32.0,0,28,42,165
659,78,694.0,3020.0,100.0,462.0,0,6,32,63
659,81,418.0,0.0,63.0,66.0,0,5,13,40
659,83,2073.0,2701.0,87.0,32.0,1,27,0,32
659,84,0.0,2905.0,22.0,22.0,0,4,9,13
660,61,5.0,19.0,21.0,32.0,0,28,43,166
660,78,694.0,3020.0,100.0,462.0,0,6,33,64
660,81,418.0,0.0,63.0,66.0,0,5,14,41
660,83,2073.0,2701.0,87.0,32.0,0,27,1,33
660,84,0.0,2905.0,22.0,22.0,0,4,10,14
661,61,5.0,19.0,21.0,32.0,0,28,44,167
661,78,694.0,3020.0,100.0,462.0,0,6,34,65
661,81,418.0,0.0,63.0,66.0,0,5,15,42
661,83,2073.0,2701.0,87.0,32.0,0,27,2,34
661,84,0.0,2905.0,22.0,22.0,0,4,11,15
662,61,5.0,19.0,21.0,32.0,0,28,45,168
662,78,694.0,3020.0,100.0,462.0,0,6,35,66
662,81,418.0,0.0,63.0,66.0,0,5,16,43
662,83,2073.0,2701.0,87.0,32.0,0,27,3,35
662,84,0.0,2905.0,22.0,22.0,0,4,12,16
663,61,5.0,19.0,21.0,32.0,0,28,46,169
663,78,694.0,3020.0,100.0,462.0,0,6,36,67
663,81,418.0,0.0,63.0,66.0,0,5,17,44
663,83,2073.0,2701.0,87.0,32.0,0,27,4,36
663,84,0.0,2905.0,22.0,22.0,0,4,13,17
664,61,5.0,19.0,21.0,32.0,0,28,47,170
664,78,694.0,3020.0,100.0,462.0,0,6,37,68
664,81,418.0,0.0,63.0,66.0,0,5,18,45
664,83,2073.0,2701.0,87.0,32.0,0,27,5,37
664,84,0.0,2905.0,22.0,22.0,0,4,14,18
665,61,5.0,19.0,21.0,32.0,0,28,48,171
665,78,694.0,3020.0,100.0,462.0,0,6,38,69
665,81,418.0,0.0,63.0,66.0,0,5,19,46
665,83,2073.0,2701.0,87.0,32.0,0,27,6,38
665,84,0.0,2905.0,22.0,22.0,0,4,15,19
666,61,5.0,19.0,21.0,32.0,0,28,49,172
666,78,694.0,3020.0,100.0,462.0,0,6,39,70
666,81,418.0,0.0,63.0,66.0,0,5,20,47
666,83,2073.0,2701.0,87.0,32.0,0,27,7,39
666,84,0.0,2905.0,22.0,22.0,0,4,16,20
667,61,5.0,19.0,21.0,32.0,0,28,50,173
667,78,694.0,3020.0,100.0,462.0,0,6,40,71
667,81,421.0,0.0,60.0,65.0,1,6,0,48
667,83,2073.0,2701.0,87.0,32.0,0,27,8,40
667,84,0.0,2905.0,22.0,22.0,0,4,17,21
668,61,5.0,19.0,21.0,32.0,0,28,51,174
668,78,694.0,3020.0,100.0,462.0,0,6,41,72
668,81,421.0,0.0,60.0,65.0,0,6,1,49
668,83,2073.0,2701.0,87.0,32.0,0,27,9,41
668,84,0.0,2905.0,22.0,22.0,0,4,18,22
669,61,5.0,19.0,21.0,32.0,0,28,52,175
669,78,694.0,3020.0,100.0,462.0,0,6,42,73
669,81,421.0,0.0,60.0,65.0,0,6,2,50
669,83,2073.0,2701.0,87.0,32.0,0,27,10,42
669,84,0.0,2905.0,22.0,22.0,0,4,19,23
670,61,5.0,19.0,21.0,32.0,0,28,53,176
670,78,694.0,3020.0,100.0,462.0,0,6,43,74
670,81,389.0,0.0,92.0,66.0,1,7,0,51
670,83,2156.0,2523.0,4.0,5.0,1,28,0,43
670,84,0.0,2905.0,22.0,22.0,0,4,20,24
