frame_number,track_id,x,y,w,h,matched,detection_count,missed_frame_count,age_frames
5,5,1854.0,3429.0,9.0,14.0,1,3,0,3
6,5,1841.0,3432.0,24.0,11.0,1,4,0,4
7,5,1849.0,3430.0,19.0,9.0,1,5,0,5
8,5,1849.0,3430.0,19.0,9.0,0,5,1,6
9,5,1845.0,3418.0,18.0,9.0,1,6,0,7
10,5,1846.0,3421.0,13.0,11.0,1,7,0,8
11,5,1842.0,3418.0,13.0,10.0,1,8,0,9
12,5,1832.0,3410.0,22.0,10.0,1,9,0,10
13,5,1837.0,3410.0,18.0,8.0,1,10,0,11
14,5,1825.0,3410.0,17.0,9.0,1,11,0,12
15,5,1825.0,3404.0,21.0,9.0,1,12,0,13
16,5,1827.0,3396.0,20.0,10.0,1,13,0,14
17,5,1827.0,3402.0,20.0,6.0,1,14,0,15
18,5,1826.0,3398.0,18.0,5.0,1,15,0,16
19,5,1826.0,3398.0,18.0,5.0,0,15,1,17
20,5,1825.0,3392.0,19.0,6.0,1,16,0,18
21,5,1821.0,3388.0,18.0,6.0,1,17,0,19
22,5,1822.0,3384.0,20.0,8.0,1,18,0,20
23,5,1819.0,3378.0,22.0,8.0,1,19,0,21
24,5,1811.0,3376.0,20.0,7.0,1,20,0,22
25,5,1811.0,3376.0,20.0,7.0,0,20,1,23
26,5,1809.0,3373.0,19.0,7.0,1,21,0,24
27,5,1811.0,3377.0,20.0,7.0,1,22,0,25
28,5,1811.0,3377.0,20.0,7.0,0,22,1,26
29,5,1811.0,3377.0,20.0,7.0,0,22,2,27
30,5,1813.0,3364.0,21.0,10.0,1,23,0,28
31,5,1803.0,3367.0,22.0,10.0,1,24,0,29
32,5,1809.0,3363.0,19.0,11.0,1,25,0,30
33,5,1803.0,3357.0,19.0,12.0,1,26,0,31
34,5,1807.0,3354.0,19.0,10.0,1,27,0,32
35,5,1800.0,3358.0,19.0,10.0,1,28,0,33
36,5,1796.0,3350.0,19.0,10.0,1,29,0,34
37,5,1796.0,3350.0,19.0,10.0,0,29,1,35
38,5,1798.0,3355.0,19.0,11.0,1,30,0,36
39,5,1796.0,3352.0,18.0,8.0,1,31,0,37
40,5,1791.0,3351.0,17.0,9.0,1,32,0,38
41,5,1793.0,3352.0,17.0,8.0,1,33,0,39
42,5,1793.0,3354.0,21.0,10.0,1,34,0,40
43,5,1793.0,3354.0,21.0,10.0,0,34,1,41
44,5,1784.0,3353.0,23.0,8.0,1,35,0,42
45,5,1789.0,3353.0,23.0,8.0,1,36,0,43
46,5,1780.0,3348.0,22.0,7.0,1,37,0,44
47,5,1783.0,3356.0,17.0,6.0,1,38,0,45
48,5,1781.0,3350.0,17.0,7.0,1,39,0,46
49,5,1779.0,3354.0,15.0,5.0,1,40,0,47
50,5,1775.0,3347.0,15.0,6.0,1,41,0,48
51,5,1775.0,3347.0,15.0,6.0,0,41,1,49
52,5,1775.0,3347.0,15.0,6.0,0,41,2,50
53,5,1770.0,3349.0,17.0,6.0,1,42,0,51
54,5,1766.0,3349.0,17.0,6.0,1,43,0,52
55,5,1767.0,3346.0,17.0,6.0,1,44,0,53
56,5,1762.0,3350.0,17.0,6.0,1,45,0,54
57,5,1765.0,3349.0,16.0,6.0,1,46,0,55
58,5,1764.0,3343.0,17.0,6.0,1,47,0,56
59,5,1763.0,3346.0,17.0,6.0,1,48,0,57
60,5,1760.0,3347.0,18.0,6.0,1,49,0,58
61,5,1760.0,3348.0,15.0,5.0,1,50,0,59
62,5,1760.0,3348.0,15.0,5.0,0,50,1,60
63,5,1762.0,3342.0,16.0,5.0,1,51,0,61
64,5,1755.0,3348.0,17.0,6.0,1,52,0,62
65,5,1759.0,3351.0,16.0,6.0,1,53,0,63
66,5,1760.0,3347.0,15.0,6.0,1,54,0,64
67,5,1756.0,3345.0,17.0,8.0,1,55,0,65
68,5,1755.0,3356.0,17.0,8.0,1,56,0,66
69,5,1755.0,3356.0,17.0,8.0,0,56,1,67
70,5,1751.0,3352.0,17.0,8.0,1,57,0,68
71,5,1750.0,3349.0,18.0,8.0,1,58,0,69
72,5,1747.0,3355.0,18.0,11.0,1,59,0,70
73,5,1747.0,3348.0,14.0,12.0,1,60,0,71
74,5,1750.0,3349.0,17.0,15.0,1,61,0,72
75,5,1750.0,3349.0,17.0,15.0,0,61,1,73
76,5,1748.0,3355.0,21.0,10.0,1,62,0,74
77,5,1741.0,3359.0,14.0,14.0,1,63,0,75
78,5,1741.0,3359.0,14.0,14.0,0,63,1,76
78,42,2141.0,3030.0,5.0,5.0,1,3,0,3
79,5,1748.0,3350.0,12.0,13.0,1,64,0,77
79,42,2135.0,3022.0,5.0,7.0,1,4,0,4
80,5,1748.0,3350.0,12.0,13.0,0,64,1,78
80,42,2132.0,3035.0,8.0,5.0,1,5,0,5
81,5,1744.0,3357.0,18.0,17.0,1,65,0,79
81,42,2121.0,3030.0,8.0,6.0,1,6,0,6
82,5,1744.0,3355.0,12.0,10.0,1,66,0,80
82,42,2119.0,3027.0,8.0,4.0,1,7,0,7
83,5,1745.0,3355.0,17.0,10.0,1,67,0,81
83,42,2111.0,3037.0,7.0,6.0,1,8,0,8
84,5,1745.0,3355.0,17.0,10.0,0,67,1,82
84,42,2130.0,3026.0,10.0,8.0,1,9,0,9
84,49,2144.0,3032.0,8.0,8.0,1,3,0,3
85,5,1742.0,3367.0,15.0,7.0,1,68,0,83
85,42,2100.0,3034.0,8.0,6.0,1,10,0,10
85,49,2124.0,3030.0,11.0,10.0,1,4,0,4
86,5,1742.0,3366.0,15.0,12.0,1,69,0,84
86,42,2117.0,3033.0,9.0,8.0,1,11,0,11
86,49,2141.0,3029.0,9.0,7.0,1,5,0,5
87,5,1739.0,3358.0,14.0,7.0,1,70,0,85
87,42,2109.0,3032.0,10.0,7.0,1,12,0,12
87,49,2123.0,3028.0,7.0,6.0,1,6,0,6
88,5,1737.0,3357.0,19.0,13.0,1,71,0,86
88,42,2099.0,3029.0,10.0,9.0,1,13,0,13
88,49,2123.0,3033.0,7.0,6.0,1,7,0,7
88,52,2128.0,3025.0,7.0,6.0,1,3,0,3
88,53,2144.0,3030.0,9.0,5.0,1,3,0,3
89,5,1735.0,3363.0,14.0,6.0,1,72,0,87
89,42,2095.0,3032.0,10.0,8.0,1,14,0,14
89,49,2115.0,3033.0,8.0,8.0,1,8,0,8
89,52,2118.0,3031.0,5.0,6.0,1,4,0,4
89,53,2140.0,3027.0,10.0,11.0,1,4,0,4
89,54,2075.0,3039.0,6.0,8.0,1,3,0,3
90,5,1734.0,3367.0,17.0,10.0,1,73,0,88
90,42,2094.0,3031.0,9.0,8.0,1,15,0,15
90,49,2110.0,3027.0,8.0,7.0,1,9,0,9
90,52,2120.0,3032.0,6.0,5.0,1,5,0,5
90,53,2134.0,3029.0,10.0,9.0,1,5,0,5
90,54,2068.0,3033.0,7.0,6.0,1,4,0,4
91,5,1730.0,3362.0,14.0,7.0,1,74,0,89
91,42,2085.0,3023.0,11.0,9.0,1,16,0,16
91,49,2105.0,3032.0,9.0,7.0,1,10,0,10
91,52,2125.0,3030.0,10.0,7.0,1,6,0,6
91,53,2137.0,3031.0,8.0,5.0,1,6,0,6
91,54,2068.0,3033.0,7.0,6.0,0,4,1,5
91,56,2155.0,3029.0,5.0,6.0,1,3,0,3
92,5,1728.0,3358.0,21.0,14.0,1,75,0,90
92,42,2100.0,3030.0,7.0,10.0,1,17,0,17
92,49,2109.0,3031.0,11.0,5.0,1,11,0,11
92,52,2115.0,3030.0,10.0,8.0,1,7,0,7
92,53,2134.0,3027.0,7.0,6.0,1,7,0,7
92,54,2056.0,3032.0,8.0,7.0,1,5,0,6
92,56,2149.0,3030.0,11.0,7.0,1,4,0,4
93,5,1725.0,3365.0,25.0,9.0,1,76,0,91
93,42,2100.0,3030.0,7.0,10.0,0,17,1,18
93,49,2109.0,3021.0,7.0,9.0,1,12,0,12
93,52,2116.0,3029.0,10.0,9.0,1,8,0,8
93,53,2134.0,3027.0,7.0,6.0,0,7,1,8
93,54,2056.0,3032.0,8.0,7.0,0,5,1,7
93,56,2144.0,3026.0,9.0,5.0,1,5,0,5
94,5,1726.0,3367.0,17.0,15.0,1,77,0,92
94,42,2062.0,3024.0,12.0,10.0,1,18,0,19
94,49,2084.0,3023.0,7.0,11.0,1,13,0,13
94,52,2102.0,3032.0,11.0,8.0,1,9,0,9
94,53,2098.0,3027.0,7.0,6.0,1,8,0,9
94,54,2044.0,3027.0,7.0,10.0,1,6,0,8
94,56,2117.0,3029.0,8.0,6.0,1,6,0,6
95,5,1724.0,3361.0,10.0,12.0,1,78,0,93
95,42,2066.0,3033.0,7.0,6.0,1,19,0,20
95,49,2084.0,3023.0,7.0,11.0,0,13,1,14
95,52,2118.0,3028.0,7.0,6.0,1,10,0,10
95,53,2132.0,3024.0,9.0,6.0,1,9,0,10
95,54,2040.0,3028.0,7.0,6.0,1,7,0,9
95,56,2143.0,3031.0,7.0,6.0,1,7,0,7
96,5,1721.0,3358.0,15.0,12.0,1,79,0,94
96,42,2055.0,3028.0,9.0,8.0,1,20,0,21
96,49,2075.0,3025.0,8.0,9.0,1,14,0,15
96,52,2108.0,3026.0,9.0,6.0,1,11,0,11
96,53,2123.0,3026.0,10.0,6.0,1,10,0,11
96,54,2032.0,3031.0,7.0,6.0,1,8,0,10
96,56,2138.0,3031.0,8.0,6.0,1,8,0,8
97,5,1718.0,3360.0,18.0,12.0,1,80,0,95
97,42,2054.0,3031.0,10.0,9.0,1,21,0,22
97,49,2079.0,3033.0,7.0,8.0,1,15,0,16
97,52,2119.0,3028.0,8.0,6.0,1,12,0,12
97,53,2130.0,3025.0,8.0,6.0,1,11,0,12
97,54,2027.0,3027.0,9.0,6.0,1,9,0,11
97,56,2144.0,3019.0,11.0,7.0,1,9,0,9
98,5,1718.0,3360.0,18.0,12.0,0,80,1,96
98,42,2062.0,3028.0,8.0,8.0,1,22,0,23
98,49,2083.0,3030.0,10.0,10.0,1,16,0,17
98,52,2128.0,3030.0,8.0,6.0,1,13,0,13
98,53,2138.0,3024.0,9.0,7.0,1,12,0,13
98,54,2093.0,3026.0,8.0,8.0,1,10,0,12
98,56,2146.0,3029.0,8.0,5.0,1,10,0,10
98,59,2113.0,3026.0,9.0,6.0,1,3,0,3
99,5,1715.0,3360.0,16.0,13.0,1,81,0,97
99,42,2055.0,3029.0,7.0,8.0,1,23,0,24
99,49,2080.0,3034.0,10.0,7.0,1,17,0,18
99,52,2117.0,3025.0,9.0,5.0,1,14,0,14
99,53,2128.0,3023.0,9.0,7.0,1,13,0,14
99,54,2068.0,3028.0,6.0,5.0,1,11,0,13
99,56,2145.0,3025.0,7.0,5.0,1,11,0,11
99,59,2107.0,3024.0,9.0,6.0,1,4,0,4
100,5,1715.0,3360.0,16.0,13.0,0,81,1,98
100,42,2041.0,3029.0,9.0,9.0,1,24,0,25
100,49,2074.0,3029.0,10.0,7.0,1,18,0,19
100,52,2114.0,3027.0,9.0,5.0,1,15,0,15
100,53,2129.0,3022.0,10.0,8.0,1,14,0,15
100,54,2056.0,3034.0,6.0,5.0,1,12,0,14
100,56,2144.0,3018.0,8.0,5.0,1,12,0,12
100,59,2086.0,3032.0,9.0,7.0,1,5,0,5
101,5,1709.0,3349.0,17.0,14.0,1,82,0,99
101,42,2044.0,3032.0,9.0,8.0,1,25,0,26
101,49,2059.0,3030.0,13.0,9.0,1,19,0,20
101,52,2109.0,3024.0,9.0,5.0,1,16,0,16
101,53,2119.0,3027.0,10.0,8.0,1,15,0,16
101,54,2052.0,3036.0,7.0,5.0,1,13,0,15
101,56,2144.0,3024.0,6.0,7.0,1,13,0,13
101,59,2086.0,3032.0,9.0,7.0,0,5,1,6
101,60,2000.0,3029.0,9.0,7.0,1,3,0,3
101,61,2027.0,3034.0,10.0,9.0,1,3,0,3
102,5,1702.0,3354.0,22.0,8.0,1,83,0,100
102,42,2055.0,3029.0,14.0,9.0,1,26,0,27
102,49,2069.0,3025.0,8.0,7.0,1,20,0,21
102,52,2116.0,3027.0,10.0,8.0,1,17,0,17
102,53,2125.0,3021.0,7.0,4.0,1,16,0,17
102,54,2086.0,3026.0,8.0,5.0,1,14,0,16
102,56,2130.0,3017.0,6.0,6.0,1,14,0,14
102,59,2101.0,3025.0,8.0,5.0,1,6,0,7
102,60,1991.0,3032.0,9.0,7.0,1,4,0,4
102,61,2043.0,3034.0,6.0,4.0,1,4,0,4
103,5,1707.0,3359.0,18.0,12.0,1,84,0,101
103,42,2028.0,3031.0,10.0,9.0,1,27,0,28
103,49,2072.0,3026.0,7.0,7.0,1,21,0,22
103,52,2123.0,3027.0,7.0,5.0,1,18,0,18
103,53,2125.0,3025.0,9.0,5.0,1,17,0,18
103,54,2078.0,3026.0,8.0,6.0,1,15,0,17
103,56,2140.0,3025.0,6.0,5.0,1,15,0,15
103,59,2096.0,3024.0,8.0,5.0,1,7,0,8
103,60,1986.0,3027.0,10.0,8.0,1,5,0,5
103,61,2013.0,3037.0,9.0,7.0,1,5,0,5
104,5,1702.0,3355.0,13.0,8.0,1,85,0,102
104,42,2028.0,3033.0,7.0,5.0,1,28,0,29
104,49,2046.0,3025.0,10.0,8.0,1,22,0,23
104,52,2116.0,3024.0,8.0,6.0,1,19,0,19
104,53,2125.0,3016.0,8.0,5.0,1,18,0,19
104,54,2051.0,3028.0,8.0,6.0,1,16,0,18
104,56,2134.0,3022.0,6.0,4.0,1,16,0,16
104,59,2090.0,3022.0,9.0,7.0,1,8,0,9
104,60,2005.0,3030.0,10.0,7.0,1,6,0,6
104,61,2024.0,3025.0,9.0,9.0,1,6,0,6
105,5,1698.0,3349.0,17.0,11.0,1,86,0,103
105,42,2027.0,3026.0,7.0,5.0,1,29,0,30
105,49,2036.0,3029.0,9.0,8.0,1,23,0,24
105,52,2115.0,3025.0,7.0,6.0,1,20,0,20
105,53,2125.0,3017.0,7.0,5.0,1,19,0,20
105,54,2075.0,3029.0,8.0,6.0,1,17,0,19
105,56,2110.0,3029.0,7.0,5.0,1,17,0,17
105,59,2084.0,3025.0,8.0,6.0,1,9,0,10
105,60,1999.0,3033.0,9.0,8.0,1,7,0,7
105,61,2015.0,3032.0,8.0,10.0,1,7,0,7
106,5,1691.0,3344.0,19.0,15.0,1,87,0,104
106,42,2034.0,3031.0,10.0,7.0,1,30,0,31
106,49,2050.0,3028.0,7.0,5.0,1,24,0,25
106,52,2111.0,3023.0,7.0,6.0,1,21,0,21
106,53,2123.0,3027.0,6.0,5.0,1,20,0,21
106,54,2069.0,3024.0,9.0,5.0,1,18,0,20
106,56,2103.0,3026.0,7.0,5.0,1,18,0,18
106,59,2093.0,3027.0,8.0,7.0,1,10,0,11
106,60,2013.0,3032.0,7.0,8.0,1,8,0,8
106,61,2024.0,3034.0,7.0,5.0,1,8,0,8
106,64,2141.0,3020.0,7.0,6.0,1,3,0,3
107,5,1690.0,3348.0,23.0,10.0,1,88,0,105
107,42,2026.0,3027.0,10.0,7.0,1,31,0,32
107,49,2038.0,3027.0,7.0,7.0,1,25,0,26
107,52,2105.0,3017.0,6.0,7.0,1,22,0,22
107,53,2119.0,3027.0,7.0,4.0,1,21,0,22
107,54,2074.0,3021.0,9.0,6.0,1,19,0,21
107,56,2103.0,3026.0,7.0,5.0,0,18,1,19
107,59,2092.0,3027.0,7.0,5.0,1,11,0,12
107,60,2013.0,3032.0,7.0,8.0,0,8,1,9
107,61,2015.0,3026.0,8.0,5.0,1,9,0,9
107,64,2136.0,3022.0,6.0,5.0,1,4,0,4
107,65,1961.0,3035.0,10.0,8.0,1,3,0,3
108,5,1690.0,3348.0,23.0,10.0,0,88,1,106
108,42,2035.0,3034.0,9.0,6.0,1,32,0,33
108,49,2047.0,3021.0,9.0,6.0,1,26,0,27
108,52,2103.0,3016.0,7.0,6.0,1,23,0,23
108,53,2119.0,3027.0,7.0,4.0,0,21,1,23
108,54,2082.0,3028.0,7.0,7.0,1,20,0,22
108,56,2108.0,3024.0,7.0,6.0,1,19,0,20
108,59,2090.0,3027.0,5.0,5.0,1,12,0,13
108,60,1999.0,3032.0,9.0,9.0,1,9,0,10
108,61,2010.0,3032.0,9.0,6.0,1,10,0,10
108,64,2140.0,3028.0,6.0,5.0,1,5,0,5
108,65,1957.0,3027.0,9.0,8.0,1,4,0,4
109,5,1688.0,3343.0,15.0,6.0,1,89,0,107
109,42,2019.0,3032.0,11.0,6.0,1,33,0,34
109,49,2056.0,3023.0,9.0,6.0,1,27,0,28
109,52,2094.0,3024.0,8.0,7.0,1,24,0,24
109,53,2122.0,3020.0,6.0,6.0,1,22,0,24
109,54,2071.0,3027.0,9.0,7.0,1,21,0,23
109,56,2106.0,3026.0,7.0,7.0,1,20,0,21
109,59,2092.0,3026.0,6.0,4.0,1,13,0,14
109,60,1994.0,3033.0,9.0,11.0,1,10,0,11
109,61,2005.0,3034.0,8.0,6.0,1,11,0,11
109,64,2148.0,3027.0,7.0,6.0,1,6,0,6
109,65,1952.0,3025.0,9.0,9.0,1,5,0,5
110,5,1688.0,3343.0,15.0,6.0,0,89,1,108
110,42,2024.0,3031.0,10.0,5.0,1,34,0,35
110,49,2041.0,3029.0,10.0,7.0,1,28,0,29
110,52,2067.0,3025.0,9.0,7.0,1,25,0,25
110,53,2119.0,3022.0,8.0,6.0,1,23,0,25
110,54,2054.0,3028.0,9.0,7.0,1,22,0,24
110,56,2099.0,3020.0,7.0,5.0,1,21,0,22
110,59,2085.0,3025.0,7.0,7.0,1,14,0,15
110,60,1984.0,3029.0,9.0,10.0,1,11,0,12
110,61,2009.0,3035.0,10.0,7.0,1,12,0,12
110,64,2143.0,3027.0,7.0,5.0,1,7,0,7
110,65,1938.0,3033.0,10.0,7.0,1,6,0,6
111,5,1680.0,3343.0,23.0,10.0,1,90,0,109
111,42,2016.0,3028.0,9.0,7.0,1,35,0,36
111,49,2042.0,3037.0,8.0,6.0,1,29,0,30
111,52,2076.0,3018.0,8.0,5.0,1,26,0,26
111,53,2126.0,3023.0,6.0,8.0,1,24,0,26
111,54,2062.0,3029.0,9.0,6.0,1,23,0,25
111,56,2114.0,3025.0,7.0,6.0,1,22,0,23
111,59,2085.0,3017.0,9.0,7.0,1,15,0,16
111,60,1977.0,3034.0,8.0,11.0,1,12,0,13
111,61,2004.0,3035.0,9.0,6.0,1,13,0,13
111,64,2158.0,3015.0,2.0,8.0,1,8,0,8
111,65,1933.0,3031.0,11.0,10.0,1,7,0,7
111,71,2137.0,3025.0,8.0,5.0,1,3,0,3
112,5,1680.0,3343.0,23.0,10.0,0,90,1,110
112,42,2010.0,3023.0,7.0,5.0,1,36,0,37
112,49,2042.0,3037.0,8.0,6.0,0,29,1,31
112,52,2081.0,3022.0,8.0,6.0,1,27,0,27
112,53,2116.0,3018.0,7.0,9.0,1,25,0,27
112,54,2067.0,3027.0,7.0,5.0,1,24,0,26
112,56,2105.0,3025.0,8.0,6.0,1,23,0,24
112,59,2087.0,3023.0,7.0,5.0,1,16,0,17
112,60,1986.0,3029.0,8.0,5.0,1,13,0,14
112,61,1996.0,3031.0,11.0,8.0,1,14,0,14
112,64,2144.0,3019.0,8.0,6.0,1,9,0,9
112,65,1933.0,3031.0,11.0,10.0,0,7,1,8
112,71,2137.0,3028.0,8.0,8.0,1,4,0,4
112,74,1958.0,3030.0,9.0,10.0,1,3,0,3
113,5,1680.0,3343.0,23.0,10.0,0,90,2,111
113,42,2008.0,3027.0,7.0,5.0,1,37,0,38
113,49,2036.0,3029.0,9.0,6.0,1,30,0,32
113,52,2071.0,3020.0,8.0,7.0,1,28,0,28
113,53,2096.0,3024.0,7.0,6.0,1,26,0,28
113,54,2050.0,3031.0,8.0,6.0,1,25,0,27
113,56,2067.0,3029.0,6.0,5.0,1,24,0,25
113,59,2080.0,3021.0,8.0,4.0,1,17,0,18
113,60,1982.0,3028.0,7.0,6.0,1,14,0,15
113,61,1992.0,3034.0,10.0,7.0,1,15,0,15
113,64,2138.0,3014.0,7.0,6.0,1,10,0,10
113,65,1927.0,3032.0,8.0,8.0,1,8,0,9
113,71,2113.0,3024.0,8.0,7.0,1,5,0,5
113,74,1946.0,3029.0,9.0,11.0,1,4,0,4
114,5,1675.0,3329.0,19.0,10.0,1,91,0,112
114,42,2017.0,3032.0,8.0,6.0,1,38,0,39
114,49,2045.0,3029.0,8.0,6.0,1,31,0,33
114,52,2073.0,3022.0,6.0,6.0,1,29,0,29
114,53,2138.0,3014.0,7.0,7.0,1,27,0,29
114,54,2054.0,3026.0,7.0,4.0,1,26,0,28
114,56,2094.0,3027.0,7.0,5.0,1,25,0,26
114,59,2101.0,3026.0,8.0,7.0,1,18,0,19
114,60,1977.0,3034.0,7.0,7.0,1,15,0,16
114,61,1996.0,3028.0,7.0,6.0,1,16,0,16
114,64,2153.0,3017.0,7.0,6.0,1,11,0,11
114,65,1914.0,3028.0,14.0,8.0,1,9,0,10
114,71,2125.0,3025.0,10.0,6.0,1,6,0,6
114,74,1944.0,3036.0,9.0,10.0,1,5,0,5
115,5,1666.0,3329.0,18.0,12.0,1,92,0,113
115,42,1994.0,3037.0,8.0,5.0,1,39,0,40
115,49,2050.0,3029.0,8.0,6.0,1,32,0,34
115,52,2069.0,3022.0,8.0,4.0,1,30,0,30
115,53,2135.0,3019.0,7.0,8.0,1,28,0,30
115,54,2062.0,3017.0,7.0,6.0,1,27,0,29
115,56,2089.0,3021.0,7.0,5.0,1,26,0,27
115,59,2101.0,3018.0,7.0,7.0,1,19,0,20
115,60,1965.0,3036.0,9.0,7.0,1,16,0,17
115,61,1978.0,3029.0,10.0,6.0,1,17,0,17
115,64,2149.0,3019.0,7.0,5.0,1,12,0,12
115,65,1906.0,3027.0,11.0,9.0,1,10,0,11
115,71,2114.0,3024.0,8.0,7.0,1,7,0,7
115,74,1933.0,3037.0,9.0,8.0,1,6,0,6
115,77,2039.0,3026.0,9.0,6.0,1,3,0,3
115,78,1957.0,3030.0,8.0,6.0,1,3,0,3
116,5,1666.0,3329.0,18.0,12.0,0,92,1,114
116,42,1990.0,3033.0,9.0,5.0,1,40,0,41
116,49,2049.0,3025.0,7.0,5.0,1,33,0,35
116,52,2067.0,3021.0,9.0,7.0,1,31,0,31
116,53,2123.0,3025.0,6.0,6.0,1,29,0,31
116,54,2049.0,3020.0,8.0,6.0,1,28,0,30
116,56,2084.0,3024.0,8.0,5.0,1,27,0,28
116,59,2101.0,3018.0,7.0,7.0,0,19,1,21
116,60,1958.0,3033.0,9.0,7.0,1,17,0,18
116,61,1973.0,3026.0,10.0,7.0,1,18,0,18
116,64,2149.0,3019.0,7.0,5.0,0,12,1,13
116,65,1903.0,3034.0,8.0,8.0,1,11,0,12
116,71,2108.0,3025.0,8.0,7.0,1,8,0,8
116,74,1933.0,3037.0,9.0,8.0,0,6,1,7
116,77,2016.0,3025.0,9.0,7.0,1,4,0,4
116,78,1952.0,3034.0,8.0,6.0,1,4,0,4
117,5,1666.0,3329.0,18.0,12.0,0,92,2,115
117,42,1998.0,3032.0,7.0,7.0,1,41,0,42
117,49,2040.0,3023.0,7.0,5.0,1,34,0,36
117,52,2061.0,3025.0,10.0,6.0,1,32,0,32
117,53,2125.0,3013.0,8.0,6.0,1,30,0,32
117,54,2050.0,3019.0,9.0,6.0,1,29,0,31
117,56,2077.0,3023.0,7.0,5.0,1,28,0,29
117,59,2093.0,3024.0,7.0,8.0,1,20,0,22
117,60,1963.0,3036.0,7.0,7.0,1,18,0,19
117,61,2010.0,3029.0,8.0,7.0,1,19,0,19
117,64,2135.0,3024.0,7.0,7.0,1,13,0,14
117,65,1903.0,3034.0,8.0,8.0,0,11,1,13
117,71,2107.0,3027.0,8.0,5.0,1,9,0,9
117,74,1929.0,3033.0,10.0,8.0,1,7,0,8
117,77,2025.0,3028.0,12.0,7.0,1,5,0,5
117,78,1942.0,3033.0,7.0,6.0,1,5,0,5
118,5,1659.0,3329.0,15.0,9.0,1,93,0,116
118,42,1990.0,3031.0,8.0,7.0,1,42,0,43
118,49,2036.0,3025.0,7.0,5.0,1,35,0,37
118,52,2053.0,3026.0,10.0,6.0,1,33,0,33
118,53,2114.0,3016.0,8.0,6.0,1,31,0,33
118,54,2045.0,3023.0,8.0,7.0,1,30,0,32
118,56,2074.0,3031.0,8.0,6.0,1,29,0,30
118,59,2096.0,3023.0,9.0,6.0,1,21,0,23
118,60,1966.0,3034.0,8.0,9.0,1,19,0,20
118,61,2004.0,3027.0,7.0,6.0,1,20,0,20
118,64,2135.0,3024.0,7.0,7.0,0,13,1,15
118,65,1891.0,3035.0,6.0,4.0,1,12,0,14
118,71,2107.0,3027.0,8.0,5.0,0,9,1,10
118,74,1939.0,3037.0,5.0,6.0,1,8,0,9
118,77,2016.0,3030.0,11.0,7.0,1,6,0,6
118,78,1942.0,3029.0,7.0,8.0,1,6,0,6
119,5,1659.0,3329.0,15.0,9.0,0,93,1,117
119,42,1968.0,3032.0,7.0,5.0,1,43,0,44
119,49,2016.0,3024.0,10.0,7.0,1,36,0,38
119,52,2023.0,3028.0,8.0,4.0,1,34,0,34
119,53,2108.0,3016.0,6.0,6.0,1,32,0,34
119,54,2045.0,3021.0,9.0,6.0,1,31,0,33
119,56,2038.0,3017.0,10.0,7.0,1,30,0,31
119,59,2066.0,3023.0,7.0,5.0,1,22,0,24
119,60,1954.0,3035.0,10.0,8.0,1,20,0,21
119,61,1997.0,3025.0,8.0,6.0,1,21,0,21
119,64,2135.0,3024.0,7.0,7.0,0,13,2,16
119,65,1885.0,3029.0,13.0,7.0,1,13,0,15
119,71,2095.0,3026.0,9.0,5.0,1,10,0,11
119,74,1912.0,3034.0,7.0,7.0,1,9,0,10
119,77,1983.0,3029.0,9.0,8.0,1,7,0,7
119,78,1942.0,3029.0,8.0,6.0,1,7,0,7
120,5,1660.0,3320.0,19.0,13.0,1,94,0,118
120,42,1979.0,3024.0,9.0,5.0,1,44,0,45
120,49,2019.0,3026.0,7.0,5.0,1,37,0,39
120,52,2028.0,3023.0,9.0,7.0,1,35,0,35
120,53,2117.0,3022.0,8.0,5.0,1,33,0,35
120,54,2045.0,3021.0,9.0,6.0,0,31,1,34
120,56,2038.0,3017.0,10.0,7.0,0,30,1,32
120,59,2063.0,3025.0,8.0,4.0,1,23,0,25
120,60,1954.0,3035.0,10.0,8.0,0,20,1,22
120,61,2007.0,3023.0,10.0,6.0,1,22,0,22
120,64,2138.0,3020.0,8.0,7.0,1,14,0,17
120,65,1901.0,3032.0,8.0,8.0,1,14,0,16
120,71,2104.0,3017.0,8.0,8.0,1,11,0,12
120,74,1922.0,3035.0,6.0,5.0,1,10,0,11
120,77,1991.0,3025.0,8.0,6.0,1,8,0,8
120,78,1935.0,3034.0,8.0,7.0,1,8,0,8
121,5,1653.0,3326.0,21.0,8.0,1,95,0,119
121,42,1974.0,3031.0,10.0,6.0,1,45,0,46
121,49,2024.0,3023.0,9.0,7.0,1,38,0,40
121,52,2037.0,3025.0,8.0,6.0,1,36,0,36
121,53,2105.0,3020.0,10.0,6.0,1,34,0,36
121,54,2056.0,3021.0,9.0,4.0,1,32,0,35
121,56,2066.0,3024.0,7.0,7.0,1,31,0,33
121,59,2082.0,3026.0,9.0,5.0,1,24,0,26
121,60,1951.0,3026.0,8.0,7.0,1,21,0,23
121,61,2011.0,3028.0,7.0,4.0,1,23,0,23
121,64,2149.0,3014.0,8.0,7.0,1,15,0,18
121,65,1893.0,3032.0,7.0,7.0,1,15,0,17
121,71,2100.0,3018.0,7.0,5.0,1,12,0,13
121,74,1924.0,3027.0,9.0,9.0,1,11,0,12
121,77,1987.0,3032.0,9.0,6.0,1,9,0,9
121,78,1935.0,3029.0,9.0,8.0,1,9,0,9
122,5,1656.0,3318.0,19.0,11.0,1,96,0,120
122,42,1966.0,3034.0,10.0,6.0,1,46,0,47
122,49,2016.0,3024.0,8.0,5.0,1,39,0,41
122,52,2030.0,3026.0,7.0,7.0,1,37,0,37
122,53,2102.0,3020.0,10.0,7.0,1,35,0,37
122,54,2056.0,3021.0,9.0,4.0,0,32,1,36
122,56,2048.0,3023.0,9.0,6.0,1,32,0,34
122,59,2080.0,3026.0,9.0,5.0,1,25,0,27
122,60,1936.0,3029.0,9.0,8.0,1,22,0,24
122,61,2013.0,3028.0,7.0,6.0,1,24,0,24
122,64,2130.0,3022.0,7.0,7.0,1,16,0,19
122,65,1893.0,3032.0,7.0,7.0,0,15,1,18
122,71,2100.0,3018.0,7.0,5.0,0,12,1,14
122,74,1914.0,3033.0,6.0,5.0,1,12,0,13
122,77,1981.0,3032.0,7.0,5.0,1,10,0,10
122,78,1921.0,3037.0,8.0,8.0,1,10,0,10
123,5,1656.0,3318.0,19.0,11.0,0,96,1,121
123,42,1977.0,3022.0,9.0,9.0,1,47,0,48
123,49,2010.0,3016.0,7.0,9.0,1,40,0,42
123,52,2043.0,3026.0,7.0,5.0,1,38,0,38
123,53,2119.0,3021.0,8.0,5.0,1,36,0,38
123,54,2071.0,3028.0,8.0,6.0,1,33,0,37
123,56,2053.0,3023.0,7.0,8.0,1,33,0,35
123,59,2084.0,3022.0,8.0,5.0,1,26,0,28
123,60,1959.0,3027.0,11.0,7.0,1,23,0,25
123,61,2008.0,3028.0,8.0,4.0,1,25,0,25
123,64,2132.0,3017.0,7.0,6.0,1,17,0,20
123,65,1887.0,3031.0,10.0,8.0,1,16,0,19
123,71,2105.0,3024.0,10.0,6.0,1,13,0,15
123,74,1914.0,3033.0,6.0,5.0,0,12,1,14
123,77,1987.0,3028.0,10.0,6.0,1,11,0,11
123,78,1921.0,3036.0,11.0,9.0,1,11,0,11
123,81,1858.0,3033.0,7.0,4.0,1,3,0,3
124,5,1653.0,3319.0,14.0,7.0,1,97,0,122
124,42,1953.0,3028.0,11.0,7.0,1,48,0,49
124,49,1975.0,3025.0,10.0,6.0,1,41,0,43
124,52,1994.0,3030.0,8.0,5.0,1,39,0,39
124,53,2134.0,3021.0,9.0,6.0,1,37,0,39
124,54,2054.0,3019.0,7.0,8.0,1,34,0,38
124,56,2018.0,3019.0,8.0,6.0,1,34,0,36
124,59,2081.0,3021.0,7.0,5.0,1,27,0,29
124,60,1923.0,3028.0,8.0,7.0,1,24,0,26
124,61,1937.0,3035.0,11.0,7.0,1,26,0,26
124,64,2153.0,3022.0,7.0,5.0,1,18,0,21
124,65,1875.0,3025.0,7.0,7.0,1,17,0,20
124,71,2118.0,3029.0,8.0,7.0,1,14,0,16
124,74,1898.0,3032.0,7.0,6.0,1,13,0,15
124,77,1970.0,3031.0,9.0,8.0,1,12,0,12
124,78,1906.0,3032.0,7.0,7.0,1,12,0,12
124,81,1854.0,3028.0,7.0,7.0,1,4,0,4
125,5,1653.0,3319.0,14.0,7.0,0,97,1,123
125,42,1964.0,3028.0,8.0,8.0,1,49,0,50
125,49,2002.0,3023.0,7.0,6.0,1,42,0,44
125,52,2049.0,3029.0,6.0,5.0,1,40,0,40
125,53,2124.0,3022.0,11.0,8.0,1,38,0,40
125,54,2064.0,3027.0,6.0,6.0,1,35,0,39
125,56,2029.0,3022.0,8.0,5.0,1,35,0,37
125,59,2076.0,3022.0,8.0,4.0,1,28,0,30
125,60,1931.0,3034.0,8.0,7.0,1,25,0,27
125,61,1947.0,3028.0,10.0,7.0,1,27,0,27
125,64,2086.0,3016.0,10.0,6.0,1,19,0,22
125,65,1878.0,3028.0,7.0,7.0,1,18,0,21
125,71,2113.0,3028.0,9.0,7.0,1,15,0,17
125,74,1893.0,3035.0,6.0,6.0,1,14,0,16
125,77,1980.0,3027.0,10.0,7.0,1,13,0,13
125,78,1904.0,3028.0,6.0,7.0,1,13,0,13
125,81,1854.0,3028.0,7.0,7.0,0,4,1,5
126,5,1643.0,3310.0,13.0,8.0,1,98,0,124
126,42,1954.0,3029.0,9.0,7.0,1,50,0,51
126,49,1991.0,3019.0,7.0,6.0,1,43,0,45
126,52,2040.0,3020.0,8.0,6.0,1,41,0,41
126,53,2138.0,3019.0,8.0,6.0,1,39,0,41
126,54,2058.0,3023.0,6.0,6.0,1,36,0,40
126,56,2026.0,3015.0,9.0,7.0,1,36,0,38
126,59,2083.0,3020.0,8.0,5.0,1,29,0,31
126,60,1924.0,3034.0,11.0,8.0,1,26,0,28
126,61,1936.0,3031.0,11.0,7.0,1,28,0,28
126,64,2104.0,3024.0,8.0,6.0,1,20,0,23
126,65,1860.0,3031.0,8.0,7.0,1,19,0,22
126,71,2119.0,3015.0,9.0,7.0,1,16,0,18
126,74,1888.0,3038.0,5.0,6.0,1,15,0,17
126,77,1986.0,3022.0,6.0,5.0,1,14,0,14
126,78,1899.0,3031.0,8.0,7.0,1,14,0,14
126,81,1844.0,3028.0,8.0,9.0,1,5,0,6
127,5,1646.0,3312.0,16.0,6.0,1,99,0,125
127,42,1964.0,3023.0,10.0,8.0,1,51,0,52
127,49,1992.0,3021.0,7.0,7.0,1,44,0,46
127,52,2027.0,3022.0,9.0,6.0,1,42,0,42
127,53,2151.0,3023.0,9.0,8.0,1,40,0,42
127,54,2032.0,3024.0,7.0,5.0,1,37,0,41
127,56,2000.0,3027.0,10.0,6.0,1,37,0,39
127,59,2063.0,3021.0,8.0,7.0,1,30,0,32
127,60,1905.0,3026.0,10.0,9.0,1,27,0,29
127,61,1936.0,3031.0,11.0,7.0,0,28,1,29
127,64,2109.0,3018.0,10.0,8.0,1,21,0,24
127,65,1860.0,3030.0,9.0,10.0,1,20,0,23
127,71,2135.0,3015.0,8.0,5.0,1,17,0,19
127,74,1876.0,3032.0,8.0,8.0,1,16,0,18
127,77,1980.0,3024.0,8.0,5.0,1,15,0,15
127,78,1884.0,3031.0,7.0,6.0,1,15,0,15
127,81,1844.0,3028.0,8.0,9.0,0,5,1,7
128,5,1633.0,3309.0,16.0,7.0,1,100,0,126
128,42,1944.0,3028.0,10.0,6.0,1,52,0,53
128,49,2028.0,3025.0,7.0,5.0,1,45,0,47
128,52,2045.0,3031.0,7.0,6.0,1,43,0,43
128,53,2145.0,3015.0,8.0,7.0,1,41,0,43
128,54,2059.0,3019.0,7.0,7.0,1,38,0,42
128,56,2020.0,3025.0,7.0,8.0,1,38,0,40
128,59,2069.0,3020.0,7.0,5.0,1,31,0,33
128,60,1910.0,3032.0,9.0,7.0,1,28,0,30
128,61,1922.0,3026.0,9.0,7.0,1,29,0,30
128,64,2109.0,3020.0,10.0,6.0,1,22,0,25
128,65,1845.0,3027.0,10.0,8.0,1,21,0,24
128,71,2132.0,3026.0,8.0,7.0,1,18,0,20
128,74,1879.0,3027.0,7.0,7.0,1,17,0,19
128,77,1970.0,3033.0,8.0,6.0,1,16,0,16
128,78,1894.0,3033.0,10.0,8.0,1,16,0,16
128,81,1822.0,3026.0,13.0,9.0,1,6,0,8
129,5,1633.0,3309.0,16.0,7.0,0,100,1,127
129,42,1949.0,3024.0,9.0,7.0,1,53,0,54
129,49,2020.0,3022.0,7.0,5.0,1,46,0,48
129,52,2041.0,3026.0,8.0,6.0,1,44,0,44
129,53,2152.0,3016.0,6.0,9.0,1,42,0,44
129,54,2049.0,3016.0,8.0,6.0,1,39,0,43
129,56,2015.0,3017.0,8.0,6.0,1,39,0,41
129,59,2067.0,3022.0,8.0,4.0,1,32,0,34
129,60,1943.0,3031.0,10.0,7.0,1,29,0,31
129,61,1918.0,3029.0,9.0,7.0,1,30,0,31
129,64,2124.0,3017.0,6.0,8.0,1,23,0,26
129,65,1865.0,3033.0,9.0,9.0,1,22,0,25
129,71,2136.0,3022.0,11.0,8.0,1,19,0,21
129,74,1872.0,3029.0,7.0,6.0,1,18,0,20
129,77,1976.0,3026.0,7.0,6.0,1,17,0,17
129,78,1889.0,3029.0,10.0,10.0,1,17,0,17
129,81,1850.0,3024.0,7.0,9.0,1,7,0,9
130,5,1632.0,3305.0,20.0,5.0,1,101,0,128
130,42,1949.0,3025.0,9.0,7.0,1,54,0,55
130,49,2020.0,3022.0,7.0,5.0,0,46,1,49
130,52,2029.0,3025.0,8.0,6.0,1,45,0,45
130,53,2144.0,3014.0,8.0,8.0,1,43,0,45
130,54,2050.0,3021.0,7.0,9.0,1,40,0,44
130,56,2003.0,3021.0,10.0,7.0,1,40,0,42
130,59,2081.0,3028.0,8.0,7.0,1,33,0,35
130,60,1932.0,3030.0,10.0,8.0,1,30,0,32
130,61,1909.0,3036.0,11.0,7.0,1,31,0,32
130,64,2109.0,3020.0,9.0,7.0,1,24,0,27
130,65,1855.0,3026.0,7.0,9.0,1,23,0,26
130,71,2137.0,3017.0,8.0,7.0,1,20,0,22
130,74,1864.0,3026.0,8.0,9.0,1,19,0,21
130,77,1960.0,3022.0,8.0,6.0,1,18,0,18
130,78,1889.0,3029.0,10.0,10.0,0,17,1,18
130,81,1810.0,3028.0,9.0,10.0,1,8,0,10
130,84,2097.0,3022.0,8.0,7.0,1,3,0,3
131,5,1632.0,3305.0,20.0,5.0,0,101,1,129
131,42,1910.0,3026.0,9.0,6.0,1,55,0,56
131,49,1983.0,3021.0,9.0,6.0,1,47,0,50
131,52,2012.0,3027.0,4.0,5.0,1,46,0,46
131,53,2136.0,3015.0,6.0,6.0,1,44,0,46
131,54,2051.0,3019.0,7.0,9.0,1,41,0,45
131,56,1998.0,3020.0,8.0,5.0,1,41,0,43
131,59,2072.0,3026.0,6.0,7.0,1,34,0,36
131,60,1931.0,3031.0,8.0,8.0,1,31,0,33
131,61,1894.0,3032.0,10.0,6.0,1,32,0,33
131,64,1953.0,3031.0,8.0,6.0,1,25,0,28
131,65,1853.0,3032.0,7.0,9.0,1,24,0,27
131,71,2126.0,3023.0,11.0,7.0,1,21,0,23
131,74,1867.0,3033.0,7.0,8.0,1,20,0,22
131,77,1942.0,3026.0,10.0,7.0,1,19,0,19
131,78,1880.0,3029.0,8.0,8.0,1,18,0,19
131,81,1801.0,3030.0,8.0,5.0,1,9,0,11
131,84,2021.0,3029.0,8.0,7.0,1,4,0,4
131,85,1967.0,3021.0,8.0,7.0,1,3,0,3
132,5,1628.0,3303.0,18.0,6.0,1,102,0,130
132,42,1923.0,3028.0,9.0,8.0,1,56,0,57
132,49,1989.0,3021.0,10.0,8.0,1,48,0,51
132,52,2036.0,3021.0,7.0,8.0,1,47,0,47
132,53,2145.0,3008.0,6.0,6.0,1,45,0,47
132,54,2086.0,3019.0,8.0,6.0,1,42,0,46
132,56,2007.0,3022.0,6.0,5.0,1,42,0,44
132,59,2105.0,3019.0,9.0,7.0,1,35,0,37
132,60,1937.0,3030.0,9.0,6.0,1,32,0,34
132,61,1911.0,3028.0,8.0,8.0,1,33,0,34
132,64,2021.0,3022.0,8.0,7.0,1,26,0,29
132,65,1846.0,3029.0,6.0,6.0,1,25,0,28
132,71,2120.0,3020.0,10.0,8.0,1,22,0,24
132,74,1867.0,3033.0,7.0,8.0,0,20,1,23
132,77,1947.0,3028.0,9.0,8.0,1,20,0,20
132,78,1885.0,3034.0,10.0,9.0,1,19,0,20
132,81,1803.0,3029.0,6.0,8.0,1,10,0,12
132,84,2045.0,3019.0,8.0,8.0,1,5,0,5
132,85,1971.0,3025.0,11.0,5.0,1,4,0,4
133,5,1621.0,3299.0,19.0,6.0,1,103,0,131
133,42,1930.0,3028.0,7.0,8.0,1,57,0,58
133,49,1983.0,3025.0,10.0,5.0,1,49,0,52
133,52,2078.0,3020.0,7.0,8.0,1,48,0,48
133,53,2152.0,3020.0,8.0,5.0,1,46,0,48
133,54,2098.0,3018.0,9.0,7.0,1,43,0,47
133,56,2003.0,3027.0,6.0,6.0,1,43,0,45
133,59,2116.0,3018.0,11.0,5.0,1,36,0,38
133,60,1940.0,3022.0,8.0,5.0,1,33,0,35
133,61,1913.0,3027.0,9.0,8.0,1,34,0,35
133,64,2014.0,3026.0,8.0,6.0,1,27,0,30
133,65,1852.0,3028.0,6.0,7.0,1,26,0,29
133,71,2132.0,3014.0,8.0,9.0,1,23,0,25
133,74,1859.0,3029.0,9.0,14.0,1,21,0,24
133,77,1951.0,3023.0,9.0,7.0,1,21,0,21
133,78,1894.0,3030.0,10.0,10.0,1,20,0,21
133,81,1794.0,3031.0,6.0,6.0,1,11,0,13
133,84,2030.0,3028.0,8.0,7.0,1,6,0,6
133,85,1967.0,3024.0,9.0,7.0,1,5,0,5
133,87,1818.0,3033.0,9.0,9.0,1,3,0,3
134,5,1621.0,3299.0,19.0,6.0,0,103,1,132
134,42,1894.0,3030.0,11.0,8.0,1,58,0,59
134,49,1960.0,3024.0,10.0,8.0,1,50,0,53
134,52,2019.0,3024.0,9.0,5.0,1,49,0,49
134,53,2152.0,3020.0,8.0,5.0,0,46,1,49
134,54,2038.0,3021.0,9.0,6.0,1,44,0,48
134,56,1978.0,3017.0,9.0,7.0,1,44,0,46
134,59,2096.0,3021.0,8.0,6.0,1,37,0,39
134,60,1909.0,3026.0,7.0,10.0,1,34,0,36
134,61,1859.0,3034.0,9.0,9.0,1,35,0,36
134,64,1995.0,3020.0,6.0,5.0,1,28,0,31
134,65,1826.0,3032.0,6.0,7.0,1,27,0,30
134,71,2074.0,3018.0,7.0,5.0,1,24,0,26
134,74,1849.0,3038.0,7.0,6.0,1,22,0,25
134,77,1921.0,3030.0,9.0,8.0,1,22,0,22
134,78,1871.0,3034.0,10.0,9.0,1,21,0,22
134,81,1786.0,3026.0,7.0,9.0,1,12,0,14
134,84,2007.0,3026.0,8.0,6.0,1,7,0,7
134,85,1949.0,3025.0,9.0,5.0,1,6,0,6
134,87,1806.0,3026.0,12.0,8.0,1,4,0,4
135,5,1623.0,3296.0,18.0,5.0,1,104,0,133
135,42,1937.0,3019.0,9.0,9.0,1,59,0,60
135,49,1979.0,3026.0,8.0,7.0,1,51,0,54
135,52,2050.0,3023.0,6.0,7.0,1,50,0,50
135,53,2132.0,3013.0,8.0,7.0,1,47,0,50
135,54,2088.0,3019.0,10.0,7.0,1,45,0,49
135,56,2070.0,3021.0,9.0,7.0,1,45,0,47
135,59,2103.0,3022.0,11.0,6.0,1,38,0,40
135,60,1922.0,3022.0,8.0,7.0,1,35,0,37
135,61,1867.0,3035.0,8.0,7.0,1,36,0,37
135,64,1996.0,3022.0,6.0,6.0,1,29,0,32
135,65,1823.0,3029.0,6.0,7.0,1,28,0,31
135,71,2115.0,3010.0,6.0,7.0,1,25,0,27
135,74,1830.0,3029.0,7.0,7.0,1,23,0,26
135,77,1940.0,3026.0,8.0,5.0,1,23,0,23
135,78,1905.0,3031.0,9.0,7.0,1,22,0,23
135,81,1776.0,3036.0,6.0,6.0,1,13,0,15
135,84,2016.0,3025.0,8.0,7.0,1,8,0,8
135,85,2003.0,3030.0,10.0,6.0,1,7,0,7
135,87,1800.0,3030.0,9.0,8.0,1,5,0,5
136,5,1622.0,3291.0,18.0,7.0,1,105,0,134
136,42,1937.0,3019.0,9.0,9.0,0,59,1,61
136,49,1974.0,3021.0,8.0,6.0,1,52,0,55
136,52,2046.0,3022.0,8.0,7.0,1,51,0,51
136,53,2153.0,3017.0,4.0,6.0,1,48,0,51
136,54,2079.0,3023.0,10.0,6.0,1,46,0,50
136,56,2069.0,3020.0,8.0,8.0,1,46,0,48
136,59,2105.0,3024.0,8.0,7.0,1,39,0,41
136,60,1898.0,3030.0,8.0,8.0,1,36,0,38
136,61,1865.0,3025.0,6.0,6.0,1,37,0,38
136,64,1996.0,3022.0,6.0,6.0,0,29,1,33
136,65,1833.0,3029.0,6.0,7.0,1,29,0,32
136,71,2113.0,3015.0,6.0,8.0,1,26,0,28
136,74,1837.0,3029.0,10.0,7.0,1,24,0,27
136,77,1940.0,3026.0,8.0,5.0,0,23,1,24
136,78,1876.0,3028.0,11.0,6.0,1,23,0,24
136,81,1776.0,3028.0,5.0,9.0,1,14,0,16
136,84,2028.0,3018.0,8.0,8.0,1,9,0,9
136,85,1997.0,3024.0,9.0,6.0,1,8,0,8
136,87,1818.0,3032.0,6.0,8.0,1,6,0,6
137,5,1622.0,3291.0,18.0,7.0,0,105,1,135
137,42,1929.0,3022.0,10.0,7.0,1,60,0,62
137,49,1968.0,3018.0,10.0,6.0,1,53,0,56
137,52,2020.0,3020.0,8.0,6.0,1,52,0,52
137,53,2147.0,3015.0,10.0,8.0,1,49,0,52
137,54,2093.0,3021.0,10.0,8.0,1,47,0,51
137,56,2038.0,3028.0,8.0,7.0,1,47,0,49
137,59,2105.0,3024.0,8.0,7.0,0,39,1,42
137,60,1920.0,3028.0,7.0,5.0,1,37,0,39
137,61,1888.0,3031.0,7.0,7.0,1,38,0,39
137,64,1982.0,3027.0,7.0,7.0,1,30,0,34
137,65,1868.0,3032.0,8.0,7.0,1,30,0,33
137,71,2106.0,3014.0,9.0,7.0,1,27,0,29
137,74,1835.0,3029.0,7.0,11.0,1,25,0,28
137,77,1941.0,3019.0,10.0,6.0,1,24,0,25
137,78,1903.0,3028.0,9.0,7.0,1,24,0,25
137,81,1776.0,3028.0,5.0,9.0,0,14,1,17
137,84,2006.0,3018.0,9.0,9.0,1,10,0,10
137,85,1997.0,3022.0,6.0,6.0,1,9,0,9
137,87,1818.0,3032.0,6.0,8.0,0,6,1,7
138,5,1621.0,3295.0,18.0,6.0,1,106,0,136
138,42,1938.0,3018.0,8.0,7.0,1,61,0,63
138,49,1976.0,3021.0,6.0,5.0,1,54,0,57
138,52,2032.0,3021.0,7.0,8.0,1,53,0,53
138,53,2139.0,3017.0,9.0,8.0,1,50,0,53
138,54,2084.0,3027.0,9.0,9.0,1,48,0,52
138,56,2068.0,3020.0,6.0,8.0,1,48,0,50
138,59,2124.0,3011.0,7.0,6.0,1,40,0,43
138,60,1913.0,3023.0,8.0,5.0,1,38,0,40
138,61,1844.0,3028.0,7.0,8.0,1,39,0,40
138,64,1983.0,3024.0,6.0,5.0,1,31,0,35
138,65,1833.0,3027.0,8.0,8.0,1,31,0,34
138,71,2099.0,3011.0,10.0,8.0,1,28,0,30
138,74,1819.0,3034.0,6.0,6.0,1,26,0,29
138,77,1962.0,3013.0,11.0,6.0,1,25,0,26
138,78,1884.0,3029.0,8.0,8.0,1,25,0,26
138,81,1759.0,3028.0,6.0,8.0,1,15,0,18
138,84,2049.0,3018.0,8.0,6.0,1,11,0,11
138,85,2012.0,3022.0,9.0,7.0,1,10,0,10
138,87,1803.0,3032.0,5.0,7.0,1,7,0,8
139,5,1610.0,3285.0,18.0,7.0,1,107,0,137
139,42,1933.0,3021.0,8.0,7.0,1,62,0,64
139,49,1964.0,3026.0,7.0,5.0,1,55,0,58
139,52,2033.0,3018.0,8.0,7.0,1,54,0,54
139,53,2141.0,3008.0,6.0,7.0,1,51,0,54
139,54,2080.0,3020.0,12.0,8.0,1,49,0,53
139,56,2068.0,3028.0,9.0,7.0,1,49,0,51
139,59,2111.0,3009.0,8.0,8.0,1,41,0,44
139,60,1918.0,3024.0,8.0,7.0,1,39,0,41
139,61,1842.0,3028.0,6.0,8.0,1,40,0,41
139,64,1973.0,3025.0,8.0,7.0,1,32,0,36
139,65,1825.0,3036.0,8.0,7.0,1,32,0,35
139,71,2094.0,3005.0,7.0,11.0,1,29,0,31
139,74,1813.0,3033.0,5.0,7.0,1,27,0,30
139,77,1962.0,3013.0,11.0,6.0,0,25,1,27
139,78,1889.0,3027.0,9.0,7.0,1,26,0,27
139,81,1753.0,3024.0,6.0,5.0,1,16,0,19
139,84,2049.0,3018.0,8.0,6.0,0,11,1,12
139,85,1993.0,3026.0,6.0,6.0,1,11,0,11
139,87,1799.0,3033.0,6.0,6.0,1,8,0,9
140,5,1617.0,3286.0,17.0,6.0,1,108,0,138
140,42,1933.0,3021.0,8.0,7.0,0,62,1,65
140,49,1966.0,3021.0,7.0,4.0,1,56,0,59
140,52,2039.0,3025.0,7.0,9.0,1,55,0,55
140,53,2130.0,3009.0,7.0,8.0,1,52,0,55
140,54,2081.0,3017.0,8.0,8.0,1,50,0,54
140,56,2055.0,3020.0,7.0,5.0,1,50,0,52
140,59,2112.0,3011.0,9.0,6.0,1,42,0,45
140,60,1901.0,3027.0,7.0,6.0,1,40,0,42
140,61,1872.0,3028.0,8.0,8.0,1,41,0,42
140,64,1977.0,3023.0,8.0,6.0,1,33,0,37
140,65,1834.0,3030.0,6.0,7.0,1,33,0,36
140,71,2085.0,3011.0,7.0,8.0,1,30,0,32
140,74,1821.0,3027.0,7.0,10.0,1,28,0,31
140,77,1949.0,3023.0,9.0,8.0,1,26,0,28
140,78,1889.0,3027.0,8.0,8.0,1,27,0,28
140,81,1742.0,3026.0,6.0,7.0,1,17,0,20
140,84,2020.0,3025.0,9.0,7.0,1,12,0,13
140,85,1990.0,3026.0,7.0,7.0,1,12,0,12
140,87,1803.0,3033.0,6.0,6.0,1,9,0,10
140,91,1762.0,3021.0,11.0,7.0,1,3,0,3
141,5,1617.0,3286.0,17.0,6.0,0,108,1,139
141,42,1916.0,3026.0,9.0,6.0,1,63,0,66
141,49,1961.0,3020.0,7.0,7.0,1,57,0,60
141,52,2029.0,3022.0,7.0,7.0,1,56,0,56
141,53,2130.0,3009.0,7.0,8.0,0,52,1,56
141,54,2069.0,3017.0,9.0,8.0,1,51,0,55
141,56,2056.0,3013.0,7.0,8.0,1,51,0,53
141,59,2107.0,3008.0,8.0,6.0,1,43,0,46
141,60,1899.0,3022.0,9.0,7.0,1,41,0,43
141,61,1863.0,3024.0,5.0,9.0,1,42,0,43
141,64,1969.0,3020.0,9.0,6.0,1,34,0,38
141,65,1850.0,3035.0,7.0,7.0,1,34,0,37
141,71,2084.0,3014.0,8.0,10.0,1,31,0,33
141,74,1817.0,3021.0,7.0,11.0,1,29,0,32
141,77,1946.0,3021.0,10.0,7.0,1,27,0,29
141,78,1875.0,3027.0,9.0,8.0,1,28,0,29
141,81,1742.0,3026.0,6.0,7.0,0,17,1,21
141,84,2014.0,3023.0,7.0,7.0,1,13,0,14
141,85,1989.0,3022.0,11.0,6.0,1,13,0,13
141,87,1798.0,3024.0,6.0,7.0,1,10,0,11
141,91,1782.0,3027.0,9.0,9.0,1,4,0,4
142,5,1609.0,3282.0,17.0,7.0,1,109,0,140
142,42,1914.0,3026.0,6.0,4.0,1,64,0,67
142,49,1949.0,3019.0,7.0,10.0,1,58,0,61
142,52,2029.0,3022.0,7.0,7.0,0,56,1,57
142,53,2121.0,3015.0,9.0,7.0,1,53,0,57
142,54,2069.0,3019.0,9.0,9.0,1,52,0,56
142,56,2049.0,3026.0,9.0,8.0,1,52,0,54
142,59,2100.0,3012.0,11.0,8.0,1,44,0,47
142,60,1888.0,3025.0,6.0,6.0,1,42,0,44
142,61,1860.0,3034.0,8.0,8.0,1,43,0,44
142,64,1965.0,3027.0,9.0,7.0,1,35,0,39
142,65,1841.0,3033.0,9.0,7.0,1,35,0,38
142,71,2084.0,3014.0,8.0,10.0,0,31,1,34
142,74,1816.0,3033.0,7.0,8.0,1,30,0,33
142,77,1933.0,3020.0,9.0,7.0,1,28,0,30
142,78,1872.0,3030.0,8.0,7.0,1,29,0,30
142,81,1777.0,3031.0,8.0,10.0,1,18,0,22
142,84,1973.0,3015.0,8.0,5.0,1,14,0,15
142,85,1987.0,3021.0,12.0,5.0,1,14,0,14
142,87,1805.0,3023.0,8.0,11.0,1,11,0,12
142,91,1789.0,3027.0,5.0,7.0,1,5,0,5
143,5,1611.0,3276.0,17.0,6.0,1,110,0,141
143,42,1910.0,3024.0,6.0,8.0,1,65,0,68
143,49,1970.0,3022.0,7.0,7.0,1,59,0,62
143,52,2019.0,3026.0,8.0,6.0,1,57,0,58
143,53,2121.0,3015.0,9.0,7.0,0,53,1,58
143,54,2076.0,3010.0,8.0,12.0,1,53,0,57
143,56,2057.0,3018.0,9.0,8.0,1,53,0,55
143,59,2108.0,3017.0,8.0,7.0,1,45,0,48
143,60,1897.0,3021.0,8.0,9.0,1,43,0,45
143,61,1860.0,3034.0,8.0,8.0,0,43,1,45
143,64,1959.0,3024.0,7.0,6.0,1,36,0,40
143,65,1819.0,3026.0,6.0,7.0,1,36,0,39
143,71,2090.0,3015.0,10.0,8.0,1,32,0,35
143,74,1718.0,3028.0,6.0,8.0,1,31,0,34
143,77,1929.0,3019.0,10.0,8.0,1,29,0,31
143,78,1882.0,3030.0,6.0,4.0,1,30,0,31
143,81,1766.0,3028.0,8.0,13.0,1,19,0,23
143,84,1988.0,3021.0,7.0,4.0,1,15,0,16
143,85,2004.0,3022.0,7.0,6.0,1,15,0,15
143,87,1739.0,3024.0,12.0,8.0,1,12,0,13
143,91,1784.0,3025.0,7.0,7.0,1,6,0,6
144,5,1608.0,3277.0,17.0,6.0,1,111,0,142
144,42,1883.0,3026.0,9.0,7.0,1,66,0,69
144,49,1933.0,3019.0,11.0,7.0,1,60,0,63
144,52,2010.0,3020.0,7.0,8.0,1,58,0,59
144,53,2121.0,3015.0,9.0,7.0,0,53,2,59
144,54,2062.0,3011.0,9.0,8.0,1,54,0,58
144,56,2053.0,3018.0,8.0,8.0,1,54,0,56
144,59,2104.0,3012.0,8.0,7.0,1,46,0,49
144,60,1825.0,3033.0,9.0,7.0,1,44,0,46
144,61,1849.0,3030.0,9.0,8.0,1,44,0,46
144,64,1924.0,3026.0,9.0,6.0,1,37,0,41
144,65,1806.0,3021.0,7.0,7.0,1,37,0,40
144,71,2090.0,3015.0,10.0,8.0,0,32,1,36
144,74,1738.0,3030.0,10.0,7.0,1,32,0,35
144,77,1902.0,3018.0,7.0,6.0,1,30,0,32
144,78,1870.0,3030.0,7.0,6.0,1,31,0,32
144,81,1764.0,3029.0,9.0,5.0,1,20,0,24
144,84,1983.0,3021.0,7.0,7.0,1,16,0,17
144,85,1997.0,3019.0,6.0,6.0,1,16,0,16
144,87,1782.0,3032.0,7.0,6.0,1,13,0,14
144,91,1794.0,3026.0,7.0,8.0,1,7,0,7
145,5,1608.0,3277.0,17.0,6.0,0,111,1,143
145,42,1886.0,3026.0,8.0,6.0,1,67,0,70
145,49,1959.0,3018.0,8.0,8.0,1,61,0,64
145,52,2014.0,3021.0,7.0,7.0,1,59,0,60
145,53,2121.0,3015.0,9.0,7.0,0,53,3,60
145,54,2026.0,3016.0,7.0,7.0,1,55,0,59
145,56,2045.0,3019.0,9.0,8.0,1,55,0,57
145,59,2103.0,3014.0,7.0,6.0,1,47,0,50
145,60,1844.0,3026.0,7.0,7.0,1,45,0,47
145,61,1851.0,3022.0,10.0,10.0,1,45,0,47
145,64,1939.0,3023.0,9.0,8.0,1,38,0,42
145,65,1817.0,3030.0,9.0,7.0,1,38,0,41
145,71,2066.0,3016.0,10.0,9.0,1,33,0,37
145,74,1732.0,3026.0,6.0,7.0,1,33,0,36
145,77,1920.0,3025.0,12.0,7.0,1,31,0,33
145,78,1872.0,3030.0,5.0,3.0,1,32,0,33
145,81,1759.0,3030.0,7.0,5.0,1,21,0,25
145,84,1967.0,3023.0,8.0,6.0,1,17,0,18
145,85,1987.0,3021.0,9.0,8.0,1,17,0,17
145,87,1771.0,3027.0,6.0,5.0,1,14,0,15
145,91,1784.0,3023.0,7.0,9.0,1,8,0,8
146,5,1605.0,3268.0,17.0,6.0,1,112,0,144
146,42,1889.0,3025.0,7.0,6.0,1,68,0,71
146,49,1943.0,3025.0,8.0,5.0,1,62,0,65
146,52,2025.0,3026.0,6.0,5.0,1,60,0,61
146,53,2121.0,3015.0,9.0,7.0,0,53,4,61
146,54,2038.0,3016.0,8.0,9.0,1,56,0,60
146,56,2045.0,3019.0,9.0,8.0,0,55,1,58
146,59,2103.0,3014.0,7.0,6.0,0,47,1,51
146,60,1860.0,3026.0,7.0,6.0,1,46,0,48
146,61,1846.0,3024.0,8.0,7.0,1,46,0,48
146,64,1922.0,3016.0,9.0,9.0,1,39,0,43
146,65,1808.0,3033.0,9.0,7.0,1,39,0,42
146,71,2072.0,3009.0,9.0,6.0,1,34,0,38
146,74,1725.0,3024.0,8.0,7.0,1,34,0,37
146,77,1911.0,3023.0,10.0,8.0,1,32,0,34
146,78,1879.0,3022.0,9.0,8.0,1,33,0,34
146,81,1750.0,3034.0,5.0,5.0,1,22,0,26
146,84,1949.0,3023.0,7.0,7.0,1,18,0,19
146,85,2000.0,3024.0,8.0,7.0,1,18,0,18
146,87,1764.0,3027.0,6.0,6.0,1,15,0,16
146,91,1784.0,3023.0,7.0,9.0,0,8,1,9
146,94,1704.0,3027.0,7.0,8.0,1,3,0,3
147,5,1607.0,3279.0,18.0,9.0,1,113,0,145
147,42,1854.0,3027.0,7.0,4.0,1,69,0,72
147,49,1932.0,3019.0,7.0,6.0,1,63,0,66
147,52,1994.0,3027.0,7.0,8.0,1,61,0,62
147,53,2087.0,3015.0,6.0,7.0,1,54,0,62
147,54,2014.0,3018.0,8.0,7.0,1,57,0,61
147,56,2035.0,3020.0,11.0,9.0,1,56,0,59
147,59,2065.0,3016.0,9.0,7.0,1,48,0,52
147,60,1842.0,3028.0,8.0,7.0,1,47,0,49
147,61,1832.0,3021.0,8.0,8.0,1,47,0,49
147,64,1910.0,3020.0,10.0,7.0,1,40,0,44
147,65,1785.0,3029.0,7.0,8.0,1,40,0,43
147,71,2053.0,3009.0,10.0,11.0,1,35,0,39
147,74,1715.0,3030.0,10.0,8.0,1,35,0,38
147,77,1884.0,3025.0,8.0,8.0,1,33,0,35
147,78,1862.0,3020.0,9.0,8.0,1,34,0,35
147,81,1738.0,3031.0,7.0,8.0,1,23,0,27
147,84,1927.0,3024.0,9.0,9.0,1,19,0,20
147,85,1951.0,3021.0,9.0,7.0,1,19,0,19
147,87,1758.0,3028.0,7.0,5.0,1,16,0,17
147,91,1769.0,3029.0,7.0,8.0,1,9,0,10
147,94,1695.0,3030.0,7.0,8.0,1,4,0,4
148,5,1607.0,3279.0,18.0,9.0,0,113,1,146
148,42,1849.0,3029.0,6.0,7.0,1,70,0,73
148,49,1935.0,3018.0,7.0,6.0,1,64,0,67
148,52,1976.0,3020.0,7.0,7.0,1,62,0,63
148,53,2083.0,3008.0,7.0,8.0,1,55,0,63
148,54,2011.0,3020.0,8.0,9.0,1,58,0,62
148,56,2044.0,3010.0,9.0,11.0,1,57,0,60
148,59,2065.0,3016.0,9.0,7.0,0,48,1,53
148,60,1841.0,3026.0,8.0,7.0,1,48,0,50
148,61,1832.0,3021.0,8.0,8.0,0,47,1,50
148,64,1919.0,3020.0,9.0,7.0,1,41,0,45
148,65,1802.0,3025.0,9.0,8.0,1,41,0,44
148,71,2058.0,3014.0,7.0,8.0,1,36,0,40
148,74,1709.0,3023.0,9.0,9.0,1,36,0,39
148,77,1898.0,3025.0,10.0,8.0,1,34,0,36
148,78,1879.0,3021.0,7.0,7.0,1,35,0,36
148,81,1748.0,3031.0,7.0,6.0,1,24,0,28
148,84,1928.0,3022.0,7.0,5.0,1,20,0,21
148,85,1946.0,3015.0,8.0,7.0,1,20,0,20
148,87,1760.0,3022.0,8.0,9.0,1,17,0,18
148,91,1778.0,3019.0,8.0,9.0,1,10,0,11
148,94,1696.0,3031.0,6.0,8.0,1,5,0,5
149,5,1606.0,3277.0,17.0,7.0,1,114,0,147
149,42,1844.0,3025.0,7.0,7.0,1,71,0,74
149,49,1927.0,3018.0,8.0,6.0,1,65,0,68
149,52,1967.0,3025.0,8.0,5.0,1,63,0,64
149,53,2076.0,3011.0,7.0,7.0,1,56,0,64
149,54,2022.0,3021.0,5.0,9.0,1,59,0,63
149,56,2044.0,3010.0,9.0,11.0,0,57,1,61
149,59,2065.0,3016.0,9.0,7.0,0,48,2,54
149,60,1828.0,3029.0,9.0,8.0,1,49,0,51
149,61,1832.0,3021.0,8.0,8.0,0,47,2,51
149,64,1907.0,3018.0,9.0,5.0,1,42,0,46
149,65,1757.0,3026.0,7.0,10.0,1,42,0,45
149,71,2056.0,3016.0,7.0,8.0,1,37,0,41
149,74,1708.0,3030.0,6.0,7.0,1,37,0,40
149,77,1898.0,3025.0,10.0,8.0,0,34,1,37
149,78,1879.0,3021.0,7.0,7.0,0,35,1,37
149,81,1732.0,3028.0,9.0,5.0,1,25,0,29
149,84,1905.0,3022.0,8.0,6.0,1,21,0,22
149,85,1936.0,3019.0,8.0,7.0,1,21,0,21
149,87,1745.0,3032.0,6.0,6.0,1,18,0,19
149,91,1769.0,3024.0,9.0,8.0,1,11,0,12
149,94,1684.0,3024.0,6.0,7.0,1,6,0,6
150,5,1597.0,3272.0,18.0,8.0,1,115,0,148
150,42,1842.0,3026.0,8.0,6.0,1,72,0,75
150,49,1931.0,3020.0,9.0,7.0,1,66,0,69
150,52,1982.0,3018.0,6.0,7.0,1,64,0,65
150,53,2076.0,3011.0,7.0,7.0,0,56,1,65
150,54,2022.0,3021.0,5.0,9.0,0,59,1,64
150,56,2029.0,3011.0,8.0,10.0,1,58,0,62
150,59,2071.0,3019.0,10.0,6.0,1,49,0,55
150,60,1824.0,3028.0,9.0,8.0,1,50,0,52
150,61,1810.0,3030.0,8.0,5.0,1,48,0,52
150,64,1905.0,3020.0,9.0,7.0,1,43,0,47
150,65,1767.0,3026.0,8.0,8.0,1,43,0,46
150,71,2048.0,3010.0,7.0,7.0,1,38,0,42
150,74,1708.0,3030.0,6.0,7.0,0,37,1,41
150,77,1885.0,3019.0,8.0,5.0,1,35,0,38
150,78,1868.0,3024.0,7.0,5.0,1,36,0,38
150,81,1732.0,3028.0,9.0,5.0,0,25,1,30
150,84,1905.0,3022.0,8.0,6.0,0,21,1,23
150,85,1940.0,3022.0,7.0,7.0,1,22,0,22
150,87,1747.0,3028.0,8.0,11.0,1,19,0,20
150,91,1769.0,3024.0,9.0,8.0,0,11,1,13
150,94,1679.0,3026.0,6.0,6.0,1,7,0,7
151,5,1607.0,3266.0,17.0,7.0,1,116,0,149
151,42,1842.0,3022.0,11.0,8.0,1,73,0,76
151,49,1919.0,3020.0,9.0,7.0,1,67,0,70
151,52,1974.0,3017.0,6.0,6.0,1,65,0,66
151,53,2064.0,3010.0,11.0,8.0,1,57,0,66
151,54,1994.0,3019.0,6.0,7.0,1,60,0,65
151,56,2011.0,3019.0,10.0,7.0,1,59,0,63
151,59,2071.0,3019.0,10.0,6.0,0,49,1,56
151,60,1818.0,3028.0,9.0,9.0,1,51,0,53
151,61,1802.0,3031.0,7.0,7.0,1,49,0,53
151,64,1908.0,3020.0,8.0,6.0,1,44,0,48
151,65,1758.0,3025.0,5.0,6.0,1,44,0,47
151,71,2048.0,3013.0,7.0,8.0,1,39,0,43
151,74,1708.0,3030.0,6.0,7.0,0,37,2,42
151,77,1883.0,3020.0,11.0,8.0,1,36,0,39
151,78,1860.0,3020.0,7.0,8.0,1,37,0,39
151,81,1734.0,3026.0,7.0,5.0,1,26,0,31
151,84,1895.0,3016.0,8.0,8.0,1,22,0,24
151,85,1930.0,3022.0,8.0,7.0,1,23,0,23
151,87,1746.0,3029.0,7.0,9.0,1,20,0,21
151,91,1778.0,3023.0,8.0,8.0,1,12,0,14
151,94,1666.0,3027.0,7.0,7.0,1,8,0,8
152,5,1600.0,3267.0,15.0,6.0,1,117,0,150
152,42,1842.0,3022.0,11.0,8.0,0,73,1,77
152,49,1916.0,3021.0,8.0,7.0,1,68,0,71
152,52,1985.0,3017.0,7.0,7.0,1,66,0,67
152,53,2064.0,3010.0,11.0,8.0,0,57,1,67
152,54,2000.0,3018.0,10.0,8.0,1,61,0,66
152,56,2017.0,3009.0,8.0,11.0,1,60,0,64
152,59,2071.0,3019.0,10.0,6.0,0,49,2,57
152,60,1810.0,3028.0,11.0,8.0,1,52,0,54
152,61,1795.0,3024.0,7.0,7.0,1,50,0,54
152,64,1905.0,3025.0,8.0,9.0,1,45,0,49
152,65,1744.0,3031.0,8.0,11.0,1,45,0,48
152,71,2048.0,3013.0,7.0,8.0,0,39,1,44
152,74,1683.0,3025.0,7.0,7.0,1,38,0,43
152,77,1873.0,3022.0,10.0,7.0,1,37,0,40
152,78,1860.0,3020.0,7.0,8.0,0,37,1,40
152,81,1714.0,3024.0,6.0,7.0,1,27,0,32
152,84,1893.0,3025.0,9.0,6.0,1,23,0,25
152,85,1930.0,3022.0,8.0,7.0,0,23,1,24
152,87,1725.0,3024.0,7.0,7.0,1,21,0,22
152,91,1758.0,3031.0,6.0,7.0,1,13,0,15
152,94,1660.0,3027.0,8.0,6.0,1,9,0,9
153,5,1593.0,3262.0,15.0,8.0,1,118,0,151
153,42,1843.0,3022.0,9.0,8.0,1,74,0,78
153,49,1920.0,3017.0,7.0,8.0,1,69,0,72
153,52,1957.0,3022.0,9.0,6.0,1,67,0,68
153,53,2053.0,3018.0,9.0,9.0,1,58,0,68
153,54,1980.0,3014.0,10.0,10.0,1,62,0,67
153,56,2012.0,3010.0,10.0,9.0,1,61,0,65
153,59,2071.0,3019.0,10.0,6.0,0,49,3,58
153,60,1820.0,3026.0,8.0,5.0,1,53,0,55
153,61,1807.0,3022.0,8.0,7.0,1,51,0,55
153,64,1909.0,3020.0,9.0,7.0,1,46,0,50
153,65,1742.0,3021.0,9.0,8.0,1,46,0,49
153,71,1999.0,3018.0,11.0,8.0,1,40,0,45
153,74,1681.0,3022.0,6.0,9.0,1,39,0,44
153,77,1903.0,3017.0,10.0,7.0,1,38,0,41
153,78,1868.0,3025.0,10.0,8.0,1,38,0,41
153,81,1715.0,3023.0,7.0,5.0,1,28,0,33
153,84,1889.0,3022.0,8.0,10.0,1,24,0,26
153,85,1946.0,3020.0,8.0,7.0,1,24,0,25
153,87,1732.0,3027.0,8.0,11.0,1,22,0,23
153,91,1766.0,3029.0,8.0,8.0,1,14,0,16
153,94,1707.0,3034.0,8.0,7.0,1,10,0,10
154,5,1596.0,3265.0,16.0,9.0,1,119,0,152
154,42,1825.0,3023.0,8.0,8.0,1,75,0,79
154,49,1914.0,3018.0,8.0,10.0,1,70,0,73
154,52,1951.0,3018.0,8.0,8.0,1,68,0,69
154,53,2020.0,3015.0,8.0,8.0,1,59,0,69
154,54,1973.0,3020.0,10.0,7.0,1,63,0,68
154,56,2004.0,3016.0,10.0,9.0,1,62,0,66
154,59,2046.0,3011.0,10.0,9.0,1,50,0,59
154,60,1791.0,3026.0,11.0,7.0,1,54,0,56
154,61,1777.0,3024.0,8.0,8.0,1,52,0,56
154,64,1867.0,3026.0,9.0,7.0,1,47,0,51
154,65,1723.0,3023.0,8.0,10.0,1,47,0,50
154,71,1987.0,3021.0,11.0,8.0,1,41,0,46
154,74,1649.0,3024.0,7.0,8.0,1,40,0,45
154,77,1879.0,3016.0,9.0,9.0,1,39,0,42
154,78,1816.0,3031.0,5.0,5.0,1,39,0,42
154,81,1699.0,3027.0,8.0,5.0,1,29,0,34
154,84,1839.0,3019.0,8.0,6.0,1,25,0,27
154,85,1885.0,3014.0,8.0,7.0,1,25,0,26
154,87,1705.0,3027.0,8.0,5.0,1,23,0,24
154,91,1762.0,3032.0,9.0,7.0,1,15,0,17
154,94,1664.0,3031.0,5.0,5.0,1,11,0,11
155,5,1594.0,3263.0,17.0,8.0,1,120,0,153
155,42,1800.0,3030.0,5.0,6.0,1,76,0,80
155,49,1926.0,3020.0,7.0,6.0,1,71,0,74
155,52,1946.0,3015.0,9.0,7.0,1,69,0,70
155,53,2018.0,3014.0,8.0,9.0,1,60,0,70
155,54,1970.0,3016.0,9.0,10.0,1,64,0,69
155,56,2004.0,3010.0,7.0,9.0,1,63,0,67
155,59,2046.0,3011.0,10.0,9.0,0,50,1,60
155,60,1791.0,3034.0,10.0,8.0,1,55,0,57
155,61,1780.0,3028.0,7.0,7.0,1,53,0,57
155,64,1873.0,3022.0,9.0,9.0,1,48,0,52
155,65,1740.0,3025.0,7.0,7.0,1,48,0,51
155,71,1987.0,3021.0,11.0,8.0,0,41,1,47
155,74,1643.0,3030.0,7.0,7.0,1,41,0,46
155,77,1885.0,3018.0,9.0,8.0,1,40,0,43
155,78,1817.0,3029.0,9.0,7.0,1,40,0,43
155,81,1702.0,3029.0,8.0,5.0,1,30,0,35
155,84,1858.0,3020.0,9.0,8.0,1,26,0,28
155,85,1908.0,3021.0,8.0,10.0,1,26,0,27
155,87,1716.0,3020.0,7.0,10.0,1,24,0,25
155,91,1756.0,3028.0,11.0,7.0,1,16,0,18
155,94,1664.0,3031.0,5.0,5.0,0,11,1,12
156,5,1594.0,3264.0,16.0,8.0,1,121,0,154
156,42,1800.0,3034.0,8.0,5.0,1,77,0,81
156,49,1909.0,3017.0,8.0,12.0,1,72,0,75
156,52,1938.0,3021.0,9.0,8.0,1,70,0,71
156,53,2014.0,3017.0,9.0,10.0,1,61,0,71
156,54,1962.0,3017.0,7.0,5.0,1,65,0,70
156,56,1995.0,3013.0,7.0,10.0,1,64,0,68
156,59,2034.0,3006.0,8.0,8.0,1,51,0,61
156,60,1787.0,3029.0,8.0,7.0,1,56,0,58
156,61,1770.0,3029.0,7.0,7.0,1,54,0,58
156,64,1868.0,3027.0,11.0,6.0,1,49,0,53
156,65,1724.0,3026.0,9.0,10.0,1,49,0,52
156,71,1979.0,3012.0,9.0,6.0,1,42,0,48
156,74,1640.0,3022.0,7.0,5.0,1,42,0,47
156,77,1880.0,3012.0,8.0,9.0,1,41,0,44
156,78,1808.0,3029.0,11.0,8.0,1,41,0,44
156,81,1681.0,3027.0,6.0,5.0,1,31,0,36
156,84,1846.0,3024.0,8.0,5.0,1,27,0,29
156,85,1892.0,3023.0,7.0,8.0,1,27,0,28
156,87,1693.0,3025.0,9.0,5.0,1,25,0,26
156,91,1749.0,3026.0,9.0,7.0,1,17,0,19
156,94,1655.0,3023.0,5.0,5.0,1,12,0,13
157,5,1593.0,3265.0,16.0,9.0,1,122,0,155
157,42,1791.0,3024.0,6.0,6.0,1,78,0,82
157,49,1894.0,3018.0,8.0,12.0,1,73,0,76
157,52,1931.0,3019.0,8.0,7.0,1,71,0,72
157,53,2005.0,3013.0,8.0,8.0,1,62,0,72
157,54,1956.0,3015.0,9.0,9.0,1,66,0,71
157,56,1995.0,3013.0,7.0,10.0,0,64,1,69
157,59,2028.0,3008.0,9.0,10.0,1,52,0,62
157,60,1779.0,3029.0,8.0,7.0,1,57,0,59
157,61,1766.0,3028.0,9.0,8.0,1,55,0,59
157,64,1859.0,3021.0,9.0,7.0,1,50,0,54
157,65,1725.0,3026.0,6.0,6.0,1,50,0,53
157,71,1976.0,3021.0,10.0,7.0,1,43,0,49
157,74,1630.0,3024.0,6.0,5.0,1,43,0,48
157,77,1884.0,3014.0,7.0,9.0,1,42,0,45
157,78,1806.0,3021.0,9.0,7.0,1,42,0,45
157,81,1677.0,3028.0,7.0,8.0,1,32,0,37
157,84,1852.0,3026.0,8.0,7.0,1,28,0,30
157,85,1878.0,3023.0,7.0,7.0,1,28,0,29
157,87,1707.0,3025.0,7.0,10.0,1,26,0,27
157,91,1742.0,3030.0,9.0,7.0,1,18,0,20
157,94,1655.0,3023.0,5.0,5.0,0,12,1,14
158,5,1591.0,3259.0,15.0,9.0,1,123,0,156
158,42,1788.0,3026.0,7.0,5.0,1,79,0,83
158,49,1894.0,3021.0,10.0,10.0,1,74,0,77
158,52,1921.0,3018.0,9.0,5.0,1,72,0,73
158,53,1995.0,3011.0,7.0,9.0,1,63,0,73
158,54,1949.0,3012.0,8.0,9.0,1,67,0,72
158,56,1980.0,3010.0,8.0,10.0,1,65,0,70
158,59,2019.0,3012.0,10.0,10.0,1,53,0,63
158,60,1795.0,3019.0,11.0,10.0,1,58,0,60
158,61,1729.0,3023.0,8.0,7.0,1,56,0,60
158,64,1863.0,3017.0,8.0,10.0,1,51,0,55
158,65,1713.0,3026.0,7.0,7.0,1,51,0,54
158,71,1976.0,3021.0,10.0,7.0,0,43,1,50
158,74,1619.0,3025.0,7.0,6.0,1,44,0,49
158,77,1878.0,3018.0,8.0,8.0,1,43,0,46
158,78,1812.0,3020.0,8.0,6.0,1,43,0,46
158,81,1673.0,3026.0,7.0,7.0,1,33,0,38
158,84,1843.0,3019.0,9.0,7.0,1,29,0,31
158,85,1870.0,3016.0,7.0,8.0,1,29,0,30
158,87,1673.0,3025.0,4.0,6.0,1,27,0,28
158,91,1696.0,3030.0,8.0,11.0,1,19,0,21
158,94,1642.0,3021.0,7.0,7.0,1,13,0,15
158,97,1912.0,3018.0,7.0,8.0,1,3,0,3
159,5,1598.0,3263.0,16.0,8.0,1,124,0,157
159,42,1750.0,3026.0,9.0,6.0,1,80,0,84
159,49,1882.0,3020.0,10.0,8.0,1,75,0,78
159,52,1917.0,3017.0,8.0,9.0,1,73,0,74
159,53,1994.0,3017.0,7.0,7.0,1,64,0,74
159,54,1871.0,3018.0,11.0,7.0,1,68,0,73
159,56,1977.0,3006.0,7.0,10.0,1,66,0,71
159,59,2016.0,3015.0,10.0,8.0,1,54,0,64
159,60,1761.0,3022.0,10.0,6.0,1,59,0,61
159,61,1733.0,3024.0,9.0,7.0,1,57,0,61
159,64,1784.0,3019.0,8.0,7.0,1,52,0,56
159,65,1704.0,3025.0,7.0,6.0,1,52,0,55
159,71,1976.0,3021.0,10.0,7.0,0,43,2,51
159,74,1609.0,3019.0,8.0,7.0,1,45,0,50
159,77,1849.0,3017.0,7.0,9.0,1,44,0,47
159,78,1804.0,3022.0,7.0,5.0,1,44,0,47
159,81,1665.0,3028.0,4.0,7.0,1,34,0,39
159,84,1778.0,3028.0,6.0,3.0,1,30,0,32
159,85,1866.0,3018.0,7.0,10.0,1,30,0,31
159,87,1676.0,3024.0,7.0,6.0,1,28,0,29
159,91,1694.0,3029.0,8.0,9.0,1,20,0,22
159,94,1633.0,3021.0,8.0,6.0,1,14,0,16
159,97,1832.0,3022.0,8.0,11.0,1,4,0,4
160,5,1594.0,3262.0,15.0,9.0,1,125,0,158
160,42,1760.0,3024.0,10.0,7.0,1,81,0,85
160,49,1901.0,3023.0,6.0,6.0,1,76,0,79
160,52,1939.0,3019.0,9.0,7.0,1,74,0,75
160,53,1988.0,3010.0,8.0,9.0,1,65,0,75
160,54,1914.0,3016.0,8.0,6.0,1,69,0,74
160,56,1969.0,3008.0,6.0,10.0,1,67,0,72
160,59,2015.0,3014.0,8.0,8.0,1,55,0,65
160,60,1782.0,3020.0,8.0,8.0,1,60,0,62
160,61,1747.0,3026.0,7.0,7.0,1,58,0,62
160,64,1828.0,3023.0,8.0,9.0,1,53,0,57
160,65,1704.0,3025.0,6.0,8.0,1,53,0,56
160,71,1954.0,3020.0,10.0,7.0,1,44,0,52
160,74,1608.0,3024.0,7.0,7.0,1,46,0,51
160,77,1878.0,3013.0,9.0,9.0,1,45,0,48
160,78,1806.0,3022.0,8.0,5.0,1,45,0,48
160,81,1650.0,3026.0,9.0,5.0,1,35,0,40
160,84,1842.0,3024.0,9.0,6.0,1,31,0,33
160,85,1870.0,3026.0,9.0,8.0,1,31,0,32
160,87,1668.0,3023.0,6.0,7.0,1,29,0,30
160,91,1680.0,3027.0,7.0,8.0,1,21,0,23
160,94,1631.0,3023.0,6.0,8.0,1,15,0,17
160,97,1853.0,3021.0,9.0,11.0,1,5,0,5
161,5,1594.0,3262.0,15.0,9.0,0,125,1,159
161,42,1751.0,3023.0,9.0,7.0,1,82,0,86
161,49,1895.0,3026.0,6.0,5.0,1,77,0,80
161,52,1931.0,3018.0,8.0,7.0,1,75,0,76
161,53,1981.0,3010.0,10.0,9.0,1,66,0,76
161,54,1908.0,3022.0,7.0,5.0,1,70,0,75
161,56,1958.0,3016.0,7.0,10.0,1,68,0,73
161,59,2015.0,3014.0,8.0,8.0,0,55,1,66
161,60,1783.0,3027.0,6.0,8.0,1,61,0,63
161,61,1717.0,3029.0,8.0,6.0,1,59,0,63
161,64,1828.0,3023.0,8.0,9.0,0,53,1,58
161,65,1693.0,3031.0,6.0,6.0,1,54,0,57
161,71,1954.0,3020.0,10.0,7.0,0,44,1,53
161,74,1596.0,3019.0,10.0,8.0,1,47,0,52
161,77,1866.0,3018.0,9.0,8.0,1,46,0,49
161,78,1797.0,3022.0,6.0,5.0,1,46,0,49
161,81,1647.0,3026.0,11.0,5.0,1,36,0,41
161,84,1835.0,3018.0,10.0,6.0,1,32,0,34
161,85,1854.0,3014.0,8.0,9.0,1,32,0,33
161,87,1662.0,3027.0,7.0,6.0,1,30,0,31
161,91,1680.0,3027.0,7.0,8.0,0,21,1,24
161,94,1620.0,3020.0,6.0,6.0,1,16,0,18
161,97,1824.0,3020.0,11.0,8.0,1,6,0,6
162,5,1594.0,3262.0,15.0,9.0,0,125,2,160
162,42,1733.0,3028.0,8.0,5.0,1,83,0,87
162,49,1875.0,3024.0,9.0,8.0,1,78,0,81
162,52,1905.0,3021.0,7.0,6.0,1,76,0,77
162,53,1998.0,3014.0,9.0,7.0,1,67,0,77
162,54,1887.0,3017.0,5.0,9.0,1,71,0,76
162,56,1973.0,3016.0,11.0,8.0,1,69,0,74
162,59,2118.0,3111.0,7.0,8.0,1,56,0,67
162,60,1760.0,3022.0,7.0,5.0,1,62,0,64
162,61,1709.0,3023.0,8.0,6.0,1,60,0,64
162,64,1794.0,3023.0,8.0,6.0,1,54,0,59
162,65,1688.0,3025.0,8.0,9.0,1,55,0,58
162,71,1927.0,3015.0,8.0,9.0,1,45,0,54
162,74,1596.0,3019.0,10.0,8.0,0,47,1,53
162,77,1854.0,3020.0,10.0,6.0,1,47,0,50
162,78,1775.0,3019.0,8.0,9.0,1,47,0,50
162,81,1647.0,3024.0,8.0,6.0,1,37,0,42
162,84,1832.0,3019.0,7.0,9.0,1,33,0,35
162,85,1845.0,3015.0,9.0,10.0,1,33,0,34
162,87,1654.0,3023.0,7.0,6.0,1,31,0,32
162,91,1680.0,3027.0,7.0,8.0,0,21,2,25
162,94,1618.0,3024.0,5.0,5.0,1,17,0,19
162,97,1818.0,3029.0,9.0,7.0,1,7,0,7
163,5,1597.0,3258.0,15.0,8.0,1,126,0,161
163,42,1743.0,3026.0,8.0,7.0,1,84,0,88
163,49,1881.0,3020.0,9.0,6.0,1,79,0,82
163,52,1938.0,3018.0,9.0,9.0,1,77,0,78
163,53,1984.0,3014.0,9.0,8.0,1,68,0,78
163,54,1896.0,3016.0,8.0,8.0,1,72,0,77
163,56,1967.0,3007.0,10.0,8.0,1,70,0,75
163,59,2118.0,3111.0,7.0,8.0,0,56,1,68
163,60,1755.0,3023.0,5.0,5.0,1,63,0,65
163,61,1725.0,3022.0,6.0,6.0,1,61,0,65
163,64,1785.0,3021.0,7.0,7.0,1,55,0,60
163,65,1679.0,3026.0,6.0,6.0,1,56,0,59
163,71,1954.0,3007.0,6.0,11.0,1,46,0,55
163,74,1596.0,3019.0,10.0,8.0,0,47,2,54
163,77,1861.0,3022.0,10.0,7.0,1,48,0,51
163,78,1762.0,3017.0,11.0,8.0,1,48,0,51
163,81,1635.0,3022.0,8.0,8.0,1,38,0,43
163,84,1827.0,3019.0,7.0,5.0,1,34,0,36
163,85,1848.0,3017.0,9.0,7.0,1,34,0,35
163,87,1643.0,3021.0,8.0,9.0,1,32,0,33
163,91,1680.0,3027.0,7.0,8.0,0,21,3,26
163,94,1607.0,3025.0,8.0,8.0,1,18,0,20
163,97,1811.0,3013.0,9.0,7.0,1,8,0,8
164,5,1600.0,3262.0,16.0,8.0,1,127,0,162
164,42,1739.0,3030.0,9.0,6.0,1,85,0,89
164,49,1876.0,3025.0,8.0,7.0,1,80,0,83
164,52,1916.0,3013.0,7.0,7.0,1,78,0,79
164,53,1986.0,3010.0,8.0,10.0,1,69,0,79
164,54,1889.0,3021.0,8.0,6.0,1,73,0,78
164,56,1959.0,3009.0,10.0,10.0,1,71,0,76
164,59,2118.0,3111.0,7.0,8.0,0,56,2,69
164,60,1750.0,3028.0,6.0,5.0,1,64,0,66
164,61,1696.0,3027.0,7.0,6.0,1,62,0,66
164,64,1778.0,3010.0,6.0,7.0,1,56,0,61
164,65,1677.0,3024.0,7.0,10.0,1,57,0,60
164,71,1946.0,3006.0,7.0,10.0,1,47,0,56
164,74,1576.0,3022.0,9.0,6.0,1,48,0,55
164,77,1840.0,3021.0,10.0,7.0,1,49,0,52
164,78,1758.0,3019.0,7.0,8.0,1,49,0,52
164,81,1635.0,3022.0,8.0,8.0,0,38,1,44
164,84,1821.0,3026.0,9.0,8.0,1,35,0,37
164,85,1830.0,3022.0,9.0,7.0,1,35,0,36
164,87,1640.0,3022.0,7.0,9.0,1,33,0,34
164,91,1656.0,3020.0,7.0,9.0,1,22,0,27
164,94,1602.0,3018.0,7.0,6.0,1,19,0,21
164,97,1811.0,3013.0,9.0,7.0,0,8,1,9
165,5,1591.0,3259.0,16.0,8.0,1,128,0,163
165,42,1724.0,3028.0,9.0,8.0,1,86,0,90
165,49,1907.0,3016.0,8.0,6.0,1,81,0,84
165,52,1922.0,3019.0,9.0,8.0,1,79,0,80
165,53,1986.0,3009.0,6.0,9.0,1,70,0,80
165,54,1885.0,3014.0,7.0,6.0,1,74,0,79
165,56,1955.0,3011.0,10.0,7.0,1,72,0,77
165,59,2118.0,3111.0,7.0,8.0,0,56,3,70
165,60,1741.0,3020.0,6.0,6.0,1,65,0,67
165,61,1713.0,3023.0,6.0,5.0,1,63,0,67
165,64,1776.0,3027.0,6.0,5.0,1,57,0,62
165,65,1687.0,3034.0,7.0,5.0,1,58,0,61
165,71,1939.0,3009.0,9.0,11.0,1,48,0,57
165,74,1517.0,2903.0,13.0,8.0,1,49,0,56
165,77,1844.0,3022.0,9.0,6.0,1,50,0,53
165,78,1751.0,3019.0,9.0,7.0,1,50,0,53
165,81,1623.0,3025.0,7.0,7.0,1,39,0,45
165,84,1815.0,3018.0,9.0,7.0,1,36,0,38
165,85,1832.0,3021.0,8.0,5.0,1,36,0,37
165,87,1632.0,3020.0,7.0,7.0,1,34,0,35
165,91,1648.0,3023.0,9.0,10.0,1,23,0,28
165,94,1594.0,3023.0,8.0,9.0,1,20,0,22
165,97,1795.0,3021.0,9.0,7.0,1,9,0,10
166,5,1591.0,3259.0,16.0,8.0,0,128,1,164
166,42,1723.0,3026.0,8.0,6.0,1,87,0,91
166,49,1863.0,3015.0,6.0,8.0,1,82,0,85
166,52,1916.0,3017.0,10.0,5.0,1,80,0,81
166,53,1979.0,3014.0,8.0,9.0,1,71,0,81
166,54,1876.0,3016.0,8.0,6.0,1,75,0,80
166,56,1951.0,3009.0,7.0,8.0,1,73,0,78
166,59,2118.0,3111.0,7.0,8.0,0,56,4,71
166,60,1739.0,3024.0,9.0,6.0,1,66,0,68
166,61,1710.0,3023.0,7.0,6.0,1,64,0,68
166,64,1809.0,3022.0,8.0,9.0,1,58,0,63
166,65,1680.0,3028.0,8.0,5.0,1,59,0,62
166,71,1899.0,3012.0,7.0,10.0,1,49,0,58
166,74,1517.0,2903.0,13.0,8.0,0,49,1,57
166,77,1847.0,3021.0,8.0,6.0,1,51,0,54
166,78,1748.0,3018.0,10.0,6.0,1,51,0,54
166,81,1618.0,3028.0,7.0,7.0,1,40,0,46
166,84,1827.0,3020.0,7.0,9.0,1,37,0,39
166,85,1824.0,3021.0,7.0,6.0,1,37,0,38
166,87,1643.0,3021.0,9.0,11.0,1,35,0,36
166,91,1666.0,3027.0,6.0,9.0,1,24,0,29
166,94,1588.0,3024.0,8.0,5.0,1,21,0,23
166,97,1799.0,3021.0,10.0,6.0,1,10,0,11
167,5,1592.0,3263.0,16.0,8.0,1,129,0,165
167,42,1716.0,3027.0,9.0,7.0,1,88,0,92
167,49,1863.0,3015.0,6.0,8.0,0,82,1,86
167,52,1907.0,3015.0,9.0,9.0,1,81,0,82
167,53,1971.0,3016.0,8.0,9.0,1,72,0,82
167,54,1876.0,3016.0,8.0,6.0,0,75,1,81
167,56,1940.0,3013.0,7.0,8.0,1,74,0,79
167,59,2118.0,3111.0,7.0,8.0,0,56,5,72
167,60,1729.0,3024.0,7.0,5.0,1,67,0,69
167,61,1681.0,3022.0,9.0,7.0,1,65,0,69
167,64,1790.0,3022.0,8.0,8.0,1,59,0,64
167,65,1656.0,3018.0,7.0,8.0,1,60,0,63
167,71,1892.0,3015.0,9.0,8.0,1,50,0,59
167,74,1517.0,2903.0,13.0,8.0,0,49,2,58
167,77,1847.0,3021.0,8.0,6.0,0,51,1,55
167,78,1739.0,3020.0,8.0,6.0,1,52,0,55
167,81,1602.0,3013.0,5.0,10.0,1,41,0,47
167,84,1817.0,3013.0,9.0,10.0,1,38,0,40
167,85,1796.0,3022.0,8.0,5.0,1,38,0,39
167,87,1622.0,3020.0,7.0,6.0,1,36,0,37
167,91,1638.0,3015.0,9.0,12.0,1,25,0,30
167,94,1558.0,3017.0,9.0,8.0,1,22,0,24
167,97,1762.0,3020.0,9.0,7.0,1,11,0,12
168,5,1598.0,3259.0,13.0,8.0,1,130,0,166
168,42,1798.0,3022.0,7.0,6.0,1,89,0,93
168,49,1884.0,3018.0,7.0,8.0,1,83,0,87
168,52,1909.0,3006.0,8.0,10.0,1,82,0,83
168,53,1957.0,3019.0,6.0,7.0,1,73,0,83
168,54,1861.0,3021.0,8.0,8.0,1,76,0,82
168,56,1938.0,3013.0,8.0,7.0,1,75,0,80
168,59,2118.0,3111.0,7.0,8.0,0,56,6,73
168,60,1724.0,3023.0,8.0,7.0,1,68,0,70
168,61,1703.0,3022.0,9.0,8.0,1,66,0,70
168,64,1808.0,3021.0,6.0,7.0,1,60,0,65
168,65,1694.0,3019.0,8.0,8.0,1,61,0,64
168,71,1896.0,3017.0,10.0,8.0,1,51,0,60
168,74,1517.0,2903.0,13.0,8.0,0,49,3,59
168,77,1853.0,3015.0,7.0,7.0,1,52,0,56
168,78,1749.0,3018.0,9.0,8.0,1,53,0,56
168,81,1572.0,3020.0,10.0,6.0,1,42,0,48
168,84,1829.0,3014.0,12.0,8.0,1,39,0,41
168,85,1816.0,3021.0,8.0,7.0,1,39,0,40
168,87,1609.0,3022.0,7.0,6.0,1,37,0,38
168,91,1629.0,3025.0,8.0,8.0,1,26,0,31
168,94,1556.0,3017.0,6.0,6.0,1,23,0,25
168,97,1786.0,3021.0,10.0,6.0,1,12,0,13
169,5,1595.0,3265.0,14.0,7.0,1,131,0,167
169,42,1778.0,3023.0,10.0,7.0,1,90,0,94
169,49,1881.0,3017.0,7.0,8.0,1,84,0,88
169,52,1908.0,3014.0,8.0,7.0,1,83,0,84
169,53,1961.0,3009.0,6.0,9.0,1,74,0,84
169,54,1862.0,3016.0,8.0,7.0,1,77,0,83
169,56,1930.0,3012.0,9.0,9.0,1,76,0,81
169,59,2118.0,3111.0,7.0,8.0,0,56,7,74
169,60,1724.0,3029.0,8.0,7.0,1,69,0,71
169,61,1702.0,3025.0,9.0,6.0,1,67,0,71
169,64,1798.0,3022.0,9.0,7.0,1,61,0,66
169,65,1686.0,3023.0,9.0,6.0,1,62,0,65
169,71,1896.0,3016.0,8.0,11.0,1,52,0,61
169,74,1517.0,2903.0,13.0,8.0,0,49,4,60
169,77,1845.0,3015.0,6.0,8.0,1,53,0,57
169,78,1741.0,3024.0,7.0,7.0,1,54,0,57
169,81,1593.0,3024.0,9.0,10.0,1,43,0,49
169,84,1816.0,3018.0,10.0,6.0,1,40,0,42
169,85,1815.0,3020.0,6.0,4.0,1,40,0,41
169,87,1608.0,3028.0,6.0,5.0,1,38,0,39
169,91,1625.0,3020.0,8.0,9.0,1,27,0,32
169,94,1544.0,3015.0,9.0,9.0,1,24,0,26
169,97,1792.0,3023.0,8.0,4.0,1,13,0,14
170,5,1594.0,3260.0,15.0,7.0,1,132,0,168
170,42,1744.0,3023.0,7.0,7.0,1,91,0,95
170,49,1869.0,3013.0,8.0,7.0,1,85,0,89
170,52,1898.0,3014.0,8.0,5.0,1,84,0,85
170,53,1961.0,3009.0,6.0,9.0,0,74,1,85
170,54,1853.0,3010.0,9.0,10.0,1,78,0,84
170,56,1930.0,3012.0,9.0,9.0,0,76,1,82
170,59,2118.0,3111.0,7.0,8.0,0,56,8,75
170,60,1710.0,3027.0,7.0,6.0,1,70,0,72
170,61,1653.0,3025.0,10.0,8.0,1,68,0,72
170,64,1798.0,3022.0,9.0,7.0,0,61,1,67
170,65,1633.0,3024.0,8.0,9.0,1,63,0,66
170,71,1889.0,3019.0,9.0,6.0,1,53,0,62
170,74,1517.0,2903.0,13.0,8.0,0,49,5,61
170,77,1845.0,3015.0,6.0,8.0,0,53,1,58
170,78,1693.0,3022.0,9.0,6.0,1,55,0,58
170,81,1563.0,3022.0,7.0,5.0,1,44,0,50
170,84,1816.0,3021.0,8.0,7.0,1,41,0,43
170,85,1805.0,3022.0,7.0,4.0,1,41,0,42
170,87,1590.0,3024.0,5.0,4.0,1,39,0,40
170,91,1603.0,3021.0,7.0,5.0,1,28,0,33
170,94,1546.0,3020.0,6.0,7.0,1,25,0,27
170,97,1765.0,3020.0,10.0,8.0,1,14,0,15
171,5,1597.0,3260.0,15.0,7.0,1,133,0,169
171,42,1744.0,3023.0,7.0,7.0,0,91,1,96
171,49,1865.0,3014.0,7.0,7.0,1,86,0,90
171,52,1900.0,3011.0,7.0,9.0,1,85,0,86
171,53,1971.0,2977.0,10.0,6.0,1,75,0,86
171,54,1853.0,3010.0,9.0,10.0,0,78,1,85
171,56,1915.0,3013.0,9.0,8.0,1,77,0,83
171,59,2118.0,3111.0,7.0,8.0,0,56,9,76
171,60,1707.0,3025.0,7.0,5.0,1,71,0,73
171,61,1676.0,3028.0,10.0,9.0,1,69,0,73
171,64,1789.0,3015.0,8.0,8.0,1,62,0,68
171,65,1623.0,3026.0,9.0,7.0,1,64,0,67
171,71,1883.0,3015.0,8.0,9.0,1,54,0,63
171,74,1517.0,2903.0,13.0,8.0,0,49,6,62
171,77,1831.0,3024.0,6.0,5.0,1,54,0,59
171,78,1688.0,3025.0,10.0,6.0,1,56,0,59
171,81,1549.0,3018.0,8.0,7.0,1,45,0,51
171,84,1805.0,3020.0,9.0,5.0,1,42,0,44
171,85,1800.0,3016.0,6.0,4.0,1,42,0,43
171,87,1590.0,3024.0,5.0,4.0,0,39,1,41
171,91,1605.0,3019.0,8.0,9.0,1,29,0,34
171,94,1538.0,3019.0,8.0,5.0,1,26,0,28
171,97,1763.0,3020.0,9.0,8.0,1,15,0,16
171,101,1716.0,3020.0,10.0,8.0,1,3,0,3
172,5,1596.0,3259.0,18.0,8.0,1,134,0,170
172,42,1730.0,3015.0,6.0,8.0,1,92,0,97
172,49,1857.0,3015.0,8.0,9.0,1,87,0,91
172,52,1900.0,3011.0,7.0,9.0,0,85,1,87
172,53,1971.0,2977.0,10.0,6.0,0,75,1,87
172,54,1853.0,3010.0,9.0,10.0,0,78,2,86
172,56,1938.0,3012.0,8.0,6.0,1,78,0,84
172,59,2118.0,3111.0,7.0,8.0,0,56,10,77
172,60,1702.0,3030.0,7.0,5.0,1,72,0,74
172,61,1661.0,3020.0,9.0,7.0,1,70,0,74
172,64,1774.0,3021.0,7.0,5.0,1,63,0,69
172,65,1622.0,3023.0,10.0,10.0,1,65,0,68
172,71,1878.0,3023.0,8.0,6.0,1,55,0,64
172,74,1517.0,2903.0,13.0,8.0,0,49,7,63
172,77,1831.0,3022.0,7.0,7.0,1,55,0,60
172,78,1688.0,3025.0,10.0,6.0,0,56,1,60
172,81,1543.0,3015.0,9.0,8.0,1,46,0,52
172,84,1823.0,3024.0,7.0,6.0,1,43,0,45
172,85,1801.0,3012.0,7.0,6.0,1,43,0,44
172,87,1572.0,3026.0,4.0,5.0,1,40,0,42
172,91,1606.0,3023.0,8.0,7.0,1,30,0,35
172,94,1538.0,3019.0,8.0,5.0,0,26,1,29
172,97,1754.0,3021.0,9.0,9.0,1,16,0,17
172,101,1707.0,3021.0,9.0,6.0,1,4,0,4
173,5,1597.0,3264.0,18.0,9.0,1,135,0,171
173,42,1724.0,3015.0,6.0,6.0,1,93,0,98
173,49,1859.0,3013.0,7.0,9.0,1,88,0,92
173,52,1910.0,3015.0,10.0,7.0,1,86,0,88
173,53,1971.0,2977.0,10.0,6.0,0,75,2,88
173,54,1853.0,3010.0,9.0,10.0,0,78,3,87
173,56,1938.0,3013.0,6.0,8.0,1,79,0,85
173,59,2118.0,3111.0,7.0,8.0,0,56,11,78
173,60,1687.0,3027.0,7.0,5.0,1,73,0,75
173,61,1636.0,3020.0,8.0,8.0,1,71,0,75
173,64,1773.0,3020.0,8.0,10.0,1,64,0,70
173,65,1613.0,3021.0,8.0,8.0,1,66,0,69
173,71,1874.0,3016.0,7.0,6.0,1,56,0,65
173,74,1580.0,3019.0,7.0,5.0,1,50,0,64
173,77,1824.0,3018.0,6.0,7.0,1,56,0,61
173,78,1671.0,3023.0,7.0,6.0,1,57,0,61
173,81,1536.0,3012.0,10.0,7.0,1,47,0,53
173,84,1818.0,3022.0,8.0,6.0,1,44,0,46
173,85,1765.0,3023.0,6.0,5.0,1,44,0,45
173,87,1571.0,3021.0,5.0,7.0,1,41,0,43
173,91,1594.0,3024.0,9.0,7.0,1,31,0,36
173,94,1520.0,3016.0,6.0,6.0,1,27,0,30
173,97,1752.0,3018.0,12.0,8.0,1,17,0,18
173,101,1698.0,3017.0,12.0,10.0,1,5,0,5
174,5,1593.0,3267.0,19.0,8.0,1,136,0,172
174,42,1717.0,3021.0,6.0,6.0,1,94,0,99
174,49,1867.0,3022.0,7.0,8.0,1,89,0,93
174,52,1898.0,3015.0,8.0,6.0,1,87,0,89
174,53,1971.0,2977.0,10.0,6.0,0,75,3,89
174,54,1824.0,3005.0,8.0,11.0,1,79,0,88
174,56,1927.0,3011.0,6.0,11.0,1,80,0,86
174,59,2118.0,3111.0,7.0,8.0,0,56,12,79
174,60,1683.0,3020.0,6.0,6.0,1,74,0,76
174,61,1621.0,3019.0,9.0,7.0,1,72,0,76
174,64,1755.0,3018.0,7.0,6.0,1,65,0,71
174,65,1613.0,3021.0,8.0,8.0,0,66,1,70
174,71,1877.0,3015.0,6.0,7.0,1,57,0,66
174,74,1565.0,3015.0,7.0,6.0,1,51,0,65
174,77,1846.0,3010.0,6.0,10.0,1,57,0,62
174,78,1671.0,3023.0,7.0,6.0,0,57,1,62
174,81,1524.0,3019.0,9.0,7.0,1,48,0,54
174,84,1798.0,3020.0,9.0,6.0,1,45,0,47
174,85,1772.0,3011.0,7.0,7.0,1,45,0,46
174,87,1563.0,3019.0,5.0,5.0,1,42,0,44
174,91,1594.0,3024.0,9.0,7.0,0,31,1,37
174,94,1514.0,3013.0,8.0,8.0,1,28,0,31
174,97,1752.0,3018.0,12.0,8.0,0,17,1,19
174,101,1694.0,3012.0,9.0,8.0,1,6,0,6
175,5,1593.0,3267.0,19.0,8.0,0,136,1,173
175,42,1715.0,3017.0,5.0,6.0,1,95,0,100
175,49,1839.0,3017.0,8.0,8.0,1,90,0,94
175,52,1893.0,3013.0,9.0,7.0,1,88,0,90
175,53,1971.0,2977.0,10.0,6.0,0,75,4,90
175,54,1806.0,3016.0,9.0,7.0,1,80,0,89
175,56,1870.0,3010.0,6.0,7.0,1,81,0,87
175,59,2118.0,3111.0,7.0,8.0,0,56,13,80
175,60,1682.0,3017.0,6.0,6.0,1,75,0,77
175,61,1624.0,3025.0,10.0,7.0,1,73,0,77
175,64,1755.0,3017.0,7.0,5.0,1,66,0,72
175,65,1605.0,3017.0,9.0,7.0,1,67,0,71
175,71,1864.0,3018.0,6.0,8.0,1,58,0,67
175,74,1565.0,3015.0,7.0,6.0,0,51,1,66
175,77,1811.0,3018.0,10.0,9.0,1,58,0,63
175,78,1666.0,3022.0,9.0,7.0,1,58,0,63
175,81,1524.0,3019.0,9.0,7.0,0,48,1,55
175,84,1790.0,3020.0,8.0,6.0,1,46,0,48
175,85,1772.0,3015.0,4.0,5.0,1,46,0,47
175,87,1563.0,3019.0,5.0,5.0,0,42,1,45
175,91,1590.0,3027.0,7.0,7.0,1,32,0,38
175,94,1503.0,3015.0,5.0,6.0,1,29,0,32
175,97,1732.0,3016.0,10.0,10.0,1,18,0,20
175,101,1695.0,3021.0,8.0,7.0,1,7,0,7
176,5,1598.0,3261.0,16.0,7.0,1,137,0,174
176,42,1712.0,3024.0,7.0,5.0,1,96,0,101
176,49,1806.0,3017.0,8.0,8.0,1,91,0,95
176,52,1862.0,3014.0,6.0,9.0,1,89,0,91
176,53,1912.0,3015.0,8.0,9.0,1,76,0,91
176,54,1804.0,3014.0,7.0,8.0,1,81,0,90
176,56,1835.0,3011.0,6.0,10.0,1,82,0,88
176,59,2118.0,3111.0,7.0,8.0,0,56,14,81
176,60,1673.0,3020.0,7.0,5.0,1,76,0,78
176,61,1644.0,3019.0,8.0,8.0,1,74,0,78
176,64,1749.0,3018.0,7.0,5.0,1,67,0,73
176,65,1620.0,3017.0,10.0,7.0,1,68,0,72
176,71,1853.0,3020.0,9.0,9.0,1,59,0,68
176,74,1581.0,3022.0,8.0,8.0,1,52,0,67
176,77,1766.0,3014.0,6.0,6.0,1,59,0,64
176,78,1659.0,3018.0,9.0,9.0,1,59,0,64
176,81,1546.0,3018.0,7.0,5.0,1,49,0,56
176,84,1776.0,3016.0,8.0,7.0,1,47,0,49
176,85,1760.0,3019.0,9.0,6.0,1,47,0,48
176,87,1557.0,3021.0,7.0,7.0,1,43,0,46
176,91,1592.0,3018.0,7.0,8.0,1,33,0,39
176,94,1524.0,3013.0,7.0,7.0,1,30,0,33
176,97,1733.0,3022.0,8.0,7.0,1,19,0,21
176,101,1683.0,3013.0,8.0,7.0,1,8,0,8
177,5,1606.0,3270.0,13.0,6.0,1,138,0,175
177,42,1669.0,3027.0,5.0,6.0,1,97,0,102
177,49,1799.0,3018.0,7.0,7.0,1,92,0,96
177,52,1862.0,3011.0,7.0,6.0,1,90,0,92
177,53,1876.0,3014.0,8.0,8.0,1,77,0,92
177,54,1785.0,3018.0,8.0,6.0,1,82,0,91
177,56,1829.0,3018.0,8.0,10.0,1,83,0,89
177,59,2118.0,3111.0,7.0,8.0,0,56,15,82
177,60,1655.0,3022.0,7.0,7.0,1,77,0,79
177,61,1607.0,3018.0,10.0,7.0,1,75,0,79
177,64,1745.0,3018.0,6.0,6.0,1,68,0,74
177,65,1592.0,3020.0,8.0,6.0,1,69,0,73
177,71,1849.0,3018.0,7.0,6.0,1,60,0,69
177,74,1552.0,3016.0,9.0,5.0,1,53,0,68
177,77,1774.0,3015.0,8.0,6.0,1,60,0,65
177,78,1634.0,3023.0,8.0,6.0,1,60,0,65
177,81,1512.0,3011.0,8.0,7.0,1,50,0,57
177,84,1761.0,3022.0,7.0,6.0,1,48,0,50
177,85,1751.0,3024.0,7.0,7.0,1,48,0,49
177,87,1536.0,3016.0,7.0,5.0,1,44,0,47
177,91,1567.0,3019.0,10.0,7.0,1,34,0,40
177,94,1493.0,3014.0,5.0,9.0,1,31,0,34
177,97,1727.0,3018.0,7.0,7.0,1,20,0,22
177,101,1676.0,3014.0,9.0,8.0,1,9,0,9
178,5,1607.0,3262.0,14.0,8.0,1,139,0,176
178,42,1690.0,3023.0,7.0,7.0,1,98,0,103
178,49,1799.0,3009.0,8.0,9.0,1,93,0,97
178,52,1852.0,3014.0,8.0,8.0,1,91,0,93
178,53,1870.0,3011.0,9.0,7.0,1,78,0,93
178,54,1790.0,3019.0,8.0,7.0,1,83,0,92
178,56,1820.0,3015.0,9.0,8.0,1,84,0,90
178,59,2118.0,3111.0,7.0,8.0,0,56,16,83
178,60,1658.0,3013.0,7.0,6.0,1,78,0,80
178,61,1629.0,3024.0,8.0,8.0,1,76,0,80
178,64,1732.0,3016.0,8.0,6.0,1,69,0,75
178,65,1599.0,3025.0,10.0,7.0,1,70,0,74
178,71,1840.0,3010.0,9.0,7.0,1,61,0,70
178,74,1563.0,3020.0,9.0,8.0,1,54,0,69
178,77,1774.0,3015.0,8.0,6.0,0,60,1,66
178,78,1646.0,3016.0,9.0,8.0,1,61,0,66
178,81,1507.0,3018.0,7.0,6.0,1,51,0,58
178,84,1761.0,3022.0,7.0,6.0,0,48,1,51
178,85,1742.0,3017.0,8.0,8.0,1,49,0,50
178,87,1536.0,3016.0,7.0,5.0,0,44,1,48
178,91,1573.0,3018.0,9.0,8.0,1,35,0,41
178,94,1487.0,3006.0,8.0,6.0,1,32,0,35
178,97,1718.0,3014.0,9.0,7.0,1,21,0,23
178,101,1669.0,3016.0,8.0,6.0,1,10,0,10
179,5,1604.0,3268.0,21.0,8.0,1,140,0,177
179,42,1681.0,3020.0,7.0,6.0,1,99,0,104
179,49,1789.0,3014.0,7.0,8.0,1,94,0,98
179,52,1852.0,3014.0,8.0,8.0,0,91,1,94
179,53,1871.0,3013.0,6.0,6.0,1,79,0,94
179,54,1776.0,3017.0,8.0,6.0,1,84,0,93
179,56,1818.0,3017.0,9.0,7.0,1,85,0,91
179,59,2118.0,3111.0,7.0,8.0,0,56,17,84
179,60,1659.0,3024.0,5.0,5.0,1,79,0,81
179,61,1621.0,3021.0,8.0,6.0,1,77,0,81
179,64,1726.0,3020.0,8.0,7.0,1,70,0,76
179,65,1573.0,3015.0,6.0,7.0,1,71,0,75
179,71,1830.0,3015.0,8.0,8.0,1,62,0,71
179,74,1540.0,3018.0,8.0,7.0,1,55,0,70
179,77,1774.0,3015.0,8.0,6.0,0,60,2,67
179,78,1643.0,3021.0,10.0,8.0,1,62,0,67
179,81,1499.0,3015.0,8.0,7.0,1,52,0,59
179,84,1746.0,3017.0,7.0,6.0,1,49,0,52
179,85,1740.0,3021.0,6.0,6.0,1,50,0,51
179,87,1524.0,3015.0,6.0,7.0,1,45,0,49
179,91,1555.0,3016.0,9.0,7.0,1,36,0,42
179,94,1479.0,3014.0,7.0,8.0,1,33,0,36
179,97,1715.0,3021.0,7.0,6.0,1,22,0,24
179,101,1662.0,3018.0,7.0,6.0,1,11,0,11
180,5,1604.0,3268.0,21.0,8.0,0,140,1,178
180,42,1681.0,3020.0,7.0,6.0,0,99,1,105
180,49,1778.0,3014.0,7.0,7.0,1,95,0,99
180,52,1859.0,3012.0,7.0,9.0,1,92,0,95
180,53,1886.0,3015.0,7.0,11.0,1,80,0,95
180,54,1767.0,3015.0,7.0,6.0,1,85,0,94
180,56,1803.0,3012.0,8.0,9.0,1,86,0,92
180,59,2118.0,3111.0,7.0,8.0,0,56,18,85
180,60,1659.0,3024.0,5.0,5.0,0,79,1,82
180,61,1589.0,3016.0,9.0,9.0,1,78,0,82
180,64,1726.0,3020.0,8.0,7.0,0,70,1,77
180,65,1566.0,3015.0,8.0,9.0,1,72,0,76
180,71,1830.0,3015.0,8.0,8.0,0,62,1,72
180,74,1531.0,3019.0,6.0,7.0,1,56,0,71
180,77,1774.0,3015.0,8.0,6.0,0,60,3,68
180,78,1630.0,3018.0,9.0,7.0,1,63,0,68
180,81,1487.0,3015.0,7.0,5.0,1,53,0,60
180,84,1750.0,3015.0,8.0,6.0,1,50,0,53
180,85,1734.0,3014.0,8.0,8.0,1,51,0,52
180,87,1523.0,3014.0,5.0,3.0,1,46,0,50
180,91,1555.0,3016.0,9.0,7.0,0,36,1,43
180,94,1476.0,3006.0,6.0,6.0,1,34,0,37
180,97,1710.0,3017.0,6.0,8.0,1,23,0,25
180,101,1654.0,3015.0,6.0,5.0,1,12,0,12
181,5,1609.0,3267.0,18.0,9.0,1,141,0,179
181,42,1672.0,3017.0,6.0,6.0,1,100,0,106
181,49,1775.0,3017.0,6.0,7.0,1,96,0,100
181,52,1837.0,3012.0,7.0,9.0,1,93,0,96
181,53,1879.0,3016.0,5.0,8.0,1,81,0,96
181,54,1767.0,3015.0,7.0,6.0,0,85,1,95
181,56,1801.0,3008.0,8.0,9.0,1,87,0,93
181,59,2118.0,3111.0,7.0,8.0,0,56,19,86
181,60,1659.0,3024.0,5.0,5.0,0,79,2,83
181,61,1577.0,3020.0,8.0,9.0,1,79,0,83
181,64,1717.0,3016.0,7.0,7.0,1,71,0,78
181,65,1566.0,3015.0,8.0,9.0,0,72,1,77
181,71,1821.0,3018.0,7.0,7.0,1,63,0,73
181,74,1519.0,3013.0,8.0,7.0,1,57,0,72
181,77,1742.0,3026.0,8.0,6.0,1,61,0,69
181,78,1632.0,3024.0,9.0,7.0,1,64,0,69
181,81,1489.0,3009.0,9.0,8.0,1,54,0,61
181,84,1739.0,3016.0,7.0,5.0,1,51,0,54
181,85,1734.0,3014.0,8.0,8.0,0,51,1,53
181,87,1509.0,3015.0,6.0,7.0,1,47,0,51
181,91,1543.0,3019.0,7.0,6.0,1,37,0,44
181,94,1464.0,3004.0,7.0,8.0,1,35,0,38
181,97,1707.0,3022.0,7.0,6.0,1,24,0,26
181,101,1654.0,3015.0,6.0,5.0,0,12,1,13
182,5,1609.0,3264.0,13.0,15.0,1,142,0,180
182,42,1668.0,3018.0,6.0,6.0,1,101,0,107
182,49,1812.0,3018.0,9.0,10.0,1,97,0,101
182,52,1845.0,3014.0,8.0,8.0,1,94,0,97
182,53,1875.0,3012.0,8.0,8.0,1,82,0,97
182,54,1771.0,3011.0,8.0,7.0,1,86,0,96
182,56,1791.0,3012.0,10.0,7.0,1,88,0,94
182,59,2118.0,3111.0,7.0,8.0,0,56,20,87
182,60,1637.0,3018.0,6.0,7.0,1,80,0,84
182,61,1595.0,3018.0,8.0,8.0,1,80,0,84
182,64,1709.0,3015.0,8.0,7.0,1,72,0,79
182,65,1577.0,3011.0,8.0,7.0,1,73,0,78
182,71,1830.0,3009.0,8.0,9.0,1,64,0,74
182,74,1519.0,3013.0,8.0,7.0,0,57,1,73
182,77,1742.0,3026.0,8.0,6.0,0,61,1,70
182,78,1623.0,3015.0,10.0,7.0,1,65,0,70
182,81,1467.0,3007.0,10.0,10.0,1,55,0,62
182,84,1739.0,3016.0,7.0,5.0,0,51,1,55
182,85,1719.0,3017.0,7.0,6.0,1,52,0,54
182,87,1502.0,3018.0,9.0,5.0,1,48,0,52
182,91,1543.0,3019.0,7.0,6.0,0,37,1,45
182,94,1461.0,3007.0,8.0,7.0,1,36,0,39
182,97,1707.0,3022.0,7.0,6.0,0,24,1,27
182,101,1648.0,3013.0,8.0,5.0,1,13,0,14
183,5,1605.0,3263.0,18.0,14.0,1,143,0,181
183,42,1659.0,3011.0,6.0,7.0,1,102,0,108
183,49,1790.0,3017.0,7.0,8.0,1,98,0,102
183,52,1819.0,3010.0,5.0,9.0,1,95,0,98
183,53,1870.0,3014.0,9.0,5.0,1,83,0,98
183,54,1755.0,3017.0,5.0,7.0,1,87,0,97
183,56,1759.0,3016.0,7.0,7.0,1,89,0,95
183,59,2118.0,3111.0,7.0,8.0,0,56,21,88
183,60,1632.0,3016.0,5.0,7.0,1,81,0,85
183,61,1575.0,3020.0,8.0,8.0,1,81,0,85
183,64,1709.0,3015.0,8.0,7.0,0,72,1,80
183,65,1550.0,3014.0,8.0,8.0,1,74,0,79
183,71,1808.0,3013.0,9.0,7.0,1,65,0,75
183,74,1519.0,3013.0,8.0,7.0,0,57,2,74
183,77,1735.0,3015.0,6.0,7.0,1,62,0,71
183,78,1612.0,3020.0,10.0,8.0,1,66,0,71
183,81,1467.0,3007.0,10.0,10.0,0,55,1,63
183,84,1722.0,3015.0,7.0,6.0,1,52,0,56
183,85,1717.0,3016.0,5.0,6.0,1,53,0,55
183,87,1503.0,3016.0,10.0,6.0,1,49,0,53
183,91,1523.0,3012.0,10.0,9.0,1,38,0,46
183,94,1454.0,3006.0,9.0,7.0,1,37,0,40
183,97,1690.0,3016.0,7.0,6.0,1,25,0,28
183,101,1637.0,3017.0,8.0,6.0,1,14,0,15
184,5,1615.0,3273.0,18.0,11.0,1,144,0,182
184,42,1684.0,3011.0,7.0,8.0,1,103,0,109
184,49,1799.0,3012.0,8.0,9.0,1,99,0,103
184,52,1834.0,3009.0,10.0,9.0,1,96,0,99
184,53,1854.0,3009.0,9.0,6.0,1,84,0,99
184,54,1750.0,3017.0,7.0,7.0,1,88,0,98
184,56,1780.0,3015.0,6.0,8.0,1,90,0,96
184,59,2118.0,3111.0,7.0,8.0,0,56,22,89
184,60,1636.0,3018.0,8.0,5.0,1,82,0,86
184,61,1591.0,3016.0,6.0,8.0,1,82,0,86
184,64,1701.0,3014.0,7.0,8.0,1,73,0,81
184,65,1550.0,3014.0,8.0,8.0,0,74,1,80
184,71,1813.0,3008.0,7.0,7.0,1,66,0,76
184,74,1504.0,3014.0,8.0,7.0,1,58,0,75
184,77,1747.0,3012.0,5.0,7.0,1,63,0,72
184,78,1622.0,3015.0,6.0,8.0,1,67,0,72
184,81,1462.0,3008.0,10.0,8.0,1,56,0,64
184,84,1728.0,3020.0,8.0,6.0,1,53,0,57
184,85,1715.0,3015.0,6.0,5.0,1,54,0,56
184,87,1492.0,3013.0,6.0,4.0,1,50,0,54
184,91,1526.0,3018.0,10.0,9.0,1,39,0,47
184,94,1447.0,3007.0,6.0,6.0,1,38,0,41
184,97,1707.0,3006.0,8.0,8.0,1,26,0,29
184,101,1647.0,3015.0,7.0,6.0,1,15,0,16
185,5,1615.0,3273.0,18.0,11.0,0,144,1,183
185,42,1630.0,3011.0,8.0,5.0,1,104,0,110
185,49,1775.0,3012.0,7.0,7.0,1,100,0,104
185,52,1822.0,3009.0,9.0,9.0,1,97,0,100
185,53,1854.0,3011.0,7.0,7.0,1,85,0,100
185,54,1737.0,3014.0,5.0,7.0,1,89,0,99
185,56,1745.0,3011.0,6.0,8.0,1,91,0,97
185,59,2118.0,3111.0,7.0,8.0,0,56,23,90
185,60,1618.0,3019.0,8.0,7.0,1,83,0,87
185,61,1557.0,3022.0,8.0,7.0,1,83,0,87
185,64,1692.0,3017.0,7.0,8.0,1,74,0,82
185,65,1533.0,3016.0,9.0,10.0,1,75,0,81
185,71,1805.0,3011.0,6.0,8.0,1,67,0,77
185,74,1503.0,3016.0,7.0,7.0,1,59,0,76
185,77,1725.0,3015.0,7.0,6.0,1,64,0,73
185,78,1580.0,3011.0,8.0,8.0,1,68,0,73
185,81,1454.0,3010.0,9.0,7.0,1,57,0,65
185,84,1709.0,3007.0,6.0,6.0,1,54,0,58
185,85,1704.0,3022.0,6.0,8.0,1,55,0,57
185,87,1479.0,3012.0,7.0,5.0,1,51,0,55
185,91,1514.0,3013.0,9.0,7.0,1,40,0,48
185,94,1439.0,3004.0,8.0,6.0,1,39,0,42
185,97,1678.0,3013.0,10.0,8.0,1,27,0,30
185,101,1607.0,3011.0,8.0,9.0,1,16,0,17
186,5,1620.0,3265.0,14.0,9.0,1,145,0,184
186,42,1644.0,3018.0,6.0,5.0,1,105,0,111
186,49,1792.0,3013.0,7.0,9.0,1,101,0,105
186,52,1819.0,3012.0,8.0,9.0,1,98,0,101
186,53,1846.0,3016.0,7.0,11.0,1,86,0,101
186,54,1745.0,3015.0,7.0,8.0,1,90,0,100
186,56,1766.0,3019.0,8.0,8.0,1,92,0,98
186,59,2118.0,3111.0,7.0,8.0,0,56,24,91
186,60,1624.0,3012.0,7.0,6.0,1,84,0,88
186,61,1550.0,3013.0,6.0,7.0,1,84,0,88
186,64,1686.0,3011.0,7.0,7.0,1,75,0,83
186,65,1527.0,3016.0,9.0,9.0,1,76,0,82
186,71,1804.0,3011.0,6.0,9.0,1,68,0,78
186,74,1498.0,3012.0,6.0,7.0,1,60,0,77
186,77,1725.0,3015.0,7.0,6.0,0,64,1,74
186,78,1579.0,3013.0,8.0,8.0,1,69,0,74
186,81,1450.0,3011.0,10.0,9.0,1,58,0,66
186,84,1711.0,3015.0,6.0,6.0,1,55,0,59
186,85,1696.0,3019.0,6.0,7.0,1,56,0,58
186,87,1477.0,3012.0,4.0,4.0,1,52,0,56
186,91,1507.0,3012.0,10.0,7.0,1,41,0,49
186,94,1424.0,2999.0,13.0,11.0,1,40,0,43
186,97,1678.0,3013.0,10.0,8.0,0,27,1,31
186,101,1609.0,3015.0,6.0,6.0,1,17,0,18
187,5,1620.0,3265.0,14.0,9.0,0,145,1,185
187,42,1614.0,3011.0,9.0,5.0,1,106,0,112
187,49,1780.0,3012.0,7.0,9.0,1,102,0,106
187,52,1819.0,3012.0,8.0,9.0,0,98,1,102
187,53,1839.0,3015.0,6.0,8.0,1,87,0,102
187,54,1735.0,3014.0,5.0,7.0,1,91,0,101
187,56,1757.0,3005.0,7.0,7.0,1,93,0,99
187,59,2118.0,3111.0,7.0,8.0,0,56,25,92
187,60,1602.0,3019.0,6.0,5.0,1,85,0,89
187,61,1546.0,3017.0,9.0,7.0,1,85,0,89
187,64,1686.0,3011.0,7.0,7.0,0,75,1,84
187,65,1524.0,3013.0,9.0,9.0,1,77,0,83
187,71,1793.0,3008.0,6.0,8.0,1,69,0,79
187,74,1488.0,3013.0,7.0,8.0,1,61,0,78
187,77,1726.0,3023.0,6.0,8.0,1,65,0,75
187,78,1571.0,3019.0,9.0,9.0,1,70,0,75
187,81,1434.0,3007.0,11.0,7.0,1,59,0,67
187,84,1712.0,3017.0,6.0,8.0,1,56,0,60
187,85,1697.0,3015.0,4.0,7.0,1,57,0,59
187,87,1477.0,3012.0,4.0,4.0,0,52,1,57
187,91,1503.0,3019.0,7.0,8.0,1,42,0,50
187,94,1424.0,2999.0,13.0,11.0,0,40,1,44
187,97,1672.0,3016.0,8.0,7.0,1,28,0,32
187,101,1591.0,3014.0,9.0,7.0,1,18,0,19
188,5,1612.0,3278.0,22.0,10.0,1,146,0,186
188,42,1612.0,3012.0,9.0,6.0,1,107,0,113
188,49,1773.0,3013.0,9.0,9.0,1,103,0,107
188,52,1805.0,3011.0,8.0,8.0,1,99,0,103
188,53,1839.0,3015.0,6.0,8.0,0,87,1,103
188,54,1734.0,3013.0,5.0,8.0,1,92,0,102
188,56,1753.0,3012.0,6.0,8.0,1,94,0,100
188,59,2118.0,3111.0,7.0,8.0,0,56,26,93
188,60,1599.0,3016.0,7.0,5.0,1,86,0,90
188,61,1535.0,3022.0,9.0,8.0,1,86,0,90
188,64,1682.0,3010.0,7.0,11.0,1,76,0,85
188,65,1514.0,3009.0,9.0,8.0,1,78,0,84
188,71,1786.0,3011.0,7.0,8.0,1,70,0,80
188,74,1478.0,3010.0,7.0,9.0,1,62,0,79
188,77,1722.0,3016.0,6.0,7.0,1,66,0,76
188,78,1562.0,3017.0,9.0,9.0,1,71,0,76
188,81,1434.0,3007.0,11.0,7.0,0,59,1,68
188,84,1699.0,3019.0,9.0,6.0,1,57,0,61
188,85,1695.0,3015.0,7.0,4.0,1,58,0,60
188,87,1464.0,3009.0,9.0,4.0,1,53,0,58
188,91,1496.0,3010.0,8.0,8.0,1,43,0,51
188,94,1410.0,3010.0,11.0,8.0,1,41,0,45
188,97,1672.0,3016.0,8.0,7.0,0,28,1,33
188,101,1579.0,3017.0,9.0,7.0,1,19,0,20
189,5,1617.0,3273.0,15.0,12.0,1,147,0,187
189,42,1624.0,3010.0,6.0,7.0,1,108,0,114
189,49,1767.0,3011.0,8.0,7.0,1,104,0,108
189,52,1798.0,3004.0,8.0,8.0,1,100,0,104
189,53,1823.0,3007.0,6.0,8.0,1,88,0,104
189,54,1721.0,3015.0,6.0,7.0,1,93,0,103
189,56,1747.0,3016.0,7.0,6.0,1,95,0,101
189,59,2118.0,3111.0,7.0,8.0,0,56,27,94
189,60,1594.0,3020.0,7.0,6.0,1,87,0,91
189,61,1532.0,3010.0,8.0,7.0,1,87,0,91
189,64,1668.0,3012.0,7.0,6.0,1,77,0,86
189,65,1502.0,3010.0,11.0,6.0,1,79,0,85
189,71,1781.0,3004.0,7.0,9.0,1,71,0,81
189,74,1470.0,3007.0,10.0,8.0,1,63,0,80
189,77,1716.0,3016.0,5.0,7.0,1,67,0,77
189,78,1558.0,3014.0,10.0,7.0,1,72,0,77
189,81,1432.0,3004.0,11.0,7.0,1,60,0,69
189,84,1699.0,3019.0,9.0,6.0,0,57,1,62
189,85,1676.0,3019.0,7.0,9.0,1,59,0,61
189,87,1454.0,3013.0,8.0,5.0,1,54,0,59
189,91,1486.0,3015.0,8.0,8.0,1,44,0,52
189,94,1416.0,3007.0,7.0,7.0,1,42,0,46
189,97,1652.0,3010.0,8.0,5.0,1,29,0,34
189,101,1578.0,3014.0,8.0,8.0,1,20,0,21
190,5,1626.0,3274.0,15.0,7.0,1,148,0,188
190,42,1624.0,3010.0,6.0,7.0,0,108,1,115
190,49,1761.0,3017.0,8.0,9.0,1,105,0,109
190,52,1798.0,3004.0,8.0,8.0,0,100,1,105
190,53,1822.0,3010.0,5.0,8.0,1,89,0,105
190,54,1721.0,3015.0,6.0,7.0,0,93,1,104
190,56,1747.0,3016.0,7.0,6.0,0,95,1,102
190,59,2118.0,3111.0,7.0,8.0,0,56,28,95
190,60,1596.0,3010.0,8.0,6.0,1,88,0,92
190,61,1527.0,3012.0,9.0,7.0,1,88,0,92
190,64,1670.0,3005.0,7.0,6.0,1,78,0,87
190,65,1498.0,3014.0,5.0,5.0,1,80,0,86
190,71,1774.0,3012.0,6.0,6.0,1,72,0,82
190,74,1466.0,3009.0,9.0,9.0,1,64,0,81
190,77,1716.0,3016.0,5.0,7.0,0,67,1,78
190,78,1545.0,3014.0,9.0,7.0,1,73,0,78
190,81,1419.0,3004.0,11.0,9.0,1,61,0,70
190,84,1690.0,3015.0,8.0,6.0,1,58,0,63
190,85,1678.0,3010.0,7.0,7.0,1,60,0,62
190,87,1450.0,3010.0,7.0,6.0,1,55,0,60
190,91,1477.0,3010.0,12.0,7.0,1,45,0,53
190,94,1409.0,3005.0,6.0,7.0,1,43,0,47
190,97,1652.0,3010.0,8.0,5.0,0,29,1,35
190,101,1578.0,3014.0,8.0,8.0,0,20,1,22
191,5,1624.0,3269.0,18.0,12.0,1,149,0,189
191,42,1611.0,3017.0,6.0,6.0,1,109,0,116
191,49,1755.0,3016.0,9.0,9.0,1,106,0,110
191,52,1791.0,3011.0,8.0,7.0,1,101,0,106
191,53,1815.0,3008.0,5.0,8.0,1,90,0,106
191,54,1716.0,3011.0,5.0,7.0,1,94,0,105
191,56,1728.0,3015.0,7.0,5.0,1,96,0,103
191,59,2118.0,3111.0,7.0,8.0,0,56,29,96
191,60,1585.0,3003.0,8.0,5.0,1,89,0,93
191,61,1520.0,3016.0,7.0,6.0,1,89,0,93
191,64,1655.0,3016.0,6.0,6.0,1,79,0,88
191,65,1494.0,3011.0,5.0,6.0,1,81,0,87
191,71,1771.0,3011.0,5.0,8.0,1,73,0,83
191,74,1458.0,3008.0,8.0,7.0,1,65,0,82
191,77,1707.0,3014.0,5.0,7.0,1,68,0,79
191,78,1545.0,3013.0,9.0,10.0,1,74,0,79
191,81,1421.0,3004.0,8.0,9.0,1,62,0,71
191,84,1679.0,3008.0,5.0,6.0,1,59,0,64
191,85,1678.0,3010.0,7.0,7.0,0,60,1,63
191,87,1450.0,3010.0,7.0,6.0,0,55,1,61
191,91,1472.0,3011.0,11.0,8.0,1,46,0,54
191,94,1397.0,3010.0,6.0,7.0,1,44,0,48
191,97,1643.0,3010.0,8.0,5.0,1,30,0,36
191,101,1567.0,3016.0,8.0,9.0,1,21,0,23
192,5,1624.0,3269.0,18.0,12.0,0,149,1,190
192,42,1605.0,3015.0,6.0,6.0,1,110,0,117
192,49,1748.0,3018.0,7.0,7.0,1,107,0,111
192,52,1782.0,3007.0,8.0,6.0,1,102,0,107
192,53,1811.0,3018.0,6.0,8.0,1,91,0,107
192,54,1693.0,3016.0,6.0,7.0,1,95,0,106
192,56,1728.0,3014.0,8.0,6.0,1,97,0,104
192,60,1582.0,3009.0,8.0,6.0,1,90,0,94
192,61,1513.0,3012.0,7.0,7.0,1,90,0,94
192,64,1651.0,3015.0,6.0,6.0,1,80,0,89
192,65,1494.0,3011.0,5.0,6.0,0,81,1,88
192,71,1765.0,3006.0,6.0,7.0,1,74,0,84
192,74,1452.0,3006.0,8.0,7.0,1,66,0,83
192,77,1701.0,3014.0,6.0,6.0,1,69,0,80
192,78,1535.0,3016.0,11.0,6.0,1,75,0,80
192,81,1421.0,3004.0,8.0,9.0,0,62,1,72
192,84,1683.0,3012.0,8.0,7.0,1,60,0,65
192,85,1669.0,3018.0,6.0,7.0,1,61,0,64
192,87,1440.0,3007.0,7.0,7.0,1,56,0,62
192,91,1466.0,3007.0,9.0,8.0,1,47,0,55
192,94,1390.0,3000.0,10.0,7.0,1,45,0,49
192,97,1665.0,3007.0,7.0,8.0,1,31,0,37
192,101,1563.0,3011.0,10.0,7.0,1,22,0,24
193,5,1624.0,3269.0,18.0,12.0,0,149,2,191
193,42,1582.0,3007.0,9.0,6.0,1,111,0,118
193,49,1744.0,3017.0,6.0,7.0,1,108,0,112
193,52,1782.0,3007.0,8.0,6.0,0,102,1,108
193,53,1800.0,3013.0,7.0,6.0,1,92,0,108
193,54,1693.0,3016.0,6.0,7.0,0,95,1,107
193,56,1720.0,3016.0,8.0,6.0,1,98,0,105
193,60,1568.0,3015.0,5.0,8.0,1,91,0,95
193,61,1506.0,3007.0,9.0,7.0,1,91,0,95
193,64,1594.0,3006.0,7.0,6.0,1,81,0,90
193,65,1478.0,3013.0,9.0,5.0,1,82,0,89
193,71,1765.0,3006.0,6.0,7.0,0,74,1,85
193,74,1443.0,3014.0,8.0,6.0,1,67,0,84
193,77,1694.0,3015.0,6.0,7.0,1,70,0,81
193,78,1531.0,3015.0,9.0,6.0,1,76,0,81
193,81,1401.0,3000.0,9.0,7.0,1,63,0,73
193,84,1672.0,3015.0,9.0,6.0,1,61,0,66
193,85,1628.0,3014.0,9.0,6.0,1,62,0,65
193,87,1440.0,3007.0,7.0,7.0,0,56,1,63
193,91,1463.0,3011.0,9.0,7.0,1,48,0,56
193,94,1387.0,3008.0,10.0,7.0,1,46,0,50
193,97,1645.0,3008.0,5.0,6.0,1,32,0,38
193,101,1548.0,3013.0,11.0,8.0,1,23,0,25
194,5,1624.0,3269.0,18.0,12.0,0,149,3,192
194,42,1582.0,3007.0,9.0,6.0,0,111,1,119
194,49,1742.0,3017.0,6.0,6.0,1,109,0,113
194,52,1782.0,3007.0,8.0,6.0,0,102,2,109
194,53,1789.0,3013.0,6.0,8.0,1,93,0,109
194,54,1693.0,3016.0,6.0,7.0,0,95,2,108
194,56,1713.0,3009.0,8.0,7.0,1,99,0,106
194,60,1565.0,3010.0,8.0,9.0,1,92,0,96
194,61,1501.0,3008.0,10.0,7.0,1,92,0,96
194,64,1592.0,3017.0,6.0,6.0,1,82,0,91
194,65,1478.0,3013.0,9.0,5.0,0,82,1,90
194,71,1731.0,3008.0,9.0,8.0,1,75,0,86
194,74,1433.0,3004.0,7.0,7.0,1,68,0,85
194,77,1689.0,3008.0,7.0,8.0,1,71,0,82
194,78,1521.0,3013.0,9.0,6.0,1,77,0,82
194,81,1401.0,3000.0,9.0,7.0,0,63,1,74
194,84,1657.0,3009.0,8.0,6.0,1,62,0,67
194,85,1625.0,3010.0,8.0,6.0,1,63,0,66
194,87,1423.0,3009.0,7.0,5.0,1,57,0,64
194,91,1463.0,3011.0,9.0,7.0,0,48,1,57
194,94,1372.0,3007.0,9.0,7.0,1,47,0,51
194,97,1637.0,3012.0,5.0,5.0,1,33,0,39
194,101,1545.0,3017.0,9.0,6.0,1,24,0,26
195,5,1624.0,3269.0,18.0,12.0,0,149,4,193
195,42,1611.0,3009.0,9.0,6.0,1,112,0,120
195,49,1737.0,3004.0,5.0,8.0,1,110,0,114
195,52,1782.0,3007.0,8.0,6.0,0,102,3,110
195,53,1782.0,3016.0,6.0,5.0,1,94,0,110
195,54,1678.0,3013.0,7.0,7.0,1,96,0,109
195,56,1713.0,3016.0,3.0,8.0,1,100,0,107
195,60,1566.0,3010.0,8.0,6.0,1,93,0,97
195,61,1495.0,3013.0,7.0,10.0,1,93,0,97
195,64,1583.0,3015.0,7.0,6.0,1,83,0,92
195,65,1465.0,3003.0,8.0,7.0,1,83,0,91
195,71,1728.0,3011.0,6.0,9.0,1,76,0,87
195,74,1432.0,3008.0,7.0,6.0,1,69,0,86
195,77,1679.0,3017.0,4.0,6.0,1,72,0,83
195,78,1521.0,3010.0,10.0,8.0,1,78,0,83
195,81,1401.0,3000.0,9.0,7.0,0,63,2,75
195,84,1659.0,3012.0,9.0,9.0,1,63,0,68
195,85,1633.0,3008.0,7.0,7.0,1,64,0,67
195,87,1422.0,3000.0,5.0,5.0,1,58,0,65
195,91,1463.0,3011.0,9.0,7.0,0,48,2,58
195,94,1370.0,3002.0,8.0,7.0,1,48,0,52
195,97,1653.0,3009.0,7.0,6.0,1,34,0,40
195,101,1546.0,3013.0,7.0,5.0,1,25,0,27
196,5,1619.0,3277.0,23.0,7.0,1,150,0,194
196,42,1604.0,3011.0,7.0,6.0,1,113,0,121
196,49,1735.0,3008.0,6.0,8.0,1,111,0,115
196,52,1753.0,3005.0,6.0,5.0,1,103,0,111
196,53,1780.0,3013.0,7.0,7.0,1,95,0,111
196,54,1668.0,3020.0,5.0,5.0,1,97,0,110
196,56,1700.0,3013.0,6.0,9.0,1,101,0,108
196,60,1562.0,3010.0,7.0,8.0,1,94,0,98
196,61,1489.0,3013.0,7.0,7.0,1,94,0,98
196,64,1580.0,3005.0,6.0,6.0,1,84,0,93
196,65,1472.0,3008.0,6.0,6.0,1,84,0,92
196,71,1726.0,3008.0,6.0,6.0,1,77,0,88
196,74,1426.0,3007.0,8.0,7.0,1,70,0,87
196,77,1677.0,3006.0,5.0,6.0,1,73,0,84
196,78,1519.0,3013.0,7.0,6.0,1,79,0,84
196,81,1373.0,3003.0,13.0,8.0,1,64,0,76
196,84,1648.0,3008.0,6.0,5.0,1,64,0,69
196,85,1629.0,3012.0,6.0,7.0,1,65,0,68
196,87,1410.0,3008.0,5.0,5.0,1,59,0,66
196,91,1437.0,3005.0,11.0,7.0,1,49,0,59
196,94,1370.0,3002.0,8.0,7.0,0,48,1,53
196,97,1637.0,3015.0,8.0,8.0,1,35,0,41
196,101,1537.0,3008.0,12.0,7.0,1,26,0,28
197,5,1452.0,3134.0,9.0,8.0,1,151,0,195
197,42,1576.0,3013.0,7.0,6.0,1,114,0,122
197,49,1732.0,3007.0,5.0,7.0,1,112,0,116
197,52,1742.0,3007.0,7.0,5.0,1,104,0,112
197,53,1771.0,3018.0,6.0,6.0,1,96,0,112
197,54,1642.0,3015.0,6.0,6.0,1,98,0,111
197,56,1669.0,3015.0,4.0,7.0,1,102,0,109
197,60,1536.0,3015.0,7.0,5.0,1,95,0,99
197,61,1481.0,3015.0,8.0,10.0,1,95,0,99
197,64,1547.0,3008.0,9.0,7.0,1,85,0,94
197,65,1455.0,3013.0,10.0,8.0,1,85,0,93
197,71,1717.0,3009.0,8.0,10.0,1,78,0,89
197,74,1420.0,3002.0,7.0,5.0,1,71,0,88
197,77,1643.0,3006.0,8.0,6.0,1,74,0,85
197,78,1509.0,3012.0,7.0,7.0,1,80,0,85
197,81,1380.0,3004.0,10.0,6.0,1,65,0,77
197,84,1629.0,3006.0,7.0,7.0,1,65,0,70
197,85,1599.0,3015.0,8.0,5.0,1,66,0,69
197,87,1399.0,3011.0,7.0,5.0,1,60,0,67
197,91,1432.0,3005.0,10.0,7.0,1,50,0,60
197,94,1359.0,3003.0,9.0,8.0,1,49,0,54
197,97,1618.0,3007.0,7.0,6.0,1,36,0,42
197,101,1526.0,3011.0,10.0,9.0,1,27,0,29
198,5,1624.0,3271.0,15.0,6.0,1,152,0,196
198,42,1573.0,3008.0,5.0,5.0,1,115,0,123
198,49,1723.0,3005.0,5.0,8.0,1,113,0,117
198,52,1689.0,3016.0,7.0,8.0,1,105,0,113
198,53,1771.0,3018.0,6.0,6.0,0,96,1,113
198,54,1635.0,3008.0,7.0,7.0,1,99,0,112
198,56,1661.0,3022.0,4.0,4.0,1,103,0,110
198,60,1535.0,3014.0,7.0,6.0,1,96,0,100
198,61,1468.0,3008.0,11.0,7.0,1,96,0,100
198,64,1542.0,3012.0,9.0,7.0,1,86,0,95
198,65,1446.0,3001.0,8.0,6.0,1,86,0,94
198,71,1668.0,3010.0,6.0,8.0,1,79,0,90
198,74,1419.0,3005.0,7.0,9.0,1,72,0,89
198,77,1646.0,3009.0,9.0,7.0,1,75,0,86
198,78,1499.0,3006.0,8.0,8.0,1,81,0,86
198,81,1380.0,3004.0,10.0,6.0,0,65,1,78
198,84,1626.0,3013.0,6.0,8.0,1,66,0,71
198,85,1596.0,3012.0,7.0,7.0,1,67,0,70
198,87,1396.0,3005.0,5.0,5.0,1,61,0,68
198,91,1432.0,3005.0,10.0,7.0,0,50,1,61
198,94,1359.0,3003.0,9.0,8.0,0,49,1,55
198,97,1620.0,3008.0,7.0,7.0,1,37,0,43
198,101,1525.0,3017.0,9.0,6.0,1,28,0,30
199,5,1628.0,3272.0,16.0,10.0,1,153,0,197
199,42,1561.0,3009.0,5.0,6.0,1,116,0,124
199,49,1706.0,3011.0,5.0,8.0,1,114,0,118
199,52,1689.0,3016.0,7.0,8.0,0,105,1,114
199,53,1764.0,3011.0,6.0,5.0,1,97,0,114
199,54,1624.0,3009.0,6.0,7.0,1,100,0,113
199,56,1655.0,3007.0,6.0,7.0,1,104,0,111
199,60,1532.0,3015.0,7.0,5.0,1,97,0,101
199,61,1462.0,3003.0,10.0,10.0,1,97,0,101
199,64,1533.0,3006.0,8.0,5.0,1,87,0,96
199,65,1439.0,3000.0,7.0,8.0,1,87,0,95
199,71,1681.0,3012.0,6.0,6.0,1,80,0,91
199,74,1404.0,3001.0,8.0,8.0,1,73,0,90
199,77,1633.0,3009.0,8.0,6.0,1,76,0,87
199,78,1499.0,3006.0,8.0,8.0,0,81,1,87
199,81,1362.0,3001.0,8.0,10.0,1,66,0,79
199,84,1606.0,3009.0,7.0,7.0,1,67,0,72
199,85,1592.0,3010.0,8.0,7.0,1,68,0,71
199,87,1396.0,3005.0,5.0,5.0,0,61,1,69
199,91,1420.0,3010.0,11.0,6.0,1,51,0,62
199,94,1359.0,3003.0,9.0,8.0,0,49,2,56
199,97,1610.0,3006.0,8.0,9.0,1,38,0,44
199,101,1511.0,3010.0,9.0,8.0,1,29,0,31
200,5,1621.0,3273.0,23.0,9.0,1,154,0,198
200,42,1549.0,3008.0,8.0,7.0,1,117,0,125
200,49,1710.0,3005.0,6.0,8.0,1,115,0,119
200,52,1732.0,3007.0,8.0,8.0,1,106,0,115
200,53,1749.0,3017.0,8.0,7.0,1,98,0,115
200,54,1619.0,3009.0,6.0,6.0,1,101,0,114
200,56,1674.0,3015.0,8.0,7.0,1,105,0,112
200,60,1526.0,3012.0,7.0,7.0,1,98,0,102
200,61,1456.0,3004.0,11.0,9.0,1,98,0,102
200,64,1533.0,3006.0,8.0,5.0,0,87,1,97
200,65,1443.0,3003.0,6.0,6.0,1,88,0,96
200,71,1695.0,3008.0,8.0,7.0,1,81,0,92
200,74,1404.0,3001.0,8.0,8.0,0,73,1,91
200,77,1648.0,3006.0,6.0,7.0,1,77,0,88
200,78,1487.0,3007.0,6.0,6.0,1,82,0,88
200,81,1362.0,3001.0,8.0,10.0,0,66,1,80
200,84,1599.0,3013.0,6.0,6.0,1,68,0,73
200,85,1581.0,3011.0,10.0,7.0,1,69,0,72
200,87,1379.0,3002.0,8.0,6.0,1,62,0,70
200,91,1417.0,3003.0,11.0,5.0,1,52,0,63
200,94,1337.0,3001.0,6.0,5.0,1,50,0,57
200,97,1607.0,3009.0,9.0,7.0,1,39,0,45
200,101,1507.0,3010.0,10.0,8.0,1,30,0,32
201,5,1632.0,3275.0,18.0,13.0,1,155,0,199
201,42,1544.0,3008.0,6.0,7.0,1,118,0,126
201,49,1691.0,3006.0,7.0,7.0,1,116,0,120
201,52,1732.0,3007.0,8.0,8.0,0,106,1,116
201,53,1747.0,3016.0,6.0,7.0,1,99,0,116
201,54,1620.0,3006.0,8.0,7.0,1,102,0,115
201,56,1643.0,3009.0,5.0,8.0,1,106,0,113
201,60,1516.0,3017.0,7.0,7.0,1,99,0,103
201,61,1451.0,2999.0,11.0,13.0,1,99,0,103
201,64,1504.0,3006.0,11.0,8.0,1,88,0,98
201,65,1431.0,3007.0,8.0,6.0,1,89,0,97
201,71,1669.0,3012.0,6.0,6.0,1,82,0,93
201,74,1393.0,3000.0,7.0,7.0,1,74,0,92
201,77,1636.0,3007.0,4.0,8.0,1,78,0,89
201,78,1483.0,3006.0,6.0,9.0,1,83,0,89
201,81,1348.0,2999.0,10.0,8.0,1,67,0,81
201,84,1616.0,3013.0,7.0,5.0,1,69,0,74
201,85,1588.0,3005.0,8.0,8.0,1,70,0,73
201,87,1378.0,3006.0,7.0,5.0,1,63,0,71
201,91,1411.0,2999.0,11.0,6.0,1,53,0,64
201,94,1336.0,3000.0,8.0,8.0,1,51,0,58
201,97,1607.0,3009.0,8.0,8.0,1,40,0,46
201,101,1507.0,3010.0,10.0,8.0,0,30,1,33
202,5,1633.0,3269.0,17.0,10.0,1,156,0,200
202,42,1546.0,3005.0,7.0,7.0,1,119,0,127
202,49,1682.0,3012.0,8.0,6.0,1,117,0,121
202,52,1718.0,3010.0,9.0,7.0,1,107,0,117
202,53,1747.0,3011.0,7.0,8.0,1,100,0,117
202,54,1620.0,3006.0,8.0,7.0,0,102,1,116
202,56,1634.0,3014.0,6.0,7.0,1,107,0,114
202,60,1516.0,3013.0,7.0,6.0,1,100,0,104
202,61,1449.0,3011.0,11.0,9.0,1,100,0,104
202,64,1515.0,3007.0,6.0,5.0,1,89,0,99
202,65,1424.0,3007.0,9.0,7.0,1,90,0,98
202,71,1660.0,3012.0,6.0,6.0,1,83,0,94
202,74,1389.0,3004.0,9.0,7.0,1,75,0,93
202,77,1631.0,3011.0,5.0,8.0,1,79,0,90
202,78,1483.0,3006.0,6.0,9.0,0,83,1,90
202,81,1344.0,3002.0,7.0,7.0,1,68,0,82
202,84,1604.0,3010.0,7.0,7.0,1,70,0,75
202,85,1591.0,3005.0,7.0,10.0,1,71,0,74
202,87,1372.0,3000.0,7.0,7.0,1,64,0,72
202,91,1403.0,3001.0,10.0,7.0,1,54,0,65
202,94,1330.0,2993.0,7.0,6.0,1,52,0,59
202,97,1596.0,3007.0,7.0,7.0,1,41,0,47
202,101,1491.0,3009.0,12.0,8.0,1,31,0,34
203,5,1634.0,3276.0,14.0,11.0,1,157,0,201
203,42,1538.0,3002.0,7.0,6.0,1,120,0,128
203,49,1687.0,3006.0,8.0,9.0,1,118,0,122
203,52,1708.0,3008.0,9.0,5.0,1,108,0,118
203,53,1731.0,3008.0,6.0,6.0,1,101,0,118
203,54,1598.0,3005.0,7.0,7.0,1,103,0,117
203,56,1620.0,3013.0,7.0,6.0,1,108,0,115
203,60,1517.0,3010.0,7.0,6.0,1,101,0,105
203,61,1440.0,3005.0,9.0,7.0,1,101,0,105
203,64,1503.0,3006.0,7.0,8.0,1,90,0,100
203,65,1415.0,3004.0,9.0,10.0,1,91,0,99
203,71,1657.0,3010.0,7.0,6.0,1,84,0,95
203,74,1379.0,3001.0,9.0,7.0,1,76,0,94
203,77,1624.0,3003.0,5.0,8.0,1,80,0,91
203,78,1483.0,3006.0,6.0,9.0,0,83,2,91
203,81,1344.0,3002.0,7.0,7.0,0,68,1,83
203,84,1588.0,3013.0,7.0,7.0,1,71,0,76
203,85,1563.0,3009.0,7.0,6.0,1,72,0,75
203,87,1366.0,3002.0,5.0,6.0,1,65,0,73
203,91,1395.0,3005.0,9.0,9.0,1,55,0,66
203,94,1320.0,2994.0,9.0,9.0,1,53,0,60
203,97,1589.0,3008.0,8.0,8.0,1,42,0,48
203,101,1491.0,3009.0,12.0,8.0,0,31,1,35
204,5,1630.0,3264.0,19.0,14.0,1,158,0,202
204,42,1538.0,3002.0,7.0,6.0,0,120,1,129
204,49,1681.0,3004.0,8.0,6.0,1,119,0,123
204,52,1700.0,3006.0,8.0,8.0,1,109,0,119
204,53,1726.0,3011.0,8.0,8.0,1,102,0,119
204,54,1593.0,3008.0,7.0,6.0,1,104,0,118
204,56,1644.0,3007.0,6.0,7.0,1,109,0,116
204,60,1517.0,3010.0,7.0,6.0,0,101,1,106
204,61,1431.0,3001.0,10.0,7.0,1,102,0,106
204,64,1487.0,3008.0,9.0,8.0,1,91,0,101
204,65,1411.0,3001.0,7.0,7.0,1,92,0,100
204,71,1666.0,3007.0,9.0,8.0,1,85,0,96
204,74,1370.0,3006.0,9.0,8.0,1,77,0,95
204,77,1618.0,3007.0,8.0,5.0,1,81,0,92
204,78,1464.0,3003.0,6.0,6.0,1,84,0,92
204,81,1331.0,3002.0,10.0,8.0,1,69,0,84
204,84,1588.0,3013.0,7.0,7.0,0,71,1,77
204,85,1557.0,3013.0,8.0,6.0,1,73,0,76
204,87,1358.0,2999.0,7.0,7.0,1,66,0,74
204,91,1388.0,3006.0,10.0,7.0,1,56,0,67
204,94,1309.0,2993.0,12.0,8.0,1,54,0,61
204,97,1586.0,3006.0,8.0,7.0,1,43,0,49
204,101,1491.0,3009.0,12.0,8.0,0,31,2,36
205,5,1636.0,3268.0,19.0,8.0,1,159,0,203
205,42,1522.0,3009.0,7.0,6.0,1,121,0,130
205,49,1675.0,3009.0,7.0,8.0,1,120,0,124
205,52,1700.0,3006.0,8.0,8.0,0,109,1,120
205,53,1722.0,3009.0,7.0,6.0,1,103,0,120
205,54,1598.0,3006.0,8.0,6.0,1,105,0,119
205,56,1617.0,3005.0,7.0,5.0,1,110,0,117
205,60,1491.0,3013.0,7.0,6.0,1,102,0,107
205,61,1423.0,3006.0,10.0,6.0,1,103,0,107
205,64,1478.0,3011.0,10.0,7.0,1,92,0,102
205,65,1398.0,3001.0,9.0,8.0,1,93,0,101
205,71,1642.0,3010.0,7.0,7.0,1,86,0,97
205,74,1371.0,2996.0,7.0,6.0,1,78,0,96
205,77,1616.0,3004.0,4.0,7.0,1,82,0,93
205,78,1453.0,2998.0,9.0,8.0,1,85,0,93
205,81,1331.0,3002.0,10.0,8.0,0,69,1,85
205,84,1585.0,3009.0,6.0,8.0,1,72,0,78
205,85,1573.0,3006.0,6.0,7.0,1,74,0,77
205,87,1356.0,3000.0,8.0,8.0,1,67,0,75
205,91,1388.0,3006.0,10.0,7.0,0,56,1,68
205,94,1310.0,2997.0,7.0,10.0,1,55,0,62
205,97,1585.0,3003.0,7.0,6.0,1,44,0,50
205,101,1491.0,3009.0,12.0,8.0,0,31,3,37
206,5,1632.0,3270.0,13.0,9.0,1,160,0,204
206,42,1550.0,3001.0,8.0,9.0,1,122,0,131
206,49,1667.0,3005.0,8.0,6.0,1,121,0,125
206,52,1690.0,3003.0,9.0,7.0,1,110,0,121
206,53,1716.0,3010.0,7.0,10.0,1,104,0,121
206,54,1588.0,3003.0,10.0,8.0,1,106,0,120
206,56,1632.0,3004.0,10.0,8.0,1,111,0,118
206,60,1512.0,3009.0,8.0,6.0,1,103,0,108
206,61,1447.0,3000.0,6.0,10.0,1,104,0,108
206,64,1466.0,3009.0,9.0,7.0,1,93,0,103
206,65,1420.0,2999.0,8.0,8.0,1,94,0,102
206,71,1654.0,3006.0,9.0,9.0,1,87,0,98
206,74,1359.0,2997.0,7.0,7.0,1,79,0,97
206,77,1614.0,3007.0,5.0,6.0,1,83,0,94
206,78,1492.0,3002.0,9.0,5.0,1,86,0,94
206,81,1317.0,2997.0,9.0,8.0,1,70,0,86
206,84,1582.0,3011.0,7.0,6.0,1,73,0,79
206,85,1562.0,3004.0,6.0,7.0,1,75,0,78
206,87,1338.0,3000.0,7.0,8.0,1,68,0,76
206,91,1376.0,2999.0,9.0,9.0,1,57,0,69
206,94,1310.0,2997.0,7.0,10.0,0,55,1,63
206,97,1568.0,3004.0,6.0,7.0,1,45,0,51
206,101,1481.0,3010.0,6.0,7.0,1,32,0,38
207,5,1632.0,3270.0,13.0,9.0,0,160,1,205
207,42,1546.0,3002.0,8.0,6.0,1,123,0,132
207,49,1667.0,3005.0,8.0,6.0,0,121,1,126
207,52,1685.0,3003.0,10.0,8.0,1,111,0,122
207,53,1716.0,3010.0,7.0,10.0,0,104,1,122
207,54,1581.0,3005.0,9.0,6.0,1,107,0,121
207,56,1628.0,3005.0,6.0,7.0,1,112,0,119
207,60,1506.0,3008.0,7.0,5.0,1,104,0,109
207,61,1419.0,2999.0,10.0,10.0,1,105,0,109
207,64,1466.0,3009.0,9.0,7.0,0,93,1,104
207,65,1391.0,3001.0,7.0,9.0,1,95,0,103
207,71,1652.0,3013.0,9.0,8.0,1,88,0,99
207,74,1355.0,3003.0,7.0,9.0,1,80,0,98
207,77,1600.0,3009.0,6.0,7.0,1,84,0,95
207,78,1475.0,3006.0,7.0,5.0,1,87,0,95
207,81,1317.0,2997.0,9.0,8.0,0,70,1,87
207,84,1581.0,3008.0,6.0,6.0,1,74,0,80
207,85,1563.0,3010.0,5.0,8.0,1,76,0,79
207,87,1336.0,2999.0,8.0,6.0,1,69,0,77
207,91,1372.0,2998.0,9.0,8.0,1,58,0,70
207,94,1293.0,2997.0,6.0,5.0,1,56,0,64
207,97,1566.0,3007.0,6.0,6.0,1,46,0,52
207,101,1467.0,3013.0,9.0,6.0,1,33,0,39
208,5,1638.0,3263.0,14.0,11.0,1,161,0,206
208,42,1572.0,3002.0,7.0,9.0,1,124,0,133
208,49,1652.0,2998.0,9.0,6.0,1,122,0,127
208,52,1675.0,3003.0,10.0,8.0,1,112,0,123
208,53,1703.0,3015.0,6.0,6.0,1,105,0,123
208,54,1576.0,3006.0,8.0,8.0,1,108,0,122
208,56,1631.0,3009.0,7.0,4.0,1,113,0,120
208,60,1534.0,3004.0,6.0,8.0,1,105,0,110
208,61,1463.0,3001.0,8.0,8.0,1,106,0,110
208,64,1466.0,3006.0,6.0,5.0,1,94,0,105
208,65,1391.0,3001.0,7.0,9.0,0,95,1,104
208,71,1643.0,3005.0,10.0,7.0,1,89,0,100
208,74,1351.0,3002.0,8.0,7.0,1,81,0,99
208,77,1596.0,3006.0,10.0,7.0,1,85,0,96
208,78,1486.0,2999.0,7.0,7.0,1,88,0,96
208,81,1307.0,2993.0,8.0,8.0,1,71,0,88
208,84,1588.0,3009.0,8.0,5.0,1,75,0,81
208,85,1559.0,3009.0,6.0,9.0,1,77,0,80
208,87,1329.0,2996.0,7.0,6.0,1,70,0,78
208,91,1372.0,2998.0,9.0,8.0,0,58,1,71
208,94,1296.0,2996.0,7.0,8.0,1,57,0,65
208,97,1563.0,3004.0,6.0,8.0,1,47,0,53
208,101,1504.0,3006.0,8.0,7.0,1,34,0,40
209,5,1629.0,3267.0,20.0,9.0,1,162,0,207
209,42,1567.0,3003.0,7.0,6.0,1,125,0,134
209,49,1645.0,3004.0,10.0,6.0,1,123,0,128
209,52,1675.0,3003.0,10.0,8.0,0,112,1,124
209,53,1693.0,3009.0,7.0,5.0,1,106,0,124
209,54,1575.0,3003.0,9.0,7.0,1,109,0,123
209,56,1617.0,3012.0,7.0,8.0,1,114,0,121
209,60,1497.0,3005.0,9.0,5.0,1,106,0,111
209,61,1433.0,3003.0,10.0,5.0,1,107,0,111
209,64,1456.0,3004.0,8.0,6.0,1,95,0,106
209,65,1375.0,2999.0,9.0,9.0,1,96,0,105
209,71,1639.0,3011.0,8.0,6.0,1,90,0,101
209,74,1343.0,2999.0,8.0,8.0,1,82,0,100
209,77,1589.0,3004.0,7.0,8.0,1,86,0,97
209,78,1480.0,2999.0,6.0,8.0,1,89,0,97
209,81,1307.0,2993.0,8.0,8.0,0,71,1,89
209,84,1590.0,3011.0,5.0,6.0,1,76,0,82
209,85,1548.0,3007.0,6.0,7.0,1,78,0,81
209,87,1326.0,2995.0,5.0,6.0,1,71,0,79
209,91,1372.0,2998.0,9.0,8.0,0,58,2,72
209,94,1282.0,2996.0,6.0,8.0,1,58,0,66
209,97,1526.0,3004.0,7.0,5.0,1,48,0,54
209,101,1467.0,3007.0,5.0,6.0,1,35,0,41
210,5,1632.0,3264.0,15.0,14.0,1,163,0,208
210,42,1557.0,3006.0,7.0,5.0,1,126,0,135
210,49,1645.0,3003.0,7.0,6.0,1,124,0,129
210,52,1665.0,3000.0,9.0,7.0,1,113,0,125
210,53,1691.0,3011.0,10.0,10.0,1,107,0,125
210,54,1566.0,3003.0,9.0,8.0,1,110,0,124
210,56,1617.0,3012.0,7.0,8.0,0,114,1,122
210,60,1490.0,3007.0,8.0,6.0,1,107,0,112
210,61,1433.0,3003.0,10.0,5.0,0,107,1,112
210,64,1442.0,3004.0,12.0,7.0,1,96,0,107
210,65,1371.0,2999.0,8.0,8.0,1,97,0,106
210,71,1633.0,3009.0,7.0,7.0,1,91,0,102
210,74,1343.0,2999.0,8.0,8.0,0,82,1,101
210,77,1589.0,3004.0,7.0,8.0,0,86,1,98
210,78,1472.0,2994.0,9.0,7.0,1,90,0,98
210,81,1291.0,2995.0,9.0,7.0,1,72,0,90
210,84,1576.0,3008.0,7.0,5.0,1,77,0,83
210,85,1553.0,3002.0,6.0,6.0,1,79,0,82
210,87,1318.0,2998.0,8.0,7.0,1,72,0,80
210,91,1392.0,2998.0,10.0,9.0,1,59,0,73
210,94,1271.0,2996.0,6.0,7.0,1,59,0,67
210,97,1539.0,3005.0,6.0,7.0,1,49,0,55
210,101,1467.0,3007.0,5.0,6.0,0,35,1,42
211,5,1635.0,3264.0,12.0,11.0,1,164,0,209
211,42,1546.0,3007.0,6.0,6.0,1,127,0,136
211,49,1630.0,2998.0,8.0,10.0,1,125,0,130
211,52,1657.0,2999.0,11.0,7.0,1,114,0,126
211,53,1691.0,3011.0,10.0,10.0,0,107,1,126
211,54,1561.0,3003.0,8.0,9.0,1,111,0,125
211,56,1575.0,2994.0,8.0,7.0,1,115,0,123
211,60,1485.0,3005.0,7.0,6.0,1,108,0,113
211,61,1417.0,2997.0,7.0,6.0,1,108,0,113
211,64,1436.0,3007.0,11.0,5.0,1,97,0,108
211,65,1367.0,2997.0,5.0,9.0,1,98,0,107
211,71,1607.0,2998.0,6.0,8.0,1,92,0,103
211,74,1330.0,2999.0,9.0,8.0,1,83,0,102
211,77,1553.0,3007.0,7.0,6.0,1,87,0,99
211,78,1463.0,2997.0,7.0,6.0,1,91,0,99
211,81,1288.0,2991.0,8.0,7.0,1,73,0,91
211,84,1571.0,3010.0,7.0,6.0,1,78,0,84
211,85,1536.0,3009.0,4.0,5.0,1,80,0,83
211,87,1343.0,2990.0,9.0,9.0,1,73,0,81
211,91,1390.0,3001.0,9.0,9.0,1,60,0,74
211,94,1271.0,2996.0,6.0,7.0,0,59,1,68
211,97,1513.0,3005.0,9.0,6.0,1,50,0,56
211,101,1461.0,3000.0,5.0,6.0,1,36,0,43
212,5,1639.0,3258.0,12.0,10.0,1,165,0,210
212,42,1545.0,3002.0,7.0,8.0,1,128,0,137
212,49,1628.0,3000.0,8.0,8.0,1,126,0,131
212,52,1646.0,2998.0,11.0,10.0,1,115,0,127
212,53,1674.0,3006.0,6.0,6.0,1,108,0,127
212,54,1567.0,3000.0,7.0,8.0,1,112,0,126
212,56,1596.0,3003.0,9.0,6.0,1,116,0,124
212,60,1509.0,3008.0,8.0,8.0,1,109,0,114
212,61,1417.0,2997.0,7.0,6.0,0,108,1,114
212,64,1430.0,2996.0,12.0,10.0,1,98,0,109
212,65,1359.0,2990.0,8.0,9.0,1,99,0,108
212,71,1616.0,2999.0,8.0,8.0,1,93,0,104
212,74,1344.0,3000.0,8.0,7.0,1,84,0,103
212,77,1561.0,3002.0,5.0,7.0,1,88,0,100
212,78,1477.0,2999.0,5.0,7.0,1,92,0,100
212,81,1283.0,2990.0,7.0,6.0,1,74,0,92
212,84,1572.0,3009.0,7.0,6.0,1,79,0,85
212,85,1539.0,3007.0,7.0,8.0,1,81,0,84
212,87,1320.0,2991.0,9.0,8.0,1,74,0,82
212,91,1387.0,2998.0,9.0,8.0,1,61,0,75
212,94,1304.0,2989.0,10.0,8.0,1,60,0,69
212,97,1527.0,3003.0,8.0,11.0,1,51,0,57
212,101,1464.0,2998.0,8.0,7.0,1,37,0,44
213,5,1637.0,3261.0,18.0,11.0,1,166,0,211
213,42,1543.0,3001.0,7.0,6.0,1,129,0,138
213,49,1626.0,2999.0,8.0,9.0,1,127,0,132
213,52,1646.0,3000.0,9.0,8.0,1,116,0,128
213,53,1667.0,3006.0,8.0,9.0,1,109,0,128
213,54,1567.0,3000.0,7.0,8.0,0,112,1,127
213,56,1589.0,3000.0,5.0,8.0,1,117,0,125
213,60,1500.0,3000.0,9.0,6.0,1,110,0,115
213,61,1411.0,3000.0,6.0,9.0,1,109,0,115
213,64,1439.0,3006.0,8.0,6.0,1,99,0,110
213,65,1349.0,2992.0,9.0,8.0,1,100,0,109
213,71,1613.0,3005.0,8.0,6.0,1,94,0,105
213,74,1333.0,2993.0,8.0,7.0,1,85,0,104
213,77,1548.0,3005.0,8.0,9.0,1,89,0,101
213,78,1480.0,2994.0,6.0,8.0,1,93,0,101
213,81,1250.0,2988.0,6.0,9.0,1,75,0,93
213,84,1562.0,3004.0,6.0,8.0,1,80,0,86
213,85,1526.0,3008.0,7.0,10.0,1,82,0,85
213,87,1303.0,2992.0,12.0,8.0,1,75,0,83
213,91,1381.0,2994.0,8.0,10.0,1,62,0,76
213,94,1269.0,2990.0,9.0,7.0,1,61,0,70
213,97,1527.0,2997.0,8.0,10.0,1,52,0,58
213,101,1456.0,3002.0,6.0,6.0,1,38,0,45
214,5,1637.0,3261.0,18.0,11.0,0,166,1,212
214,42,1534.0,3004.0,6.0,9.0,1,130,0,139
214,49,1613.0,2999.0,9.0,8.0,1,128,0,133
214,52,1603.0,3003.0,7.0,7.0,1,117,0,129
214,53,1657.0,2999.0,7.0,8.0,1,110,0,129
214,54,1531.0,3000.0,5.0,8.0,1,113,0,128
214,56,1559.0,3003.0,6.0,6.0,1,118,0,126
214,60,1467.0,2998.0,8.0,8.0,1,111,0,116
214,61,1402.0,2993.0,6.0,6.0,1,110,0,116
214,64,1419.0,2998.0,9.0,9.0,1,100,0,111
214,65,1342.0,2991.0,8.0,9.0,1,101,0,110
214,71,1584.0,3003.0,7.0,6.0,1,95,0,106
214,74,1327.0,2992.0,10.0,9.0,1,86,0,105
214,77,1541.0,3005.0,7.0,9.0,1,90,0,102
214,78,1365.0,2908.0,13.0,7.0,1,94,0,102
214,81,1247.0,2990.0,7.0,8.0,1,76,0,94
214,84,1554.0,3008.0,7.0,5.0,1,81,0,87
214,85,1518.0,3002.0,7.0,9.0,1,83,0,86
214,87,1312.0,2994.0,9.0,6.0,1,76,0,84
214,91,1369.0,2994.0,7.0,9.0,1,63,0,77
214,94,1264.0,2988.0,8.0,7.0,1,62,0,71
214,97,1498.0,2998.0,5.0,9.0,1,53,0,59
214,101,1449.0,3003.0,9.0,7.0,1,39,0,46
215,5,1636.0,3255.0,14.0,16.0,1,167,0,213
215,42,1534.0,3004.0,6.0,9.0,0,130,1,140
215,49,1632.0,2994.0,12.0,10.0,1,129,0,134
215,52,1603.0,3003.0,7.0,7.0,0,117,1,130
215,53,1657.0,3005.0,8.0,7.0,1,111,0,130
215,54,1522.0,3000.0,9.0,8.0,1,114,0,129
215,56,1548.0,2992.0,7.0,7.0,1,119,0,127
215,60,1460.0,2996.0,7.0,4.0,1,112,0,117
215,61,1336.0,2989.0,11.0,9.0,1,111,0,117
215,64,1396.0,3000.0,9.0,7.0,1,101,0,112
215,65,1305.0,2999.0,9.0,7.0,1,102,0,111
215,71,1594.0,3007.0,9.0,6.0,1,96,0,107
215,74,1321.0,2991.0,12.0,9.0,1,87,0,106
215,77,1536.0,3005.0,9.0,8.0,1,91,0,103
215,78,1365.0,2908.0,13.0,7.0,0,94,1,103
215,81,1241.0,2992.0,11.0,8.0,1,77,0,95
215,84,1546.0,3014.0,9.0,9.0,1,82,0,88
215,85,1519.0,3006.0,6.0,8.0,1,84,0,87
215,87,1287.0,2987.0,11.0,10.0,1,77,0,85
215,91,1369.0,2992.0,10.0,12.0,1,64,0,78
215,94,1258.0,2982.0,9.0,10.0,1,63,0,72
215,97,1511.0,2997.0,7.0,7.0,1,54,0,60
215,101,1449.0,3003.0,9.0,7.0,0,39,1,47
216,5,1636.0,3255.0,14.0,16.0,0,167,1,214
216,42,1531.0,3002.0,8.0,12.0,1,131,0,141
216,49,1622.0,2998.0,11.0,9.0,1,130,0,135
216,52,1600.0,2992.0,11.0,9.0,1,118,0,131
216,53,1651.0,3005.0,8.0,6.0,1,112,0,131
216,54,1512.0,3000.0,7.0,7.0,1,115,0,130
216,56,1569.0,3002.0,9.0,7.0,1,120,0,128
216,60,1450.0,2996.0,7.0,7.0,1,113,0,118
216,61,1353.0,2990.0,9.0,8.0,1,112,0,118
216,64,1391.0,2997.0,7.0,4.0,1,102,0,113
216,65,1305.0,2999.0,9.0,7.0,0,102,1,112
216,71,1588.0,3003.0,9.0,7.0,1,97,0,108
216,74,1333.0,2995.0,7.0,9.0,1,88,0,107
216,77,1521.0,3003.0,5.0,6.0,1,92,0,104
216,78,1365.0,2908.0,13.0,7.0,0,94,2,104
216,81,1232.0,2986.0,10.0,8.0,1,78,0,96
216,84,1541.0,3005.0,7.0,7.0,1,83,0,89
216,85,1503.0,3005.0,7.0,5.0,1,85,0,88
216,87,1286.0,2987.0,10.0,10.0,1,78,0,86
216,91,1369.0,2992.0,10.0,12.0,0,64,1,79
216,94,1260.0,2990.0,9.0,9.0,1,64,0,73
216,97,1486.0,2997.0,7.0,7.0,1,55,0,61
216,101,1410.0,2999.0,11.0,8.0,1,40,0,48
217,5,1642.0,3251.0,17.0,12.0,1,168,0,215
217,42,1527.0,2999.0,8.0,7.0,1,132,0,142
217,49,1621.0,2998.0,9.0,8.0,1,131,0,136
217,52,1592.0,2996.0,10.0,9.0,1,119,0,132
217,53,1638.0,3005.0,7.0,7.0,1,113,0,132
217,54,1504.0,2999.0,7.0,6.0,1,116,0,131
217,56,1569.0,3002.0,9.0,7.0,0,120,1,129
217,60,1427.0,3000.0,9.0,6.0,1,114,0,119
217,61,1353.0,2990.0,9.0,8.0,0,112,1,119
217,64,1402.0,2994.0,9.0,9.0,1,103,0,114
217,65,1306.0,2992.0,11.0,8.0,1,103,0,113
217,71,1586.0,3007.0,10.0,6.0,1,98,0,109
217,74,1328.0,2989.0,7.0,8.0,1,89,0,108
217,77,1514.0,3002.0,8.0,6.0,1,93,0,105
217,78,1365.0,2908.0,13.0,7.0,0,94,3,105
217,81,1229.0,2987.0,7.0,7.0,1,79,0,97
217,84,1536.0,3003.0,8.0,8.0,1,84,0,90
217,85,1495.0,3000.0,7.0,6.0,1,86,0,89
217,87,1277.0,2991.0,7.0,10.0,1,79,0,87
217,91,1376.0,2987.0,10.0,8.0,1,65,0,80
217,94,1247.0,2993.0,11.0,9.0,1,65,0,74
217,97,1478.0,2993.0,9.0,8.0,1,56,0,62
217,101,1415.0,2999.0,6.0,8.0,1,41,0,49
218,5,1642.0,3254.0,17.0,7.0,1,169,0,216
218,42,1520.0,2997.0,8.0,8.0,1,133,0,143
218,49,1621.0,2998.0,9.0,8.0,0,131,1,137
218,52,1592.0,2997.0,9.0,8.0,1,120,0,133
218,53,1637.0,3004.0,6.0,7.0,1,114,0,133
218,54,1504.0,2999.0,7.0,6.0,0,116,1,132
218,56,1541.0,3000.0,6.0,8.0,1,121,0,130
218,60,1440.0,2998.0,5.0,6.0,1,115,0,120
218,61,1323.0,2994.0,8.0,8.0,1,113,0,120
218,64,1394.0,2999.0,13.0,8.0,1,104,0,115
218,65,1287.0,2991.0,9.0,8.0,1,104,0,114
218,71,1586.0,3005.0,9.0,8.0,1,99,0,110
218,74,1303.0,2994.0,13.0,9.0,1,90,0,109
218,77,1514.0,3002.0,8.0,6.0,0,93,1,106
218,78,1365.0,2908.0,13.0,7.0,0,94,4,106
218,81,1223.0,2989.0,7.0,6.0,1,80,0,98
218,84,1536.0,3003.0,8.0,8.0,0,84,1,91
218,85,1495.0,3000.0,7.0,6.0,0,86,1,90
218,87,1269.0,2992.0,9.0,8.0,1,80,0,88
218,91,1339.0,2988.0,9.0,11.0,1,66,0,81
218,94,1239.0,2987.0,9.0,8.0,1,66,0,75
218,97,1475.0,2996.0,8.0,7.0,1,57,0,63
218,101,1427.0,3000.0,7.0,6.0,1,42,0,50
219,5,1639.0,3245.0,14.0,14.0,1,170,0,217
219,42,1517.0,3005.0,8.0,7.0,1,134,0,144
219,49,1604.0,2998.0,11.0,10.0,1,132,0,138
219,52,1587.0,2995.0,8.0,6.0,1,121,0,134
219,53,1629.0,3003.0,8.0,8.0,1,115,0,134
219,54,1489.0,2996.0,6.0,7.0,1,117,0,133
219,56,1530.0,2996.0,7.0,12.0,1,122,0,131
219,60,1439.0,2996.0,5.0,6.0,1,116,0,121
219,61,1333.0,2992.0,10.0,7.0,1,114,0,121
219,64,1391.0,2993.0,11.0,9.0,1,105,0,116
219,65,1287.0,2991.0,9.0,8.0,0,104,1,115
219,71,1580.0,3006.0,7.0,6.0,1,100,0,111
219,74,1299.0,2990.0,12.0,9.0,1,91,0,110
219,77,1504.0,3003.0,8.0,7.0,1,94,0,107
219,78,1365.0,2908.0,13.0,7.0,0,94,5,107
219,81,1215.0,2991.0,7.0,7.0,1,81,0,99
219,84,1525.0,3007.0,9.0,7.0,1,85,0,92
219,85,1498.0,2996.0,7.0,8.0,1,87,0,91
219,87,1263.0,2989.0,8.0,8.0,1,81,0,89
219,91,1368.0,2994.0,9.0,6.0,1,67,0,82
219,94,1239.0,2987.0,9.0,8.0,0,66,1,76
219,97,1475.0,2996.0,8.0,7.0,0,57,1,64
219,101,1412.0,3000.0,6.0,8.0,1,43,0,51
220,5,1637.0,3247.0,19.0,7.0,1,171,0,218
220,42,1520.0,2992.0,8.0,9.0,1,135,0,145
220,49,1602.0,2998.0,9.0,8.0,1,133,0,139
220,52,1574.0,2988.0,7.0,9.0,1,122,0,135
220,53,1618.0,3005.0,10.0,6.0,1,116,0,135
220,54,1504.0,2996.0,6.0,8.0,1,118,0,134
220,56,1544.0,3001.0,8.0,9.0,1,123,0,132
220,60,1430.0,2997.0,5.0,6.0,1,117,0,122
220,61,1335.0,2990.0,10.0,8.0,1,115,0,122
220,64,1389.0,2997.0,11.0,9.0,1,106,0,117
220,65,1287.0,2991.0,9.0,8.0,0,104,2,116
220,71,1569.0,3003.0,8.0,6.0,1,101,0,112
220,74,1299.0,2990.0,12.0,9.0,0,91,1,111
220,77,1497.0,3004.0,6.0,7.0,1,95,0,108
220,78,1456.0,2999.0,6.0,8.0,1,95,0,108
220,81,1210.0,2991.0,10.0,4.0,1,82,0,100
220,84,1521.0,3005.0,6.0,6.0,1,86,0,93
220,85,1491.0,2997.0,6.0,8.0,1,88,0,92
220,87,1258.0,2988.0,11.0,10.0,1,82,0,90
220,91,1399.0,3005.0,6.0,5.0,1,68,0,83
220,94,1226.0,2988.0,10.0,9.0,1,67,0,77
220,97,1481.0,3004.0,9.0,7.0,1,58,0,65
220,101,1409.0,3000.0,8.0,7.0,1,44,0,52
221,5,1642.0,3239.0,15.0,13.0,1,172,0,219
221,42,1511.0,2994.0,8.0,7.0,1,136,0,146
221,49,1602.0,2998.0,9.0,8.0,0,133,1,140
221,52,1566.0,2999.0,8.0,7.0,1,123,0,136
221,53,1618.0,3009.0,6.0,5.0,1,117,0,136
221,54,1495.0,2993.0,5.0,7.0,1,119,0,135
221,56,1544.0,3001.0,8.0,9.0,0,123,1,133
221,60,1427.0,2998.0,7.0,5.0,1,118,0,123
221,61,1307.0,2991.0,6.0,7.0,1,116,0,123
221,64,1376.0,2994.0,12.0,9.0,1,107,0,118
221,65,1266.0,2991.0,9.0,8.0,1,105,0,117
221,71,1553.0,3002.0,7.0,7.0,1,102,0,113
221,74,1282.0,2992.0,14.0,9.0,1,92,0,112
221,77,1497.0,3004.0,6.0,7.0,0,95,1,109
221,78,1458.0,3006.0,6.0,6.0,1,96,0,109
221,81,1210.0,2991.0,10.0,4.0,0,82,1,101
221,84,1504.0,3003.0,7.0,8.0,1,87,0,94
221,85,1491.0,2997.0,6.0,8.0,0,88,1,93
221,87,1246.0,2990.0,9.0,6.0,1,83,0,91
221,91,1357.0,2990.0,8.0,6.0,1,69,0,84
221,94,1224.0,2983.0,10.0,9.0,1,68,0,78
221,97,1473.0,3003.0,8.0,8.0,1,59,0,66
221,101,1402.0,2996.0,8.0,7.0,1,45,0,53
222,5,1642.0,3239.0,15.0,13.0,0,172,1,220
222,42,1506.0,2996.0,5.0,8.0,1,137,0,147
222,49,1602.0,2998.0,9.0,8.0,0,133,2,141
222,52,1564.0,2995.0,9.0,7.0,1,124,0,137
222,53,1607.0,3005.0,7.0,8.0,1,118,0,137
222,54,1475.0,2998.0,8.0,7.0,1,120,0,136
222,56,1532.0,2997.0,7.0,9.0,1,124,0,134
222,60,1397.0,2994.0,7.0,5.0,1,119,0,124
222,61,1317.0,2995.0,9.0,9.0,1,117,0,124
222,64,1373.0,2995.0,10.0,9.0,1,108,0,119
222,65,1266.0,2985.0,7.0,8.0,1,106,0,118
222,71,1553.0,3002.0,7.0,7.0,0,102,1,114
222,74,1272.0,2988.0,11.0,9.0,1,93,0,113
222,77,1487.0,3008.0,6.0,10.0,1,96,0,110
222,78,1415.0,2998.0,8.0,7.0,1,97,0,110
222,81,1198.0,2990.0,7.0,6.0,1,83,0,102
222,84,1494.0,3001.0,8.0,10.0,1,88,0,95
222,85,1456.0,2996.0,7.0,7.0,1,89,0,94
222,87,1245.0,2994.0,9.0,8.0,1,84,0,92
222,91,1345.0,2990.0,10.0,7.0,1,70,0,85
222,94,1220.0,2987.0,8.0,8.0,1,69,0,79
222,97,1466.0,3001.0,6.0,7.0,1,60,0,67
222,101,1386.0,2999.0,6.0,5.0,1,46,0,54
223,5,1642.0,3243.0,17.0,11.0,1,173,0,221
223,42,1500.0,3006.0,7.0,9.0,1,138,0,148
223,49,1583.0,2999.0,9.0,6.0,1,134,0,142
223,52,1557.0,2994.0,7.0,8.0,1,125,0,138
223,53,1598.0,3002.0,8.0,6.0,1,119,0,138
223,54,1471.0,2996.0,7.0,6.0,1,121,0,137
223,56,1527.0,2994.0,7.0,8.0,1,125,0,135
223,60,1394.0,2996.0,8.0,7.0,1,120,0,125
223,61,1285.0,2993.0,8.0,8.0,1,118,0,125
223,64,1367.0,2997.0,11.0,9.0,1,109,0,120
223,65,1258.0,2992.0,8.0,6.0,1,107,0,119
223,71,1546.0,2999.0,7.0,8.0,1,103,0,115
223,74,1262.0,2992.0,13.0,7.0,1,94,0,114
223,77,1480.0,3001.0,5.0,9.0,1,97,0,111
223,78,1419.0,2996.0,6.0,7.0,1,98,0,111
223,81,1185.0,2991.0,6.0,5.0,1,84,0,103
223,84,1483.0,3003.0,5.0,6.0,1,89,0,96
223,85,1446.0,3001.0,6.0,5.0,1,90,0,95
223,87,1239.0,2995.0,9.0,6.0,1,85,0,93
223,91,1318.0,2988.0,8.0,10.0,1,71,0,86
223,94,1208.0,2991.0,7.0,7.0,1,70,0,80
223,97,1464.0,2996.0,7.0,8.0,1,61,0,68
223,101,1386.0,2999.0,6.0,5.0,0,46,1,55
224,5,1640.0,3239.0,17.0,9.0,1,174,0,222
224,42,1490.0,2994.0,7.0,8.0,1,139,0,149
224,49,1576.0,2998.0,11.0,9.0,1,135,0,143
224,52,1551.0,2992.0,7.0,7.0,1,126,0,139
224,53,1598.0,3002.0,8.0,6.0,0,119,1,139
224,54,1472.0,2994.0,5.0,8.0,1,122,0,138
224,56,1527.0,2994.0,7.0,8.0,0,125,1,136
224,60,1385.0,2995.0,6.0,5.0,1,121,0,126
224,61,1310.0,2977.0,10.0,12.0,1,119,0,126
224,64,1363.0,2989.0,6.0,7.0,1,110,0,121
224,65,1250.0,2990.0,7.0,6.0,1,108,0,120
224,71,1537.0,2998.0,7.0,8.0,1,104,0,116
224,74,1262.0,2992.0,13.0,7.0,0,94,1,115
224,77,1480.0,3001.0,5.0,9.0,0,97,1,112
224,78,1408.0,2991.0,7.0,6.0,1,99,0,112
224,81,1185.0,2991.0,6.0,5.0,0,84,1,104
224,84,1479.0,2997.0,6.0,8.0,1,90,0,97
224,85,1437.0,2992.0,6.0,6.0,1,91,0,96
224,87,1228.0,2984.0,7.0,7.0,1,86,0,94
224,91,1335.0,2992.0,10.0,8.0,1,72,0,87
224,94,1205.0,2984.0,8.0,7.0,1,71,0,81
224,97,1464.0,2996.0,7.0,8.0,0,61,1,69
224,101,1371.0,3001.0,7.0,7.0,1,47,0,56
225,5,1646.0,3240.0,13.0,9.0,1,175,0,223
225,42,1485.0,3004.0,8.0,7.0,1,140,0,150
225,49,1568.0,3000.0,9.0,8.0,1,136,0,144
225,52,1549.0,2994.0,6.0,5.0,1,127,0,140
225,53,1598.0,3002.0,8.0,6.0,0,119,2,140
225,54,1465.0,2996.0,7.0,6.0,1,123,0,139
225,56,1527.0,2994.0,7.0,8.0,0,125,2,137
225,60,1381.0,2997.0,5.0,4.0,1,122,0,127
225,61,1304.0,2992.0,9.0,8.0,1,120,0,127
225,64,1357.0,2995.0,10.0,7.0,1,111,0,122
225,65,1239.0,2992.0,8.0,6.0,1,109,0,121
225,71,1537.0,2998.0,7.0,8.0,0,104,1,117
225,74,1253.0,2990.0,7.0,7.0,1,95,0,116
225,77,1480.0,3001.0,5.0,9.0,0,97,2,113
225,78,1398.0,2995.0,6.0,7.0,1,100,0,113
225,81,1178.0,2987.0,7.0,7.0,1,85,0,105
225,84,1482.0,2998.0,8.0,6.0,1,91,0,98
225,85,1428.0,2996.0,8.0,6.0,1,92,0,97
225,87,1220.0,2988.0,10.0,7.0,1,87,0,95
225,91,1333.0,2987.0,12.0,9.0,1,73,0,88
225,94,1195.0,2984.0,8.0,7.0,1,72,0,82
225,97,1449.0,2997.0,10.0,7.0,1,62,0,70
225,101,1371.0,3001.0,7.0,7.0,0,47,1,57
226,5,1646.0,3228.0,15.0,13.0,1,176,0,224
226,42,1485.0,3000.0,5.0,6.0,1,141,0,151
226,49,1562.0,2994.0,9.0,6.0,1,137,0,145
226,52,1537.0,2996.0,7.0,6.0,1,128,0,141
226,53,1598.0,3002.0,8.0,6.0,0,119,3,141
226,54,1464.0,2996.0,6.0,7.0,1,124,0,140
226,56,1509.0,2993.0,6.0,7.0,1,126,0,138
226,60,1368.0,2990.0,7.0,8.0,1,123,0,128
226,61,1267.0,2992.0,6.0,6.0,1,121,0,128
226,64,1353.0,2993.0,8.0,8.0,1,112,0,123
226,65,1234.0,2987.0,8.0,8.0,1,110,0,122
226,71,1525.0,3000.0,4.0,10.0,1,105,0,118
226,74,1246.0,2986.0,13.0,9.0,1,96,0,117
226,77,1443.0,3001.0,7.0,7.0,1,98,0,114
226,78,1380.0,2991.0,7.0,6.0,1,101,0,114
226,81,1174.0,2991.0,6.0,6.0,1,86,0,106
226,84,1480.0,3002.0,6.0,5.0,1,92,0,99
226,85,1428.0,2996.0,8.0,6.0,0,92,1,98
226,87,1218.0,2987.0,11.0,10.0,1,88,0,96
226,91,1321.0,2998.0,11.0,8.0,1,74,0,89
226,94,1195.0,2984.0,8.0,7.0,0,72,1,83
226,97,1446.0,2998.0,9.0,7.0,1,63,0,71
226,101,1371.0,3001.0,7.0,7.0,0,47,2,58
227,5,1640.0,3236.0,17.0,8.0,1,177,0,225
227,42,1477.0,2988.0,6.0,7.0,1,142,0,152
227,49,1557.0,2990.0,9.0,8.0,1,138,0,146
227,52,1528.0,2997.0,6.0,6.0,1,129,0,142
227,53,1580.0,2994.0,6.0,8.0,1,120,0,142
227,54,1456.0,2996.0,7.0,6.0,1,125,0,141
227,56,1501.0,2994.0,6.0,6.0,1,127,0,139
227,60,1382.0,2990.0,6.0,8.0,1,124,0,129
227,61,1288.0,2986.0,10.0,10.0,1,122,0,129
227,64,1340.0,2994.0,9.0,8.0,1,113,0,124
227,65,1230.0,2985.0,12.0,7.0,1,111,0,123
227,71,1522.0,2994.0,5.0,8.0,1,106,0,119
227,74,1246.0,2986.0,13.0,9.0,0,96,1,118
227,77,1447.0,3001.0,8.0,7.0,1,99,0,115
227,78,1419.0,2997.0,9.0,5.0,1,102,0,115
227,81,1163.0,2993.0,7.0,5.0,1,87,0,107
227,84,1474.0,3003.0,7.0,8.0,1,93,0,100
227,85,1439.0,2999.0,7.0,7.0,1,93,0,99
227,87,1218.0,2987.0,11.0,10.0,0,88,1,97
227,91,1315.0,2984.0,10.0,8.0,1,75,0,90
227,94,1181.0,2983.0,11.0,7.0,1,73,0,84
227,97,1463.0,3001.0,6.0,9.0,1,64,0,72
227,101,1371.0,2996.0,8.0,5.0,1,48,0,59
228,5,1643.0,3232.0,14.0,12.0,1,178,0,226
228,42,1470.0,2991.0,7.0,7.0,1,143,0,153
228,49,1548.0,2997.0,7.0,7.0,1,139,0,147
228,52,1525.0,2992.0,8.0,7.0,1,130,0,143
228,53,1580.0,2994.0,6.0,8.0,0,120,1,143
228,54,1459.0,3001.0,5.0,7.0,1,126,0,142
228,56,1490.0,2993.0,9.0,6.0,1,128,0,140
228,60,1380.0,2993.0,6.0,5.0,1,125,0,130
228,61,1277.0,2984.0,9.0,9.0,1,123,0,130
228,64,1340.0,2994.0,9.0,8.0,0,113,1,125
228,65,1240.0,2990.0,13.0,8.0,1,112,0,124
228,71,1507.0,3000.0,8.0,7.0,1,107,0,120
228,74,1250.0,2983.0,9.0,7.0,1,97,0,119
228,77,1440.0,2992.0,7.0,7.0,1,100,0,116
228,78,1408.0,2997.0,10.0,7.0,1,103,0,116
228,81,1163.0,2993.0,7.0,5.0,0,87,1,108
228,84,1461.0,3002.0,8.0,6.0,1,94,0,101
228,85,1429.0,2995.0,9.0,6.0,1,94,0,100
228,87,1206.0,2989.0,8.0,9.0,1,89,0,98
228,91,1315.0,2984.0,10.0,8.0,0,75,1,91
228,94,1177.0,2984.0,9.0,7.0,1,74,0,85
228,97,1450.0,3000.0,8.0,6.0,1,65,0,73
228,101,1350.0,2999.0,8.0,5.0,1,49,0,60
229,5,1643.0,3232.0,14.0,12.0,0,178,1,227
229,42,1459.0,2988.0,7.0,6.0,1,144,0,154
229,49,1548.0,2997.0,7.0,7.0,0,139,1,148
229,52,1520.0,2997.0,6.0,8.0,1,131,0,144
229,53,1560.0,3005.0,9.0,8.0,1,121,0,144
229,54,1459.0,3001.0,5.0,7.0,0,126,1,143
229,56,1490.0,2998.0,7.0,8.0,1,129,0,141
229,60,1356.0,2994.0,6.0,6.0,1,126,0,131
229,61,1276.0,2986.0,7.0,9.0,1,124,0,131
229,64,1325.0,2992.0,10.0,6.0,1,114,0,126
229,65,1213.0,2984.0,8.0,8.0,1,113,0,125
229,71,1507.0,3000.0,8.0,7.0,0,107,1,121
229,74,1224.0,2983.0,14.0,9.0,1,98,0,120
229,77,1377.0,2995.0,8.0,6.0,1,101,0,117
229,78,1405.0,2997.0,9.0,7.0,1,104,0,117
229,81,1156.0,2985.0,6.0,6.0,1,88,0,109
229,84,1461.0,3002.0,8.0,6.0,0,94,1,102
229,85,1425.0,2996.0,8.0,6.0,1,95,0,101
229,87,1197.0,2985.0,8.0,8.0,1,90,0,99
229,91,1305.0,2986.0,9.0,7.0,1,76,0,92
229,94,1172.0,2986.0,6.0,7.0,1,75,0,86
229,97,1449.0,3007.0,7.0,6.0,1,66,0,74
229,101,1347.0,2994.0,6.0,4.0,1,50,0,61
230,5,1652.0,3224.0,15.0,11.0,1,179,0,228
230,42,1419.0,2991.0,8.0,8.0,1,145,0,155
230,49,1548.0,2997.0,7.0,7.0,0,139,2,149
230,52,1514.0,2990.0,7.0,8.0,1,132,0,145
230,53,1556.0,2994.0,10.0,9.0,1,122,0,145
230,54,1438.0,2998.0,6.0,5.0,1,127,0,144
230,56,1461.0,2991.0,7.0,7.0,1,130,0,142
230,60,1326.0,2985.0,10.0,8.0,1,127,0,132
230,61,1241.0,2990.0,7.0,6.0,1,125,0,132
230,64,1301.0,2987.0,8.0,7.0,1,115,0,127
230,65,1207.0,2979.0,8.0,9.0,1,114,0,126
230,71,1505.0,3001.0,7.0,6.0,1,108,0,122
230,74,1220.0,2989.0,15.0,10.0,1,99,0,121
230,77,1349.0,2987.0,7.0,7.0,1,102,0,118
230,78,1376.0,2990.0,4.0,7.0,1,105,0,118
230,81,1141.0,2986.0,8.0,8.0,1,89,0,110
230,84,1455.0,2998.0,6.0,6.0,1,95,0,103
230,85,1396.0,2993.0,8.0,8.0,1,96,0,102
230,87,1189.0,2983.0,10.0,9.0,1,91,0,100
230,91,1268.0,2990.0,8.0,8.0,1,77,0,93
230,94,1168.0,2987.0,8.0,6.0,1,76,0,87
230,97,1431.0,2995.0,7.0,7.0,1,67,0,75
230,101,1341.0,2997.0,6.0,5.0,1,51,0,62
231,5,1643.0,3224.0,17.0,10.0,1,180,0,229
231,42,1419.0,2997.0,7.0,6.0,1,146,0,156
231,49,1525.0,2991.0,8.0,6.0,1,140,0,150
231,52,1506.0,2988.0,8.0,9.0,1,133,0,146
231,53,1553.0,3003.0,7.0,5.0,1,123,0,146
231,54,1440.0,3000.0,5.0,7.0,1,128,0,145
231,56,1475.0,2992.0,8.0,6.0,1,131,0,143
231,60,1323.0,2987.0,9.0,9.0,1,128,0,133
231,61,1239.0,2989.0,9.0,7.0,1,126,0,133
231,64,1291.0,2988.0,8.0,5.0,1,116,0,128
231,65,1210.0,2987.0,6.0,8.0,1,115,0,127
231,71,1496.0,2998.0,9.0,9.0,1,109,0,123
231,74,1211.0,2987.0,14.0,7.0,1,100,0,122
231,77,1343.0,2990.0,8.0,6.0,1,103,0,119
231,78,1363.0,2993.0,9.0,7.0,1,106,0,119
231,81,1141.0,2986.0,8.0,8.0,0,89,1,111
231,84,1445.0,2995.0,9.0,7.0,1,96,0,104
231,85,1410.0,2991.0,8.0,7.0,1,97,0,103
231,87,1186.0,2984.0,8.0,8.0,1,92,0,101
231,91,1262.0,2987.0,8.0,6.0,1,78,0,94
231,94,1162.0,2988.0,6.0,6.0,1,77,0,88
231,97,1445.0,2987.0,8.0,7.0,1,68,0,76
231,101,1335.0,2990.0,8.0,6.0,1,52,0,63
232,5,1643.0,3224.0,17.0,10.0,0,180,1,230
232,42,1415.0,2996.0,7.0,5.0,1,147,0,157
232,49,1523.0,2996.0,9.0,6.0,1,141,0,151
232,52,1496.0,2980.0,7.0,10.0,1,134,0,147
232,53,1546.0,3000.0,6.0,5.0,1,124,0,147
232,54,1424.0,2995.0,5.0,8.0,1,129,0,146
232,56,1468.0,2993.0,8.0,6.0,1,132,0,144
232,60,1339.0,2998.0,7.0,5.0,1,129,0,134
232,61,1230.0,2989.0,9.0,5.0,1,127,0,134
232,64,1290.0,2988.0,6.0,8.0,1,117,0,129
232,65,1200.0,2989.0,8.0,7.0,1,116,0,128
232,71,1490.0,2994.0,7.0,9.0,1,110,0,124
232,74,1206.0,2984.0,13.0,8.0,1,101,0,123
232,77,1362.0,2993.0,6.0,6.0,1,104,0,120
232,78,1393.0,2995.0,6.0,6.0,1,107,0,120
232,81,1128.0,2989.0,6.0,5.0,1,90,0,112
232,84,1443.0,2994.0,8.0,6.0,1,97,0,105
232,85,1404.0,2995.0,7.0,7.0,1,98,0,104
232,87,1186.0,2984.0,8.0,8.0,0,92,1,102
232,91,1307.0,2990.0,10.0,8.0,1,79,0,95
232,94,1149.0,2989.0,8.0,6.0,1,78,0,89
232,97,1431.0,2993.0,7.0,7.0,1,69,0,77
232,101,1333.0,2992.0,7.0,5.0,1,53,0,64
233,5,1643.0,3224.0,17.0,10.0,0,180,2,231
233,42,1424.0,3003.0,7.0,6.0,1,148,0,158
233,49,1509.0,2989.0,8.0,8.0,1,142,0,152
233,52,1493.0,2991.0,7.0,7.0,1,135,0,148
233,53,1542.0,3002.0,8.0,6.0,1,125,0,148
233,54,1428.0,3002.0,7.0,8.0,1,130,0,147
233,56,1466.0,2991.0,9.0,6.0,1,133,0,145
233,60,1307.0,2984.0,10.0,8.0,1,130,0,135
233,61,1230.0,2989.0,9.0,5.0,0,127,1,135
233,64,1254.0,2988.0,12.0,9.0,1,118,0,130
233,65,1197.0,2983.0,8.0,5.0,1,117,0,129
233,71,1480.0,2990.0,8.0,6.0,1,111,0,125
233,74,1204.0,2988.0,14.0,6.0,1,102,0,124
233,77,1338.0,2989.0,9.0,7.0,1,105,0,121
233,78,1385.0,2990.0,10.0,7.0,1,108,0,121
233,81,1129.0,2988.0,6.0,6.0,1,91,0,113
233,84,1439.0,2989.0,7.0,7.0,1,98,0,106
233,85,1401.0,2988.0,8.0,8.0,1,99,0,105
233,87,1171.0,2984.0,5.0,5.0,1,93,0,103
233,91,1282.0,2984.0,8.0,7.0,1,80,0,96
233,94,1140.0,2985.0,8.0,6.0,1,79,0,90
233,97,1431.0,2997.0,9.0,10.0,1,70,0,78
233,101,1333.0,2992.0,7.0,5.0,0,53,1,65
234,5,1643.0,3224.0,17.0,10.0,0,180,3,232
234,42,1405.0,2999.0,8.0,6.0,1,149,0,159
234,49,1506.0,2995.0,9.0,9.0,1,143,0,153
234,52,1493.0,2983.0,7.0,9.0,1,136,0,149
234,53,1530.0,2995.0,6.0,8.0,1,126,0,149
234,54,1380.0,2989.0,9.0,6.0,1,131,0,148
234,56,1454.0,2994.0,9.0,6.0,1,134,0,146
234,60,1298.0,2991.0,10.0,6.0,1,131,0,136
234,61,1219.0,2986.0,6.0,7.0,1,128,0,136
234,64,1243.0,2990.0,10.0,7.0,1,119,0,131
234,65,1197.0,2983.0,8.0,5.0,0,117,1,130
234,71,1480.0,2990.0,8.0,6.0,0,111,1,126
234,74,1204.0,2988.0,14.0,6.0,0,102,1,125
234,77,1330.0,2988.0,10.0,8.0,1,106,0,122
234,78,1349.0,2993.0,5.0,8.0,1,109,0,122
234,81,1120.0,2987.0,8.0,7.0,1,92,0,114
234,84,1439.0,2989.0,7.0,7.0,0,98,1,107
234,85,1391.0,2990.0,8.0,8.0,1,100,0,106
234,87,1171.0,2984.0,5.0,5.0,0,93,1,104
234,91,1273.0,2985.0,7.0,5.0,1,81,0,97
234,94,1140.0,2985.0,8.0,6.0,0,79,1,91
234,97,1425.0,3002.0,7.0,7.0,1,71,0,79
234,101,1312.0,2987.0,7.0,6.0,1,54,0,66
235,5,1656.0,3214.0,11.0,8.0,1,181,0,233
235,42,1410.0,2997.0,6.0,6.0,1,150,0,160
235,49,1503.0,2992.0,9.0,7.0,1,144,0,154
235,52,1476.0,2986.0,7.0,7.0,1,137,0,150
235,53,1525.0,2994.0,8.0,10.0,1,127,0,150
235,54,1392.0,2997.0,6.0,7.0,1,132,0,149
235,56,1448.0,2988.0,8.0,5.0,1,135,0,147
235,60,1307.0,2990.0,7.0,5.0,1,132,0,137
235,61,1273.0,2990.0,8.0,7.0,1,129,0,137
235,64,1235.0,2990.0,11.0,6.0,1,120,0,132
235,65,1216.0,2981.0,7.0,10.0,1,118,0,131
235,71,1473.0,2988.0,8.0,7.0,1,112,0,127
235,74,1192.0,2987.0,13.0,6.0,1,103,0,126
235,77,1324.0,2986.0,9.0,8.0,1,107,0,123
235,78,1366.0,3000.0,8.0,8.0,1,110,0,123
235,81,1116.0,2988.0,8.0,6.0,1,93,0,115
235,84,1420.0,2986.0,9.0,8.0,1,99,0,108
235,85,1398.0,2992.0,6.0,6.0,1,101,0,107
235,87,1154.0,2991.0,9.0,8.0,1,94,0,105
235,91,1293.0,2982.0,13.0,11.0,1,82,0,98
235,94,1140.0,2985.0,8.0,6.0,0,79,2,92
235,97,1416.0,3048.0,7.0,7.0,1,72,0,80
235,101,1342.0,2984.0,6.0,8.0,1,55,0,67
236,5,1652.0,3208.0,19.0,11.0,1,182,0,234
236,42,1405.0,2992.0,7.0,6.0,1,151,0,161
236,49,1503.0,2992.0,9.0,7.0,0,144,1,155
236,52,1447.0,2984.0,8.0,6.0,1,138,0,151
236,53,1518.0,2998.0,7.0,6.0,1,128,0,151
236,54,1385.0,2998.0,6.0,8.0,1,133,0,150
236,56,1420.0,2987.0,6.0,7.0,1,136,0,148
236,60,1307.0,2994.0,6.0,5.0,1,133,0,138
236,61,1231.0,2989.0,10.0,6.0,1,130,0,138
236,64,1208.0,2988.0,6.0,7.0,1,121,0,133
236,65,1173.0,2990.0,8.0,6.0,1,119,0,132
236,71,1459.0,2994.0,9.0,7.0,1,113,0,128
236,74,1183.0,2988.0,15.0,8.0,1,104,0,127
236,77,1317.0,2989.0,9.0,5.0,1,108,0,124
236,78,1366.0,2997.0,7.0,7.0,1,111,0,124
236,81,1103.0,2994.0,9.0,8.0,1,94,0,116
236,84,1411.0,2992.0,7.0,8.0,1,100,0,109
236,85,1391.0,2991.0,6.0,7.0,1,102,0,108
236,87,1155.0,2980.0,8.0,8.0,1,95,0,106
236,91,1264.0,2986.0,8.0,6.0,1,83,0,99
236,94,1121.0,2990.0,11.0,8.0,1,80,0,93
236,97,1418.0,2999.0,8.0,7.0,1,73,0,81
236,101,1339.0,2990.0,4.0,6.0,1,56,0,68
237,5,1652.0,3208.0,19.0,11.0,0,182,1,235
237,42,1399.0,2997.0,7.0,7.0,1,152,0,162
237,49,1492.0,2987.0,8.0,8.0,1,145,0,156
237,52,1436.0,2983.0,6.0,6.0,1,139,0,152
237,53,1513.0,2992.0,8.0,8.0,1,129,0,152
237,54,1358.0,2994.0,8.0,6.0,1,134,0,151
237,56,1409.0,2987.0,6.0,7.0,1,137,0,149
237,60,1282.0,2983.0,7.0,7.0,1,134,0,139
237,61,1226.0,2984.0,13.0,9.0,1,131,0,139
237,64,1203.0,2985.0,6.0,7.0,1,122,0,134
237,65,1180.0,2982.0,15.0,8.0,1,120,0,133
237,71,1469.0,2990.0,7.0,5.0,1,114,0,129
237,74,1168.0,2986.0,7.0,5.0,1,105,0,128
237,77,1303.0,2986.0,8.0,5.0,1,109,0,125
237,78,1303.0,2990.0,8.0,6.0,1,112,0,125
237,81,1095.0,2984.0,7.0,7.0,1,95,0,117
237,84,1408.0,2995.0,6.0,8.0,1,101,0,110
237,85,1388.0,2991.0,5.0,8.0,1,103,0,109
237,87,1143.0,2976.0,7.0,8.0,1,96,0,107
237,91,1255.0,2986.0,8.0,7.0,1,84,0,100
237,94,1117.0,2992.0,11.0,7.0,1,81,0,94
237,97,1395.0,2999.0,6.0,6.0,1,74,0,82
237,101,1329.0,2988.0,7.0,5.0,1,57,0,69
238,5,1652.0,3208.0,19.0,11.0,0,182,2,236
238,42,1399.0,2997.0,7.0,7.0,0,152,1,163
238,49,1481.0,2992.0,8.0,7.0,1,146,0,157
238,52,1453.0,2989.0,5.0,5.0,1,140,0,153
238,53,1511.0,2995.0,7.0,5.0,1,130,0,153
238,54,1356.0,2990.0,8.0,6.0,1,135,0,152
238,56,1400.0,2987.0,7.0,6.0,1,138,0,150
238,60,1278.0,2985.0,6.0,8.0,1,135,0,140
238,61,1219.0,2979.0,8.0,8.0,1,132,0,140
238,64,1192.0,2988.0,5.0,7.0,1,123,0,135
238,65,1180.0,2982.0,15.0,8.0,0,120,1,134
238,71,1463.0,2989.0,8.0,7.0,1,115,0,130
238,74,1160.0,2985.0,7.0,6.0,1,106,0,129
238,77,1293.0,2986.0,5.0,5.0,1,110,0,126
238,78,1304.0,2990.0,9.0,6.0,1,113,0,126
238,81,1095.0,2984.0,7.0,7.0,0,95,1,118
238,84,1401.0,2994.0,6.0,7.0,1,102,0,111
238,85,1370.0,2991.0,8.0,6.0,1,104,0,110
238,87,1140.0,2986.0,10.0,9.0,1,97,0,108
238,91,1242.0,2983.0,8.0,6.0,1,85,0,101
238,94,1117.0,2992.0,11.0,7.0,0,81,1,95
238,97,1452.0,3043.0,10.0,7.0,1,75,0,83
238,101,1321.0,2990.0,7.0,7.0,1,58,0,70
239,5,1659.0,3204.0,14.0,8.0,1,183,0,237
239,42,1380.0,2994.0,8.0,7.0,1,153,0,164
239,49,1478.0,2983.0,10.0,8.0,1,147,0,158
239,52,1445.0,2982.0,8.0,6.0,1,141,0,154
239,53,1503.0,2995.0,8.0,11.0,1,131,0,154
239,54,1370.0,2985.0,7.0,8.0,1,136,0,153
239,56,1396.0,2977.0,9.0,10.0,1,139,0,151
239,60,1272.0,2978.0,9.0,9.0,1,136,0,141
239,61,1209.0,2982.0,10.0,10.0,1,133,0,141
239,64,1192.0,2988.0,5.0,7.0,0,123,1,136
239,65,1166.0,2987.0,17.0,8.0,1,121,0,135
239,71,1459.0,2985.0,6.0,6.0,1,116,0,131
239,74,1153.0,2987.0,7.0,7.0,1,107,0,130
239,77,1288.0,2984.0,7.0,7.0,1,111,0,127
239,78,1303.0,2984.0,8.0,6.0,1,114,0,127
239,81,1086.0,2988.0,6.0,5.0,1,96,0,119
239,84,1397.0,2995.0,7.0,11.0,1,103,0,112
239,85,1374.0,2996.0,5.0,5.0,1,105,0,111
239,87,1134.0,2978.0,10.0,10.0,1,98,0,109
239,91,1236.0,2986.0,7.0,7.0,1,86,0,102
239,94,1110.0,2984.0,10.0,7.0,1,82,0,96
239,97,1426.0,2991.0,7.0,9.0,1,76,0,84
239,101,1314.0,2985.0,8.0,6.0,1,59,0,71
240,5,1661.0,3201.0,13.0,11.0,1,184,0,238
240,42,1383.0,2995.0,7.0,7.0,1,154,0,165
240,49,1475.0,2986.0,8.0,6.0,1,148,0,159
240,52,1439.0,2991.0,7.0,6.0,1,142,0,155
240,53,1503.0,2995.0,8.0,11.0,0,131,1,155
240,54,1360.0,2990.0,7.0,10.0,1,137,0,154
240,56,1393.0,2986.0,6.0,8.0,1,140,0,152
240,60,1265.0,2985.0,10.0,8.0,1,137,0,142
240,61,1205.0,2982.0,10.0,9.0,1,134,0,142
240,64,1160.0,2986.0,14.0,8.0,1,124,0,137
240,65,1166.0,2987.0,17.0,8.0,0,121,1,136
240,71,1456.0,2981.0,9.0,11.0,1,117,0,132
240,74,1145.0,2981.0,6.0,7.0,1,108,0,131
240,77,1280.0,2981.0,6.0,5.0,1,112,0,128
240,78,1303.0,2984.0,8.0,6.0,0,114,1,128
240,81,1072.0,2986.0,7.0,8.0,1,97,0,120
240,84,1389.0,3001.0,7.0,7.0,1,104,0,113
240,85,1371.0,2995.0,6.0,6.0,1,106,0,112
240,87,1125.0,2980.0,10.0,9.0,1,99,0,110
240,91,1236.0,2986.0,7.0,7.0,0,86,1,103
240,94,1099.0,2987.0,8.0,7.0,1,83,0,97
240,97,1419.0,2988.0,8.0,7.0,1,77,0,85
240,101,1342.0,2984.0,9.0,6.0,1,60,0,72
241,5,1648.0,3201.0,20.0,10.0,1,185,0,239
241,42,1377.0,2994.0,6.0,6.0,1,155,0,166
241,49,1466.0,2986.0,11.0,7.0,1,149,0,160
241,52,1439.0,2991.0,7.0,6.0,0,142,1,156
241,53,1503.0,2995.0,8.0,11.0,0,131,2,156
241,54,1360.0,2990.0,7.0,10.0,0,137,1,155
241,56,1383.0,2982.0,7.0,6.0,1,141,0,153
241,60,1265.0,2985.0,10.0,8.0,0,137,1,143
241,61,1198.0,2981.0,10.0,9.0,1,135,0,143
241,64,1151.0,2982.0,14.0,7.0,1,125,0,138
241,65,1169.0,2986.0,7.0,7.0,1,122,0,137
241,71,1449.0,2984.0,9.0,6.0,1,118,0,133
241,74,1145.0,2983.0,7.0,6.0,1,109,0,132
241,77,1282.0,2983.0,6.0,8.0,1,113,0,129
241,78,1306.0,2988.0,7.0,7.0,1,115,0,129
241,81,1072.0,2986.0,7.0,8.0,0,97,1,121
241,84,1386.0,2995.0,7.0,7.0,1,105,0,114
241,85,1377.0,2991.0,5.0,5.0,1,107,0,113
241,87,1125.0,2980.0,10.0,9.0,0,99,1,111
241,91,1227.0,2983.0,7.0,8.0,1,87,0,104
241,94,1097.0,2982.0,8.0,5.0,1,84,0,98
241,97,1415.0,2987.0,6.0,7.0,1,78,0,86
241,101,1337.0,2988.0,8.0,8.0,1,61,0,73
242,5,1660.0,3203.0,18.0,11.0,1,186,0,240
242,42,1372.0,2997.0,6.0,5.0,1,156,0,167
242,49,1461.0,2990.0,9.0,9.0,1,150,0,161
242,52,1424.0,2990.0,7.0,4.0,1,143,0,157
242,53,1476.0,2986.0,10.0,8.0,1,132,0,157
242,54,1343.0,2988.0,8.0,8.0,1,138,0,156
242,56,1385.0,2982.0,6.0,8.0,1,142,0,154
242,60,1249.0,2981.0,9.0,8.0,1,138,0,144
242,61,1196.0,2979.0,9.0,9.0,1,136,0,144
242,64,1142.0,2981.0,15.0,8.0,1,126,0,139
242,65,1168.0,2986.0,5.0,6.0,1,123,0,138
242,71,1442.0,2986.0,9.0,9.0,1,119,0,134
242,74,1135.0,2984.0,8.0,7.0,1,110,0,133
242,77,1266.0,2988.0,7.0,6.0,1,114,0,130
242,78,1282.0,2988.0,7.0,6.0,1,116,0,130
242,81,1059.0,2986.0,6.0,9.0,1,98,0,122
242,84,1383.0,2996.0,7.0,6.0,1,106,0,115
242,85,1329.0,2992.0,10.0,6.0,1,108,0,114
242,87,1117.0,2984.0,10.0,8.0,1,100,0,112
242,91,1218.0,2984.0,8.0,6.0,1,88,0,105
242,94,1087.0,2990.0,9.0,8.0,1,85,0,99
242,97,1407.0,2984.0,5.0,8.0,1,79,0,87
242,101,1298.0,2989.0,7.0,5.0,1,62,0,74
243,5,1660.0,3203.0,18.0,11.0,0,186,1,241
243,42,1359.0,2995.0,6.0,6.0,1,157,0,168
243,49,1434.0,2986.0,8.0,10.0,1,151,0,162
243,52,1378.0,2981.0,8.0,7.0,1,144,0,158
243,53,1454.0,2983.0,7.0,8.0,1,133,0,158
243,54,1336.0,2989.0,5.0,6.0,1,139,0,157
243,56,1364.0,2988.0,7.0,7.0,1,143,0,155
243,60,1246.0,2990.0,7.0,7.0,1,139,0,145
243,61,1190.0,2980.0,12.0,10.0,1,137,0,145
243,64,1141.0,2982.0,14.0,9.0,1,127,0,140
243,65,1168.0,2986.0,5.0,6.0,0,123,1,139
243,71,1420.0,2984.0,6.0,6.0,1,120,0,135
243,74,1122.0,2983.0,7.0,8.0,1,111,0,134
243,77,1266.0,2988.0,7.0,6.0,0,114,1,131
243,78,1295.0,2990.0,5.0,4.0,1,117,0,131
243,81,1059.0,2986.0,5.0,5.0,1,99,0,123
243,84,1372.0,2994.0,7.0,7.0,1,107,0,116
243,85,1344.0,2997.0,6.0,5.0,1,109,0,115
243,87,1110.0,2981.0,9.0,9.0,1,101,0,113
243,91,1218.0,2984.0,8.0,6.0,0,88,1,106
243,94,1077.0,2991.0,10.0,8.0,1,86,0,100
243,97,1401.0,2980.0,6.0,7.0,1,80,0,88
243,101,1325.0,2996.0,10.0,6.0,1,63,0,75
244,5,1666.0,3196.0,14.0,11.0,1,187,0,242
244,42,1346.0,2990.0,5.0,6.0,1,158,0,169
244,49,1446.0,2989.0,8.0,5.0,1,152,0,163
244,52,1396.0,2984.0,6.0,8.0,1,145,0,159
244,53,1471.0,2989.0,7.0,6.0,1,134,0,159
244,54,1336.0,2989.0,5.0,6.0,0,139,1,158
244,56,1359.0,2990.0,6.0,6.0,1,144,0,156
244,60,1246.0,2990.0,7.0,7.0,0,139,1,146
244,61,1186.0,2982.0,9.0,10.0,1,138,0,146
244,64,1141.0,2982.0,14.0,9.0,0,127,1,141
244,65,1156.0,2982.0,8.0,6.0,1,124,0,140
244,71,1426.0,2981.0,7.0,11.0,1,121,0,136
244,74,1119.0,2984.0,6.0,7.0,1,112,0,135
244,77,1266.0,2988.0,7.0,6.0,0,114,2,132
244,78,1283.0,2989.0,6.0,6.0,1,118,0,132
244,81,1049.0,2987.0,8.0,8.0,1,100,0,124
244,84,1373.0,2990.0,7.0,7.0,1,108,0,117
244,85,1338.0,2989.0,6.0,6.0,1,110,0,116
244,87,1100.0,2981.0,11.0,11.0,1,102,0,114
244,91,1212.0,2985.0,5.0,6.0,1,89,0,107
244,94,1076.0,2985.0,9.0,9.0,1,87,0,101
244,97,1414.0,2986.0,5.0,7.0,1,81,0,89
244,101,1319.0,2985.0,9.0,5.0,1,64,0,76
245,5,1663.0,3188.0,16.0,13.0,1,188,0,243
245,42,1346.0,2993.0,6.0,6.0,1,159,0,170
245,49,1443.0,2978.0,9.0,9.0,1,153,0,164
245,52,1361.0,2982.0,10.0,8.0,1,146,0,160
245,53,1460.0,2991.0,7.0,10.0,1,135,0,160
245,54,1336.0,2989.0,5.0,6.0,0,139,2,159
245,56,1354.0,2999.0,8.0,6.0,1,145,0,157
245,60,1229.0,2981.0,11.0,9.0,1,140,0,147
245,61,1186.0,2982.0,9.0,10.0,0,138,1,147
245,64,1124.0,2980.0,16.0,8.0,1,128,0,142
245,65,1156.0,2982.0,8.0,6.0,0,124,1,141
245,71,1407.0,2991.0,6.0,6.0,1,122,0,137
245,74,1115.0,2990.0,8.0,7.0,1,113,0,136
245,77,1266.0,2988.0,7.0,6.0,0,114,3,133
245,78,1259.0,2989.0,6.0,7.0,1,119,0,133
245,81,1053.0,2989.0,7.0,7.0,1,101,0,125
245,84,1365.0,2997.0,8.0,9.0,1,109,0,118
245,85,1336.0,2992.0,8.0,7.0,1,111,0,117
245,87,1100.0,2981.0,11.0,11.0,0,102,1,115
245,91,1199.0,2974.0,7.0,5.0,1,90,0,108
245,94,1065.0,2988.0,9.0,7.0,1,88,0,102
245,97,1388.0,2987.0,7.0,8.0,1,82,0,90
245,101,1310.0,2984.0,10.0,6.0,1,65,0,77
246,5,1656.0,3195.0,20.0,6.0,1,189,0,244
246,42,1335.0,2989.0,6.0,6.0,1,160,0,171
246,49,1435.0,2986.0,8.0,8.0,1,154,0,165
246,52,1356.0,2980.0,7.0,6.0,1,147,0,161
246,53,1456.0,2992.0,5.0,7.0,1,136,0,161
246,54,1336.0,2989.0,5.0,6.0,0,139,3,160
246,56,1351.0,2990.0,7.0,7.0,1,146,0,158
246,60,1219.0,2983.0,9.0,8.0,1,141,0,148
246,61,1162.0,2983.0,12.0,8.0,1,139,0,148
246,64,1112.0,2982.0,7.0,7.0,1,129,0,143
246,65,1142.0,2986.0,5.0,8.0,1,125,0,142
246,71,1407.0,2991.0,6.0,6.0,0,122,1,138
246,74,1119.0,2986.0,16.0,9.0,1,114,0,137
246,77,1266.0,2988.0,7.0,6.0,0,114,4,134
246,78,1259.0,2989.0,6.0,7.0,0,119,1,134
246,81,1032.0,2987.0,8.0,9.0,1,102,0,126
246,84,1356.0,2989.0,6.0,9.0,1,110,0,119
246,85,1324.0,2990.0,6.0,7.0,1,112,0,118
246,87,1092.0,2985.0,7.0,8.0,1,103,0,116
246,91,1199.0,2974.0,7.0,5.0,0,90,1,109
246,94,1065.0,2988.0,9.0,7.0,0,88,1,103
246,97,1384.0,2981.0,6.0,6.0,1,83,0,91
246,101,1304.0,2986.0,11.0,7.0,1,66,0,78
247,5,1658.0,3190.0,14.0,10.0,1,190,0,245
247,42,1335.0,2990.0,8.0,6.0,1,161,0,172
247,49,1427.0,2984.0,11.0,8.0,1,155,0,166
247,52,1358.0,2979.0,7.0,9.0,1,148,0,162
247,53,1454.0,2989.0,8.0,10.0,1,137,0,162
247,54,1293.0,2987.0,10.0,8.0,1,140,0,161
247,56,1346.0,2990.0,6.0,10.0,1,147,0,159
247,60,1239.0,2987.0,7.0,9.0,1,142,0,149
247,61,1152.0,2978.0,11.0,9.0,1,140,0,149
247,64,1112.0,2982.0,7.0,7.0,0,129,1,144
247,65,1134.0,2984.0,6.0,6.0,1,126,0,143
247,71,1394.0,2985.0,6.0,6.0,1,123,0,139
247,74,1119.0,2986.0,16.0,9.0,0,114,1,138
247,77,1220.0,2981.0,11.0,10.0,1,115,0,135
247,78,1249.0,2984.0,6.0,6.0,1,120,0,135
247,81,1032.0,2981.0,9.0,7.0,1,103,0,127
247,84,1347.0,2985.0,7.0,8.0,1,111,0,120
247,85,1313.0,2993.0,8.0,6.0,1,113,0,119
247,87,1085.0,2985.0,7.0,7.0,1,104,0,117
247,91,1199.0,2974.0,7.0,5.0,0,90,2,110
247,94,1065.0,2988.0,9.0,7.0,0,88,2,104
247,97,1378.0,2985.0,8.0,6.0,1,84,0,92
247,101,1270.0,2988.0,7.0,5.0,1,67,0,79
248,5,1660.0,3188.0,10.0,8.0,1,191,0,246
248,42,1328.0,2991.0,7.0,8.0,1,162,0,173
248,49,1429.0,2979.0,9.0,10.0,1,156,0,167
248,52,1344.0,2981.0,6.0,8.0,1,149,0,163
248,53,1454.0,2989.0,8.0,10.0,0,137,1,163
248,54,1311.0,2986.0,8.0,9.0,1,141,0,162
248,56,1333.0,2991.0,7.0,8.0,1,148,0,160
248,60,1239.0,2987.0,7.0,9.0,0,142,1,150
248,61,1160.0,2972.0,8.0,10.0,1,141,0,150
248,64,1090.0,2984.0,6.0,6.0,1,130,0,145
248,65,1130.0,2983.0,6.0,8.0,1,127,0,144
248,71,1394.0,2988.0,7.0,7.0,1,124,0,140
248,74,1100.0,2979.0,16.0,9.0,1,115,0,139
248,77,1214.0,2983.0,8.0,7.0,1,116,0,136
248,78,1248.0,2983.0,7.0,7.0,1,121,0,136
248,81,1028.0,2984.0,7.0,8.0,1,104,0,128
248,84,1347.0,2995.0,6.0,9.0,1,112,0,121
248,85,1318.0,2993.0,6.0,6.0,1,114,0,120
248,87,1078.0,2981.0,8.0,9.0,1,105,0,118
248,91,1185.0,2983.0,8.0,6.0,1,91,0,111
248,94,1051.0,2986.0,8.0,7.0,1,89,0,105
248,97,1378.0,2985.0,8.0,6.0,0,84,1,93
248,101,1263.0,2983.0,7.0,7.0,1,68,0,80
249,5,1669.0,3186.0,14.0,11.0,1,192,0,247
249,42,1303.0,2982.0,7.0,6.0,1,163,0,174
249,49,1420.0,2980.0,8.0,9.0,1,157,0,168
249,52,1340.0,2981.0,9.0,6.0,1,150,0,164
249,53,1454.0,2989.0,8.0,10.0,0,137,2,164
249,54,1284.0,2992.0,11.0,8.0,1,142,0,163
249,56,1329.0,2992.0,7.0,8.0,1,149,0,161
249,60,1239.0,2987.0,7.0,9.0,0,142,2,151
249,61,1160.0,2972.0,8.0,10.0,0,141,1,151
249,64,1088.0,2987.0,7.0,5.0,1,131,0,146
249,65,1130.0,2983.0,6.0,8.0,0,127,1,145
249,71,1379.0,2982.0,6.0,7.0,1,125,0,141
249,74,1105.0,2980.0,16.0,9.0,1,116,0,140
249,77,1203.0,2988.0,12.0,11.0,1,117,0,137
249,78,1248.0,2983.0,7.0,7.0,0,121,1,137
249,81,1020.0,2982.0,5.0,8.0,1,105,0,129
249,84,1338.0,2992.0,5.0,8.0,1,113,0,122
249,85,1307.0,2990.0,7.0,5.0,1,115,0,121
249,87,1078.0,2981.0,8.0,9.0,0,105,1,119
249,91,1178.0,2979.0,6.0,9.0,1,92,0,112
249,94,1051.0,2986.0,8.0,7.0,0,89,1,106
249,97,1371.0,2980.0,7.0,5.0,1,85,0,94
249,101,1259.0,2985.0,7.0,6.0,1,69,0,81
250,5,1666.0,3177.0,16.0,15.0,1,193,0,248
250,42,1293.0,2982.0,7.0,7.0,1,164,0,175
250,49,1415.0,2975.0,8.0,8.0,1,158,0,169
250,52,1328.0,2990.0,7.0,6.0,1,151,0,165
250,53,1436.0,2988.0,8.0,6.0,1,138,0,165
250,54,1283.0,2980.0,11.0,7.0,1,143,0,164
250,56,1316.0,2989.0,7.0,6.0,1,150,0,162
250,60,1217.0,2979.0,6.0,7.0,1,143,0,152
250,61,1149.0,2984.0,10.0,9.0,1,142,0,152
250,64,1088.0,2987.0,7.0,5.0,0,131,1,147
250,65,1120.0,2985.0,6.0,7.0,1,128,0,146
250,71,1390.0,2981.0,6.0,8.0,1,126,0,142
250,74,1085.0,2978.0,6.0,9.0,1,117,0,141
250,77,1203.0,2979.0,10.0,9.0,1,118,0,138
250,78,1248.0,2983.0,7.0,7.0,0,121,2,138
250,81,1016.0,2986.0,6.0,7.0,1,106,0,130
250,84,1333.0,2990.0,5.0,7.0,1,114,0,123
250,85,1305.0,2988.0,7.0,6.0,1,116,0,122
250,87,1078.0,2981.0,8.0,9.0,0,105,2,120
250,91,1178.0,2979.0,6.0,9.0,0,92,1,113
250,94,1037.0,2987.0,8.0,7.0,1,90,0,107
250,97,1335.0,2976.0,6.0,8.0,1,86,0,95
250,101,1259.0,2985.0,7.0,6.0,0,69,1,82
251,5,1667.0,3185.0,21.0,8.0,1,194,0,249
251,42,1329.0,2977.0,8.0,10.0,1,165,0,176
251,49,1400.0,2979.0,9.0,6.0,1,159,0,170
251,52,1363.0,2986.0,8.0,6.0,1,152,0,166
251,53,1425.0,2978.0,7.0,10.0,1,139,0,166
251,54,1286.0,2982.0,6.0,6.0,1,144,0,165
251,56,1318.0,2992.0,6.0,7.0,1,151,0,163
251,60,1232.0,2980.0,8.0,9.0,1,144,0,153
251,61,1139.0,2984.0,7.0,7.0,1,143,0,153
251,64,1088.0,2987.0,7.0,5.0,0,131,2,148
251,65,1112.0,2984.0,6.0,7.0,1,129,0,147
251,71,1381.0,2976.0,8.0,7.0,1,127,0,143
251,74,1077.0,2984.0,6.0,8.0,1,118,0,142
251,77,1191.0,2980.0,9.0,10.0,1,119,0,139
251,78,1274.0,2990.0,12.0,7.0,1,122,0,139
251,81,1016.0,2989.0,4.0,4.0,1,107,0,131
251,84,1328.0,2989.0,7.0,6.0,1,115,0,124
251,85,1318.0,2989.0,8.0,7.0,1,117,0,123
251,87,1056.0,2977.0,9.0,7.0,1,106,0,121
251,91,1217.0,2980.0,6.0,8.0,1,93,0,114
251,94,1033.0,2989.0,8.0,7.0,1,91,0,108
251,97,1355.0,2983.0,8.0,8.0,1,87,0,96
251,101,1247.0,2984.0,5.0,7.0,1,70,0,83
252,5,1659.0,3181.0,19.0,12.0,1,195,0,250
252,42,1314.0,2986.0,7.0,7.0,1,166,0,177
252,49,1371.0,2988.0,6.0,5.0,1,160,0,171
252,52,1342.0,2981.0,5.0,8.0,1,153,0,167
252,53,1425.0,2978.0,7.0,10.0,0,139,1,167
252,54,1285.0,2983.0,6.0,6.0,1,145,0,166
252,56,1311.0,2989.0,5.0,6.0,1,152,0,164
252,60,1232.0,2980.0,8.0,9.0,0,144,1,154
252,61,1139.0,2984.0,7.0,7.0,0,143,1,154
252,64,1088.0,2987.0,7.0,5.0,0,131,3,149
252,65,1106.0,2982.0,7.0,7.0,1,130,0,148
252,71,1378.0,2977.0,6.0,8.0,1,128,0,144
252,74,1085.0,2983.0,15.0,9.0,1,119,0,143
252,77,1158.0,2982.0,8.0,8.0,1,120,0,140
252,78,1267.0,2980.0,10.0,7.0,1,123,0,140
252,81,1016.0,2989.0,4.0,4.0,0,107,1,132
252,84,1323.0,2992.0,8.0,6.0,1,116,0,125
252,85,1294.0,2989.0,7.0,6.0,1,118,0,124
252,87,1057.0,2974.0,8.0,7.0,1,107,0,122
252,91,1208.0,2981.0,6.0,7.0,1,94,0,115
252,94,1028.0,2979.0,7.0,7.0,1,92,0,109
252,97,1320.0,2982.0,7.0,7.0,1,88,0,97
252,101,1247.0,2984.0,5.0,7.0,0,70,1,84
253,5,1659.0,3181.0,19.0,12.0,0,195,1,251
253,42,1311.0,2985.0,7.0,8.0,1,167,0,178
253,49,1395.0,2983.0,9.0,7.0,1,161,0,172
253,52,1356.0,2983.0,8.0,7.0,1,154,0,168
253,53,1412.0,2983.0,11.0,8.0,1,140,0,168
253,54,1276.0,2977.0,7.0,8.0,1,146,0,167
253,56,1305.0,2989.0,8.0,8.0,1,153,0,165
253,60,1206.0,2975.0,6.0,7.0,1,145,0,155
253,61,1116.0,2977.0,11.0,8.0,1,144,0,155
253,64,1061.0,2983.0,8.0,7.0,1,132,0,150
253,65,1106.0,2982.0,7.0,7.0,0,130,1,149
253,71,1374.0,2976.0,7.0,8.0,1,129,0,145
253,74,1080.0,2981.0,15.0,9.0,1,120,0,144
253,77,1154.0,2979.0,9.0,7.0,1,121,0,141
253,78,1267.0,2980.0,10.0,7.0,0,123,1,141
253,81,997.0,2986.0,12.0,8.0,1,108,0,133
253,84,1317.0,2985.0,7.0,6.0,1,117,0,126
253,85,1294.0,2989.0,7.0,6.0,0,118,1,125
253,87,1050.0,2977.0,7.0,11.0,1,108,0,123
253,91,1180.0,2984.0,8.0,9.0,1,95,0,116
253,94,1015.0,2985.0,7.0,6.0,1,93,0,110
253,97,1341.0,2985.0,6.0,7.0,1,89,0,98
253,101,1214.0,2979.0,9.0,8.0,1,71,0,85
254,5,1668.0,3171.0,9.0,6.0,1,196,0,252
254,42,1311.0,2973.0,7.0,9.0,1,168,0,179
254,49,1389.0,2971.0,8.0,8.0,1,162,0,173
254,52,1352.0,2982.0,6.0,5.0,1,155,0,169
254,53,1403.0,2983.0,10.0,8.0,1,141,0,169
254,54,1273.0,2986.0,7.0,6.0,1,147,0,168
254,56,1301.0,2986.0,8.0,6.0,1,154,0,166
254,60,1199.0,2982.0,6.0,7.0,1,146,0,156
254,61,1117.0,2981.0,11.0,11.0,1,145,0,156
254,64,1055.0,2987.0,7.0,7.0,1,133,0,151
254,65,1106.0,2982.0,7.0,7.0,0,130,2,150
254,71,1368.0,2977.0,8.0,8.0,1,130,0,146
254,74,1066.0,2983.0,14.0,9.0,1,121,0,145
254,77,1144.0,2976.0,8.0,9.0,1,122,0,142
254,78,1264.0,2986.0,10.0,9.0,1,124,0,142
254,81,984.0,2982.0,7.0,11.0,1,109,0,134
254,84,1311.0,2982.0,7.0,8.0,1,118,0,127
254,85,1280.0,2985.0,7.0,5.0,1,119,0,126
254,87,1038.0,2981.0,9.0,7.0,1,109,0,124
254,91,1180.0,2984.0,8.0,9.0,0,95,1,117
254,94,1015.0,2985.0,7.0,6.0,0,93,1,111
254,97,1330.0,2976.0,7.0,7.0,1,90,0,99
254,101,1231.0,2979.0,5.0,9.0,1,72,0,86
255,5,1669.0,3172.0,12.0,8.0,1,197,0,253
255,42,1311.0,2973.0,7.0,9.0,0,168,1,180
255,49,1389.0,2971.0,8.0,8.0,0,162,1,174
255,52,1348.0,2978.0,7.0,7.0,1,156,0,170
255,53,1399.0,2987.0,8.0,7.0,1,142,0,170
255,54,1269.0,2986.0,6.0,8.0,1,148,0,169
255,56,1288.0,2986.0,7.0,8.0,1,155,0,167
255,60,1204.0,2977.0,10.0,6.0,1,147,0,157
255,61,1112.0,2979.0,10.0,6.0,1,146,0,157
255,64,1055.0,2987.0,7.0,7.0,0,133,1,152
255,65,1085.0,2983.0,10.0,6.0,1,131,0,151
255,71,1368.0,2977.0,8.0,8.0,0,130,1,147
255,74,1064.0,2982.0,15.0,9.0,1,122,0,146
255,77,1140.0,2979.0,11.0,9.0,1,123,0,143
255,78,1264.0,2986.0,10.0,9.0,0,124,1,143
255,81,986.0,2989.0,6.0,7.0,1,110,0,135
255,84,1292.0,2985.0,8.0,7.0,1,119,0,128
255,85,1274.0,2989.0,7.0,6.0,1,120,0,127
255,87,1033.0,2985.0,9.0,7.0,1,110,0,125
255,91,1167.0,2977.0,7.0,10.0,1,96,0,118
255,94,1015.0,2985.0,7.0,6.0,0,93,2,112
255,97,1328.0,2978.0,6.0,7.0,1,91,0,100
255,101,1214.0,2985.0,6.0,5.0,1,73,0,87
256,5,1674.0,3172.0,11.0,5.0,1,198,0,254
256,42,1311.0,2973.0,7.0,9.0,0,168,2,181
256,49,1389.0,2971.0,8.0,8.0,0,162,2,175
256,52,1345.0,2981.0,6.0,7.0,1,157,0,171
256,53,1399.0,2987.0,8.0,7.0,0,142,1,171
256,54,1263.0,2983.0,7.0,7.0,1,149,0,170
256,56,1281.0,2983.0,7.0,5.0,1,156,0,168
256,60,1182.0,2976.0,6.0,6.0,1,148,0,158
256,61,1099.0,2984.0,9.0,6.0,1,147,0,158
256,64,1041.0,2982.0,10.0,9.0,1,134,0,153
256,65,1081.0,2979.0,8.0,8.0,1,132,0,152
256,71,1355.0,2982.0,8.0,9.0,1,131,0,148
256,74,1064.0,2982.0,15.0,9.0,0,122,1,147
256,77,1132.0,2978.0,7.0,7.0,1,124,0,144
256,78,1240.0,2977.0,9.0,7.0,1,125,0,144
256,81,976.0,2986.0,6.0,7.0,1,111,0,136
256,84,1289.0,2988.0,6.0,6.0,1,120,0,129
256,85,1276.0,2980.0,8.0,6.0,1,121,0,128
256,87,1022.0,2979.0,9.0,8.0,1,111,0,126
256,91,1157.0,2972.0,11.0,7.0,1,97,0,119
256,94,996.0,2989.0,7.0,9.0,1,94,0,113
256,97,1328.0,2978.0,5.0,6.0,1,92,0,101
256,101,1197.0,2972.0,9.0,6.0,1,74,0,88
257,5,1667.0,3165.0,17.0,6.0,1,199,0,255
257,42,1290.0,2983.0,8.0,8.0,1,169,0,182
257,49,1366.0,2979.0,8.0,8.0,1,163,0,176
257,52,1331.0,2981.0,7.0,7.0,1,158,0,172
257,53,1385.0,2977.0,7.0,6.0,1,143,0,172
257,54,1257.0,2982.0,7.0,7.0,1,150,0,171
257,56,1275.0,2992.0,8.0,7.0,1,157,0,169
257,60,1172.0,2982.0,7.0,5.0,1,149,0,159
257,61,1104.0,2982.0,10.0,8.0,1,148,0,159
257,64,1038.0,2984.0,8.0,8.0,1,135,0,154
257,65,1081.0,2979.0,8.0,8.0,0,132,1,153
257,71,1351.0,2975.0,7.0,8.0,1,132,0,149
257,74,1053.0,2984.0,14.0,10.0,1,123,0,148
257,77,1126.0,2977.0,8.0,9.0,1,125,0,145
257,78,1209.0,2970.0,6.0,6.0,1,126,0,145
257,81,968.0,2986.0,8.0,9.0,1,112,0,137
257,84,1281.0,2986.0,7.0,6.0,1,121,0,130
257,85,1276.0,2980.0,8.0,6.0,0,121,1,129
257,87,1022.0,2981.0,8.0,11.0,1,112,0,127
257,91,1160.0,2979.0,9.0,8.0,1,98,0,120
257,94,996.0,2989.0,7.0,9.0,0,94,1,114
257,97,1312.0,2980.0,10.0,7.0,1,93,0,102
257,101,1190.0,2980.0,10.0,7.0,1,75,0,89
258,5,1667.0,3165.0,17.0,6.0,0,199,1,256
258,42,1283.0,2970.0,7.0,11.0,1,170,0,183
258,49,1360.0,2977.0,7.0,7.0,1,164,0,177
258,52,1291.0,2985.0,5.0,7.0,1,159,0,173
258,53,1383.0,2979.0,5.0,6.0,1,144,0,173
258,54,1230.0,2983.0,9.0,7.0,1,151,0,172
258,56,1255.0,2988.0,7.0,5.0,1,158,0,170
258,60,1163.0,2978.0,8.0,6.0,1,150,0,160
258,61,1094.0,2979.0,8.0,11.0,1,149,0,160
258,64,1038.0,2984.0,8.0,8.0,0,135,1,155
258,65,1064.0,2984.0,8.0,7.0,1,133,0,154
258,71,1342.0,2975.0,8.0,9.0,1,133,0,150
258,74,1053.0,2984.0,14.0,10.0,0,123,1,149
258,77,1118.0,2983.0,8.0,10.0,1,126,0,146
258,78,1205.0,2983.0,7.0,6.0,1,127,0,146
258,81,961.0,2985.0,6.0,8.0,1,113,0,138
258,84,1272.0,2989.0,8.0,6.0,1,122,0,131
258,85,1260.0,2981.0,8.0,7.0,1,122,0,130
258,87,1022.0,2981.0,8.0,11.0,0,112,1,128
258,91,1153.0,2979.0,8.0,8.0,1,99,0,121
258,94,984.0,2985.0,10.0,7.0,1,95,0,115
258,97,1307.0,2979.0,7.0,7.0,1,94,0,103
258,101,1183.0,2978.0,9.0,8.0,1,76,0,90
259,5,1670.0,3163.0,15.0,5.0,1,200,0,257
259,42,1283.0,2970.0,7.0,11.0,0,170,1,184
259,49,1360.0,2977.0,7.0,7.0,0,164,1,178
259,52,1304.0,2981.0,8.0,8.0,1,160,0,174
259,53,1383.0,2979.0,5.0,6.0,0,144,1,174
259,54,1227.0,2984.0,8.0,8.0,1,152,0,173
259,56,1238.0,2987.0,6.0,6.0,1,159,0,171
259,60,1159.0,2985.0,8.0,5.0,1,151,0,161
259,61,1088.0,2981.0,10.0,7.0,1,150,0,161
259,64,1028.0,2983.0,7.0,7.0,1,136,0,156
259,65,1058.0,2981.0,8.0,7.0,1,134,0,155
259,71,1336.0,2979.0,10.0,9.0,1,134,0,151
259,74,1033.0,2982.0,16.0,11.0,1,124,0,150
259,77,1115.0,2979.0,8.0,8.0,1,127,0,147
259,78,1199.0,2981.0,7.0,6.0,1,128,0,147
259,81,959.0,2985.0,10.0,8.0,1,114,0,139
259,84,1272.0,2989.0,8.0,6.0,0,122,1,132
259,85,1260.0,2981.0,8.0,7.0,0,122,1,131
259,87,1009.0,2982.0,11.0,11.0,1,113,0,129
259,91,1150.0,2975.0,7.0,7.0,1,100,0,122
259,94,981.0,2990.0,9.0,8.0,1,96,0,116
259,97,1322.0,2985.0,6.0,6.0,1,95,0,104
259,101,1184.0,2981.0,9.0,8.0,1,77,0,91
260,5,1671.0,3166.0,17.0,6.0,1,201,0,258
260,42,1269.0,2978.0,10.0,8.0,1,171,0,185
260,49,1346.0,2973.0,5.0,7.0,1,165,0,179
260,52,1270.0,2990.0,8.0,5.0,1,161,0,175
260,53,1369.0,2979.0,6.0,5.0,1,145,0,175
260,54,1224.0,2976.0,8.0,8.0,1,153,0,174
260,56,1242.0,2982.0,6.0,5.0,1,160,0,172
260,60,1160.0,2979.0,7.0,5.0,1,152,0,162
260,61,1088.0,2981.0,10.0,7.0,0,150,1,162
260,64,1028.0,2983.0,7.0,7.0,0,136,1,157
260,65,1053.0,2980.0,7.0,9.0,1,135,0,156
260,71,1326.0,2973.0,9.0,8.0,1,135,0,152
260,74,1028.0,2982.0,16.0,12.0,1,125,0,151
260,77,1113.0,2984.0,9.0,9.0,1,128,0,148
260,78,1187.0,2982.0,6.0,5.0,1,129,0,148
260,81,940.0,2981.0,10.0,10.0,1,115,0,140
260,84,1258.0,2987.0,6.0,6.0,1,123,0,133
260,85,1239.0,2974.0,8.0,8.0,1,123,0,132
260,87,1009.0,2982.0,11.0,11.0,0,113,1,130
260,91,1139.0,2980.0,7.0,7.0,1,101,0,123
260,94,969.0,2988.0,10.0,8.0,1,97,0,117
260,97,1297.0,2980.0,7.0,9.0,1,96,0,105
260,101,1175.0,2980.0,9.0,6.0,1,78,0,92
261,5,1672.0,3161.0,16.0,5.0,1,202,0,259
261,42,1267.0,2974.0,10.0,8.0,1,172,0,186
261,49,1346.0,2973.0,5.0,7.0,0,165,1,180
261,52,1269.0,2983.0,7.0,6.0,1,162,0,176
261,53,1369.0,2979.0,6.0,5.0,0,145,1,176
261,54,1231.0,2980.0,7.0,8.0,1,154,0,175
261,56,1237.0,2982.0,6.0,5.0,1,161,0,173
261,60,1160.0,2979.0,7.0,5.0,0,152,1,163
261,61,1088.0,2981.0,10.0,7.0,0,150,2,163
261,64,1028.0,2983.0,7.0,7.0,0,136,2,158
261,65,1044.0,2985.0,7.0,8.0,1,136,0,157
261,71,1325.0,2974.0,9.0,10.0,1,136,0,153
261,74,1028.0,2982.0,16.0,12.0,0,125,1,152
261,77,1100.0,2984.0,9.0,6.0,1,129,0,149
261,78,1187.0,2982.0,6.0,5.0,0,129,1,149
261,81,946.0,2986.0,6.0,6.0,1,116,0,141
261,84,1254.0,2989.0,6.0,7.0,1,124,0,134
261,85,1257.0,2988.0,6.0,7.0,1,124,0,133
261,87,995.0,2978.0,10.0,9.0,1,114,0,131
261,91,1130.0,2976.0,9.0,8.0,1,102,0,124
261,94,947.0,3042.0,17.0,6.0,1,98,0,118
261,97,1296.0,2981.0,8.0,6.0,1,97,0,106
261,101,1175.0,2980.0,9.0,6.0,0,78,1,93
262,5,1679.0,3156.0,17.0,5.0,1,203,0,260
262,42,1256.0,2969.0,10.0,8.0,1,173,0,187
262,49,1346.0,2973.0,5.0,7.0,0,165,2,181
262,52,1264.0,2985.0,8.0,9.0,1,163,0,177
262,53,1358.0,2983.0,7.0,4.0,1,146,0,177
262,54,1211.0,2982.0,10.0,8.0,1,155,0,176
262,56,1227.0,2983.0,7.0,5.0,1,162,0,174
262,60,1145.0,2978.0,6.0,7.0,1,153,0,164
262,61,1068.0,2975.0,10.0,11.0,1,151,0,164
262,64,1028.0,2983.0,7.0,7.0,0,136,3,159
262,65,1039.0,2988.0,9.0,6.0,1,137,0,158
262,71,1317.0,2970.0,13.0,7.0,1,137,0,154
262,74,1014.0,2982.0,15.0,11.0,1,126,0,153
262,77,1095.0,2984.0,7.0,6.0,1,130,0,150
262,78,1187.0,2982.0,6.0,5.0,0,129,2,150
262,81,932.0,2986.0,12.0,8.0,1,117,0,142
262,84,1252.0,2987.0,6.0,6.0,1,125,0,135
262,85,1249.0,2984.0,5.0,6.0,1,125,0,134
262,87,988.0,2983.0,8.0,7.0,1,115,0,132
262,91,1124.0,2979.0,8.0,7.0,1,103,0,125
262,94,959.0,2989.0,11.0,9.0,1,99,0,119
262,97,1305.0,2980.0,6.0,7.0,1,98,0,107
262,101,1161.0,2977.0,9.0,8.0,1,79,0,94
263,5,1676.0,3155.0,17.0,5.0,1,204,0,261
263,42,1286.0,2973.0,7.0,7.0,1,174,0,188
263,49,1335.0,2973.0,7.0,6.0,1,166,0,182
263,52,1256.0,2984.0,8.0,7.0,1,164,0,178
263,53,1349.0,2981.0,7.0,6.0,1,147,0,178
263,54,1199.0,2978.0,9.0,8.0,1,156,0,177
263,56,1223.0,2987.0,7.0,5.0,1,163,0,175
263,60,1140.0,2977.0,6.0,6.0,1,154,0,165
263,61,1060.0,2980.0,8.0,9.0,1,152,0,165
263,64,1028.0,2983.0,7.0,7.0,0,136,4,160
263,65,1029.0,2984.0,8.0,9.0,1,138,0,159
263,71,1311.0,2979.0,9.0,9.0,1,138,0,155
263,74,1014.0,2982.0,15.0,11.0,0,126,1,154
263,77,1085.0,2981.0,8.0,5.0,1,131,0,151
263,78,1187.0,2982.0,6.0,5.0,0,129,3,151
263,81,934.0,2991.0,9.0,7.0,1,118,0,143
263,84,1248.0,2980.0,6.0,6.0,1,126,0,136
263,85,1248.0,2979.0,6.0,7.0,1,126,0,135
263,87,978.0,2982.0,8.0,7.0,1,116,0,133
263,91,1124.0,2981.0,9.0,7.0,1,104,0,126
263,94,953.0,2987.0,9.0,7.0,1,100,0,120
263,97,1293.0,2969.0,8.0,7.0,1,99,0,108
263,101,1160.0,2970.0,8.0,8.0,1,80,0,95
264,5,1672.0,3149.0,17.0,5.0,1,205,0,262
264,42,1276.0,2977.0,7.0,8.0,1,175,0,189
264,49,1325.0,2973.0,7.0,5.0,1,167,0,183
264,52,1245.0,2986.0,5.0,4.0,1,165,0,179
264,53,1349.0,2981.0,7.0,6.0,0,147,1,179
264,54,1201.0,2980.0,7.0,7.0,1,157,0,178
264,56,1221.0,2984.0,8.0,6.0,1,164,0,176
264,60,1131.0,2976.0,7.0,5.0,1,155,0,166
264,61,1055.0,2984.0,9.0,8.0,1,153,0,166
264,64,999.0,2984.0,7.0,5.0,1,137,0,161
264,65,1025.0,2993.0,9.0,8.0,1,139,0,160
264,71,1305.0,2976.0,7.0,7.0,1,139,0,156
264,74,1007.0,2978.0,16.0,11.0,1,127,0,155
264,77,1081.0,2987.0,7.0,8.0,1,132,0,152
264,78,1166.0,2981.0,5.0,5.0,1,130,0,152
264,81,934.0,2991.0,9.0,7.0,0,118,1,144
264,84,1248.0,2980.0,6.0,6.0,0,126,1,137
264,85,1248.0,2979.0,6.0,7.0,0,126,1,136
264,87,977.0,2982.0,8.0,7.0,1,117,0,134
264,91,1114.0,2974.0,9.0,8.0,1,105,0,127
264,94,953.0,2987.0,9.0,7.0,0,100,1,121
264,97,1289.0,2979.0,5.0,6.0,1,100,0,109
264,101,1152.0,2973.0,9.0,8.0,1,81,0,96
265,5,1672.0,3149.0,17.0,5.0,0,205,1,263
265,42,1272.0,2974.0,7.0,7.0,1,176,0,190
265,49,1325.0,2973.0,7.0,5.0,0,167,1,184
265,52,1128.0,3086.0,8.0,6.0,1,166,0,180
265,53,1340.0,2974.0,5.0,6.0,1,148,0,180
265,54,1190.0,2982.0,8.0,5.0,1,158,0,179
265,56,1202.0,2971.0,7.0,9.0,1,165,0,177
265,60,1128.0,2980.0,6.0,5.0,1,156,0,167
265,61,1043.0,2978.0,9.0,9.0,1,154,0,167
265,64,991.0,2986.0,4.0,6.0,1,138,0,162
265,65,1018.0,2982.0,7.0,8.0,1,140,0,161
265,71,1302.0,2968.0,7.0,9.0,1,140,0,157
265,74,996.0,2988.0,16.0,10.0,1,128,0,156
265,77,1080.0,2977.0,8.0,7.0,1,133,0,153
265,78,1158.0,2985.0,6.0,6.0,1,131,0,153
265,81,913.0,2980.0,9.0,7.0,1,119,0,145
265,84,1228.0,2984.0,5.0,9.0,1,127,0,138
265,85,1216.0,2986.0,6.0,4.0,1,127,0,137
265,87,976.0,2986.0,7.0,10.0,1,118,0,135
265,91,1111.0,2978.0,10.0,7.0,1,106,0,128
265,94,937.0,2984.0,8.0,7.0,1,101,0,122
265,97,1289.0,2975.0,5.0,6.0,1,101,0,110
265,101,1147.0,2977.0,9.0,8.0,1,82,0,97
266,5,1678.0,3150.0,17.0,5.0,1,206,0,264
266,42,1266.0,2973.0,9.0,9.0,1,177,0,191
266,49,1317.0,2972.0,9.0,9.0,1,168,0,185
266,52,1232.0,2985.0,6.0,6.0,1,167,0,181
266,53,1329.0,2980.0,8.0,7.0,1,149,0,181
266,54,1198.0,2978.0,6.0,7.0,1,159,0,180
266,56,1239.0,2970.0,9.0,7.0,1,166,0,178
266,60,1141.0,2979.0,7.0,8.0,1,157,0,168
266,61,1044.0,2984.0,9.0,6.0,1,155,0,168
266,64,980.0,2990.0,6.0,7.0,1,139,0,163
266,65,1014.0,2979.0,8.0,8.0,1,141,0,162
266,71,1299.0,2977.0,7.0,6.0,1,141,0,158
266,74,996.0,2988.0,16.0,10.0,0,128,1,157
266,77,1069.0,2979.0,7.0,7.0,1,134,0,154
266,78,1206.0,2982.0,8.0,8.0,1,132,0,154
266,81,911.0,2985.0,8.0,9.0,1,120,0,146
266,84,1242.0,2980.0,5.0,6.0,1,128,0,139
266,85,1224.0,2980.0,7.0,7.0,1,128,0,138
266,87,976.0,2986.0,7.0,10.0,0,118,1,136
266,91,1122.0,2980.0,5.0,5.0,1,107,0,129
266,94,935.0,2982.0,11.0,10.0,1,102,0,123
266,97,1280.0,2975.0,7.0,6.0,1,102,0,111
266,101,1155.0,2975.0,6.0,5.0,1,83,0,98
267,5,1683.0,3145.0,16.0,5.0,1,207,0,265
267,42,1258.0,2970.0,8.0,5.0,1,178,0,192
267,49,1327.0,2977.0,8.0,7.0,1,169,0,186
267,52,1232.0,2985.0,6.0,6.0,0,167,1,182
267,53,1433.0,3027.0,10.0,7.0,1,150,0,182
267,54,1190.0,2980.0,6.0,7.0,1,160,0,181
267,56,1206.0,2981.0,7.0,6.0,1,167,0,179
267,60,1116.0,2976.0,5.0,6.0,1,158,0,169
267,61,1044.0,2984.0,9.0,6.0,0,155,1,169
267,64,976.0,2989.0,6.0,4.0,1,140,0,164
267,65,1011.0,2981.0,7.0,5.0,1,142,0,163
267,71,1306.0,2968.0,8.0,9.0,1,142,0,159
267,74,996.0,2988.0,16.0,10.0,0,128,2,158
267,77,1059.0,2979.0,6.0,6.0,1,135,0,155
267,78,1174.0,2975.0,9.0,7.0,1,133,0,155
267,81,911.0,2985.0,8.0,9.0,0,120,1,147
267,84,1235.0,2978.0,7.0,6.0,1,129,0,140
267,85,1221.0,2979.0,7.0,6.0,1,129,0,139
267,87,960.0,2979.0,8.0,8.0,1,119,0,137
267,91,1101.0,2978.0,6.0,7.0,1,108,0,130
267,94,935.0,2982.0,11.0,10.0,0,102,1,124
267,97,1269.0,2976.0,8.0,9.0,1,103,0,112
267,101,1145.0,2971.0,7.0,7.0,1,84,0,99
268,5,1679.0,3140.0,20.0,5.0,1,208,0,266
268,42,1264.0,2980.0,7.0,6.0,1,179,0,193
268,49,1321.0,2970.0,7.0,9.0,1,170,0,187
268,52,1210.0,2984.0,8.0,7.0,1,168,0,183
268,53,1433.0,3027.0,10.0,7.0,0,150,1,183
268,54,1183.0,2979.0,7.0,7.0,1,161,0,182
268,56,1219.0,2974.0,10.0,6.0,1,168,0,180
268,60,1125.0,2973.0,9.0,9.0,1,159,0,170
268,61,1031.0,2984.0,10.0,7.0,1,156,0,170
268,64,963.0,2985.0,6.0,6.0,1,141,0,165
268,65,1003.0,2984.0,8.0,9.0,1,143,0,164
268,71,1302.0,2971.0,9.0,8.0,1,143,0,160
268,74,978.0,2977.0,14.0,9.0,1,129,0,159
268,77,1058.0,2980.0,8.0,6.0,1,136,0,156
268,78,1198.0,2982.0,7.0,7.0,1,134,0,156
268,81,899.0,2987.0,13.0,10.0,1,121,0,148
268,84,1250.0,2975.0,7.0,5.0,1,130,0,141
268,85,1220.0,2980.0,6.0,6.0,1,130,0,140
268,87,951.0,2984.0,9.0,6.0,1,120,0,138
268,91,1083.0,2976.0,7.0,5.0,1,109,0,131
268,94,916.0,2984.0,10.0,9.0,1,103,0,125
268,97,1284.0,2972.0,9.0,8.0,1,104,0,113
268,101,1144.0,2973.0,5.0,4.0,1,85,0,100
269,5,1683.0,3137.0,18.0,5.0,1,209,0,267
269,42,1254.0,2977.0,8.0,6.0,1,180,0,194
269,49,1298.0,2976.0,10.0,7.0,1,171,0,188
269,52,1202.0,2980.0,8.0,7.0,1,169,0,184
269,53,1315.0,2981.0,9.0,8.0,1,151,0,184
269,54,1167.0,2983.0,8.0,6.0,1,162,0,183
269,56,1215.0,2974.0,8.0,7.0,1,169,0,181
269,60,1120.0,2979.0,9.0,7.0,1,160,0,171
269,61,1049.0,2976.0,9.0,7.0,1,157,0,171
269,64,962.0,2983.0,7.0,6.0,1,142,0,166
269,65,1020.0,2981.0,11.0,8.0,1,144,0,165
269,71,1278.0,2974.0,6.0,9.0,1,144,0,161
269,74,975.0,2984.0,13.0,9.0,1,130,0,160
269,77,1089.0,2981.0,5.0,5.0,1,137,0,157
269,78,1187.0,2979.0,6.0,6.0,1,135,0,157
269,81,888.0,2981.0,7.0,7.0,1,122,0,149
269,84,1224.0,2981.0,7.0,7.0,1,131,0,142
269,85,1211.0,2978.0,7.0,8.0,1,131,0,141
269,87,945.0,2980.0,10.0,10.0,1,121,0,139
269,91,1102.0,2979.0,6.0,4.0,1,110,0,132
269,94,916.0,2987.0,12.0,7.0,1,104,0,126
269,97,1253.0,2976.0,6.0,5.0,1,105,0,114
269,101,1141.0,2980.0,6.0,7.0,1,86,0,101
270,5,1683.0,3137.0,18.0,5.0,0,209,1,268
270,42,1241.0,2968.0,8.0,6.0,1,181,0,195
270,49,1290.0,2970.0,10.0,8.0,1,172,0,189
270,52,1207.0,2986.0,7.0,8.0,1,170,0,185
270,53,1315.0,2981.0,9.0,8.0,0,151,1,185
270,54,1174.0,2974.0,8.0,6.0,1,163,0,184
270,56,1212.0,2966.0,10.0,10.0,1,170,0,182
270,60,1120.0,2979.0,9.0,7.0,0,160,1,172
270,61,1016.0,2984.0,8.0,9.0,1,158,0,172
270,64,955.0,2982.0,5.0,9.0,1,143,0,167
270,65,990.0,2984.0,8.0,8.0,1,145,0,166
270,71,1272.0,2975.0,6.0,6.0,1,145,0,162
270,74,959.0,2984.0,15.0,9.0,1,131,0,161
270,77,1069.0,2979.0,9.0,8.0,1,138,0,158
270,78,1187.0,2979.0,6.0,6.0,0,135,1,158
270,81,888.0,2981.0,7.0,7.0,0,122,1,150
270,84,1211.0,2989.0,6.0,4.0,1,132,0,143
270,85,1203.0,2978.0,6.0,7.0,1,132,0,142
270,87,945.0,2980.0,10.0,10.0,0,121,1,140
270,91,1103.0,2983.0,5.0,3.0,1,111,0,133
270,94,905.0,2986.0,10.0,9.0,1,105,0,127
270,97,1259.0,2977.0,5.0,5.0,1,106,0,115
270,101,1131.0,2975.0,5.0,5.0,1,87,0,102
271,5,1683.0,3137.0,18.0,5.0,0,209,2,269
271,42,1238.0,2976.0,5.0,5.0,1,182,0,196
271,49,1293.0,2968.0,8.0,7.0,1,173,0,190
271,52,1190.0,2983.0,7.0,7.0,1,171,0,186
271,53,1302.0,2975.0,9.0,8.0,1,152,0,186
271,54,1153.0,2976.0,7.0,8.0,1,164,0,185
271,56,1207.0,2967.0,9.0,7.0,1,171,0,183
271,60,1112.0,2976.0,8.0,6.0,1,161,0,173
271,61,1013.0,2984.0,11.0,9.0,1,159,0,173
271,64,949.0,2983.0,11.0,5.0,1,144,0,168
271,65,979.0,2986.0,8.0,5.0,1,146,0,167
271,71,1272.0,2975.0,6.0,6.0,0,145,1,163
271,74,957.0,2980.0,14.0,10.0,1,132,0,162
271,77,1039.0,2981.0,9.0,5.0,1,139,0,159
271,78,1182.0,2979.0,6.0,6.0,1,136,0,159
271,81,881.0,2984.0,7.0,8.0,1,123,0,151
271,84,1207.0,2986.0,8.0,5.0,1,133,0,144
271,85,1208.0,2975.0,6.0,8.0,1,133,0,143
271,87,939.0,2988.0,7.0,8.0,1,122,0,141
271,91,1089.0,2981.0,8.0,5.0,1,112,0,134
271,94,897.0,2982.0,8.0,7.0,1,106,0,128
271,97,1250.0,2972.0,6.0,7.0,1,107,0,116
271,101,1122.0,2977.0,7.0,6.0,1,88,0,103
271,144,1171.0,2974.0,7.0,7.0,1,3,0,3
272,5,1689.0,3135.0,18.0,7.0,1,210,0,270
272,42,1227.0,2969.0,9.0,7.0,1,183,0,197
272,49,1279.0,2977.0,8.0,7.0,1,174,0,191
272,52,1183.0,2978.0,6.0,6.0,1,172,0,187
272,53,1303.0,2964.0,7.0,7.0,1,153,0,187
272,54,1146.0,2975.0,7.0,7.0,1,165,0,186
272,56,1191.0,2975.0,8.0,6.0,1,172,0,184
272,60,1089.0,2977.0,5.0,6.0,1,162,0,174
272,61,1002.0,2987.0,10.0,8.0,1,160,0,174
272,64,943.0,2991.0,9.0,9.0,1,145,0,169
272,65,975.0,2983.0,7.0,7.0,1,147,0,168
272,71,1263.0,2968.0,5.0,7.0,1,146,0,164
272,74,955.0,2978.0,15.0,9.0,1,133,0,163
272,77,1029.0,2981.0,9.0,5.0,1,140,0,160
272,78,1181.0,2978.0,6.0,5.0,1,137,0,160
272,81,867.0,2986.0,8.0,7.0,1,124,0,152
272,84,1205.0,2978.0,6.0,8.0,1,134,0,145
272,85,1197.0,2973.0,13.0,9.0,1,134,0,144
272,87,929.0,2980.0,8.0,8.0,1,123,0,142
272,91,1062.0,2980.0,8.0,7.0,1,113,0,135
272,94,889.0,2984.0,7.0,8.0,1,107,0,129
272,97,1247.0,2973.0,5.0,5.0,1,108,0,117
272,101,1124.0,2974.0,5.0,5.0,1,89,0,104
272,144,1163.0,2972.0,7.0,7.0,1,4,0,4
273,5,1689.0,3135.0,18.0,7.0,0,210,1,271
273,42,1225.0,2971.0,5.0,7.0,1,184,0,198
273,49,1272.0,2977.0,9.0,9.0,1,175,0,192
273,52,1183.0,2978.0,6.0,6.0,0,172,1,188
273,53,1303.0,2964.0,7.0,7.0,0,153,1,188
273,54,1144.0,2974.0,7.0,8.0,1,166,0,187
273,56,1190.0,2972.0,8.0,7.0,1,173,0,185
273,60,1095.0,2973.0,10.0,8.0,1,163,0,175
273,61,1002.0,2987.0,10.0,8.0,0,160,1,175
273,64,934.0,2982.0,9.0,6.0,1,146,0,170
273,65,967.0,2986.0,8.0,7.0,1,148,0,169
273,71,1249.0,2966.0,7.0,11.0,1,147,0,165
273,74,944.0,2986.0,14.0,9.0,1,134,0,164
273,77,1029.0,2981.0,9.0,5.0,0,140,1,161
273,78,1187.0,2982.0,7.0,6.0,1,138,0,161
273,81,867.0,2986.0,8.0,7.0,0,124,1,153
273,84,1202.0,2980.0,8.0,7.0,1,135,0,146
273,85,1197.0,2973.0,13.0,9.0,0,134,1,145
273,87,919.0,2976.0,7.0,10.0,1,124,0,143
273,91,1080.0,2980.0,7.0,6.0,1,114,0,136
273,94,884.0,2986.0,9.0,7.0,1,108,0,130
273,97,1236.0,2973.0,8.0,6.0,1,109,0,118
273,101,1112.0,2975.0,8.0,7.0,1,90,0,105
273,144,1163.0,2972.0,7.0,7.0,0,4,1,5
274,5,1689.0,3135.0,18.0,7.0,0,210,2,272
274,42,1215.0,2970.0,8.0,8.0,1,185,0,199
274,49,1265.0,2966.0,9.0,7.0,1,176,0,193
274,52,1162.0,2971.0,6.0,6.0,1,173,0,189
274,53,1282.0,2974.0,11.0,5.0,1,154,0,189
274,54,1134.0,2975.0,8.0,8.0,1,167,0,188
274,56,1190.0,2972.0,8.0,7.0,0,173,1,186
274,60,1089.0,2973.0,9.0,8.0,1,164,0,176
274,61,1015.0,2986.0,7.0,10.0,1,161,0,176
274,64,934.0,2982.0,9.0,6.0,0,146,1,171
274,65,964.0,2985.0,7.0,7.0,1,149,0,170
274,71,1249.0,2966.0,7.0,11.0,0,147,1,166
274,74,935.0,2988.0,14.0,9.0,1,135,0,165
274,77,1046.0,2980.0,7.0,7.0,1,141,0,162
274,78,1175.0,2979.0,6.0,7.0,1,139,0,162
274,81,857.0,2983.0,8.0,7.0,1,125,0,154
274,84,1196.0,2986.0,6.0,5.0,1,136,0,147
274,85,1197.0,2973.0,13.0,9.0,0,134,2,146
274,87,918.0,2980.0,6.0,9.0,1,125,0,144
274,91,1072.0,2977.0,6.0,6.0,1,115,0,137
274,94,881.0,2984.0,9.0,6.0,1,109,0,131
274,97,1231.0,2974.0,8.0,5.0,1,110,0,119
274,101,1102.0,2975.0,9.0,6.0,1,91,0,106
274,144,1163.0,2972.0,7.0,7.0,0,4,2,6
275,5,1691.0,3127.0,19.0,9.0,1,211,0,273
275,42,1215.0,2965.0,6.0,8.0,1,186,0,200
275,49,1264.0,2973.0,5.0,7.0,1,177,0,194
275,52,1156.0,2977.0,7.0,7.0,1,174,0,190
275,53,1278.0,2968.0,8.0,10.0,1,155,0,190
275,54,1135.0,2976.0,8.0,7.0,1,168,0,189
275,56,1180.0,2968.0,9.0,6.0,1,174,0,187
275,60,1089.0,2973.0,9.0,8.0,0,164,1,177
275,61,1007.0,3038.0,7.0,7.0,1,162,0,177
275,64,933.0,2982.0,14.0,9.0,1,147,0,172
275,65,987.0,2988.0,11.0,6.0,1,150,0,171
275,71,1241.0,2975.0,10.0,9.0,1,148,0,167
275,74,955.0,2988.0,7.0,7.0,1,136,0,166
275,77,1037.0,2979.0,10.0,7.0,1,142,0,163
275,78,1163.0,2981.0,6.0,7.0,1,140,0,163
275,81,853.0,2985.0,7.0,6.0,1,126,0,155
275,84,1181.0,2984.0,7.0,7.0,1,137,0,148
275,85,1197.0,2973.0,13.0,9.0,0,134,3,147
275,87,918.0,2980.0,6.0,9.0,0,125,1,145
275,91,1065.0,2982.0,5.0,5.0,1,116,0,138
275,94,869.0,2985.0,8.0,6.0,1,110,0,132
275,97,1231.0,2974.0,8.0,5.0,0,110,1,120
275,101,1102.0,2975.0,9.0,6.0,0,91,1,107
275,144,1147.0,2975.0,8.0,8.0,1,5,0,7
276,5,1693.0,3132.0,19.0,9.0,1,212,0,274
276,42,1201.0,2980.0,8.0,11.0,1,187,0,201
276,49,1252.0,2969.0,9.0,6.0,1,178,0,195
276,52,1154.0,2969.0,6.0,6.0,1,175,0,191
276,53,1269.0,2969.0,8.0,7.0,1,156,0,191
276,54,1135.0,2976.0,8.0,7.0,0,168,1,190
276,56,1174.0,2975.0,9.0,8.0,1,175,0,188
276,60,1076.0,2979.0,9.0,8.0,1,165,0,178
276,61,1007.0,3038.0,7.0,7.0,0,162,1,178
276,64,927.0,2982.0,14.0,9.0,1,148,0,173
276,65,975.0,2985.0,12.0,7.0,1,151,0,172
276,71,1236.0,2964.0,8.0,8.0,1,149,0,168
276,74,945.0,2984.0,8.0,10.0,1,137,0,167
276,77,997.0,2981.0,10.0,10.0,1,143,0,164
276,78,1159.0,2981.0,6.0,5.0,1,141,0,164
276,81,843.0,2985.0,9.0,9.0,1,127,0,156
276,84,1179.0,2977.0,7.0,5.0,1,138,0,149
276,85,1197.0,2973.0,13.0,9.0,0,134,4,148
276,87,911.0,2981.0,6.0,7.0,1,126,0,146
276,91,1064.0,2978.0,6.0,5.0,1,117,0,139
276,94,869.0,2982.0,9.0,9.0,1,111,0,133
276,97,1223.0,2972.0,6.0,6.0,1,111,0,121
276,101,1090.0,2974.0,7.0,5.0,1,92,0,108
276,144,1143.0,2972.0,7.0,7.0,1,6,0,8
277,5,1692.0,3120.0,21.0,10.0,1,213,0,275
277,42,1197.0,2975.0,9.0,5.0,1,188,0,202
277,49,1246.0,2976.0,9.0,7.0,1,179,0,196
277,52,1150.0,2977.0,7.0,8.0,1,176,0,192
277,53,1262.0,2968.0,11.0,9.0,1,157,0,192
277,54,1113.0,2976.0,9.0,7.0,1,169,0,191
277,56,1164.0,2973.0,6.0,8.0,1,176,0,189
277,60,1069.0,2980.0,9.0,7.0,1,166,0,179
277,61,992.0,2987.0,13.0,6.0,1,163,0,179
277,64,927.0,2982.0,14.0,9.0,0,148,1,174
277,65,972.0,2988.0,10.0,5.0,1,152,0,173
277,71,1230.0,2969.0,10.0,7.0,1,150,0,169
277,74,945.0,2984.0,8.0,10.0,0,137,1,168
277,77,1034.0,2981.0,9.0,7.0,1,144,0,165
277,78,1156.0,2981.0,7.0,6.0,1,142,0,165
277,81,833.0,2984.0,9.0,8.0,1,128,0,157
277,84,1175.0,2976.0,7.0,7.0,1,139,0,150
277,85,1171.0,2968.0,11.0,6.0,1,135,0,149
277,87,909.0,2990.0,8.0,7.0,1,127,0,147
277,91,1059.0,2977.0,5.0,4.0,1,118,0,140
277,94,860.0,2985.0,7.0,6.0,1,112,0,134
277,97,1215.0,2970.0,7.0,8.0,1,112,0,122
277,101,1092.0,2973.0,9.0,8.0,1,93,0,109
277,144,1127.0,2981.0,9.0,7.0,1,7,0,9
278,5,1692.0,3120.0,21.0,10.0,0,213,1,276
278,42,1194.0,2972.0,9.0,8.0,1,189,0,203
278,49,1245.0,2975.0,8.0,6.0,1,180,0,197
278,52,1135.0,2979.0,8.0,7.0,1,177,0,193
278,53,1264.0,2975.0,10.0,8.0,1,158,0,193
278,54,1113.0,2975.0,9.0,8.0,1,170,0,192
278,56,1158.0,2975.0,7.0,5.0,1,177,0,190
278,60,1061.0,2975.0,9.0,8.0,1,167,0,180
278,61,988.0,2983.0,7.0,6.0,1,164,0,180
278,64,909.0,2987.0,15.0,9.0,1,149,0,175
278,65,967.0,2985.0,8.0,6.0,1,153,0,174
278,71,1230.0,2969.0,10.0,7.0,0,150,1,170
278,74,937.0,2988.0,10.0,7.0,1,138,0,169
278,77,1021.0,2980.0,9.0,6.0,1,145,0,166
278,78,1150.0,2982.0,7.0,6.0,1,143,0,166
278,81,829.0,2987.0,8.0,10.0,1,129,0,158
278,84,1175.0,2976.0,7.0,7.0,0,139,1,151
278,85,1171.0,2968.0,11.0,6.0,0,135,1,150
278,87,901.0,2987.0,7.0,11.0,1,128,0,148
278,91,1059.0,2977.0,5.0,4.0,0,118,1,141
278,94,859.0,2992.0,7.0,4.0,1,113,0,135
278,97,1206.0,2969.0,9.0,7.0,1,113,0,123
278,101,1079.0,2981.0,7.0,8.0,1,94,0,110
278,144,1131.0,2979.0,6.0,6.0,1,8,0,10
279,5,1693.0,3118.0,18.0,9.0,1,214,0,277
279,42,1186.0,2968.0,8.0,5.0,1,190,0,204
279,49,1234.0,2966.0,9.0,7.0,1,181,0,198
279,52,1135.0,2979.0,8.0,7.0,0,177,1,194
279,53,1258.0,2967.0,9.0,7.0,1,159,0,194
279,54,1113.0,2975.0,9.0,8.0,0,170,1,193
279,56,1152.0,2978.0,9.0,7.0,1,178,0,191
279,60,1056.0,2976.0,9.0,6.0,1,168,0,181
279,61,979.0,2986.0,10.0,5.0,1,165,0,181
279,64,904.0,2982.0,15.0,10.0,1,150,0,176
279,65,967.0,2985.0,8.0,6.0,0,153,1,175
279,71,1213.0,2968.0,11.0,8.0,1,151,0,171
279,74,924.0,2984.0,10.0,8.0,1,139,0,170
279,77,1021.0,2980.0,9.0,6.0,0,145,1,167
279,78,1143.0,2983.0,7.0,6.0,1,144,0,167
279,81,819.0,2987.0,6.0,6.0,1,130,0,159
279,84,1161.0,2985.0,7.0,6.0,1,140,0,152
279,85,1157.0,2968.0,7.0,6.0,1,136,0,151
279,87,901.0,2987.0,7.0,11.0,0,128,1,149
279,91,1040.0,2981.0,5.0,5.0,1,119,0,142
279,94,844.0,2980.0,10.0,8.0,1,114,0,136
279,97,1202.0,2970.0,9.0,10.0,1,114,0,124
279,101,1072.0,2975.0,8.0,8.0,1,95,0,111
279,144,1123.0,2972.0,7.0,7.0,1,9,0,11
280,5,1696.0,3119.0,19.0,6.0,1,215,0,278
280,42,1183.0,2971.0,7.0,7.0,1,191,0,205
280,49,1234.0,2966.0,9.0,7.0,0,181,1,199
280,52,1130.0,2976.0,8.0,6.0,1,178,0,195
280,53,1258.0,2967.0,9.0,7.0,0,159,1,195
280,54,1102.0,2975.0,10.0,7.0,1,171,0,194
280,56,1152.0,2975.0,8.0,7.0,1,179,0,192
280,60,1051.0,2982.0,10.0,6.0,1,169,0,182
280,61,979.0,2986.0,10.0,5.0,0,165,1,182
280,64,881.0,2983.0,10.0,7.0,1,151,0,177
280,65,919.0,2980.0,9.0,11.0,1,154,0,176
280,71,1213.0,2968.0,11.0,8.0,0,151,1,172
280,74,902.0,2982.0,14.0,8.0,1,140,0,171
280,77,1010.0,2981.0,11.0,9.0,1,146,0,168
280,78,1134.0,2974.0,7.0,9.0,1,145,0,168
280,81,819.0,2991.0,7.0,8.0,1,131,0,160
280,84,1161.0,2985.0,7.0,6.0,0,140,1,153
280,85,1158.0,2965.0,8.0,9.0,1,137,0,152
280,87,888.0,2990.0,7.0,7.0,1,129,0,150
280,91,1040.0,2981.0,5.0,5.0,0,119,1,143
280,94,843.0,2989.0,7.0,7.0,1,115,0,137
280,97,1197.0,2973.0,7.0,9.0,1,115,0,125
280,101,1064.0,2974.0,8.0,6.0,1,96,0,112
280,144,1113.0,2977.0,6.0,7.0,1,10,0,12
281,5,1695.0,3116.0,18.0,6.0,1,216,0,279
281,42,1175.0,2964.0,9.0,7.0,1,192,0,206
281,49,1221.0,2964.0,8.0,6.0,1,182,0,200
281,52,1130.0,2976.0,8.0,6.0,0,178,1,196
281,53,1246.0,2970.0,6.0,8.0,1,160,0,196
281,54,1090.0,2975.0,13.0,8.0,1,172,0,195
281,56,1138.0,2973.0,8.0,7.0,1,180,0,193
281,60,1030.0,2983.0,7.0,3.0,1,170,0,183
281,61,949.0,2992.0,8.0,4.0,1,166,0,183
281,64,881.0,2985.0,10.0,6.0,1,152,0,178
281,65,912.0,2986.0,10.0,7.0,1,155,0,177
281,71,1204.0,2966.0,9.0,8.0,1,152,0,173
281,74,894.0,2981.0,15.0,8.0,1,141,0,172
281,77,1005.0,2982.0,11.0,6.0,1,147,0,169
281,78,1138.0,2974.0,5.0,6.0,1,146,0,169
281,81,813.0,2980.0,9.0,9.0,1,132,0,161
281,84,1153.0,2974.0,6.0,6.0,1,141,0,154
281,85,1151.0,2968.0,8.0,8.0,1,138,0,153
281,87,872.0,2980.0,11.0,8.0,1,130,0,151
281,91,969.0,2986.0,8.0,6.0,1,120,0,144
281,94,834.0,2988.0,12.0,7.0,1,116,0,138
281,97,1189.0,2976.0,8.0,6.0,1,116,0,126
281,101,1045.0,2977.0,9.0,7.0,1,97,0,113
281,144,1113.0,2977.0,6.0,7.0,0,10,1,13
282,5,1698.0,3121.0,21.0,7.0,1,217,0,280
282,42,1168.0,2970.0,7.0,8.0,1,193,0,207
282,49,1222.0,2969.0,8.0,6.0,1,183,0,201
282,52,1115.0,2972.0,7.0,7.0,1,179,0,197
282,53,1234.0,2967.0,7.0,9.0,1,161,0,197
282,54,1082.0,2973.0,12.0,8.0,1,173,0,196
282,56,1138.0,2973.0,8.0,7.0,0,180,1,194
282,60,1024.0,2982.0,8.0,5.0,1,171,0,184
282,61,937.0,2991.0,7.0,5.0,1,167,0,184
282,64,875.0,2981.0,7.0,7.0,1,153,0,179
282,65,910.0,2987.0,8.0,6.0,1,156,0,178
282,71,1200.0,2970.0,7.0,7.0,1,153,0,174
282,74,887.0,2984.0,18.0,10.0,1,142,0,173
282,77,992.0,2978.0,12.0,7.0,1,148,0,170
282,78,1130.0,2975.0,8.0,7.0,1,147,0,170
282,81,799.0,2986.0,8.0,8.0,1,133,0,162
282,84,1153.0,2974.0,6.0,6.0,0,141,1,155
282,85,1142.0,2966.0,10.0,7.0,1,139,0,154
282,87,871.0,2980.0,5.0,8.0,1,131,0,152
282,91,963.0,2983.0,11.0,7.0,1,121,0,145
282,94,823.0,2992.0,11.0,8.0,1,117,0,139
282,97,1181.0,2974.0,8.0,8.0,1,117,0,127
282,101,1041.0,2977.0,10.0,9.0,1,98,0,114
282,144,1102.0,2978.0,6.0,7.0,1,11,0,14
283,5,1697.0,3117.0,19.0,8.0,1,218,0,281
283,42,1162.0,2970.0,9.0,10.0,1,194,0,208
283,49,1210.0,2969.0,8.0,6.0,1,184,0,202
283,52,1108.0,2973.0,6.0,6.0,1,180,0,198
283,53,1234.0,2967.0,7.0,9.0,0,161,1,198
283,54,1073.0,2976.0,11.0,8.0,1,174,0,197
283,56,1120.0,2979.0,6.0,6.0,1,181,0,195
283,60,1035.0,2975.0,9.0,8.0,1,172,0,185
283,61,937.0,2989.0,7.0,5.0,1,168,0,185
283,64,875.0,2981.0,7.0,7.0,0,153,1,180
283,65,910.0,2987.0,8.0,6.0,0,156,1,179
283,71,1197.0,2967.0,7.0,9.0,1,154,0,175
283,74,877.0,2978.0,14.0,8.0,1,143,0,174
283,77,1016.0,2980.0,5.0,5.0,1,149,0,171
283,78,1126.0,2975.0,7.0,7.0,1,148,0,171
283,81,799.0,2986.0,8.0,8.0,0,133,1,163
283,84,1136.0,2981.0,9.0,7.0,1,142,0,156
283,85,1138.0,2976.0,9.0,6.0,1,140,0,155
283,87,871.0,2980.0,5.0,8.0,0,131,1,153
283,91,993.0,2981.0,12.0,5.0,1,122,0,146
283,94,820.0,2983.0,12.0,8.0,1,118,0,140
283,97,1182.0,2968.0,7.0,7.0,1,118,0,128
283,101,1055.0,2972.0,5.0,10.0,1,99,0,115
283,144,1100.0,2976.0,6.0,6.0,1,12,0,15
284,5,1697.0,3114.0,20.0,8.0,1,219,0,282
284,42,1156.0,2968.0,9.0,6.0,1,195,0,209
284,49,1206.0,2970.0,9.0,6.0,1,185,0,203
284,52,1100.0,2975.0,8.0,6.0,1,181,0,199
284,53,1234.0,2967.0,7.0,9.0,0,161,2,199
284,54,1078.0,2972.0,9.0,6.0,1,175,0,198
284,56,1114.0,2977.0,6.0,8.0,1,182,0,196
284,60,1022.0,2977.0,10.0,9.0,1,173,0,186
284,61,949.0,2988.0,9.0,6.0,1,169,0,186
284,64,868.0,2986.0,14.0,6.0,1,154,0,181
284,65,894.0,2988.0,9.0,8.0,1,157,0,180
284,71,1190.0,2965.0,8.0,8.0,1,155,0,176
284,74,926.0,2984.0,9.0,8.0,1,144,0,175
284,77,1012.0,2985.0,8.0,5.0,1,150,0,172
284,78,1122.0,2972.0,7.0,7.0,1,149,0,172
284,81,790.0,2982.0,9.0,8.0,1,134,0,164
284,84,1131.0,2979.0,6.0,6.0,1,143,0,157
284,85,1134.0,2970.0,8.0,7.0,1,141,0,156
284,87,882.0,2985.0,8.0,8.0,1,132,0,154
284,91,987.0,2982.0,10.0,8.0,1,123,0,147
284,94,851.0,2978.0,8.0,9.0,1,119,0,141
284,97,1166.0,2969.0,8.0,8.0,1,119,0,129
284,101,1044.0,2976.0,8.0,8.0,1,100,0,116
284,144,1097.0,2970.0,7.0,7.0,1,13,0,16
285,5,1697.0,3114.0,20.0,8.0,0,219,1,283
285,42,1152.0,2970.0,8.0,6.0,1,196,0,210
285,49,1206.0,2970.0,9.0,6.0,0,185,1,204
285,52,1089.0,2967.0,6.0,9.0,1,182,0,200
285,53,1222.0,2964.0,8.0,7.0,1,162,0,200
285,54,1065.0,2971.0,11.0,8.0,1,176,0,199
285,56,1109.0,2979.0,5.0,7.0,1,183,0,197
285,60,1027.0,2975.0,9.0,8.0,1,174,0,187
285,61,948.0,2986.0,8.0,6.0,1,170,0,187
285,64,863.0,2985.0,13.0,9.0,1,155,0,182
285,65,894.0,2988.0,9.0,8.0,0,157,1,181
285,71,1190.0,2965.0,8.0,8.0,0,155,1,177
285,74,913.0,2985.0,9.0,5.0,1,145,0,176
285,77,1004.0,2979.0,5.0,4.0,1,151,0,173
285,78,1122.0,2972.0,7.0,7.0,0,149,1,173
285,81,781.0,2980.0,9.0,9.0,1,135,0,165
285,84,1118.0,2982.0,7.0,7.0,1,144,0,158
285,85,1126.0,2969.0,8.0,7.0,1,142,0,157
285,87,876.0,2982.0,8.0,8.0,1,133,0,155
285,91,987.0,2982.0,10.0,8.0,0,123,1,148
285,94,812.0,2986.0,7.0,5.0,1,120,0,142
285,97,1166.0,2966.0,10.0,9.0,1,120,0,130
285,101,1044.0,2977.0,7.0,7.0,1,101,0,117
285,144,1087.0,2971.0,7.0,8.0,1,14,0,17
286,5,1700.0,3112.0,19.0,9.0,1,220,0,284
286,42,1152.0,2970.0,8.0,6.0,0,196,1,211
286,49,1203.0,2967.0,8.0,7.0,1,186,0,205
286,52,1086.0,2979.0,7.0,6.0,1,183,0,201
286,53,1218.0,2969.0,8.0,6.0,1,163,0,201
286,54,1061.0,2971.0,9.0,7.0,1,177,0,200
286,56,1100.0,2980.0,8.0,8.0,1,184,0,198
286,60,1009.0,2978.0,9.0,7.0,1,175,0,188
286,61,914.0,2990.0,10.0,7.0,1,171,0,188
286,64,844.0,2983.0,7.0,9.0,1,156,0,183
286,65,864.0,2991.0,7.0,9.0,1,158,0,182
286,71,1183.0,2969.0,6.0,8.0,1,156,0,178
286,74,882.0,2990.0,7.0,7.0,1,146,0,177
286,77,1001.0,2976.0,6.0,5.0,1,152,0,174
286,78,1105.0,2977.0,7.0,7.0,1,150,0,174
286,81,774.0,2978.0,9.0,8.0,1,136,0,166
286,84,1120.0,2980.0,8.0,7.0,1,145,0,159
286,85,1113.0,2965.0,8.0,7.0,1,143,0,158
286,87,855.0,2982.0,11.0,10.0,1,134,0,156
286,91,972.0,2985.0,11.0,8.0,1,124,0,149
286,94,806.0,2982.0,8.0,9.0,1,121,0,143
286,97,1162.0,2973.0,9.0,6.0,1,121,0,131
286,101,1036.0,2980.0,5.0,5.0,1,102,0,118
286,144,1078.0,2976.0,5.0,6.0,1,15,0,18
287,5,1700.0,3112.0,19.0,9.0,0,220,1,285
287,42,1145.0,2970.0,10.0,6.0,1,197,0,212
287,49,1194.0,2963.0,10.0,8.0,1,187,0,206
287,52,1086.0,2979.0,7.0,6.0,0,183,1,202
287,53,1207.0,2967.0,9.0,7.0,1,164,0,202
287,54,1056.0,2977.0,8.0,5.0,1,178,0,201
287,56,1087.0,2978.0,6.0,6.0,1,185,0,199
287,60,1009.0,2976.0,8.0,6.0,1,176,0,189
287,61,933.0,2983.0,10.0,5.0,1,172,0,189
287,64,839.0,2981.0,8.0,8.0,1,157,0,184
287,65,848.0,2983.0,13.0,9.0,1,159,0,183
287,71,1172.0,2970.0,7.0,7.0,1,157,0,179
287,74,874.0,2984.0,7.0,7.0,1,147,0,178
287,77,990.0,2983.0,5.0,2.0,1,153,0,175
287,78,1093.0,2972.0,7.0,8.0,1,151,0,175
287,81,768.0,2982.0,10.0,10.0,1,137,0,167
287,84,1118.0,2976.0,6.0,7.0,1,146,0,160
287,85,1113.0,2965.0,8.0,7.0,0,143,1,159
287,87,861.0,2981.0,8.0,12.0,1,135,0,157
287,91,965.0,2984.0,8.0,5.0,1,125,0,150
287,94,792.0,2985.0,9.0,9.0,1,122,0,144
287,97,1158.0,2967.0,10.0,6.0,1,122,0,132
287,101,1025.0,2975.0,6.0,10.0,1,103,0,119
287,144,1072.0,2977.0,6.0,6.0,1,16,0,19
288,5,1701.0,3105.0,20.0,9.0,1,221,0,286
288,42,1131.0,2969.0,5.0,5.0,1,198,0,213
288,49,1182.0,2970.0,9.0,6.0,1,188,0,207
288,52,1080.0,2978.0,6.0,5.0,1,184,0,203
288,53,1202.0,2965.0,8.0,10.0,1,165,0,203
288,54,1048.0,2965.0,12.0,10.0,1,179,0,202
288,56,1082.0,2980.0,9.0,5.0,1,186,0,200
288,60,1001.0,2980.0,13.0,8.0,1,177,0,190
288,61,900.0,2983.0,9.0,8.0,1,173,0,190
288,64,839.0,2981.0,8.0,8.0,0,157,1,185
288,65,848.0,2983.0,13.0,9.0,0,159,1,184
288,71,1172.0,2965.0,8.0,6.0,1,158,0,180
288,74,874.0,2984.0,7.0,7.0,0,147,1,179
288,77,984.0,2982.0,8.0,6.0,1,154,0,176
288,78,1093.0,2972.0,7.0,8.0,0,151,1,176
288,81,764.0,2985.0,8.0,6.0,1,138,0,168
288,84,1107.0,2975.0,6.0,8.0,1,147,0,161
288,85,1103.0,2964.0,9.0,9.0,1,144,0,160
288,87,854.0,2985.0,7.0,9.0,1,136,0,158
288,91,957.0,2984.0,10.0,8.0,1,126,0,151
288,94,794.0,2977.0,8.0,11.0,1,123,0,145
288,97,1158.0,2967.0,10.0,6.0,0,122,1,133
288,101,1019.0,2977.0,7.0,9.0,1,104,0,120
288,144,1067.0,2974.0,7.0,5.0,1,17,0,20
289,5,1705.0,3106.0,19.0,9.0,1,222,0,287
289,42,1121.0,2968.0,5.0,5.0,1,199,0,214
289,49,1180.0,2964.0,8.0,8.0,1,189,0,208
289,52,1071.0,2975.0,8.0,9.0,1,185,0,204
289,53,1199.0,2965.0,8.0,9.0,1,166,0,204
289,54,1047.0,2974.0,9.0,9.0,1,180,0,203
289,56,1082.0,2980.0,9.0,5.0,0,186,1,201
289,60,996.0,2980.0,11.0,6.0,1,178,0,191
289,61,913.0,2987.0,9.0,6.0,1,174,0,191
289,64,822.0,2987.0,8.0,9.0,1,158,0,186
289,65,848.0,2983.0,13.0,9.0,0,159,2,185
289,71,1172.0,2965.0,8.0,6.0,0,158,1,181
289,74,867.0,2983.0,8.0,11.0,1,148,0,180
289,77,976.0,2981.0,7.0,6.0,1,155,0,177
289,78,1086.0,2974.0,5.0,5.0,1,152,0,177
289,81,757.0,2983.0,10.0,9.0,1,139,0,169
289,84,1089.0,2975.0,8.0,7.0,1,148,0,162
289,85,1103.0,2964.0,9.0,9.0,0,144,1,161
289,87,845.0,2986.0,9.0,6.0,1,137,0,159
289,91,957.0,2984.0,10.0,8.0,0,126,1,152
289,94,776.0,2978.0,10.0,6.0,1,124,0,146
289,97,1158.0,2967.0,10.0,6.0,0,122,2,134
289,101,1019.0,2977.0,7.0,9.0,0,104,1,121
289,144,1061.0,2968.0,7.0,9.0,1,18,0,21
290,5,1704.0,3102.0,21.0,10.0,1,223,0,288
290,42,1121.0,2968.0,5.0,5.0,0,199,1,215
290,49,1180.0,2964.0,8.0,8.0,0,189,1,209
290,52,1066.0,2976.0,8.0,6.0,1,186,0,205
290,53,1190.0,2966.0,8.0,10.0,1,167,0,205
290,54,1036.0,2976.0,11.0,7.0,1,181,0,204
290,56,1082.0,2980.0,9.0,5.0,0,186,2,202
290,60,991.0,2976.0,9.0,7.0,1,179,0,192
290,61,886.0,2979.0,11.0,9.0,1,175,0,192
290,64,818.0,2983.0,8.0,10.0,1,159,0,187
290,65,823.0,2987.0,12.0,9.0,1,160,0,186
290,71,1172.0,2965.0,8.0,6.0,0,158,2,182
290,74,860.0,2986.0,8.0,8.0,1,149,0,181
290,77,942.0,2984.0,11.0,9.0,1,156,0,178
290,78,1086.0,2974.0,5.0,5.0,0,152,1,178
290,81,757.0,2983.0,10.0,9.0,0,139,1,170
290,84,1091.0,2976.0,6.0,6.0,1,149,0,163
290,85,1096.0,2973.0,7.0,6.0,1,145,0,162
290,87,845.0,2982.0,6.0,8.0,1,138,0,160
290,91,915.0,2982.0,7.0,5.0,1,127,0,153
290,94,780.0,2981.0,8.0,9.0,1,125,0,147
290,97,1136.0,2965.0,9.0,7.0,1,123,0,135
290,101,1007.0,2981.0,10.0,6.0,1,105,0,122
290,144,1056.0,2979.0,7.0,6.0,1,19,0,22
291,5,1703.0,3107.0,21.0,11.0,1,224,0,289
291,42,1119.0,2969.0,7.0,8.0,1,200,0,216
291,49,1163.0,2959.0,8.0,8.0,1,190,0,210
291,52,1062.0,2975.0,7.0,9.0,1,187,0,206
291,53,1190.0,2966.0,8.0,10.0,0,167,1,206
291,54,1031.0,2972.0,10.0,10.0,1,182,0,205
291,56,1082.0,2980.0,9.0,5.0,0,186,3,203
291,60,989.0,2978.0,8.0,7.0,1,180,0,193
291,61,906.0,2985.0,9.0,7.0,1,176,0,193
291,64,810.0,2979.0,7.0,10.0,1,160,0,188
291,65,821.0,2985.0,11.0,7.0,1,161,0,187
291,71,1150.0,2966.0,8.0,8.0,1,159,0,183
291,74,881.0,2980.0,12.0,9.0,1,150,0,182
291,77,967.0,2982.0,9.0,3.0,1,157,0,179
291,78,1070.0,2972.0,5.0,8.0,1,153,0,179
291,81,744.0,2983.0,7.0,8.0,1,140,0,171
291,84,1090.0,2980.0,7.0,6.0,1,150,0,164
291,85,1095.0,2970.0,8.0,8.0,1,146,0,163
291,87,845.0,2982.0,6.0,8.0,0,138,1,161
291,91,938.0,2979.0,8.0,7.0,1,128,0,154
291,94,780.0,2981.0,8.0,9.0,0,125,1,148
291,97,1133.0,2972.0,9.0,6.0,1,124,0,136
291,101,999.0,2975.0,8.0,7.0,1,106,0,123
291,144,1047.0,2977.0,7.0,8.0,1,20,0,23
292,5,1708.0,3103.0,20.0,10.0,1,225,0,290
292,42,1119.0,2969.0,7.0,8.0,0,200,1,217
292,49,1163.0,2959.0,8.0,8.0,0,190,1,211
292,52,1052.0,2975.0,10.0,6.0,1,188,0,207
292,53,1179.0,2968.0,8.0,9.0,1,168,0,207
292,54,1031.0,2972.0,10.0,10.0,0,182,1,206
292,56,1082.0,2980.0,9.0,5.0,0,186,4,204
292,60,982.0,2978.0,10.0,7.0,1,181,0,194
292,61,871.0,2984.0,7.0,8.0,1,177,0,194
292,64,806.0,2980.0,7.0,11.0,1,161,0,189
292,65,811.0,2981.0,11.0,10.0,1,162,0,188
292,71,1150.0,2966.0,8.0,8.0,0,159,1,184
292,74,846.0,2980.0,6.0,12.0,1,151,0,183
292,77,935.0,2982.0,9.0,8.0,1,158,0,180
292,78,1058.0,2968.0,7.0,10.0,1,154,0,180
292,81,744.0,2983.0,7.0,8.0,0,140,1,172
292,84,1088.0,2975.0,7.0,8.0,1,151,0,165
292,85,1082.0,2962.0,10.0,7.0,1,147,0,164
292,87,832.0,2976.0,7.0,9.0,1,139,0,162
292,91,899.0,2980.0,8.0,9.0,1,129,0,155
292,94,764.0,2982.0,8.0,9.0,1,126,0,149
292,97,1128.0,2969.0,8.0,9.0,1,125,0,137
292,101,956.0,2987.0,8.0,6.0,1,107,0,124
292,144,1047.0,2977.0,7.0,8.0,0,20,1,24
293,5,1708.0,3111.0,20.0,11.0,1,226,0,291
293,42,1103.0,2968.0,10.0,6.0,1,201,0,218
293,49,1156.0,2966.0,9.0,6.0,1,191,0,212
293,52,1044.0,2977.0,7.0,7.0,1,189,0,208
293,53,1175.0,2970.0,9.0,9.0,1,169,0,208
293,54,1013.0,2973.0,11.0,9.0,1,183,0,207
293,56,1057.0,2977.0,7.0,6.0,1,187,0,205
293,60,988.0,2980.0,9.0,5.0,1,182,0,195
293,61,895.0,2980.0,9.0,5.0,1,178,0,195
293,64,794.0,2980.0,9.0,10.0,1,162,0,190
293,65,814.0,2982.0,10.0,9.0,1,163,0,189
293,71,1139.0,2960.0,10.0,10.0,1,160,0,185
293,74,848.0,2983.0,9.0,7.0,1,152,0,184
293,77,975.0,2981.0,9.0,9.0,1,159,0,181
293,78,1071.0,2981.0,6.0,6.0,1,155,0,181
293,81,744.0,2983.0,7.0,8.0,0,140,2,173
293,84,1076.0,2984.0,8.0,7.0,1,152,0,166
293,85,1081.0,2967.0,11.0,9.0,1,148,0,165
293,87,868.0,2987.0,8.0,7.0,1,140,0,163
293,91,929.0,2983.0,9.0,7.0,1,130,0,156
293,94,762.0,2980.0,8.0,5.0,1,127,0,150
293,97,1125.0,2968.0,8.0,5.0,1,126,0,138
293,101,958.0,2984.0,8.0,6.0,1,108,0,125
293,144,1035.0,2970.0,8.0,11.0,1,21,0,25
294,5,1711.0,3105.0,20.0,10.0,1,227,0,292
294,42,1098.0,2970.0,10.0,9.0,1,202,0,219
294,49,1153.0,2960.0,7.0,9.0,1,192,0,213
294,52,1044.0,2977.0,7.0,7.0,0,189,1,209
294,53,1170.0,2974.0,8.0,8.0,1,170,0,209
294,54,1013.0,2973.0,13.0,8.0,1,184,0,208
294,56,1046.0,2971.0,7.0,7.0,1,188,0,206
294,60,981.0,2978.0,8.0,6.0,1,183,0,196
294,61,855.0,2984.0,7.0,7.0,1,179,0,196
294,64,796.0,2984.0,11.0,8.0,1,163,0,191
294,65,798.0,2980.0,9.0,8.0,1,164,0,190
294,71,1134.0,2962.0,7.0,10.0,1,161,0,186
294,74,815.0,2980.0,7.0,8.0,1,153,0,185
294,77,965.0,2985.0,11.0,8.0,1,160,0,182
294,78,1063.0,2970.0,6.0,7.0,1,156,0,182
294,81,744.0,2983.0,7.0,8.0,0,140,3,174
294,84,1066.0,2981.0,6.0,7.0,1,153,0,167
294,85,1066.0,2961.0,10.0,8.0,1,149,0,166
294,87,835.0,2987.0,7.0,8.0,1,141,0,164
294,91,889.0,2976.0,9.0,10.0,1,131,0,157
294,94,746.0,2981.0,8.0,7.0,1,128,0,151
294,97,1109.0,2966.0,10.0,5.0,1,127,0,139
294,101,948.0,2983.0,7.0,7.0,1,109,0,126
294,144,1033.0,2972.0,7.0,8.0,1,22,0,26
295,5,1705.0,3102.0,20.0,11.0,1,228,0,293
295,42,1092.0,2966.0,9.0,9.0,1,203,0,220
295,49,1143.0,2967.0,8.0,8.0,1,193,0,214
295,52,1044.0,2977.0,7.0,7.0,0,189,2,210
295,53,1157.0,2962.0,8.0,11.0,1,171,0,210
295,54,1004.0,2978.0,12.0,11.0,1,185,0,209
295,56,1044.0,2975.0,9.0,8.0,1,189,0,207
295,60,981.0,2978.0,8.0,6.0,0,183,1,197
295,61,852.0,2987.0,9.0,8.0,1,180,0,197
295,64,780.0,2989.0,9.0,7.0,1,164,0,192
295,65,797.0,2979.0,9.0,6.0,1,165,0,191
295,71,1134.0,2962.0,7.0,10.0,0,161,1,187
295,74,815.0,2977.0,7.0,8.0,1,154,0,186
295,77,958.0,2987.0,9.0,7.0,1,161,0,183
295,78,1061.0,2975.0,9.0,6.0,1,157,0,183
295,81,719.0,2984.0,6.0,7.0,1,141,0,175
295,84,1056.0,2978.0,8.0,8.0,1,154,0,168
295,85,1068.0,2963.0,8.0,10.0,1,150,0,167
295,87,827.0,2981.0,6.0,8.0,1,142,0,165
295,91,880.0,2984.0,8.0,9.0,1,132,0,158
295,94,745.0,2976.0,7.0,7.0,1,129,0,152
295,97,1110.0,2971.0,6.0,6.0,1,128,0,140
295,101,923.0,2983.0,8.0,7.0,1,110,0,127
295,144,1024.0,2976.0,7.0,10.0,1,23,0,27
296,5,1708.0,3104.0,20.0,12.0,1,229,0,294
296,42,1087.0,2964.0,11.0,6.0,1,204,0,221
296,49,1140.0,2964.0,8.0,7.0,1,194,0,215
296,52,1030.0,2981.0,9.0,8.0,1,190,0,211
296,53,1158.0,2968.0,7.0,7.0,1,172,0,211
296,54,1006.0,2970.0,8.0,8.0,1,186,0,210
296,56,1044.0,2975.0,9.0,8.0,0,189,1,208
296,60,952.0,2980.0,11.0,8.0,1,184,0,198
296,61,846.0,2985.0,9.0,9.0,1,181,0,198
296,64,780.0,2989.0,9.0,7.0,0,164,1,193
296,65,789.0,2978.0,10.0,9.0,1,166,0,192
296,71,1126.0,2958.0,7.0,8.0,1,162,0,188
296,74,805.0,2981.0,8.0,6.0,1,155,0,187
296,77,937.0,2980.0,6.0,6.0,1,162,0,184
296,78,1058.0,2976.0,6.0,5.0,1,158,0,184
296,81,714.0,2978.0,6.0,5.0,1,142,0,176
296,84,1049.0,2977.0,10.0,7.0,1,155,0,169
296,85,1062.0,2967.0,8.0,7.0,1,151,0,168
296,87,827.0,2981.0,6.0,8.0,0,142,1,166
296,91,872.0,2976.0,12.0,9.0,1,133,0,159
296,94,737.0,2976.0,7.0,10.0,1,130,0,153
296,97,1099.0,2971.0,10.0,8.0,1,129,0,141
296,101,909.0,2978.0,9.0,9.0,1,111,0,128
296,144,1014.0,2975.0,10.0,6.0,1,24,0,28
297,5,1705.0,3103.0,22.0,12.0,1,230,0,295
297,42,1084.0,2963.0,7.0,6.0,1,205,0,222
297,49,1140.0,2964.0,8.0,7.0,0,194,1,216
297,52,1030.0,2981.0,9.0,8.0,0,190,1,212
297,53,1150.0,2967.0,9.0,9.0,1,173,0,212
297,54,960.0,2979.0,9.0,5.0,1,187,0,211
297,56,1039.0,2971.0,6.0,8.0,1,190,0,209
297,60,952.0,2980.0,7.0,6.0,1,185,0,199
297,61,842.0,2982.0,9.0,9.0,1,182,0,199
297,64,770.0,2991.0,7.0,5.0,1,165,0,194
297,65,782.0,2983.0,10.0,7.0,1,167,0,193
297,71,1117.0,2960.0,6.0,11.0,1,163,0,189
297,74,799.0,2981.0,9.0,6.0,1,156,0,188
297,77,934.0,2980.0,8.0,5.0,1,163,0,185
297,78,1057.0,2971.0,7.0,6.0,1,159,0,185
297,81,700.0,2972.0,12.0,9.0,1,143,0,177
297,84,1046.0,2976.0,8.0,8.0,1,156,0,170
297,85,1054.0,2961.0,10.0,9.0,1,152,0,169
297,87,814.0,2982.0,8.0,8.0,1,143,0,167
297,91,871.0,2974.0,7.0,10.0,1,134,0,160
297,94,737.0,2976.0,7.0,10.0,0,130,1,154
297,97,1099.0,2971.0,10.0,8.0,0,129,1,142
297,101,901.0,2984.0,11.0,8.0,1,112,0,129
297,144,995.0,2977.0,12.0,10.0,1,25,0,29
298,5,1706.0,3109.0,22.0,13.0,1,231,0,296
298,42,1077.0,2966.0,7.0,8.0,1,206,0,223
298,49,1131.0,2963.0,8.0,9.0,1,195,0,217
298,52,1015.0,2971.0,11.0,8.0,1,191,0,213
298,53,1142.0,2959.0,8.0,6.0,1,174,0,213
298,54,985.0,2970.0,11.0,12.0,1,188,0,212
298,56,1028.0,2972.0,8.0,11.0,1,191,0,210
298,60,953.0,2978.0,7.0,6.0,1,186,0,200
298,61,860.0,2978.0,9.0,10.0,1,183,0,200
298,64,765.0,2985.0,8.0,10.0,1,166,0,195
298,65,774.0,2981.0,11.0,8.0,1,168,0,194
298,71,1106.0,2967.0,10.0,6.0,1,164,0,190
298,74,791.0,2977.0,11.0,6.0,1,157,0,189
298,77,943.0,2980.0,9.0,6.0,1,164,0,186
298,78,1044.0,2975.0,8.0,8.0,1,160,0,186
298,81,701.0,2982.0,7.0,5.0,1,144,0,178
298,84,1036.0,2973.0,9.0,6.0,1,157,0,171
298,85,1050.0,2968.0,9.0,8.0,1,153,0,170
298,87,831.0,2977.0,10.0,11.0,1,144,0,168
298,91,921.0,2978.0,5.0,6.0,1,135,0,161
298,94,737.0,2976.0,7.0,10.0,0,130,2,155
298,97,1097.0,2964.0,7.0,5.0,1,130,0,143
298,101,898.0,2984.0,9.0,7.0,1,113,0,130
298,144,1011.0,2970.0,7.0,10.0,1,26,0,30
299,5,1706.0,3109.0,22.0,13.0,0,231,1,297
299,42,1077.0,2966.0,7.0,8.0,0,206,1,224
299,49,1128.0,2964.0,8.0,9.0,1,196,0,218
299,52,1013.0,2977.0,8.0,9.0,1,192,0,214
299,53,1136.0,2965.0,8.0,10.0,1,175,0,214
299,54,979.0,2976.0,9.0,10.0,1,189,0,213
299,56,1021.0,2979.0,10.0,7.0,1,192,0,211
299,60,953.0,2980.0,7.0,7.0,1,187,0,201
299,61,854.0,2986.0,12.0,9.0,1,184,0,201
299,64,758.0,2990.0,8.0,6.0,1,167,0,196
299,65,774.0,2981.0,11.0,8.0,0,168,1,195
299,71,1108.0,2962.0,7.0,8.0,1,165,0,191
299,74,802.0,2988.0,10.0,6.0,1,158,0,190
299,77,943.0,2980.0,9.0,6.0,0,164,1,187
299,78,1040.0,2978.0,8.0,9.0,1,161,0,187
299,81,691.0,2974.0,13.0,11.0,1,145,0,179
299,84,1032.0,2970.0,9.0,9.0,1,158,0,172
299,85,1041.0,2968.0,11.0,8.0,1,154,0,171
299,87,832.0,2984.0,10.0,10.0,1,145,0,169
299,91,912.0,2986.0,7.0,5.0,1,136,0,162
299,94,737.0,2976.0,7.0,10.0,0,130,3,156
299,97,1083.0,2967.0,9.0,6.0,1,131,0,144
299,101,898.0,2984.0,9.0,7.0,0,113,1,131
299,144,1011.0,2970.0,7.0,10.0,0,26,1,31
300,5,1710.0,3107.0,20.0,11.0,1,232,0,298
300,42,1067.0,2964.0,9.0,10.0,1,207,0,225
300,49,1115.0,2958.0,8.0,7.0,1,197,0,219
300,52,1001.0,2973.0,9.0,11.0,1,193,0,215
300,53,1140.0,2969.0,7.0,7.0,1,176,0,215
300,54,978.0,2976.0,12.0,10.0,1,190,0,214
300,56,1018.0,2976.0,7.0,10.0,1,193,0,212
300,60,945.0,2978.0,7.0,3.0,1,188,0,202
300,61,822.0,2985.0,11.0,9.0,1,185,0,202
300,64,752.0,2983.0,8.0,12.0,1,168,0,197
300,65,762.0,2981.0,13.0,7.0,1,169,0,196
300,71,1105.0,2963.0,7.0,8.0,1,166,0,192
300,74,782.0,2981.0,12.0,8.0,1,159,0,191
300,77,929.0,2982.0,8.0,8.0,1,165,0,188
300,78,1034.0,2974.0,8.0,9.0,1,162,0,188
300,81,684.0,2967.0,16.0,15.0,1,146,0,180
300,84,1028.0,2977.0,9.0,9.0,1,159,0,173
300,85,1037.0,2969.0,10.0,7.0,1,155,0,172
300,87,797.0,2976.0,8.0,9.0,1,146,0,170
300,91,878.0,2983.0,11.0,8.0,1,137,0,163
300,94,716.0,2978.0,5.0,5.0,1,131,0,157
300,97,1080.0,2970.0,8.0,8.0,1,132,0,145
300,101,847.0,2978.0,10.0,9.0,1,114,0,132
300,144,996.0,2974.0,9.0,7.0,1,27,0,32
301,5,1710.0,3107.0,20.0,11.0,0,232,1,299
301,42,1059.0,2969.0,9.0,7.0,1,208,0,226
301,49,1108.0,2963.0,8.0,8.0,1,198,0,220
301,52,1001.0,2973.0,9.0,11.0,0,193,1,216
301,53,1132.0,2967.0,6.0,7.0,1,177,0,216
301,54,929.0,2985.0,9.0,7.0,1,191,0,215
301,56,1018.0,2976.0,7.0,10.0,0,193,1,213
301,60,937.0,2979.0,7.0,5.0,1,189,0,203
301,61,816.0,2986.0,8.0,9.0,1,186,0,203
301,64,745.0,2991.0,10.0,7.0,1,169,0,198
301,65,774.0,2983.0,11.0,5.0,1,170,0,197
301,71,1098.0,2963.0,10.0,8.0,1,167,0,193
301,74,782.0,2978.0,9.0,6.0,1,160,0,192
301,77,908.0,2979.0,8.0,5.0,1,166,0,189
301,78,1034.0,2974.0,8.0,9.0,0,162,1,189
301,81,678.0,2965.0,17.0,13.0,1,147,0,181
301,84,1018.0,2974.0,8.0,8.0,1,160,0,174
301,85,1037.0,2969.0,10.0,7.0,0,155,1,173
301,87,797.0,2976.0,8.0,9.0,0,146,1,171
301,91,878.0,2980.0,8.0,10.0,1,138,0,164
301,94,716.0,2978.0,5.0,5.0,0,131,1,158
301,97,1077.0,2968.0,9.0,7.0,1,133,0,146
301,101,844.0,2977.0,9.0,9.0,1,115,0,133
301,144,987.0,2978.0,10.0,8.0,1,28,0,33
302,5,1706.0,3104.0,19.0,10.0,1,233,0,300
302,42,1054.0,2965.0,10.0,7.0,1,209,0,227
302,49,1107.0,2965.0,9.0,10.0,1,199,0,221
302,52,961.0,2977.0,9.0,9.0,1,194,0,217
302,53,1125.0,2967.0,6.0,6.0,1,178,0,217
302,54,934.0,2981.0,6.0,6.0,1,192,0,216
302,56,1005.0,2976.0,8.0,9.0,1,194,0,214
302,60,919.0,2981.0,9.0,9.0,1,190,0,204
302,61,816.0,2986.0,8.0,9.0,0,186,1,204
302,64,744.0,2987.0,12.0,8.0,1,170,0,199
302,65,747.0,2973.0,12.0,9.0,1,171,0,198
302,71,1098.0,2963.0,10.0,8.0,0,167,1,194
302,74,767.0,2978.0,8.0,6.0,1,161,0,193
302,77,898.0,2974.0,9.0,9.0,1,167,0,190
302,78,1025.0,2980.0,9.0,8.0,1,163,0,190
302,81,672.0,2977.0,9.0,10.0,1,148,0,182
302,84,1014.0,2970.0,7.0,9.0,1,161,0,175
302,85,1026.0,2963.0,9.0,8.0,1,156,0,174
302,87,797.0,2976.0,8.0,9.0,0,146,2,172
302,91,874.0,2990.0,8.0,8.0,1,139,0,165
302,94,716.0,2978.0,5.0,5.0,0,131,2,159
302,97,1069.0,2959.0,9.0,9.0,1,134,0,147
302,101,844.0,2977.0,9.0,9.0,0,115,1,134
302,144,982.0,2978.0,8.0,5.0,1,29,0,34
303,5,1706.0,3104.0,19.0,10.0,0,233,1,301
303,42,1024.0,2967.0,10.0,7.0,1,210,0,228
303,49,1099.0,2968.0,7.0,8.0,1,200,0,222
303,52,954.0,2970.0,12.0,9.0,1,195,0,218
303,53,1123.0,2962.0,7.0,8.0,1,179,0,218
303,54,928.0,2981.0,8.0,9.0,1,193,0,217
303,56,990.0,2974.0,6.0,7.0,1,195,0,215
303,60,907.0,2985.0,9.0,6.0,1,191,0,205
303,61,801.0,2986.0,10.0,8.0,1,187,0,205
303,64,739.0,2980.0,8.0,8.0,1,171,0,200
303,65,743.0,2975.0,11.0,7.0,1,172,0,199
303,71,1077.0,2964.0,10.0,7.0,1,168,0,195
303,74,757.0,2981.0,7.0,6.0,1,162,0,194
303,77,891.0,2983.0,5.0,8.0,1,168,0,191
303,78,1019.0,2980.0,6.0,6.0,1,164,0,191
303,81,672.0,2973.0,14.0,13.0,1,149,0,183
303,84,999.0,2973.0,8.0,9.0,1,162,0,176
303,85,1009.0,2974.0,10.0,8.0,1,157,0,175
303,87,797.0,2976.0,8.0,9.0,0,146,3,173
303,91,861.0,2980.0,9.0,9.0,1,140,0,166
303,94,716.0,2978.0,5.0,5.0,0,131,3,160
303,97,1066.0,2964.0,7.0,7.0,1,135,0,148
303,101,827.0,2973.0,10.0,12.0,1,116,0,135
303,144,971.0,2979.0,9.0,7.0,1,30,0,35
304,5,1710.0,3107.0,15.0,8.0,1,234,0,302
304,42,1016.0,2963.0,10.0,8.0,1,211,0,229
304,49,1082.0,3059.0,11.0,8.0,1,201,0,223
304,52,947.0,2973.0,10.0,8.0,1,196,0,219
304,53,1115.0,2968.0,6.0,4.0,1,180,0,219
304,54,926.0,2981.0,5.0,4.0,1,194,0,218
304,56,987.0,2975.0,9.0,8.0,1,196,0,216
304,60,907.0,2985.0,9.0,6.0,0,191,1,206
304,61,770.0,2984.0,12.0,11.0,1,188,0,206
304,64,726.0,2985.0,7.0,8.0,1,172,0,201
304,65,736.0,2980.0,13.0,8.0,1,173,0,200
304,71,1077.0,2964.0,10.0,7.0,0,168,1,196
304,74,754.0,2982.0,10.0,8.0,1,163,0,195
304,77,860.0,2976.0,9.0,9.0,1,169,0,192
304,78,1019.0,2980.0,6.0,6.0,0,164,1,192
304,81,672.0,2973.0,14.0,13.0,0,149,1,184
304,84,1002.0,2965.0,8.0,10.0,1,163,0,177
304,85,1009.0,2974.0,8.0,10.0,1,158,0,176
304,87,778.0,2929.0,6.0,6.0,1,147,0,174
304,91,825.0,2982.0,11.0,11.0,1,141,0,167
304,94,684.0,2975.0,11.0,8.0,1,132,0,161
304,97,1040.0,2965.0,9.0,9.0,1,136,0,149
304,101,804.0,2984.0,9.0,9.0,1,117,0,136
304,144,965.0,2974.0,6.0,9.0,1,31,0,36
305,5,1712.0,3113.0,16.0,8.0,1,235,0,303
305,42,1036.0,2966.0,9.0,6.0,1,212,0,230
305,49,1096.0,2961.0,8.0,7.0,1,202,0,224
305,52,941.0,2977.0,10.0,8.0,1,197,0,220
305,53,1108.0,2959.0,9.0,8.0,1,181,0,220
305,54,916.0,2982.0,9.0,7.0,1,195,0,219
305,56,981.0,2973.0,9.0,9.0,1,197,0,217
305,60,898.0,2977.0,9.0,8.0,1,192,0,207
305,61,762.0,2985.0,9.0,7.0,1,189,0,207
305,64,726.0,2985.0,7.0,8.0,0,172,1,202
305,65,733.0,2977.0,12.0,10.0,1,174,0,201
305,71,1077.0,2963.0,5.0,7.0,1,169,0,197
305,74,744.0,2985.0,9.0,6.0,1,164,0,196
305,77,879.0,2974.0,6.0,9.0,1,170,0,193
305,78,1007.0,2980.0,6.0,7.0,1,165,0,193
305,81,652.0,2973.0,15.0,10.0,1,150,0,185
305,84,1006.0,2969.0,12.0,7.0,1,164,0,178
305,85,998.0,2979.0,10.0,8.0,1,159,0,177
305,87,816.0,2977.0,12.0,11.0,1,148,0,175
305,91,849.0,2986.0,10.0,9.0,1,142,0,168
305,94,682.0,2983.0,7.0,5.0,1,133,0,162
305,97,1055.0,2963.0,8.0,5.0,1,137,0,150
305,101,794.0,2980.0,9.0,10.0,1,118,0,137
305,144,971.0,2974.0,6.0,7.0,1,32,0,37
306,5,1707.0,3109.0,15.0,8.0,1,236,0,304
306,42,1028.0,2966.0,10.0,6.0,1,213,0,231
306,49,1096.0,2961.0,8.0,7.0,0,202,1,225
306,52,939.0,2977.0,11.0,9.0,1,198,0,221
306,53,1100.0,2966.0,10.0,3.0,1,182,0,221
306,54,916.0,2982.0,9.0,7.0,0,195,1,220
306,56,964.0,2975.0,8.0,7.0,1,198,0,218
306,60,894.0,2976.0,8.0,7.0,1,193,0,208
306,61,763.0,2978.0,10.0,8.0,1,190,0,208
306,64,726.0,2985.0,7.0,8.0,0,172,2,203
306,65,724.0,2979.0,13.0,10.0,1,175,0,202
306,71,1077.0,2963.0,5.0,7.0,0,169,1,198
306,74,744.0,2985.0,9.0,6.0,0,164,1,197
306,77,879.0,2974.0,6.0,9.0,0,170,1,194
306,78,1003.0,2965.0,11.0,9.0,1,166,0,194
306,81,651.0,2974.0,11.0,10.0,1,151,0,186
306,84,990.0,2968.0,9.0,8.0,1,165,0,179
306,85,984.0,2973.0,9.0,8.0,1,160,0,178
306,87,810.0,2981.0,13.0,11.0,1,149,0,176
306,91,849.0,2986.0,10.0,9.0,0,142,1,169
306,94,673.0,2975.0,8.0,5.0,1,134,0,163
306,97,1049.0,2969.0,10.0,9.0,1,138,0,151
306,101,782.0,2982.0,10.0,7.0,1,119,0,138
306,144,954.0,2974.0,6.0,8.0,1,33,0,38
307,5,1703.0,3112.0,15.0,8.0,1,237,0,305
307,42,1034.0,2963.0,8.0,8.0,1,214,0,232
307,49,1096.0,2961.0,8.0,7.0,0,202,2,226
307,52,934.0,2973.0,10.0,9.0,1,199,0,222
307,53,1084.0,2964.0,8.0,9.0,1,183,0,222
307,54,907.0,2973.0,8.0,4.0,1,196,0,221
307,56,960.0,2975.0,8.0,6.0,1,199,0,219
307,60,884.0,2979.0,9.0,10.0,1,194,0,209
307,61,755.0,2975.0,11.0,10.0,1,191,0,209
307,64,709.0,2983.0,6.0,10.0,1,173,0,204
307,65,714.0,2982.0,12.0,8.0,1,176,0,203
307,71,1062.0,2961.0,9.0,7.0,1,170,0,199
307,74,736.0,2978.0,9.0,8.0,1,165,0,198
307,77,863.0,2988.0,8.0,7.0,1,171,0,195
307,78,998.0,2968.0,11.0,9.0,1,167,0,195
307,81,645.0,2920.0,8.0,6.0,1,152,0,187
307,84,1001.0,2983.0,7.0,8.0,1,166,0,180
307,85,988.0,2975.0,9.0,9.0,1,161,0,179
307,87,808.0,2973.0,9.0,10.0,1,150,0,177
307,91,833.0,2976.0,11.0,10.0,1,143,0,170
307,94,673.0,2974.0,6.0,7.0,1,135,0,164
307,97,1038.0,2964.0,12.0,8.0,1,139,0,152
307,101,782.0,2982.0,10.0,7.0,0,119,1,139
307,144,950.0,2974.0,7.0,7.0,1,34,0,39
308,5,1703.0,3114.0,16.0,8.0,1,238,0,306
308,42,1034.0,2963.0,8.0,8.0,0,214,1,233
308,49,1073.0,2970.0,11.0,6.0,1,203,0,227
308,52,953.0,2976.0,10.0,7.0,1,200,0,223
308,53,1091.0,2962.0,7.0,6.0,1,184,0,223
308,54,918.0,2975.0,14.0,12.0,1,197,0,222
308,56,967.0,2974.0,10.0,7.0,1,200,0,220
308,60,881.0,2983.0,9.0,7.0,1,195,0,210
308,61,755.0,2975.0,11.0,10.0,0,191,1,210
308,64,702.0,2985.0,6.0,12.0,1,174,0,205
308,65,707.0,2975.0,11.0,9.0,1,177,0,204
308,71,1057.0,2963.0,8.0,6.0,1,171,0,200
308,74,736.0,2978.0,9.0,8.0,0,165,1,199
308,77,863.0,2988.0,8.0,7.0,0,171,1,196
308,78,992.0,2962.0,10.0,8.0,1,168,0,196
308,81,645.0,2920.0,8.0,6.0,0,152,1,188
308,84,993.0,2977.0,7.0,10.0,1,167,0,181
308,85,979.0,2978.0,7.0,7.0,1,162,0,180
308,87,797.0,2976.0,10.0,7.0,1,151,0,178
308,91,833.0,2976.0,11.0,10.0,0,143,1,171
308,94,640.0,2969.0,9.0,11.0,1,136,0,165
308,97,1040.0,2969.0,10.0,8.0,1,140,0,153
308,101,775.0,2980.0,10.0,7.0,1,120,0,140
308,144,943.0,2974.0,6.0,9.0,1,35,0,40
309,5,1709.0,3107.0,15.0,11.0,1,239,0,307
309,42,1009.0,2969.0,11.0,8.0,1,215,0,234
309,49,1064.0,2962.0,12.0,7.0,1,204,0,228
309,52,934.0,2979.0,6.0,9.0,1,201,0,224
309,53,1087.0,2964.0,9.0,8.0,1,185,0,224
309,54,889.0,2983.0,7.0,9.0,1,198,0,223
309,56,960.0,2976.0,10.0,7.0,1,201,0,221
309,60,874.0,2977.0,8.0,8.0,1,196,0,211
309,61,755.0,2975.0,11.0,10.0,0,191,2,211
309,64,694.0,2981.0,11.0,8.0,1,175,0,206
309,65,703.0,2979.0,13.0,13.0,1,178,0,205
309,71,1049.0,2961.0,11.0,6.0,1,172,0,201
309,74,736.0,2978.0,9.0,8.0,0,165,2,200
309,77,860.0,2978.0,6.0,9.0,1,172,0,197
309,78,992.0,2962.0,10.0,8.0,0,168,1,197
309,81,645.0,2920.0,8.0,6.0,0,152,2,189
309,84,983.0,2979.0,6.0,8.0,1,168,0,182
309,85,971.0,2972.0,7.0,7.0,1,163,0,181
309,87,795.0,2976.0,10.0,10.0,1,152,0,179
309,91,833.0,2976.0,11.0,10.0,0,143,2,172
309,94,627.0,2970.0,11.0,11.0,1,137,0,166
309,97,1026.0,2965.0,11.0,7.0,1,141,0,154
309,101,749.0,2977.0,8.0,10.0,1,121,0,141
309,144,916.0,2973.0,8.0,8.0,1,36,0,41
310,5,1699.0,3116.0,18.0,8.0,1,240,0,308
310,42,1009.0,2969.0,11.0,8.0,0,215,1,235
310,49,1064.0,2959.0,12.0,6.0,1,205,0,229
310,52,935.0,2980.0,8.0,7.0,1,202,0,225
310,53,1078.0,2964.0,12.0,8.0,1,186,0,225
310,54,889.0,2983.0,7.0,9.0,0,198,1,224
310,56,958.0,2972.0,10.0,9.0,1,202,0,222
310,60,868.0,2977.0,7.0,6.0,1,197,0,212
310,61,730.0,2980.0,14.0,11.0,1,192,0,212
310,64,681.0,2986.0,13.0,6.0,1,176,0,207
310,65,693.0,2979.0,15.0,12.0,1,179,0,206
310,71,1048.0,2964.0,8.0,5.0,1,173,0,202
310,74,720.0,2983.0,6.0,8.0,1,166,0,201
310,77,846.0,2982.0,10.0,6.0,1,173,0,198
310,78,980.0,2964.0,13.0,8.0,1,169,0,198
310,81,645.0,2920.0,8.0,6.0,0,152,3,190
310,84,974.0,2977.0,8.0,9.0,1,169,0,183
310,85,966.0,2975.0,9.0,8.0,1,164,0,182
310,87,795.0,2976.0,10.0,10.0,0,152,1,180
310,91,833.0,2976.0,11.0,10.0,0,143,3,173
310,94,653.0,2972.0,6.0,6.0,1,138,0,167
310,97,1026.0,2965.0,11.0,7.0,0,141,1,155
310,101,749.0,2977.0,8.0,10.0,0,121,1,142
310,144,927.0,2983.0,6.0,8.0,1,37,0,42
311,5,1708.0,3115.0,15.0,8.0,1,241,0,309
311,42,1009.0,2969.0,11.0,8.0,0,215,2,236
311,49,1057.0,2966.0,9.0,7.0,1,206,0,230
311,52,936.0,2981.0,9.0,8.0,1,203,0,226
311,53,1072.0,2957.0,9.0,7.0,1,187,0,226
311,54,906.0,2979.0,10.0,9.0,1,199,0,225
311,56,949.0,2977.0,9.0,7.0,1,203,0,223
311,60,878.0,2978.0,8.0,8.0,1,198,0,213
311,61,734.0,2981.0,11.0,9.0,1,193,0,213
311,64,679.0,2986.0,8.0,8.0,1,177,0,208
311,65,692.0,2978.0,15.0,9.0,1,180,0,207
311,71,1048.0,2964.0,8.0,5.0,0,173,1,203
311,74,720.0,2983.0,6.0,8.0,0,166,1,202
311,77,864.0,2986.0,7.0,7.0,1,174,0,199
311,78,979.0,2964.0,9.0,7.0,1,170,0,199
311,81,627.0,2974.0,6.0,7.0,1,153,0,191
311,84,973.0,2977.0,6.0,9.0,1,170,0,184
311,85,962.0,2966.0,9.0,8.0,1,165,0,183
311,87,782.0,2976.0,11.0,7.0,1,153,0,181
311,91,815.0,2979.0,11.0,9.0,1,144,0,174
311,94,637.0,2975.0,9.0,6.0,1,139,0,168
311,97,1026.0,2965.0,11.0,7.0,0,141,2,156
311,101,754.0,2975.0,11.0,8.0,1,122,0,143
311,144,920.0,2978.0,7.0,10.0,1,38,0,43
312,5,1705.0,3118.0,14.0,5.0,1,242,0,310
312,42,1001.0,2961.0,7.0,7.0,1,216,0,237
312,49,1051.0,2956.0,11.0,7.0,1,207,0,231
312,52,925.0,2974.0,9.0,8.0,1,204,0,227
312,53,1072.0,2960.0,8.0,7.0,1,188,0,227
312,54,876.0,2979.0,9.0,7.0,1,200,0,226
312,56,946.0,2969.0,7.0,12.0,1,204,0,224
312,60,863.0,2984.0,5.0,5.0,1,199,0,214
312,61,726.0,2978.0,9.0,7.0,1,194,0,214
312,64,679.0,2986.0,8.0,8.0,0,177,1,209
312,65,687.0,2974.0,15.0,11.0,1,181,0,208
312,71,1039.0,2964.0,6.0,5.0,1,174,0,204
312,74,700.0,2986.0,9.0,6.0,1,167,0,203
312,77,830.0,2982.0,10.0,8.0,1,175,0,200
312,78,969.0,2965.0,9.0,9.0,1,171,0,200
312,81,615.0,2968.0,9.0,10.0,1,154,0,192
312,84,964.0,2972.0,7.0,10.0,1,171,0,185
312,85,958.0,2976.0,8.0,9.0,1,166,0,184
312,87,777.0,2972.0,6.0,9.0,1,154,0,182
312,91,810.0,2982.0,8.0,8.0,1,145,0,175
312,94,630.0,2969.0,10.0,9.0,1,140,0,169
312,97,1016.0,2968.0,9.0,7.0,1,142,0,157
312,101,746.0,2981.0,10.0,7.0,1,123,0,144
312,144,913.0,2976.0,7.0,9.0,1,39,0,44
313,5,1697.0,3112.0,18.0,6.0,1,243,0,311
313,42,993.0,2962.0,9.0,9.0,1,217,0,238
313,49,1053.0,2960.0,9.0,6.0,1,208,0,232
313,52,929.0,2976.0,5.0,8.0,1,205,0,228
313,53,1065.0,2960.0,10.0,8.0,1,189,0,228
313,54,867.0,2977.0,9.0,9.0,1,201,0,227
313,56,938.0,2975.0,7.0,7.0,1,205,0,225
313,60,852.0,2978.0,8.0,8.0,1,200,0,215
313,61,725.0,2979.0,9.0,9.0,1,195,0,215
313,64,667.0,2983.0,12.0,8.0,1,178,0,210
313,65,687.0,2974.0,15.0,11.0,0,181,1,209
313,71,1033.0,2961.0,11.0,10.0,1,175,0,205
313,74,700.0,2986.0,9.0,6.0,0,167,1,204
313,77,828.0,2977.0,7.0,10.0,1,176,0,201
313,78,969.0,2965.0,9.0,9.0,0,171,1,201
313,81,605.0,2965.0,9.0,11.0,1,155,0,193
313,84,964.0,2972.0,8.0,8.0,1,172,0,186
313,85,954.0,2972.0,6.0,11.0,1,167,0,185
313,87,772.0,2973.0,9.0,8.0,1,155,0,183
313,91,799.0,2978.0,8.0,9.0,1,146,0,176
313,94,630.0,2969.0,10.0,9.0,0,140,1,170
313,97,1009.0,2964.0,7.0,9.0,1,143,0,158
313,101,741.0,2978.0,8.0,7.0,1,124,0,145
313,144,895.0,2972.0,11.0,11.0,1,40,0,45
314,5,1702.0,3117.0,14.0,6.0,1,244,0,312
314,42,993.0,2962.0,9.0,9.0,0,217,1,239
314,49,1042.0,2958.0,10.0,7.0,1,209,0,233
314,52,900.0,2975.0,10.0,10.0,1,206,0,229
314,53,1058.0,2962.0,8.0,9.0,1,190,0,229
314,54,857.0,2983.0,9.0,11.0,1,202,0,228
314,56,920.0,2974.0,9.0,6.0,1,206,0,226
314,60,841.0,2981.0,7.0,9.0,1,201,0,216
314,61,714.0,2980.0,12.0,9.0,1,196,0,216
314,64,663.0,2981.0,11.0,6.0,1,179,0,211
314,65,666.0,2978.0,19.0,11.0,1,182,0,210
314,71,1023.0,2962.0,8.0,4.0,1,176,0,206
314,74,698.0,2980.0,9.0,5.0,1,168,0,205
314,77,820.0,2988.0,7.0,5.0,1,177,0,202
314,78,963.0,2967.0,9.0,9.0,1,172,0,202
314,81,604.0,2970.0,11.0,11.0,1,156,0,194
314,84,947.0,2979.0,5.0,10.0,1,173,0,187
314,85,934.0,2979.0,9.0,9.0,1,168,0,186
314,87,764.0,2976.0,11.0,9.0,1,156,0,184
314,91,793.0,2979.0,8.0,5.0,1,147,0,177
314,94,629.0,2978.0,9.0,6.0,1,141,0,171
314,97,1005.0,2965.0,8.0,8.0,1,144,0,159
314,101,740.0,2978.0,9.0,8.0,1,125,0,146
314,144,887.0,2979.0,10.0,10.0,1,41,0,46
315,5,1697.0,3124.0,13.0,5.0,1,245,0,313
315,42,993.0,2962.0,9.0,9.0,0,217,2,240
315,49,1039.0,2960.0,11.0,8.0,1,210,0,234
315,52,900.0,2975.0,10.0,10.0,0,206,1,230
315,53,1056.0,2962.0,7.0,7.0,1,191,0,230
315,54,848.0,2974.0,7.0,10.0,1,203,0,229
315,56,926.0,2975.0,9.0,9.0,1,207,0,227
315,60,842.0,2987.0,9.0,9.0,1,202,0,217
315,61,713.0,2979.0,9.0,8.0,1,197,0,217
315,64,647.0,2984.0,10.0,8.0,1,180,0,212
315,65,661.0,2978.0,9.0,7.0,1,183,0,211
315,71,1015.0,2964.0,9.0,10.0,1,177,0,207
315,74,688.0,2985.0,7.0,5.0,1,169,0,206
315,77,812.0,2985.0,8.0,6.0,1,178,0,203
315,78,954.0,2958.0,10.0,11.0,1,173,0,203
315,81,591.0,2969.0,11.0,9.0,1,157,0,195
315,84,951.0,2972.0,5.0,9.0,1,174,0,188
315,85,939.0,2971.0,10.0,9.0,1,169,0,187
315,87,764.0,2976.0,11.0,9.0,0,156,1,185
315,91,788.0,2982.0,8.0,5.0,1,148,0,178
315,94,614.0,2974.0,10.0,9.0,1,142,0,172
315,97,996.0,2966.0,9.0,8.0,1,145,0,160
315,101,740.0,2978.0,9.0,8.0,0,125,1,147
315,144,887.0,2979.0,10.0,10.0,0,41,1,47
316,5,1693.0,3122.0,15.0,4.0,1,246,0,314
316,42,980.0,2963.0,7.0,11.0,1,218,0,241
316,49,1029.0,2963.0,9.0,8.0,1,211,0,235
316,52,900.0,2975.0,10.0,10.0,0,206,2,231
316,53,1051.0,2965.0,8.0,7.0,1,192,0,231
316,54,851.0,2975.0,5.0,9.0,1,204,0,230
316,56,926.0,2975.0,9.0,9.0,0,207,1,228
316,60,831.0,2975.0,11.0,10.0,1,203,0,218
316,61,713.0,2979.0,9.0,8.0,0,197,1,218
316,64,643.0,2982.0,13.0,8.0,1,181,0,213
316,65,659.0,2980.0,16.0,13.0,1,184,0,212
316,71,1014.0,2965.0,9.0,7.0,1,178,0,208
316,74,686.0,2984.0,8.0,7.0,1,170,0,207
316,77,814.0,2976.0,7.0,10.0,1,179,0,204
316,78,945.0,2964.0,13.0,11.0,1,174,0,204
316,81,591.0,2966.0,6.0,11.0,1,158,0,196
316,84,951.0,2972.0,5.0,9.0,0,174,1,189
316,85,926.0,2978.0,8.0,8.0,1,170,0,188
316,87,764.0,2976.0,11.0,9.0,0,156,2,186
316,91,788.0,2982.0,8.0,5.0,0,148,1,179
316,94,614.0,2974.0,10.0,9.0,0,142,1,173
316,97,991.0,2965.0,9.0,8.0,1,146,0,161
316,101,730.0,2975.0,10.0,8.0,1,126,0,148
316,144,877.0,2978.0,11.0,11.0,1,42,0,48
317,5,1693.0,3122.0,15.0,4.0,0,246,1,315
317,42,973.0,2962.0,9.0,11.0,1,219,0,242
317,49,1028.0,2959.0,10.0,7.0,1,212,0,236
317,52,881.0,2977.0,6.0,9.0,1,207,0,232
317,53,1043.0,2961.0,10.0,5.0,1,193,0,232
317,54,843.0,2979.0,7.0,9.0,1,205,0,231
317,56,912.0,2973.0,9.0,8.0,1,208,0,229
317,60,820.0,2981.0,11.0,8.0,1,204,0,219
317,61,713.0,2979.0,9.0,8.0,0,197,2,219
317,64,640.0,2979.0,10.0,8.0,1,182,0,214
317,65,646.0,2971.0,22.0,14.0,1,185,0,213
317,71,1004.0,2959.0,9.0,12.0,1,179,0,209
317,74,686.0,2984.0,8.0,7.0,0,170,1,208
317,77,814.0,2976.0,7.0,10.0,0,179,1,205
317,78,942.0,2967.0,10.0,12.0,1,175,0,205
317,81,587.0,2972.0,11.0,7.0,1,159,0,197
317,84,932.0,2973.0,5.0,8.0,1,175,0,190
317,85,899.0,2974.0,10.0,8.0,1,171,0,189
317,87,750.0,2981.0,10.0,9.0,1,157,0,187
317,91,779.0,2978.0,10.0,5.0,1,149,0,180
317,94,606.0,2969.0,10.0,9.0,1,143,0,174
317,97,987.0,2960.0,9.0,9.0,1,147,0,162
317,101,730.0,2975.0,10.0,8.0,0,126,1,149
317,144,870.0,2980.0,10.0,11.0,1,43,0,49
318,5,1691.0,3123.0,11.0,8.0,1,247,0,316
318,42,973.0,2962.0,9.0,11.0,0,219,1,243
318,49,1017.0,2958.0,8.0,9.0,1,213,0,237
318,52,877.0,2976.0,8.0,10.0,1,208,0,233
318,53,1040.0,2961.0,9.0,6.0,1,194,0,233
318,54,841.0,2973.0,8.0,11.0,1,206,0,232
318,56,912.0,2982.0,10.0,10.0,1,209,0,230
318,60,819.0,2987.0,11.0,8.0,1,205,0,220
318,61,736.0,3113.0,8.0,12.0,1,198,0,220
318,64,629.0,2987.0,12.0,6.0,1,183,0,215
318,65,639.0,2968.0,21.0,13.0,1,186,0,214
318,71,1004.0,2959.0,9.0,12.0,0,179,1,210
318,74,686.0,2984.0,8.0,7.0,0,170,2,209
318,77,798.0,2989.0,7.0,5.0,1,180,0,206
318,78,931.0,2970.0,5.0,9.0,1,176,0,206
318,81,582.0,2962.0,11.0,26.0,1,160,0,198
318,84,918.0,2965.0,10.0,11.0,1,176,0,191
318,85,899.0,2974.0,10.0,8.0,0,171,1,190
318,87,737.0,2972.0,10.0,10.0,1,158,0,188
318,91,776.0,3114.0,11.0,11.0,1,150,0,181
318,94,599.0,2966.0,10.0,11.0,1,144,0,175
318,97,982.0,2964.0,7.0,9.0,1,148,0,163
318,101,710.0,2975.0,7.0,7.0,1,127,0,150
318,144,870.0,2980.0,10.0,11.0,0,43,1,50
319,5,1695.0,3124.0,13.0,7.0,1,248,0,317
319,42,959.0,2962.0,10.0,6.0,1,220,0,244
319,49,1011.0,2959.0,11.0,6.0,1,214,0,238
319,52,876.0,2976.0,9.0,7.0,1,209,0,234
319,53,1036.0,2962.0,9.0,7.0,1,195,0,234
319,54,829.0,2976.0,8.0,10.0,1,207,0,233
319,56,903.0,2977.0,9.0,8.0,1,210,0,231
319,60,769.0,2972.0,11.0,6.0,1,206,0,221
319,61,736.0,3113.0,8.0,12.0,0,198,1,221
319,64,627.0,2977.0,8.0,9.0,1,184,0,216
319,65,638.0,2979.0,19.0,10.0,1,187,0,215
319,71,1002.0,2969.0,5.0,9.0,1,180,0,211
319,74,660.0,2980.0,10.0,6.0,1,171,0,210
319,77,790.0,2986.0,7.0,4.0,1,181,0,207
319,78,926.0,2961.0,13.0,13.0,1,177,0,207
319,81,573.0,2963.0,10.0,9.0,1,161,0,199
319,84,919.0,2971.0,9.0,13.0,1,177,0,192
319,85,885.0,2979.0,11.0,8.0,1,172,0,191
319,87,704.0,2982.0,9.0,6.0,1,159,0,189
319,91,776.0,3114.0,11.0,11.0,0,150,1,182
319,94,591.0,2970.0,11.0,7.0,1,145,0,176
319,97,980.0,2963.0,10.0,8.0,1,149,0,164
319,101,685.0,2978.0,9.0,10.0,1,128,0,151
319,144,862.0,2971.0,9.0,9.0,1,44,0,51
320,5,1690.0,3132.0,14.0,7.0,1,249,0,318
320,42,930.0,2968.0,10.0,9.0,1,221,0,245
320,49,991.0,2958.0,9.0,6.0,1,215,0,239
320,52,864.0,2974.0,8.0,9.0,1,210,0,235
320,53,1009.0,2962.0,8.0,9.0,1,196,0,235
320,54,824.0,2979.0,8.0,9.0,1,208,0,234
320,56,895.0,2974.0,10.0,12.0,1,211,0,232
320,60,785.0,2979.0,8.0,5.0,1,207,0,222
320,61,719.0,3308.0,10.0,7.0,1,199,0,222
320,64,622.0,2974.0,16.0,14.0,1,185,0,217
320,65,636.0,2979.0,9.0,7.0,1,188,0,216
320,71,950.0,2965.0,9.0,10.0,1,181,0,212
320,74,657.0,2980.0,10.0,7.0,1,172,0,211
320,77,806.0,2977.0,11.0,6.0,1,182,0,208
320,78,918.0,2975.0,6.0,8.0,1,178,0,208
320,81,566.0,2967.0,11.0,15.0,1,162,0,200
320,84,905.0,2969.0,11.0,10.0,1,178,0,193
320,85,877.0,2976.0,12.0,10.0,1,173,0,192
320,87,727.0,2973.0,8.0,11.0,1,160,0,190
320,91,758.0,2980.0,10.0,7.0,1,151,0,183
320,94,591.0,2970.0,11.0,7.0,0,145,1,177
320,97,973.0,2961.0,8.0,9.0,1,150,0,165
320,101,678.0,2975.0,6.0,8.0,1,129,0,152
320,144,847.0,2979.0,11.0,11.0,1,45,0,52
321,5,1684.0,3129.0,14.0,7.0,1,250,0,319
321,42,950.0,2965.0,9.0,5.0,1,222,0,246
321,49,1010.0,2961.0,7.0,5.0,1,216,0,240
321,52,860.0,2979.0,7.0,7.0,1,211,0,236
321,53,1016.0,2965.0,9.0,6.0,1,197,0,236
321,54,818.0,2981.0,9.0,5.0,1,209,0,235
321,56,889.0,2972.0,10.0,8.0,1,212,0,233
321,60,753.0,2981.0,11.0,7.0,1,208,0,223
321,61,881.0,3325.0,8.0,5.0,1,200,0,223
321,64,647.0,2977.0,9.0,5.0,1,186,0,218
321,65,636.0,2977.0,9.0,5.0,1,189,0,217
321,71,962.0,2955.0,9.0,9.0,1,182,0,213
321,74,669.0,2983.0,7.0,8.0,1,173,0,212
321,77,797.0,2979.0,10.0,6.0,1,183,0,209
321,78,928.0,2963.0,10.0,7.0,1,179,0,209
321,81,566.0,2967.0,11.0,15.0,0,162,1,201
321,84,908.0,2977.0,8.0,9.0,1,179,0,194
321,85,877.0,2976.0,12.0,10.0,0,173,1,193
321,87,726.0,2979.0,10.0,8.0,1,161,0,191
321,91,758.0,2980.0,10.0,7.0,0,151,1,184
321,94,580.0,2971.0,11.0,9.0,1,146,0,178
321,97,987.0,2959.0,8.0,9.0,1,151,0,166
321,101,696.0,2972.0,7.0,6.0,1,130,0,153
321,144,848.0,2968.0,12.0,11.0,1,46,0,53
322,5,1689.0,3131.0,12.0,7.0,1,251,0,320
322,42,946.0,2959.0,11.0,9.0,1,223,0,247
322,49,998.0,2954.0,8.0,9.0,1,217,0,241
322,52,851.0,2981.0,8.0,9.0,1,212,0,237
322,53,1013.0,2962.0,9.0,7.0,1,198,0,237
322,54,809.0,2974.0,9.0,9.0,1,210,0,236
322,56,885.0,2975.0,9.0,9.0,1,213,0,234
322,60,771.0,2982.0,10.0,7.0,1,209,0,224
322,61,881.0,3325.0,8.0,5.0,0,200,1,224
322,64,608.0,2968.0,18.0,16.0,1,187,0,219
322,65,636.0,2977.0,9.0,5.0,0,189,1,218
322,71,959.0,2961.0,7.0,10.0,1,183,0,214
322,74,665.0,2977.0,10.0,9.0,1,174,0,213
322,77,798.0,2984.0,10.0,6.0,1,184,0,210
322,78,920.0,2965.0,7.0,7.0,1,180,0,210
322,81,553.0,2968.0,12.0,8.0,1,163,0,202
322,84,896.0,2965.0,11.0,10.0,1,180,0,195
322,85,869.0,2981.0,8.0,10.0,1,174,0,194
322,87,753.0,2974.0,9.0,7.0,1,162,0,192
322,91,758.0,2980.0,10.0,7.0,0,151,2,185
322,94,575.0,2971.0,12.0,9.0,1,147,0,179
322,97,982.0,2967.0,8.0,6.0,1,152,0,167
322,101,685.0,2979.0,8.0,4.0,1,131,0,154
322,144,848.0,2968.0,12.0,11.0,0,46,1,54
323,5,1681.0,3131.0,15.0,8.0,1,252,0,321
323,42,940.0,2954.0,6.0,9.0,1,224,0,248
323,49,995.0,2958.0,9.0,7.0,1,218,0,242
323,52,858.0,2975.0,9.0,8.0,1,213,0,238
323,53,1010.0,2960.0,4.0,6.0,1,199,0,238
323,54,802.0,2978.0,11.0,5.0,1,211,0,237
323,56,888.0,2974.0,9.0,9.0,1,214,0,235
323,60,766.0,2981.0,9.0,4.0,1,210,0,225
323,61,881.0,3325.0,8.0,5.0,0,200,2,225
323,64,602.0,2977.0,17.0,10.0,1,188,0,220
323,65,641.0,2977.0,9.0,8.0,1,190,0,219
323,71,955.0,2969.0,8.0,8.0,1,184,0,215
323,74,683.0,2973.0,10.0,7.0,1,175,0,214
323,77,784.0,2974.0,7.0,5.0,1,185,0,211
323,78,914.0,2959.0,11.0,8.0,1,181,0,211
323,81,553.0,2968.0,12.0,8.0,0,163,1,203
323,84,901.0,2970.0,8.0,12.0,1,181,0,196
323,85,886.0,2969.0,9.0,10.0,1,175,0,195
323,87,741.0,2973.0,9.0,5.0,1,163,0,193
323,91,849.0,2982.0,9.0,7.0,1,152,0,186
323,94,570.0,2969.0,9.0,8.0,1,148,0,180
323,97,977.0,2958.0,7.0,10.0,1,153,0,168
323,101,710.0,2977.0,10.0,8.0,1,132,0,155
323,144,837.0,2975.0,10.0,9.0,1,47,0,55
324,5,1680.0,3132.0,14.0,6.0,1,253,0,322
324,42,934.0,2959.0,9.0,8.0,1,225,0,249
324,49,995.0,2958.0,9.0,7.0,0,218,1,243
324,52,843.0,2971.0,10.0,9.0,1,214,0,239
324,53,1011.0,2950.0,7.0,5.0,1,200,0,239
324,54,797.0,2978.0,10.0,8.0,1,212,0,238
324,56,855.0,2981.0,12.0,9.0,1,215,0,236
324,60,701.0,2974.0,10.0,11.0,1,211,0,226
324,61,881.0,3325.0,8.0,5.0,0,200,3,226
324,64,612.0,2982.0,8.0,6.0,1,189,0,221
324,65,630.0,2978.0,7.0,6.0,1,191,0,220
324,71,948.0,2959.0,9.0,11.0,1,185,0,216
324,74,647.0,2975.0,9.0,6.0,1,176,0,215
324,77,784.0,2974.0,7.0,5.0,1,186,0,212
324,78,907.0,2961.0,9.0,9.0,1,182,0,212
324,81,541.0,2961.0,11.0,11.0,1,164,0,204
324,84,891.0,2973.0,6.0,11.0,1,182,0,197
324,85,870.0,2971.0,10.0,13.0,1,176,0,196
324,87,735.0,2973.0,11.0,7.0,1,164,0,194
324,91,766.0,2981.0,5.0,8.0,1,153,0,187
324,94,601.0,2968.0,14.0,17.0,1,149,0,181
324,97,976.0,2962.0,6.0,6.0,1,154,0,169
324,101,674.0,2971.0,11.0,7.0,1,133,0,156
324,144,827.0,2976.0,11.0,12.0,1,48,0,56
325,5,1679.0,3135.0,16.0,7.0,1,254,0,323
325,42,931.0,2954.0,6.0,12.0,1,226,0,250
325,49,988.0,2952.0,7.0,9.0,1,219,0,244
325,52,840.0,2981.0,5.0,5.0,1,215,0,240
325,53,1008.0,2958.0,6.0,7.0,1,201,0,240
325,54,797.0,2978.0,10.0,8.0,0,212,1,239
325,56,852.0,2974.0,8.0,5.0,1,216,0,237
325,60,710.0,2980.0,9.0,10.0,1,212,0,227
325,61,881.0,3325.0,8.0,5.0,0,200,4,227
325,64,612.0,2978.0,6.0,6.0,1,190,0,222
325,65,627.0,2982.0,9.0,5.0,1,192,0,221
325,71,1034.0,2747.0,11.0,9.0,1,186,0,217
325,74,676.0,2972.0,10.0,6.0,1,177,0,216
325,77,756.0,2975.0,9.0,5.0,1,187,0,213
325,78,907.0,2961.0,9.0,9.0,0,182,1,213
325,81,571.0,2976.0,6.0,5.0,1,165,0,205
325,84,884.0,2967.0,9.0,10.0,1,183,0,198
325,85,870.0,2971.0,10.0,13.0,0,176,1,197
325,87,733.0,2972.0,8.0,9.0,1,165,0,195
325,91,773.0,2984.0,8.0,5.0,1,154,0,188
325,94,588.0,2972.0,13.0,16.0,1,150,0,182
325,97,966.0,2961.0,8.0,5.0,1,155,0,170
325,101,691.0,2969.0,10.0,8.0,1,134,0,157
325,144,816.0,2977.0,12.0,12.0,1,49,0,57
326,5,1682.0,3135.0,15.0,7.0,1,255,0,324
326,42,938.0,2960.0,9.0,7.0,1,227,0,251
326,49,977.0,2954.0,10.0,11.0,1,220,0,245
326,52,829.0,2979.0,8.0,9.0,1,216,0,241
326,53,997.0,2960.0,5.0,9.0,1,202,0,241
326,54,789.0,2977.0,9.0,9.0,1,213,0,240
326,56,841.0,2975.0,10.0,10.0,1,217,0,238
326,60,665.0,2977.0,10.0,7.0,1,213,0,228
326,61,881.0,3325.0,8.0,5.0,0,200,5,228
326,64,602.0,2980.0,6.0,5.0,1,191,0,223
326,65,621.0,2978.0,7.0,5.0,1,193,0,222
326,71,1034.0,2747.0,11.0,9.0,0,186,1,218
326,74,636.0,2978.0,11.0,8.0,1,178,0,217
326,77,744.0,2975.0,12.0,5.0,1,188,0,214
326,78,897.0,2962.0,9.0,10.0,1,183,0,214
326,81,556.0,2971.0,9.0,7.0,1,166,0,206
326,84,873.0,2967.0,10.0,10.0,1,184,0,199
326,85,860.0,2970.0,9.0,11.0,1,177,0,198
326,87,720.0,2972.0,8.0,6.0,1,166,0,196
326,91,690.0,2976.0,9.0,6.0,1,155,0,189
326,94,530.0,2965.0,11.0,9.0,1,151,0,183
326,97,960.0,2966.0,6.0,9.0,1,156,0,171
326,101,586.0,2967.0,16.0,12.0,1,135,0,158
326,144,809.0,2978.0,13.0,11.0,1,50,0,58
327,5,1682.0,3135.0,15.0,7.0,0,255,1,325
327,42,916.0,2959.0,11.0,11.0,1,228,0,252
327,49,976.0,2958.0,10.0,8.0,1,221,0,246
327,52,827.0,2978.0,10.0,7.0,1,217,0,242
327,53,997.0,2960.0,5.0,9.0,0,202,1,242
327,54,768.0,2980.0,9.0,6.0,1,214,0,241
327,56,837.0,2981.0,7.0,8.0,1,218,0,239
327,60,660.0,2978.0,9.0,6.0,1,214,0,229
327,61,881.0,3325.0,8.0,5.0,0,200,6,229
327,64,600.0,2979.0,6.0,8.0,1,192,0,224
327,65,617.0,2978.0,8.0,6.0,1,194,0,223
327,71,1034.0,2747.0,11.0,9.0,0,186,2,219
327,74,636.0,2978.0,11.0,8.0,0,178,1,218
327,77,744.0,2975.0,12.0,5.0,0,188,1,215
327,78,889.0,2965.0,8.0,7.0,1,184,0,215
327,81,556.0,2971.0,9.0,7.0,0,166,1,207
327,84,873.0,2974.0,8.0,9.0,1,185,0,200
327,85,856.0,2978.0,6.0,8.0,1,178,0,199
327,87,720.0,2977.0,8.0,8.0,1,167,0,197
327,91,686.0,2974.0,9.0,5.0,1,156,0,190
327,94,505.0,2720.0,9.0,6.0,1,152,0,184
327,97,960.0,2966.0,6.0,9.0,0,156,1,172
327,101,586.0,2967.0,16.0,12.0,0,135,1,159
327,144,807.0,2980.0,11.0,9.0,1,51,0,59
328,5,1682.0,3135.0,15.0,7.0,0,255,2,326
328,42,918.0,2958.0,9.0,10.0,1,229,0,253
328,49,965.0,2959.0,10.0,8.0,1,222,0,247
328,52,817.0,2972.0,9.0,9.0,1,218,0,243
328,53,983.0,2955.0,10.0,11.0,1,203,0,243
328,54,775.0,2982.0,9.0,5.0,1,215,0,242
328,56,837.0,2981.0,7.0,8.0,0,218,1,240
328,60,655.0,2976.0,11.0,5.0,1,215,0,230
328,61,881.0,3325.0,8.0,5.0,0,200,7,230
328,64,568.0,2973.0,18.0,17.0,1,193,0,225
328,65,596.0,2978.0,9.0,9.0,1,195,0,224
328,71,1034.0,2747.0,11.0,9.0,0,186,3,220
328,74,636.0,2978.0,11.0,8.0,0,178,2,219
328,77,738.0,2975.0,8.0,7.0,1,189,0,216
328,78,885.0,2966.0,10.0,7.0,1,185,0,216
328,81,537.0,2971.0,11.0,9.0,1,167,0,208
328,84,863.0,2967.0,11.0,10.0,1,186,0,201
328,85,850.0,2974.0,7.0,11.0,1,179,0,200
328,87,708.0,2975.0,11.0,6.0,1,168,0,198
328,91,686.0,2974.0,9.0,5.0,0,156,1,191
328,94,505.0,2720.0,9.0,6.0,0,152,1,185
328,97,929.0,2956.0,10.0,7.0,1,157,0,173
328,101,523.0,2960.0,13.0,13.0,1,136,0,160
328,144,806.0,2981.0,10.0,9.0,1,52,0,60
329,5,1682.0,3135.0,15.0,7.0,0,255,3,327
329,42,911.0,2957.0,8.0,9.0,1,230,0,254
329,49,965.0,2959.0,10.0,8.0,0,222,1,248
329,52,817.0,2972.0,9.0,9.0,0,218,1,244
329,53,977.0,2955.0,9.0,10.0,1,204,0,244
329,54,767.0,2977.0,9.0,5.0,1,216,0,243
329,56,827.0,2982.0,8.0,6.0,1,219,0,241
329,60,642.0,2972.0,10.0,7.0,1,216,0,231
329,61,881.0,3325.0,8.0,5.0,0,200,8,231
329,64,568.0,2973.0,18.0,17.0,0,193,1,226
329,65,598.0,2978.0,9.0,8.0,1,196,0,225
329,71,1034.0,2747.0,11.0,9.0,0,186,4,221
329,74,636.0,2978.0,11.0,8.0,0,178,3,220
329,77,730.0,2980.0,8.0,7.0,1,190,0,217
329,78,870.0,2972.0,9.0,10.0,1,186,0,217
329,81,537.0,2971.0,11.0,9.0,0,167,1,209
329,84,858.0,2961.0,9.0,11.0,1,187,0,202
329,85,850.0,2974.0,7.0,11.0,0,179,1,201
329,87,703.0,2975.0,11.0,6.0,1,169,0,199
329,91,673.0,2977.0,11.0,8.0,1,157,0,192
329,94,505.0,2720.0,9.0,6.0,0,152,2,186
329,97,927.0,2960.0,10.0,8.0,1,158,0,174
329,101,507.0,2966.0,10.0,7.0,1,137,0,161
329,144,796.0,2978.0,14.0,10.0,1,53,0,61
330,5,1681.0,3138.0,16.0,8.0,1,256,0,328
330,42,905.0,2955.0,6.0,6.0,1,231,0,255
330,49,936.0,2962.0,6.0,11.0,1,223,0,249
330,52,807.0,2982.0,7.0,9.0,1,219,0,245
330,53,978.0,2958.0,7.0,7.0,1,205,0,245
330,54,764.0,2980.0,5.0,5.0,1,217,0,244
330,56,815.0,2977.0,9.0,7.0,1,220,0,242
330,60,640.0,2975.0,11.0,8.0,1,217,0,232
330,61,881.0,3325.0,8.0,5.0,0,200,9,232
330,64,558.0,2970.0,17.0,8.0,1,194,0,227
330,65,584.0,2976.0,6.0,7.0,1,197,0,226
330,71,956.0,2949.0,7.0,11.0,1,187,0,222
330,74,588.0,2972.0,10.0,7.0,1,179,0,221
330,77,747.0,2977.0,6.0,8.0,1,191,0,218
330,78,859.0,2975.0,8.0,10.0,1,187,0,218
330,81,528.0,2971.0,9.0,7.0,1,168,0,210
330,84,847.0,2965.0,11.0,8.0,1,188,0,203
330,85,837.0,2975.0,11.0,10.0,1,180,0,202
330,87,695.0,2972.0,10.0,6.0,1,170,0,200
330,91,673.0,2977.0,11.0,8.0,0,157,1,193
330,94,505.0,2720.0,9.0,6.0,0,152,3,187
330,97,921.0,2962.0,11.0,9.0,1,159,0,175
330,101,505.0,2967.0,16.0,9.0,1,138,0,162
330,144,790.0,2984.0,11.0,8.0,1,54,0,62
331,5,1681.0,3138.0,16.0,8.0,0,256,1,329
331,42,906.0,2960.0,8.0,8.0,1,232,0,256
331,49,936.0,2962.0,6.0,11.0,0,223,1,250
331,52,798.0,2976.0,10.0,7.0,1,220,0,246
331,53,953.0,2950.0,10.0,8.0,1,206,0,246
331,54,737.0,2977.0,8.0,7.0,1,218,0,245
331,56,816.0,2974.0,11.0,8.0,1,221,0,243
331,60,640.0,2975.0,11.0,8.0,0,217,1,233
331,61,881.0,3325.0,8.0,5.0,0,200,10,233
331,64,558.0,2970.0,17.0,8.0,0,194,1,228
331,65,579.0,2973.0,7.0,8.0,1,198,0,227
331,71,956.0,2949.0,7.0,11.0,0,187,1,223
331,74,584.0,2976.0,10.0,7.0,1,180,0,222
331,77,720.0,2978.0,9.0,7.0,1,192,0,219
331,78,851.0,2974.0,12.0,6.0,1,188,0,219
331,81,533.0,2966.0,9.0,7.0,1,169,0,211
331,84,847.0,2965.0,11.0,8.0,0,188,1,204
331,85,833.0,2977.0,11.0,8.0,1,181,0,203
331,87,696.0,2973.0,10.0,6.0,1,171,0,201
331,91,663.0,2970.0,9.0,6.0,1,158,0,194
331,94,505.0,2720.0,9.0,6.0,0,152,4,188
331,97,921.0,2962.0,11.0,9.0,0,159,1,176
331,101,497.0,2960.0,11.0,9.0,1,139,0,163
331,144,761.0,2978.0,10.0,5.0,1,55,0,63
332,5,1670.0,3145.0,14.0,6.0,1,257,0,330
332,42,892.0,2956.0,7.0,8.0,1,233,0,257
332,49,931.0,2960.0,9.0,9.0,1,224,0,251
332,52,788.0,2977.0,11.0,7.0,1,221,0,247
332,53,953.0,2950.0,10.0,8.0,0,206,1,247
332,54,736.0,2983.0,9.0,7.0,1,219,0,246
332,56,808.0,2973.0,11.0,8.0,1,222,0,244
332,60,598.0,2975.0,14.0,11.0,1,218,0,234
332,61,881.0,3325.0,8.0,5.0,0,200,11,234
332,64,544.0,2971.0,16.0,13.0,1,195,0,229
332,65,567.0,2976.0,8.0,7.0,1,199,0,228
332,71,956.0,2949.0,7.0,11.0,0,187,2,224
332,74,584.0,2969.0,8.0,8.0,1,181,0,223
332,77,710.0,2972.0,5.0,5.0,1,193,0,220
332,78,863.0,2963.0,14.0,9.0,1,189,0,220
332,81,512.0,2964.0,9.0,9.0,1,170,0,212
332,84,843.0,2961.0,10.0,8.0,1,189,0,205
332,85,843.0,2980.0,10.0,10.0,1,182,0,204
332,87,657.0,2967.0,10.0,10.0,1,172,0,202
332,91,626.0,2977.0,9.0,8.0,1,159,0,195
332,94,505.0,2720.0,9.0,6.0,0,152,5,189
332,97,909.0,2957.0,9.0,6.0,1,160,0,177
332,101,495.0,2965.0,12.0,10.0,1,140,0,164
332,144,778.0,2981.0,9.0,10.0,1,56,0,64
333,5,1675.0,3146.0,14.0,7.0,1,258,0,331
333,42,780.0,2783.0,10.0,9.0,1,234,0,258
333,49,931.0,2960.0,9.0,9.0,0,224,1,252
333,52,766.0,2969.0,9.0,10.0,1,222,0,248
333,53,945.0,2957.0,7.0,6.0,1,207,0,248
333,54,732.0,2980.0,10.0,8.0,1,220,0,247
333,56,803.0,2975.0,9.0,6.0,1,223,0,245
333,60,597.0,2971.0,8.0,10.0,1,219,0,235
333,61,881.0,3325.0,8.0,5.0,0,200,12,235
333,64,544.0,2971.0,16.0,13.0,0,195,1,230
333,65,564.0,2974.0,9.0,9.0,1,200,0,229
333,71,963.0,2959.0,7.0,6.0,1,188,0,225
333,74,580.0,2978.0,6.0,4.0,1,182,0,224
333,77,683.0,2977.0,9.0,8.0,1,194,0,221
333,78,843.0,2973.0,7.0,11.0,1,190,0,221
333,81,512.0,2964.0,9.0,9.0,0,170,1,213
333,84,823.0,2971.0,12.0,8.0,1,190,0,206
333,85,783.0,2983.0,11.0,8.0,1,183,0,205
333,87,654.0,2966.0,9.0,7.0,1,173,0,203
333,91,616.0,2971.0,12.0,10.0,1,160,0,196
333,94,505.0,2720.0,9.0,6.0,0,152,6,190
333,97,909.0,2957.0,9.0,6.0,0,160,1,178
333,101,487.0,2965.0,11.0,8.0,1,141,0,165
333,144,752.0,2977.0,9.0,8.0,1,57,0,65
334,5,1675.0,3146.0,14.0,7.0,0,258,1,332
334,42,780.0,2783.0,10.0,9.0,0,234,1,259
334,49,882.0,2961.0,10.0,9.0,1,225,0,253
334,52,762.0,2973.0,12.0,7.0,1,223,0,249
334,53,900.0,2955.0,9.0,10.0,1,208,0,249
334,54,741.0,2979.0,9.0,7.0,1,221,0,248
334,56,813.0,2975.0,11.0,8.0,1,224,0,246
334,60,586.0,2974.0,13.0,8.0,1,220,0,236
334,61,881.0,3325.0,8.0,5.0,0,200,13,236
334,64,537.0,2968.0,16.0,11.0,1,196,0,231
334,65,554.0,2973.0,8.0,8.0,1,201,0,230
334,71,961.0,2951.0,9.0,8.0,1,189,0,226
334,74,580.0,2978.0,6.0,4.0,0,182,1,225
334,77,723.0,2972.0,9.0,7.0,1,195,0,222
334,78,834.0,2973.0,9.0,9.0,1,191,0,222
334,81,512.0,2964.0,9.0,9.0,0,170,2,214
334,84,835.0,2965.0,10.0,11.0,1,191,0,207
334,85,789.0,2983.0,11.0,6.0,1,184,0,206
334,87,675.0,2972.0,10.0,6.0,1,174,0,204
334,91,611.0,2973.0,12.0,7.0,1,161,0,197
334,94,505.0,2720.0,9.0,6.0,0,152,7,191
334,97,846.0,2957.0,14.0,10.0,1,161,0,179
334,101,484.0,2967.0,10.0,6.0,1,142,0,166
334,144,784.0,2978.0,10.0,8.0,1,58,0,66
335,5,1670.0,3139.0,16.0,7.0,1,259,0,333
335,42,780.0,2783.0,10.0,9.0,0,234,2,260
335,49,921.0,2965.0,6.0,10.0,1,226,0,254
335,52,760.0,2978.0,8.0,9.0,1,224,0,250
335,53,933.0,2957.0,9.0,6.0,1,209,0,250
335,54,718.0,2975.0,9.0,6.0,1,222,0,249
335,56,814.0,2973.0,9.0,7.0,1,225,0,247
335,60,582.0,2973.0,11.0,9.0,1,221,0,237
335,61,881.0,3325.0,8.0,5.0,0,200,14,237
335,64,529.0,2968.0,15.0,12.0,1,197,0,232
335,65,550.0,2974.0,8.0,7.0,1,202,0,231
335,71,945.0,2958.0,11.0,4.0,1,190,0,227
335,74,566.0,2976.0,8.0,5.0,1,183,0,226
335,77,723.0,2972.0,9.0,7.0,0,195,1,223
335,78,834.0,2977.0,8.0,5.0,1,192,0,223
335,81,504.0,2961.0,10.0,7.0,1,171,0,215
335,84,827.0,2963.0,11.0,9.0,1,192,0,208
335,85,778.0,2979.0,11.0,7.0,1,185,0,207
335,87,635.0,2966.0,9.0,10.0,1,175,0,205
335,91,613.0,2979.0,12.0,8.0,1,162,0,198
335,94,505.0,2720.0,9.0,6.0,0,152,8,192
335,97,877.0,2963.0,10.0,9.0,1,162,0,180
335,101,476.0,2961.0,7.0,8.0,1,143,0,167
335,144,775.0,2976.0,10.0,7.0,1,59,0,67
336,5,1669.0,3139.0,16.0,8.0,1,260,0,334
336,42,853.0,2779.0,8.0,8.0,1,235,0,261
336,49,889.0,2962.0,10.0,8.0,1,227,0,255
336,52,727.0,2981.0,9.0,7.0,1,225,0,251
336,53,912.0,2959.0,13.0,11.0,1,210,0,251
336,54,713.0,2975.0,10.0,8.0,1,223,0,250
336,56,821.0,2960.0,10.0,11.0,1,226,0,248
336,60,576.0,2968.0,12.0,9.0,1,222,0,238
336,61,881.0,3325.0,8.0,5.0,0,200,15,238
336,64,524.0,2964.0,17.0,15.0,1,198,0,233
336,65,552.0,2965.0,11.0,13.0,1,203,0,232
336,71,947.0,2956.0,10.0,6.0,1,191,0,228
336,74,603.0,2966.0,10.0,11.0,1,184,0,227
336,77,690.0,2969.0,7.0,10.0,1,196,0,224
336,78,828.0,2977.0,10.0,8.0,1,193,0,224
336,81,504.0,2961.0,10.0,7.0,0,171,1,216
336,84,839.0,2953.0,15.0,11.0,1,193,0,209
336,85,779.0,2974.0,12.0,8.0,1,186,0,208
336,87,666.0,2974.0,7.0,5.0,1,176,0,206
336,91,628.0,2967.0,10.0,9.0,1,163,0,199
336,94,505.0,2720.0,9.0,6.0,0,152,9,193
336,97,872.0,2960.0,5.0,8.0,1,163,0,181
336,101,473.0,2965.0,12.0,6.0,1,144,0,168
336,144,773.0,2976.0,10.0,5.0,1,60,0,68
337,5,1673.0,3143.0,15.0,7.0,1,261,0,335
337,42,853.0,2779.0,8.0,8.0,0,235,1,262
337,49,879.0,2955.0,11.0,10.0,1,228,0,256
337,52,761.0,2978.0,10.0,5.0,1,226,0,252
337,53,910.0,2957.0,10.0,7.0,1,211,0,252
337,54,721.0,2975.0,8.0,9.0,1,224,0,251
337,56,813.0,2959.0,10.0,11.0,1,227,0,249
337,60,547.0,2971.0,10.0,10.0,1,223,0,239
337,61,881.0,3325.0,8.0,5.0,0,200,16,239
337,64,524.0,2964.0,17.0,15.0,0,198,1,234
337,65,534.0,2971.0,9.0,8.0,1,204,0,233
337,71,948.0,2960.0,5.0,8.0,1,192,0,229
337,74,592.0,2972.0,13.0,10.0,1,185,0,228
337,77,750.0,2974.0,12.0,8.0,1,197,0,225
337,78,825.0,2974.0,8.0,9.0,1,194,0,225
337,81,496.0,2961.0,12.0,8.0,1,172,0,217
337,84,830.0,2958.0,15.0,11.0,1,194,0,210
337,85,803.0,2974.0,11.0,7.0,1,187,0,209
337,87,656.0,2971.0,12.0,8.0,1,177,0,207
337,91,628.0,2967.0,10.0,9.0,0,163,1,200
337,94,505.0,2720.0,9.0,6.0,0,152,10,194
337,97,870.0,2960.0,8.0,6.0,1,164,0,182
337,101,476.0,2963.0,8.0,6.0,1,145,0,169
337,144,776.0,2977.0,12.0,7.0,1,61,0,69
338,5,1673.0,3143.0,15.0,7.0,0,261,1,336
338,42,853.0,2779.0,8.0,8.0,0,235,2,263
338,49,879.0,2957.0,9.0,8.0,1,229,0,257
338,52,713.0,2977.0,9.0,6.0,1,227,0,253
338,53,896.0,2962.0,10.0,9.0,1,212,0,253
338,54,679.0,2971.0,9.0,10.0,1,225,0,252
338,56,810.0,2965.0,9.0,11.0,1,228,0,250
338,60,536.0,2968.0,7.0,9.0,1,224,0,240
338,61,881.0,3325.0,8.0,5.0,0,200,17,240
338,64,517.0,2965.0,14.0,10.0,1,199,0,235
338,65,534.0,2971.0,9.0,8.0,0,204,1,234
338,71,943.0,2955.0,6.0,10.0,1,193,0,230
338,74,588.0,2972.0,11.0,10.0,1,186,0,229
338,77,698.0,2966.0,10.0,9.0,1,198,0,226
338,78,816.0,2980.0,10.0,10.0,1,195,0,226
338,81,486.0,2963.0,10.0,8.0,1,173,0,218
338,84,828.0,2960.0,13.0,9.0,1,195,0,211
338,85,768.0,2972.0,12.0,8.0,1,188,0,210
338,87,652.0,2973.0,8.0,8.0,1,178,0,208
338,91,622.0,2965.0,10.0,10.0,1,164,0,201
338,94,505.0,2720.0,9.0,6.0,0,152,11,195
338,97,870.0,2960.0,8.0,6.0,0,164,1,183
338,101,465.0,2966.0,11.0,8.0,1,146,0,170
338,144,738.0,2975.0,12.0,8.0,1,62,0,70
339,5,1662.0,3143.0,17.0,8.0,1,262,0,337
339,42,914.0,2959.0,11.0,7.0,1,236,0,264
339,49,876.0,2953.0,11.0,10.0,1,230,0,258
339,52,732.0,2976.0,13.0,11.0,1,228,0,254
339,53,898.0,2959.0,11.0,9.0,1,213,0,254
339,54,704.0,2981.0,11.0,8.0,1,226,0,253
339,56,810.0,2963.0,12.0,11.0,1,229,0,251
339,60,536.0,2970.0,12.0,8.0,1,225,0,241
339,61,881.0,3325.0,8.0,5.0,0,200,18,241
339,64,510.0,2968.0,15.0,13.0,1,200,0,236
339,65,560.0,2973.0,11.0,8.0,1,205,0,235
339,71,931.0,2953.0,13.0,8.0,1,194,0,231
339,74,576.0,2974.0,10.0,8.0,1,187,0,230
339,77,787.0,2975.0,10.0,9.0,1,199,0,227
339,78,810.0,2977.0,11.0,6.0,1,196,0,227
339,81,488.0,2959.0,8.0,5.0,1,174,0,219
339,84,824.0,2959.0,14.0,11.0,1,196,0,212
339,85,768.0,2972.0,11.0,7.0,1,189,0,211
339,87,692.0,2978.0,10.0,8.0,1,179,0,209
339,91,622.0,2965.0,10.0,10.0,0,164,1,202
339,94,505.0,2720.0,9.0,6.0,0,152,12,196
339,97,861.0,2957.0,11.0,7.0,1,165,0,184
339,101,465.0,2966.0,11.0,8.0,0,146,1,171
339,144,752.0,2977.0,9.0,9.0,1,63,0,71
340,5,1665.0,3147.0,17.0,7.0,1,263,0,338
340,42,914.0,2959.0,11.0,7.0,0,236,1,265
340,49,870.0,2958.0,10.0,8.0,1,231,0,259
340,52,723.0,2974.0,12.0,9.0,1,229,0,255
340,53,894.0,2958.0,13.0,7.0,1,214,0,255
340,54,706.0,2980.0,9.0,6.0,1,227,0,254
340,56,799.0,2958.0,13.0,10.0,1,230,0,252
340,60,523.0,2968.0,8.0,10.0,1,226,0,242
340,61,881.0,3325.0,8.0,5.0,0,200,19,242
340,64,506.0,2965.0,12.0,13.0,1,201,0,237
340,65,546.0,2971.0,12.0,10.0,1,206,0,236
340,71,909.0,2961.0,10.0,6.0,1,195,0,232
340,74,582.0,2969.0,10.0,8.0,1,188,0,231
340,77,787.0,2975.0,10.0,9.0,0,199,1,228
340,78,802.0,2981.0,11.0,8.0,1,197,0,228
340,81,532.0,2964.0,11.0,10.0,1,175,0,220
340,84,818.0,2952.0,12.0,12.0,1,197,0,213
340,85,784.0,2967.0,9.0,8.0,1,190,0,212
340,87,665.0,2971.0,9.0,9.0,1,180,0,210
340,91,608.0,2961.0,13.0,11.0,1,165,0,203
340,94,505.0,2720.0,9.0,6.0,0,152,13,197
340,97,855.0,2962.0,9.0,7.0,1,166,0,185
340,101,465.0,2966.0,11.0,8.0,0,146,2,172
340,144,752.0,2977.0,9.0,9.0,0,63,1,72
341,5,1664.0,3144.0,16.0,7.0,1,264,0,339
341,42,908.0,2950.0,10.0,6.0,1,237,0,266
341,49,862.0,2956.0,10.0,9.0,1,232,0,260
341,52,716.0,2972.0,13.0,10.0,1,230,0,256
341,53,884.0,2955.0,12.0,8.0,1,215,0,256
341,54,678.0,2966.0,9.0,5.0,1,228,0,255
341,56,795.0,2961.0,13.0,10.0,1,231,0,253
341,60,524.0,2971.0,9.0,6.0,1,227,0,243
341,61,881.0,3325.0,8.0,5.0,0,200,20,243
341,64,478.0,2964.0,9.0,5.0,1,202,0,238
341,65,547.0,2969.0,11.0,9.0,1,207,0,237
341,71,928.0,2955.0,8.0,9.0,1,196,0,233
341,74,571.0,2968.0,10.0,7.0,1,189,0,232
341,77,787.0,2975.0,10.0,9.0,0,199,2,229
341,78,802.0,2981.0,11.0,8.0,0,197,1,229
341,81,517.0,2963.0,10.0,9.0,1,176,0,221
341,84,813.0,2957.0,13.0,9.0,1,198,0,214
341,85,784.0,2967.0,9.0,8.0,0,190,1,213
341,87,629.0,2966.0,13.0,9.0,1,181,0,211
341,91,602.0,2967.0,11.0,7.0,1,166,0,204
341,94,505.0,2720.0,9.0,6.0,0,152,14,198
341,97,855.0,2962.0,9.0,7.0,0,166,1,186
341,101,449.0,2963.0,12.0,10.0,1,147,0,173
341,144,743.0,2978.0,10.0,7.0,1,64,0,73
342,5,1663.0,3148.0,16.0,7.0,1,265,0,340
342,42,906.0,2953.0,9.0,6.0,1,238,0,267
342,49,860.0,2959.0,8.0,7.0,1,233,0,261
342,52,692.0,2976.0,9.0,5.0,1,231,0,257
342,53,880.0,2956.0,10.0,8.0,1,216,0,257
342,54,674.0,2971.0,9.0,7.0,1,229,0,256
342,56,795.0,2961.0,13.0,10.0,0,231,1,254
342,60,509.0,2971.0,8.0,12.0,1,228,0,244
342,61,881.0,3325.0,8.0,5.0,0,200,21,244
342,64,497.0,2970.0,10.0,9.0,1,203,0,239
342,65,543.0,2971.0,10.0,7.0,1,208,0,238
342,71,918.0,2954.0,9.0,9.0,1,197,0,234
342,74,599.0,2972.0,8.0,9.0,1,190,0,233
342,77,713.0,2967.0,13.0,11.0,1,200,0,230
342,78,795.0,2972.0,12.0,10.0,1,198,0,230
342,81,524.0,2969.0,9.0,10.0,1,177,0,222
342,84,805.0,2959.0,15.0,13.0,1,199,0,215
342,85,777.0,2973.0,8.0,9.0,1,191,0,214
342,87,650.0,2972.0,6.0,9.0,1,182,0,212
342,91,632.0,2963.0,8.0,10.0,1,167,0,205
342,94,505.0,2720.0,9.0,6.0,0,152,15,199
342,97,844.0,2952.0,9.0,8.0,1,167,0,187
342,101,449.0,2963.0,12.0,10.0,0,147,1,174
342,144,732.0,2978.0,7.0,6.0,1,65,0,74
343,5,1665.0,3150.0,15.0,7.0,1,266,0,341
343,42,906.0,2953.0,9.0,6.0,0,238,1,268
343,49,856.0,2955.0,11.0,9.0,1,234,0,262
343,52,686.0,2971.0,9.0,8.0,1,232,0,258
343,53,880.0,2956.0,10.0,8.0,0,216,1,258
343,54,667.0,2975.0,10.0,8.0,1,230,0,257
343,56,795.0,2961.0,13.0,10.0,0,231,2,255
343,60,504.0,2966.0,6.0,11.0,1,229,0,245
343,61,881.0,3325.0,8.0,5.0,0,200,22,245
343,64,488.0,2964.0,11.0,12.0,1,204,0,240
343,65,534.0,2964.0,10.0,11.0,1,209,0,239
343,71,918.0,2954.0,9.0,9.0,0,197,1,235
343,74,560.0,2971.0,10.0,7.0,1,191,0,234
343,77,709.0,2968.0,13.0,11.0,1,201,0,231
343,78,787.0,2979.0,11.0,11.0,1,199,0,231
343,81,519.0,2969.0,7.0,6.0,1,178,0,223
343,84,803.0,2958.0,15.0,9.0,1,200,0,216
343,85,765.0,2970.0,11.0,7.0,1,192,0,215
343,87,622.0,2965.0,9.0,10.0,1,183,0,213
343,91,586.0,2967.0,10.0,5.0,1,168,0,206
343,94,505.0,2720.0,9.0,6.0,0,152,16,200
343,97,846.0,2956.0,11.0,10.0,1,168,0,188
343,101,431.0,2952.0,8.0,10.0,1,148,0,175
343,144,744.0,2980.0,6.0,7.0,1,66,0,75
344,5,1663.0,3148.0,16.0,7.0,1,267,0,342
344,42,890.0,2958.0,10.0,7.0,1,239,0,269
344,49,852.0,2954.0,9.0,6.0,1,235,0,263
344,52,682.0,2971.0,7.0,7.0,1,233,0,259
344,53,875.0,2957.0,10.0,5.0,1,217,0,259
344,54,667.0,2975.0,10.0,8.0,0,230,1,258
344,56,786.0,2961.0,11.0,9.0,1,232,0,256
344,60,494.0,2967.0,8.0,11.0,1,230,0,246
344,61,881.0,3325.0,8.0,5.0,0,200,23,246
344,64,483.0,2963.0,10.0,12.0,1,205,0,241
344,65,534.0,2964.0,10.0,11.0,0,209,1,240
344,71,910.0,2949.0,7.0,9.0,1,198,0,236
344,74,553.0,2969.0,10.0,9.0,1,192,0,235
344,77,709.0,2968.0,13.0,11.0,0,201,1,232
344,78,779.0,2981.0,9.0,10.0,1,200,0,232
344,81,519.0,2969.0,7.0,6.0,0,178,1,224
344,84,799.0,2951.0,16.0,12.0,1,201,0,217
344,85,767.0,2965.0,11.0,9.0,1,193,0,216
344,87,640.0,2972.0,9.0,9.0,1,184,0,214
344,91,590.0,2962.0,10.0,11.0,1,169,0,207
344,94,505.0,2720.0,9.0,6.0,0,152,17,201
344,97,833.0,2955.0,11.0,8.0,1,169,0,189
344,101,432.0,2957.0,8.0,7.0,1,149,0,176
344,144,721.0,2976.0,5.0,7.0,1,67,0,76
345,5,1667.0,3136.0,17.0,8.0,1,268,0,343
345,42,893.0,2956.0,8.0,6.0,1,240,0,270
345,49,849.0,2958.0,8.0,11.0,1,236,0,264
345,52,671.0,2972.0,8.0,10.0,1,234,0,260
345,53,875.0,2957.0,10.0,5.0,0,217,1,260
345,54,642.0,2970.0,5.0,7.0,1,231,0,259
345,56,786.0,2961.0,11.0,9.0,0,232,1,257
345,60,494.0,2967.0,8.0,11.0,0,230,1,247
345,61,881.0,3325.0,8.0,5.0,0,200,24,247
345,64,481.0,2964.0,8.0,12.0,1,206,0,242
345,65,529.0,2970.0,11.0,12.0,1,210,0,241
345,71,910.0,2949.0,7.0,9.0,0,198,1,237
345,74,548.0,2969.0,9.0,7.0,1,193,0,236
345,77,696.0,2970.0,14.0,10.0,1,202,0,233
345,78,781.0,2977.0,10.0,10.0,1,201,0,233
345,81,501.0,2972.0,6.0,7.0,1,179,0,225
345,84,792.0,2952.0,16.0,11.0,1,202,0,218
345,85,726.0,2969.0,11.0,11.0,1,194,0,217
345,87,640.0,2972.0,9.0,9.0,0,184,1,215
345,91,573.0,2969.0,10.0,7.0,1,170,0,208
345,94,505.0,2720.0,9.0,6.0,0,152,18,202
345,97,829.0,2956.0,10.0,11.0,1,170,0,190
345,101,424.0,2957.0,11.0,10.0,1,150,0,177
345,144,721.0,2973.0,9.0,9.0,1,68,0,77
345,166,445.0,2961.0,10.0,10.0,1,3,0,3
346,5,1671.0,3144.0,14.0,7.0,1,269,0,344
346,42,884.0,2952.0,12.0,7.0,1,241,0,271
346,49,849.0,2958.0,8.0,11.0,0,236,1,265
346,52,650.0,2967.0,7.0,7.0,1,235,0,261
346,53,863.0,2956.0,11.0,8.0,1,218,0,261
346,54,603.0,2966.0,9.0,8.0,1,232,0,260
346,56,772.0,2956.0,13.0,11.0,1,233,0,258
346,60,469.0,2964.0,11.0,10.0,1,231,0,248
346,61,881.0,3325.0,8.0,5.0,0,200,25,248
346,64,481.0,2964.0,8.0,12.0,0,206,1,243
346,65,512.0,2963.0,12.0,11.0,1,211,0,242
346,71,902.0,2953.0,9.0,10.0,1,199,0,238
346,74,535.0,2972.0,13.0,7.0,1,194,0,237
346,77,696.0,2970.0,14.0,10.0,0,202,1,234
346,78,757.0,2974.0,9.0,7.0,1,202,0,234
346,81,490.0,2968.0,10.0,10.0,1,180,0,226
346,84,793.0,2957.0,13.0,9.0,1,203,0,219
346,85,723.0,2972.0,11.0,7.0,1,195,0,218
346,87,625.0,2969.0,10.0,8.0,1,185,0,216
346,91,574.0,2964.0,7.0,6.0,1,171,0,209
346,94,505.0,2720.0,9.0,6.0,0,152,19,203
346,97,819.0,2954.0,10.0,6.0,1,171,0,191
346,101,419.0,2962.0,10.0,8.0,1,151,0,178
346,144,707.0,2975.0,5.0,9.0,1,69,0,78
346,166,442.0,2958.0,9.0,8.0,1,4,0,4
347,5,1668.0,3141.0,15.0,8.0,1,270,0,345
347,42,875.0,2958.0,8.0,7.0,1,242,0,272
347,49,819.0,2953.0,10.0,11.0,1,237,0,266
347,52,667.0,2972.0,10.0,9.0,1,236,0,262
347,53,837.0,2954.0,11.0,8.0,1,219,0,262
347,54,629.0,2966.0,9.0,9.0,1,233,0,261
347,56,772.0,2956.0,12.0,10.0,1,234,0,259
347,60,469.0,2964.0,11.0,10.0,0,231,1,249
347,61,881.0,3325.0,8.0,5.0,0,200,26,249
347,64,481.0,2964.0,8.0,12.0,0,206,2,244
347,65,512.0,2963.0,12.0,11.0,0,211,1,243
347,71,864.0,2956.0,5.0,6.0,1,200,0,239
347,74,594.0,2970.0,10.0,10.0,1,195,0,238
347,77,683.0,2968.0,12.0,11.0,1,203,0,235
347,78,688.0,3005.0,8.0,5.0,1,203,0,235
347,81,495.0,2962.0,9.0,9.0,1,181,0,227
347,84,788.0,2952.0,12.0,10.0,1,204,0,220
347,85,717.0,2975.0,12.0,8.0,1,196,0,219
347,87,643.0,2966.0,10.0,10.0,1,186,0,217
347,91,569.0,2964.0,9.0,8.0,1,172,0,210
347,94,505.0,2720.0,9.0,6.0,0,152,20,204
347,97,766.0,2981.0,10.0,10.0,1,172,0,192
347,101,419.0,2962.0,10.0,8.0,0,151,1,179
347,144,707.0,2974.0,10.0,10.0,1,70,0,79
347,166,445.0,2957.0,7.0,7.0,1,5,0,5
348,5,1668.0,3143.0,14.0,7.0,1,271,0,346
348,42,876.0,2956.0,10.0,7.0,1,243,0,273
348,49,811.0,2961.0,9.0,6.0,1,238,0,267
348,52,656.0,2972.0,5.0,5.0,1,237,0,263
348,53,832.0,2953.0,7.0,8.0,1,220,0,263
348,54,620.0,2965.0,10.0,8.0,1,234,0,262
348,56,768.0,2960.0,12.0,10.0,1,235,0,260
348,60,469.0,2964.0,11.0,10.0,0,231,2,250
348,61,881.0,3325.0,8.0,5.0,0,200,27,250
348,64,460.0,2960.0,7.0,11.0,1,207,0,245
348,65,488.0,2969.0,8.0,6.0,1,212,0,244
348,71,864.0,2956.0,5.0,6.0,0,200,1,240
348,74,566.0,2962.0,9.0,9.0,1,196,0,239
348,77,683.0,2968.0,12.0,11.0,0,203,1,236
348,78,688.0,3005.0,8.0,5.0,0,203,1,236
348,81,489.0,2965.0,8.0,5.0,1,182,0,228
348,84,785.0,2947.0,13.0,11.0,1,205,0,221
348,85,717.0,2975.0,12.0,8.0,0,196,1,220
348,87,640.0,2970.0,9.0,8.0,1,187,0,218
348,91,529.0,2963.0,10.0,9.0,1,173,0,211
348,94,505.0,2720.0,9.0,6.0,0,152,21,205
348,97,766.0,2981.0,10.0,10.0,0,172,1,193
348,101,408.0,2962.0,10.0,5.0,1,152,0,180
348,144,707.0,2974.0,10.0,10.0,0,70,1,80
348,166,444.0,2956.0,8.0,6.0,1,6,0,6
349,5,1668.0,3143.0,14.0,7.0,0,271,1,347
349,42,878.0,2956.0,9.0,6.0,1,244,0,274
349,49,813.0,2956.0,11.0,8.0,1,239,0,268
349,52,649.0,2965.0,9.0,9.0,1,238,0,264
349,53,832.0,2956.0,12.0,10.0,1,221,0,264
349,54,614.0,2974.0,6.0,6.0,1,235,0,263
349,56,761.0,2960.0,14.0,9.0,1,236,0,261
349,60,469.0,2964.0,11.0,10.0,0,231,3,251
349,61,881.0,3325.0,8.0,5.0,0,200,28,251
349,64,456.0,2957.0,9.0,9.0,1,208,0,246
349,65,473.0,2962.0,11.0,7.0,1,213,0,245
349,71,864.0,2956.0,5.0,6.0,0,200,2,241
349,74,558.0,2961.0,7.0,8.0,1,197,0,240
349,77,672.0,2971.0,9.0,8.0,1,204,0,237
349,78,688.0,3005.0,8.0,5.0,0,203,2,237
349,81,489.0,2965.0,8.0,5.0,0,182,1,229
349,84,785.0,2947.0,13.0,11.0,0,205,1,222
349,85,738.0,2969.0,6.0,5.0,1,197,0,221
349,87,630.0,2965.0,9.0,7.0,1,188,0,219
349,91,525.0,2961.0,14.0,10.0,1,174,0,212
349,94,505.0,2720.0,9.0,6.0,0,152,22,206
349,97,759.0,2972.0,10.0,9.0,1,173,0,194
349,101,408.0,2962.0,10.0,5.0,0,152,1,181
349,144,690.0,2976.0,9.0,9.0,1,71,0,81
349,166,444.0,2956.0,8.0,6.0,0,6,1,7
350,5,1672.0,3140.0,17.0,10.0,1,272,0,348
350,42,885.0,2956.0,11.0,8.0,1,245,0,275
350,49,804.0,2953.0,10.0,8.0,1,240,0,269
350,52,642.0,2973.0,6.0,9.0,1,239,0,265
350,53,824.0,2955.0,11.0,10.0,1,222,0,265
350,54,605.0,2968.0,9.0,7.0,1,236,0,264
350,56,755.0,2958.0,11.0,9.0,1,237,0,262
350,60,469.0,2964.0,11.0,10.0,0,231,4,252
350,61,881.0,3325.0,8.0,5.0,0,200,29,252
350,64,450.0,2963.0,10.0,10.0,1,209,0,247
350,65,469.0,2966.0,13.0,6.0,1,214,0,246
350,71,867.0,2960.0,10.0,8.0,1,201,0,242
350,74,576.0,2969.0,9.0,9.0,1,198,0,241
350,77,669.0,2966.0,9.0,9.0,1,205,0,238
350,78,688.0,3005.0,8.0,5.0,0,203,3,238
350,81,499.0,2963.0,10.0,12.0,1,183,0,230
350,84,776.0,2954.0,10.0,9.0,1,206,0,223
350,85,734.0,2969.0,10.0,9.0,1,198,0,222
350,87,630.0,2965.0,9.0,7.0,0,188,1,220
350,91,524.0,2973.0,11.0,8.0,1,175,0,213
350,94,505.0,2720.0,9.0,6.0,0,152,23,207
350,97,749.0,2981.0,11.0,6.0,1,174,0,195
350,101,402.0,2956.0,10.0,7.0,1,153,0,182
350,144,703.0,2968.0,11.0,10.0,1,72,0,82
350,166,444.0,2956.0,8.0,6.0,0,6,2,8
351,5,1671.0,3141.0,15.0,10.0,1,273,0,349
351,42,878.0,2957.0,11.0,5.0,1,246,0,276
351,49,813.0,2950.0,12.0,7.0,1,241,0,270
351,52,636.0,2970.0,8.0,7.0,1,240,0,266
351,53,843.0,2952.0,10.0,8.0,1,223,0,266
351,54,575.0,2964.0,11.0,10.0,1,237,0,265
351,56,758.0,2963.0,12.0,8.0,1,238,0,263
351,60,420.0,2960.0,7.0,6.0,1,232,0,253
351,64,448.0,2961.0,9.0,12.0,1,210,0,248
351,65,461.0,2964.0,11.0,7.0,1,215,0,247
351,71,861.0,2961.0,10.0,6.0,1,202,0,243
351,74,546.0,2962.0,9.0,11.0,1,199,0,242
351,77,659.0,2972.0,13.0,8.0,1,206,0,239
351,78,607.0,2969.0,6.0,6.0,1,204,0,239
351,81,492.0,2961.0,12.0,13.0,1,184,0,231
351,84,798.0,2949.0,10.0,12.0,1,207,0,224
351,85,730.0,2967.0,9.0,7.0,1,199,0,223
351,87,621.0,2969.0,9.0,6.0,1,189,0,221
351,91,512.0,2965.0,12.0,11.0,1,176,0,214
351,94,505.0,2720.0,9.0,6.0,0,152,24,208
351,97,749.0,2981.0,11.0,6.0,0,174,1,196
351,101,394.0,2952.0,14.0,8.0,1,154,0,183
351,144,679.0,2966.0,9.0,13.0,1,73,0,83
351,166,444.0,2956.0,8.0,6.0,0,6,3,9
352,5,1674.0,3137.0,17.0,6.0,1,274,0,350
352,42,881.0,2957.0,7.0,8.0,1,247,0,277
352,49,807.0,2953.0,11.0,9.0,1,242,0,271
352,52,654.0,2974.0,13.0,11.0,1,241,0,267
352,53,832.0,2955.0,12.0,8.0,1,224,0,267
352,54,587.0,2965.0,14.0,7.0,1,238,0,266
352,56,766.0,2950.0,11.0,10.0,1,239,0,264
352,60,414.0,2955.0,9.0,8.0,1,233,0,254
352,64,461.0,2962.0,9.0,6.0,1,211,0,249
352,65,471.0,2968.0,6.0,8.0,1,216,0,248
352,71,857.0,2955.0,11.0,8.0,1,203,0,244
352,74,580.0,2961.0,8.0,8.0,1,200,0,243
352,77,686.0,2970.0,14.0,10.0,1,207,0,240
352,78,617.0,2963.0,9.0,6.0,1,205,0,240
352,81,508.0,2961.0,12.0,10.0,1,185,0,232
352,84,794.0,2955.0,10.0,10.0,1,208,0,225
352,85,751.0,2957.0,12.0,13.0,1,200,0,224
352,87,640.0,2969.0,5.0,8.0,1,190,0,222
352,91,541.0,2963.0,7.0,8.0,1,177,0,215
352,94,505.0,2720.0,9.0,6.0,0,152,25,209
352,97,746.0,2975.0,10.0,8.0,1,175,0,197
352,101,387.0,2952.0,14.0,6.0,1,155,0,184
352,144,725.0,2966.0,8.0,8.0,1,74,0,84
352,166,444.0,2954.0,7.0,11.0,1,7,0,10
353,5,1678.0,3131.0,17.0,12.0,1,275,0,351
353,42,877.0,2956.0,7.0,7.0,1,248,0,278
353,49,808.0,2954.0,12.0,7.0,1,243,0,272
353,52,645.0,2968.0,12.0,8.0,1,242,0,268
353,53,837.0,2958.0,10.0,9.0,1,225,0,268
353,54,587.0,2965.0,14.0,7.0,0,238,1,267
353,56,761.0,2950.0,11.0,11.0,1,240,0,265
353,60,408.0,2955.0,11.0,8.0,1,234,0,255
353,64,452.0,2964.0,12.0,6.0,1,212,0,250
353,65,461.0,2969.0,9.0,7.0,1,217,0,249
353,71,857.0,2955.0,11.0,8.0,0,203,1,245
353,74,580.0,2961.0,8.0,8.0,0,200,1,244
353,77,663.0,2970.0,9.0,11.0,1,208,0,241
353,78,611.0,2964.0,9.0,7.0,1,206,0,241
353,81,480.0,2966.0,8.0,11.0,1,186,0,233
353,84,792.0,2952.0,10.0,9.0,1,209,0,226
353,85,744.0,2956.0,12.0,8.0,1,201,0,225
353,87,628.0,2968.0,9.0,10.0,1,191,0,223
353,91,539.0,2961.0,9.0,11.0,1,178,0,216
353,94,505.0,2720.0,9.0,6.0,0,152,26,210
353,97,723.0,2968.0,10.0,9.0,1,176,0,198
353,101,385.0,2955.0,11.0,9.0,1,156,0,185
353,144,685.0,2968.0,12.0,9.0,1,75,0,85
353,166,444.0,2954.0,7.0,11.0,0,7,1,11
354,5,1677.0,3136.0,13.0,11.0,1,276,0,352
354,42,869.0,2955.0,11.0,8.0,1,249,0,279
354,49,808.0,2954.0,12.0,7.0,0,243,1,273
354,52,645.0,2969.0,12.0,11.0,1,243,0,269
354,53,824.0,2955.0,11.0,9.0,1,226,0,269
354,54,560.0,2960.0,7.0,6.0,1,239,0,268
354,56,758.0,2959.0,13.0,10.0,1,241,0,266
354,60,402.0,2954.0,10.0,10.0,1,235,0,256
354,64,460.0,2955.0,6.0,8.0,1,213,0,251
354,65,478.0,2962.0,7.0,14.0,1,218,0,250
354,71,847.0,2956.0,13.0,9.0,1,204,0,246
354,74,580.0,2961.0,8.0,8.0,0,200,2,245
354,77,669.0,2968.0,10.0,9.0,1,209,0,242
354,78,600.0,2970.0,9.0,7.0,1,207,0,242
354,81,498.0,2961.0,8.0,6.0,1,187,0,234
354,84,792.0,2952.0,10.0,9.0,0,209,1,227
354,85,743.0,2956.0,12.0,9.0,1,202,0,226
354,87,628.0,2968.0,9.0,10.0,0,191,1,224
354,91,529.0,2966.0,10.0,9.0,1,179,0,217
354,94,505.0,2720.0,9.0,6.0,0,152,27,211
354,97,714.0,2967.0,10.0,5.0,1,177,0,199
354,101,379.0,2956.0,11.0,6.0,1,157,0,186
354,144,685.0,2968.0,12.0,9.0,0,75,1,86
354,166,444.0,2954.0,7.0,11.0,0,7,2,12
355,5,1672.0,3135.0,13.0,10.0,1,277,0,353
355,42,859.0,2954.0,11.0,7.0,1,250,0,280
355,49,795.0,2954.0,11.0,8.0,1,244,0,274
355,52,638.0,2970.0,10.0,10.0,1,244,0,270
355,53,824.0,2955.0,11.0,9.0,0,226,1,270
355,54,560.0,2960.0,7.0,6.0,0,239,1,269
355,56,753.0,2948.0,10.0,9.0,1,242,0,267
355,60,400.0,2952.0,10.0,7.0,1,236,0,257
355,64,456.0,2959.0,9.0,6.0,1,214,0,252
355,65,448.0,2965.0,10.0,5.0,1,219,0,251
355,71,843.0,2952.0,10.0,7.0,1,205,0,247
355,74,579.0,2967.0,6.0,6.0,1,201,0,246
355,77,647.0,2974.0,10.0,6.0,1,210,0,243
355,78,598.0,2964.0,9.0,7.0,1,208,0,243
355,81,469.0,2963.0,9.0,11.0,1,188,0,235
355,84,781.0,2950.0,10.0,6.0,1,210,0,228
355,85,741.0,2957.0,11.0,9.0,1,203,0,227
355,87,614.0,2972.0,8.0,6.0,1,192,0,225
355,91,518.0,2959.0,10.0,11.0,1,180,0,218
355,94,505.0,2720.0,9.0,6.0,0,152,28,212
355,97,711.0,2962.0,8.0,10.0,1,178,0,200
355,101,370.0,2949.0,11.0,9.0,1,158,0,187
355,144,673.0,2964.0,12.0,11.0,1,76,0,87
355,166,422.0,2961.0,13.0,11.0,1,8,0,13
356,5,1672.0,3135.0,13.0,10.0,0,277,1,354
356,42,859.0,2954.0,11.0,7.0,0,250,1,281
356,49,796.0,2950.0,12.0,10.0,1,245,0,275
356,52,629.0,2970.0,12.0,9.0,1,245,0,271
356,53,821.0,2954.0,11.0,8.0,1,227,0,271
356,54,541.0,2963.0,9.0,8.0,1,240,0,270
356,56,740.0,2958.0,12.0,8.0,1,243,0,268
356,60,401.0,2958.0,8.0,7.0,1,237,0,258
356,64,456.0,2959.0,9.0,6.0,0,214,1,253
356,65,436.0,2961.0,9.0,4.0,1,220,0,252
356,71,835.0,2959.0,11.0,7.0,1,206,0,248
356,74,570.0,2966.0,9.0,7.0,1,202,0,247
356,77,647.0,2974.0,10.0,6.0,0,210,1,244
356,78,597.0,2965.0,7.0,5.0,1,209,0,244
356,81,469.0,2962.0,10.0,10.0,1,189,0,236
356,84,775.0,2955.0,14.0,9.0,1,211,0,229
356,85,718.0,2973.0,13.0,9.0,1,204,0,228
356,87,610.0,2964.0,9.0,9.0,1,193,0,226
356,91,487.0,2961.0,12.0,10.0,1,181,0,219
356,94,505.0,2720.0,9.0,6.0,0,152,29,213
356,97,707.0,2965.0,11.0,8.0,1,179,0,201
356,101,371.0,2955.0,10.0,8.0,1,159,0,188
356,144,673.0,2964.0,12.0,11.0,0,76,1,88
356,166,425.0,2955.0,8.0,9.0,1,9,0,14
357,5,1675.0,3131.0,16.0,12.0,1,278,0,355
357,42,853.0,2956.0,13.0,6.0,1,251,0,282
357,49,793.0,2952.0,12.0,8.0,1,246,0,276
357,52,628.0,2973.0,8.0,7.0,1,246,0,272
357,53,818.0,2954.0,9.0,8.0,1,228,0,272
357,54,512.0,2960.0,9.0,12.0,1,241,0,271
357,56,746.0,2950.0,10.0,12.0,1,244,0,269
357,60,391.0,2958.0,8.0,8.0,1,238,0,259
357,64,456.0,2959.0,9.0,6.0,0,214,2,254
357,65,427.0,2960.0,9.0,11.0,1,221,0,253
357,71,839.0,2953.0,9.0,7.0,1,207,0,249
357,74,565.0,2965.0,8.0,6.0,1,203,0,248
357,77,643.0,2972.0,11.0,7.0,1,211,0,245
357,78,589.0,2963.0,9.0,9.0,1,210,0,245
357,81,464.0,2957.0,11.0,9.0,1,190,0,237
357,84,768.0,2959.0,11.0,7.0,1,212,0,230
357,85,731.0,2959.0,13.0,7.0,1,205,0,229
357,87,601.0,2963.0,11.0,7.0,1,194,0,227
357,91,487.0,2961.0,12.0,10.0,0,181,1,220
357,97,697.0,2963.0,13.0,10.0,1,180,0,202
357,101,362.0,2954.0,14.0,11.0,1,160,0,189
357,144,719.0,2968.0,7.0,9.0,1,77,0,89
357,166,418.0,2954.0,9.0,9.0,1,10,0,15
358,5,1671.0,3130.0,20.0,8.0,1,279,0,356
358,42,854.0,2957.0,10.0,8.0,1,252,0,283
358,49,788.0,2950.0,13.0,10.0,1,247,0,277
358,52,639.0,2970.0,6.0,6.0,1,247,0,273
358,53,812.0,2952.0,11.0,9.0,1,229,0,273
358,54,538.0,2957.0,9.0,8.0,1,242,0,272
358,56,738.0,2948.0,11.0,10.0,1,245,0,270
358,60,391.0,2958.0,8.0,8.0,0,238,1,260
358,64,459.0,2957.0,10.0,11.0,1,215,0,255
358,65,424.0,2960.0,8.0,8.0,1,222,0,254
358,71,681.0,3042.0,8.0,5.0,1,208,0,250
358,74,564.0,2964.0,10.0,6.0,1,204,0,249
358,77,659.0,2967.0,11.0,9.0,1,212,0,246
358,78,585.0,2966.0,9.0,9.0,1,211,0,246
358,81,476.0,2962.0,9.0,9.0,1,191,0,238
358,84,769.0,2953.0,11.0,9.0,1,213,0,231
358,85,730.0,2954.0,11.0,8.0,1,206,0,230
358,87,623.0,2967.0,13.0,11.0,1,195,0,228
358,91,503.0,2963.0,11.0,7.0,1,182,0,221
358,97,694.0,2961.0,12.0,8.0,1,181,0,203
358,101,361.0,2953.0,12.0,8.0,1,161,0,190
358,144,706.0,2978.0,8.0,8.0,1,78,0,90
358,166,402.0,2962.0,12.0,9.0,1,11,0,16
359,5,1676.0,3124.0,15.0,9.0,1,280,0,357
359,42,843.0,2959.0,11.0,9.0,1,253,0,284
359,49,803.0,2959.0,9.0,6.0,1,248,0,278
359,52,639.0,2970.0,6.0,6.0,0,247,1,274
359,53,819.0,2952.0,12.0,7.0,1,230,0,274
359,54,529.0,2962.0,9.0,9.0,1,243,0,273
359,56,738.0,2948.0,11.0,10.0,0,245,1,271
359,60,380.0,2952.0,8.0,6.0,1,239,0,261
359,64,459.0,2957.0,10.0,11.0,0,215,1,256
359,65,424.0,2960.0,8.0,8.0,0,222,1,255
359,71,681.0,3042.0,8.0,5.0,0,208,1,251
359,74,554.0,2961.0,8.0,9.0,1,205,0,250
359,77,655.0,2970.0,9.0,8.0,1,213,0,247
359,78,577.0,2963.0,9.0,11.0,1,212,0,247
359,81,467.0,2959.0,15.0,12.0,1,192,0,239
359,84,765.0,2953.0,10.0,8.0,1,214,0,232
359,85,728.0,2951.0,9.0,7.0,1,207,0,231
359,87,617.0,2962.0,11.0,9.0,1,196,0,229
359,91,498.0,2957.0,11.0,10.0,1,183,0,222
359,97,689.0,2964.0,11.0,9.0,1,182,0,204
359,101,357.0,2952.0,8.0,10.0,1,162,0,191
359,144,707.0,2967.0,9.0,9.0,1,79,0,91
359,166,406.0,2951.0,11.0,10.0,1,12,0,17
360,5,1684.0,3125.0,17.0,10.0,1,281,0,358
360,42,842.0,2952.0,14.0,9.0,1,254,0,285
360,49,810.0,2957.0,11.0,9.0,1,249,0,279
360,52,602.0,2966.0,13.0,8.0,1,248,0,275
360,53,821.0,2957.0,11.0,7.0,1,231,0,275
360,54,523.0,2960.0,13.0,9.0,1,244,0,274
360,56,738.0,2948.0,11.0,10.0,0,245,2,272
360,60,380.0,2952.0,8.0,6.0,0,239,1,262
360,64,436.0,2958.0,10.0,6.0,1,216,0,257
360,65,416.0,2962.0,10.0,9.0,1,223,0,256
360,71,681.0,3042.0,8.0,5.0,0,208,2,252
360,74,552.0,2964.0,9.0,8.0,1,206,0,251
360,77,629.0,2974.0,7.0,7.0,1,214,0,248
360,78,567.0,2963.0,10.0,11.0,1,213,0,248
360,81,446.0,2963.0,8.0,6.0,1,193,0,240
360,84,759.0,2953.0,11.0,8.0,1,215,0,233
360,85,725.0,2956.0,7.0,6.0,1,208,0,232
360,87,590.0,2961.0,9.0,10.0,1,197,0,230
360,91,492.0,2957.0,10.0,10.0,1,184,0,223
360,97,682.0,2962.0,11.0,7.0,1,183,0,205
360,101,346.0,2953.0,10.0,8.0,1,163,0,192
360,144,700.0,2975.0,12.0,9.0,1,80,0,92
360,166,396.0,2957.0,12.0,11.0,1,13,0,18
361,5,1685.0,3127.0,13.0,10.0,1,282,0,359
361,42,838.0,2955.0,10.0,6.0,1,255,0,286
361,49,796.0,2951.0,10.0,7.0,1,250,0,280
361,52,602.0,2966.0,13.0,8.0,0,248,1,276
361,53,813.0,2956.0,11.0,6.0,1,232,0,276
361,54,528.0,2968.0,13.0,7.0,1,245,0,275
361,56,774.0,2949.0,9.0,10.0,1,246,0,273
361,60,369.0,2954.0,12.0,7.0,1,240,0,263
361,64,436.0,2958.0,10.0,6.0,0,216,1,258
361,65,405.0,2963.0,11.0,8.0,1,224,0,257
361,71,694.0,2978.0,14.0,6.0,1,209,0,253
361,74,544.0,2958.0,10.0,7.0,1,207,0,252
361,77,623.0,2969.0,6.0,7.0,1,215,0,249
361,78,569.0,2960.0,9.0,8.0,1,214,0,249
361,81,460.0,2959.0,12.0,6.0,1,194,0,241
361,84,759.0,2954.0,11.0,10.0,1,216,0,234
361,85,722.0,2949.0,12.0,9.0,1,209,0,233
361,87,580.0,2964.0,10.0,9.0,1,198,0,231
361,91,489.0,2961.0,12.0,10.0,1,185,0,224
361,97,683.0,2964.0,7.0,9.0,1,184,0,206
361,101,341.0,2954.0,10.0,8.0,1,164,0,193
361,144,723.0,2960.0,8.0,4.0,1,81,0,93
361,166,396.0,2957.0,12.0,11.0,0,13,1,19
362,5,1678.0,3118.0,18.0,11.0,1,283,0,360
362,42,835.0,2958.0,11.0,7.0,1,256,0,287
362,49,791.0,2954.0,11.0,10.0,1,251,0,281
362,52,599.0,2961.0,12.0,10.0,1,249,0,277
362,53,814.0,2952.0,12.0,7.0,1,233,0,277
362,54,513.0,2960.0,10.0,10.0,1,246,0,276
362,56,773.0,2953.0,11.0,10.0,1,247,0,274
362,60,369.0,2954.0,12.0,7.0,0,240,1,264
362,64,425.0,2959.0,11.0,11.0,1,217,0,259
362,65,406.0,2960.0,10.0,10.0,1,225,0,258
362,71,691.0,2971.0,13.0,8.0,1,210,0,254
362,74,540.0,2965.0,9.0,7.0,1,208,0,253
362,77,623.0,2969.0,6.0,7.0,0,215,1,250
362,78,558.0,2960.0,9.0,8.0,1,215,0,250
362,81,455.0,2957.0,12.0,10.0,1,195,0,242
362,84,757.0,2946.0,5.0,5.0,1,217,0,235
362,85,722.0,2949.0,12.0,9.0,0,209,1,234
362,87,576.0,2957.0,10.0,9.0,1,199,0,232
362,91,488.0,2959.0,10.0,8.0,1,186,0,225
362,97,677.0,2960.0,8.0,6.0,1,185,0,207
362,101,342.0,2952.0,10.0,10.0,1,165,0,194
362,144,721.0,2960.0,5.0,4.0,1,82,0,94
362,166,396.0,2957.0,12.0,11.0,0,13,2,20
363,5,1683.0,3129.0,17.0,12.0,1,284,0,361
363,42,831.0,2960.0,10.0,6.0,1,257,0,288
363,49,787.0,2953.0,10.0,7.0,1,252,0,282
363,52,612.0,2967.0,9.0,9.0,1,250,0,278
363,53,806.0,2957.0,12.0,9.0,1,234,0,278
363,54,536.0,2963.0,8.0,6.0,1,247,0,277
363,56,765.0,2955.0,10.0,9.0,1,248,0,275
363,60,357.0,2954.0,12.0,8.0,1,241,0,265
363,64,447.0,2964.0,12.0,6.0,1,218,0,260
363,65,414.0,2961.0,13.0,9.0,1,226,0,259
363,71,687.0,2971.0,13.0,12.0,1,211,0,255
363,74,555.0,2967.0,8.0,6.0,1,209,0,254
363,77,632.0,2961.0,10.0,10.0,1,216,0,251
363,78,575.0,2963.0,5.0,9.0,1,216,0,251
363,81,475.0,2958.0,11.0,8.0,1,196,0,243
363,84,749.0,2950.0,10.0,11.0,1,218,0,236
363,85,715.0,2947.0,10.0,7.0,1,210,0,235
363,87,592.0,2969.0,10.0,10.0,1,200,0,233
363,91,509.0,2959.0,11.0,6.0,1,187,0,226
363,97,675.0,2962.0,8.0,11.0,1,186,0,208
363,101,342.0,2952.0,10.0,10.0,0,165,1,195
363,144,716.0,2952.0,8.0,6.0,1,83,0,95
363,166,386.0,2952.0,10.0,11.0,1,14,0,21
364,5,1690.0,3122.0,13.0,10.0,1,285,0,362
364,42,825.0,2951.0,12.0,8.0,1,258,0,289
364,49,785.0,2952.0,10.0,10.0,1,253,0,283
364,52,608.0,2966.0,11.0,10.0,1,251,0,279
364,53,802.0,2954.0,11.0,9.0,1,235,0,279
364,54,446.0,2959.0,14.0,8.0,1,248,0,278
364,56,765.0,2955.0,10.0,9.0,0,248,1,276
364,60,349.0,2953.0,10.0,8.0,1,242,0,266
364,64,430.0,2961.0,11.0,7.0,1,219,0,261
364,65,390.0,2957.0,8.0,9.0,1,227,0,260
364,71,687.0,2971.0,13.0,12.0,0,211,1,256
364,74,506.0,2966.0,12.0,9.0,1,210,0,255
364,77,625.0,2963.0,11.0,12.0,1,217,0,252
364,78,562.0,2964.0,8.0,8.0,1,217,0,252
364,81,409.0,2955.0,12.0,9.0,1,197,0,244
364,84,749.0,2950.0,10.0,11.0,0,218,1,237
364,85,703.0,2952.0,11.0,5.0,1,211,0,236
364,87,587.0,2969.0,13.0,9.0,1,201,0,234
364,91,478.0,2959.0,10.0,10.0,1,188,0,227
364,97,669.0,2960.0,10.0,9.0,1,187,0,209
364,101,330.0,2952.0,10.0,10.0,1,166,0,196
364,144,708.0,2954.0,12.0,5.0,1,84,0,96
364,166,383.0,2951.0,12.0,10.0,1,15,0,22
365,5,1690.0,3122.0,13.0,10.0,0,285,1,363
365,42,822.0,2958.0,11.0,7.0,1,259,0,290
365,49,782.0,2954.0,10.0,6.0,1,254,0,284
365,52,580.0,2965.0,11.0,6.0,1,252,0,280
365,53,798.0,2953.0,11.0,7.0,1,236,0,280
365,54,469.0,2958.0,10.0,6.0,1,249,0,279
365,56,758.0,2949.0,11.0,9.0,1,249,0,277
365,60,343.0,2952.0,12.0,7.0,1,243,0,267
365,64,448.0,2961.0,9.0,8.0,1,220,0,262
365,65,408.0,2960.0,7.0,6.0,1,228,0,261
365,71,685.0,2973.0,9.0,10.0,1,212,0,257
365,74,527.0,2959.0,8.0,10.0,1,211,0,256
365,77,619.0,2964.0,10.0,8.0,1,218,0,253
365,78,542.0,2962.0,10.0,7.0,1,218,0,253
365,81,424.0,2958.0,7.0,7.0,1,198,0,245
365,84,739.0,2947.0,13.0,9.0,1,219,0,238
365,85,703.0,2952.0,11.0,5.0,0,211,1,237
365,87,559.0,2961.0,9.0,5.0,1,202,0,235
365,91,503.0,2965.0,11.0,7.0,1,189,0,228
365,97,662.0,2964.0,11.0,8.0,1,188,0,210
365,101,326.0,2954.0,12.0,10.0,1,167,0,197
365,144,712.0,2955.0,8.0,5.0,1,85,0,97
365,166,374.0,2955.0,11.0,9.0,1,16,0,23
366,5,1688.0,3106.0,15.0,12.0,1,286,0,364
366,42,816.0,2960.0,12.0,6.0,1,260,0,291
366,49,775.0,2949.0,10.0,10.0,1,255,0,285
366,52,577.0,2961.0,13.0,13.0,1,253,0,281
366,53,792.0,2951.0,10.0,7.0,1,237,0,281
366,54,466.0,2951.0,9.0,10.0,1,250,0,280
366,56,747.0,2945.0,13.0,8.0,1,250,0,278
366,60,343.0,2955.0,12.0,9.0,1,244,0,268
366,64,438.0,2959.0,12.0,8.0,1,221,0,263
366,65,402.0,2954.0,7.0,5.0,1,229,0,262
366,71,596.0,2963.0,10.0,10.0,1,213,0,258
366,74,524.0,2962.0,10.0,7.0,1,212,0,257
366,77,611.0,2961.0,11.0,9.0,1,219,0,254
366,78,535.0,2958.0,9.0,7.0,1,219,0,254
366,81,423.0,2958.0,9.0,9.0,1,199,0,246
366,84,741.0,2948.0,12.0,7.0,1,220,0,239
366,85,670.0,2964.0,11.0,7.0,1,212,0,238
366,87,556.0,2967.0,9.0,9.0,1,203,0,236
366,91,496.0,2954.0,12.0,10.0,1,190,0,229
366,97,659.0,2961.0,9.0,10.0,1,189,0,211
366,101,316.0,2949.0,12.0,10.0,1,168,0,198
366,144,705.0,2956.0,11.0,6.0,1,86,0,98
366,166,384.0,2953.0,9.0,12.0,1,17,0,24
367,5,1689.0,3114.0,21.0,8.0,1,287,0,365
367,42,816.0,2960.0,12.0,6.0,0,260,1,292
367,49,776.0,2952.0,8.0,6.0,1,256,0,286
367,52,573.0,2964.0,10.0,9.0,1,254,0,282
367,53,782.0,2961.0,11.0,7.0,1,238,0,282
367,54,438.0,2957.0,8.0,8.0,1,251,0,281
367,56,749.0,2949.0,14.0,10.0,1,251,0,279
367,60,344.0,2952.0,8.0,8.0,1,245,0,269
367,64,408.0,2958.0,12.0,10.0,1,222,0,264
367,65,382.0,2960.0,9.0,8.0,1,230,0,263
367,71,599.0,2963.0,13.0,7.0,1,214,0,259
367,74,524.0,2962.0,10.0,7.0,0,212,1,258
367,77,671.0,2971.0,11.0,7.0,1,220,0,255
367,78,535.0,2963.0,10.0,8.0,1,220,0,255
367,81,397.0,2957.0,11.0,8.0,1,200,0,247
367,84,734.0,2954.0,10.0,7.0,1,221,0,240
367,85,702.0,2952.0,10.0,5.0,1,213,0,239
367,87,556.0,2967.0,9.0,9.0,0,203,1,237
367,91,496.0,2954.0,12.0,10.0,0,190,1,230
367,97,659.0,2964.0,10.0,10.0,1,190,0,212
367,101,308.0,2951.0,12.0,11.0,1,169,0,199
367,144,704.0,2947.0,9.0,7.0,1,87,0,99
367,166,366.0,2950.0,11.0,9.0,1,18,0,25
368,5,1689.0,3114.0,21.0,8.0,0,287,1,366
368,42,801.0,2955.0,12.0,7.0,1,261,0,293
368,49,772.0,2948.0,10.0,9.0,1,257,0,287
368,52,565.0,2959.0,12.0,10.0,1,255,0,283
368,53,782.0,2955.0,10.0,9.0,1,239,0,283
368,54,462.0,2961.0,10.0,10.0,1,252,0,282
368,56,750.0,2951.0,9.0,7.0,1,252,0,280
368,60,335.0,2945.0,5.0,7.0,1,246,0,270
368,64,435.0,2961.0,8.0,8.0,1,223,0,265
368,65,376.0,2962.0,11.0,8.0,1,231,0,264
368,71,587.0,2964.0,10.0,7.0,1,215,0,260
368,74,511.0,2964.0,12.0,8.0,1,213,0,259
368,77,673.0,2967.0,7.0,8.0,1,221,0,256
368,78,531.0,2968.0,11.0,10.0,1,221,0,256
368,81,413.0,2961.0,11.0,6.0,1,201,0,248
368,84,728.0,2946.0,14.0,8.0,1,222,0,241
368,85,689.0,2950.0,12.0,6.0,1,214,0,240
368,87,543.0,2963.0,10.0,7.0,1,204,0,238
368,91,481.0,2966.0,10.0,10.0,1,191,0,231
368,97,653.0,2956.0,8.0,10.0,1,191,0,213
368,101,310.0,2951.0,9.0,7.0,1,170,0,200
368,144,699.0,2948.0,11.0,8.0,1,88,0,100
368,166,361.0,2955.0,10.0,7.0,1,19,0,26
369,5,1698.0,3106.0,10.0,9.0,1,288,0,367
369,42,808.0,2959.0,9.0,7.0,1,262,0,294
369,49,768.0,2951.0,10.0,9.0,1,258,0,288
369,52,568.0,2963.0,12.0,8.0,1,256,0,284
369,53,789.0,2959.0,9.0,7.0,1,240,0,284
369,54,425.0,2957.0,11.0,7.0,1,253,0,283
369,56,745.0,2951.0,11.0,9.0,1,253,0,281
369,60,329.0,2951.0,11.0,8.0,1,247,0,271
369,64,415.0,2958.0,11.0,8.0,1,224,0,266
369,65,373.0,2961.0,6.0,5.0,1,232,0,265
369,71,585.0,2965.0,10.0,9.0,1,216,0,261
369,74,478.0,2957.0,12.0,9.0,1,214,0,260
369,77,657.0,2966.0,13.0,10.0,1,222,0,257
369,78,506.0,2957.0,9.0,8.0,1,222,0,257
369,81,386.0,2958.0,11.0,6.0,1,202,0,249
369,84,727.0,2945.0,11.0,5.0,1,223,0,242
369,85,699.0,2957.0,8.0,7.0,1,215,0,241
369,87,523.0,2962.0,8.0,10.0,1,205,0,239
369,91,453.0,2963.0,10.0,6.0,1,192,0,232
369,97,641.0,2961.0,12.0,12.0,1,192,0,214
369,101,302.0,2955.0,13.0,10.0,1,171,0,201
369,144,695.0,2943.0,9.0,8.0,1,89,0,101
369,166,358.0,2953.0,10.0,7.0,1,20,0,27
370,5,1702.0,3103.0,13.0,10.0,1,289,0,368
370,42,795.0,2957.0,12.0,9.0,1,263,0,295
370,49,768.0,2951.0,10.0,9.0,0,258,1,289
370,52,535.0,2962.0,11.0,8.0,1,257,0,285
370,53,779.0,2951.0,10.0,11.0,1,241,0,285
370,54,420.0,2959.0,12.0,8.0,1,254,0,284
370,56,739.0,2946.0,9.0,10.0,1,254,0,282
370,60,324.0,2950.0,12.0,9.0,1,248,0,272
370,64,402.0,2956.0,8.0,9.0,1,225,0,267
370,65,375.0,2951.0,7.0,4.0,1,233,0,266
370,71,565.0,2961.0,10.0,10.0,1,217,0,262
370,74,475.0,2951.0,9.0,11.0,1,215,0,261
370,77,655.0,2965.0,11.0,10.0,1,223,0,258
370,78,500.0,2961.0,10.0,7.0,1,223,0,258
370,81,383.0,2958.0,11.0,7.0,1,203,0,250
370,84,727.0,2945.0,11.0,5.0,0,223,1,243
370,85,687.0,2955.0,13.0,6.0,1,216,0,242
370,87,524.0,2964.0,10.0,6.0,1,206,0,240
370,91,450.0,2955.0,11.0,10.0,1,193,0,233
370,97,643.0,2959.0,10.0,8.0,1,193,0,215
370,101,295.0,2953.0,13.0,9.0,1,172,0,202
370,144,698.0,2949.0,5.0,7.0,1,90,0,102
370,166,344.0,2954.0,13.0,8.0,1,21,0,28
370,176,592.0,2963.0,13.0,10.0,1,3,0,3
371,5,1695.0,3099.0,17.0,11.0,1,290,0,369
371,42,800.0,2953.0,12.0,6.0,1,264,0,296
371,49,763.0,2948.0,12.0,10.0,1,259,0,290
371,52,536.0,2963.0,11.0,6.0,1,258,0,286
371,53,776.0,2955.0,11.0,10.0,1,242,0,286
371,54,420.0,2959.0,12.0,8.0,0,254,1,285
371,56,739.0,2946.0,9.0,10.0,0,254,1,283
371,60,324.0,2950.0,12.0,9.0,0,248,1,273
371,64,402.0,2956.0,8.0,9.0,0,225,1,268
371,65,365.0,2953.0,8.0,6.0,1,234,0,267
371,71,572.0,2960.0,9.0,9.0,1,218,0,263
371,74,475.0,2951.0,9.0,11.0,0,215,1,262
371,77,652.0,2962.0,7.0,9.0,1,224,0,259
371,78,496.0,2962.0,9.0,7.0,1,224,0,259
371,81,383.0,2958.0,11.0,7.0,0,203,1,251
371,84,719.0,2950.0,10.0,8.0,1,224,0,244
371,85,687.0,2955.0,13.0,6.0,0,216,1,243
371,87,517.0,2958.0,10.0,7.0,1,207,0,241
371,91,445.0,2961.0,10.0,5.0,1,194,0,234
371,97,635.0,2955.0,10.0,11.0,1,194,0,216
371,101,296.0,2948.0,11.0,7.0,1,173,0,203
371,144,691.0,2948.0,10.0,6.0,1,91,0,103
371,166,339.0,2959.0,10.0,10.0,1,22,0,29
371,176,588.0,2961.0,12.0,9.0,1,4,0,4
372,5,1704.0,3107.0,13.0,12.0,1,291,0,370
372,42,796.0,2957.0,7.0,9.0,1,265,0,297
372,49,757.0,2947.0,11.0,11.0,1,260,0,291
372,52,567.0,2970.0,9.0,9.0,1,259,0,287
372,53,769.0,2951.0,10.0,9.0,1,243,0,287
372,54,415.0,2957.0,11.0,6.0,1,255,0,286
372,56,733.0,2950.0,11.0,8.0,1,255,0,284
372,60,314.0,2951.0,8.0,6.0,1,249,0,274
372,64,391.0,2958.0,9.0,8.0,1,226,0,269
372,65,365.0,2953.0,8.0,6.0,0,234,1,268
372,71,554.0,2956.0,11.0,10.0,1,219,0,264
372,74,456.0,2960.0,13.0,9.0,1,216,0,263
372,77,645.0,2962.0,10.0,9.0,1,225,0,260
372,78,485.0,2960.0,11.0,9.0,1,225,0,260
372,81,373.0,2957.0,10.0,5.0,1,204,0,252
372,84,719.0,2950.0,10.0,8.0,0,224,1,245
372,85,684.0,2955.0,9.0,5.0,1,217,0,244
372,87,508.0,2957.0,10.0,9.0,1,208,0,242
372,91,439.0,2957.0,10.0,5.0,1,195,0,235
372,97,632.0,2967.0,9.0,10.0,1,195,0,217
372,101,284.0,2952.0,11.0,6.0,1,174,0,204
372,144,682.0,2942.0,12.0,8.0,1,92,0,104
372,166,340.0,2951.0,10.0,6.0,1,23,0,30
372,176,582.0,2963.0,11.0,12.0,1,5,0,5
373,5,1703.0,3100.0,13.0,8.0,1,292,0,371
373,42,793.0,2956.0,9.0,9.0,1,266,0,298
373,49,747.0,2951.0,12.0,11.0,1,261,0,292
373,52,541.0,2963.0,11.0,8.0,1,260,0,288
373,53,765.0,2958.0,9.0,6.0,1,244,0,288
373,54,410.0,2958.0,12.0,7.0,1,256,0,287
373,56,730.0,2947.0,11.0,8.0,1,256,0,285
373,60,314.0,2951.0,8.0,6.0,0,249,1,275
373,64,388.0,2955.0,12.0,8.0,1,227,0,270
373,65,365.0,2953.0,8.0,6.0,0,234,2,269
373,71,523.0,2962.0,9.0,10.0,1,220,0,265
373,74,456.0,2960.0,13.0,9.0,0,216,1,264
373,77,645.0,2962.0,10.0,9.0,0,225,1,261
373,78,485.0,2960.0,11.0,9.0,0,225,1,261
373,81,370.0,2951.0,12.0,7.0,1,205,0,253
373,84,714.0,2946.0,8.0,7.0,1,225,0,246
373,85,684.0,2951.0,8.0,7.0,1,218,0,245
373,87,504.0,2961.0,11.0,7.0,1,209,0,243
373,91,438.0,2959.0,11.0,8.0,1,196,0,236
373,97,625.0,2955.0,10.0,11.0,1,196,0,218
373,101,283.0,2946.0,13.0,10.0,1,175,0,205
373,144,682.0,2942.0,12.0,8.0,0,92,1,105
373,166,329.0,2946.0,11.0,8.0,1,24,0,31
373,176,580.0,2954.0,12.0,10.0,1,6,0,6
374,5,1710.0,3100.0,13.0,6.0,1,293,0,372
374,42,783.0,2954.0,11.0,10.0,1,267,0,299
374,49,748.0,2954.0,12.0,9.0,1,262,0,293
374,52,559.0,2959.0,11.0,7.0,1,261,0,289
374,53,766.0,2952.0,9.0,11.0,1,245,0,289
374,54,431.0,2951.0,11.0,8.0,1,257,0,288
374,56,728.0,2951.0,11.0,7.0,1,257,0,286
374,60,308.0,2952.0,11.0,5.0,1,250,0,276
374,64,379.0,2957.0,13.0,8.0,1,228,0,271
374,65,348.0,2953.0,12.0,5.0,1,235,0,270
374,71,538.0,2957.0,11.0,10.0,1,221,0,266
374,74,454.0,2957.0,12.0,7.0,1,217,0,265
374,77,641.0,2959.0,12.0,10.0,1,226,0,262
374,78,478.0,2961.0,9.0,7.0,1,226,0,262
374,81,374.0,2952.0,11.0,6.0,1,206,0,254
374,84,712.0,2949.0,13.0,10.0,1,226,0,247
374,85,678.0,2947.0,10.0,5.0,1,219,0,246
374,87,502.0,2960.0,8.0,6.0,1,210,0,244
374,91,518.0,2968.0,13.0,7.0,1,197,0,237
374,97,624.0,2955.0,10.0,11.0,1,197,0,219
374,101,280.0,2947.0,11.0,6.0,1,176,0,206
374,144,687.0,2945.0,9.0,8.0,1,93,0,106
374,166,330.0,2949.0,13.0,9.0,1,25,0,32
374,176,575.0,2960.0,11.0,9.0,1,7,0,7
375,5,1710.0,3100.0,13.0,6.0,0,293,1,373
375,42,804.0,2907.0,10.0,8.0,1,268,0,300
375,49,744.0,2954.0,6.0,6.0,1,263,0,294
375,52,555.0,2963.0,9.0,10.0,1,262,0,290
375,53,758.0,2951.0,10.0,8.0,1,246,0,290
375,54,401.0,2956.0,11.0,7.0,1,258,0,289
375,56,724.0,2948.0,11.0,7.0,1,258,0,287
375,60,300.0,2953.0,7.0,5.0,1,251,0,277
375,64,378.0,2955.0,13.0,7.0,1,229,0,272
375,65,348.0,2953.0,12.0,5.0,0,235,1,271
375,71,539.0,2961.0,10.0,9.0,1,222,0,267
375,74,427.0,2954.0,9.0,8.0,1,218,0,266
375,77,638.0,2966.0,6.0,5.0,1,227,0,263
375,78,449.0,2955.0,12.0,7.0,1,227,0,263
375,81,369.0,2951.0,13.0,8.0,1,207,0,255
375,84,706.0,2947.0,11.0,6.0,1,227,0,248
375,85,678.0,2947.0,10.0,5.0,0,219,1,247
375,87,499.0,2960.0,9.0,8.0,1,211,0,245
375,91,512.0,2960.0,8.0,8.0,1,198,0,238
375,97,624.0,2955.0,10.0,11.0,0,197,1,220
375,101,280.0,2947.0,11.0,6.0,0,176,1,207
375,144,687.0,2945.0,9.0,8.0,0,93,1,107
375,166,330.0,2949.0,13.0,9.0,0,25,1,33
375,176,573.0,2961.0,10.0,7.0,1,8,0,8
376,5,1701.0,3097.0,14.0,9.0,1,294,0,374
376,42,776.0,2951.0,10.0,10.0,1,269,0,301
376,49,743.0,2950.0,11.0,8.0,1,264,0,295
376,52,531.0,2961.0,10.0,9.0,1,263,0,291
376,53,756.0,2950.0,12.0,10.0,1,247,0,291
376,54,393.0,2951.0,9.0,8.0,1,259,0,290
376,56,713.0,2951.0,9.0,6.0,1,259,0,288
376,60,300.0,2953.0,7.0,5.0,0,251,1,278
376,64,378.0,2955.0,13.0,7.0,0,229,1,273
376,65,336.0,2954.0,16.0,7.0,1,236,0,272
376,71,513.0,2959.0,5.0,7.0,1,223,0,268
376,74,420.0,2957.0,12.0,7.0,1,219,0,267
376,77,631.0,2960.0,10.0,7.0,1,228,0,264
376,78,445.0,2953.0,11.0,9.0,1,228,0,264
376,81,361.0,2954.0,11.0,7.0,1,208,0,256
376,84,700.0,2944.0,12.0,9.0,1,228,0,249
376,85,678.0,2947.0,10.0,5.0,0,219,2,248
376,87,466.0,2962.0,12.0,9.0,1,212,0,246
376,91,494.0,2961.0,9.0,7.0,1,199,0,239
376,97,616.0,2954.0,10.0,10.0,1,198,0,221
376,101,270.0,2947.0,11.0,5.0,1,177,0,208
376,144,687.0,2945.0,9.0,8.0,0,93,2,108
376,166,318.0,2949.0,9.0,8.0,1,26,0,34
376,176,547.0,2961.0,12.0,9.0,1,9,0,9
377,5,1713.0,3096.0,16.0,14.0,1,295,0,375
377,42,776.0,2951.0,10.0,10.0,0,269,1,302
377,49,739.0,2947.0,9.0,6.0,1,265,0,296
377,52,543.0,2963.0,9.0,8.0,1,264,0,292
377,53,757.0,2954.0,10.0,6.0,1,248,0,292
377,54,396.0,2959.0,10.0,8.0,1,260,0,291
377,56,721.0,2952.0,5.0,6.0,1,260,0,289
377,60,287.0,2951.0,9.0,6.0,1,252,0,279
377,64,370.0,2953.0,11.0,9.0,1,230,0,274
377,65,332.0,2951.0,11.0,7.0,1,237,0,273
377,71,503.0,2955.0,9.0,7.0,1,224,0,269
377,74,420.0,2957.0,12.0,7.0,0,219,1,268
377,77,631.0,2960.0,10.0,7.0,0,228,1,265
377,78,445.0,2953.0,11.0,9.0,0,228,1,265
377,81,350.0,2951.0,12.0,7.0,1,209,0,257
377,84,700.0,2944.0,12.0,9.0,0,228,1,250
377,85,676.0,2951.0,10.0,6.0,1,220,0,249
377,87,483.0,2959.0,14.0,10.0,1,213,0,247
377,91,524.0,2963.0,11.0,9.0,1,200,0,240
377,97,609.0,2956.0,10.0,7.0,1,199,0,222
377,101,261.0,2949.0,13.0,6.0,1,178,0,209
377,144,664.0,2938.0,15.0,9.0,1,94,0,109
377,166,317.0,2952.0,11.0,7.0,1,27,0,35
377,176,562.0,2961.0,11.0,11.0,1,10,0,10
378,5,1713.0,3096.0,16.0,14.0,0,295,1,376
378,42,769.0,2965.0,10.0,9.0,1,270,0,303
378,49,733.0,2951.0,13.0,7.0,1,266,0,297
378,52,539.0,2960.0,11.0,6.0,1,265,0,293
378,53,748.0,2949.0,11.0,9.0,1,249,0,293
378,54,383.0,2951.0,12.0,6.0,1,261,0,292
378,56,714.0,2945.0,11.0,10.0,1,261,0,290
378,60,287.0,2951.0,9.0,6.0,0,252,1,280
378,64,364.0,2956.0,11.0,6.0,1,231,0,275
378,65,324.0,2952.0,12.0,6.0,1,238,0,274
378,71,482.0,2954.0,9.0,6.0,1,225,0,270
378,74,407.0,2956.0,11.0,6.0,1,220,0,269
378,77,624.0,2957.0,9.0,9.0,1,229,0,266
378,78,436.0,2949.0,11.0,8.0,1,229,0,266
378,81,350.0,2951.0,12.0,7.0,0,209,1,258
378,84,695.0,2946.0,10.0,8.0,1,229,0,251
378,85,666.0,2949.0,11.0,6.0,1,221,0,250
378,87,466.0,2956.0,6.0,5.0,1,214,0,248
378,91,502.0,2962.0,11.0,8.0,1,201,0,241
378,97,610.0,2947.0,9.0,11.0,1,200,0,223
378,101,261.0,2949.0,13.0,6.0,0,178,1,210
378,144,670.0,2942.0,8.0,7.0,1,95,0,110
378,166,309.0,2949.0,12.0,6.0,1,28,0,36
378,176,557.0,2962.0,12.0,7.0,1,11,0,11
379,5,1713.0,3096.0,16.0,14.0,0,295,2,377
379,42,761.0,2957.0,12.0,10.0,1,271,0,304
379,49,735.0,2944.0,12.0,6.0,1,267,0,298
379,52,531.0,2960.0,8.0,9.0,1,266,0,294
379,53,745.0,2947.0,8.0,8.0,1,250,0,294
379,54,381.0,2961.0,14.0,7.0,1,262,0,293
379,56,710.0,2953.0,12.0,5.0,1,262,0,291
379,60,283.0,2951.0,7.0,5.0,1,253,0,281
379,64,362.0,2957.0,10.0,7.0,1,232,0,276
379,65,322.0,2953.0,14.0,7.0,1,239,0,275
379,71,477.0,2955.0,10.0,6.0,1,226,0,271
379,74,409.0,2955.0,10.0,6.0,1,221,0,270
379,77,624.0,2957.0,9.0,9.0,0,229,1,267
379,78,430.0,2959.0,10.0,9.0,1,230,0,267
379,81,342.0,2956.0,13.0,7.0,1,210,0,259
379,84,692.0,2936.0,10.0,12.0,1,230,0,252
379,85,670.0,2946.0,8.0,5.0,1,222,0,251
379,87,454.0,2958.0,9.0,9.0,1,215,0,249
379,91,509.0,2961.0,12.0,10.0,1,202,0,242
379,97,598.0,2948.0,13.0,7.0,1,201,0,224
379,101,258.0,2948.0,10.0,7.0,1,179,0,211
379,144,662.0,2946.0,9.0,7.0,1,96,0,111
379,166,305.0,2951.0,12.0,7.0,1,29,0,37
379,176,554.0,2957.0,13.0,10.0,1,12,0,12
380,5,1723.0,3084.0,13.0,9.0,1,296,0,378
380,42,755.0,2951.0,14.0,7.0,1,272,0,305
380,49,724.0,2947.0,11.0,7.0,1,268,0,299
380,52,526.0,2963.0,10.0,7.0,1,267,0,295
380,53,746.0,2953.0,11.0,8.0,1,251,0,295
380,54,394.0,2957.0,11.0,6.0,1,263,0,294
380,56,702.0,2940.0,12.0,8.0,1,263,0,292
380,60,298.0,2954.0,12.0,6.0,1,254,0,282
380,64,375.0,2956.0,12.0,7.0,1,233,0,277
380,65,324.0,2953.0,12.0,6.0,1,240,0,276
380,71,484.0,2959.0,9.0,6.0,1,227,0,272
380,74,427.0,2953.0,13.0,9.0,1,222,0,271
380,77,613.0,2954.0,9.0,9.0,1,230,0,268
380,78,453.0,2956.0,9.0,6.0,1,231,0,268
380,81,342.0,2955.0,8.0,6.0,1,211,0,260
380,84,687.0,2938.0,11.0,9.0,1,231,0,253
380,85,656.0,2948.0,11.0,5.0,1,223,0,252
380,87,472.0,2958.0,10.0,8.0,1,216,0,250
380,91,510.0,2954.0,12.0,8.0,1,203,0,243
380,97,596.0,2957.0,9.0,8.0,1,202,0,225
380,101,275.0,2949.0,9.0,6.0,1,180,0,212
380,144,659.0,2939.0,12.0,7.0,1,97,0,112
380,166,360.0,2954.0,9.0,6.0,1,30,0,38
380,176,548.0,2958.0,12.0,8.0,1,13,0,13
381,5,1715.0,3085.0,17.0,12.0,1,297,0,379
381,42,752.0,2956.0,13.0,11.0,1,273,0,306
381,49,729.0,2949.0,11.0,6.0,1,269,0,300
381,52,526.0,2961.0,11.0,10.0,1,268,0,296
381,53,735.0,2951.0,13.0,9.0,1,252,0,296
381,54,381.0,2951.0,11.0,7.0,1,264,0,295
381,56,702.0,2940.0,12.0,8.0,0,263,1,293
381,60,287.0,2950.0,11.0,7.0,1,255,0,283
381,64,375.0,2956.0,12.0,7.0,0,233,1,278
381,65,317.0,2950.0,7.0,6.0,1,241,0,277
381,71,482.0,2957.0,12.0,8.0,1,228,0,273
381,74,399.0,2950.0,10.0,8.0,1,223,0,272
381,77,615.0,2954.0,10.0,9.0,1,231,0,269
381,78,446.0,2957.0,10.0,7.0,1,232,0,269
381,81,336.0,2947.0,10.0,6.0,1,212,0,261
381,84,677.0,2940.0,11.0,8.0,1,232,0,254
381,85,649.0,2951.0,13.0,6.0,1,224,0,253
381,87,468.0,2958.0,11.0,8.0,1,217,0,251
381,91,505.0,2960.0,13.0,10.0,1,204,0,244
381,97,594.0,2954.0,12.0,8.0,1,203,0,226
381,101,269.0,2945.0,11.0,8.0,1,181,0,213
381,144,656.0,2934.0,10.0,9.0,1,98,0,113
381,166,351.0,2956.0,10.0,6.0,1,31,0,39
381,176,548.0,2958.0,12.0,8.0,0,13,1,14
382,5,1723.0,3086.0,19.0,11.0,1,298,0,380
382,42,754.0,2942.0,12.0,9.0,1,274,0,307
382,49,716.0,2950.0,13.0,8.0,1,270,0,301
382,52,525.0,2965.0,4.0,6.0,1,269,0,297
382,53,735.0,2951.0,10.0,9.0,1,253,0,297
382,54,396.0,2952.0,11.0,8.0,1,265,0,296
382,56,694.0,2942.0,12.0,8.0,1,264,0,294
382,60,264.0,2950.0,11.0,9.0,1,256,0,284
382,64,367.0,2957.0,10.0,8.0,1,234,0,279
382,65,288.0,2951.0,13.0,6.0,1,242,0,278
382,71,486.0,2960.0,9.0,6.0,1,229,0,274
382,74,418.0,2955.0,12.0,6.0,1,224,0,273
382,77,606.0,2955.0,11.0,12.0,1,232,0,270
382,78,438.0,2961.0,10.0,5.0,1,233,0,270
382,81,310.0,2951.0,7.0,7.0,1,213,0,262
382,84,679.0,2941.0,12.0,7.0,1,233,0,255
382,85,649.0,2951.0,13.0,6.0,0,224,1,254
382,87,462.0,2959.0,11.0,5.0,1,218,0,252
382,91,505.0,2960.0,13.0,10.0,0,204,1,245
382,97,594.0,2954.0,12.0,8.0,0,203,1,227
382,101,231.0,2951.0,10.0,7.0,1,182,0,214
382,144,656.0,2934.0,10.0,9.0,0,98,1,114
382,166,354.0,2952.0,10.0,8.0,1,32,0,40
382,176,537.0,2958.0,12.0,8.0,1,14,0,15
383,5,1722.0,3087.0,13.0,9.0,1,299,0,381
383,42,754.0,2942.0,12.0,9.0,0,274,1,308
383,49,716.0,2950.0,10.0,7.0,1,271,0,302
383,52,508.0,2965.0,11.0,6.0,1,270,0,298
383,53,735.0,2947.0,10.0,6.0,1,254,0,298
383,54,367.0,2952.0,14.0,8.0,1,266,0,297
383,56,694.0,2942.0,12.0,8.0,0,264,1,295
383,60,262.0,2953.0,9.0,6.0,1,257,0,285
383,64,343.0,2956.0,13.0,6.0,1,235,0,280
383,65,287.0,2951.0,13.0,6.0,1,243,0,279
383,71,440.0,2954.0,11.0,6.0,1,230,0,275
383,74,402.0,2952.0,9.0,7.0,1,225,0,274
383,77,609.0,2955.0,12.0,10.0,1,233,0,271
383,78,412.0,2954.0,13.0,9.0,1,234,0,271
383,81,306.0,2952.0,11.0,5.0,1,214,0,263
383,84,679.0,2941.0,12.0,7.0,0,233,1,256
383,85,656.0,2949.0,12.0,5.0,1,225,0,255
383,87,457.0,2958.0,7.0,6.0,1,219,0,253
383,91,490.0,2956.0,12.0,10.0,1,205,0,246
383,97,593.0,2952.0,7.0,9.0,1,204,0,228
383,101,229.0,2951.0,12.0,7.0,1,183,0,215
383,144,647.0,2935.0,13.0,9.0,1,99,0,115
383,166,326.0,2956.0,11.0,6.0,1,33,0,41
383,176,535.0,2956.0,15.0,10.0,1,15,0,16
384,5,1731.0,3082.0,15.0,6.0,1,300,0,382
384,42,746.0,2949.0,12.0,8.0,1,275,0,309
384,49,716.0,2950.0,10.0,7.0,0,271,1,303
384,52,517.0,2963.0,10.0,6.0,1,271,0,299
384,53,728.0,2949.0,11.0,9.0,1,255,0,299
384,54,389.0,2951.0,13.0,8.0,1,267,0,298
384,56,690.0,2948.0,10.0,5.0,1,265,0,296
384,60,260.0,2946.0,7.0,7.0,1,258,0,286
384,64,359.0,2952.0,13.0,8.0,1,236,0,281
384,65,279.0,2950.0,12.0,7.0,1,244,0,280
384,71,456.0,2955.0,9.0,8.0,1,231,0,276
384,74,410.0,2952.0,11.0,9.0,1,226,0,275
384,77,606.0,2952.0,12.0,8.0,1,234,0,272
384,78,432.0,2958.0,11.0,5.0,1,235,0,272
384,81,301.0,2956.0,11.0,6.0,1,215,0,264
384,84,679.0,2941.0,12.0,7.0,0,233,2,257
384,85,652.0,2948.0,10.0,5.0,1,226,0,256
384,87,472.0,2959.0,9.0,5.0,1,220,0,254
384,91,490.0,2963.0,11.0,8.0,1,206,0,247
384,97,573.0,2956.0,13.0,10.0,1,205,0,229
384,101,228.0,2950.0,12.0,7.0,1,184,0,216
384,144,646.0,2934.0,13.0,8.0,1,100,0,116
384,166,322.0,2958.0,9.0,7.0,1,34,0,42
384,176,536.0,2964.0,12.0,8.0,1,16,0,17
385,5,1734.0,3081.0,10.0,9.0,1,301,0,383
385,42,743.0,2952.0,8.0,8.0,1,276,0,310
385,49,716.0,2950.0,10.0,7.0,0,271,2,304
385,52,510.0,2958.0,11.0,9.0,1,272,0,300
385,53,730.0,2952.0,11.0,6.0,1,256,0,300
385,54,381.0,2958.0,8.0,9.0,1,268,0,299
385,56,690.0,2948.0,10.0,5.0,0,265,1,297
385,60,260.0,2946.0,7.0,7.0,0,258,1,287
385,64,335.0,2951.0,12.0,9.0,1,237,0,282
385,65,275.0,2951.0,13.0,7.0,1,245,0,281
385,71,451.0,2956.0,10.0,5.0,1,232,0,277
385,74,406.0,2956.0,10.0,8.0,1,227,0,276
385,77,606.0,2952.0,12.0,8.0,0,234,1,273
385,78,432.0,2958.0,11.0,5.0,0,235,1,273
385,81,301.0,2956.0,11.0,6.0,0,215,1,265
385,84,671.0,2939.0,11.0,7.0,1,234,0,258
385,85,652.0,2948.0,10.0,5.0,0,226,1,257
385,87,463.0,2961.0,10.0,6.0,1,221,0,255
385,91,492.0,2956.0,11.0,9.0,1,207,0,248
385,97,584.0,2953.0,5.0,8.0,1,206,0,230
385,101,221.0,2949.0,13.0,10.0,1,185,0,217
385,144,638.0,2930.0,12.0,9.0,1,101,0,117
385,166,324.0,2954.0,10.0,7.0,1,35,0,43
385,176,526.0,2962.0,10.0,11.0,1,17,0,18
386,5,1732.0,3080.0,15.0,7.0,1,302,0,384
386,42,738.0,2948.0,11.0,8.0,1,277,0,311
386,49,716.0,2950.0,10.0,7.0,0,271,3,305
386,52,502.0,2963.0,10.0,7.0,1,273,0,301
386,53,724.0,2949.0,11.0,8.0,1,257,0,301
386,54,382.0,2953.0,7.0,7.0,1,269,0,300
386,56,690.0,2948.0,10.0,5.0,0,265,2,298
386,60,246.0,2958.0,10.0,8.0,1,259,0,288
386,64,347.0,2950.0,13.0,9.0,1,238,0,283
386,65,264.0,2946.0,14.0,7.0,1,246,0,282
386,71,446.0,2955.0,12.0,5.0,1,233,0,278
386,74,405.0,2949.0,10.0,8.0,1,228,0,277
386,77,606.0,2952.0,12.0,8.0,0,234,2,274
386,78,428.0,2955.0,9.0,7.0,1,236,0,274
386,81,316.0,2946.0,10.0,7.0,1,216,0,266
386,84,666.0,2937.0,10.0,8.0,1,235,0,259
386,85,640.0,2948.0,12.0,8.0,1,227,0,258
386,87,463.0,2961.0,10.0,6.0,0,221,1,256
386,91,480.0,2957.0,13.0,7.0,1,208,0,249
386,97,584.0,2953.0,5.0,8.0,0,206,1,231
386,101,214.0,2953.0,12.0,10.0,1,186,0,218
386,144,641.0,2935.0,12.0,9.0,1,102,0,118
386,166,329.0,2948.0,11.0,8.0,1,36,0,44
386,176,526.0,2962.0,10.0,11.0,0,17,1,19
387,5,1738.0,3082.0,14.0,11.0,1,303,0,385
387,42,731.0,2950.0,10.0,12.0,1,278,0,312
387,49,716.0,2950.0,10.0,7.0,0,271,4,306
387,52,494.0,2961.0,12.0,8.0,1,274,0,302
387,53,713.0,2952.0,11.0,6.0,1,258,0,302
387,54,382.0,2953.0,7.0,7.0,0,269,1,301
387,56,682.0,2945.0,12.0,7.0,1,266,0,299
387,60,258.0,2949.0,15.0,7.0,1,260,0,289
387,64,349.0,2950.0,10.0,7.0,1,239,0,284
387,65,286.0,2945.0,11.0,9.0,1,247,0,283
387,71,436.0,2959.0,10.0,6.0,1,234,0,279
387,74,401.0,2952.0,11.0,7.0,1,229,0,278
387,77,591.0,2952.0,11.0,11.0,1,235,0,275
387,78,415.0,2951.0,9.0,5.0,1,237,0,275
387,81,303.0,2948.0,11.0,7.0,1,217,0,267
387,84,666.0,2937.0,10.0,8.0,0,235,1,260
387,85,635.0,2948.0,14.0,7.0,1,228,0,259
387,87,458.0,2957.0,10.0,6.0,1,222,0,257
387,91,480.0,2954.0,13.0,10.0,1,209,0,250
387,97,572.0,2953.0,9.0,8.0,1,207,0,232
387,101,241.0,2948.0,10.0,9.0,1,187,0,219
387,144,641.0,2935.0,12.0,9.0,0,102,1,119
387,166,323.0,2951.0,10.0,7.0,1,37,0,45
387,176,514.0,2961.0,9.0,8.0,1,18,0,20
388,5,1741.0,3081.0,10.0,8.0,1,304,0,386
388,42,738.0,2948.0,10.0,10.0,1,279,0,313
388,49,701.0,2946.0,10.0,9.0,1,272,0,307
388,52,498.0,2957.0,9.0,6.0,1,275,0,303
388,53,713.0,2944.0,12.0,5.0,1,259,0,303
388,54,367.0,2952.0,8.0,7.0,1,270,0,302
388,56,679.0,2940.0,10.0,8.0,1,267,0,300
388,60,247.0,2949.0,8.0,7.0,1,261,0,290
388,64,341.0,2949.0,11.0,8.0,1,240,0,285
388,65,255.0,2953.0,14.0,7.0,1,248,0,284
388,71,436.0,2959.0,10.0,6.0,0,234,1,280
388,74,387.0,2952.0,15.0,9.0,1,230,0,279
388,77,587.0,2948.0,10.0,6.0,1,236,0,276
388,78,415.0,2951.0,9.0,5.0,0,237,1,276
388,81,300.0,2948.0,8.0,7.0,1,218,0,268
388,84,661.0,2931.0,12.0,9.0,1,236,0,261
388,85,636.0,2940.0,12.0,7.0,1,229,0,260
388,87,458.0,2957.0,10.0,6.0,0,222,1,258
388,91,476.0,2963.0,9.0,5.0,1,210,0,251
388,97,574.0,2948.0,5.0,4.0,1,208,0,233
388,101,203.0,2946.0,12.0,7.0,1,188,0,220
388,144,641.0,2935.0,12.0,9.0,0,102,2,120
388,166,323.0,2950.0,12.0,6.0,1,38,0,46
388,176,518.0,2959.0,14.0,7.0,1,19,0,21
389,5,1748.0,3078.0,14.0,7.0,1,305,0,387
389,42,730.0,2951.0,11.0,9.0,1,280,0,314
389,49,694.0,2942.0,13.0,8.0,1,273,0,308
389,52,490.0,2960.0,12.0,6.0,1,276,0,304
389,53,714.0,2949.0,11.0,6.0,1,260,0,304
389,54,366.0,2957.0,8.0,6.0,1,271,0,303
389,56,672.0,2946.0,12.0,8.0,1,268,0,301
389,60,235.0,2956.0,10.0,9.0,1,262,0,291
389,64,318.0,2946.0,11.0,10.0,1,241,0,286
389,65,253.0,2945.0,13.0,10.0,1,249,0,285
389,71,425.0,2958.0,11.0,8.0,1,235,0,281
389,74,389.0,2950.0,11.0,9.0,1,231,0,280
389,77,587.0,2948.0,10.0,6.0,0,236,1,277
389,78,415.0,2954.0,12.0,6.0,1,238,0,277
389,81,284.0,2946.0,9.0,9.0,1,219,0,269
389,84,653.0,2933.0,13.0,10.0,1,237,0,262
389,85,637.0,2937.0,16.0,8.0,1,230,0,261
389,87,450.0,2955.0,11.0,7.0,1,223,0,259
389,91,468.0,2955.0,11.0,7.0,1,211,0,252
389,97,574.0,2948.0,5.0,4.0,0,208,1,234
389,101,207.0,2956.0,12.0,9.0,1,189,0,221
389,144,625.0,2929.0,11.0,7.0,1,103,0,121
389,166,296.0,2953.0,9.0,7.0,1,39,0,47
389,176,518.0,2959.0,14.0,7.0,0,19,1,22
390,5,1746.0,3079.0,9.0,11.0,1,306,0,388
390,42,725.0,2948.0,9.0,9.0,1,281,0,315
390,49,695.0,2941.0,10.0,10.0,1,274,0,309
390,52,468.0,2958.0,12.0,8.0,1,277,0,305
390,53,713.0,2945.0,9.0,6.0,1,261,0,305
390,54,333.0,2949.0,10.0,6.0,1,272,0,304
390,56,673.0,2943.0,14.0,6.0,1,269,0,302
390,60,228.0,2950.0,6.0,9.0,1,263,0,292
390,64,315.0,2947.0,10.0,8.0,1,242,0,287
390,65,248.0,2951.0,15.0,8.0,1,250,0,286
390,71,382.0,2947.0,11.0,8.0,1,236,0,282
390,74,355.0,2948.0,10.0,6.0,1,232,0,281
390,77,585.0,2943.0,14.0,10.0,1,237,0,278
390,78,405.0,2951.0,10.0,5.0,1,239,0,278
390,81,276.0,2950.0,9.0,8.0,1,220,0,270
390,84,659.0,2926.0,12.0,13.0,1,238,0,263
390,85,637.0,2937.0,16.0,8.0,0,230,1,262
390,87,429.0,2958.0,9.0,5.0,1,224,0,260
390,91,444.0,2957.0,10.0,5.0,1,212,0,253
390,97,563.0,2939.0,13.0,9.0,1,209,0,235
390,101,194.0,2947.0,10.0,9.0,1,190,0,222
390,144,623.0,2932.0,8.0,8.0,1,104,0,122
390,166,295.0,2947.0,10.0,8.0,1,40,0,48
390,176,485.0,2956.0,15.0,6.0,1,20,0,23
391,5,1746.0,3079.0,9.0,11.0,0,306,1,389
391,42,726.0,2953.0,10.0,7.0,1,282,0,316
391,49,696.0,2939.0,11.0,9.0,1,275,0,310
391,52,465.0,2949.0,13.0,9.0,1,278,0,306
391,53,706.0,2947.0,10.0,6.0,1,262,0,306
391,54,329.0,2954.0,13.0,7.0,1,273,0,305
391,56,673.0,2943.0,14.0,6.0,0,269,1,303
391,60,219.0,2944.0,6.0,6.0,1,264,0,293
391,64,302.0,2952.0,12.0,9.0,1,243,0,288
391,65,239.0,2953.0,16.0,5.0,1,251,0,287
391,71,381.0,2949.0,11.0,8.0,1,237,0,283
391,74,355.0,2950.0,10.0,6.0,1,233,0,282
391,77,585.0,2943.0,14.0,10.0,0,237,1,279
391,78,405.0,2951.0,10.0,5.0,0,239,1,279
391,81,271.0,2950.0,9.0,8.0,1,221,0,271
391,84,659.0,2926.0,12.0,13.0,0,238,1,264
391,85,631.0,2939.0,14.0,8.0,1,231,0,263
391,87,423.0,2948.0,13.0,8.0,1,225,0,261
391,91,436.0,2951.0,11.0,8.0,1,213,0,254
391,97,555.0,2948.0,10.0,10.0,1,210,0,236
391,101,191.0,2948.0,11.0,8.0,1,191,0,223
391,144,619.0,2923.0,14.0,10.0,1,105,0,123
391,166,294.0,2949.0,11.0,8.0,1,41,0,49
391,176,482.0,2959.0,11.0,8.0,1,21,0,24
392,5,1744.0,3069.0,20.0,14.0,1,307,0,390
392,42,714.0,2948.0,12.0,10.0,1,283,0,317
392,49,696.0,2939.0,11.0,9.0,0,275,1,311
392,52,481.0,2952.0,11.0,8.0,1,279,0,307
392,53,704.0,2941.0,11.0,8.0,1,263,0,307
392,54,322.0,2945.0,14.0,9.0,1,274,0,306
392,56,662.0,2946.0,12.0,6.0,1,270,0,304
392,60,214.0,2953.0,11.0,6.0,1,265,0,294
392,64,302.0,2944.0,11.0,10.0,1,244,0,289
392,65,234.0,2948.0,15.0,7.0,1,252,0,288
392,71,396.0,2956.0,12.0,7.0,1,238,0,284
392,74,371.0,2955.0,12.0,11.0,1,234,0,283
392,77,575.0,2947.0,12.0,9.0,1,238,0,280
392,78,412.0,2955.0,10.0,8.0,1,240,0,280
392,81,262.0,2947.0,11.0,8.0,1,222,0,272
392,84,648.0,2925.0,12.0,10.0,1,239,0,265
392,85,627.0,2944.0,12.0,7.0,1,232,0,264
392,87,432.0,2953.0,10.0,6.0,1,226,0,262
392,91,457.0,2959.0,11.0,6.0,1,214,0,255
392,97,552.0,2953.0,12.0,7.0,1,211,0,237
392,101,191.0,2952.0,13.0,5.0,1,192,0,224
392,144,613.0,2921.0,12.0,10.0,1,106,0,124
392,166,294.0,2949.0,11.0,8.0,0,41,1,50
392,176,502.0,2955.0,13.0,8.0,1,22,0,25
393,5,1745.0,3077.0,12.0,8.0,1,308,0,391
393,42,717.0,2940.0,12.0,9.0,1,284,0,318
393,49,696.0,2939.0,11.0,9.0,0,275,2,312
393,52,476.0,2954.0,10.0,9.0,1,280,0,308
393,53,701.0,2950.0,10.0,6.0,1,264,0,308
393,54,322.0,2945.0,14.0,9.0,0,274,1,307
393,56,658.0,2940.0,11.0,9.0,1,271,0,305
393,60,210.0,2955.0,9.0,8.0,1,266,0,295
393,64,301.0,2948.0,12.0,9.0,1,245,0,290
393,65,227.0,2951.0,12.0,7.0,1,253,0,289
393,71,371.0,2949.0,9.0,9.0,1,239,0,285
393,74,343.0,2951.0,9.0,6.0,1,235,0,284
393,77,567.0,2946.0,13.0,11.0,1,239,0,281
393,78,413.0,2956.0,12.0,8.0,1,241,0,281
393,81,256.0,2952.0,11.0,7.0,1,223,0,273
393,84,648.0,2925.0,12.0,10.0,0,239,1,266
393,85,625.0,2945.0,10.0,6.0,1,233,0,265
393,87,427.0,2954.0,11.0,7.0,1,227,0,263
393,91,449.0,2955.0,13.0,6.0,1,215,0,256
393,97,553.0,2939.0,9.0,10.0,1,212,0,238
393,101,191.0,2952.0,13.0,5.0,0,192,1,225
393,144,613.0,2926.0,10.0,8.0,1,107,0,125
393,166,294.0,2949.0,11.0,8.0,0,41,2,51
393,176,486.0,2953.0,13.0,8.0,1,23,0,26
394,5,1752.0,3081.0,17.0,8.0,1,309,0,392
394,42,717.0,2940.0,12.0,9.0,0,284,1,319
394,49,696.0,2939.0,11.0,9.0,0,275,3,313
394,52,467.0,2964.0,11.0,7.0,1,281,0,309
394,53,704.0,2946.0,10.0,6.0,1,265,0,309
394,54,314.0,2942.0,12.0,9.0,1,275,0,308
394,56,653.0,2935.0,15.0,7.0,1,272,0,306
394,60,208.0,2953.0,7.0,6.0,1,267,0,296
394,64,295.0,2948.0,13.0,10.0,1,246,0,291
394,65,228.0,2952.0,13.0,8.0,1,254,0,290
394,71,367.0,2947.0,9.0,9.0,1,240,0,286
394,74,344.0,2944.0,9.0,7.0,1,236,0,285
394,77,576.0,2943.0,11.0,13.0,1,240,0,282
394,78,393.0,2945.0,9.0,5.0,1,242,0,282
394,81,256.0,2952.0,11.0,7.0,0,223,1,274
394,84,636.0,2931.0,9.0,8.0,1,240,0,267
394,85,624.0,2936.0,12.0,6.0,1,234,0,266
394,87,425.0,2953.0,10.0,6.0,1,228,0,264
394,91,443.0,2954.0,9.0,7.0,1,216,0,257
394,97,542.0,2942.0,10.0,8.0,1,213,0,239
394,101,174.0,2954.0,9.0,8.0,1,193,0,226
394,144,605.0,2923.0,10.0,7.0,1,108,0,126
394,166,276.0,2939.0,12.0,9.0,1,42,0,52
394,176,487.0,2953.0,12.0,8.0,1,24,0,27
395,5,1761.0,3075.0,11.0,11.0,1,310,0,393
395,42,718.0,2946.0,9.0,7.0,1,285,0,320
395,49,696.0,2939.0,11.0,9.0,0,275,4,314
395,52,467.0,2964.0,11.0,7.0,0,281,1,310
395,53,696.0,2939.0,8.0,8.0,1,266,0,310
395,54,316.0,2943.0,10.0,8.0,1,276,0,309
395,56,653.0,2935.0,15.0,7.0,0,272,1,307
395,60,202.0,2960.0,5.0,6.0,1,268,0,297
395,64,287.0,2948.0,12.0,10.0,1,247,0,292
395,65,217.0,2954.0,16.0,8.0,1,255,0,291
395,71,364.0,2953.0,8.0,5.0,1,241,0,287
395,74,333.0,2946.0,9.0,6.0,1,237,0,286
395,77,562.0,2940.0,10.0,9.0,1,241,0,283
395,78,404.0,2951.0,11.0,8.0,1,243,0,283
395,81,245.0,2949.0,14.0,9.0,1,224,0,275
395,84,636.0,2931.0,9.0,8.0,0,240,1,268
395,85,611.0,2933.0,11.0,7.0,1,235,0,267
395,87,417.0,2958.0,11.0,7.0,1,229,0,265
395,91,441.0,2947.0,10.0,9.0,1,217,0,258
395,97,542.0,2947.0,15.0,11.0,1,214,0,240
395,101,173.0,2950.0,12.0,8.0,1,194,0,227
395,144,609.0,2926.0,12.0,7.0,1,109,0,127
395,166,268.0,2950.0,12.0,9.0,1,43,0,53
395,176,487.0,2953.0,12.0,8.0,0,24,1,28
396,5,1758.0,3076.0,15.0,8.0,1,311,0,394
396,42,710.0,2944.0,12.0,9.0,1,286,0,321
396,49,676.0,2941.0,10.0,7.0,1,276,0,315
396,52,467.0,2964.0,11.0,7.0,0,281,2,311
396,53,692.0,2942.0,10.0,8.0,1,267,0,311
396,54,309.0,2944.0,12.0,8.0,1,277,0,310
396,56,651.0,2938.0,11.0,9.0,1,273,0,308
396,60,195.0,2951.0,8.0,6.0,1,269,0,298
396,64,288.0,2950.0,8.0,8.0,1,248,0,293
396,65,213.0,2951.0,15.0,8.0,1,256,0,292
396,71,384.0,2952.0,11.0,5.0,1,242,0,288
396,74,330.0,2947.0,12.0,7.0,1,238,0,287
396,77,562.0,2940.0,10.0,9.0,0,241,1,284
396,78,400.0,2949.0,12.0,8.0,1,244,0,284
396,81,241.0,2943.0,13.0,9.0,1,225,0,276
396,84,630.0,2928.0,12.0,10.0,1,241,0,269
396,85,613.0,2939.0,10.0,6.0,1,236,0,268
396,87,410.0,2950.0,10.0,6.0,1,230,0,266
396,91,437.0,2952.0,9.0,8.0,1,218,0,259
396,97,542.0,2947.0,15.0,11.0,0,214,1,241
396,101,165.0,2948.0,11.0,7.0,1,195,0,228
396,144,602.0,2924.0,11.0,7.0,1,110,0,128
396,166,265.0,2945.0,10.0,7.0,1,44,0,54
396,176,475.0,2953.0,12.0,6.0,1,25,0,29
397,5,1761.0,3079.0,15.0,9.0,1,312,0,395
397,42,706.0,2944.0,11.0,9.0,1,287,0,322
397,49,667.0,2938.0,12.0,11.0,1,277,0,316
397,52,454.0,2961.0,9.0,5.0,1,282,0,312
397,53,689.0,2943.0,11.0,7.0,1,268,0,312
397,54,349.0,2939.0,12.0,8.0,1,278,0,311
397,56,647.0,2932.0,11.0,8.0,1,274,0,309
397,60,195.0,2951.0,8.0,6.0,0,269,1,299
397,64,297.0,2943.0,12.0,8.0,1,249,0,294
397,65,208.0,2952.0,14.0,7.0,1,257,0,293
397,71,377.0,2950.0,9.0,5.0,1,243,0,289
397,74,327.0,2947.0,9.0,8.0,1,239,0,288
397,77,557.0,2939.0,12.0,8.0,1,242,0,285
397,78,397.0,2951.0,10.0,9.0,1,245,0,285
397,81,241.0,2943.0,13.0,9.0,0,225,1,277
397,84,625.0,2926.0,11.0,8.0,1,242,0,270
397,85,608.0,2933.0,12.0,8.0,1,237,0,269
397,87,410.0,2951.0,10.0,8.0,1,231,0,267
397,91,436.0,2950.0,10.0,8.0,1,219,0,260
397,97,537.0,2942.0,12.0,10.0,1,215,0,242
397,101,165.0,2948.0,11.0,7.0,0,195,1,229
397,144,603.0,2920.0,11.0,7.0,1,111,0,129
397,166,265.0,2945.0,10.0,7.0,0,44,1,55
397,176,471.0,2951.0,14.0,8.0,1,26,0,30
398,5,1755.0,3073.0,12.0,11.0,1,313,0,396
398,42,698.0,2946.0,11.0,7.0,1,288,0,323
398,49,669.0,2939.0,13.0,11.0,1,278,0,317
398,52,450.0,2952.0,12.0,6.0,1,283,0,313
398,53,681.0,2939.0,10.0,6.0,1,269,0,313
398,54,320.0,2944.0,7.0,8.0,1,279,0,312
398,56,644.0,2929.0,11.0,8.0,1,275,0,310
398,60,183.0,2952.0,8.0,6.0,1,270,0,300
398,64,274.0,2946.0,9.0,6.0,1,250,0,295
398,65,211.0,2949.0,17.0,7.0,1,258,0,294
398,71,342.0,2946.0,13.0,6.0,1,244,0,290
398,74,295.0,2943.0,13.0,9.0,1,240,0,289
398,77,557.0,2939.0,12.0,8.0,0,242,1,286
398,78,392.0,2943.0,11.0,8.0,1,246,0,286
398,81,233.0,2944.0,10.0,8.0,1,226,0,278
398,84,625.0,2926.0,11.0,8.0,0,242,1,271
398,85,607.0,2934.0,11.0,8.0,1,238,0,270
398,87,410.0,2951.0,10.0,8.0,0,231,1,268
398,91,430.0,2951.0,11.0,8.0,1,220,0,261
398,97,539.0,2945.0,10.0,6.0,1,216,0,243
398,101,165.0,2948.0,11.0,7.0,0,195,2,230
398,144,596.0,2920.0,14.0,6.0,1,112,0,130
398,166,254.0,2948.0,12.0,9.0,1,45,0,56
398,176,473.0,2955.0,10.0,8.0,1,27,0,31
399,5,1762.0,3071.0,15.0,11.0,1,314,0,397
399,42,707.0,2945.0,11.0,7.0,1,289,0,324
399,49,669.0,2928.0,12.0,11.0,1,279,0,318
399,52,445.0,2954.0,12.0,8.0,1,284,0,314
399,53,683.0,2938.0,11.0,6.0,1,270,0,314
399,54,323.0,2946.0,8.0,7.0,1,280,0,313
399,56,643.0,2932.0,9.0,7.0,1,276,0,311
399,60,183.0,2952.0,8.0,6.0,0,270,1,301
399,64,271.0,2949.0,8.0,6.0,1,251,0,296
399,65,211.0,2949.0,17.0,7.0,0,258,1,295
399,71,368.0,2946.0,7.0,8.0,1,245,0,291
399,74,292.0,2943.0,11.0,7.0,1,241,0,290
399,77,558.0,2939.0,9.0,9.0,1,243,0,287
399,78,385.0,2950.0,9.0,7.0,1,247,0,287
399,81,228.0,2946.0,10.0,9.0,1,227,0,279
399,84,620.0,2927.0,13.0,10.0,1,243,0,272
399,85,600.0,2934.0,11.0,9.0,1,239,0,271
399,87,407.0,2947.0,10.0,5.0,1,232,0,269
399,91,425.0,2955.0,10.0,7.0,1,221,0,262
399,97,535.0,2944.0,11.0,8.0,1,217,0,244
399,101,158.0,2949.0,9.0,7.0,1,196,0,231
399,144,588.0,2922.0,14.0,8.0,1,113,0,131
399,166,246.0,2949.0,13.0,8.0,1,46,0,57
399,176,460.0,2953.0,12.0,6.0,1,28,0,32
400,5,1762.0,3071.0,15.0,11.0,0,314,1,398
400,42,753.0,2997.0,7.0,6.0,1,290,0,325
400,49,681.0,2946.0,10.0,6.0,1,280,0,319
400,52,443.0,2953.0,8.0,9.0,1,285,0,315
400,53,700.0,2942.0,11.0,6.0,1,271,0,315
400,54,335.0,2948.0,13.0,7.0,1,281,0,314
400,56,662.0,2939.0,10.0,9.0,1,277,0,312
400,60,183.0,2952.0,8.0,6.0,0,270,2,302
400,64,308.0,2947.0,9.0,7.0,1,252,0,297
400,65,226.0,2946.0,11.0,9.0,1,259,0,296
400,71,358.0,2946.0,13.0,8.0,1,246,0,292
400,74,289.0,2943.0,11.0,10.0,1,242,0,291
400,77,551.0,2939.0,14.0,15.0,1,244,0,288
400,78,381.0,2946.0,10.0,7.0,1,248,0,288
400,81,245.0,2944.0,13.0,10.0,1,228,0,280
400,84,638.0,2931.0,12.0,10.0,1,244,0,273
400,85,599.0,2932.0,13.0,7.0,1,240,0,272
400,87,400.0,2949.0,10.0,5.0,1,233,0,270
400,91,418.0,2948.0,9.0,5.0,1,222,0,263
400,97,530.0,2943.0,12.0,6.0,1,218,0,245
400,101,148.0,2948.0,10.0,8.0,1,197,0,232
400,144,587.0,2921.0,12.0,7.0,1,114,0,132
400,166,268.0,2950.0,9.0,7.0,1,47,0,58
400,176,459.0,2946.0,12.0,9.0,1,29,0,33
401,5,1764.0,3069.0,17.0,11.0,1,315,0,399
401,42,753.0,2997.0,7.0,6.0,0,290,1,326
401,49,681.0,2936.0,11.0,8.0,1,281,0,320
401,52,434.0,2954.0,12.0,6.0,1,286,0,316
401,53,697.0,2944.0,10.0,8.0,1,272,0,316
401,54,332.0,2943.0,14.0,7.0,1,282,0,315
401,56,660.0,2936.0,11.0,9.0,1,278,0,313
401,60,165.0,2949.0,13.0,9.0,1,271,0,303
401,64,306.0,2941.0,10.0,8.0,1,253,0,298
401,65,187.0,2943.0,15.0,9.0,1,260,0,297
401,71,358.0,2946.0,13.0,8.0,0,246,1,293
401,74,281.0,2945.0,12.0,8.0,1,243,0,292
401,77,548.0,2939.0,13.0,10.0,1,245,0,289
401,78,387.0,2950.0,13.0,9.0,1,249,0,289
401,81,237.0,2946.0,14.0,9.0,1,229,0,281
401,84,618.0,2922.0,12.0,10.0,1,245,0,274
401,85,592.0,2929.0,13.0,9.0,1,241,0,273
401,87,400.0,2949.0,10.0,5.0,0,233,1,271
401,91,418.0,2946.0,13.0,9.0,1,223,0,264
401,97,530.0,2943.0,12.0,6.0,0,218,1,246
401,101,143.0,2952.0,11.0,9.0,1,198,0,233
401,144,587.0,2921.0,12.0,7.0,0,114,1,133
401,166,268.0,2950.0,9.0,7.0,0,47,1,59
401,176,453.0,2947.0,14.0,9.0,1,30,0,34
402,5,1763.0,3072.0,15.0,8.0,1,316,0,400
402,42,753.0,2997.0,7.0,6.0,0,290,2,327
402,49,676.0,2935.0,9.0,9.0,1,282,0,321
402,52,433.0,2951.0,11.0,7.0,1,287,0,317
402,53,696.0,2932.0,9.0,8.0,1,273,0,317
402,54,330.0,2940.0,12.0,9.0,1,283,0,316
402,56,657.0,2936.0,9.0,7.0,1,279,0,314
402,60,182.0,2951.0,15.0,9.0,1,272,0,304
402,64,303.0,2941.0,10.0,9.0,1,254,0,299
402,65,214.0,2948.0,13.0,7.0,1,261,0,298
402,71,356.0,2942.0,7.0,9.0,1,247,0,294
402,74,276.0,2948.0,12.0,8.0,1,244,0,293
402,77,548.0,2944.0,11.0,9.0,1,246,0,290
402,78,369.0,2942.0,14.0,9.0,1,250,0,290
402,81,232.0,2946.0,13.0,9.0,1,230,0,282
402,84,612.0,2926.0,11.0,7.0,1,246,0,275
402,85,597.0,2932.0,11.0,9.0,1,242,0,274
402,87,389.0,2945.0,12.0,7.0,1,234,0,272
402,91,411.0,2945.0,9.0,6.0,1,224,0,265
402,97,530.0,2943.0,12.0,6.0,0,218,2,247
402,101,142.0,2948.0,9.0,8.0,1,199,0,234
402,144,579.0,2923.0,11.0,9.0,1,115,0,134
402,166,258.0,2944.0,12.0,9.0,1,48,0,60
402,176,415.0,2763.0,8.0,5.0,1,31,0,35
403,5,1766.0,3072.0,12.0,10.0,1,317,0,401
403,42,753.0,2997.0,7.0,6.0,0,290,3,328
403,49,654.0,2932.0,10.0,7.0,1,283,0,322
403,52,444.0,2942.0,12.0,8.0,1,288,0,318
403,53,834.0,2850.0,14.0,8.0,1,274,0,318
403,54,322.0,2943.0,12.0,9.0,1,284,0,317
403,56,624.0,2923.0,10.0,7.0,1,280,0,315
403,60,158.0,2948.0,7.0,9.0,1,273,0,305
403,64,297.0,2937.0,8.0,9.0,1,255,0,300
403,65,177.0,2945.0,16.0,9.0,1,262,0,299
403,71,354.0,2944.0,7.0,10.0,1,248,0,295
403,74,272.0,2940.0,14.0,9.0,1,245,0,294
403,77,546.0,2938.0,12.0,11.0,1,247,0,291
403,78,366.0,2948.0,13.0,8.0,1,251,0,291
403,81,205.0,2939.0,13.0,7.0,1,231,0,283
403,84,607.0,2924.0,10.0,7.0,1,247,0,276
403,85,601.0,2929.0,11.0,9.0,1,243,0,275
403,87,381.0,2947.0,12.0,6.0,1,235,0,273
403,91,426.0,2954.0,10.0,4.0,1,225,0,266
403,97,520.0,2944.0,10.0,9.0,1,219,0,248
403,101,136.0,2947.0,10.0,7.0,1,200,0,235
403,144,575.0,2914.0,12.0,10.0,1,116,0,135
403,166,244.0,2949.0,12.0,8.0,1,49,0,61
403,176,415.0,2763.0,8.0,5.0,0,31,1,36
404,5,1770.0,3070.0,13.0,10.0,1,318,0,402
404,42,668.0,2936.0,8.0,8.0,1,291,0,329
404,49,656.0,2929.0,8.0,6.0,1,284,0,323
404,52,442.0,2947.0,13.0,11.0,1,289,0,319
404,53,685.0,2937.0,10.0,7.0,1,275,0,319
404,54,319.0,2943.0,13.0,9.0,1,285,0,318
404,56,622.0,2929.0,10.0,9.0,1,281,0,316
404,60,158.0,2948.0,7.0,9.0,0,273,1,306
404,64,296.0,2941.0,11.0,9.0,1,256,0,301
404,65,176.0,2952.0,17.0,9.0,1,263,0,300
404,71,336.0,2947.0,10.0,10.0,1,249,0,296
404,74,268.0,2945.0,12.0,8.0,1,246,0,295
404,77,544.0,2935.0,10.0,6.0,1,248,0,292
404,78,362.0,2944.0,11.0,9.0,1,252,0,292
404,81,221.0,2946.0,12.0,7.0,1,232,0,284
404,84,611.0,2920.0,11.0,7.0,1,248,0,277
404,85,588.0,2934.0,13.0,8.0,1,244,0,276
404,87,385.0,2946.0,11.0,6.0,1,236,0,274
404,91,416.0,2946.0,11.0,10.0,1,226,0,267
404,97,519.0,2936.0,9.0,8.0,1,220,0,249
404,101,136.0,2947.0,10.0,7.0,0,200,1,236
404,144,574.0,2917.0,12.0,6.0,1,117,0,136
404,166,249.0,2946.0,9.0,7.0,1,50,0,62
404,176,403.0,2951.0,13.0,7.0,1,32,0,37
405,5,1770.0,3067.0,14.0,12.0,1,319,0,403
405,42,680.0,2935.0,9.0,8.0,1,292,0,330
405,49,666.0,2932.0,8.0,9.0,1,285,0,324
405,52,438.0,2945.0,12.0,8.0,1,290,0,320
405,53,685.0,2937.0,10.0,7.0,0,275,1,320
405,54,319.0,2943.0,13.0,9.0,0,285,1,319
405,56,646.0,2931.0,12.0,9.0,1,282,0,317
405,60,144.0,2941.0,10.0,8.0,1,274,0,307
405,64,290.0,2940.0,9.0,7.0,1,257,0,302
405,65,199.0,2947.0,13.0,6.0,1,264,0,301
405,71,328.0,2947.0,10.0,10.0,1,250,0,297
405,74,266.0,2944.0,12.0,10.0,1,247,0,296
405,77,536.0,2938.0,11.0,8.0,1,249,0,293
405,78,362.0,2944.0,11.0,9.0,0,252,1,293
405,81,217.0,2946.0,11.0,6.0,1,233,0,285
405,84,615.0,2935.0,8.0,7.0,1,249,0,278
405,85,589.0,2934.0,12.0,8.0,1,245,0,277
405,87,373.0,2942.0,9.0,6.0,1,237,0,275
405,91,414.0,2945.0,10.0,7.0,1,227,0,268
405,97,518.0,2936.0,9.0,7.0,1,221,0,250
405,101,121.0,2950.0,10.0,6.0,1,201,0,237
405,144,569.0,2922.0,9.0,6.0,1,118,0,137
405,166,245.0,2945.0,8.0,10.0,1,51,0,63
405,176,394.0,2939.0,11.0,10.0,1,33,0,38
406,5,1770.0,3073.0,18.0,10.0,1,320,0,404
406,42,638.0,2926.0,12.0,9.0,1,293,0,331
406,49,659.0,2932.0,11.0,8.0,1,286,0,325
406,52,432.0,2944.0,11.0,7.0,1,291,0,321
406,53,683.0,2934.0,7.0,9.0,1,276,0,321
406,54,305.0,2944.0,12.0,11.0,1,286,0,320
406,56,617.0,2927.0,10.0,9.0,1,283,0,318
406,60,163.0,2948.0,14.0,7.0,1,275,0,308
406,64,284.0,2942.0,10.0,7.0,1,258,0,303
406,65,195.0,2947.0,12.0,7.0,1,265,0,302
406,71,337.0,2938.0,7.0,7.0,1,251,0,298
406,74,256.0,2942.0,12.0,8.0,1,248,0,297
406,77,535.0,2929.0,9.0,7.0,1,250,0,294
406,78,354.0,2942.0,10.0,8.0,1,253,0,294
406,81,214.0,2945.0,10.0,7.0,1,234,0,286
406,84,597.0,2920.0,9.0,6.0,1,250,0,279
406,85,586.0,2925.0,11.0,9.0,1,246,0,278
406,87,370.0,2951.0,8.0,7.0,1,238,0,276
406,91,414.0,2945.0,10.0,7.0,0,227,1,269
406,97,507.0,2942.0,14.0,6.0,1,222,0,251
406,101,139.0,2946.0,9.0,5.0,1,202,0,238
406,144,570.0,2915.0,13.0,8.0,1,119,0,138
406,166,245.0,2945.0,8.0,10.0,0,51,1,64
406,176,393.0,2955.0,9.0,8.0,1,34,0,39
407,5,1775.0,3071.0,18.0,10.0,1,321,0,405
407,42,641.0,2923.0,11.0,9.0,1,294,0,332
407,49,661.0,2935.0,9.0,6.0,1,287,0,326
407,52,434.0,2943.0,9.0,9.0,1,292,0,322
407,53,611.0,2803.0,12.0,5.0,1,277,0,322
407,54,308.0,2942.0,10.0,8.0,1,287,0,321
407,56,608.0,2924.0,12.0,9.0,1,284,0,319
407,60,155.0,2947.0,16.0,7.0,1,276,0,309
407,64,280.0,2944.0,10.0,6.0,1,259,0,304
407,65,183.0,2954.0,12.0,7.0,1,266,0,303
407,71,328.0,2945.0,8.0,6.0,1,252,0,299
407,74,251.0,2948.0,12.0,8.0,1,249,0,298
407,77,541.0,2935.0,9.0,8.0,1,251,0,295
407,78,348.0,2943.0,9.0,8.0,1,254,0,295
407,81,205.0,2945.0,8.0,6.0,1,235,0,287
407,84,594.0,2919.0,12.0,7.0,1,251,0,280
407,85,584.0,2928.0,11.0,8.0,1,247,0,279
407,87,369.0,2942.0,10.0,7.0,1,239,0,277
407,91,405.0,2944.0,8.0,7.0,1,228,0,270
407,97,508.0,2935.0,12.0,8.0,1,223,0,252
407,101,139.0,2940.0,11.0,7.0,1,203,0,239
407,144,563.0,2915.0,11.0,6.0,1,120,0,139
407,166,232.0,2940.0,11.0,9.0,1,52,0,65
407,176,385.0,2942.0,12.0,9.0,1,35,0,40
408,5,1770.0,3067.0,12.0,11.0,1,322,0,406
408,42,654.0,2930.0,12.0,8.0,1,295,0,333
408,49,676.0,2935.0,12.0,8.0,1,288,0,327
408,52,434.0,2943.0,9.0,9.0,0,292,1,323
408,53,611.0,2803.0,12.0,5.0,0,277,1,323
408,54,295.0,2939.0,14.0,10.0,1,288,0,322
408,56,634.0,2923.0,10.0,10.0,1,285,0,320
408,60,150.0,2942.0,18.0,10.0,1,277,0,310
408,64,269.0,2945.0,10.0,7.0,1,260,0,305
408,65,183.0,2954.0,12.0,7.0,0,266,1,304
408,71,322.0,2944.0,10.0,7.0,1,253,0,300
408,74,244.0,2948.0,11.0,8.0,1,250,0,299
408,77,541.0,2935.0,9.0,8.0,0,251,1,296
408,78,350.0,2944.0,11.0,7.0,1,255,0,296
408,81,205.0,2945.0,8.0,6.0,0,235,1,288
408,84,612.0,2919.0,10.0,6.0,1,252,0,281
408,85,590.0,2918.0,9.0,8.0,1,248,0,280
408,87,367.0,2949.0,5.0,5.0,1,240,0,278
408,91,413.0,2944.0,8.0,8.0,1,229,0,271
408,97,501.0,2934.0,12.0,8.0,1,224,0,253
408,101,139.0,2940.0,11.0,7.0,0,203,1,240
408,144,556.0,2914.0,12.0,8.0,1,121,0,140
408,166,220.0,2949.0,13.0,7.0,1,53,0,66
408,176,385.0,2942.0,12.0,9.0,0,35,1,41
409,5,1774.0,3063.0,10.0,9.0,1,323,0,407
409,42,651.0,2928.0,8.0,11.0,1,296,0,334
409,49,675.0,2933.0,9.0,11.0,1,289,0,328
409,52,422.0,2946.0,13.0,9.0,1,293,0,324
409,53,611.0,2803.0,12.0,5.0,0,277,2,324
409,54,290.0,2943.0,12.0,8.0,1,289,0,323
409,56,631.0,2923.0,10.0,11.0,1,286,0,321
409,60,148.0,2945.0,16.0,7.0,1,278,0,311
409,64,266.0,2942.0,10.0,9.0,1,261,0,306
409,65,174.0,2949.0,11.0,7.0,1,267,0,305
409,71,319.0,2941.0,10.0,7.0,1,254,0,301
409,74,243.0,2946.0,12.0,7.0,1,251,0,300
409,77,570.0,2929.0,11.0,8.0,1,252,0,297
409,78,341.0,2943.0,9.0,10.0,1,256,0,297
409,81,193.0,2950.0,11.0,6.0,1,236,0,289
409,84,603.0,2914.0,13.0,8.0,1,253,0,282
409,85,594.0,2910.0,10.0,7.0,1,249,0,281
409,87,358.0,2940.0,13.0,8.0,1,241,0,279
409,91,397.0,2944.0,8.0,8.0,1,230,0,272
409,97,506.0,2931.0,8.0,8.0,1,225,0,254
409,101,123.0,2947.0,12.0,6.0,1,204,0,241
409,144,554.0,2908.0,12.0,10.0,1,122,0,141
409,166,221.0,2944.0,11.0,9.0,1,54,0,67
409,176,383.0,2938.0,12.0,9.0,1,36,0,42
409,191,94.0,2940.0,13.0,8.0,1,3,0,3
410,5,1775.0,3067.0,12.0,12.0,1,324,0,408
410,42,645.0,2920.0,10.0,8.0,1,297,0,335
410,49,672.0,2925.0,8.0,12.0,1,290,0,329
410,52,422.0,2946.0,13.0,9.0,0,293,1,325
410,53,611.0,2803.0,12.0,5.0,0,277,3,325
410,54,290.0,2943.0,12.0,8.0,0,289,1,324
410,56,626.0,2925.0,11.0,8.0,1,287,0,322
410,60,140.0,2944.0,15.0,8.0,1,279,0,312
410,64,266.0,2942.0,10.0,9.0,0,261,1,307
410,65,174.0,2949.0,11.0,7.0,0,267,1,306
410,71,310.0,2944.0,9.0,5.0,1,255,0,302
410,74,242.0,2949.0,10.0,7.0,1,252,0,301
410,77,568.0,2919.0,12.0,9.0,1,253,0,298
410,78,332.0,2939.0,12.0,8.0,1,257,0,298
410,81,191.0,2949.0,10.0,6.0,1,237,0,290
410,84,603.0,2914.0,13.0,8.0,0,253,1,283
410,85,582.0,2911.0,13.0,9.0,1,250,0,282
410,87,358.0,2940.0,13.0,8.0,0,241,1,280
410,91,394.0,2944.0,12.0,7.0,1,231,0,273
410,97,502.0,2928.0,10.0,9.0,1,226,0,255
410,101,119.0,2943.0,8.0,7.0,1,205,0,242
410,144,554.0,2913.0,12.0,8.0,1,123,0,142
410,166,214.0,2946.0,11.0,9.0,1,55,0,68
410,176,371.0,2938.0,12.0,7.0,1,37,0,43
410,191,94.0,2945.0,11.0,9.0,1,4,0,4
411,5,1775.0,3067.0,12.0,12.0,0,324,1,409
411,42,648.0,2928.0,12.0,9.0,1,298,0,336
411,49,665.0,2931.0,10.0,9.0,1,291,0,330
411,52,410.0,2937.0,12.0,8.0,1,294,0,326
411,53,611.0,2803.0,12.0,5.0,0,277,4,326
411,54,283.0,2937.0,11.0,9.0,1,290,0,325
411,56,626.0,2925.0,11.0,8.0,0,287,1,323
411,60,130.0,2946.0,17.0,8.0,1,280,0,313
411,64,256.0,2936.0,10.0,7.0,1,262,0,308
411,65,160.0,2947.0,14.0,12.0,1,268,0,307
411,71,305.0,2938.0,9.0,6.0,1,256,0,303
411,74,242.0,2949.0,10.0,7.0,0,252,1,302
411,77,563.0,2922.0,11.0,8.0,1,254,0,299
411,78,332.0,2939.0,12.0,8.0,0,257,1,299
411,81,186.0,2942.0,10.0,8.0,1,238,0,291
411,84,595.0,2918.0,14.0,8.0,1,254,0,284
411,85,573.0,2919.0,11.0,8.0,1,251,0,283
411,87,358.0,2940.0,13.0,8.0,0,241,2,281
411,91,390.0,2949.0,10.0,7.0,1,232,0,274
411,97,496.0,2931.0,9.0,7.0,1,227,0,256
411,101,118.0,2941.0,12.0,11.0,1,206,0,243
411,144,524.0,2926.0,11.0,9.0,1,124,0,143
411,166,210.0,2942.0,16.0,9.0,1,56,0,69
411,176,375.0,2940.0,11.0,7.0,1,38,0,44
411,191,90.0,2940.0,14.0,10.0,1,5,0,5
412,5,1773.0,3075.0,14.0,7.0,1,325,0,410
412,42,645.0,2922.0,12.0,8.0,1,299,0,337
412,49,661.0,2932.0,13.0,11.0,1,292,0,331
412,52,398.0,2938.0,14.0,8.0,1,295,0,327
412,53,611.0,2803.0,12.0,5.0,0,277,5,327
412,54,276.0,2944.0,14.0,7.0,1,291,0,326
412,56,619.0,2923.0,11.0,8.0,1,288,0,324
412,60,130.0,2946.0,17.0,8.0,0,280,1,314
412,64,251.0,2946.0,9.0,7.0,1,263,0,309
412,65,158.0,2945.0,12.0,10.0,1,269,0,308
412,71,305.0,2938.0,9.0,6.0,0,256,1,304
412,74,230.0,2940.0,13.0,10.0,1,253,0,303
412,77,544.0,2911.0,13.0,5.0,1,255,0,300
412,78,326.0,2941.0,16.0,11.0,1,258,0,300
412,81,181.0,2943.0,11.0,7.0,1,239,0,292
412,84,590.0,2917.0,13.0,7.0,1,255,0,285
412,85,571.0,2909.0,9.0,9.0,1,252,0,284
412,87,347.0,2940.0,8.0,4.0,1,242,0,282
412,91,489.0,3086.0,4.0,6.0,1,233,0,275
412,97,495.0,2932.0,10.0,9.0,1,228,0,257
412,101,104.0,2941.0,11.0,7.0,1,207,0,244
412,144,531.0,2931.0,13.0,9.0,1,125,0,144
412,166,210.0,2942.0,16.0,9.0,0,56,1,70
412,176,388.0,2940.0,8.0,8.0,1,39,0,45
412,191,79.0,2943.0,13.0,11.0,1,6,0,6
413,5,1776.0,3072.0,12.0,7.0,1,326,0,411
413,42,616.0,2926.0,13.0,11.0,1,300,0,338
413,49,661.0,2932.0,13.0,11.0,0,292,1,332
413,52,394.0,2943.0,12.0,8.0,1,296,0,328
413,53,611.0,2803.0,12.0,5.0,0,277,6,328
413,54,276.0,2943.0,11.0,6.0,1,292,0,327
413,56,592.0,2916.0,11.0,7.0,1,289,0,325
413,60,130.0,2946.0,17.0,8.0,0,280,2,315
413,64,248.0,2945.0,8.0,6.0,1,264,0,310
413,65,157.0,2945.0,9.0,9.0,1,270,0,309
413,71,321.0,2932.0,12.0,10.0,1,257,0,305
413,74,224.0,2938.0,13.0,9.0,1,254,0,304
413,77,550.0,2913.0,10.0,6.0,1,256,0,301
413,78,338.0,2940.0,12.0,6.0,1,259,0,301
413,81,175.0,2946.0,12.0,7.0,1,240,0,293
413,84,575.0,2917.0,8.0,8.0,1,256,0,286
413,85,558.0,2924.0,10.0,8.0,1,253,0,285
413,87,367.0,2938.0,12.0,8.0,1,243,0,283
413,91,489.0,3086.0,4.0,6.0,0,233,1,276
413,97,496.0,2935.0,9.0,6.0,1,229,0,258
413,101,108.0,2944.0,12.0,7.0,1,208,0,245
413,144,524.0,2933.0,13.0,9.0,1,126,0,145
413,166,198.0,2943.0,15.0,10.0,1,57,0,71
413,176,379.0,2946.0,11.0,5.0,1,40,0,46
413,191,72.0,2943.0,9.0,8.0,1,7,0,7
414,5,1786.0,3071.0,9.0,7.0,1,327,0,412
414,42,635.0,2930.0,14.0,10.0,1,301,0,339
414,49,656.0,2925.0,11.0,11.0,1,293,0,333
414,52,393.0,2936.0,14.0,7.0,1,297,0,329
414,53,611.0,2803.0,12.0,5.0,0,277,7,329
414,54,301.0,2945.0,9.0,6.0,1,293,0,328
414,56,604.0,2926.0,10.0,7.0,1,290,0,326
414,60,123.0,2944.0,16.0,7.0,1,281,0,316
414,64,247.0,2943.0,12.0,9.0,1,265,0,311
414,65,157.0,2945.0,9.0,9.0,0,270,1,310
414,71,320.0,2938.0,12.0,7.0,1,258,0,306
414,74,218.0,2940.0,12.0,9.0,1,255,0,305
414,77,540.0,2910.0,9.0,5.0,1,257,0,302
414,78,330.0,2944.0,10.0,6.0,1,260,0,302
414,81,173.0,2947.0,10.0,6.0,1,241,0,294
414,84,589.0,2917.0,11.0,6.0,1,257,0,287
414,85,558.0,2924.0,10.0,8.0,0,253,1,286
414,87,355.0,2936.0,12.0,7.0,1,244,0,284
414,91,489.0,3086.0,4.0,6.0,0,233,2,277
414,97,494.0,2934.0,11.0,8.0,1,230,0,259
414,101,100.0,2944.0,11.0,6.0,1,209,0,246
414,144,523.0,2929.0,11.0,10.0,1,127,0,146
414,166,192.0,2939.0,15.0,7.0,1,58,0,72
414,176,374.0,2948.0,13.0,7.0,1,41,0,47
414,191,71.0,2940.0,12.0,13.0,1,8,0,8
415,5,1773.0,3069.0,11.0,11.0,1,328,0,413
415,42,634.0,2925.0,11.0,10.0,1,302,0,340
415,49,648.0,2923.0,13.0,8.0,1,294,0,334
415,52,393.0,2942.0,11.0,6.0,1,298,0,330
415,53,611.0,2803.0,12.0,5.0,0,277,8,330
415,54,289.0,2941.0,11.0,8.0,1,294,0,329
415,56,604.0,2926.0,10.0,7.0,0,290,1,327
415,60,116.0,2946.0,17.0,8.0,1,282,0,317
415,64,239.0,2940.0,9.0,8.0,1,266,0,312
415,65,148.0,2947.0,10.0,8.0,1,271,0,311
415,71,271.0,2935.0,11.0,7.0,1,259,0,307
415,74,212.0,2945.0,12.0,8.0,1,256,0,306
415,77,567.0,2910.0,8.0,8.0,1,258,0,303
415,78,330.0,2944.0,10.0,6.0,0,260,1,303
415,81,164.0,2949.0,10.0,6.0,1,242,0,295
415,84,574.0,2916.0,13.0,7.0,1,258,0,288
415,85,550.0,2923.0,14.0,7.0,1,254,0,287
415,87,346.0,2941.0,11.0,8.0,1,245,0,285
415,91,489.0,3086.0,4.0,6.0,0,233,3,278
415,97,490.0,2930.0,7.0,5.0,1,231,0,260
415,101,93.0,2946.0,7.0,6.0,1,210,0,247
415,144,530.0,2914.0,11.0,7.0,1,128,0,147
415,166,192.0,2947.0,14.0,9.0,1,59,0,73
415,176,371.0,2941.0,11.0,6.0,1,42,0,48
415,191,71.0,2940.0,12.0,13.0,0,8,1,9
416,5,1775.0,3068.0,13.0,10.0,1,329,0,414
416,42,623.0,2917.0,11.0,11.0,1,303,0,341
416,49,650.0,2923.0,10.0,10.0,1,295,0,335
416,52,386.0,2938.0,13.0,7.0,1,299,0,331
416,53,611.0,2803.0,12.0,5.0,0,277,9,331
416,54,281.0,2944.0,12.0,7.0,1,295,0,330
416,56,584.0,2918.0,11.0,7.0,1,291,0,328
416,60,116.0,2946.0,17.0,8.0,0,282,1,318
416,64,233.0,2941.0,10.0,9.0,1,267,0,313
416,65,132.0,2944.0,13.0,8.0,1,272,0,312
416,71,254.0,2941.0,11.0,7.0,1,260,0,308
416,74,208.0,2947.0,11.0,8.0,1,257,0,307
416,77,560.0,2907.0,5.0,6.0,1,259,0,304
416,78,304.0,2932.0,14.0,7.0,1,261,0,304
416,81,160.0,2945.0,11.0,6.0,1,243,0,296
416,84,537.0,2912.0,8.0,10.0,1,259,0,289
416,85,543.0,2919.0,12.0,7.0,1,255,0,288
416,87,347.0,2938.0,13.0,10.0,1,246,0,286
416,91,489.0,3086.0,4.0,6.0,0,233,4,279
416,97,481.0,2930.0,10.0,6.0,1,232,0,261
416,101,84.0,2937.0,12.0,6.0,1,211,0,248
416,144,513.0,2931.0,13.0,10.0,1,129,0,148
416,166,186.0,2947.0,11.0,7.0,1,60,0,74
416,176,327.0,2932.0,10.0,9.0,1,43,0,49
416,191,63.0,2941.0,14.0,9.0,1,9,0,10
417,5,1777.0,3081.0,17.0,12.0,1,330,0,415
417,42,623.0,2917.0,12.0,11.0,1,304,0,342
417,49,638.0,2920.0,11.0,9.0,1,296,0,336
417,52,379.0,2935.0,13.0,10.0,1,300,0,332
417,53,602.0,2919.0,13.0,10.0,1,278,0,332
417,54,273.0,2944.0,13.0,8.0,1,296,0,331
417,56,582.0,2915.0,11.0,7.0,1,292,0,329
417,60,103.0,2945.0,18.0,8.0,1,283,0,319
417,64,226.0,2940.0,10.0,8.0,1,268,0,314
417,65,135.0,2945.0,13.0,10.0,1,273,0,313
417,71,254.0,2941.0,11.0,7.0,0,260,1,309
417,74,206.0,2940.0,10.0,8.0,1,258,0,308
417,77,553.0,2912.0,6.0,6.0,1,260,0,305
417,78,307.0,2942.0,11.0,8.0,1,262,0,305
417,81,151.0,2947.0,12.0,8.0,1,244,0,297
417,84,529.0,2914.0,13.0,8.0,1,260,0,290
417,85,539.0,2918.0,12.0,6.0,1,256,0,289
417,87,367.0,2934.0,9.0,5.0,1,247,0,287
417,91,489.0,3086.0,4.0,6.0,0,233,5,280
417,97,484.0,2930.0,8.0,6.0,1,233,0,262
417,101,80.0,2943.0,13.0,7.0,1,212,0,249
417,144,514.0,2929.0,11.0,9.0,1,130,0,149
417,166,186.0,2947.0,11.0,7.0,0,60,1,75
417,176,322.0,2936.0,11.0,7.0,1,44,0,50
417,191,56.0,2942.0,10.0,7.0,1,10,0,11
418,5,1778.0,3072.0,11.0,9.0,1,331,0,416
418,42,614.0,2919.0,12.0,9.0,1,305,0,343
418,49,640.0,2923.0,10.0,9.0,1,297,0,337
418,52,355.0,2941.0,13.0,8.0,1,301,0,333
418,53,600.0,2917.0,8.0,7.0,1,279,0,333
418,54,273.0,2944.0,13.0,8.0,0,296,1,332
418,56,575.0,2917.0,12.0,6.0,1,293,0,330
418,60,103.0,2945.0,18.0,8.0,0,283,1,320
418,64,223.0,2943.0,9.0,9.0,1,269,0,315
418,65,135.0,2945.0,13.0,10.0,0,273,1,314
418,71,254.0,2941.0,11.0,7.0,0,260,2,310
418,74,198.0,2940.0,12.0,11.0,1,259,0,309
418,77,548.0,2911.0,5.0,8.0,1,261,0,306
418,78,301.0,2940.0,12.0,7.0,1,263,0,306
418,81,149.0,2947.0,10.0,8.0,1,245,0,298
418,84,517.0,2911.0,12.0,10.0,1,261,0,291
418,85,539.0,2918.0,12.0,6.0,0,256,1,290
418,87,336.0,2937.0,10.0,6.0,1,248,0,288
418,91,489.0,3086.0,4.0,6.0,0,233,6,281
418,97,480.0,2934.0,9.0,7.0,1,234,0,263
418,101,80.0,2943.0,13.0,7.0,0,212,1,250
418,144,514.0,2929.0,11.0,9.0,0,130,1,150
418,166,186.0,2947.0,11.0,7.0,0,60,2,76
418,176,314.0,2939.0,12.0,7.0,1,45,0,51
418,191,51.0,2942.0,12.0,9.0,1,11,0,12
419,5,1780.0,3069.0,15.0,11.0,1,332,0,417
419,42,608.0,2925.0,11.0,9.0,1,306,0,344
419,49,638.0,2921.0,11.0,6.0,1,298,0,338
419,52,373.0,2936.0,9.0,7.0,1,302,0,334
419,53,591.0,2911.0,14.0,8.0,1,280,0,334
419,54,268.0,2939.0,12.0,7.0,1,297,0,333
419,56,575.0,2917.0,12.0,6.0,0,293,1,331
419,60,96.0,2948.0,17.0,8.0,1,284,0,321
419,64,216.0,2940.0,10.0,10.0,1,270,0,316
419,65,115.0,2947.0,10.0,5.0,1,274,0,315
419,71,246.0,2938.0,9.0,8.0,1,261,0,311
419,74,198.0,2940.0,12.0,11.0,0,259,1,310
419,77,550.0,2914.0,4.0,9.0,1,262,0,307
419,78,294.0,2928.0,12.0,9.0,1,264,0,307
419,81,141.0,2941.0,11.0,9.0,1,246,0,299
419,84,516.0,2908.0,13.0,8.0,1,262,0,292
419,85,536.0,2918.0,10.0,8.0,1,257,0,291
419,87,336.0,2934.0,14.0,10.0,1,249,0,289
419,91,489.0,3086.0,4.0,6.0,0,233,7,282
419,97,478.0,2932.0,7.0,9.0,1,235,0,264
419,101,70.0,2944.0,12.0,6.0,1,213,0,251
419,144,509.0,2922.0,7.0,10.0,1,131,0,151
419,166,186.0,2947.0,11.0,7.0,0,60,3,77
419,176,359.0,2933.0,10.0,7.0,1,46,0,52
419,191,50.0,2940.0,11.0,7.0,1,12,0,13
420,5,1777.0,3072.0,15.0,12.0,1,333,0,418
420,42,610.0,2915.0,11.0,11.0,1,307,0,345
420,49,638.0,2921.0,11.0,6.0,0,298,1,339
420,52,368.0,2938.0,11.0,8.0,1,303,0,335
420,53,591.0,2911.0,14.0,8.0,0,280,1,335
420,54,268.0,2939.0,12.0,7.0,0,297,1,334
420,56,575.0,2917.0,12.0,6.0,0,293,2,332
420,60,89.0,2942.0,18.0,8.0,1,285,0,322
420,64,216.0,2940.0,10.0,10.0,0,270,1,317
420,65,114.0,2942.0,10.0,8.0,1,275,0,316
420,71,238.0,2945.0,11.0,8.0,1,262,0,312
420,74,198.0,2940.0,12.0,11.0,0,259,2,311
420,77,538.0,2909.0,7.0,5.0,1,263,0,308
420,78,294.0,2936.0,11.0,7.0,1,265,0,308
420,81,138.0,2944.0,11.0,6.0,1,247,0,300
420,84,516.0,2908.0,13.0,8.0,0,262,1,293
420,85,533.0,2916.0,11.0,8.0,1,258,0,292
420,87,310.0,2935.0,8.0,5.0,1,250,0,290
420,91,489.0,3086.0,4.0,6.0,0,233,8,283
420,97,480.0,2928.0,9.0,9.0,1,236,0,265
420,101,70.0,2942.0,11.0,6.0,1,214,0,252
420,144,500.0,2927.0,14.0,9.0,1,132,0,152
420,166,165.0,2942.0,10.0,8.0,1,61,0,78
420,176,327.0,2935.0,12.0,10.0,1,47,0,53
420,191,42.0,2943.0,13.0,8.0,1,13,0,14
421,5,1777.0,3072.0,15.0,12.0,0,333,1,419
421,42,603.0,2913.0,14.0,11.0,1,308,0,346
421,49,632.0,2919.0,10.0,8.0,1,299,0,340
421,52,361.0,2934.0,12.0,9.0,1,304,0,336
421,53,584.0,2909.0,13.0,11.0,1,281,0,336
421,54,254.0,2943.0,11.0,8.0,1,298,0,335
421,56,557.0,2909.0,11.0,10.0,1,294,0,333
421,60,80.0,2943.0,19.0,8.0,1,286,0,323
421,64,203.0,2944.0,11.0,9.0,1,271,0,318
421,65,111.0,2940.0,10.0,9.0,1,276,0,317
421,71,234.0,2940.0,13.0,9.0,1,263,0,313
421,74,179.0,2947.0,14.0,9.0,1,260,0,312
421,77,530.0,2909.0,6.0,7.0,1,264,0,309
421,78,290.0,2929.0,12.0,9.0,1,266,0,309
421,81,138.0,2944.0,11.0,6.0,0,247,1,301
421,84,516.0,2910.0,9.0,6.0,1,263,0,294
421,85,521.0,2917.0,12.0,8.0,1,259,0,293
421,87,310.0,2935.0,8.0,5.0,0,250,1,291
421,91,489.0,3086.0,4.0,6.0,0,233,9,284
421,97,474.0,2924.0,7.0,11.0,1,237,0,266
421,101,64.0,2938.0,11.0,7.0,1,215,0,253
421,144,500.0,2927.0,14.0,9.0,0,132,1,153
421,166,149.0,2948.0,14.0,8.0,1,62,0,79
421,176,345.0,2936.0,9.0,9.0,1,48,0,54
421,191,38.0,2935.0,14.0,8.0,1,14,0,15
422,5,1777.0,3072.0,15.0,12.0,0,333,2,420
422,42,596.0,2915.0,13.0,10.0,1,309,0,347
422,49,623.0,2915.0,12.0,11.0,1,300,0,341
422,52,353.0,2935.0,10.0,8.0,1,305,0,337
422,53,575.0,2918.0,12.0,7.0,1,282,0,337
422,54,254.0,2943.0,11.0,8.0,0,298,1,336
422,56,551.0,2911.0,13.0,9.0,1,295,0,334
422,60,73.0,2942.0,18.0,8.0,1,287,0,324
422,64,198.0,2940.0,11.0,8.0,1,272,0,319
422,65,105.0,2948.0,7.0,6.0,1,277,0,318
422,71,230.0,2934.0,10.0,9.0,1,264,0,314
422,74,175.0,2947.0,15.0,10.0,1,261,0,313
422,77,529.0,2917.0,9.0,8.0,1,265,0,310
422,78,298.0,2935.0,12.0,7.0,1,267,0,310
422,81,126.0,2939.0,10.0,8.0,1,248,0,302
422,84,508.0,2916.0,15.0,8.0,1,264,0,295
422,85,523.0,2911.0,7.0,6.0,1,260,0,294
422,87,320.0,2933.0,9.0,6.0,1,251,0,292
422,91,489.0,3086.0,4.0,6.0,0,233,10,285
422,97,464.0,2924.0,14.0,10.0,1,238,0,267
422,101,57.0,2942.0,7.0,5.0,1,216,0,254
422,144,504.0,2921.0,11.0,8.0,1,133,0,154
422,166,154.0,2949.0,10.0,8.0,1,63,0,80
422,176,337.0,2937.0,11.0,10.0,1,49,0,55
422,191,27.0,2939.0,13.0,10.0,1,15,0,16
423,5,1780.0,3070.0,14.0,7.0,1,334,0,421
423,42,603.0,2914.0,12.0,8.0,1,310,0,348
423,49,620.0,2918.0,13.0,8.0,1,301,0,342
423,52,353.0,2931.0,12.0,8.0,1,306,0,338
423,53,572.0,2906.0,11.0,9.0,1,283,0,338
423,54,244.0,2938.0,12.0,9.0,1,299,0,337
423,56,551.0,2909.0,14.0,8.0,1,296,0,335
423,60,72.0,2948.0,19.0,8.0,1,288,0,325
423,64,194.0,2945.0,10.0,7.0,1,273,0,320
423,65,94.0,2946.0,10.0,7.0,1,278,0,319
423,71,224.0,2938.0,10.0,10.0,1,265,0,315
423,74,170.0,2941.0,8.0,7.0,1,262,0,314
423,77,516.0,2911.0,12.0,7.0,1,266,0,311
423,78,276.0,2930.0,12.0,10.0,1,268,0,311
423,81,119.0,2942.0,12.0,8.0,1,249,0,303
423,84,508.0,2916.0,15.0,8.0,0,264,1,296
423,85,516.0,2911.0,11.0,7.0,1,261,0,295
423,87,316.0,2933.0,11.0,9.0,1,252,0,293
423,91,489.0,3086.0,4.0,6.0,0,233,11,286
423,97,464.0,2924.0,10.0,7.0,1,239,0,268
423,101,54.0,2937.0,10.0,8.0,1,217,0,255
423,144,492.0,2931.0,9.0,7.0,1,134,0,155
423,166,141.0,2944.0,13.0,6.0,1,64,0,81
423,176,339.0,2930.0,8.0,7.0,1,50,0,56
423,191,23.0,2941.0,7.0,6.0,1,16,0,17
424,5,1780.0,3076.0,9.0,6.0,1,335,0,422
424,42,590.0,2908.0,16.0,10.0,1,311,0,349
424,49,611.0,2914.0,11.0,10.0,1,302,0,343
424,52,348.0,2931.0,10.0,7.0,1,307,0,339
424,53,576.0,2905.0,12.0,8.0,1,284,0,339
424,54,244.0,2936.0,11.0,6.0,1,300,0,338
424,56,546.0,2910.0,13.0,9.0,1,297,0,336
424,60,65.0,2942.0,18.0,9.0,1,289,0,326
424,64,187.0,2940.0,11.0,7.0,1,274,0,321
424,65,89.0,2943.0,11.0,9.0,1,279,0,320
424,71,214.0,2940.0,14.0,10.0,1,266,0,316
424,74,164.0,2950.0,13.0,8.0,1,263,0,315
424,77,512.0,2912.0,12.0,8.0,1,267,0,312
424,78,272.0,2930.0,12.0,9.0,1,269,0,312
424,81,109.0,2946.0,12.0,9.0,1,250,0,304
424,84,499.0,2905.0,13.0,9.0,1,265,0,297
424,85,512.0,2908.0,9.0,4.0,1,262,0,296
424,87,287.0,2926.0,11.0,6.0,1,253,0,294
424,91,489.0,3086.0,4.0,6.0,0,233,12,287
424,97,465.0,2932.0,9.0,8.0,1,240,0,269
424,101,49.0,2940.0,10.0,7.0,1,218,0,256
424,144,499.0,2930.0,11.0,7.0,1,135,0,156
424,166,147.0,2940.0,9.0,10.0,1,65,0,82
424,176,339.0,2930.0,8.0,7.0,0,50,1,57
424,191,18.0,2941.0,13.0,12.0,1,17,0,18
425,5,1783.0,3069.0,13.0,9.0,1,336,0,423
425,42,592.0,2915.0,11.0,10.0,1,312,0,350
425,49,607.0,2914.0,11.0,9.0,1,303,0,344
425,52,340.0,2935.0,13.0,7.0,1,308,0,340
425,53,571.0,2905.0,14.0,10.0,1,285,0,340
425,54,240.0,2935.0,10.0,5.0,1,301,0,339
425,56,545.0,2907.0,12.0,7.0,1,298,0,337
425,60,58.0,2936.0,22.0,9.0,1,290,0,327
425,64,187.0,2940.0,11.0,7.0,0,274,1,322
425,65,90.0,2948.0,10.0,8.0,1,280,0,321
425,71,214.0,2940.0,14.0,10.0,0,266,1,317
425,74,164.0,2950.0,13.0,8.0,0,263,1,316
425,77,512.0,2912.0,12.0,8.0,0,267,1,313
425,78,270.0,2930.0,11.0,9.0,1,270,0,313
425,81,109.0,2946.0,10.0,7.0,1,251,0,305
425,84,497.0,2905.0,14.0,8.0,1,266,0,298
425,85,509.0,2904.0,9.0,7.0,1,263,0,297
425,87,305.0,2928.0,9.0,6.0,1,254,0,295
425,91,489.0,3086.0,4.0,6.0,0,233,13,288
425,97,461.0,2924.0,11.0,8.0,1,241,0,270
425,101,49.0,2940.0,10.0,7.0,0,218,1,257
425,144,499.0,2930.0,11.0,7.0,0,135,1,157
425,166,147.0,2940.0,9.0,10.0,0,65,1,83
425,176,339.0,2930.0,8.0,7.0,0,50,2,58
425,191,18.0,2941.0,13.0,12.0,0,17,1,19
426,5,1779.0,3075.0,12.0,9.0,1,337,0,424
426,42,588.0,2907.0,10.0,14.0,1,313,0,351
426,49,611.0,2917.0,12.0,8.0,1,304,0,345
426,52,336.0,2934.0,13.0,7.0,1,309,0,341
426,53,569.0,2907.0,10.0,7.0,1,286,0,341
426,54,237.0,2931.0,8.0,6.0,1,302,0,340
426,56,545.0,2907.0,12.0,7.0,0,298,1,338
426,60,56.0,2946.0,19.0,7.0,1,291,0,328
426,64,180.0,2944.0,13.0,7.0,1,275,0,323
426,65,80.0,2941.0,10.0,8.0,1,281,0,322
426,71,199.0,2932.0,12.0,8.0,1,267,0,318
426,74,159.0,2944.0,13.0,11.0,1,264,0,317
426,77,512.0,2912.0,13.0,7.0,1,268,0,314
426,78,262.0,2932.0,13.0,7.0,1,271,0,314
426,81,98.0,2946.0,11.0,7.0,1,252,0,306
426,84,497.0,2905.0,14.0,8.0,0,266,1,299
426,85,504.0,2908.0,9.0,7.0,1,264,0,298
426,87,280.0,2932.0,12.0,7.0,1,255,0,296
426,91,489.0,3086.0,4.0,6.0,0,233,14,289
426,97,316.0,2933.0,10.0,7.0,1,242,0,271
426,101,38.0,2938.0,11.0,6.0,1,219,0,258
426,144,499.0,2930.0,11.0,7.0,0,135,2,158
426,166,127.0,2946.0,14.0,9.0,1,66,0,84
426,176,299.0,2934.0,10.0,10.0,1,51,0,59
426,191,6.0,2936.0,10.0,13.0,1,18,0,20
427,5,1783.0,3075.0,13.0,8.0,1,338,0,425
427,42,582.0,2909.0,11.0,10.0,1,314,0,352
427,49,604.0,2915.0,12.0,8.0,1,305,0,346
427,52,330.0,2928.0,12.0,8.0,1,310,0,342
427,53,562.0,2908.0,11.0,11.0,1,287,0,342
427,54,232.0,2940.0,8.0,7.0,1,303,0,341
427,56,545.0,2907.0,12.0,7.0,0,298,2,339
427,60,48.0,2941.0,21.0,8.0,1,292,0,329
427,64,177.0,2940.0,11.0,7.0,1,276,0,324
427,65,80.0,2944.0,11.0,9.0,1,282,0,323
427,71,199.0,2937.0,14.0,7.0,1,268,0,319
427,74,139.0,2939.0,15.0,8.0,1,265,0,318
427,77,501.0,2911.0,11.0,7.0,1,269,0,315
427,78,254.0,2929.0,13.0,6.0,1,272,0,315
427,81,98.0,2946.0,11.0,7.0,0,252,1,307
427,84,494.0,2905.0,8.0,8.0,1,267,0,300
427,85,495.0,2909.0,9.0,8.0,1,265,0,299
427,87,280.0,2930.0,8.0,6.0,1,256,0,297
427,91,489.0,3086.0,4.0,6.0,0,233,15,290
427,97,316.0,2933.0,10.0,7.0,0,242,1,272
427,101,25.0,2941.0,12.0,6.0,1,220,0,259
427,144,454.0,2919.0,13.0,10.0,1,136,0,159
427,166,125.0,2943.0,10.0,7.0,1,67,0,85
427,176,318.0,2932.0,7.0,6.0,1,52,0,60
427,191,6.0,2936.0,10.0,13.0,0,18,1,21
428,5,1785.0,3071.0,9.0,5.0,1,339,0,426
428,42,584.0,2907.0,10.0,9.0,1,315,0,353
428,49,602.0,2908.0,12.0,12.0,1,306,0,347
428,52,322.0,2931.0,10.0,7.0,1,311,0,343
428,53,555.0,2914.0,12.0,9.0,1,288,0,343
428,54,223.0,2932.0,9.0,9.0,1,304,0,342
428,56,532.0,2900.0,13.0,9.0,1,299,0,340
428,60,41.0,2946.0,20.0,9.0,1,293,0,330
428,64,177.0,2940.0,11.0,7.0,0,276,1,325
428,65,74.0,2943.0,9.0,8.0,1,283,0,324
428,71,195.0,2941.0,14.0,8.0,1,269,0,320
428,74,145.0,2941.0,12.0,11.0,1,266,0,319
428,77,498.0,2909.0,11.0,6.0,1,270,0,316
428,78,253.0,2923.0,11.0,6.0,1,273,0,316
428,81,89.0,2945.0,10.0,7.0,1,253,0,308
428,84,489.0,2901.0,8.0,6.0,1,268,0,301
428,85,491.0,2901.0,7.0,8.0,1,266,0,300
428,87,294.0,2930.0,10.0,10.0,1,257,0,298
428,91,489.0,3086.0,4.0,6.0,0,233,16,291
428,97,316.0,2933.0,10.0,7.0,0,242,2,273
428,101,32.0,2939.0,10.0,7.0,1,221,0,260
428,144,452.0,2924.0,14.0,9.0,1,137,0,160
428,166,118.0,2940.0,14.0,11.0,1,68,0,86
428,176,306.0,2928.0,10.0,8.0,1,53,0,61
428,191,0.0,2936.0,7.0,12.0,1,19,0,22
429,5,1786.0,3075.0,9.0,7.0,1,340,0,427
429,42,571.0,2907.0,13.0,8.0,1,316,0,354
429,49,595.0,2906.0,9.0,5.0,1,307,0,348
429,52,319.0,2929.0,11.0,8.0,1,312,0,344
429,53,559.0,2909.0,9.0,8.0,1,289,0,344
429,54,215.0,2933.0,10.0,5.0,1,305,0,343
429,56,532.0,2906.0,11.0,8.0,1,300,0,341
429,60,41.0,2946.0,20.0,9.0,0,293,1,331
429,64,161.0,2944.0,11.0,7.0,1,277,0,326
429,65,74.0,2943.0,9.0,8.0,0,283,1,325
429,71,190.0,2936.0,13.0,11.0,1,270,0,321
429,74,140.0,2943.0,13.0,10.0,1,267,0,320
429,77,493.0,2914.0,15.0,6.0,1,271,0,317
429,78,254.0,2921.0,7.0,7.0,1,274,0,317
429,81,84.0,2943.0,10.0,6.0,1,254,0,309
429,84,474.0,2923.0,11.0,9.0,1,269,0,302
429,85,485.0,2903.0,9.0,8.0,1,267,0,301
429,87,264.0,2929.0,10.0,6.0,1,258,0,299
429,91,489.0,3086.0,4.0,6.0,0,233,17,292
429,97,316.0,2933.0,10.0,7.0,0,242,3,274
429,101,12.0,2939.0,14.0,9.0,1,222,0,261
429,144,452.0,2924.0,11.0,9.0,1,138,0,161
429,166,112.0,2942.0,10.0,9.0,1,69,0,87
429,176,311.0,2933.0,10.0,6.0,1,54,0,62
429,191,0.0,2933.0,2.0,7.0,1,20,0,23
430,5,1786.0,3075.0,9.0,7.0,0,340,1,428
430,42,569.0,2903.0,13.0,9.0,1,317,0,355
430,49,593.0,2907.0,11.0,10.0,1,308,0,349
430,52,319.0,2929.0,11.0,8.0,0,312,1,345
430,53,551.0,2908.0,12.0,9.0,1,290,0,345
430,54,214.0,2931.0,10.0,9.0,1,306,0,344
430,56,527.0,2909.0,11.0,7.0,1,301,0,342
430,60,32.0,2943.0,18.0,7.0,1,294,0,332
430,64,161.0,2944.0,11.0,7.0,0,277,1,327
430,65,57.0,2943.0,11.0,6.0,1,284,0,326
430,71,189.0,2939.0,8.0,6.0,1,271,0,322
430,74,140.0,2943.0,13.0,10.0,0,267,1,321
430,77,496.0,2910.0,10.0,8.0,1,272,0,318
430,78,242.0,2927.0,11.0,9.0,1,275,0,318
430,81,78.0,2940.0,9.0,9.0,1,255,0,310
430,84,476.0,2903.0,8.0,7.0,1,270,0,303
430,85,483.0,2898.0,8.0,5.0,1,268,0,302
430,87,261.0,2929.0,9.0,7.0,1,259,0,300
430,91,489.0,3086.0,4.0,6.0,0,233,18,293
430,97,300.0,2928.0,9.0,6.0,1,243,0,275
430,101,18.0,2933.0,8.0,7.0,1,223,0,262
430,144,452.0,2924.0,11.0,9.0,0,138,1,162
430,166,107.0,2946.0,10.0,7.0,1,70,0,88
430,176,287.0,2924.0,10.0,7.0,1,55,0,63
430,191,0.0,2933.0,2.0,7.0,0,20,1,24
431,5,1789.0,3072.0,10.0,7.0,1,341,0,429
431,42,548.0,2908.0,13.0,9.0,1,318,0,356
431,49,591.0,2907.0,14.0,9.0,1,309,0,350
431,52,313.0,2931.0,12.0,8.0,1,313,0,346
431,53,479.0,2975.0,11.0,7.0,1,291,0,346
431,54,208.0,2929.0,12.0,7.0,1,307,0,345
431,56,479.0,2904.0,5.0,6.0,1,302,0,343
431,60,24.0,2941.0,21.0,9.0,1,295,0,333
431,64,155.0,2937.0,12.0,9.0,1,278,0,328
431,65,55.0,2942.0,10.0,8.0,1,285,0,327
431,71,174.0,2937.0,9.0,6.0,1,272,0,323
431,74,124.0,2940.0,10.0,9.0,1,268,0,322
431,77,484.0,2909.0,12.0,7.0,1,273,0,319
431,78,238.0,2931.0,14.0,11.0,1,276,0,319
431,81,75.0,2948.0,10.0,5.0,1,256,0,311
431,84,468.0,2923.0,12.0,6.0,1,271,0,304
431,85,474.0,2898.0,8.0,6.0,1,269,0,303
431,87,258.0,2929.0,6.0,7.0,1,260,0,301
431,91,489.0,3086.0,4.0,6.0,0,233,19,294
431,97,295.0,2926.0,9.0,6.0,1,244,0,276
431,101,8.0,2934.0,11.0,10.0,1,224,0,263
431,144,444.0,2914.0,14.0,11.0,1,139,0,163
431,166,95.0,2935.0,11.0,8.0,1,71,0,89
431,176,276.0,2924.0,13.0,8.0,1,56,0,64
431,191,0.0,2933.0,2.0,7.0,0,20,2,25
432,5,1792.0,3074.0,12.0,6.0,1,342,0,430
432,42,542.0,2908.0,14.0,10.0,1,319,0,357
432,49,569.0,2902.0,12.0,8.0,1,310,0,351
432,52,312.0,2928.0,12.0,8.0,1,314,0,347
432,53,479.0,2975.0,11.0,7.0,0,291,1,347
432,54,199.0,2928.0,10.0,8.0,1,308,0,346
432,56,474.0,2905.0,8.0,6.0,1,303,0,344
432,60,24.0,2937.0,21.0,8.0,1,296,0,334
432,64,147.0,2938.0,10.0,6.0,1,279,0,329
432,65,48.0,2935.0,11.0,7.0,1,286,0,328
432,71,167.0,2938.0,12.0,7.0,1,273,0,324
432,74,116.0,2940.0,13.0,9.0,1,269,0,323
432,77,484.0,2909.0,12.0,7.0,0,273,1,320
432,78,232.0,2925.0,10.0,7.0,1,277,0,320
432,81,59.0,2937.0,12.0,8.0,1,257,0,312
432,84,466.0,2913.0,9.0,6.0,1,272,0,305
432,85,467.0,2904.0,7.0,7.0,1,270,0,304
432,87,249.0,2922.0,12.0,8.0,1,261,0,302
432,91,489.0,3086.0,4.0,6.0,0,233,20,295
432,97,295.0,2926.0,9.0,6.0,0,244,1,277
432,101,2.0,2941.0,9.0,9.0,1,225,0,264
432,144,445.0,2919.0,12.0,9.0,1,140,0,164
432,166,91.0,2938.0,13.0,11.0,1,72,0,90
432,176,275.0,2923.0,12.0,7.0,1,57,0,65
432,191,0.0,2933.0,2.0,7.0,0,20,3,26
433,5,1788.0,3076.0,14.0,6.0,1,343,0,431
433,42,537.0,2906.0,12.0,8.0,1,320,0,358
433,49,583.0,2918.0,12.0,5.0,1,311,0,352
433,52,307.0,2928.0,13.0,8.0,1,315,0,348
433,53,559.0,2903.0,13.0,9.0,1,292,0,348
433,54,204.0,2927.0,10.0,5.0,1,309,0,347
433,56,469.0,2903.0,10.0,6.0,1,304,0,345
433,60,14.0,2928.0,21.0,10.0,1,297,0,335
433,64,139.0,2941.0,13.0,9.0,1,280,0,330
433,65,48.0,2935.0,11.0,7.0,0,286,1,329
433,71,170.0,2937.0,12.0,6.0,1,274,0,325
433,74,117.0,2937.0,12.0,10.0,1,270,0,324
433,77,472.0,2908.0,14.0,8.0,1,274,0,321
433,78,226.0,2928.0,10.0,8.0,1,278,0,321
433,81,59.0,2937.0,12.0,8.0,0,257,1,313
433,84,463.0,2914.0,11.0,9.0,1,273,0,306
433,85,461.0,2901.0,11.0,5.0,1,271,0,305
433,87,247.0,2930.0,11.0,5.0,1,262,0,303
433,91,489.0,3086.0,4.0,6.0,0,233,21,296
433,97,295.0,2926.0,9.0,6.0,0,244,2,278
433,101,3.0,2937.0,8.0,9.0,1,226,0,265
433,144,438.0,2917.0,11.0,6.0,1,141,0,165
433,166,85.0,2938.0,13.0,11.0,1,73,0,91
433,176,283.0,2926.0,14.0,7.0,1,58,0,66
433,191,0.0,2933.0,2.0,7.0,0,20,4,27
434,5,1792.0,3076.0,15.0,6.0,1,344,0,432
434,42,505.0,2903.0,13.0,7.0,1,321,0,359
434,49,583.0,2918.0,12.0,5.0,0,311,1,353
434,52,299.0,2925.0,13.0,9.0,1,316,0,349
434,53,537.0,2906.0,11.0,7.0,1,293,0,349
434,54,193.0,2932.0,11.0,6.0,1,310,0,348
434,56,460.0,2904.0,11.0,7.0,1,305,0,346
434,60,5.0,2935.0,2.0,6.0,1,298,0,336
434,64,131.0,2935.0,13.0,6.0,1,281,0,331
434,65,41.0,2935.0,10.0,10.0,1,287,0,330
434,71,166.0,2938.0,12.0,9.0,1,275,0,326
434,74,104.0,2940.0,12.0,9.0,1,271,0,325
434,77,472.0,2902.0,11.0,7.0,1,275,0,322
434,78,223.0,2926.0,13.0,10.0,1,279,0,322
434,81,46.0,2940.0,10.0,5.0,1,258,0,314
434,84,462.0,2917.0,11.0,7.0,1,274,0,307
434,85,457.0,2899.0,11.0,6.0,1,272,0,306
434,87,243.0,2929.0,10.0,5.0,1,263,0,304
434,91,489.0,3086.0,4.0,6.0,0,233,22,297
434,97,269.0,2916.0,11.0,9.0,1,245,0,279
434,101,5.0,2939.0,21.0,7.0,1,227,0,266
434,144,438.0,2917.0,11.0,6.0,0,141,1,166
434,166,83.0,2942.0,8.0,6.0,1,74,0,92
434,176,277.0,2926.0,12.0,8.0,1,59,0,67
434,191,0.0,2933.0,2.0,7.0,0,20,5,28
435,5,1791.0,3070.0,14.0,6.0,1,345,0,433
435,42,537.0,2900.0,9.0,7.0,1,322,0,360
435,49,574.0,2907.0,12.0,6.0,1,312,0,354
435,52,299.0,2925.0,13.0,9.0,0,316,1,350
435,53,554.0,2902.0,11.0,11.0,1,294,0,350
435,54,193.0,2932.0,11.0,6.0,0,310,1,349
435,56,450.0,2903.0,10.0,7.0,1,306,0,347
435,60,5.0,2935.0,2.0,6.0,0,298,1,337
435,64,131.0,2939.0,11.0,8.0,1,282,0,332
435,65,31.0,2940.0,9.0,8.0,1,288,0,331
435,71,166.0,2938.0,12.0,9.0,0,275,1,327
435,74,104.0,2939.0,12.0,9.0,1,272,0,326
435,77,505.0,2907.0,13.0,8.0,1,276,0,323
435,78,219.0,2925.0,13.0,9.0,1,280,0,323
435,81,52.0,2938.0,11.0,10.0,1,259,0,315
435,84,458.0,2916.0,11.0,9.0,1,275,0,308
435,85,459.0,2895.0,9.0,9.0,1,273,0,307
435,87,236.0,2925.0,11.0,6.0,1,264,0,305
435,91,489.0,3086.0,4.0,6.0,0,233,23,298
435,97,263.0,2923.0,8.0,9.0,1,246,0,280
435,101,6.0,2940.0,20.0,6.0,1,228,0,267
435,144,435.0,2918.0,11.0,7.0,1,142,0,167
435,166,74.0,2940.0,13.0,10.0,1,75,0,93
435,176,281.0,2926.0,9.0,5.0,1,60,0,68
435,191,0.0,2933.0,2.0,7.0,0,20,6,29
436,5,1793.0,3076.0,12.0,5.0,1,346,0,434
436,42,502.0,2902.0,13.0,6.0,1,323,0,361
436,49,527.0,2907.0,14.0,9.0,1,313,0,355
436,52,289.0,2930.0,10.0,6.0,1,317,0,351
436,53,548.0,2900.0,10.0,11.0,1,295,0,351
436,54,181.0,2931.0,9.0,8.0,1,311,0,350
436,56,454.0,2904.0,11.0,6.0,1,307,0,348
436,60,5.0,2935.0,2.0,6.0,0,298,2,338
436,64,122.0,2941.0,10.0,6.0,1,283,0,333
436,65,35.0,2933.0,9.0,7.0,1,289,0,332
436,71,146.0,2935.0,13.0,6.0,1,276,0,328
436,74,101.0,2946.0,13.0,8.0,1,273,0,327
436,77,467.0,2900.0,11.0,7.0,1,277,0,324
436,78,212.0,2919.0,13.0,10.0,1,281,0,324
436,81,50.0,2934.0,11.0,6.0,1,260,0,316
436,84,466.0,2914.0,8.0,9.0,1,276,0,309
436,85,449.0,2894.0,8.0,9.0,1,274,0,308
436,87,236.0,2925.0,11.0,6.0,0,264,1,306
436,91,407.0,3362.0,8.0,5.0,1,234,0,299
436,97,263.0,2923.0,8.0,9.0,0,246,1,281
436,101,2.0,2933.0,17.0,8.0,1,229,0,268
436,144,429.0,2916.0,11.0,6.0,1,143,0,168
436,166,74.0,2940.0,13.0,10.0,0,75,1,94
436,176,280.0,2925.0,10.0,7.0,1,61,0,69
436,191,0.0,2933.0,2.0,7.0,0,20,7,30
437,5,1798.0,3073.0,13.0,5.0,1,347,0,435
437,42,495.0,2896.0,13.0,10.0,1,324,0,362
437,49,548.0,2903.0,8.0,9.0,1,314,0,356
437,52,283.0,2925.0,9.0,7.0,1,318,0,352
437,53,569.0,2903.0,9.0,7.0,1,296,0,352
437,54,185.0,2928.0,6.0,8.0,1,312,0,351
437,56,451.0,2905.0,10.0,9.0,1,308,0,349
437,60,5.0,2935.0,2.0,6.0,0,298,3,339
437,64,121.0,2939.0,11.0,6.0,1,284,0,334
437,65,37.0,2934.0,8.0,7.0,1,290,0,333
437,71,145.0,2934.0,13.0,9.0,1,277,0,329
437,74,154.0,3014.0,10.0,11.0,1,274,0,328
437,77,465.0,2903.0,10.0,8.0,1,278,0,325
437,78,210.0,2925.0,9.0,8.0,1,282,0,325
437,81,58.0,2941.0,13.0,8.0,1,261,0,317
437,84,463.0,2913.0,8.0,10.0,1,277,0,310
437,85,438.0,2900.0,12.0,7.0,1,275,0,309
437,87,233.0,2918.0,11.0,5.0,1,265,0,307
437,91,407.0,3362.0,8.0,5.0,0,234,1,300
437,97,246.0,2920.0,13.0,12.0,1,247,0,282
437,101,4.0,2937.0,12.0,7.0,1,230,0,269
437,144,429.0,2916.0,11.0,6.0,0,143,1,169
437,166,89.0,2937.0,14.0,10.0,1,76,0,95
437,176,268.0,2923.0,13.0,7.0,1,62,0,70
437,191,0.0,2933.0,2.0,7.0,0,20,8,31
438,5,1798.0,3073.0,13.0,5.0,0,347,1,436
438,42,489.0,2894.0,12.0,9.0,1,325,0,363
438,49,522.0,2901.0,9.0,9.0,1,315,0,357
438,52,278.0,2924.0,11.0,9.0,1,319,0,353
438,53,567.0,2904.0,10.0,9.0,1,297,0,353
438,54,172.0,2932.0,12.0,9.0,1,313,0,352
438,56,446.0,2898.0,11.0,9.0,1,309,0,350
438,60,5.0,2935.0,2.0,6.0,0,298,4,340
438,64,121.0,2939.0,11.0,6.0,0,284,1,335
438,65,30.0,2939.0,11.0,9.0,1,291,0,334
438,71,138.0,2931.0,10.0,9.0,1,278,0,330
438,74,154.0,3014.0,10.0,11.0,0,274,1,329
438,77,461.0,2902.0,9.0,8.0,1,279,0,326
438,78,210.0,2925.0,9.0,8.0,0,282,1,326
438,81,53.0,2938.0,11.0,8.0,1,262,0,318
438,84,449.0,2915.0,13.0,8.0,1,278,0,311
438,85,429.0,2896.0,17.0,9.0,1,276,0,310
438,87,224.0,2921.0,12.0,7.0,1,266,0,308
438,91,407.0,3362.0,8.0,5.0,0,234,2,301
438,97,246.0,2920.0,13.0,12.0,0,247,1,283
438,101,0.0,2939.0,9.0,6.0,1,231,0,270
438,144,424.0,2911.0,11.0,8.0,1,144,0,170
438,166,77.0,2933.0,16.0,11.0,1,77,0,96
438,176,263.0,2925.0,12.0,8.0,1,63,0,71
438,191,0.0,2933.0,2.0,7.0,0,20,9,32
439,5,1801.0,3074.0,13.0,6.0,1,348,0,437
439,42,491.0,2898.0,11.0,9.0,1,326,0,364
439,49,519.0,2900.0,9.0,7.0,1,316,0,358
439,52,283.0,2919.0,10.0,8.0,1,320,0,354
439,53,561.0,2902.0,10.0,9.0,1,298,0,354
439,54,165.0,2926.0,11.0,8.0,1,314,0,353
439,56,446.0,2898.0,9.0,8.0,1,310,0,351
439,60,5.0,2935.0,2.0,6.0,0,298,5,341
439,64,107.0,2940.0,11.0,8.0,1,285,0,336
439,65,8.0,2935.0,12.0,5.0,1,292,0,335
439,71,138.0,2928.0,11.0,7.0,1,279,0,331
439,74,154.0,3014.0,10.0,11.0,0,274,2,330
439,77,462.0,2902.0,10.0,9.0,1,280,0,327
439,78,202.0,2920.0,13.0,9.0,1,283,0,327
439,81,24.0,2929.0,10.0,9.0,1,263,0,319
439,84,450.0,2913.0,12.0,8.0,1,279,0,312
439,85,426.0,2899.0,12.0,7.0,1,277,0,311
439,87,213.0,2922.0,11.0,7.0,1,267,0,309
439,91,407.0,3362.0,8.0,5.0,0,234,3,302
439,97,240.0,2921.0,12.0,9.0,1,248,0,284
439,101,0.0,2935.0,4.0,7.0,1,232,0,271
439,144,423.0,2911.0,11.0,9.0,1,145,0,171
439,166,77.0,2933.0,16.0,11.0,0,77,1,97
439,176,261.0,2924.0,10.0,6.0,1,64,0,72
439,191,0.0,2933.0,2.0,7.0,0,20,10,33
440,5,1801.0,3079.0,13.0,6.0,1,349,0,438
440,42,491.0,2898.0,11.0,9.0,0,326,1,365
440,49,516.0,2902.0,12.0,9.0,1,317,0,359
440,52,281.0,2922.0,8.0,9.0,1,321,0,355
440,53,559.0,2905.0,9.0,9.0,1,299,0,355
440,54,167.0,2930.0,11.0,8.0,1,315,0,354
440,56,429.0,2895.0,10.0,7.0,1,311,0,352
440,60,5.0,2935.0,2.0,6.0,0,298,6,342
440,64,107.0,2940.0,11.0,8.0,0,285,1,337
440,65,4.0,2928.0,7.0,7.0,1,293,0,336
440,71,127.0,2930.0,10.0,6.0,1,280,0,332
440,74,154.0,3014.0,10.0,11.0,0,274,3,331
440,77,455.0,2903.0,9.0,8.0,1,281,0,328
440,78,193.0,2917.0,12.0,11.0,1,284,0,328
440,81,28.0,2941.0,10.0,5.0,1,264,0,320
440,84,446.0,2911.0,12.0,10.0,1,280,0,313
440,85,426.0,2899.0,12.0,7.0,0,277,1,312
440,87,213.0,2925.0,9.0,9.0,1,268,0,310
440,91,407.0,3362.0,8.0,5.0,0,234,4,303
440,97,233.0,2920.0,13.0,10.0,1,249,0,285
440,101,0.0,2935.0,4.0,7.0,0,232,1,272
440,144,423.0,2911.0,11.0,9.0,0,145,1,172
440,166,79.0,2939.0,10.0,7.0,1,78,0,98
440,176,258.0,2924.0,9.0,7.0,1,65,0,73
440,191,0.0,2933.0,2.0,7.0,0,20,11,34
441,5,1799.0,3072.0,16.0,5.0,1,350,0,439
441,42,509.0,2894.0,11.0,9.0,1,327,0,366
441,49,537.0,2903.0,11.0,11.0,1,318,0,360
441,52,281.0,2922.0,8.0,9.0,0,321,1,356
441,53,554.0,2901.0,7.0,5.0,1,300,0,356
441,54,162.0,2926.0,8.0,6.0,1,316,0,355
441,56,430.0,2893.0,10.0,6.0,1,312,0,353
441,60,5.0,2935.0,2.0,6.0,0,298,7,343
441,64,96.0,2934.0,12.0,7.0,1,286,0,338
441,65,15.0,2928.0,10.0,9.0,1,294,0,337
441,71,127.0,2930.0,10.0,6.0,0,280,1,333
441,74,154.0,3014.0,10.0,11.0,0,274,4,332
441,77,479.0,2896.0,12.0,11.0,1,282,0,329
441,78,191.0,2922.0,10.0,8.0,1,285,0,329
441,81,45.0,2933.0,12.0,12.0,1,265,0,321
441,84,440.0,2913.0,9.0,11.0,1,281,0,314
441,85,414.0,2895.0,12.0,7.0,1,278,0,313
441,87,213.0,2925.0,9.0,9.0,0,268,1,311
441,91,407.0,3362.0,8.0,5.0,0,234,5,304
441,97,234.0,2921.0,14.0,10.0,1,250,0,286
441,101,0.0,2935.0,4.0,7.0,0,232,2,273
441,144,415.0,2915.0,10.0,8.0,1,146,0,173
441,166,79.0,2939.0,10.0,7.0,0,78,1,99
441,176,252.0,2922.0,12.0,8.0,1,66,0,74
441,191,0.0,2933.0,2.0,7.0,0,20,12,35
442,5,1802.0,3082.0,9.0,5.0,1,351,0,440
442,42,503.0,2889.0,10.0,12.0,1,328,0,367
442,49,528.0,2898.0,11.0,8.0,1,319,0,361
442,52,408.0,2897.0,10.0,8.0,1,322,0,357
442,53,548.0,2897.0,7.0,9.0,1,301,0,357
442,54,157.0,2929.0,8.0,4.0,1,317,0,356
442,56,445.0,2901.0,11.0,10.0,1,313,0,354
442,60,5.0,2935.0,2.0,6.0,0,298,8,344
442,64,89.0,2935.0,10.0,7.0,1,287,0,339
442,65,4.0,2931.0,8.0,8.0,1,295,0,338
442,71,127.0,2930.0,10.0,6.0,0,280,2,334
442,74,293.0,3099.0,8.0,6.0,1,275,0,333
442,77,479.0,2899.0,13.0,9.0,1,283,0,330
442,78,188.0,2917.0,9.0,7.0,1,286,0,330
442,81,33.0,2933.0,12.0,12.0,1,266,0,322
442,84,435.0,2915.0,13.0,7.0,1,282,0,315
442,85,432.0,2899.0,8.0,8.0,1,279,0,314
442,87,213.0,2925.0,9.0,9.0,0,268,2,312
442,91,407.0,3362.0,8.0,5.0,0,234,6,305
442,97,234.0,2921.0,14.0,10.0,0,250,1,287
442,101,4.0,2936.0,11.0,6.0,1,233,0,274
442,144,413.0,2913.0,12.0,8.0,1,147,0,174
442,166,66.0,2933.0,13.0,8.0,1,79,0,100
442,176,238.0,2927.0,14.0,6.0,1,67,0,75
442,191,0.0,2933.0,2.0,7.0,0,20,13,36
443,5,1807.0,3076.0,9.0,5.0,1,352,0,441
443,42,502.0,2896.0,11.0,11.0,1,329,0,368
443,49,519.0,2899.0,14.0,9.0,1,320,0,362
443,52,398.0,2893.0,10.0,8.0,1,323,0,358
443,53,544.0,2902.0,7.0,4.0,1,302,0,358
443,54,180.0,2920.0,12.0,9.0,1,318,0,357
443,56,438.0,2897.0,13.0,10.0,1,314,0,355
443,60,5.0,2935.0,2.0,6.0,0,298,9,345
443,64,82.0,2933.0,11.0,7.0,1,288,0,340
443,65,4.0,2931.0,8.0,8.0,0,295,1,339
443,71,148.0,2926.0,13.0,6.0,1,281,0,335
443,74,293.0,3099.0,8.0,6.0,0,275,1,334
443,77,474.0,2899.0,16.0,8.0,1,284,0,331
443,78,223.0,2916.0,11.0,9.0,1,287,0,331
443,81,34.0,2933.0,8.0,10.0,1,267,0,323
443,84,434.0,2915.0,12.0,8.0,1,283,0,316
443,85,422.0,2895.0,10.0,9.0,1,280,0,315
443,87,200.0,2920.0,7.0,7.0,1,269,0,313
443,91,407.0,3362.0,8.0,5.0,0,234,7,306
443,97,243.0,2916.0,11.0,7.0,1,251,0,288
443,101,4.0,2933.0,10.0,8.0,1,234,0,275
443,144,412.0,2910.0,8.0,10.0,1,148,0,175
443,166,59.0,2937.0,12.0,10.0,1,80,0,101
443,176,256.0,2922.0,14.0,8.0,1,68,0,76
443,191,0.0,2933.0,2.0,7.0,0,20,14,37
444,5,1815.0,3080.0,9.0,5.0,1,353,0,442
444,42,502.0,2896.0,11.0,11.0,0,329,1,369
444,49,527.0,2897.0,11.0,7.0,1,321,0,363
444,52,392.0,2894.0,12.0,8.0,1,324,0,359
444,53,533.0,2908.0,6.0,9.0,1,303,0,359
444,54,144.0,2923.0,12.0,7.0,1,319,0,358
444,56,441.0,2904.0,12.0,8.0,1,315,0,356
444,60,5.0,2935.0,2.0,6.0,0,298,10,346
444,64,81.0,2932.0,10.0,4.0,1,289,0,341
444,65,4.0,2931.0,8.0,8.0,0,295,2,340
444,71,109.0,2925.0,13.0,10.0,1,282,0,336
444,74,293.0,3099.0,8.0,6.0,0,275,2,335
444,77,466.0,2894.0,14.0,7.0,1,285,0,332
444,78,220.0,2916.0,14.0,12.0,1,288,0,332
444,81,50.0,2928.0,12.0,10.0,1,268,0,324
444,84,438.0,2906.0,9.0,10.0,1,284,0,317
444,85,421.0,2898.0,12.0,7.0,1,281,0,316
444,87,184.0,2918.0,12.0,8.0,1,270,0,314
444,91,407.0,3362.0,8.0,5.0,0,234,8,307
444,97,239.0,2929.0,9.0,7.0,1,252,0,289
444,101,5.0,2934.0,9.0,4.0,1,235,0,276
444,144,412.0,2910.0,8.0,10.0,0,148,1,176
444,166,95.0,2871.0,14.0,10.0,1,81,0,102
444,176,251.0,2911.0,12.0,9.0,1,69,0,77
444,191,0.0,2933.0,2.0,7.0,0,20,15,38
445,5,1812.0,3075.0,9.0,5.0,1,354,0,443
445,42,492.0,2900.0,12.0,8.0,1,330,0,370
445,49,519.0,2896.0,11.0,10.0,1,322,0,364
445,52,382.0,2887.0,13.0,7.0,1,325,0,360
445,53,533.0,2908.0,6.0,9.0,0,303,1,360
445,54,172.0,2924.0,12.0,6.0,1,320,0,359
445,56,428.0,2901.0,11.0,9.0,1,316,0,357
445,60,5.0,2935.0,2.0,6.0,0,298,11,347
445,64,76.0,2930.0,10.0,6.0,1,290,0,342
445,65,4.0,2931.0,8.0,8.0,0,295,3,341
445,71,139.0,2923.0,9.0,7.0,1,283,0,337
445,74,293.0,3099.0,8.0,6.0,0,275,3,336
445,77,466.0,2894.0,14.0,7.0,0,285,1,333
445,78,214.0,2916.0,12.0,11.0,1,289,0,333
445,81,26.0,2930.0,9.0,12.0,1,269,0,325
445,84,429.0,2909.0,12.0,9.0,1,285,0,318
445,85,412.0,2898.0,11.0,8.0,1,282,0,317
445,87,189.0,2926.0,12.0,5.0,1,271,0,315
445,91,407.0,3362.0,8.0,5.0,0,234,9,308
445,97,237.0,2915.0,11.0,7.0,1,253,0,290
445,101,5.0,2934.0,9.0,4.0,0,235,1,277
445,144,402.0,2913.0,10.0,9.0,1,149,0,177
445,166,105.0,2930.0,11.0,10.0,1,82,0,103
445,176,249.0,2919.0,11.0,7.0,1,70,0,78
445,191,0.0,2933.0,2.0,7.0,0,20,16,39
446,5,1818.0,3077.0,10.0,5.0,1,355,0,444
446,42,492.0,2900.0,12.0,8.0,0,330,1,371
446,49,513.0,2896.0,16.0,9.0,1,323,0,365
446,52,382.0,2887.0,13.0,7.0,0,325,1,361
446,53,533.0,2908.0,6.0,9.0,0,303,2,361
446,54,170.0,2916.0,12.0,10.0,1,321,0,360
446,56,428.0,2901.0,11.0,9.0,0,316,1,358
446,60,5.0,2935.0,2.0,6.0,0,298,12,348
446,64,73.0,2929.0,11.0,5.0,1,291,0,343
446,65,4.0,2931.0,8.0,8.0,0,295,4,342
446,71,139.0,2923.0,9.0,7.0,0,283,1,338
446,74,293.0,3099.0,8.0,6.0,0,275,4,337
446,77,466.0,2894.0,14.0,7.0,0,285,2,334
446,78,214.0,2913.0,10.0,10.0,1,290,0,334
446,81,40.0,2934.0,14.0,11.0,1,270,0,326
446,84,429.0,2909.0,12.0,9.0,0,285,1,319
446,85,414.0,2891.0,10.0,5.0,1,283,0,318
446,87,187.0,2923.0,10.0,8.0,1,272,0,316
446,91,407.0,3362.0,8.0,5.0,0,234,10,309
446,97,228.0,2916.0,10.0,6.0,1,254,0,291
446,101,12.0,2926.0,9.0,12.0,1,236,0,278
446,144,402.0,2913.0,10.0,9.0,0,149,1,178
446,166,102.0,2927.0,9.0,8.0,1,83,0,104
446,176,244.0,2918.0,12.0,9.0,1,71,0,79
446,191,0.0,2933.0,2.0,7.0,0,20,17,40
447,5,1815.0,3081.0,10.0,6.0,1,356,0,445
447,42,487.0,2890.0,11.0,10.0,1,331,0,372
447,49,510.0,2897.0,10.0,10.0,1,324,0,366
447,52,378.0,2888.0,12.0,7.0,1,326,0,362
447,53,522.0,2900.0,11.0,7.0,1,304,0,362
447,54,161.0,2919.0,9.0,6.0,1,322,0,361
447,56,422.0,2894.0,13.0,8.0,1,317,0,359
447,60,5.0,2935.0,2.0,6.0,0,298,13,349
447,64,73.0,2929.0,11.0,5.0,0,291,1,344
447,65,4.0,2931.0,8.0,8.0,0,295,5,343
447,71,129.0,2927.0,10.0,8.0,1,284,0,339
447,74,417.0,3258.0,14.0,8.0,1,276,0,338
447,77,457.0,2896.0,13.0,8.0,1,286,0,335
447,78,204.0,2912.0,13.0,9.0,1,291,0,335
447,81,40.0,2934.0,14.0,11.0,0,270,1,327
447,84,429.0,2909.0,12.0,9.0,0,285,2,320
447,85,404.0,2892.0,7.0,7.0,1,284,0,319
447,87,183.0,2919.0,7.0,5.0,1,273,0,317
447,91,407.0,3362.0,8.0,5.0,0,234,11,310
447,97,222.0,2914.0,11.0,7.0,1,255,0,292
447,101,12.0,2926.0,9.0,12.0,0,236,1,279
447,144,393.0,2906.0,10.0,12.0,1,150,0,179
447,166,97.0,2931.0,11.0,7.0,1,84,0,105
447,176,237.0,2920.0,13.0,8.0,1,72,0,80
447,191,0.0,2933.0,2.0,7.0,0,20,18,41
448,5,1812.0,3084.0,10.0,6.0,1,357,0,446
448,42,481.0,2894.0,13.0,12.0,1,332,0,373
448,49,509.0,2891.0,11.0,11.0,1,325,0,367
448,52,364.0,2892.0,13.0,7.0,1,327,0,363
448,53,522.0,2900.0,11.0,7.0,0,304,1,363
448,54,156.0,2919.0,10.0,8.0,1,323,0,362
448,56,422.0,2894.0,13.0,8.0,0,317,1,360
448,60,5.0,2935.0,2.0,6.0,0,298,14,350
448,64,63.0,2932.0,11.0,9.0,1,292,0,345
448,65,4.0,2931.0,8.0,8.0,0,295,6,344
448,71,124.0,2922.0,8.0,7.0,1,285,0,340
448,74,417.0,3258.0,14.0,8.0,0,276,1,339
448,77,456.0,2896.0,12.0,6.0,1,287,0,336
448,78,204.0,2912.0,13.0,9.0,0,291,1,336
448,81,40.0,2934.0,14.0,11.0,0,270,2,328
448,84,413.0,2909.0,9.0,10.0,1,286,0,321
448,85,398.0,2895.0,11.0,7.0,1,285,0,320
448,87,174.0,2921.0,9.0,8.0,1,274,0,318
448,91,407.0,3362.0,8.0,5.0,0,234,12,311
448,97,224.0,2915.0,10.0,9.0,1,256,0,293
448,101,0.0,2928.0,13.0,12.0,1,237,0,280
448,144,393.0,2909.0,11.0,7.0,1,151,0,180
448,166,90.0,2929.0,12.0,8.0,1,85,0,106
448,176,237.0,2920.0,13.0,8.0,0,72,1,81
448,191,0.0,2933.0,2.0,7.0,0,20,19,42
449,5,1821.0,3081.0,9.0,5.0,1,358,0,447
449,42,473.0,2893.0,10.0,8.0,1,333,0,374
449,49,502.0,2891.0,9.0,12.0,1,326,0,368
449,52,364.0,2892.0,13.0,7.0,0,327,1,364
449,53,511.0,2893.0,8.0,10.0,1,305,0,364
449,54,156.0,2919.0,10.0,8.0,0,323,1,363
449,56,407.0,2897.0,12.0,8.0,1,318,0,361
449,60,5.0,2935.0,2.0,6.0,0,298,15,351
449,64,56.0,2927.0,8.0,7.0,1,293,0,346
449,65,56.0,3040.0,9.0,5.0,1,296,0,345
449,71,120.0,2915.0,12.0,12.0,1,286,0,341
449,74,417.0,3258.0,14.0,8.0,0,276,2,340
449,77,456.0,2896.0,12.0,6.0,0,287,1,337
449,78,192.0,2915.0,13.0,10.0,1,292,0,337
449,81,22.0,2938.0,11.0,8.0,1,271,0,329
449,84,413.0,2909.0,9.0,10.0,0,286,1,322
449,85,402.0,2893.0,9.0,7.0,1,286,0,321
449,87,175.0,2916.0,10.0,6.0,1,275,0,319
449,91,407.0,3362.0,8.0,5.0,0,234,13,312
449,97,216.0,2913.0,9.0,9.0,1,257,0,294
449,101,0.0,2930.0,9.0,8.0,1,238,0,281
449,144,393.0,2909.0,11.0,7.0,0,151,1,181
449,166,81.0,2924.0,10.0,10.0,1,86,0,107
449,176,239.0,2915.0,10.0,7.0,1,73,0,82
449,191,0.0,2933.0,2.0,7.0,0,20,20,43
450,5,1809.0,3302.0,14.0,9.0,1,359,0,448
450,42,476.0,2887.0,9.0,12.0,1,334,0,375
450,49,499.0,2900.0,11.0,9.0,1,327,0,369
450,52,364.0,2892.0,13.0,7.0,0,327,2,365
450,53,506.0,2902.0,11.0,5.0,1,306,0,365
450,54,156.0,2919.0,10.0,8.0,0,323,2,364
450,56,410.0,2895.0,11.0,8.0,1,319,0,362
450,60,5.0,2935.0,2.0,6.0,0,298,16,352
450,64,56.0,2927.0,8.0,7.0,0,293,1,347
450,65,79.0,3256.0,9.0,6.0,1,297,0,346
450,71,118.0,2913.0,13.0,11.0,1,287,0,342
450,74,417.0,3258.0,14.0,8.0,0,276,3,341
450,77,446.0,2895.0,11.0,8.0,1,288,0,338
450,78,189.0,2907.0,13.0,9.0,1,293,0,338
450,81,22.0,2938.0,11.0,8.0,0,271,1,330
450,84,406.0,2916.0,11.0,8.0,1,287,0,323
450,85,403.0,2896.0,8.0,7.0,1,287,0,322
450,87,167.0,2917.0,12.0,6.0,1,276,0,320
450,91,407.0,3362.0,8.0,5.0,0,234,14,313
450,97,216.0,2913.0,9.0,9.0,0,257,1,295
450,101,0.0,2930.0,9.0,8.0,0,238,1,282
450,144,383.0,2911.0,14.0,8.0,1,152,0,182
450,166,75.0,2928.0,10.0,8.0,1,87,0,108
450,176,229.0,2919.0,13.0,9.0,1,74,0,83
450,191,0.0,2933.0,2.0,7.0,0,20,21,44
451,5,1826.0,3084.0,10.0,5.0,1,360,0,449
451,42,472.0,2897.0,10.0,9.0,1,335,0,376
451,49,497.0,2895.0,12.0,9.0,1,328,0,370
451,52,355.0,2882.0,14.0,10.0,1,328,0,366
451,53,506.0,2902.0,11.0,5.0,0,306,1,366
451,54,140.0,2916.0,11.0,7.0,1,324,0,365
451,56,407.0,2894.0,10.0,9.0,1,320,0,363
451,60,5.0,2935.0,2.0,6.0,0,298,17,353
451,64,37.0,2925.0,10.0,8.0,1,294,0,348
451,65,79.0,3256.0,9.0,6.0,0,297,1,347
451,71,104.0,2909.0,12.0,10.0,1,288,0,343
451,74,417.0,3258.0,14.0,8.0,0,276,4,342
451,77,446.0,2895.0,11.0,8.0,0,288,1,339
451,78,187.0,2916.0,9.0,6.0,1,294,0,339
451,81,18.0,2931.0,10.0,7.0,1,272,0,331
451,84,406.0,2916.0,11.0,8.0,0,287,1,324
451,85,389.0,2893.0,9.0,6.0,1,288,0,323
451,87,165.0,2917.0,7.0,6.0,1,277,0,321
451,91,407.0,3362.0,8.0,5.0,0,234,15,314
451,97,211.0,2916.0,10.0,7.0,1,258,0,296
451,101,0.0,2930.0,9.0,8.0,0,238,2,283
451,144,385.0,2902.0,10.0,11.0,1,153,0,183
451,166,75.0,2928.0,10.0,8.0,0,87,1,109
451,176,219.0,2910.0,10.0,10.0,1,75,0,84
451,191,0.0,2933.0,2.0,7.0,0,20,22,45
452,5,1826.0,3087.0,10.0,5.0,1,361,0,450
452,42,461.0,2895.0,12.0,12.0,1,336,0,377
452,49,497.0,2895.0,12.0,9.0,0,328,1,371
452,52,342.0,2888.0,15.0,8.0,1,329,0,367
452,53,495.0,2898.0,10.0,10.0,1,307,0,367
452,54,140.0,2916.0,11.0,7.0,0,324,1,366
452,56,399.0,2893.0,10.0,7.0,1,321,0,364
452,60,5.0,2935.0,2.0,6.0,0,298,18,354
452,64,39.0,2924.0,10.0,9.0,1,295,0,349
452,65,79.0,3256.0,9.0,6.0,0,297,2,348
452,71,109.0,2916.0,9.0,9.0,1,289,0,344
452,74,417.0,3258.0,14.0,8.0,0,276,5,343
452,77,446.0,2895.0,11.0,8.0,0,288,2,340
452,78,187.0,2916.0,9.0,6.0,0,294,1,340
452,81,8.0,2927.0,12.0,10.0,1,273,0,332
452,84,396.0,2903.0,10.0,7.0,1,288,0,325
452,85,383.0,2891.0,13.0,9.0,1,289,0,324
452,87,165.0,2917.0,7.0,6.0,0,277,1,322
452,91,407.0,3362.0,8.0,5.0,0,234,16,315
452,97,201.0,2908.0,9.0,10.0,1,259,0,297
452,101,0.0,2930.0,9.0,8.0,0,238,3,284
452,144,385.0,2902.0,10.0,11.0,0,153,1,184
452,166,67.0,2924.0,15.0,10.0,1,88,0,110
452,176,219.0,2912.0,11.0,8.0,1,76,0,85
452,191,0.0,2933.0,2.0,7.0,0,20,23,46
453,5,1826.0,3087.0,10.0,5.0,0,361,1,451
453,42,462.0,2894.0,11.0,10.0,1,337,0,378
453,49,484.0,2893.0,10.0,10.0,1,329,0,372
453,52,336.0,2886.0,14.0,10.0,1,330,0,368
453,53,495.0,2887.0,9.0,5.0,1,308,0,368
453,54,132.0,2917.0,15.0,9.0,1,325,0,367
453,56,394.0,2895.0,11.0,9.0,1,322,0,365
453,60,5.0,2935.0,2.0,6.0,0,298,19,355
453,64,33.0,2928.0,10.0,9.0,1,296,0,350
453,65,79.0,3256.0,9.0,6.0,0,297,3,349
453,71,100.0,2916.0,12.0,9.0,1,290,0,345
453,74,417.0,3258.0,14.0,8.0,0,276,6,344
453,77,446.0,2895.0,11.0,8.0,0,288,3,341
453,78,176.0,2918.0,11.0,10.0,1,295,0,341
453,81,8.0,2927.0,12.0,10.0,0,273,1,333
453,84,391.0,2907.0,12.0,8.0,1,289,0,326
453,85,383.0,2888.0,11.0,7.0,1,290,0,325
453,87,165.0,2917.0,7.0,6.0,0,277,2,323
453,91,407.0,3362.0,8.0,5.0,0,234,17,316
453,97,200.0,2912.0,8.0,9.0,1,260,0,298
453,101,0.0,2926.0,11.0,9.0,1,239,0,285
453,144,369.0,2907.0,13.0,9.0,1,154,0,185
453,166,56.0,2919.0,12.0,10.0,1,89,0,111
453,176,217.0,2910.0,10.0,9.0,1,77,0,86
453,191,0.0,2933.0,2.0,7.0,0,20,24,47
454,5,1826.0,3087.0,10.0,5.0,0,361,2,452
454,42,460.0,2893.0,10.0,10.0,1,338,0,379
454,49,482.0,2897.0,8.0,9.0,1,330,0,373
454,52,338.0,2884.0,9.0,10.0,1,331,0,369
454,53,541.0,3109.0,11.0,10.0,1,309,0,369
454,54,122.0,2908.0,12.0,10.0,1,326,0,368
454,56,394.0,2895.0,11.0,9.0,0,322,1,366
454,60,5.0,2935.0,2.0,6.0,0,298,20,356
454,64,33.0,2928.0,10.0,9.0,0,296,1,351
454,65,79.0,3256.0,9.0,6.0,0,297,4,350
454,71,95.0,2916.0,13.0,9.0,1,291,0,346
454,74,417.0,3258.0,14.0,8.0,0,276,7,345
454,77,423.0,2893.0,13.0,9.0,1,289,0,342
454,78,169.0,2916.0,11.0,9.0,1,296,0,342
454,81,8.0,2927.0,12.0,10.0,0,273,2,334
454,84,390.0,2910.0,11.0,9.0,1,290,0,327
454,85,383.0,2888.0,11.0,7.0,0,290,1,326
454,87,141.0,2915.0,12.0,5.0,1,278,0,324
454,91,407.0,3362.0,8.0,5.0,0,234,18,317
454,97,195.0,2911.0,11.0,8.0,1,261,0,299
454,101,0.0,2927.0,11.0,9.0,1,240,0,286
454,144,369.0,2907.0,13.0,9.0,0,154,1,186
454,166,52.0,2921.0,13.0,9.0,1,90,0,112
454,176,212.0,2909.0,10.0,7.0,1,78,0,87
454,191,0.0,2933.0,2.0,7.0,0,20,25,48
455,5,1822.0,3088.0,14.0,4.0,1,362,0,453
455,42,450.0,2890.0,10.0,8.0,1,339,0,380
455,49,473.0,2896.0,12.0,3.0,1,331,0,374
455,52,332.0,2881.0,9.0,9.0,1,332,0,370
455,53,541.0,3109.0,11.0,10.0,0,309,1,370
455,54,122.0,2908.0,12.0,10.0,0,326,1,369
455,56,385.0,2890.0,8.0,9.0,1,323,0,367
455,60,5.0,2935.0,2.0,6.0,0,298,21,357
455,64,25.0,2921.0,10.0,10.0,1,297,0,352
455,65,79.0,3256.0,9.0,6.0,0,297,5,351
455,71,97.0,2913.0,11.0,11.0,1,292,0,347
455,74,492.0,3308.0,7.0,7.0,1,277,0,346
455,77,425.0,2896.0,11.0,5.0,1,290,0,343
455,78,164.0,2909.0,12.0,10.0,1,297,0,343
455,81,0.0,2923.0,6.0,10.0,1,274,0,335
455,84,390.0,2910.0,11.0,9.0,0,290,1,328
455,85,369.0,2889.0,11.0,5.0,1,291,0,327
455,87,142.0,2915.0,9.0,7.0,1,279,0,325
455,91,407.0,3362.0,8.0,5.0,0,234,19,318
455,97,190.0,2909.0,11.0,10.0,1,262,0,300
455,101,0.0,2927.0,11.0,9.0,0,240,1,287
455,144,365.0,2903.0,14.0,11.0,1,155,0,187
455,166,52.0,2921.0,13.0,9.0,0,90,1,113
455,176,202.0,2911.0,14.0,9.0,1,79,0,88
455,191,0.0,2933.0,2.0,7.0,0,20,26,49
456,5,1828.0,3088.0,13.0,4.0,1,363,0,454
456,42,463.0,2893.0,12.0,8.0,1,340,0,381
456,49,467.0,2892.0,10.0,12.0,1,332,0,375
456,52,317.0,2886.0,15.0,10.0,1,333,0,371
456,53,541.0,3109.0,11.0,10.0,0,309,2,371
456,54,112.0,2909.0,15.0,8.0,1,327,0,370
456,56,385.0,2890.0,8.0,9.0,0,323,1,368
456,60,5.0,2935.0,2.0,6.0,0,298,22,358
456,64,16.0,2922.0,9.0,9.0,1,298,0,353
456,65,79.0,3256.0,9.0,6.0,0,297,6,352
456,71,91.0,2911.0,11.0,10.0,1,293,0,348
456,74,492.0,3308.0,7.0,7.0,0,277,1,347
456,77,446.0,2893.0,13.0,9.0,1,291,0,344
456,78,159.0,2909.0,14.0,9.0,1,298,0,344
456,81,0.0,2923.0,6.0,10.0,0,274,1,336
456,84,389.0,2907.0,9.0,9.0,1,291,0,329
456,85,369.0,2889.0,11.0,5.0,0,291,1,328
456,87,144.0,2918.0,6.0,5.0,1,280,0,326
456,91,407.0,3362.0,8.0,5.0,0,234,20,319
456,97,187.0,2909.0,8.0,9.0,1,263,0,301
456,101,0.0,2927.0,11.0,9.0,0,240,2,288
456,144,360.0,2904.0,12.0,8.0,1,156,0,188
456,166,45.0,2920.0,13.0,8.0,1,91,0,114
456,176,202.0,2908.0,14.0,9.0,1,80,0,89
456,191,0.0,2933.0,2.0,7.0,0,20,27,50
457,5,1835.0,3091.0,13.0,5.0,1,364,0,455
457,42,466.0,2889.0,11.0,7.0,1,341,0,382
457,49,462.0,2892.0,9.0,8.0,1,333,0,376
457,52,307.0,2877.0,14.0,8.0,1,334,0,372
457,53,636.0,2962.0,6.0,6.0,1,310,0,372
457,54,106.0,2915.0,12.0,8.0,1,328,0,371
457,56,373.0,2895.0,10.0,8.0,1,324,0,369
457,60,5.0,2935.0,2.0,6.0,0,298,23,359
457,64,8.0,2928.0,9.0,5.0,1,299,0,354
457,65,79.0,3256.0,9.0,6.0,0,297,7,353
457,71,91.0,2911.0,11.0,10.0,0,293,1,349
457,74,492.0,3308.0,7.0,7.0,0,277,2,348
457,77,436.0,2896.0,11.0,7.0,1,292,0,345
457,78,160.0,2907.0,15.0,8.0,1,299,0,345
457,81,0.0,2923.0,6.0,10.0,0,274,2,337
457,84,414.0,2894.0,10.0,7.0,1,292,0,330
457,85,367.0,2897.0,6.0,6.0,1,292,0,329
457,87,128.0,2908.0,10.0,8.0,1,281,0,327
457,91,407.0,3362.0,8.0,5.0,0,234,21,320
457,97,179.0,2911.0,8.0,7.0,1,264,0,302
457,101,0.0,2927.0,11.0,9.0,0,240,3,289
457,144,357.0,2912.0,12.0,8.0,1,157,0,189
457,166,40.0,2925.0,10.0,10.0,1,92,0,115
457,176,202.0,2908.0,14.0,9.0,0,80,1,90
457,191,0.0,2933.0,2.0,7.0,0,20,28,51
458,5,1834.0,3083.0,12.0,4.0,1,365,0,456
458,42,455.0,2894.0,9.0,6.0,1,342,0,383
458,49,438.0,2885.0,12.0,10.0,1,334,0,377
458,52,307.0,2877.0,14.0,8.0,0,334,1,373
458,53,636.0,2962.0,6.0,6.0,0,310,1,373
458,54,106.0,2915.0,12.0,8.0,0,328,1,372
458,56,374.0,2892.0,11.0,7.0,1,325,0,370
458,60,5.0,2935.0,2.0,6.0,0,298,24,360
458,64,11.0,2922.0,11.0,10.0,1,300,0,355
458,65,79.0,3256.0,9.0,6.0,0,297,8,354
458,71,77.0,2915.0,14.0,7.0,1,294,0,350
458,74,492.0,3308.0,7.0,7.0,0,277,3,349
458,77,412.0,2885.0,11.0,9.0,1,293,0,346
458,78,151.0,2909.0,13.0,9.0,1,300,0,346
458,81,0.0,2923.0,6.0,10.0,0,274,3,338
458,84,376.0,2904.0,10.0,8.0,1,293,0,331
458,85,363.0,2890.0,9.0,8.0,1,293,0,330
458,87,124.0,2913.0,9.0,9.0,1,282,0,328
458,91,407.0,3362.0,8.0,5.0,0,234,22,321
458,97,177.0,2911.0,13.0,8.0,1,265,0,303
458,101,0.0,2927.0,11.0,9.0,0,240,4,290
458,144,354.0,2907.0,12.0,9.0,1,158,0,190
458,166,38.0,2927.0,9.0,8.0,1,93,0,116
458,176,190.0,2913.0,11.0,7.0,1,81,0,91
458,191,0.0,2933.0,2.0,7.0,0,20,29,52
459,5,1834.0,3083.0,12.0,4.0,0,365,1,457
459,42,456.0,2891.0,10.0,7.0,1,343,0,384
459,49,438.0,2887.0,8.0,9.0,1,335,0,378
459,52,308.0,2882.0,9.0,9.0,1,335,0,374
459,53,636.0,2962.0,6.0,6.0,0,310,2,374
459,54,101.0,2905.0,12.0,10.0,1,329,0,373
459,56,368.0,2893.0,8.0,8.0,1,326,0,371
459,60,5.0,2935.0,2.0,6.0,0,298,25,361
459,64,2.0,2920.0,11.0,6.0,1,301,0,356
459,65,79.0,3256.0,9.0,6.0,0,297,9,355
459,71,78.0,2907.0,9.0,6.0,1,295,0,351
459,74,492.0,3308.0,7.0,7.0,0,277,4,350
459,77,451.0,2894.0,9.0,7.0,1,294,0,347
459,78,151.0,2909.0,13.0,9.0,0,300,1,347
459,81,0.0,2923.0,6.0,10.0,0,274,4,339
459,84,376.0,2904.0,10.0,8.0,0,293,1,332
459,85,354.0,2890.0,12.0,8.0,1,294,0,331
459,87,124.0,2910.0,9.0,10.0,1,283,0,329
459,91,407.0,3362.0,8.0,5.0,0,234,23,322
459,97,176.0,2909.0,14.0,9.0,1,266,0,304
459,101,0.0,2927.0,11.0,9.0,0,240,5,291
459,144,351.0,2907.0,11.0,10.0,1,159,0,191
459,166,38.0,2927.0,9.0,8.0,0,93,1,117
459,176,185.0,2910.0,12.0,6.0,1,82,0,92
460,5,1838.0,3089.0,13.0,5.0,1,366,0,458
460,42,444.0,2889.0,12.0,7.0,1,344,0,385
460,49,431.0,2893.0,12.0,9.0,1,336,0,379
460,52,308.0,2882.0,9.0,9.0,0,335,1,375
460,53,636.0,2962.0,6.0,6.0,0,310,3,375
460,54,97.0,2907.0,10.0,10.0,1,330,0,374
460,56,370.0,2895.0,10.0,7.0,1,327,0,372
460,60,5.0,2935.0,2.0,6.0,0,298,26,362
460,64,2.0,2920.0,11.0,6.0,0,301,1,357
460,65,79.0,3256.0,9.0,6.0,0,297,10,356
460,71,70.0,2915.0,11.0,9.0,1,296,0,352
460,74,492.0,3308.0,7.0,7.0,0,277,5,351
460,77,439.0,2892.0,10.0,7.0,1,295,0,348
460,78,148.0,2908.0,11.0,9.0,1,301,0,348
460,81,0.0,2923.0,6.0,10.0,0,274,5,340
460,84,376.0,2904.0,10.0,8.0,0,293,2,333
460,85,354.0,2890.0,12.0,8.0,0,294,1,332
460,87,124.0,2910.0,9.0,10.0,0,283,1,330
460,91,407.0,3362.0,8.0,5.0,0,234,24,323
460,97,173.0,2913.0,10.0,8.0,1,267,0,305
460,101,0.0,2927.0,11.0,9.0,0,240,6,292
460,144,346.0,2905.0,12.0,9.0,1,160,0,192
460,166,26.0,2919.0,15.0,10.0,1,94,0,118
460,176,183.0,2913.0,14.0,8.0,1,83,0,93
461,5,1838.0,3090.0,15.0,5.0,1,367,0,459
461,42,439.0,2886.0,8.0,5.0,1,345,0,386
461,49,427.0,2891.0,11.0,4.0,1,337,0,380
461,52,287.0,2871.0,11.0,9.0,1,336,0,376
461,53,636.0,2962.0,6.0,6.0,0,310,4,376
461,54,91.0,2910.0,14.0,9.0,1,331,0,375
461,56,362.0,2900.0,13.0,10.0,1,328,0,373
461,60,5.0,2935.0,2.0,6.0,0,298,27,363
461,64,2.0,2920.0,11.0,6.0,0,301,2,358
461,65,79.0,3256.0,9.0,6.0,0,297,11,357
461,71,74.0,2909.0,9.0,6.0,1,297,0,353
461,74,492.0,3308.0,7.0,7.0,0,277,6,352
461,77,431.0,2882.0,12.0,7.0,1,296,0,349
461,78,141.0,2910.0,14.0,11.0,1,302,0,349
461,81,0.0,2923.0,6.0,10.0,0,274,6,341
461,84,395.0,2893.0,14.0,8.0,1,294,0,334
461,85,351.0,2880.0,13.0,12.0,1,295,0,333
461,87,116.0,2910.0,12.0,9.0,1,284,0,331
461,91,407.0,3362.0,8.0,5.0,0,234,25,324
461,97,162.0,2911.0,10.0,8.0,1,268,0,306
461,101,0.0,2920.0,4.0,6.0,1,241,0,293
461,144,352.0,2894.0,12.0,8.0,1,161,0,193
461,166,26.0,2910.0,14.0,9.0,1,95,0,119
461,176,180.0,2910.0,13.0,8.0,1,84,0,94
462,5,1833.0,3088.0,17.0,5.0,1,368,0,460
462,42,432.0,2892.0,9.0,8.0,1,346,0,387
462,49,426.0,2892.0,9.0,7.0,1,338,0,381
462,52,287.0,2876.0,8.0,7.0,1,337,0,377
462,53,636.0,2962.0,6.0,6.0,0,310,5,377
462,54,91.0,2909.0,13.0,7.0,1,332,0,376
462,56,339.0,2911.0,12.0,8.0,1,329,0,374
462,60,5.0,2935.0,2.0,6.0,0,298,28,364
462,64,2.0,2920.0,11.0,6.0,0,301,3,359
462,65,79.0,3256.0,9.0,6.0,0,297,12,358
462,71,74.0,2909.0,9.0,6.0,0,297,1,354
462,74,492.0,3308.0,7.0,7.0,0,277,7,353
462,77,423.0,2883.0,10.0,9.0,1,297,0,350
462,78,139.0,2907.0,13.0,10.0,1,303,0,350
462,81,0.0,2923.0,6.0,10.0,0,274,7,342
462,84,389.0,2890.0,14.0,9.0,1,295,0,335
462,85,343.0,2891.0,11.0,8.0,1,296,0,334
462,87,106.0,2914.0,10.0,4.0,1,285,0,332
462,91,407.0,3362.0,8.0,5.0,0,234,26,325
462,97,161.0,2914.0,11.0,7.0,1,269,0,307
462,101,0.0,2920.0,4.0,6.0,0,241,1,294
462,144,348.0,2892.0,12.0,8.0,1,162,0,194
462,166,15.0,2917.0,9.0,5.0,1,96,0,120
462,176,172.0,2902.0,15.0,9.0,1,85,0,95
463,5,1840.0,3087.0,16.0,6.0,1,369,0,461
463,42,421.0,2889.0,13.0,5.0,1,347,0,388
463,49,391.0,2895.0,11.0,10.0,1,339,0,382
463,52,276.0,2876.0,12.0,8.0,1,338,0,378
463,53,636.0,2962.0,6.0,6.0,0,310,6,378
463,54,82.0,2908.0,13.0,11.0,1,333,0,377
463,56,338.0,2907.0,14.0,9.0,1,330,0,375
463,60,5.0,2935.0,2.0,6.0,0,298,29,365
463,64,2.0,2920.0,11.0,6.0,0,301,4,360
463,65,79.0,3256.0,9.0,6.0,0,297,13,359
463,71,63.0,2912.0,12.0,8.0,1,298,0,355
463,74,492.0,3308.0,7.0,7.0,0,277,8,354
463,77,421.0,2883.0,14.0,5.0,1,298,0,351
463,78,139.0,2907.0,13.0,10.0,0,303,1,351
463,81,0.0,2923.0,6.0,10.0,0,274,8,343
463,84,355.0,2902.0,12.0,9.0,1,296,0,336
463,85,337.0,2886.0,12.0,10.0,1,297,0,335
463,87,74.0,3141.0,7.0,7.0,1,286,0,333
463,91,407.0,3362.0,8.0,5.0,0,234,27,326
463,97,157.0,2908.0,16.0,9.0,1,270,0,308
463,101,0.0,2920.0,4.0,6.0,0,241,2,295
463,144,349.0,2889.0,11.0,9.0,1,163,0,195
463,166,6.0,2918.0,13.0,9.0,1,97,0,121
463,176,171.0,2911.0,15.0,7.0,1,86,0,96
464,5,1846.0,3083.0,17.0,6.0,1,370,0,462
464,42,413.0,2895.0,11.0,7.0,1,348,0,389
464,49,390.0,2887.0,10.0,11.0,1,340,0,383
464,52,277.0,2880.0,12.0,6.0,1,339,0,379
464,53,636.0,2962.0,6.0,6.0,0,310,7,379
464,54,101.0,2909.0,12.0,7.0,1,334,0,378
464,56,345.0,2901.0,14.0,9.0,1,331,0,376
464,64,2.0,2920.0,11.0,6.0,0,301,5,361
464,65,79.0,3256.0,9.0,6.0,0,297,14,360
464,71,74.0,2913.0,16.0,8.0,1,299,0,356
464,74,492.0,3308.0,7.0,7.0,0,277,9,355
464,77,417.0,2889.0,11.0,6.0,1,299,0,352
464,78,128.0,2916.0,14.0,9.0,1,304,0,352
464,81,0.0,2923.0,6.0,10.0,0,274,9,344
464,84,355.0,2902.0,12.0,9.0,0,296,1,337
464,85,333.0,2886.0,6.0,7.0,1,298,0,336
464,87,74.0,3141.0,7.0,7.0,0,286,1,334
464,91,407.0,3362.0,8.0,5.0,0,234,28,327
464,97,154.0,2913.0,9.0,6.0,1,271,0,309
464,101,7.0,2919.0,12.0,8.0,1,242,0,296
464,144,349.0,2889.0,11.0,9.0,0,163,1,196
464,166,54.0,2902.0,9.0,10.0,1,98,0,122
464,176,166.0,2909.0,12.0,9.0,1,87,0,97
465,5,1846.0,3083.0,17.0,6.0,0,370,1,463
465,42,413.0,2889.0,8.0,5.0,1,349,0,390
465,49,415.0,2881.0,9.0,5.0,1,341,0,384
465,52,263.0,2879.0,14.0,7.0,1,340,0,380
465,53,636.0,2962.0,6.0,6.0,0,310,8,380
465,54,87.0,2909.0,14.0,7.0,1,335,0,379
465,56,340.0,2905.0,14.0,9.0,1,332,0,377
465,64,2.0,2920.0,11.0,6.0,0,301,6,362
465,65,79.0,3256.0,9.0,6.0,0,297,15,361
465,71,76.0,2903.0,15.0,8.0,1,300,0,357
465,74,492.0,3308.0,7.0,7.0,0,277,10,356
465,77,416.0,2881.0,9.0,7.0,1,300,0,353
465,78,128.0,2916.0,14.0,9.0,0,304,1,353
465,81,0.0,2923.0,6.0,10.0,0,274,10,345
465,84,355.0,2902.0,12.0,9.0,0,296,2,338
465,85,329.0,2880.0,10.0,8.0,1,299,0,337
465,87,74.0,3141.0,7.0,7.0,0,286,2,335
465,91,407.0,3362.0,8.0,5.0,0,234,29,328
465,97,143.0,2909.0,11.0,6.0,1,272,0,310
465,101,8.0,2915.0,10.0,9.0,1,243,0,297
465,144,339.0,2887.0,10.0,10.0,1,164,0,197
465,166,54.0,2902.0,9.0,10.0,0,98,1,123
465,176,161.0,2906.0,13.0,8.0,1,88,0,98
466,5,1841.0,3086.0,15.0,5.0,1,371,0,464
466,42,408.0,2885.0,10.0,7.0,1,350,0,391
466,49,403.0,2884.0,8.0,7.0,1,342,0,385
466,52,259.0,2876.0,13.0,8.0,1,341,0,381
466,53,636.0,2962.0,6.0,6.0,0,310,9,381
466,54,88.0,2907.0,11.0,9.0,1,336,0,380
466,56,339.0,2901.0,12.0,6.0,1,333,0,378
466,64,2.0,2920.0,11.0,6.0,0,301,7,363
466,65,79.0,3256.0,9.0,6.0,0,297,16,362
466,71,64.0,2911.0,16.0,8.0,1,301,0,358
466,74,492.0,3308.0,7.0,7.0,0,277,11,357
466,77,405.0,2880.0,10.0,5.0,1,301,0,354
466,78,136.0,2905.0,16.0,6.0,1,305,0,354
466,81,0.0,2923.0,6.0,10.0,0,274,11,346
466,84,369.0,2890.0,11.0,7.0,1,297,0,339
466,85,324.0,2886.0,12.0,7.0,1,300,0,338
466,87,74.0,3141.0,7.0,7.0,0,286,3,336
466,97,156.0,2910.0,13.0,9.0,1,273,0,311
466,101,1.0,2911.0,11.0,6.0,1,244,0,298
466,144,335.0,2890.0,10.0,9.0,1,165,0,198
466,166,54.0,2906.0,12.0,10.0,1,99,0,124
466,176,320.0,2902.0,11.0,11.0,1,89,0,99
467,5,1845.0,3083.0,17.0,6.0,1,372,0,465
467,42,400.0,2882.0,13.0,6.0,1,351,0,392
467,49,396.0,2884.0,11.0,5.0,1,343,0,386
467,52,258.0,2874.0,13.0,5.0,1,342,0,382
467,53,636.0,2962.0,6.0,6.0,0,310,10,382
467,54,77.0,2908.0,14.0,9.0,1,337,0,381
467,56,321.0,2901.0,9.0,12.0,1,334,0,379
467,64,2.0,2920.0,11.0,6.0,0,301,8,364
467,65,79.0,3256.0,9.0,6.0,0,297,17,363
467,71,64.0,2911.0,16.0,8.0,0,301,1,359
467,74,492.0,3308.0,7.0,7.0,0,277,12,358
467,77,533.0,2818.0,11.0,4.0,1,302,0,355
467,78,135.0,2910.0,15.0,8.0,1,306,0,355
467,81,0.0,2923.0,6.0,10.0,0,274,12,347
467,84,340.0,2892.0,14.0,10.0,1,298,0,340
467,85,321.0,2885.0,11.0,6.0,1,301,0,339
467,87,74.0,3141.0,7.0,7.0,0,286,4,337
467,97,152.0,2904.0,14.0,9.0,1,274,0,312
467,101,1.0,2911.0,11.0,6.0,0,244,1,299
467,144,335.0,2883.0,11.0,9.0,1,166,0,199
467,166,54.0,2906.0,12.0,10.0,0,99,1,125
467,176,320.0,2902.0,11.0,11.0,0,89,1,100
468,5,1850.0,3083.0,16.0,6.0,1,373,0,466
468,42,394.0,2893.0,11.0,7.0,1,352,0,393
468,49,393.0,2880.0,13.0,6.0,1,344,0,387
468,52,255.0,2878.0,8.0,9.0,1,343,0,383
468,53,636.0,2962.0,6.0,6.0,0,310,11,383
468,54,109.0,2904.0,13.0,10.0,1,338,0,382
468,56,314.0,2905.0,12.0,9.0,1,335,0,380
468,64,2.0,2920.0,11.0,6.0,0,301,9,365
468,65,79.0,3256.0,9.0,6.0,0,297,18,364
468,71,76.0,2912.0,7.0,5.0,1,302,0,360
468,74,492.0,3308.0,7.0,7.0,0,277,13,359
468,77,533.0,2818.0,11.0,4.0,0,302,1,356
468,78,132.0,2908.0,11.0,7.0,1,307,0,356
468,81,0.0,2923.0,6.0,10.0,0,274,13,348
468,84,368.0,2881.0,11.0,8.0,1,299,0,341
468,85,329.0,2898.0,10.0,8.0,1,302,0,340
468,87,74.0,3141.0,7.0,7.0,0,286,5,338
468,97,150.0,2907.0,13.0,8.0,1,275,0,313
468,101,42.0,2901.0,12.0,10.0,1,245,0,300
468,144,335.0,2886.0,10.0,10.0,1,167,0,200
468,166,49.0,2909.0,13.0,11.0,1,100,0,126
468,176,320.0,2902.0,11.0,11.0,0,89,2,101
469,5,1850.0,3083.0,16.0,6.0,0,373,1,467
469,42,392.0,2886.0,10.0,5.0,1,353,0,394
469,49,385.0,2880.0,12.0,8.0,1,345,0,388
469,52,245.0,2878.0,11.0,10.0,1,344,0,384
469,53,636.0,2962.0,6.0,6.0,0,310,12,384
469,54,101.0,2910.0,17.0,9.0,1,339,0,383
469,56,306.0,2904.0,15.0,8.0,1,336,0,381
469,64,2.0,2920.0,11.0,6.0,0,301,10,366
469,65,79.0,3256.0,9.0,6.0,0,297,19,365
469,71,76.0,2912.0,7.0,5.0,0,302,1,361
469,74,492.0,3308.0,7.0,7.0,0,277,14,360
469,77,533.0,2818.0,11.0,4.0,0,302,2,357
469,78,124.0,2910.0,9.0,5.0,1,308,0,357
469,81,0.0,2923.0,6.0,10.0,0,274,14,349
469,84,356.0,2883.0,12.0,11.0,1,300,0,342
469,85,331.0,2895.0,12.0,8.0,1,303,0,341
469,87,74.0,3141.0,7.0,7.0,0,286,6,339
469,97,137.0,2901.0,15.0,10.0,1,276,0,314
469,101,32.0,2898.0,10.0,9.0,1,246,0,301
469,144,322.0,2883.0,13.0,9.0,1,168,0,201
469,166,55.0,2899.0,10.0,9.0,1,101,0,127
469,176,311.0,2881.0,12.0,9.0,1,90,0,102
470,5,1853.0,3077.0,17.0,5.0,1,374,0,468
470,42,391.0,2887.0,10.0,7.0,1,354,0,395
470,49,386.0,2883.0,9.0,7.0,1,346,0,389
470,52,233.0,2873.0,14.0,6.0,1,345,0,385
470,53,636.0,2962.0,6.0,6.0,0,310,13,385
470,54,96.0,2904.0,11.0,11.0,1,340,0,384
470,56,306.0,2904.0,15.0,8.0,0,336,1,382
470,64,2.0,2920.0,11.0,6.0,0,301,11,367
470,65,79.0,3256.0,9.0,6.0,0,297,20,366
470,71,65.0,2908.0,9.0,7.0,1,303,0,362
470,74,492.0,3308.0,7.0,7.0,0,277,15,361
470,77,533.0,2818.0,11.0,4.0,0,302,3,358
470,78,121.0,2906.0,14.0,6.0,1,309,0,358
470,81,0.0,2923.0,6.0,10.0,0,274,15,350
470,84,380.0,2882.0,7.0,6.0,1,301,0,343
470,85,326.0,2898.0,11.0,8.0,1,304,0,342
470,87,74.0,3141.0,7.0,7.0,0,286,7,340
470,97,137.0,2901.0,15.0,10.0,0,276,1,315
470,101,30.0,2905.0,13.0,9.0,1,247,0,302
470,144,358.0,2885.0,8.0,6.0,1,169,0,202
470,166,47.0,2899.0,13.0,9.0,1,102,0,128
470,176,317.0,2890.0,13.0,8.0,1,91,0,103
471,5,1845.0,3079.0,17.0,5.0,1,375,0,469
471,42,388.0,2892.0,9.0,7.0,1,355,0,396
471,49,376.0,2879.0,10.0,6.0,1,347,0,390
471,52,233.0,2873.0,14.0,6.0,0,345,1,386
471,53,636.0,2962.0,6.0,6.0,0,310,14,386
471,54,93.0,2906.0,11.0,9.0,1,341,0,385
471,56,299.0,2877.0,10.0,6.0,1,337,0,383
471,64,2.0,2920.0,11.0,6.0,0,301,12,368
471,65,79.0,3256.0,9.0,6.0,0,297,21,367
471,71,59.0,2908.0,9.0,7.0,1,304,0,363
471,74,492.0,3308.0,7.0,7.0,0,277,16,362
471,77,533.0,2818.0,11.0,4.0,0,302,4,359
471,78,115.0,2908.0,13.0,6.0,1,310,0,359
471,81,0.0,2923.0,6.0,10.0,0,274,16,351
471,84,380.0,2882.0,7.0,6.0,0,301,1,344
471,85,318.0,2899.0,11.0,6.0,1,305,0,343
471,87,74.0,3141.0,7.0,7.0,0,286,8,341
471,97,137.0,2911.0,13.0,8.0,1,277,0,316
471,101,25.0,2898.0,11.0,10.0,1,248,0,303
471,144,358.0,2885.0,8.0,6.0,0,169,1,203
471,166,43.0,2903.0,11.0,10.0,1,103,0,129
471,176,310.0,2881.0,12.0,8.0,1,92,0,104
472,5,1851.0,3078.0,17.0,5.0,1,376,0,470
472,42,388.0,2892.0,9.0,7.0,0,355,1,397
472,49,376.0,2879.0,10.0,6.0,0,347,1,391
472,52,227.0,2876.0,13.0,9.0,1,346,0,387
472,53,636.0,2962.0,6.0,6.0,0,310,15,387
472,54,91.0,2907.0,13.0,9.0,1,342,0,386
472,56,295.0,2896.0,9.0,7.0,1,338,0,384
472,64,2.0,2920.0,11.0,6.0,0,301,13,369
472,65,79.0,3256.0,9.0,6.0,0,297,22,368
472,71,55.0,2902.0,13.0,7.0,1,305,0,364
472,74,492.0,3308.0,7.0,7.0,0,277,17,363
472,77,533.0,2818.0,11.0,4.0,0,302,5,360
472,78,107.0,2907.0,15.0,6.0,1,311,0,360
472,81,0.0,2923.0,6.0,10.0,0,274,17,352
472,84,363.0,2870.0,11.0,10.0,1,302,0,345
472,85,314.0,2890.0,12.0,7.0,1,306,0,344
472,87,74.0,3141.0,7.0,7.0,0,286,9,342
472,97,128.0,2906.0,12.0,8.0,1,278,0,317
472,101,36.0,2900.0,12.0,12.0,1,249,0,304
472,144,346.0,2883.0,12.0,7.0,1,170,0,204
472,166,43.0,2903.0,11.0,10.0,0,103,1,130
472,176,307.0,2881.0,9.0,9.0,1,93,0,105
473,5,1851.0,3078.0,17.0,5.0,0,376,1,471
473,42,369.0,2882.0,9.0,7.0,1,356,0,398
473,49,357.0,2880.0,10.0,7.0,1,348,0,392
473,52,218.0,2871.0,13.0,9.0,1,347,0,388
473,53,636.0,2962.0,6.0,6.0,0,310,16,388
473,54,88.0,2904.0,12.0,9.0,1,343,0,387
473,56,290.0,2894.0,15.0,9.0,1,339,0,385
473,64,2.0,2920.0,11.0,6.0,0,301,14,370
473,65,79.0,3256.0,9.0,6.0,0,297,23,369
473,71,55.0,2902.0,13.0,7.0,0,305,1,365
473,74,492.0,3308.0,7.0,7.0,0,277,18,364
473,77,533.0,2818.0,11.0,4.0,0,302,6,361
473,78,104.0,2907.0,10.0,6.0,1,312,0,361
473,81,0.0,2923.0,6.0,10.0,0,274,18,353
473,84,292.0,2877.0,6.0,5.0,1,303,0,346
473,85,308.0,2891.0,12.0,8.0,1,307,0,345
473,87,74.0,3141.0,7.0,7.0,0,286,10,343
473,97,126.0,2907.0,12.0,7.0,1,279,0,318
473,101,34.0,2902.0,11.0,8.0,1,250,0,305
473,144,336.0,2881.0,11.0,8.0,1,171,0,205
473,166,43.0,2903.0,11.0,10.0,0,103,2,131
473,176,299.0,2880.0,9.0,9.0,1,94,0,106
474,5,1851.0,3078.0,17.0,5.0,0,376,2,472
474,42,367.0,2880.0,9.0,6.0,1,357,0,399
474,49,362.0,2878.0,11.0,9.0,1,349,0,393
474,52,218.0,2872.0,11.0,8.0,1,348,0,389
474,53,636.0,2962.0,6.0,6.0,0,310,17,389
474,54,74.0,2901.0,14.0,9.0,1,344,0,388
474,56,292.0,2901.0,9.0,6.0,1,340,0,386
474,64,2.0,2920.0,11.0,6.0,0,301,15,371
474,65,79.0,3256.0,9.0,6.0,0,297,24,370
474,71,55.0,2902.0,13.0,7.0,0,305,2,366
474,74,492.0,3308.0,7.0,7.0,0,277,19,365
474,77,533.0,2818.0,11.0,4.0,0,302,7,362
474,78,123.0,2900.0,14.0,9.0,1,313,0,362
474,81,0.0,2923.0,6.0,10.0,0,274,19,354
474,84,358.0,2868.0,12.0,10.0,1,304,0,347
474,85,301.0,2891.0,14.0,7.0,1,308,0,346
474,87,74.0,3141.0,7.0,7.0,0,286,11,344
474,97,285.0,2881.0,12.0,6.0,1,280,0,319
474,101,40.0,2901.0,10.0,7.0,1,251,0,306
474,144,339.0,2878.0,10.0,5.0,1,172,0,206
474,166,5.0,2904.0,11.0,6.0,1,104,0,132
474,176,295.0,2877.0,11.0,9.0,1,95,0,107
475,5,1855.0,3074.0,14.0,10.0,1,377,0,473
475,42,367.0,2880.0,9.0,6.0,0,357,1,400
475,49,362.0,2878.0,11.0,9.0,0,349,1,394
475,52,209.0,2872.0,11.0,7.0,1,349,0,390
475,53,636.0,2962.0,6.0,6.0,0,310,18,390
475,54,74.0,2901.0,18.0,8.0,1,345,0,389
475,56,283.0,2897.0,14.0,9.0,1,341,0,387
475,64,2.0,2920.0,11.0,6.0,0,301,16,372
475,65,79.0,3256.0,9.0,6.0,0,297,25,371
475,71,24.0,2902.0,13.0,11.0,1,306,0,367
475,74,492.0,3308.0,7.0,7.0,0,277,20,366
475,77,533.0,2818.0,11.0,4.0,0,302,8,363
475,78,121.0,2904.0,12.0,7.0,1,314,0,363
475,81,0.0,2923.0,6.0,10.0,0,274,20,355
475,84,358.0,2868.0,12.0,10.0,0,304,1,348
475,85,300.0,2888.0,13.0,8.0,1,309,0,347
475,87,74.0,3141.0,7.0,7.0,0,286,12,345
475,97,285.0,2878.0,10.0,7.0,1,281,0,320
475,101,40.0,2899.0,12.0,6.0,1,252,0,307
475,144,332.0,2877.0,13.0,9.0,1,173,0,207
475,166,7.0,2897.0,10.0,10.0,1,105,0,133
475,176,294.0,2878.0,8.0,8.0,1,96,0,108
476,5,1856.0,3076.0,15.0,7.0,1,378,0,474
476,42,361.0,2886.0,12.0,6.0,1,358,0,401
476,49,362.0,2878.0,11.0,9.0,0,349,2,395
476,52,200.0,2867.0,13.0,9.0,1,350,0,391
476,53,636.0,2962.0,6.0,6.0,0,310,19,391
476,54,74.0,2901.0,18.0,8.0,0,345,1,390
476,56,275.0,2896.0,11.0,8.0,1,342,0,388
476,64,2.0,2920.0,11.0,6.0,0,301,17,373
476,65,79.0,3256.0,9.0,6.0,0,297,26,372
476,71,16.0,2899.0,14.0,12.0,1,307,0,368
476,74,492.0,3308.0,7.0,7.0,0,277,21,367
476,77,533.0,2818.0,11.0,4.0,0,302,9,364
476,78,106.0,2906.0,15.0,9.0,1,315,0,364
476,81,0.0,2923.0,6.0,10.0,0,274,21,356
476,84,335.0,2872.0,13.0,10.0,1,305,0,349
476,85,297.0,2887.0,10.0,7.0,1,310,0,348
476,87,74.0,3141.0,7.0,7.0,0,286,13,346
476,97,278.0,2871.0,8.0,9.0,1,282,0,321
476,101,39.0,2902.0,11.0,8.0,1,253,0,308
476,144,323.0,2877.0,15.0,7.0,1,174,0,208
476,166,7.0,2897.0,10.0,10.0,0,105,1,134
476,176,291.0,2876.0,11.0,7.0,1,97,0,109
477,5,1859.0,3067.0,14.0,10.0,1,379,0,475
477,42,357.0,2882.0,7.0,8.0,1,359,0,402
477,49,341.0,2873.0,11.0,6.0,1,350,0,396
477,52,199.0,2864.0,11.0,11.0,1,351,0,392
477,53,636.0,2962.0,6.0,6.0,0,310,20,392
477,54,64.0,2900.0,11.0,11.0,1,346,0,391
477,56,267.0,2892.0,14.0,10.0,1,343,0,389
477,64,2.0,2920.0,11.0,6.0,0,301,18,374
477,65,79.0,3256.0,9.0,6.0,0,297,27,373
477,71,16.0,2899.0,14.0,12.0,0,307,1,369
477,74,492.0,3308.0,7.0,7.0,0,277,22,368
477,77,533.0,2818.0,11.0,4.0,0,302,10,365
477,78,85.0,2903.0,11.0,9.0,1,316,0,365
477,81,0.0,2923.0,6.0,10.0,0,274,22,357
477,84,337.0,2865.0,12.0,9.0,1,306,0,350
477,85,291.0,2890.0,11.0,10.0,1,311,0,349
477,87,74.0,3141.0,7.0,7.0,0,286,14,347
477,97,276.0,2874.0,9.0,4.0,1,283,0,322
477,101,30.0,2899.0,10.0,6.0,1,254,0,309
477,144,323.0,2874.0,13.0,10.0,1,175,0,209
477,166,1.0,2896.0,8.0,6.0,1,106,0,135
477,176,285.0,2875.0,9.0,6.0,1,98,0,110
478,5,1864.0,3073.0,13.0,8.0,1,380,0,476
478,42,352.0,2874.0,7.0,7.0,1,360,0,403
478,49,335.0,2875.0,7.0,5.0,1,351,0,397
478,52,195.0,2871.0,12.0,7.0,1,352,0,393
478,53,636.0,2962.0,6.0,6.0,0,310,21,393
478,54,82.0,2904.0,12.0,8.0,1,347,0,392
478,56,268.0,2893.0,9.0,7.0,1,344,0,390
478,64,2.0,2920.0,11.0,6.0,0,301,19,375
478,65,79.0,3256.0,9.0,6.0,0,297,28,374
478,71,25.0,2899.0,10.0,6.0,1,308,0,370
478,74,492.0,3308.0,7.0,7.0,0,277,23,369
478,77,533.0,2818.0,11.0,4.0,0,302,11,366
478,78,100.0,2900.0,10.0,11.0,1,317,0,366
478,81,0.0,2923.0,6.0,10.0,0,274,23,358
478,84,332.0,2868.0,12.0,11.0,1,307,0,351
478,85,284.0,2885.0,10.0,7.0,1,312,0,350
478,87,74.0,3141.0,7.0,7.0,0,286,15,348
478,97,279.0,2872.0,9.0,8.0,1,284,0,323
478,101,59.0,2900.0,11.0,8.0,1,255,0,310
478,144,323.0,2874.0,13.0,10.0,0,175,1,210
478,166,1.0,2896.0,8.0,6.0,0,106,1,136
478,176,267.0,2874.0,10.0,5.0,1,99,0,111
479,5,1859.0,3077.0,15.0,10.0,1,381,0,477
479,42,501.0,2983.0,7.0,6.0,1,361,0,404
479,49,337.0,2880.0,10.0,6.0,1,352,0,398
479,52,187.0,2875.0,12.0,9.0,1,353,0,394
479,53,636.0,2962.0,6.0,6.0,0,310,22,394
479,54,74.0,2902.0,12.0,9.0,1,348,0,393
479,56,265.0,2891.0,13.0,9.0,1,345,0,391
479,64,2.0,2920.0,11.0,6.0,0,301,20,376
479,65,79.0,3256.0,9.0,6.0,0,297,29,375
479,71,25.0,2899.0,10.0,6.0,0,308,1,371
479,74,492.0,3308.0,7.0,7.0,0,277,24,370
479,77,533.0,2818.0,11.0,4.0,0,302,12,367
479,78,95.0,2899.0,14.0,9.0,1,318,0,367
479,81,0.0,2923.0,6.0,10.0,0,274,24,359
479,84,327.0,2869.0,15.0,9.0,1,308,0,352
479,85,286.0,2883.0,10.0,7.0,1,313,0,351
479,87,74.0,3141.0,7.0,7.0,0,286,16,349
479,97,279.0,2872.0,9.0,8.0,0,284,1,324
479,101,60.0,2902.0,14.0,8.0,1,256,0,311
479,144,308.0,2884.0,12.0,8.0,1,176,0,211
479,166,1.0,2896.0,8.0,6.0,0,106,2,137
479,176,255.0,2869.0,8.0,7.0,1,100,0,112
480,5,1859.0,3078.0,14.0,9.0,1,382,0,478
480,42,501.0,2983.0,7.0,6.0,0,361,1,405
480,49,339.0,2883.0,10.0,8.0,1,353,0,399
480,52,179.0,2866.0,12.0,9.0,1,354,0,395
480,53,636.0,2962.0,6.0,6.0,0,310,23,395
480,54,74.0,2901.0,9.0,9.0,1,349,0,394
480,56,254.0,2885.0,17.0,10.0,1,346,0,392
480,64,2.0,2920.0,11.0,6.0,0,301,21,377
480,71,16.0,2900.0,13.0,10.0,1,309,0,372
480,74,492.0,3308.0,7.0,7.0,0,277,25,371
480,77,533.0,2818.0,11.0,4.0,0,302,13,368
480,78,95.0,2899.0,14.0,9.0,0,318,1,368
480,81,0.0,2923.0,6.0,10.0,0,274,25,360
480,84,320.0,2872.0,10.0,7.0,1,309,0,353
480,85,280.0,2878.0,9.0,7.0,1,314,0,352
480,87,74.0,3141.0,7.0,7.0,0,286,17,350
480,97,318.0,2872.0,13.0,6.0,1,285,0,325
480,101,49.0,2899.0,11.0,7.0,1,257,0,312
480,144,311.0,2875.0,10.0,8.0,1,177,0,212
480,166,1.0,2896.0,8.0,6.0,0,106,3,138
480,176,258.0,2872.0,11.0,6.0,1,101,0,113
481,5,1862.0,3067.0,14.0,8.0,1,383,0,479
481,42,501.0,2983.0,7.0,6.0,0,361,2,406
481,49,339.0,2883.0,10.0,8.0,0,353,1,400
481,52,179.0,2866.0,12.0,9.0,0,354,1,396
481,53,636.0,2962.0,6.0,6.0,0,310,24,396
481,54,69.0,2905.0,12.0,7.0,1,350,0,395
481,56,254.0,2885.0,17.0,10.0,0,346,1,393
481,64,2.0,2920.0,11.0,6.0,0,301,22,378
481,71,18.0,2899.0,9.0,5.0,1,310,0,373
481,74,492.0,3308.0,7.0,7.0,0,277,26,372
481,77,533.0,2818.0,11.0,4.0,0,302,14,369
481,78,85.0,2904.0,15.0,9.0,1,319,0,369
481,81,0.0,2923.0,6.0,10.0,0,274,26,361
481,84,315.0,2868.0,9.0,7.0,1,310,0,354
481,85,267.0,2871.0,8.0,8.0,1,315,0,353
481,87,74.0,3141.0,7.0,7.0,0,286,18,351
481,97,318.0,2872.0,13.0,6.0,0,285,1,326
481,101,50.0,2902.0,10.0,7.0,1,258,0,313
481,144,308.0,2868.0,12.0,9.0,1,178,0,213
481,166,3.0,2894.0,7.0,10.0,1,107,0,139
481,176,258.0,2872.0,11.0,6.0,0,101,1,114
482,5,1863.0,3071.0,13.0,12.0,1,384,0,480
482,42,501.0,2983.0,7.0,6.0,0,361,3,407
482,49,334.0,2878.0,11.0,4.0,1,354,0,401
482,52,173.0,2865.0,13.0,7.0,1,355,0,397
482,53,636.0,2962.0,6.0,6.0,0,310,25,397
482,54,66.0,2906.0,12.0,7.0,1,351,0,396
482,56,244.0,2890.0,12.0,8.0,1,347,0,394
482,64,2.0,2920.0,11.0,6.0,0,301,23,379
482,71,6.0,2896.0,11.0,9.0,1,311,0,374
482,74,492.0,3308.0,7.0,7.0,0,277,27,373
482,77,533.0,2818.0,11.0,4.0,0,302,15,370
482,78,83.0,2901.0,14.0,9.0,1,320,0,370
482,81,0.0,2923.0,6.0,10.0,0,274,27,362
482,84,306.0,2867.0,12.0,8.0,1,311,0,355
482,85,257.0,2878.0,12.0,8.0,1,316,0,354
482,87,74.0,3141.0,7.0,7.0,0,286,19,352
482,97,318.0,2872.0,13.0,6.0,0,285,2,327
482,101,43.0,2900.0,10.0,6.0,1,259,0,314
482,144,304.0,2866.0,9.0,8.0,1,179,0,214
482,166,3.0,2894.0,7.0,10.0,0,107,1,140
482,176,243.0,2870.0,11.0,7.0,1,102,0,115
483,5,1859.0,3074.0,18.0,5.0,1,385,0,481
483,42,501.0,2983.0,7.0,6.0,0,361,4,408
483,49,325.0,2877.0,10.0,6.0,1,355,0,402
483,52,167.0,2870.0,13.0,8.0,1,356,0,398
483,53,636.0,2962.0,6.0,6.0,0,310,26,398
483,54,68.0,2896.0,11.0,6.0,1,352,0,397
483,56,243.0,2884.0,10.0,8.0,1,348,0,395
483,64,2.0,2920.0,11.0,6.0,0,301,24,380
483,71,0.0,2897.0,9.0,8.0,1,312,0,375
483,74,492.0,3308.0,7.0,7.0,0,277,28,374
483,77,533.0,2818.0,11.0,4.0,0,302,16,371
483,78,76.0,2902.0,15.0,7.0,1,321,0,371
483,81,0.0,2923.0,6.0,10.0,0,274,28,363
483,84,299.0,2873.0,10.0,4.0,1,312,0,356
483,85,262.0,2880.0,13.0,8.0,1,317,0,355
483,87,74.0,3141.0,7.0,7.0,0,286,20,353
483,97,304.0,2872.0,8.0,7.0,1,286,0,328
483,101,37.0,2898.0,14.0,8.0,1,260,0,315
483,144,291.0,2867.0,8.0,9.0,1,180,0,215
483,166,3.0,2894.0,7.0,10.0,0,107,2,141
483,176,248.0,2864.0,8.0,11.0,1,103,0,116
484,5,1859.0,3076.0,13.0,9.0,1,386,0,482
484,42,501.0,2983.0,7.0,6.0,0,361,5,409
484,49,315.0,2880.0,12.0,4.0,1,356,0,403
484,52,167.0,2870.0,13.0,8.0,0,356,1,399
484,53,636.0,2962.0,6.0,6.0,0,310,27,399
484,54,56.0,2898.0,10.0,9.0,1,353,0,398
484,56,240.0,2886.0,15.0,7.0,1,349,0,396
484,64,2.0,2920.0,11.0,6.0,0,301,25,381
484,71,5.0,2897.0,7.0,9.0,1,313,0,376
484,74,492.0,3308.0,7.0,7.0,0,277,29,375
484,77,533.0,2818.0,11.0,4.0,0,302,17,372
484,78,70.0,2895.0,16.0,10.0,1,322,0,372
484,81,0.0,2923.0,6.0,10.0,0,274,29,364
484,84,290.0,2875.0,9.0,9.0,1,313,0,357
484,85,249.0,2870.0,11.0,7.0,1,318,0,356
484,87,74.0,3141.0,7.0,7.0,0,286,21,354
484,97,304.0,2872.0,8.0,7.0,0,286,1,329
484,101,34.0,2898.0,13.0,9.0,1,261,0,316
484,144,261.0,2882.0,12.0,8.0,1,181,0,216
484,166,3.0,2894.0,7.0,10.0,0,107,3,142
484,176,236.0,2871.0,10.0,4.0,1,104,0,117
485,5,1874.0,3068.0,10.0,9.0,1,387,0,483
485,42,501.0,2983.0,7.0,6.0,0,361,6,410
485,49,292.0,2875.0,7.0,4.0,1,357,0,404
485,52,234.0,2875.0,14.0,6.0,1,357,0,400
485,53,636.0,2962.0,6.0,6.0,0,310,28,400
485,54,53.0,2894.0,11.0,7.0,1,354,0,399
485,56,238.0,2888.0,14.0,9.0,1,350,0,397
485,64,2.0,2920.0,11.0,6.0,0,301,26,382
485,71,5.0,2897.0,7.0,9.0,0,313,1,377
485,77,533.0,2818.0,11.0,4.0,0,302,18,373
485,78,69.0,2897.0,13.0,7.0,1,323,0,373
485,84,289.0,2874.0,9.0,5.0,1,314,0,358
485,85,250.0,2877.0,11.0,8.0,1,319,0,357
485,87,74.0,3141.0,7.0,7.0,0,286,22,355
485,97,320.0,2869.0,10.0,6.0,1,287,0,330
485,101,30.0,2895.0,13.0,9.0,1,262,0,317
485,144,284.0,2874.0,10.0,7.0,1,182,0,217
485,166,3.0,2894.0,7.0,10.0,0,107,4,143
485,176,244.0,2877.0,9.0,7.0,1,105,0,118
486,5,1865.0,3065.0,11.0,10.0,1,388,0,484
486,42,501.0,2983.0,7.0,6.0,0,361,7,411
486,49,290.0,2865.0,10.0,5.0,1,358,0,405
486,52,147.0,2870.0,12.0,6.0,1,358,0,401
486,53,636.0,2962.0,6.0,6.0,0,310,29,401
486,54,41.0,2899.0,12.0,6.0,1,355,0,400
486,56,226.0,2883.0,17.0,7.0,1,351,0,398
486,64,2.0,2920.0,11.0,6.0,0,301,27,383
486,71,5.0,2897.0,7.0,9.0,0,313,2,378
486,77,533.0,2818.0,11.0,4.0,0,302,19,374
486,78,59.0,2891.0,15.0,6.0,1,324,0,374
486,84,286.0,2870.0,10.0,6.0,1,315,0,359
486,85,246.0,2877.0,11.0,8.0,1,320,0,358
486,87,74.0,3141.0,7.0,7.0,0,286,23,356
486,97,310.0,2875.0,11.0,4.0,1,288,0,331
486,101,20.0,2897.0,12.0,9.0,1,263,0,318
486,144,285.0,2864.0,9.0,7.0,1,183,0,218
486,166,3.0,2894.0,7.0,10.0,0,107,5,144
486,176,226.0,2869.0,13.0,7.0,1,106,0,119
487,5,1865.0,3065.0,11.0,10.0,0,388,1,485
487,42,501.0,2983.0,7.0,6.0,0,361,8,412
487,49,288.0,2867.0,5.0,8.0,1,359,0,406
487,52,147.0,2866.0,14.0,6.0,1,359,0,402
487,54,39.0,2894.0,9.0,6.0,1,356,0,401
487,56,225.0,2882.0,12.0,7.0,1,352,0,399
487,64,2.0,2920.0,11.0,6.0,0,301,28,384
487,71,5.0,2897.0,7.0,9.0,0,313,3,379
487,77,533.0,2818.0,11.0,4.0,0,302,20,375
487,78,58.0,2900.0,14.0,9.0,1,325,0,375
487,84,245.0,2871.0,10.0,5.0,1,316,0,360
487,85,234.0,2865.0,13.0,10.0,1,321,0,359
487,87,74.0,3141.0,7.0,7.0,0,286,24,357
487,97,307.0,2870.0,13.0,7.0,1,289,0,332
487,101,18.0,2894.0,12.0,8.0,1,264,0,319
487,144,278.0,2861.0,10.0,7.0,1,184,0,219
487,166,3.0,2894.0,7.0,10.0,0,107,6,145
487,176,226.0,2866.0,7.0,7.0,1,107,0,120
488,5,1858.0,3063.0,18.0,9.0,1,389,0,486
488,42,501.0,2983.0,7.0,6.0,0,361,9,413
488,49,277.0,2864.0,7.0,9.0,1,360,0,407
488,52,141.0,2864.0,9.0,10.0,1,360,0,403
488,54,39.0,2894.0,9.0,6.0,0,356,1,402
488,56,216.0,2872.0,10.0,5.0,1,353,0,400
488,64,2.0,2920.0,11.0,6.0,0,301,29,385
488,71,5.0,2897.0,7.0,9.0,0,313,4,380
488,77,533.0,2818.0,11.0,4.0,0,302,21,376
488,78,50.0,2900.0,13.0,9.0,1,326,0,376
488,84,245.0,2871.0,10.0,5.0,0,316,1,361
488,85,233.0,2873.0,13.0,8.0,1,322,0,360
488,87,74.0,3141.0,7.0,7.0,0,286,25,358
488,97,299.0,2877.0,13.0,6.0,1,290,0,333
488,101,15.0,2893.0,11.0,9.0,1,265,0,320
488,144,268.0,2866.0,8.0,7.0,1,185,0,220
488,166,3.0,2894.0,7.0,10.0,0,107,7,146
488,176,226.0,2862.0,11.0,9.0,1,108,0,121
489,5,1858.0,3063.0,18.0,9.0,0,389,1,487
489,42,501.0,2983.0,7.0,6.0,0,361,10,414
489,49,266.0,2865.0,8.0,8.0,1,361,0,408
489,52,141.0,2864.0,9.0,10.0,0,360,1,404
489,54,29.0,2898.0,9.0,8.0,1,357,0,403
489,56,220.0,2878.0,12.0,6.0,1,354,0,401
489,71,5.0,2897.0,7.0,9.0,0,313,5,381
489,77,533.0,2818.0,11.0,4.0,0,302,22,377
489,78,46.0,2894.0,14.0,9.0,1,327,0,377
489,84,233.0,2872.0,12.0,7.0,1,317,0,362
489,85,229.0,2866.0,10.0,9.0,1,323,0,361
489,87,74.0,3141.0,7.0,7.0,0,286,26,359
489,97,298.0,2867.0,10.0,7.0,1,291,0,334
489,101,3.0,2891.0,14.0,9.0,1,266,0,321
489,144,262.0,2869.0,8.0,5.0,1,186,0,221
489,166,3.0,2894.0,7.0,10.0,0,107,8,147
489,176,226.0,2862.0,11.0,9.0,0,108,1,122
490,5,1871.0,3065.0,10.0,8.0,1,390,0,488
490,42,501.0,2983.0,7.0,6.0,0,361,11,415
490,49,265.0,2859.0,7.0,8.0,1,362,0,409
490,52,141.0,2864.0,9.0,10.0,0,360,2,405
490,54,26.0,2891.0,12.0,7.0,1,358,0,404
490,56,214.0,2882.0,9.0,8.0,1,355,0,402
490,71,5.0,2897.0,7.0,9.0,0,313,6,382
490,77,533.0,2818.0,11.0,4.0,0,302,23,378
490,78,46.0,2894.0,14.0,9.0,0,327,1,378
490,84,233.0,2870.0,9.0,9.0,1,318,0,363
490,85,216.0,2870.0,12.0,9.0,1,324,0,362
490,87,74.0,3141.0,7.0,7.0,0,286,27,360
490,97,293.0,2865.0,10.0,7.0,1,292,0,335
490,101,0.0,2893.0,14.0,9.0,1,267,0,322
490,144,271.0,2860.0,7.0,8.0,1,187,0,222
490,166,3.0,2894.0,7.0,10.0,0,107,9,148
490,176,203.0,2860.0,8.0,7.0,1,109,0,123
491,5,1868.0,3064.0,14.0,13.0,1,391,0,489
491,42,501.0,2983.0,7.0,6.0,0,361,12,416
491,49,258.0,2866.0,9.0,7.0,1,363,0,410
491,52,123.0,2864.0,12.0,10.0,1,361,0,406
491,54,26.0,2891.0,12.0,7.0,0,358,1,405
491,56,209.0,2879.0,9.0,8.0,1,356,0,403
491,71,5.0,2897.0,7.0,9.0,0,313,7,383
491,77,533.0,2818.0,11.0,4.0,0,302,24,379
491,78,38.0,2890.0,14.0,9.0,1,328,0,379
491,84,233.0,2870.0,9.0,9.0,0,318,1,364
491,85,216.0,2870.0,12.0,9.0,0,324,1,363
491,87,74.0,3141.0,7.0,7.0,0,286,28,361
491,97,266.0,2859.0,6.0,7.0,1,293,0,336
491,101,0.0,2893.0,14.0,9.0,0,267,1,323
491,144,259.0,2861.0,8.0,5.0,1,188,0,223
491,166,3.0,2894.0,7.0,10.0,0,107,10,149
491,176,200.0,2864.0,10.0,9.0,1,110,0,124
492,5,1870.0,3064.0,9.0,8.0,1,392,0,490
492,42,501.0,2983.0,7.0,6.0,0,361,13,417
492,49,258.0,2866.0,9.0,7.0,0,363,1,411
492,52,118.0,2862.0,9.0,7.0,1,362,0,407
492,54,12.0,2896.0,12.0,8.0,1,359,0,406
492,56,200.0,2883.0,11.0,8.0,1,357,0,404
492,71,5.0,2897.0,7.0,9.0,0,313,8,384
492,77,533.0,2818.0,11.0,4.0,0,302,25,380
492,78,27.0,2888.0,13.0,10.0,1,329,0,380
492,84,217.0,2871.0,14.0,11.0,1,319,0,365
492,85,216.0,2870.0,12.0,9.0,0,324,2,364
492,87,74.0,3141.0,7.0,7.0,0,286,29,362
492,97,282.0,2860.0,12.0,8.0,1,294,0,337
492,101,0.0,2890.0,4.0,10.0,1,268,0,324
492,144,256.0,2861.0,10.0,7.0,1,189,0,224
492,166,3.0,2894.0,7.0,10.0,0,107,11,150
492,176,199.0,2866.0,9.0,5.0,1,111,0,125
493,5,1872.0,3057.0,14.0,10.0,1,393,0,491
493,42,501.0,2983.0,7.0,6.0,0,361,14,418
493,49,252.0,2864.0,9.0,6.0,1,364,0,412
493,52,118.0,2862.0,9.0,7.0,0,362,1,408
493,54,13.0,2891.0,11.0,8.0,1,360,0,407
493,56,195.0,2880.0,13.0,8.0,1,358,0,405
493,71,5.0,2897.0,7.0,9.0,0,313,9,385
493,77,533.0,2818.0,11.0,4.0,0,302,26,381
493,78,27.0,2888.0,13.0,10.0,0,329,1,381
493,84,212.0,2872.0,12.0,12.0,1,320,0,366
493,85,210.0,2868.0,10.0,9.0,1,325,0,365
493,97,276.0,2859.0,12.0,7.0,1,295,0,338
493,101,0.0,2890.0,4.0,10.0,0,268,1,325
493,144,255.0,2865.0,8.0,6.0,1,190,0,225
493,166,3.0,2894.0,7.0,10.0,0,107,12,151
493,176,190.0,2861.0,11.0,7.0,1,112,0,126
494,5,1871.0,3054.0,11.0,7.0,1,394,0,492
494,42,501.0,2983.0,7.0,6.0,0,361,15,419
494,49,252.0,2864.0,9.0,6.0,0,364,1,413
494,52,105.0,2862.0,12.0,6.0,1,363,0,409
494,54,13.0,2891.0,11.0,8.0,0,360,1,408
494,56,197.0,2872.0,11.0,6.0,1,359,0,406
494,71,5.0,2897.0,7.0,9.0,0,313,10,386
494,77,533.0,2818.0,11.0,4.0,0,302,27,382
494,78,30.0,2885.0,12.0,9.0,1,330,0,382
494,84,198.0,2865.0,14.0,9.0,1,321,0,367
494,85,214.0,2865.0,9.0,8.0,1,326,0,366
494,97,276.0,2859.0,12.0,7.0,0,295,1,339
494,101,0.0,2890.0,4.0,10.0,0,268,2,326
494,144,255.0,2865.0,8.0,6.0,0,190,1,226
494,166,3.0,2894.0,7.0,10.0,0,107,13,152
494,176,187.0,2860.0,9.0,8.0,1,113,0,127
495,5,1876.0,3051.0,10.0,9.0,1,395,0,493
495,42,501.0,2983.0,7.0,6.0,0,361,16,420
495,49,235.0,2857.0,9.0,6.0,1,365,0,414
495,52,106.0,2860.0,10.0,8.0,1,364,0,410
495,54,2.0,2893.0,10.0,4.0,1,361,0,409
495,56,192.0,2875.0,13.0,8.0,1,360,0,407
495,71,5.0,2897.0,7.0,9.0,0,313,11,387
495,77,533.0,2818.0,11.0,4.0,0,302,28,383
495,78,15.0,2894.0,15.0,7.0,1,331,0,383
495,84,207.0,2869.0,9.0,6.0,1,322,0,368
495,85,233.0,2864.0,8.0,8.0,1,327,0,367
495,97,265.0,2861.0,13.0,9.0,1,296,0,340
495,101,0.0,2890.0,4.0,10.0,0,268,3,327
495,144,241.0,2858.0,9.0,7.0,1,191,0,227
495,166,3.0,2894.0,7.0,10.0,0,107,14,153
495,176,179.0,2863.0,12.0,7.0,1,114,0,128
496,5,1871.0,3051.0,17.0,9.0,1,396,0,494
496,42,501.0,2983.0,7.0,6.0,0,361,17,421
496,49,236.0,2860.0,7.0,9.0,1,366,0,415
496,52,106.0,2860.0,10.0,8.0,0,364,1,411
496,54,3.0,2889.0,7.0,6.0,1,362,0,410
496,56,191.0,2860.0,12.0,7.0,1,361,0,408
496,71,5.0,2897.0,7.0,9.0,0,313,12,388
496,77,533.0,2818.0,11.0,4.0,0,302,29,384
496,78,15.0,2894.0,15.0,7.0,0,331,1,384
496,84,202.0,2869.0,14.0,10.0,1,323,0,369
496,85,229.0,2864.0,9.0,6.0,1,328,0,368
496,97,264.0,2862.0,9.0,7.0,1,297,0,341
496,101,0.0,2890.0,4.0,10.0,0,268,4,328
496,144,238.0,2863.0,10.0,6.0,1,192,0,228
496,166,3.0,2894.0,7.0,10.0,0,107,15,154
496,176,173.0,2856.0,12.0,8.0,1,115,0,129
497,5,1866.0,3051.0,12.0,8.0,1,397,0,495
497,42,501.0,2983.0,7.0,6.0,0,361,18,422
497,49,241.0,2860.0,8.0,6.0,1,367,0,416
497,52,82.0,2853.0,14.0,10.0,1,365,0,412
497,54,0.0,2885.0,3.0,6.0,1,363,0,411
497,56,177.0,2854.0,13.0,9.0,1,362,0,409
497,71,5.0,2897.0,7.0,9.0,0,313,13,389
497,78,8.0,2886.0,10.0,8.0,1,332,0,385
497,84,177.0,2877.0,12.0,7.0,1,324,0,370
497,85,192.0,2859.0,13.0,6.0,1,329,0,369
497,97,255.0,2863.0,9.0,8.0,1,298,0,342
497,101,0.0,2890.0,4.0,10.0,0,268,5,329
497,144,234.0,2861.0,11.0,7.0,1,193,0,229
497,166,3.0,2894.0,7.0,10.0,0,107,16,155
497,176,170.0,2863.0,11.0,8.0,1,116,0,130
498,5,1871.0,3050.0,12.0,8.0,1,398,0,496
498,42,501.0,2983.0,7.0,6.0,0,361,19,423
498,49,217.0,2854.0,10.0,6.0,1,368,0,417
498,52,77.0,2860.0,12.0,6.0,1,366,0,413
498,54,0.0,2885.0,3.0,6.0,0,363,1,412
498,56,178.0,2861.0,11.0,10.0,1,363,0,410
498,71,5.0,2897.0,7.0,9.0,0,313,14,390
498,78,5.0,2887.0,10.0,8.0,1,333,0,386
498,84,181.0,2876.0,8.0,5.0,1,325,0,371
498,85,191.0,2865.0,10.0,7.0,1,330,0,370
498,97,250.0,2856.0,12.0,6.0,1,299,0,343
498,101,0.0,2890.0,4.0,10.0,0,268,6,330
498,144,232.0,2859.0,8.0,7.0,1,194,0,230
498,166,3.0,2894.0,7.0,10.0,0,107,17,156
498,176,169.0,2856.0,9.0,9.0,1,117,0,131
499,5,1869.0,3045.0,14.0,11.0,1,399,0,497
499,42,501.0,2983.0,7.0,6.0,0,361,20,424
499,49,211.0,2856.0,10.0,7.0,1,369,0,418
499,52,76.0,2858.0,14.0,9.0,1,367,0,414
499,54,0.0,2885.0,3.0,6.0,0,363,2,413
499,56,175.0,2856.0,13.0,8.0,1,364,0,411
499,71,5.0,2897.0,7.0,9.0,0,313,15,391
499,78,5.0,2887.0,10.0,8.0,0,333,1,387
499,84,174.0,2864.0,11.0,8.0,1,326,0,372
499,85,191.0,2865.0,10.0,7.0,0,330,1,371
499,97,250.0,2856.0,12.0,6.0,0,299,1,344
499,101,0.0,2890.0,4.0,10.0,0,268,7,331
499,144,222.0,2853.0,11.0,7.0,1,195,0,231
499,166,3.0,2894.0,7.0,10.0,0,107,18,157
499,176,169.0,2856.0,9.0,9.0,0,117,1,132
500,5,1873.0,3040.0,12.0,10.0,1,400,0,498
500,42,501.0,2983.0,7.0,6.0,0,361,21,425
500,49,211.0,2856.0,10.0,7.0,0,369,1,419
500,52,70.0,2852.0,13.0,8.0,1,368,0,415
500,54,0.0,2885.0,3.0,6.0,0,363,3,414
500,56,171.0,2860.0,11.0,9.0,1,365,0,412
500,71,5.0,2897.0,7.0,9.0,0,313,16,392
500,78,0.0,2884.0,9.0,7.0,1,334,0,388
500,84,172.0,2873.0,7.0,7.0,1,327,0,373
500,85,179.0,2871.0,13.0,8.0,1,331,0,372
500,97,247.0,2861.0,13.0,7.0,1,300,0,345
500,101,0.0,2890.0,4.0,10.0,0,268,8,332
500,144,213.0,2856.0,8.0,7.0,1,196,0,232
500,166,3.0,2894.0,7.0,10.0,0,107,19,158
500,176,156.0,2860.0,10.0,8.0,1,118,0,133
501,5,1873.0,3040.0,12.0,10.0,0,400,1,499
501,42,501.0,2983.0,7.0,6.0,0,361,22,426
501,49,199.0,2853.0,9.0,6.0,1,370,0,420
501,52,72.0,2860.0,13.0,8.0,1,369,0,416
501,54,0.0,2885.0,3.0,6.0,0,363,4,415
501,56,171.0,2860.0,11.0,9.0,0,365,1,413
501,71,5.0,2897.0,7.0,9.0,0,313,17,393
501,78,0.0,2884.0,9.0,7.0,0,334,1,389
501,84,164.0,2868.0,14.0,8.0,1,328,0,374
501,85,209.0,2857.0,12.0,8.0,1,332,0,373
501,97,242.0,2853.0,11.0,9.0,1,301,0,346
501,101,0.0,2890.0,4.0,10.0,0,268,9,333
501,144,211.0,2857.0,9.0,6.0,1,197,0,233
501,166,3.0,2894.0,7.0,10.0,0,107,20,159
501,176,156.0,2860.0,10.0,8.0,0,118,1,134
502,5,1869.0,3047.0,13.0,9.0,1,401,0,500
502,42,501.0,2983.0,7.0,6.0,0,361,23,427
502,49,188.0,2854.0,10.0,7.0,1,371,0,421
502,52,139.0,2853.0,10.0,8.0,1,370,0,417
502,54,0.0,2885.0,3.0,6.0,0,363,5,416
502,56,159.0,2856.0,14.0,8.0,1,366,0,414
502,71,5.0,2897.0,7.0,9.0,0,313,18,394
502,78,60.0,2856.0,13.0,8.0,1,335,0,390
502,84,174.0,2863.0,9.0,5.0,1,329,0,375
502,85,210.0,2861.0,8.0,8.0,1,333,0,374
502,97,232.0,2855.0,11.0,8.0,1,302,0,347
502,101,0.0,2890.0,4.0,10.0,0,268,10,334
502,144,208.0,2856.0,11.0,9.0,1,198,0,234
502,166,3.0,2894.0,7.0,10.0,0,107,21,160
502,176,160.0,2861.0,12.0,6.0,1,119,0,135
503,5,1870.0,3041.0,10.0,8.0,1,402,0,501
503,42,501.0,2983.0,7.0,6.0,0,361,24,428
503,49,185.0,2856.0,10.0,6.0,1,372,0,422
503,52,139.0,2853.0,10.0,8.0,0,370,1,418
503,54,0.0,2885.0,3.0,6.0,0,363,6,417
503,56,138.0,2856.0,10.0,5.0,1,367,0,415
503,71,5.0,2897.0,7.0,9.0,0,313,19,395
503,78,56.0,2860.0,15.0,8.0,1,336,0,391
503,84,160.0,2864.0,14.0,5.0,1,330,0,376
503,85,203.0,2858.0,8.0,7.0,1,334,0,375
503,97,226.0,2855.0,15.0,7.0,1,303,0,348
503,101,0.0,2890.0,4.0,10.0,0,268,11,335
503,144,198.0,2850.0,10.0,7.0,1,199,0,235
503,166,3.0,2894.0,7.0,10.0,0,107,22,161
503,176,158.0,2866.0,10.0,5.0,1,120,0,136
504,5,1870.0,3039.0,13.0,6.0,1,403,0,502
504,42,501.0,2983.0,7.0,6.0,0,361,25,429
504,49,177.0,2849.0,13.0,7.0,1,373,0,423
504,52,139.0,2853.0,10.0,8.0,0,370,2,419
504,54,0.0,2885.0,3.0,6.0,0,363,7,418
504,56,134.0,2856.0,10.0,9.0,1,368,0,416
504,71,5.0,2897.0,7.0,9.0,0,313,20,396
504,78,57.0,2853.0,13.0,8.0,1,337,0,392
504,84,158.0,2866.0,13.0,7.0,1,331,0,377
504,85,197.0,2857.0,7.0,6.0,1,335,0,376
504,97,218.0,2855.0,14.0,9.0,1,304,0,349
504,101,0.0,2890.0,4.0,10.0,0,268,12,336
504,144,191.0,2858.0,9.0,7.0,1,200,0,236
504,166,3.0,2894.0,7.0,10.0,0,107,23,162
504,176,154.0,2856.0,10.0,7.0,1,121,0,137
505,5,1873.0,3034.0,10.0,11.0,1,404,0,503
505,42,501.0,2983.0,7.0,6.0,0,361,26,430
505,49,177.0,2849.0,13.0,7.0,0,373,1,424
505,52,139.0,2853.0,10.0,8.0,0,370,3,420
505,54,0.0,2885.0,3.0,6.0,0,363,8,419
505,56,129.0,2851.0,10.0,9.0,1,369,0,417
505,71,5.0,2897.0,7.0,9.0,0,313,21,397
505,78,48.0,2860.0,12.0,8.0,1,338,0,393
505,84,158.0,2866.0,13.0,7.0,0,331,1,378
505,85,197.0,2857.0,7.0,6.0,0,335,1,377
505,97,221.0,2852.0,14.0,9.0,1,305,0,350
505,101,0.0,2890.0,4.0,10.0,0,268,13,337
505,144,190.0,2858.0,10.0,5.0,1,201,0,237
505,166,3.0,2894.0,7.0,10.0,0,107,24,163
505,176,143.0,2858.0,11.0,9.0,1,122,0,138
506,5,1868.0,3038.0,16.0,7.0,1,405,0,504
506,42,501.0,2983.0,7.0,6.0,0,361,27,431
506,49,161.0,2846.0,12.0,7.0,1,374,0,425
506,52,118.0,2850.0,9.0,9.0,1,371,0,421
506,54,0.0,2885.0,3.0,6.0,0,363,9,420
506,56,140.0,2853.0,11.0,8.0,1,370,0,418
506,71,5.0,2897.0,7.0,9.0,0,313,22,398
506,78,39.0,2851.0,11.0,6.0,1,339,0,394
506,84,155.0,2865.0,9.0,5.0,1,332,0,379
506,85,187.0,2854.0,10.0,8.0,1,336,0,378
506,97,221.0,2852.0,14.0,9.0,0,305,1,351
506,101,0.0,2890.0,4.0,10.0,0,268,14,338
506,144,184.0,2855.0,8.0,7.0,1,202,0,238
506,166,3.0,2894.0,7.0,10.0,0,107,25,164
506,176,141.0,2866.0,11.0,8.0,1,123,0,139
507,5,1865.0,3033.0,13.0,10.0,1,406,0,505
507,42,501.0,2983.0,7.0,6.0,0,361,28,432
507,49,163.0,2848.0,10.0,7.0,1,375,0,426
507,52,116.0,2854.0,12.0,8.0,1,372,0,422
507,54,0.0,2885.0,3.0,6.0,0,363,10,421
507,56,129.0,2853.0,13.0,9.0,1,371,0,419
507,71,5.0,2897.0,7.0,9.0,0,313,23,399
507,78,39.0,2851.0,11.0,6.0,0,339,1,395
507,84,144.0,2868.0,9.0,5.0,1,333,0,380
507,85,174.0,2852.0,10.0,8.0,1,337,0,379
507,97,208.0,2852.0,12.0,7.0,1,306,0,352
507,101,0.0,2890.0,4.0,10.0,0,268,15,339
507,144,179.0,2854.0,9.0,7.0,1,203,0,239
507,166,3.0,2894.0,7.0,10.0,0,107,26,165
507,176,138.0,2860.0,6.0,6.0,1,124,0,140
508,5,1871.0,3032.0,8.0,8.0,1,407,0,506
508,42,501.0,2983.0,7.0,6.0,0,361,29,433
508,49,159.0,2848.0,11.0,7.0,1,376,0,427
508,52,109.0,2854.0,12.0,10.0,1,373,0,423
508,54,0.0,2885.0,3.0,6.0,0,363,11,422
508,56,129.0,2853.0,13.0,9.0,0,371,1,420
508,71,5.0,2897.0,7.0,9.0,0,313,24,400
508,78,35.0,2850.0,10.0,8.0,1,340,0,396
508,84,133.0,2863.0,10.0,6.0,1,334,0,381
508,85,167.0,2854.0,14.0,9.0,1,338,0,380
508,97,204.0,2854.0,13.0,8.0,1,307,0,353
508,101,0.0,2890.0,4.0,10.0,0,268,16,340
508,144,172.0,2855.0,11.0,8.0,1,204,0,240
508,166,3.0,2894.0,7.0,10.0,0,107,27,166
508,176,135.0,2860.0,11.0,7.0,1,125,0,141
509,5,1873.0,3032.0,9.0,9.0,1,408,0,507
509,49,151.0,2849.0,11.0,9.0,1,377,0,428
509,52,106.0,2847.0,9.0,11.0,1,374,0,424
509,54,0.0,2885.0,3.0,6.0,0,363,12,423
509,56,120.0,2849.0,12.0,10.0,1,372,0,421
509,71,5.0,2897.0,7.0,9.0,0,313,25,401
509,78,24.0,2850.0,13.0,9.0,1,341,0,397
509,84,131.0,2864.0,11.0,9.0,1,335,0,382
509,85,167.0,2853.0,11.0,9.0,1,339,0,381
509,97,192.0,2848.0,10.0,8.0,1,308,0,354
509,101,0.0,2890.0,4.0,10.0,0,268,17,341
509,144,172.0,2855.0,11.0,8.0,0,204,1,241
509,166,3.0,2894.0,7.0,10.0,0,107,28,167
509,176,133.0,2862.0,10.0,6.0,1,126,0,142
510,5,1868.0,3023.0,11.0,11.0,1,409,0,508
510,49,146.0,2850.0,14.0,6.0,1,378,0,429
510,52,102.0,2855.0,11.0,8.0,1,375,0,425
510,54,0.0,2885.0,3.0,6.0,0,363,13,424
510,56,113.0,2852.0,12.0,10.0,1,373,0,422
510,71,5.0,2897.0,7.0,9.0,0,313,26,402
510,78,23.0,2855.0,12.0,9.0,1,342,0,398
510,84,124.0,2860.0,12.0,11.0,1,336,0,383
510,85,159.0,2855.0,11.0,8.0,1,340,0,382
510,97,191.0,2844.0,10.0,7.0,1,309,0,355
510,101,0.0,2890.0,4.0,10.0,0,268,18,342
510,144,164.0,2855.0,9.0,7.0,1,205,0,242
510,166,3.0,2894.0,7.0,10.0,0,107,29,168
510,176,133.0,2862.0,10.0,6.0,0,126,1,143
511,5,1870.0,3025.0,11.0,11.0,1,410,0,509
511,49,131.0,2843.0,11.0,8.0,1,379,0,430
511,52,97.0,2852.0,12.0,9.0,1,376,0,426
511,54,0.0,2885.0,3.0,6.0,0,363,14,425
511,56,105.0,2852.0,12.0,10.0,1,374,0,423
511,71,5.0,2897.0,7.0,9.0,0,313,27,403
511,78,18.0,2848.0,14.0,10.0,1,343,0,399
511,84,124.0,2860.0,12.0,11.0,0,336,1,384
511,85,156.0,2854.0,9.0,7.0,1,341,0,383
511,97,177.0,2851.0,14.0,6.0,1,310,0,356
511,101,0.0,2890.0,4.0,10.0,0,268,19,343
511,144,164.0,2855.0,9.0,7.0,0,205,1,243
511,176,124.0,2857.0,11.0,7.0,1,127,0,144
512,5,1870.0,3023.0,13.0,8.0,1,411,0,510
512,49,134.0,2853.0,9.0,7.0,1,380,0,431
512,52,86.0,2852.0,12.0,6.0,1,377,0,427
512,54,0.0,2885.0,3.0,6.0,0,363,15,426
512,56,105.0,2852.0,12.0,10.0,0,374,1,424
512,71,5.0,2897.0,7.0,9.0,0,313,28,404
512,78,4.0,2847.0,13.0,10.0,1,344,0,400
512,84,115.0,2854.0,12.0,5.0,1,337,0,385
512,85,151.0,2854.0,14.0,7.0,1,342,0,384
512,97,177.0,2851.0,14.0,6.0,0,310,1,357
512,101,0.0,2890.0,4.0,10.0,0,268,20,344
512,144,150.0,2858.0,13.0,7.0,1,206,0,244
512,176,122.0,2859.0,10.0,6.0,1,128,0,145
513,5,1863.0,3022.0,14.0,8.0,1,412,0,511
513,49,128.0,2848.0,11.0,8.0,1,381,0,432
513,52,82.0,2854.0,9.0,8.0,1,378,0,428
513,54,0.0,2885.0,3.0,6.0,0,363,16,427
513,56,104.0,2853.0,9.0,7.0,1,375,0,425
513,71,5.0,2897.0,7.0,9.0,0,313,29,405
513,78,4.0,2847.0,13.0,10.0,0,344,1,401
513,84,105.0,2858.0,12.0,9.0,1,338,0,386
513,85,142.0,2852.0,12.0,7.0,1,343,0,385
513,97,174.0,2851.0,10.0,8.0,1,311,0,358
513,101,0.0,2890.0,4.0,10.0,0,268,21,345
513,144,144.0,2855.0,11.0,6.0,1,207,0,245
513,176,105.0,2858.0,11.0,6.0,1,129,0,146
514,5,1859.0,3018.0,13.0,9.0,1,413,0,512
514,49,118.0,2847.0,11.0,7.0,1,382,0,433
514,52,80.0,2853.0,12.0,7.0,1,379,0,429
514,54,0.0,2885.0,3.0,6.0,0,363,17,428
514,56,90.0,2856.0,12.0,8.0,1,376,0,426
514,78,0.0,2852.0,9.0,9.0,1,345,0,402
514,84,105.0,2858.0,12.0,9.0,0,338,1,387
514,85,142.0,2847.0,11.0,9.0,1,344,0,386
514,97,174.0,2848.0,12.0,8.0,1,312,0,359
514,101,0.0,2890.0,4.0,10.0,0,268,22,346
514,144,144.0,2851.0,10.0,9.0,1,208,0,246
514,176,105.0,2854.0,10.0,7.0,1,130,0,147
515,5,1864.0,3014.0,12.0,9.0,1,414,0,513
515,49,124.0,2853.0,12.0,7.0,1,383,0,434
515,52,80.0,2853.0,12.0,7.0,0,379,1,430
515,54,0.0,2885.0,3.0,6.0,0,363,18,429
515,56,84.0,2855.0,10.0,10.0,1,377,0,427
515,78,8.0,2843.0,4.0,10.0,1,346,0,403
515,84,105.0,2858.0,12.0,9.0,0,338,2,388
515,85,142.0,2847.0,11.0,9.0,0,344,1,387
515,97,168.0,2851.0,8.0,10.0,1,313,0,360
515,101,0.0,2890.0,4.0,10.0,0,268,23,347
515,144,133.0,2852.0,12.0,7.0,1,209,0,247
515,176,99.0,2855.0,13.0,6.0,1,131,0,148
516,5,1861.0,3015.0,13.0,8.0,1,415,0,514
516,49,104.0,2847.0,12.0,5.0,1,384,0,435
516,52,66.0,2846.0,9.0,7.0,1,380,0,431
516,54,0.0,2885.0,3.0,6.0,0,363,19,430
516,56,79.0,2845.0,14.0,9.0,1,378,0,428
516,78,8.0,2843.0,4.0,10.0,0,346,1,404
516,84,105.0,2858.0,12.0,9.0,0,338,3,389
516,85,125.0,2848.0,13.0,9.0,1,345,0,388
516,97,157.0,2850.0,13.0,7.0,1,314,0,361
516,101,0.0,2890.0,4.0,10.0,0,268,24,348
516,144,129.0,2856.0,12.0,8.0,1,210,0,248
516,176,96.0,2857.0,13.0,8.0,1,132,0,149
517,5,1863.0,3015.0,11.0,11.0,1,416,0,515
517,49,104.0,2847.0,12.0,5.0,0,384,1,436
517,52,58.0,2854.0,10.0,5.0,1,381,0,432
517,54,0.0,2885.0,3.0,6.0,0,363,20,431
517,56,72.0,2849.0,10.0,10.0,1,379,0,429
517,78,8.0,2843.0,4.0,10.0,0,346,2,405
517,84,105.0,2858.0,12.0,9.0,0,338,4,390
517,85,116.0,2846.0,10.0,6.0,1,346,0,389
517,97,152.0,2848.0,10.0,7.0,1,315,0,362
517,101,0.0,2890.0,4.0,10.0,0,268,25,349
517,144,121.0,2856.0,10.0,6.0,1,211,0,249
517,176,96.0,2857.0,13.0,8.0,0,132,1,150
518,5,1865.0,3012.0,11.0,7.0,1,417,0,516
518,49,96.0,2847.0,11.0,8.0,1,385,0,437
518,52,52.0,2853.0,11.0,7.0,1,382,0,433
518,54,0.0,2885.0,3.0,6.0,0,363,21,432
518,56,70.0,2851.0,10.0,10.0,1,380,0,430
518,78,8.0,2843.0,4.0,10.0,0,346,3,406
518,84,79.0,2859.0,10.0,10.0,1,339,0,391
518,85,116.0,2849.0,12.0,5.0,1,347,0,390
518,97,150.0,2847.0,11.0,13.0,1,316,0,363
518,101,0.0,2890.0,4.0,10.0,0,268,26,350
518,144,116.0,2849.0,9.0,6.0,1,212,0,250
518,176,84.0,2846.0,9.0,6.0,1,133,0,151
519,5,1865.0,3012.0,11.0,7.0,0,417,1,517
519,49,91.0,2840.0,11.0,11.0,1,386,0,438
519,52,47.0,2854.0,12.0,9.0,1,383,0,434
519,54,0.0,2885.0,3.0,6.0,0,363,22,433
519,56,62.0,2856.0,11.0,10.0,1,381,0,431
519,78,8.0,2843.0,4.0,10.0,0,346,4,407
519,84,70.0,2858.0,9.0,6.0,1,340,0,392
519,85,106.0,2851.0,11.0,5.0,1,348,0,391
519,97,138.0,2847.0,13.0,7.0,1,317,0,364
519,101,0.0,2890.0,4.0,10.0,0,268,27,351
519,144,112.0,2852.0,13.0,6.0,1,213,0,251
519,176,80.0,2851.0,11.0,7.0,1,134,0,152
520,5,1864.0,3004.0,14.0,11.0,1,418,0,518
520,49,83.0,2839.0,11.0,10.0,1,387,0,439
520,52,43.0,2847.0,10.0,8.0,1,384,0,435
520,54,0.0,2885.0,3.0,6.0,0,363,23,434
520,56,56.0,2849.0,10.0,9.0,1,382,0,432
520,78,8.0,2843.0,4.0,10.0,0,346,5,408
520,84,67.0,2854.0,9.0,6.0,1,341,0,393
520,85,104.0,2851.0,10.0,10.0,1,349,0,392
520,97,134.0,2851.0,13.0,9.0,1,318,0,365
520,101,0.0,2890.0,4.0,10.0,0,268,28,352
520,144,105.0,2847.0,11.0,9.0,1,214,0,252
520,176,69.0,2852.0,11.0,5.0,1,135,0,153
521,5,1853.0,3011.0,15.0,7.0,1,419,0,519
521,49,75.0,2837.0,11.0,10.0,1,388,0,440
521,52,43.0,2847.0,10.0,8.0,0,384,1,436
521,54,0.0,2885.0,3.0,6.0,0,363,24,435
521,56,50.0,2845.0,10.0,11.0,1,383,0,433
521,78,8.0,2843.0,4.0,10.0,0,346,6,409
521,84,67.0,2854.0,9.0,6.0,0,341,1,394
521,85,94.0,2849.0,11.0,7.0,1,350,0,393
521,97,127.0,2847.0,13.0,10.0,1,319,0,366
521,101,0.0,2890.0,4.0,10.0,0,268,29,353
521,144,105.0,2847.0,11.0,9.0,0,214,1,253
521,176,69.0,2852.0,11.0,5.0,0,135,1,154
522,5,1853.0,3011.0,15.0,7.0,0,419,1,520
522,49,73.0,2842.0,12.0,9.0,1,389,0,441
522,52,43.0,2847.0,10.0,8.0,0,384,2,437
522,54,0.0,2885.0,3.0,6.0,0,363,25,436
522,56,42.0,2850.0,11.0,10.0,1,384,0,434
522,78,8.0,2843.0,4.0,10.0,0,346,7,410
522,84,55.0,2853.0,10.0,6.0,1,342,0,395
522,85,99.0,2842.0,9.0,7.0,1,351,0,394
522,97,122.0,2838.0,14.0,9.0,1,320,0,367
522,144,98.0,2844.0,9.0,8.0,1,215,0,254
522,176,55.0,2859.0,11.0,9.0,1,136,0,155
523,5,1857.0,3007.0,9.0,8.0,1,420,0,521
523,49,73.0,2842.0,12.0,9.0,0,389,1,442
523,52,19.0,2851.0,10.0,7.0,1,385,0,438
523,54,0.0,2885.0,3.0,6.0,0,363,26,437
523,56,42.0,2850.0,11.0,10.0,0,384,1,435
523,78,8.0,2843.0,4.0,10.0,0,346,8,411
523,84,50.0,2854.0,14.0,10.0,1,343,0,396
523,85,83.0,2852.0,11.0,7.0,1,352,0,395
523,97,110.0,2847.0,13.0,9.0,1,321,0,368
523,144,85.0,2851.0,11.0,5.0,1,216,0,255
523,176,54.0,2854.0,10.0,5.0,1,137,0,156
524,5,1846.0,3002.0,11.0,9.0,1,421,0,522
524,49,63.0,2839.0,9.0,8.0,1,390,0,443
524,52,19.0,2851.0,10.0,7.0,0,385,1,439
524,54,0.0,2885.0,3.0,6.0,0,363,27,438
524,56,33.0,2853.0,12.0,10.0,1,385,0,436
524,78,8.0,2843.0,4.0,10.0,0,346,9,412
524,84,42.0,2850.0,11.0,6.0,1,344,0,397
524,85,79.0,2850.0,12.0,9.0,1,353,0,396
524,97,108.0,2848.0,12.0,10.0,1,322,0,369
524,144,76.0,2849.0,12.0,8.0,1,217,0,256
524,176,46.0,2856.0,12.0,11.0,1,138,0,157
525,5,1849.0,2999.0,12.0,11.0,1,422,0,523
525,49,57.0,2839.0,10.0,9.0,1,391,0,444
525,52,2.0,2850.0,14.0,8.0,1,386,0,440
525,54,0.0,2885.0,3.0,6.0,0,363,28,439
525,56,24.0,2846.0,11.0,12.0,1,386,0,437
525,78,8.0,2843.0,4.0,10.0,0,346,10,413
525,84,42.0,2850.0,11.0,6.0,0,344,1,398
525,85,76.0,2850.0,10.0,7.0,1,354,0,397
525,97,101.0,2844.0,13.0,8.0,1,323,0,370
525,144,78.0,2856.0,14.0,7.0,1,218,0,257
525,176,35.0,2864.0,12.0,8.0,1,139,0,158
526,5,1855.0,2999.0,9.0,10.0,1,423,0,524
526,49,57.0,2839.0,10.0,9.0,0,391,1,445
526,52,1.0,2852.0,11.0,9.0,1,387,0,441
526,54,0.0,2885.0,3.0,6.0,0,363,29,440
526,56,20.0,2845.0,12.0,9.0,1,387,0,438
526,78,8.0,2843.0,4.0,10.0,0,346,11,414
526,84,42.0,2850.0,11.0,6.0,0,344,2,399
526,85,70.0,2850.0,11.0,6.0,1,355,0,398
526,97,101.0,2846.0,12.0,11.0,1,324,0,371
526,144,61.0,2848.0,11.0,6.0,1,219,0,258
526,176,23.0,2857.0,11.0,8.0,1,140,0,159
527,5,1839.0,3003.0,13.0,9.0,1,424,0,525
527,49,38.0,2835.0,11.0,10.0,1,392,0,446
527,52,4.0,2850.0,7.0,6.0,1,388,0,442
527,56,14.0,2848.0,13.0,11.0,1,388,0,439
527,78,8.0,2843.0,4.0,10.0,0,346,12,415
527,84,42.0,2850.0,11.0,6.0,0,344,3,400
527,85,65.0,2851.0,11.0,7.0,1,356,0,399
527,97,89.0,2842.0,17.0,9.0,1,325,0,372
527,144,60.0,2852.0,12.0,7.0,1,220,0,259
527,176,22.0,2854.0,13.0,8.0,1,141,0,160
528,5,1843.0,3001.0,13.0,7.0,1,425,0,526
528,49,33.0,2844.0,9.0,8.0,1,393,0,447
528,52,4.0,2850.0,7.0,6.0,0,388,1,443
528,56,4.0,2854.0,12.0,12.0,1,389,0,440
528,78,8.0,2843.0,4.0,10.0,0,346,13,416
528,84,21.0,2854.0,12.0,5.0,1,345,0,401
528,85,59.0,2857.0,12.0,8.0,1,357,0,400
528,97,86.0,2846.0,12.0,9.0,1,326,0,373
528,144,54.0,2846.0,13.0,11.0,1,221,0,260
528,176,19.0,2855.0,14.0,7.0,1,142,0,161
529,5,1846.0,2999.0,10.0,9.0,1,426,0,527
529,49,33.0,2844.0,9.0,8.0,0,393,1,448
529,52,4.0,2850.0,7.0,6.0,0,388,2,444
529,56,0.0,2850.0,11.0,10.0,1,390,0,441
529,78,8.0,2843.0,4.0,10.0,0,346,14,417
529,84,16.0,2854.0,12.0,5.0,1,346,0,402
529,85,48.0,2851.0,10.0,6.0,1,358,0,401
529,97,83.0,2844.0,11.0,9.0,1,327,0,374
529,144,50.0,2842.0,10.0,8.0,1,222,0,261
529,176,19.0,2855.0,14.0,7.0,0,142,1,162
530,5,1833.0,2993.0,13.0,12.0,1,427,0,528
530,49,33.0,2844.0,9.0,8.0,0,393,2,449
530,52,4.0,2850.0,7.0,6.0,0,388,3,445
530,56,0.0,2860.0,4.0,10.0,1,391,0,442
530,78,8.0,2843.0,4.0,10.0,0,346,15,418
530,84,11.0,2855.0,11.0,6.0,1,347,0,403
530,85,48.0,2851.0,10.0,6.0,0,358,1,402
530,97,77.0,2841.0,13.0,10.0,1,328,0,375
530,144,50.0,2842.0,10.0,8.0,0,222,1,262
530,176,7.0,2860.0,11.0,8.0,1,143,0,163
531,5,1839.0,2994.0,14.0,8.0,1,428,0,529
531,49,33.0,2844.0,9.0,8.0,0,393,3,450
531,52,4.0,2850.0,7.0,6.0,0,388,4,446
531,56,0.0,2860.0,4.0,10.0,0,391,1,443
531,78,8.0,2843.0,4.0,10.0,0,346,16,419
531,84,3.0,2858.0,10.0,6.0,1,348,0,404
531,85,37.0,2856.0,12.0,6.0,1,359,0,403
531,97,73.0,2844.0,12.0,9.0,1,329,0,376
531,144,50.0,2842.0,10.0,8.0,0,222,2,263
531,176,0.0,2857.0,8.0,8.0,1,144,0,164
532,5,1836.0,3003.0,9.0,7.0,1,429,0,530
532,49,1.0,2841.0,8.0,7.0,1,394,0,451
532,52,4.0,2850.0,7.0,6.0,0,388,5,447
532,56,0.0,2860.0,4.0,10.0,0,391,2,444
532,78,8.0,2843.0,4.0,10.0,0,346,17,420
532,84,3.0,2858.0,10.0,6.0,0,348,1,405
532,85,22.0,2853.0,13.0,9.0,1,360,0,404
532,97,57.0,2845.0,14.0,7.0,1,330,0,377
532,144,30.0,2849.0,12.0,9.0,1,223,0,264
532,176,0.0,2857.0,8.0,8.0,0,144,1,165
533,5,1836.0,3003.0,9.0,7.0,0,429,1,531
533,49,0.0,2834.0,9.0,9.0,1,395,0,452
533,52,4.0,2850.0,7.0,6.0,0,388,6,448
533,56,0.0,2860.0,4.0,10.0,0,391,3,445
533,78,8.0,2843.0,4.0,10.0,0,346,18,421
533,84,3.0,2858.0,10.0,6.0,0,348,2,406
533,85,30.0,2850.0,11.0,7.0,1,361,0,405
533,97,63.0,2845.0,12.0,7.0,1,331,0,378
533,144,25.0,2844.0,10.0,8.0,1,224,0,265
533,176,0.0,2857.0,8.0,8.0,0,144,2,166
534,5,1830.0,3005.0,12.0,5.0,1,430,0,532
534,49,0.0,2834.0,9.0,9.0,0,395,1,453
534,52,4.0,2850.0,7.0,6.0,0,388,7,449
534,56,0.0,2860.0,4.0,10.0,0,391,4,446
534,78,8.0,2843.0,4.0,10.0,0,346,19,422
534,84,3.0,2858.0,10.0,6.0,0,348,3,407
534,85,21.0,2849.0,11.0,8.0,1,362,0,406
534,97,63.0,2845.0,12.0,7.0,0,331,1,379
534,144,14.0,2847.0,11.0,8.0,1,225,0,266
534,176,0.0,2857.0,8.0,8.0,0,144,3,167
535,5,1830.0,3005.0,12.0,5.0,0,430,1,533
535,49,0.0,2834.0,9.0,9.0,0,395,2,454
535,52,4.0,2850.0,7.0,6.0,0,388,8,450
535,56,0.0,2860.0,4.0,10.0,0,391,5,447
535,78,8.0,2843.0,4.0,10.0,0,346,20,423
535,84,3.0,2858.0,10.0,6.0,0,348,4,408
535,85,9.0,2851.0,14.0,7.0,1,363,0,407
535,97,44.0,2845.0,12.0,8.0,1,332,0,380
535,144,11.0,2846.0,13.0,7.0,1,226,0,267
535,176,0.0,2857.0,8.0,8.0,0,144,4,168
536,5,1826.0,2994.0,11.0,5.0,1,431,0,534
536,49,0.0,2834.0,9.0,9.0,0,395,3,455
536,52,4.0,2850.0,7.0,6.0,0,388,9,451
536,56,0.0,2860.0,4.0,10.0,0,391,6,448
536,78,8.0,2843.0,4.0,10.0,0,346,21,424
536,84,3.0,2858.0,10.0,6.0,0,348,5,409
536,85,4.0,2849.0,13.0,12.0,1,364,0,408
536,97,37.0,2846.0,15.0,5.0,1,333,0,381
536,144,13.0,2851.0,12.0,9.0,1,227,0,268
536,176,0.0,2857.0,8.0,8.0,0,144,5,169
537,5,1821.0,2992.0,12.0,5.0,1,432,0,535
537,49,0.0,2834.0,9.0,9.0,0,395,4,456
537,52,4.0,2850.0,7.0,6.0,0,388,10,452
537,56,0.0,2860.0,4.0,10.0,0,391,7,449
537,78,8.0,2843.0,4.0,10.0,0,346,22,425
537,84,3.0,2858.0,10.0,6.0,0,348,6,410
537,85,1.0,2849.0,9.0,10.0,1,365,0,409
537,97,31.0,2846.0,10.0,6.0,1,334,0,382
537,144,5.0,2849.0,8.0,7.0,1,228,0,269
537,176,0.0,2857.0,8.0,8.0,0,144,6,170
538,5,1821.0,2992.0,12.0,5.0,0,432,1,536
538,49,0.0,2834.0,9.0,9.0,0,395,5,457
538,52,4.0,2850.0,7.0,6.0,0,388,11,453
538,56,0.0,2860.0,4.0,10.0,0,391,8,450
538,78,8.0,2843.0,4.0,10.0,0,346,23,426
538,84,3.0,2858.0,10.0,6.0,0,348,7,411
538,85,1.0,2849.0,9.0,10.0,0,365,1,410
538,97,29.0,2838.0,11.0,9.0,1,335,0,383
538,144,0.0,2854.0,3.0,7.0,1,229,0,270
538,176,0.0,2857.0,8.0,8.0,0,144,7,171
539,5,1821.0,2992.0,12.0,5.0,0,432,2,537
539,49,0.0,2834.0,9.0,9.0,0,395,6,458
539,52,4.0,2850.0,7.0,6.0,0,388,12,454
539,56,0.0,2860.0,4.0,10.0,0,391,9,451
539,78,8.0,2843.0,4.0,10.0,0,346,24,427
539,84,3.0,2858.0,10.0,6.0,0,348,8,412
539,85,1.0,2849.0,9.0,10.0,0,365,2,411
539,97,12.0,2854.0,8.0,4.0,1,336,0,384
539,144,0.0,2854.0,3.0,7.0,0,229,1,271
539,176,0.0,2857.0,8.0,8.0,0,144,8,172
540,5,1817.0,2994.0,12.0,5.0,1,433,0,538
540,49,0.0,2834.0,9.0,9.0,0,395,7,459
540,52,4.0,2850.0,7.0,6.0,0,388,13,455
540,56,0.0,2860.0,4.0,10.0,0,391,10,452
540,78,8.0,2843.0,4.0,10.0,0,346,25,428
540,84,3.0,2858.0,10.0,6.0,0,348,9,413
540,85,1.0,2849.0,9.0,10.0,0,365,3,412
540,97,10.0,2847.0,14.0,8.0,1,337,0,385
540,144,0.0,2854.0,3.0,7.0,0,229,2,272
540,176,0.0,2857.0,8.0,8.0,0,144,9,173
541,5,1813.0,2998.0,13.0,5.0,1,434,0,539
541,49,0.0,2834.0,9.0,9.0,0,395,8,460
541,52,4.0,2850.0,7.0,6.0,0,388,14,456
541,56,0.0,2860.0,4.0,10.0,0,391,11,453
541,78,8.0,2843.0,4.0,10.0,0,346,26,429
541,84,3.0,2858.0,10.0,6.0,0,348,10,414
541,85,1.0,2849.0,9.0,10.0,0,365,4,413
541,97,0.0,2844.0,12.0,9.0,1,338,0,386
541,144,0.0,2854.0,3.0,7.0,0,229,3,273
541,176,0.0,2857.0,8.0,8.0,0,144,10,174
542,5,1815.0,2995.0,11.0,5.0,1,435,0,540
542,49,0.0,2834.0,9.0,9.0,0,395,9,461
542,52,4.0,2850.0,7.0,6.0,0,388,15,457
542,56,0.0,2860.0,4.0,10.0,0,391,12,454
542,78,8.0,2843.0,4.0,10.0,0,346,27,430
542,84,3.0,2858.0,10.0,6.0,0,348,11,415
542,85,1.0,2849.0,9.0,10.0,0,365,5,414
542,97,0.0,2842.0,9.0,15.0,1,339,0,387
542,144,0.0,2854.0,3.0,7.0,0,229,4,274
542,176,0.0,2857.0,8.0,8.0,0,144,11,175
543,5,1808.0,2992.0,11.0,5.0,1,436,0,541
543,49,0.0,2834.0,9.0,9.0,0,395,10,462
543,52,4.0,2850.0,7.0,6.0,0,388,16,458
543,56,0.0,2860.0,4.0,10.0,0,391,13,455
543,78,8.0,2843.0,4.0,10.0,0,346,28,431
543,84,3.0,2858.0,10.0,6.0,0,348,12,416
543,85,1.0,2849.0,9.0,10.0,0,365,6,415
543,97,0.0,2842.0,9.0,15.0,0,339,1,388
543,144,0.0,2854.0,3.0,7.0,0,229,5,275
543,176,0.0,2857.0,8.0,8.0,0,144,12,176
544,5,1807.0,2995.0,12.0,4.0,1,437,0,542
544,49,0.0,2834.0,9.0,9.0,0,395,11,463
544,52,4.0,2850.0,7.0,6.0,0,388,17,459
544,56,0.0,2860.0,4.0,10.0,0,391,14,456
544,78,8.0,2843.0,4.0,10.0,0,346,29,432
544,84,3.0,2858.0,10.0,6.0,0,348,13,417
544,85,1.0,2849.0,9.0,10.0,0,365,7,416
544,97,0.0,2842.0,9.0,15.0,0,339,2,389
544,144,0.0,2854.0,3.0,7.0,0,229,6,276
544,176,0.0,2857.0,8.0,8.0,0,144,13,177
545,5,1806.0,2998.0,11.0,4.0,1,438,0,543
545,49,0.0,2834.0,9.0,9.0,0,395,12,464
545,52,4.0,2850.0,7.0,6.0,0,388,18,460
545,56,0.0,2860.0,4.0,10.0,0,391,15,457
545,84,3.0,2858.0,10.0,6.0,0,348,14,418
545,85,1.0,2849.0,9.0,10.0,0,365,8,417
545,97,0.0,2842.0,9.0,15.0,0,339,3,390
545,144,0.0,2854.0,3.0,7.0,0,229,7,277
545,176,0.0,2857.0,8.0,8.0,0,144,14,178
546,5,1806.0,2998.0,11.0,4.0,0,438,1,544
546,49,0.0,2834.0,9.0,9.0,0,395,13,465
546,52,4.0,2850.0,7.0,6.0,0,388,19,461
546,56,0.0,2860.0,4.0,10.0,0,391,16,458
546,84,3.0,2858.0,10.0,6.0,0,348,15,419
546,85,1.0,2849.0,9.0,10.0,0,365,9,418
546,97,0.0,2842.0,9.0,15.0,0,339,4,391
546,144,0.0,2854.0,3.0,7.0,0,229,8,278
546,176,0.0,2857.0,8.0,8.0,0,144,15,179
547,5,1803.0,2992.0,11.0,5.0,1,439,0,545
547,49,0.0,2834.0,9.0,9.0,0,395,14,466
547,52,4.0,2850.0,7.0,6.0,0,388,20,462
547,56,0.0,2860.0,4.0,10.0,0,391,17,459
547,84,3.0,2858.0,10.0,6.0,0,348,16,420
547,85,1.0,2849.0,9.0,10.0,0,365,10,419
547,97,0.0,2842.0,9.0,15.0,0,339,5,392
547,144,0.0,2854.0,3.0,7.0,0,229,9,279
547,176,0.0,2857.0,8.0,8.0,0,144,16,180
548,5,1806.0,2991.0,10.0,5.0,1,440,0,546
548,49,0.0,2834.0,9.0,9.0,0,395,15,467
548,52,4.0,2850.0,7.0,6.0,0,388,21,463
548,56,0.0,2860.0,4.0,10.0,0,391,18,460
548,84,3.0,2858.0,10.0,6.0,0,348,17,421
548,85,1.0,2849.0,9.0,10.0,0,365,11,420
548,97,0.0,2842.0,9.0,15.0,0,339,6,393
548,144,0.0,2854.0,3.0,7.0,0,229,10,280
548,176,0.0,2857.0,8.0,8.0,0,144,17,181
549,5,1802.0,2999.0,10.0,5.0,1,441,0,547
549,49,0.0,2834.0,9.0,9.0,0,395,16,468
549,52,4.0,2850.0,7.0,6.0,0,388,22,464
549,56,0.0,2860.0,4.0,10.0,0,391,19,461
549,84,3.0,2858.0,10.0,6.0,0,348,18,422
549,85,1.0,2849.0,9.0,10.0,0,365,12,421
549,97,0.0,2842.0,9.0,15.0,0,339,7,394
549,144,0.0,2854.0,3.0,7.0,0,229,11,281
549,176,0.0,2857.0,8.0,8.0,0,144,18,182
550,5,1802.0,2998.0,10.0,5.0,1,442,0,548
550,49,0.0,2834.0,9.0,9.0,0,395,17,469
550,52,4.0,2850.0,7.0,6.0,0,388,23,465
550,56,0.0,2860.0,4.0,10.0,0,391,20,462
550,84,3.0,2858.0,10.0,6.0,0,348,19,423
550,85,1.0,2849.0,9.0,10.0,0,365,13,422
550,97,0.0,2842.0,9.0,15.0,0,339,8,395
550,144,0.0,2854.0,3.0,7.0,0,229,12,282
550,176,0.0,2857.0,8.0,8.0,0,144,19,183
551,5,1795.0,2998.0,10.0,5.0,1,443,0,549
551,49,0.0,2834.0,9.0,9.0,0,395,18,470
551,52,4.0,2850.0,7.0,6.0,0,388,24,466
551,56,0.0,2860.0,4.0,10.0,0,391,21,463
551,84,3.0,2858.0,10.0,6.0,0,348,20,424
551,85,1.0,2849.0,9.0,10.0,0,365,14,423
551,97,0.0,2842.0,9.0,15.0,0,339,9,396
551,144,0.0,2854.0,3.0,7.0,0,229,13,283
551,176,0.0,2857.0,8.0,8.0,0,144,20,184
552,5,1806.0,3001.0,11.0,5.0,1,444,0,550
552,49,0.0,2834.0,9.0,9.0,0,395,19,471
552,52,4.0,2850.0,7.0,6.0,0,388,25,467
552,56,0.0,2860.0,4.0,10.0,0,391,22,464
552,84,3.0,2858.0,10.0,6.0,0,348,21,425
552,85,1.0,2849.0,9.0,10.0,0,365,15,424
552,97,0.0,2842.0,9.0,15.0,0,339,10,397
552,144,0.0,2854.0,3.0,7.0,0,229,14,284
552,176,0.0,2857.0,8.0,8.0,0,144,21,185
553,5,1793.0,3009.0,11.0,5.0,1,445,0,551
553,49,0.0,2834.0,9.0,9.0,0,395,20,472
553,52,4.0,2850.0,7.0,6.0,0,388,26,468
553,56,0.0,2860.0,4.0,10.0,0,391,23,465
553,84,3.0,2858.0,10.0,6.0,0,348,22,426
553,85,1.0,2849.0,9.0,10.0,0,365,16,425
553,97,0.0,2842.0,9.0,15.0,0,339,11,398
553,144,0.0,2854.0,3.0,7.0,0,229,15,285
553,176,0.0,2857.0,8.0,8.0,0,144,22,186
554,5,1794.0,3002.0,10.0,5.0,1,446,0,552
554,49,0.0,2834.0,9.0,9.0,0,395,21,473
554,52,4.0,2850.0,7.0,6.0,0,388,27,469
554,56,0.0,2860.0,4.0,10.0,0,391,24,466
554,84,3.0,2858.0,10.0,6.0,0,348,23,427
554,85,1.0,2849.0,9.0,10.0,0,365,17,426
554,97,0.0,2842.0,9.0,15.0,0,339,12,399
554,144,0.0,2854.0,3.0,7.0,0,229,16,286
554,176,0.0,2857.0,8.0,8.0,0,144,23,187
555,5,1794.0,3002.0,10.0,5.0,0,446,1,553
555,49,0.0,2834.0,9.0,9.0,0,395,22,474
555,52,4.0,2850.0,7.0,6.0,0,388,28,470
555,56,0.0,2860.0,4.0,10.0,0,391,25,467
555,84,3.0,2858.0,10.0,6.0,0,348,24,428
555,85,1.0,2849.0,9.0,10.0,0,365,18,427
555,97,0.0,2842.0,9.0,15.0,0,339,13,400
555,144,0.0,2854.0,3.0,7.0,0,229,17,287
555,176,0.0,2857.0,8.0,8.0,0,144,24,188
556,5,1792.0,3005.0,11.0,5.0,1,447,0,554
556,49,0.0,2834.0,9.0,9.0,0,395,23,475
556,52,4.0,2850.0,7.0,6.0,0,388,29,471
556,56,0.0,2860.0,4.0,10.0,0,391,26,468
556,84,3.0,2858.0,10.0,6.0,0,348,25,429
556,85,1.0,2849.0,9.0,10.0,0,365,19,428
556,97,0.0,2842.0,9.0,15.0,0,339,14,401
556,144,0.0,2854.0,3.0,7.0,0,229,18,288
556,176,0.0,2857.0,8.0,8.0,0,144,25,189
557,5,1792.0,3007.0,11.0,5.0,1,448,0,555
557,49,0.0,2834.0,9.0,9.0,0,395,24,476
557,56,0.0,2860.0,4.0,10.0,0,391,27,469
557,84,3.0,2858.0,10.0,6.0,0,348,26,430
557,85,1.0,2849.0,9.0,10.0,0,365,20,429
557,97,0.0,2842.0,9.0,15.0,0,339,15,402
557,144,0.0,2854.0,3.0,7.0,0,229,19,289
557,176,0.0,2857.0,8.0,8.0,0,144,26,190
558,5,1793.0,3006.0,9.0,5.0,1,449,0,556
558,49,0.0,2834.0,9.0,9.0,0,395,25,477
558,56,0.0,2860.0,4.0,10.0,0,391,28,470
558,84,3.0,2858.0,10.0,6.0,0,348,27,431
558,85,1.0,2849.0,9.0,10.0,0,365,21,430
558,97,0.0,2842.0,9.0,15.0,0,339,16,403
558,144,0.0,2854.0,3.0,7.0,0,229,20,290
558,176,0.0,2857.0,8.0,8.0,0,144,27,191
559,5,1782.0,3010.0,12.0,5.0,1,450,0,557
559,49,0.0,2834.0,9.0,9.0,0,395,26,478
559,56,0.0,2860.0,4.0,10.0,0,391,29,471
559,84,3.0,2858.0,10.0,6.0,0,348,28,432
559,85,1.0,2849.0,9.0,10.0,0,365,22,431
559,97,0.0,2842.0,9.0,15.0,0,339,17,404
559,144,0.0,2854.0,3.0,7.0,0,229,21,291
559,176,0.0,2857.0,8.0,8.0,0,144,28,192
560,5,1790.0,3008.0,12.0,5.0,1,451,0,558
560,49,0.0,2834.0,9.0,9.0,0,395,27,479
560,84,3.0,2858.0,10.0,6.0,0,348,29,433
560,85,1.0,2849.0,9.0,10.0,0,365,23,432
560,97,0.0,2842.0,9.0,15.0,0,339,18,405
560,144,0.0,2854.0,3.0,7.0,0,229,22,292
560,176,0.0,2857.0,8.0,8.0,0,144,29,193
561,5,1790.0,3013.0,12.0,5.0,1,452,0,559
561,49,0.0,2834.0,9.0,9.0,0,395,28,480
561,85,1.0,2849.0,9.0,10.0,0,365,24,433
561,97,0.0,2842.0,9.0,15.0,0,339,19,406
561,144,0.0,2854.0,3.0,7.0,0,229,23,293
562,5,1785.0,3010.0,13.0,5.0,1,453,0,560
562,49,0.0,2834.0,9.0,9.0,0,395,29,481
562,85,1.0,2849.0,9.0,10.0,0,365,25,434
562,97,0.0,2842.0,9.0,15.0,0,339,20,407
562,144,0.0,2854.0,3.0,7.0,0,229,24,294
563,5,1786.0,3014.0,12.0,5.0,1,454,0,561
563,85,1.0,2849.0,9.0,10.0,0,365,26,435
563,97,0.0,2842.0,9.0,15.0,0,339,21,408
563,144,0.0,2854.0,3.0,7.0,0,229,25,295
564,5,1781.0,3015.0,13.0,5.0,1,455,0,562
564,85,1.0,2849.0,9.0,10.0,0,365,27,436
564,97,0.0,2842.0,9.0,15.0,0,339,22,409
564,144,0.0,2854.0,3.0,7.0,0,229,26,296
565,5,1781.0,3015.0,13.0,5.0,0,455,1,563
565,85,1.0,2849.0,9.0,10.0,0,365,28,437
565,97,0.0,2842.0,9.0,15.0,0,339,23,410
565,144,0.0,2854.0,3.0,7.0,0,229,27,297
566,5,1781.0,3015.0,13.0,5.0,0,455,2,564
566,85,1.0,2849.0,9.0,10.0,0,365,29,438
566,97,0.0,2842.0,9.0,15.0,0,339,24,411
566,144,0.0,2854.0,3.0,7.0,0,229,28,298
567,5,1779.0,3019.0,11.0,4.0,1,456,0,565
567,97,0.0,2842.0,9.0,15.0,0,339,25,412
567,144,0.0,2854.0,3.0,7.0,0,229,29,299
568,5,1780.0,3023.0,10.0,4.0,1,457,0,566
568,97,0.0,2842.0,9.0,15.0,0,339,26,413
569,5,1781.0,3026.0,10.0,4.0,1,458,0,567
569,97,0.0,2842.0,9.0,15.0,0,339,27,414
570,5,1778.0,3029.0,10.0,4.0,1,459,0,568
570,97,0.0,2842.0,9.0,15.0,0,339,28,415
571,5,1771.0,3029.0,12.0,5.0,1,460,0,569
571,97,0.0,2842.0,9.0,15.0,0,339,29,416
572,5,1776.0,3034.0,12.0,7.0,1,461,0,570
573,5,1775.0,3025.0,10.0,7.0,1,462,0,571
574,5,1774.0,3034.0,10.0,6.0,1,463,0,572
575,5,1780.0,3035.0,8.0,6.0,1,464,0,573
576,5,1778.0,3041.0,8.0,6.0,1,465,0,574
577,5,1778.0,3041.0,8.0,6.0,0,465,1,575
578,5,1771.0,3046.0,9.0,6.0,1,466,0,576
579,5,1770.0,3045.0,11.0,6.0,1,467,0,577
580,5,1766.0,3045.0,10.0,6.0,1,468,0,578
581,5,1764.0,3049.0,10.0,5.0,1,469,0,579
582,5,1760.0,3053.0,8.0,4.0,1,470,0,580
583,5,1760.0,3053.0,8.0,4.0,0,470,1,581
584,5,1771.0,3058.0,8.0,5.0,1,471,0,582
585,5,1762.0,3058.0,7.0,5.0,1,472,0,583
586,5,1762.0,3058.0,7.0,5.0,0,472,1,584
587,5,1769.0,3071.0,8.0,4.0,1,473,0,585
588,5,1763.0,3066.0,9.0,5.0,1,474,0,586
589,5,1761.0,3069.0,8.0,4.0,1,475,0,587
590,5,1763.0,3068.0,9.0,5.0,1,476,0,588
591,5,1763.0,3068.0,9.0,5.0,0,476,1,589
592,5,1759.0,3065.0,9.0,5.0,1,477,0,590
593,5,1759.0,3065.0,9.0,5.0,0,477,1,591
594,5,1758.0,3075.0,9.0,4.0,1,478,0,592
595,5,1754.0,3079.0,11.0,4.0,1,479,0,593
596,5,1754.0,3079.0,11.0,4.0,0,479,1,594
597,5,1744.0,3081.0,13.0,5.0,1,480,0,595
598,5,1751.0,3087.0,9.0,6.0,1,481,0,596
599,5,1749.0,3084.0,8.0,5.0,1,482,0,597
600,5,1749.0,3084.0,8.0,5.0,0,482,1,598
601,5,1751.0,3083.0,9.0,4.0,1,483,0,599
602,5,1751.0,3083.0,9.0,4.0,0,483,1,600
603,5,1749.0,3092.0,10.0,5.0,1,484,0,601
604,5,1740.0,3096.0,11.0,4.0,1,485,0,602
605,5,1741.0,3091.0,9.0,5.0,1,486,0,603
606,5,1744.0,3092.0,9.0,4.0,1,487,0,604
607,5,1743.0,3095.0,9.0,5.0,1,488,0,605
608,5,1736.0,3096.0,11.0,5.0,1,489,0,606
609,5,1739.0,3096.0,11.0,6.0,1,490,0,607
610,5,1731.0,3100.0,10.0,5.0,1,491,0,608
611,5,1734.0,3105.0,10.0,5.0,1,492,0,609
612,5,1732.0,3098.0,10.0,5.0,1,493,0,610
613,5,1734.0,3105.0,11.0,6.0,1,494,0,611
614,5,1720.0,3099.0,14.0,8.0,1,495,0,612
615,5,1727.0,3106.0,12.0,8.0,1,496,0,613
616,5,1726.0,3105.0,12.0,7.0,1,497,0,614
617,5,1726.0,3105.0,12.0,7.0,0,497,1,615
618,5,1728.0,3108.0,15.0,9.0,1,498,0,616
619,5,1728.0,3108.0,15.0,9.0,0,498,1,617
620,5,1713.0,3119.0,10.0,7.0,1,499,0,618
621,5,1721.0,3113.0,10.0,10.0,1,500,0,619
622,5,1716.0,3118.0,11.0,9.0,1,501,0,620
623,5,1716.0,3118.0,11.0,9.0,0,501,1,621
624,5,1716.0,3118.0,11.0,9.0,0,501,2,622
625,5,1713.0,3118.0,10.0,8.0,1,502,0,623
626,5,1700.0,3117.0,12.0,10.0,1,503,0,624
627,5,1703.0,3124.0,11.0,7.0,1,504,0,625
628,5,1698.0,3124.0,10.0,9.0,1,505,0,626
629,5,1696.0,3123.0,11.0,8.0,1,506,0,627
630,5,1696.0,3123.0,11.0,8.0,0,506,1,628
631,5,1701.0,3359.0,6.0,10.0,1,507,0,629
632,5,1681.0,3125.0,13.0,11.0,1,508,0,630
633,5,1679.0,3132.0,11.0,8.0,1,509,0,631
634,5,1673.0,3119.0,13.0,10.0,1,510,0,632
635,5,1673.0,3119.0,13.0,10.0,0,510,1,633
636,5,1665.0,3130.0,13.0,9.0,1,511,0,634
637,5,1660.0,3129.0,12.0,8.0,1,512,0,635
638,5,1653.0,3123.0,12.0,9.0,1,513,0,636
639,5,1647.0,3115.0,16.0,13.0,1,514,0,637
640,5,1649.0,3129.0,10.0,11.0,1,515,0,638
641,5,1480.0,3105.0,12.0,10.0,1,516,0,639
642,5,1642.0,3128.0,9.0,6.0,1,517,0,640
643,5,1636.0,3123.0,8.0,12.0,1,518,0,641
644,5,1620.0,3115.0,12.0,9.0,1,519,0,642
645,5,1617.0,3118.0,13.0,12.0,1,520,0,643
646,5,1619.0,3122.0,13.0,10.0,1,521,0,644
647,5,1617.0,3116.0,10.0,8.0,1,522,0,645
648,5,1525.0,3103.0,7.0,8.0,1,523,0,646
649,5,1729.0,2942.0,8.0,6.0,1,524,0,647
650,5,1594.0,3127.0,11.0,9.0,1,525,0,648
651,5,1585.0,3119.0,9.0,6.0,1,526,0,649
652,5,1579.0,3114.0,10.0,9.0,1,527,0,650
653,5,1579.0,3109.0,10.0,11.0,1,528,0,651
654,5,1572.0,3117.0,10.0,11.0,1,529,0,652
655,5,1561.0,3103.0,8.0,9.0,1,530,0,653
656,5,1561.0,3103.0,8.0,9.0,0,530,1,654
657,5,1549.0,3102.0,11.0,10.0,1,531,0,655
658,5,1543.0,3103.0,10.0,12.0,1,532,0,656
659,5,1543.0,3103.0,10.0,12.0,0,532,1,657
660,5,1528.0,3095.0,10.0,10.0,1,533,0,658
661,5,1523.0,3095.0,11.0,10.0,1,534,0,659
662,5,1523.0,3095.0,11.0,10.0,0,534,1,660
663,5,1512.0,3091.0,11.0,10.0,1,535,0,661
664,5,1504.0,3092.0,11.0,9.0,1,536,0,662
665,5,1503.0,3086.0,11.0,11.0,1,537,0,663
666,5,1480.0,3082.0,13.0,12.0,1,538,0,664
667,5,1478.0,3088.0,12.0,10.0,1,539,0,665
668,5,1475.0,3079.0,9.0,10.0,1,540,0,666
669,5,1470.0,3080.0,7.0,9.0,1,541,0,667
670,5,1468.0,3069.0,9.0,11.0,1,542,0,668
671,5,1454.0,3069.0,11.0,12.0,1,543,0,669
672,5,1455.0,3073.0,9.0,10.0,1,544,0,670
673,5,1447.0,3071.0,9.0,9.0,1,545,0,671
674,5,1439.0,3069.0,8.0,8.0,1,546,0,672
675,5,1431.0,3058.0,8.0,10.0,1,547,0,673
676,5,1431.0,3058.0,8.0,10.0,0,547,1,674
677,5,1420.0,3056.0,12.0,10.0,1,548,0,675
678,5,1413.0,3049.0,8.0,6.0,1,549,0,676
679,5,1413.0,3049.0,8.0,6.0,0,549,1,677
680,5,1400.0,3041.0,8.0,13.0,1,550,0,678
681,5,1394.0,3046.0,10.0,12.0,1,551,0,679
682,5,1387.0,3037.0,10.0,9.0,1,552,0,680
683,5,1387.0,3037.0,10.0,9.0,0,552,1,681
684,5,1374.0,3032.0,9.0,8.0,1,553,0,682
685,5,1370.0,3027.0,10.0,10.0,1,554,0,683
686,5,1360.0,3030.0,9.0,7.0,1,555,0,684
687,5,1360.0,3030.0,9.0,7.0,0,555,1,685
688,5,1355.0,3022.0,7.0,6.0,1,556,0,686
689,5,1346.0,3017.0,10.0,10.0,1,557,0,687
690,5,1343.0,3017.0,9.0,9.0,1,558,0,688
691,5,1343.0,3017.0,9.0,9.0,0,558,1,689
692,5,1329.0,3013.0,7.0,5.0,1,559,0,690
693,5,1330.0,3006.0,6.0,6.0,1,560,0,691
694,5,1319.0,2999.0,6.0,6.0,1,561,0,692
695,5,1323.0,3005.0,6.0,8.0,1,562,0,693
696,5,1308.0,3000.0,7.0,8.0,1,563,0,694
697,5,1307.0,2994.0,8.0,7.0,1,564,0,695
698,5,1298.0,2992.0,8.0,5.0,1,565,0,696
699,5,1290.0,2991.0,8.0,8.0,1,566,0,697
700,5,1288.0,2982.0,9.0,8.0,1,567,0,698
701,5,1281.0,2987.0,8.0,7.0,1,568,0,699
702,5,1274.0,2983.0,9.0,11.0,1,569,0,700
703,5,1274.0,2976.0,8.0,5.0,1,570,0,701
704,5,1267.0,2977.0,9.0,9.0,1,571,0,702
705,5,1260.0,2973.0,11.0,11.0,1,572,0,703
706,5,1253.0,2975.0,7.0,6.0,1,573,0,704
707,5,1244.0,2964.0,9.0,11.0,1,574,0,705
708,5,1241.0,2967.0,6.0,7.0,1,575,0,706
709,5,1242.0,2964.0,7.0,7.0,1,576,0,707
710,5,1233.0,2965.0,9.0,9.0,1,577,0,708
711,5,1229.0,2961.0,13.0,7.0,1,578,0,709
712,5,1219.0,2963.0,11.0,7.0,1,579,0,710
713,5,1212.0,2957.0,8.0,7.0,1,580,0,711
714,5,1210.0,2957.0,9.0,7.0,1,581,0,712
715,5,1208.0,2947.0,9.0,10.0,1,582,0,713
716,5,1202.0,2952.0,9.0,8.0,1,583,0,714
717,5,1197.0,2950.0,9.0,8.0,1,584,0,715
718,5,1189.0,2946.0,8.0,8.0,1,585,0,716
718,303,263.0,3049.0,7.0,8.0,1,3,0,3
719,5,1190.0,2941.0,9.0,8.0,1,586,0,717
719,303,263.0,3049.0,7.0,8.0,0,3,1,4
720,5,1181.0,2943.0,7.0,6.0,1,587,0,718
720,303,263.0,3049.0,7.0,8.0,0,3,2,5
721,5,1171.0,2948.0,8.0,5.0,1,588,0,719
721,303,263.0,3049.0,7.0,8.0,0,3,3,6
722,5,1171.0,2937.0,8.0,6.0,1,589,0,720
722,303,263.0,3049.0,7.0,8.0,0,3,4,7
723,5,1175.0,2938.0,9.0,5.0,1,590,0,721
723,303,263.0,3049.0,7.0,8.0,0,3,5,8
724,5,1162.0,2937.0,8.0,6.0,1,591,0,722
724,303,263.0,3049.0,7.0,8.0,0,3,6,9
725,5,1162.0,2937.0,8.0,6.0,0,591,1,723
725,303,263.0,3049.0,7.0,8.0,0,3,7,10
726,5,1153.0,2930.0,8.0,5.0,1,592,0,724
726,303,263.0,3049.0,7.0,8.0,0,3,8,11
727,5,1152.0,2936.0,6.0,5.0,1,593,0,725
727,303,263.0,3049.0,7.0,8.0,0,3,9,12
728,5,1149.0,2931.0,6.0,5.0,1,594,0,726
728,303,263.0,3049.0,7.0,8.0,0,3,10,13
729,5,1142.0,2930.0,7.0,5.0,1,595,0,727
729,303,263.0,3049.0,7.0,8.0,0,3,11,14
730,5,1142.0,2930.0,7.0,5.0,0,595,1,728
730,303,263.0,3049.0,7.0,8.0,0,3,12,15
731,5,1134.0,2929.0,9.0,5.0,1,596,0,729
731,303,263.0,3049.0,7.0,8.0,0,3,13,16
732,5,1125.0,2929.0,7.0,5.0,1,597,0,730
732,303,263.0,3049.0,7.0,8.0,0,3,14,17
733,5,1121.0,2922.0,8.0,5.0,1,598,0,731
733,303,263.0,3049.0,7.0,8.0,0,3,15,18
734,5,1120.0,2927.0,8.0,4.0,1,599,0,732
734,303,263.0,3049.0,7.0,8.0,0,3,16,19
735,5,1117.0,2921.0,8.0,4.0,1,600,0,733
735,303,263.0,3049.0,7.0,8.0,0,3,17,20
736,5,1114.0,2920.0,8.0,5.0,1,601,0,734
736,303,263.0,3049.0,7.0,8.0,0,3,18,21
737,5,1114.0,2920.0,8.0,5.0,0,601,1,735
737,303,263.0,3049.0,7.0,8.0,0,3,19,22
738,5,1104.0,2927.0,9.0,4.0,1,602,0,736
738,303,263.0,3049.0,7.0,8.0,0,3,20,23
739,5,1098.0,2921.0,10.0,5.0,1,603,0,737
739,303,263.0,3049.0,7.0,8.0,0,3,21,24
740,5,1101.0,2927.0,9.0,4.0,1,604,0,738
740,303,263.0,3049.0,7.0,8.0,0,3,22,25
741,5,1101.0,2927.0,9.0,4.0,0,604,1,739
741,303,263.0,3049.0,7.0,8.0,0,3,23,26
742,5,1088.0,2910.0,9.0,5.0,1,605,0,740
742,303,263.0,3049.0,7.0,8.0,0,3,24,27
743,5,1087.0,2912.0,10.0,5.0,1,606,0,741
743,303,263.0,3049.0,7.0,8.0,0,3,25,28
744,5,1082.0,2913.0,9.0,5.0,1,607,0,742
744,303,263.0,3049.0,7.0,8.0,0,3,26,29
745,5,1075.0,2916.0,10.0,5.0,1,608,0,743
745,303,263.0,3049.0,7.0,8.0,0,3,27,30
746,5,1064.0,2915.0,10.0,4.0,1,609,0,744
746,303,263.0,3049.0,7.0,8.0,0,3,28,31
747,5,1069.0,2911.0,9.0,5.0,1,610,0,745
747,303,263.0,3049.0,7.0,8.0,0,3,29,32
748,5,1066.0,2918.0,12.0,5.0,1,611,0,746
749,5,1066.0,2918.0,12.0,5.0,0,611,1,747
750,5,1059.0,2907.0,10.0,5.0,1,612,0,748
751,5,1054.0,2914.0,9.0,4.0,1,613,0,749
752,5,1053.0,2911.0,10.0,5.0,1,614,0,750
753,5,1052.0,2909.0,8.0,5.0,1,615,0,751
754,5,1048.0,2913.0,7.0,4.0,1,616,0,752
755,5,1038.0,2911.0,10.0,4.0,1,617,0,753
756,5,1038.0,2911.0,10.0,4.0,0,617,1,754
757,5,1038.0,2904.0,9.0,5.0,1,618,0,755
758,5,1035.0,2902.0,10.0,6.0,1,619,0,756
759,5,1026.0,2907.0,10.0,4.0,1,620,0,757
760,5,1028.0,2909.0,9.0,4.0,1,621,0,758
761,5,1021.0,2907.0,11.0,4.0,1,622,0,759
762,5,1021.0,2907.0,11.0,4.0,0,622,1,760
763,5,1017.0,2904.0,9.0,5.0,1,623,0,761
764,5,1010.0,2902.0,9.0,4.0,1,624,0,762
765,5,1010.0,2902.0,9.0,4.0,0,624,1,763
766,5,1002.0,2909.0,12.0,5.0,1,625,0,764
767,5,1003.0,2910.0,8.0,5.0,1,626,0,765
768,5,999.0,2903.0,7.0,4.0,1,627,0,766
769,5,994.0,2907.0,8.0,5.0,1,628,0,767
770,5,997.0,2903.0,8.0,5.0,1,629,0,768
771,5,997.0,2903.0,8.0,5.0,0,629,1,769
772,5,986.0,2902.0,9.0,5.0,1,630,0,770
773,5,984.0,2898.0,10.0,5.0,1,631,0,771
774,5,973.0,2907.0,10.0,5.0,1,632,0,772
775,5,983.0,2904.0,9.0,5.0,1,633,0,773
776,5,974.0,2901.0,9.0,5.0,1,634,0,774
777,5,968.0,2902.0,11.0,4.0,1,635,0,775
778,5,962.0,2905.0,12.0,6.0,1,636,0,776
779,5,958.0,2903.0,12.0,6.0,1,637,0,777
780,5,963.0,2904.0,11.0,6.0,1,638,0,778
781,5,961.0,2901.0,10.0,5.0,1,639,0,779
782,5,961.0,2901.0,10.0,5.0,0,639,1,780
783,5,953.0,2903.0,10.0,6.0,1,640,0,781
784,5,947.0,2906.0,10.0,6.0,1,641,0,782
785,5,945.0,2898.0,10.0,6.0,1,642,0,783
786,5,946.0,2900.0,11.0,11.0,1,643,0,784
787,5,941.0,2902.0,7.0,8.0,1,644,0,785
788,5,936.0,2897.0,10.0,11.0,1,645,0,786
789,5,931.0,2904.0,8.0,12.0,1,646,0,787
790,5,931.0,2904.0,8.0,12.0,0,646,1,788
791,5,930.0,2904.0,10.0,12.0,1,647,0,789
792,5,924.0,2904.0,9.0,9.0,1,648,0,790
793,5,924.0,2904.0,9.0,9.0,0,648,1,791
794,5,919.0,2901.0,11.0,10.0,1,649,0,792
795,5,912.0,2904.0,8.0,10.0,1,650,0,793
796,5,913.0,2904.0,9.0,10.0,1,651,0,794
797,5,913.0,2904.0,9.0,10.0,0,651,1,795
798,5,904.0,2902.0,10.0,8.0,1,652,0,796
799,5,901.0,2903.0,10.0,10.0,1,653,0,797
800,5,909.0,2906.0,8.0,5.0,1,654,0,798
801,5,889.0,2898.0,16.0,11.0,1,655,0,799
802,5,888.0,2899.0,7.0,5.0,1,656,0,800
803,5,883.0,2899.0,10.0,11.0,1,657,0,801
804,5,883.0,2899.0,8.0,7.0,1,658,0,802
805,5,878.0,2889.0,8.0,12.0,1,659,0,803
806,5,878.0,2896.0,10.0,10.0,1,660,0,804
807,5,868.0,2895.0,11.0,10.0,1,661,0,805
808,5,862.0,2888.0,10.0,8.0,1,662,0,806
809,5,857.0,2886.0,8.0,11.0,1,663,0,807
810,5,857.0,2884.0,10.0,10.0,1,664,0,808
811,5,850.0,2884.0,12.0,10.0,1,665,0,809
812,5,854.0,2886.0,10.0,10.0,1,666,0,810
813,5,844.0,2877.0,11.0,7.0,1,667,0,811
814,5,836.0,2874.0,10.0,11.0,1,668,0,812
815,5,826.0,2879.0,10.0,7.0,1,669,0,813
816,5,833.0,2882.0,8.0,9.0,1,670,0,814
817,5,825.0,2878.0,8.0,6.0,1,671,0,815
818,5,823.0,2866.0,10.0,13.0,1,672,0,816
819,5,823.0,2866.0,10.0,13.0,0,672,1,817
820,5,813.0,2872.0,12.0,8.0,1,673,0,818
821,5,813.0,2872.0,12.0,8.0,0,673,1,819
822,5,798.0,2860.0,11.0,8.0,1,674,0,820
823,5,798.0,2857.0,7.0,11.0,1,675,0,821
824,5,798.0,2857.0,7.0,11.0,0,675,1,822
825,5,787.0,2854.0,13.0,11.0,1,676,0,823
826,5,787.0,2862.0,11.0,8.0,1,677,0,824
827,5,787.0,2862.0,11.0,8.0,0,677,1,825
828,5,773.0,2839.0,10.0,12.0,1,678,0,826
829,5,767.0,2850.0,11.0,10.0,1,679,0,827
830,5,760.0,2844.0,8.0,10.0,1,680,0,828
831,5,757.0,2842.0,12.0,6.0,1,681,0,829
832,5,754.0,2834.0,12.0,10.0,1,682,0,830
833,5,746.0,2830.0,11.0,13.0,1,683,0,831
834,5,746.0,2830.0,11.0,13.0,0,683,1,832
835,5,734.0,2841.0,10.0,11.0,1,684,0,833
836,5,731.0,2832.0,8.0,10.0,1,685,0,834
837,5,731.0,2832.0,8.0,10.0,0,685,1,835
838,5,727.0,2823.0,9.0,10.0,1,686,0,836
839,5,715.0,2824.0,12.0,13.0,1,687,0,837
840,5,714.0,2827.0,10.0,9.0,1,688,0,838
841,5,714.0,2827.0,10.0,9.0,0,688,1,839
842,5,714.0,2827.0,10.0,9.0,0,688,2,840
843,5,714.0,2827.0,10.0,9.0,0,688,3,841
844,5,690.0,2813.0,9.0,10.0,1,689,0,842
845,5,690.0,2813.0,9.0,10.0,0,689,1,843
846,5,690.0,2813.0,9.0,10.0,0,689,2,844
847,5,669.0,2797.0,10.0,12.0,1,690,0,845
848,5,665.0,2808.0,9.0,9.0,1,691,0,846
849,5,665.0,2808.0,9.0,9.0,0,691,1,847
850,5,664.0,2806.0,7.0,6.0,1,692,0,848
851,5,652.0,2799.0,10.0,6.0,1,693,0,849
852,5,650.0,2798.0,8.0,8.0,1,694,0,850
853,5,641.0,2792.0,8.0,6.0,1,695,0,851
854,5,636.0,2791.0,10.0,10.0,1,696,0,852
855,5,634.0,2797.0,9.0,8.0,1,697,0,853
856,5,631.0,2787.0,10.0,9.0,1,698,0,854
857,5,620.0,2788.0,11.0,9.0,1,699,0,855
858,5,615.0,2789.0,10.0,9.0,1,700,0,856
859,5,558.0,2790.0,10.0,13.0,1,701,0,857
860,5,607.0,2786.0,11.0,6.0,1,702,0,858
861,5,607.0,2786.0,11.0,6.0,0,702,1,859
862,5,607.0,2786.0,11.0,6.0,0,702,2,860
863,5,607.0,2786.0,11.0,6.0,0,702,3,861
864,5,577.0,2775.0,13.0,8.0,1,703,0,862
865,5,580.0,2777.0,14.0,9.0,1,704,0,863
866,5,570.0,2777.0,12.0,7.0,1,705,0,864
867,5,424.0,2804.0,10.0,9.0,1,706,0,865
868,5,565.0,2774.0,10.0,6.0,1,707,0,866
869,5,552.0,2771.0,10.0,5.0,1,708,0,867
870,5,557.0,2777.0,10.0,4.0,1,709,0,868
871,5,551.0,2767.0,10.0,5.0,1,710,0,869
872,5,547.0,2770.0,10.0,5.0,1,711,0,870
873,5,544.0,2768.0,9.0,5.0,1,712,0,871
874,5,537.0,2769.0,7.0,4.0,1,713,0,872
875,5,537.0,2769.0,7.0,4.0,0,713,1,873
876,5,524.0,2768.0,8.0,5.0,1,714,0,874
877,5,523.0,2766.0,8.0,4.0,1,715,0,875
878,5,524.0,2763.0,9.0,5.0,1,716,0,876
879,5,512.0,2761.0,10.0,5.0,1,717,0,877
880,5,509.0,2769.0,9.0,5.0,1,718,0,878
881,5,503.0,2760.0,10.0,5.0,1,719,0,879
882,5,503.0,2760.0,10.0,5.0,0,719,1,880
883,5,495.0,2758.0,10.0,5.0,1,720,0,881
884,5,494.0,2757.0,10.0,5.0,1,721,0,882
885,5,487.0,2758.0,9.0,5.0,1,722,0,883
886,5,490.0,2759.0,10.0,4.0,1,723,0,884
887,5,490.0,2759.0,10.0,4.0,0,723,1,885
888,5,490.0,2759.0,10.0,4.0,0,723,2,886
889,5,490.0,2759.0,10.0,4.0,0,723,3,887
890,5,467.0,2749.0,10.0,5.0,1,724,0,888
891,5,465.0,2752.0,10.0,5.0,1,725,0,889
892,5,465.0,2752.0,10.0,5.0,0,725,1,890
893,5,462.0,2753.0,11.0,5.0,1,726,0,891
894,5,450.0,2749.0,10.0,6.0,1,727,0,892
895,5,447.0,2742.0,10.0,5.0,1,728,0,893
896,5,444.0,2744.0,10.0,5.0,1,729,0,894
897,5,447.0,2744.0,12.0,7.0,1,730,0,895
898,5,439.0,2747.0,14.0,5.0,1,731,0,896
899,5,442.0,2740.0,12.0,6.0,1,732,0,897
900,5,438.0,2739.0,12.0,5.0,1,733,0,898
901,5,438.0,2739.0,12.0,5.0,0,733,1,899
902,5,428.0,2739.0,11.0,5.0,1,734,0,900
903,5,428.0,2739.0,11.0,5.0,0,734,1,901
904,5,428.0,2739.0,11.0,5.0,0,734,2,902
905,5,416.0,2735.0,11.0,5.0,1,735,0,903
906,5,411.0,2737.0,10.0,5.0,1,736,0,904
907,5,411.0,2737.0,11.0,5.0,1,737,0,905
908,5,410.0,2737.0,10.0,5.0,1,738,0,906
909,5,410.0,2737.0,10.0,5.0,0,738,1,907
910,5,406.0,2737.0,11.0,6.0,1,739,0,908
911,5,406.0,2737.0,11.0,6.0,0,739,1,909
912,5,394.0,2730.0,10.0,6.0,1,740,0,910
913,5,395.0,2736.0,9.0,7.0,1,741,0,911
914,5,391.0,2734.0,7.0,5.0,1,742,0,912
915,5,394.0,2737.0,9.0,6.0,1,743,0,913
916,5,386.0,2737.0,8.0,5.0,1,744,0,914
917,5,380.0,2736.0,9.0,6.0,1,745,0,915
918,5,382.0,2742.0,8.0,6.0,1,746,0,916
919,5,382.0,2742.0,8.0,6.0,0,746,1,917
920,5,377.0,2740.0,7.0,7.0,1,747,0,918
921,5,373.0,2740.0,7.0,7.0,1,748,0,919
922,5,365.0,2740.0,8.0,7.0,1,749,0,920
923,5,365.0,2740.0,8.0,7.0,0,749,1,921
924,5,365.0,2740.0,8.0,7.0,0,749,2,922
925,5,361.0,2744.0,8.0,9.0,1,750,0,923
926,5,353.0,2746.0,8.0,8.0,1,751,0,924
927,5,353.0,2746.0,8.0,8.0,0,751,1,925
928,5,346.0,2750.0,7.0,8.0,1,752,0,926
929,5,341.0,2746.0,8.0,9.0,1,753,0,927
930,5,335.0,2753.0,9.0,9.0,1,754,0,928
931,5,342.0,2754.0,9.0,8.0,1,755,0,929
932,5,342.0,2754.0,9.0,8.0,0,755,1,930
933,5,332.0,2750.0,9.0,9.0,1,756,0,931
934,5,331.0,2752.0,10.0,9.0,1,757,0,932
935,5,322.0,2761.0,9.0,7.0,1,758,0,933
936,5,323.0,2754.0,10.0,8.0,1,759,0,934
937,5,318.0,2755.0,9.0,9.0,1,760,0,935
938,5,316.0,2761.0,10.0,9.0,1,761,0,936
939,5,316.0,2761.0,10.0,9.0,0,761,1,937
940,5,311.0,2760.0,12.0,9.0,1,762,0,938
941,5,308.0,2769.0,13.0,9.0,1,763,0,939
942,5,308.0,2769.0,13.0,9.0,0,763,1,940
943,5,302.0,2766.0,12.0,9.0,1,764,0,941
944,5,303.0,2773.0,13.0,8.0,1,765,0,942
945,5,290.0,2767.0,13.0,7.0,1,766,0,943
946,5,291.0,2773.0,11.0,7.0,1,767,0,944
947,5,291.0,2773.0,11.0,7.0,0,767,1,945
948,5,291.0,2773.0,11.0,7.0,0,767,2,946
949,5,283.0,2776.0,12.0,7.0,1,768,0,947
950,5,282.0,2776.0,14.0,8.0,1,769,0,948
951,5,279.0,2782.0,15.0,8.0,1,770,0,949
952,5,278.0,2781.0,13.0,7.0,1,771,0,950
953,5,277.0,2783.0,11.0,8.0,1,772,0,951
954,5,264.0,2780.0,15.0,10.0,1,773,0,952
955,5,272.0,2786.0,11.0,6.0,1,774,0,953
956,5,267.0,2793.0,10.0,10.0,1,775,0,954
957,5,266.0,2786.0,9.0,7.0,1,776,0,955
958,5,262.0,2780.0,11.0,11.0,1,777,0,956
959,5,252.0,2790.0,15.0,5.0,1,778,0,957
960,5,257.0,2788.0,13.0,9.0,1,779,0,958
961,5,254.0,2789.0,9.0,7.0,1,780,0,959
962,5,254.0,2789.0,9.0,7.0,0,780,1,960
963,5,237.0,2784.0,16.0,7.0,1,781,0,961
964,5,237.0,2784.0,16.0,7.0,0,781,1,962
965,5,233.0,2789.0,5.0,7.0,1,782,0,963
966,5,227.0,2790.0,10.0,10.0,1,783,0,964
967,5,221.0,2792.0,16.0,10.0,1,784,0,965
968,5,223.0,2800.0,13.0,9.0,1,785,0,966
969,5,212.0,2791.0,11.0,10.0,1,786,0,967
970,5,212.0,2791.0,11.0,10.0,0,786,1,968
971,5,206.0,2785.0,11.0,9.0,1,787,0,969
972,5,201.0,2789.0,14.0,11.0,1,788,0,970
973,5,203.0,2787.0,10.0,7.0,1,789,0,971
974,5,194.0,2793.0,9.0,8.0,1,790,0,972
975,5,184.0,2779.0,15.0,12.0,1,791,0,973
976,5,178.0,2792.0,9.0,7.0,1,792,0,974
977,5,182.0,2789.0,9.0,7.0,1,793,0,975
978,5,182.0,2789.0,9.0,7.0,0,793,1,976
979,5,182.0,2789.0,9.0,7.0,0,793,2,977
980,5,166.0,2779.0,13.0,8.0,1,794,0,978
981,5,155.0,2773.0,9.0,8.0,1,795,0,979
982,5,150.0,2776.0,10.0,6.0,1,796,0,980
983,5,142.0,2769.0,10.0,10.0,1,797,0,981
984,5,142.0,2770.0,11.0,6.0,1,798,0,982
985,5,132.0,2769.0,9.0,10.0,1,799,0,983
986,5,123.0,2756.0,9.0,5.0,1,800,0,984
987,5,119.0,2755.0,10.0,14.0,1,801,0,985
988,5,111.0,2757.0,12.0,9.0,1,802,0,986
989,5,107.0,2757.0,10.0,12.0,1,803,0,987
990,5,101.0,2758.0,10.0,8.0,1,804,0,988
991,5,101.0,2752.0,9.0,7.0,1,805,0,989
992,5,88.0,2744.0,13.0,14.0,1,806,0,990
993,5,87.0,2746.0,9.0,4.0,1,807,0,991
994,5,79.0,2739.0,12.0,10.0,1,808,0,992
995,5,80.0,2740.0,8.0,5.0,1,809,0,993
996,5,65.0,2737.0,9.0,8.0,1,810,0,994
997,5,65.0,2725.0,9.0,11.0,1,811,0,995
998,5,65.0,2725.0,9.0,11.0,0,811,1,996
999,5,49.0,2722.0,14.0,9.0,1,812,0,997
1000,5,51.0,2727.0,9.0,4.0,1,813,0,998
1001,5,45.0,2716.0,10.0,8.0,1,814,0,999
1002,5,38.0,2710.0,10.0,10.0,1,815,0,1000
1003,5,27.0,2717.0,10.0,8.0,1,816,0,1001
1004,5,27.0,2717.0,10.0,8.0,0,816,1,1002
1005,5,27.0,2717.0,10.0,8.0,0,816,2,1003
1006,5,9.0,2707.0,11.0,10.0,1,817,0,1004
1007,5,9.0,2701.0,10.0,9.0,1,818,0,1005
1008,5,1.0,2703.0,7.0,9.0,1,819,0,1006
