frame_number,track_id,x,y,w,h,matched,detection_count,missed_frame_count,age_frames
2,0,1850.0,3449.0,23.0,14.0,1,3,0,3
3,0,1850.0,3449.0,23.0,14.0,0,3,1,4
4,0,1849.0,3440.0,19.0,12.0,1,4,0,5
5,0,1855.0,3431.0,9.0,14.0,1,5,0,6
6,0,1855.0,3431.0,9.0,14.0,0,5,1,7
7,0,1855.0,3431.0,9.0,14.0,0,5,2,8
8,0,1846.0,3426.0,14.0,11.0,1,6,0,9
9,0,1843.0,3420.0,18.0,9.0,1,7,0,10
10,0,1844.0,3415.0,13.0,11.0,1,8,0,11
11,0,1844.0,3415.0,13.0,11.0,0,8,1,12
12,0,1835.0,3411.0,22.0,10.0,1,9,0,13
13,0,1835.0,3410.0,18.0,8.0,1,10,0,14
14,0,1833.0,3407.0,17.0,9.0,1,11,0,15
15,0,1830.0,3403.0,21.0,9.0,1,12,0,16
16,0,1828.0,3399.0,20.0,10.0,1,13,0,17
17,0,1827.0,3398.0,20.0,6.0,1,14,0,18
18,0,1825.0,3395.0,18.0,5.0,1,15,0,19
19,0,1825.0,3395.0,18.0,5.0,0,15,1,20
20,0,1823.0,3390.0,19.0,6.0,1,16,0,21
21,0,1823.0,3387.0,18.0,6.0,1,17,0,22
22,0,1820.0,3383.0,20.0,8.0,1,18,0,23
23,0,1819.0,3381.0,22.0,8.0,1,19,0,24
24,0,1817.0,3379.0,20.0,7.0,1,20,0,25
25,0,1816.0,3376.0,20.0,7.0,1,21,0,26
26,0,1815.0,3374.0,19.0,7.0,1,22,0,27
27,0,1813.0,3372.0,20.0,7.0,1,23,0,28
28,0,1813.0,3372.0,20.0,7.0,0,23,1,29
29,0,1813.0,3372.0,20.0,7.0,0,23,2,30
30,0,1809.0,3364.0,21.0,10.0,1,24,0,31
31,0,1808.0,3362.0,22.0,10.0,1,25,0,32
32,0,1807.0,3360.0,19.0,11.0,1,26,0,33
33,0,1805.0,3359.0,19.0,12.0,1,27,0,34
34,0,1803.0,3358.0,19.0,10.0,1,28,0,35
35,0,1801.0,3357.0,19.0,10.0,1,29,0,36
36,0,1800.0,3355.0,19.0,10.0,1,30,0,37
37,0,1798.0,3355.0,17.0,9.0,1,31,0,38
38,0,1796.0,3354.0,19.0,11.0,1,32,0,39
39,0,1795.0,3353.0,18.0,8.0,1,33,0,40
40,0,1793.0,3351.0,17.0,9.0,1,34,0,41
41,0,1791.0,3351.0,17.0,8.0,1,35,0,42
42,0,1789.0,3350.0,21.0,10.0,1,36,0,43
43,0,1788.0,3352.0,21.0,6.0,1,37,0,44
44,0,1786.0,3351.0,23.0,8.0,1,38,0,45
45,0,1785.0,3350.0,23.0,8.0,1,39,0,46
46,0,1783.0,3350.0,22.0,7.0,1,40,0,47
47,0,1781.0,3350.0,17.0,6.0,1,41,0,48
48,0,1781.0,3350.0,17.0,6.0,0,41,1,49
49,0,1781.0,3350.0,17.0,6.0,0,41,2,50
50,0,1776.0,3349.0,15.0,6.0,1,42,0,51
51,0,1774.0,3349.0,16.0,6.0,1,43,0,52
52,0,1771.0,3348.0,18.0,7.0,1,44,0,53
53,0,1771.0,3348.0,17.0,6.0,1,45,0,54
54,0,1769.0,3348.0,17.0,6.0,1,46,0,55
55,0,1768.0,3348.0,17.0,6.0,1,47,0,56
56,0,1766.0,3348.0,17.0,6.0,1,48,0,57
57,0,1765.0,3348.0,16.0,6.0,1,49,0,58
58,0,1764.0,3348.0,17.0,6.0,1,50,0,59
59,0,1764.0,3348.0,17.0,6.0,0,50,1,60
60,0,1764.0,3348.0,17.0,6.0,0,50,2,61
61,0,1763.0,3174.0,9.0,6.0,1,51,0,62
62,0,1757.0,3348.0,18.0,7.0,1,52,0,63
63,0,1757.0,3348.0,18.0,7.0,0,52,1,64
64,0,1757.0,3348.0,18.0,7.0,0,52,2,65
65,0,1756.0,3348.0,16.0,6.0,1,53,0,66
66,0,1756.0,3348.0,16.0,6.0,0,53,1,67
67,0,1754.0,3347.0,17.0,8.0,1,54,0,68
68,0,1752.0,3349.0,17.0,8.0,1,55,0,69
69,0,1751.0,3349.0,16.0,6.0,1,56,0,70
70,0,1750.0,3350.0,17.0,8.0,1,57,0,71
71,0,1749.0,3349.0,18.0,8.0,1,58,0,72
72,0,1749.0,3352.0,18.0,11.0,1,59,0,73
73,0,1750.0,3350.0,14.0,12.0,1,60,0,74
74,0,1750.0,3346.0,17.0,15.0,1,61,0,75
75,0,1746.0,3347.0,20.0,14.0,1,62,0,76
76,0,1743.0,3354.0,21.0,10.0,1,63,0,77
77,0,1746.0,3357.0,14.0,14.0,1,64,0,78
78,0,1746.0,3357.0,14.0,14.0,0,64,1,79
78,32,2143.0,3031.0,5.0,5.0,1,3,0,3
79,0,1748.0,3351.0,12.0,13.0,1,65,0,80
79,32,2136.0,3028.0,5.0,7.0,1,4,0,4
80,0,1748.0,3351.0,12.0,13.0,0,65,1,81
80,32,2129.0,3031.0,8.0,5.0,1,5,0,5
81,0,1742.0,3358.0,18.0,17.0,1,66,0,82
81,32,2129.0,3031.0,8.0,5.0,0,5,1,6
82,0,1744.0,3359.0,12.0,10.0,1,67,0,83
82,32,2117.0,3030.0,8.0,4.0,1,6,0,7
83,0,1744.0,3359.0,12.0,10.0,0,67,1,84
83,32,2111.0,3030.0,7.0,6.0,1,7,0,8
84,0,1739.0,3356.0,20.0,13.0,1,68,0,85
84,32,2128.0,3030.0,10.0,8.0,1,8,0,9
84,38,2156.0,3031.0,3.0,5.0,1,3,0,3
85,0,1744.0,3365.0,15.0,7.0,1,69,0,86
85,32,2121.0,3028.0,11.0,10.0,1,9,0,10
85,38,2150.0,3029.0,6.0,6.0,1,4,0,4
86,0,1744.0,3365.0,15.0,7.0,0,69,1,87
86,32,2117.0,3029.0,9.0,8.0,1,10,0,11
86,38,2150.0,3029.0,6.0,6.0,0,4,1,5
87,0,1738.0,3363.0,14.0,7.0,1,70,0,88
87,32,2109.0,3029.0,10.0,7.0,1,11,0,12
87,38,2138.0,3030.0,6.0,7.0,1,5,0,6
87,41,2087.0,3030.0,7.0,6.0,1,3,0,3
87,42,2130.0,3030.0,7.0,6.0,1,3,0,3
88,0,1734.0,3358.0,19.0,13.0,1,71,0,89
88,32,2122.0,3031.0,7.0,6.0,1,12,0,13
88,38,2143.0,3031.0,9.0,5.0,1,6,0,7
88,41,2081.0,3031.0,7.0,6.0,1,4,0,4
88,42,2132.0,3030.0,7.0,6.0,1,4,0,4
89,0,1738.0,3366.0,14.0,6.0,1,72,0,90
89,32,2117.0,3030.0,8.0,8.0,1,13,0,14
89,38,2136.0,3029.0,10.0,11.0,1,7,0,8
89,41,2075.0,3030.0,6.0,8.0,1,5,0,5
89,42,2127.0,3029.0,5.0,6.0,1,5,0,5
90,0,1730.0,3367.0,17.0,10.0,1,73,0,91
90,32,2111.0,3030.0,8.0,7.0,1,14,0,15
90,38,2130.0,3031.0,10.0,9.0,1,8,0,9
90,41,2068.0,3030.0,7.0,6.0,1,6,0,6
90,42,2121.0,3031.0,6.0,5.0,1,6,0,6
91,0,1732.0,3364.0,14.0,7.0,1,74,0,92
91,32,2113.0,3031.0,7.0,6.0,1,15,0,16
91,38,2138.0,3028.0,8.0,5.0,1,9,0,10
91,41,2059.0,3029.0,11.0,8.0,1,7,0,7
91,42,2124.0,3030.0,10.0,7.0,1,7,0,7
92,0,1726.0,3358.0,21.0,14.0,1,75,0,93
92,32,2105.0,3031.0,11.0,5.0,1,16,0,17
92,38,2133.0,3029.0,7.0,6.0,1,10,0,11
92,41,2055.0,3030.0,8.0,7.0,1,8,0,8
92,42,2119.0,3030.0,10.0,8.0,1,8,0,8
93,0,1722.0,3363.0,25.0,9.0,1,76,0,94
93,32,2103.0,3027.0,7.0,9.0,1,17,0,18
93,38,2128.0,3029.0,8.0,6.0,1,11,0,12
93,41,2073.0,3030.0,9.0,8.0,1,9,0,9
93,42,2113.0,3030.0,10.0,9.0,1,9,0,9
93,49,2142.0,3028.0,9.0,5.0,1,3,0,3
94,0,1722.0,3363.0,25.0,9.0,0,76,1,95
94,32,2097.0,3030.0,7.0,6.0,1,18,0,19
94,38,2121.0,3027.0,8.0,6.0,1,12,0,13
94,41,2065.0,3026.0,12.0,10.0,1,10,0,10
94,42,2107.0,3030.0,11.0,8.0,1,10,0,10
94,49,2149.0,3026.0,7.0,4.0,1,4,0,4
94,50,2087.0,3027.0,7.0,11.0,1,3,0,3
95,0,1723.0,3361.0,10.0,12.0,1,77,0,96
95,32,2100.0,3031.0,10.0,7.0,1,19,0,20
95,38,2115.0,3029.0,7.0,6.0,1,13,0,14
95,41,2062.0,3030.0,7.0,6.0,1,11,0,11
95,42,2107.0,3030.0,11.0,8.0,0,10,1,11
95,49,2143.0,3026.0,7.0,6.0,1,5,0,5
95,50,2080.0,3030.0,8.0,7.0,1,4,0,4
96,0,1721.0,3358.0,15.0,12.0,1,78,0,97
96,32,2094.0,3030.0,10.0,7.0,1,20,0,21
96,38,2115.0,3029.0,7.0,6.0,0,13,1,15
96,41,2062.0,3030.0,7.0,6.0,0,11,1,12
96,42,2108.0,3030.0,9.0,6.0,1,11,0,12
96,49,2137.0,3026.0,8.0,6.0,1,6,0,6
96,50,2080.0,3030.0,8.0,7.0,0,4,1,5
96,53,2031.0,3031.0,7.0,6.0,1,3,0,3
97,0,1716.0,3357.0,18.0,12.0,1,79,0,98
97,32,2068.0,3030.0,8.0,9.0,1,21,0,22
97,38,2131.0,3025.0,8.0,6.0,1,14,0,16
97,41,2049.0,3031.0,10.0,9.0,1,12,0,13
97,42,2103.0,3029.0,8.0,8.0,1,12,0,13
97,49,2142.0,3023.0,11.0,7.0,1,7,0,7
97,50,2078.0,3028.0,7.0,8.0,1,5,0,6
97,53,2025.0,3031.0,9.0,6.0,1,4,0,4
98,0,1719.0,3363.0,13.0,9.0,1,80,0,99
98,32,2071.0,3031.0,9.0,4.0,1,22,0,23
98,38,2125.0,3025.0,8.0,6.0,1,15,0,17
98,41,2042.0,3028.0,11.0,10.0,1,13,0,14
98,42,2096.0,3027.0,8.0,8.0,1,13,0,14
98,49,2137.0,3023.0,9.0,7.0,1,8,0,8
98,50,2062.0,3030.0,8.0,8.0,1,6,0,7
98,53,2019.0,3029.0,8.0,8.0,1,5,0,5
99,0,1711.0,3360.0,16.0,13.0,1,81,0,100
99,32,2065.0,3031.0,6.0,5.0,1,23,0,24
99,38,2105.0,3027.0,9.0,6.0,1,16,0,18
99,41,2037.0,3029.0,9.0,9.0,1,14,0,15
99,42,2090.0,3026.0,9.0,9.0,1,14,0,15
99,49,2144.0,3024.0,7.0,5.0,1,9,0,9
99,50,2056.0,3030.0,7.0,8.0,1,7,0,8
99,53,2010.0,3031.0,12.0,6.0,1,6,0,6
100,0,1712.0,3359.0,16.0,7.0,1,82,0,101
100,32,2058.0,3030.0,6.0,5.0,1,24,0,25
100,38,2084.0,3030.0,9.0,7.0,1,17,0,19
100,41,2029.0,3029.0,9.0,10.0,1,15,0,16
100,42,2071.0,3030.0,10.0,7.0,1,15,0,16
100,49,2125.0,3023.0,10.0,8.0,1,10,0,10
100,50,2048.0,3030.0,9.0,9.0,1,8,0,9
100,53,2005.0,3030.0,9.0,7.0,1,7,0,7
101,0,1712.0,3359.0,16.0,7.0,0,82,1,102
101,32,2051.0,3029.0,7.0,5.0,1,25,0,26
101,38,2095.0,3027.0,7.0,7.0,1,18,0,20
101,41,2023.0,3029.0,10.0,9.0,1,16,0,17
101,42,2079.0,3031.0,8.0,5.0,1,16,0,17
101,49,2133.0,3023.0,6.0,5.0,1,11,0,11
101,50,2043.0,3030.0,9.0,8.0,1,9,0,10
101,53,1999.0,3030.0,9.0,7.0,1,8,0,8
102,0,1712.0,3359.0,16.0,7.0,0,82,2,103
102,32,2046.0,3031.0,6.0,4.0,1,26,0,27
102,38,2089.0,3028.0,8.0,5.0,1,19,0,21
102,41,2023.0,3029.0,10.0,9.0,0,16,1,18
102,42,2073.0,3028.0,8.0,7.0,1,17,0,18
102,49,2127.0,3025.0,7.0,4.0,1,12,0,12
102,50,2043.0,3030.0,9.0,8.0,0,9,1,11
102,53,1993.0,3029.0,9.0,7.0,1,9,0,9
103,0,1702.0,3356.0,18.0,12.0,1,83,0,104
103,32,2046.0,3031.0,6.0,4.0,0,26,1,28
103,38,2096.0,3026.0,8.0,5.0,1,20,0,22
103,41,2010.0,3030.0,9.0,7.0,1,17,0,19
103,42,2082.0,3027.0,8.0,6.0,1,18,0,19
103,49,2140.0,3023.0,6.0,5.0,1,13,0,13
103,50,2043.0,3030.0,9.0,8.0,0,9,2,12
103,53,1985.0,3029.0,10.0,8.0,1,10,0,10
103,61,2109.0,3023.0,9.0,8.0,1,3,0,3
103,62,2051.0,3031.0,11.0,7.0,1,3,0,3
103,63,2121.0,3025.0,7.0,5.0,1,3,0,3
104,0,1702.0,3355.0,13.0,8.0,1,84,0,105
104,32,2046.0,3030.0,10.0,8.0,1,27,0,29
104,38,2089.0,3026.0,9.0,7.0,1,21,0,23
104,41,2004.0,3030.0,10.0,7.0,1,18,0,20
104,42,2075.0,3028.0,9.0,5.0,1,19,0,20
104,49,2151.0,3023.0,7.0,6.0,1,14,0,14
104,50,2023.0,3030.0,9.0,9.0,1,10,0,13
104,53,1980.0,3030.0,8.0,9.0,1,11,0,11
104,61,2102.0,3024.0,10.0,7.0,1,4,0,4
104,62,2060.0,3029.0,8.0,6.0,1,4,0,4
104,63,2122.0,3020.0,8.0,5.0,1,4,0,4
105,0,1700.0,3350.0,17.0,11.0,1,85,0,106
105,32,2040.0,3030.0,9.0,8.0,1,28,0,30
105,38,2084.0,3026.0,8.0,6.0,1,22,0,24
105,41,1999.0,3029.0,9.0,8.0,1,19,0,21
105,42,2075.0,3028.0,9.0,5.0,0,19,1,21
105,49,2145.0,3022.0,7.0,6.0,1,15,0,15
105,50,2018.0,3029.0,8.0,10.0,1,11,0,14
105,53,1975.0,3031.0,6.0,7.0,1,12,0,12
105,61,2097.0,3025.0,7.0,7.0,1,5,0,5
105,62,2054.0,3030.0,8.0,6.0,1,5,0,5
105,63,2127.0,3021.0,7.0,5.0,1,5,0,5
106,0,1694.0,3346.0,19.0,15.0,1,86,0,107
106,32,2033.0,3031.0,10.0,7.0,1,29,0,31
106,38,2078.0,3026.0,9.0,5.0,1,23,0,25
106,41,1993.0,3029.0,9.0,8.0,1,20,0,22
106,42,2063.0,3027.0,9.0,6.0,1,20,0,22
106,49,2154.0,3023.0,5.0,4.0,1,16,0,16
106,50,2013.0,3030.0,7.0,8.0,1,12,0,15
106,53,1969.0,3031.0,6.0,7.0,1,13,0,13
106,61,2092.0,3025.0,8.0,7.0,1,6,0,6
106,62,2049.0,3030.0,7.0,5.0,1,6,0,6
106,63,2122.0,3023.0,6.0,5.0,1,6,0,6
107,0,1690.0,3351.0,23.0,10.0,1,87,0,108
107,32,2026.0,3030.0,10.0,7.0,1,30,0,32
107,38,2072.0,3026.0,9.0,6.0,1,24,0,26
107,41,1985.0,3030.0,8.0,9.0,1,21,0,23
107,42,2058.0,3028.0,9.0,5.0,1,21,0,23
107,49,2154.0,3023.0,5.0,4.0,0,16,1,17
107,50,2006.0,3028.0,7.0,10.0,1,13,0,16
107,53,1969.0,3031.0,6.0,7.0,0,13,1,14
107,61,2098.0,3027.0,7.0,5.0,1,7,0,7
107,62,2043.0,3028.0,7.0,7.0,1,7,0,7
107,63,2122.0,3023.0,6.0,5.0,0,6,1,7
108,0,1691.0,3348.0,15.0,13.0,1,88,0,109
108,32,2021.0,3031.0,10.0,6.0,1,31,0,33
108,38,2066.0,3027.0,8.0,5.0,1,25,0,27
108,41,1979.0,3031.0,11.0,8.0,1,22,0,24
108,42,2058.0,3028.0,9.0,5.0,0,21,1,24
108,49,2154.0,3023.0,5.0,4.0,0,16,2,18
108,50,1999.0,3030.0,9.0,9.0,1,14,0,17
108,53,1955.0,3031.0,9.0,8.0,1,14,0,15
108,61,2094.0,3025.0,5.0,5.0,1,8,0,8
108,62,2036.0,3030.0,9.0,6.0,1,8,0,8
108,63,2122.0,3023.0,6.0,5.0,0,6,2,8
108,67,2110.0,3022.0,7.0,6.0,1,3,0,3
108,68,2142.0,3024.0,6.0,5.0,1,3,0,3
108,69,2010.0,3031.0,9.0,6.0,1,3,0,3
108,70,2101.0,3020.0,7.0,6.0,1,3,0,3
109,0,1690.0,3346.0,15.0,6.0,1,89,0,110
109,32,2014.0,3031.0,11.0,6.0,1,32,0,34
109,38,2073.0,3026.0,9.0,7.0,1,26,0,28
109,41,1979.0,3031.0,11.0,8.0,0,22,1,25
109,42,2058.0,3028.0,9.0,5.0,0,21,2,25
109,49,2151.0,3022.0,7.0,6.0,1,17,0,19
109,50,1992.0,3029.0,9.0,11.0,1,15,0,18
109,53,1955.0,3031.0,9.0,8.0,0,14,1,16
109,61,2087.0,3026.0,6.0,4.0,1,9,0,9
109,62,2029.0,3030.0,9.0,7.0,1,9,0,9
109,63,2122.0,3022.0,6.0,6.0,1,7,0,9
109,67,2104.0,3020.0,7.0,7.0,1,4,0,4
109,68,2136.0,3024.0,7.0,5.0,1,4,0,4
109,69,2003.0,3031.0,8.0,6.0,1,4,0,4
109,70,2093.0,3021.0,8.0,7.0,1,4,0,4
110,0,1686.0,3339.0,15.0,14.0,1,90,0,111
110,32,2008.0,3031.0,10.0,7.0,1,33,0,35
110,38,2054.0,3026.0,9.0,7.0,1,27,0,29
110,41,1966.0,3030.0,11.0,9.0,1,23,0,26
110,42,2038.0,3027.0,10.0,7.0,1,22,0,26
110,49,2145.0,3023.0,7.0,5.0,1,18,0,20
110,50,1986.0,3029.0,9.0,10.0,1,16,0,19
110,53,1941.0,3031.0,10.0,7.0,1,15,0,17
110,61,2068.0,3026.0,9.0,7.0,1,10,0,10
110,62,2023.0,3030.0,10.0,5.0,1,10,0,10
110,63,2114.0,3022.0,8.0,6.0,1,8,0,10
110,67,2098.0,3022.0,7.0,5.0,1,5,0,5
110,68,2131.0,3023.0,6.0,6.0,1,5,0,5
110,69,1997.0,3031.0,7.0,5.0,1,5,0,5
110,70,2089.0,3020.0,7.0,7.0,1,5,0,5
111,0,1679.0,3342.0,23.0,10.0,1,91,0,112
111,32,2003.0,3032.0,9.0,6.0,1,34,0,36
111,38,2061.0,3026.0,9.0,6.0,1,28,0,30
111,41,1960.0,3032.0,11.0,8.0,1,24,0,27
111,42,2038.0,3027.0,10.0,7.0,0,22,1,27
111,49,2155.0,3015.0,2.0,8.0,1,19,0,21
111,50,1980.0,3028.0,8.0,11.0,1,17,0,20
111,53,1934.0,3029.0,11.0,10.0,1,16,0,18
111,61,2075.0,3027.0,8.0,5.0,1,11,0,11
111,62,2023.0,3030.0,10.0,5.0,0,10,1,11
111,63,2126.0,3023.0,6.0,8.0,1,9,0,11
111,67,2110.0,3023.0,7.0,6.0,1,6,0,6
111,68,2138.0,3024.0,8.0,5.0,1,6,0,6
111,69,1990.0,3032.0,9.0,6.0,1,6,0,6
111,70,2093.0,3022.0,7.0,6.0,1,6,0,6
112,0,1678.0,3343.0,18.0,10.0,1,92,0,113
112,32,1995.0,3031.0,11.0,8.0,1,35,0,37
112,38,2054.0,3026.0,10.0,7.0,1,29,0,31
112,41,1955.0,3031.0,9.0,10.0,1,25,0,28
112,42,2028.0,3029.0,8.0,6.0,1,23,0,28
112,49,2149.0,3017.0,8.0,6.0,1,20,0,22
112,50,1973.0,3029.0,9.0,11.0,1,18,0,21
112,53,1929.0,3033.0,9.0,8.0,1,17,0,19
112,61,2042.0,3027.0,8.0,7.0,1,12,0,12
112,62,2012.0,3030.0,7.0,5.0,1,11,0,12
112,63,2105.0,3024.0,8.0,6.0,1,10,0,12
112,67,2078.0,3021.0,8.0,6.0,1,7,0,7
112,68,2138.0,3024.0,8.0,5.0,0,6,1,7
112,69,1984.0,3032.0,8.0,5.0,1,7,0,7
112,70,2088.0,3023.0,7.0,5.0,1,7,0,7
113,0,1678.0,3340.0,11.0,8.0,1,93,0,114
113,32,1990.0,3031.0,10.0,7.0,1,36,0,38
113,38,2050.0,3027.0,8.0,6.0,1,30,0,32
113,41,1949.0,3030.0,9.0,11.0,1,26,0,29
113,42,2020.0,3028.0,10.0,8.0,1,24,0,29
113,49,2149.0,3017.0,8.0,6.0,0,20,1,23
113,50,1973.0,3029.0,9.0,11.0,0,18,1,22
113,53,1929.0,3033.0,9.0,8.0,0,17,1,20
113,61,2036.0,3028.0,9.0,6.0,1,13,0,13
113,62,2005.0,3031.0,7.0,5.0,1,12,0,13
113,63,2098.0,3023.0,7.0,6.0,1,11,0,13
113,67,2070.0,3021.0,8.0,7.0,1,8,0,8
113,68,2113.0,3024.0,8.0,7.0,1,7,0,8
113,69,1979.0,3031.0,7.0,6.0,1,8,0,8
113,70,2064.0,3026.0,6.0,5.0,1,8,0,8
114,0,1674.0,3335.0,19.0,10.0,1,94,0,115
114,32,1983.0,3031.0,10.0,8.0,1,37,0,39
114,38,2044.0,3027.0,8.0,6.0,1,31,0,33
114,41,1949.0,3030.0,9.0,11.0,0,26,1,30
114,42,2020.0,3028.0,10.0,8.0,0,24,1,30
114,49,2152.0,3019.0,7.0,6.0,1,21,0,24
114,50,1962.0,3030.0,8.0,10.0,1,19,0,23
114,53,1914.0,3031.0,14.0,8.0,1,18,0,21
114,61,2030.0,3027.0,9.0,6.0,1,14,0,14
114,62,1999.0,3031.0,7.0,6.0,1,13,0,14
114,63,2076.0,3022.0,6.0,6.0,1,12,0,14
114,67,2065.0,3021.0,8.0,5.0,1,9,0,9
114,68,2107.0,3023.0,8.0,7.0,1,8,0,9
114,69,1973.0,3031.0,7.0,7.0,1,9,0,9
114,70,2058.0,3027.0,7.0,4.0,1,9,0,9
115,0,1674.0,3335.0,19.0,10.0,0,94,1,116
115,32,1978.0,3032.0,10.0,6.0,1,38,0,40
115,38,2051.0,3027.0,8.0,6.0,1,32,0,34
115,41,1935.0,3032.0,9.0,8.0,1,27,0,31
115,42,2059.0,3020.0,7.0,6.0,1,25,0,31
115,49,2145.0,3019.0,7.0,5.0,1,22,0,25
115,50,1964.0,3032.0,9.0,7.0,1,20,0,24
115,53,1908.0,3030.0,11.0,9.0,1,19,0,22
115,61,2024.0,3027.0,9.0,6.0,1,15,0,15
115,62,2038.0,3026.0,9.0,6.0,1,14,0,15
115,63,2089.0,3023.0,7.0,5.0,1,13,0,15
115,67,2069.0,3023.0,8.0,4.0,1,10,0,10
115,68,2116.0,3025.0,8.0,7.0,1,9,0,10
115,69,2009.0,3027.0,7.0,6.0,1,10,0,10
115,70,2102.0,3023.0,7.0,7.0,1,10,0,10
116,0,1674.0,3335.0,19.0,10.0,0,94,2,117
116,32,1971.0,3031.0,10.0,7.0,1,39,0,41
116,38,2046.0,3028.0,7.0,5.0,1,33,0,35
116,41,1929.0,3032.0,9.0,8.0,1,28,0,32
116,42,2059.0,3020.0,7.0,6.0,0,25,1,32
116,49,2140.0,3021.0,8.0,5.0,1,23,0,26
116,50,1949.0,3033.0,8.0,6.0,1,21,0,25
116,53,1904.0,3033.0,8.0,8.0,1,20,0,23
116,61,2024.0,3027.0,9.0,6.0,0,15,1,16
116,62,2031.0,3026.0,9.0,6.0,1,15,0,16
116,63,2083.0,3024.0,8.0,5.0,1,14,0,16
116,67,2063.0,3023.0,9.0,7.0,1,11,0,11
116,68,2110.0,3025.0,8.0,7.0,1,10,0,11
116,69,1986.0,3031.0,9.0,5.0,1,11,0,11
116,70,2097.0,3025.0,8.0,6.0,1,11,0,11
117,0,1666.0,3331.0,15.0,9.0,1,95,0,118
117,32,1952.0,3031.0,9.0,7.0,1,40,0,42
117,38,2046.0,3028.0,7.0,5.0,0,33,1,36
117,41,1922.0,3030.0,10.0,8.0,1,29,0,33
117,42,2046.0,3022.0,9.0,6.0,1,26,0,33
117,49,2140.0,3021.0,8.0,5.0,0,23,1,27
117,50,1943.0,3034.0,7.0,6.0,1,22,0,26
117,53,1899.0,3032.0,7.0,4.0,1,21,0,24
117,61,1998.0,3029.0,7.0,7.0,1,16,0,17
117,62,2025.0,3027.0,12.0,7.0,1,16,0,17
117,63,2078.0,3023.0,7.0,5.0,1,15,0,17
117,67,2063.0,3023.0,9.0,7.0,0,11,1,12
117,68,2105.0,3025.0,8.0,5.0,1,11,0,12
117,69,1965.0,3031.0,7.0,7.0,1,12,0,12
117,70,2091.0,3023.0,7.0,8.0,1,12,0,12
117,77,2134.0,3021.0,7.0,7.0,1,3,0,3
118,0,1663.0,3327.0,15.0,9.0,1,96,0,119
118,32,1960.0,3031.0,8.0,9.0,1,41,0,43
118,38,2019.0,3027.0,11.0,7.0,1,34,0,37
118,41,1916.0,3030.0,10.0,9.0,1,30,0,34
118,42,2046.0,3022.0,9.0,6.0,0,26,1,34
118,49,2150.0,3023.0,7.0,6.0,1,24,0,28
118,50,1938.0,3033.0,5.0,6.0,1,23,0,27
118,53,1892.0,3032.0,6.0,4.0,1,22,0,25
118,61,1991.0,3029.0,8.0,7.0,1,17,0,18
118,62,2007.0,3027.0,7.0,6.0,1,17,0,18
118,63,2073.0,3023.0,8.0,6.0,1,16,0,18
118,67,2063.0,3023.0,9.0,7.0,0,11,2,13
118,68,2105.0,3025.0,8.0,5.0,0,11,1,13
118,69,1974.0,3032.0,7.0,6.0,1,13,0,13
118,70,2087.0,3023.0,6.0,7.0,1,13,0,13
118,77,2129.0,3020.0,5.0,5.0,1,4,0,4
119,0,1662.0,3322.0,16.0,11.0,1,97,0,120
119,32,1940.0,3033.0,8.0,6.0,1,42,0,44
119,38,2014.0,3026.0,10.0,7.0,1,35,0,38
119,41,1916.0,3030.0,10.0,9.0,0,30,1,35
119,42,2035.0,3021.0,10.0,7.0,1,27,0,35
119,49,2145.0,3023.0,7.0,6.0,1,25,0,29
119,50,1930.0,3031.0,6.0,7.0,1,24,0,28
119,53,1883.0,3030.0,13.0,7.0,1,23,0,26
119,61,1984.0,3028.0,9.0,8.0,1,18,0,19
119,62,2000.0,3026.0,8.0,6.0,1,18,0,19
119,63,2067.0,3024.0,7.0,5.0,1,17,0,19
119,67,2026.0,3028.0,8.0,4.0,1,12,0,14
119,68,2111.0,3018.0,6.0,6.0,1,12,0,14
119,69,1952.0,3032.0,10.0,8.0,1,14,0,14
119,70,2094.0,3026.0,9.0,5.0,1,14,0,14
119,77,2123.0,3019.0,6.0,6.0,1,5,0,5
120,0,1656.0,3320.0,19.0,13.0,1,98,0,121
120,32,1934.0,3033.0,8.0,7.0,1,43,0,45
120,38,2007.0,3027.0,10.0,6.0,1,36,0,39
120,41,1904.0,3031.0,8.0,8.0,1,31,0,36
120,42,2031.0,3022.0,9.0,7.0,1,28,0,36
120,49,2139.0,3022.0,8.0,7.0,1,26,0,30
120,50,1923.0,3035.0,6.0,5.0,1,25,0,29
120,53,1878.0,3032.0,9.0,8.0,1,24,0,27
120,61,1978.0,3031.0,9.0,5.0,1,19,0,20
120,62,1994.0,3028.0,8.0,6.0,1,19,0,20
120,63,2060.0,3025.0,8.0,4.0,1,18,0,20
120,67,2022.0,3028.0,7.0,5.0,1,13,0,15
120,68,2040.0,3024.0,9.0,5.0,1,13,0,15
120,69,1946.0,3031.0,10.0,8.0,1,15,0,15
120,70,2074.0,3024.0,6.0,8.0,1,15,0,15
120,77,2104.0,3016.0,8.0,8.0,1,6,0,6
121,0,1651.0,3323.0,21.0,8.0,1,99,0,122
121,32,1927.0,3031.0,9.0,9.0,1,44,0,46
121,38,2000.0,3027.0,10.0,6.0,1,37,0,40
121,41,1904.0,3031.0,8.0,8.0,0,31,1,37
121,42,2036.0,3022.0,8.0,6.0,1,29,0,37
121,49,2149.0,3017.0,8.0,7.0,1,27,0,31
121,50,1917.0,3034.0,7.0,6.0,1,26,0,30
121,53,1872.0,3030.0,8.0,8.0,1,25,0,28
121,61,1978.0,3031.0,9.0,5.0,0,19,1,21
121,62,1988.0,3028.0,9.0,6.0,1,20,0,21
121,63,2081.0,3026.0,9.0,5.0,1,19,0,21
121,67,2023.0,3022.0,9.0,7.0,1,14,0,16
121,68,2054.0,3024.0,9.0,4.0,1,14,0,16
121,69,1940.0,3031.0,9.0,8.0,1,16,0,16
121,70,2110.0,3021.0,10.0,6.0,1,16,0,16
121,77,2135.0,3023.0,4.0,6.0,1,7,0,7
122,0,1651.0,3321.0,19.0,11.0,1,100,0,123
122,32,1927.0,3031.0,9.0,9.0,0,44,1,47
122,38,2010.0,3026.0,7.0,6.0,1,38,0,41
122,41,1890.0,3030.0,9.0,8.0,1,32,0,38
122,42,2031.0,3021.0,7.0,7.0,1,30,0,38
122,49,2142.0,3018.0,11.0,8.0,1,28,0,32
122,50,1912.0,3033.0,6.0,5.0,1,27,0,31
122,53,1866.0,3028.0,7.0,10.0,1,26,0,29
122,61,1965.0,3031.0,10.0,6.0,1,20,0,22
122,62,1994.0,3027.0,10.0,7.0,1,21,0,22
122,63,2077.0,3026.0,9.0,5.0,1,20,0,22
122,67,2093.0,3019.0,7.0,5.0,1,15,0,17
122,68,2063.0,3022.0,8.0,8.0,1,15,0,17
122,69,1935.0,3031.0,9.0,8.0,1,17,0,17
122,70,2104.0,3021.0,10.0,7.0,1,17,0,17
122,77,2127.0,3023.0,7.0,7.0,1,8,0,8
122,78,1322.0,3392.0,7.0,8.0,1,3,0,3
122,79,1950.0,3032.0,8.0,7.0,1,3,0,3
123,0,1652.0,3318.0,15.0,8.0,1,101,0,124
123,32,1914.0,3032.0,7.0,7.0,1,45,0,48
123,38,2013.0,3018.0,7.0,9.0,1,39,0,42
123,41,1883.0,3031.0,10.0,8.0,1,33,0,39
123,42,2025.0,3023.0,8.0,5.0,1,31,0,39
123,49,2142.0,3018.0,11.0,8.0,0,28,1,33
123,50,1905.0,3032.0,7.0,6.0,1,28,0,32
123,53,1859.0,3033.0,7.0,4.0,1,27,0,30
123,61,1976.0,3026.0,9.0,9.0,1,21,0,23
123,62,1989.0,3027.0,10.0,6.0,1,22,0,23
123,63,2071.0,3026.0,8.0,6.0,1,21,0,23
123,67,2057.0,3023.0,7.0,8.0,1,16,0,18
123,68,2045.0,3024.0,7.0,5.0,1,16,0,18
123,69,1942.0,3031.0,10.0,7.0,1,18,0,18
123,70,2086.0,3018.0,8.0,5.0,1,18,0,18
123,77,2100.0,3020.0,10.0,6.0,1,9,0,9
123,78,1322.0,3392.0,7.0,8.0,0,3,1,4
123,79,1958.0,3030.0,11.0,7.0,1,4,0,4
124,0,1650.0,3315.0,14.0,7.0,1,102,0,125
124,32,1909.0,3032.0,7.0,7.0,1,46,0,49
124,38,2007.0,3022.0,7.0,5.0,1,40,0,43
124,41,1878.0,3030.0,7.0,7.0,1,34,0,40
124,42,2018.0,3024.0,8.0,6.0,1,32,0,40
124,49,2149.0,3020.0,7.0,5.0,1,29,0,34
124,50,1898.0,3033.0,7.0,6.0,1,29,0,33
124,53,1852.0,3032.0,7.0,7.0,1,28,0,31
124,61,1970.0,3027.0,9.0,8.0,1,22,0,24
124,62,1983.0,3027.0,10.0,6.0,1,23,0,24
124,63,2066.0,3027.0,7.0,5.0,1,22,0,24
124,67,2051.0,3024.0,7.0,8.0,1,17,0,19
124,68,2037.0,3025.0,9.0,6.0,1,17,0,19
124,69,1935.0,3031.0,11.0,7.0,1,19,0,19
124,70,2095.0,3021.0,7.0,5.0,1,19,0,19
124,77,2115.0,3022.0,8.0,7.0,1,10,0,10
124,78,1322.0,3392.0,7.0,8.0,0,3,2,5
124,79,1952.0,3030.0,11.0,7.0,1,5,0,5
125,0,1648.0,3313.0,14.0,8.0,1,103,0,126
125,32,1909.0,3032.0,7.0,7.0,0,46,1,50
125,38,2000.0,3023.0,7.0,6.0,1,41,0,44
125,41,1871.0,3030.0,7.0,7.0,1,35,0,41
125,42,2013.0,3023.0,9.0,7.0,1,33,0,41
125,49,2143.0,3019.0,9.0,6.0,1,30,0,35
125,50,1892.0,3034.0,6.0,6.0,1,30,0,34
125,53,1841.0,3031.0,15.0,5.0,1,29,0,32
125,61,1963.0,3027.0,8.0,8.0,1,23,0,25
125,62,1976.0,3027.0,10.0,7.0,1,24,0,25
125,63,2066.0,3027.0,7.0,5.0,0,22,1,25
125,67,2047.0,3026.0,6.0,5.0,1,18,0,20
125,68,2032.0,3024.0,8.0,5.0,1,18,0,20
125,69,1930.0,3031.0,8.0,7.0,1,20,0,20
125,70,2087.0,3023.0,10.0,6.0,1,20,0,20
125,77,2115.0,3022.0,8.0,7.0,0,10,1,11
125,78,1322.0,3392.0,7.0,8.0,0,3,3,6
125,79,1952.0,3030.0,11.0,7.0,0,5,1,6
126,0,1646.0,3312.0,13.0,8.0,1,104,0,127
126,32,1895.0,3032.0,8.0,7.0,1,47,0,51
126,38,1995.0,3022.0,7.0,6.0,1,42,0,45
126,41,1863.0,3030.0,8.0,7.0,1,36,0,42
126,42,2008.0,3020.0,8.0,8.0,1,34,0,42
126,49,2143.0,3019.0,9.0,6.0,0,30,1,36
126,50,1887.0,3032.0,5.0,6.0,1,31,0,35
126,53,1839.0,3028.0,8.0,9.0,1,30,0,33
126,61,1957.0,3029.0,9.0,7.0,1,24,0,26
126,62,1970.0,3027.0,10.0,8.0,1,25,0,26
126,63,2057.0,3026.0,6.0,6.0,1,23,0,26
126,67,2047.0,3026.0,6.0,5.0,0,18,1,21
126,68,2027.0,3022.0,9.0,7.0,1,19,0,21
126,69,1922.0,3032.0,11.0,8.0,1,21,0,21
126,70,2087.0,3023.0,10.0,6.0,0,20,1,21
126,77,2103.0,3024.0,8.0,6.0,1,11,0,12
126,78,1322.0,3392.0,7.0,8.0,0,3,4,7
126,79,1952.0,3030.0,11.0,7.0,0,5,2,7
126,83,1986.0,3027.0,6.0,5.0,1,3,0,3
126,84,2081.0,3022.0,8.0,5.0,1,3,0,3
126,85,2119.0,3019.0,9.0,7.0,1,3,0,3
127,0,1639.0,3311.0,16.0,6.0,1,105,0,128
127,32,1889.0,3033.0,7.0,6.0,1,48,0,52
127,38,1989.0,3020.0,7.0,7.0,1,43,0,46
127,41,1863.0,3030.0,8.0,7.0,0,36,1,43
127,42,2002.0,3023.0,10.0,6.0,1,35,0,43
127,49,2133.0,3020.0,8.0,5.0,1,31,0,37
127,50,1880.0,3030.0,8.0,8.0,1,32,0,36
127,53,1832.0,3030.0,7.0,10.0,1,31,0,34
127,61,1951.0,3028.0,10.0,7.0,1,25,0,27
127,62,1966.0,3027.0,10.0,8.0,1,26,0,27
127,63,2048.0,3026.0,9.0,6.0,1,24,0,27
127,67,2035.0,3025.0,7.0,5.0,1,19,0,22
127,68,2021.0,3023.0,9.0,6.0,1,20,0,22
127,69,1902.0,3030.0,10.0,9.0,1,22,0,22
127,70,2087.0,3023.0,10.0,6.0,0,20,2,22
127,77,2098.0,3022.0,7.0,8.0,1,12,0,13
127,78,1322.0,3392.0,7.0,8.0,0,3,5,8
127,79,1934.0,3030.0,10.0,7.0,1,6,0,8
127,83,1979.0,3028.0,8.0,5.0,1,4,0,4
127,84,2081.0,3022.0,8.0,5.0,0,3,1,4
127,85,2112.0,3021.0,10.0,8.0,1,4,0,4
128,0,1637.0,3309.0,16.0,7.0,1,106,0,129
128,32,1883.0,3032.0,7.0,7.0,1,49,0,53
128,38,1983.0,3022.0,7.0,5.0,1,44,0,47
128,41,1863.0,3030.0,8.0,7.0,0,36,2,44
128,42,1995.0,3024.0,10.0,6.0,1,36,0,44
128,49,2145.0,3019.0,8.0,7.0,1,32,0,38
128,50,1880.0,3030.0,8.0,8.0,0,32,1,37
128,53,1822.0,3031.0,13.0,9.0,1,32,0,35
128,61,1945.0,3028.0,10.0,6.0,1,26,0,28
128,62,1960.0,3028.0,9.0,7.0,1,27,0,28
128,63,2043.0,3027.0,7.0,6.0,1,25,0,28
128,67,2029.0,3027.0,7.0,5.0,1,20,0,23
128,68,2016.0,3023.0,7.0,8.0,1,21,0,23
128,69,1911.0,3031.0,9.0,7.0,1,23,0,23
128,70,2059.0,3018.0,7.0,7.0,1,21,0,23
128,77,2106.0,3021.0,10.0,6.0,1,13,0,14
128,78,1322.0,3392.0,7.0,8.0,0,3,6,9
128,79,1928.0,3030.0,9.0,7.0,1,7,0,9
128,83,1973.0,3029.0,8.0,6.0,1,5,0,5
128,84,2071.0,3021.0,7.0,5.0,1,4,0,5
128,85,2127.0,3021.0,8.0,7.0,1,5,0,5
129,0,1633.0,3307.0,18.0,6.0,1,107,0,130
129,32,1889.0,3030.0,10.0,10.0,1,50,0,54
129,38,1977.0,3022.0,7.0,6.0,1,45,0,48
129,41,1845.0,3030.0,7.0,9.0,1,37,0,45
129,42,1989.0,3023.0,9.0,6.0,1,37,0,45
129,49,2153.0,3013.0,6.0,9.0,1,33,0,39
129,50,1876.0,3031.0,7.0,6.0,1,33,0,38
129,53,1822.0,3031.0,13.0,9.0,0,32,1,36
129,61,1938.0,3028.0,10.0,7.0,1,27,0,29
129,62,1952.0,3027.0,9.0,7.0,1,28,0,29
129,63,2043.0,3027.0,7.0,6.0,0,25,1,29
129,67,2024.0,3025.0,7.0,5.0,1,21,0,24
129,68,2011.0,3023.0,8.0,6.0,1,22,0,24
129,69,1904.0,3032.0,8.0,7.0,1,24,0,24
129,70,2052.0,3019.0,8.0,6.0,1,22,0,24
129,77,2137.0,3018.0,11.0,8.0,1,14,0,15
129,78,1322.0,3392.0,7.0,8.0,0,3,7,10
129,79,1921.0,3031.0,9.0,7.0,1,8,0,10
129,83,1973.0,3029.0,8.0,6.0,0,5,1,6
129,84,2065.0,3023.0,8.0,4.0,1,5,0,6
129,85,2122.0,3019.0,6.0,8.0,1,6,0,6
130,0,1632.0,3306.0,20.0,5.0,1,108,0,131
130,32,1883.0,3030.0,9.0,10.0,1,51,0,55
130,38,1983.0,3022.0,9.0,6.0,1,46,0,49
130,41,1833.0,3030.0,11.0,9.0,1,38,0,46
130,42,2019.0,3023.0,6.0,7.0,1,38,0,46
130,49,2147.0,3014.0,8.0,8.0,1,34,0,40
130,50,1868.0,3031.0,8.0,9.0,1,34,0,39
130,53,1812.0,3027.0,9.0,10.0,1,33,0,37
130,61,1932.0,3028.0,10.0,8.0,1,28,0,30
130,62,1961.0,3027.0,8.0,6.0,1,29,0,30
130,63,2059.0,3022.0,8.0,5.0,1,26,0,30
130,67,2032.0,3025.0,8.0,6.0,1,22,0,25
130,68,2004.0,3022.0,10.0,7.0,1,23,0,25
130,69,1898.0,3032.0,10.0,7.0,1,25,0,25
130,70,2097.0,3021.0,8.0,7.0,1,23,0,25
130,77,2133.0,3019.0,8.0,7.0,1,15,0,16
130,78,1322.0,3392.0,7.0,8.0,0,3,8,11
130,79,1947.0,3028.0,9.0,7.0,1,9,0,11
130,83,1971.0,3022.0,6.0,5.0,1,6,0,7
130,84,2080.0,3024.0,8.0,7.0,1,6,0,7
130,85,2114.0,3019.0,9.0,7.0,1,7,0,7
131,0,1631.0,3304.0,17.0,5.0,1,109,0,132
131,32,1877.0,3031.0,8.0,8.0,1,52,0,56
131,38,1977.0,3022.0,9.0,6.0,1,47,0,50
131,41,1829.0,3031.0,9.0,10.0,1,39,0,47
131,42,2019.0,3023.0,6.0,7.0,0,38,1,47
131,49,2142.0,3015.0,6.0,6.0,1,35,0,41
131,50,1868.0,3031.0,8.0,9.0,0,34,1,40
131,53,1805.0,3031.0,8.0,5.0,1,34,0,38
131,61,1910.0,3030.0,9.0,6.0,1,29,0,31
131,62,1961.0,3027.0,8.0,6.0,0,29,1,31
131,63,2054.0,3018.0,7.0,9.0,1,27,0,31
131,67,2041.0,3020.0,7.0,8.0,1,23,0,26
131,68,1998.0,3023.0,8.0,5.0,1,24,0,26
131,69,1892.0,3031.0,10.0,6.0,1,26,0,26
131,70,2091.0,3023.0,8.0,6.0,1,24,0,26
131,77,2126.0,3021.0,11.0,7.0,1,16,0,17
131,78,1322.0,3392.0,7.0,8.0,0,3,9,12
131,79,1941.0,3027.0,10.0,7.0,1,10,0,12
131,83,1966.0,3021.0,8.0,7.0,1,7,0,8
131,84,2080.0,3024.0,8.0,7.0,0,6,1,8
131,85,2108.0,3020.0,8.0,7.0,1,8,0,8
132,0,1628.0,3301.0,18.0,6.0,1,110,0,133
132,32,1870.0,3031.0,9.0,9.0,1,53,0,57
132,38,1970.0,3023.0,11.0,5.0,1,48,0,51
132,41,1822.0,3029.0,10.0,9.0,1,40,0,48
132,42,1932.0,2843.0,9.0,6.0,1,39,0,48
132,49,2135.0,3014.0,8.0,7.0,1,36,0,42
132,50,1846.0,3031.0,6.0,6.0,1,35,0,41
132,53,1799.0,3029.0,6.0,8.0,1,35,0,39
132,61,1904.0,3028.0,8.0,8.0,1,30,0,32
132,62,1948.0,3027.0,9.0,8.0,1,30,0,32
132,63,2036.0,3019.0,7.0,8.0,1,28,0,32
132,67,2021.0,3025.0,8.0,7.0,1,24,0,27
132,68,1992.0,3022.0,10.0,8.0,1,25,0,27
132,69,1886.0,3031.0,10.0,9.0,1,27,0,27
132,70,2086.0,3022.0,8.0,6.0,1,25,0,27
132,77,2121.0,3019.0,10.0,8.0,1,17,0,18
132,78,1322.0,3392.0,7.0,8.0,0,3,10,13
132,79,1935.0,3027.0,9.0,6.0,1,11,0,13
132,83,1921.0,3026.0,9.0,8.0,1,8,0,9
132,84,2070.0,3023.0,7.0,6.0,1,7,0,9
132,85,2104.0,3020.0,9.0,7.0,1,9,0,9
133,0,1626.0,3299.0,19.0,6.0,1,111,0,134
133,32,1863.0,3027.0,9.0,14.0,1,54,0,58
133,38,1951.0,3022.0,9.0,7.0,1,49,0,52
133,41,1815.0,3029.0,9.0,9.0,1,41,0,49
133,42,1932.0,2843.0,9.0,6.0,0,39,1,49
133,49,2147.0,3016.0,8.0,5.0,1,37,0,43
133,50,1850.0,3030.0,6.0,7.0,1,36,0,42
133,53,1792.0,3030.0,6.0,6.0,1,36,0,40
133,61,1896.0,3028.0,10.0,10.0,1,31,0,33
133,62,1942.0,3027.0,8.0,5.0,1,31,0,33
133,63,2042.0,3022.0,8.0,6.0,1,29,0,33
133,67,1965.0,3022.0,9.0,7.0,1,25,0,28
133,68,1986.0,3023.0,10.0,5.0,1,26,0,28
133,69,1879.0,3031.0,8.0,9.0,1,28,0,28
133,70,2086.0,3022.0,8.0,6.0,0,25,1,28
133,77,2115.0,3020.0,11.0,5.0,1,18,0,19
133,78,1322.0,3392.0,7.0,8.0,0,3,11,14
133,79,1929.0,3026.0,7.0,8.0,1,12,0,14
133,83,1915.0,3027.0,9.0,8.0,1,9,0,10
133,84,2062.0,3024.0,8.0,8.0,1,8,0,10
133,85,2099.0,3019.0,9.0,7.0,1,10,0,10
134,0,1624.0,3297.0,18.0,6.0,1,112,0,135
134,32,1857.0,3031.0,9.0,9.0,1,55,0,59
134,38,1945.0,3023.0,9.0,5.0,1,50,0,53
134,41,1805.0,3030.0,12.0,8.0,1,42,0,50
134,42,1958.0,3020.0,10.0,8.0,1,40,0,50
134,49,2141.0,3015.0,8.0,5.0,1,38,0,44
134,50,1843.0,3031.0,7.0,6.0,1,37,0,43
134,53,1785.0,3027.0,7.0,9.0,1,37,0,41
134,61,1890.0,3030.0,11.0,8.0,1,32,0,34
134,62,1937.0,3027.0,8.0,5.0,1,32,0,34
134,63,2036.0,3022.0,9.0,6.0,1,30,0,34
134,67,1996.0,3023.0,6.0,5.0,1,26,0,29
134,68,1981.0,3020.0,9.0,7.0,1,27,0,29
134,69,1872.0,3031.0,10.0,9.0,1,29,0,29
134,70,2094.0,3020.0,8.0,6.0,1,26,0,29
134,77,2125.0,3014.0,8.0,8.0,1,19,0,20
134,78,1322.0,3392.0,7.0,8.0,0,3,12,15
134,79,1922.0,3028.0,9.0,8.0,1,13,0,15
134,83,1910.0,3027.0,7.0,10.0,1,10,0,11
134,84,2074.0,3023.0,7.0,5.0,1,9,0,11
134,85,2112.0,3020.0,7.0,7.0,1,11,0,11
135,0,1623.0,3295.0,18.0,5.0,1,113,0,136
135,32,1827.0,3030.0,6.0,7.0,1,56,0,60
135,38,1940.0,3020.0,9.0,9.0,1,51,0,54
135,41,1801.0,3031.0,9.0,8.0,1,43,0,51
135,42,1951.0,3020.0,12.0,8.0,1,41,0,51
135,49,2141.0,3015.0,8.0,5.0,0,38,1,45
135,50,1836.0,3031.0,7.0,7.0,1,38,0,44
135,53,1779.0,3030.0,6.0,6.0,1,38,0,42
135,61,1883.0,3028.0,12.0,8.0,1,33,0,35
135,62,1931.0,3027.0,8.0,5.0,1,33,0,35
135,63,2031.0,3020.0,8.0,8.0,1,31,0,35
135,67,1991.0,3023.0,6.0,6.0,1,27,0,30
135,68,1977.0,3021.0,8.0,7.0,1,28,0,30
135,69,1866.0,3031.0,8.0,7.0,1,30,0,30
135,70,2087.0,3022.0,10.0,7.0,1,27,0,30
135,77,2120.0,3013.0,6.0,7.0,1,20,0,21
135,78,1322.0,3392.0,7.0,8.0,0,3,13,16
135,79,1917.0,3027.0,8.0,7.0,1,14,0,16
135,83,1903.0,3028.0,9.0,7.0,1,11,0,12
135,84,2052.0,3023.0,6.0,7.0,1,10,0,12
135,85,2103.0,3022.0,11.0,6.0,1,12,0,12
136,0,1621.0,3292.0,18.0,7.0,1,114,0,137
136,32,1830.0,3030.0,6.0,7.0,1,57,0,61
136,38,1946.0,3022.0,10.0,7.0,1,52,0,55
136,41,1818.0,3030.0,6.0,8.0,1,44,0,52
136,42,1984.0,3023.0,7.0,7.0,1,42,0,52
136,49,2129.0,3014.0,9.0,6.0,1,39,0,46
136,50,1843.0,3031.0,10.0,7.0,1,39,0,45
136,53,1772.0,3029.0,5.0,9.0,1,39,0,43
136,61,1877.0,3029.0,11.0,6.0,1,34,0,36
136,62,1925.0,3029.0,8.0,6.0,1,34,0,36
136,63,2025.0,3020.0,8.0,8.0,1,32,0,36
136,67,1997.0,3026.0,9.0,6.0,1,28,0,31
136,68,1972.0,3022.0,8.0,6.0,1,29,0,31
136,69,1861.0,3031.0,6.0,6.0,1,31,0,31
136,70,2081.0,3022.0,10.0,6.0,1,28,0,31
136,77,2113.0,3013.0,6.0,8.0,1,21,0,22
136,78,1322.0,3392.0,7.0,8.0,0,3,14,17
136,79,1911.0,3026.0,8.0,8.0,1,15,0,17
136,83,1897.0,3027.0,8.0,8.0,1,12,0,13
136,84,2062.0,3020.0,8.0,8.0,1,11,0,13
136,85,2101.0,3021.0,8.0,7.0,1,13,0,13
136,91,2011.0,3021.0,9.0,7.0,1,3,0,3
137,0,1619.0,3290.0,19.0,7.0,1,115,0,138
137,32,1824.0,3030.0,6.0,5.0,1,58,0,62
137,38,1941.0,3023.0,10.0,6.0,1,53,0,56
137,41,1811.0,3031.0,8.0,9.0,1,45,0,53
137,42,1979.0,3023.0,7.0,7.0,1,43,0,53
137,49,2122.0,3015.0,10.0,5.0,1,40,0,47
137,50,1838.0,3028.0,7.0,11.0,1,40,0,46
137,53,1790.0,3028.0,7.0,8.0,1,40,0,44
137,61,1871.0,3030.0,8.0,7.0,1,35,0,37
137,62,1919.0,3029.0,7.0,5.0,1,35,0,37
137,63,2018.0,3022.0,8.0,6.0,1,33,0,37
137,67,1993.0,3023.0,6.0,6.0,1,29,0,32
137,68,1964.0,3022.0,10.0,6.0,1,30,0,32
137,69,1853.0,3031.0,6.0,8.0,1,32,0,32
137,70,2078.0,3018.0,7.0,10.0,1,29,0,32
137,77,2106.0,3015.0,9.0,7.0,1,22,0,23
137,78,1322.0,3392.0,7.0,8.0,0,3,15,18
137,79,1903.0,3027.0,9.0,7.0,1,16,0,18
137,83,1891.0,3028.0,7.0,7.0,1,13,0,14
137,84,2057.0,3020.0,7.0,8.0,1,12,0,14
137,85,2093.0,3019.0,10.0,8.0,1,14,0,14
137,91,2005.0,3019.0,9.0,9.0,1,4,0,4
138,0,1619.0,3290.0,19.0,7.0,0,115,1,139
138,32,1817.0,3030.0,6.0,6.0,1,59,0,63
138,38,1937.0,3021.0,8.0,7.0,1,54,0,57
138,41,1807.0,3031.0,5.0,7.0,1,46,0,54
138,42,1974.0,3023.0,6.0,5.0,1,44,0,54
138,49,2120.0,3014.0,7.0,6.0,1,41,0,48
138,50,1831.0,3030.0,8.0,8.0,1,41,0,47
138,53,1759.0,3028.0,6.0,8.0,1,41,0,45
138,61,1867.0,3031.0,6.0,6.0,1,36,0,38
138,62,1913.0,3027.0,8.0,5.0,1,36,0,38
138,63,2012.0,3022.0,9.0,7.0,1,34,0,38
138,67,1986.0,3024.0,6.0,5.0,1,30,0,33
138,68,1958.0,3022.0,11.0,6.0,1,31,0,33
138,69,1781.0,3030.0,7.0,6.0,1,33,0,33
138,70,2072.0,3020.0,6.0,8.0,1,30,0,33
138,77,2100.0,3013.0,10.0,8.0,1,23,0,24
138,78,1322.0,3392.0,7.0,8.0,0,3,16,19
138,79,1898.0,3028.0,8.0,7.0,1,17,0,19
138,83,1884.0,3028.0,8.0,8.0,1,14,0,15
138,84,2057.0,3020.0,7.0,8.0,0,12,1,15
138,85,2093.0,3019.0,10.0,8.0,0,14,1,15
138,91,1998.0,3021.0,8.0,6.0,1,5,0,5
138,92,2033.0,3023.0,7.0,8.0,1,3,0,3
139,0,1616.0,3286.0,18.0,7.0,1,116,0,140
139,32,1810.0,3031.0,5.0,7.0,1,60,0,64
139,38,1937.0,3021.0,8.0,7.0,0,54,1,58
139,41,1800.0,3031.0,6.0,6.0,1,47,0,55
139,42,1967.0,3023.0,7.0,5.0,1,45,0,55
139,49,2113.0,3012.0,8.0,8.0,1,42,0,49
139,50,1825.0,3030.0,8.0,7.0,1,42,0,48
139,53,1751.0,3030.0,6.0,5.0,1,42,0,46
139,61,1841.0,3029.0,6.0,8.0,1,37,0,39
139,62,1905.0,3029.0,8.0,3.0,1,37,0,39
139,63,2006.0,3022.0,9.0,6.0,1,35,0,39
139,67,1978.0,3025.0,8.0,7.0,1,31,0,34
139,68,1954.0,3021.0,9.0,7.0,1,32,0,34
139,69,1781.0,3030.0,7.0,6.0,0,33,1,34
139,70,2064.0,3022.0,9.0,7.0,1,31,0,34
139,77,2100.0,3013.0,10.0,8.0,0,23,1,25
139,78,1322.0,3392.0,7.0,8.0,0,3,17,20
139,79,1879.0,3028.0,8.0,8.0,1,18,0,20
139,83,1859.0,3029.0,9.0,7.0,1,15,0,16
139,84,2044.0,3023.0,7.0,6.0,1,13,0,16
139,85,2079.0,3021.0,12.0,8.0,1,15,0,16
139,91,1994.0,3022.0,6.0,6.0,1,6,0,6
139,92,2027.0,3023.0,8.0,7.0,1,4,0,4
140,0,1616.0,3286.0,18.0,7.0,0,116,1,141
140,32,1803.0,3031.0,6.0,6.0,1,61,0,65
140,38,1924.0,3023.0,8.0,5.0,1,55,0,59
140,41,1792.0,3031.0,7.0,5.0,1,48,0,56
140,42,1962.0,3024.0,7.0,4.0,1,46,0,56
140,49,2132.0,3011.0,7.0,8.0,1,43,0,50
140,50,1835.0,3029.0,6.0,7.0,1,43,0,49
140,53,1744.0,3030.0,6.0,7.0,1,43,0,47
140,61,1854.0,3028.0,7.0,7.0,1,38,0,40
140,62,1910.0,3023.0,8.0,7.0,1,38,0,40
140,63,2020.0,3024.0,9.0,7.0,1,36,0,40
140,67,1973.0,3024.0,8.0,6.0,1,32,0,35
140,68,1947.0,3023.0,9.0,8.0,1,33,0,35
140,69,1767.0,3026.0,11.0,7.0,1,34,0,35
140,70,2076.0,3018.0,8.0,8.0,1,32,0,35
140,77,2106.0,3013.0,9.0,6.0,1,24,0,26
140,78,1322.0,3392.0,7.0,8.0,0,3,18,21
140,79,1900.0,3029.0,7.0,6.0,1,19,0,21
140,83,1887.0,3026.0,8.0,8.0,1,16,0,17
140,84,2059.0,3022.0,7.0,5.0,1,14,0,17
140,85,2090.0,3013.0,7.0,8.0,1,16,0,17
140,91,1987.0,3020.0,7.0,7.0,1,7,0,7
140,92,2038.0,3019.0,7.0,9.0,1,5,0,5
141,0,1612.0,3282.0,18.0,7.0,1,117,0,142
141,32,1846.0,3030.0,7.0,7.0,1,62,0,66
141,38,1918.0,3023.0,9.0,6.0,1,56,0,60
141,41,1812.0,3027.0,7.0,11.0,1,49,0,57
141,42,1956.0,3023.0,7.0,7.0,1,47,0,57
141,49,2132.0,3011.0,7.0,8.0,0,43,1,51
141,50,1827.0,3031.0,5.0,6.0,1,44,0,50
141,53,1738.0,3028.0,6.0,7.0,1,44,0,48
141,61,1867.0,3026.0,5.0,9.0,1,39,0,41
141,62,1903.0,3022.0,9.0,7.0,1,39,0,41
141,63,2015.0,3025.0,7.0,7.0,1,37,0,41
141,67,1968.0,3023.0,9.0,6.0,1,33,0,36
141,68,1942.0,3023.0,10.0,7.0,1,34,0,36
141,69,1783.0,3031.0,9.0,9.0,1,35,0,36
141,70,2070.0,3018.0,9.0,8.0,1,33,0,36
141,77,2103.0,3014.0,8.0,6.0,1,25,0,27
141,78,1322.0,3392.0,7.0,8.0,0,3,19,22
141,79,1894.0,3028.0,7.0,6.0,1,20,0,22
141,83,1879.0,3026.0,9.0,8.0,1,17,0,18
141,84,2059.0,3022.0,7.0,5.0,0,14,1,18
141,85,2083.0,3014.0,8.0,10.0,1,17,0,18
141,91,1981.0,3020.0,7.0,7.0,1,8,0,8
141,92,2032.0,3021.0,7.0,7.0,1,6,0,6
142,0,1611.0,3280.0,17.0,7.0,1,118,0,143
142,32,1839.0,3029.0,9.0,7.0,1,63,0,67
142,38,1914.0,3023.0,6.0,4.0,1,57,0,61
142,41,1805.0,3027.0,8.0,11.0,1,50,0,58
142,42,1950.0,3019.0,7.0,10.0,1,48,0,58
142,49,2132.0,3011.0,7.0,8.0,0,43,2,52
142,50,1791.0,3029.0,5.0,7.0,1,45,0,51
142,53,1731.0,3028.0,6.0,6.0,1,45,0,49
142,61,1859.0,3028.0,8.0,8.0,1,40,0,42
142,62,1899.0,3020.0,7.0,8.0,1,40,0,42
142,63,2011.0,3022.0,5.0,7.0,1,38,0,42
142,67,1962.0,3022.0,9.0,7.0,1,34,0,37
142,68,1936.0,3021.0,9.0,7.0,1,35,0,37
142,69,1778.0,3030.0,8.0,10.0,1,36,0,37
142,70,2064.0,3020.0,9.0,9.0,1,34,0,37
142,77,2103.0,3014.0,8.0,6.0,0,25,1,28
142,78,1322.0,3392.0,7.0,8.0,0,3,20,23
142,79,1888.0,3027.0,6.0,6.0,1,21,0,23
142,83,1873.0,3028.0,8.0,7.0,1,18,0,19
142,84,2059.0,3022.0,7.0,5.0,0,14,2,19
142,85,2083.0,3014.0,8.0,10.0,0,17,1,19
142,91,1986.0,3023.0,12.0,5.0,1,9,0,9
142,92,2026.0,3022.0,7.0,7.0,1,7,0,7
143,0,1609.0,3279.0,17.0,6.0,1,119,0,144
143,32,1834.0,3028.0,8.0,7.0,1,64,0,68
143,38,1909.0,3019.0,6.0,8.0,1,58,0,62
143,41,1815.0,3029.0,6.0,7.0,1,51,0,59
143,42,1943.0,3019.0,9.0,10.0,1,49,0,59
143,49,2132.0,3011.0,7.0,8.0,0,43,3,53
143,50,1782.0,3030.0,7.0,7.0,1,46,0,52
143,53,1745.0,3026.0,12.0,8.0,1,46,0,50
143,61,1854.0,3028.0,7.0,9.0,1,41,0,43
143,62,1892.0,3020.0,8.0,9.0,1,41,0,43
143,63,2003.0,3023.0,7.0,6.0,1,39,0,43
143,67,1957.0,3023.0,7.0,6.0,1,35,0,38
143,68,1930.0,3020.0,10.0,8.0,1,36,0,38
143,69,1772.0,3027.0,8.0,13.0,1,37,0,38
143,70,2064.0,3020.0,9.0,9.0,0,34,1,38
143,77,2089.0,3012.0,10.0,8.0,1,26,0,29
143,78,1322.0,3392.0,7.0,8.0,0,3,21,24
143,79,1888.0,3027.0,6.0,6.0,0,21,1,24
143,83,1868.0,3029.0,7.0,7.0,1,19,0,20
143,84,2040.0,3019.0,9.0,9.0,1,15,0,20
143,85,2072.0,3010.0,8.0,12.0,1,18,0,20
143,91,1970.0,3021.0,7.0,7.0,1,10,0,10
143,92,2020.0,3022.0,8.0,6.0,1,8,0,8
144,0,1608.0,3277.0,17.0,6.0,1,120,0,145
144,32,1827.0,3027.0,9.0,7.0,1,65,0,69
144,38,1901.0,3022.0,7.0,6.0,1,59,0,63
144,41,1808.0,3028.0,7.0,7.0,1,52,0,60
144,42,1951.0,3022.0,8.0,6.0,1,50,0,60
144,49,2107.0,3012.0,8.0,7.0,1,44,0,54
144,50,1777.0,3031.0,7.0,6.0,1,47,0,53
144,53,1740.0,3026.0,10.0,7.0,1,47,0,51
144,61,1847.0,3027.0,9.0,8.0,1,42,0,44
144,62,1892.0,3020.0,8.0,9.0,0,41,1,44
144,63,1999.0,3023.0,6.0,6.0,1,40,0,44
144,67,1964.0,3019.0,7.0,5.0,1,36,0,39
144,68,1925.0,3022.0,9.0,6.0,1,37,0,39
144,69,1792.0,3028.0,7.0,8.0,1,38,0,39
144,70,2053.0,3018.0,8.0,8.0,1,35,0,39
144,77,2084.0,3012.0,8.0,7.0,1,27,0,30
144,78,1322.0,3392.0,7.0,8.0,0,3,22,25
144,79,1875.0,3029.0,7.0,6.0,1,22,0,25
144,83,1861.0,3027.0,9.0,7.0,1,20,0,21
144,84,2035.0,3018.0,8.0,7.0,1,16,0,21
144,85,2066.0,3013.0,9.0,8.0,1,19,0,21
144,91,1977.0,3020.0,7.0,7.0,1,11,0,11
144,92,2014.0,3019.0,7.0,8.0,1,9,0,9
145,0,1606.0,3275.0,17.0,6.0,1,121,0,146
145,32,1820.0,3029.0,9.0,7.0,1,66,0,70
145,38,1895.0,3023.0,8.0,6.0,1,60,0,64
145,41,1800.0,3029.0,7.0,7.0,1,53,0,61
145,42,1931.0,3022.0,9.0,8.0,1,51,0,61
145,49,2102.0,3015.0,7.0,6.0,1,45,0,55
145,50,1785.0,3028.0,7.0,9.0,1,48,0,54
145,53,1734.0,3026.0,6.0,7.0,1,48,0,52
145,61,1841.0,3028.0,7.0,7.0,1,43,0,45
145,62,1879.0,3022.0,8.0,7.0,1,42,0,45
145,63,1971.0,3021.0,8.0,6.0,1,41,0,45
145,67,1957.0,3018.0,8.0,8.0,1,37,0,40
145,68,1917.0,3022.0,12.0,7.0,1,38,0,40
145,69,1759.0,3031.0,7.0,5.0,1,39,0,40
145,70,2046.0,3018.0,9.0,8.0,1,36,0,40
145,77,2078.0,3013.0,8.0,7.0,1,28,0,31
145,78,1322.0,3392.0,7.0,8.0,0,3,23,26
145,79,1870.0,3029.0,5.0,3.0,1,23,0,26
145,83,1854.0,3026.0,10.0,10.0,1,21,0,22
145,84,2030.0,3019.0,7.0,7.0,1,17,0,22
145,85,2059.0,3014.0,10.0,9.0,1,20,0,22
145,91,1945.0,3020.0,8.0,8.0,1,12,0,12
145,92,2009.0,3022.0,7.0,7.0,1,10,0,10
146,0,1605.0,3274.0,17.0,6.0,1,122,0,147
146,32,1814.0,3029.0,9.0,7.0,1,67,0,71
146,38,1890.0,3022.0,7.0,6.0,1,61,0,65
146,41,1794.0,3030.0,7.0,7.0,1,54,0,62
146,42,1927.0,3019.0,9.0,9.0,1,52,0,62
146,49,2095.0,3015.0,8.0,7.0,1,46,0,56
146,50,1778.0,3029.0,8.0,8.0,1,49,0,55
146,53,1726.0,3026.0,8.0,7.0,1,49,0,53
146,61,1841.0,3028.0,7.0,7.0,0,43,1,46
146,62,1873.0,3020.0,9.0,8.0,1,43,0,46
146,63,1986.0,3023.0,7.0,5.0,1,42,0,46
146,67,1964.0,3022.0,8.0,6.0,1,38,0,41
146,68,1917.0,3022.0,12.0,7.0,0,38,1,41
146,69,1763.0,3029.0,6.0,6.0,1,40,0,41
146,70,2041.0,3019.0,8.0,9.0,1,37,0,41
146,77,2071.0,3014.0,9.0,6.0,1,29,0,32
146,78,1322.0,3392.0,7.0,8.0,0,3,24,27
146,79,1863.0,3026.0,7.0,6.0,1,24,0,27
146,83,1849.0,3027.0,8.0,7.0,1,22,0,23
146,84,2023.0,3023.0,6.0,5.0,1,18,0,23
146,85,2054.0,3013.0,9.0,9.0,1,21,0,23
146,91,1951.0,3021.0,7.0,7.0,1,13,0,13
146,92,2009.0,3022.0,7.0,7.0,0,10,1,11
147,0,1604.0,3272.0,18.0,9.0,1,123,0,148
147,32,1788.0,3028.0,7.0,8.0,1,68,0,72
147,38,1745.0,3027.0,7.0,8.0,1,62,0,66
147,41,1772.0,3028.0,7.0,8.0,1,55,0,63
147,42,1921.0,3019.0,9.0,9.0,1,53,0,63
147,49,2090.0,3013.0,6.0,7.0,1,47,0,57
147,50,1755.0,3029.0,7.0,5.0,1,50,0,56
147,53,1718.0,3027.0,10.0,8.0,1,50,0,54
147,61,1807.0,3027.0,10.0,8.0,1,44,0,47
147,62,1866.0,3020.0,9.0,8.0,1,44,0,47
147,63,1980.0,3022.0,8.0,6.0,1,43,0,47
147,67,1964.0,3022.0,8.0,6.0,0,38,1,42
147,68,1856.0,3028.0,7.0,4.0,1,39,0,42
147,69,1696.0,3029.0,7.0,8.0,1,41,0,42
147,70,2033.0,3020.0,11.0,9.0,1,38,0,42
147,77,2067.0,3012.0,9.0,7.0,1,30,0,33
147,78,1322.0,3392.0,7.0,8.0,0,3,25,28
147,79,1829.0,3028.0,8.0,8.0,1,25,0,28
147,83,1842.0,3027.0,8.0,7.0,1,23,0,24
147,84,2018.0,3020.0,8.0,7.0,1,19,0,24
147,85,2054.0,3013.0,9.0,9.0,0,21,1,24
147,91,1945.0,3021.0,9.0,7.0,1,14,0,14
147,92,1996.0,3020.0,7.0,8.0,1,11,0,12
148,0,1602.0,3271.0,16.0,7.0,1,124,0,149
148,32,1788.0,3028.0,7.0,8.0,0,68,1,73
148,38,1781.0,3027.0,8.0,9.0,1,63,0,67
148,41,1766.0,3026.0,8.0,9.0,1,56,0,64
148,42,1914.0,3021.0,9.0,7.0,1,54,0,64
148,49,2084.0,3011.0,7.0,8.0,1,48,0,58
148,50,1750.0,3029.0,7.0,6.0,1,51,0,57
148,53,1738.0,3031.0,6.0,3.0,1,51,0,55
148,61,1807.0,3027.0,10.0,8.0,0,44,1,48
148,62,1879.0,3021.0,7.0,7.0,1,45,0,48
148,63,1972.0,3022.0,7.0,7.0,1,44,0,48
148,67,1940.0,3020.0,7.0,6.0,1,39,0,43
148,68,1900.0,3021.0,10.0,8.0,1,40,0,43
148,69,1711.0,3024.0,9.0,9.0,1,42,0,43
148,70,2031.0,3019.0,8.0,7.0,1,39,0,43
148,77,2062.0,3011.0,7.0,8.0,1,31,0,34
148,78,1322.0,3392.0,7.0,8.0,0,3,26,29
148,79,1822.0,3026.0,7.0,9.0,1,26,0,29
148,83,1851.0,3028.0,6.0,7.0,1,24,0,25
148,84,2018.0,3020.0,8.0,7.0,0,19,1,25
148,85,2043.0,3010.0,9.0,11.0,1,22,0,25
148,91,1928.0,3022.0,7.0,5.0,1,15,0,15
148,92,1989.0,3019.0,8.0,8.0,1,12,0,13
149,0,1601.0,3270.0,17.0,7.0,1,125,0,150
149,32,1788.0,3028.0,7.0,8.0,0,68,2,74
149,38,1759.0,3027.0,7.0,10.0,1,64,0,68
149,41,1774.0,3028.0,9.0,8.0,1,57,0,65
149,42,1896.0,3022.0,8.0,6.0,1,55,0,65
149,49,2079.0,3012.0,7.0,7.0,1,49,0,59
149,50,1743.0,3028.0,6.0,6.0,1,52,0,58
149,53,1738.0,3031.0,6.0,3.0,0,51,1,56
149,61,1794.0,3028.0,9.0,7.0,1,45,0,49
149,62,1854.0,3022.0,11.0,7.0,1,46,0,49
149,63,1967.0,3023.0,8.0,5.0,1,45,0,49
149,67,1946.0,3019.0,8.0,8.0,1,40,0,44
149,68,1871.0,3023.0,8.0,6.0,1,41,0,44
149,69,1706.0,3026.0,6.0,7.0,1,43,0,44
149,70,2024.0,3019.0,5.0,9.0,1,40,0,44
149,77,2062.0,3011.0,7.0,8.0,0,31,1,35
149,78,1322.0,3392.0,7.0,8.0,0,3,27,30
149,79,1822.0,3026.0,7.0,9.0,0,26,1,30
149,83,1845.0,3027.0,7.0,7.0,1,25,0,26
149,84,2005.0,3018.0,8.0,9.0,1,20,0,26
149,85,2035.0,3013.0,8.0,9.0,1,23,0,26
149,91,1921.0,3021.0,8.0,6.0,1,16,0,16
149,92,1981.0,3022.0,9.0,5.0,1,13,0,14
150,0,1600.0,3268.0,18.0,8.0,1,126,0,151
150,32,1788.0,3028.0,7.0,8.0,0,68,3,75
150,38,1752.0,3027.0,8.0,11.0,1,65,0,69
150,41,1767.0,3029.0,8.0,8.0,1,58,0,66
150,42,1903.0,3020.0,9.0,7.0,1,56,0,66
150,49,2070.0,3015.0,10.0,6.0,1,50,0,60
150,50,1736.0,3027.0,6.0,6.0,1,53,0,59
150,53,1727.0,3029.0,4.0,7.0,1,52,0,57
150,61,1794.0,3028.0,9.0,7.0,0,45,1,50
150,62,1865.0,3023.0,7.0,5.0,1,47,0,50
150,63,1961.0,3019.0,7.0,9.0,1,46,0,50
150,67,1941.0,3020.0,7.0,7.0,1,41,0,45
150,68,1890.0,3022.0,8.0,5.0,1,42,0,45
150,69,1676.0,3026.0,6.0,6.0,1,44,0,45
150,70,2014.0,3019.0,11.0,8.0,1,41,0,45
150,77,2062.0,3011.0,7.0,8.0,0,31,2,36
150,78,1322.0,3392.0,7.0,8.0,0,3,28,31
150,79,1809.0,3030.0,8.0,5.0,1,27,0,31
150,83,1847.0,3019.0,12.0,10.0,1,26,0,27
150,84,2005.0,3018.0,8.0,9.0,0,20,1,27
150,85,2029.0,3011.0,8.0,10.0,1,24,0,27
150,91,1926.0,3020.0,9.0,7.0,1,17,0,17
150,92,1981.0,3022.0,9.0,5.0,0,13,1,15
151,0,1599.0,3267.0,17.0,7.0,1,127,0,152
151,32,1817.0,3027.0,9.0,9.0,1,69,0,76
151,38,1746.0,3027.0,7.0,9.0,1,66,0,70
151,41,1767.0,3029.0,8.0,8.0,0,58,1,67
151,42,1899.0,3019.0,8.0,8.0,1,57,0,67
151,49,2065.0,3013.0,11.0,8.0,1,51,0,61
151,50,1729.0,3028.0,7.0,5.0,1,54,0,60
151,53,1719.0,3027.0,6.0,7.0,1,53,0,58
151,61,1782.0,3026.0,8.0,8.0,1,46,0,51
151,62,1860.0,3020.0,7.0,8.0,1,48,0,51
151,63,1955.0,3021.0,7.0,8.0,1,47,0,51
151,67,1935.0,3020.0,8.0,7.0,1,42,0,46
151,68,1883.0,3019.0,11.0,8.0,1,43,0,46
151,69,1691.0,3027.0,9.0,6.0,1,45,0,46
151,70,2010.0,3019.0,10.0,7.0,1,42,0,46
151,77,2062.0,3011.0,7.0,8.0,0,31,3,37
151,78,1322.0,3392.0,7.0,8.0,0,3,29,32
151,79,1803.0,3028.0,7.0,7.0,1,28,0,32
151,83,1831.0,3028.0,7.0,6.0,1,27,0,28
151,84,1994.0,3018.0,6.0,7.0,1,21,0,28
151,85,2025.0,3009.0,7.0,12.0,1,25,0,28
151,91,1910.0,3021.0,8.0,6.0,1,18,0,18
151,92,1971.0,3019.0,6.0,6.0,1,14,0,16
152,0,1599.0,3266.0,15.0,6.0,1,128,0,153
152,32,1809.0,3027.0,11.0,8.0,1,70,0,77
152,38,1723.0,3028.0,7.0,7.0,1,67,0,71
152,41,1755.0,3027.0,6.0,7.0,1,59,0,68
152,42,1892.0,3021.0,9.0,6.0,1,58,0,68
152,49,2065.0,3013.0,11.0,8.0,0,51,1,62
152,50,1711.0,3027.0,6.0,7.0,1,55,0,61
152,53,1685.0,3025.0,7.0,7.0,1,54,0,59
152,61,1797.0,3027.0,7.0,7.0,1,47,0,52
152,62,1877.0,3022.0,10.0,7.0,1,49,0,52
152,63,1949.0,3023.0,8.0,7.0,1,48,0,52
152,67,1930.0,3018.0,7.0,9.0,1,43,0,47
152,68,1904.0,3020.0,8.0,9.0,1,44,0,47
152,69,1662.0,3027.0,8.0,6.0,1,46,0,47
152,70,2003.0,3019.0,10.0,8.0,1,43,0,47
152,77,2037.0,3011.0,7.0,7.0,1,32,0,38
152,79,1826.0,3029.0,6.0,6.0,1,29,0,33
152,83,1835.0,3022.0,9.0,7.0,1,28,0,29
152,84,1988.0,3018.0,7.0,7.0,1,22,0,29
152,85,2025.0,3009.0,7.0,12.0,0,25,1,29
152,91,1915.0,3020.0,8.0,7.0,1,19,0,19
152,92,1964.0,3020.0,8.0,5.0,1,15,0,17
153,0,1598.0,3265.0,15.0,8.0,1,129,0,154
153,32,1805.0,3026.0,8.0,7.0,1,71,0,78
153,38,1716.0,3027.0,7.0,5.0,1,68,0,72
153,41,1732.0,3027.0,8.0,11.0,1,60,0,69
153,42,1887.0,3020.0,8.0,10.0,1,59,0,69
153,49,2054.0,3011.0,9.0,9.0,1,52,0,63
153,50,1703.0,3029.0,8.0,7.0,1,56,0,62
153,53,1679.0,3023.0,6.0,9.0,1,55,0,60
153,61,1747.0,3026.0,9.0,8.0,1,48,0,53
153,62,1871.0,3022.0,10.0,8.0,1,50,0,53
153,63,1942.0,3022.0,8.0,7.0,1,49,0,53
153,67,1923.0,3018.0,7.0,8.0,1,44,0,48
153,68,1904.0,3020.0,8.0,9.0,0,44,1,48
153,69,1655.0,3024.0,7.0,8.0,1,47,0,48
153,70,1998.0,3019.0,11.0,8.0,1,44,0,48
153,77,2030.0,3011.0,8.0,8.0,1,33,0,39
153,79,1788.0,3028.0,11.0,7.0,1,30,0,34
153,83,1847.0,3023.0,9.0,8.0,1,29,0,30
153,84,1980.0,3019.0,10.0,10.0,1,23,0,30
153,85,2011.0,3012.0,10.0,9.0,1,26,0,30
153,91,1907.0,3019.0,9.0,7.0,1,20,0,20
153,92,1964.0,3020.0,8.0,5.0,0,15,1,18
154,0,1598.0,3264.0,16.0,9.0,1,130,0,155
154,32,1797.0,3027.0,11.0,7.0,1,72,0,79
154,38,1709.0,3027.0,8.0,5.0,1,69,0,73
154,41,1741.0,3027.0,8.0,8.0,1,61,0,70
154,42,1866.0,3022.0,9.0,7.0,1,60,0,70
154,49,2047.0,3011.0,10.0,9.0,1,53,0,64
154,50,1696.0,3028.0,8.0,5.0,1,57,0,63
154,53,1679.0,3023.0,6.0,9.0,0,55,1,61
154,61,1762.0,3028.0,9.0,7.0,1,49,0,54
154,62,1814.0,3027.0,5.0,5.0,1,51,0,54
154,63,1937.0,3019.0,7.0,10.0,1,50,0,54
154,67,1916.0,3018.0,8.0,10.0,1,45,0,49
154,68,1893.0,3018.0,8.0,7.0,1,45,0,49
154,69,1655.0,3024.0,7.0,8.0,0,47,1,49
154,70,1998.0,3019.0,11.0,8.0,0,44,1,49
154,77,2023.0,3012.0,8.0,8.0,1,34,0,40
154,79,1783.0,3029.0,8.0,8.0,1,31,0,35
154,83,1824.0,3021.0,8.0,8.0,1,30,0,31
154,84,1974.0,3019.0,10.0,7.0,1,24,0,31
154,85,2006.0,3012.0,10.0,9.0,1,27,0,31
154,91,1903.0,3019.0,7.0,7.0,1,21,0,21
154,92,1964.0,3020.0,8.0,5.0,0,15,2,19
155,0,1595.0,3264.0,17.0,8.0,1,131,0,156
155,32,1807.0,3027.0,5.0,6.0,1,73,0,80
155,38,1702.0,3027.0,8.0,5.0,1,70,0,74
155,41,1719.0,3026.0,7.0,10.0,1,62,0,71
155,42,1875.0,3019.0,9.0,9.0,1,61,0,71
155,49,2041.0,3012.0,9.0,8.0,1,54,0,65
155,50,1691.0,3026.0,5.0,6.0,1,58,0,64
155,53,1679.0,3023.0,6.0,9.0,0,55,2,62
155,61,1792.0,3028.0,10.0,8.0,1,50,0,55
155,62,1836.0,3022.0,6.0,7.0,1,52,0,55
155,63,1930.0,3023.0,7.0,6.0,1,51,0,55
155,67,1911.0,3018.0,8.0,10.0,1,46,0,50
155,68,1885.0,3018.0,9.0,8.0,1,46,0,50
155,69,1641.0,3026.0,7.0,7.0,1,48,0,50
155,70,1985.0,3018.0,10.0,7.0,1,45,0,50
155,77,2023.0,3012.0,8.0,8.0,0,34,1,41
155,79,1777.0,3028.0,7.0,7.0,1,32,0,36
155,83,1816.0,3022.0,9.0,7.0,1,31,0,32
155,84,1974.0,3019.0,10.0,7.0,0,24,1,32
155,85,2001.0,3010.0,7.0,9.0,1,28,0,32
155,91,1903.0,3019.0,7.0,7.0,0,21,1,22
155,92,1944.0,3017.0,9.0,7.0,1,16,0,20
156,0,1596.0,3263.0,16.0,8.0,1,132,0,157
156,32,1799.0,3029.0,8.0,5.0,1,74,0,81
156,38,1694.0,3027.0,9.0,5.0,1,71,0,75
156,41,1713.0,3025.0,6.0,11.0,1,63,0,72
156,42,1867.0,3023.0,11.0,6.0,1,62,0,72
156,49,2036.0,3011.0,8.0,8.0,1,55,0,66
156,50,1682.0,3028.0,6.0,5.0,1,59,0,65
156,53,1659.0,3027.0,5.0,5.0,1,56,0,63
156,61,1786.0,3027.0,8.0,7.0,1,51,0,56
156,62,1829.0,3023.0,7.0,6.0,1,53,0,56
156,63,1923.0,3023.0,8.0,7.0,1,52,0,56
156,67,1905.0,3017.0,8.0,12.0,1,47,0,51
156,68,1881.0,3020.0,8.0,9.0,1,47,0,51
156,69,1635.0,3027.0,7.0,5.0,1,49,0,51
156,70,1981.0,3018.0,9.0,6.0,1,46,0,51
156,77,2011.0,3009.0,9.0,10.0,1,35,0,42
156,79,1770.0,3026.0,7.0,7.0,1,33,0,37
156,83,1809.0,3023.0,11.0,8.0,1,32,0,33
156,84,1962.0,3019.0,7.0,5.0,1,25,0,33
156,85,1994.0,3010.0,7.0,10.0,1,29,0,33
156,91,1891.0,3020.0,7.0,8.0,1,22,0,23
156,92,1937.0,3017.0,9.0,8.0,1,17,0,21
157,0,1594.0,3262.0,16.0,9.0,1,133,0,158
157,32,1794.0,3027.0,6.0,6.0,1,75,0,82
157,38,1688.0,3025.0,7.0,6.0,1,72,0,76
157,41,1705.0,3027.0,7.0,10.0,1,64,0,73
157,42,1862.0,3022.0,9.0,7.0,1,63,0,73
157,49,2030.0,3009.0,9.0,10.0,1,56,0,67
157,50,1675.0,3028.0,7.0,8.0,1,60,0,66
157,53,1650.0,3025.0,6.0,6.0,1,57,0,64
157,61,1779.0,3026.0,8.0,7.0,1,52,0,57
157,62,1822.0,3023.0,8.0,7.0,1,54,0,57
157,63,1918.0,3023.0,8.0,5.0,1,53,0,57
157,67,1899.0,3017.0,8.0,12.0,1,48,0,52
157,68,1875.0,3021.0,7.0,7.0,1,48,0,52
157,69,1628.0,3025.0,6.0,5.0,1,50,0,52
157,70,1974.0,3020.0,10.0,7.0,1,47,0,52
157,77,2011.0,3009.0,9.0,10.0,0,35,1,43
157,79,1764.0,3026.0,9.0,8.0,1,34,0,38
157,83,1804.0,3023.0,9.0,7.0,1,33,0,34
157,84,1955.0,3019.0,9.0,9.0,1,26,0,34
157,85,1987.0,3011.0,7.0,10.0,1,30,0,34
157,91,1885.0,3019.0,7.0,9.0,1,23,0,24
157,92,1937.0,3017.0,9.0,8.0,0,17,1,22
158,0,1594.0,3262.0,16.0,9.0,0,133,1,159
158,32,1787.0,3027.0,7.0,5.0,1,76,0,83
158,38,1671.0,3027.0,4.0,6.0,1,73,0,77
158,41,1699.0,3026.0,8.0,11.0,1,65,0,74
158,42,1862.0,3022.0,9.0,7.0,0,63,1,74
158,49,2023.0,3009.0,10.0,10.0,1,57,0,68
158,50,1675.0,3028.0,7.0,8.0,0,60,1,67
158,53,1642.0,3026.0,7.0,7.0,1,58,0,65
158,61,1773.0,3027.0,9.0,5.0,1,53,0,58
158,62,1822.0,3023.0,8.0,7.0,0,54,1,58
158,63,1913.0,3020.0,7.0,8.0,1,54,0,58
158,67,1891.0,3018.0,10.0,10.0,1,49,0,53
158,68,1870.0,3018.0,7.0,8.0,1,49,0,53
158,69,1620.0,3025.0,7.0,6.0,1,51,0,53
158,70,1968.0,3020.0,11.0,7.0,1,48,0,53
158,77,1999.0,3012.0,7.0,9.0,1,36,0,44
158,79,1758.0,3028.0,7.0,7.0,1,35,0,39
158,83,1804.0,3023.0,9.0,7.0,0,33,1,35
158,84,1951.0,3016.0,8.0,9.0,1,27,0,35
158,85,1981.0,3012.0,8.0,10.0,1,31,0,35
158,91,1885.0,3019.0,7.0,9.0,0,23,1,25
158,92,1925.0,3020.0,9.0,5.0,1,18,0,23
158,104,1715.0,3027.0,7.0,7.0,1,3,0,3
158,106,1842.0,3023.0,9.0,7.0,1,3,0,3
159,0,1594.0,3261.0,16.0,8.0,1,134,0,160
159,32,1782.0,3028.0,6.0,3.0,1,77,0,84
159,38,1664.0,3025.0,4.0,7.0,1,74,0,78
159,41,1692.0,3024.0,8.0,9.0,1,66,0,75
159,42,1862.0,3022.0,9.0,7.0,0,63,2,75
159,49,2023.0,3009.0,10.0,10.0,0,57,1,69
159,50,1675.0,3025.0,7.0,6.0,1,61,0,68
159,53,1642.0,3026.0,7.0,7.0,0,58,1,66
159,61,1766.0,3027.0,10.0,6.0,1,54,0,59
159,62,1811.0,3023.0,7.0,5.0,1,55,0,59
159,63,1905.0,3022.0,8.0,6.0,1,55,0,59
159,67,1884.0,3019.0,10.0,8.0,1,50,0,54
159,68,1863.0,3018.0,7.0,10.0,1,50,0,54
159,69,1613.0,3024.0,8.0,7.0,1,52,0,54
159,70,1963.0,3018.0,8.0,6.0,1,49,0,54
159,77,1993.0,3013.0,7.0,7.0,1,37,0,45
159,79,1758.0,3028.0,7.0,7.0,0,35,1,40
159,83,1792.0,3022.0,8.0,7.0,1,34,0,36
159,84,1951.0,3016.0,8.0,9.0,0,27,1,36
159,85,1976.0,3009.0,7.0,10.0,1,32,0,36
159,91,1871.0,3019.0,11.0,7.0,1,24,0,26
159,92,1919.0,3016.0,8.0,9.0,1,19,0,24
159,104,1730.0,3026.0,9.0,7.0,1,4,0,4
159,106,1842.0,3023.0,9.0,7.0,0,3,1,4
160,0,1595.0,3260.0,15.0,9.0,1,135,0,161
160,32,1775.0,3027.0,6.0,5.0,1,78,0,85
160,38,1655.0,3027.0,9.0,5.0,1,75,0,79
160,41,1685.0,3025.0,7.0,8.0,1,67,0,76
160,42,1844.0,3023.0,9.0,6.0,1,64,0,76
160,49,2011.0,3012.0,8.0,8.0,1,58,0,70
160,50,1669.0,3025.0,6.0,7.0,1,62,0,69
160,53,1630.0,3023.0,6.0,8.0,1,59,0,67
160,61,1760.0,3026.0,10.0,7.0,1,55,0,60
160,62,1804.0,3023.0,8.0,5.0,1,56,0,60
160,63,1899.0,3022.0,6.0,6.0,1,56,0,60
160,67,1884.0,3019.0,10.0,8.0,0,50,1,55
160,68,1831.0,3021.0,8.0,9.0,1,51,0,55
160,69,1607.0,3023.0,7.0,7.0,1,53,0,55
160,70,1963.0,3018.0,8.0,6.0,0,49,1,55
160,77,1993.0,3013.0,7.0,7.0,0,37,1,46
160,79,1702.0,3025.0,6.0,8.0,1,36,0,41
160,83,1785.0,3022.0,8.0,8.0,1,35,0,37
160,84,1951.0,3016.0,8.0,9.0,0,27,2,37
160,85,1976.0,3009.0,7.0,10.0,0,32,1,37
160,91,1866.0,3019.0,9.0,8.0,1,25,0,27
160,92,1919.0,3016.0,8.0,9.0,0,19,1,25
160,104,1724.0,3026.0,8.0,6.0,1,5,0,5
160,106,1745.0,3025.0,7.0,7.0,1,4,0,5
161,0,1593.0,3260.0,15.0,7.0,1,136,0,162
161,32,1769.0,3024.0,6.0,7.0,1,79,0,86
161,38,1655.0,3027.0,9.0,5.0,0,75,1,80
161,41,1678.0,3024.0,7.0,11.0,1,68,0,77
161,42,1838.0,3023.0,10.0,6.0,1,65,0,77
161,49,2006.0,3010.0,8.0,9.0,1,59,0,71
161,50,1662.0,3024.0,7.0,6.0,1,63,0,70
161,53,1630.0,3023.0,6.0,8.0,0,59,1,68
161,61,1760.0,3026.0,10.0,7.0,0,55,1,61
161,62,1823.0,3022.0,11.0,8.0,1,57,0,61
161,63,1893.0,3023.0,6.0,5.0,1,57,0,61
161,67,1872.0,3019.0,9.0,8.0,1,51,0,56
161,68,1851.0,3020.0,8.0,9.0,1,52,0,56
161,69,1598.0,3021.0,10.0,8.0,1,54,0,56
161,70,1947.0,3020.0,10.0,9.0,1,50,0,56
161,77,1980.0,3011.0,10.0,9.0,1,38,0,47
161,79,1695.0,3027.0,6.0,6.0,1,37,0,42
161,83,1798.0,3023.0,6.0,5.0,1,36,0,38
161,84,1930.0,3018.0,8.0,7.0,1,28,0,38
161,85,1962.0,3011.0,7.0,10.0,1,33,0,38
161,91,1860.0,3020.0,10.0,5.0,1,26,0,28
161,92,1919.0,3016.0,8.0,9.0,0,19,2,26
161,104,1716.0,3026.0,8.0,6.0,1,6,0,6
161,106,1739.0,3026.0,7.0,7.0,1,5,0,6
162,0,1593.0,3260.0,15.0,8.0,1,137,0,163
162,32,1762.0,3025.0,7.0,5.0,1,80,0,87
162,38,1642.0,3026.0,8.0,6.0,1,76,0,81
162,41,1671.0,3025.0,8.0,8.0,1,69,0,78
162,42,1834.0,3019.0,7.0,9.0,1,66,0,78
162,49,2006.0,3010.0,8.0,9.0,0,59,1,72
162,50,1654.0,3023.0,7.0,6.0,1,64,0,71
162,53,1630.0,3023.0,6.0,8.0,0,59,2,69
162,61,1748.0,3025.0,8.0,7.0,1,56,0,62
162,62,1792.0,3023.0,8.0,6.0,1,58,0,62
162,63,1887.0,3019.0,5.0,9.0,1,58,0,62
162,67,1872.0,3019.0,9.0,8.0,0,51,1,57
162,68,1851.0,3020.0,8.0,9.0,0,52,1,57
162,69,1590.0,3022.0,10.0,7.0,1,55,0,57
162,70,1947.0,3020.0,10.0,9.0,0,50,1,57
162,77,1973.0,3013.0,11.0,8.0,1,39,0,48
162,79,1695.0,3027.0,6.0,6.0,0,37,1,43
162,83,1773.0,3019.0,8.0,9.0,1,37,0,39
162,84,1925.0,3015.0,8.0,9.0,1,29,0,39
162,85,1956.0,3010.0,8.0,11.0,1,34,0,39
162,91,1854.0,3019.0,10.0,6.0,1,27,0,29
162,92,1901.0,3018.0,7.0,6.0,1,20,0,27
162,104,1731.0,3027.0,8.0,5.0,1,7,0,7
162,106,1739.0,3026.0,7.0,7.0,0,5,1,7
163,0,1593.0,3260.0,15.0,8.0,1,138,0,164
163,32,1756.0,3025.0,5.0,5.0,1,81,0,88
163,38,1634.0,3023.0,8.0,8.0,1,77,0,82
163,41,1665.0,3022.0,8.0,11.0,1,70,0,79
163,42,1812.0,3020.0,9.0,7.0,1,67,0,79
163,49,1993.0,3013.0,9.0,8.0,1,60,0,73
163,50,1646.0,3022.0,8.0,9.0,1,65,0,72
163,53,1606.0,3023.0,8.0,8.0,1,60,0,70
163,61,1742.0,3026.0,8.0,7.0,1,57,0,63
163,62,1785.0,3020.0,7.0,7.0,1,59,0,63
163,63,1880.0,3022.0,9.0,6.0,1,59,0,63
163,67,1838.0,3019.0,10.0,8.0,1,52,0,58
163,68,1827.0,3023.0,7.0,5.0,1,53,0,58
163,69,1584.0,3022.0,10.0,8.0,1,56,0,58
163,70,1935.0,3017.0,9.0,9.0,1,51,0,58
163,77,1973.0,3013.0,11.0,8.0,0,39,1,49
163,79,1588.0,2891.0,7.0,6.0,1,38,0,44
163,83,1764.0,3020.0,11.0,8.0,1,38,0,40
163,84,1918.0,3018.0,7.0,6.0,1,30,0,40
163,85,1952.0,3009.0,6.0,11.0,1,35,0,40
163,91,1847.0,3019.0,9.0,7.0,1,28,0,30
163,92,1893.0,3016.0,8.0,8.0,1,21,0,28
163,104,1726.0,3026.0,6.0,6.0,1,8,0,8
163,106,1682.0,3026.0,6.0,6.0,1,6,0,8
164,0,1593.0,3260.0,15.0,8.0,0,138,1,165
164,32,1760.0,3019.0,7.0,8.0,1,82,0,89
164,38,1634.0,3023.0,8.0,8.0,0,77,1,83
164,41,1665.0,3022.0,8.0,11.0,0,70,1,80
164,42,1819.0,3024.0,9.0,8.0,1,68,0,80
164,49,1988.0,3012.0,8.0,10.0,1,61,0,74
164,50,1641.0,3023.0,7.0,9.0,1,66,0,73
164,53,1606.0,3023.0,8.0,8.0,0,60,1,71
164,61,1735.0,3025.0,9.0,6.0,1,58,0,64
164,62,1807.0,3022.0,7.0,7.0,1,60,0,64
164,63,1874.0,3022.0,8.0,7.0,1,60,0,64
164,67,1840.0,3020.0,10.0,7.0,1,53,0,59
164,68,1832.0,3021.0,9.0,7.0,1,54,0,59
164,69,1578.0,3023.0,9.0,6.0,1,57,0,59
164,70,1935.0,3017.0,9.0,9.0,0,51,1,59
164,77,1973.0,3013.0,11.0,8.0,0,39,2,50
164,79,1588.0,2891.0,7.0,6.0,0,38,1,45
164,83,1780.0,3020.0,6.0,7.0,1,39,0,41
164,84,1912.0,3019.0,7.0,7.0,1,31,0,41
164,85,1944.0,3010.0,7.0,10.0,1,36,0,41
164,91,1854.0,3019.0,9.0,6.0,1,29,0,31
164,92,1887.0,3020.0,8.0,6.0,1,22,0,29
164,104,1719.0,3024.0,8.0,7.0,1,9,0,9
164,106,1697.0,3025.0,7.0,6.0,1,7,0,9
165,0,1593.0,3259.0,16.0,8.0,1,139,0,166
165,32,1744.0,3023.0,6.0,6.0,1,83,0,90
165,38,1620.0,3025.0,7.0,7.0,1,78,0,84
165,41,1650.0,3023.0,9.0,10.0,1,71,0,81
165,42,1814.0,3022.0,9.0,7.0,1,69,0,81
165,49,1982.0,3011.0,6.0,9.0,1,62,0,75
165,50,1641.0,3023.0,7.0,9.0,0,66,1,74
165,53,1592.0,3019.0,8.0,9.0,1,61,0,72
165,61,1729.0,3022.0,9.0,8.0,1,59,0,65
165,62,1807.0,3022.0,7.0,7.0,0,60,1,65
165,63,1868.0,3022.0,7.0,5.0,1,61,0,65
165,67,1834.0,3019.0,8.0,5.0,1,54,0,60
165,68,1826.0,3019.0,8.0,10.0,1,55,0,60
165,69,1571.0,3015.0,8.0,10.0,1,58,0,60
165,70,1923.0,3020.0,9.0,8.0,1,52,0,60
165,77,1955.0,3011.0,10.0,7.0,1,40,0,51
165,79,1588.0,2891.0,7.0,6.0,0,38,2,46
165,83,1774.0,3023.0,6.0,5.0,1,40,0,42
165,84,1912.0,3019.0,7.0,7.0,0,31,1,42
165,85,1936.0,3011.0,9.0,11.0,1,37,0,42
165,91,1846.0,3019.0,9.0,6.0,1,30,0,32
165,92,1881.0,3018.0,7.0,6.0,1,23,0,30
165,104,1719.0,3024.0,8.0,7.0,0,9,1,10
165,106,1690.0,3027.0,7.0,5.0,1,8,0,10
166,0,1593.0,3259.0,16.0,8.0,1,140,0,167
166,32,1736.0,3023.0,9.0,6.0,1,84,0,91
166,38,1615.0,3023.0,7.0,7.0,1,79,0,85
166,41,1644.0,3022.0,9.0,11.0,1,72,0,82
166,42,1794.0,3022.0,10.0,6.0,1,70,0,82
166,49,1975.0,3011.0,8.0,9.0,1,63,0,76
166,50,1628.0,3022.0,6.0,8.0,1,67,0,75
166,53,1585.0,3023.0,8.0,5.0,1,62,0,73
166,61,1723.0,3024.0,8.0,6.0,1,60,0,66
166,62,1747.0,3018.0,10.0,6.0,1,61,0,66
166,63,1863.0,3019.0,6.0,8.0,1,62,0,66
166,67,1834.0,3019.0,8.0,5.0,0,54,1,61
166,68,1822.0,3018.0,7.0,9.0,1,56,0,61
166,69,1563.0,3019.0,10.0,7.0,1,59,0,61
166,70,1916.0,3020.0,10.0,5.0,1,53,0,61
166,77,1955.0,3011.0,10.0,7.0,0,40,1,52
166,79,1669.0,2712.0,7.0,6.0,1,39,0,47
166,83,1767.0,3022.0,7.0,6.0,1,41,0,43
166,84,1899.0,3014.0,7.0,10.0,1,32,0,43
166,85,1936.0,3011.0,9.0,11.0,0,37,1,43
166,91,1841.0,3022.0,8.0,6.0,1,31,0,33
166,92,1874.0,3017.0,8.0,6.0,1,24,0,31
166,104,1706.0,3026.0,7.0,6.0,1,10,0,11
166,106,1662.0,3024.0,6.0,9.0,1,9,0,11
167,0,1593.0,3259.0,16.0,8.0,0,140,1,168
167,32,1717.0,3025.0,9.0,7.0,1,85,0,92
167,38,1607.0,3019.0,5.0,10.0,1,80,0,86
167,41,1636.0,3019.0,9.0,12.0,1,73,0,83
167,42,1803.0,3023.0,8.0,5.0,1,71,0,83
167,49,1968.0,3013.0,8.0,9.0,1,64,0,77
167,50,1620.0,3023.0,7.0,6.0,1,68,0,76
167,53,1578.0,3023.0,9.0,5.0,1,63,0,74
167,61,1676.0,3023.0,9.0,7.0,1,61,0,67
167,62,1741.0,3019.0,8.0,6.0,1,62,0,67
167,63,1855.0,3020.0,7.0,7.0,1,63,0,67
167,67,1834.0,3019.0,8.0,5.0,0,54,2,62
167,68,1822.0,3018.0,7.0,9.0,0,56,1,62
167,69,1557.0,3019.0,9.0,8.0,1,60,0,62
167,70,1916.0,3020.0,10.0,5.0,0,53,1,62
167,77,1943.0,3012.0,7.0,8.0,1,41,0,53
167,79,1669.0,2712.0,7.0,6.0,0,39,1,48
167,83,1767.0,3022.0,7.0,6.0,0,41,1,44
167,84,1891.0,3016.0,9.0,8.0,1,33,0,44
167,85,1925.0,3010.0,6.0,8.0,1,38,0,44
167,91,1834.0,3020.0,9.0,8.0,1,32,0,34
167,92,1868.0,3015.0,8.0,8.0,1,25,0,32
167,104,1699.0,3025.0,8.0,6.0,1,11,0,12
167,106,1655.0,3023.0,7.0,8.0,1,10,0,12
167,113,504.0,3082.0,8.0,6.0,1,3,0,3
168,0,1596.0,3259.0,13.0,8.0,1,141,0,169
168,32,1723.0,3024.0,8.0,7.0,1,86,0,93
168,38,1607.0,3019.0,5.0,10.0,0,80,1,87
168,41,1647.0,3022.0,9.0,7.0,1,74,0,84
168,42,1803.0,3023.0,8.0,5.0,0,71,1,84
168,49,1964.0,3014.0,6.0,7.0,1,65,0,78
168,50,1620.0,3023.0,7.0,6.0,0,68,1,77
168,53,1571.0,3021.0,10.0,6.0,1,64,0,75
168,61,1692.0,3022.0,8.0,8.0,1,62,0,68
168,62,1733.0,3019.0,10.0,6.0,1,63,0,68
168,63,1855.0,3020.0,7.0,7.0,0,63,1,68
168,67,1834.0,3019.0,8.0,5.0,0,54,3,63
168,68,1815.0,3020.0,8.0,7.0,1,57,0,63
168,69,1552.0,3019.0,6.0,6.0,1,61,0,63
168,70,1902.0,3017.0,10.0,8.0,1,54,0,63
168,77,1937.0,3011.0,8.0,7.0,1,42,0,54
168,79,1669.0,2712.0,7.0,6.0,0,39,2,49
168,83,1754.0,3019.0,9.0,8.0,1,42,0,45
168,84,1891.0,3016.0,9.0,8.0,0,33,1,45
168,85,1917.0,3009.0,8.0,10.0,1,39,0,45
168,91,1828.0,3017.0,12.0,8.0,1,33,0,35
168,92,1860.0,3018.0,8.0,8.0,1,26,0,33
168,104,1709.0,3023.0,9.0,8.0,1,12,0,13
168,106,1669.0,3023.0,9.0,7.0,1,11,0,13
168,113,504.0,3082.0,8.0,6.0,0,3,1,4
169,0,1596.0,3260.0,14.0,7.0,1,142,0,170
169,32,1718.0,3023.0,8.0,7.0,1,87,0,94
169,38,1591.0,3022.0,9.0,10.0,1,81,0,88
169,41,1623.0,3023.0,8.0,9.0,1,75,0,85
169,42,1775.0,3022.0,10.0,7.0,1,72,0,85
169,49,1964.0,3014.0,6.0,7.0,0,65,1,79
169,50,1620.0,3023.0,7.0,6.0,0,68,2,78
169,53,1566.0,3018.0,6.0,7.0,1,65,0,76
169,61,1685.0,3023.0,9.0,6.0,1,63,0,69
169,62,1729.0,3017.0,9.0,8.0,1,64,0,69
169,63,1844.0,3020.0,6.0,8.0,1,64,0,69
169,67,1801.0,3020.0,9.0,7.0,1,55,0,64
169,68,1811.0,3021.0,6.0,4.0,1,58,0,64
169,69,1544.0,3016.0,9.0,9.0,1,62,0,64
169,70,1897.0,3018.0,8.0,11.0,1,55,0,64
169,77,1929.0,3011.0,9.0,9.0,1,43,0,55
169,79,1669.0,2712.0,7.0,6.0,0,39,3,50
169,83,1748.0,3020.0,7.0,7.0,1,43,0,46
169,84,1881.0,3015.0,7.0,8.0,1,34,0,46
169,85,1917.0,3009.0,8.0,10.0,0,39,1,46
169,91,1821.0,3019.0,10.0,6.0,1,34,0,36
169,92,1854.0,3018.0,8.0,7.0,1,27,0,34
169,104,1704.0,3023.0,9.0,6.0,1,13,0,14
169,106,1669.0,3023.0,9.0,7.0,0,11,1,14
169,113,504.0,3082.0,8.0,6.0,0,3,2,5
170,0,1596.0,3260.0,15.0,7.0,1,143,0,171
170,32,1711.0,3022.0,7.0,6.0,1,88,0,95
170,38,1587.0,3023.0,5.0,4.0,1,82,0,89
170,41,1655.0,3023.0,10.0,8.0,1,76,0,86
170,42,1768.0,3019.0,10.0,8.0,1,73,0,86
170,49,1964.0,3014.0,6.0,7.0,0,65,2,80
170,50,1600.0,3022.0,7.0,5.0,1,69,0,79
170,53,1558.0,3019.0,7.0,5.0,1,66,0,77
170,61,1679.0,3023.0,9.0,8.0,1,64,0,70
170,62,1729.0,3017.0,9.0,8.0,0,64,1,70
170,63,1844.0,3020.0,6.0,8.0,0,64,1,70
170,67,1785.0,3020.0,6.0,7.0,1,56,0,65
170,68,1804.0,3020.0,7.0,4.0,1,59,0,65
170,69,1539.0,3018.0,6.0,7.0,1,63,0,65
170,70,1890.0,3018.0,9.0,6.0,1,56,0,65
170,77,1923.0,3012.0,9.0,9.0,1,44,0,56
170,79,1669.0,2712.0,7.0,6.0,0,39,4,51
170,83,1743.0,3020.0,7.0,7.0,1,44,0,47
170,84,1873.0,3016.0,8.0,7.0,1,35,0,47
170,85,1917.0,3009.0,8.0,10.0,0,39,2,47
170,91,1815.0,3019.0,8.0,7.0,1,35,0,37
170,92,1854.0,3018.0,8.0,7.0,0,27,1,35
170,104,1696.0,3022.0,9.0,6.0,1,14,0,15
170,106,1633.0,3024.0,8.0,9.0,1,12,0,15
170,113,504.0,3082.0,8.0,6.0,0,3,3,6
171,0,1596.0,3260.0,15.0,7.0,1,144,0,172
171,32,1704.0,3022.0,7.0,5.0,1,89,0,96
171,38,1609.0,3020.0,8.0,9.0,1,83,0,90
171,41,1649.0,3023.0,9.0,7.0,1,77,0,87
171,42,1778.0,3023.0,8.0,4.0,1,74,0,87
171,49,1964.0,3014.0,6.0,7.0,0,65,3,81
171,50,1593.0,3022.0,7.0,5.0,1,70,0,80
171,53,1551.0,3018.0,8.0,7.0,1,67,0,78
171,61,1671.0,3022.0,10.0,9.0,1,65,0,71
171,62,1714.0,3016.0,10.0,8.0,1,65,0,71
171,63,1830.0,3021.0,6.0,5.0,1,65,0,71
171,67,1790.0,3017.0,8.0,8.0,1,57,0,66
171,68,1798.0,3019.0,6.0,4.0,1,60,0,66
171,69,1531.0,3019.0,8.0,5.0,1,64,0,66
171,70,1885.0,3014.0,8.0,9.0,1,57,0,66
171,77,1916.0,3012.0,9.0,8.0,1,45,0,57
171,79,1669.0,2712.0,7.0,6.0,0,39,5,52
171,83,1737.0,3017.0,4.0,8.0,1,45,0,48
171,84,1866.0,3017.0,7.0,7.0,1,36,0,48
171,85,1899.0,3010.0,7.0,9.0,1,40,0,48
171,91,1810.0,3020.0,9.0,5.0,1,36,0,38
171,92,1841.0,3016.0,9.0,8.0,1,28,0,36
171,104,1690.0,3023.0,10.0,6.0,1,15,0,16
171,106,1626.0,3023.0,9.0,7.0,1,13,0,16
171,113,504.0,3082.0,8.0,6.0,0,3,4,7
172,0,1595.0,3260.0,18.0,8.0,1,145,0,173
172,32,1704.0,3022.0,7.0,5.0,0,89,1,97
172,38,1574.0,3021.0,4.0,5.0,1,84,0,91
172,41,1642.0,3022.0,9.0,8.0,1,78,0,88
172,42,1757.0,3019.0,9.0,9.0,1,75,0,88
172,49,1964.0,3014.0,6.0,7.0,0,65,4,82
172,50,1586.0,3021.0,7.0,7.0,1,71,0,81
172,53,1545.0,3017.0,9.0,8.0,1,68,0,79
172,61,1666.0,3022.0,9.0,7.0,1,66,0,72
172,62,1709.0,3018.0,9.0,6.0,1,66,0,72
172,63,1823.0,3021.0,7.0,6.0,1,66,0,72
172,67,1783.0,3019.0,8.0,7.0,1,58,0,67
172,68,1798.0,3019.0,6.0,4.0,0,60,1,67
172,69,1524.0,3016.0,8.0,6.0,1,65,0,67
172,70,1878.0,3019.0,8.0,6.0,1,58,0,67
172,77,1909.0,3011.0,11.0,8.0,1,46,0,58
172,79,1669.0,2712.0,7.0,6.0,0,39,6,53
172,83,1737.0,3017.0,4.0,8.0,0,45,1,49
172,84,1860.0,3016.0,8.0,9.0,1,37,0,49
172,85,1893.0,3011.0,6.0,8.0,1,41,0,49
172,91,1804.0,3019.0,7.0,6.0,1,37,0,39
172,92,1835.0,3018.0,7.0,7.0,1,29,0,37
172,104,1684.0,3022.0,10.0,7.0,1,16,0,17
172,106,1619.0,3019.0,10.0,10.0,1,14,0,17
172,113,504.0,3082.0,8.0,6.0,0,3,5,8
173,0,1595.0,3260.0,18.0,9.0,1,146,0,174
173,32,1691.0,3023.0,7.0,5.0,1,90,0,98
173,38,1567.0,3021.0,5.0,7.0,1,85,0,92
173,41,1614.0,3022.0,8.0,8.0,1,79,0,89
173,42,1750.0,3019.0,12.0,8.0,1,76,0,89
173,49,1932.0,3011.0,6.0,8.0,1,66,0,83
173,50,1579.0,3020.0,7.0,5.0,1,72,0,82
173,53,1537.0,3016.0,10.0,7.0,1,69,0,80
173,61,1660.0,3023.0,7.0,6.0,1,67,0,73
173,62,1701.0,3015.0,12.0,10.0,1,67,0,73
173,63,1817.0,3020.0,8.0,6.0,1,67,0,73
173,67,1767.0,3021.0,6.0,5.0,1,59,0,68
173,68,1785.0,3018.0,7.0,6.0,1,61,0,68
173,69,1519.0,3015.0,6.0,6.0,1,66,0,68
173,70,1873.0,3018.0,7.0,6.0,1,59,0,68
173,77,1903.0,3011.0,10.0,7.0,1,47,0,59
173,79,1669.0,2712.0,7.0,6.0,0,39,7,54
173,83,1723.0,3019.0,6.0,6.0,1,46,0,50
173,84,1854.0,3014.0,7.0,9.0,1,38,0,50
173,85,1885.0,3013.0,6.0,7.0,1,42,0,50
173,91,1804.0,3019.0,7.0,6.0,0,37,1,40
173,92,1829.0,3016.0,6.0,7.0,1,30,0,38
173,104,1680.0,3022.0,7.0,7.0,1,17,0,18
173,106,1595.0,3022.0,9.0,7.0,1,15,0,18
173,113,504.0,3082.0,8.0,6.0,0,3,6,9
174,0,1595.0,3261.0,19.0,8.0,1,147,0,175
174,32,1691.0,3023.0,7.0,5.0,0,90,1,99
174,38,1559.0,3019.0,5.0,5.0,1,86,0,93
174,41,1605.0,3022.0,10.0,8.0,1,80,0,90
174,42,1745.0,3016.0,8.0,8.0,1,77,0,90
174,49,1932.0,3011.0,6.0,8.0,0,66,1,84
174,50,1573.0,3019.0,7.0,6.0,1,73,0,83
174,53,1537.0,3016.0,10.0,7.0,0,69,1,81
174,61,1655.0,3023.0,6.0,6.0,1,68,0,74
174,62,1695.0,3015.0,9.0,8.0,1,68,0,74
174,63,1817.0,3020.0,8.0,6.0,0,67,1,74
174,67,1760.0,3019.0,7.0,6.0,1,60,0,69
174,68,1785.0,3018.0,7.0,6.0,0,61,1,69
174,69,1519.0,3015.0,6.0,6.0,0,66,1,69
174,70,1867.0,3017.0,7.0,8.0,1,60,0,69
174,77,1898.0,3013.0,8.0,6.0,1,48,0,60
174,79,1669.0,2712.0,7.0,6.0,0,39,8,55
174,83,1717.0,3018.0,6.0,6.0,1,47,0,51
174,84,1847.0,3015.0,6.0,10.0,1,39,0,51
174,85,1880.0,3013.0,6.0,7.0,1,43,0,51
174,91,1791.0,3020.0,9.0,6.0,1,38,0,41
174,92,1822.0,3013.0,8.0,11.0,1,31,0,39
174,104,1672.0,3022.0,9.0,7.0,1,18,0,19
174,106,1595.0,3022.0,9.0,7.0,0,15,1,19
174,113,504.0,3082.0,8.0,6.0,0,3,7,10
175,0,1596.0,3263.0,19.0,7.0,1,148,0,176
175,32,1691.0,3023.0,7.0,5.0,0,90,2,100
175,38,1552.0,3018.0,6.0,6.0,1,87,0,94
175,41,1599.0,3021.0,9.0,7.0,1,81,0,91
175,42,1737.0,3015.0,10.0,10.0,1,78,0,91
175,49,1918.0,3011.0,7.0,11.0,1,67,0,85
175,50,1567.0,3020.0,7.0,5.0,1,74,0,84
175,53,1537.0,3016.0,10.0,7.0,0,69,2,82
175,61,1622.0,3023.0,10.0,7.0,1,69,0,75
175,62,1689.0,3016.0,8.0,7.0,1,69,0,75
175,63,1803.0,3019.0,9.0,7.0,1,68,0,75
175,67,1753.0,3021.0,7.0,5.0,1,61,0,70
175,68,1766.0,3017.0,5.0,7.0,1,62,0,70
175,69,1504.0,3016.0,5.0,6.0,1,67,0,70
175,70,1860.0,3016.0,6.0,8.0,1,61,0,70
175,77,1891.0,3013.0,9.0,7.0,1,49,0,61
175,79,1669.0,2712.0,7.0,6.0,0,39,9,56
175,83,1712.0,3017.0,5.0,6.0,1,48,0,52
175,84,1839.0,3017.0,8.0,8.0,1,40,0,52
175,85,2070.0,3114.0,7.0,6.0,1,44,0,52
175,91,1785.0,3019.0,8.0,6.0,1,39,0,42
175,92,1814.0,3015.0,10.0,9.0,1,32,0,40
175,104,1665.0,3023.0,9.0,7.0,1,19,0,20
175,106,1583.0,3020.0,7.0,7.0,1,16,0,20
175,113,504.0,3082.0,8.0,6.0,0,3,8,11
176,0,1600.0,3263.0,16.0,7.0,1,149,0,177
176,32,1673.0,3021.0,7.0,5.0,1,91,0,101
176,38,1552.0,3018.0,6.0,6.0,0,87,1,95
176,41,1599.0,3021.0,9.0,7.0,0,81,1,92
176,42,1731.0,3018.0,8.0,7.0,1,79,0,92
176,49,1911.0,3014.0,8.0,9.0,1,68,0,86
176,50,1560.0,3019.0,7.0,7.0,1,75,0,85
176,53,1537.0,3016.0,10.0,7.0,0,69,3,83
176,61,1641.0,3020.0,8.0,8.0,1,70,0,76
176,62,1689.0,3016.0,8.0,7.0,0,69,1,76
176,63,1798.0,3020.0,7.0,8.0,1,69,0,76
176,67,1747.0,3021.0,7.0,5.0,1,62,0,71
176,68,1757.0,3019.0,9.0,6.0,1,63,0,71
176,69,1498.0,3014.0,7.0,6.0,1,68,0,71
176,70,1852.0,3018.0,9.0,9.0,1,62,0,71
176,77,1866.0,3011.0,6.0,9.0,1,50,0,62
176,79,1669.0,2712.0,7.0,6.0,0,39,10,57
176,83,1712.0,3017.0,5.0,6.0,0,48,1,53
176,84,1834.0,3014.0,6.0,10.0,1,41,0,53
176,85,2070.0,3114.0,7.0,6.0,0,44,1,53
176,91,1767.0,3018.0,6.0,6.0,1,40,0,43
176,92,1814.0,3015.0,10.0,9.0,0,32,1,41
176,104,1659.0,3020.0,9.0,9.0,1,20,0,21
176,106,1576.0,3021.0,8.0,8.0,1,17,0,21
176,113,504.0,3082.0,8.0,6.0,0,3,9,12
177,0,1600.0,3263.0,16.0,7.0,0,149,1,178
177,32,1668.0,3020.0,5.0,6.0,1,92,0,102
177,38,1537.0,3019.0,7.0,5.0,1,88,0,96
177,41,1587.0,3019.0,8.0,6.0,1,82,0,93
177,42,1727.0,3018.0,7.0,7.0,1,80,0,93
177,49,1878.0,3010.0,8.0,8.0,1,69,0,87
177,50,1551.0,3019.0,9.0,5.0,1,76,0,86
177,53,1511.0,3014.0,8.0,7.0,1,70,0,84
177,61,1609.0,3022.0,10.0,7.0,1,71,0,77
177,62,1654.0,3019.0,7.0,7.0,1,70,0,77
177,63,1791.0,3018.0,8.0,6.0,1,70,0,77
177,67,1747.0,3021.0,7.0,5.0,0,62,1,72
177,68,1760.0,3018.0,7.0,6.0,1,64,0,72
177,69,1498.0,3014.0,7.0,6.0,0,68,1,72
177,70,1847.0,3018.0,7.0,6.0,1,63,0,72
177,77,1859.0,3013.0,7.0,6.0,1,51,0,63
177,79,1669.0,2712.0,7.0,6.0,0,39,11,58
177,83,1712.0,3017.0,5.0,6.0,0,48,2,54
177,84,1826.0,3013.0,8.0,10.0,1,42,0,54
177,85,2070.0,3114.0,7.0,6.0,0,44,2,54
177,91,1771.0,3018.0,8.0,6.0,1,41,0,44
177,92,1801.0,3015.0,7.0,7.0,1,33,0,42
177,104,1634.0,3021.0,8.0,6.0,1,21,0,22
177,106,1567.0,3019.0,10.0,7.0,1,18,0,22
177,113,504.0,3082.0,8.0,6.0,0,3,10,13
178,0,1604.0,3264.0,14.0,8.0,1,150,0,179
178,32,1670.0,3014.0,8.0,6.0,1,93,0,103
178,38,1531.0,3017.0,7.0,7.0,1,89,0,97
178,41,1579.0,3020.0,9.0,8.0,1,83,0,94
178,42,1735.0,3018.0,8.0,6.0,1,81,0,94
178,49,1898.0,3010.0,7.0,11.0,1,70,0,88
178,50,1544.0,3019.0,8.0,5.0,1,77,0,87
178,53,1504.0,3013.0,7.0,6.0,1,71,0,85
178,61,1609.0,3022.0,10.0,7.0,0,71,1,78
178,62,1660.0,3018.0,7.0,6.0,1,71,0,78
178,63,1785.0,3018.0,8.0,7.0,1,71,0,78
178,67,1746.0,3018.0,8.0,8.0,1,63,0,73
178,68,1756.0,3017.0,4.0,6.0,1,65,0,73
178,69,1483.0,3012.0,8.0,6.0,1,69,0,73
178,70,1871.0,3014.0,9.0,7.0,1,64,0,73
178,77,1852.0,3012.0,8.0,8.0,1,52,0,64
178,79,1669.0,2712.0,7.0,6.0,0,39,12,59
178,83,1719.0,3016.0,9.0,7.0,1,49,0,55
178,84,1839.0,3015.0,9.0,7.0,1,43,0,55
178,85,2070.0,3114.0,7.0,6.0,0,44,3,55
178,91,1766.0,3019.0,7.0,5.0,1,42,0,45
178,92,1795.0,3014.0,8.0,9.0,1,34,0,43
178,104,1628.0,3021.0,8.0,8.0,1,22,0,23
178,106,1562.0,3018.0,9.0,8.0,1,19,0,23
178,113,504.0,3082.0,8.0,6.0,0,3,11,14
179,0,1604.0,3266.0,21.0,8.0,1,151,0,180
179,32,1685.0,3016.0,7.0,6.0,1,94,0,104
179,38,1525.0,3015.0,6.0,7.0,1,90,0,98
179,41,1575.0,3018.0,6.0,7.0,1,84,0,95
179,42,1728.0,3018.0,8.0,7.0,1,82,0,95
179,49,1891.0,3011.0,7.0,11.0,1,71,0,89
179,50,1544.0,3019.0,8.0,5.0,0,77,1,88
179,53,1504.0,3013.0,7.0,6.0,0,71,1,86
179,61,1595.0,3019.0,10.0,5.0,1,72,0,79
179,62,1655.0,3019.0,5.0,5.0,1,72,0,79
179,63,1778.0,3019.0,8.0,6.0,1,72,0,79
179,67,1740.0,3017.0,6.0,6.0,1,64,0,74
179,68,1756.0,3017.0,4.0,6.0,0,65,1,74
179,69,1477.0,3012.0,7.0,8.0,1,70,0,74
179,70,1867.0,3014.0,6.0,6.0,1,65,0,74
179,77,1847.0,3011.0,5.0,7.0,1,53,0,65
179,79,1669.0,2712.0,7.0,6.0,0,39,13,60
179,83,1714.0,3017.0,7.0,6.0,1,50,0,56
179,84,1839.0,3015.0,9.0,7.0,0,43,1,56
179,85,2070.0,3114.0,7.0,6.0,0,44,4,56
179,91,1759.0,3018.0,7.0,6.0,1,43,0,46
179,92,1790.0,3017.0,7.0,8.0,1,35,0,44
179,104,1640.0,3020.0,10.0,8.0,1,23,0,24
179,106,1562.0,3018.0,9.0,8.0,0,19,1,24
179,113,504.0,3082.0,8.0,6.0,0,3,12,15
180,0,1607.0,3268.0,16.0,9.0,1,152,0,181
180,32,1648.0,3019.0,6.0,5.0,1,95,0,105
180,38,1519.0,3017.0,5.0,3.0,1,91,0,99
180,41,1567.0,3016.0,8.0,9.0,1,85,0,96
180,42,1723.0,3017.0,7.0,7.0,1,83,0,96
180,49,1891.0,3011.0,7.0,11.0,0,71,1,90
180,50,1533.0,3017.0,6.0,7.0,1,78,0,89
180,53,1490.0,3014.0,7.0,5.0,1,72,0,87
180,61,1588.0,3019.0,9.0,9.0,1,73,0,80
180,62,1634.0,3020.0,9.0,7.0,1,73,0,80
180,63,1772.0,3019.0,7.0,6.0,1,73,0,80
180,67,1733.0,3016.0,8.0,8.0,1,65,0,75
180,68,1742.0,3016.0,6.0,7.0,1,66,0,75
180,69,1471.0,3011.0,6.0,6.0,1,71,0,75
180,70,1860.0,3010.0,7.0,9.0,1,66,0,75
180,77,1827.0,3017.0,8.0,10.0,1,54,0,66
180,79,1669.0,2712.0,7.0,6.0,0,39,14,61
180,83,1679.0,3015.0,8.0,7.0,1,51,0,57
180,84,1782.0,3015.0,7.0,7.0,1,44,0,57
180,85,2070.0,3114.0,7.0,6.0,0,44,5,57
180,91,1708.0,3018.0,6.0,8.0,1,44,0,47
180,92,1753.0,3016.0,8.0,6.0,1,36,0,45
180,104,1615.0,3018.0,9.0,7.0,1,24,0,25
180,106,1547.0,3018.0,10.0,7.0,1,20,0,25
180,113,504.0,3082.0,8.0,6.0,0,3,13,16
181,0,1607.0,3268.0,16.0,9.0,0,152,1,182
181,32,1652.0,3014.0,7.0,6.0,1,96,0,106
181,38,1511.0,3017.0,6.0,7.0,1,92,0,100
181,41,1567.0,3016.0,8.0,9.0,0,85,1,97
181,42,1717.0,3016.0,7.0,7.0,1,84,0,97
181,49,1879.0,3013.0,5.0,8.0,1,72,0,91
181,50,1525.0,3014.0,8.0,7.0,1,79,0,90
181,53,1483.0,3012.0,9.0,8.0,1,73,0,88
181,61,1583.0,3019.0,8.0,9.0,1,74,0,81
181,62,1641.0,3019.0,7.0,7.0,1,74,0,81
181,63,1766.0,3017.0,6.0,7.0,1,74,0,81
181,67,1726.0,3017.0,8.0,7.0,1,66,0,76
181,68,1735.0,3017.0,7.0,5.0,1,67,0,76
181,69,1471.0,3011.0,6.0,6.0,0,71,1,76
181,70,1854.0,3011.0,7.0,8.0,1,67,0,76
181,77,1821.0,3016.0,7.0,7.0,1,55,0,67
181,79,1669.0,2712.0,7.0,6.0,0,39,15,62
181,83,1673.0,3017.0,6.0,6.0,1,52,0,58
181,84,1800.0,3014.0,8.0,9.0,1,45,0,58
181,85,2070.0,3114.0,7.0,6.0,0,44,6,58
181,91,1776.0,3015.0,6.0,7.0,1,45,0,48
181,92,1832.0,3012.0,7.0,9.0,1,37,0,46
181,104,1629.0,3018.0,9.0,7.0,1,25,0,26
181,106,1543.0,3018.0,7.0,6.0,1,21,0,26
181,113,504.0,3082.0,8.0,6.0,0,3,14,17
182,0,1612.0,3262.0,13.0,15.0,1,153,0,183
182,32,1645.0,3014.0,8.0,5.0,1,97,0,107
182,38,1503.0,3016.0,9.0,5.0,1,93,0,101
182,41,1554.0,3018.0,7.0,7.0,1,86,0,98
182,42,1697.0,3015.0,8.0,7.0,1,85,0,98
182,49,1873.0,3011.0,8.0,8.0,1,73,0,92
182,50,1518.0,3013.0,8.0,8.0,1,80,0,91
182,53,1475.0,3008.0,10.0,10.0,1,74,0,89
182,61,1577.0,3017.0,8.0,7.0,1,75,0,82
182,62,1636.0,3016.0,6.0,7.0,1,75,0,82
182,63,1760.0,3016.0,5.0,6.0,1,75,0,82
182,67,1721.0,3017.0,7.0,6.0,1,67,0,77
182,68,1710.0,3015.0,8.0,7.0,1,68,0,77
182,69,1456.0,3010.0,8.0,7.0,1,72,0,77
182,70,1845.0,3013.0,8.0,8.0,1,68,0,77
182,77,1812.0,3013.0,9.0,10.0,1,56,0,68
182,79,1669.0,2712.0,7.0,6.0,0,39,16,63
182,83,1667.0,3016.0,6.0,6.0,1,53,0,59
182,84,1769.0,3015.0,8.0,7.0,1,46,0,59
182,85,2070.0,3114.0,7.0,6.0,0,44,7,59
182,91,1740.0,3016.0,7.0,6.0,1,46,0,49
182,92,1792.0,3015.0,10.0,7.0,1,38,0,47
182,104,1622.0,3018.0,10.0,7.0,1,26,0,27
182,106,1534.0,3015.0,10.0,9.0,1,22,0,27
182,113,504.0,3082.0,8.0,6.0,0,3,15,18
183,0,1606.0,3264.0,18.0,14.0,1,154,0,184
183,32,1638.0,3015.0,8.0,6.0,1,98,0,108
183,38,1503.0,3016.0,9.0,5.0,0,93,1,102
183,41,1546.0,3016.0,8.0,8.0,1,87,0,99
183,42,1690.0,3015.0,7.0,6.0,1,86,0,99
183,49,1864.0,3014.0,9.0,5.0,1,74,0,93
183,50,1510.0,3015.0,10.0,6.0,1,81,0,92
183,53,1470.0,3011.0,9.0,6.0,1,75,0,90
183,61,1570.0,3017.0,8.0,8.0,1,76,0,83
183,62,1629.0,3017.0,5.0,7.0,1,76,0,83
183,63,1734.0,3016.0,6.0,7.0,1,76,0,83
183,67,1716.0,3016.0,5.0,6.0,1,68,0,78
183,68,1705.0,3017.0,6.0,7.0,1,69,0,78
183,69,1450.0,3010.0,9.0,7.0,1,73,0,78
183,70,1845.0,3013.0,8.0,8.0,0,68,1,78
183,77,1806.0,3016.0,9.0,7.0,1,57,0,69
183,79,1669.0,2712.0,7.0,6.0,0,39,17,64
183,83,1661.0,3014.0,6.0,7.0,1,54,0,60
183,84,1753.0,3018.0,5.0,7.0,1,47,0,60
183,85,2070.0,3114.0,7.0,6.0,0,44,8,60
183,91,1723.0,3015.0,7.0,6.0,1,47,0,50
183,92,1787.0,3015.0,7.0,8.0,1,39,0,48
183,104,1614.0,3019.0,10.0,8.0,1,27,0,28
183,106,1534.0,3015.0,10.0,9.0,0,22,1,28
183,113,504.0,3082.0,8.0,6.0,0,3,16,19
184,0,1629.0,3321.0,9.0,6.0,1,155,0,185
184,32,1633.0,3015.0,8.0,5.0,1,99,0,109
184,38,1490.0,3015.0,6.0,4.0,1,94,0,103
184,41,1539.0,3016.0,8.0,8.0,1,88,0,100
184,42,1683.0,3016.0,7.0,8.0,1,87,0,100
184,49,1857.0,3014.0,9.0,6.0,1,75,0,94
184,50,1505.0,3014.0,8.0,7.0,1,82,0,93
184,53,1470.0,3011.0,9.0,6.0,0,75,1,91
184,61,1564.0,3017.0,7.0,7.0,1,77,0,84
184,62,1622.0,3017.0,6.0,8.0,1,77,0,84
184,63,1728.0,3016.0,8.0,6.0,1,77,0,84
184,67,1709.0,3015.0,8.0,8.0,1,69,0,79
184,68,1699.0,3016.0,7.0,8.0,1,70,0,79
184,69,1265.0,2908.0,8.0,6.0,1,74,0,79
184,70,1833.0,3010.0,10.0,9.0,1,69,0,79
184,77,1800.0,3015.0,8.0,9.0,1,58,0,70
184,79,1669.0,2712.0,7.0,6.0,0,39,18,65
184,83,1654.0,3015.0,7.0,6.0,1,55,0,61
184,84,1748.0,3018.0,5.0,7.0,1,48,0,61
184,85,2070.0,3114.0,7.0,6.0,0,44,9,61
184,91,1718.0,3016.0,6.0,5.0,1,48,0,51
184,92,1782.0,3013.0,6.0,8.0,1,40,0,49
184,104,1610.0,3019.0,7.0,8.0,1,28,0,29
184,106,1521.0,3015.0,10.0,9.0,1,23,0,29
184,113,504.0,3082.0,8.0,6.0,0,3,17,20
184,123,1590.0,3016.0,6.0,8.0,1,3,0,3
185,0,1615.0,3272.0,12.0,8.0,1,156,0,186
185,32,1626.0,3013.0,8.0,5.0,1,100,0,110
185,38,1484.0,3015.0,7.0,5.0,1,95,0,104
185,41,1539.0,3016.0,8.0,8.0,0,88,1,101
185,42,1683.0,3016.0,7.0,8.0,0,87,1,101
185,49,1853.0,3013.0,7.0,7.0,1,76,0,95
185,50,1499.0,3013.0,7.0,7.0,1,83,0,94
185,53,1438.0,3008.0,8.0,6.0,1,76,0,92
185,61,1564.0,3017.0,7.0,7.0,0,77,1,85
185,62,1616.0,3018.0,8.0,7.0,1,78,0,85
185,63,1722.0,3015.0,7.0,6.0,1,78,0,85
185,67,1703.0,3016.0,6.0,8.0,1,70,0,80
185,68,1694.0,3014.0,7.0,8.0,1,71,0,80
185,69,1265.0,2908.0,8.0,6.0,0,74,1,80
185,70,1825.0,3009.0,9.0,9.0,1,70,0,80
185,77,1800.0,3015.0,8.0,9.0,0,58,1,71
185,79,1669.0,2712.0,7.0,6.0,0,39,19,66
185,83,1647.0,3016.0,7.0,6.0,1,56,0,62
185,84,1741.0,3016.0,5.0,7.0,1,49,0,62
185,85,2070.0,3114.0,7.0,6.0,0,44,10,62
185,91,1711.0,3016.0,6.0,6.0,1,49,0,52
185,92,1774.0,3014.0,7.0,7.0,1,41,0,50
185,104,1604.0,3015.0,8.0,9.0,1,29,0,30
185,106,1515.0,3014.0,9.0,7.0,1,24,0,30
185,113,504.0,3082.0,8.0,6.0,0,3,18,21
185,123,1582.0,3017.0,8.0,8.0,1,4,0,4
186,0,1619.0,3270.0,14.0,9.0,1,157,0,187
186,32,1621.0,3012.0,7.0,6.0,1,101,0,111
186,38,1449.0,3007.0,10.0,9.0,1,96,0,105
186,41,1526.0,3014.0,9.0,9.0,1,89,0,102
186,42,1672.0,3015.0,8.0,6.0,1,88,0,102
186,49,1846.0,3010.0,7.0,11.0,1,77,0,96
186,50,1493.0,3012.0,6.0,7.0,1,84,0,95
186,53,1427.0,3004.0,13.0,11.0,1,77,0,93
186,61,1507.0,3013.0,10.0,7.0,1,78,0,86
186,62,1611.0,3016.0,6.0,6.0,1,79,0,86
186,63,1722.0,3015.0,7.0,6.0,0,78,1,86
186,67,1703.0,3016.0,6.0,8.0,0,70,1,81
186,68,1687.0,3014.0,7.0,7.0,1,72,0,81
186,69,1265.0,2908.0,8.0,6.0,0,74,2,81
186,70,1825.0,3009.0,9.0,9.0,0,70,1,81
186,77,1789.0,3013.0,7.0,9.0,1,59,0,72
186,79,1669.0,2712.0,7.0,6.0,0,39,20,67
186,83,1647.0,3016.0,7.0,6.0,0,56,1,63
186,84,1735.0,3015.0,6.0,8.0,1,50,0,63
186,85,2070.0,3114.0,7.0,6.0,0,44,11,63
186,91,1706.0,3015.0,6.0,6.0,1,50,0,53
186,92,1767.0,3015.0,8.0,8.0,1,42,0,51
186,104,1576.0,3017.0,8.0,8.0,1,30,0,31
186,106,1479.0,3014.0,4.0,4.0,1,25,0,31
186,113,504.0,3082.0,8.0,6.0,0,3,19,22
186,123,1551.0,3015.0,6.0,7.0,1,5,0,5
186,124,1801.0,3011.0,6.0,9.0,1,3,0,3
187,0,1615.0,3267.0,18.0,14.0,1,158,0,188
187,32,1613.0,3014.0,9.0,5.0,1,102,0,112
187,38,1441.0,3008.0,11.0,7.0,1,97,0,106
187,41,1520.0,3014.0,9.0,9.0,1,90,0,103
187,42,1665.0,3014.0,8.0,7.0,1,89,0,103
187,49,1840.0,3013.0,6.0,8.0,1,78,0,97
187,50,1493.0,3012.0,6.0,7.0,0,84,1,96
187,53,1424.0,3009.0,6.0,4.0,1,78,0,94
187,61,1543.0,3016.0,9.0,7.0,1,79,0,87
187,62,1604.0,3017.0,6.0,5.0,1,80,0,87
187,63,1709.0,3015.0,6.0,8.0,1,79,0,87
187,67,1691.0,3013.0,7.0,8.0,1,71,0,82
187,68,1681.0,3016.0,7.0,6.0,1,73,0,82
187,69,1265.0,2908.0,8.0,6.0,0,74,3,82
187,70,1813.0,3012.0,8.0,7.0,1,71,0,82
187,77,1783.0,3014.0,7.0,9.0,1,60,0,73
187,79,1669.0,2712.0,7.0,6.0,0,39,21,68
187,83,1635.0,3013.0,7.0,7.0,1,57,0,64
187,84,1727.0,3017.0,6.0,8.0,1,51,0,64
187,85,2070.0,3114.0,7.0,6.0,0,44,12,64
187,91,1700.0,3013.0,4.0,7.0,1,51,0,54
187,92,1761.0,3015.0,7.0,7.0,1,43,0,52
187,104,1590.0,3018.0,9.0,7.0,1,31,0,32
187,106,1479.0,3014.0,4.0,4.0,0,25,1,32
187,113,504.0,3082.0,8.0,6.0,0,3,20,23
187,123,1569.0,3014.0,9.0,9.0,1,6,0,6
187,124,1801.0,3011.0,6.0,9.0,0,3,1,4
188,0,1615.0,3274.0,22.0,10.0,1,159,0,189
188,32,1608.0,3013.0,9.0,6.0,1,103,0,113
188,38,1438.0,3008.0,12.0,9.0,1,98,0,107
188,41,1512.0,3014.0,9.0,8.0,1,91,0,104
188,42,1659.0,3014.0,7.0,6.0,1,90,0,104
188,49,1835.0,3014.0,5.0,8.0,1,79,0,98
188,50,1480.0,3011.0,7.0,9.0,1,85,0,97
188,53,1416.0,3005.0,11.0,8.0,1,79,0,95
188,61,1536.0,3016.0,9.0,8.0,1,80,0,88
188,62,1597.0,3017.0,7.0,5.0,1,81,0,88
188,63,1702.0,3015.0,9.0,6.0,1,80,0,88
188,67,1691.0,3013.0,7.0,8.0,0,71,1,83
188,68,1675.0,3015.0,6.0,6.0,1,74,0,83
188,69,1265.0,2908.0,8.0,6.0,0,74,4,83
188,70,1875.0,2784.0,8.0,8.0,1,72,0,83
188,77,1783.0,3014.0,7.0,9.0,0,60,1,74
188,79,1669.0,2712.0,7.0,6.0,0,39,22,69
188,83,1629.0,3012.0,6.0,8.0,1,58,0,65
188,84,1722.0,3016.0,6.0,7.0,1,52,0,65
188,85,2070.0,3114.0,7.0,6.0,0,44,13,65
188,91,1730.0,3012.0,5.0,8.0,1,52,0,55
188,92,1755.0,3012.0,6.0,8.0,1,44,0,53
188,104,1584.0,3017.0,9.0,7.0,1,32,0,33
188,106,1463.0,3012.0,9.0,4.0,1,26,0,33
188,113,504.0,3082.0,8.0,6.0,0,3,21,24
188,123,1569.0,3014.0,9.0,9.0,0,6,1,7
188,124,1786.0,3008.0,7.0,8.0,1,4,0,5
189,0,1619.0,3274.0,15.0,12.0,1,160,0,190
189,32,1601.0,3011.0,8.0,5.0,1,104,0,114
189,38,1429.0,3007.0,11.0,7.0,1,99,0,108
189,41,1505.0,3015.0,11.0,6.0,1,92,0,105
189,42,1652.0,3015.0,8.0,5.0,1,91,0,105
189,49,1835.0,3014.0,5.0,8.0,0,79,1,99
189,50,1471.0,3010.0,10.0,8.0,1,86,0,98
189,53,1416.0,3005.0,11.0,8.0,0,79,1,96
189,61,1530.0,3015.0,8.0,7.0,1,81,0,89
189,62,1597.0,3017.0,7.0,5.0,0,81,1,89
189,63,1696.0,3013.0,8.0,6.0,1,81,0,89
189,67,1687.0,3015.0,6.0,5.0,1,72,0,84
189,68,1669.0,3013.0,7.0,6.0,1,75,0,84
189,69,1265.0,2908.0,8.0,6.0,0,74,5,84
189,70,1875.0,2784.0,8.0,8.0,0,72,1,84
189,77,1768.0,3013.0,8.0,7.0,1,61,0,75
189,79,1669.0,2712.0,7.0,6.0,0,39,23,70
189,83,1623.0,3014.0,6.0,7.0,1,59,0,66
189,84,1715.0,3014.0,5.0,7.0,1,53,0,66
189,85,2070.0,3114.0,7.0,6.0,0,44,14,66
189,91,1723.0,3013.0,6.0,7.0,1,53,0,56
189,92,1747.0,3014.0,7.0,6.0,1,45,0,54
189,104,1579.0,3014.0,8.0,8.0,1,33,0,34
189,106,1456.0,3012.0,8.0,5.0,1,27,0,34
189,113,504.0,3082.0,8.0,6.0,0,3,22,25
189,123,1555.0,3015.0,10.0,7.0,1,7,0,8
189,124,1779.0,3009.0,7.0,9.0,1,5,0,6
190,0,1622.0,3274.0,15.0,7.0,1,161,0,191
190,32,1596.0,3011.0,8.0,6.0,1,105,0,115
190,38,1420.0,3003.0,11.0,9.0,1,100,0,109
190,41,1502.0,3014.0,5.0,5.0,1,93,0,106
190,42,1646.0,3012.0,8.0,7.0,1,92,0,106
190,49,1821.0,3012.0,5.0,8.0,1,80,0,100
190,50,1465.0,3008.0,9.0,9.0,1,87,0,99
190,53,1405.0,3005.0,6.0,7.0,1,80,0,97
190,61,1524.0,3015.0,9.0,7.0,1,82,0,90
190,62,1585.0,3016.0,7.0,6.0,1,82,0,90
190,63,1690.0,3014.0,8.0,6.0,1,82,0,90
190,67,1681.0,3013.0,7.0,7.0,1,73,0,85
190,68,1662.0,3013.0,7.0,6.0,1,76,0,85
190,69,1265.0,2908.0,8.0,6.0,0,74,6,85
190,70,1640.0,2716.0,12.0,9.0,1,73,0,85
190,77,1793.0,3009.0,8.0,8.0,1,62,0,76
190,79,1669.0,2712.0,7.0,6.0,0,39,24,71
190,83,1623.0,3014.0,6.0,7.0,0,59,1,67
190,84,1709.0,3017.0,5.0,6.0,1,54,0,67
190,85,2070.0,3114.0,7.0,6.0,0,44,15,67
190,91,1715.0,3015.0,7.0,7.0,1,54,0,57
190,92,1762.0,3012.0,8.0,9.0,1,46,0,55
190,104,1579.0,3014.0,8.0,8.0,0,33,1,35
190,106,1449.0,3010.0,7.0,6.0,1,28,0,35
190,113,504.0,3082.0,8.0,6.0,0,3,23,26
190,123,1551.0,3015.0,9.0,7.0,1,8,0,9
190,124,1774.0,3011.0,6.0,6.0,1,6,0,7
191,0,1621.0,3270.0,18.0,12.0,1,162,0,192
191,32,1588.0,3012.0,8.0,5.0,1,106,0,116
191,38,1416.0,3004.0,8.0,9.0,1,101,0,110
191,41,1495.0,3011.0,5.0,6.0,1,94,0,107
191,42,1640.0,3013.0,8.0,5.0,1,93,0,107
191,49,1814.0,3013.0,5.0,8.0,1,81,0,101
191,50,1474.0,3011.0,11.0,8.0,1,88,0,100
191,53,1398.0,3006.0,6.0,7.0,1,81,0,98
191,61,1518.0,3014.0,7.0,6.0,1,83,0,91
191,62,1578.0,3014.0,7.0,7.0,1,83,0,91
191,63,1685.0,3013.0,7.0,7.0,1,83,0,91
191,67,1675.0,3012.0,5.0,6.0,1,74,0,86
191,68,1666.0,3012.0,9.0,8.0,1,77,0,86
191,69,1265.0,2908.0,8.0,6.0,0,74,7,86
191,70,1640.0,2716.0,12.0,9.0,0,73,1,86
191,77,1788.0,3009.0,8.0,7.0,1,63,0,77
191,79,1669.0,2712.0,7.0,6.0,0,39,25,72
191,83,1623.0,3014.0,6.0,7.0,0,59,2,68
191,84,1703.0,3017.0,5.0,7.0,1,55,0,68
191,85,2070.0,3114.0,7.0,6.0,0,44,16,68
191,91,1715.0,3015.0,7.0,7.0,0,54,1,58
191,92,1754.0,3012.0,9.0,9.0,1,47,0,56
191,104,1565.0,3015.0,8.0,9.0,1,34,0,36
191,106,1442.0,3007.0,7.0,7.0,1,29,0,36
191,113,504.0,3082.0,8.0,6.0,0,3,24,27
191,123,1551.0,3015.0,9.0,7.0,0,8,1,10
191,124,1767.0,3007.0,5.0,8.0,1,7,0,8
192,0,1621.0,3270.0,18.0,12.0,0,162,1,193
192,32,1583.0,3012.0,8.0,6.0,1,107,0,117
192,38,1410.0,3005.0,8.0,7.0,1,102,0,111
192,41,1468.0,3010.0,9.0,8.0,1,95,0,108
192,42,1634.0,3015.0,7.0,4.0,1,94,0,108
192,49,1806.0,3014.0,6.0,8.0,1,82,0,102
192,50,1452.0,3009.0,8.0,7.0,1,89,0,101
192,53,1391.0,3005.0,10.0,7.0,1,82,0,99
192,61,1513.0,3014.0,7.0,7.0,1,84,0,92
192,62,1578.0,3014.0,7.0,7.0,0,83,1,92
192,63,1677.0,3012.0,8.0,7.0,1,84,0,92
192,67,1675.0,3012.0,5.0,6.0,0,74,1,87
192,68,1660.0,3011.0,7.0,8.0,1,78,0,87
192,69,1265.0,2908.0,8.0,6.0,0,74,8,87
192,70,1640.0,2716.0,12.0,9.0,0,73,2,87
192,77,1782.0,3009.0,8.0,6.0,1,64,0,78
192,79,1669.0,2712.0,7.0,6.0,0,39,26,73
192,83,1604.0,3011.0,6.0,6.0,1,60,0,69
192,84,1703.0,3013.0,6.0,6.0,1,56,0,69
192,85,2070.0,3114.0,7.0,6.0,0,44,17,69
192,91,1727.0,3013.0,8.0,6.0,1,55,0,59
192,92,1750.0,3014.0,7.0,7.0,1,48,0,57
192,104,1558.0,3014.0,10.0,7.0,1,35,0,37
192,106,1436.0,3007.0,7.0,7.0,1,30,0,37
192,113,504.0,3082.0,8.0,6.0,0,3,25,28
192,123,1535.0,3014.0,11.0,6.0,1,9,0,11
192,124,1761.0,3008.0,6.0,7.0,1,8,0,9
193,0,1623.0,3277.0,16.0,12.0,1,163,0,194
193,32,1583.0,3012.0,8.0,6.0,0,107,1,118
193,38,1403.0,3004.0,9.0,7.0,1,103,0,112
193,41,1461.0,3008.0,9.0,7.0,1,96,0,109
193,42,1626.0,3014.0,9.0,6.0,1,95,0,109
193,49,1800.0,3014.0,7.0,6.0,1,83,0,103
193,50,1446.0,3008.0,8.0,6.0,1,90,0,102
193,53,1382.0,3003.0,10.0,7.0,1,83,0,100
193,61,1479.0,3013.0,9.0,5.0,1,85,0,93
193,62,1567.0,3016.0,5.0,8.0,1,84,0,93
193,63,1671.0,3012.0,9.0,6.0,1,85,0,93
193,67,1675.0,3012.0,5.0,6.0,0,74,2,88
193,68,1645.0,3013.0,5.0,6.0,1,79,0,88
193,69,1265.0,2908.0,8.0,6.0,0,74,9,88
193,70,1640.0,2716.0,12.0,9.0,0,73,3,88
193,77,1782.0,3009.0,8.0,6.0,0,64,1,79
193,79,1669.0,2712.0,7.0,6.0,0,39,27,74
193,83,1596.0,3013.0,7.0,6.0,1,61,0,70
193,84,1703.0,3013.0,6.0,6.0,0,56,1,70
193,85,2070.0,3114.0,7.0,6.0,0,44,18,70
193,91,1720.0,3014.0,8.0,6.0,1,56,0,60
193,92,1744.0,3012.0,6.0,7.0,1,49,0,58
193,104,1505.0,3012.0,9.0,7.0,1,36,0,38
193,106,1428.0,3008.0,8.0,7.0,1,31,0,38
193,113,504.0,3082.0,8.0,6.0,0,3,26,29
193,123,1530.0,3014.0,9.0,6.0,1,10,0,12
193,124,1761.0,3008.0,6.0,7.0,0,8,1,10
194,0,1623.0,3277.0,16.0,12.0,0,163,1,195
194,32,1569.0,3008.0,8.0,9.0,1,108,0,119
194,38,1403.0,3004.0,9.0,7.0,0,103,1,113
194,41,1454.0,3007.0,10.0,7.0,1,97,0,110
194,42,1621.0,3011.0,8.0,6.0,1,96,0,110
194,49,1794.0,3011.0,6.0,8.0,1,84,0,104
194,50,1474.0,3011.0,6.0,5.0,1,91,0,103
194,53,1378.0,3003.0,9.0,7.0,1,84,0,101
194,61,1497.0,3011.0,10.0,7.0,1,86,0,94
194,62,1558.0,3014.0,8.0,6.0,1,85,0,94
194,63,1665.0,3011.0,8.0,6.0,1,86,0,94
194,67,1647.0,3012.0,9.0,8.0,1,75,0,89
194,68,1639.0,3013.0,5.0,5.0,1,80,0,89
194,69,1265.0,2908.0,8.0,6.0,0,74,10,89
194,70,1640.0,2716.0,12.0,9.0,0,73,4,89
194,77,1770.0,3010.0,6.0,6.0,1,65,0,80
194,79,1669.0,2712.0,7.0,6.0,0,39,28,75
194,83,1591.0,3012.0,6.0,6.0,1,62,0,71
194,84,1689.0,3012.0,7.0,8.0,1,57,0,71
194,85,2070.0,3114.0,7.0,6.0,0,44,19,71
194,91,1713.0,3013.0,8.0,7.0,1,57,0,61
194,92,1734.0,3011.0,9.0,8.0,1,50,0,59
194,104,1525.0,3012.0,9.0,6.0,1,37,0,39
194,106,1423.0,3008.0,7.0,5.0,1,32,0,39
194,113,504.0,3082.0,8.0,6.0,0,3,27,30
194,123,1545.0,3015.0,9.0,6.0,1,11,0,13
194,124,1748.0,3010.0,6.0,6.0,1,9,0,11
195,0,1626.0,3271.0,16.0,12.0,1,164,0,196
195,32,1563.0,3011.0,8.0,6.0,1,109,0,120
195,38,1389.0,3001.0,10.0,9.0,1,104,0,114
195,41,1448.0,3007.0,12.0,9.0,1,98,0,111
195,42,1614.0,3010.0,9.0,6.0,1,97,0,111
195,49,1762.0,3010.0,7.0,5.0,1,85,0,105
195,50,1467.0,3009.0,8.0,7.0,1,92,0,104
195,53,1372.0,3003.0,8.0,7.0,1,85,0,102
195,61,1492.0,3010.0,7.0,10.0,1,87,0,95
195,62,1552.0,3014.0,7.0,5.0,1,86,0,95
195,63,1659.0,3011.0,9.0,9.0,1,87,0,95
195,67,1650.0,3010.0,7.0,6.0,1,76,0,90
195,68,1631.0,3013.0,7.0,7.0,1,81,0,90
195,69,1265.0,2908.0,8.0,6.0,0,74,11,90
195,70,1640.0,2716.0,12.0,9.0,0,73,5,90
195,77,1741.0,3006.0,5.0,8.0,1,66,0,81
195,79,1669.0,2712.0,7.0,6.0,0,39,29,76
195,83,1585.0,3010.0,7.0,6.0,1,63,0,72
195,84,1681.0,3010.0,7.0,7.0,1,58,0,72
195,85,2070.0,3114.0,7.0,6.0,0,44,20,72
195,91,1679.0,3016.0,4.0,6.0,1,58,0,62
195,92,1730.0,3012.0,6.0,9.0,1,51,0,60
195,104,1518.0,3009.0,10.0,8.0,1,38,0,40
195,106,1419.0,3007.0,5.0,5.0,1,33,0,40
195,113,504.0,3082.0,8.0,6.0,0,3,28,31
195,123,1537.0,3014.0,12.0,7.0,1,12,0,14
195,124,1711.0,3011.0,3.0,8.0,1,10,0,12
196,0,1622.0,3278.0,23.0,7.0,1,165,0,197
196,32,1557.0,3009.0,7.0,8.0,1,110,0,121
196,38,1381.0,3002.0,13.0,8.0,1,105,0,115
196,41,1441.0,3006.0,11.0,7.0,1,99,0,112
196,42,1609.0,3012.0,7.0,6.0,1,98,0,112
196,49,1781.0,3015.0,7.0,7.0,1,86,0,106
196,50,1462.0,3010.0,6.0,6.0,1,93,0,105
196,53,1364.0,3002.0,10.0,7.0,1,86,0,103
196,61,1486.0,3010.0,7.0,7.0,1,88,0,96
196,62,1547.0,3015.0,7.0,4.0,1,87,0,96
196,63,1653.0,3010.0,8.0,9.0,1,88,0,96
196,67,1635.0,3010.0,8.0,8.0,1,77,0,91
196,68,1626.0,3012.0,6.0,7.0,1,82,0,91
196,69,1265.0,2908.0,8.0,6.0,0,74,12,91
196,70,1640.0,2716.0,12.0,9.0,0,73,6,91
196,77,1757.0,3008.0,6.0,5.0,1,67,0,82
196,83,1579.0,3009.0,6.0,6.0,1,64,0,73
196,84,1675.0,3010.0,5.0,6.0,1,59,0,73
196,85,2070.0,3114.0,7.0,6.0,0,44,21,73
196,91,1671.0,3015.0,5.0,5.0,1,59,0,63
196,92,1724.0,3013.0,6.0,6.0,1,52,0,61
196,104,1518.0,3009.0,10.0,8.0,0,38,1,41
196,106,1412.0,3007.0,5.0,5.0,1,34,0,41
196,113,504.0,3082.0,8.0,6.0,0,3,29,32
196,123,1533.0,3013.0,12.0,7.0,1,13,0,15
196,124,1703.0,3009.0,6.0,9.0,1,11,0,13
197,0,1622.0,3278.0,23.0,7.0,0,165,1,198
197,32,1620.0,3010.0,7.0,6.0,1,111,0,122
197,38,1376.0,3002.0,10.0,6.0,1,106,0,116
197,41,1421.0,3006.0,7.0,5.0,1,100,0,113
197,42,1602.0,3012.0,8.0,5.0,1,99,0,113
197,49,1774.0,3014.0,6.0,6.0,1,87,0,107
197,50,1453.0,3008.0,10.0,8.0,1,94,0,106
197,53,1359.0,2999.0,9.0,8.0,1,87,0,104
197,61,1479.0,3008.0,8.0,10.0,1,89,0,97
197,62,1540.0,3015.0,7.0,5.0,1,88,0,97
197,63,1646.0,3009.0,8.0,6.0,1,89,0,97
197,67,1638.0,3010.0,6.0,6.0,1,78,0,92
197,68,1665.0,3012.0,4.0,7.0,1,83,0,92
197,69,1265.0,2908.0,8.0,6.0,0,74,13,92
197,70,1640.0,2716.0,12.0,9.0,0,73,7,92
197,77,1749.0,3007.0,7.0,5.0,1,68,0,83
197,83,1628.0,3010.0,7.0,7.0,1,65,0,74
197,84,1669.0,3010.0,6.0,7.0,1,60,0,74
197,85,2070.0,3114.0,7.0,6.0,0,44,22,74
197,91,1695.0,3012.0,7.0,7.0,1,60,0,64
197,92,1728.0,3007.0,5.0,7.0,1,53,0,62
197,104,1507.0,3010.0,7.0,7.0,1,39,0,42
197,106,1403.0,3007.0,7.0,5.0,1,35,0,42
197,123,1527.0,3010.0,10.0,9.0,1,14,0,16
197,124,1716.0,3009.0,8.0,10.0,1,12,0,14
198,0,1629.0,3276.0,15.0,6.0,1,166,0,199
198,32,1567.0,3010.0,5.0,5.0,1,112,0,123
198,38,1414.0,3001.0,7.0,9.0,1,107,0,117
198,41,1429.0,3003.0,10.0,8.0,1,101,0,114
198,42,1597.0,3009.0,7.0,7.0,1,100,0,114
198,49,1767.0,3011.0,7.0,7.0,1,88,0,108
198,50,1448.0,3008.0,8.0,6.0,1,95,0,107
198,53,1370.0,2999.0,9.0,8.0,1,88,0,105
198,61,1472.0,3008.0,11.0,7.0,1,90,0,98
198,62,1534.0,3013.0,7.0,6.0,1,89,0,98
198,63,1640.0,3008.0,9.0,7.0,1,90,0,98
198,67,1631.0,3010.0,7.0,7.0,1,79,0,93
198,68,1659.0,3015.0,4.0,4.0,1,84,0,93
198,69,1265.0,2908.0,8.0,6.0,0,74,14,93
198,70,1640.0,2716.0,12.0,9.0,0,73,8,93
198,77,1742.0,3008.0,7.0,6.0,1,69,0,84
198,83,1614.0,3010.0,7.0,7.0,1,66,0,75
198,84,1663.0,3010.0,6.0,8.0,1,61,0,75
198,85,2070.0,3114.0,7.0,6.0,0,44,23,75
198,91,1688.0,3012.0,7.0,8.0,1,61,0,65
198,92,1722.0,3006.0,5.0,8.0,1,54,0,63
198,104,1500.0,3008.0,8.0,8.0,1,40,0,43
198,106,1399.0,3007.0,5.0,5.0,1,36,0,43
198,123,1522.0,3013.0,9.0,6.0,1,15,0,17
198,124,1710.0,3011.0,5.0,8.0,1,13,0,15
199,0,1630.0,3271.0,16.0,10.0,1,167,0,200
199,32,1561.0,3008.0,5.0,6.0,1,113,0,124
199,38,1390.0,3003.0,10.0,6.0,1,108,0,118
199,41,1406.0,3003.0,8.0,8.0,1,102,0,115
199,42,1590.0,3008.0,8.0,7.0,1,101,0,115
199,49,1761.0,3013.0,6.0,5.0,1,89,0,109
199,50,1421.0,3006.0,11.0,6.0,1,96,0,108
199,53,1345.0,2999.0,8.0,10.0,1,89,0,106
199,61,1465.0,3006.0,10.0,10.0,1,91,0,99
199,62,1528.0,3013.0,7.0,5.0,1,90,0,99
199,63,1635.0,3009.0,8.0,6.0,1,91,0,99
199,67,1615.0,3008.0,8.0,9.0,1,80,0,94
199,68,1652.0,3015.0,5.0,6.0,1,85,0,94
199,69,1265.0,2908.0,8.0,6.0,0,74,15,94
199,70,1640.0,2716.0,12.0,9.0,0,73,9,94
199,77,1737.0,3007.0,7.0,9.0,1,70,0,85
199,83,1607.0,3011.0,7.0,7.0,1,67,0,76
199,84,1656.0,3009.0,6.0,7.0,1,62,0,76
199,85,2070.0,3114.0,7.0,6.0,0,44,24,76
199,91,1688.0,3012.0,7.0,8.0,0,61,1,66
199,92,1715.0,3004.0,6.0,9.0,1,55,0,64
199,104,1500.0,3008.0,8.0,8.0,0,40,1,44
199,106,1365.0,2997.0,8.0,10.0,1,37,0,44
199,123,1514.0,3012.0,9.0,8.0,1,16,0,18
199,124,1710.0,3011.0,5.0,8.0,0,13,1,16
200,0,1625.0,3273.0,23.0,9.0,1,168,0,201
200,32,1553.0,3006.0,8.0,7.0,1,114,0,125
200,38,1390.0,3003.0,10.0,6.0,0,108,1,119
200,41,1400.0,3003.0,9.0,7.0,1,103,0,116
200,42,1583.0,3009.0,10.0,7.0,1,102,0,116
200,49,1753.0,3014.0,8.0,7.0,1,90,0,110
200,50,1416.0,3005.0,11.0,5.0,1,97,0,109
200,53,1339.0,3000.0,6.0,5.0,1,90,0,107
200,61,1457.0,3006.0,11.0,9.0,1,92,0,100
200,62,1522.0,3012.0,7.0,7.0,1,91,0,100
200,63,1629.0,3009.0,8.0,6.0,1,92,0,100
200,67,1609.0,3008.0,9.0,7.0,1,81,0,95
200,68,1646.0,3013.0,4.0,8.0,1,86,0,95
200,69,1265.0,2908.0,8.0,6.0,0,74,16,95
200,70,1640.0,2716.0,12.0,9.0,0,73,10,95
200,77,1731.0,3007.0,8.0,8.0,1,71,0,86
200,83,1602.0,3010.0,6.0,6.0,1,68,0,77
200,84,1656.0,3009.0,6.0,7.0,0,62,1,77
200,85,2070.0,3114.0,7.0,6.0,0,44,25,77
200,91,1674.0,3010.0,8.0,7.0,1,62,0,67
200,92,1708.0,3004.0,6.0,8.0,1,56,0,65
200,104,1486.0,3007.0,6.0,6.0,1,41,0,45
200,106,1358.0,2999.0,8.0,9.0,1,38,0,45
200,123,1507.0,3009.0,10.0,8.0,1,17,0,19
200,124,1698.0,3010.0,8.0,7.0,1,14,0,17
200,130,1532.0,3008.0,9.0,5.0,1,3,0,3
201,0,1630.0,3275.0,18.0,13.0,1,169,0,202
201,32,1548.0,3007.0,6.0,7.0,1,115,0,126
201,38,1378.0,3003.0,7.0,5.0,1,109,0,120
201,41,1409.0,3003.0,11.0,6.0,1,104,0,117
201,42,1577.0,3010.0,8.0,6.0,1,103,0,117
201,49,1748.0,3013.0,6.0,7.0,1,91,0,111
201,50,1428.0,3006.0,8.0,6.0,1,98,0,110
201,53,1332.0,2997.0,8.0,8.0,1,91,0,108
201,61,1451.0,3002.0,11.0,13.0,1,93,0,101
201,62,1515.0,3012.0,7.0,7.0,1,92,0,101
201,63,1622.0,3007.0,8.0,7.0,1,93,0,101
201,67,1603.0,3007.0,8.0,8.0,1,82,0,96
201,68,1639.0,3011.0,4.0,8.0,1,87,0,96
201,69,1265.0,2908.0,8.0,6.0,0,74,17,96
201,70,1640.0,2716.0,12.0,9.0,0,73,11,96
201,77,1722.0,3004.0,10.0,10.0,1,72,0,87
201,83,1594.0,3007.0,8.0,8.0,1,69,0,78
201,84,1613.0,3009.0,7.0,5.0,1,63,0,78
201,85,2070.0,3114.0,7.0,6.0,0,44,26,78
201,91,1668.0,3011.0,6.0,6.0,1,63,0,68
201,92,1702.0,3007.0,6.0,5.0,1,57,0,66
201,104,1483.0,3007.0,6.0,9.0,1,42,0,46
201,106,1358.0,2999.0,8.0,9.0,0,38,1,46
201,123,1507.0,3009.0,10.0,8.0,0,17,1,20
201,124,1690.0,3009.0,7.0,7.0,1,15,0,18
201,130,1527.0,3006.0,8.0,7.0,1,4,0,4
202,0,1631.0,3273.0,17.0,10.0,1,170,0,203
202,32,1541.0,3008.0,7.0,7.0,1,116,0,127
202,38,1387.0,3000.0,9.0,7.0,1,110,0,121
202,41,1403.0,3002.0,10.0,7.0,1,105,0,118
202,42,1572.0,3006.0,8.0,9.0,1,104,0,118
202,49,1741.0,3011.0,7.0,8.0,1,92,0,112
202,50,1421.0,3004.0,9.0,7.0,1,99,0,111
202,53,1327.0,2998.0,7.0,6.0,1,92,0,109
202,61,1446.0,3005.0,11.0,9.0,1,94,0,102
202,62,1510.0,3010.0,7.0,6.0,1,93,0,102
202,63,1617.0,3007.0,6.0,7.0,1,94,0,102
202,67,1603.0,3007.0,8.0,8.0,0,82,1,97
202,68,1636.0,3009.0,6.0,7.0,1,88,0,97
202,69,1265.0,2908.0,8.0,6.0,0,74,18,97
202,70,1640.0,2716.0,12.0,9.0,0,73,12,97
202,77,1716.0,3007.0,9.0,7.0,1,73,0,88
202,83,1594.0,3007.0,8.0,8.0,0,69,1,79
202,84,1633.0,3012.0,5.0,8.0,1,64,0,79
202,85,2070.0,3114.0,7.0,6.0,0,44,27,79
202,91,1663.0,3010.0,6.0,6.0,1,64,0,69
202,92,1696.0,3007.0,6.0,5.0,1,58,0,67
202,104,1474.0,3006.0,8.0,8.0,1,43,0,47
202,106,1358.0,2999.0,8.0,9.0,0,38,2,47
202,123,1494.0,3009.0,12.0,8.0,1,18,0,21
202,124,1683.0,3011.0,8.0,6.0,1,16,0,19
202,130,1521.0,3007.0,6.0,5.0,1,5,0,5
203,0,1635.0,3270.0,14.0,11.0,1,171,0,204
203,32,1535.0,3007.0,7.0,6.0,1,117,0,128
203,38,1380.0,3002.0,9.0,7.0,1,111,0,122
203,41,1397.0,3002.0,9.0,9.0,1,106,0,119
203,42,1566.0,3007.0,7.0,6.0,1,105,0,119
203,49,1734.0,3012.0,6.0,6.0,1,93,0,113
203,50,1415.0,2998.0,9.0,10.0,1,100,0,112
203,53,1320.0,2997.0,9.0,9.0,1,93,0,110
203,61,1440.0,3005.0,9.0,7.0,1,95,0,103
203,62,1515.0,3007.0,7.0,6.0,1,94,0,103
203,63,1610.0,3006.0,7.0,7.0,1,95,0,103
203,67,1601.0,3007.0,7.0,7.0,1,83,0,98
203,68,1630.0,3006.0,5.0,8.0,1,89,0,98
203,69,1265.0,2908.0,8.0,6.0,0,74,19,98
203,70,1640.0,2716.0,12.0,9.0,0,73,13,98
203,77,1708.0,3007.0,9.0,5.0,1,74,0,89
203,83,1591.0,3008.0,8.0,8.0,1,70,0,80
203,84,1625.0,3013.0,7.0,6.0,1,65,0,80
203,85,2070.0,3114.0,7.0,6.0,0,44,28,80
203,91,1655.0,3009.0,7.0,6.0,1,65,0,70
203,92,1688.0,3002.0,8.0,9.0,1,59,0,68
203,104,1468.0,3003.0,7.0,9.0,1,44,0,48
203,106,1338.0,2996.0,7.0,7.0,1,39,0,48
203,123,1489.0,3009.0,11.0,7.0,1,19,0,22
203,124,1676.0,3011.0,8.0,5.0,1,17,0,20
203,130,1582.0,3009.0,7.0,7.0,1,6,0,6
204,0,1630.0,3266.0,19.0,14.0,1,172,0,205
204,32,1535.0,3007.0,7.0,6.0,0,117,1,129
204,38,1374.0,3001.0,9.0,8.0,1,112,0,123
204,41,1390.0,3001.0,10.0,7.0,1,107,0,120
204,42,1566.0,3007.0,7.0,6.0,0,105,1,120
204,49,1727.0,3012.0,8.0,8.0,1,94,0,114
204,50,1409.0,3002.0,7.0,7.0,1,101,0,113
204,53,1311.0,2997.0,12.0,8.0,1,94,0,111
204,61,1440.0,3005.0,9.0,7.0,0,95,1,104
204,62,1497.0,3010.0,7.0,5.0,1,95,0,104
204,63,1604.0,3007.0,7.0,8.0,1,96,0,104
204,67,1595.0,3007.0,7.0,6.0,1,84,0,99
204,68,1623.0,3005.0,5.0,8.0,1,90,0,99
204,69,1265.0,2908.0,8.0,6.0,0,74,20,99
204,70,1640.0,2716.0,12.0,9.0,0,73,14,99
204,77,1703.0,3004.0,8.0,8.0,1,75,0,90
204,83,1586.0,3007.0,8.0,7.0,1,71,0,81
204,84,1625.0,3013.0,7.0,6.0,0,65,1,81
204,85,2070.0,3114.0,7.0,6.0,0,44,29,81
204,91,1648.0,3008.0,6.0,7.0,1,66,0,71
204,92,1681.0,3004.0,8.0,6.0,1,60,0,69
204,104,1462.0,3005.0,6.0,6.0,1,45,0,49
204,106,1330.0,2996.0,10.0,8.0,1,40,0,49
204,123,1485.0,3006.0,9.0,8.0,1,20,0,23
204,124,1668.0,3007.0,9.0,8.0,1,18,0,21
204,130,1577.0,3007.0,7.0,8.0,1,7,0,7
205,0,1630.0,3273.0,19.0,8.0,1,173,0,206
205,32,1523.0,3006.0,7.0,6.0,1,118,0,130
205,38,1369.0,2999.0,7.0,6.0,1,113,0,124
205,41,1383.0,2999.0,9.0,8.0,1,108,0,121
205,42,1566.0,3007.0,7.0,6.0,0,105,2,121
205,49,1727.0,3012.0,8.0,8.0,0,94,1,115
205,50,1409.0,3002.0,7.0,7.0,0,101,1,114
205,53,1307.0,2995.0,7.0,10.0,1,95,0,112
205,61,1428.0,3003.0,10.0,6.0,1,96,0,105
205,62,1491.0,3010.0,7.0,6.0,1,96,0,105
205,63,1598.0,3006.0,8.0,6.0,1,97,0,105
205,67,1589.0,3007.0,7.0,6.0,1,85,0,100
205,68,1623.0,3005.0,5.0,8.0,0,90,1,100
205,69,1265.0,2908.0,8.0,6.0,0,74,21,100
205,70,1640.0,2716.0,12.0,9.0,0,73,15,100
205,77,1697.0,3002.0,8.0,10.0,1,76,0,91
205,83,1581.0,3007.0,6.0,8.0,1,72,0,82
205,84,1613.0,3012.0,7.0,5.0,1,66,0,82
205,91,1648.0,3008.0,6.0,7.0,0,66,1,72
205,92,1673.0,3004.0,7.0,8.0,1,61,0,70
205,104,1455.0,3004.0,9.0,8.0,1,46,0,50
205,106,1325.0,2997.0,7.0,7.0,1,41,0,50
205,123,1477.0,3007.0,10.0,7.0,1,21,0,24
205,124,1668.0,3007.0,9.0,8.0,0,18,1,22
205,130,1571.0,3007.0,6.0,7.0,1,8,0,8
205,133,1351.0,3000.0,8.0,8.0,1,3,0,3
206,0,1613.0,3161.0,16.0,12.0,1,174,0,207
206,32,1515.0,3007.0,8.0,6.0,1,119,0,131
206,38,1363.0,2998.0,7.0,7.0,1,114,0,125
206,41,1378.0,2999.0,9.0,9.0,1,109,0,122
206,42,1547.0,3003.0,8.0,9.0,1,106,0,122
206,49,1727.0,3012.0,8.0,8.0,0,94,2,116
206,50,1398.0,3001.0,7.0,7.0,1,102,0,115
206,53,1300.0,2996.0,6.0,5.0,1,96,0,113
206,61,1450.0,2999.0,6.0,10.0,1,97,0,106
206,62,1486.0,3008.0,6.0,7.0,1,97,0,106
206,63,1589.0,3003.0,10.0,8.0,1,98,0,106
206,67,1564.0,3008.0,6.0,7.0,1,86,0,101
206,68,1610.0,3006.0,5.0,6.0,1,91,0,101
206,69,1265.0,2908.0,8.0,6.0,0,74,22,101
206,70,1640.0,2716.0,12.0,9.0,0,73,16,101
206,77,1689.0,3004.0,9.0,7.0,1,77,0,92
206,83,1574.0,3007.0,6.0,7.0,1,73,0,83
206,84,1613.0,3012.0,7.0,5.0,0,66,1,83
206,91,1648.0,3008.0,6.0,7.0,0,66,2,73
206,92,1669.0,3003.0,8.0,6.0,1,62,0,71
206,104,1471.0,3007.0,9.0,7.0,1,47,0,51
206,106,1318.0,2995.0,9.0,8.0,1,42,0,51
206,123,1495.0,3004.0,9.0,5.0,1,22,0,25
206,124,1657.0,3008.0,9.0,9.0,1,19,0,23
206,130,1582.0,3007.0,7.0,6.0,1,9,0,9
206,133,1345.0,3000.0,7.0,8.0,1,4,0,4
207,0,1613.0,3161.0,16.0,12.0,0,174,1,208
207,32,1510.0,3004.0,7.0,5.0,1,120,0,132
207,38,1355.0,2998.0,7.0,9.0,1,115,0,126
207,41,1378.0,2999.0,9.0,9.0,0,109,1,123
207,42,1541.0,3006.0,8.0,6.0,1,107,0,123
207,49,1727.0,3012.0,8.0,8.0,0,94,3,117
207,50,1414.0,3000.0,10.0,10.0,1,103,0,116
207,53,1294.0,2997.0,6.0,5.0,1,97,0,114
207,61,1450.0,2999.0,6.0,10.0,0,97,1,107
207,62,1478.0,3007.0,7.0,5.0,1,98,0,107
207,63,1584.0,3005.0,9.0,6.0,1,99,0,107
207,67,1559.0,3007.0,5.0,8.0,1,87,0,102
207,68,1602.0,3005.0,7.0,7.0,1,92,0,102
207,69,1265.0,2908.0,8.0,6.0,0,74,23,102
207,70,1640.0,2716.0,12.0,9.0,0,73,17,102
207,77,1683.0,3004.0,10.0,8.0,1,78,0,93
207,83,1568.0,3007.0,6.0,6.0,1,74,0,84
207,84,1600.0,3011.0,6.0,7.0,1,67,0,84
207,91,1629.0,3006.0,6.0,7.0,1,67,0,74
207,92,1662.0,2999.0,8.0,11.0,1,63,0,72
207,104,1465.0,3007.0,9.0,6.0,1,48,0,52
207,106,1312.0,2995.0,8.0,7.0,1,43,0,52
207,123,1489.0,3004.0,8.0,7.0,1,23,0,26
207,124,1651.0,3010.0,9.0,8.0,1,20,0,24
207,130,1582.0,3007.0,7.0,6.0,0,9,1,10
207,133,1338.0,2998.0,8.0,6.0,1,5,0,5
208,0,1636.0,3265.0,14.0,11.0,1,175,0,209
208,32,1503.0,3002.0,8.0,7.0,1,121,0,133
208,38,1355.0,2998.0,7.0,9.0,0,115,1,127
208,41,1365.0,2999.0,9.0,8.0,1,110,0,124
208,42,1536.0,3006.0,6.0,8.0,1,108,0,124
208,49,1702.0,3011.0,6.0,6.0,1,95,0,118
208,50,1407.0,3000.0,13.0,9.0,1,104,0,117
208,53,1288.0,2995.0,7.0,8.0,1,98,0,115
208,61,1436.0,3003.0,8.0,7.0,1,98,0,108
208,62,1478.0,3007.0,7.0,5.0,0,98,1,108
208,63,1570.0,3003.0,7.0,9.0,1,100,0,108
208,67,1553.0,3004.0,6.0,9.0,1,88,0,103
208,68,1602.0,3005.0,7.0,7.0,0,92,1,103
208,69,1265.0,2908.0,8.0,6.0,0,74,24,103
208,70,1640.0,2716.0,12.0,9.0,0,73,18,103
208,77,1727.0,2760.0,7.0,9.0,1,79,0,94
208,83,1562.0,3005.0,6.0,8.0,1,75,0,85
208,84,1600.0,3011.0,6.0,7.0,0,67,1,85
208,91,1622.0,3008.0,7.0,4.0,1,68,0,75
208,92,1662.0,2999.0,8.0,11.0,0,63,1,73
208,104,1465.0,3007.0,9.0,6.0,0,48,1,53
208,106,1306.0,2994.0,8.0,8.0,1,44,0,53
208,123,1484.0,3003.0,7.0,7.0,1,24,0,27
208,124,1651.0,3010.0,9.0,8.0,0,20,1,25
208,130,1578.0,3005.0,8.0,8.0,1,10,0,11
208,133,1333.0,2997.0,7.0,6.0,1,6,0,6
209,0,1631.0,3266.0,20.0,9.0,1,176,0,210
209,32,1496.0,3004.0,9.0,5.0,1,122,0,134
209,38,1343.0,2996.0,8.0,8.0,1,116,0,128
209,41,1375.0,2999.0,9.0,9.0,1,111,0,125
209,42,1536.0,3006.0,6.0,8.0,0,108,1,125
209,49,1695.0,3011.0,7.0,5.0,1,96,0,119
209,50,1407.0,3000.0,13.0,9.0,0,104,1,118
209,53,1281.0,2994.0,6.0,8.0,1,99,0,116
209,61,1431.0,3003.0,10.0,5.0,1,99,0,109
209,62,1467.0,3007.0,5.0,6.0,1,99,0,109
209,63,1565.0,3006.0,7.0,6.0,1,101,0,109
209,67,1546.0,3006.0,6.0,7.0,1,89,0,104
209,68,1590.0,3004.0,7.0,8.0,1,93,0,104
209,69,1265.0,2908.0,8.0,6.0,0,74,25,104
209,70,1640.0,2716.0,12.0,9.0,0,73,19,104
209,77,1727.0,2760.0,7.0,9.0,0,79,1,95
209,83,1556.0,3003.0,7.0,8.0,1,76,0,86
209,84,1588.0,3009.0,5.0,6.0,1,68,0,86
209,91,1615.0,3008.0,7.0,8.0,1,69,0,76
209,92,1670.0,3003.0,11.0,6.0,1,64,0,74
209,104,1454.0,3005.0,8.0,6.0,1,49,0,54
209,106,1297.0,2993.0,10.0,8.0,1,45,0,54
209,123,1479.0,2999.0,6.0,8.0,1,25,0,28
209,124,1637.0,3008.0,8.0,6.0,1,21,0,26
209,130,1572.0,3005.0,9.0,7.0,1,11,0,12
209,133,1333.0,2997.0,7.0,6.0,0,6,1,7
210,0,1635.0,3266.0,15.0,14.0,1,177,0,211
210,32,1490.0,3003.0,8.0,6.0,1,123,0,135
210,38,1336.0,2995.0,8.0,8.0,1,117,0,129
210,41,1372.0,2998.0,8.0,8.0,1,112,0,126
210,42,1523.0,3002.0,8.0,8.0,1,109,0,126
210,49,1686.0,3007.0,10.0,10.0,1,97,0,120
210,50,1395.0,2999.0,10.0,9.0,1,105,0,119
210,53,1275.0,2994.0,6.0,7.0,1,100,0,117
210,61,1422.0,2998.0,11.0,9.0,1,100,0,110
210,62,1461.0,3007.0,6.0,4.0,1,100,0,110
210,63,1566.0,3005.0,9.0,8.0,1,102,0,110
210,67,1540.0,3007.0,6.0,7.0,1,90,0,105
210,68,1590.0,3004.0,7.0,8.0,0,93,1,105
210,69,891.0,2908.0,7.0,7.0,1,75,0,105
210,70,1640.0,2716.0,12.0,9.0,0,73,20,105
210,77,1727.0,2760.0,7.0,9.0,0,79,2,96
210,83,1550.0,3006.0,6.0,6.0,1,77,0,87
210,84,1588.0,3009.0,5.0,6.0,0,68,1,87
210,91,1611.0,3006.0,6.0,6.0,1,70,0,77
210,92,1663.0,3002.0,9.0,7.0,1,65,0,75
210,104,1445.0,3006.0,12.0,7.0,1,50,0,55
210,106,1293.0,2993.0,9.0,7.0,1,46,0,55
210,123,1471.0,3000.0,9.0,7.0,1,26,0,29
210,124,1642.0,3002.0,7.0,6.0,1,22,0,27
210,130,1583.0,3005.0,7.0,5.0,1,12,0,13
210,133,1333.0,2997.0,7.0,6.0,0,6,2,8
211,0,1636.0,3262.0,12.0,11.0,1,178,0,212
211,32,1486.0,3002.0,7.0,6.0,1,124,0,136
211,38,1346.0,2997.0,9.0,9.0,1,118,0,130
211,41,1367.0,2996.0,5.0,9.0,1,113,0,127
211,42,1516.0,3003.0,9.0,6.0,1,110,0,127
211,49,1680.0,3009.0,8.0,5.0,1,98,0,121
211,50,1389.0,2998.0,9.0,9.0,1,106,0,120
211,53,1312.0,2995.0,9.0,7.0,1,101,0,118
211,61,1418.0,3000.0,7.0,6.0,1,101,0,111
211,62,1455.0,3003.0,5.0,6.0,1,101,0,111
211,63,1552.0,3005.0,7.0,6.0,1,103,0,111
211,67,1536.0,3006.0,4.0,5.0,1,91,0,106
211,68,1575.0,3001.0,8.0,7.0,1,94,0,106
211,69,891.0,2908.0,7.0,7.0,0,75,1,106
211,70,1640.0,2716.0,12.0,9.0,0,73,21,106
211,77,1635.0,2998.0,8.0,10.0,1,80,0,97
211,83,1544.0,3006.0,6.0,6.0,1,78,0,88
211,84,1574.0,3011.0,7.0,6.0,1,69,0,88
211,91,1603.0,3003.0,6.0,8.0,1,71,0,78
211,92,1656.0,3002.0,11.0,7.0,1,66,0,76
211,104,1439.0,3005.0,11.0,5.0,1,51,0,56
211,106,1286.0,2992.0,8.0,7.0,1,47,0,56
211,123,1466.0,3002.0,7.0,6.0,1,27,0,30
211,124,1623.0,3008.0,8.0,6.0,1,23,0,28
211,130,1560.0,3003.0,8.0,9.0,1,13,0,14
211,133,1329.0,2995.0,9.0,8.0,1,7,0,9
212,0,1641.0,3259.0,12.0,10.0,1,179,0,213
212,32,1486.0,3002.0,7.0,6.0,0,124,1,137
212,38,1340.0,2997.0,8.0,7.0,1,119,0,131
212,41,1357.0,2996.0,8.0,9.0,1,114,0,128
212,42,1510.0,3003.0,8.0,8.0,1,111,0,128
212,49,1674.0,3010.0,6.0,6.0,1,99,0,122
212,50,1383.0,2997.0,9.0,8.0,1,107,0,121
212,53,1306.0,2994.0,10.0,8.0,1,102,0,119
212,61,1411.0,2999.0,7.0,7.0,1,102,0,112
212,62,1449.0,3005.0,7.0,3.0,1,102,0,112
212,63,1546.0,3003.0,7.0,8.0,1,104,0,112
212,67,1527.0,3000.0,8.0,11.0,1,92,0,107
212,68,1569.0,2999.0,7.0,8.0,1,95,0,107
212,69,891.0,2908.0,7.0,7.0,0,75,2,107
212,70,1640.0,2716.0,12.0,9.0,0,73,22,107
212,77,1629.0,3000.0,8.0,8.0,1,81,0,98
212,83,1538.0,3003.0,7.0,8.0,1,79,0,89
212,84,1568.0,3008.0,7.0,6.0,1,70,0,89
212,91,1595.0,3006.0,9.0,6.0,1,72,0,79
212,92,1649.0,2999.0,11.0,10.0,1,67,0,77
212,104,1433.0,3000.0,12.0,10.0,1,52,0,57
212,106,1282.0,2994.0,7.0,6.0,1,48,0,57
212,123,1460.0,3001.0,8.0,7.0,1,28,0,31
212,124,1616.0,3004.0,8.0,8.0,1,24,0,29
212,130,1556.0,3005.0,5.0,7.0,1,14,0,15
212,133,1329.0,2995.0,9.0,8.0,0,7,1,10
213,0,1635.0,3258.0,18.0,11.0,1,180,0,214
213,32,1486.0,3002.0,7.0,6.0,0,124,2,138
213,38,1255.0,2991.0,6.0,9.0,1,120,0,132
213,41,1351.0,2996.0,9.0,8.0,1,115,0,129
213,42,1505.0,3002.0,9.0,6.0,1,112,0,129
213,49,1668.0,3007.0,8.0,9.0,1,100,0,123
213,50,1383.0,2997.0,9.0,8.0,0,107,1,122
213,53,1297.0,2994.0,12.0,8.0,1,103,0,120
213,61,1407.0,2996.0,6.0,9.0,1,103,0,113
213,62,1442.0,3004.0,8.0,6.0,1,103,0,113
213,63,1540.0,3004.0,7.0,6.0,1,105,0,113
213,67,1522.0,3002.0,7.0,10.0,1,93,0,108
213,68,1564.0,3002.0,6.0,8.0,1,96,0,108
213,69,891.0,2908.0,7.0,7.0,0,75,3,108
213,70,1640.0,2716.0,12.0,9.0,0,73,23,108
213,77,1621.0,3000.0,8.0,9.0,1,82,0,99
213,83,1530.0,3000.0,8.0,10.0,1,80,0,90
213,84,1563.0,3008.0,4.0,6.0,1,71,0,90
213,91,1591.0,3004.0,5.0,8.0,1,73,0,80
213,92,1649.0,2999.0,11.0,10.0,0,67,1,78
213,104,1433.0,3000.0,12.0,10.0,0,52,1,58
213,106,1273.0,2993.0,9.0,7.0,1,49,0,58
213,123,1454.0,2999.0,6.0,6.0,1,29,0,32
213,124,1611.0,3008.0,8.0,6.0,1,25,0,30
213,130,1556.0,3005.0,5.0,7.0,0,14,1,16
213,133,1318.0,2993.0,8.0,8.0,1,8,0,11
214,0,1639.0,3262.0,18.0,10.0,1,181,0,215
214,32,1466.0,3000.0,8.0,8.0,1,125,0,139
214,38,1269.0,2991.0,8.0,7.0,1,121,0,133
214,41,1326.0,2994.0,10.0,9.0,1,116,0,130
214,42,1500.0,2999.0,5.0,9.0,1,113,0,130
214,49,1662.0,3005.0,7.0,8.0,1,101,0,124
214,50,1383.0,2997.0,9.0,8.0,0,107,2,123
214,53,1293.0,2994.0,10.0,7.0,1,104,0,121
214,61,1399.0,2997.0,6.0,6.0,1,104,0,114
214,62,1437.0,3003.0,6.0,4.0,1,104,0,114
214,63,1535.0,3003.0,6.0,9.0,1,106,0,114
214,67,1522.0,3002.0,7.0,10.0,0,93,1,109
214,68,1558.0,3002.0,6.0,6.0,1,97,0,109
214,69,891.0,2908.0,7.0,7.0,0,75,4,109
214,70,1640.0,2716.0,12.0,9.0,0,73,24,109
214,77,1615.0,3000.0,9.0,8.0,1,83,0,100
214,83,1527.0,3003.0,5.0,8.0,1,81,0,91
214,84,1563.0,3008.0,4.0,6.0,0,71,1,91
214,91,1591.0,3004.0,5.0,8.0,0,73,1,81
214,92,1637.0,2999.0,12.0,9.0,1,68,0,79
214,104,1421.0,3003.0,9.0,9.0,1,53,0,59
214,106,1248.0,2992.0,7.0,8.0,1,50,0,59
214,123,1447.0,3001.0,9.0,7.0,1,30,0,33
214,124,1605.0,3008.0,7.0,7.0,1,26,0,31
214,130,1556.0,3005.0,5.0,7.0,0,14,2,17
214,133,1310.0,2993.0,9.0,6.0,1,9,0,12
215,0,1639.0,3262.0,18.0,10.0,0,181,1,216
215,32,1461.0,3000.0,7.0,4.0,1,126,0,140
215,38,1260.0,2988.0,9.0,10.0,1,122,0,134
215,41,1338.0,2992.0,11.0,9.0,1,117,0,131
215,42,1500.0,2999.0,5.0,9.0,0,113,1,131
215,49,1655.0,3006.0,8.0,7.0,1,102,0,125
215,50,1364.0,2993.0,10.0,12.0,1,108,0,124
215,53,1303.0,2994.0,9.0,7.0,1,105,0,122
215,61,1391.0,2997.0,9.0,7.0,1,105,0,115
215,62,1431.0,3000.0,5.0,6.0,1,105,0,115
215,63,1527.0,3003.0,9.0,8.0,1,107,0,115
215,67,1510.0,3002.0,7.0,7.0,1,94,0,110
215,68,1535.0,3002.0,9.0,8.0,1,98,0,110
215,69,891.0,2908.0,7.0,7.0,0,75,5,110
215,70,1640.0,2716.0,12.0,9.0,0,73,25,110
215,77,1615.0,3000.0,9.0,8.0,0,83,1,101
215,83,1520.0,3004.0,6.0,8.0,1,82,0,92
215,84,1547.0,3007.0,9.0,9.0,1,72,0,92
215,91,1575.0,3001.0,9.0,8.0,1,74,0,82
215,92,1637.0,2999.0,12.0,9.0,0,68,1,80
215,104,1415.0,2999.0,11.0,9.0,1,54,0,60
215,106,1238.0,2992.0,11.0,8.0,1,51,0,60
215,123,1439.0,3001.0,9.0,7.0,1,31,0,34
215,124,1597.0,3005.0,9.0,6.0,1,27,0,32
215,130,1551.0,2998.0,7.0,7.0,1,15,0,18
215,133,1318.0,2995.0,12.0,9.0,1,10,0,13
216,0,1640.0,3254.0,15.0,11.0,1,182,0,217
216,32,1455.0,2997.0,7.0,7.0,1,127,0,141
216,38,1254.0,2990.0,9.0,9.0,1,123,0,135
216,41,1279.0,2990.0,10.0,10.0,1,118,0,132
216,42,1487.0,3002.0,7.0,7.0,1,114,0,132
216,49,1649.0,3007.0,8.0,6.0,1,103,0,126
216,50,1333.0,2993.0,7.0,9.0,1,109,0,125
216,53,1298.0,2995.0,8.0,6.0,1,106,0,123
216,61,1358.0,2993.0,9.0,8.0,1,106,0,116
216,62,1387.0,2996.0,7.0,4.0,1,106,0,116
216,63,1523.0,3002.0,5.0,6.0,1,108,0,116
216,67,1503.0,3002.0,7.0,5.0,1,95,0,111
216,68,1530.0,3002.0,8.0,12.0,1,99,0,111
216,69,891.0,2908.0,7.0,7.0,0,75,6,111
216,70,1640.0,2716.0,12.0,9.0,0,73,26,111
216,77,1602.0,2996.0,11.0,9.0,1,84,0,102
216,83,1514.0,3002.0,7.0,7.0,1,83,0,93
216,84,1547.0,3007.0,9.0,9.0,0,72,1,93
216,91,1567.0,3002.0,9.0,7.0,1,75,0,83
216,92,1624.0,2997.0,11.0,9.0,1,69,0,81
216,104,1409.0,2999.0,11.0,8.0,1,55,0,61
216,106,1233.0,2992.0,10.0,8.0,1,52,0,61
216,123,1434.0,2999.0,8.0,9.0,1,32,0,35
216,124,1590.0,3004.0,9.0,7.0,1,28,0,33
216,130,1543.0,2998.0,8.0,6.0,1,16,0,19
216,133,1312.0,2993.0,13.0,8.0,1,11,0,14
217,0,1639.0,3251.0,17.0,12.0,1,183,0,218
217,32,1455.0,2997.0,7.0,7.0,0,127,1,142
217,38,1247.0,2990.0,11.0,9.0,1,124,0,136
217,41,1274.0,2991.0,7.0,10.0,1,119,0,133
217,42,1480.0,2999.0,9.0,8.0,1,115,0,133
217,49,1642.0,3006.0,7.0,7.0,1,104,0,127
217,50,1326.0,2993.0,7.0,8.0,1,110,0,126
217,53,1293.0,2992.0,7.0,7.0,1,107,0,124
217,61,1379.0,2992.0,10.0,8.0,1,107,0,117
217,62,1418.0,3001.0,6.0,8.0,1,107,0,117
217,63,1523.0,3002.0,5.0,6.0,0,108,1,117
217,67,1497.0,3003.0,7.0,6.0,1,96,0,112
217,68,1530.0,3002.0,8.0,12.0,0,99,1,112
217,69,891.0,2908.0,7.0,7.0,0,75,7,112
217,70,1640.0,2716.0,12.0,9.0,0,73,27,112
217,77,1595.0,2997.0,10.0,9.0,1,85,0,103
217,83,1514.0,3002.0,7.0,7.0,0,83,1,94
217,84,1536.0,3004.0,8.0,8.0,1,73,0,94
217,91,1562.0,3002.0,9.0,6.0,1,76,0,84
217,92,1619.0,2998.0,9.0,8.0,1,70,0,82
217,104,1404.0,2999.0,9.0,9.0,1,56,0,62
217,106,1229.0,2991.0,7.0,7.0,1,53,0,62
217,123,1428.0,2999.0,9.0,6.0,1,33,0,36
217,124,1584.0,3006.0,10.0,6.0,1,29,0,34
217,130,1538.0,2999.0,7.0,6.0,1,17,0,20
217,133,1306.0,2992.0,11.0,8.0,1,12,0,15
218,0,1639.0,3251.0,17.0,12.0,0,183,1,219
218,32,1443.0,2999.0,5.0,6.0,1,128,0,143
218,38,1240.0,2990.0,9.0,8.0,1,125,0,137
218,41,1274.0,2991.0,7.0,10.0,0,119,1,134
218,42,1474.0,2999.0,8.0,7.0,1,116,0,134
218,49,1636.0,3004.0,6.0,7.0,1,105,0,128
218,50,1320.0,2993.0,8.0,8.0,1,111,0,127
218,53,1285.0,2990.0,9.0,8.0,1,108,0,125
218,61,1379.0,2992.0,10.0,8.0,0,107,1,118
218,62,1411.0,2999.0,9.0,6.0,1,108,0,118
218,63,1511.0,3004.0,6.0,8.0,1,109,0,118
218,67,1489.0,3002.0,9.0,7.0,1,97,0,113
218,68,1517.0,2999.0,8.0,8.0,1,100,0,113
218,69,891.0,2908.0,7.0,7.0,0,75,8,113
218,70,1640.0,2716.0,12.0,9.0,0,73,28,113
218,77,1590.0,2998.0,9.0,8.0,1,86,0,104
218,83,1502.0,3002.0,5.0,7.0,1,84,0,95
218,84,1536.0,3004.0,8.0,8.0,0,73,1,95
218,91,1558.0,2999.0,7.0,7.0,1,77,0,85
218,92,1611.0,2998.0,10.0,6.0,1,71,0,83
218,104,1395.0,2998.0,13.0,8.0,1,57,0,63
218,106,1222.0,2991.0,7.0,6.0,1,54,0,63
218,123,1422.0,2999.0,7.0,6.0,1,34,0,37
218,124,1579.0,3004.0,9.0,8.0,1,30,0,35
218,130,1532.0,2998.0,6.0,8.0,1,18,0,21
218,133,1299.0,2991.0,13.0,9.0,1,13,0,16
219,0,1640.0,3251.0,14.0,14.0,1,184,0,220
219,32,1443.0,2999.0,5.0,6.0,0,128,1,144
219,38,1234.0,2988.0,9.0,8.0,1,126,0,138
219,41,1262.0,2990.0,8.0,8.0,1,120,0,135
219,42,1474.0,2999.0,8.0,7.0,0,116,1,135
219,49,1636.0,3004.0,6.0,7.0,0,105,1,129
219,50,1339.0,2992.0,10.0,7.0,1,112,0,128
219,53,1278.0,2993.0,7.0,4.0,1,109,0,126
219,61,1367.0,2994.0,9.0,6.0,1,108,0,119
219,62,1411.0,2999.0,9.0,6.0,0,108,1,119
219,63,1503.0,3003.0,8.0,7.0,1,110,0,119
219,67,1486.0,2999.0,6.0,7.0,1,98,0,114
219,68,1511.0,3001.0,8.0,7.0,1,101,0,114
219,69,891.0,2908.0,7.0,7.0,0,75,9,114
219,70,1640.0,2716.0,12.0,9.0,0,73,29,114
219,77,1584.0,2997.0,8.0,6.0,1,87,0,105
219,83,1494.0,3001.0,7.0,8.0,1,85,0,96
219,84,1536.0,3004.0,8.0,8.0,0,73,2,96
219,91,1551.0,2998.0,6.0,8.0,1,78,0,86
219,92,1611.0,2998.0,10.0,6.0,0,71,1,84
219,104,1391.0,2995.0,11.0,9.0,1,58,0,64
219,106,1215.0,2991.0,7.0,7.0,1,55,0,64
219,123,1417.0,2999.0,8.0,6.0,1,35,0,38
219,124,1574.0,3003.0,7.0,6.0,1,31,0,36
219,130,1526.0,2992.0,7.0,12.0,1,19,0,22
219,133,1299.0,2991.0,13.0,9.0,0,13,1,17
220,0,1640.0,3251.0,14.0,14.0,0,184,1,221
220,32,1443.0,2999.0,5.0,6.0,0,128,2,145
220,38,1234.0,2988.0,9.0,8.0,0,126,1,139
220,41,1254.0,2987.0,11.0,10.0,1,121,0,136
220,42,1462.0,2999.0,6.0,8.0,1,117,0,136
220,49,1622.0,3005.0,10.0,6.0,1,106,0,130
220,50,1334.0,2990.0,10.0,8.0,1,113,0,129
220,53,1278.0,2993.0,7.0,4.0,0,109,1,127
220,61,1361.0,2992.0,9.0,6.0,1,109,0,120
220,62,1401.0,2999.0,6.0,5.0,1,109,0,120
220,63,1499.0,3001.0,6.0,7.0,1,111,0,120
220,67,1478.0,3000.0,9.0,7.0,1,99,0,115
220,68,1511.0,3001.0,8.0,7.0,0,101,1,115
220,69,891.0,2908.0,7.0,7.0,0,75,10,115
220,77,1584.0,2997.0,8.0,6.0,0,87,1,106
220,83,1490.0,3000.0,6.0,8.0,1,86,0,97
220,84,1518.0,3006.0,6.0,6.0,1,74,0,97
220,91,1544.0,2999.0,8.0,9.0,1,79,0,87
220,92,1600.0,2998.0,9.0,8.0,1,72,0,85
220,104,1386.0,2995.0,11.0,9.0,1,59,0,65
220,106,1209.0,2992.0,10.0,4.0,1,56,0,65
220,123,1417.0,2999.0,8.0,6.0,0,35,1,39
220,124,1565.0,3002.0,8.0,6.0,1,32,0,37
220,130,1518.0,2994.0,8.0,9.0,1,20,0,23
220,133,1299.0,2991.0,13.0,9.0,0,13,2,18
221,0,1642.0,3243.0,15.0,13.0,1,185,0,222
221,32,1443.0,2999.0,5.0,6.0,0,128,3,146
221,38,1221.0,2988.0,10.0,9.0,1,127,0,140
221,41,1248.0,2990.0,9.0,6.0,1,122,0,137
221,42,1462.0,2999.0,6.0,8.0,0,117,1,137
221,49,1622.0,3005.0,10.0,6.0,0,106,1,131
221,50,1328.0,2990.0,7.0,7.0,1,114,0,130
221,53,1279.0,2990.0,14.0,9.0,1,110,0,128
221,61,1354.0,2991.0,8.0,6.0,1,110,0,121
221,62,1395.0,2998.0,6.0,6.0,1,110,0,121
221,63,1493.0,3000.0,5.0,7.0,1,112,0,121
221,67,1472.0,3000.0,8.0,8.0,1,100,0,116
221,68,1500.0,3001.0,7.0,8.0,1,102,0,116
221,69,891.0,2908.0,7.0,7.0,0,75,11,116
221,77,1584.0,2997.0,8.0,6.0,0,87,2,107
221,83,1482.0,2998.0,7.0,8.0,1,87,0,98
221,84,1510.0,3003.0,7.0,8.0,1,75,0,98
221,91,1538.0,2997.0,7.0,9.0,1,80,0,88
221,92,1593.0,2993.0,10.0,11.0,1,73,0,86
221,104,1378.0,2995.0,12.0,9.0,1,60,0,66
221,106,1203.0,2989.0,7.0,6.0,1,57,0,66
221,123,1404.0,2996.0,8.0,7.0,1,36,0,40
221,124,1559.0,3003.0,7.0,7.0,1,33,0,38
221,130,1513.0,2996.0,8.0,7.0,1,21,0,24
221,133,1302.0,2992.0,6.0,7.0,1,14,0,19
222,0,1639.0,3245.0,17.0,11.0,1,186,0,223
222,32,1418.0,2996.0,8.0,7.0,1,129,0,147
222,38,1242.0,2990.0,9.0,8.0,1,128,0,141
222,41,1262.0,2988.0,7.0,8.0,1,123,0,138
222,42,1451.0,2997.0,7.0,7.0,1,118,0,138
222,49,1622.0,3005.0,10.0,6.0,0,106,2,132
222,50,1321.0,2991.0,9.0,9.0,1,115,0,131
222,53,1274.0,2991.0,11.0,9.0,1,111,0,129
222,61,1347.0,2991.0,10.0,7.0,1,111,0,122
222,62,1390.0,2997.0,6.0,5.0,1,111,0,122
222,63,1486.0,3002.0,6.0,10.0,1,113,0,122
222,67,1467.0,2999.0,6.0,7.0,1,101,0,117
222,68,1494.0,2998.0,8.0,10.0,1,103,0,117
222,69,891.0,2908.0,7.0,7.0,0,75,12,117
222,77,1563.0,2996.0,9.0,7.0,1,88,0,108
222,83,1476.0,3001.0,8.0,7.0,1,88,0,99
222,84,1510.0,3003.0,7.0,8.0,0,75,1,99
222,91,1532.0,2996.0,7.0,9.0,1,81,0,89
222,92,1587.0,2997.0,7.0,7.0,1,74,0,87
222,104,1374.0,2992.0,10.0,9.0,1,61,0,67
222,106,1216.0,2989.0,8.0,8.0,1,58,0,67
222,123,1398.0,2999.0,7.0,5.0,1,37,0,41
222,124,1552.0,3002.0,8.0,7.0,1,34,0,39
222,130,1507.0,2995.0,5.0,8.0,1,22,0,25
222,133,1296.0,2991.0,6.0,6.0,1,15,0,20
223,0,1639.0,3245.0,17.0,11.0,0,186,1,224
223,32,1414.0,2994.0,6.0,7.0,1,130,0,148
223,38,1235.0,2989.0,9.0,6.0,1,129,0,142
223,41,1262.0,2988.0,7.0,8.0,0,123,1,139
223,42,1445.0,2998.0,6.0,5.0,1,119,0,139
223,49,1622.0,3005.0,10.0,6.0,0,106,3,133
223,50,1330.0,3225.0,9.0,8.0,1,116,0,132
223,53,1267.0,2991.0,13.0,7.0,1,112,0,130
223,61,1343.0,2991.0,9.0,7.0,1,112,0,123
223,62,1383.0,2996.0,6.0,5.0,1,112,0,123
223,63,1481.0,3001.0,5.0,6.0,1,114,0,123
223,67,1467.0,2999.0,6.0,7.0,0,101,1,118
223,68,1494.0,2998.0,8.0,10.0,0,103,1,118
223,69,891.0,2908.0,7.0,7.0,0,75,13,118
223,77,1558.0,2994.0,7.0,8.0,1,89,0,109
223,83,1471.0,3000.0,7.0,6.0,1,89,0,100
223,84,1498.0,3004.0,7.0,9.0,1,76,0,100
223,91,1525.0,2995.0,7.0,8.0,1,82,0,90
223,92,1580.0,2998.0,9.0,6.0,1,75,0,88
223,104,1366.0,2990.0,11.0,9.0,1,62,0,68
223,106,1216.0,2989.0,8.0,8.0,0,58,1,68
223,123,1393.0,2997.0,8.0,7.0,1,38,0,42
223,124,1546.0,2998.0,7.0,8.0,1,35,0,40
223,130,1500.0,2994.0,6.0,6.0,1,23,0,26
223,133,1289.0,2989.0,8.0,8.0,1,16,0,21
224,0,1639.0,3245.0,17.0,11.0,0,186,2,225
224,32,1407.0,2994.0,7.0,6.0,1,131,0,149
224,38,1203.0,2986.0,8.0,7.0,1,130,0,143
224,41,1230.0,2986.0,7.0,7.0,1,124,0,140
224,42,1439.0,2998.0,6.0,6.0,1,120,0,140
224,49,1622.0,3005.0,10.0,6.0,0,106,4,134
224,50,1330.0,3225.0,9.0,8.0,0,116,1,133
224,53,1262.0,2990.0,11.0,7.0,1,113,0,131
224,61,1307.0,2986.0,10.0,12.0,1,113,0,124
224,62,1334.0,2988.0,10.0,8.0,1,113,0,124
224,63,1475.0,2998.0,5.0,8.0,1,115,0,124
224,67,1467.0,2999.0,6.0,7.0,0,101,2,119
224,68,1481.0,3000.0,6.0,8.0,1,104,0,119
224,69,891.0,2908.0,7.0,7.0,0,75,14,119
224,77,1551.0,2994.0,7.0,7.0,1,90,0,110
224,83,1466.0,2999.0,6.0,6.0,1,90,0,101
224,84,1498.0,3004.0,7.0,9.0,0,76,1,101
224,91,1519.0,2997.0,6.0,7.0,1,83,0,91
224,92,1574.0,2995.0,11.0,9.0,1,76,0,89
224,104,1363.0,2992.0,6.0,7.0,1,63,0,69
224,106,1184.0,2990.0,6.0,5.0,1,59,0,69
224,123,1387.0,2996.0,6.0,5.0,1,39,0,43
224,124,1540.0,3000.0,7.0,8.0,1,36,0,41
224,130,1500.0,2994.0,6.0,6.0,0,23,1,27
224,133,1248.0,2990.0,7.0,6.0,1,17,0,22
225,0,1647.0,3238.0,13.0,9.0,1,187,0,226
225,32,1400.0,2995.0,6.0,7.0,1,132,0,150
225,38,1203.0,2986.0,8.0,7.0,0,130,1,144
225,41,1222.0,2987.0,10.0,7.0,1,125,0,141
225,42,1439.0,2998.0,6.0,6.0,0,120,1,141
225,49,1589.0,3003.0,8.0,6.0,1,107,0,135
225,50,1330.0,3225.0,9.0,8.0,0,116,2,134
225,53,1275.0,2990.0,8.0,8.0,1,114,0,132
225,61,1327.0,2987.0,12.0,9.0,1,114,0,125
225,62,1353.0,2993.0,10.0,7.0,1,114,0,125
225,63,1467.0,3001.0,7.0,6.0,1,116,0,125
225,67,1448.0,2998.0,10.0,7.0,1,102,0,120
225,68,1475.0,3000.0,6.0,9.0,1,105,0,120
225,69,891.0,2908.0,7.0,7.0,0,75,15,120
225,77,1546.0,2996.0,6.0,5.0,1,91,0,111
225,83,1466.0,2999.0,6.0,6.0,0,90,1,102
225,84,1485.0,3002.0,8.0,7.0,1,77,0,102
225,91,1514.0,2996.0,5.0,5.0,1,84,0,92
225,92,1568.0,2995.0,9.0,8.0,1,77,0,90
225,104,1370.0,2995.0,6.0,5.0,1,64,0,70
225,106,1184.0,2990.0,6.0,5.0,0,59,1,70
225,123,1382.0,2996.0,5.0,4.0,1,40,0,44
225,124,1554.0,3222.0,7.0,7.0,1,37,0,42
225,130,1500.0,2994.0,6.0,6.0,0,23,2,28
225,133,1241.0,2989.0,8.0,6.0,1,18,0,23
226,0,1645.0,3232.0,15.0,13.0,1,188,0,227
226,32,1400.0,2995.0,6.0,7.0,0,132,1,151
226,38,1203.0,2986.0,8.0,7.0,0,130,2,145
226,41,1215.0,2987.0,11.0,10.0,1,126,0,142
226,42,1439.0,2998.0,6.0,6.0,0,120,2,142
226,49,1589.0,3003.0,8.0,6.0,0,107,1,136
226,50,1330.0,3225.0,9.0,8.0,0,116,3,135
226,53,1247.0,2987.0,13.0,9.0,1,115,0,133
226,61,1327.0,2987.0,12.0,9.0,0,114,1,126
226,62,1349.0,2992.0,8.0,8.0,1,115,0,126
226,63,1463.0,3002.0,5.0,6.0,1,117,0,126
226,67,1448.0,2998.0,10.0,7.0,0,102,1,121
226,68,1470.0,2998.0,6.0,7.0,1,106,0,121
226,69,891.0,2908.0,7.0,7.0,0,75,16,121
226,77,1539.0,2995.0,7.0,6.0,1,92,0,112
226,83,1452.0,3000.0,9.0,7.0,1,91,0,103
226,84,1480.0,3004.0,6.0,5.0,1,78,0,103
226,91,1529.0,2999.0,4.0,10.0,1,85,0,93
226,92,1562.0,2996.0,9.0,6.0,1,78,0,91
226,104,1365.0,2992.0,7.0,8.0,1,65,0,71
226,106,1171.0,2988.0,6.0,6.0,1,60,0,71
226,123,1382.0,2996.0,5.0,4.0,0,40,1,45
226,124,1554.0,3222.0,7.0,7.0,0,37,1,43
226,130,1482.0,2993.0,5.0,6.0,1,24,0,29
226,133,1234.0,2986.0,8.0,8.0,1,19,0,24
227,0,1645.0,3232.0,15.0,13.0,0,188,1,228
227,32,1400.0,2995.0,6.0,7.0,0,132,2,152
227,38,1182.0,2986.0,11.0,7.0,1,131,0,146
227,41,1209.0,2985.0,10.0,8.0,1,127,0,143
227,42,1418.0,2995.0,9.0,5.0,1,121,0,143
227,49,1577.0,2998.0,6.0,8.0,1,108,0,137
227,50,1330.0,3225.0,9.0,8.0,0,116,4,136
227,53,1264.0,2987.0,6.0,8.0,1,116,0,134
227,61,1289.0,2987.0,10.0,10.0,1,115,0,127
227,62,1343.0,2990.0,9.0,8.0,1,116,0,127
227,63,1475.0,2990.0,6.0,7.0,1,118,0,127
227,67,1437.0,2995.0,7.0,7.0,1,103,0,122
227,68,1463.0,2997.0,6.0,9.0,1,107,0,122
227,69,891.0,2908.0,7.0,7.0,0,75,17,122
227,77,1533.0,2994.0,6.0,6.0,1,93,0,113
227,83,1455.0,2999.0,7.0,6.0,1,92,0,104
227,84,1472.0,3003.0,7.0,8.0,1,79,0,104
227,91,1522.0,2996.0,5.0,8.0,1,86,0,94
227,92,1554.0,2995.0,9.0,8.0,1,79,0,92
227,104,1365.0,2992.0,7.0,8.0,0,65,1,72
227,106,1163.0,2990.0,7.0,5.0,1,61,0,72
227,123,1370.0,2995.0,8.0,5.0,1,41,0,46
227,124,1554.0,3222.0,7.0,7.0,0,37,2,44
227,130,1500.0,2994.0,6.0,6.0,1,25,0,30
227,133,1243.0,2988.0,12.0,7.0,1,20,0,25
228,0,1646.0,3233.0,14.0,12.0,1,189,0,229
228,32,1382.0,2993.0,6.0,5.0,1,133,0,153
228,38,1204.0,2983.0,8.0,9.0,1,132,0,147
228,41,1222.0,2988.0,9.0,8.0,1,128,0,144
228,42,1362.0,2991.0,7.0,8.0,1,122,0,144
228,49,1571.0,3000.0,7.0,6.0,1,109,0,138
228,50,1330.0,3225.0,9.0,8.0,0,116,5,137
228,53,1255.0,2988.0,9.0,7.0,1,117,0,135
228,61,1282.0,2987.0,9.0,9.0,1,116,0,128
228,62,1310.0,2986.0,8.0,7.0,1,117,0,128
228,63,1469.0,2990.0,7.0,7.0,1,119,0,128
228,67,1430.0,2997.0,9.0,6.0,1,104,0,123
228,68,1457.0,2999.0,5.0,7.0,1,108,0,123
228,69,891.0,2908.0,7.0,7.0,0,75,18,123
228,77,1526.0,2993.0,8.0,7.0,1,94,0,114
228,83,1441.0,2997.0,7.0,7.0,1,93,0,105
228,84,1449.0,2999.0,8.0,6.0,1,80,0,105
228,91,1522.0,2996.0,5.0,8.0,0,86,1,95
228,92,1550.0,2994.0,7.0,7.0,1,80,0,93
228,104,1336.0,2991.0,9.0,5.0,1,66,0,73
228,106,1177.0,2986.0,9.0,7.0,1,62,0,73
228,123,1352.0,2995.0,8.0,5.0,1,42,0,47
228,124,1554.0,3222.0,7.0,7.0,0,37,3,45
228,130,1491.0,2994.0,9.0,6.0,1,26,0,31
228,133,1235.0,2988.0,13.0,8.0,1,21,0,26
229,0,1647.0,3230.0,13.0,10.0,1,190,0,230
229,32,1407.0,2995.0,9.0,7.0,1,134,0,154
229,38,1204.0,2983.0,8.0,9.0,0,132,1,148
229,41,1216.0,2986.0,8.0,8.0,1,129,0,145
229,42,1376.0,2994.0,8.0,6.0,1,123,0,145
229,49,1543.0,2991.0,8.0,9.0,1,110,0,139
229,50,1330.0,3225.0,9.0,8.0,0,116,6,138
229,53,1250.0,2988.0,10.0,9.0,1,118,0,136
229,61,1277.0,2986.0,7.0,9.0,1,117,0,129
229,62,1303.0,2986.0,9.0,7.0,1,118,0,129
229,63,1462.0,2992.0,7.0,6.0,1,120,0,129
229,67,1424.0,2997.0,8.0,6.0,1,105,0,124
229,68,1450.0,3000.0,7.0,6.0,1,109,0,124
229,69,891.0,2908.0,7.0,7.0,0,75,19,124
229,77,1520.0,2993.0,6.0,8.0,1,95,0,115
229,83,1435.0,2998.0,7.0,7.0,1,94,0,106
229,84,1443.0,2999.0,6.0,6.0,1,81,0,106
229,91,1460.0,3000.0,7.0,7.0,1,87,0,96
229,92,1509.0,2999.0,6.0,7.0,1,81,0,94
229,104,1336.0,2991.0,9.0,5.0,0,66,1,74
229,106,1172.0,2987.0,6.0,7.0,1,63,0,74
229,123,1348.0,2993.0,6.0,4.0,1,43,0,48
229,124,1554.0,3222.0,7.0,7.0,0,37,4,46
229,130,1487.0,2992.0,7.0,8.0,1,27,0,32
229,133,1227.0,2986.0,14.0,9.0,1,22,0,27
230,0,1650.0,3224.0,15.0,11.0,1,191,0,231
230,32,1372.0,2992.0,4.0,7.0,1,135,0,155
230,38,1144.0,2986.0,8.0,8.0,1,133,0,149
230,41,1190.0,2984.0,10.0,9.0,1,130,0,146
230,42,1351.0,2994.0,7.0,7.0,1,124,0,146
230,49,1558.0,2998.0,10.0,9.0,1,111,0,140
230,50,1330.0,3225.0,9.0,8.0,0,116,7,139
230,53,1244.0,2987.0,7.0,6.0,1,119,0,137
230,61,1277.0,2986.0,7.0,9.0,0,117,1,130
230,62,1297.0,2986.0,8.0,7.0,1,119,0,130
230,63,1457.0,2989.0,7.0,7.0,1,121,0,130
230,67,1418.0,2994.0,8.0,8.0,1,106,0,125
230,68,1443.0,2998.0,8.0,6.0,1,110,0,125
230,69,891.0,2908.0,7.0,7.0,0,75,20,125
230,77,1513.0,2993.0,7.0,8.0,1,96,0,116
230,83,1401.0,2992.0,8.0,8.0,1,95,0,107
230,84,1438.0,3001.0,6.0,5.0,1,82,0,107
230,91,1455.0,3002.0,6.0,6.0,1,88,0,97
230,92,1536.0,2994.0,8.0,6.0,1,82,0,95
230,104,1325.0,2989.0,10.0,8.0,1,67,0,75
230,106,1165.0,2988.0,8.0,6.0,1,64,0,75
230,123,1343.0,2991.0,6.0,5.0,1,44,0,49
230,124,1554.0,3222.0,7.0,7.0,0,37,5,47
230,130,1481.0,2990.0,7.0,7.0,1,28,0,33
230,133,1221.0,2986.0,15.0,10.0,1,23,0,28
231,0,1648.0,3222.0,17.0,10.0,1,192,0,232
231,32,1363.0,2990.0,9.0,7.0,1,136,0,156
231,38,1138.0,2988.0,8.0,6.0,1,134,0,150
231,41,1186.0,2984.0,8.0,8.0,1,131,0,147
231,42,1345.0,2990.0,8.0,6.0,1,125,0,147
231,49,1558.0,2998.0,10.0,9.0,0,111,1,141
231,50,1330.0,3225.0,9.0,8.0,0,116,8,140
231,53,1204.0,2985.0,6.0,8.0,1,120,0,138
231,61,1265.0,2988.0,8.0,6.0,1,118,0,131
231,62,1297.0,2986.0,8.0,7.0,0,119,1,131
231,63,1450.0,2988.0,8.0,7.0,1,122,0,131
231,67,1412.0,2994.0,8.0,7.0,1,107,0,126
231,68,1439.0,2997.0,5.0,7.0,1,111,0,126
231,69,891.0,2908.0,7.0,7.0,0,75,21,126
231,77,1494.0,2995.0,9.0,9.0,1,97,0,117
231,83,1423.0,2997.0,7.0,6.0,1,96,0,108
231,84,1433.0,2999.0,6.0,6.0,1,83,0,108
231,91,1446.0,3001.0,9.0,7.0,1,89,0,98
231,92,1530.0,2994.0,8.0,6.0,1,83,0,96
231,104,1319.0,2987.0,9.0,9.0,1,68,0,76
231,106,1165.0,2988.0,8.0,6.0,0,64,1,76
231,123,1334.0,2991.0,8.0,6.0,1,45,0,50
231,124,1554.0,3222.0,7.0,7.0,0,37,6,48
231,130,1474.0,2991.0,8.0,6.0,1,29,0,34
231,133,1215.0,2987.0,14.0,7.0,1,24,0,29
232,0,1647.0,3225.0,21.0,8.0,1,193,0,233
232,32,1391.0,2994.0,6.0,6.0,1,137,0,157
232,38,1131.0,2989.0,6.0,5.0,1,135,0,151
232,41,1179.0,2982.0,9.0,9.0,1,132,0,148
232,42,1340.0,2991.0,7.0,5.0,1,126,0,148
232,49,1546.0,3000.0,6.0,5.0,1,112,0,142
232,50,1330.0,3225.0,9.0,8.0,0,116,9,141
232,53,1197.0,2987.0,8.0,7.0,1,121,0,139
232,61,1258.0,2984.0,9.0,10.0,1,119,0,132
232,62,1287.0,2984.0,6.0,8.0,1,120,0,132
232,63,1445.0,2990.0,8.0,6.0,1,123,0,132
232,67,1406.0,2995.0,7.0,7.0,1,108,0,127
232,68,1433.0,2997.0,7.0,7.0,1,112,0,127
232,69,891.0,2908.0,7.0,7.0,0,75,22,127
232,77,1489.0,2995.0,7.0,9.0,1,98,0,118
232,83,1416.0,2997.0,7.0,5.0,1,97,0,109
232,84,1427.0,2997.0,5.0,8.0,1,84,0,109
232,91,1442.0,3000.0,8.0,7.0,1,90,0,99
232,92,1523.0,2994.0,9.0,6.0,1,84,0,97
232,104,1310.0,2987.0,10.0,8.0,1,69,0,77
232,106,1152.0,2987.0,8.0,6.0,1,65,0,77
232,123,1329.0,2992.0,7.0,5.0,1,46,0,51
232,124,1501.0,2988.0,7.0,10.0,1,38,0,49
232,130,1468.0,2991.0,8.0,6.0,1,30,0,35
232,133,1210.0,2986.0,13.0,8.0,1,25,0,30
233,0,1649.0,3222.0,15.0,10.0,1,194,0,234
233,32,1383.0,2992.0,10.0,7.0,1,138,0,158
233,38,1125.0,2987.0,6.0,6.0,1,136,0,152
233,41,1175.0,2986.0,5.0,5.0,1,133,0,149
233,42,1351.0,2993.0,8.0,7.0,1,127,0,149
233,49,1538.0,2999.0,8.0,6.0,1,113,0,143
233,50,1330.0,3225.0,9.0,8.0,0,116,10,142
233,53,1191.0,2987.0,8.0,5.0,1,122,0,140
233,61,1249.0,2985.0,12.0,9.0,1,120,0,133
233,62,1279.0,2984.0,8.0,7.0,1,121,0,133
233,63,1438.0,2990.0,7.0,7.0,1,124,0,133
233,67,1400.0,2993.0,8.0,8.0,1,109,0,128
233,68,1426.0,2997.0,7.0,8.0,1,113,0,128
233,69,891.0,2908.0,7.0,7.0,0,75,23,128
233,77,1482.0,2996.0,8.0,6.0,1,99,0,119
233,83,1409.0,2996.0,8.0,7.0,1,98,0,110
233,84,1419.0,2998.0,7.0,6.0,1,85,0,110
233,91,1434.0,2996.0,9.0,10.0,1,91,0,100
233,92,1517.0,2991.0,8.0,8.0,1,85,0,98
233,104,1310.0,2987.0,10.0,8.0,0,69,1,78
233,106,1146.0,2987.0,8.0,6.0,1,66,0,78
233,123,1323.0,2990.0,7.0,5.0,1,47,0,52
233,124,1494.0,2990.0,7.0,7.0,1,39,0,50
233,130,1461.0,2991.0,9.0,6.0,1,31,0,36
233,133,1210.0,2986.0,13.0,8.0,0,25,1,31
234,0,1652.0,3218.0,14.0,7.0,1,195,0,235
234,32,1377.0,2991.0,9.0,6.0,1,139,0,159
234,38,1119.0,2987.0,8.0,7.0,1,137,0,153
234,41,1175.0,2986.0,5.0,5.0,0,133,1,150
234,42,1348.0,2990.0,5.0,8.0,1,128,0,150
234,49,1534.0,2996.0,6.0,8.0,1,114,0,144
234,50,1330.0,3225.0,9.0,8.0,0,116,11,143
234,53,1184.0,2983.0,8.0,8.0,1,123,0,141
234,61,1249.0,2985.0,12.0,9.0,0,120,1,134
234,62,1279.0,2984.0,8.0,7.0,0,121,1,134
234,63,1438.0,2990.0,7.0,7.0,0,124,1,134
234,67,1393.0,2991.0,8.0,8.0,1,110,0,129
234,68,1421.0,2996.0,7.0,7.0,1,114,0,129
234,69,891.0,2908.0,7.0,7.0,0,75,24,129
234,77,1477.0,2994.0,7.0,6.0,1,100,0,120
234,83,1404.0,2997.0,8.0,6.0,1,99,0,111
234,84,1414.0,2999.0,7.0,5.0,1,86,0,111
234,91,1434.0,2996.0,9.0,10.0,0,91,1,101
234,92,1510.0,2991.0,9.0,9.0,1,86,0,99
234,104,1300.0,2986.0,10.0,6.0,1,70,0,79
234,106,1139.0,2987.0,9.0,8.0,1,67,0,79
234,123,1323.0,2990.0,7.0,5.0,0,47,1,53
234,124,1489.0,2991.0,7.0,9.0,1,40,0,51
234,130,1456.0,2988.0,9.0,6.0,1,32,0,37
234,133,1210.0,2986.0,13.0,8.0,0,25,2,32
235,0,1658.0,3215.0,11.0,8.0,1,196,0,236
235,32,1377.0,2991.0,9.0,6.0,0,139,1,160
235,38,1119.0,2987.0,8.0,7.0,0,137,1,154
235,41,1177.0,2985.0,8.0,7.0,1,134,0,151
235,42,1322.0,2988.0,9.0,8.0,1,129,0,151
235,49,1526.0,2994.0,8.0,10.0,1,115,0,145
235,50,1330.0,3225.0,9.0,8.0,0,116,12,144
235,53,1214.0,2983.0,7.0,10.0,1,124,0,142
235,61,1237.0,2986.0,11.0,6.0,1,121,0,135
235,62,1266.0,2985.0,8.0,7.0,1,122,0,135
235,63,1438.0,2990.0,7.0,7.0,0,124,2,135
235,67,1387.0,2991.0,6.0,7.0,1,111,0,130
235,68,1414.0,2994.0,6.0,7.0,1,115,0,130
235,69,891.0,2908.0,7.0,7.0,0,75,25,130
235,77,1469.0,2992.0,8.0,7.0,1,101,0,121
235,83,1398.0,2994.0,6.0,6.0,1,100,0,112
235,84,1409.0,2997.0,6.0,6.0,1,87,0,112
235,91,1434.0,2996.0,9.0,10.0,0,91,2,102
235,92,1503.0,2992.0,9.0,7.0,1,87,0,100
235,104,1292.0,2982.0,13.0,11.0,1,71,0,80
235,106,1133.0,2986.0,8.0,7.0,1,68,0,80
235,123,1310.0,2991.0,7.0,5.0,1,48,0,54
235,124,1482.0,2990.0,7.0,7.0,1,41,0,52
235,130,1449.0,2988.0,8.0,5.0,1,33,0,38
235,133,1191.0,2986.0,13.0,6.0,1,26,0,33
236,0,1651.0,3211.0,19.0,11.0,1,197,0,237
236,32,1336.0,2991.0,4.0,6.0,1,140,0,161
236,38,1104.0,2988.0,9.0,8.0,1,138,0,155
236,41,1171.0,2986.0,8.0,6.0,1,135,0,152
236,42,1316.0,2990.0,9.0,5.0,1,130,0,152
236,49,1526.0,2994.0,8.0,10.0,0,115,1,146
236,50,1330.0,3225.0,9.0,8.0,0,116,13,145
236,53,1207.0,2985.0,6.0,7.0,1,125,0,143
236,61,1232.0,2984.0,10.0,6.0,1,122,0,136
236,62,1266.0,2985.0,8.0,7.0,0,122,1,136
236,63,1420.0,2987.0,6.0,7.0,1,125,0,136
236,67,1387.0,2991.0,6.0,7.0,0,111,1,131
236,68,1409.0,2995.0,7.0,8.0,1,116,0,131
236,69,891.0,2908.0,7.0,7.0,0,75,26,131
236,77,1463.0,2994.0,9.0,7.0,1,102,0,122
236,83,1393.0,2993.0,6.0,7.0,1,101,0,113
236,84,1409.0,2997.0,6.0,6.0,0,87,1,113
236,91,1434.0,2996.0,9.0,10.0,0,91,3,103
236,92,1497.0,2991.0,9.0,6.0,1,88,0,101
236,104,1292.0,2982.0,13.0,11.0,0,71,1,81
236,106,1126.0,2985.0,11.0,8.0,1,69,0,81
236,123,1305.0,2990.0,6.0,5.0,1,49,0,55
236,124,1475.0,2986.0,8.0,9.0,1,42,0,53
236,130,1443.0,2988.0,8.0,6.0,1,34,0,39
236,133,1183.0,2984.0,15.0,8.0,1,27,0,34
237,0,1655.0,3214.0,14.0,8.0,1,198,0,238
237,32,1359.0,2991.0,8.0,6.0,1,141,0,162
237,38,1099.0,2986.0,7.0,7.0,1,139,0,156
237,41,1166.0,2987.0,7.0,5.0,1,136,0,153
237,42,1309.0,2990.0,8.0,6.0,1,131,0,153
237,49,1513.0,2997.0,8.0,8.0,1,116,0,147
237,50,1330.0,3225.0,9.0,8.0,0,116,14,146
237,53,1200.0,2986.0,6.0,7.0,1,126,0,144
237,61,1224.0,2982.0,13.0,9.0,1,123,0,137
237,62,1254.0,2983.0,8.0,7.0,1,123,0,137
237,63,1414.0,2988.0,6.0,7.0,1,126,0,137
237,67,1376.0,2992.0,8.0,8.0,1,112,0,132
237,68,1402.0,2996.0,7.0,7.0,1,117,0,132
237,69,891.0,2908.0,7.0,7.0,0,75,27,132
237,77,1458.0,2992.0,7.0,7.0,1,103,0,123
237,83,1386.0,2994.0,5.0,8.0,1,102,0,114
237,84,1396.0,2997.0,6.0,6.0,1,88,0,114
237,91,1411.0,2995.0,6.0,8.0,1,92,0,104
237,92,1497.0,2991.0,9.0,6.0,0,88,1,102
237,104,1282.0,2986.0,7.0,7.0,1,72,0,82
237,106,1118.0,2986.0,11.0,7.0,1,70,0,82
237,123,1298.0,2987.0,8.0,5.0,1,50,0,56
237,124,1475.0,2986.0,8.0,9.0,0,42,1,54
237,130,1443.0,2988.0,8.0,6.0,0,34,1,40
237,133,1177.0,2984.0,15.0,8.0,1,28,0,35
238,0,1654.0,3211.0,14.0,10.0,1,199,0,239
238,32,1321.0,2988.0,7.0,7.0,1,142,0,163
238,38,1093.0,2986.0,6.0,7.0,1,140,0,157
238,41,1139.0,2983.0,10.0,9.0,1,137,0,154
238,42,1303.0,2988.0,9.0,6.0,1,132,0,154
238,49,1513.0,2997.0,8.0,8.0,0,116,1,148
238,50,1330.0,3225.0,9.0,8.0,0,116,15,147
238,53,1195.0,2985.0,5.0,7.0,1,127,0,145
238,61,1160.0,2984.0,7.0,6.0,1,124,0,138
238,62,1221.0,2984.0,8.0,8.0,1,124,0,138
238,63,1407.0,2986.0,7.0,6.0,1,127,0,138
238,67,1370.0,2991.0,8.0,6.0,1,113,0,133
238,68,1389.0,2997.0,8.0,7.0,1,118,0,133
238,69,891.0,2908.0,7.0,7.0,0,75,28,133
238,77,1452.0,2992.0,5.0,5.0,1,104,0,124
238,83,1379.0,2994.0,8.0,7.0,1,103,0,115
238,84,1355.0,2991.0,8.0,6.0,1,89,0,115
238,91,1397.0,2993.0,6.0,7.0,1,93,0,105
238,92,1486.0,2990.0,8.0,7.0,1,89,0,103
238,104,1277.0,2983.0,6.0,8.0,1,73,0,83
238,106,1112.0,2987.0,10.0,8.0,1,71,0,83
238,123,1295.0,2987.0,5.0,5.0,1,51,0,57
238,124,1462.0,2989.0,8.0,7.0,1,43,0,55
238,130,1433.0,2986.0,6.0,6.0,1,35,0,41
238,133,1170.0,2984.0,15.0,8.0,1,29,0,36
239,0,1654.0,3211.0,14.0,10.0,0,199,1,240
239,32,1346.0,2990.0,9.0,7.0,1,143,0,164
239,38,1087.0,2988.0,6.0,5.0,1,141,0,158
239,41,1134.0,2982.0,10.0,10.0,1,138,0,155
239,42,1314.0,2988.0,8.0,6.0,1,133,0,155
239,49,1501.0,2992.0,8.0,11.0,1,117,0,149
239,50,1159.0,3420.0,7.0,9.0,1,117,0,148
239,53,1195.0,2985.0,5.0,7.0,0,127,1,146
239,61,1153.0,2984.0,7.0,7.0,1,125,0,139
239,62,1214.0,2983.0,10.0,10.0,1,125,0,139
239,63,1400.0,2982.0,9.0,10.0,1,128,0,139
239,67,1365.0,2990.0,7.0,8.0,1,114,0,134
239,68,1399.0,2995.0,7.0,11.0,1,119,0,134
239,69,374.0,2811.0,10.0,8.0,1,76,0,134
239,77,1444.0,2991.0,8.0,6.0,1,105,0,125
239,83,1374.0,2993.0,5.0,5.0,1,104,0,116
239,84,1383.0,2995.0,8.0,7.0,1,90,0,116
239,91,1390.0,2993.0,7.0,7.0,1,94,0,106
239,92,1478.0,2989.0,10.0,8.0,1,90,0,104
239,104,1241.0,2983.0,7.0,7.0,1,74,0,84
239,106,1106.0,2985.0,10.0,7.0,1,72,0,84
239,123,1286.0,2988.0,7.0,7.0,1,52,0,58
239,124,1457.0,2987.0,6.0,6.0,1,44,0,56
239,130,1426.0,2983.0,7.0,9.0,1,36,0,42
239,133,1162.0,2984.0,17.0,8.0,1,30,0,37
240,0,1659.0,3202.0,13.0,11.0,1,200,0,241
240,32,1310.0,2991.0,6.0,5.0,1,144,0,165
240,38,1079.0,2987.0,7.0,8.0,1,142,0,159
240,41,1134.0,2982.0,10.0,10.0,0,138,1,156
240,42,1293.0,2987.0,7.0,5.0,1,134,0,156
240,49,1501.0,2992.0,8.0,11.0,0,117,1,150
240,50,1159.0,3420.0,7.0,9.0,0,117,1,149
240,53,1234.0,2982.0,8.0,6.0,1,128,0,147
240,61,1146.0,2985.0,6.0,7.0,1,126,0,140
240,62,1207.0,2983.0,10.0,9.0,1,126,0,140
240,63,1396.0,2985.0,6.0,8.0,1,129,0,140
240,67,1340.0,2989.0,9.0,6.0,1,115,0,135
240,68,1394.0,2996.0,7.0,7.0,1,120,0,135
240,69,374.0,2811.0,10.0,8.0,0,76,1,135
240,77,1444.0,2991.0,8.0,6.0,0,105,1,126
240,83,1367.0,2993.0,6.0,6.0,1,105,0,117
240,84,1358.0,2991.0,7.0,10.0,1,91,0,117
240,91,1377.0,2995.0,8.0,7.0,1,95,0,107
240,92,1473.0,2989.0,8.0,6.0,1,91,0,105
240,104,1263.0,2983.0,10.0,8.0,1,75,0,85
240,106,1101.0,2986.0,8.0,7.0,1,73,0,85
240,123,1283.0,2987.0,6.0,5.0,1,53,0,59
240,124,1457.0,2987.0,6.0,6.0,0,44,1,57
240,130,1419.0,2985.0,8.0,7.0,1,37,0,43
240,133,1158.0,2984.0,14.0,8.0,1,31,0,38
241,0,1659.0,3202.0,13.0,11.0,0,200,1,242
241,32,1304.0,2988.0,7.0,7.0,1,145,0,166
241,38,1073.0,2987.0,7.0,6.0,1,143,0,160
241,41,1173.0,2984.0,7.0,7.0,1,139,0,157
241,42,1286.0,2987.0,8.0,5.0,1,135,0,157
241,49,1486.0,2994.0,9.0,7.0,1,118,0,151
241,50,1159.0,3420.0,7.0,9.0,0,117,2,150
241,53,1228.0,2981.0,7.0,8.0,1,129,0,148
241,61,1140.0,2986.0,7.0,6.0,1,127,0,141
241,62,1202.0,2982.0,10.0,9.0,1,127,0,141
241,63,1389.0,2986.0,7.0,6.0,1,130,0,141
241,67,1336.0,2987.0,8.0,8.0,1,116,0,136
241,68,1387.0,2994.0,7.0,7.0,1,121,0,136
241,69,374.0,2811.0,10.0,8.0,0,76,2,136
241,77,1432.0,2991.0,7.0,5.0,1,106,0,127
241,83,1361.0,2994.0,7.0,5.0,1,106,0,118
241,84,1358.0,2991.0,7.0,10.0,0,91,1,118
241,91,1371.0,2996.0,5.0,5.0,1,96,0,108
241,92,1464.0,2987.0,11.0,7.0,1,92,0,106
241,104,1256.0,2983.0,10.0,10.0,1,76,0,86
241,106,1101.0,2986.0,8.0,7.0,0,73,1,86
241,123,1275.0,2983.0,6.0,8.0,1,54,0,60
241,124,1457.0,2987.0,6.0,6.0,0,44,2,58
241,130,1415.0,2985.0,6.0,7.0,1,38,0,44
241,133,1152.0,2984.0,14.0,7.0,1,32,0,39
242,0,1659.0,3202.0,13.0,11.0,0,200,2,243
242,32,1304.0,2988.0,7.0,7.0,0,145,1,167
242,38,1067.0,2985.0,6.0,9.0,1,144,0,161
242,41,1169.0,2986.0,5.0,6.0,1,140,0,158
242,42,1281.0,2985.0,7.0,6.0,1,136,0,158
242,49,1480.0,2992.0,10.0,8.0,1,119,0,152
242,50,1159.0,3420.0,7.0,9.0,0,117,3,151
242,53,1228.0,2981.0,7.0,8.0,0,129,1,149
242,61,1114.0,2982.0,10.0,8.0,1,128,0,142
242,62,1196.0,2982.0,9.0,9.0,1,128,0,142
242,63,1382.0,2982.0,6.0,8.0,1,131,0,142
242,67,1328.0,2989.0,10.0,6.0,1,117,0,137
242,68,1382.0,2995.0,7.0,6.0,1,122,0,137
242,69,374.0,2811.0,10.0,8.0,0,76,3,137
242,77,1426.0,2990.0,7.0,4.0,1,107,0,128
242,83,1356.0,2993.0,6.0,5.0,1,107,0,119
242,84,1346.0,2988.0,8.0,8.0,1,92,0,119
242,91,1373.0,2993.0,6.0,5.0,1,97,0,109
242,92,1460.0,2986.0,9.0,9.0,1,93,0,107
242,104,1250.0,2982.0,9.0,8.0,1,77,0,87
242,106,1087.0,2988.0,9.0,8.0,1,74,0,87
242,123,1269.0,2985.0,7.0,6.0,1,55,0,61
242,124,1438.0,2987.0,9.0,9.0,1,45,0,59
242,130,1415.0,2985.0,6.0,7.0,0,38,1,45
242,133,1134.0,2984.0,8.0,7.0,1,33,0,40
243,0,1658.0,3200.0,14.0,9.0,1,201,0,244
243,32,1293.0,2988.0,5.0,4.0,1,146,0,168
243,38,1061.0,2988.0,5.0,5.0,1,145,0,162
243,41,1162.0,2984.0,8.0,7.0,1,141,0,159
243,42,1274.0,2983.0,8.0,7.0,1,137,0,159
243,49,1475.0,2990.0,7.0,8.0,1,120,0,153
243,50,1159.0,3420.0,7.0,9.0,0,117,4,152
243,53,1214.0,2983.0,10.0,6.0,1,130,0,150
243,61,1114.0,2982.0,10.0,8.0,0,128,1,143
243,62,1188.0,2983.0,12.0,10.0,1,129,0,143
243,63,1382.0,2982.0,6.0,8.0,0,131,1,143
243,67,1322.0,2990.0,10.0,6.0,1,118,0,138
243,68,1375.0,2995.0,7.0,7.0,1,123,0,138
243,69,374.0,2811.0,10.0,8.0,0,76,4,138
243,77,1421.0,2988.0,6.0,6.0,1,108,0,129
243,83,1350.0,2992.0,6.0,5.0,1,108,0,120
243,84,1342.0,2991.0,5.0,6.0,1,93,0,120
243,91,1366.0,2991.0,7.0,7.0,1,98,0,110
243,92,1455.0,2987.0,7.0,8.0,1,94,0,108
243,104,1246.0,2983.0,7.0,7.0,1,78,0,88
243,106,1081.0,2987.0,10.0,8.0,1,75,0,88
243,123,1262.0,2986.0,7.0,7.0,1,56,0,62
243,124,1432.0,2985.0,8.0,10.0,1,46,0,60
243,130,1415.0,2985.0,6.0,7.0,0,38,2,46
243,133,1127.0,2983.0,7.0,8.0,1,34,0,41
244,0,1658.0,3200.0,14.0,9.0,0,201,1,245
244,32,1286.0,2988.0,6.0,6.0,1,147,0,169
244,38,1122.0,2985.0,6.0,7.0,1,146,0,163
244,41,1154.0,2983.0,8.0,6.0,1,142,0,160
244,42,1269.0,2984.0,8.0,7.0,1,138,0,160
244,49,1470.0,2991.0,7.0,6.0,1,121,0,154
244,50,1159.0,3420.0,7.0,9.0,0,117,5,153
244,53,1211.0,2982.0,5.0,6.0,1,131,0,151
244,61,1101.0,2979.0,11.0,11.0,1,129,0,144
244,62,1184.0,2982.0,9.0,10.0,1,130,0,144
244,63,1370.0,2982.0,8.0,8.0,1,132,0,144
244,67,1317.0,2988.0,9.0,5.0,1,119,0,139
244,68,1375.0,2995.0,7.0,7.0,0,123,1,139
244,69,239.0,2987.0,19.0,7.0,1,77,0,139
244,77,1414.0,2988.0,5.0,7.0,1,109,0,130
244,83,1343.0,2991.0,5.0,6.0,1,109,0,121
244,84,1335.0,2990.0,6.0,6.0,1,94,0,121
244,91,1366.0,2991.0,7.0,7.0,0,98,1,111
244,92,1448.0,2987.0,8.0,5.0,1,95,0,109
244,104,1246.0,2983.0,7.0,7.0,0,78,1,89
244,106,1075.0,2986.0,9.0,9.0,1,76,0,89
244,123,1262.0,2986.0,7.0,7.0,0,56,1,63
244,124,1426.0,2981.0,7.0,11.0,1,47,0,61
244,130,1397.0,2983.0,6.0,8.0,1,39,0,47
244,133,1131.0,2981.0,17.0,11.0,1,35,0,42
245,0,1660.0,3191.0,16.0,13.0,1,202,0,246
245,32,1281.0,2988.0,6.0,4.0,1,148,0,170
245,38,1115.0,2985.0,8.0,7.0,1,147,0,164
245,41,1154.0,2983.0,8.0,6.0,0,142,1,161
245,42,1263.0,2985.0,6.0,7.0,1,139,0,161
245,49,1470.0,2991.0,7.0,6.0,0,121,1,155
245,50,1159.0,3420.0,7.0,9.0,0,117,6,154
245,53,1203.0,2982.0,7.0,5.0,1,132,0,152
245,61,1101.0,2979.0,11.0,11.0,0,129,1,145
245,62,1174.0,2982.0,10.0,7.0,1,131,0,145
245,63,1363.0,2982.0,10.0,8.0,1,133,0,145
245,67,1311.0,2986.0,10.0,6.0,1,120,0,140
245,68,1362.0,2990.0,8.0,9.0,1,124,0,140
245,69,239.0,2987.0,19.0,7.0,0,77,1,140
245,77,1408.0,2988.0,6.0,6.0,1,110,0,131
245,83,1336.0,2992.0,8.0,7.0,1,110,0,122
245,84,1328.0,2988.0,8.0,7.0,1,95,0,122
245,91,1348.0,2995.0,6.0,6.0,1,99,0,112
245,92,1448.0,2987.0,8.0,5.0,0,95,1,110
245,104,1229.0,2982.0,11.0,9.0,1,79,0,90
245,106,1068.0,2987.0,9.0,7.0,1,77,0,90
245,123,1252.0,2983.0,5.0,6.0,1,57,0,64
245,124,1426.0,2981.0,7.0,11.0,0,47,1,62
245,130,1390.0,2983.0,7.0,8.0,1,40,0,48
245,133,1125.0,2983.0,16.0,8.0,1,36,0,43
246,0,1657.0,3194.0,20.0,6.0,1,203,0,247
246,32,1275.0,2986.0,5.0,5.0,1,149,0,171
246,38,1110.0,2984.0,7.0,7.0,1,148,0,165
246,41,1143.0,2984.0,5.0,8.0,1,143,0,162
246,42,1257.0,2984.0,7.0,7.0,1,140,0,162
246,49,1458.0,2990.0,5.0,7.0,1,122,0,156
246,50,1159.0,3420.0,7.0,9.0,0,117,7,155
246,53,1196.0,2982.0,7.0,6.0,1,133,0,153
246,61,1090.0,2982.0,7.0,8.0,1,130,0,146
246,62,1166.0,2982.0,12.0,8.0,1,132,0,146
246,63,1358.0,2982.0,7.0,6.0,1,134,0,146
246,67,1304.0,2987.0,11.0,7.0,1,121,0,141
246,68,1357.0,2990.0,6.0,9.0,1,125,0,141
246,69,239.0,2987.0,19.0,7.0,0,77,2,141
246,77,1402.0,2987.0,6.0,5.0,1,111,0,132
246,83,1332.0,2992.0,6.0,7.0,1,111,0,123
246,84,1322.0,2987.0,6.0,7.0,1,96,0,123
246,91,1342.0,2994.0,6.0,6.0,1,100,0,113
246,92,1435.0,2983.0,8.0,8.0,1,96,0,111
246,104,1225.0,2982.0,9.0,8.0,1,80,0,91
246,106,1039.0,2984.0,8.0,9.0,1,78,0,91
246,123,1246.0,2983.0,5.0,7.0,1,58,0,65
246,124,1415.0,2983.0,6.0,7.0,1,48,0,63
246,130,1349.0,2991.0,7.0,7.0,1,41,0,49
246,133,1118.0,2983.0,16.0,9.0,1,37,0,44
247,0,1661.0,3192.0,14.0,10.0,1,204,0,248
247,32,1275.0,2986.0,5.0,5.0,0,149,1,172
247,38,1102.0,2983.0,7.0,7.0,1,149,0,166
247,41,1137.0,2984.0,6.0,6.0,1,144,0,163
247,42,1252.0,2983.0,6.0,6.0,1,141,0,163
247,49,1458.0,2990.0,5.0,7.0,0,122,1,157
247,50,1159.0,3420.0,7.0,9.0,0,117,8,156
247,53,1190.0,2982.0,7.0,7.0,1,134,0,154
247,61,1090.0,2982.0,7.0,8.0,0,130,1,147
247,62,1166.0,2982.0,12.0,8.0,0,132,1,147
247,63,1352.0,2980.0,7.0,9.0,1,135,0,147
247,67,1304.0,2987.0,11.0,7.0,0,121,1,142
247,68,1351.0,2989.0,6.0,10.0,1,126,0,142
247,69,214.0,3176.0,14.0,10.0,1,78,0,142
247,77,1377.0,2982.0,8.0,6.0,1,112,0,133
247,83,1326.0,2991.0,5.0,5.0,1,112,0,124
247,84,1314.0,2990.0,8.0,6.0,1,97,0,124
247,91,1335.0,2992.0,8.0,6.0,1,101,0,114
247,92,1435.0,2983.0,8.0,8.0,0,96,1,112
247,104,1218.0,2979.0,11.0,10.0,1,81,0,92
247,106,1054.0,2987.0,9.0,6.0,1,79,0,92
247,123,1238.0,2983.0,7.0,9.0,1,59,0,66
247,124,1409.0,2982.0,7.0,8.0,1,49,0,64
247,130,1342.0,2989.0,7.0,8.0,1,42,0,50
247,133,1118.0,2983.0,16.0,9.0,0,37,1,45
248,0,1663.0,3189.0,10.0,8.0,1,205,0,249
248,32,1246.0,2982.0,7.0,7.0,1,150,0,173
248,38,1077.0,2978.0,8.0,9.0,1,150,0,167
248,41,1097.0,2985.0,6.0,6.0,1,145,0,164
248,42,1157.0,2979.0,8.0,10.0,1,142,0,164
248,49,1445.0,2989.0,7.0,7.0,1,123,0,158
248,50,1159.0,3420.0,7.0,9.0,0,117,9,157
248,53,1184.0,2981.0,8.0,6.0,1,135,0,155
248,61,1049.0,2986.0,8.0,7.0,1,131,0,148
248,62,1131.0,2982.0,6.0,8.0,1,133,0,148
248,63,1346.0,2981.0,6.0,8.0,1,136,0,148
248,67,1294.0,2985.0,9.0,7.0,1,122,0,143
248,68,1346.0,2991.0,6.0,9.0,1,127,0,143
248,69,214.0,3176.0,14.0,10.0,0,78,1,143
248,77,1370.0,2983.0,8.0,5.0,1,113,0,134
248,83,1319.0,2989.0,6.0,6.0,1,113,0,125
248,84,1310.0,2987.0,8.0,9.0,1,98,0,125
248,91,1330.0,2991.0,7.0,8.0,1,102,0,115
248,92,1423.0,2982.0,9.0,10.0,1,97,0,113
248,104,1213.0,2982.0,8.0,7.0,1,82,0,93
248,106,1027.0,2987.0,7.0,8.0,1,80,0,93
248,123,1234.0,2983.0,5.0,9.0,1,60,0,67
248,124,1403.0,2979.0,5.0,8.0,1,50,0,65
248,130,1337.0,2991.0,7.0,8.0,1,43,0,51
248,133,1105.0,2983.0,16.0,9.0,1,38,0,46
249,0,1666.0,3183.0,14.0,11.0,1,206,0,250
249,32,1365.0,2983.0,7.0,5.0,1,151,0,174
249,38,1072.0,2978.0,7.0,10.0,1,151,0,168
249,41,1090.0,2986.0,7.0,5.0,1,146,0,165
249,42,1178.0,2979.0,6.0,9.0,1,143,0,165
249,49,1438.0,2989.0,7.0,7.0,1,124,0,159
249,50,1159.0,3420.0,7.0,9.0,0,117,10,158
249,53,1206.0,2982.0,12.0,11.0,1,136,0,156
249,61,1041.0,2987.0,11.0,7.0,1,132,0,149
249,62,1151.0,2981.0,10.0,8.0,1,134,0,149
249,63,1339.0,2982.0,9.0,6.0,1,137,0,149
249,67,1286.0,2985.0,11.0,8.0,1,123,0,144
249,68,1340.0,2990.0,5.0,8.0,1,128,0,144
249,69,214.0,3176.0,14.0,10.0,0,78,2,144
249,77,1384.0,2985.0,6.0,7.0,1,114,0,135
249,83,1312.0,2990.0,7.0,5.0,1,114,0,126
249,84,1304.0,2986.0,7.0,6.0,1,99,0,126
249,91,1323.0,2992.0,8.0,7.0,1,103,0,116
249,92,1417.0,2980.0,8.0,9.0,1,98,0,114
249,104,1228.0,2981.0,4.0,6.0,1,83,0,94
249,106,1022.0,2985.0,5.0,8.0,1,81,0,94
249,123,1257.0,2985.0,7.0,6.0,1,61,0,68
249,124,1396.0,2979.0,7.0,8.0,1,51,0,66
249,130,1330.0,2991.0,7.0,8.0,1,44,0,52
249,133,1098.0,2982.0,16.0,9.0,1,39,0,47
250,0,1665.0,3179.0,16.0,15.0,1,207,0,251
250,32,1365.0,2983.0,7.0,5.0,0,151,1,175
250,38,1072.0,2978.0,7.0,10.0,0,151,1,169
250,41,1090.0,2986.0,7.0,5.0,0,146,1,166
250,42,1178.0,2979.0,6.0,9.0,0,143,1,166
250,49,1432.0,2987.0,8.0,6.0,1,125,0,160
250,50,1159.0,3420.0,7.0,9.0,0,117,11,159
250,53,1200.0,2980.0,10.0,9.0,1,137,0,157
250,61,1035.0,2987.0,8.0,7.0,1,133,0,150
250,62,1143.0,2981.0,10.0,9.0,1,135,0,150
250,63,1334.0,2978.0,6.0,8.0,1,138,0,150
250,67,1279.0,2986.0,11.0,7.0,1,124,0,145
250,68,1335.0,2990.0,5.0,7.0,1,129,0,145
250,69,214.0,3176.0,14.0,10.0,0,78,3,145
250,77,1377.0,2983.0,7.0,6.0,1,115,0,136
250,83,1306.0,2990.0,7.0,6.0,1,115,0,127
250,84,1304.0,2986.0,7.0,6.0,0,99,1,127
250,91,1318.0,2992.0,7.0,6.0,1,104,0,117
250,92,1411.0,2980.0,8.0,8.0,1,99,0,115
250,104,1220.0,2980.0,6.0,7.0,1,84,0,95
250,106,1015.0,2985.0,6.0,7.0,1,82,0,95
250,123,1233.0,2982.0,8.0,7.0,1,62,0,69
250,124,1391.0,2979.0,6.0,8.0,1,52,0,67
250,130,1325.0,2990.0,7.0,6.0,1,45,0,53
250,133,1093.0,2983.0,16.0,8.0,1,40,0,48
251,0,1665.0,3179.0,16.0,15.0,0,207,1,252
251,32,1365.0,2983.0,7.0,5.0,0,151,2,176
251,38,1058.0,2982.0,9.0,7.0,1,152,0,170
251,41,1078.0,2983.0,6.0,8.0,1,147,0,167
251,42,1139.0,2982.0,7.0,7.0,1,144,0,167
251,49,1425.0,2982.0,7.0,10.0,1,126,0,161
251,50,1159.0,3420.0,7.0,9.0,0,117,12,160
251,53,1165.0,2980.0,7.0,9.0,1,138,0,158
251,61,1030.0,2987.0,8.0,7.0,1,134,0,151
251,62,1112.0,2984.0,6.0,7.0,1,136,0,151
251,63,1327.0,2978.0,8.0,10.0,1,139,0,151
251,67,1245.0,2983.0,5.0,7.0,1,125,0,146
251,68,1327.0,2991.0,7.0,6.0,1,130,0,146
251,69,214.0,3176.0,14.0,10.0,0,78,4,146
251,77,1369.0,2983.0,8.0,6.0,1,116,0,137
251,83,1300.0,2988.0,7.0,4.0,1,116,0,128
251,84,1291.0,2988.0,6.0,6.0,1,100,0,128
251,91,1313.0,2989.0,6.0,7.0,1,105,0,118
251,92,1405.0,2981.0,9.0,6.0,1,100,0,116
251,104,1195.0,2979.0,9.0,10.0,1,85,0,96
251,106,1009.0,2988.0,4.0,4.0,1,83,0,96
251,123,1228.0,2980.0,8.0,9.0,1,63,0,70
251,124,1384.0,2980.0,8.0,7.0,1,53,0,68
251,130,1318.0,2988.0,8.0,7.0,1,46,0,54
251,133,1087.0,2983.0,17.0,10.0,1,41,0,49
252,0,1662.0,3180.0,19.0,12.0,1,208,0,253
252,32,1365.0,2983.0,7.0,5.0,0,151,3,177
252,38,1070.0,2986.0,8.0,7.0,1,153,0,171
252,41,1105.0,2983.0,7.0,7.0,1,148,0,168
252,42,1158.0,2980.0,8.0,8.0,1,145,0,168
252,49,1425.0,2982.0,7.0,10.0,0,126,1,162
252,50,1159.0,3420.0,7.0,9.0,0,117,13,161
252,53,1188.0,2980.0,10.0,9.0,1,139,0,159
252,61,1030.0,2987.0,8.0,7.0,0,134,1,152
252,62,1130.0,2981.0,10.0,9.0,1,137,0,152
252,63,1321.0,2981.0,7.0,7.0,1,140,0,152
252,67,1238.0,2984.0,5.0,7.0,1,126,0,147
252,68,1321.0,2991.0,8.0,6.0,1,131,0,147
252,69,214.0,3176.0,14.0,10.0,0,78,5,147
252,77,1347.0,2980.0,5.0,8.0,1,117,0,138
252,83,1295.0,2987.0,7.0,6.0,1,117,0,129
252,84,1269.0,2983.0,10.0,7.0,1,101,0,129
252,91,1307.0,2990.0,5.0,6.0,1,106,0,119
252,92,1400.0,2981.0,7.0,7.0,1,101,0,117
252,104,1209.0,2981.0,6.0,7.0,1,86,0,97
252,106,1009.0,2988.0,4.0,4.0,0,83,1,97
252,123,1221.0,2981.0,8.0,7.0,1,64,0,71
252,124,1365.0,2985.0,6.0,5.0,1,54,0,69
252,130,1313.0,2988.0,7.0,7.0,1,47,0,55
252,133,1082.0,2982.0,15.0,9.0,1,42,0,50
253,0,1667.0,3177.0,10.0,6.0,1,209,0,254
253,32,1365.0,2983.0,7.0,5.0,0,151,4,178
253,38,1064.0,2985.0,8.0,7.0,1,154,0,172
253,41,1046.0,2978.0,7.0,11.0,1,149,0,169
253,42,1123.0,2982.0,11.0,8.0,1,146,0,169
253,49,1411.0,2985.0,11.0,8.0,1,127,0,163
253,50,1159.0,3420.0,7.0,9.0,0,117,14,162
253,53,1182.0,2981.0,8.0,9.0,1,140,0,160
253,61,1018.0,2987.0,7.0,6.0,1,135,0,153
253,62,1096.0,2983.0,9.0,9.0,1,138,0,153
253,63,1316.0,2979.0,7.0,6.0,1,141,0,153
253,67,1238.0,2984.0,5.0,7.0,0,126,1,148
253,68,1315.0,2987.0,7.0,8.0,1,132,0,148
253,69,214.0,3176.0,14.0,10.0,0,78,6,148
253,77,1341.0,2980.0,6.0,7.0,1,118,0,139
253,83,1280.0,2982.0,7.0,8.0,1,118,0,130
253,84,1261.0,2982.0,10.0,7.0,1,102,0,130
253,91,1298.0,2991.0,9.0,6.0,1,107,0,120
253,92,1392.0,2979.0,9.0,7.0,1,102,0,118
253,104,1151.0,2979.0,9.0,7.0,1,87,0,98
253,106,992.0,2985.0,12.0,8.0,1,84,0,98
253,123,1213.0,2981.0,9.0,8.0,1,65,0,72
253,124,1358.0,2982.0,8.0,7.0,1,55,0,70
253,130,1305.0,2988.0,8.0,8.0,1,48,0,56
253,133,1075.0,2982.0,15.0,9.0,1,43,0,51
254,0,1671.0,3174.0,9.0,6.0,1,210,0,255
254,32,1310.0,2975.0,7.0,9.0,1,152,0,179
254,38,1058.0,2984.0,7.0,7.0,1,155,0,173
254,41,1046.0,2978.0,7.0,11.0,0,149,1,170
254,42,1123.0,2982.0,11.0,8.0,0,146,1,170
254,49,1406.0,2983.0,10.0,8.0,1,128,0,164
254,50,1159.0,3420.0,7.0,9.0,0,117,15,163
254,53,1176.0,2980.0,9.0,9.0,1,141,0,161
254,61,1008.0,2988.0,10.0,8.0,1,136,0,154
254,62,1090.0,2985.0,9.0,7.0,1,139,0,154
254,63,1316.0,2979.0,7.0,6.0,0,141,1,154
254,67,1227.0,2979.0,5.0,9.0,1,127,0,149
254,68,1310.0,2986.0,7.0,8.0,1,133,0,149
254,69,214.0,3176.0,14.0,10.0,0,78,7,149
254,77,1334.0,2978.0,7.0,7.0,1,119,0,140
254,83,1274.0,2985.0,7.0,6.0,1,119,0,131
254,84,1261.0,2982.0,10.0,7.0,0,102,1,131
254,91,1282.0,2987.0,7.0,5.0,1,108,0,121
254,92,1387.0,2977.0,8.0,8.0,1,103,0,119
254,104,1151.0,2979.0,9.0,7.0,0,87,1,99
254,106,989.0,2983.0,7.0,11.0,1,85,0,99
254,123,1209.0,2981.0,8.0,6.0,1,66,0,73
254,124,1366.0,2977.0,8.0,8.0,1,56,0,71
254,130,1300.0,2987.0,8.0,6.0,1,49,0,57
254,133,1075.0,2982.0,15.0,9.0,0,43,1,52
255,0,1670.0,3171.0,12.0,8.0,1,211,0,256
255,32,1346.0,2980.0,7.0,7.0,1,153,0,180
255,38,1058.0,2984.0,7.0,7.0,0,155,1,174
255,41,1032.0,2982.0,9.0,7.0,1,150,0,171
255,42,1123.0,2982.0,11.0,8.0,0,146,2,171
255,49,1400.0,2982.0,8.0,7.0,1,129,0,165
255,50,1159.0,3420.0,7.0,9.0,0,117,16,164
255,53,1188.0,2981.0,7.0,6.0,1,142,0,162
255,61,1004.0,2987.0,8.0,6.0,1,137,0,155
255,62,1084.0,2986.0,10.0,6.0,1,140,0,155
255,63,1316.0,2979.0,7.0,6.0,0,141,2,155
255,67,1227.0,2979.0,5.0,9.0,0,127,1,150
255,68,1303.0,2990.0,8.0,6.0,1,134,0,150
255,69,214.0,3176.0,14.0,10.0,0,78,8,150
255,77,1329.0,2978.0,6.0,7.0,1,120,0,141
255,83,1268.0,2985.0,6.0,8.0,1,120,0,132
255,84,1250.0,2984.0,10.0,8.0,1,103,0,132
255,91,1288.0,2987.0,7.0,8.0,1,109,0,122
255,92,1382.0,2979.0,6.0,6.0,1,104,0,120
255,104,1151.0,2979.0,9.0,7.0,0,87,2,100
255,106,989.0,2983.0,7.0,11.0,0,85,1,100
255,123,1209.0,2981.0,8.0,6.0,0,66,1,74
255,124,1360.0,2978.0,9.0,6.0,1,57,0,72
255,130,1294.0,2986.0,8.0,7.0,1,50,0,58
255,133,1062.0,2983.0,15.0,9.0,1,44,0,53
256,0,1673.0,3170.0,11.0,5.0,1,212,0,257
256,32,1341.0,2981.0,6.0,7.0,1,154,0,181
256,38,1058.0,2984.0,7.0,7.0,0,155,2,175
256,41,1032.0,2982.0,9.0,7.0,0,150,1,172
256,42,1105.0,2982.0,9.0,6.0,1,147,0,172
256,49,1400.0,2982.0,8.0,7.0,0,129,1,166
256,50,1159.0,3420.0,7.0,9.0,0,117,17,165
256,53,1162.0,2978.0,11.0,7.0,1,143,0,163
256,61,998.0,2984.0,7.0,9.0,1,138,0,156
256,62,1084.0,2986.0,10.0,6.0,0,140,1,156
256,63,1295.0,2977.0,9.0,8.0,1,142,0,156
256,67,1197.0,2978.0,9.0,6.0,1,128,0,151
256,68,1298.0,2988.0,6.0,6.0,1,135,0,151
256,69,214.0,3176.0,14.0,10.0,0,78,9,151
256,77,1324.0,2980.0,5.0,6.0,1,121,0,142
256,83,1261.0,2983.0,7.0,7.0,1,121,0,133
256,84,1245.0,2981.0,9.0,7.0,1,104,0,133
256,91,1270.0,2983.0,8.0,6.0,1,110,0,123
256,92,1382.0,2979.0,6.0,6.0,0,104,1,121
256,104,1133.0,2980.0,7.0,7.0,1,88,0,101
256,106,976.0,2987.0,6.0,7.0,1,86,0,101
256,123,1184.0,2980.0,6.0,6.0,1,67,0,75
256,124,1360.0,2978.0,9.0,6.0,0,57,1,73
256,130,1290.0,2987.0,6.0,6.0,1,51,0,59
256,133,1054.0,2981.0,15.0,10.0,1,45,0,54
257,0,1667.0,3168.0,17.0,6.0,1,213,0,258
257,32,1333.0,2981.0,7.0,7.0,1,155,0,182
257,38,1039.0,2985.0,8.0,8.0,1,156,0,176
257,41,1021.0,2977.0,8.0,11.0,1,151,0,173
257,42,1098.0,2981.0,10.0,8.0,1,148,0,173
257,49,1387.0,2983.0,7.0,6.0,1,130,0,167
257,50,1159.0,3420.0,7.0,9.0,0,117,18,166
257,53,1157.0,2981.0,9.0,8.0,1,144,0,164
257,61,991.0,2986.0,8.0,7.0,1,139,0,157
257,62,1084.0,2986.0,10.0,6.0,0,140,2,157
257,63,1290.0,2975.0,8.0,9.0,1,143,0,157
257,67,1189.0,2980.0,10.0,7.0,1,129,0,152
257,68,1292.0,2986.0,8.0,8.0,1,136,0,152
257,69,214.0,3176.0,14.0,10.0,0,78,10,152
257,77,1314.0,2979.0,10.0,7.0,1,122,0,143
257,83,1238.0,2983.0,9.0,6.0,1,122,0,134
257,84,1208.0,2981.0,6.0,6.0,1,105,0,134
257,91,1256.0,2981.0,7.0,7.0,1,111,0,124
257,92,1369.0,2976.0,8.0,8.0,1,105,0,122
257,104,1133.0,2980.0,7.0,7.0,0,88,1,102
257,106,968.0,2984.0,8.0,9.0,1,87,0,102
257,123,1177.0,2979.0,7.0,5.0,1,68,0,76
257,124,1349.0,2974.0,7.0,8.0,1,58,0,74
257,130,1274.0,2988.0,8.0,7.0,1,52,0,60
257,133,1049.0,2982.0,14.0,10.0,1,46,0,55
258,0,1668.0,3166.0,17.0,5.0,1,214,0,259
258,32,1333.0,2981.0,7.0,7.0,0,155,1,183
258,38,1032.0,2983.0,9.0,8.0,1,157,0,177
258,41,1015.0,2982.0,6.0,7.0,1,152,0,174
258,42,1094.0,2981.0,8.0,11.0,1,149,0,174
258,49,1383.0,2982.0,5.0,6.0,1,131,0,168
258,50,1159.0,3420.0,7.0,9.0,0,117,19,167
258,53,1152.0,2981.0,8.0,8.0,1,145,0,165
258,61,984.0,2988.0,10.0,7.0,1,140,0,158
258,62,1065.0,2985.0,8.0,7.0,1,141,0,158
258,63,1277.0,2986.0,8.0,6.0,1,144,0,158
258,67,1185.0,2978.0,9.0,8.0,1,130,0,153
258,68,1287.0,2986.0,5.0,7.0,1,137,0,153
258,69,214.0,3176.0,14.0,10.0,0,78,11,153
258,77,1310.0,2977.0,7.0,7.0,1,123,0,144
258,83,1249.0,2984.0,7.0,5.0,1,123,0,135
258,84,1231.0,2983.0,9.0,7.0,1,106,0,135
258,91,1258.0,2984.0,8.0,7.0,1,112,0,125
258,92,1364.0,2976.0,7.0,7.0,1,106,0,123
258,104,1119.0,2977.0,8.0,10.0,1,89,0,103
258,106,968.0,2984.0,8.0,9.0,0,87,1,103
258,123,1170.0,2979.0,8.0,6.0,1,69,0,77
258,124,1343.0,2975.0,8.0,9.0,1,59,0,75
258,130,1268.0,2988.0,10.0,5.0,1,53,0,61
258,133,1042.0,2983.0,14.0,10.0,1,47,0,56
259,0,1668.0,3166.0,17.0,5.0,0,214,1,260
259,32,1322.0,2978.0,6.0,6.0,1,156,0,184
259,38,1026.0,2984.0,7.0,7.0,1,158,0,178
259,41,1015.0,2982.0,6.0,7.0,0,152,1,175
259,42,1094.0,2981.0,8.0,11.0,0,149,1,175
259,49,1376.0,2979.0,6.0,6.0,1,132,0,169
259,50,1159.0,3420.0,7.0,9.0,0,117,20,168
259,53,1146.0,2978.0,7.0,7.0,1,146,0,166
259,61,978.0,2986.0,9.0,8.0,1,141,0,159
259,62,1059.0,2985.0,8.0,7.0,1,142,0,159
259,63,1272.0,2985.0,6.0,5.0,1,145,0,159
259,67,1180.0,2977.0,9.0,8.0,1,131,0,154
259,68,1279.0,2988.0,8.0,5.0,1,138,0,154
259,69,214.0,3176.0,14.0,10.0,0,78,12,154
259,77,1304.0,2976.0,8.0,8.0,1,124,0,145
259,83,1226.0,2982.0,8.0,8.0,1,124,0,136
259,84,1196.0,2979.0,7.0,6.0,1,107,0,136
259,91,1243.0,2983.0,6.0,6.0,1,113,0,126
259,92,1357.0,2975.0,7.0,7.0,1,107,0,124
259,104,1112.0,2978.0,8.0,8.0,1,90,0,104
259,106,953.0,2984.0,10.0,8.0,1,88,0,104
259,123,1170.0,2979.0,8.0,6.0,0,69,1,78
259,124,1335.0,2976.0,10.0,9.0,1,60,0,76
259,130,1262.0,2986.0,9.0,6.0,1,54,0,62
259,133,1034.0,2982.0,16.0,11.0,1,48,0,57
260,0,1672.0,3161.0,17.0,6.0,1,215,0,261
260,32,1315.0,2979.0,7.0,7.0,1,157,0,185
260,38,1018.0,2985.0,7.0,8.0,1,159,0,179
260,41,1001.0,2978.0,9.0,10.0,1,153,0,176
260,42,1081.0,2981.0,8.0,9.0,1,150,0,176
260,49,1369.0,2979.0,6.0,5.0,1,133,0,170
260,50,1159.0,3420.0,7.0,9.0,0,117,21,169
260,53,1146.0,2978.0,7.0,7.0,0,146,1,167
260,61,978.0,2986.0,9.0,8.0,0,141,1,160
260,62,1054.0,2983.0,7.0,9.0,1,143,0,160
260,63,1266.0,2986.0,6.0,6.0,1,146,0,160
260,67,1174.0,2978.0,9.0,6.0,1,132,0,155
260,68,1271.0,2977.0,10.0,8.0,1,139,0,155
260,69,214.0,3176.0,14.0,10.0,0,78,13,155
260,77,1298.0,2977.0,7.0,9.0,1,125,0,146
260,83,1222.0,2979.0,8.0,8.0,1,125,0,137
260,84,1190.0,2981.0,6.0,5.0,1,108,0,137
260,91,1247.0,2982.0,6.0,5.0,1,114,0,127
260,92,1351.0,2976.0,5.0,7.0,1,108,0,125
260,104,1112.0,2978.0,8.0,8.0,0,90,1,105
260,106,946.0,2985.0,10.0,10.0,1,89,0,105
260,123,1158.0,2980.0,7.0,5.0,1,70,0,79
260,124,1330.0,2975.0,9.0,8.0,1,61,0,77
260,130,1259.0,2987.0,6.0,6.0,1,55,0,63
260,133,1028.0,2980.0,16.0,12.0,1,49,0,58
261,0,1672.0,3161.0,17.0,6.0,0,215,1,262
261,32,1310.0,2979.0,6.0,6.0,1,158,0,186
261,38,1018.0,2985.0,7.0,8.0,0,159,1,180
261,41,994.0,2978.0,10.0,9.0,1,154,0,177
261,42,1075.0,2981.0,9.0,10.0,1,151,0,177
261,49,1363.0,2980.0,7.0,5.0,1,134,0,171
261,50,1159.0,3420.0,7.0,9.0,0,117,22,170
261,53,1132.0,2979.0,9.0,8.0,1,147,0,168
261,61,961.0,2986.0,13.0,7.0,1,142,0,161
261,62,1046.0,2985.0,7.0,8.0,1,144,0,161
261,63,1259.0,2986.0,6.0,7.0,1,147,0,161
261,67,1168.0,2978.0,9.0,8.0,1,133,0,156
261,68,1268.0,2984.0,7.0,6.0,1,140,0,156
261,69,214.0,3176.0,14.0,10.0,0,78,14,156
261,77,1292.0,2978.0,8.0,6.0,1,126,0,147
261,83,1222.0,2979.0,8.0,8.0,0,125,1,138
261,84,1184.0,2980.0,6.0,6.0,1,109,0,138
261,91,1265.0,2974.0,10.0,8.0,1,115,0,128
261,92,1351.0,2976.0,5.0,7.0,0,108,1,126
261,104,1099.0,2980.0,9.0,6.0,1,91,0,106
261,106,946.0,2985.0,10.0,10.0,0,89,1,106
261,123,1154.0,2978.0,6.0,6.0,1,71,0,80
261,124,1330.0,2975.0,9.0,8.0,0,61,1,78
261,130,1252.0,2987.0,6.0,7.0,1,56,0,64
261,133,1022.0,2982.0,15.0,10.0,1,50,0,59
262,0,1673.0,3157.0,17.0,5.0,1,216,0,263
262,32,1286.0,2975.0,7.0,7.0,1,159,0,187
262,38,1006.0,2985.0,7.0,5.0,1,160,0,181
262,41,989.0,2980.0,8.0,7.0,1,155,0,178
262,42,1067.0,2981.0,10.0,11.0,1,152,0,178
262,49,1356.0,2980.0,7.0,4.0,1,135,0,172
262,50,1159.0,3420.0,7.0,9.0,0,117,23,171
262,53,1126.0,2979.0,8.0,7.0,1,148,0,169
262,61,957.0,2987.0,11.0,9.0,1,143,0,162
262,62,1039.0,2987.0,9.0,6.0,1,145,0,162
262,63,1247.0,2986.0,5.0,6.0,1,148,0,162
262,67,1161.0,2977.0,9.0,8.0,1,134,0,157
262,68,1261.0,2982.0,8.0,9.0,1,141,0,157
262,69,214.0,3176.0,14.0,10.0,0,78,15,157
262,77,1259.0,2974.0,10.0,8.0,1,127,0,148
262,83,1207.0,2980.0,10.0,8.0,1,126,0,139
262,84,1178.0,2978.0,6.0,7.0,1,110,0,139
262,91,1253.0,2984.0,6.0,6.0,1,116,0,129
262,92,1338.0,2975.0,8.0,6.0,1,109,0,127
262,104,1094.0,2979.0,7.0,6.0,1,92,0,107
262,106,946.0,2985.0,10.0,10.0,0,89,2,107
262,123,1146.0,2977.0,6.0,7.0,1,72,0,81
262,124,1317.0,2974.0,13.0,7.0,1,62,0,79
262,130,1234.0,2982.0,7.0,6.0,1,57,0,65
262,133,1068.0,2814.0,9.0,9.0,1,51,0,60
263,0,1674.0,3154.0,17.0,5.0,1,217,0,264
263,32,1281.0,2975.0,7.0,7.0,1,160,0,188
263,38,1000.0,2984.0,7.0,8.0,1,161,0,182
263,41,989.0,2980.0,8.0,7.0,0,155,1,179
263,42,1062.0,2983.0,8.0,9.0,1,153,0,179
263,49,1351.0,2977.0,7.0,6.0,1,136,0,173
263,50,1159.0,3420.0,7.0,9.0,0,117,24,172
263,53,1119.0,2978.0,9.0,7.0,1,149,0,170
263,61,951.0,2986.0,9.0,7.0,1,144,0,163
263,62,1033.0,2985.0,8.0,9.0,1,146,0,163
263,63,1240.0,2984.0,6.0,7.0,1,149,0,163
263,67,1156.0,2975.0,8.0,8.0,1,135,0,158
263,68,1255.0,2985.0,8.0,7.0,1,142,0,158
263,69,214.0,3176.0,14.0,10.0,0,78,16,158
263,77,1228.0,2982.0,7.0,5.0,1,128,0,149
263,83,1201.0,2980.0,9.0,8.0,1,127,0,140
263,84,1172.0,2978.0,6.0,6.0,1,111,0,140
263,91,1247.0,2982.0,6.0,6.0,1,117,0,130
263,92,1338.0,2975.0,8.0,6.0,0,109,1,128
263,104,1086.0,2981.0,8.0,5.0,1,93,0,108
263,106,929.0,2986.0,9.0,7.0,1,90,0,108
263,123,1140.0,2979.0,6.0,6.0,1,73,0,82
263,124,1296.0,2976.0,8.0,7.0,1,63,0,80
263,130,1219.0,2982.0,5.0,6.0,1,58,0,66
263,133,1068.0,2814.0,9.0,9.0,0,51,1,61
264,0,1675.0,3153.0,17.0,5.0,1,218,0,265
264,32,1292.0,2978.0,5.0,6.0,1,161,0,189
264,38,993.0,2987.0,7.0,5.0,1,162,0,183
264,41,978.0,2982.0,8.0,7.0,1,156,0,180
264,42,1055.0,2982.0,9.0,8.0,1,154,0,180
264,49,1343.0,2975.0,9.0,8.0,1,137,0,174
264,50,1159.0,3420.0,7.0,9.0,0,117,25,173
264,53,1113.0,2977.0,9.0,8.0,1,150,0,171
264,61,946.0,2987.0,8.0,6.0,1,145,0,164
264,62,1033.0,2985.0,8.0,9.0,0,146,1,164
264,63,1234.0,2983.0,7.0,7.0,1,150,0,164
264,67,1150.0,2976.0,9.0,8.0,1,136,0,159
264,68,1251.0,2985.0,5.0,4.0,1,143,0,159
264,69,214.0,3176.0,14.0,10.0,0,78,17,159
264,77,1221.0,2979.0,8.0,6.0,1,129,0,150
264,83,1197.0,2979.0,7.0,7.0,1,128,0,141
264,84,1172.0,2978.0,6.0,6.0,0,111,1,141
264,91,1274.0,2976.0,7.0,8.0,1,118,0,131
264,92,1327.0,2975.0,7.0,5.0,1,110,0,129
264,104,1081.0,2981.0,7.0,8.0,1,94,0,109
264,106,922.0,2986.0,8.0,9.0,1,91,0,109
264,123,1134.0,2980.0,7.0,5.0,1,74,0,83
264,124,1307.0,2974.0,7.0,7.0,1,64,0,81
264,130,1214.0,2980.0,5.0,6.0,1,59,0,67
264,133,1068.0,2814.0,9.0,9.0,0,51,2,62
265,0,1676.0,3149.0,18.0,6.0,1,219,0,266
265,32,1286.0,2977.0,5.0,6.0,1,162,0,190
265,38,988.0,2987.0,4.0,6.0,1,163,0,184
265,41,971.0,2978.0,7.0,10.0,1,157,0,181
265,42,1048.0,2982.0,9.0,9.0,1,155,0,181
265,49,1340.0,2976.0,5.0,6.0,1,138,0,175
265,50,1159.0,3420.0,7.0,9.0,0,117,26,174
265,53,1113.0,2977.0,9.0,8.0,0,150,1,172
265,61,938.0,2986.0,8.0,7.0,1,146,0,165
265,62,996.0,2982.0,16.0,10.0,1,147,0,165
265,63,1227.0,2984.0,5.0,9.0,1,151,0,165
265,67,1160.0,2979.0,6.0,6.0,1,137,0,160
265,68,1243.0,2981.0,8.0,8.0,1,144,0,160
265,69,214.0,3176.0,14.0,10.0,0,78,18,160
265,77,1241.0,2974.0,8.0,7.0,1,130,0,151
265,83,1189.0,2979.0,8.0,5.0,1,129,0,142
265,84,1206.0,2978.0,7.0,9.0,1,112,0,142
265,91,1269.0,2975.0,7.0,7.0,1,119,0,132
265,92,1322.0,2974.0,6.0,6.0,1,111,0,130
265,104,1074.0,2980.0,8.0,7.0,1,95,0,110
265,106,915.0,2986.0,9.0,7.0,1,92,0,110
265,123,1142.0,2978.0,9.0,8.0,1,75,0,84
265,124,1301.0,2971.0,7.0,9.0,1,65,0,82
265,130,1234.0,2985.0,7.0,6.0,1,60,0,68
265,133,1068.0,2814.0,9.0,9.0,0,51,3,63
266,0,1679.0,3148.0,17.0,5.0,1,220,0,267
266,32,1280.0,2975.0,7.0,6.0,1,163,0,191
266,38,981.0,2985.0,6.0,7.0,1,164,0,185
266,41,964.0,2981.0,8.0,6.0,1,158,0,182
266,42,1041.0,2985.0,9.0,6.0,1,156,0,182
266,49,1332.0,2977.0,8.0,7.0,1,139,0,176
266,50,1159.0,3420.0,7.0,9.0,0,117,27,175
266,53,1100.0,2980.0,9.0,8.0,1,151,0,173
266,61,931.0,2986.0,11.0,10.0,1,147,0,166
266,62,1013.0,2986.0,8.0,8.0,1,148,0,166
266,63,1227.0,2984.0,5.0,9.0,0,151,1,166
266,67,1154.0,2978.0,6.0,5.0,1,138,0,161
266,68,1237.0,2973.0,9.0,7.0,1,145,0,161
266,69,214.0,3176.0,14.0,10.0,0,78,19,161
266,77,1230.0,2983.0,6.0,6.0,1,131,0,152
266,83,1189.0,2979.0,8.0,5.0,0,129,1,143
266,84,1201.0,2980.0,6.0,7.0,1,113,0,143
266,91,1262.0,2971.0,9.0,9.0,1,120,0,133
266,92,1322.0,2974.0,6.0,6.0,0,111,1,131
266,104,1074.0,2980.0,8.0,7.0,0,95,1,111
266,106,910.0,2983.0,8.0,9.0,1,93,0,111
266,123,1123.0,2978.0,5.0,5.0,1,76,0,85
266,124,1296.0,2974.0,7.0,6.0,1,66,0,83
266,130,1209.0,2979.0,8.0,8.0,1,61,0,69
266,133,1068.0,2814.0,9.0,9.0,0,51,4,64
267,0,1680.0,3145.0,16.0,5.0,1,221,0,268
267,32,1271.0,2972.0,8.0,9.0,1,164,0,192
267,38,974.0,2987.0,6.0,4.0,1,165,0,186
267,41,958.0,2982.0,8.0,8.0,1,159,0,183
267,42,1034.0,2982.0,10.0,9.0,1,157,0,183
267,49,1327.0,2976.0,8.0,7.0,1,140,0,177
267,50,1159.0,3420.0,7.0,9.0,0,117,28,176
267,53,1095.0,2978.0,6.0,7.0,1,152,0,174
267,61,925.0,2987.0,9.0,6.0,1,148,0,167
267,62,1008.0,2986.0,7.0,5.0,1,149,0,167
267,63,1216.0,2981.0,6.0,7.0,1,152,0,167
267,67,1148.0,2976.0,7.0,7.0,1,139,0,162
267,68,1231.0,2984.0,7.0,6.0,1,146,0,162
267,69,214.0,3176.0,14.0,10.0,0,78,20,162
267,77,1218.0,2974.0,13.0,7.0,1,132,0,153
267,83,1177.0,2978.0,9.0,7.0,1,130,0,144
267,84,1195.0,2980.0,6.0,7.0,1,114,0,144
267,91,1262.0,2971.0,9.0,9.0,0,120,1,134
267,92,1308.0,2970.0,8.0,9.0,1,112,0,132
267,104,1062.0,2981.0,6.0,6.0,1,96,0,112
267,106,902.0,2986.0,7.0,6.0,1,94,0,112
267,123,1132.0,2976.0,9.0,7.0,1,77,0,86
267,124,1288.0,2974.0,8.0,7.0,1,67,0,84
267,130,1205.0,2980.0,7.0,6.0,1,62,0,70
267,133,1068.0,2814.0,9.0,9.0,0,51,5,65
268,0,1680.0,3145.0,16.0,5.0,0,221,1,269
268,32,1267.0,2975.0,7.0,6.0,1,165,0,193
268,38,968.0,2987.0,6.0,6.0,1,166,0,187
268,41,953.0,2982.0,9.0,6.0,1,160,0,184
268,42,1034.0,2982.0,10.0,9.0,0,157,1,184
268,49,1320.0,2973.0,7.0,9.0,1,141,0,178
268,50,1159.0,3420.0,7.0,9.0,0,117,29,177
268,53,1095.0,2978.0,6.0,7.0,0,152,1,175
268,61,918.0,2983.0,10.0,9.0,1,149,0,168
268,62,1008.0,2986.0,7.0,5.0,0,149,1,168
268,63,1209.0,2981.0,8.0,7.0,1,153,0,168
268,67,1148.0,2976.0,7.0,7.0,0,139,1,163
268,68,1218.0,2982.0,6.0,6.0,1,147,0,163
268,69,214.0,3176.0,14.0,10.0,0,78,21,163
268,77,1218.0,2974.0,13.0,7.0,0,132,1,154
268,83,1171.0,2976.0,8.0,7.0,1,131,0,145
268,84,1188.0,2977.0,7.0,7.0,1,115,0,145
268,91,1262.0,2971.0,9.0,9.0,0,120,2,135
268,92,1302.0,2972.0,9.0,8.0,1,113,0,133
268,104,1055.0,2982.0,8.0,6.0,1,97,0,113
268,106,893.0,2985.0,13.0,10.0,1,95,0,113
268,123,1126.0,2976.0,9.0,9.0,1,78,0,87
268,124,1282.0,2973.0,9.0,8.0,1,68,0,85
268,130,1205.0,2980.0,7.0,6.0,0,62,1,71
268,133,1068.0,2814.0,9.0,9.0,0,51,6,66
269,0,1682.0,3141.0,18.0,5.0,1,222,0,270
269,32,1260.0,2975.0,8.0,6.0,1,166,0,194
269,38,961.0,2987.0,7.0,6.0,1,167,0,188
269,41,945.0,2978.0,10.0,10.0,1,161,0,185
269,42,994.0,2987.0,7.0,7.0,1,158,0,185
269,49,1320.0,2973.0,7.0,9.0,0,141,1,179
269,53,1022.0,2983.0,11.0,8.0,1,153,0,176
269,61,911.0,2986.0,12.0,7.0,1,150,0,169
269,62,971.0,2982.0,13.0,9.0,1,150,0,169
269,63,1193.0,2976.0,6.0,7.0,1,154,0,169
269,67,1119.0,2978.0,9.0,7.0,1,140,0,164
269,68,1211.0,2981.0,7.0,8.0,1,148,0,164
269,69,214.0,3176.0,14.0,10.0,0,78,22,164
269,77,1217.0,2973.0,8.0,7.0,1,133,0,155
269,83,1165.0,2977.0,8.0,6.0,1,132,0,146
269,84,1136.0,2978.0,6.0,7.0,1,116,0,146
269,91,1220.0,2981.0,7.0,7.0,1,121,0,136
269,92,1295.0,2973.0,10.0,7.0,1,114,0,134
269,104,1048.0,2981.0,9.0,7.0,1,98,0,114
269,106,890.0,2984.0,7.0,7.0,1,96,0,114
269,123,1104.0,2979.0,6.0,4.0,1,79,0,88
269,124,1278.0,2971.0,6.0,9.0,1,69,0,86
269,130,1183.0,2978.0,6.0,6.0,1,63,0,72
269,133,862.0,2848.0,9.0,9.0,1,52,0,67
270,0,1683.0,3138.0,18.0,6.0,1,223,0,271
270,32,1256.0,2975.0,5.0,5.0,1,167,0,195
270,38,961.0,2987.0,7.0,6.0,0,167,1,189
270,41,945.0,2978.0,10.0,10.0,0,161,1,186
270,42,994.0,2987.0,7.0,7.0,0,158,1,186
270,49,1307.0,2975.0,9.0,6.0,1,142,0,180
270,53,1016.0,2985.0,8.0,9.0,1,154,0,177
270,61,905.0,2987.0,10.0,9.0,1,151,0,170
270,62,962.0,2983.0,15.0,9.0,1,151,0,170
270,63,1199.0,2982.0,6.0,7.0,1,155,0,170
270,67,1119.0,2978.0,9.0,7.0,0,140,1,165
270,68,1205.0,2979.0,7.0,8.0,1,149,0,165
270,69,214.0,3176.0,14.0,10.0,0,78,23,165
270,77,1210.0,2970.0,10.0,10.0,1,134,0,156
270,83,1165.0,2977.0,8.0,6.0,0,132,1,147
270,84,1131.0,2977.0,5.0,5.0,1,117,0,147
270,91,1240.0,2972.0,8.0,6.0,1,122,0,137
270,92,1295.0,2973.0,10.0,7.0,0,114,1,135
270,104,1041.0,2980.0,9.0,8.0,1,99,0,115
270,106,890.0,2984.0,7.0,7.0,0,96,1,115
270,123,1099.0,2980.0,5.0,3.0,1,80,0,89
270,124,1272.0,2974.0,6.0,6.0,1,70,0,87
270,130,1183.0,2978.0,6.0,6.0,0,63,1,73
270,133,862.0,2848.0,9.0,9.0,0,52,1,68
271,0,1685.0,3137.0,18.0,6.0,1,224,0,272
271,32,1249.0,2971.0,6.0,7.0,1,168,0,196
271,38,961.0,2987.0,7.0,6.0,0,167,2,190
271,41,934.0,2982.0,7.0,8.0,1,162,0,187
271,42,981.0,2988.0,8.0,5.0,1,159,0,187
271,49,1302.0,2974.0,9.0,8.0,1,143,0,181
271,53,1009.0,2984.0,11.0,9.0,1,155,0,178
271,61,900.0,2985.0,8.0,7.0,1,152,0,171
271,62,958.0,2982.0,14.0,10.0,1,152,0,171
271,63,1192.0,2979.0,7.0,7.0,1,156,0,171
271,67,1123.0,2975.0,7.0,6.0,1,141,0,166
271,68,1200.0,2977.0,6.0,8.0,1,150,0,166
271,69,214.0,3176.0,14.0,10.0,0,78,24,166
271,77,1206.0,2970.0,9.0,7.0,1,135,0,157
271,83,1155.0,2976.0,7.0,8.0,1,133,0,148
271,84,1180.0,2977.0,6.0,6.0,1,118,0,148
271,91,1208.0,2983.0,8.0,5.0,1,123,0,138
271,92,1295.0,2973.0,10.0,7.0,0,114,2,136
271,104,1034.0,2982.0,9.0,5.0,1,100,0,116
271,106,877.0,2985.0,7.0,8.0,1,97,0,116
271,123,1108.0,2976.0,8.0,6.0,1,81,0,90
271,124,1266.0,2973.0,6.0,8.0,1,71,0,88
271,130,1170.0,2977.0,7.0,7.0,1,64,0,74
271,133,862.0,2848.0,9.0,9.0,0,52,2,69
272,0,1685.0,3137.0,18.0,6.0,0,224,1,273
272,32,1245.0,2974.0,5.0,5.0,1,169,0,197
272,38,941.0,2987.0,9.0,9.0,1,168,0,191
272,41,928.0,2982.0,8.0,8.0,1,163,0,188
272,42,975.0,2984.0,7.0,7.0,1,160,0,188
272,49,1297.0,2972.0,7.0,7.0,1,144,0,182
272,53,1028.0,2983.0,9.0,5.0,1,156,0,179
272,61,893.0,2983.0,7.0,8.0,1,153,0,172
272,62,950.0,2982.0,15.0,9.0,1,153,0,172
272,63,1186.0,2980.0,6.0,6.0,1,157,0,172
272,67,1119.0,2976.0,5.0,5.0,1,142,0,167
272,68,1192.0,2978.0,8.0,6.0,1,151,0,167
272,69,214.0,3176.0,14.0,10.0,0,78,25,167
272,77,1197.0,2969.0,13.0,9.0,1,136,0,158
272,83,1148.0,2975.0,7.0,7.0,1,134,0,149
272,84,1175.0,2976.0,6.0,5.0,1,119,0,149
272,91,1203.0,2979.0,6.0,8.0,1,124,0,139
272,92,1279.0,2971.0,8.0,7.0,1,115,0,137
272,104,1063.0,2978.0,8.0,7.0,1,101,0,117
272,106,869.0,2986.0,8.0,7.0,1,98,0,117
272,123,1102.0,2976.0,10.0,8.0,1,82,0,91
272,124,1262.0,2969.0,5.0,7.0,1,72,0,89
272,130,1164.0,2976.0,7.0,7.0,1,65,0,75
272,133,862.0,2848.0,9.0,9.0,0,52,3,70
273,0,1686.0,3132.0,19.0,7.0,1,225,0,274
273,32,1237.0,2974.0,8.0,6.0,1,170,0,198
273,38,934.0,2986.0,9.0,6.0,1,169,0,192
273,41,928.0,2982.0,8.0,8.0,0,163,1,189
273,42,975.0,2984.0,7.0,7.0,0,160,1,189
273,49,1289.0,2970.0,7.0,8.0,1,145,0,183
273,53,997.0,2985.0,9.0,6.0,1,157,0,180
273,61,887.0,2986.0,9.0,7.0,1,154,0,173
273,62,945.0,2982.0,14.0,9.0,1,154,0,173
273,63,1186.0,2980.0,6.0,6.0,0,157,1,173
273,67,1119.0,2976.0,5.0,5.0,0,142,1,168
273,68,1192.0,2978.0,8.0,6.0,0,151,1,168
273,69,214.0,3176.0,14.0,10.0,0,78,26,168
273,77,1195.0,2970.0,8.0,7.0,1,137,0,159
273,83,1141.0,2974.0,7.0,8.0,1,135,0,150
273,84,1168.0,2974.0,6.0,6.0,1,120,0,150
273,91,1195.0,2979.0,8.0,7.0,1,125,0,140
273,92,1279.0,2971.0,8.0,7.0,0,115,1,138
273,104,1022.0,2982.0,9.0,7.0,1,102,0,118
273,106,864.0,2984.0,7.0,7.0,1,99,0,118
273,123,1095.0,2976.0,10.0,8.0,1,83,0,92
273,124,1255.0,2967.0,7.0,11.0,1,73,0,90
273,130,1164.0,2976.0,7.0,7.0,0,65,1,76
273,133,862.0,2848.0,9.0,9.0,0,52,4,71
274,0,1687.0,3128.0,19.0,10.0,1,226,0,275
274,32,1231.0,2973.0,8.0,5.0,1,171,0,199
274,38,928.0,2983.0,7.0,9.0,1,170,0,193
274,41,928.0,2982.0,8.0,8.0,0,163,2,190
274,42,962.0,2987.0,7.0,7.0,1,161,0,190
274,49,1283.0,2972.0,11.0,5.0,1,146,0,184
274,53,991.0,2984.0,10.0,11.0,1,158,0,181
274,61,879.0,2986.0,9.0,6.0,1,155,0,174
274,62,945.0,2982.0,14.0,9.0,0,154,1,174
274,63,1186.0,2980.0,6.0,6.0,0,157,2,174
274,67,1104.0,2976.0,9.0,6.0,1,143,0,169
274,68,1181.0,2978.0,7.0,6.0,1,152,0,169
274,69,214.0,3176.0,14.0,10.0,0,78,27,169
274,77,1189.0,2970.0,9.0,7.0,1,138,0,160
274,83,1074.0,2978.0,6.0,6.0,1,136,0,151
274,84,1162.0,2975.0,6.0,6.0,1,121,0,151
274,91,1191.0,2982.0,6.0,5.0,1,126,0,141
274,92,1265.0,2969.0,9.0,7.0,1,116,0,139
274,104,1017.0,2979.0,7.0,10.0,1,103,0,119
274,106,858.0,2983.0,8.0,7.0,1,100,0,119
274,123,1089.0,2976.0,9.0,8.0,1,84,0,93
274,124,1247.0,2972.0,9.0,9.0,1,74,0,91
274,130,1136.0,2975.0,8.0,8.0,1,66,0,77
274,133,862.0,2848.0,9.0,9.0,0,52,5,72
274,156,1050.0,2981.0,7.0,7.0,1,3,0,3
274,157,1216.0,2968.0,8.0,8.0,1,3,0,3
275,0,1689.0,3127.0,19.0,9.0,1,227,0,276
275,32,1231.0,2973.0,8.0,5.0,0,171,1,200
275,38,921.0,2984.0,8.0,7.0,1,171,0,194
275,41,972.0,2915.0,9.0,5.0,1,164,0,191
275,42,956.0,2986.0,7.0,7.0,1,162,0,191
275,49,1277.0,2971.0,8.0,10.0,1,147,0,185
275,53,982.0,2986.0,11.0,6.0,1,159,0,182
275,61,874.0,2986.0,8.0,6.0,1,156,0,175
275,62,932.0,2983.0,14.0,9.0,1,155,0,175
275,63,1186.0,2980.0,6.0,6.0,0,157,3,175
275,67,1104.0,2976.0,9.0,6.0,0,143,1,170
275,68,1174.0,2976.0,8.0,7.0,1,153,0,170
275,69,214.0,3176.0,14.0,10.0,0,78,28,170
275,77,1189.0,2970.0,9.0,7.0,0,138,1,161
275,83,1084.0,2976.0,8.0,8.0,1,137,0,152
275,84,1156.0,2975.0,7.0,7.0,1,122,0,152
275,91,1183.0,2981.0,7.0,7.0,1,127,0,142
275,92,1263.0,2969.0,5.0,7.0,1,117,0,140
275,104,1007.0,2982.0,9.0,6.0,1,104,0,120
275,106,850.0,2986.0,7.0,6.0,1,101,0,120
275,123,1067.0,2980.0,5.0,5.0,1,85,0,94
275,124,1241.0,2972.0,10.0,9.0,1,75,0,92
275,130,1130.0,2976.0,8.0,7.0,1,67,0,78
275,133,862.0,2848.0,9.0,9.0,0,52,6,73
275,156,1041.0,2981.0,10.0,7.0,1,4,0,4
275,157,1210.0,2969.0,6.0,8.0,1,4,0,4
276,0,1691.0,3124.0,19.0,9.0,1,228,0,277
276,32,1220.0,2972.0,6.0,6.0,1,172,0,201
276,38,916.0,2986.0,7.0,7.0,1,172,0,195
276,41,972.0,2915.0,9.0,5.0,0,164,1,192
276,42,949.0,2983.0,8.0,10.0,1,163,0,192
276,49,1272.0,2970.0,8.0,7.0,1,148,0,186
276,53,975.0,2984.0,12.0,7.0,1,160,0,183
276,61,867.0,2982.0,9.0,9.0,1,157,0,176
276,62,926.0,2982.0,14.0,9.0,1,156,0,176
276,63,1161.0,2978.0,6.0,5.0,1,158,0,176
276,67,1104.0,2976.0,9.0,6.0,0,143,2,171
276,68,1170.0,2978.0,6.0,6.0,1,154,0,171
276,69,214.0,3176.0,14.0,10.0,0,78,29,171
276,77,1175.0,2971.0,9.0,8.0,1,139,0,162
276,83,1077.0,2978.0,9.0,8.0,1,138,0,153
276,84,1150.0,2974.0,6.0,6.0,1,123,0,153
276,91,1178.0,2980.0,7.0,5.0,1,128,0,143
276,92,1255.0,2970.0,9.0,6.0,1,118,0,141
276,104,1002.0,2983.0,10.0,10.0,1,105,0,121
276,106,843.0,2983.0,9.0,9.0,1,102,0,121
276,123,1061.0,2980.0,6.0,5.0,1,86,0,95
276,124,1237.0,2968.0,8.0,8.0,1,76,0,93
276,130,1140.0,2975.0,7.0,7.0,1,68,0,79
276,133,862.0,2848.0,9.0,9.0,0,52,7,74
276,156,1037.0,2978.0,7.0,8.0,1,5,0,5
276,157,1203.0,2970.0,8.0,11.0,1,5,0,5
277,0,1691.0,3124.0,19.0,9.0,0,228,1,278
277,32,1214.0,2972.0,7.0,8.0,1,173,0,202
277,38,898.0,2978.0,8.0,12.0,1,173,0,196
277,41,972.0,2915.0,9.0,5.0,0,164,2,193
277,42,942.0,2986.0,11.0,7.0,1,164,0,193
277,49,1265.0,2968.0,11.0,9.0,1,149,0,187
277,53,975.0,2984.0,12.0,7.0,0,160,1,184
277,61,862.0,2985.0,7.0,6.0,1,158,0,177
277,62,918.0,2983.0,17.0,11.0,1,157,0,177
277,63,1161.0,2978.0,6.0,5.0,0,158,1,177
277,67,1104.0,2976.0,9.0,6.0,0,143,3,172
277,68,1164.0,2979.0,6.0,8.0,1,155,0,172
277,77,1170.0,2971.0,11.0,6.0,1,140,0,163
277,83,1072.0,2977.0,9.0,7.0,1,139,0,154
277,84,1144.0,2972.0,7.0,8.0,1,124,0,154
277,91,1173.0,2978.0,7.0,7.0,1,129,0,144
277,92,1248.0,2971.0,9.0,7.0,1,119,0,142
277,104,995.0,2983.0,13.0,6.0,1,106,0,122
277,106,837.0,2984.0,9.0,8.0,1,103,0,122
277,123,1055.0,2979.0,5.0,4.0,1,87,0,96
277,124,1229.0,2968.0,10.0,7.0,1,77,0,94
277,130,1131.0,2975.0,9.0,7.0,1,69,0,80
277,133,862.0,2848.0,9.0,9.0,0,52,8,75
277,156,1030.0,2980.0,9.0,7.0,1,6,0,6
277,157,1199.0,2971.0,9.0,5.0,1,6,0,6
278,0,1693.0,3122.0,19.0,7.0,1,229,0,279
278,32,1207.0,2972.0,9.0,7.0,1,174,0,203
278,38,903.0,2981.0,7.0,11.0,1,174,0,197
278,41,972.0,2915.0,9.0,5.0,0,164,3,194
278,42,934.0,2986.0,10.0,7.0,1,165,0,194
278,49,1260.0,2969.0,10.0,8.0,1,150,0,188
278,53,966.0,2987.0,8.0,6.0,1,161,0,185
278,61,854.0,2988.0,7.0,4.0,1,159,0,178
278,62,911.0,2985.0,15.0,9.0,1,158,0,178
278,63,1127.0,2978.0,6.0,6.0,1,159,0,178
278,67,1081.0,2976.0,7.0,8.0,1,144,0,173
278,68,1157.0,2978.0,7.0,5.0,1,156,0,173
278,77,1165.0,2970.0,9.0,7.0,1,141,0,164
278,83,1065.0,2976.0,9.0,8.0,1,140,0,155
278,84,1138.0,2974.0,8.0,7.0,1,125,0,155
278,91,1149.0,2980.0,7.0,6.0,1,130,0,145
278,92,1244.0,2971.0,8.0,6.0,1,120,0,143
278,104,991.0,2983.0,7.0,6.0,1,107,0,123
278,106,831.0,2983.0,8.0,10.0,1,104,0,123
278,123,1048.0,2979.0,6.0,5.0,1,88,0,97
278,124,1222.0,2970.0,11.0,7.0,1,78,0,95
278,130,1110.0,2975.0,9.0,8.0,1,70,0,81
278,133,862.0,2848.0,9.0,9.0,0,52,9,76
278,156,1023.0,2982.0,9.0,6.0,1,7,0,7
278,157,1166.0,2981.0,8.0,5.0,1,7,0,7
279,0,1694.0,3119.0,18.0,9.0,1,230,0,280
279,32,1201.0,2967.0,9.0,10.0,1,175,0,204
279,38,903.0,2981.0,7.0,11.0,0,174,1,198
279,41,972.0,2915.0,9.0,5.0,0,164,4,195
279,42,928.0,2984.0,10.0,8.0,1,166,0,195
279,49,1254.0,2970.0,9.0,7.0,1,151,0,189
279,53,966.0,2987.0,8.0,6.0,0,161,1,186
279,61,854.0,2988.0,7.0,4.0,0,159,1,179
279,62,905.0,2983.0,15.0,10.0,1,159,0,179
279,63,1127.0,2978.0,6.0,6.0,0,159,1,179
279,67,1081.0,2976.0,7.0,8.0,0,144,1,174
279,68,1151.0,2976.0,9.0,7.0,1,157,0,174
279,77,1161.0,2971.0,7.0,6.0,1,142,0,165
279,83,1059.0,2977.0,9.0,6.0,1,141,0,156
279,84,1132.0,2975.0,7.0,6.0,1,126,0,156
279,91,1149.0,2980.0,7.0,6.0,0,130,1,146
279,92,1244.0,2971.0,8.0,6.0,0,120,1,144
279,104,983.0,2983.0,10.0,5.0,1,108,0,124
279,106,826.0,2986.0,6.0,6.0,1,105,0,124
279,123,1044.0,2980.0,5.0,5.0,1,89,0,98
279,124,1217.0,2969.0,11.0,8.0,1,79,0,96
279,130,1105.0,2976.0,9.0,7.0,1,71,0,82
279,133,862.0,2848.0,9.0,9.0,0,52,10,77
279,156,1019.0,2981.0,8.0,7.0,1,8,0,8
279,157,1161.0,2981.0,7.0,6.0,1,8,0,8
280,0,1695.0,3119.0,19.0,6.0,1,231,0,281
280,32,1196.0,2971.0,7.0,9.0,1,176,0,205
280,38,889.0,2986.0,7.0,7.0,1,175,0,199
280,41,972.0,2915.0,9.0,5.0,0,164,5,196
280,42,928.0,2984.0,10.0,8.0,0,166,1,196
280,49,1250.0,2969.0,7.0,9.0,1,152,0,190
280,53,950.0,2984.0,10.0,7.0,1,162,0,187
280,61,842.0,2983.0,7.0,7.0,1,160,0,180
280,62,899.0,2982.0,14.0,8.0,1,160,0,180
280,63,1114.0,2975.0,6.0,7.0,1,160,0,180
280,67,1068.0,2975.0,8.0,6.0,1,145,0,175
280,68,1146.0,2977.0,8.0,7.0,1,158,0,175
280,77,1154.0,2968.0,8.0,9.0,1,143,0,166
280,83,1051.0,2978.0,10.0,6.0,1,142,0,157
280,84,1126.0,2974.0,8.0,6.0,1,127,0,157
280,91,1149.0,2980.0,7.0,6.0,0,130,2,147
280,92,1231.0,2970.0,9.0,6.0,1,121,0,145
280,104,977.0,2983.0,9.0,7.0,1,109,0,125
280,106,826.0,2986.0,6.0,6.0,0,105,1,125
280,123,1036.0,2981.0,7.0,4.0,1,90,0,99
280,124,1214.0,2967.0,8.0,9.0,1,80,0,97
280,130,1105.0,2976.0,9.0,7.0,0,71,1,83
280,133,862.0,2848.0,9.0,9.0,0,52,11,78
280,156,1019.0,2981.0,8.0,7.0,0,8,1,9
280,157,1155.0,2978.0,8.0,7.0,1,9,0,9
281,0,1696.0,3117.0,18.0,6.0,1,232,0,282
281,32,1175.0,2968.0,9.0,7.0,1,177,0,206
281,38,882.0,2986.0,10.0,6.0,1,176,0,200
281,41,871.0,2982.0,11.0,8.0,1,165,0,197
281,42,914.0,2985.0,10.0,7.0,1,167,0,197
281,49,1245.0,2968.0,6.0,8.0,1,153,0,191
281,53,945.0,2987.0,8.0,4.0,1,163,0,188
281,61,832.0,2983.0,12.0,7.0,1,161,0,181
281,62,891.0,2983.0,15.0,8.0,1,161,0,181
281,63,1109.0,2975.0,6.0,6.0,1,161,0,181
281,67,1068.0,2975.0,8.0,6.0,0,145,1,176
281,68,1139.0,2977.0,8.0,7.0,1,159,0,176
281,77,1147.0,2969.0,8.0,8.0,1,144,0,167
281,83,1048.0,2978.0,9.0,7.0,1,143,0,158
281,84,1121.0,2971.0,7.0,8.0,1,128,0,158
281,91,1131.0,2978.0,5.0,6.0,1,131,0,148
281,92,1226.0,2970.0,8.0,6.0,1,122,0,146
281,104,971.0,2983.0,8.0,6.0,1,110,0,126
281,106,810.0,2982.0,9.0,9.0,1,106,0,126
281,123,1029.0,2981.0,7.0,3.0,1,91,0,100
281,124,1208.0,2968.0,9.0,8.0,1,81,0,98
281,130,1089.0,2972.0,13.0,8.0,1,72,0,84
281,133,862.0,2848.0,9.0,9.0,0,52,12,79
281,156,1004.0,2982.0,11.0,6.0,1,9,0,10
281,157,1150.0,2977.0,6.0,6.0,1,10,0,10
282,0,1697.0,3116.0,21.0,7.0,1,233,0,283
282,32,1184.0,2970.0,8.0,8.0,1,178,0,207
282,38,877.0,2983.0,7.0,7.0,1,177,0,201
282,41,870.0,2983.0,5.0,8.0,1,166,0,198
282,42,909.0,2987.0,8.0,6.0,1,168,0,198
282,49,1238.0,2967.0,7.0,9.0,1,154,0,192
282,53,939.0,2987.0,7.0,5.0,1,164,0,189
282,61,826.0,2984.0,11.0,8.0,1,162,0,182
282,62,891.0,2983.0,15.0,8.0,0,161,1,182
282,63,1102.0,2975.0,6.0,7.0,1,162,0,182
282,67,1057.0,2976.0,7.0,8.0,1,146,0,177
282,68,1133.0,2976.0,8.0,7.0,1,160,0,177
282,77,1142.0,2968.0,10.0,7.0,1,145,0,168
282,83,1040.0,2975.0,10.0,9.0,1,144,0,159
282,84,1116.0,2974.0,7.0,7.0,1,129,0,159
282,91,1126.0,2978.0,6.0,6.0,1,132,0,149
282,92,1220.0,2968.0,8.0,6.0,1,123,0,147
282,104,971.0,2983.0,8.0,6.0,0,110,1,127
282,106,805.0,2983.0,8.0,8.0,1,107,0,127
282,123,1029.0,2981.0,7.0,3.0,0,91,1,101
282,124,1203.0,2968.0,7.0,7.0,1,82,0,99
282,130,1083.0,2974.0,12.0,8.0,1,73,0,85
282,133,862.0,2848.0,9.0,9.0,0,52,13,80
282,156,997.0,2982.0,12.0,7.0,1,10,0,11
282,157,1170.0,2967.0,7.0,8.0,1,11,0,11
283,0,1697.0,3116.0,21.0,7.0,0,233,1,284
283,32,1178.0,2968.0,7.0,7.0,1,179,0,208
283,38,877.0,2983.0,7.0,7.0,0,177,1,202
283,41,870.0,2983.0,5.0,8.0,0,166,1,199
283,42,903.0,2986.0,8.0,7.0,1,169,0,199
283,49,1233.0,2969.0,8.0,7.0,1,155,0,193
283,53,933.0,2986.0,7.0,5.0,1,165,0,190
283,61,820.0,2983.0,12.0,8.0,1,163,0,183
283,62,880.0,2984.0,14.0,8.0,1,162,0,183
283,63,1107.0,2976.0,6.0,6.0,1,163,0,183
283,67,1051.0,2972.0,5.0,10.0,1,147,0,178
283,68,1128.0,2975.0,7.0,7.0,1,161,0,178
283,77,1135.0,2970.0,9.0,6.0,1,146,0,169
283,83,1035.0,2976.0,9.0,8.0,1,145,0,160
283,84,1136.0,2979.0,9.0,7.0,1,130,0,160
283,91,1120.0,2977.0,6.0,6.0,1,133,0,150
283,92,1214.0,2968.0,8.0,6.0,1,124,0,148
283,104,959.0,2984.0,9.0,4.0,1,111,0,128
283,106,798.0,2984.0,9.0,8.0,1,108,0,128
283,123,1019.0,2979.0,5.0,5.0,1,92,0,102
283,124,1196.0,2968.0,7.0,9.0,1,83,0,100
283,130,1096.0,2976.0,6.0,6.0,1,74,0,86
283,133,862.0,2848.0,9.0,9.0,0,52,14,81
283,156,997.0,2982.0,12.0,7.0,0,10,1,12
283,157,1164.0,2967.0,9.0,10.0,1,12,0,12
284,0,1699.0,3113.0,20.0,8.0,1,234,0,285
284,32,1172.0,2970.0,8.0,8.0,1,180,0,209
284,38,866.0,2986.0,14.0,6.0,1,178,0,203
284,41,854.0,2983.0,8.0,9.0,1,167,0,200
284,42,896.0,2983.0,9.0,8.0,1,170,0,200
284,49,1233.0,2969.0,8.0,7.0,0,155,1,194
284,53,926.0,2984.0,9.0,8.0,1,166,0,191
284,61,814.0,2982.0,11.0,6.0,1,164,0,184
284,62,880.0,2984.0,8.0,8.0,1,163,0,184
284,63,1090.0,2974.0,7.0,7.0,1,164,0,184
284,67,1043.0,2975.0,8.0,8.0,1,148,0,179
284,68,1122.0,2976.0,7.0,7.0,1,162,0,179
284,77,1135.0,2970.0,9.0,6.0,0,146,1,170
284,83,1028.0,2978.0,10.0,9.0,1,146,0,161
284,84,1131.0,2978.0,6.0,6.0,1,131,0,161
284,91,1102.0,2975.0,8.0,6.0,1,134,0,151
284,92,1208.0,2969.0,9.0,6.0,1,125,0,149
284,104,952.0,2985.0,9.0,6.0,1,112,0,129
284,106,792.0,2983.0,9.0,8.0,1,109,0,129
284,123,1010.0,2983.0,8.0,5.0,1,93,0,103
284,124,1196.0,2968.0,7.0,9.0,0,83,1,101
284,130,1073.0,2975.0,9.0,6.0,1,75,0,87
284,133,862.0,2848.0,9.0,9.0,0,52,15,82
284,156,985.0,2981.0,10.0,8.0,1,11,0,13
284,157,1158.0,2970.0,9.0,6.0,1,13,0,13
285,0,1699.0,3113.0,20.0,8.0,0,234,1,286
285,32,1165.0,2968.0,10.0,9.0,1,181,0,210
285,38,860.0,2984.0,13.0,9.0,1,179,0,204
285,41,847.0,2982.0,10.0,8.0,1,168,0,201
285,42,896.0,2983.0,9.0,8.0,0,170,1,201
285,49,1221.0,2967.0,8.0,7.0,1,156,0,195
285,53,919.0,2987.0,9.0,5.0,1,167,0,192
285,61,810.0,2984.0,7.0,5.0,1,165,0,185
285,62,880.0,2984.0,8.0,8.0,0,163,1,185
285,63,1096.0,2971.0,6.0,9.0,1,165,0,185
285,67,1064.0,2973.0,11.0,8.0,1,149,0,180
285,68,1115.0,2977.0,7.0,7.0,1,163,0,180
285,77,1125.0,2968.0,8.0,7.0,1,147,0,171
285,83,1038.0,2978.0,7.0,7.0,1,147,0,162
285,84,1125.0,2976.0,8.0,7.0,1,132,0,162
285,91,1107.0,2976.0,5.0,7.0,1,135,0,152
285,92,1202.0,2968.0,10.0,6.0,1,126,0,150
285,104,952.0,2985.0,9.0,6.0,0,112,1,130
285,106,785.0,2980.0,9.0,9.0,1,110,0,130
285,123,1007.0,2981.0,5.0,4.0,1,94,0,104
285,124,1186.0,2965.0,7.0,8.0,1,84,0,102
285,130,1083.0,2972.0,7.0,8.0,1,76,0,88
285,133,862.0,2848.0,9.0,9.0,0,52,16,83
285,156,1022.0,2978.0,9.0,8.0,1,12,0,14
285,157,1153.0,2968.0,8.0,6.0,1,14,0,14
286,0,1699.0,3113.0,20.0,8.0,0,234,2,287
286,32,1165.0,2968.0,10.0,9.0,0,181,1,211
286,38,855.0,2983.0,11.0,10.0,1,180,0,205
286,41,842.0,2984.0,7.0,9.0,1,169,0,202
286,42,884.0,2986.0,7.0,7.0,1,171,0,202
286,49,1215.0,2967.0,8.0,6.0,1,157,0,196
286,53,912.0,2987.0,10.0,7.0,1,168,0,193
286,61,810.0,2984.0,7.0,5.0,0,165,1,186
286,62,867.0,2984.0,7.0,9.0,1,164,0,186
286,63,1090.0,2975.0,7.0,6.0,1,166,0,186
286,67,1061.0,2975.0,9.0,7.0,1,150,0,181
286,68,1110.0,2975.0,7.0,7.0,1,164,0,181
286,77,1119.0,2968.0,8.0,7.0,1,148,0,172
286,83,1016.0,2978.0,9.0,7.0,1,148,0,163
286,84,1119.0,2978.0,8.0,7.0,1,133,0,163
286,91,1101.0,2976.0,8.0,8.0,1,136,0,153
286,92,1202.0,2968.0,10.0,6.0,0,126,1,151
286,104,938.0,2982.0,11.0,7.0,1,113,0,131
286,106,777.0,2981.0,9.0,8.0,1,111,0,131
286,123,999.0,2980.0,6.0,5.0,1,95,0,105
286,124,1181.0,2967.0,6.0,8.0,1,85,0,103
286,130,1079.0,2975.0,5.0,6.0,1,77,0,89
286,133,862.0,2848.0,9.0,9.0,0,52,17,84
286,156,1022.0,2978.0,9.0,8.0,0,12,1,15
286,157,1153.0,2968.0,8.0,6.0,0,14,1,15
287,0,1704.0,3109.0,19.0,9.0,1,235,0,288
287,32,1138.0,2970.0,10.0,6.0,1,182,0,212
287,38,847.0,2983.0,13.0,9.0,1,181,0,206
287,41,836.0,2984.0,8.0,8.0,1,170,0,203
287,42,878.0,2986.0,7.0,7.0,1,172,0,203
287,49,1209.0,2967.0,9.0,7.0,1,158,0,197
287,53,907.0,2987.0,8.0,5.0,1,169,0,194
287,61,794.0,2983.0,9.0,9.0,1,166,0,187
287,62,862.0,2982.0,8.0,12.0,1,165,0,187
287,63,1027.0,2972.0,6.0,10.0,1,167,0,187
287,67,1054.0,2975.0,8.0,5.0,1,151,0,182
287,68,1103.0,2974.0,8.0,8.0,1,165,0,182
287,77,1095.0,2974.0,7.0,8.0,1,149,0,173
287,83,1011.0,2979.0,8.0,6.0,1,149,0,164
287,84,1114.0,2978.0,6.0,7.0,1,134,0,164
287,91,1083.0,2976.0,6.0,6.0,1,137,0,154
287,92,1190.0,2966.0,10.0,8.0,1,127,0,152
287,104,931.0,2983.0,10.0,5.0,1,114,0,132
287,106,777.0,2981.0,9.0,8.0,0,111,1,132
287,123,968.0,2983.0,8.0,5.0,1,96,0,106
287,124,1174.0,2968.0,7.0,7.0,1,86,0,104
287,130,1072.0,2975.0,6.0,6.0,1,78,0,90
287,133,862.0,2848.0,9.0,9.0,0,52,18,85
287,156,993.0,2983.0,5.0,2.0,1,13,0,16
287,157,1115.0,2970.0,7.0,6.0,1,15,0,16
288,0,1704.0,3108.0,20.0,9.0,1,236,0,289
288,32,1149.0,2970.0,9.0,7.0,1,183,0,213
288,38,847.0,2983.0,13.0,9.0,0,181,1,207
288,41,830.0,2983.0,7.0,7.0,1,171,0,204
288,42,871.0,2982.0,8.0,10.0,1,173,0,204
288,49,1202.0,2967.0,8.0,10.0,1,159,0,198
288,53,907.0,2987.0,8.0,5.0,0,169,1,195
288,61,790.0,2979.0,8.0,11.0,1,167,0,188
288,62,855.0,2983.0,7.0,9.0,1,166,0,188
288,63,1021.0,2975.0,7.0,9.0,1,168,0,188
288,67,1046.0,2971.0,12.0,10.0,1,152,0,183
288,68,1098.0,2976.0,8.0,8.0,1,166,0,183
288,77,1107.0,2967.0,9.0,9.0,1,150,0,174
288,83,1002.0,2980.0,13.0,8.0,1,150,0,165
288,84,1108.0,2976.0,6.0,8.0,1,135,0,165
288,91,1087.0,2975.0,9.0,5.0,1,138,0,155
288,92,1184.0,2967.0,9.0,6.0,1,128,0,153
288,104,927.0,2983.0,7.0,8.0,1,115,0,133
288,106,766.0,2983.0,8.0,6.0,1,112,0,133
288,123,968.0,2983.0,8.0,5.0,0,96,1,107
288,124,1168.0,2966.0,8.0,6.0,1,87,0,105
288,130,1066.0,2975.0,7.0,5.0,1,79,0,91
288,133,862.0,2848.0,9.0,9.0,0,52,19,86
288,156,985.0,2983.0,8.0,6.0,1,14,0,17
288,157,1135.0,2967.0,5.0,5.0,1,16,0,17
289,0,1705.0,3108.0,19.0,9.0,1,237,0,290
289,32,1131.0,2967.0,5.0,5.0,1,184,0,214
289,38,847.0,2983.0,13.0,9.0,0,181,2,208
289,41,830.0,2983.0,7.0,7.0,0,171,1,205
289,42,871.0,2982.0,8.0,10.0,0,173,1,205
289,49,1197.0,2967.0,8.0,9.0,1,160,0,199
289,53,893.0,2983.0,10.0,9.0,1,170,0,196
289,61,782.0,2983.0,10.0,6.0,1,168,0,189
289,62,855.0,2983.0,7.0,9.0,0,166,1,189
289,63,1012.0,2976.0,9.0,7.0,1,169,0,189
289,67,1042.0,2971.0,9.0,9.0,1,153,0,184
289,68,1091.0,2976.0,8.0,7.0,1,167,0,184
289,77,1083.0,2976.0,5.0,5.0,1,151,0,175
289,83,996.0,2979.0,11.0,6.0,1,151,0,166
289,84,1101.0,2976.0,7.0,7.0,1,136,0,166
289,91,1070.0,2972.0,8.0,9.0,1,139,0,156
289,92,1162.0,2962.0,8.0,10.0,1,129,0,154
289,104,919.0,2983.0,9.0,6.0,1,116,0,134
289,106,758.0,2979.0,10.0,9.0,1,113,0,134
289,123,968.0,2983.0,8.0,5.0,0,96,2,108
289,124,1143.0,2969.0,9.0,5.0,1,88,0,106
289,130,1059.0,2971.0,7.0,9.0,1,80,0,92
289,133,862.0,2848.0,9.0,9.0,0,52,20,87
289,156,979.0,2981.0,7.0,6.0,1,15,0,18
289,157,1101.0,2965.0,9.0,10.0,1,17,0,18
290,0,1705.0,3107.0,21.0,10.0,1,238,0,291
290,32,1138.0,2967.0,9.0,7.0,1,185,0,215
290,38,829.0,2982.0,12.0,9.0,1,182,0,209
290,41,818.0,2983.0,8.0,10.0,1,172,0,206
290,42,858.0,2987.0,8.0,8.0,1,174,0,206
290,49,1191.0,2964.0,8.0,10.0,1,161,0,200
290,53,885.0,2983.0,11.0,9.0,1,171,0,197
290,61,776.0,2982.0,8.0,9.0,1,169,0,190
290,62,843.0,2983.0,6.0,8.0,1,167,0,190
290,63,1007.0,2976.0,10.0,6.0,1,170,0,190
290,67,1036.0,2974.0,11.0,7.0,1,154,0,185
290,68,1086.0,2976.0,6.0,6.0,1,168,0,185
290,77,1077.0,2976.0,7.0,8.0,1,152,0,176
290,83,996.0,2979.0,11.0,6.0,0,151,1,167
290,84,1095.0,2979.0,7.0,6.0,1,137,0,167
290,91,1066.0,2974.0,8.0,6.0,1,140,0,157
290,92,1174.0,2963.0,7.0,10.0,1,130,0,155
290,104,913.0,2983.0,7.0,5.0,1,117,0,135
290,106,752.0,2979.0,9.0,8.0,1,114,0,135
290,123,968.0,2983.0,8.0,5.0,0,96,3,109
290,124,1157.0,2967.0,8.0,7.0,1,89,0,107
290,130,1054.0,2975.0,7.0,6.0,1,81,0,93
290,133,862.0,2848.0,9.0,9.0,0,52,21,88
290,156,979.0,2981.0,7.0,6.0,0,15,1,19
290,157,1101.0,2965.0,9.0,10.0,0,17,1,19
291,0,1705.0,3107.0,21.0,10.0,0,238,1,292
291,32,1118.0,2968.0,7.0,8.0,1,186,0,216
291,38,822.0,2983.0,11.0,7.0,1,183,0,210
291,41,812.0,2983.0,7.0,10.0,1,173,0,207
291,42,855.0,2986.0,4.0,7.0,1,175,0,207
291,49,1167.0,2964.0,8.0,8.0,1,162,0,201
291,53,879.0,2982.0,12.0,9.0,1,172,0,198
291,61,771.0,2983.0,10.0,5.0,1,170,0,191
291,62,835.0,2979.0,8.0,11.0,1,168,0,191
291,63,1007.0,2976.0,10.0,6.0,0,170,1,191
291,67,1030.0,2975.0,10.0,10.0,1,155,0,186
291,68,1078.0,2975.0,8.0,7.0,1,169,0,186
291,77,1071.0,2974.0,5.0,8.0,1,153,0,177
291,83,986.0,2978.0,8.0,7.0,1,152,0,168
291,84,1089.0,2979.0,7.0,6.0,1,138,0,168
291,91,1058.0,2975.0,7.0,9.0,1,141,0,158
291,92,1150.0,2966.0,8.0,8.0,1,131,0,156
291,104,907.0,2982.0,9.0,7.0,1,118,0,136
291,106,746.0,2981.0,7.0,8.0,1,115,0,136
291,123,941.0,2983.0,8.0,7.0,1,97,0,110
291,124,1132.0,2967.0,9.0,6.0,1,90,0,108
291,130,1048.0,2975.0,7.0,8.0,1,82,0,94
291,133,862.0,2848.0,9.0,9.0,0,52,22,89
291,156,964.0,2983.0,9.0,3.0,1,16,0,20
291,157,1090.0,2967.0,8.0,8.0,1,18,0,20
292,0,1707.0,3106.0,20.0,10.0,1,239,0,293
292,32,1127.0,2969.0,8.0,9.0,1,187,0,217
292,38,814.0,2982.0,11.0,10.0,1,184,0,211
292,41,806.0,2981.0,7.0,11.0,1,174,0,208
292,42,855.0,2986.0,4.0,7.0,0,175,1,208
292,49,1180.0,2967.0,8.0,9.0,1,163,0,202
292,53,879.0,2982.0,12.0,9.0,0,172,1,199
292,61,763.0,2979.0,8.0,9.0,1,171,0,192
292,62,830.0,2982.0,7.0,9.0,1,169,0,192
292,63,995.0,2978.0,9.0,5.0,1,171,0,192
292,67,1023.0,2971.0,11.0,10.0,1,156,0,187
292,68,1075.0,2976.0,6.0,6.0,1,170,0,187
292,77,1065.0,2971.0,7.0,10.0,1,154,0,178
292,83,986.0,2978.0,8.0,7.0,0,152,1,169
292,84,1111.0,2967.0,9.0,5.0,1,139,0,169
292,91,1053.0,2975.0,10.0,6.0,1,142,0,159
292,92,1163.0,2967.0,8.0,6.0,1,132,0,157
292,104,900.0,2984.0,8.0,9.0,1,119,0,137
292,106,746.0,2981.0,7.0,8.0,0,115,1,137
292,123,936.0,2983.0,9.0,8.0,1,98,0,111
292,124,1143.0,2967.0,9.0,5.0,1,91,0,109
292,130,1048.0,2975.0,7.0,8.0,0,82,1,95
292,133,862.0,2848.0,9.0,9.0,0,52,23,90
292,156,958.0,2983.0,8.0,6.0,1,17,0,21
292,157,1084.0,2967.0,10.0,7.0,1,19,0,21
293,0,1707.0,3105.0,20.0,11.0,1,240,0,294
293,32,1121.0,2970.0,8.0,5.0,1,188,0,218
293,38,809.0,2982.0,10.0,9.0,1,185,0,212
293,41,799.0,2982.0,9.0,10.0,1,175,0,209
293,42,840.0,2986.0,9.0,7.0,1,176,0,209
293,49,1180.0,2967.0,8.0,9.0,0,163,1,203
293,53,866.0,2985.0,8.0,7.0,1,173,0,200
293,61,757.0,2982.0,8.0,5.0,1,172,0,193
293,62,830.0,2982.0,7.0,9.0,0,169,1,193
293,63,987.0,2979.0,9.0,5.0,1,172,0,193
293,67,1016.0,2972.0,11.0,9.0,1,157,0,188
293,68,1075.0,2976.0,6.0,6.0,0,170,1,188
293,77,1065.0,2971.0,7.0,10.0,0,154,1,179
293,83,986.0,2978.0,8.0,7.0,0,152,2,170
293,84,1105.0,2966.0,10.0,6.0,1,140,0,170
293,91,1047.0,2973.0,7.0,7.0,1,143,0,160
293,92,1156.0,2967.0,9.0,6.0,1,133,0,158
293,104,894.0,2983.0,9.0,5.0,1,120,0,138
293,106,746.0,2981.0,7.0,8.0,0,115,2,138
293,123,929.0,2984.0,9.0,7.0,1,99,0,112
293,124,1137.0,2962.0,10.0,10.0,1,92,0,110
293,130,1034.0,2970.0,8.0,11.0,1,83,0,96
293,133,862.0,2848.0,9.0,9.0,0,52,24,91
293,156,953.0,2983.0,8.0,6.0,1,18,0,22
293,157,1077.0,2964.0,11.0,9.0,1,20,0,22
294,0,1708.0,3105.0,20.0,10.0,1,241,0,295
294,32,1121.0,2970.0,8.0,5.0,0,188,1,219
294,38,802.0,2981.0,9.0,8.0,1,186,0,213
294,41,790.0,2986.0,11.0,8.0,1,176,0,210
294,42,834.0,2984.0,7.0,8.0,1,177,0,210
294,49,1169.0,2966.0,8.0,8.0,1,164,0,204
294,53,866.0,2985.0,8.0,7.0,0,173,1,201
294,61,757.0,2982.0,8.0,5.0,0,172,1,194
294,62,820.0,2983.0,7.0,8.0,1,170,0,194
294,63,983.0,2977.0,8.0,6.0,1,173,0,194
294,67,1010.0,2975.0,13.0,8.0,1,158,0,189
294,68,1062.0,2974.0,6.0,7.0,1,171,0,189
294,77,1071.0,2978.0,6.0,7.0,1,155,0,180
294,83,966.0,2978.0,11.0,8.0,1,153,0,171
294,84,1105.0,2966.0,10.0,6.0,0,140,1,171
294,91,1051.0,2974.0,9.0,11.0,1,144,0,161
294,92,1152.0,2963.0,7.0,9.0,1,134,0,159
294,104,887.0,2979.0,9.0,10.0,1,121,0,139
294,106,746.0,2981.0,7.0,8.0,0,115,3,139
294,123,923.0,2984.0,8.0,6.0,1,100,0,113
294,124,1134.0,2965.0,7.0,10.0,1,93,0,111
294,130,1030.0,2975.0,7.0,8.0,1,84,0,97
294,133,862.0,2848.0,9.0,9.0,0,52,25,92
294,156,947.0,2980.0,7.0,7.0,1,19,0,23
294,157,1071.0,2965.0,10.0,8.0,1,21,0,23
295,0,1708.0,3105.0,20.0,11.0,1,242,0,296
295,32,1108.0,2967.0,6.0,6.0,1,189,0,220
295,38,796.0,2983.0,9.0,6.0,1,187,0,214
295,41,785.0,2985.0,9.0,7.0,1,177,0,211
295,42,829.0,2983.0,6.0,8.0,1,178,0,211
295,49,1162.0,2963.0,8.0,11.0,1,165,0,205
295,53,854.0,2982.0,9.0,8.0,1,174,0,202
295,61,757.0,2982.0,8.0,5.0,0,172,2,195
295,62,820.0,2983.0,7.0,8.0,0,170,1,195
295,63,977.0,2975.0,7.0,9.0,1,174,0,195
295,67,1005.0,2975.0,12.0,11.0,1,159,0,190
295,68,1055.0,2974.0,8.0,8.0,1,172,0,190
295,77,1065.0,2979.0,9.0,6.0,1,156,0,181
295,83,961.0,2981.0,9.0,7.0,1,154,0,172
295,84,1094.0,2967.0,9.0,9.0,1,141,0,172
295,91,1032.0,2975.0,10.0,9.0,1,145,0,162
295,92,1152.0,2963.0,7.0,9.0,0,134,1,160
295,104,887.0,2979.0,9.0,10.0,0,121,1,140
295,106,722.0,2981.0,6.0,7.0,1,116,0,140
295,123,917.0,2983.0,8.0,7.0,1,101,0,114
295,124,1127.0,2967.0,8.0,8.0,1,94,0,112
295,130,1022.0,2975.0,7.0,10.0,1,85,0,98
295,133,862.0,2848.0,9.0,9.0,0,52,26,93
295,156,947.0,2980.0,7.0,7.0,0,19,1,24
295,157,1045.0,2974.0,9.0,8.0,1,22,0,24
296,0,1708.0,3104.0,20.0,12.0,1,243,0,297
296,32,1102.0,2968.0,10.0,8.0,1,190,0,221
296,38,789.0,2983.0,10.0,9.0,1,188,0,215
296,41,778.0,2982.0,10.0,9.0,1,178,0,212
296,42,821.0,2978.0,8.0,13.0,1,179,0,212
296,49,1158.0,2967.0,7.0,7.0,1,166,0,206
296,53,847.0,2983.0,9.0,9.0,1,175,0,203
296,61,738.0,2979.0,7.0,10.0,1,173,0,196
296,62,806.0,2983.0,8.0,6.0,1,171,0,196
296,63,977.0,2975.0,7.0,9.0,0,174,1,196
296,67,1001.0,2972.0,8.0,8.0,1,160,0,191
296,68,1048.0,2975.0,10.0,7.0,1,173,0,191
296,77,1061.0,2966.0,8.0,7.0,1,157,0,182
296,83,953.0,2981.0,11.0,8.0,1,155,0,173
296,84,1086.0,2967.0,11.0,6.0,1,142,0,173
296,91,1028.0,2975.0,9.0,8.0,1,146,0,163
296,92,1152.0,2963.0,7.0,9.0,0,134,2,161
296,104,887.0,2979.0,9.0,10.0,0,121,2,141
296,106,715.0,2979.0,6.0,5.0,1,117,0,141
296,123,910.0,2980.0,9.0,9.0,1,102,0,115
296,124,1124.0,2966.0,7.0,8.0,1,95,0,113
296,130,1022.0,2975.0,7.0,10.0,0,85,1,99
296,133,862.0,2848.0,9.0,9.0,0,52,27,94
296,156,935.0,2983.0,6.0,6.0,1,20,0,25
296,157,1039.0,2970.0,9.0,12.0,1,23,0,25
297,0,1706.0,3104.0,22.0,12.0,1,244,0,298
297,32,1097.0,2966.0,9.0,6.0,1,191,0,222
297,38,782.0,2982.0,10.0,7.0,1,189,0,216
297,41,774.0,2987.0,7.0,5.0,1,179,0,213
297,42,815.0,2982.0,8.0,8.0,1,180,0,213
297,49,1151.0,2967.0,9.0,9.0,1,167,0,207
297,53,842.0,2983.0,9.0,9.0,1,176,0,204
297,61,738.0,2979.0,7.0,10.0,0,173,1,197
297,62,798.0,2982.0,9.0,6.0,1,172,0,197
297,63,964.0,2979.0,9.0,5.0,1,175,0,197
297,67,992.0,2972.0,12.0,10.0,1,161,0,192
297,68,1054.0,2977.0,7.0,6.0,1,174,0,192
297,77,1054.0,2963.0,10.0,9.0,1,158,0,183
297,83,950.0,2980.0,7.0,6.0,1,156,0,174
297,84,1083.0,2966.0,7.0,6.0,1,143,0,174
297,91,1022.0,2972.0,8.0,8.0,1,147,0,164
297,92,1134.0,2966.0,9.0,5.0,1,135,0,162
297,104,870.0,2978.0,7.0,10.0,1,122,0,142
297,106,705.0,2975.0,12.0,9.0,1,118,0,142
297,123,901.0,2983.0,11.0,8.0,1,103,0,116
297,124,1118.0,2962.0,6.0,11.0,1,96,0,114
297,130,1007.0,2972.0,11.0,9.0,1,86,0,100
297,133,862.0,2848.0,9.0,9.0,0,52,28,95
297,156,935.0,2983.0,6.0,6.0,0,20,1,26
297,157,1044.0,2976.0,8.0,8.0,1,24,0,26
298,0,1706.0,3104.0,22.0,13.0,1,245,0,299
298,32,1094.0,2967.0,7.0,5.0,1,192,0,223
298,38,782.0,2982.0,10.0,7.0,0,189,1,217
298,41,766.0,2986.0,8.0,10.0,1,180,0,214
298,42,809.0,2983.0,7.0,8.0,1,181,0,214
298,49,1146.0,2967.0,8.0,6.0,1,168,0,208
298,53,835.0,2980.0,10.0,11.0,1,177,0,205
298,61,738.0,2979.0,7.0,10.0,0,173,2,198
298,62,791.0,2982.0,11.0,6.0,1,173,0,198
298,63,959.0,2978.0,7.0,6.0,1,176,0,198
298,67,987.0,2974.0,11.0,12.0,1,162,0,193
298,68,1047.0,2978.0,8.0,8.0,1,175,0,193
298,77,1051.0,2966.0,9.0,8.0,1,159,0,184
298,83,950.0,2980.0,7.0,6.0,0,156,1,175
298,84,1078.0,2968.0,7.0,8.0,1,144,0,175
298,91,1015.0,2975.0,11.0,8.0,1,148,0,165
298,92,1129.0,2963.0,8.0,9.0,1,136,0,163
298,104,862.0,2979.0,9.0,10.0,1,123,0,143
298,106,702.0,2980.0,7.0,5.0,1,119,0,143
298,123,896.0,2984.0,9.0,7.0,1,104,0,117
298,124,1110.0,2966.0,10.0,6.0,1,97,0,115
298,130,1005.0,2975.0,7.0,10.0,1,87,0,101
298,133,862.0,2848.0,9.0,9.0,0,52,29,96
298,156,923.0,2981.0,5.0,6.0,1,21,0,27
298,157,1028.0,2974.0,8.0,11.0,1,25,0,27
299,0,1707.0,3105.0,21.0,11.0,1,246,0,300
299,32,1086.0,2967.0,9.0,6.0,1,193,0,224
299,38,770.0,2982.0,11.0,6.0,1,190,0,218
299,41,761.0,2986.0,8.0,6.0,1,181,0,215
299,42,802.0,2983.0,10.0,6.0,1,182,0,215
299,49,1140.0,2963.0,8.0,10.0,1,169,0,209
299,53,829.0,2982.0,10.0,10.0,1,178,0,206
299,61,720.0,2979.0,8.0,5.0,1,174,0,199
299,62,785.0,2979.0,11.0,8.0,1,174,0,199
299,63,953.0,2977.0,7.0,7.0,1,177,0,199
299,67,987.0,2974.0,11.0,12.0,0,162,1,194
299,68,1041.0,2978.0,8.0,9.0,1,176,0,194
299,77,1042.0,2966.0,11.0,8.0,1,160,0,185
299,83,950.0,2980.0,7.0,6.0,0,156,2,176
299,84,1078.0,2968.0,7.0,8.0,0,144,1,176
299,91,1010.0,2975.0,8.0,9.0,1,149,0,166
299,92,1123.0,2963.0,8.0,9.0,1,137,0,164
299,104,862.0,2979.0,9.0,10.0,0,123,1,144
299,106,692.0,2977.0,13.0,11.0,1,120,0,144
299,123,889.0,2979.0,8.0,8.0,1,105,0,118
299,124,1106.0,2966.0,7.0,8.0,1,98,0,116
299,130,1005.0,2975.0,7.0,10.0,0,87,1,102
299,156,916.0,2984.0,7.0,5.0,1,22,0,28
299,157,1030.0,2973.0,9.0,9.0,1,26,0,28
300,0,1708.0,3105.0,20.0,11.0,1,247,0,301
300,32,1035.0,2975.0,8.0,9.0,1,194,0,225
300,38,762.0,2982.0,13.0,7.0,1,191,0,219
300,41,753.0,2981.0,8.0,12.0,1,182,0,216
300,42,802.0,2983.0,10.0,6.0,0,182,1,216
300,49,1137.0,2967.0,7.0,7.0,1,170,0,210
300,53,822.0,2983.0,11.0,9.0,1,179,0,207
300,61,715.0,2979.0,5.0,5.0,1,175,0,200
300,62,779.0,2980.0,12.0,8.0,1,175,0,200
300,63,953.0,2977.0,7.0,7.0,0,177,1,200
300,67,973.0,2971.0,12.0,10.0,1,163,0,195
300,68,1025.0,2974.0,9.0,9.0,1,177,0,195
300,77,1038.0,2966.0,10.0,7.0,1,161,0,186
300,83,930.0,2981.0,8.0,8.0,1,157,0,177
300,84,1066.0,2962.0,9.0,10.0,1,145,0,177
300,91,1004.0,2973.0,9.0,11.0,1,150,0,167
300,92,1123.0,2963.0,8.0,9.0,0,137,1,165
300,104,862.0,2979.0,9.0,10.0,0,123,2,145
300,106,692.0,2977.0,13.0,11.0,0,120,1,145
300,123,881.0,2980.0,11.0,8.0,1,106,0,119
300,124,1102.0,2963.0,7.0,8.0,1,99,0,117
300,130,990.0,2974.0,9.0,7.0,1,88,0,103
300,156,916.0,2984.0,7.0,5.0,0,22,1,29
300,157,1017.0,2972.0,7.0,10.0,1,27,0,29
301,0,1708.0,3105.0,19.0,11.0,1,248,0,302
301,32,1035.0,2975.0,8.0,9.0,0,194,1,226
301,38,757.0,2980.0,11.0,10.0,1,192,0,220
301,41,746.0,2986.0,10.0,7.0,1,183,0,217
301,42,791.0,2982.0,9.0,6.0,1,183,0,217
301,49,1131.0,2966.0,6.0,7.0,1,171,0,211
301,53,822.0,2983.0,11.0,9.0,0,179,1,208
301,61,715.0,2979.0,5.0,5.0,0,175,1,201
301,62,779.0,2980.0,12.0,8.0,0,175,1,201
301,63,953.0,2977.0,7.0,7.0,0,177,2,201
301,67,973.0,2971.0,12.0,10.0,0,163,1,196
301,68,1019.0,2975.0,8.0,8.0,1,178,0,196
301,77,1030.0,2964.0,10.0,8.0,1,162,0,187
301,83,930.0,2981.0,8.0,8.0,0,157,1,178
301,84,1061.0,2966.0,9.0,7.0,1,146,0,178
301,91,1004.0,2973.0,9.0,11.0,0,150,1,168
301,92,1112.0,2964.0,8.0,8.0,1,138,0,166
301,104,843.0,2979.0,9.0,9.0,1,124,0,146
301,106,678.0,2971.0,17.0,13.0,1,121,0,146
301,123,877.0,2982.0,8.0,10.0,1,107,0,120
301,124,1094.0,2962.0,10.0,8.0,1,100,0,118
301,130,983.0,2975.0,10.0,8.0,1,89,0,104
301,156,903.0,2983.0,8.0,5.0,1,23,0,30
301,157,1010.0,2975.0,7.0,6.0,1,28,0,30
302,0,1708.0,3106.0,19.0,10.0,1,249,0,303
302,32,1023.0,2979.0,9.0,8.0,1,195,0,227
302,38,749.0,2979.0,12.0,9.0,1,193,0,221
302,41,740.0,2986.0,12.0,8.0,1,184,0,218
302,42,783.0,2982.0,10.0,7.0,1,184,0,218
302,49,1125.0,2965.0,6.0,6.0,1,172,0,212
302,53,809.0,2978.0,11.0,11.0,1,180,0,209
302,61,698.0,2978.0,10.0,9.0,1,176,0,202
302,62,779.0,2980.0,12.0,8.0,0,175,2,202
302,63,935.0,2978.0,6.0,6.0,1,178,0,202
302,67,962.0,2978.0,9.0,9.0,1,164,0,197
302,68,1014.0,2972.0,7.0,9.0,1,179,0,197
302,77,1054.0,2966.0,10.0,7.0,1,163,0,188
302,83,917.0,2978.0,9.0,9.0,1,158,0,179
302,84,1069.0,2963.0,9.0,9.0,1,147,0,179
302,91,1004.0,2973.0,9.0,11.0,0,150,2,169
302,92,1105.0,2962.0,9.0,10.0,1,139,0,167
302,104,836.0,2979.0,11.0,9.0,1,125,0,147
302,106,678.0,2971.0,17.0,13.0,0,121,1,147
302,123,871.0,2983.0,8.0,8.0,1,108,0,121
302,124,1089.0,2967.0,10.0,6.0,1,101,0,119
302,130,980.0,2979.0,8.0,5.0,1,90,0,105
302,156,903.0,2983.0,8.0,5.0,0,23,1,31
302,157,1010.0,2975.0,7.0,6.0,0,28,1,31
303,0,1708.0,3107.0,20.0,9.0,1,250,0,304
303,32,1019.0,2978.0,6.0,6.0,1,196,0,228
303,38,743.0,2980.0,11.0,7.0,1,194,0,222
303,41,740.0,2986.0,12.0,8.0,0,184,1,219
303,42,779.0,2981.0,8.0,6.0,1,185,0,219
303,49,1119.0,2963.0,7.0,8.0,1,173,0,213
303,53,804.0,2983.0,10.0,8.0,1,181,0,210
303,61,691.0,2978.0,13.0,7.0,1,177,0,203
303,62,763.0,2980.0,7.0,6.0,1,176,0,203
303,63,928.0,2976.0,8.0,9.0,1,179,0,203
303,67,954.0,2975.0,12.0,9.0,1,165,0,198
303,68,1006.0,2972.0,10.0,8.0,1,180,0,198
303,77,1020.0,2966.0,10.0,7.0,1,164,0,189
303,83,912.0,2982.0,9.0,6.0,1,159,0,180
303,84,1066.0,2965.0,7.0,7.0,1,148,0,180
303,91,987.0,2978.0,6.0,7.0,1,151,0,170
303,92,1102.0,2963.0,7.0,8.0,1,140,0,168
303,104,830.0,2979.0,10.0,12.0,1,126,0,148
303,106,678.0,2971.0,17.0,13.0,0,121,2,148
303,123,864.0,2979.0,9.0,9.0,1,109,0,122
303,124,1081.0,2965.0,10.0,7.0,1,102,0,120
303,130,980.0,2979.0,8.0,5.0,0,90,1,106
303,156,903.0,2983.0,8.0,5.0,0,23,2,32
303,157,999.0,2975.0,8.0,9.0,1,29,0,32
304,0,1708.0,3108.0,15.0,8.0,1,251,0,305
304,32,1011.0,2975.0,8.0,10.0,1,197,0,229
304,38,735.0,2981.0,13.0,8.0,1,195,0,223
304,41,730.0,2984.0,7.0,8.0,1,185,0,220
304,42,779.0,2981.0,8.0,6.0,0,185,1,220
304,49,1114.0,2967.0,6.0,4.0,1,174,0,214
304,53,804.0,2983.0,10.0,8.0,0,181,1,211
304,61,684.0,2976.0,11.0,8.0,1,178,0,204
304,62,755.0,2981.0,10.0,8.0,1,177,0,204
304,63,928.0,2976.0,8.0,9.0,0,179,1,204
304,67,954.0,2975.0,12.0,9.0,0,165,1,199
304,68,1001.0,2973.0,8.0,10.0,1,181,0,199
304,77,1014.0,2964.0,10.0,8.0,1,165,0,190
304,83,912.0,2982.0,9.0,6.0,0,159,1,181
304,84,1044.0,2964.0,9.0,9.0,1,149,0,181
304,91,987.0,2978.0,6.0,7.0,0,151,1,171
304,92,1095.0,2964.0,8.0,7.0,1,141,0,169
304,104,825.0,2978.0,11.0,11.0,1,127,0,149
304,106,662.0,2974.0,11.0,9.0,1,122,0,149
304,123,858.0,2980.0,9.0,9.0,1,110,0,123
304,124,1080.0,2963.0,6.0,7.0,1,103,0,121
304,130,968.0,2974.0,6.0,9.0,1,91,0,107
304,156,886.0,2984.0,6.0,8.0,1,24,0,33
304,157,999.0,2975.0,8.0,9.0,0,29,1,33
305,0,1708.0,3108.0,15.0,8.0,0,251,1,306
305,32,1006.0,2978.0,6.0,7.0,1,198,0,230
305,38,730.0,2979.0,12.0,10.0,1,196,0,224
305,41,718.0,2987.0,13.0,6.0,1,186,0,221
305,42,779.0,2981.0,8.0,6.0,0,185,2,221
305,49,1106.0,2965.0,9.0,8.0,1,175,0,215
305,53,793.0,2980.0,9.0,10.0,1,182,0,212
305,61,682.0,2979.0,7.0,5.0,1,179,0,205
305,62,750.0,2982.0,9.0,6.0,1,178,0,205
305,63,915.0,2981.0,9.0,7.0,1,180,0,205
305,67,974.0,2975.0,6.0,7.0,1,166,0,200
305,68,994.0,2975.0,10.0,8.0,1,182,0,200
305,77,1038.0,2967.0,9.0,6.0,1,166,0,191
305,83,898.0,2979.0,9.0,8.0,1,160,0,182
305,84,1054.0,2967.0,8.0,5.0,1,150,0,182
305,91,1007.0,2965.0,12.0,7.0,1,152,0,172
305,92,1090.0,2963.0,8.0,7.0,1,142,0,170
305,104,817.0,2975.0,12.0,11.0,1,128,0,150
305,106,653.0,2973.0,15.0,10.0,1,123,0,150
305,123,858.0,2980.0,9.0,9.0,0,110,1,124
305,124,1075.0,2963.0,5.0,7.0,1,104,0,122
305,130,961.0,2976.0,7.0,8.0,1,92,0,108
305,156,878.0,2979.0,6.0,9.0,1,25,0,34
305,157,983.0,2975.0,9.0,9.0,1,30,0,34
306,0,1708.0,3108.0,15.0,8.0,0,251,2,307
306,32,999.0,2979.0,7.0,7.0,1,199,0,231
306,38,724.0,2978.0,13.0,10.0,1,197,0,225
306,41,718.0,2987.0,13.0,6.0,0,186,1,222
306,42,760.0,2981.0,10.0,8.0,1,186,0,222
306,49,1106.0,2965.0,9.0,8.0,0,175,1,216
306,53,786.0,2982.0,10.0,7.0,1,183,0,213
306,61,674.0,2979.0,8.0,5.0,1,180,0,206
306,62,743.0,2978.0,9.0,6.0,1,179,0,206
306,63,915.0,2981.0,9.0,7.0,0,180,1,206
306,67,955.0,2978.0,6.0,8.0,1,167,0,201
306,68,989.0,2971.0,9.0,8.0,1,183,0,201
306,77,1031.0,2967.0,10.0,6.0,1,167,0,192
306,83,891.0,2979.0,8.0,7.0,1,161,0,183
306,84,1045.0,2963.0,10.0,9.0,1,151,0,183
306,91,1002.0,2966.0,11.0,9.0,1,153,0,173
306,92,1087.0,2962.0,5.0,8.0,1,143,0,171
306,104,810.0,2978.0,13.0,11.0,1,129,0,151
306,106,653.0,2973.0,15.0,10.0,0,123,1,151
306,123,846.0,2982.0,8.0,7.0,1,111,0,125
306,124,1075.0,2963.0,5.0,7.0,0,104,1,123
306,130,935.0,2977.0,11.0,9.0,1,93,0,109
306,156,871.0,2979.0,8.0,8.0,1,26,0,35
306,157,979.0,2975.0,9.0,8.0,1,31,0,35
307,0,1708.0,3108.0,15.0,8.0,0,251,3,308
307,32,999.0,2979.0,7.0,7.0,0,199,1,232
307,38,718.0,2980.0,12.0,8.0,1,198,0,226
307,41,710.0,2982.0,6.0,10.0,1,187,0,223
307,42,755.0,2979.0,11.0,10.0,1,187,0,223
307,49,1106.0,2965.0,9.0,8.0,0,175,2,217
307,53,779.0,2982.0,9.0,6.0,1,184,0,214
307,61,670.0,2976.0,6.0,7.0,1,181,0,207
307,62,743.0,2978.0,9.0,6.0,0,179,1,207
307,63,915.0,2981.0,9.0,7.0,0,180,2,207
307,67,948.0,2978.0,7.0,7.0,1,168,0,202
307,68,982.0,2971.0,9.0,9.0,1,184,0,202
307,77,1027.0,2963.0,8.0,8.0,1,168,0,193
307,83,886.0,2980.0,9.0,10.0,1,162,0,184
307,84,1045.0,2963.0,10.0,9.0,0,151,1,184
307,91,998.0,2965.0,11.0,9.0,1,154,0,174
307,92,1087.0,2962.0,5.0,8.0,0,143,1,172
307,104,807.0,2979.0,9.0,10.0,1,130,0,152
307,106,644.0,2976.0,9.0,7.0,1,124,0,152
307,123,837.0,2977.0,11.0,10.0,1,112,0,126
307,124,1062.0,2965.0,9.0,7.0,1,105,0,124
307,130,931.0,2976.0,10.0,9.0,1,94,0,110
307,156,864.0,2983.0,8.0,7.0,1,27,0,36
307,157,974.0,2975.0,8.0,8.0,1,32,0,36
308,0,1704.0,3112.0,16.0,8.0,1,252,0,309
308,32,987.0,2975.0,7.0,10.0,1,200,0,233
308,38,718.0,2980.0,12.0,8.0,0,198,1,227
308,41,703.0,2982.0,6.0,12.0,1,188,0,224
308,42,755.0,2979.0,11.0,10.0,0,187,1,224
308,49,1092.0,2963.0,7.0,6.0,1,176,0,218
308,53,774.0,2980.0,10.0,7.0,1,185,0,215
308,61,662.0,2973.0,9.0,9.0,1,182,0,208
308,62,730.0,2980.0,9.0,8.0,1,180,0,208
308,63,899.0,2980.0,6.0,8.0,1,181,0,208
308,67,953.0,2977.0,10.0,7.0,1,169,0,203
308,68,982.0,2971.0,9.0,9.0,0,184,1,203
308,77,1019.0,2964.0,10.0,7.0,1,169,0,194
308,83,880.0,2982.0,9.0,7.0,1,163,0,185
308,84,1035.0,2966.0,10.0,8.0,1,152,0,185
308,91,992.0,2963.0,10.0,8.0,1,155,0,175
308,92,1072.0,2963.0,11.0,6.0,1,144,0,173
308,104,800.0,2978.0,10.0,7.0,1,131,0,153
308,106,638.0,2970.0,9.0,11.0,1,125,0,153
308,123,837.0,2977.0,11.0,10.0,0,112,1,127
308,124,1056.0,2963.0,8.0,6.0,1,106,0,125
308,130,931.0,2976.0,10.0,9.0,0,94,1,111
308,156,864.0,2983.0,8.0,7.0,0,27,1,37
308,157,967.0,2975.0,10.0,7.0,1,33,0,37
309,0,1704.0,3112.0,16.0,8.0,0,252,1,310
309,32,983.0,2978.0,6.0,8.0,1,201,0,234
309,38,703.0,2976.0,13.0,13.0,1,199,0,228
309,41,693.0,2986.0,11.0,8.0,1,189,0,225
309,42,743.0,2978.0,8.0,10.0,1,188,0,225
309,49,1086.0,2964.0,9.0,8.0,1,177,0,219
309,53,766.0,2978.0,10.0,9.0,1,186,0,216
309,61,657.0,2978.0,7.0,6.0,1,183,0,209
309,62,725.0,2980.0,9.0,8.0,1,181,0,209
309,63,892.0,2979.0,7.0,9.0,1,182,0,209
309,67,948.0,2975.0,7.0,8.0,1,170,0,204
309,68,972.0,2975.0,7.0,7.0,1,185,0,204
309,77,1014.0,2965.0,11.0,8.0,1,170,0,195
309,83,921.0,2977.0,8.0,8.0,1,164,0,186
309,84,1030.0,2964.0,11.0,7.0,1,153,0,186
309,91,989.0,2966.0,10.0,7.0,1,156,0,176
309,92,1072.0,2963.0,11.0,6.0,0,144,1,174
309,104,800.0,2978.0,10.0,7.0,0,131,1,154
309,106,631.0,2970.0,11.0,11.0,1,126,0,154
309,123,855.0,2979.0,6.0,9.0,1,113,0,128
309,124,1049.0,2962.0,11.0,6.0,1,107,0,126
309,130,935.0,2976.0,6.0,9.0,1,95,0,112
309,156,873.0,2979.0,8.0,8.0,1,28,0,38
309,157,959.0,2975.0,10.0,7.0,1,34,0,38
310,0,1700.0,3114.0,18.0,8.0,1,253,0,311
310,32,983.0,2978.0,6.0,8.0,0,201,1,235
310,38,696.0,2976.0,15.0,12.0,1,200,0,229
310,41,685.0,2985.0,13.0,6.0,1,190,0,226
310,42,734.0,2980.0,14.0,11.0,1,189,0,226
310,49,1077.0,2964.0,12.0,8.0,1,178,0,220
310,53,766.0,2978.0,10.0,9.0,0,186,1,217
310,61,657.0,2978.0,7.0,6.0,0,183,1,210
310,62,722.0,2979.0,6.0,8.0,1,182,0,210
310,63,869.0,2982.0,7.0,6.0,1,183,0,210
310,67,941.0,2977.0,8.0,7.0,1,171,0,205
310,68,965.0,2971.0,9.0,8.0,1,186,0,205
310,77,1009.0,2965.0,11.0,6.0,1,171,0,196
310,83,914.0,2979.0,9.0,9.0,1,165,0,187
310,84,1023.0,2964.0,10.0,8.0,1,154,0,187
310,91,981.0,2966.0,13.0,8.0,1,157,0,177
310,92,1061.0,2963.0,12.0,6.0,1,145,0,175
310,104,788.0,2978.0,11.0,6.0,1,132,0,155
310,106,624.0,2974.0,10.0,10.0,1,127,0,155
310,123,819.0,2980.0,10.0,7.0,1,114,0,129
310,124,1046.0,2964.0,8.0,5.0,1,108,0,127
310,130,930.0,2979.0,6.0,8.0,1,96,0,113
310,156,846.0,2982.0,10.0,6.0,1,29,0,39
310,157,959.0,2975.0,10.0,7.0,0,34,1,39
311,0,1703.0,3114.0,15.0,8.0,1,254,0,312
311,32,983.0,2978.0,6.0,8.0,0,201,2,236
311,38,689.0,2979.0,15.0,9.0,1,201,0,230
311,41,681.0,2983.0,8.0,8.0,1,191,0,227
311,42,731.0,2980.0,11.0,9.0,1,190,0,227
311,49,1074.0,2962.0,9.0,7.0,1,179,0,221
311,53,766.0,2978.0,10.0,9.0,0,186,2,218
311,61,642.0,2974.0,9.0,6.0,1,184,0,211
311,62,722.0,2979.0,6.0,8.0,0,182,1,211
311,63,863.0,2983.0,7.0,7.0,1,184,0,211
311,67,935.0,2979.0,9.0,8.0,1,172,0,206
311,68,958.0,2973.0,9.0,8.0,1,187,0,206
311,77,1006.0,2962.0,7.0,8.0,1,172,0,197
311,83,879.0,2977.0,8.0,8.0,1,166,0,188
311,84,1023.0,2964.0,10.0,8.0,0,154,1,188
311,91,976.0,2965.0,9.0,7.0,1,158,0,178
311,92,1057.0,2962.0,9.0,7.0,1,146,0,176
311,104,782.0,2978.0,11.0,7.0,1,133,0,156
311,106,622.0,2975.0,6.0,7.0,1,128,0,156
311,123,811.0,2976.0,11.0,9.0,1,115,0,130
311,124,1040.0,2965.0,8.0,7.0,1,109,0,128
311,130,930.0,2979.0,6.0,8.0,0,96,1,114
311,156,840.0,2982.0,8.0,10.0,1,30,0,40
311,157,949.0,2976.0,9.0,7.0,1,35,0,40
312,0,1704.0,3118.0,14.0,5.0,1,255,0,313
312,32,983.0,2978.0,6.0,8.0,0,201,3,237
312,38,684.0,2978.0,15.0,11.0,1,202,0,231
312,41,674.0,2983.0,10.0,6.0,1,192,0,228
312,42,731.0,2980.0,11.0,9.0,0,190,1,228
312,49,1070.0,2962.0,8.0,7.0,1,180,0,222
312,53,750.0,2978.0,10.0,7.0,1,187,0,219
312,61,642.0,2974.0,9.0,6.0,0,184,1,212
312,62,706.0,2982.0,9.0,6.0,1,183,0,212
312,63,859.0,2983.0,5.0,5.0,1,185,0,212
312,67,918.0,2975.0,7.0,9.0,1,173,0,207
312,68,958.0,2973.0,9.0,8.0,0,187,1,207
312,77,1006.0,2962.0,7.0,8.0,0,172,1,198
312,83,872.0,2981.0,9.0,7.0,1,167,0,189
312,84,1014.0,2964.0,9.0,7.0,1,155,0,189
312,91,970.0,2963.0,9.0,9.0,1,159,0,179
312,92,1050.0,2962.0,11.0,7.0,1,147,0,177
312,104,778.0,2976.0,6.0,9.0,1,134,0,157
312,106,614.0,2967.0,9.0,10.0,1,129,0,157
312,123,808.0,2979.0,8.0,8.0,1,116,0,131
312,124,1037.0,2964.0,6.0,5.0,1,110,0,129
312,130,900.0,2975.0,9.0,10.0,1,97,0,115
312,156,840.0,2982.0,8.0,10.0,0,30,1,41
312,157,949.0,2976.0,9.0,7.0,0,35,1,41
313,0,1699.0,3118.0,18.0,6.0,1,256,0,314
313,32,958.0,2976.0,6.0,11.0,1,202,0,238
313,38,675.0,2976.0,19.0,11.0,1,203,0,232
313,41,666.0,2985.0,12.0,8.0,1,193,0,229
313,42,721.0,2978.0,9.0,9.0,1,191,0,229
313,49,1063.0,2963.0,10.0,8.0,1,181,0,223
313,53,745.0,2978.0,8.0,7.0,1,188,0,220
313,61,642.0,2974.0,9.0,6.0,0,184,2,213
313,62,702.0,2983.0,7.0,5.0,1,184,0,213
313,63,850.0,2978.0,8.0,8.0,1,186,0,213
313,67,925.0,2976.0,5.0,8.0,1,174,0,208
313,68,947.0,2973.0,10.0,8.0,1,188,0,208
313,77,993.0,2964.0,9.0,9.0,1,173,0,199
313,83,866.0,2980.0,9.0,9.0,1,168,0,190
313,84,1009.0,2963.0,7.0,9.0,1,156,0,190
313,91,970.0,2963.0,9.0,9.0,0,159,1,180
313,92,1046.0,2963.0,9.0,6.0,1,148,0,178
313,104,771.0,2976.0,9.0,8.0,1,135,0,158
313,106,606.0,2969.0,9.0,11.0,1,130,0,158
313,123,802.0,2979.0,8.0,9.0,1,117,0,132
313,124,1029.0,2959.0,11.0,10.0,1,111,0,130
313,130,894.0,2976.0,11.0,11.0,1,98,0,116
313,156,840.0,2982.0,8.0,10.0,0,30,2,42
313,157,949.0,2976.0,9.0,7.0,0,35,2,42
314,0,1698.0,3120.0,14.0,6.0,1,257,0,315
314,32,953.0,2976.0,5.0,10.0,1,203,0,239
314,38,669.0,2975.0,19.0,11.0,1,204,0,233
314,41,666.0,2985.0,12.0,8.0,0,193,1,230
314,42,710.0,2980.0,12.0,9.0,1,192,0,230
314,49,1059.0,2963.0,8.0,9.0,1,182,0,224
314,53,738.0,2979.0,9.0,8.0,1,189,0,221
314,61,626.0,2976.0,9.0,6.0,1,185,0,214
314,62,694.0,2979.0,9.0,5.0,1,185,0,214
314,63,845.0,2981.0,7.0,9.0,1,187,0,214
314,67,902.0,2979.0,10.0,10.0,1,175,0,209
314,68,941.0,2967.0,9.0,12.0,1,189,0,209
314,77,991.0,2963.0,4.0,8.0,1,174,0,200
314,83,859.0,2976.0,9.0,11.0,1,169,0,191
314,84,1005.0,2965.0,8.0,8.0,1,157,0,191
314,91,960.0,2964.0,9.0,9.0,1,160,0,181
314,92,1041.0,2959.0,10.0,7.0,1,149,0,179
314,104,764.0,2976.0,11.0,9.0,1,136,0,159
314,106,600.0,2970.0,11.0,11.0,1,131,0,159
314,123,796.0,2979.0,8.0,5.0,1,118,0,133
314,124,1024.0,2964.0,8.0,4.0,1,112,0,131
314,130,887.0,2979.0,10.0,10.0,1,99,0,117
314,156,840.0,2982.0,8.0,10.0,0,30,3,43
314,157,931.0,2975.0,9.0,9.0,1,36,0,43
315,0,1698.0,3122.0,13.0,5.0,1,258,0,316
315,32,947.0,2975.0,5.0,9.0,1,204,0,240
315,38,663.0,2977.0,9.0,7.0,1,205,0,234
315,41,654.0,2980.0,10.0,8.0,1,194,0,231
315,42,707.0,2979.0,9.0,8.0,1,193,0,231
315,49,1059.0,2963.0,8.0,9.0,0,182,1,225
315,53,733.0,2978.0,8.0,8.0,1,190,0,222
315,61,626.0,2976.0,9.0,6.0,0,185,1,215
315,62,690.0,2982.0,7.0,5.0,1,186,0,215
315,63,839.0,2982.0,9.0,9.0,1,188,0,215
315,67,898.0,2978.0,9.0,9.0,1,176,0,210
315,68,934.0,2970.0,10.0,9.0,1,190,0,210
315,77,982.0,2959.0,10.0,10.0,1,175,0,201
315,83,854.0,2975.0,7.0,10.0,1,170,0,192
315,84,997.0,2965.0,9.0,8.0,1,158,0,192
315,91,960.0,2964.0,9.0,9.0,0,160,1,182
315,92,1035.0,2959.0,11.0,8.0,1,150,0,180
315,104,759.0,2977.0,9.0,8.0,1,137,0,160
315,106,594.0,2969.0,11.0,9.0,1,132,0,160
315,123,790.0,2979.0,8.0,5.0,1,119,0,134
315,124,1018.0,2962.0,9.0,10.0,1,113,0,132
315,130,881.0,2978.0,12.0,8.0,1,100,0,118
315,156,840.0,2982.0,8.0,10.0,0,30,4,44
315,157,910.0,2978.0,10.0,9.0,1,37,0,44
316,0,1695.0,3124.0,15.0,4.0,1,259,0,317
316,32,937.0,2973.0,7.0,6.0,1,205,0,241
316,38,656.0,2976.0,16.0,13.0,1,206,0,235
316,41,645.0,2982.0,13.0,8.0,1,195,0,232
316,42,702.0,2976.0,11.0,9.0,1,194,0,232
316,49,1048.0,2962.0,8.0,7.0,1,183,0,226
316,53,726.0,2977.0,10.0,8.0,1,191,0,223
316,61,610.0,2971.0,12.0,9.0,1,186,0,216
316,62,681.0,2982.0,8.0,7.0,1,187,0,216
316,63,830.0,2976.0,11.0,10.0,1,189,0,216
316,67,891.0,2975.0,10.0,10.0,1,177,0,211
316,68,929.0,2973.0,8.0,8.0,1,191,0,211
316,77,978.0,2962.0,7.0,11.0,1,176,0,202
316,83,851.0,2981.0,5.0,9.0,1,171,0,193
316,84,997.0,2965.0,9.0,8.0,0,158,1,193
316,91,946.0,2961.0,13.0,11.0,1,161,0,183
316,92,1031.0,2960.0,9.0,8.0,1,151,0,181
316,104,753.0,2974.0,10.0,9.0,1,138,0,161
316,106,591.0,2966.0,6.0,11.0,1,133,0,161
316,123,790.0,2979.0,8.0,5.0,0,119,1,135
316,124,1013.0,2964.0,9.0,7.0,1,114,0,133
316,130,873.0,2975.0,11.0,11.0,1,101,0,119
316,156,811.0,2978.0,7.0,10.0,1,31,0,45
316,157,904.0,2978.0,9.0,9.0,1,38,0,45
317,0,1695.0,3124.0,15.0,4.0,0,259,1,318
317,32,935.0,2978.0,5.0,8.0,1,206,0,242
317,38,648.0,2972.0,22.0,14.0,1,207,0,236
317,41,639.0,2983.0,10.0,8.0,1,196,0,233
317,42,696.0,2978.0,7.0,7.0,1,195,0,233
317,49,1042.0,2963.0,10.0,5.0,1,184,0,227
317,53,721.0,2977.0,9.0,8.0,1,192,0,224
317,61,606.0,2974.0,10.0,9.0,1,187,0,217
317,62,681.0,2982.0,8.0,7.0,0,187,1,217
317,63,824.0,2979.0,11.0,8.0,1,190,0,217
317,67,897.0,2975.0,10.0,8.0,1,178,0,212
317,68,925.0,2971.0,7.0,8.0,1,192,0,212
317,77,971.0,2962.0,9.0,11.0,1,177,0,203
317,83,851.0,2981.0,5.0,9.0,0,171,1,194
317,84,986.0,2961.0,9.0,9.0,1,159,0,194
317,91,942.0,2963.0,10.0,12.0,1,162,0,184
317,92,1025.0,2959.0,10.0,7.0,1,152,0,182
317,104,747.0,2975.0,10.0,9.0,1,139,0,162
317,106,583.0,2970.0,11.0,7.0,1,134,0,162
317,123,778.0,2979.0,10.0,5.0,1,120,0,136
317,124,1008.0,2958.0,9.0,12.0,1,115,0,134
317,130,886.0,2979.0,6.0,9.0,1,102,0,120
317,156,803.0,2980.0,9.0,7.0,1,32,0,46
317,157,913.0,2974.0,9.0,8.0,1,39,0,46
318,0,1693.0,3124.0,11.0,8.0,1,260,0,319
318,32,908.0,2975.0,10.0,10.0,1,207,0,243
318,38,641.0,2972.0,21.0,13.0,1,208,0,237
318,41,632.0,2982.0,12.0,6.0,1,197,0,234
318,42,688.0,2978.0,10.0,12.0,1,196,0,234
318,49,1037.0,2962.0,9.0,6.0,1,185,0,228
318,53,714.0,2978.0,7.0,7.0,1,193,0,225
318,61,606.0,2974.0,10.0,9.0,0,187,1,218
318,62,681.0,2982.0,8.0,7.0,0,187,2,218
318,63,817.0,2980.0,11.0,8.0,1,191,0,218
318,67,879.0,2979.0,8.0,10.0,1,179,0,213
318,68,917.0,2967.0,10.0,11.0,1,193,0,213
318,77,930.0,2976.0,5.0,9.0,1,178,0,204
318,83,836.0,2975.0,8.0,11.0,1,172,0,195
318,84,983.0,2963.0,7.0,9.0,1,160,0,195
318,91,939.0,2962.0,9.0,8.0,1,163,0,185
318,92,1021.0,2956.0,8.0,9.0,1,153,0,183
318,104,742.0,2975.0,10.0,10.0,1,140,0,163
318,106,577.0,2961.0,11.0,26.0,1,135,0,163
318,123,771.0,2977.0,10.0,6.0,1,121,0,137
318,124,966.0,2958.0,9.0,11.0,1,116,0,135
318,130,862.0,2978.0,12.0,13.0,1,103,0,121
318,156,798.0,2983.0,7.0,5.0,1,33,0,47
318,157,891.0,2975.0,10.0,9.0,1,40,0,47
319,0,1691.0,3126.0,13.0,7.0,1,261,0,320
319,32,908.0,2975.0,10.0,10.0,0,207,1,244
319,38,641.0,2972.0,21.0,13.0,0,208,1,238
319,41,629.0,2979.0,8.0,9.0,1,198,0,235
319,42,682.0,2978.0,9.0,10.0,1,197,0,235
319,49,1032.0,2961.0,9.0,7.0,1,186,0,229
319,53,706.0,2979.0,9.0,6.0,1,194,0,226
319,61,594.0,2971.0,11.0,7.0,1,188,0,219
319,62,662.0,2982.0,10.0,6.0,1,188,0,219
319,63,813.0,2979.0,9.0,6.0,1,192,0,219
319,67,872.0,2979.0,9.0,7.0,1,180,0,214
319,68,910.0,2968.0,10.0,13.0,1,194,0,214
319,77,959.0,2963.0,10.0,6.0,1,179,0,205
319,83,830.0,2976.0,8.0,10.0,1,173,0,196
319,84,999.0,2965.0,5.0,9.0,1,161,0,196
319,91,921.0,2971.0,9.0,13.0,1,164,0,186
319,92,1013.0,2959.0,11.0,6.0,1,154,0,184
319,104,736.0,2976.0,9.0,9.0,1,141,0,164
319,106,571.0,2968.0,10.0,9.0,1,136,0,164
319,123,765.0,2976.0,11.0,6.0,1,122,0,138
319,124,975.0,2964.0,10.0,8.0,1,117,0,136
319,130,858.0,2978.0,9.0,9.0,1,104,0,122
319,156,794.0,2983.0,7.0,4.0,1,34,0,48
319,157,884.0,2978.0,11.0,8.0,1,41,0,48
320,0,1689.0,3128.0,14.0,7.0,1,262,0,321
320,32,908.0,2975.0,10.0,10.0,0,207,2,245
320,38,640.0,2979.0,9.0,7.0,1,209,0,239
320,41,621.0,2974.0,16.0,14.0,1,199,0,236
320,42,678.0,2977.0,6.0,8.0,1,198,0,236
320,49,1027.0,2961.0,8.0,6.0,1,187,0,230
320,53,706.0,2979.0,9.0,6.0,0,194,1,227
320,61,588.0,2968.0,9.0,8.0,1,189,0,220
320,62,654.0,2981.0,10.0,7.0,1,189,0,220
320,63,806.0,2979.0,11.0,6.0,1,193,0,220
320,67,867.0,2976.0,8.0,9.0,1,181,0,215
320,68,905.0,2971.0,11.0,10.0,1,195,0,215
320,77,959.0,2963.0,10.0,6.0,0,179,1,206
320,83,824.0,2980.0,8.0,9.0,1,174,0,197
320,84,991.0,2963.0,9.0,6.0,1,162,0,197
320,91,918.0,2976.0,6.0,8.0,1,165,0,187
320,92,1010.0,2959.0,8.0,9.0,1,155,0,185
320,104,731.0,2972.0,8.0,11.0,1,142,0,165
320,106,565.0,2963.0,11.0,15.0,1,137,0,165
320,123,758.0,2977.0,10.0,7.0,1,123,0,139
320,124,971.0,2960.0,8.0,9.0,1,118,0,137
320,130,849.0,2975.0,11.0,11.0,1,105,0,123
320,156,785.0,2979.0,8.0,5.0,1,35,0,49
320,157,878.0,2977.0,12.0,10.0,1,42,0,49
321,0,1688.0,3129.0,14.0,7.0,1,263,0,322
321,32,890.0,2975.0,10.0,8.0,1,208,0,246
321,38,635.0,2979.0,9.0,5.0,1,210,0,240
321,41,614.0,2972.0,18.0,17.0,1,200,0,237
321,42,671.0,2977.0,7.0,8.0,1,199,0,237
321,49,1020.0,2962.0,9.0,6.0,1,188,0,231
321,53,706.0,2979.0,9.0,6.0,0,194,2,228
321,61,581.0,2971.0,11.0,9.0,1,190,0,221
321,62,647.0,2979.0,9.0,5.0,1,190,0,221
321,63,800.0,2981.0,10.0,6.0,1,194,0,221
321,67,863.0,2979.0,7.0,7.0,1,182,0,216
321,68,900.0,2967.0,11.0,10.0,1,196,0,216
321,77,922.0,2963.0,10.0,7.0,1,180,0,207
321,83,824.0,2980.0,8.0,9.0,0,174,1,198
321,84,951.0,2963.0,9.0,5.0,1,163,0,198
321,91,909.0,2975.0,8.0,9.0,1,166,0,188
321,92,1006.0,2959.0,7.0,5.0,1,156,0,186
321,104,723.0,2975.0,10.0,8.0,1,143,0,166
321,106,563.0,2969.0,7.0,7.0,1,138,0,166
321,123,752.0,2977.0,11.0,7.0,1,124,0,140
321,124,963.0,2959.0,9.0,9.0,1,119,0,138
321,130,842.0,2976.0,12.0,11.0,1,106,0,124
321,156,782.0,2979.0,6.0,5.0,1,36,0,50
321,157,878.0,2977.0,12.0,10.0,0,42,1,50
322,0,1688.0,3131.0,12.0,7.0,1,264,0,323
322,32,886.0,2975.0,9.0,9.0,1,209,0,247
322,38,628.0,2975.0,8.0,9.0,1,211,0,241
322,41,607.0,2972.0,18.0,16.0,1,201,0,238
322,42,671.0,2977.0,7.0,8.0,0,199,1,238
322,49,1000.0,2955.0,8.0,9.0,1,189,0,232
322,53,688.0,2978.0,8.0,4.0,1,195,0,229
322,61,575.0,2970.0,12.0,9.0,1,191,0,222
322,62,647.0,2979.0,9.0,5.0,0,190,1,222
322,63,794.0,2980.0,10.0,6.0,1,195,0,222
322,67,855.0,2980.0,8.0,9.0,1,183,0,217
322,68,894.0,2967.0,11.0,10.0,1,197,0,217
322,77,918.0,2962.0,7.0,7.0,1,181,0,208
322,83,811.0,2975.0,9.0,9.0,1,175,0,199
322,84,961.0,2963.0,7.0,10.0,1,164,0,199
322,91,906.0,2974.0,7.0,9.0,1,167,0,189
322,92,983.0,2965.0,8.0,6.0,1,157,0,187
322,104,718.0,2976.0,9.0,8.0,1,144,0,167
322,106,553.0,2969.0,12.0,8.0,1,139,0,167
322,123,750.0,2976.0,9.0,7.0,1,125,0,141
322,124,943.0,2959.0,11.0,9.0,1,120,0,139
322,130,838.0,2980.0,11.0,11.0,1,107,0,125
322,156,771.0,2981.0,10.0,7.0,1,37,0,51
322,157,878.0,2977.0,12.0,10.0,0,42,2,51
323,0,1685.0,3131.0,15.0,8.0,1,265,0,324
323,32,881.0,2974.0,9.0,10.0,1,210,0,248
323,38,622.0,2979.0,9.0,5.0,1,212,0,242
323,41,602.0,2974.0,17.0,10.0,1,202,0,239
323,42,658.0,2979.0,6.0,5.0,1,200,0,239
323,49,1012.0,2960.0,4.0,6.0,1,190,0,233
323,53,688.0,2978.0,8.0,4.0,0,195,1,230
323,61,570.0,2968.0,9.0,8.0,1,192,0,223
323,62,637.0,2979.0,9.0,8.0,1,191,0,223
323,63,790.0,2979.0,7.0,5.0,1,196,0,223
323,67,848.0,2979.0,9.0,7.0,1,184,0,218
323,68,894.0,2967.0,11.0,10.0,0,197,1,218
323,77,911.0,2961.0,11.0,8.0,1,182,0,209
323,83,804.0,2980.0,11.0,5.0,1,176,0,200
323,84,956.0,2963.0,8.0,8.0,1,165,0,200
323,91,899.0,2970.0,8.0,12.0,1,168,0,190
323,92,994.0,2956.0,9.0,7.0,1,158,0,188
323,104,710.0,2975.0,10.0,8.0,1,145,0,168
323,106,545.0,2964.0,14.0,11.0,1,140,0,168
323,123,743.0,2975.0,9.0,5.0,1,126,0,142
323,124,942.0,2962.0,6.0,9.0,1,121,0,140
323,130,838.0,2980.0,11.0,11.0,0,107,1,126
323,156,767.0,2980.0,9.0,4.0,1,38,0,52
323,157,861.0,2978.0,9.0,8.0,1,43,0,52
324,0,1684.0,3134.0,14.0,6.0,1,266,0,325
324,32,874.0,2971.0,10.0,13.0,1,211,0,249
324,38,616.0,2979.0,8.0,6.0,1,213,0,243
324,41,598.0,2972.0,14.0,17.0,1,203,0,240
324,42,658.0,2979.0,6.0,5.0,0,200,1,240
324,49,1007.0,2961.0,7.0,5.0,1,191,0,234
324,53,674.0,2974.0,11.0,7.0,1,196,0,231
324,61,564.0,2967.0,9.0,8.0,1,193,0,224
324,62,630.0,2980.0,7.0,6.0,1,192,0,224
324,63,785.0,2979.0,7.0,5.0,1,197,0,224
324,67,842.0,2976.0,10.0,9.0,1,185,0,219
324,68,894.0,2967.0,11.0,10.0,0,197,2,219
324,77,911.0,2961.0,11.0,8.0,0,182,1,210
324,83,804.0,2980.0,11.0,5.0,0,176,1,201
324,84,956.0,2963.0,8.0,8.0,0,165,1,201
324,91,895.0,2974.0,6.0,11.0,1,169,0,191
324,92,989.0,2958.0,10.0,6.0,1,159,0,189
324,104,710.0,2975.0,10.0,8.0,0,145,1,169
324,106,541.0,2963.0,11.0,11.0,1,141,0,169
324,123,743.0,2975.0,9.0,5.0,0,126,1,143
324,124,942.0,2962.0,6.0,9.0,0,121,1,141
324,130,824.0,2974.0,11.0,12.0,1,108,0,127
324,156,763.0,2976.0,5.0,8.0,1,39,0,53
324,157,854.0,2977.0,12.0,9.0,1,44,0,53
325,0,1684.0,3134.0,14.0,6.0,0,266,1,326
325,32,868.0,2973.0,10.0,10.0,1,212,0,250
325,38,611.0,2975.0,6.0,6.0,1,214,0,244
325,41,591.0,2971.0,13.0,16.0,1,204,0,241
325,42,658.0,2979.0,6.0,5.0,0,200,2,241
325,49,1003.0,2961.0,6.0,7.0,1,192,0,235
325,53,670.0,2975.0,10.0,6.0,1,197,0,232
325,61,563.0,2971.0,6.0,5.0,1,194,0,225
325,62,630.0,2980.0,7.0,6.0,0,192,1,225
325,63,778.0,2981.0,8.0,5.0,1,198,0,225
325,67,839.0,2981.0,5.0,5.0,1,186,0,220
325,68,900.0,2963.0,9.0,6.0,1,198,0,220
325,77,930.0,2958.0,6.0,12.0,1,183,0,211
325,83,795.0,2979.0,7.0,5.0,1,177,0,202
325,84,966.0,2963.0,8.0,5.0,1,166,0,202
325,91,886.0,2974.0,9.0,10.0,1,170,0,192
325,92,985.0,2955.0,7.0,9.0,1,160,0,190
325,104,710.0,2975.0,10.0,8.0,0,145,2,170
325,106,536.0,2968.0,10.0,9.0,1,142,0,170
325,123,730.0,2975.0,8.0,9.0,1,127,0,144
325,124,943.0,2959.0,9.0,9.0,1,122,0,142
325,130,818.0,2977.0,12.0,12.0,1,109,0,128
325,156,763.0,2976.0,5.0,8.0,0,39,1,54
325,157,851.0,2979.0,8.0,5.0,1,45,0,54
326,0,1681.0,3136.0,15.0,7.0,1,267,0,327
326,32,872.0,2967.0,10.0,10.0,1,213,0,251
326,38,603.0,2975.0,6.0,5.0,1,215,0,245
326,41,591.0,2971.0,13.0,16.0,0,204,1,242
326,42,638.0,2978.0,11.0,8.0,1,201,0,242
326,49,1003.0,2961.0,6.0,7.0,0,192,1,236
326,53,670.0,2975.0,10.0,6.0,0,197,1,233
326,61,554.0,2969.0,9.0,7.0,1,195,0,226
326,62,619.0,2979.0,7.0,5.0,1,193,0,226
326,63,778.0,2981.0,8.0,5.0,0,198,1,226
326,67,839.0,2981.0,5.0,5.0,0,186,1,221
326,68,895.0,2958.0,9.0,10.0,1,199,0,221
326,77,930.0,2958.0,6.0,12.0,0,183,1,212
326,83,787.0,2976.0,9.0,9.0,1,178,0,203
326,84,966.0,2963.0,8.0,5.0,0,166,1,203
326,91,879.0,2973.0,12.0,10.0,1,171,0,193
326,92,978.0,2953.0,10.0,11.0,1,161,0,191
326,104,691.0,2975.0,9.0,6.0,1,146,0,171
326,106,529.0,2965.0,11.0,9.0,1,143,0,171
326,123,725.0,2975.0,8.0,6.0,1,128,0,145
326,124,939.0,2963.0,9.0,7.0,1,123,0,143
326,130,811.0,2977.0,13.0,11.0,1,110,0,129
326,156,747.0,2979.0,12.0,5.0,1,40,0,55
326,157,851.0,2979.0,8.0,5.0,0,45,1,55
327,0,1681.0,3136.0,15.0,7.0,0,267,1,328
327,32,858.0,2975.0,6.0,8.0,1,214,0,252
327,38,599.0,2977.0,6.0,8.0,1,216,0,246
327,41,576.0,2972.0,17.0,8.0,1,205,0,243
327,42,634.0,2979.0,8.0,5.0,1,202,0,243
327,49,990.0,2954.0,7.0,11.0,1,193,0,237
327,53,657.0,2977.0,9.0,6.0,1,198,0,234
327,61,554.0,2969.0,9.0,7.0,0,195,1,227
327,62,611.0,2979.0,8.0,6.0,1,194,0,227
327,63,765.0,2977.0,9.0,6.0,1,199,0,227
327,67,823.0,2978.0,10.0,7.0,1,187,0,222
327,68,891.0,2963.0,8.0,7.0,1,200,0,222
327,77,917.0,2959.0,11.0,11.0,1,184,0,213
327,83,787.0,2976.0,9.0,9.0,0,178,1,204
327,84,958.0,2964.0,7.0,7.0,1,167,0,204
327,91,876.0,2973.0,8.0,9.0,1,172,0,194
327,92,974.0,2956.0,10.0,8.0,1,162,0,192
327,104,686.0,2974.0,9.0,5.0,1,147,0,172
327,106,529.0,2965.0,11.0,9.0,0,143,1,172
327,123,718.0,2974.0,8.0,8.0,1,129,0,146
327,124,939.0,2963.0,9.0,7.0,0,123,1,144
327,130,807.0,2976.0,11.0,9.0,1,111,0,130
327,156,741.0,2978.0,11.0,6.0,1,41,0,56
327,157,841.0,2978.0,7.0,8.0,1,46,0,56
328,0,1677.0,3139.0,16.0,6.0,1,268,0,329
328,32,853.0,2971.0,7.0,11.0,1,215,0,253
328,38,591.0,2975.0,9.0,9.0,1,217,0,247
328,41,576.0,2972.0,17.0,8.0,0,205,1,244
328,42,626.0,2974.0,7.0,10.0,1,203,0,244
328,49,983.0,2956.0,10.0,11.0,1,194,0,238
328,53,650.0,2976.0,11.0,5.0,1,199,0,235
328,61,541.0,2966.0,11.0,9.0,1,196,0,228
328,62,607.0,2979.0,5.0,4.0,1,195,0,228
328,63,765.0,2977.0,9.0,6.0,0,199,1,228
328,67,818.0,2976.0,9.0,9.0,1,188,0,223
328,68,884.0,2964.0,10.0,7.0,1,201,0,223
328,77,914.0,2959.0,9.0,10.0,1,185,0,214
328,83,776.0,2980.0,9.0,5.0,1,179,0,205
328,84,952.0,2959.0,6.0,10.0,1,168,0,205
328,91,871.0,2976.0,9.0,8.0,1,173,0,195
328,92,968.0,2956.0,10.0,8.0,1,163,0,193
328,104,679.0,2971.0,9.0,9.0,1,148,0,173
328,106,517.0,2960.0,13.0,13.0,1,144,0,173
328,123,710.0,2975.0,11.0,6.0,1,130,0,147
328,124,929.0,2959.0,10.0,7.0,1,124,0,145
328,130,801.0,2977.0,10.0,9.0,1,112,0,131
328,156,737.0,2976.0,8.0,7.0,1,42,0,57
328,157,832.0,2979.0,8.0,8.0,1,47,0,57
329,0,1677.0,3139.0,16.0,6.0,0,268,1,330
329,32,847.0,2974.0,9.0,7.0,1,216,0,254
329,38,586.0,2971.0,9.0,9.0,1,218,0,248
329,41,565.0,2967.0,15.0,17.0,1,206,0,245
329,42,626.0,2974.0,7.0,10.0,0,203,1,245
329,49,979.0,2958.0,9.0,10.0,1,195,0,239
329,53,644.0,2974.0,10.0,7.0,1,200,0,236
329,61,541.0,2966.0,11.0,9.0,0,196,1,229
329,62,599.0,2975.0,9.0,8.0,1,196,0,229
329,63,765.0,2977.0,9.0,6.0,0,199,2,229
329,67,811.0,2979.0,9.0,8.0,1,189,0,224
329,68,857.0,2964.0,9.0,11.0,1,202,0,224
329,77,910.0,2958.0,8.0,9.0,1,186,0,215
329,83,771.0,2979.0,9.0,5.0,1,180,0,206
329,84,879.0,2961.0,10.0,9.0,1,169,0,206
329,91,865.0,2974.0,9.0,10.0,1,174,0,196
329,92,965.0,2955.0,7.0,9.0,1,164,0,194
329,104,673.0,2972.0,11.0,8.0,1,149,0,174
329,106,514.0,2966.0,10.0,7.0,1,145,0,174
329,123,704.0,2975.0,11.0,6.0,1,131,0,148
329,124,922.0,2959.0,10.0,8.0,1,125,0,146
329,130,793.0,2979.0,14.0,10.0,1,113,0,132
329,156,731.0,2976.0,8.0,7.0,1,43,0,58
329,157,828.0,2978.0,8.0,6.0,1,48,0,58
330,0,1676.0,3139.0,16.0,8.0,1,269,0,331
330,32,840.0,2974.0,11.0,10.0,1,217,0,255
330,38,582.0,2974.0,6.0,7.0,1,219,0,249
330,41,558.0,2972.0,17.0,8.0,1,207,0,246
330,42,610.0,2978.0,11.0,7.0,1,204,0,246
330,49,978.0,2959.0,7.0,7.0,1,196,0,240
330,53,638.0,2975.0,11.0,8.0,1,201,0,237
330,61,531.0,2968.0,9.0,7.0,1,197,0,230
330,62,592.0,2977.0,10.0,7.0,1,197,0,230
330,63,765.0,2977.0,9.0,6.0,0,199,3,230
330,67,807.0,2979.0,7.0,9.0,1,190,0,225
330,68,851.0,2967.0,11.0,8.0,1,203,0,225
330,77,907.0,2963.0,6.0,6.0,1,187,0,216
330,83,767.0,2979.0,5.0,5.0,1,181,0,207
330,84,879.0,2961.0,10.0,9.0,0,169,1,207
330,91,865.0,2974.0,9.0,10.0,0,174,1,197
330,92,942.0,2962.0,6.0,11.0,1,165,0,195
330,104,666.0,2971.0,11.0,9.0,1,150,0,175
330,106,505.0,2964.0,16.0,9.0,1,146,0,175
330,123,698.0,2972.0,10.0,6.0,1,132,0,149
330,124,918.0,2959.0,11.0,9.0,1,126,0,147
330,130,793.0,2979.0,14.0,10.0,0,113,1,133
330,156,731.0,2976.0,8.0,7.0,0,43,1,59
330,157,821.0,2977.0,9.0,7.0,1,49,0,59
331,0,1676.0,3139.0,16.0,8.0,0,269,1,332
331,32,834.0,2974.0,11.0,8.0,1,218,0,256
331,38,582.0,2974.0,6.0,7.0,0,219,1,250
331,41,558.0,2972.0,17.0,8.0,0,207,1,247
331,42,606.0,2976.0,12.0,7.0,1,205,0,247
331,49,954.0,2955.0,10.0,8.0,1,197,0,241
331,53,638.0,2975.0,11.0,8.0,0,201,1,238
331,61,526.0,2966.0,9.0,7.0,1,198,0,231
331,62,587.0,2976.0,10.0,7.0,1,198,0,231
331,63,742.0,2976.0,8.0,7.0,1,200,0,231
331,67,799.0,2978.0,10.0,7.0,1,191,0,226
331,68,846.0,2968.0,10.0,7.0,1,204,0,226
331,77,947.0,3068.0,10.0,8.0,1,188,0,217
331,83,759.0,2979.0,10.0,5.0,1,182,0,208
331,84,898.0,2961.0,10.0,8.0,1,170,0,208
331,91,853.0,2975.0,12.0,6.0,1,175,0,198
331,92,934.0,2959.0,10.0,9.0,1,166,0,196
331,104,663.0,2970.0,9.0,6.0,1,151,0,176
331,106,502.0,2962.0,11.0,9.0,1,147,0,176
331,123,692.0,2972.0,10.0,6.0,1,133,0,150
331,124,915.0,2959.0,8.0,8.0,1,127,0,148
331,130,793.0,2979.0,14.0,10.0,0,113,2,134
331,156,719.0,2976.0,9.0,7.0,1,44,0,60
331,157,867.0,2960.0,11.0,11.0,1,50,0,60
332,0,1674.0,3142.0,14.0,6.0,1,270,0,333
332,32,807.0,2977.0,11.0,8.0,1,219,0,257
332,38,569.0,2974.0,8.0,7.0,1,220,0,251
332,41,558.0,2972.0,17.0,8.0,0,207,2,248
332,42,606.0,2976.0,12.0,7.0,0,205,1,248
332,49,954.0,2955.0,10.0,8.0,0,197,1,242
332,53,625.0,2974.0,9.0,8.0,1,202,0,239
332,61,519.0,2963.0,9.0,9.0,1,199,0,232
332,62,580.0,2972.0,8.0,8.0,1,199,0,232
332,63,734.0,2976.0,9.0,7.0,1,201,0,232
332,67,792.0,2978.0,11.0,7.0,1,192,0,227
332,68,846.0,2968.0,10.0,7.0,0,204,1,227
332,77,947.0,3068.0,10.0,8.0,0,188,1,218
332,83,751.0,2979.0,9.0,5.0,1,183,0,209
332,84,898.0,2961.0,10.0,8.0,0,170,1,209
332,91,853.0,2975.0,12.0,6.0,0,175,1,199
332,92,934.0,2959.0,10.0,9.0,0,166,1,197
332,104,655.0,2967.0,10.0,10.0,1,152,0,177
332,106,495.0,2962.0,12.0,10.0,1,148,0,177
332,123,692.0,2972.0,10.0,6.0,0,133,1,151
332,124,911.0,2960.0,9.0,6.0,1,128,0,149
332,130,777.0,2976.0,9.0,10.0,1,114,0,135
332,156,715.0,2975.0,5.0,5.0,1,45,0,61
332,157,861.0,2959.0,14.0,9.0,1,51,0,61
333,0,1673.0,3142.0,14.0,7.0,1,271,0,334
333,32,802.0,2978.0,9.0,6.0,1,220,0,258
333,38,562.0,2971.0,9.0,9.0,1,221,0,252
333,41,514.0,2966.0,9.0,7.0,1,208,0,249
333,42,597.0,2975.0,8.0,10.0,1,206,0,249
333,49,946.0,2955.0,7.0,6.0,1,198,0,243
333,53,617.0,2971.0,12.0,10.0,1,203,0,240
333,61,297.0,2923.0,7.0,7.0,1,200,0,233
333,62,579.0,2976.0,6.0,4.0,1,200,0,233
333,63,734.0,2976.0,9.0,7.0,0,201,1,233
333,67,786.0,2980.0,11.0,8.0,1,193,0,228
333,68,823.0,2974.0,12.0,8.0,1,205,0,228
333,77,947.0,3068.0,10.0,8.0,0,188,2,219
333,83,747.0,2975.0,9.0,8.0,1,184,0,210
333,84,838.0,2962.0,9.0,11.0,1,171,0,210
333,91,844.0,2974.0,7.0,11.0,1,176,0,200
333,92,929.0,2963.0,6.0,7.0,1,167,0,198
333,104,650.0,2969.0,9.0,7.0,1,153,0,178
333,106,491.0,2964.0,11.0,8.0,1,149,0,178
333,123,692.0,2972.0,10.0,6.0,0,133,2,152
333,124,887.0,2959.0,10.0,6.0,1,129,0,150
333,130,770.0,2978.0,9.0,10.0,1,115,0,136
333,156,707.0,2975.0,9.0,5.0,1,46,0,62
333,157,856.0,2957.0,11.0,11.0,1,52,0,62
334,0,1672.0,3143.0,15.0,7.0,1,272,0,335
334,32,802.0,2978.0,9.0,6.0,0,220,1,259
334,38,557.0,2974.0,8.0,8.0,1,222,0,253
334,41,535.0,2969.0,16.0,11.0,1,209,0,250
334,42,587.0,2975.0,13.0,8.0,1,207,0,250
334,49,938.0,2951.0,11.0,9.0,1,199,0,244
334,53,613.0,2974.0,12.0,7.0,1,204,0,241
334,61,297.0,2923.0,7.0,7.0,0,200,1,234
334,62,567.0,2975.0,11.0,9.0,1,201,0,234
334,63,588.0,3017.0,8.0,6.0,1,202,0,234
334,67,739.0,2975.0,9.0,7.0,1,194,0,229
334,68,818.0,2974.0,11.0,8.0,1,206,0,229
334,77,947.0,3068.0,10.0,8.0,0,188,3,220
334,83,723.0,2973.0,9.0,7.0,1,185,0,211
334,84,833.0,2966.0,10.0,11.0,1,172,0,211
334,91,839.0,2974.0,9.0,9.0,1,177,0,201
334,92,920.0,2962.0,10.0,7.0,1,168,0,199
334,104,643.0,2970.0,10.0,10.0,1,154,0,179
334,106,486.0,2963.0,10.0,6.0,1,150,0,179
334,123,675.0,2970.0,10.0,6.0,1,134,0,153
334,124,900.0,2958.0,9.0,10.0,1,130,0,151
334,130,764.0,2978.0,12.0,7.0,1,116,0,137
334,156,699.0,2976.0,10.0,5.0,1,47,0,63
334,157,848.0,2957.0,14.0,10.0,1,53,0,63
335,0,1670.0,3143.0,16.0,7.0,1,273,0,336
335,32,775.0,2977.0,10.0,7.0,1,221,0,260
335,38,551.0,2974.0,8.0,7.0,1,223,0,254
335,41,503.0,2963.0,10.0,7.0,1,210,0,251
335,42,582.0,2972.0,11.0,9.0,1,208,0,251
335,49,936.0,2954.0,9.0,6.0,1,200,0,245
335,53,606.0,2974.0,12.0,8.0,1,205,0,242
335,61,297.0,2923.0,7.0,7.0,0,200,2,235
335,62,530.0,2969.0,15.0,12.0,1,202,0,235
335,63,564.0,2975.0,8.0,5.0,1,203,0,235
335,67,731.0,2975.0,11.0,10.0,1,195,0,230
335,68,789.0,2978.0,11.0,7.0,1,207,0,230
335,77,947.0,3068.0,10.0,8.0,0,188,4,221
335,83,716.0,2974.0,9.0,6.0,1,186,0,212
335,84,814.0,2973.0,9.0,7.0,1,173,0,212
335,91,827.0,2966.0,11.0,9.0,1,178,0,202
335,92,919.0,2959.0,6.0,10.0,1,169,0,200
335,104,639.0,2967.0,9.0,10.0,1,155,0,180
335,106,482.0,2959.0,7.0,8.0,1,151,0,180
335,123,669.0,2967.0,9.0,9.0,1,135,0,154
335,124,893.0,2957.0,11.0,9.0,1,131,0,152
335,130,761.0,2975.0,8.0,9.0,1,117,0,138
335,156,695.0,2975.0,7.0,5.0,1,48,0,64
335,157,844.0,2957.0,15.0,12.0,1,54,0,64
336,0,1669.0,3143.0,16.0,8.0,1,274,0,337
336,32,775.0,2977.0,10.0,7.0,0,221,1,261
336,38,545.0,2971.0,9.0,8.0,1,224,0,255
336,41,497.0,2963.0,10.0,7.0,1,211,0,252
336,42,575.0,2972.0,12.0,9.0,1,209,0,252
336,49,936.0,2954.0,9.0,6.0,0,200,1,246
336,53,602.0,2970.0,10.0,11.0,1,206,0,243
336,61,297.0,2923.0,7.0,7.0,0,200,3,236
336,62,523.0,2967.0,17.0,15.0,1,203,0,236
336,63,555.0,2967.0,11.0,13.0,1,204,0,236
336,67,731.0,2975.0,11.0,10.0,0,195,1,231
336,68,783.0,2977.0,12.0,8.0,1,208,0,231
336,77,947.0,3068.0,10.0,8.0,0,188,5,222
336,83,716.0,2974.0,9.0,6.0,0,186,1,213
336,84,827.0,2979.0,10.0,8.0,1,174,0,213
336,91,823.0,2962.0,10.0,11.0,1,179,0,203
336,92,911.0,2958.0,13.0,11.0,1,170,0,201
336,104,630.0,2967.0,10.0,9.0,1,156,0,181
336,106,473.0,2962.0,12.0,6.0,1,152,0,181
336,123,665.0,2971.0,7.0,5.0,1,136,0,155
336,124,875.0,2958.0,5.0,8.0,1,132,0,153
336,130,761.0,2975.0,8.0,9.0,0,117,1,139
336,156,695.0,2975.0,7.0,5.0,0,48,1,65
336,157,839.0,2957.0,15.0,11.0,1,55,0,65
337,0,1668.0,3144.0,15.0,7.0,1,275,0,338
337,32,762.0,2979.0,10.0,5.0,1,222,0,262
337,38,550.0,2970.0,10.0,10.0,1,225,0,256
337,41,491.0,2963.0,12.0,8.0,1,212,0,253
337,42,568.0,2974.0,12.0,10.0,1,210,0,253
337,49,926.0,2954.0,9.0,7.0,1,201,0,247
337,53,602.0,2970.0,10.0,11.0,0,206,1,244
337,61,297.0,2923.0,7.0,7.0,0,200,4,237
337,62,520.0,2964.0,14.0,14.0,1,204,0,237
337,63,538.0,2968.0,9.0,8.0,1,205,0,237
337,67,745.0,2978.0,12.0,8.0,1,196,0,232
337,68,803.0,2974.0,11.0,7.0,1,209,0,232
337,77,947.0,3068.0,10.0,8.0,0,188,6,223
337,83,723.0,2971.0,8.0,9.0,1,187,0,214
337,84,822.0,2975.0,8.0,9.0,1,175,0,214
337,91,818.0,2962.0,10.0,11.0,1,180,0,204
337,92,946.0,2958.0,5.0,8.0,1,171,0,202
337,104,624.0,2966.0,10.0,9.0,1,157,0,182
337,106,471.0,2962.0,8.0,6.0,1,153,0,182
337,123,665.0,2971.0,7.0,5.0,0,136,1,156
337,124,883.0,2957.0,11.0,10.0,1,133,0,154
337,130,776.0,2975.0,12.0,7.0,1,118,0,140
337,156,704.0,2974.0,11.0,7.0,1,49,0,66
337,157,869.0,2958.0,8.0,6.0,1,56,0,66
338,0,1668.0,3144.0,15.0,7.0,1,276,0,339
338,32,739.0,2975.0,12.0,8.0,1,223,0,263
338,38,534.0,2971.0,7.0,9.0,1,226,0,257
338,41,486.0,2963.0,10.0,8.0,1,213,0,254
338,42,563.0,2973.0,13.0,13.0,1,211,0,254
338,49,921.0,2952.0,10.0,9.0,1,202,0,248
338,53,589.0,2972.0,11.0,10.0,1,207,0,245
338,61,297.0,2923.0,7.0,7.0,0,200,5,238
338,62,515.0,2967.0,14.0,10.0,1,205,0,238
338,63,538.0,2968.0,9.0,8.0,0,205,1,238
338,67,715.0,2975.0,9.0,6.0,1,197,0,233
338,68,770.0,2975.0,12.0,8.0,1,210,0,233
338,77,947.0,3068.0,10.0,8.0,0,188,7,224
338,83,699.0,2970.0,10.0,9.0,1,188,0,215
338,84,798.0,2972.0,12.0,9.0,1,176,0,215
338,91,830.0,2959.0,13.0,9.0,1,181,0,205
338,92,941.0,2955.0,6.0,10.0,1,172,0,203
338,104,619.0,2967.0,10.0,10.0,1,158,0,183
338,106,464.0,2960.0,11.0,8.0,1,154,0,183
338,123,653.0,2969.0,8.0,8.0,1,137,0,157
338,124,879.0,2957.0,9.0,8.0,1,134,0,155
338,130,758.0,2979.0,8.0,5.0,1,119,0,141
338,156,676.0,2974.0,9.0,10.0,1,50,0,67
338,157,869.0,2958.0,8.0,6.0,0,56,1,67
339,0,1668.0,3144.0,15.0,7.0,0,276,1,340
339,32,731.0,2972.0,13.0,11.0,1,224,0,264
339,38,538.0,2968.0,12.0,8.0,1,227,0,258
339,41,484.0,2963.0,8.0,5.0,1,214,0,255
339,42,547.0,3019.0,11.0,7.0,1,212,0,255
339,49,896.0,2958.0,11.0,9.0,1,203,0,249
339,53,584.0,2972.0,10.0,8.0,1,208,0,246
339,61,297.0,2923.0,7.0,7.0,0,200,6,239
339,62,527.0,2971.0,9.0,8.0,1,206,0,239
339,63,538.0,2968.0,9.0,8.0,0,205,2,239
339,67,707.0,2976.0,11.0,8.0,1,198,0,234
339,68,792.0,2970.0,10.0,9.0,1,211,0,234
339,77,809.0,2979.0,11.0,6.0,1,189,0,225
339,83,692.0,2972.0,10.0,8.0,1,189,0,216
339,84,808.0,2963.0,12.0,11.0,1,177,0,216
339,91,825.0,2958.0,14.0,11.0,1,182,0,206
339,92,915.0,2955.0,11.0,7.0,1,173,0,204
339,104,615.0,2967.0,9.0,9.0,1,159,0,184
339,106,459.0,2958.0,10.0,11.0,1,155,0,184
339,123,643.0,2964.0,13.0,12.0,1,138,0,158
339,124,874.0,2954.0,11.0,10.0,1,135,0,156
339,130,765.0,2977.0,11.0,7.0,1,120,0,142
339,156,673.0,2974.0,5.0,10.0,1,51,0,68
339,157,858.0,2958.0,11.0,7.0,1,57,0,68
340,0,1667.0,3145.0,17.0,7.0,1,277,0,341
340,32,727.0,2975.0,12.0,9.0,1,225,0,265
340,38,523.0,2967.0,8.0,10.0,1,228,0,259
340,41,484.0,2963.0,8.0,5.0,0,214,1,256
340,42,547.0,3019.0,11.0,7.0,0,212,1,256
340,49,912.0,2957.0,10.0,6.0,1,204,0,250
340,53,551.0,2971.0,12.0,10.0,1,209,0,247
340,61,297.0,2923.0,7.0,7.0,0,200,7,240
340,62,504.0,2967.0,12.0,13.0,1,207,0,240
340,63,479.0,2963.0,6.0,6.0,1,206,0,240
340,67,703.0,2975.0,9.0,6.0,1,199,0,235
340,68,747.0,2978.0,6.0,4.0,1,212,0,235
340,77,804.0,2978.0,11.0,8.0,1,190,0,226
340,83,686.0,2972.0,10.0,10.0,1,190,0,217
340,84,787.0,2970.0,9.0,8.0,1,178,0,217
340,91,820.0,2954.0,12.0,12.0,1,183,0,207
340,92,927.0,2951.0,13.0,10.0,1,174,0,205
340,104,607.0,2963.0,13.0,11.0,1,160,0,185
340,106,450.0,2958.0,11.0,8.0,1,156,0,185
340,123,641.0,2967.0,8.0,9.0,1,139,0,159
340,124,870.0,2956.0,10.0,8.0,1,136,0,157
340,130,761.0,2977.0,9.0,6.0,1,121,0,143
340,156,673.0,2974.0,5.0,10.0,0,51,1,69
340,157,853.0,2958.0,9.0,7.0,1,58,0,69
341,0,1667.0,3145.0,17.0,7.0,0,277,1,342
341,32,720.0,2975.0,13.0,10.0,1,226,0,266
341,38,515.0,2967.0,10.0,9.0,1,229,0,260
341,41,471.0,2963.0,9.0,5.0,1,215,0,257
341,42,547.0,3019.0,11.0,7.0,0,212,2,257
341,49,907.0,2955.0,10.0,6.0,1,205,0,251
341,53,528.0,2970.0,9.0,6.0,1,210,0,248
341,61,297.0,2923.0,7.0,7.0,0,200,8,241
341,62,499.0,2965.0,9.0,13.0,1,208,0,241
341,63,479.0,2963.0,6.0,6.0,0,206,1,241
341,67,696.0,2971.0,10.0,8.0,1,200,0,236
341,68,738.0,2978.0,10.0,7.0,1,213,0,236
341,77,848.0,2959.0,9.0,7.0,1,191,0,227
341,83,681.0,2971.0,9.0,5.0,1,191,0,218
341,84,797.0,2960.0,13.0,10.0,1,179,0,218
341,91,813.0,2955.0,13.0,9.0,1,184,0,208
341,92,926.0,2955.0,8.0,9.0,1,175,0,206
341,104,602.0,2966.0,11.0,7.0,1,161,0,186
341,106,446.0,2959.0,12.0,10.0,1,157,0,186
341,123,630.0,2967.0,13.0,9.0,1,140,0,160
341,124,886.0,2959.0,12.0,8.0,1,137,0,158
341,130,780.0,2972.0,11.0,9.0,1,122,0,144
341,156,662.0,2972.0,5.0,6.0,1,52,0,70
341,157,865.0,2957.0,10.0,9.0,1,59,0,70
342,0,1666.0,3145.0,16.0,7.0,1,278,0,343
342,32,720.0,2975.0,13.0,10.0,0,226,1,267
342,38,511.0,2967.0,8.0,12.0,1,230,0,261
342,41,466.0,2962.0,10.0,6.0,1,216,0,258
342,42,547.0,3019.0,11.0,7.0,0,212,3,258
342,49,903.0,2954.0,9.0,6.0,1,206,0,252
342,53,540.0,2971.0,10.0,7.0,1,211,0,249
342,61,297.0,2923.0,7.0,7.0,0,200,9,242
342,62,494.0,2967.0,10.0,9.0,1,209,0,242
342,63,443.0,2958.0,10.0,7.0,1,207,0,242
342,67,696.0,2971.0,10.0,8.0,0,200,1,237
342,68,734.0,2975.0,7.0,6.0,1,214,0,237
342,77,792.0,2975.0,12.0,10.0,1,192,0,228
342,83,674.0,2969.0,9.0,7.0,1,192,0,219
342,84,793.0,2962.0,12.0,11.0,1,180,0,219
342,91,808.0,2956.0,15.0,13.0,1,185,0,209
342,92,920.0,2955.0,9.0,9.0,1,176,0,207
342,104,565.0,2971.0,12.0,8.0,1,162,0,187
342,106,446.0,2959.0,12.0,10.0,0,157,1,187
342,123,629.0,2967.0,8.0,10.0,1,141,0,161
342,124,883.0,2959.0,10.0,8.0,1,138,0,159
342,130,777.0,2971.0,8.0,9.0,1,123,0,145
342,156,655.0,2972.0,6.0,9.0,1,53,0,71
342,157,861.0,2957.0,8.0,7.0,1,60,0,71
343,0,1667.0,3145.0,15.0,7.0,1,279,0,344
343,32,708.0,2972.0,13.0,11.0,1,227,0,268
343,38,507.0,2965.0,6.0,11.0,1,231,0,262
343,41,463.0,2960.0,9.0,8.0,1,217,0,259
343,42,547.0,3019.0,11.0,7.0,0,212,4,259
343,49,897.0,2956.0,11.0,6.0,1,207,0,253
343,53,535.0,2966.0,10.0,11.0,1,212,0,250
343,61,297.0,2923.0,7.0,7.0,0,200,10,243
343,62,487.0,2965.0,11.0,12.0,1,210,0,243
343,63,443.0,2958.0,10.0,7.0,0,207,1,243
343,67,687.0,2974.0,9.0,8.0,1,201,0,238
343,68,728.0,2972.0,7.0,9.0,1,215,0,238
343,77,788.0,2978.0,11.0,11.0,1,193,0,229
343,83,674.0,2969.0,9.0,7.0,0,192,1,220
343,84,789.0,2962.0,13.0,10.0,1,181,0,220
343,91,804.0,2958.0,15.0,9.0,1,186,0,210
343,92,917.0,2955.0,10.0,7.0,1,177,0,208
343,104,559.0,2970.0,10.0,7.0,1,163,0,188
343,106,438.0,2955.0,8.0,10.0,1,158,0,188
343,123,623.0,2965.0,9.0,10.0,1,142,0,162
343,124,883.0,2959.0,10.0,8.0,0,138,1,160
343,130,744.0,2977.0,6.0,7.0,1,124,0,146
343,156,646.0,2971.0,9.0,5.0,1,54,0,72
343,157,838.0,2955.0,11.0,10.0,1,61,0,72
344,0,1667.0,3145.0,15.0,7.0,0,279,1,345
344,32,708.0,2972.0,13.0,11.0,0,227,1,269
344,38,513.0,2967.0,9.0,6.0,1,232,0,263
344,41,428.0,3024.0,13.0,12.0,1,218,0,260
344,42,547.0,3019.0,11.0,7.0,0,212,5,260
344,49,894.0,2957.0,10.0,7.0,1,208,0,254
344,53,531.0,2971.0,7.0,8.0,1,213,0,251
344,61,297.0,2923.0,7.0,7.0,0,200,11,244
344,62,487.0,2965.0,11.0,12.0,0,210,1,244
344,63,443.0,2958.0,10.0,7.0,0,207,2,244
344,67,681.0,2973.0,7.0,7.0,1,202,0,239
344,68,724.0,2976.0,5.0,7.0,1,216,0,239
344,77,832.0,2955.0,11.0,8.0,1,194,0,230
344,83,664.0,2971.0,8.0,8.0,1,193,0,221
344,84,786.0,2958.0,11.0,9.0,1,182,0,221
344,91,801.0,2952.0,16.0,12.0,1,187,0,211
344,92,914.0,2953.0,7.0,9.0,1,178,0,209
344,104,553.0,2967.0,10.0,9.0,1,164,0,189
344,106,432.0,2958.0,8.0,7.0,1,159,0,189
344,123,623.0,2965.0,9.0,10.0,0,142,1,163
344,124,875.0,2959.0,10.0,5.0,1,139,0,161
344,130,783.0,2977.0,9.0,10.0,1,125,0,147
344,156,640.0,2967.0,9.0,9.0,1,55,0,73
344,157,851.0,2957.0,9.0,6.0,1,62,0,73
345,0,1666.0,3144.0,17.0,8.0,1,280,0,346
345,32,694.0,2973.0,14.0,10.0,1,228,0,270
345,38,506.0,2967.0,7.0,10.0,1,233,0,264
345,41,428.0,3024.0,13.0,12.0,0,218,1,261
345,42,578.0,2966.0,10.0,7.0,1,213,0,261
345,49,847.0,2957.0,8.0,11.0,1,209,0,255
345,53,522.0,2970.0,11.0,12.0,1,214,0,252
345,61,297.0,2923.0,7.0,7.0,0,200,12,245
345,62,479.0,2963.0,8.0,12.0,1,211,0,245
345,63,443.0,2958.0,10.0,7.0,0,207,3,245
345,67,674.0,2968.0,8.0,10.0,1,203,0,240
345,68,715.0,2975.0,9.0,9.0,1,217,0,240
345,77,779.0,2975.0,10.0,10.0,1,195,0,231
345,83,658.0,2967.0,7.0,9.0,1,194,0,222
345,84,729.0,2969.0,11.0,11.0,1,183,0,222
345,91,794.0,2955.0,16.0,11.0,1,188,0,212
345,92,890.0,2955.0,8.0,6.0,1,179,0,210
345,104,550.0,2970.0,9.0,7.0,1,165,0,190
345,106,448.0,2959.0,10.0,10.0,1,160,0,190
345,123,611.0,2965.0,8.0,11.0,1,143,0,164
345,124,870.0,2959.0,11.0,6.0,1,140,0,162
345,130,762.0,2971.0,10.0,9.0,1,126,0,148
345,156,638.0,2971.0,5.0,7.0,1,56,0,74
345,157,827.0,2958.0,10.0,11.0,1,63,0,74
346,0,1666.0,3144.0,17.0,8.0,0,280,1,347
346,32,689.0,2971.0,11.0,9.0,1,229,0,271
346,38,502.0,2967.0,6.0,5.0,1,234,0,265
346,41,423.0,2958.0,10.0,8.0,1,219,0,262
346,42,575.0,2967.0,7.0,6.0,1,214,0,262
346,49,840.0,2956.0,10.0,9.0,1,210,0,256
346,53,488.0,2967.0,10.0,10.0,1,215,0,253
346,61,297.0,2923.0,7.0,7.0,0,200,13,246
346,62,470.0,2963.0,11.0,10.0,1,212,0,246
346,63,443.0,2958.0,10.0,7.0,0,207,4,246
346,67,666.0,2971.0,10.0,9.0,1,204,0,241
346,68,711.0,2975.0,5.0,9.0,1,218,0,241
346,77,775.0,2961.0,13.0,11.0,1,196,0,232
346,83,652.0,2968.0,7.0,7.0,1,195,0,223
346,84,724.0,2974.0,11.0,7.0,1,184,0,223
346,91,794.0,2955.0,16.0,11.0,0,188,1,213
346,92,903.0,2955.0,9.0,10.0,1,180,0,211
346,104,541.0,2970.0,13.0,7.0,1,166,0,191
346,106,444.0,2959.0,9.0,8.0,1,161,0,191
346,123,605.0,2966.0,9.0,8.0,1,144,0,165
346,124,883.0,2954.0,12.0,7.0,1,141,0,163
346,130,762.0,2971.0,10.0,9.0,0,126,1,149
346,156,628.0,2970.0,10.0,8.0,1,57,0,75
346,157,827.0,2958.0,10.0,11.0,0,63,1,75
347,0,1666.0,3143.0,15.0,8.0,1,281,0,348
347,32,683.0,2969.0,12.0,11.0,1,230,0,272
347,38,512.0,2963.0,9.0,13.0,1,235,0,266
347,41,417.0,2955.0,8.0,10.0,1,220,0,263
347,42,568.0,2964.0,9.0,8.0,1,215,0,263
347,49,837.0,2955.0,11.0,8.0,1,211,0,257
347,53,494.0,2961.0,9.0,9.0,1,216,0,254
347,61,297.0,2923.0,7.0,7.0,0,200,14,247
347,62,466.0,2963.0,12.0,11.0,1,213,0,247
347,63,443.0,2958.0,10.0,7.0,0,207,5,247
347,67,661.0,2971.0,10.0,9.0,1,205,0,242
347,68,703.0,2970.0,10.0,10.0,1,219,0,242
347,77,752.0,2966.0,8.0,11.0,1,197,0,233
347,83,652.0,2968.0,7.0,7.0,0,195,1,224
347,84,717.0,2974.0,12.0,8.0,1,185,0,224
347,91,773.0,2961.0,12.0,10.0,1,189,0,214
347,92,881.0,2956.0,8.0,7.0,1,181,0,212
347,104,538.0,2967.0,7.0,8.0,1,167,0,192
347,106,442.0,2958.0,7.0,7.0,1,162,0,192
347,123,605.0,2966.0,9.0,8.0,0,144,1,166
347,124,863.0,2958.0,5.0,6.0,1,142,0,164
347,130,767.0,2978.0,10.0,10.0,1,127,0,150
347,156,623.0,2967.0,9.0,9.0,1,58,0,76
347,157,817.0,2954.0,10.0,11.0,1,64,0,76
348,0,1667.0,3143.0,14.0,7.0,1,282,0,349
348,32,680.0,2975.0,10.0,7.0,1,231,0,273
348,38,509.0,2971.0,7.0,6.0,1,236,0,267
348,41,479.0,2966.0,8.0,6.0,1,221,0,264
348,42,562.0,2963.0,9.0,9.0,1,216,0,264
348,49,836.0,2957.0,7.0,8.0,1,212,0,258
348,53,490.0,2967.0,8.0,5.0,1,217,0,255
348,61,297.0,2923.0,7.0,7.0,0,200,15,248
348,62,463.0,2961.0,7.0,11.0,1,214,0,248
348,63,410.0,2959.0,10.0,5.0,1,208,0,248
348,67,659.0,2971.0,5.0,5.0,1,206,0,243
348,68,698.0,2974.0,7.0,11.0,1,220,0,243
348,77,767.0,2957.0,12.0,10.0,1,198,0,234
348,83,639.0,2968.0,9.0,8.0,1,196,0,225
348,84,746.0,2970.0,6.0,7.0,1,186,0,225
348,91,782.0,2951.0,13.0,11.0,1,190,0,215
348,92,875.0,2957.0,10.0,7.0,1,182,0,213
348,104,530.0,2965.0,10.0,9.0,1,168,0,193
348,106,436.0,2958.0,8.0,6.0,1,163,0,193
348,123,593.0,2967.0,11.0,8.0,1,145,0,167
348,124,855.0,2955.0,10.0,10.0,1,143,0,165
348,130,765.0,2975.0,7.0,11.0,1,128,0,151
348,156,616.0,2967.0,10.0,8.0,1,59,0,77
348,157,815.0,2959.0,9.0,6.0,1,65,0,77
349,0,1668.0,3142.0,12.0,7.0,1,283,0,350
349,32,674.0,2973.0,9.0,8.0,1,232,0,274
349,38,504.0,2968.0,7.0,9.0,1,237,0,268
349,41,471.0,2966.0,11.0,7.0,1,222,0,265
349,42,558.0,2964.0,7.0,8.0,1,217,0,265
349,49,836.0,2957.0,7.0,8.0,0,212,1,259
349,53,487.0,2966.0,5.0,6.0,1,218,0,256
349,61,297.0,2923.0,7.0,7.0,0,200,16,249
349,62,456.0,2961.0,9.0,9.0,1,215,0,249
349,63,406.0,2957.0,7.0,8.0,1,209,0,249
349,67,650.0,2967.0,9.0,9.0,1,207,0,244
349,68,690.0,2975.0,9.0,9.0,1,221,0,244
349,77,762.0,2958.0,14.0,9.0,1,199,0,235
349,83,632.0,2967.0,9.0,7.0,1,197,0,226
349,84,742.0,2971.0,6.0,5.0,1,187,0,226
349,91,779.0,2955.0,11.0,9.0,1,191,0,216
349,92,871.0,2957.0,9.0,6.0,1,183,0,214
349,104,524.0,2967.0,14.0,10.0,1,169,0,194
349,106,429.0,2958.0,10.0,7.0,1,164,0,194
349,123,593.0,2967.0,11.0,8.0,0,145,1,168
349,124,850.0,2959.0,11.0,6.0,1,144,0,166
349,130,755.0,2975.0,10.0,9.0,1,129,0,152
349,156,616.0,2967.0,10.0,8.0,0,59,1,78
349,157,808.0,2957.0,11.0,8.0,1,66,0,78
350,0,1668.0,3142.0,17.0,10.0,1,284,0,351
350,32,674.0,2973.0,9.0,8.0,0,232,1,275
350,38,496.0,2962.0,10.0,12.0,1,238,0,269
350,41,466.0,2967.0,13.0,6.0,1,223,0,266
350,42,558.0,2964.0,7.0,8.0,0,217,1,266
350,49,836.0,2957.0,7.0,8.0,0,212,2,260
350,53,487.0,2966.0,5.0,6.0,0,218,1,257
350,61,297.0,2923.0,7.0,7.0,0,200,17,250
350,62,451.0,2961.0,10.0,10.0,1,216,0,250
350,63,403.0,2955.0,10.0,7.0,1,210,0,250
350,67,647.0,2971.0,6.0,9.0,1,208,0,245
350,68,702.0,2971.0,11.0,10.0,1,222,0,245
350,77,761.0,2959.0,11.0,9.0,1,200,0,236
350,83,626.0,2968.0,9.0,6.0,1,198,0,227
350,84,742.0,2971.0,6.0,5.0,0,187,1,227
350,91,776.0,2956.0,10.0,9.0,1,192,0,217
350,92,865.0,2955.0,10.0,8.0,1,184,0,215
350,104,524.0,2967.0,14.0,10.0,0,169,1,195
350,106,429.0,2958.0,10.0,7.0,0,164,1,195
350,123,582.0,2964.0,9.0,9.0,1,146,0,169
350,124,846.0,2956.0,10.0,9.0,1,145,0,167
350,130,750.0,2979.0,11.0,6.0,1,130,0,153
350,156,607.0,2969.0,9.0,7.0,1,60,0,79
350,157,803.0,2954.0,10.0,8.0,1,67,0,79
350,190,885.0,2957.0,11.0,8.0,1,3,0,3
351,0,1668.0,3141.0,15.0,10.0,1,285,0,352
351,32,678.0,2968.0,9.0,13.0,1,233,0,276
351,38,496.0,2962.0,10.0,12.0,0,238,1,270
351,41,461.0,2966.0,11.0,7.0,1,224,0,267
351,42,545.0,2960.0,9.0,11.0,1,218,0,267
351,49,817.0,2955.0,12.0,7.0,1,213,0,261
351,53,487.0,2966.0,5.0,6.0,0,218,2,258
351,61,297.0,2923.0,7.0,7.0,0,200,18,251
351,62,447.0,2961.0,9.0,12.0,1,217,0,251
351,63,394.0,2952.0,14.0,8.0,1,211,0,251
351,67,639.0,2971.0,8.0,7.0,1,209,0,246
351,68,695.0,2971.0,11.0,9.0,1,223,0,246
351,77,756.0,2958.0,12.0,8.0,1,201,0,237
351,83,626.0,2968.0,9.0,6.0,0,198,1,228
351,84,742.0,2971.0,6.0,5.0,0,187,2,228
351,91,769.0,2950.0,14.0,12.0,1,193,0,218
351,92,865.0,2955.0,10.0,8.0,0,184,1,216
351,104,513.0,2962.0,12.0,11.0,1,170,0,196
351,106,420.0,2958.0,7.0,6.0,1,165,0,196
351,123,582.0,2964.0,9.0,9.0,0,146,1,170
351,124,842.0,2956.0,10.0,8.0,1,146,0,168
351,130,747.0,2979.0,9.0,5.0,1,131,0,154
351,156,602.0,2967.0,6.0,6.0,1,61,0,80
351,157,799.0,2950.0,10.0,12.0,1,68,0,80
351,190,880.0,2956.0,11.0,5.0,1,4,0,4
352,0,1668.0,3141.0,15.0,10.0,0,285,1,353
352,32,674.0,2971.0,8.0,12.0,1,234,0,277
352,38,486.0,2967.0,8.0,10.0,1,239,0,271
352,41,455.0,2966.0,9.0,6.0,1,225,0,268
352,42,540.0,2961.0,7.0,8.0,1,219,0,268
352,49,813.0,2955.0,11.0,9.0,1,214,0,262
352,53,470.0,2964.0,6.0,8.0,1,219,0,259
352,61,297.0,2923.0,7.0,7.0,0,200,19,252
352,62,442.0,2958.0,7.0,11.0,1,218,0,252
352,63,386.0,2955.0,14.0,6.0,1,212,0,252
352,67,654.0,2970.0,13.0,11.0,1,210,0,247
352,68,688.0,2967.0,14.0,10.0,1,224,0,247
352,77,754.0,2955.0,12.0,13.0,1,202,0,238
352,83,616.0,2967.0,9.0,6.0,1,199,0,229
352,84,724.0,2967.0,8.0,8.0,1,188,0,229
352,91,769.0,2950.0,14.0,12.0,0,193,1,219
352,92,865.0,2955.0,10.0,8.0,0,184,2,217
352,104,513.0,2962.0,12.0,11.0,0,170,1,197
352,106,413.0,2954.0,9.0,8.0,1,166,0,197
352,123,573.0,2966.0,8.0,8.0,1,147,0,171
352,124,842.0,2956.0,10.0,8.0,0,146,1,169
352,130,743.0,2975.0,10.0,8.0,1,132,0,155
352,156,591.0,2965.0,14.0,7.0,1,62,0,81
352,157,795.0,2954.0,10.0,10.0,1,69,0,81
352,190,878.0,2954.0,7.0,8.0,1,5,0,5
353,0,1671.0,3132.0,17.0,12.0,1,286,0,354
353,32,667.0,2970.0,9.0,11.0,1,235,0,278
353,38,482.0,2966.0,8.0,11.0,1,240,0,272
353,41,451.0,2966.0,12.0,6.0,1,226,0,269
353,42,535.0,2962.0,9.0,11.0,1,220,0,269
353,49,813.0,2955.0,11.0,9.0,0,214,1,263
353,53,463.0,2963.0,9.0,7.0,1,220,0,260
353,61,297.0,2923.0,7.0,7.0,0,200,20,253
353,62,442.0,2958.0,7.0,11.0,0,218,1,253
353,63,382.0,2955.0,11.0,9.0,1,213,0,253
353,67,627.0,2967.0,9.0,10.0,1,211,0,248
353,68,682.0,2967.0,12.0,9.0,1,225,0,248
353,77,749.0,2957.0,12.0,8.0,1,203,0,239
353,83,610.0,2964.0,9.0,7.0,1,200,0,230
353,84,649.0,2969.0,12.0,8.0,1,189,0,230
353,91,769.0,2950.0,14.0,12.0,0,193,2,220
353,92,852.0,2957.0,11.0,7.0,1,185,0,218
353,104,513.0,2962.0,12.0,11.0,0,170,2,198
353,106,407.0,2956.0,11.0,8.0,1,167,0,198
353,123,565.0,2964.0,9.0,9.0,1,148,0,172
353,124,833.0,2954.0,10.0,9.0,1,147,0,170
353,130,743.0,2975.0,10.0,8.0,0,132,1,156
353,156,587.0,2967.0,12.0,8.0,1,63,0,82
353,157,791.0,2955.0,10.0,9.0,1,70,0,82
353,190,875.0,2955.0,7.0,7.0,1,6,0,6
354,0,1676.0,3136.0,13.0,11.0,1,287,0,355
354,32,645.0,2967.0,12.0,11.0,1,236,0,279
354,38,477.0,2960.0,7.0,14.0,1,241,0,273
354,41,446.0,2964.0,12.0,5.0,1,227,0,270
354,42,535.0,2962.0,9.0,11.0,0,220,1,270
354,49,813.0,2955.0,11.0,9.0,0,214,2,264
354,53,460.0,2960.0,6.0,8.0,1,221,0,261
354,61,297.0,2923.0,7.0,7.0,0,200,21,254
354,62,442.0,2958.0,7.0,11.0,0,218,2,254
354,63,378.0,2955.0,11.0,6.0,1,214,0,254
354,67,620.0,2969.0,11.0,8.0,1,212,0,249
354,68,679.0,2971.0,10.0,9.0,1,226,0,249
354,77,746.0,2957.0,12.0,9.0,1,204,0,240
354,83,605.0,2967.0,9.0,7.0,1,201,0,231
354,84,661.0,2967.0,10.0,9.0,1,190,0,231
354,91,757.0,2953.0,13.0,10.0,1,194,0,221
354,92,847.0,2955.0,13.0,9.0,1,186,0,219
354,104,497.0,2963.0,8.0,6.0,1,171,0,199
354,106,403.0,2955.0,10.0,10.0,1,168,0,199
354,123,562.0,2963.0,7.0,6.0,1,149,0,173
354,124,827.0,2956.0,11.0,9.0,1,148,0,171
354,130,715.0,2968.0,10.0,5.0,1,133,0,157
354,156,582.0,2967.0,11.0,7.0,1,64,0,83
354,157,787.0,2951.0,9.0,10.0,1,71,0,83
354,190,867.0,2957.0,11.0,8.0,1,7,0,7
355,0,1674.0,3135.0,13.0,10.0,1,288,0,356
355,32,639.0,2967.0,10.0,10.0,1,237,0,280
355,38,471.0,2962.0,9.0,11.0,1,242,0,274
355,41,443.0,2963.0,10.0,5.0,1,228,0,271
355,42,523.0,2958.0,10.0,11.0,1,221,0,271
355,49,800.0,2953.0,11.0,8.0,1,215,0,265
355,53,456.0,2962.0,9.0,6.0,1,222,0,262
355,61,297.0,2923.0,7.0,7.0,0,200,22,255
355,62,422.0,2958.0,13.0,11.0,1,219,0,255
355,63,374.0,2951.0,11.0,9.0,1,215,0,255
355,67,616.0,2969.0,8.0,6.0,1,213,0,250
355,68,674.0,2969.0,12.0,11.0,1,227,0,250
355,77,742.0,2956.0,11.0,9.0,1,205,0,241
355,83,599.0,2968.0,9.0,7.0,1,202,0,232
355,84,655.0,2971.0,10.0,6.0,1,191,0,232
355,91,754.0,2952.0,10.0,9.0,1,195,0,222
355,92,842.0,2956.0,10.0,7.0,1,187,0,220
355,104,494.0,2960.0,6.0,10.0,1,172,0,200
355,106,398.0,2954.0,10.0,7.0,1,169,0,200
355,123,562.0,2963.0,7.0,6.0,0,149,1,174
355,124,823.0,2954.0,10.0,7.0,1,149,0,172
355,130,711.0,2963.0,8.0,10.0,1,134,0,158
355,156,580.0,2966.0,6.0,6.0,1,65,0,84
355,157,783.0,2955.0,10.0,6.0,1,72,0,84
355,190,867.0,2957.0,11.0,8.0,0,7,1,8
356,0,1675.0,3131.0,13.0,10.0,1,289,0,357
356,32,667.0,2967.0,11.0,9.0,1,238,0,281
356,38,471.0,2962.0,9.0,11.0,0,242,1,275
356,41,439.0,2965.0,9.0,4.0,1,229,0,272
356,42,517.0,2959.0,10.0,9.0,1,222,0,272
356,49,796.0,2954.0,12.0,10.0,1,216,0,266
356,53,448.0,2961.0,10.0,9.0,1,223,0,263
356,61,297.0,2923.0,7.0,7.0,0,200,23,256
356,62,421.0,2958.0,8.0,9.0,1,220,0,256
356,63,370.0,2953.0,10.0,8.0,1,216,0,256
356,67,610.0,2964.0,9.0,9.0,1,214,0,251
356,68,703.0,2965.0,11.0,8.0,1,228,0,251
356,77,739.0,2955.0,12.0,8.0,1,206,0,242
356,83,599.0,2968.0,9.0,7.0,0,202,1,233
356,84,650.0,2969.0,12.0,12.0,1,192,0,233
356,91,750.0,2952.0,9.0,7.0,1,196,0,223
356,92,842.0,2956.0,10.0,7.0,0,187,1,221
356,104,494.0,2960.0,6.0,10.0,0,172,1,201
356,106,394.0,2954.0,8.0,7.0,1,170,0,201
356,123,547.0,2963.0,9.0,8.0,1,150,0,175
356,124,818.0,2953.0,11.0,8.0,1,150,0,173
356,130,722.0,2972.0,13.0,9.0,1,135,0,159
356,156,572.0,2965.0,9.0,7.0,1,66,0,85
356,157,774.0,2955.0,14.0,9.0,1,73,0,85
356,190,861.0,2954.0,8.0,9.0,1,8,0,9
357,0,1676.0,3127.0,16.0,12.0,1,290,0,358
357,32,645.0,2970.0,11.0,7.0,1,239,0,282
357,38,471.0,2962.0,9.0,11.0,0,242,2,276
357,41,439.0,2965.0,9.0,4.0,0,229,1,273
357,42,512.0,2961.0,9.0,12.0,1,223,0,273
357,49,791.0,2954.0,12.0,8.0,1,217,0,267
357,53,445.0,2961.0,11.0,7.0,1,224,0,264
357,61,297.0,2923.0,7.0,7.0,0,200,24,257
357,62,421.0,2958.0,8.0,9.0,0,220,1,257
357,63,361.0,2954.0,14.0,11.0,1,217,0,257
357,67,603.0,2967.0,11.0,7.0,1,215,0,252
357,68,661.0,2967.0,12.0,9.0,1,229,0,252
357,77,739.0,2955.0,12.0,8.0,0,206,1,243
357,83,587.0,2963.0,9.0,9.0,1,203,0,234
357,84,627.0,2968.0,8.0,7.0,1,193,0,234
357,91,745.0,2950.0,10.0,12.0,1,197,0,224
357,92,842.0,2956.0,10.0,7.0,0,187,2,222
357,104,482.0,2963.0,9.0,9.0,1,173,0,202
357,106,389.0,2955.0,8.0,8.0,1,171,0,202
357,123,547.0,2963.0,9.0,8.0,0,150,1,176
357,124,814.0,2953.0,9.0,8.0,1,151,0,174
357,130,719.0,2975.0,7.0,9.0,1,136,0,160
357,156,568.0,2967.0,8.0,6.0,1,67,0,86
357,157,774.0,2954.0,11.0,7.0,1,74,0,86
357,190,861.0,2954.0,8.0,9.0,0,8,1,10
358,0,1674.0,3130.0,20.0,8.0,1,291,0,359
358,32,642.0,2969.0,6.0,6.0,1,240,0,283
358,38,456.0,2959.0,10.0,11.0,1,243,0,277
358,41,427.0,2961.0,8.0,8.0,1,230,0,274
358,42,506.0,2961.0,11.0,7.0,1,224,0,274
358,49,769.0,2951.0,11.0,9.0,1,218,0,268
358,53,439.0,2960.0,11.0,7.0,1,225,0,265
358,61,297.0,2923.0,7.0,7.0,0,200,25,258
358,62,409.0,2959.0,12.0,9.0,1,221,0,258
358,63,358.0,2954.0,12.0,8.0,1,218,0,258
358,67,598.0,2967.0,9.0,9.0,1,216,0,253
358,68,656.0,2968.0,11.0,9.0,1,230,0,253
358,77,728.0,2955.0,11.0,8.0,1,207,0,244
358,83,583.0,2966.0,9.0,9.0,1,204,0,235
358,84,620.0,2963.0,13.0,11.0,1,194,0,235
358,91,739.0,2949.0,11.0,10.0,1,198,0,225
358,92,810.0,2955.0,11.0,9.0,1,188,0,223
358,104,477.0,2959.0,9.0,9.0,1,174,0,203
358,106,383.0,2955.0,10.0,8.0,1,172,0,203
358,123,537.0,2960.0,9.0,8.0,1,151,0,177
358,124,786.0,2951.0,13.0,10.0,1,152,0,175
358,130,694.0,2964.0,12.0,8.0,1,137,0,161
358,156,561.0,2967.0,10.0,6.0,1,68,0,87
358,157,712.0,2975.0,8.0,8.0,1,75,0,87
358,190,829.0,2955.0,12.0,8.0,1,9,0,11
359,0,1678.0,3131.0,15.0,9.0,1,292,0,360
359,32,639.0,2968.0,5.0,8.0,1,241,0,284
359,38,456.0,2959.0,10.0,11.0,0,243,1,278
359,41,420.0,2959.0,10.0,10.0,1,231,0,275
359,42,501.0,2958.0,11.0,10.0,1,225,0,275
359,49,766.0,2953.0,10.0,8.0,1,219,0,269
359,53,435.0,2961.0,12.0,7.0,1,226,0,266
359,61,297.0,2923.0,7.0,7.0,0,200,26,259
359,62,404.0,2959.0,11.0,10.0,1,222,0,259
359,63,358.0,2954.0,12.0,8.0,0,218,1,259
359,67,595.0,2966.0,5.0,8.0,1,217,0,254
359,68,652.0,2967.0,9.0,8.0,1,231,0,254
359,77,728.0,2955.0,9.0,7.0,1,208,0,245
359,83,576.0,2963.0,9.0,11.0,1,205,0,236
359,84,616.0,2967.0,11.0,9.0,1,195,0,236
359,91,737.0,2949.0,9.0,8.0,1,199,0,226
359,92,810.0,2955.0,11.0,9.0,0,188,1,224
359,104,469.0,2959.0,15.0,12.0,1,175,0,204
359,106,379.0,2954.0,8.0,6.0,1,173,0,204
359,123,530.0,2959.0,9.0,9.0,1,152,0,178
359,124,785.0,2955.0,9.0,5.0,1,153,0,176
359,130,689.0,2963.0,11.0,9.0,1,138,0,162
359,156,557.0,2963.0,8.0,9.0,1,69,0,88
359,157,707.0,2971.0,9.0,9.0,1,76,0,88
359,190,846.0,2957.0,11.0,9.0,1,10,0,12
360,0,1679.0,3126.0,17.0,10.0,1,293,0,361
360,32,631.0,2970.0,7.0,7.0,1,242,0,285
360,38,446.0,2963.0,8.0,6.0,1,244,0,279
360,41,420.0,2959.0,10.0,10.0,0,231,1,276
360,42,501.0,2958.0,11.0,10.0,0,225,1,276
360,49,762.0,2953.0,11.0,8.0,1,220,0,270
360,53,431.0,2962.0,10.0,6.0,1,227,0,267
360,61,297.0,2923.0,7.0,7.0,0,200,27,260
360,62,398.0,2956.0,12.0,11.0,1,223,0,260
360,63,347.0,2951.0,10.0,8.0,1,219,0,260
360,67,588.0,2962.0,9.0,10.0,1,218,0,255
360,68,645.0,2963.0,10.0,12.0,1,232,0,255
360,77,726.0,2955.0,7.0,6.0,1,209,0,246
360,83,570.0,2960.0,10.0,11.0,1,206,0,237
360,84,609.0,2968.0,13.0,8.0,1,196,0,237
360,91,733.0,2950.0,9.0,9.0,1,200,0,227
360,92,802.0,2951.0,11.0,9.0,1,189,0,225
360,104,466.0,2963.0,13.0,10.0,1,176,0,205
360,106,371.0,2952.0,13.0,8.0,1,174,0,205
360,123,523.0,2963.0,13.0,9.0,1,153,0,179
360,124,785.0,2955.0,9.0,5.0,0,153,1,177
360,130,686.0,2963.0,11.0,7.0,1,139,0,163
360,156,550.0,2963.0,9.0,8.0,1,70,0,89
360,157,701.0,2971.0,12.0,9.0,1,77,0,89
360,190,842.0,2955.0,14.0,9.0,1,11,0,13
361,0,1684.0,3123.0,13.0,10.0,1,294,0,362
361,32,626.0,2968.0,6.0,7.0,1,243,0,286
361,38,443.0,2962.0,9.0,7.0,1,245,0,280
361,41,410.0,2961.0,11.0,8.0,1,232,0,277
361,42,491.0,2959.0,12.0,10.0,1,226,0,277
361,49,758.0,2950.0,11.0,10.0,1,221,0,271
361,53,426.0,2959.0,9.0,9.0,1,228,0,268
361,61,297.0,2923.0,7.0,7.0,0,200,28,261
361,62,392.0,2956.0,11.0,9.0,1,224,0,261
361,63,343.0,2953.0,10.0,8.0,1,220,0,261
361,67,581.0,2967.0,10.0,9.0,1,219,0,256
361,68,640.0,2966.0,10.0,7.0,1,233,0,256
361,77,724.0,2959.0,8.0,4.0,1,210,0,247
361,83,566.0,2964.0,9.0,8.0,1,207,0,238
361,84,602.0,2966.0,14.0,8.0,1,197,0,238
361,91,727.0,2949.0,12.0,9.0,1,201,0,228
361,92,816.0,2956.0,11.0,6.0,1,190,0,226
361,104,462.0,2962.0,12.0,6.0,1,177,0,206
361,106,366.0,2954.0,12.0,7.0,1,175,0,206
361,123,519.0,2963.0,13.0,7.0,1,154,0,180
361,124,798.0,2954.0,10.0,7.0,1,154,0,178
361,130,683.0,2964.0,7.0,9.0,1,140,0,164
361,156,545.0,2965.0,10.0,7.0,1,71,0,90
361,157,701.0,2971.0,12.0,9.0,0,77,1,90
361,190,839.0,2959.0,10.0,6.0,1,12,0,14
362,0,1680.0,3120.0,18.0,11.0,1,295,0,363
362,32,619.0,2964.0,10.0,9.0,1,244,0,287
362,38,436.0,2958.0,11.0,11.0,1,246,0,281
362,41,407.0,2959.0,10.0,10.0,1,233,0,278
362,42,487.0,2959.0,10.0,8.0,1,227,0,278
362,49,758.0,2950.0,11.0,10.0,0,221,1,272
362,53,422.0,2959.0,8.0,8.0,1,229,0,269
362,61,297.0,2923.0,7.0,7.0,0,200,29,262
362,62,389.0,2957.0,11.0,10.0,1,225,0,262
362,63,339.0,2951.0,10.0,10.0,1,221,0,262
362,67,581.0,2967.0,10.0,9.0,0,219,1,257
362,68,633.0,2966.0,17.0,12.0,1,234,0,257
362,77,724.0,2958.0,5.0,4.0,1,211,0,248
362,83,560.0,2964.0,9.0,8.0,1,208,0,239
362,84,597.0,2962.0,12.0,10.0,1,198,0,239
362,91,726.0,2948.0,11.0,6.0,1,202,0,229
362,92,812.0,2955.0,12.0,7.0,1,191,0,227
362,104,456.0,2958.0,12.0,10.0,1,178,0,207
362,106,366.0,2954.0,12.0,7.0,0,175,1,207
362,123,514.0,2959.0,10.0,10.0,1,155,0,181
362,124,798.0,2954.0,10.0,7.0,0,154,1,179
362,130,678.0,2962.0,8.0,6.0,1,141,0,165
362,156,540.0,2964.0,9.0,7.0,1,72,0,91
362,157,692.0,2972.0,13.0,8.0,1,78,0,91
362,190,833.0,2958.0,11.0,7.0,1,13,0,15
363,0,1681.0,3123.0,17.0,12.0,1,296,0,364
363,32,615.0,2968.0,9.0,9.0,1,245,0,288
363,38,438.0,2962.0,6.0,7.0,1,247,0,282
363,41,407.0,2959.0,10.0,10.0,0,233,1,279
363,42,487.0,2959.0,10.0,8.0,0,227,1,279
363,49,749.0,2950.0,10.0,11.0,1,222,0,273
363,53,415.0,2959.0,13.0,9.0,1,230,0,270
363,62,383.0,2956.0,10.0,11.0,1,226,0,263
363,63,334.0,2950.0,11.0,10.0,1,222,0,263
363,67,574.0,2962.0,5.0,9.0,1,220,0,258
363,68,633.0,2967.0,10.0,10.0,1,235,0,258
363,77,717.0,2954.0,8.0,6.0,1,212,0,249
363,83,554.0,2964.0,8.0,6.0,1,209,0,240
363,84,597.0,2965.0,10.0,10.0,1,199,0,240
363,91,726.0,2948.0,11.0,6.0,0,202,1,230
363,92,806.0,2954.0,12.0,9.0,1,192,0,228
363,104,453.0,2962.0,12.0,6.0,1,179,0,208
363,106,359.0,2953.0,12.0,8.0,1,176,0,208
363,123,510.0,2962.0,11.0,6.0,1,156,0,182
363,124,767.0,2952.0,10.0,9.0,1,155,0,180
363,130,678.0,2962.0,8.0,6.0,0,141,1,166
363,156,535.0,2963.0,8.0,6.0,1,73,0,92
363,157,687.0,2966.0,13.0,12.0,1,79,0,92
363,190,829.0,2958.0,10.0,6.0,1,14,0,16
364,0,1686.0,3120.0,13.0,10.0,1,297,0,365
364,32,607.0,2966.0,11.0,10.0,1,246,0,289
364,38,438.0,2962.0,6.0,7.0,0,247,1,283
364,41,407.0,2959.0,10.0,10.0,0,233,2,280
364,42,478.0,2959.0,10.0,10.0,1,228,0,280
364,49,747.0,2951.0,8.0,6.0,1,223,0,274
364,53,410.0,2959.0,12.0,9.0,1,231,0,271
364,62,383.0,2956.0,10.0,11.0,0,226,1,264
364,63,329.0,2950.0,10.0,10.0,1,223,0,264
364,67,574.0,2962.0,5.0,9.0,0,220,1,259
364,68,625.0,2964.0,11.0,12.0,1,236,0,259
364,77,712.0,2955.0,12.0,5.0,1,213,0,250
364,83,554.0,2964.0,8.0,6.0,0,209,1,241
364,84,587.0,2966.0,13.0,9.0,1,200,0,241
364,91,713.0,2949.0,11.0,5.0,1,203,0,231
364,92,806.0,2954.0,12.0,9.0,0,192,1,229
364,104,447.0,2960.0,14.0,8.0,1,180,0,209
364,106,359.0,2953.0,12.0,8.0,0,176,1,209
364,123,503.0,2962.0,12.0,9.0,1,157,0,183
364,124,762.0,2952.0,11.0,7.0,1,156,0,181
364,130,667.0,2962.0,10.0,9.0,1,142,0,167
364,156,535.0,2963.0,8.0,6.0,0,73,1,93
364,157,687.0,2966.0,13.0,12.0,0,79,1,93
364,190,829.0,2958.0,10.0,6.0,0,14,1,17
365,0,1691.0,3116.0,13.0,9.0,1,298,0,366
365,32,603.0,2966.0,8.0,7.0,1,247,0,290
365,38,426.0,2961.0,7.0,7.0,1,248,0,284
365,41,392.0,2959.0,9.0,10.0,1,234,0,281
365,42,471.0,2958.0,10.0,6.0,1,229,0,281
365,49,740.0,2947.0,13.0,9.0,1,224,0,275
365,53,410.0,2959.0,12.0,9.0,0,231,1,272
365,62,374.0,2955.0,11.0,9.0,1,227,0,265
365,63,324.0,2952.0,12.0,10.0,1,224,0,265
365,67,561.0,2966.0,9.0,5.0,1,221,0,260
365,68,625.0,2964.0,11.0,12.0,0,236,1,260
365,77,712.0,2956.0,8.0,5.0,1,214,0,251
365,83,554.0,2964.0,8.0,6.0,0,209,2,242
365,84,587.0,2966.0,13.0,9.0,0,200,1,242
365,91,713.0,2949.0,11.0,5.0,0,203,1,232
365,92,783.0,2954.0,10.0,6.0,1,193,0,230
365,104,446.0,2960.0,9.0,8.0,1,181,0,210
365,106,348.0,2953.0,12.0,7.0,1,177,0,210
365,123,499.0,2962.0,11.0,7.0,1,158,0,184
365,124,762.0,2952.0,11.0,7.0,0,156,1,182
365,130,663.0,2962.0,11.0,8.0,1,143,0,168
365,156,524.0,2962.0,8.0,10.0,1,74,0,94
365,157,678.0,2970.0,9.0,10.0,1,80,0,94
365,190,829.0,2958.0,10.0,6.0,0,14,2,18
366,0,1690.0,3111.0,15.0,12.0,1,299,0,367
366,32,595.0,2963.0,10.0,10.0,1,248,0,291
366,38,419.0,2958.0,9.0,9.0,1,249,0,285
366,41,392.0,2959.0,9.0,10.0,0,234,1,282
366,42,471.0,2958.0,10.0,6.0,0,229,1,282
366,49,777.0,2954.0,10.0,10.0,1,225,0,276
366,53,410.0,2959.0,12.0,9.0,0,231,2,273
366,62,368.0,2955.0,13.0,10.0,1,228,0,266
366,63,318.0,2950.0,12.0,10.0,1,225,0,266
366,67,561.0,2966.0,9.0,5.0,0,221,1,261
366,68,615.0,2964.0,11.0,9.0,1,237,0,261
366,77,737.0,2950.0,12.0,7.0,1,215,0,252
366,83,554.0,2964.0,8.0,6.0,0,209,3,243
366,84,576.0,2959.0,13.0,13.0,1,201,0,243
366,91,709.0,2945.0,11.0,8.0,1,204,0,233
366,92,794.0,2953.0,10.0,7.0,1,194,0,231
366,104,440.0,2959.0,12.0,8.0,1,182,0,211
366,106,341.0,2951.0,12.0,9.0,1,178,0,211
366,123,493.0,2958.0,12.0,10.0,1,159,0,185
366,124,752.0,2950.0,13.0,8.0,1,157,0,183
366,130,659.0,2959.0,9.0,10.0,1,144,0,169
366,156,519.0,2962.0,10.0,7.0,1,75,0,95
366,157,703.0,2955.0,11.0,6.0,1,81,0,95
366,190,816.0,2959.0,12.0,6.0,1,15,0,19
367,0,1687.0,3115.0,21.0,8.0,1,300,0,368
367,32,593.0,2967.0,8.0,8.0,1,249,0,292
367,38,419.0,2958.0,9.0,9.0,0,249,1,286
367,41,392.0,2959.0,9.0,10.0,0,234,2,283
367,42,461.0,2959.0,10.0,5.0,1,230,0,283
367,49,775.0,2953.0,8.0,6.0,1,226,0,277
367,53,410.0,2959.0,12.0,9.0,0,231,3,274
367,62,363.0,2955.0,11.0,9.0,1,229,0,267
367,63,313.0,2949.0,12.0,11.0,1,226,0,267
367,67,552.0,2963.0,8.0,8.0,1,222,0,262
367,68,608.0,2962.0,13.0,7.0,1,238,0,262
367,77,737.0,2950.0,12.0,7.0,0,215,1,253
367,83,534.0,2963.0,10.0,8.0,1,210,0,244
367,84,573.0,2963.0,10.0,9.0,1,202,0,244
367,91,706.0,2945.0,9.0,7.0,1,205,0,234
367,92,789.0,2954.0,11.0,7.0,1,195,0,232
367,104,437.0,2959.0,8.0,8.0,1,183,0,212
367,106,340.0,2951.0,8.0,8.0,1,179,0,212
367,123,493.0,2958.0,12.0,10.0,0,159,1,186
367,124,749.0,2951.0,14.0,10.0,1,158,0,184
367,130,654.0,2959.0,10.0,10.0,1,145,0,170
367,156,513.0,2962.0,10.0,5.0,1,76,0,96
367,157,670.0,2969.0,11.0,7.0,1,82,0,96
367,190,816.0,2959.0,12.0,6.0,0,15,1,20
368,0,1880.0,3135.0,10.0,6.0,1,301,0,369
368,32,586.0,2967.0,10.0,7.0,1,250,0,293
368,38,410.0,2962.0,11.0,6.0,1,250,0,287
368,41,375.0,2959.0,11.0,8.0,1,235,0,284
368,42,457.0,2959.0,10.0,10.0,1,231,0,284
368,49,770.0,2950.0,10.0,9.0,1,227,0,278
368,53,393.0,2957.0,13.0,8.0,1,232,0,275
368,62,359.0,2955.0,10.0,7.0,1,230,0,268
368,63,310.0,2952.0,9.0,7.0,1,227,0,268
368,67,544.0,2964.0,10.0,7.0,1,223,0,263
368,68,604.0,2960.0,12.0,9.0,1,239,0,263
368,77,694.0,2952.0,12.0,6.0,1,216,0,254
368,83,534.0,2963.0,10.0,8.0,0,210,1,245
368,84,565.0,2963.0,12.0,10.0,1,203,0,245
368,91,701.0,2945.0,11.0,8.0,1,206,0,235
368,92,786.0,2954.0,10.0,9.0,1,196,0,233
368,104,437.0,2959.0,8.0,8.0,0,183,1,213
368,106,340.0,2951.0,8.0,8.0,0,179,1,213
368,123,484.0,2962.0,10.0,10.0,1,160,0,187
368,124,730.0,2947.0,14.0,8.0,1,159,0,185
368,130,651.0,2959.0,8.0,10.0,1,146,0,171
368,156,507.0,2960.0,12.0,8.0,1,77,0,97
368,157,668.0,2968.0,7.0,8.0,1,83,0,97
368,190,816.0,2959.0,12.0,6.0,0,15,2,21
369,0,1695.0,3107.0,10.0,9.0,1,302,0,370
369,32,586.0,2967.0,10.0,7.0,0,250,1,294
369,38,455.0,2990.0,9.0,8.0,1,251,0,288
369,41,375.0,2958.0,6.0,5.0,1,236,0,285
369,42,454.0,2958.0,10.0,6.0,1,232,0,285
369,49,766.0,2952.0,10.0,9.0,1,228,0,279
369,53,393.0,2957.0,13.0,8.0,0,232,1,276
369,62,359.0,2955.0,10.0,7.0,0,230,1,269
369,63,301.0,2951.0,13.0,10.0,1,228,0,269
369,67,542.0,2964.0,6.0,8.0,1,224,0,264
369,68,604.0,2960.0,12.0,9.0,0,239,1,264
369,77,698.0,2954.0,8.0,7.0,1,217,0,255
369,83,525.0,2962.0,8.0,10.0,1,211,0,246
369,84,562.0,2963.0,12.0,8.0,1,204,0,246
369,91,698.0,2945.0,9.0,8.0,1,207,0,236
369,92,784.0,2954.0,9.0,7.0,1,197,0,234
369,104,427.0,2959.0,11.0,7.0,1,184,0,214
369,106,329.0,2951.0,11.0,8.0,1,180,0,214
369,123,478.0,2959.0,12.0,9.0,1,161,0,188
369,124,726.0,2948.0,11.0,5.0,1,160,0,186
369,130,643.0,2958.0,12.0,12.0,1,147,0,172
369,156,507.0,2960.0,12.0,8.0,0,77,1,98
369,157,668.0,2968.0,7.0,8.0,0,83,1,98
369,190,807.0,2957.0,9.0,7.0,1,16,0,22
370,0,1699.0,3103.0,13.0,10.0,1,303,0,371
370,32,576.0,2962.0,10.0,9.0,1,251,0,295
370,38,455.0,2990.0,9.0,8.0,0,251,1,289
370,41,370.0,2959.0,7.0,4.0,1,237,0,286
370,42,449.0,2955.0,11.0,10.0,1,233,0,286
370,49,759.0,2952.0,12.0,8.0,1,229,0,280
370,53,403.0,2958.0,8.0,9.0,1,233,0,277
370,62,347.0,2954.0,13.0,8.0,1,231,0,270
370,63,297.0,2950.0,13.0,9.0,1,229,0,270
370,67,535.0,2963.0,11.0,8.0,1,225,0,265
370,68,591.0,2961.0,13.0,10.0,1,240,0,265
370,77,742.0,2949.0,9.0,10.0,1,218,0,256
370,83,525.0,2962.0,8.0,10.0,0,211,1,247
370,84,559.0,2962.0,10.0,10.0,1,205,0,247
370,91,698.0,2942.0,5.0,7.0,1,208,0,237
370,92,778.0,2950.0,10.0,11.0,1,198,0,235
370,104,423.0,2958.0,12.0,8.0,1,185,0,215
370,106,323.0,2950.0,12.0,9.0,1,181,0,215
370,123,474.0,2955.0,9.0,11.0,1,162,0,189
370,124,723.0,2947.0,11.0,10.0,1,161,0,187
370,130,690.0,2952.0,13.0,6.0,1,148,0,173
370,156,498.0,2961.0,10.0,7.0,1,78,0,99
370,157,657.0,2963.0,11.0,10.0,1,84,0,99
370,190,799.0,2956.0,12.0,9.0,1,17,0,23
371,0,1696.0,3101.0,17.0,11.0,1,304,0,372
371,32,572.0,2964.0,9.0,9.0,1,252,0,296
371,38,455.0,2990.0,9.0,8.0,0,251,2,290
371,41,379.0,2957.0,13.0,7.0,1,238,0,287
371,42,444.0,2959.0,10.0,5.0,1,234,0,287
371,49,758.0,2951.0,12.0,10.0,1,230,0,281
371,53,398.0,2959.0,10.0,8.0,1,234,0,278
371,62,343.0,2953.0,10.0,10.0,1,232,0,271
371,63,294.0,2949.0,11.0,7.0,1,230,0,271
371,67,535.0,2963.0,11.0,8.0,0,225,1,266
371,68,589.0,2961.0,12.0,9.0,1,241,0,266
371,77,719.0,2946.0,10.0,8.0,1,219,0,257
371,83,525.0,2962.0,8.0,10.0,0,211,2,248
371,84,555.0,2964.0,10.0,9.0,1,206,0,248
371,91,691.0,2950.0,10.0,6.0,1,209,0,238
371,92,736.0,2950.0,12.0,11.0,1,199,0,236
371,104,418.0,2958.0,12.0,7.0,1,186,0,216
371,106,323.0,2950.0,12.0,9.0,0,181,1,216
371,123,474.0,2955.0,9.0,11.0,0,162,1,190
371,124,692.0,2958.0,10.0,6.0,1,162,0,188
371,130,653.0,2964.0,7.0,9.0,1,149,0,174
371,156,495.0,2961.0,9.0,7.0,1,79,0,100
371,157,635.0,2956.0,10.0,11.0,1,85,0,100
371,190,796.0,2955.0,12.0,6.0,1,18,0,24
372,0,1696.0,3101.0,17.0,11.0,0,304,1,373
372,32,572.0,2964.0,9.0,9.0,0,252,1,297
372,38,455.0,2990.0,9.0,8.0,0,251,3,291
372,41,358.0,2957.0,10.0,8.0,1,239,0,288
372,42,439.0,2959.0,10.0,5.0,1,235,0,288
372,49,771.0,2954.0,10.0,9.0,1,231,0,282
372,53,393.0,2958.0,9.0,8.0,1,235,0,279
372,62,338.0,2953.0,10.0,6.0,1,233,0,272
372,63,294.0,2949.0,11.0,7.0,0,230,1,272
372,67,525.0,2962.0,10.0,7.0,1,226,0,267
372,68,584.0,2957.0,11.0,12.0,1,242,0,267
372,77,734.0,2949.0,11.0,8.0,1,220,0,258
372,83,508.0,2959.0,10.0,9.0,1,212,0,249
372,84,548.0,2962.0,11.0,10.0,1,207,0,249
372,91,685.0,2951.0,9.0,5.0,1,210,0,239
372,92,753.0,2948.0,11.0,11.0,1,200,0,237
372,104,375.0,2956.0,10.0,5.0,1,187,0,217
372,106,317.0,2950.0,8.0,6.0,1,182,0,217
372,123,462.0,2959.0,13.0,9.0,1,163,0,191
372,124,717.0,2945.0,10.0,7.0,1,163,0,189
372,130,647.0,2964.0,10.0,9.0,1,150,0,175
372,156,487.0,2959.0,11.0,9.0,1,80,0,101
372,157,631.0,2959.0,9.0,10.0,1,86,0,101
372,190,794.0,2955.0,7.0,9.0,1,19,0,25
373,0,1696.0,3101.0,17.0,11.0,0,304,2,374
373,32,563.0,2962.0,11.0,6.0,1,253,0,298
373,38,408.0,2957.0,12.0,7.0,1,252,0,292
373,41,354.0,2956.0,11.0,4.0,1,240,0,289
373,42,434.0,2956.0,11.0,8.0,1,236,0,289
373,49,767.0,2954.0,9.0,6.0,1,232,0,283
373,53,389.0,2957.0,12.0,8.0,1,236,0,280
373,62,332.0,2951.0,11.0,8.0,1,234,0,273
373,63,294.0,2949.0,11.0,7.0,0,230,2,273
373,67,521.0,2962.0,9.0,10.0,1,227,0,268
373,68,579.0,2960.0,12.0,10.0,1,243,0,268
373,77,734.0,2949.0,11.0,8.0,0,220,1,259
373,83,502.0,2961.0,11.0,7.0,1,213,0,250
373,84,544.0,2962.0,11.0,8.0,1,208,0,250
373,91,684.0,2953.0,8.0,7.0,1,211,0,240
373,92,751.0,2951.0,12.0,11.0,1,201,0,238
373,104,370.0,2953.0,12.0,7.0,1,188,0,218
373,106,309.0,2951.0,12.0,7.0,1,183,0,218
373,123,461.0,2959.0,11.0,6.0,1,164,0,192
373,124,682.0,2945.0,9.0,6.0,1,164,0,190
373,130,644.0,2962.0,10.0,7.0,1,151,0,176
373,156,482.0,2961.0,10.0,8.0,1,81,0,102
373,157,631.0,2959.0,9.0,10.0,0,86,1,102
373,190,790.0,2956.0,9.0,9.0,1,20,0,26
374,0,1696.0,3101.0,17.0,11.0,0,304,3,375
374,32,557.0,2962.0,11.0,7.0,1,254,0,299
374,38,406.0,2956.0,11.0,8.0,1,253,0,293
374,41,349.0,2956.0,12.0,5.0,1,241,0,290
374,42,431.0,2956.0,11.0,8.0,1,237,0,290
374,49,762.0,2949.0,9.0,11.0,1,233,0,284
374,53,383.0,2957.0,13.0,8.0,1,237,0,281
374,62,327.0,2952.0,13.0,9.0,1,235,0,274
374,63,294.0,2949.0,11.0,7.0,0,230,3,274
374,67,516.0,2961.0,13.0,7.0,1,228,0,269
374,68,579.0,2960.0,12.0,10.0,0,243,1,269
374,77,726.0,2950.0,11.0,7.0,1,221,0,260
374,83,498.0,2961.0,8.0,6.0,1,214,0,251
374,84,538.0,2960.0,11.0,10.0,1,209,0,251
374,91,679.0,2951.0,10.0,5.0,1,212,0,241
374,92,751.0,2951.0,12.0,11.0,0,201,1,239
374,104,367.0,2954.0,11.0,6.0,1,189,0,219
374,106,309.0,2951.0,12.0,7.0,0,183,1,219
374,123,461.0,2959.0,11.0,6.0,0,164,1,193
374,124,707.0,2945.0,13.0,10.0,1,165,0,191
374,130,639.0,2959.0,12.0,10.0,1,152,0,177
374,156,479.0,2961.0,9.0,7.0,1,82,0,103
374,157,623.0,2955.0,10.0,11.0,1,87,0,103
374,190,783.0,2956.0,11.0,10.0,1,21,0,27
375,0,1710.0,3094.0,12.0,11.0,1,305,0,376
375,32,553.0,2963.0,9.0,10.0,1,255,0,300
375,38,402.0,2956.0,11.0,7.0,1,254,0,294
375,41,342.0,2955.0,13.0,7.0,1,242,0,291
375,42,427.0,2957.0,9.0,8.0,1,238,0,291
375,49,758.0,2951.0,10.0,8.0,1,234,0,285
375,53,378.0,2957.0,13.0,7.0,1,238,0,282
375,62,322.0,2953.0,12.0,7.0,1,236,0,275
375,63,274.0,2950.0,10.0,6.0,1,231,0,275
375,67,516.0,2961.0,13.0,7.0,0,228,1,270
375,68,572.0,2959.0,10.0,7.0,1,244,0,270
375,77,722.0,2950.0,11.0,7.0,1,222,0,261
375,83,494.0,2959.0,9.0,8.0,1,215,0,252
375,84,535.0,2963.0,10.0,9.0,1,210,0,252
375,91,679.0,2951.0,10.0,5.0,0,212,1,242
375,92,746.0,2951.0,6.0,6.0,1,202,0,240
375,104,367.0,2954.0,11.0,6.0,0,189,1,220
375,106,302.0,2951.0,7.0,5.0,1,184,0,220
375,123,452.0,2957.0,12.0,7.0,1,165,0,194
375,124,706.0,2944.0,11.0,6.0,1,166,0,192
375,130,638.0,2964.0,6.0,5.0,1,153,0,178
375,156,479.0,2961.0,9.0,7.0,0,82,1,104
375,157,619.0,2954.0,10.0,11.0,1,88,0,104
375,190,780.0,2955.0,13.0,6.0,1,22,0,28
376,0,1707.0,3093.0,14.0,9.0,1,306,0,377
376,32,546.0,2962.0,12.0,9.0,1,256,0,301
376,38,397.0,2956.0,9.0,8.0,1,255,0,295
376,41,338.0,2954.0,16.0,7.0,1,243,0,292
376,42,421.0,2958.0,12.0,7.0,1,239,0,292
376,49,755.0,2953.0,12.0,10.0,1,235,0,286
376,53,374.0,2957.0,12.0,8.0,1,239,0,283
376,62,322.0,2953.0,12.0,7.0,0,236,1,276
376,63,270.0,2951.0,11.0,5.0,1,232,0,276
376,67,511.0,2960.0,5.0,7.0,1,229,0,271
376,68,572.0,2959.0,10.0,7.0,0,244,1,271
376,77,720.0,2949.0,9.0,6.0,1,223,0,262
376,83,492.0,2960.0,9.0,7.0,1,216,0,253
376,84,529.0,2960.0,10.0,9.0,1,211,0,253
376,91,671.0,2940.0,10.0,8.0,1,213,0,243
376,92,738.0,2948.0,11.0,8.0,1,203,0,241
376,104,358.0,2953.0,11.0,7.0,1,190,0,221
376,106,297.0,2950.0,9.0,7.0,1,185,0,221
376,123,452.0,2957.0,12.0,7.0,0,165,1,195
376,124,706.0,2944.0,11.0,6.0,0,166,1,193
376,130,638.0,2964.0,6.0,5.0,0,153,1,179
376,156,468.0,2959.0,12.0,9.0,1,83,0,105
376,157,619.0,2954.0,10.0,11.0,0,88,1,105
376,190,775.0,2952.0,10.0,10.0,1,23,0,29
377,0,1711.0,3094.0,16.0,14.0,1,307,0,378
377,32,543.0,2961.0,9.0,8.0,1,257,0,302
377,38,392.0,2956.0,10.0,8.0,1,256,0,296
377,41,335.0,2953.0,11.0,7.0,1,244,0,293
377,42,418.0,2955.0,9.0,7.0,1,240,0,293
377,49,752.0,2953.0,10.0,6.0,1,236,0,287
377,53,372.0,2955.0,11.0,9.0,1,240,0,284
377,62,313.0,2951.0,11.0,7.0,1,237,0,277
377,63,264.0,2952.0,13.0,6.0,1,233,0,277
377,67,503.0,2961.0,9.0,7.0,1,230,0,272
377,68,572.0,2959.0,10.0,7.0,0,244,2,272
377,77,718.0,2949.0,5.0,6.0,1,224,0,263
377,83,492.0,2960.0,9.0,7.0,0,216,1,254
377,84,525.0,2959.0,11.0,9.0,1,212,0,254
377,91,667.0,2937.0,15.0,9.0,1,214,0,244
377,92,739.0,2951.0,9.0,6.0,1,204,0,242
377,104,353.0,2951.0,12.0,7.0,1,191,0,222
377,106,291.0,2951.0,9.0,6.0,1,186,0,222
377,123,442.0,2958.0,11.0,7.0,1,166,0,196
377,124,696.0,2942.0,12.0,8.0,1,167,0,194
377,130,628.0,2959.0,7.0,9.0,1,154,0,180
377,156,463.0,2959.0,11.0,9.0,1,84,0,106
377,157,611.0,2954.0,10.0,7.0,1,89,0,106
377,190,771.0,2955.0,10.0,10.0,1,24,0,30
378,0,1712.0,3093.0,15.0,9.0,1,308,0,379
378,32,536.0,2962.0,11.0,6.0,1,258,0,303
378,38,387.0,2955.0,12.0,6.0,1,257,0,297
378,41,330.0,2953.0,12.0,6.0,1,245,0,294
378,42,412.0,2955.0,11.0,6.0,1,241,0,294
378,49,748.0,2950.0,11.0,9.0,1,237,0,288
378,53,372.0,2955.0,11.0,9.0,0,240,1,285
378,62,313.0,2951.0,11.0,7.0,0,237,1,278
378,63,262.0,2952.0,9.0,7.0,1,234,0,278
378,67,498.0,2960.0,11.0,8.0,1,231,0,273
378,68,572.0,2959.0,10.0,7.0,0,244,3,273
378,77,710.0,2948.0,11.0,10.0,1,225,0,264
378,83,492.0,2960.0,9.0,7.0,0,216,2,255
378,84,525.0,2959.0,11.0,9.0,0,212,1,255
378,91,668.0,2939.0,8.0,7.0,1,215,0,245
378,92,695.0,2943.0,10.0,8.0,1,205,0,243
378,104,349.0,2952.0,12.0,7.0,1,192,0,223
378,106,286.0,2951.0,10.0,6.0,1,187,0,223
378,123,437.0,2956.0,11.0,8.0,1,167,0,197
378,124,667.0,2948.0,11.0,6.0,1,168,0,195
378,130,623.0,2956.0,9.0,9.0,1,155,0,181
378,156,461.0,2959.0,6.0,5.0,1,85,0,107
378,157,607.0,2950.0,9.0,11.0,1,90,0,107
378,190,767.0,2955.0,10.0,9.0,1,25,0,31
379,0,1712.0,3093.0,15.0,9.0,0,308,1,380
379,32,536.0,2964.0,8.0,9.0,1,259,0,304
379,38,382.0,2954.0,14.0,7.0,1,258,0,298
379,41,330.0,2953.0,12.0,6.0,0,245,1,295
379,42,408.0,2955.0,10.0,6.0,1,242,0,295
379,49,745.0,2951.0,8.0,8.0,1,238,0,289
379,53,362.0,2955.0,10.0,7.0,1,241,0,286
379,62,303.0,2952.0,12.0,7.0,1,238,0,279
379,63,262.0,2952.0,9.0,7.0,0,234,1,279
379,67,495.0,2958.0,9.0,8.0,1,232,0,274
379,68,553.0,2955.0,13.0,10.0,1,245,0,274
379,77,730.0,2949.0,12.0,6.0,1,226,0,265
379,83,492.0,2960.0,9.0,7.0,0,216,3,256
379,84,514.0,2962.0,12.0,10.0,1,213,0,256
379,91,668.0,2939.0,8.0,7.0,0,215,1,246
379,92,695.0,2943.0,10.0,8.0,0,205,1,244
379,104,343.0,2952.0,13.0,7.0,1,193,0,224
379,106,282.0,2951.0,7.0,5.0,1,188,0,224
379,123,437.0,2956.0,11.0,8.0,0,167,1,198
379,124,664.0,2947.0,9.0,7.0,1,169,0,196
379,130,622.0,2956.0,7.0,11.0,1,156,0,182
379,156,461.0,2959.0,6.0,5.0,0,85,1,108
379,157,602.0,2954.0,13.0,7.0,1,91,0,108
379,190,763.0,2951.0,12.0,10.0,1,26,0,32
380,0,1722.0,3087.0,13.0,9.0,1,309,0,381
380,32,549.0,2958.0,12.0,8.0,1,260,0,305
380,38,377.0,2954.0,12.0,7.0,1,259,0,299
380,41,330.0,2953.0,12.0,6.0,0,245,2,296
380,42,403.0,2955.0,11.0,6.0,1,243,0,296
380,49,740.0,2952.0,11.0,8.0,1,239,0,290
380,53,359.0,2955.0,9.0,6.0,1,242,0,287
380,62,298.0,2951.0,12.0,6.0,1,239,0,280
380,63,262.0,2952.0,9.0,7.0,0,234,2,280
380,67,489.0,2959.0,9.0,6.0,1,233,0,275
380,68,599.0,2955.0,9.0,8.0,1,246,0,275
380,77,727.0,2949.0,11.0,7.0,1,227,0,266
380,83,492.0,2960.0,9.0,7.0,0,216,4,257
380,84,510.0,2961.0,12.0,8.0,1,214,0,257
380,91,658.0,2938.0,12.0,7.0,1,216,0,247
380,92,702.0,2944.0,12.0,8.0,1,206,0,245
380,104,343.0,2952.0,13.0,7.0,0,193,1,225
380,106,276.0,2950.0,9.0,6.0,1,189,0,225
380,123,437.0,2956.0,11.0,8.0,0,167,2,199
380,124,659.0,2947.0,11.0,5.0,1,170,0,197
380,130,615.0,2958.0,9.0,9.0,1,157,0,183
380,156,452.0,2959.0,9.0,6.0,1,86,0,109
380,157,687.0,2940.0,11.0,9.0,1,92,0,109
380,190,759.0,2954.0,14.0,7.0,1,27,0,33
381,0,1722.0,3087.0,13.0,9.0,0,309,1,382
381,32,546.0,2959.0,10.0,9.0,1,261,0,306
381,38,375.0,2954.0,11.0,7.0,1,260,0,300
381,41,330.0,2953.0,12.0,6.0,0,245,3,297
381,42,399.0,2953.0,10.0,8.0,1,244,0,297
381,49,736.0,2951.0,13.0,9.0,1,240,0,291
381,53,356.0,2954.0,10.0,6.0,1,243,0,288
381,62,293.0,2949.0,11.0,7.0,1,240,0,281
381,63,243.0,2951.0,12.0,8.0,1,235,0,281
381,67,482.0,2959.0,12.0,8.0,1,234,0,276
381,68,594.0,2952.0,12.0,8.0,1,247,0,276
381,77,724.0,2951.0,11.0,6.0,1,228,0,267
381,83,492.0,2960.0,9.0,7.0,0,216,5,258
381,84,505.0,2959.0,13.0,10.0,1,215,0,258
381,91,656.0,2934.0,10.0,9.0,1,217,0,248
381,92,701.0,2947.0,11.0,5.0,1,207,0,246
381,104,343.0,2952.0,13.0,7.0,0,193,2,226
381,106,270.0,2951.0,11.0,8.0,1,190,0,226
381,123,423.0,2956.0,14.0,8.0,1,168,0,200
381,124,656.0,2948.0,13.0,6.0,1,171,0,198
381,130,613.0,2955.0,10.0,9.0,1,158,0,184
381,156,447.0,2959.0,10.0,7.0,1,87,0,110
381,157,687.0,2940.0,11.0,9.0,0,92,1,110
381,190,755.0,2954.0,13.0,11.0,1,28,0,34
382,0,1722.0,3086.0,19.0,11.0,1,310,0,383
382,32,541.0,2958.0,12.0,8.0,1,262,0,307
382,38,371.0,2952.0,10.0,8.0,1,261,0,301
382,41,330.0,2953.0,12.0,6.0,0,245,4,298
382,42,399.0,2953.0,10.0,8.0,0,244,1,298
382,49,736.0,2948.0,10.0,9.0,1,241,0,292
382,53,352.0,2953.0,10.0,8.0,1,244,0,289
382,62,286.0,2950.0,13.0,6.0,1,241,0,282
382,63,238.0,2951.0,10.0,7.0,1,236,0,282
382,67,506.0,2957.0,9.0,11.0,1,235,0,277
382,68,591.0,2950.0,9.0,10.0,1,248,0,277
382,77,718.0,2949.0,13.0,8.0,1,229,0,268
382,83,462.0,2958.0,11.0,5.0,1,217,0,259
382,84,524.0,2962.0,4.0,6.0,1,216,0,259
382,91,654.0,2934.0,10.0,7.0,1,218,0,249
382,92,697.0,2945.0,12.0,8.0,1,208,0,247
382,104,331.0,2950.0,12.0,7.0,1,194,0,227
382,106,266.0,2951.0,11.0,9.0,1,191,0,227
382,123,422.0,2955.0,12.0,6.0,1,169,0,201
382,124,653.0,2945.0,12.0,7.0,1,172,0,199
382,130,607.0,2952.0,11.0,12.0,1,159,0,185
382,156,447.0,2959.0,10.0,7.0,0,87,1,111
382,157,680.0,2938.0,12.0,7.0,1,93,0,111
382,190,755.0,2954.0,13.0,11.0,0,28,1,35
383,0,1725.0,3087.0,13.0,9.0,1,311,0,384
383,32,534.0,2955.0,15.0,10.0,1,263,0,308
383,38,364.0,2952.0,14.0,8.0,1,262,0,302
383,41,330.0,2953.0,12.0,6.0,0,245,5,299
383,42,391.0,2953.0,9.0,7.0,1,245,0,299
383,49,732.0,2950.0,10.0,6.0,1,242,0,293
383,53,437.0,2956.0,11.0,6.0,1,245,0,290
383,62,282.0,2951.0,13.0,6.0,1,242,0,283
383,63,233.0,2950.0,12.0,7.0,1,237,0,283
383,67,496.0,2959.0,12.0,10.0,1,236,0,278
383,68,590.0,2951.0,7.0,9.0,1,249,0,278
383,77,718.0,2947.0,10.0,7.0,1,230,0,269
383,83,459.0,2958.0,7.0,6.0,1,218,0,260
383,84,514.0,2962.0,11.0,6.0,1,217,0,260
383,91,645.0,2934.0,13.0,9.0,1,219,0,250
383,92,695.0,2946.0,10.0,7.0,1,209,0,248
383,104,326.0,2951.0,11.0,6.0,1,195,0,228
383,106,262.0,2950.0,9.0,6.0,1,192,0,228
383,123,415.0,2954.0,13.0,9.0,1,170,0,202
383,124,652.0,2945.0,12.0,5.0,1,173,0,200
383,130,604.0,2955.0,12.0,10.0,1,160,0,186
383,156,476.0,2956.0,10.0,7.0,1,88,0,112
383,157,677.0,2939.0,12.0,6.0,1,94,0,112
383,190,748.0,2949.0,13.0,10.0,1,29,0,36
384,0,1729.0,3085.0,15.0,6.0,1,312,0,385
384,32,536.0,2960.0,12.0,8.0,1,264,0,309
384,38,360.0,2953.0,13.0,8.0,1,263,0,303
384,41,322.0,2949.0,9.0,7.0,1,246,0,300
384,42,384.0,2953.0,13.0,8.0,1,246,0,300
384,49,728.0,2951.0,11.0,9.0,1,243,0,294
384,53,410.0,2954.0,11.0,9.0,1,246,0,291
384,62,277.0,2951.0,12.0,7.0,1,243,0,284
384,63,229.0,2950.0,12.0,7.0,1,238,0,284
384,67,496.0,2959.0,12.0,10.0,0,236,1,279
384,68,590.0,2951.0,7.0,9.0,0,249,1,279
384,77,715.0,2946.0,9.0,8.0,1,231,0,270
384,83,453.0,2956.0,9.0,8.0,1,219,0,261
384,84,514.0,2963.0,10.0,6.0,1,218,0,261
384,91,643.0,2933.0,13.0,8.0,1,220,0,251
384,92,692.0,2945.0,10.0,5.0,1,210,0,249
384,104,341.0,2952.0,12.0,8.0,1,196,0,229
384,106,258.0,2951.0,7.0,7.0,1,193,0,229
384,123,434.0,2957.0,11.0,5.0,1,171,0,203
384,124,650.0,2947.0,10.0,5.0,1,174,0,201
384,130,604.0,2955.0,12.0,10.0,0,160,1,187
384,156,471.0,2958.0,9.0,5.0,1,89,0,113
384,157,672.0,2938.0,13.0,6.0,1,95,0,113
384,190,745.0,2952.0,12.0,8.0,1,30,0,37
385,0,1735.0,3080.0,10.0,9.0,1,313,0,386
385,32,526.0,2956.0,10.0,11.0,1,265,0,310
385,38,357.0,2949.0,12.0,10.0,1,264,0,304
385,41,318.0,2949.0,10.0,7.0,1,247,0,301
385,42,382.0,2951.0,8.0,9.0,1,247,0,301
385,49,728.0,2951.0,11.0,9.0,0,243,1,295
385,53,407.0,2953.0,10.0,8.0,1,247,0,292
385,62,298.0,2949.0,9.0,7.0,1,244,0,285
385,63,223.0,2950.0,13.0,10.0,1,239,0,285
385,67,488.0,2957.0,11.0,9.0,1,237,0,280
385,68,583.0,2951.0,5.0,8.0,1,250,0,280
385,77,710.0,2946.0,10.0,9.0,1,232,0,271
385,83,450.0,2956.0,10.0,5.0,1,220,0,262
385,84,508.0,2959.0,11.0,9.0,1,219,0,262
385,91,641.0,2930.0,12.0,9.0,1,221,0,252
385,92,686.0,2943.0,13.0,10.0,1,211,0,250
385,104,336.0,2950.0,12.0,9.0,1,197,0,230
385,106,251.0,2952.0,10.0,9.0,1,194,0,230
385,123,429.0,2957.0,11.0,7.0,1,172,0,204
385,124,643.0,2945.0,15.0,7.0,1,175,0,202
385,130,599.0,2946.0,9.0,13.0,1,161,0,188
385,156,466.0,2958.0,10.0,6.0,1,90,0,114
385,157,672.0,2938.0,13.0,6.0,0,95,1,114
385,190,745.0,2952.0,12.0,8.0,0,30,1,38
386,0,1731.0,3081.0,15.0,7.0,1,314,0,387
386,32,525.0,2958.0,8.0,6.0,1,266,0,311
386,38,351.0,2949.0,13.0,9.0,1,265,0,305
386,41,312.0,2949.0,10.0,7.0,1,248,0,302
386,42,382.0,2951.0,8.0,9.0,0,247,1,302
386,49,728.0,2951.0,11.0,9.0,0,243,2,296
386,53,402.0,2953.0,10.0,8.0,1,248,0,293
386,62,295.0,2947.0,9.0,9.0,1,245,0,286
386,63,218.0,2950.0,12.0,10.0,1,240,0,286
386,67,483.0,2958.0,13.0,7.0,1,238,0,281
386,68,575.0,2947.0,10.0,12.0,1,251,0,281
386,77,707.0,2947.0,9.0,8.0,1,233,0,272
386,83,445.0,2956.0,12.0,5.0,1,221,0,263
386,84,503.0,2960.0,10.0,7.0,1,220,0,263
386,91,641.0,2930.0,12.0,9.0,0,221,1,253
386,92,685.0,2945.0,12.0,6.0,1,212,0,251
386,104,334.0,2951.0,11.0,8.0,1,198,0,231
386,106,265.0,2950.0,14.0,7.0,1,195,0,231
386,123,426.0,2955.0,9.0,7.0,1,173,0,205
386,124,642.0,2943.0,12.0,8.0,1,176,0,203
386,130,599.0,2946.0,9.0,13.0,0,161,1,189
386,156,463.0,2957.0,9.0,5.0,1,91,0,115
386,157,669.0,2935.0,10.0,8.0,1,96,0,115
386,190,739.0,2950.0,11.0,8.0,1,31,0,39
387,0,1731.0,3081.0,15.0,7.0,0,314,1,388
387,32,520.0,2956.0,9.0,8.0,1,267,0,312
387,38,349.0,2951.0,10.0,7.0,1,266,0,306
387,41,307.0,2949.0,11.0,7.0,1,249,0,303
387,42,382.0,2951.0,8.0,9.0,0,247,2,303
387,49,718.0,2949.0,11.0,6.0,1,244,0,297
387,53,398.0,2953.0,11.0,7.0,1,249,0,294
387,62,295.0,2947.0,9.0,9.0,0,245,1,287
387,63,242.0,2950.0,10.0,9.0,1,241,0,287
387,67,477.0,2958.0,13.0,10.0,1,239,0,282
387,68,574.0,2951.0,9.0,8.0,1,252,0,282
387,77,707.0,2947.0,9.0,8.0,0,233,1,273
387,83,445.0,2956.0,12.0,5.0,0,221,1,264
387,84,497.0,2960.0,12.0,8.0,1,221,0,264
387,91,641.0,2930.0,12.0,9.0,0,221,2,254
387,92,682.0,2943.0,12.0,7.0,1,213,0,252
387,104,326.0,2952.0,10.0,7.0,1,199,0,232
387,106,261.0,2951.0,15.0,7.0,1,196,0,232
387,123,422.0,2955.0,9.0,5.0,1,174,0,206
387,124,636.0,2943.0,14.0,7.0,1,177,0,204
387,130,589.0,2951.0,11.0,11.0,1,162,0,190
387,156,459.0,2955.0,10.0,6.0,1,92,0,116
387,157,662.0,2935.0,12.0,8.0,1,97,0,116
387,190,735.0,2947.0,10.0,12.0,1,32,0,40
388,0,1739.0,3081.0,10.0,8.0,1,315,0,389
388,32,520.0,2956.0,9.0,8.0,0,267,1,313
388,38,349.0,2951.0,10.0,7.0,0,266,1,307
388,41,304.0,2948.0,8.0,7.0,1,250,0,304
388,42,367.0,2951.0,8.0,7.0,1,248,0,304
388,49,718.0,2949.0,11.0,6.0,0,244,1,298
388,53,389.0,2952.0,15.0,9.0,1,250,0,295
388,62,238.0,2951.0,8.0,7.0,1,246,0,288
388,63,208.0,2950.0,12.0,7.0,1,242,0,288
388,67,475.0,2958.0,9.0,5.0,1,240,0,283
388,68,571.0,2951.0,5.0,4.0,1,253,0,283
388,77,702.0,2943.0,10.0,9.0,1,234,0,274
388,83,434.0,2955.0,11.0,9.0,1,222,0,265
388,84,495.0,2959.0,9.0,6.0,1,222,0,265
388,91,629.0,2931.0,13.0,7.0,1,222,0,255
388,92,678.0,2942.0,10.0,8.0,1,214,0,253
388,104,322.0,2951.0,12.0,6.0,1,200,0,233
388,106,256.0,2951.0,14.0,7.0,1,197,0,233
388,123,415.0,2956.0,12.0,5.0,1,175,0,207
388,124,636.0,2942.0,12.0,7.0,1,178,0,205
388,130,587.0,2950.0,10.0,6.0,1,163,0,191
388,156,459.0,2955.0,10.0,6.0,0,92,1,117
388,157,662.0,2935.0,12.0,8.0,0,97,1,117
388,190,735.0,2951.0,10.0,10.0,1,33,0,41
389,0,1742.0,3078.0,14.0,7.0,1,316,0,390
389,32,509.0,2956.0,12.0,8.0,1,268,0,314
389,38,339.0,2949.0,12.0,9.0,1,267,0,308
389,41,298.0,2948.0,9.0,7.0,1,251,0,305
389,42,363.0,2950.0,8.0,6.0,1,249,0,305
389,49,712.0,2950.0,11.0,6.0,1,245,0,299
389,53,389.0,2952.0,15.0,9.0,0,250,1,296
389,62,230.0,2951.0,10.0,9.0,1,247,0,289
389,63,204.0,2951.0,12.0,9.0,1,243,0,289
389,67,469.0,2956.0,11.0,7.0,1,241,0,284
389,68,571.0,2951.0,5.0,4.0,0,253,1,284
389,77,695.0,2945.0,13.0,8.0,1,235,0,275
389,83,429.0,2952.0,11.0,8.0,1,223,0,266
389,84,489.0,2959.0,12.0,6.0,1,223,0,266
389,91,629.0,2928.0,11.0,7.0,1,223,0,256
389,92,678.0,2942.0,10.0,8.0,0,214,1,254
389,104,319.0,2948.0,11.0,10.0,1,201,0,234
389,106,279.0,2947.0,9.0,9.0,1,198,0,234
389,123,411.0,2955.0,12.0,6.0,1,176,0,208
389,124,632.0,2943.0,16.0,8.0,1,179,0,206
389,130,583.0,2947.0,13.0,9.0,1,164,0,192
389,156,459.0,2955.0,10.0,6.0,0,92,2,118
389,157,654.0,2934.0,13.0,10.0,1,98,0,118
389,190,735.0,2951.0,10.0,10.0,0,33,1,42
390,0,1748.0,3074.0,9.0,11.0,1,317,0,391
390,32,506.0,2954.0,11.0,7.0,1,269,0,315
390,38,335.0,2949.0,10.0,6.0,1,268,0,309
390,41,276.0,2947.0,9.0,8.0,1,252,0,306
390,42,357.0,2950.0,10.0,6.0,1,250,0,306
390,49,711.0,2948.0,9.0,6.0,1,246,0,300
390,53,384.0,2951.0,11.0,8.0,1,251,0,297
390,62,228.0,2950.0,6.0,9.0,1,248,0,290
390,63,198.0,2950.0,10.0,9.0,1,244,0,290
390,67,465.0,2956.0,12.0,8.0,1,242,0,285
390,68,561.0,2946.0,13.0,9.0,1,254,0,285
390,77,694.0,2943.0,10.0,10.0,1,236,0,276
390,83,427.0,2954.0,9.0,5.0,1,224,0,267
390,84,482.0,2959.0,15.0,6.0,1,224,0,267
390,91,625.0,2928.0,8.0,8.0,1,224,0,257
390,92,670.0,2941.0,14.0,6.0,1,215,0,255
390,104,315.0,2948.0,10.0,8.0,1,202,0,235
390,106,245.0,2949.0,15.0,8.0,1,199,0,235
390,123,407.0,2953.0,10.0,5.0,1,177,0,209
390,124,631.0,2939.0,11.0,9.0,1,180,0,207
390,130,579.0,2948.0,14.0,10.0,1,165,0,193
390,156,459.0,2955.0,10.0,6.0,0,92,3,119
390,157,653.0,2929.0,12.0,13.0,1,99,0,119
390,190,735.0,2951.0,10.0,10.0,0,33,2,43
391,0,1748.0,3074.0,9.0,11.0,0,317,1,392
391,32,502.0,2954.0,11.0,7.0,1,270,0,316
391,38,328.0,2948.0,13.0,7.0,1,269,0,310
391,41,269.0,2948.0,9.0,8.0,1,253,0,307
391,42,309.0,2949.0,12.0,9.0,1,251,0,307
391,49,707.0,2948.0,10.0,6.0,1,247,0,301
391,53,379.0,2951.0,11.0,8.0,1,252,0,298
391,62,223.0,2950.0,6.0,6.0,1,249,0,291
391,63,194.0,2949.0,11.0,8.0,1,245,0,291
391,67,460.0,2955.0,13.0,9.0,1,243,0,286
391,68,559.0,2947.0,10.0,10.0,1,255,0,286
391,77,691.0,2941.0,11.0,9.0,1,237,0,277
391,83,420.0,2952.0,13.0,8.0,1,225,0,268
391,84,479.0,2957.0,11.0,8.0,1,225,0,268
391,91,625.0,2928.0,8.0,8.0,0,224,1,258
391,92,668.0,2938.0,11.0,8.0,1,216,0,256
391,104,289.0,2947.0,11.0,8.0,1,203,0,236
391,106,239.0,2951.0,16.0,5.0,1,200,0,236
391,123,403.0,2953.0,10.0,5.0,1,178,0,210
391,124,627.0,2939.0,14.0,8.0,1,181,0,208
391,130,578.0,2946.0,10.0,11.0,1,166,0,194
391,156,437.0,2952.0,11.0,8.0,1,93,0,120
391,157,653.0,2929.0,12.0,13.0,0,99,1,120
391,190,723.0,2948.0,10.0,7.0,1,34,0,44
392,0,1744.0,3076.0,20.0,14.0,1,318,0,393
392,32,496.0,2955.0,13.0,8.0,1,271,0,317
392,38,347.0,2950.0,11.0,7.0,1,270,0,311
392,41,262.0,2948.0,11.0,8.0,1,254,0,308
392,42,323.0,2948.0,14.0,9.0,1,252,0,308
392,49,703.0,2948.0,11.0,8.0,1,248,0,302
392,53,373.0,2950.0,12.0,11.0,1,253,0,299
392,62,214.0,2950.0,11.0,6.0,1,250,0,292
392,63,187.0,2951.0,13.0,5.0,1,246,0,292
392,67,460.0,2955.0,13.0,9.0,0,243,1,287
392,68,555.0,2947.0,12.0,7.0,1,256,0,287
392,77,688.0,2943.0,11.0,6.0,1,238,0,278
392,83,417.0,2953.0,10.0,8.0,1,226,0,269
392,84,478.0,2956.0,11.0,8.0,1,226,0,269
392,91,557.0,3042.0,8.0,5.0,1,225,0,259
392,92,662.0,2941.0,12.0,6.0,1,217,0,257
392,104,285.0,2947.0,9.0,7.0,1,204,0,237
392,106,234.0,2949.0,15.0,7.0,1,201,0,237
392,123,396.0,2953.0,12.0,7.0,1,179,0,211
392,124,625.0,2941.0,12.0,7.0,1,182,0,209
392,130,576.0,2945.0,12.0,9.0,1,167,0,195
392,156,437.0,2952.0,11.0,8.0,0,93,1,121
392,157,653.0,2929.0,12.0,13.0,0,99,2,121
392,190,720.0,2948.0,12.0,10.0,1,35,0,45
393,0,1751.0,3076.0,12.0,8.0,1,319,0,394
393,32,491.0,2953.0,13.0,8.0,1,272,0,318
393,38,321.0,2946.0,11.0,9.0,1,271,0,312
393,41,258.0,2948.0,11.0,7.0,1,255,0,309
393,42,300.0,2946.0,12.0,9.0,1,253,0,309
393,49,701.0,2947.0,10.0,6.0,1,249,0,303
393,53,373.0,2950.0,12.0,11.0,0,253,1,300
393,62,210.0,2951.0,9.0,8.0,1,251,0,293
393,63,183.0,2950.0,10.0,8.0,1,247,0,293
393,67,450.0,2954.0,13.0,6.0,1,244,0,288
393,68,553.0,2943.0,9.0,10.0,1,257,0,288
393,77,683.0,2942.0,13.0,8.0,1,239,0,279
393,83,412.0,2950.0,12.0,8.0,1,227,0,270
393,84,478.0,2956.0,11.0,8.0,0,226,1,270
393,91,557.0,3042.0,8.0,5.0,0,225,1,260
393,92,662.0,2939.0,11.0,9.0,1,218,0,258
393,104,280.0,2946.0,10.0,7.0,1,205,0,238
393,106,234.0,2949.0,15.0,7.0,0,201,1,238
393,123,392.0,2950.0,12.0,10.0,1,180,0,212
393,124,625.0,2941.0,12.0,7.0,0,182,1,210
393,130,570.0,2942.0,13.0,11.0,1,168,0,196
393,156,428.0,2953.0,11.0,7.0,1,94,0,122
393,157,653.0,2929.0,12.0,13.0,0,99,3,122
393,190,717.0,2947.0,12.0,9.0,1,36,0,46
394,0,1751.0,3076.0,12.0,8.0,0,319,1,395
394,32,487.0,2952.0,12.0,8.0,1,273,0,319
394,38,342.0,2947.0,9.0,7.0,1,272,0,313
394,41,254.0,2947.0,11.0,9.0,1,256,0,310
394,42,295.0,2946.0,13.0,10.0,1,254,0,310
394,49,701.0,2947.0,10.0,6.0,0,249,1,304
394,53,367.0,2946.0,9.0,9.0,1,254,0,301
394,62,210.0,2951.0,9.0,8.0,0,251,1,294
394,63,183.0,2950.0,10.0,8.0,0,247,1,294
394,67,447.0,2953.0,9.0,7.0,1,245,0,289
394,68,547.0,2945.0,10.0,8.0,1,258,0,289
394,77,683.0,2942.0,13.0,8.0,0,239,1,280
394,83,408.0,2950.0,11.0,7.0,1,228,0,271
394,84,466.0,2957.0,11.0,7.0,1,227,0,271
394,91,557.0,3042.0,8.0,5.0,0,225,2,261
394,92,657.0,2937.0,15.0,7.0,1,219,0,259
394,104,317.0,2945.0,12.0,9.0,1,206,0,239
394,106,224.0,2948.0,13.0,8.0,1,202,0,239
394,123,391.0,2951.0,9.0,5.0,1,181,0,213
394,124,620.0,2938.0,12.0,6.0,1,183,0,211
394,130,610.0,2926.0,10.0,7.0,1,169,0,197
394,156,425.0,2951.0,10.0,6.0,1,95,0,123
394,157,641.0,2928.0,9.0,8.0,1,100,0,123
394,190,714.0,2945.0,12.0,9.0,1,37,0,47
395,0,1751.0,3076.0,12.0,8.0,0,319,2,396
395,32,483.0,2952.0,10.0,8.0,1,274,0,320
395,38,335.0,2947.0,9.0,6.0,1,273,0,314
395,41,269.0,2947.0,12.0,9.0,1,257,0,311
395,42,289.0,2948.0,12.0,10.0,1,255,0,311
395,49,696.0,2944.0,8.0,8.0,1,250,0,305
395,53,363.0,2950.0,8.0,5.0,1,255,0,302
395,62,210.0,2951.0,9.0,8.0,0,251,2,295
395,63,171.0,2947.0,12.0,8.0,1,248,0,295
395,67,442.0,2952.0,10.0,9.0,1,246,0,290
395,68,543.0,2947.0,15.0,11.0,1,259,0,290
395,77,679.0,2939.0,10.0,8.0,1,240,0,281
395,83,402.0,2950.0,11.0,8.0,1,229,0,272
395,84,462.0,2956.0,11.0,7.0,1,228,0,272
395,91,567.0,2942.0,10.0,9.0,1,226,0,262
395,92,656.0,2935.0,12.0,8.0,1,220,0,260
395,104,317.0,2945.0,12.0,9.0,0,206,1,240
395,106,217.0,2949.0,16.0,8.0,1,203,0,240
395,123,386.0,2950.0,7.0,6.0,1,182,0,214
395,124,617.0,2936.0,11.0,7.0,1,184,0,212
395,130,606.0,2926.0,12.0,7.0,1,170,0,198
395,156,421.0,2951.0,11.0,7.0,1,96,0,124
395,157,633.0,2929.0,13.0,8.0,1,101,0,124
395,190,713.0,2945.0,9.0,7.0,1,38,0,48
396,0,1753.0,3072.0,15.0,8.0,1,320,0,397
396,32,478.0,2954.0,12.0,6.0,1,275,0,321
396,38,329.0,2947.0,12.0,7.0,1,274,0,315
396,41,242.0,2948.0,13.0,9.0,1,258,0,312
396,42,265.0,2946.0,10.0,7.0,1,256,0,312
396,49,691.0,2944.0,10.0,8.0,1,251,0,306
396,53,353.0,2946.0,14.0,10.0,1,256,0,303
396,62,195.0,2951.0,8.0,6.0,1,252,0,296
396,63,168.0,2950.0,11.0,7.0,1,249,0,296
396,67,441.0,2951.0,9.0,8.0,1,247,0,291
396,68,542.0,2943.0,11.0,8.0,1,260,0,291
396,77,675.0,2939.0,10.0,7.0,1,241,0,282
396,83,398.0,2949.0,12.0,8.0,1,230,0,273
396,84,460.0,2954.0,8.0,7.0,1,229,0,273
396,91,566.0,2938.0,10.0,14.0,1,227,0,263
396,92,651.0,2935.0,11.0,9.0,1,221,0,261
396,104,305.0,2946.0,12.0,8.0,1,207,0,241
396,106,214.0,2948.0,15.0,8.0,1,204,0,241
396,123,386.0,2950.0,7.0,6.0,0,182,1,215
396,124,614.0,2937.0,10.0,6.0,1,185,0,213
396,130,602.0,2922.0,11.0,7.0,1,171,0,199
396,156,414.0,2952.0,10.0,6.0,1,97,0,125
396,157,631.0,2928.0,12.0,10.0,1,102,0,125
396,190,708.0,2944.0,12.0,9.0,1,39,0,49
397,0,1753.0,3072.0,15.0,8.0,0,320,1,398
397,32,478.0,2954.0,12.0,6.0,0,275,1,322
397,38,327.0,2946.0,9.0,8.0,1,275,0,316
397,41,238.0,2946.0,11.0,7.0,1,259,0,313
397,42,260.0,2946.0,10.0,8.0,1,257,0,313
397,49,691.0,2944.0,10.0,8.0,0,251,1,307
397,53,353.0,2946.0,14.0,10.0,0,256,1,304
397,62,187.0,2951.0,13.0,6.0,1,253,0,297
397,63,162.0,2950.0,11.0,7.0,1,250,0,297
397,67,435.0,2950.0,10.0,8.0,1,248,0,292
397,68,538.0,2940.0,12.0,10.0,1,261,0,292
397,77,671.0,2938.0,12.0,11.0,1,242,0,283
397,83,397.0,2947.0,10.0,9.0,1,231,0,274
397,84,455.0,2955.0,9.0,5.0,1,230,0,274
397,91,559.0,2942.0,12.0,8.0,1,228,0,264
397,92,646.0,2935.0,11.0,8.0,1,222,0,262
397,104,282.0,2947.0,10.0,6.0,1,208,0,242
397,106,210.0,2948.0,14.0,7.0,1,205,0,242
397,123,386.0,2950.0,7.0,6.0,0,182,2,216
397,124,610.0,2936.0,12.0,8.0,1,186,0,214
397,130,602.0,2922.0,11.0,7.0,0,171,1,200
397,156,410.0,2950.0,10.0,8.0,1,98,0,126
397,157,630.0,2926.0,11.0,8.0,1,103,0,126
397,190,705.0,2943.0,11.0,9.0,1,40,0,50
398,0,1753.0,3072.0,15.0,8.0,0,320,2,399
398,32,471.0,2949.0,10.0,8.0,1,276,0,323
398,38,324.0,2944.0,7.0,8.0,1,276,0,317
398,41,234.0,2946.0,10.0,8.0,1,260,0,314
398,42,254.0,2947.0,12.0,9.0,1,258,0,314
398,49,687.0,2942.0,10.0,6.0,1,252,0,308
398,53,353.0,2946.0,14.0,10.0,0,256,2,305
398,62,184.0,2950.0,8.0,6.0,1,254,0,298
398,63,159.0,2948.0,10.0,6.0,1,251,0,298
398,67,430.0,2952.0,11.0,8.0,1,249,0,293
398,68,539.0,2944.0,10.0,6.0,1,262,0,293
398,77,668.0,2935.0,13.0,11.0,1,243,0,284
398,83,392.0,2947.0,11.0,8.0,1,232,0,275
398,84,448.0,2954.0,12.0,6.0,1,231,0,275
398,91,559.0,2942.0,9.0,10.0,1,229,0,265
398,92,646.0,2935.0,11.0,8.0,0,222,1,263
398,104,282.0,2947.0,10.0,6.0,0,208,1,243
398,106,210.0,2948.0,14.0,7.0,0,205,1,243
398,123,372.0,2947.0,8.0,7.0,1,183,0,217
398,124,609.0,2933.0,11.0,8.0,1,187,0,215
398,130,596.0,2922.0,14.0,6.0,1,172,0,201
398,156,407.0,2951.0,9.0,6.0,1,99,0,127
398,157,627.0,2926.0,10.0,7.0,1,104,0,127
398,190,705.0,2943.0,11.0,9.0,0,40,1,51
399,0,1761.0,3070.0,15.0,11.0,1,321,0,400
399,32,464.0,2950.0,12.0,6.0,1,277,0,324
399,38,318.0,2945.0,8.0,7.0,1,277,0,318
399,41,227.0,2946.0,10.0,9.0,1,261,0,315
399,42,248.0,2946.0,13.0,8.0,1,259,0,315
399,49,683.0,2942.0,11.0,6.0,1,253,0,309
399,53,353.0,2946.0,14.0,10.0,0,256,3,306
399,62,184.0,2950.0,8.0,6.0,0,254,1,299
399,63,153.0,2947.0,9.0,7.0,1,252,0,299
399,67,424.0,2952.0,10.0,7.0,1,250,0,294
399,68,534.0,2942.0,11.0,8.0,1,263,0,294
399,77,666.0,2934.0,12.0,11.0,1,244,0,285
399,83,392.0,2947.0,11.0,8.0,0,232,1,276
399,84,443.0,2953.0,12.0,8.0,1,232,0,276
399,91,559.0,2942.0,9.0,10.0,0,229,1,266
399,92,642.0,2932.0,9.0,7.0,1,223,0,264
399,104,293.0,2944.0,11.0,7.0,1,209,0,244
399,106,210.0,2948.0,14.0,7.0,0,205,2,244
399,123,368.0,2947.0,7.0,8.0,1,184,0,218
399,124,609.0,2933.0,11.0,8.0,0,187,1,216
399,130,590.0,2922.0,14.0,8.0,1,173,0,202
399,156,403.0,2950.0,10.0,5.0,1,100,0,128
399,157,621.0,2926.0,13.0,10.0,1,105,0,128
399,190,701.0,2942.0,11.0,7.0,1,41,0,52
400,0,1766.0,3069.0,11.0,11.0,1,322,0,401
400,32,458.0,2949.0,12.0,9.0,1,278,0,325
400,38,267.0,2947.0,9.0,7.0,1,278,0,319
400,41,222.0,2947.0,11.0,9.0,1,262,0,316
400,42,244.0,2943.0,13.0,10.0,1,260,0,316
400,49,683.0,2942.0,11.0,6.0,0,253,1,310
400,53,337.0,2947.0,13.0,7.0,1,257,0,307
400,62,174.0,2951.0,10.0,6.0,1,255,0,300
400,63,146.0,2948.0,10.0,8.0,1,253,0,300
400,67,421.0,2950.0,9.0,5.0,1,251,0,295
400,68,531.0,2943.0,12.0,6.0,1,264,0,295
400,77,662.0,2934.0,10.0,9.0,1,245,0,286
400,83,379.0,2945.0,10.0,7.0,1,233,0,277
400,84,443.0,2953.0,12.0,8.0,0,232,1,277
400,91,553.0,2935.0,14.0,15.0,1,230,0,267
400,92,636.0,2931.0,12.0,10.0,1,224,0,265
400,104,288.0,2942.0,11.0,10.0,1,210,0,245
400,106,194.0,2947.0,14.0,9.0,1,206,0,245
400,123,359.0,2947.0,13.0,8.0,1,185,0,219
400,124,600.0,2933.0,13.0,7.0,1,188,0,217
400,130,586.0,2921.0,12.0,7.0,1,174,0,203
400,156,398.0,2949.0,10.0,5.0,1,101,0,129
400,157,617.0,2924.0,10.0,10.0,1,106,0,129
400,190,698.0,2943.0,11.0,6.0,1,42,0,53
401,0,1762.0,3069.0,17.0,11.0,1,323,0,402
401,32,452.0,2947.0,14.0,9.0,1,279,0,326
401,38,282.0,2945.0,12.0,8.0,1,279,0,320
401,41,237.0,2946.0,14.0,9.0,1,263,0,317
401,42,261.0,2943.0,13.0,10.0,1,261,0,317
401,49,677.0,2938.0,11.0,8.0,1,254,0,311
401,53,331.0,2945.0,14.0,7.0,1,258,0,308
401,62,174.0,2951.0,10.0,6.0,0,255,1,301
401,63,146.0,2948.0,10.0,8.0,0,253,1,301
401,67,414.0,2947.0,13.0,9.0,1,252,0,296
401,68,526.0,2938.0,15.0,11.0,1,265,0,296
401,77,658.0,2935.0,11.0,9.0,1,246,0,287
401,83,379.0,2945.0,10.0,7.0,1,234,0,278
401,84,443.0,2953.0,12.0,8.0,0,232,2,278
401,91,551.0,2938.0,13.0,10.0,1,231,0,268
401,92,633.0,2928.0,12.0,9.0,1,225,0,266
401,104,307.0,2945.0,10.0,8.0,1,211,0,246
401,106,194.0,2947.0,14.0,9.0,0,206,1,246
401,123,356.0,2946.0,11.0,8.0,1,186,0,220
401,124,597.0,2931.0,13.0,9.0,1,189,0,218
401,130,584.0,2918.0,12.0,10.0,1,175,0,204
401,156,391.0,2948.0,13.0,9.0,1,102,0,130
401,157,614.0,2919.0,12.0,10.0,1,107,0,130
401,190,695.0,2941.0,10.0,8.0,1,43,0,54
402,0,1766.0,3073.0,15.0,8.0,1,324,0,403
402,32,450.0,2944.0,13.0,9.0,1,280,0,327
402,38,278.0,2944.0,12.0,8.0,1,280,0,321
402,41,234.0,2946.0,13.0,9.0,1,264,0,318
402,42,257.0,2944.0,12.0,9.0,1,262,0,318
402,49,676.0,2936.0,9.0,9.0,1,255,0,312
402,53,328.0,2942.0,12.0,9.0,1,259,0,309
402,62,174.0,2951.0,10.0,6.0,0,255,2,302
402,63,139.0,2945.0,9.0,8.0,1,254,0,302
402,67,412.0,2950.0,9.0,6.0,1,253,0,297
402,68,527.0,2941.0,10.0,9.0,1,266,0,297
402,77,656.0,2934.0,9.0,7.0,1,247,0,288
402,83,379.0,2945.0,10.0,7.0,0,234,1,279
402,84,443.0,2953.0,12.0,8.0,0,232,3,279
402,91,550.0,2938.0,11.0,9.0,1,232,0,269
402,92,632.0,2928.0,11.0,8.0,1,226,0,267
402,104,302.0,2943.0,10.0,9.0,1,212,0,247
402,106,183.0,2946.0,15.0,9.0,1,207,0,247
402,123,353.0,2944.0,7.0,9.0,1,187,0,221
402,124,597.0,2931.0,13.0,9.0,0,189,1,219
402,130,581.0,2918.0,11.0,9.0,1,176,0,205
402,156,391.0,2948.0,13.0,9.0,0,102,1,131
402,157,614.0,2919.0,12.0,10.0,0,107,1,131
402,190,693.0,2936.0,9.0,8.0,1,44,0,55
403,0,1766.0,3073.0,15.0,8.0,0,324,1,404
403,32,445.0,2945.0,12.0,8.0,1,281,0,328
403,38,271.0,2942.0,14.0,9.0,1,281,0,322
403,41,234.0,2946.0,13.0,9.0,0,264,1,319
403,42,249.0,2947.0,12.0,8.0,1,263,0,319
403,49,671.0,2939.0,9.0,5.0,1,256,0,313
403,53,323.0,2943.0,12.0,9.0,1,260,0,310
403,62,161.0,2947.0,7.0,9.0,1,256,0,303
403,63,133.0,2946.0,10.0,7.0,1,255,0,303
403,67,405.0,2949.0,13.0,7.0,1,254,0,298
403,68,522.0,2939.0,10.0,9.0,1,267,0,298
403,77,654.0,2931.0,10.0,7.0,1,248,0,289
403,83,367.0,2945.0,13.0,8.0,1,235,0,280
403,84,427.0,2951.0,10.0,4.0,1,233,0,280
403,91,550.0,2938.0,11.0,9.0,0,232,1,270
403,92,627.0,2928.0,10.0,7.0,1,227,0,268
403,104,300.0,2943.0,8.0,9.0,1,213,0,248
403,106,177.0,2947.0,16.0,9.0,1,208,0,248
403,123,350.0,2944.0,7.0,10.0,1,188,0,222
403,124,597.0,2931.0,13.0,9.0,0,189,2,220
403,130,576.0,2918.0,12.0,10.0,1,177,0,206
403,156,384.0,2946.0,12.0,6.0,1,103,0,132
403,157,607.0,2922.0,10.0,7.0,1,108,0,132
403,190,693.0,2936.0,9.0,8.0,0,44,1,56
404,0,1767.0,3070.0,13.0,10.0,1,325,0,405
404,32,440.0,2946.0,13.0,11.0,1,282,0,329
404,38,248.0,2947.0,9.0,7.0,1,282,0,323
404,41,224.0,2945.0,12.0,7.0,1,265,0,320
404,42,201.0,2947.0,13.0,9.0,1,264,0,320
404,49,668.0,2935.0,8.0,8.0,1,257,0,314
404,53,317.0,2944.0,13.0,9.0,1,261,0,311
404,62,151.0,2949.0,9.0,5.0,1,257,0,304
404,63,126.0,2947.0,10.0,7.0,1,256,0,304
404,67,401.0,2946.0,13.0,7.0,1,255,0,299
404,68,520.0,2938.0,9.0,8.0,1,268,0,299
404,77,650.0,2931.0,8.0,6.0,1,249,0,290
404,83,362.0,2943.0,11.0,9.0,1,236,0,281
404,84,422.0,2946.0,11.0,10.0,1,234,0,281
404,91,545.0,2938.0,10.0,6.0,1,233,0,271
404,92,623.0,2928.0,10.0,9.0,1,228,0,269
404,104,293.0,2944.0,11.0,9.0,1,214,0,249
404,106,172.0,2947.0,17.0,9.0,1,209,0,249
404,123,343.0,2943.0,10.0,10.0,1,189,0,223
404,124,597.0,2931.0,13.0,9.0,0,189,3,221
404,130,573.0,2919.0,12.0,6.0,1,178,0,207
404,156,379.0,2946.0,11.0,6.0,1,104,0,133
404,157,603.0,2920.0,11.0,7.0,1,109,0,133
404,190,687.0,2938.0,10.0,7.0,1,45,0,57
405,0,1770.0,3067.0,14.0,12.0,1,326,0,406
405,32,437.0,2945.0,12.0,8.0,1,283,0,330
405,38,245.0,2943.0,8.0,10.0,1,283,0,324
405,41,224.0,2945.0,12.0,7.0,0,265,1,321
405,42,194.0,2946.0,13.0,6.0,1,265,0,321
405,49,666.0,2932.0,8.0,9.0,1,258,0,315
405,53,314.0,2943.0,12.0,8.0,1,262,0,312
405,62,147.0,2948.0,10.0,8.0,1,258,0,305
405,63,121.0,2946.0,10.0,6.0,1,257,0,305
405,67,398.0,2943.0,11.0,10.0,1,256,0,300
405,68,517.0,2937.0,9.0,7.0,1,269,0,300
405,77,650.0,2931.0,8.0,6.0,0,249,1,291
405,83,360.0,2942.0,12.0,8.0,1,237,0,282
405,84,422.0,2946.0,11.0,10.0,0,234,1,282
405,91,542.0,2937.0,11.0,8.0,1,234,0,272
405,92,621.0,2926.0,8.0,7.0,1,229,0,270
405,104,264.0,2943.0,12.0,10.0,1,215,0,250
405,106,168.0,2945.0,15.0,8.0,1,210,0,250
405,123,338.0,2943.0,10.0,10.0,1,190,0,224
405,124,597.0,2931.0,13.0,9.0,0,189,4,222
405,130,571.0,2918.0,9.0,6.0,1,179,0,208
405,156,375.0,2946.0,9.0,6.0,1,105,0,134
405,157,600.0,2919.0,9.0,7.0,1,110,0,134
405,190,684.0,2936.0,9.0,8.0,1,46,0,58
406,0,1770.0,3067.0,14.0,12.0,0,326,1,407
406,32,437.0,2945.0,12.0,8.0,0,283,1,331
406,38,236.0,2944.0,13.0,9.0,1,284,0,325
406,41,259.0,2944.0,12.0,8.0,1,266,0,322
406,42,190.0,2946.0,12.0,7.0,1,266,0,322
406,49,661.0,2932.0,11.0,8.0,1,259,0,316
406,53,309.0,2939.0,12.0,11.0,1,263,0,313
406,62,143.0,2947.0,9.0,5.0,1,259,0,306
406,63,117.0,2944.0,11.0,9.0,1,258,0,306
406,67,393.0,2945.0,9.0,8.0,1,257,0,301
406,68,511.0,2939.0,14.0,6.0,1,270,0,301
406,77,650.0,2931.0,8.0,6.0,0,249,2,292
406,83,355.0,2941.0,10.0,8.0,1,238,0,283
406,84,411.0,2947.0,13.0,10.0,1,235,0,283
406,91,542.0,2937.0,11.0,8.0,0,234,1,273
406,92,617.0,2924.0,10.0,9.0,1,230,0,271
406,104,283.0,2943.0,10.0,7.0,1,216,0,251
406,106,214.0,2946.0,10.0,7.0,1,211,0,251
406,123,334.0,2943.0,7.0,7.0,1,191,0,225
406,124,583.0,2926.0,11.0,9.0,1,190,0,223
406,130,571.0,2918.0,9.0,6.0,0,179,1,209
406,156,371.0,2944.0,8.0,7.0,1,106,0,135
406,157,597.0,2919.0,9.0,6.0,1,111,0,135
406,190,683.0,2931.0,7.0,9.0,1,47,0,59
407,0,1771.0,3071.0,18.0,10.0,1,327,0,408
407,32,429.0,2943.0,9.0,9.0,1,284,0,332
407,38,231.0,2945.0,11.0,9.0,1,285,0,326
407,41,253.0,2943.0,12.0,8.0,1,267,0,323
407,42,155.0,2947.0,16.0,7.0,1,267,0,323
407,49,659.0,2934.0,9.0,6.0,1,260,0,317
407,53,305.0,2941.0,10.0,8.0,1,264,0,314
407,62,136.0,2946.0,11.0,7.0,1,260,0,307
407,63,110.0,2944.0,10.0,9.0,1,259,0,307
407,67,388.0,2944.0,12.0,9.0,1,258,0,302
407,68,510.0,2937.0,12.0,8.0,1,271,0,302
407,77,650.0,2931.0,8.0,6.0,0,249,3,293
407,83,350.0,2942.0,9.0,8.0,1,239,0,284
407,84,408.0,2946.0,8.0,7.0,1,236,0,284
407,91,542.0,2937.0,11.0,8.0,0,234,2,274
407,92,612.0,2924.0,12.0,9.0,1,231,0,272
407,104,278.0,2943.0,10.0,6.0,1,217,0,252
407,106,185.0,2947.0,12.0,7.0,1,212,0,252
407,123,210.0,2946.0,8.0,6.0,1,192,0,226
407,124,579.0,2927.0,11.0,8.0,1,191,0,224
407,130,571.0,2918.0,9.0,6.0,0,179,2,210
407,156,367.0,2943.0,10.0,7.0,1,107,0,136
407,157,592.0,2919.0,12.0,7.0,1,112,0,136
407,190,676.0,2933.0,13.0,9.0,1,48,0,60
408,0,1771.0,3071.0,18.0,10.0,0,327,1,409
408,32,421.0,2943.0,14.0,9.0,1,285,0,333
408,38,225.0,2946.0,13.0,7.0,1,286,0,327
408,41,249.0,2944.0,11.0,8.0,1,268,0,324
408,42,155.0,2947.0,16.0,7.0,0,267,1,324
408,49,652.0,2931.0,12.0,8.0,1,261,0,318
408,53,297.0,2942.0,14.0,10.0,1,265,0,315
408,62,130.0,2947.0,12.0,7.0,1,261,0,308
408,63,103.0,2946.0,13.0,9.0,1,260,0,308
408,67,388.0,2944.0,12.0,9.0,0,258,1,303
408,68,508.0,2935.0,12.0,8.0,1,272,0,303
408,77,634.0,2926.0,10.0,10.0,1,250,0,294
408,83,323.0,2942.0,10.0,7.0,1,240,0,285
408,84,408.0,2946.0,8.0,7.0,0,236,1,285
408,91,535.0,2935.0,10.0,5.0,1,235,0,275
408,92,608.0,2923.0,10.0,6.0,1,232,0,273
408,104,272.0,2943.0,10.0,7.0,1,218,0,253
408,106,205.0,2947.0,8.0,6.0,1,213,0,253
408,123,210.0,2946.0,8.0,6.0,0,192,1,227
408,124,575.0,2927.0,10.0,8.0,1,192,0,225
408,130,558.0,2916.0,12.0,8.0,1,180,0,211
408,156,365.0,2944.0,5.0,5.0,1,108,0,137
408,157,589.0,2917.0,9.0,8.0,1,113,0,137
408,190,673.0,2934.0,12.0,8.0,1,49,0,61
409,0,1775.0,3071.0,10.0,9.0,1,328,0,410
409,32,418.0,2943.0,13.0,9.0,1,286,0,334
409,38,174.0,2946.0,11.0,7.0,1,287,0,328
409,41,249.0,2944.0,11.0,8.0,0,268,1,325
409,42,145.0,2946.0,16.0,7.0,1,268,0,325
409,49,654.0,2926.0,8.0,11.0,1,262,0,319
409,53,293.0,2943.0,12.0,8.0,1,266,0,316
409,62,125.0,2947.0,12.0,6.0,1,262,0,309
409,63,98.0,2945.0,13.0,8.0,1,261,0,309
409,67,377.0,2942.0,12.0,9.0,1,259,0,304
409,68,505.0,2934.0,8.0,8.0,1,273,0,304
409,77,630.0,2926.0,10.0,11.0,1,251,0,295
409,83,343.0,2939.0,9.0,10.0,1,241,0,286
409,84,400.0,2944.0,8.0,8.0,1,237,0,286
409,91,530.0,2933.0,11.0,7.0,1,236,0,276
409,92,603.0,2920.0,13.0,8.0,1,233,0,274
409,104,272.0,2943.0,10.0,7.0,0,218,1,254
409,106,197.0,2947.0,11.0,6.0,1,214,0,254
409,123,210.0,2946.0,8.0,6.0,0,192,2,228
409,124,569.0,2926.0,11.0,8.0,1,193,0,226
409,130,554.0,2913.0,12.0,10.0,1,181,0,212
409,156,356.0,2943.0,13.0,8.0,1,109,0,138
409,157,585.0,2915.0,10.0,7.0,1,114,0,138
409,190,673.0,2934.0,12.0,8.0,0,49,1,62
410,0,1775.0,3068.0,12.0,12.0,1,329,0,411
410,32,411.0,2942.0,14.0,7.0,1,287,0,335
410,38,167.0,2945.0,13.0,8.0,1,288,0,329
410,41,239.0,2945.0,10.0,7.0,1,269,0,326
410,42,142.0,2945.0,15.0,8.0,1,269,0,326
410,49,647.0,2927.0,10.0,8.0,1,263,0,320
410,53,289.0,2939.0,13.0,9.0,1,267,0,317
410,62,122.0,2945.0,8.0,7.0,1,263,0,310
410,63,98.0,2945.0,13.0,8.0,0,261,1,310
410,67,373.0,2942.0,12.0,7.0,1,260,0,305
410,68,503.0,2934.0,10.0,9.0,1,274,0,305
410,77,630.0,2926.0,10.0,11.0,0,251,1,296
410,83,343.0,2939.0,9.0,10.0,0,241,1,287
410,84,393.0,2945.0,12.0,7.0,1,238,0,287
410,91,532.0,2931.0,9.0,8.0,1,237,0,277
410,92,600.0,2920.0,11.0,7.0,1,234,0,275
410,104,262.0,2943.0,11.0,9.0,1,219,0,255
410,106,192.0,2947.0,10.0,6.0,1,215,0,255
410,123,217.0,2945.0,11.0,9.0,1,193,0,229
410,124,569.0,2926.0,11.0,8.0,0,193,1,227
410,130,554.0,2913.0,12.0,10.0,0,181,1,213
410,156,351.0,2942.0,9.0,6.0,1,110,0,139
410,157,579.0,2914.0,13.0,9.0,1,115,0,139
410,190,669.0,2926.0,8.0,12.0,1,50,0,63
411,0,1775.0,3068.0,12.0,12.0,0,329,1,412
411,32,411.0,2942.0,14.0,7.0,0,287,1,336
411,38,162.0,2945.0,14.0,12.0,1,289,0,330
411,41,239.0,2945.0,10.0,7.0,0,269,1,327
411,42,136.0,2946.0,17.0,8.0,1,270,0,327
411,49,644.0,2928.0,12.0,9.0,1,264,0,321
411,53,285.0,2939.0,11.0,9.0,1,268,0,318
411,62,113.0,2942.0,12.0,11.0,1,264,0,311
411,63,85.0,2942.0,14.0,10.0,1,262,0,311
411,67,348.0,2939.0,12.0,7.0,1,261,0,306
411,68,499.0,2935.0,9.0,7.0,1,275,0,306
411,77,625.0,2922.0,8.0,10.0,1,252,0,297
411,83,309.0,2942.0,9.0,6.0,1,242,0,288
411,84,393.0,2945.0,12.0,7.0,0,238,1,288
411,91,528.0,2931.0,11.0,9.0,1,238,0,278
411,92,600.0,2920.0,11.0,7.0,0,234,1,276
411,104,258.0,2943.0,10.0,7.0,1,220,0,256
411,106,192.0,2947.0,10.0,6.0,0,215,1,256
411,123,209.0,2947.0,16.0,9.0,1,194,0,230
411,124,565.0,2923.0,11.0,8.0,1,194,0,228
411,130,550.0,2915.0,11.0,9.0,1,182,0,214
411,156,330.0,2939.0,15.0,9.0,1,111,0,140
411,157,575.0,2915.0,11.0,8.0,1,116,0,140
411,190,669.0,2926.0,8.0,12.0,0,50,1,64
412,0,1775.0,3074.0,14.0,7.0,1,330,0,413
412,32,402.0,2942.0,14.0,8.0,1,288,0,337
412,38,159.0,2946.0,12.0,10.0,1,290,0,331
412,41,277.0,2942.0,14.0,7.0,1,270,0,328
412,42,136.0,2946.0,17.0,8.0,0,270,1,328
412,49,641.0,2926.0,12.0,8.0,1,265,0,322
412,53,304.0,2943.0,8.0,5.0,1,269,0,319
412,62,113.0,2942.0,12.0,11.0,0,264,1,312
412,63,85.0,2942.0,14.0,10.0,0,262,1,312
412,67,365.0,2942.0,13.0,6.0,1,262,0,307
412,68,499.0,2932.0,10.0,9.0,1,276,0,307
412,77,618.0,2923.0,11.0,8.0,1,253,0,298
412,83,326.0,2937.0,16.0,11.0,1,243,0,289
412,84,388.0,2941.0,8.0,8.0,1,239,0,289
412,91,524.0,2932.0,13.0,9.0,1,239,0,279
412,92,593.0,2920.0,13.0,7.0,1,235,0,277
412,104,255.0,2943.0,9.0,7.0,1,221,0,257
412,106,182.0,2946.0,11.0,7.0,1,216,0,257
412,123,206.0,2947.0,11.0,6.0,1,195,0,231
412,124,557.0,2924.0,14.0,9.0,1,195,0,229
412,130,547.0,2915.0,13.0,5.0,1,183,0,215
412,156,345.0,2942.0,8.0,4.0,1,112,0,141
412,157,575.0,2915.0,11.0,8.0,0,116,1,141
412,190,669.0,2926.0,8.0,12.0,0,50,2,65
413,0,1776.0,3073.0,12.0,7.0,1,331,0,414
413,32,397.0,2941.0,12.0,8.0,1,289,0,338
413,38,155.0,2943.0,9.0,9.0,1,291,0,332
413,41,274.0,2943.0,11.0,6.0,1,271,0,329
413,42,124.0,2946.0,18.0,7.0,1,271,0,329
413,49,636.0,2923.0,13.0,9.0,1,266,0,323
413,53,223.0,2943.0,13.0,9.0,1,270,0,320
413,62,104.0,2946.0,12.0,7.0,1,265,0,313
413,63,79.0,2944.0,9.0,8.0,1,263,0,313
413,67,338.0,2940.0,12.0,6.0,1,263,0,308
413,68,380.0,2942.0,11.0,5.0,1,277,0,308
413,77,613.0,2922.0,13.0,11.0,1,254,0,299
413,83,299.0,2943.0,10.0,5.0,1,244,0,290
413,84,360.0,2939.0,12.0,8.0,1,240,0,290
413,91,522.0,2931.0,13.0,9.0,1,240,0,280
413,92,593.0,2920.0,13.0,7.0,0,235,1,278
413,104,248.0,2943.0,8.0,6.0,1,222,0,258
413,106,174.0,2946.0,12.0,7.0,1,217,0,258
413,123,197.0,2943.0,15.0,10.0,1,196,0,232
413,124,558.0,2923.0,10.0,8.0,1,196,0,230
413,130,547.0,2915.0,13.0,5.0,0,183,1,216
413,156,325.0,2937.0,12.0,10.0,1,113,0,142
413,157,575.0,2915.0,11.0,8.0,0,116,2,142
413,190,656.0,2927.0,11.0,8.0,1,51,0,66
414,0,1778.0,3073.0,9.0,7.0,1,332,0,415
414,32,375.0,2942.0,13.0,7.0,1,290,0,339
414,38,155.0,2943.0,9.0,9.0,0,291,1,333
414,41,270.0,2939.0,11.0,7.0,1,272,0,330
414,42,120.0,2946.0,16.0,7.0,1,272,0,330
414,49,632.0,2923.0,14.0,10.0,1,267,0,324
414,53,218.0,2943.0,12.0,9.0,1,271,0,321
414,62,103.0,2946.0,11.0,6.0,1,266,0,314
414,63,73.0,2939.0,12.0,13.0,1,264,0,314
414,67,335.0,2939.0,10.0,6.0,1,264,0,309
414,68,392.0,2938.0,14.0,7.0,1,278,0,309
414,77,612.0,2921.0,10.0,7.0,1,255,0,300
414,83,295.0,2940.0,9.0,6.0,1,245,0,291
414,84,355.0,2939.0,12.0,7.0,1,241,0,291
414,91,521.0,2927.0,11.0,10.0,1,241,0,281
414,92,587.0,2918.0,11.0,6.0,1,236,0,279
414,104,241.0,2943.0,12.0,9.0,1,223,0,259
414,106,170.0,2946.0,10.0,6.0,1,218,0,259
414,123,190.0,2945.0,15.0,7.0,1,197,0,233
414,124,553.0,2921.0,15.0,8.0,1,197,0,231
414,130,547.0,2915.0,13.0,5.0,0,183,2,217
414,156,319.0,2937.0,12.0,7.0,1,114,0,143
414,157,565.0,2913.0,11.0,7.0,1,117,0,143
414,190,654.0,2924.0,11.0,11.0,1,52,0,67
415,0,1777.0,3069.0,11.0,11.0,1,333,0,416
415,32,375.0,2942.0,13.0,7.0,0,290,1,340
415,38,143.0,2947.0,10.0,8.0,1,292,0,334
415,41,265.0,2939.0,11.0,7.0,1,273,0,331
415,42,114.0,2946.0,17.0,8.0,1,273,0,331
415,49,629.0,2923.0,11.0,10.0,1,268,0,325
415,53,218.0,2943.0,12.0,9.0,0,271,1,322
415,62,97.0,2945.0,7.0,6.0,1,267,0,315
415,63,71.0,2941.0,10.0,9.0,1,265,0,315
415,67,335.0,2939.0,10.0,6.0,0,264,1,310
415,68,390.0,2939.0,11.0,6.0,1,279,0,310
415,77,608.0,2919.0,11.0,8.0,1,256,0,301
415,83,289.0,2939.0,11.0,8.0,1,246,0,292
415,84,350.0,2939.0,11.0,8.0,1,242,0,292
415,91,489.0,2931.0,7.0,5.0,1,242,0,282
415,92,581.0,2917.0,13.0,7.0,1,237,0,280
415,104,239.0,2943.0,9.0,8.0,1,224,0,260
415,106,163.0,2946.0,10.0,6.0,1,219,0,260
415,123,188.0,2946.0,14.0,9.0,1,198,0,234
415,124,550.0,2921.0,14.0,7.0,1,198,0,232
415,130,547.0,2915.0,13.0,5.0,0,183,3,218
415,156,319.0,2937.0,12.0,7.0,0,114,1,144
415,157,561.0,2912.0,8.0,8.0,1,118,0,144
415,190,648.0,2927.0,13.0,8.0,1,53,0,68
416,0,1777.0,3069.0,11.0,11.0,0,333,1,417
416,32,368.0,2939.0,9.0,8.0,1,291,0,341
416,38,134.0,2946.0,13.0,8.0,1,293,0,335
416,41,258.0,2941.0,11.0,7.0,1,274,0,332
416,42,114.0,2946.0,17.0,8.0,0,273,1,332
416,49,626.0,2920.0,11.0,11.0,1,269,0,326
416,53,207.0,2945.0,11.0,8.0,1,272,0,323
416,62,87.0,2945.0,12.0,6.0,1,268,0,316
416,63,62.0,2942.0,14.0,9.0,1,266,0,316
416,67,335.0,2939.0,10.0,6.0,0,264,2,311
416,68,385.0,2938.0,13.0,7.0,1,280,0,311
416,77,604.0,2918.0,10.0,8.0,1,257,0,302
416,83,283.0,2941.0,12.0,7.0,1,247,0,293
416,84,345.0,2937.0,13.0,10.0,1,243,0,293
416,91,487.0,2931.0,10.0,6.0,1,243,0,283
416,92,512.0,2928.0,13.0,10.0,1,238,0,281
416,104,239.0,2943.0,9.0,8.0,0,224,1,261
416,106,158.0,2946.0,11.0,6.0,1,220,0,261
416,123,184.0,2946.0,11.0,7.0,1,199,0,235
416,124,545.0,2921.0,12.0,7.0,1,199,0,233
416,130,534.0,2909.0,8.0,10.0,1,184,0,219
416,156,309.0,2935.0,14.0,7.0,1,115,0,145
416,157,558.0,2912.0,5.0,6.0,1,119,0,145
416,190,579.0,2914.0,11.0,7.0,1,54,0,69
417,0,1776.0,3073.0,17.0,12.0,1,334,0,418
417,32,363.0,2940.0,9.0,5.0,1,292,0,342
417,38,130.0,2944.0,13.0,10.0,1,294,0,336
417,41,258.0,2941.0,11.0,7.0,0,274,1,333
417,42,103.0,2944.0,18.0,8.0,1,274,0,333
417,49,622.0,2918.0,12.0,11.0,1,270,0,327
417,53,203.0,2945.0,10.0,8.0,1,273,0,324
417,62,87.0,2945.0,12.0,6.0,0,268,1,317
417,63,58.0,2942.0,10.0,7.0,1,267,0,317
417,67,320.0,2937.0,11.0,7.0,1,265,0,312
417,68,379.0,2937.0,13.0,10.0,1,281,0,312
417,77,642.0,2923.0,11.0,9.0,1,258,0,303
417,83,279.0,2940.0,13.0,8.0,1,248,0,294
417,84,342.0,2936.0,11.0,8.0,1,244,0,294
417,91,485.0,2931.0,8.0,6.0,1,244,0,284
417,92,510.0,2927.0,11.0,9.0,1,239,0,282
417,104,227.0,2943.0,10.0,8.0,1,225,0,262
417,106,158.0,2946.0,11.0,6.0,0,220,1,262
417,123,181.0,2946.0,8.0,8.0,1,200,0,236
417,124,542.0,2920.0,12.0,6.0,1,200,0,234
417,130,555.0,2913.0,6.0,6.0,1,185,0,220
417,156,305.0,2935.0,11.0,8.0,1,116,0,146
417,157,576.0,2914.0,11.0,7.0,1,120,0,146
417,190,599.0,2918.0,13.0,10.0,1,55,0,70
418,0,1777.0,3072.0,11.0,9.0,1,335,0,419
418,32,355.0,2939.0,13.0,8.0,1,293,0,343
418,38,130.0,2944.0,13.0,10.0,0,294,1,337
418,41,249.0,2939.0,9.0,9.0,1,275,0,334
418,42,97.0,2943.0,18.0,9.0,1,275,0,334
418,49,618.0,2919.0,12.0,9.0,1,271,0,328
418,53,197.0,2942.0,12.0,11.0,1,274,0,325
418,62,78.0,2943.0,10.0,7.0,1,269,0,318
418,63,53.0,2938.0,12.0,9.0,1,268,0,318
418,67,320.0,2937.0,11.0,7.0,0,265,1,313
418,68,375.0,2936.0,10.0,7.0,1,282,0,313
418,77,598.0,2918.0,8.0,7.0,1,259,0,304
418,83,274.0,2939.0,10.0,6.0,1,249,0,295
418,84,337.0,2937.0,10.0,6.0,1,245,0,295
418,91,479.0,2931.0,9.0,7.0,1,245,0,285
418,92,509.0,2926.0,11.0,10.0,1,240,0,283
418,104,222.0,2943.0,9.0,9.0,1,226,0,263
418,106,148.0,2945.0,10.0,8.0,1,221,0,263
418,123,181.0,2946.0,8.0,8.0,0,200,1,237
418,124,539.0,2915.0,10.0,11.0,1,201,0,235
418,130,523.0,2910.0,12.0,10.0,1,186,0,221
418,156,300.0,2936.0,12.0,7.0,1,117,0,147
418,157,550.0,2911.0,5.0,8.0,1,121,0,147
418,190,572.0,2913.0,12.0,6.0,1,56,0,71
419,0,1777.0,3071.0,15.0,11.0,1,336,0,420
419,32,353.0,2937.0,10.0,7.0,1,294,0,344
419,38,118.0,2947.0,10.0,5.0,1,295,0,338
419,41,244.0,2939.0,9.0,8.0,1,276,0,335
419,42,91.0,2944.0,17.0,8.0,1,276,0,335
419,49,614.0,2917.0,11.0,9.0,1,272,0,329
419,53,192.0,2943.0,11.0,10.0,1,275,0,326
419,62,71.0,2943.0,12.0,6.0,1,270,0,319
419,63,46.0,2941.0,11.0,7.0,1,269,0,319
419,67,314.0,2933.0,7.0,8.0,1,266,0,314
419,68,372.0,2936.0,9.0,7.0,1,283,0,314
419,77,635.0,2923.0,11.0,6.0,1,260,0,305
419,83,268.0,2937.0,12.0,7.0,1,250,0,296
419,84,330.0,2934.0,14.0,10.0,1,246,0,296
419,91,479.0,2929.0,7.0,9.0,1,246,0,286
419,92,510.0,2926.0,7.0,10.0,1,241,0,284
419,104,216.0,2942.0,10.0,10.0,1,227,0,264
419,106,148.0,2945.0,10.0,8.0,0,221,1,264
419,123,166.0,2947.0,11.0,7.0,1,201,0,238
419,124,535.0,2917.0,10.0,8.0,1,202,0,236
419,130,518.0,2909.0,13.0,8.0,1,187,0,222
419,156,294.0,2935.0,12.0,9.0,1,118,0,148
419,157,567.0,2913.0,11.0,7.0,1,122,0,148
419,190,591.0,2915.0,14.0,8.0,1,57,0,72
420,0,1777.0,3071.0,15.0,11.0,0,336,1,421
420,32,350.0,2935.0,10.0,9.0,1,295,0,345
420,38,114.0,2944.0,10.0,8.0,1,296,0,339
420,41,244.0,2939.0,9.0,8.0,0,276,1,336
420,42,91.0,2944.0,17.0,8.0,0,276,1,336
420,49,611.0,2914.0,11.0,11.0,1,273,0,330
420,53,192.0,2943.0,11.0,10.0,0,275,1,327
420,62,71.0,2943.0,12.0,6.0,0,270,1,320
420,63,46.0,2941.0,11.0,7.0,0,269,1,320
420,67,309.0,2935.0,8.0,5.0,1,267,0,315
420,68,372.0,2936.0,9.0,7.0,0,283,1,315
420,77,631.0,2921.0,10.0,7.0,1,261,0,306
420,83,263.0,2938.0,12.0,7.0,1,251,0,297
420,84,328.0,2933.0,12.0,10.0,1,247,0,297
420,91,475.0,2927.0,9.0,9.0,1,247,0,287
420,92,502.0,2928.0,14.0,9.0,1,242,0,285
420,104,216.0,2942.0,10.0,10.0,0,227,1,265
420,106,148.0,2945.0,10.0,8.0,0,221,2,265
420,123,166.0,2947.0,11.0,7.0,0,201,1,239
420,124,530.0,2916.0,11.0,8.0,1,203,0,237
420,130,517.0,2906.0,10.0,10.0,1,188,0,223
420,156,294.0,2935.0,12.0,9.0,0,118,1,149
420,157,538.0,2911.0,7.0,5.0,1,123,0,149
420,190,563.0,2912.0,12.0,8.0,1,58,0,73
421,0,1774.0,3071.0,19.0,9.0,1,337,0,422
421,32,345.0,2934.0,9.0,9.0,1,296,0,346
421,38,109.0,2943.0,10.0,9.0,1,297,0,340
421,41,231.0,2940.0,13.0,9.0,1,277,0,337
421,42,80.0,2943.0,19.0,8.0,1,277,0,337
421,49,605.0,2913.0,14.0,11.0,1,274,0,331
421,53,180.0,2942.0,14.0,9.0,1,276,0,328
421,62,62.0,2943.0,11.0,7.0,1,271,0,321
421,63,36.0,2939.0,14.0,8.0,1,270,0,321
421,67,309.0,2935.0,8.0,5.0,0,267,1,316
421,68,360.0,2935.0,12.0,9.0,1,284,0,316
421,77,628.0,2920.0,10.0,8.0,1,262,0,307
421,83,258.0,2938.0,11.0,8.0,1,252,0,298
421,84,324.0,2932.0,9.0,10.0,1,248,0,298
421,91,473.0,2927.0,7.0,11.0,1,248,0,288
421,92,502.0,2927.0,10.0,6.0,1,243,0,286
421,104,216.0,2942.0,10.0,10.0,0,227,2,266
421,106,130.0,2945.0,12.0,8.0,1,222,0,266
421,123,154.0,2945.0,14.0,8.0,1,202,0,240
421,124,525.0,2916.0,12.0,8.0,1,204,0,238
421,130,515.0,2910.0,9.0,6.0,1,189,0,224
421,156,287.0,2931.0,12.0,9.0,1,119,0,150
421,157,535.0,2910.0,6.0,7.0,1,124,0,150
421,190,560.0,2909.0,11.0,10.0,1,59,0,74
422,0,1777.0,3074.0,16.0,11.0,1,338,0,423
422,32,345.0,2934.0,9.0,9.0,0,296,1,347
422,38,106.0,2946.0,7.0,6.0,1,298,0,341
422,41,227.0,2938.0,10.0,9.0,1,278,0,338
422,42,76.0,2943.0,18.0,8.0,1,278,0,338
422,49,601.0,2914.0,13.0,10.0,1,275,0,332
422,53,173.0,2942.0,15.0,10.0,1,277,0,329
422,62,58.0,2943.0,7.0,5.0,1,272,0,322
422,63,80.0,2904.0,6.0,6.0,1,271,0,322
422,67,298.0,2934.0,12.0,7.0,1,268,0,317
422,68,357.0,2933.0,10.0,8.0,1,285,0,317
422,77,622.0,2916.0,12.0,11.0,1,263,0,308
422,83,254.0,2935.0,10.0,9.0,1,253,0,299
422,84,320.0,2934.0,9.0,6.0,1,249,0,299
422,91,466.0,2926.0,14.0,10.0,1,249,0,289
422,92,502.0,2927.0,10.0,6.0,0,243,1,287
422,104,216.0,2942.0,10.0,10.0,0,227,3,267
422,106,125.0,2943.0,10.0,8.0,1,223,0,267
422,123,151.0,2946.0,10.0,8.0,1,203,0,241
422,124,525.0,2915.0,9.0,8.0,1,205,0,239
422,130,507.0,2909.0,15.0,8.0,1,190,0,225
422,156,281.0,2930.0,10.0,8.0,1,120,0,151
422,157,529.0,2908.0,7.0,6.0,1,125,0,151
422,190,554.0,2910.0,13.0,9.0,1,60,0,75
423,0,1778.0,3074.0,14.0,7.0,1,339,0,424
423,32,335.0,2934.0,8.0,7.0,1,297,0,348
423,38,98.0,2945.0,10.0,7.0,1,299,0,342
423,41,222.0,2938.0,10.0,10.0,1,279,0,339
423,42,69.0,2944.0,19.0,8.0,1,279,0,339
423,49,601.0,2914.0,13.0,10.0,0,275,1,333
423,53,171.0,2945.0,8.0,7.0,1,278,0,330
423,62,50.0,2939.0,10.0,8.0,1,273,0,323
423,63,27.0,2939.0,7.0,6.0,1,272,0,323
423,67,292.0,2932.0,12.0,6.0,1,269,0,318
423,68,351.0,2933.0,12.0,8.0,1,286,0,318
423,77,622.0,2916.0,12.0,11.0,0,263,1,309
423,83,247.0,2934.0,12.0,9.0,1,254,0,300
423,84,314.0,2933.0,11.0,9.0,1,250,0,300
423,91,466.0,2927.0,10.0,7.0,1,250,0,290
423,92,495.0,2926.0,9.0,7.0,1,244,0,288
423,104,195.0,2943.0,10.0,7.0,1,228,0,268
423,106,117.0,2943.0,12.0,8.0,1,224,0,268
423,123,143.0,2946.0,13.0,6.0,1,204,0,242
423,124,518.0,2913.0,12.0,7.0,1,206,0,240
423,130,507.0,2909.0,15.0,8.0,0,190,1,226
423,156,277.0,2931.0,12.0,10.0,1,121,0,152
423,157,521.0,2907.0,11.0,7.0,1,126,0,152
423,190,549.0,2910.0,14.0,8.0,1,61,0,76
424,0,1783.0,3073.0,9.0,6.0,1,340,0,425
424,32,331.0,2935.0,7.0,6.0,1,298,0,349
424,38,98.0,2945.0,10.0,7.0,0,299,1,343
424,41,214.0,2939.0,14.0,10.0,1,280,0,340
424,42,65.0,2943.0,18.0,9.0,1,280,0,340
424,49,593.0,2911.0,16.0,10.0,1,276,0,334
424,53,164.0,2946.0,13.0,8.0,1,279,0,331
424,62,50.0,2939.0,10.0,8.0,0,273,1,324
424,63,18.0,2937.0,13.0,12.0,1,273,0,324
424,67,289.0,2931.0,11.0,6.0,1,270,0,319
424,68,347.0,2935.0,10.0,7.0,1,287,0,319
424,77,615.0,2918.0,11.0,10.0,1,264,0,310
424,83,242.0,2938.0,11.0,6.0,1,255,0,301
424,84,309.0,2930.0,12.0,9.0,1,251,0,301
424,91,466.0,2927.0,10.0,7.0,0,250,1,291
424,92,495.0,2926.0,9.0,7.0,0,244,1,289
424,104,189.0,2942.0,11.0,7.0,1,229,0,269
424,106,111.0,2944.0,12.0,9.0,1,225,0,269
424,123,142.0,2943.0,9.0,10.0,1,205,0,243
424,124,511.0,2913.0,12.0,8.0,1,207,0,241
424,130,499.0,2906.0,13.0,9.0,1,191,0,227
424,156,273.0,2930.0,12.0,9.0,1,122,0,153
424,157,521.0,2907.0,11.0,7.0,0,126,1,153
424,190,549.0,2910.0,14.0,8.0,0,61,1,77
425,0,1783.0,3071.0,13.0,9.0,1,341,0,426
425,32,326.0,2935.0,9.0,5.0,1,299,0,350
425,38,88.0,2943.0,10.0,8.0,1,300,0,344
425,41,214.0,2939.0,14.0,10.0,0,280,1,341
425,42,58.0,2941.0,22.0,9.0,1,281,0,341
425,49,590.0,2911.0,11.0,10.0,1,277,0,335
425,53,160.0,2945.0,10.0,7.0,1,280,0,332
425,62,38.0,2940.0,12.0,9.0,1,274,0,325
425,63,15.0,2936.0,10.0,11.0,1,274,0,325
425,67,289.0,2931.0,11.0,6.0,0,270,1,320
425,68,341.0,2934.0,13.0,7.0,1,288,0,320
425,77,611.0,2917.0,11.0,9.0,1,265,0,311
425,83,238.0,2938.0,10.0,5.0,1,256,0,302
425,84,309.0,2930.0,12.0,9.0,0,251,1,302
425,91,462.0,2926.0,11.0,8.0,1,251,0,292
425,92,490.0,2923.0,10.0,8.0,1,245,0,290
425,104,183.0,2943.0,12.0,6.0,1,230,0,270
425,106,108.0,2944.0,10.0,7.0,1,226,0,270
425,123,142.0,2943.0,9.0,10.0,0,205,1,244
425,124,510.0,2914.0,12.0,7.0,1,208,0,242
425,130,495.0,2906.0,14.0,8.0,1,192,0,228
425,156,268.0,2928.0,11.0,9.0,1,123,0,154
425,157,510.0,2906.0,9.0,7.0,1,127,0,154
425,190,545.0,2909.0,12.0,7.0,1,62,0,78
426,0,1782.0,3071.0,12.0,9.0,1,342,0,427
426,32,319.0,2934.0,10.0,7.0,1,300,0,351
426,38,81.0,2944.0,10.0,8.0,1,301,0,345
426,41,205.0,2938.0,12.0,8.0,1,281,0,342
426,42,54.0,2943.0,19.0,7.0,1,282,0,342
426,49,590.0,2911.0,11.0,10.0,0,277,1,336
426,53,152.0,2941.0,13.0,11.0,1,281,0,333
426,62,38.0,2940.0,11.0,6.0,1,275,0,326
426,63,10.0,2932.0,10.0,13.0,1,275,0,326
426,67,289.0,2931.0,11.0,6.0,0,270,2,321
426,68,337.0,2931.0,13.0,7.0,1,289,0,321
426,77,611.0,2917.0,11.0,9.0,0,265,1,312
426,83,235.0,2935.0,8.0,6.0,1,257,0,303
426,84,302.0,2930.0,10.0,10.0,1,252,0,303
426,91,458.0,2923.0,11.0,10.0,1,252,0,293
426,92,488.0,2922.0,10.0,9.0,1,246,0,291
426,104,178.0,2943.0,13.0,7.0,1,231,0,271
426,106,101.0,2942.0,11.0,7.0,1,227,0,271
426,123,125.0,2945.0,14.0,9.0,1,206,0,245
426,124,508.0,2912.0,13.0,7.0,1,209,0,243
426,130,493.0,2909.0,12.0,7.0,1,193,0,229
426,156,261.0,2930.0,13.0,7.0,1,124,0,155
426,157,505.0,2905.0,9.0,7.0,1,128,0,155
426,190,539.0,2908.0,13.0,7.0,1,63,0,79
427,0,1782.0,3073.0,13.0,8.0,1,343,0,428
427,32,319.0,2932.0,7.0,6.0,1,301,0,352
427,38,76.0,2943.0,11.0,9.0,1,302,0,346
427,41,198.0,2938.0,14.0,7.0,1,282,0,343
427,42,54.0,2943.0,19.0,7.0,0,282,1,343
427,49,590.0,2911.0,11.0,10.0,0,277,2,337
427,53,146.0,2945.0,15.0,8.0,1,282,0,334
427,62,30.0,2939.0,12.0,6.0,1,276,0,327
427,63,4.0,2934.0,9.0,11.0,1,276,0,327
427,67,278.0,2930.0,8.0,6.0,1,271,0,322
427,68,332.0,2931.0,12.0,8.0,1,290,0,322
427,77,603.0,2915.0,12.0,8.0,1,266,0,313
427,83,229.0,2934.0,8.0,7.0,1,258,0,304
427,84,296.0,2930.0,13.0,8.0,1,253,0,304
427,91,455.0,2922.0,13.0,10.0,1,253,0,294
427,92,482.0,2924.0,9.0,8.0,1,247,0,292
427,104,173.0,2941.0,11.0,7.0,1,232,0,272
427,106,97.0,2943.0,9.0,6.0,1,228,0,272
427,123,122.0,2945.0,10.0,7.0,1,207,0,246
427,124,505.0,2910.0,11.0,7.0,1,210,0,244
427,130,493.0,2906.0,9.0,8.0,1,194,0,230
427,156,256.0,2930.0,13.0,6.0,1,125,0,156
427,157,505.0,2905.0,9.0,7.0,0,128,1,156
427,190,537.0,2907.0,12.0,9.0,1,64,0,80
427,214,562.0,2906.0,11.0,11.0,1,3,0,3
428,0,1787.0,3075.0,9.0,5.0,1,344,0,429
428,32,319.0,2932.0,7.0,6.0,0,301,1,353
428,38,72.0,2942.0,9.0,8.0,1,303,0,347
428,41,194.0,2939.0,14.0,8.0,1,283,0,344
428,42,54.0,2943.0,19.0,7.0,0,282,2,344
428,49,580.0,2908.0,10.0,9.0,1,278,0,338
428,53,146.0,2945.0,15.0,8.0,0,282,1,335
428,62,26.0,2938.0,10.0,7.0,1,277,0,328
428,63,0.0,2933.0,7.0,12.0,1,277,0,328
428,67,273.0,2930.0,7.0,6.0,1,272,0,323
428,68,328.0,2930.0,10.0,7.0,1,291,0,323
428,77,598.0,2912.0,12.0,12.0,1,267,0,314
428,83,223.0,2935.0,9.0,9.0,1,259,0,305
428,84,296.0,2930.0,13.0,8.0,0,253,1,305
428,91,452.0,2922.0,14.0,9.0,1,254,0,295
428,92,480.0,2922.0,9.0,9.0,1,248,0,293
428,104,168.0,2942.0,11.0,5.0,1,233,0,273
428,106,97.0,2943.0,9.0,6.0,0,228,1,273
428,123,122.0,2945.0,10.0,7.0,0,207,1,247
428,124,500.0,2911.0,11.0,6.0,1,211,0,245
428,130,489.0,2905.0,7.0,8.0,1,195,0,231
428,156,253.0,2929.0,11.0,6.0,1,126,0,157
428,157,496.0,2906.0,8.0,6.0,1,129,0,157
428,190,532.0,2906.0,13.0,9.0,1,65,0,81
428,214,562.0,2906.0,11.0,11.0,0,3,1,4
429,0,1788.0,3074.0,9.0,7.0,1,345,0,430
429,32,307.0,2931.0,10.0,6.0,1,302,0,354
429,38,63.0,2940.0,12.0,9.0,1,304,0,348
429,41,189.0,2937.0,13.0,11.0,1,284,0,345
429,42,36.0,2940.0,21.0,7.0,1,283,0,345
429,49,575.0,2907.0,13.0,8.0,1,279,0,339
429,53,137.0,2943.0,13.0,10.0,1,283,0,336
429,62,16.0,2939.0,14.0,9.0,1,278,0,329
429,63,0.0,2934.0,2.0,7.0,1,278,0,329
429,67,267.0,2928.0,10.0,6.0,1,273,0,324
429,68,323.0,2930.0,11.0,8.0,1,292,0,324
429,77,596.0,2914.0,9.0,5.0,1,268,0,315
429,83,218.0,2935.0,10.0,5.0,1,260,0,306
429,84,288.0,2927.0,9.0,9.0,1,254,0,306
429,91,451.0,2922.0,11.0,9.0,1,255,0,296
429,92,478.0,2920.0,11.0,9.0,1,249,0,294
429,104,162.0,2942.0,11.0,7.0,1,234,0,274
429,106,83.0,2943.0,10.0,6.0,1,229,0,274
429,123,110.0,2944.0,10.0,9.0,1,208,0,248
429,124,494.0,2911.0,15.0,6.0,1,212,0,246
429,130,489.0,2905.0,7.0,8.0,0,195,1,232
429,156,252.0,2927.0,7.0,7.0,1,127,0,158
429,157,496.0,2906.0,8.0,6.0,0,129,1,158
429,190,531.0,2905.0,11.0,8.0,1,66,0,82
429,214,555.0,2909.0,9.0,8.0,1,4,0,5
430,0,1790.0,3074.0,10.0,7.0,1,346,0,431
430,32,302.0,2931.0,9.0,6.0,1,303,0,355
430,38,59.0,2943.0,11.0,6.0,1,305,0,349
430,41,185.0,2939.0,8.0,6.0,1,285,0,346
430,42,32.0,2940.0,18.0,7.0,1,284,0,346
430,49,571.0,2907.0,13.0,9.0,1,280,0,340
430,53,137.0,2943.0,13.0,10.0,0,283,1,337
430,62,15.0,2937.0,8.0,7.0,1,279,0,330
430,63,0.0,2934.0,2.0,7.0,0,278,1,330
430,67,262.0,2928.0,9.0,7.0,1,274,0,325
430,68,318.0,2930.0,12.0,8.0,1,293,0,325
430,77,590.0,2908.0,11.0,10.0,1,269,0,316
430,83,214.0,2931.0,10.0,9.0,1,261,0,307
430,84,285.0,2926.0,10.0,7.0,1,255,0,307
430,91,446.0,2921.0,16.0,9.0,1,256,0,297
430,92,478.0,2920.0,11.0,9.0,0,249,1,295
430,104,156.0,2943.0,13.0,6.0,1,235,0,275
430,106,79.0,2939.0,9.0,9.0,1,230,0,275
430,123,105.0,2945.0,10.0,7.0,1,209,0,249
430,124,494.0,2911.0,15.0,6.0,0,212,1,247
430,130,489.0,2905.0,7.0,8.0,0,195,2,233
430,156,243.0,2928.0,11.0,9.0,1,128,0,159
430,157,483.0,2903.0,8.0,5.0,1,130,0,159
430,190,527.0,2906.0,11.0,7.0,1,67,0,83
430,214,551.0,2906.0,12.0,9.0,1,5,0,6
431,0,1790.0,3074.0,10.0,7.0,1,347,0,432
431,32,298.0,2928.0,9.0,6.0,1,304,0,356
431,38,59.0,2943.0,11.0,6.0,0,305,1,350
431,41,180.0,2939.0,9.0,6.0,1,286,0,347
431,42,26.0,2940.0,21.0,9.0,1,285,0,347
431,49,571.0,2907.0,13.0,9.0,0,280,1,341
431,53,126.0,2942.0,10.0,9.0,1,284,0,338
431,62,15.0,2937.0,8.0,7.0,0,279,1,331
431,63,0.0,2934.0,2.0,7.0,0,278,2,331
431,67,262.0,2928.0,9.0,7.0,0,274,1,326
431,68,313.0,2926.0,12.0,8.0,1,294,0,326
431,77,587.0,2911.0,14.0,9.0,1,270,0,317
431,83,214.0,2931.0,10.0,9.0,0,261,1,308
431,84,285.0,2926.0,10.0,7.0,0,255,1,308
431,91,443.0,2918.0,14.0,11.0,1,257,0,298
431,92,470.0,2922.0,12.0,6.0,1,250,0,296
431,104,151.0,2939.0,12.0,9.0,1,236,0,276
431,106,73.0,2943.0,10.0,5.0,1,231,0,276
431,123,98.0,2942.0,11.0,8.0,1,210,0,250
431,124,494.0,2911.0,15.0,6.0,0,212,2,248
431,130,473.0,2903.0,8.0,6.0,1,196,0,234
431,156,237.0,2926.0,14.0,11.0,1,129,0,160
431,157,481.0,2902.0,5.0,6.0,1,131,0,160
431,190,521.0,2905.0,11.0,8.0,1,68,0,84
431,214,547.0,2906.0,13.0,9.0,1,6,0,7
432,0,1790.0,3074.0,10.0,7.0,0,347,1,433
432,32,296.0,2928.0,6.0,5.0,1,305,0,357
432,38,50.0,2938.0,11.0,7.0,1,306,0,351
432,41,171.0,2938.0,12.0,7.0,1,287,0,348
432,42,20.0,2938.0,21.0,8.0,1,286,0,348
432,49,565.0,2905.0,12.0,8.0,1,281,0,342
432,53,119.0,2942.0,13.0,9.0,1,285,0,339
432,62,3.0,2935.0,9.0,9.0,1,280,0,332
432,63,0.0,2934.0,2.0,7.0,0,278,3,332
432,67,251.0,2925.0,12.0,8.0,1,275,0,327
432,68,309.0,2927.0,12.0,8.0,1,295,0,327
432,77,582.0,2911.0,13.0,9.0,1,271,0,318
432,83,203.0,2932.0,10.0,8.0,1,262,0,309
432,84,285.0,2926.0,10.0,7.0,0,255,2,309
432,91,442.0,2918.0,12.0,9.0,1,258,0,299
432,92,467.0,2919.0,9.0,6.0,1,251,0,297
432,104,146.0,2940.0,10.0,6.0,1,237,0,277
432,106,73.0,2943.0,10.0,5.0,0,231,1,277
432,123,92.0,2941.0,13.0,11.0,1,211,0,251
432,124,484.0,2906.0,11.0,8.0,1,213,0,249
432,130,467.0,2903.0,7.0,7.0,1,197,0,235
432,156,234.0,2926.0,10.0,7.0,1,130,0,161
432,157,474.0,2902.0,8.0,6.0,1,132,0,161
432,190,518.0,2903.0,12.0,8.0,1,69,0,85
432,214,542.0,2906.0,14.0,10.0,1,7,0,8
433,0,1790.0,3074.0,14.0,6.0,1,348,0,434
433,32,296.0,2928.0,6.0,5.0,0,305,1,358
433,38,45.0,2938.0,10.0,7.0,1,307,0,352
433,41,171.0,2938.0,12.0,7.0,0,287,1,349
433,42,15.0,2935.0,21.0,10.0,1,287,0,349
433,49,565.0,2905.0,12.0,8.0,0,281,1,343
433,53,115.0,2941.0,12.0,10.0,1,286,0,340
433,62,0.0,2935.0,8.0,9.0,1,281,0,333
433,63,0.0,2934.0,2.0,7.0,0,278,4,333
433,67,251.0,2925.0,12.0,8.0,0,275,1,328
433,68,303.0,2926.0,13.0,8.0,1,296,0,328
433,77,582.0,2911.0,13.0,9.0,0,271,1,319
433,83,198.0,2931.0,10.0,5.0,1,263,0,310
433,84,268.0,2924.0,11.0,7.0,1,256,0,310
433,91,442.0,2918.0,12.0,9.0,0,258,1,300
433,92,465.0,2917.0,11.0,9.0,1,252,0,298
433,104,139.0,2940.0,13.0,9.0,1,238,0,278
433,106,59.0,2940.0,13.0,6.0,1,232,0,278
433,123,85.0,2941.0,13.0,11.0,1,212,0,252
433,124,477.0,2907.0,14.0,8.0,1,214,0,250
433,130,461.0,2901.0,11.0,5.0,1,198,0,236
433,156,234.0,2926.0,10.0,7.0,0,130,1,162
433,157,467.0,2905.0,10.0,6.0,1,133,0,162
433,190,514.0,2903.0,12.0,8.0,1,70,0,86
433,214,542.0,2906.0,14.0,10.0,0,7,1,9
434,0,1790.0,3074.0,14.0,6.0,0,348,1,435
434,32,282.0,2926.0,12.0,8.0,1,306,0,359
434,38,39.0,2938.0,10.0,10.0,1,308,0,353
434,41,161.0,2935.0,12.0,9.0,1,288,0,350
434,42,10.0,2938.0,21.0,7.0,1,288,0,350
434,49,565.0,2905.0,12.0,8.0,0,281,2,344
434,53,109.0,2941.0,12.0,9.0,1,287,0,341
434,62,0.0,2933.0,2.0,6.0,1,282,0,334
434,63,0.0,2934.0,2.0,7.0,0,278,5,334
434,67,243.0,2927.0,10.0,5.0,1,276,0,329
434,68,298.0,2926.0,13.0,9.0,1,297,0,329
434,77,582.0,2911.0,13.0,9.0,0,271,2,320
434,83,198.0,2931.0,10.0,5.0,0,263,1,311
434,84,265.0,2922.0,11.0,9.0,1,257,0,311
434,91,435.0,2918.0,11.0,6.0,1,259,0,301
434,92,465.0,2917.0,11.0,9.0,0,252,1,299
434,104,134.0,2939.0,13.0,6.0,1,239,0,279
434,106,55.0,2939.0,10.0,5.0,1,233,0,279
434,123,83.0,2943.0,8.0,6.0,1,213,0,253
434,124,475.0,2905.0,11.0,7.0,1,215,0,251
434,130,455.0,2898.0,11.0,6.0,1,199,0,237
434,156,223.0,2925.0,13.0,10.0,1,131,0,163
434,157,463.0,2903.0,11.0,7.0,1,134,0,163
434,190,508.0,2903.0,13.0,7.0,1,71,0,87
434,214,534.0,2903.0,11.0,7.0,1,8,0,10
435,0,1792.0,3074.0,14.0,6.0,1,349,0,436
435,32,279.0,2926.0,9.0,5.0,1,307,0,360
435,38,34.0,2937.0,9.0,8.0,1,309,0,354
435,41,158.0,2936.0,10.0,8.0,1,289,0,351
435,42,5.0,2938.0,20.0,6.0,1,289,0,351
435,49,554.0,2904.0,11.0,11.0,1,282,0,345
435,53,102.0,2941.0,12.0,9.0,1,288,0,342
435,62,0.0,2933.0,2.0,6.0,0,282,1,335
435,63,0.0,2934.0,2.0,7.0,0,278,6,335
435,67,243.0,2927.0,10.0,5.0,0,276,1,330
435,68,295.0,2925.0,12.0,7.0,1,298,0,330
435,77,574.0,2909.0,12.0,6.0,1,272,0,321
435,83,198.0,2931.0,10.0,5.0,0,263,2,312
435,84,265.0,2922.0,8.0,9.0,1,258,0,312
435,91,432.0,2916.0,11.0,7.0,1,260,0,302
435,92,465.0,2917.0,11.0,9.0,0,252,2,300
435,104,134.0,2939.0,13.0,6.0,0,239,1,280
435,106,49.0,2938.0,11.0,10.0,1,234,0,280
435,123,76.0,2938.0,13.0,10.0,1,214,0,254
435,124,604.0,2799.0,10.0,9.0,1,216,0,252
435,130,450.0,2898.0,10.0,7.0,1,200,0,238
435,156,219.0,2925.0,13.0,9.0,1,132,0,164
435,157,463.0,2903.0,11.0,7.0,0,134,1,164
435,190,505.0,2904.0,13.0,8.0,1,72,0,88
435,214,532.0,2903.0,9.0,7.0,1,9,0,11
436,0,1794.0,3075.0,12.0,5.0,1,350,0,437
436,32,275.0,2924.0,10.0,7.0,1,308,0,361
436,38,34.0,2937.0,9.0,8.0,0,309,1,355
436,41,149.0,2938.0,13.0,6.0,1,290,0,352
436,42,1.0,2935.0,17.0,8.0,1,290,0,352
436,49,551.0,2901.0,10.0,11.0,1,283,0,346
436,53,96.0,2941.0,13.0,8.0,1,289,0,343
436,62,0.0,2933.0,2.0,6.0,0,282,2,336
436,63,0.0,2934.0,2.0,7.0,0,278,7,336
436,67,234.0,2923.0,11.0,6.0,1,277,0,331
436,68,291.0,2925.0,10.0,6.0,1,299,0,331
436,77,567.0,2907.0,13.0,10.0,1,273,0,322
436,83,183.0,2931.0,9.0,8.0,1,264,0,313
436,84,256.0,2923.0,13.0,11.0,1,259,0,313
436,91,430.0,2916.0,11.0,6.0,1,261,0,303
436,92,458.0,2915.0,8.0,9.0,1,253,0,301
436,104,124.0,2939.0,10.0,6.0,1,240,0,281
436,106,43.0,2938.0,11.0,6.0,1,235,0,281
436,123,76.0,2938.0,13.0,10.0,0,214,1,255
436,124,604.0,2799.0,10.0,9.0,0,216,1,253
436,130,450.0,2898.0,10.0,7.0,0,200,1,239
436,156,214.0,2921.0,13.0,10.0,1,133,0,165
436,157,454.0,2901.0,11.0,6.0,1,135,0,165
436,190,501.0,2903.0,13.0,6.0,1,73,0,89
436,214,527.0,2903.0,14.0,9.0,1,10,0,12
437,0,1795.0,3075.0,13.0,5.0,1,351,0,438
437,32,268.0,2924.0,13.0,7.0,1,309,0,362
437,38,34.0,2937.0,9.0,8.0,0,309,2,356
437,41,146.0,2934.0,13.0,9.0,1,291,0,353
437,42,0.0,2935.0,12.0,7.0,1,291,0,353
437,49,548.0,2902.0,8.0,9.0,1,284,0,347
437,53,90.0,2937.0,14.0,10.0,1,290,0,344
437,62,0.0,2933.0,2.0,6.0,0,282,3,337
437,63,0.0,2934.0,2.0,7.0,0,278,8,337
437,67,227.0,2923.0,11.0,5.0,1,278,0,332
437,68,287.0,2924.0,9.0,7.0,1,300,0,332
437,77,567.0,2906.0,9.0,7.0,1,274,0,323
437,83,181.0,2928.0,6.0,8.0,1,265,0,314
437,84,250.0,2918.0,13.0,12.0,1,260,0,314
437,91,427.0,2915.0,12.0,7.0,1,262,0,304
437,92,455.0,2913.0,8.0,10.0,1,254,0,302
437,104,117.0,2938.0,11.0,6.0,1,241,0,282
437,106,43.0,2938.0,11.0,6.0,0,235,1,282
437,123,62.0,2941.0,13.0,8.0,1,215,0,256
437,124,464.0,2903.0,10.0,8.0,1,217,0,254
437,130,437.0,2897.0,12.0,7.0,1,201,0,240
437,156,211.0,2922.0,9.0,8.0,1,134,0,166
437,157,450.0,2901.0,10.0,9.0,1,136,0,166
437,190,499.0,2898.0,13.0,10.0,1,74,0,90
437,214,523.0,2902.0,13.0,7.0,1,11,0,13
438,0,1795.0,3075.0,13.0,5.0,0,351,1,439
438,32,265.0,2924.0,12.0,8.0,1,310,0,363
438,38,17.0,2935.0,11.0,9.0,1,310,0,357
438,41,142.0,2933.0,10.0,9.0,1,292,0,354
438,42,0.0,2936.0,9.0,6.0,1,292,0,354
438,49,543.0,2902.0,11.0,9.0,1,285,0,348
438,53,82.0,2937.0,16.0,11.0,1,291,0,345
438,62,0.0,2933.0,2.0,6.0,0,282,4,338
438,63,0.0,2934.0,2.0,7.0,0,278,9,338
438,67,223.0,2924.0,12.0,7.0,1,279,0,333
438,68,281.0,2923.0,11.0,9.0,1,301,0,333
438,77,563.0,2903.0,10.0,9.0,1,275,0,324
438,83,172.0,2927.0,12.0,9.0,1,266,0,315
438,84,248.0,2919.0,10.0,10.0,1,261,0,315
438,91,424.0,2915.0,11.0,8.0,1,263,0,305
438,92,447.0,2915.0,13.0,8.0,1,255,0,303
438,104,117.0,2938.0,11.0,6.0,0,241,1,283
438,106,32.0,2935.0,11.0,9.0,1,236,0,283
438,123,58.0,2938.0,11.0,8.0,1,216,0,257
438,124,464.0,2903.0,10.0,8.0,0,217,1,255
438,130,446.0,2899.0,11.0,9.0,1,202,0,241
438,156,202.0,2924.0,10.0,8.0,1,135,0,167
438,157,461.0,2903.0,9.0,8.0,1,137,0,167
438,190,499.0,2898.0,13.0,10.0,0,74,1,91
438,214,523.0,2899.0,9.0,9.0,1,12,0,14
439,0,1795.0,3075.0,13.0,5.0,0,351,2,440
439,32,262.0,2922.0,10.0,6.0,1,311,0,364
439,38,11.0,2935.0,12.0,5.0,1,311,0,358
439,41,136.0,2935.0,11.0,7.0,1,293,0,355
439,42,0.0,2935.0,4.0,7.0,1,293,0,355
439,49,538.0,2902.0,12.0,8.0,1,286,0,349
439,53,81.0,2939.0,9.0,10.0,1,292,0,346
439,62,0.0,2933.0,2.0,6.0,0,282,5,339
439,63,0.0,2934.0,2.0,7.0,0,278,10,339
439,67,218.0,2922.0,11.0,7.0,1,280,0,334
439,68,278.0,2922.0,10.0,8.0,1,302,0,334
439,77,558.0,2903.0,10.0,9.0,1,276,0,325
439,83,167.0,2928.0,11.0,8.0,1,267,0,316
439,84,242.0,2920.0,12.0,9.0,1,262,0,316
439,91,424.0,2915.0,11.0,8.0,0,263,1,306
439,92,445.0,2916.0,12.0,8.0,1,256,0,304
439,104,108.0,2936.0,11.0,8.0,1,242,0,284
439,106,27.0,2935.0,10.0,9.0,1,237,0,284
439,123,52.0,2935.0,10.0,11.0,1,217,0,258
439,124,464.0,2903.0,10.0,8.0,0,217,2,256
439,130,443.0,2898.0,9.0,8.0,1,203,0,242
439,156,200.0,2921.0,13.0,9.0,1,136,0,168
439,157,461.0,2903.0,9.0,8.0,0,137,1,168
439,190,490.0,2900.0,11.0,9.0,1,75,0,92
439,214,519.0,2900.0,9.0,7.0,1,13,0,15
440,0,1800.0,3076.0,13.0,6.0,1,352,0,441
440,32,259.0,2919.0,9.0,7.0,1,312,0,365
440,38,9.0,2933.0,7.0,7.0,1,312,0,359
440,41,136.0,2935.0,11.0,7.0,0,293,1,356
440,42,0.0,2935.0,4.0,7.0,0,293,1,356
440,49,536.0,2899.0,10.0,10.0,1,287,0,350
440,53,75.0,2938.0,10.0,7.0,1,293,0,347
440,62,0.0,2933.0,2.0,6.0,0,282,6,340
440,63,0.0,2934.0,2.0,7.0,0,278,11,340
440,67,215.0,2919.0,9.0,9.0,1,281,0,335
440,68,275.0,2920.0,8.0,9.0,1,303,0,335
440,77,556.0,2904.0,9.0,9.0,1,277,0,326
440,83,163.0,2927.0,11.0,8.0,1,268,0,317
440,84,238.0,2919.0,13.0,10.0,1,263,0,317
440,91,419.0,2912.0,11.0,9.0,1,264,0,307
440,92,442.0,2912.0,12.0,10.0,1,257,0,305
440,104,102.0,2936.0,10.0,7.0,1,243,0,285
440,106,22.0,2935.0,10.0,5.0,1,238,0,285
440,123,46.0,2936.0,12.0,13.0,1,218,0,259
440,124,452.0,2900.0,9.0,8.0,1,218,0,257
440,130,438.0,2898.0,10.0,7.0,1,204,0,243
440,156,195.0,2918.0,12.0,11.0,1,137,0,169
440,157,418.0,2895.0,13.0,7.0,1,138,0,169
440,190,486.0,2896.0,11.0,9.0,1,76,0,93
440,214,512.0,2900.0,12.0,9.0,1,14,0,16
441,0,1800.0,3077.0,16.0,5.0,1,353,0,442
441,32,259.0,2919.0,9.0,7.0,0,312,1,366
441,38,2.0,2934.0,10.0,6.0,1,313,0,360
441,41,136.0,2935.0,11.0,7.0,0,293,2,357
441,42,0.0,2935.0,4.0,7.0,0,293,2,357
441,49,536.0,2899.0,10.0,10.0,0,287,1,351
441,53,69.0,2937.0,11.0,8.0,1,294,0,348
441,62,0.0,2933.0,2.0,6.0,0,282,7,341
441,63,0.0,2934.0,2.0,7.0,0,278,12,341
441,67,207.0,2923.0,13.0,5.0,1,282,0,336
441,68,270.0,2921.0,9.0,7.0,1,304,0,336
441,77,553.0,2902.0,7.0,5.0,1,278,0,327
441,83,160.0,2926.0,8.0,6.0,1,269,0,318
441,84,233.0,2918.0,14.0,10.0,1,264,0,318
441,91,415.0,2913.0,10.0,8.0,1,265,0,308
441,92,440.0,2911.0,9.0,11.0,1,258,0,306
441,104,102.0,2936.0,10.0,7.0,0,243,1,286
441,106,17.0,2931.0,10.0,9.0,1,239,0,286
441,123,41.0,2935.0,12.0,12.0,1,219,0,260
441,124,446.0,2900.0,13.0,8.0,1,219,0,258
441,130,434.0,2899.0,10.0,6.0,1,205,0,244
441,156,191.0,2920.0,10.0,8.0,1,138,0,170
441,157,418.0,2895.0,13.0,7.0,0,138,1,170
441,190,486.0,2896.0,11.0,9.0,0,76,1,94
441,214,510.0,2899.0,11.0,9.0,1,15,0,17
442,0,1807.0,3078.0,9.0,5.0,1,354,0,443
442,32,247.0,2922.0,14.0,6.0,1,313,0,367
442,38,2.0,2934.0,10.0,6.0,0,313,1,361
442,41,120.0,2933.0,13.0,6.0,1,294,0,358
442,42,0.0,2935.0,4.0,7.0,0,293,3,358
442,49,536.0,2899.0,10.0,10.0,0,287,2,352
442,53,62.0,2937.0,13.0,8.0,1,295,0,349
442,62,0.0,2933.0,2.0,6.0,0,282,8,342
442,63,0.0,2934.0,2.0,7.0,0,278,13,342
442,67,207.0,2923.0,13.0,5.0,0,282,1,337
442,68,263.0,2920.0,12.0,8.0,1,305,0,337
442,77,550.0,2897.0,7.0,9.0,1,279,0,328
442,83,160.0,2926.0,8.0,6.0,0,269,1,319
442,84,228.0,2916.0,13.0,11.0,1,265,0,319
442,91,410.0,2912.0,12.0,8.0,1,266,0,309
442,92,440.0,2911.0,9.0,11.0,0,258,1,307
442,104,102.0,2936.0,10.0,7.0,0,243,2,287
442,106,9.0,2934.0,11.0,6.0,1,240,0,287
442,123,41.0,2935.0,12.0,12.0,0,219,1,261
442,124,442.0,2898.0,11.0,10.0,1,220,0,259
442,130,430.0,2896.0,8.0,8.0,1,206,0,245
442,156,186.0,2921.0,9.0,7.0,1,139,0,171
442,157,418.0,2895.0,13.0,7.0,0,138,2,171
442,190,486.0,2896.0,11.0,9.0,0,76,2,95
442,214,507.0,2894.0,10.0,12.0,1,16,0,18
443,0,1807.0,3078.0,9.0,5.0,1,355,0,444
443,32,247.0,2922.0,14.0,6.0,0,313,1,368
443,38,0.0,2933.0,2.0,3.0,1,314,0,362
443,41,112.0,2931.0,11.0,6.0,1,295,0,359
443,42,0.0,2935.0,4.0,7.0,0,293,4,359
443,49,524.0,2900.0,14.0,9.0,1,288,0,353
443,53,57.0,2936.0,12.0,10.0,1,296,0,350
443,62,0.0,2933.0,2.0,6.0,0,282,9,343
443,63,0.0,2934.0,2.0,7.0,0,278,14,343
443,67,202.0,2920.0,7.0,7.0,1,283,0,338
443,68,259.0,2920.0,14.0,8.0,1,306,0,338
443,77,550.0,2897.0,7.0,9.0,0,279,1,329
443,83,147.0,2926.0,13.0,6.0,1,270,0,320
443,84,228.0,2916.0,13.0,11.0,0,265,1,320
443,91,410.0,2908.0,8.0,10.0,1,267,0,310
443,92,440.0,2911.0,9.0,11.0,0,258,2,308
443,104,102.0,2936.0,10.0,7.0,0,243,3,288
443,106,5.0,2932.0,10.0,8.0,1,241,0,288
443,123,31.0,2932.0,8.0,10.0,1,220,0,262
443,124,439.0,2896.0,13.0,10.0,1,221,0,260
443,130,426.0,2895.0,10.0,9.0,1,207,0,246
443,156,181.0,2919.0,12.0,9.0,1,140,0,172
443,157,402.0,2892.0,10.0,8.0,1,139,0,172
443,190,472.0,2899.0,16.0,8.0,1,77,0,96
443,214,502.0,2894.0,11.0,11.0,1,17,0,19
444,0,1807.0,3078.0,9.0,5.0,0,355,1,445
444,32,240.0,2919.0,9.0,7.0,1,314,0,369
444,38,0.0,2933.0,2.0,3.0,0,314,1,363
444,41,107.0,2931.0,13.0,10.0,1,296,0,360
444,42,0.0,2935.0,4.0,7.0,0,293,5,360
444,49,524.0,2900.0,14.0,9.0,0,288,1,354
444,53,52.0,2934.0,12.0,10.0,1,297,0,351
444,62,0.0,2933.0,2.0,6.0,0,282,10,344
444,63,0.0,2934.0,2.0,7.0,0,278,15,344
444,67,195.0,2918.0,9.0,8.0,1,284,0,339
444,68,259.0,2920.0,14.0,8.0,0,306,1,339
444,77,540.0,2900.0,6.0,9.0,1,280,0,330
444,83,147.0,2926.0,13.0,6.0,0,270,1,321
444,84,217.0,2918.0,14.0,12.0,1,266,0,321
444,91,407.0,2911.0,9.0,9.0,1,268,0,311
444,92,431.0,2910.0,9.0,10.0,1,259,0,309
444,104,79.0,2935.0,10.0,4.0,1,244,0,289
444,106,2.0,2932.0,9.0,4.0,1,242,0,289
444,123,22.0,2933.0,12.0,12.0,1,221,0,263
444,124,435.0,2896.0,12.0,8.0,1,222,0,261
444,130,421.0,2896.0,12.0,7.0,1,208,0,247
444,156,177.0,2919.0,12.0,8.0,1,141,0,173
444,157,402.0,2892.0,10.0,8.0,0,139,1,173
444,190,468.0,2895.0,14.0,7.0,1,78,0,97
444,214,502.0,2894.0,11.0,11.0,0,17,1,20
445,0,1812.0,3079.0,9.0,5.0,1,356,0,446
445,32,235.0,2918.0,11.0,7.0,1,315,0,370
445,38,0.0,2933.0,2.0,3.0,0,314,2,364
445,41,104.0,2930.0,11.0,10.0,1,297,0,361
445,42,0.0,2935.0,4.0,7.0,0,293,6,361
445,49,519.0,2897.0,11.0,10.0,1,289,0,355
445,53,46.0,2934.0,11.0,9.0,1,298,0,352
445,62,0.0,2933.0,2.0,6.0,0,282,11,345
445,63,0.0,2934.0,2.0,7.0,0,278,16,345
445,67,188.0,2920.0,12.0,5.0,1,285,0,340
445,68,259.0,2920.0,14.0,8.0,0,306,2,340
445,77,538.0,2899.0,6.0,7.0,1,281,0,331
445,83,141.0,2921.0,9.0,7.0,1,271,0,322
445,84,213.0,2916.0,12.0,11.0,1,267,0,322
445,91,402.0,2911.0,10.0,9.0,1,269,0,312
445,92,426.0,2910.0,12.0,9.0,1,260,0,310
445,104,79.0,2935.0,10.0,4.0,0,244,1,290
445,106,0.0,2930.0,6.0,6.0,1,243,0,290
445,123,22.0,2933.0,12.0,12.0,0,221,1,264
445,124,429.0,2898.0,11.0,9.0,1,223,0,262
445,130,414.0,2897.0,11.0,8.0,1,209,0,248
445,156,171.0,2920.0,12.0,6.0,1,142,0,174
445,157,387.0,2890.0,13.0,7.0,1,140,0,174
445,190,466.0,2895.0,12.0,9.0,1,79,0,98
445,214,493.0,2897.0,12.0,8.0,1,18,0,21
446,0,1814.0,3080.0,10.0,5.0,1,357,0,447
446,32,230.0,2919.0,10.0,6.0,1,316,0,371
446,38,0.0,2933.0,2.0,3.0,0,314,3,365
446,41,100.0,2929.0,9.0,8.0,1,298,0,362
446,42,0.0,2935.0,4.0,7.0,0,293,7,362
446,49,513.0,2895.0,16.0,9.0,1,290,0,356
446,53,40.0,2933.0,14.0,11.0,1,299,0,353
446,62,0.0,2933.0,2.0,6.0,0,282,12,346
446,63,0.0,2934.0,2.0,7.0,0,278,17,346
446,67,184.0,2919.0,10.0,8.0,1,286,0,341
446,68,259.0,2920.0,14.0,8.0,0,306,3,341
446,77,531.0,2898.0,8.0,9.0,1,282,0,332
446,83,141.0,2921.0,9.0,7.0,0,271,1,323
446,84,213.0,2916.0,12.0,11.0,0,267,1,323
446,91,399.0,2911.0,10.0,9.0,1,270,0,313
446,92,420.0,2911.0,12.0,10.0,1,261,0,311
446,104,69.0,2932.0,11.0,5.0,1,245,0,291
446,106,0.0,2930.0,6.0,6.0,0,243,1,291
446,123,22.0,2933.0,12.0,12.0,0,221,2,265
446,124,423.0,2898.0,14.0,7.0,1,224,0,263
446,130,414.0,2895.0,10.0,5.0,1,210,0,249
446,156,166.0,2919.0,12.0,10.0,1,143,0,175
446,157,387.0,2890.0,13.0,7.0,0,140,1,175
446,190,462.0,2895.0,10.0,9.0,1,80,0,99
446,214,490.0,2894.0,10.0,9.0,1,19,0,22
447,0,1816.0,3080.0,10.0,6.0,1,358,0,448
447,32,225.0,2918.0,11.0,7.0,1,317,0,372
447,38,0.0,2933.0,2.0,3.0,0,314,4,366
447,41,94.0,2930.0,11.0,7.0,1,299,0,363
447,42,0.0,2935.0,4.0,7.0,0,293,8,363
447,49,511.0,2897.0,10.0,10.0,1,291,0,357
447,53,37.0,2933.0,11.0,8.0,1,300,0,354
447,62,0.0,2933.0,2.0,6.0,0,282,13,347
447,63,0.0,2934.0,2.0,7.0,0,278,18,347
447,67,182.0,2919.0,7.0,5.0,1,287,0,342
447,68,259.0,2920.0,14.0,8.0,0,306,4,342
447,77,522.0,2899.0,11.0,7.0,1,283,0,333
447,83,141.0,2921.0,9.0,7.0,0,271,2,324
447,84,206.0,2917.0,13.0,9.0,1,268,0,324
447,91,396.0,2906.0,10.0,12.0,1,271,0,314
447,92,415.0,2911.0,13.0,9.0,1,262,0,312
447,104,64.0,2932.0,10.0,5.0,1,246,0,292
447,106,0.0,2930.0,6.0,6.0,0,243,2,292
447,123,8.0,2930.0,12.0,10.0,1,222,0,266
447,124,422.0,2895.0,13.0,8.0,1,225,0,264
447,130,414.0,2895.0,10.0,5.0,0,210,1,250
447,156,163.0,2918.0,9.0,6.0,1,144,0,176
447,157,374.0,2889.0,12.0,7.0,1,141,0,176
447,190,457.0,2896.0,13.0,8.0,1,81,0,100
447,214,486.0,2894.0,11.0,10.0,1,20,0,23
448,0,1817.0,3081.0,10.0,6.0,1,359,0,449
448,32,225.0,2918.0,11.0,7.0,0,317,1,373
448,38,0.0,2933.0,2.0,3.0,0,314,5,367
448,41,86.0,2929.0,12.0,8.0,1,300,0,364
448,42,0.0,2935.0,4.0,7.0,0,293,9,364
448,49,508.0,2893.0,11.0,11.0,1,292,0,358
448,53,37.0,2933.0,11.0,8.0,0,300,1,355
448,62,0.0,2933.0,2.0,6.0,0,282,14,348
448,63,0.0,2934.0,2.0,7.0,0,278,19,348
448,67,175.0,2916.0,9.0,8.0,1,288,0,343
448,68,238.0,2915.0,10.0,8.0,1,307,0,343
448,77,518.0,2898.0,9.0,7.0,1,284,0,334
448,83,127.0,2920.0,8.0,7.0,1,272,0,325
448,84,198.0,2916.0,15.0,10.0,1,269,0,325
448,91,391.0,2910.0,11.0,7.0,1,272,0,315
448,92,416.0,2908.0,9.0,10.0,1,263,0,313
448,104,58.0,2931.0,11.0,9.0,1,247,0,293
448,106,0.0,2930.0,6.0,6.0,0,243,3,293
448,123,2.0,2930.0,13.0,12.0,1,223,0,267
448,124,417.0,2895.0,11.0,8.0,1,226,0,265
448,130,414.0,2895.0,10.0,5.0,0,210,2,251
448,156,158.0,2917.0,10.0,8.0,1,145,0,177
448,157,368.0,2890.0,13.0,7.0,1,142,0,177
448,190,453.0,2895.0,12.0,6.0,1,82,0,101
448,214,481.0,2893.0,13.0,12.0,1,21,0,24
449,0,1820.0,3082.0,9.0,5.0,1,360,0,450
449,32,219.0,2915.0,9.0,9.0,1,318,0,374
449,38,0.0,2933.0,2.0,3.0,0,314,6,368
449,41,81.0,2924.0,10.0,10.0,1,301,0,365
449,42,0.0,2935.0,4.0,7.0,0,293,10,365
449,49,503.0,2891.0,9.0,12.0,1,293,0,359
449,53,37.0,2933.0,11.0,8.0,0,300,2,356
449,62,0.0,2933.0,2.0,6.0,0,282,15,349
449,63,0.0,2934.0,2.0,7.0,0,278,20,349
449,67,170.0,2918.0,10.0,6.0,1,289,0,344
449,68,238.0,2915.0,10.0,8.0,0,307,1,344
449,77,518.0,2898.0,9.0,7.0,0,284,1,335
449,83,120.0,2915.0,12.0,12.0,1,273,0,326
449,84,198.0,2916.0,15.0,10.0,0,269,1,326
449,91,387.0,2910.0,11.0,7.0,1,273,0,316
449,92,409.0,2910.0,13.0,7.0,1,264,0,314
449,104,55.0,2930.0,8.0,7.0,1,248,0,294
449,106,0.0,2930.0,6.0,6.0,0,243,4,294
449,123,2.0,2930.0,13.0,12.0,0,223,1,268
449,124,411.0,2897.0,12.0,8.0,1,227,0,266
449,130,399.0,2895.0,9.0,7.0,1,211,0,252
449,156,150.0,2918.0,13.0,7.0,1,146,0,178
449,157,362.0,2888.0,14.0,7.0,1,143,0,178
449,190,453.0,2895.0,12.0,6.0,0,82,1,102
449,214,478.0,2894.0,10.0,8.0,1,22,0,25
450,0,1820.0,3083.0,11.0,5.0,1,361,0,451
450,32,211.0,2915.0,14.0,10.0,1,319,0,375
450,38,0.0,2933.0,2.0,3.0,0,314,7,369
450,41,81.0,2924.0,10.0,10.0,0,301,1,366
450,42,0.0,2935.0,4.0,7.0,0,293,11,366
450,49,496.0,2897.0,11.0,9.0,1,294,0,360
450,53,22.0,2931.0,9.0,9.0,1,301,0,357
450,62,0.0,2933.0,2.0,6.0,0,282,16,350
450,63,0.0,2934.0,2.0,7.0,0,278,21,350
450,67,164.0,2918.0,12.0,6.0,1,290,0,345
450,68,226.0,2913.0,13.0,9.0,1,308,0,345
450,77,504.0,2897.0,11.0,5.0,1,285,0,336
450,83,116.0,2918.0,13.0,11.0,1,274,0,327
450,84,192.0,2914.0,13.0,9.0,1,270,0,327
450,91,383.0,2910.0,14.0,8.0,1,274,0,317
450,92,406.0,2910.0,11.0,8.0,1,265,0,315
450,104,48.0,2929.0,9.0,5.0,1,249,0,295
450,106,0.0,2930.0,6.0,6.0,0,243,5,295
450,123,0.0,2929.0,9.0,9.0,1,224,0,269
450,124,411.0,2897.0,12.0,8.0,0,227,1,267
450,130,399.0,2895.0,9.0,7.0,0,211,1,253
450,156,145.0,2918.0,12.0,7.0,1,147,0,179
450,157,356.0,2887.0,13.0,8.0,1,144,0,179
450,190,453.0,2895.0,12.0,6.0,0,82,2,103
450,214,478.0,2894.0,10.0,8.0,0,22,1,26
451,0,1823.0,3084.0,10.0,5.0,1,362,0,452
451,32,208.0,2916.0,10.0,7.0,1,320,0,376
451,38,0.0,2933.0,2.0,3.0,0,314,8,370
451,41,70.0,2926.0,14.0,10.0,1,302,0,367
451,42,0.0,2935.0,4.0,7.0,0,293,12,367
451,49,491.0,2894.0,12.0,9.0,1,295,0,361
451,53,16.0,2930.0,10.0,7.0,1,302,0,358
451,62,0.0,2933.0,2.0,6.0,0,282,17,351
451,63,0.0,2934.0,2.0,7.0,0,278,22,351
451,67,162.0,2917.0,7.0,6.0,1,291,0,346
451,68,223.0,2913.0,10.0,10.0,1,309,0,346
451,77,501.0,2896.0,11.0,7.0,1,286,0,337
451,83,116.0,2918.0,13.0,11.0,0,274,1,328
451,84,188.0,2915.0,9.0,6.0,1,271,0,328
451,91,382.0,2907.0,10.0,11.0,1,275,0,318
451,92,406.0,2910.0,11.0,8.0,0,265,1,316
451,104,42.0,2927.0,10.0,8.0,1,250,0,296
451,106,0.0,2930.0,6.0,6.0,0,243,6,296
451,123,0.0,2929.0,9.0,9.0,0,224,1,270
451,124,406.0,2893.0,10.0,9.0,1,228,0,268
451,130,390.0,2895.0,9.0,6.0,1,212,0,254
451,156,143.0,2916.0,11.0,7.0,1,148,0,180
451,157,351.0,2886.0,14.0,10.0,1,145,0,180
451,190,453.0,2895.0,12.0,6.0,0,82,3,104
451,214,478.0,2894.0,10.0,8.0,0,22,2,27
452,0,1825.0,3085.0,10.0,5.0,1,363,0,453
452,32,208.0,2916.0,10.0,7.0,0,320,1,377
452,38,0.0,2933.0,2.0,3.0,0,314,9,371
452,41,65.0,2925.0,15.0,10.0,1,303,0,368
452,42,0.0,2935.0,4.0,7.0,0,293,13,368
452,49,491.0,2894.0,12.0,9.0,0,295,1,362
452,53,16.0,2930.0,10.0,7.0,0,302,1,359
452,62,0.0,2933.0,2.0,6.0,0,282,18,352
452,63,0.0,2934.0,2.0,7.0,0,278,23,352
452,67,156.0,2916.0,10.0,5.0,1,292,0,347
452,68,219.0,2913.0,11.0,8.0,1,310,0,347
452,77,496.0,2891.0,10.0,11.0,1,287,0,338
452,83,110.0,2916.0,9.0,9.0,1,275,0,329
452,84,181.0,2912.0,13.0,11.0,1,272,0,329
452,91,382.0,2907.0,10.0,11.0,0,275,1,319
452,92,399.0,2907.0,10.0,7.0,1,266,0,317
452,104,42.0,2927.0,10.0,8.0,0,250,1,297
452,106,0.0,2930.0,6.0,6.0,0,243,7,297
452,123,0.0,2929.0,9.0,9.0,0,224,2,271
452,124,399.0,2894.0,10.0,7.0,1,229,0,269
452,130,383.0,2892.0,13.0,9.0,1,213,0,255
452,156,138.0,2915.0,11.0,7.0,1,149,0,181
452,157,351.0,2886.0,14.0,10.0,0,145,1,181
452,190,437.0,2893.0,11.0,7.0,1,83,0,105
452,214,465.0,2893.0,12.0,12.0,1,23,0,28
453,0,1828.0,3085.0,9.0,5.0,1,364,0,454
453,32,201.0,2913.0,8.0,9.0,1,321,0,378
453,38,0.0,2933.0,2.0,3.0,0,314,10,372
453,41,61.0,2923.0,12.0,10.0,1,304,0,369
453,42,0.0,2935.0,4.0,7.0,0,293,14,369
453,49,484.0,2892.0,10.0,10.0,1,296,0,363
453,53,5.0,2928.0,11.0,9.0,1,303,0,360
453,62,0.0,2933.0,2.0,6.0,0,282,19,353
453,63,0.0,2934.0,2.0,7.0,0,278,24,353
453,67,156.0,2916.0,10.0,5.0,0,292,1,348
453,68,216.0,2912.0,10.0,9.0,1,311,0,348
453,77,491.0,2893.0,9.0,5.0,1,288,0,339
453,83,102.0,2915.0,12.0,9.0,1,276,0,330
453,84,178.0,2914.0,11.0,10.0,1,273,0,330
453,91,382.0,2907.0,10.0,11.0,0,275,2,320
453,92,393.0,2907.0,12.0,8.0,1,267,0,318
453,104,33.0,2927.0,10.0,9.0,1,251,0,298
453,106,0.0,2930.0,6.0,6.0,0,243,8,298
453,123,0.0,2929.0,9.0,9.0,0,224,3,272
453,124,394.0,2894.0,11.0,9.0,1,230,0,270
453,130,382.0,2891.0,11.0,7.0,1,214,0,256
453,156,129.0,2915.0,15.0,9.0,1,150,0,182
453,157,351.0,2886.0,14.0,10.0,0,145,2,182
453,190,431.0,2893.0,10.0,7.0,1,84,0,106
453,214,461.0,2894.0,11.0,10.0,1,24,0,29
454,0,1827.0,3086.0,12.0,5.0,1,365,0,455
454,32,194.0,2914.0,11.0,8.0,1,322,0,379
454,38,0.0,2933.0,2.0,3.0,0,314,11,373
454,41,55.0,2922.0,13.0,9.0,1,305,0,370
454,42,0.0,2935.0,4.0,7.0,0,293,15,370
454,49,480.0,2894.0,8.0,9.0,1,297,0,364
454,53,1.0,2927.0,11.0,9.0,1,304,0,361
454,62,0.0,2933.0,2.0,6.0,0,282,20,354
454,63,0.0,2934.0,2.0,7.0,0,278,25,354
454,67,145.0,2915.0,12.0,5.0,1,293,0,349
454,68,211.0,2910.0,10.0,7.0,1,312,0,349
454,77,483.0,2895.0,13.0,4.0,1,289,0,340
454,83,102.0,2915.0,12.0,9.0,0,276,1,331
454,84,178.0,2914.0,11.0,10.0,0,273,1,331
454,91,368.0,2908.0,13.0,8.0,1,276,0,321
454,92,390.0,2907.0,11.0,9.0,1,268,0,319
454,104,29.0,2923.0,9.0,11.0,1,252,0,299
454,106,0.0,2930.0,6.0,6.0,0,243,9,299
454,123,0.0,2929.0,9.0,9.0,0,224,4,273
454,124,394.0,2894.0,11.0,9.0,0,230,1,271
454,130,375.0,2887.0,13.0,10.0,1,215,0,257
454,156,126.0,2912.0,12.0,10.0,1,151,0,183
454,157,333.0,2882.0,9.0,10.0,1,146,0,183
454,190,427.0,2895.0,13.0,9.0,1,85,0,107
454,214,458.0,2890.0,10.0,10.0,1,25,0,30
455,0,1826.0,3086.0,14.0,4.0,1,366,0,456
455,32,190.0,2912.0,11.0,10.0,1,323,0,380
455,38,0.0,2933.0,2.0,3.0,0,314,12,374
455,41,49.0,2923.0,15.0,10.0,1,306,0,371
455,42,0.0,2935.0,4.0,7.0,0,293,16,371
455,49,471.0,2893.0,11.0,8.0,1,298,0,365
455,53,0.0,2923.0,6.0,10.0,1,305,0,362
455,62,0.0,2933.0,2.0,6.0,0,282,21,355
455,63,0.0,2934.0,2.0,7.0,0,278,26,355
455,67,143.0,2913.0,9.0,7.0,1,294,0,350
455,68,211.0,2910.0,10.0,7.0,0,312,1,350
455,77,483.0,2895.0,13.0,4.0,0,289,1,341
455,83,94.0,2913.0,11.0,11.0,1,277,0,332
455,84,168.0,2912.0,12.0,10.0,1,274,0,332
455,91,366.0,2905.0,14.0,11.0,1,277,0,322
455,92,389.0,2904.0,11.0,8.0,1,269,0,320
455,104,23.0,2923.0,10.0,10.0,1,253,0,300
455,106,0.0,2930.0,6.0,6.0,0,243,10,300
455,123,0.0,2929.0,9.0,9.0,0,224,5,274
455,124,388.0,2892.0,8.0,9.0,1,231,0,272
455,130,370.0,2891.0,11.0,5.0,1,216,0,258
455,156,124.0,2913.0,11.0,8.0,1,152,0,184
455,157,328.0,2883.0,9.0,9.0,1,147,0,184
455,190,423.0,2895.0,11.0,5.0,1,86,0,108
455,214,458.0,2890.0,10.0,10.0,0,25,1,31
456,0,1829.0,3087.0,13.0,4.0,1,367,0,457
456,32,188.0,2911.0,8.0,9.0,1,324,0,381
456,38,0.0,2933.0,2.0,3.0,0,314,13,375
456,41,49.0,2923.0,15.0,10.0,0,306,1,372
456,42,0.0,2935.0,4.0,7.0,0,293,17,372
456,49,469.0,2891.0,10.0,12.0,1,299,0,366
456,53,0.0,2923.0,6.0,10.0,0,305,1,363
456,62,0.0,2933.0,2.0,6.0,0,282,22,356
456,63,0.0,2934.0,2.0,7.0,0,278,27,356
456,67,139.0,2915.0,6.0,5.0,1,295,0,351
456,68,200.0,2910.0,14.0,9.0,1,313,0,351
456,77,483.0,2895.0,13.0,4.0,0,289,2,342
456,83,90.0,2911.0,11.0,10.0,1,278,0,333
456,84,164.0,2912.0,14.0,9.0,1,275,0,333
456,91,366.0,2905.0,14.0,11.0,0,277,1,323
456,92,386.0,2903.0,9.0,9.0,1,270,0,321
456,104,19.0,2924.0,9.0,9.0,1,254,0,301
456,106,0.0,2930.0,6.0,6.0,0,243,11,301
456,123,0.0,2929.0,9.0,9.0,0,224,6,275
456,124,381.0,2893.0,10.0,7.0,1,232,0,273
456,130,367.0,2891.0,10.0,7.0,1,217,0,259
456,156,115.0,2915.0,15.0,8.0,1,153,0,185
456,157,318.0,2883.0,15.0,10.0,1,148,0,185
456,190,420.0,2892.0,11.0,8.0,1,87,0,109
456,214,446.0,2893.0,13.0,9.0,1,26,0,32
457,0,1829.0,3087.0,13.0,4.0,0,367,1,458
457,32,183.0,2912.0,8.0,7.0,1,325,0,382
457,38,0.0,2933.0,2.0,3.0,0,314,14,376
457,41,43.0,2920.0,10.0,10.0,1,307,0,373
457,42,0.0,2935.0,4.0,7.0,0,293,18,373
457,49,463.0,2892.0,9.0,8.0,1,300,0,367
457,53,0.0,2923.0,6.0,10.0,0,305,2,364
457,62,0.0,2933.0,2.0,6.0,0,282,23,357
457,63,0.0,2934.0,2.0,7.0,0,278,28,357
457,67,131.0,2914.0,10.0,8.0,1,296,0,352
457,68,200.0,2910.0,14.0,9.0,0,313,1,352
457,77,461.0,2891.0,11.0,7.0,1,290,0,343
457,83,87.0,2915.0,10.0,4.0,1,279,0,334
457,84,157.0,2912.0,15.0,8.0,1,276,0,334
457,91,356.0,2907.0,12.0,8.0,1,278,0,324
457,92,379.0,2904.0,9.0,8.0,1,271,0,322
457,104,19.0,2924.0,9.0,9.0,0,254,1,302
457,106,0.0,2930.0,6.0,6.0,0,243,12,302
457,123,0.0,2929.0,9.0,9.0,0,224,7,276
457,124,381.0,2893.0,10.0,7.0,0,232,1,274
457,130,367.0,2889.0,6.0,6.0,1,218,0,260
457,156,111.0,2913.0,12.0,8.0,1,154,0,186
457,157,318.0,2883.0,15.0,10.0,0,148,1,186
457,190,416.0,2893.0,10.0,7.0,1,88,0,110
457,214,443.0,2893.0,11.0,7.0,1,27,0,33
458,0,1747.0,3171.0,9.0,5.0,1,368,0,459
458,32,175.0,2911.0,13.0,8.0,1,326,0,383
458,38,0.0,2933.0,2.0,3.0,0,314,15,377
458,41,43.0,2920.0,10.0,10.0,0,307,1,374
458,42,0.0,2935.0,4.0,7.0,0,293,19,374
458,49,463.0,2892.0,9.0,8.0,0,300,1,368
458,53,0.0,2923.0,6.0,10.0,0,305,3,365
458,62,0.0,2933.0,2.0,6.0,0,282,24,358
458,63,0.0,2934.0,2.0,7.0,0,278,29,358
458,67,127.0,2911.0,9.0,9.0,1,297,0,353
458,68,193.0,2910.0,11.0,7.0,1,314,0,353
458,77,458.0,2891.0,9.0,6.0,1,291,0,344
458,83,78.0,2913.0,14.0,7.0,1,280,0,335
458,84,154.0,2910.0,13.0,9.0,1,277,0,335
458,91,353.0,2906.0,12.0,9.0,1,279,0,325
458,92,379.0,2904.0,9.0,8.0,0,271,1,323
458,104,8.0,2919.0,11.0,10.0,1,255,0,303
458,106,0.0,2930.0,6.0,6.0,0,243,13,303
458,123,0.0,2929.0,9.0,9.0,0,224,8,277
458,124,372.0,2894.0,11.0,7.0,1,233,0,275
458,130,360.0,2888.0,9.0,8.0,1,219,0,261
458,156,105.0,2911.0,15.0,9.0,1,155,0,187
458,157,310.0,2880.0,9.0,9.0,1,149,0,187
458,190,416.0,2893.0,10.0,7.0,0,88,1,111
458,214,438.0,2889.0,12.0,10.0,1,28,0,34
459,0,1833.0,3087.0,14.0,5.0,1,369,0,460
459,32,171.0,2911.0,14.0,9.0,1,327,0,384
459,38,0.0,2933.0,2.0,3.0,0,314,16,378
459,41,30.0,2920.0,13.0,10.0,1,308,0,375
459,42,0.0,2935.0,4.0,7.0,0,293,20,375
459,49,463.0,2892.0,9.0,8.0,0,300,2,369
459,53,0.0,2923.0,6.0,10.0,0,305,4,366
459,62,0.0,2933.0,2.0,6.0,0,282,25,359
459,67,123.0,2910.0,9.0,10.0,1,298,0,354
459,68,188.0,2910.0,12.0,6.0,1,315,0,354
459,77,448.0,2890.0,10.0,7.0,1,292,0,345
459,83,78.0,2913.0,14.0,7.0,0,280,1,336
459,84,150.0,2911.0,12.0,9.0,1,278,0,336
459,91,351.0,2905.0,11.0,10.0,1,280,0,326
459,92,372.0,2902.0,12.0,10.0,1,272,0,324
459,104,8.0,2919.0,11.0,10.0,0,255,1,304
459,106,0.0,2930.0,6.0,6.0,0,243,14,304
459,123,0.0,2929.0,9.0,9.0,0,224,9,278
459,124,372.0,2894.0,11.0,7.0,0,233,1,276
459,130,353.0,2889.0,12.0,8.0,1,220,0,262
459,156,105.0,2911.0,15.0,9.0,0,155,1,188
459,157,303.0,2880.0,9.0,9.0,1,150,0,188
459,190,406.0,2893.0,10.0,7.0,1,89,0,112
459,214,436.0,2891.0,8.0,9.0,1,29,0,35
460,0,1837.0,3087.0,13.0,5.0,1,370,0,461
460,32,167.0,2911.0,10.0,8.0,1,328,0,385
460,38,0.0,2933.0,2.0,3.0,0,314,17,379
460,41,27.0,2919.0,15.0,10.0,1,309,0,376
460,42,0.0,2935.0,4.0,7.0,0,293,21,376
460,49,463.0,2892.0,9.0,8.0,0,300,3,370
460,53,0.0,2923.0,6.0,10.0,0,305,5,367
460,62,0.0,2933.0,2.0,6.0,0,282,26,360
460,67,115.0,2911.0,12.0,8.0,1,299,0,355
460,68,181.0,2909.0,14.0,8.0,1,316,0,355
460,77,448.0,2890.0,10.0,7.0,0,292,1,346
460,83,74.0,2908.0,11.0,9.0,1,281,0,337
460,84,147.0,2912.0,11.0,9.0,1,279,0,337
460,91,351.0,2905.0,11.0,10.0,0,280,1,327
460,92,368.0,2902.0,10.0,9.0,1,273,0,325
460,104,0.0,2922.0,10.0,8.0,1,256,0,305
460,106,0.0,2930.0,6.0,6.0,0,243,15,305
460,123,0.0,2929.0,9.0,9.0,0,224,10,279
460,124,363.0,2892.0,10.0,7.0,1,234,0,277
460,130,348.0,2888.0,13.0,9.0,1,221,0,263
460,156,105.0,2911.0,15.0,9.0,0,155,2,189
460,157,296.0,2879.0,15.0,11.0,1,151,0,189
460,190,401.0,2888.0,12.0,11.0,1,90,0,113
460,214,430.0,2892.0,12.0,9.0,1,30,0,36
461,0,1837.0,3087.0,15.0,5.0,1,371,0,462
461,32,163.0,2911.0,10.0,8.0,1,329,0,386
461,38,0.0,2933.0,2.0,3.0,0,314,18,380
461,41,27.0,2919.0,15.0,10.0,0,309,1,377
461,42,0.0,2935.0,4.0,7.0,0,293,22,377
461,49,438.0,2889.0,8.0,5.0,1,301,0,371
461,53,0.0,2923.0,6.0,10.0,0,305,6,368
461,62,0.0,2933.0,2.0,6.0,0,282,27,361
461,67,111.0,2911.0,12.0,9.0,1,300,0,356
461,68,180.0,2908.0,13.0,8.0,1,317,0,356
461,77,435.0,2888.0,12.0,7.0,1,293,0,347
461,83,74.0,2908.0,11.0,9.0,0,281,1,338
461,84,140.0,2910.0,14.0,11.0,1,280,0,338
461,91,342.0,2906.0,10.0,7.0,1,281,0,328
461,92,360.0,2902.0,13.0,10.0,1,274,0,326
461,104,0.0,2922.0,10.0,8.0,0,256,1,306
461,106,0.0,2930.0,6.0,6.0,0,243,16,306
461,123,0.0,2929.0,9.0,9.0,0,224,11,280
461,124,358.0,2891.0,12.0,8.0,1,235,0,278
461,130,348.0,2888.0,13.0,9.0,0,221,1,264
461,156,90.0,2911.0,14.0,9.0,1,156,0,190
461,157,291.0,2879.0,11.0,9.0,1,152,0,190
461,190,395.0,2890.0,14.0,8.0,1,91,0,114
461,214,427.0,2892.0,11.0,4.0,1,31,0,37
462,0,1837.0,3087.0,17.0,5.0,1,372,0,463
462,32,158.0,2912.0,11.0,7.0,1,330,0,387
462,38,0.0,2933.0,2.0,3.0,0,314,19,381
462,41,27.0,2919.0,15.0,10.0,0,309,2,378
462,42,0.0,2935.0,4.0,7.0,0,293,23,378
462,49,432.0,2887.0,9.0,8.0,1,302,0,372
462,53,0.0,2923.0,6.0,10.0,0,305,7,369
462,62,0.0,2933.0,2.0,6.0,0,282,28,362
462,67,107.0,2912.0,10.0,4.0,1,301,0,357
462,68,180.0,2908.0,13.0,8.0,0,317,1,357
462,77,432.0,2888.0,9.0,7.0,1,294,0,348
462,83,63.0,2910.0,13.0,11.0,1,282,0,339
462,84,136.0,2908.0,13.0,10.0,1,281,0,339
462,91,338.0,2905.0,12.0,8.0,1,282,0,329
462,92,358.0,2903.0,11.0,8.0,1,275,0,327
462,104,0.0,2922.0,10.0,8.0,0,256,2,307
462,106,0.0,2930.0,6.0,6.0,0,243,17,307
462,123,0.0,2929.0,9.0,9.0,0,224,12,281
462,124,354.0,2891.0,12.0,8.0,1,236,0,279
462,130,342.0,2887.0,11.0,8.0,1,222,0,265
462,156,87.0,2910.0,13.0,7.0,1,157,0,191
462,157,287.0,2879.0,8.0,7.0,1,153,0,191
462,190,390.0,2891.0,14.0,9.0,1,92,0,115
462,214,422.0,2888.0,10.0,9.0,1,32,0,38
463,0,1841.0,3086.0,16.0,6.0,1,373,0,464
463,32,158.0,2912.0,11.0,7.0,0,330,1,388
463,38,0.0,2933.0,2.0,3.0,0,314,20,382
463,41,27.0,2919.0,15.0,10.0,0,309,3,379
463,42,0.0,2935.0,4.0,7.0,0,293,24,379
463,49,425.0,2886.0,10.0,7.0,1,303,0,373
463,53,0.0,2923.0,6.0,10.0,0,305,8,370
463,62,0.0,2933.0,2.0,6.0,0,282,29,363
463,67,99.0,2907.0,14.0,9.0,1,302,0,358
463,68,180.0,2908.0,13.0,8.0,0,317,2,358
463,77,423.0,2887.0,14.0,5.0,1,295,0,349
463,83,59.0,2908.0,12.0,8.0,1,283,0,340
463,84,130.0,2909.0,16.0,11.0,1,282,0,340
463,91,334.0,2903.0,14.0,9.0,1,283,0,330
463,92,358.0,2903.0,11.0,8.0,0,275,1,328
463,104,0.0,2922.0,10.0,8.0,0,256,3,308
463,106,0.0,2930.0,6.0,6.0,0,243,18,308
463,123,0.0,2929.0,9.0,9.0,0,224,13,282
463,124,350.0,2887.0,11.0,9.0,1,237,0,280
463,130,335.0,2887.0,12.0,10.0,1,223,0,266
463,156,81.0,2907.0,13.0,11.0,1,158,0,192
463,157,277.0,2876.0,12.0,8.0,1,154,0,192
463,190,389.0,2888.0,11.0,10.0,1,93,0,116
463,214,417.0,2891.0,13.0,5.0,1,33,0,39
464,0,1842.0,3085.0,17.0,6.0,1,374,0,465
464,32,151.0,2909.0,9.0,6.0,1,331,0,389
464,38,0.0,2933.0,2.0,3.0,0,314,21,383
464,41,7.0,2918.0,12.0,8.0,1,310,0,380
464,42,0.0,2935.0,4.0,7.0,0,293,25,380
464,49,420.0,2884.0,10.0,8.0,1,304,0,374
464,53,0.0,2923.0,6.0,10.0,0,305,9,371
464,67,99.0,2907.0,14.0,9.0,0,302,1,359
464,68,180.0,2908.0,13.0,8.0,0,317,3,359
464,77,418.0,2886.0,11.0,6.0,1,296,0,350
464,83,55.0,2906.0,9.0,10.0,1,284,0,341
464,84,126.0,2909.0,14.0,9.0,1,283,0,341
464,91,330.0,2903.0,14.0,8.0,1,284,0,331
464,92,358.0,2903.0,11.0,8.0,0,275,2,329
464,104,0.0,2922.0,10.0,8.0,0,256,4,309
464,106,0.0,2930.0,6.0,6.0,0,243,19,309
464,123,0.0,2929.0,9.0,9.0,0,224,14,283
464,124,350.0,2887.0,11.0,9.0,0,237,1,281
464,130,335.0,2887.0,6.0,7.0,1,224,0,267
464,156,74.0,2910.0,16.0,8.0,1,159,0,193
464,157,274.0,2879.0,12.0,6.0,1,155,0,193
464,190,389.0,2888.0,11.0,10.0,0,93,1,117
464,214,417.0,2891.0,13.0,5.0,0,33,1,40
465,0,1842.0,3085.0,17.0,6.0,0,374,1,466
465,32,144.0,2909.0,11.0,6.0,1,332,0,390
465,38,0.0,2933.0,2.0,3.0,0,314,22,384
465,41,89.0,2910.0,14.0,7.0,1,311,0,381
465,42,0.0,2935.0,4.0,7.0,0,293,26,381
465,49,420.0,2884.0,10.0,8.0,0,304,1,375
465,53,0.0,2923.0,6.0,10.0,0,305,10,372
465,67,117.0,2908.0,8.0,10.0,1,303,0,360
465,68,160.0,2906.0,13.0,8.0,1,318,0,360
465,77,418.0,2886.0,11.0,6.0,0,296,1,351
465,83,51.0,2906.0,9.0,10.0,1,285,0,342
465,84,121.0,2908.0,12.0,10.0,1,284,0,342
465,91,326.0,2903.0,10.0,10.0,1,285,0,332
465,92,343.0,2900.0,14.0,9.0,1,276,0,330
465,104,0.0,2922.0,10.0,8.0,0,256,5,310
465,106,0.0,2930.0,6.0,6.0,0,243,20,310
465,123,0.0,2929.0,9.0,9.0,0,224,15,284
465,124,339.0,2886.0,10.0,10.0,1,238,0,282
465,130,327.0,2883.0,10.0,8.0,1,225,0,268
465,156,69.0,2908.0,15.0,8.0,1,160,0,194
465,157,265.0,2878.0,14.0,7.0,1,156,0,194
465,190,378.0,2889.0,11.0,7.0,1,94,0,118
465,214,409.0,2891.0,8.0,5.0,1,34,0,41
466,0,1844.0,3085.0,15.0,5.0,1,375,0,467
466,32,137.0,2910.0,16.0,6.0,1,333,0,391
466,38,0.0,2933.0,2.0,3.0,0,314,23,385
466,41,86.0,2907.0,11.0,9.0,1,312,0,382
466,42,0.0,2935.0,4.0,7.0,0,293,27,382
466,49,408.0,2885.0,10.0,5.0,1,305,0,376
466,53,0.0,2923.0,6.0,10.0,0,305,11,373
466,67,117.0,2908.0,8.0,10.0,0,303,1,361
466,68,158.0,2906.0,13.0,9.0,1,319,0,361
466,77,418.0,2886.0,11.0,6.0,0,296,2,352
466,83,45.0,2906.0,12.0,10.0,1,286,0,343
466,84,121.0,2908.0,12.0,10.0,0,284,1,343
466,91,326.0,2903.0,10.0,10.0,0,285,1,333
466,92,343.0,2900.0,14.0,9.0,0,276,1,331
466,104,0.0,2915.0,11.0,6.0,1,257,0,311
466,106,0.0,2930.0,6.0,6.0,0,243,21,311
466,123,0.0,2929.0,9.0,9.0,0,224,16,285
466,124,339.0,2886.0,10.0,10.0,0,238,1,283
466,130,323.0,2883.0,12.0,7.0,1,226,0,269
466,156,50.0,2909.0,7.0,8.0,1,161,0,195
466,157,265.0,2878.0,14.0,7.0,0,156,1,195
466,190,373.0,2888.0,11.0,7.0,1,95,0,119
466,214,404.0,2888.0,8.0,7.0,1,35,0,42
467,0,1844.0,3085.0,15.0,5.0,0,375,1,468
467,32,134.0,2909.0,15.0,8.0,1,334,0,392
467,38,0.0,2933.0,2.0,3.0,0,314,24,386
467,41,86.0,2907.0,11.0,9.0,0,312,1,383
467,42,0.0,2935.0,4.0,7.0,0,293,28,383
467,49,408.0,2885.0,10.0,5.0,0,305,1,377
467,53,0.0,2923.0,6.0,10.0,0,305,12,374
467,67,117.0,2908.0,8.0,10.0,0,303,2,362
467,68,150.0,2904.0,14.0,9.0,1,320,0,362
467,77,398.0,2883.0,11.0,5.0,1,297,0,353
467,83,42.0,2906.0,10.0,7.0,1,287,0,344
467,84,115.0,2906.0,10.0,10.0,1,285,0,344
467,91,319.0,2899.0,9.0,12.0,1,286,0,334
467,92,343.0,2900.0,14.0,9.0,0,276,2,332
467,104,0.0,2915.0,7.0,8.0,1,258,0,312
467,106,0.0,2930.0,6.0,6.0,0,243,22,312
467,123,0.0,2929.0,9.0,9.0,0,224,17,286
467,124,332.0,2884.0,11.0,9.0,1,239,0,284
467,130,323.0,2883.0,12.0,7.0,0,226,1,270
467,156,50.0,2909.0,7.0,8.0,0,161,1,196
467,157,254.0,2875.0,13.0,5.0,1,157,0,196
467,190,370.0,2885.0,10.0,8.0,1,96,0,120
467,214,396.0,2883.0,13.0,6.0,1,36,0,43
468,0,1847.0,3083.0,16.0,6.0,1,376,0,469
468,32,131.0,2908.0,11.0,7.0,1,335,0,393
468,38,0.0,2933.0,2.0,3.0,0,314,25,387
468,41,77.0,2908.0,7.0,5.0,1,313,0,384
468,42,0.0,2935.0,4.0,7.0,0,293,29,384
468,49,408.0,2885.0,10.0,5.0,0,305,2,378
468,53,0.0,2923.0,6.0,10.0,0,305,13,375
468,67,117.0,2908.0,8.0,10.0,0,303,3,363
468,68,150.0,2904.0,14.0,9.0,0,320,1,363
468,77,391.0,2881.0,14.0,8.0,1,298,0,354
468,83,37.0,2902.0,12.0,10.0,1,288,0,345
468,84,106.0,2907.0,13.0,10.0,1,286,0,345
468,91,314.0,2902.0,12.0,9.0,1,287,0,335
468,92,330.0,2897.0,10.0,8.0,1,277,0,333
468,104,0.0,2915.0,7.0,8.0,0,258,1,313
468,106,0.0,2930.0,6.0,6.0,0,243,23,313
468,123,0.0,2929.0,9.0,9.0,0,224,18,287
468,124,328.0,2882.0,10.0,10.0,1,240,0,285
468,130,314.0,2880.0,13.0,9.0,1,227,0,271
468,156,56.0,2906.0,13.0,11.0,1,162,0,197
468,157,253.0,2875.0,8.0,9.0,1,158,0,197
468,190,370.0,2885.0,10.0,8.0,0,96,1,121
468,214,396.0,2883.0,13.0,6.0,0,36,1,44
469,0,1847.0,3083.0,16.0,6.0,0,376,1,470
469,32,131.0,2908.0,11.0,7.0,0,335,1,394
469,38,0.0,2933.0,2.0,3.0,0,314,26,388
469,41,77.0,2908.0,7.0,5.0,0,313,1,385
469,49,391.0,2888.0,10.0,5.0,1,306,0,379
469,53,0.0,2923.0,6.0,10.0,0,305,14,376
469,67,117.0,2908.0,8.0,10.0,0,303,4,364
469,68,141.0,2904.0,15.0,10.0,1,321,0,364
469,77,384.0,2880.0,12.0,8.0,1,299,0,355
469,83,31.0,2903.0,10.0,9.0,1,289,0,346
469,84,100.0,2904.0,17.0,9.0,1,287,0,346
469,91,306.0,2902.0,15.0,8.0,1,288,0,336
469,92,326.0,2897.0,12.0,8.0,1,278,0,334
469,104,0.0,2915.0,7.0,8.0,0,258,2,314
469,106,0.0,2930.0,6.0,6.0,0,243,24,314
469,123,0.0,2929.0,9.0,9.0,0,224,19,288
469,124,275.0,2807.0,9.0,9.0,1,241,0,286
469,130,308.0,2879.0,12.0,9.0,1,228,0,272
469,156,55.0,2904.0,10.0,9.0,1,163,0,198
469,157,243.0,2875.0,11.0,10.0,1,159,0,198
469,190,370.0,2885.0,10.0,8.0,0,96,2,122
469,214,386.0,2883.0,10.0,5.0,1,37,0,45
470,0,1848.0,3082.0,17.0,5.0,1,377,0,471
470,32,118.0,2909.0,14.0,6.0,1,336,0,395
470,38,0.0,2933.0,2.0,3.0,0,314,27,389
470,41,67.0,2905.0,9.0,7.0,1,314,0,386
470,49,387.0,2886.0,10.0,7.0,1,307,0,380
470,53,0.0,2923.0,6.0,10.0,0,305,15,377
470,67,117.0,2908.0,8.0,10.0,0,303,5,365
470,68,141.0,2904.0,15.0,10.0,0,321,1,365
470,77,382.0,2881.0,7.0,6.0,1,300,0,356
470,83,26.0,2904.0,13.0,9.0,1,290,0,347
470,84,98.0,2903.0,11.0,11.0,1,288,0,347
470,91,303.0,2900.0,11.0,9.0,1,289,0,337
470,92,322.0,2894.0,11.0,8.0,1,279,0,335
470,104,0.0,2915.0,7.0,8.0,0,258,3,315
470,106,0.0,2930.0,6.0,6.0,0,243,25,315
470,123,0.0,2929.0,9.0,9.0,0,224,20,289
470,124,275.0,2807.0,9.0,9.0,0,241,1,287
470,130,303.0,2881.0,13.0,7.0,1,229,0,273
470,156,46.0,2902.0,13.0,9.0,1,164,0,199
470,157,236.0,2874.0,14.0,6.0,1,160,0,199
470,190,317.0,2885.0,13.0,8.0,1,97,0,123
470,214,383.0,2881.0,9.0,7.0,1,38,0,46
471,0,1849.0,3081.0,17.0,5.0,1,378,0,472
471,32,118.0,2909.0,14.0,6.0,0,336,1,396
471,38,0.0,2933.0,2.0,3.0,0,314,28,390
471,41,62.0,2905.0,9.0,7.0,1,315,0,387
471,49,383.0,2886.0,9.0,7.0,1,308,0,381
471,53,0.0,2923.0,6.0,10.0,0,305,16,378
471,67,117.0,2908.0,8.0,10.0,0,303,6,366
471,68,134.0,2906.0,13.0,8.0,1,322,0,366
471,77,372.0,2878.0,12.0,11.0,1,301,0,357
471,83,26.0,2904.0,13.0,9.0,0,290,1,348
471,84,98.0,2903.0,11.0,11.0,0,288,1,348
471,91,301.0,2898.0,11.0,9.0,1,290,0,338
471,92,318.0,2894.0,11.0,6.0,1,280,0,336
471,104,0.0,2915.0,7.0,8.0,0,258,4,316
471,106,0.0,2930.0,6.0,6.0,0,243,26,316
471,123,0.0,2929.0,9.0,9.0,0,224,21,290
471,124,351.0,2882.0,11.0,9.0,1,242,0,288
471,130,302.0,2881.0,10.0,6.0,1,230,0,274
471,156,44.0,2903.0,11.0,10.0,1,165,0,200
471,157,236.0,2874.0,14.0,6.0,0,160,1,200
471,190,312.0,2882.0,12.0,8.0,1,98,0,124
471,214,375.0,2880.0,10.0,6.0,1,39,0,47
472,0,1850.0,3080.0,17.0,5.0,1,379,0,473
472,32,111.0,2907.0,15.0,6.0,1,337,0,397
472,38,0.0,2933.0,2.0,3.0,0,314,29,391
472,41,55.0,2906.0,13.0,7.0,1,316,0,388
472,49,383.0,2886.0,9.0,7.0,0,308,1,382
472,53,0.0,2923.0,6.0,10.0,0,305,17,379
472,67,117.0,2908.0,8.0,10.0,0,303,7,367
472,68,129.0,2907.0,12.0,8.0,1,323,0,367
472,77,366.0,2879.0,12.0,9.0,1,302,0,358
472,83,18.0,2902.0,12.0,9.0,1,291,0,349
472,84,98.0,2903.0,11.0,11.0,0,288,2,349
472,91,301.0,2898.0,11.0,9.0,0,290,1,339
472,92,313.0,2892.0,12.0,7.0,1,281,0,337
472,104,0.0,2915.0,7.0,8.0,0,258,5,317
472,106,0.0,2930.0,6.0,6.0,0,243,27,317
472,123,0.0,2929.0,9.0,9.0,0,224,22,291
472,124,346.0,2884.0,12.0,7.0,1,243,0,289
472,130,299.0,2877.0,9.0,7.0,1,231,0,275
472,156,38.0,2902.0,12.0,12.0,1,166,0,201
472,157,225.0,2871.0,13.0,9.0,1,161,0,201
472,190,312.0,2882.0,12.0,8.0,0,98,1,125
472,214,364.0,2876.0,11.0,10.0,1,40,0,48
473,0,1851.0,3080.0,16.0,5.0,1,380,0,474
473,32,106.0,2907.0,10.0,6.0,1,338,0,398
473,41,53.0,2905.0,9.0,8.0,1,317,0,389
473,49,383.0,2886.0,9.0,7.0,0,308,2,383
473,53,0.0,2923.0,6.0,10.0,0,305,18,380
473,67,86.0,2904.0,12.0,9.0,1,304,0,368
473,68,125.0,2906.0,12.0,7.0,1,324,0,368
473,77,366.0,2879.0,12.0,9.0,0,302,1,359
473,83,18.0,2902.0,12.0,9.0,0,291,1,350
473,84,98.0,2903.0,11.0,11.0,0,288,3,350
473,91,289.0,2897.0,15.0,9.0,1,291,0,340
473,92,309.0,2892.0,12.0,8.0,1,282,0,338
473,104,0.0,2915.0,7.0,8.0,0,258,6,318
473,106,0.0,2930.0,6.0,6.0,0,243,28,318
473,123,0.0,2929.0,9.0,9.0,0,224,23,292
473,124,341.0,2884.0,11.0,8.0,1,244,0,290
473,130,294.0,2878.0,6.0,5.0,1,232,0,276
473,156,38.0,2902.0,12.0,12.0,0,166,1,202
473,157,219.0,2871.0,13.0,9.0,1,162,0,202
473,190,304.0,2880.0,9.0,9.0,1,99,0,126
473,214,361.0,2879.0,10.0,5.0,1,41,0,49
474,0,1851.0,3079.0,17.0,6.0,1,381,0,475
474,32,106.0,2907.0,10.0,6.0,0,338,1,399
474,41,53.0,2905.0,9.0,8.0,0,317,1,390
474,49,383.0,2886.0,9.0,7.0,0,308,3,384
474,53,0.0,2923.0,6.0,10.0,0,305,19,381
474,67,86.0,2904.0,12.0,9.0,0,304,1,369
474,68,120.0,2903.0,14.0,9.0,1,325,0,369
474,77,355.0,2875.0,11.0,9.0,1,303,0,360
474,83,10.0,2903.0,11.0,6.0,1,292,0,351
474,84,79.0,2903.0,14.0,9.0,1,289,0,351
474,91,287.0,2897.0,9.0,6.0,1,292,0,341
474,92,309.0,2892.0,12.0,8.0,0,282,1,339
474,104,0.0,2915.0,7.0,8.0,0,258,7,319
474,106,0.0,2930.0,6.0,6.0,0,243,29,319
474,123,0.0,2929.0,9.0,9.0,0,224,24,293
474,124,338.0,2883.0,10.0,5.0,1,245,0,291
474,130,294.0,2878.0,6.0,5.0,0,232,1,277
474,156,38.0,2902.0,12.0,12.0,0,166,2,203
474,157,214.0,2872.0,11.0,8.0,1,163,0,203
474,190,298.0,2880.0,11.0,9.0,1,100,0,127
474,214,354.0,2874.0,12.0,10.0,1,42,0,50
475,0,1855.0,3078.0,14.0,10.0,1,382,0,476
475,32,106.0,2907.0,10.0,6.0,0,338,2,400
475,41,41.0,2901.0,12.0,6.0,1,318,0,391
475,49,383.0,2886.0,9.0,7.0,0,308,4,385
475,53,0.0,2923.0,6.0,10.0,0,305,20,382
475,67,86.0,2904.0,12.0,9.0,0,304,2,370
475,68,117.0,2904.0,12.0,7.0,1,326,0,370
475,77,348.0,2875.0,14.0,9.0,1,304,0,361
475,83,7.0,2898.0,10.0,10.0,1,293,0,352
475,84,72.0,2904.0,18.0,8.0,1,290,0,352
475,91,282.0,2894.0,14.0,9.0,1,293,0,342
475,92,299.0,2887.0,13.0,8.0,1,283,0,340
475,104,0.0,2915.0,7.0,8.0,0,258,8,320
475,123,0.0,2929.0,9.0,9.0,0,224,25,294
475,124,331.0,2879.0,13.0,9.0,1,246,0,292
475,130,282.0,2878.0,10.0,7.0,1,233,0,278
475,156,22.0,2899.0,13.0,11.0,1,167,0,204
475,157,208.0,2871.0,11.0,7.0,1,164,0,204
475,190,295.0,2878.0,8.0,8.0,1,101,0,128
475,214,350.0,2876.0,11.0,7.0,1,43,0,51
476,0,1855.0,3078.0,14.0,10.0,0,382,1,477
476,32,92.0,2903.0,12.0,10.0,1,339,0,401
476,41,41.0,2901.0,12.0,6.0,0,318,1,392
476,49,358.0,2884.0,12.0,6.0,1,309,0,386
476,53,0.0,2923.0,6.0,10.0,0,305,21,383
476,67,86.0,2904.0,12.0,9.0,0,304,3,371
476,68,110.0,2904.0,15.0,9.0,1,327,0,371
476,77,342.0,2874.0,11.0,10.0,1,305,0,362
476,83,7.0,2898.0,10.0,10.0,0,293,1,353
476,84,71.0,2903.0,10.0,8.0,1,291,0,353
476,91,282.0,2894.0,14.0,9.0,0,293,1,343
476,92,295.0,2888.0,10.0,7.0,1,284,0,341
476,104,0.0,2915.0,7.0,8.0,0,258,9,321
476,123,0.0,2929.0,9.0,9.0,0,224,26,295
476,124,325.0,2880.0,15.0,7.0,1,247,0,293
476,130,279.0,2872.0,8.0,9.0,1,234,0,279
476,156,18.0,2898.0,14.0,12.0,1,168,0,205
476,157,204.0,2871.0,13.0,9.0,1,165,0,205
476,190,289.0,2878.0,11.0,7.0,1,102,0,129
476,214,340.0,2874.0,13.0,10.0,1,44,0,52
477,0,1858.0,3073.0,14.0,10.0,1,383,0,478
477,32,92.0,2903.0,12.0,10.0,0,339,1,402
477,41,33.0,2901.0,10.0,6.0,1,319,0,393
477,49,356.0,2882.0,7.0,8.0,1,310,0,387
477,53,0.0,2923.0,6.0,10.0,0,305,22,384
477,67,86.0,2904.0,12.0,9.0,0,304,4,372
477,68,105.0,2903.0,14.0,10.0,1,328,0,372
477,77,342.0,2874.0,11.0,10.0,0,305,1,363
477,83,0.0,2901.0,8.0,6.0,1,294,0,354
477,84,66.0,2899.0,11.0,11.0,1,292,0,354
477,91,270.0,2894.0,14.0,10.0,1,294,0,344
477,92,290.0,2887.0,11.0,10.0,1,285,0,342
477,104,0.0,2915.0,7.0,8.0,0,258,10,322
477,123,0.0,2929.0,9.0,9.0,0,224,27,296
477,124,323.0,2878.0,13.0,10.0,1,248,0,294
477,130,279.0,2872.0,8.0,9.0,0,234,1,280
477,156,15.0,2897.0,12.0,9.0,1,169,0,206
477,157,204.0,2871.0,13.0,9.0,0,165,1,206
477,190,284.0,2878.0,9.0,6.0,1,103,0,130
477,214,338.0,2873.0,12.0,9.0,1,45,0,53
478,0,1859.0,3074.0,13.0,8.0,1,384,0,479
478,32,83.0,2904.0,12.0,8.0,1,340,0,403
478,41,27.0,2899.0,10.0,6.0,1,320,0,394
478,49,356.0,2882.0,7.0,8.0,0,310,1,388
478,53,0.0,2923.0,6.0,10.0,0,305,23,385
478,67,86.0,2904.0,12.0,9.0,0,304,5,373
478,68,102.0,2900.0,10.0,11.0,1,329,0,373
478,77,342.0,2874.0,11.0,10.0,0,305,2,364
478,83,0.0,2901.0,8.0,6.0,0,294,1,355
478,84,61.0,2901.0,11.0,8.0,1,293,0,355
478,91,270.0,2894.0,9.0,7.0,1,295,0,345
478,92,287.0,2885.0,10.0,7.0,1,286,0,343
478,104,0.0,2915.0,7.0,8.0,0,258,11,323
478,123,0.0,2929.0,9.0,9.0,0,224,28,297
478,124,316.0,2878.0,13.0,7.0,1,249,0,295
478,130,268.0,2875.0,10.0,5.0,1,235,0,281
478,156,12.0,2897.0,11.0,9.0,1,170,0,207
478,157,192.0,2869.0,12.0,7.0,1,166,0,207
478,190,279.0,2877.0,9.0,8.0,1,104,0,131
478,214,335.0,2876.0,7.0,5.0,1,46,0,54
479,0,1858.0,3075.0,15.0,10.0,1,385,0,480
479,32,83.0,2904.0,12.0,8.0,0,340,1,404
479,41,22.0,2899.0,9.0,6.0,1,321,0,395
479,49,356.0,2882.0,7.0,8.0,0,310,2,389
479,53,0.0,2923.0,6.0,10.0,0,305,24,386
479,67,86.0,2904.0,12.0,9.0,0,304,6,374
479,68,96.0,2901.0,14.0,9.0,1,330,0,374
479,77,342.0,2874.0,11.0,10.0,0,305,3,365
479,83,0.0,2901.0,8.0,6.0,0,294,2,356
479,84,55.0,2902.0,14.0,8.0,1,294,0,356
479,91,270.0,2894.0,9.0,7.0,0,295,1,346
479,92,284.0,2883.0,10.0,7.0,1,287,0,344
479,104,0.0,2915.0,7.0,8.0,0,258,12,324
479,123,0.0,2929.0,9.0,9.0,0,224,29,298
479,124,312.0,2877.0,12.0,8.0,1,250,0,296
479,130,268.0,2875.0,10.0,5.0,0,235,1,282
479,156,12.0,2897.0,11.0,9.0,0,170,1,208
479,157,186.0,2867.0,12.0,9.0,1,167,0,208
479,190,275.0,2875.0,9.0,8.0,1,105,0,132
479,214,325.0,2873.0,15.0,9.0,1,47,0,55
480,0,1859.0,3074.0,14.0,9.0,1,386,0,481
480,32,83.0,2904.0,12.0,8.0,0,340,2,405
480,41,22.0,2899.0,9.0,6.0,0,321,1,396
480,49,340.0,2879.0,10.0,8.0,1,311,0,390
480,53,0.0,2923.0,6.0,10.0,0,305,25,387
480,67,86.0,2904.0,12.0,9.0,0,304,7,375
480,68,90.0,2902.0,15.0,10.0,1,331,0,375
480,77,342.0,2874.0,11.0,10.0,0,305,4,366
480,83,0.0,2901.0,8.0,6.0,0,294,3,357
480,84,50.0,2901.0,11.0,7.0,1,295,0,357
480,91,254.0,2887.0,17.0,10.0,1,296,0,347
480,92,278.0,2883.0,9.0,7.0,1,288,0,345
480,104,0.0,2915.0,7.0,8.0,0,258,13,325
480,124,310.0,2876.0,10.0,8.0,1,251,0,297
480,130,257.0,2871.0,11.0,6.0,1,236,0,283
480,156,0.0,2897.0,10.0,11.0,1,171,0,209
480,157,182.0,2867.0,12.0,9.0,1,168,0,209
480,190,275.0,2875.0,9.0,8.0,0,105,1,133
480,214,325.0,2873.0,15.0,9.0,0,47,1,56
481,0,1863.0,3071.0,14.0,8.0,1,387,0,482
481,32,83.0,2904.0,12.0,8.0,0,340,3,406
481,41,12.0,2898.0,9.0,5.0,1,322,0,397
481,49,336.0,2879.0,9.0,6.0,1,312,0,391
481,53,0.0,2923.0,6.0,10.0,0,305,26,388
481,67,86.0,2904.0,12.0,9.0,0,304,8,376
481,68,85.0,2901.0,15.0,9.0,1,332,0,376
481,77,312.0,2870.0,12.0,6.0,1,306,0,367
481,83,0.0,2901.0,8.0,6.0,0,294,4,358
481,84,47.0,2899.0,10.0,7.0,1,296,0,358
481,91,255.0,2891.0,13.0,8.0,1,297,0,348
481,92,272.0,2882.0,13.0,10.0,1,289,0,346
481,104,0.0,2915.0,7.0,8.0,0,258,14,326
481,124,305.0,2874.0,12.0,9.0,1,252,0,298
481,130,251.0,2872.0,12.0,6.0,1,237,0,284
481,156,0.0,2895.0,7.0,10.0,1,172,0,210
481,157,175.0,2867.0,13.0,9.0,1,169,0,210
481,190,275.0,2875.0,9.0,8.0,0,105,2,134
481,214,315.0,2871.0,9.0,7.0,1,48,0,57
482,0,1862.0,3066.0,13.0,12.0,1,388,0,483
482,32,62.0,2902.0,12.0,7.0,1,341,0,407
482,41,7.0,2894.0,11.0,9.0,1,323,0,398
482,49,330.0,2878.0,11.0,4.0,1,313,0,392
482,53,0.0,2923.0,6.0,10.0,0,305,27,389
482,67,86.0,2904.0,12.0,9.0,0,304,9,377
482,68,81.0,2898.0,14.0,9.0,1,333,0,377
482,77,307.0,2868.0,12.0,8.0,1,307,0,368
482,83,0.0,2901.0,8.0,6.0,0,294,5,359
482,84,40.0,2899.0,10.0,6.0,1,297,0,359
482,91,250.0,2887.0,12.0,8.0,1,298,0,349
482,92,268.0,2881.0,11.0,6.0,1,290,0,347
482,104,0.0,2915.0,7.0,8.0,0,258,15,327
482,124,305.0,2874.0,12.0,9.0,0,252,1,299
482,130,246.0,2872.0,11.0,7.0,1,238,0,285
482,156,0.0,2895.0,7.0,10.0,0,172,1,211
482,157,170.0,2865.0,13.0,7.0,1,170,0,211
482,190,258.0,2873.0,12.0,8.0,1,106,0,135
482,214,310.0,2871.0,10.0,5.0,1,49,0,58
483,0,1859.0,3072.0,18.0,5.0,1,389,0,484
483,32,62.0,2902.0,12.0,7.0,0,341,1,408
483,41,2.0,2895.0,9.0,8.0,1,324,0,399
483,49,330.0,2878.0,11.0,4.0,0,313,1,393
483,53,0.0,2923.0,6.0,10.0,0,305,28,390
483,67,86.0,2904.0,12.0,9.0,0,304,10,378
483,68,75.0,2901.0,15.0,7.0,1,334,0,378
483,77,302.0,2869.0,8.0,7.0,1,308,0,369
483,83,0.0,2901.0,8.0,6.0,0,294,6,360
483,84,35.0,2898.0,14.0,8.0,1,298,0,360
483,91,250.0,2887.0,12.0,8.0,0,298,1,350
483,92,263.0,2878.0,13.0,8.0,1,291,0,348
483,104,0.0,2915.0,7.0,8.0,0,258,16,328
483,124,296.0,2870.0,8.0,9.0,1,253,0,300
483,130,246.0,2866.0,8.0,11.0,1,239,0,286
483,156,0.0,2895.0,7.0,10.0,0,172,2,212
483,157,165.0,2865.0,13.0,8.0,1,171,0,212
483,190,256.0,2871.0,10.0,8.0,1,107,0,136
483,214,302.0,2872.0,10.0,4.0,1,50,0,59
484,0,1863.0,3071.0,13.0,9.0,1,390,0,485
484,32,62.0,2902.0,12.0,7.0,0,341,2,409
484,41,0.0,2895.0,7.0,9.0,1,325,0,400
484,49,330.0,2878.0,11.0,4.0,0,313,2,394
484,53,0.0,2923.0,6.0,10.0,0,305,29,391
484,67,54.0,2898.0,10.0,9.0,1,305,0,379
484,68,71.0,2900.0,16.0,10.0,1,335,0,379
484,77,298.0,2871.0,7.0,8.0,1,309,0,370
484,83,0.0,2901.0,8.0,6.0,0,294,7,361
484,84,29.0,2897.0,13.0,9.0,1,299,0,361
484,91,239.0,2886.0,15.0,7.0,1,299,0,351
484,92,258.0,2878.0,12.0,8.0,1,292,0,349
484,104,0.0,2915.0,7.0,8.0,0,258,17,329
484,124,296.0,2870.0,8.0,9.0,0,253,1,301
484,130,238.0,2871.0,10.0,4.0,1,240,0,287
484,156,0.0,2895.0,7.0,10.0,0,172,3,213
484,157,160.0,2865.0,12.0,8.0,1,172,0,213
484,190,249.0,2870.0,11.0,7.0,1,108,0,137
484,214,299.0,2872.0,6.0,7.0,1,51,0,60
485,0,1865.0,3067.0,10.0,9.0,1,391,0,486
485,32,62.0,2902.0,12.0,7.0,0,341,3,410
485,41,0.0,2895.0,7.0,9.0,0,325,1,401
485,49,318.0,2874.0,10.0,6.0,1,314,0,395
485,67,50.0,2898.0,11.0,7.0,1,306,0,380
485,68,71.0,2900.0,16.0,10.0,0,335,1,380
485,77,298.0,2871.0,7.0,8.0,0,309,1,371
485,83,0.0,2901.0,8.0,6.0,0,294,8,362
485,84,27.0,2895.0,13.0,9.0,1,300,0,362
485,91,236.0,2887.0,14.0,9.0,1,300,0,352
485,92,254.0,2877.0,11.0,8.0,1,293,0,350
485,104,0.0,2915.0,7.0,8.0,0,258,18,330
485,124,285.0,2870.0,10.0,7.0,1,254,0,302
485,130,231.0,2871.0,14.0,6.0,1,241,0,288
485,156,0.0,2895.0,7.0,10.0,0,172,4,214
485,157,156.0,2866.0,11.0,10.0,1,173,0,214
485,190,247.0,2871.0,9.0,7.0,1,109,0,138
485,214,291.0,2871.0,9.0,5.0,1,52,0,61
486,0,1868.0,3063.0,11.0,10.0,1,392,0,487
486,32,43.0,2898.0,12.0,6.0,1,342,0,411
486,41,0.0,2895.0,7.0,9.0,0,325,2,402
486,49,312.0,2874.0,11.0,4.0,1,315,0,396
486,67,50.0,2898.0,11.0,7.0,0,306,1,381
486,68,71.0,2900.0,16.0,10.0,0,335,2,381
486,77,287.0,2866.0,10.0,6.0,1,310,0,372
486,83,0.0,2901.0,8.0,6.0,0,294,9,363
486,84,22.0,2895.0,12.0,9.0,1,301,0,363
486,91,231.0,2883.0,17.0,7.0,1,301,0,353
486,92,254.0,2877.0,11.0,8.0,0,293,1,351
486,104,0.0,2915.0,7.0,8.0,0,258,19,331
486,124,282.0,2870.0,9.0,7.0,1,255,0,303
486,130,231.0,2871.0,14.0,6.0,0,241,1,289
486,156,0.0,2895.0,7.0,10.0,0,172,5,215
486,157,149.0,2866.0,12.0,6.0,1,174,0,215
486,190,247.0,2871.0,9.0,7.0,0,109,1,139
486,214,288.0,2868.0,10.0,5.0,1,53,0,62
487,0,1863.0,3063.0,17.0,10.0,1,393,0,488
487,32,39.0,2896.0,9.0,6.0,1,343,0,412
487,41,0.0,2895.0,7.0,9.0,0,325,3,403
487,49,305.0,2874.0,13.0,7.0,1,316,0,397
487,67,50.0,2898.0,11.0,7.0,0,306,2,382
487,68,57.0,2895.0,14.0,9.0,1,336,0,382
487,77,280.0,2864.0,10.0,7.0,1,311,0,373
487,83,0.0,2901.0,8.0,6.0,0,294,10,364
487,84,17.0,2895.0,12.0,8.0,1,302,0,364
487,91,231.0,2883.0,17.0,7.0,0,301,1,354
487,92,245.0,2875.0,10.0,5.0,1,294,0,352
487,104,0.0,2915.0,7.0,8.0,0,258,20,332
487,124,277.0,2868.0,9.0,6.0,1,256,0,304
487,130,225.0,2866.0,7.0,7.0,1,242,0,290
487,156,0.0,2895.0,7.0,10.0,0,172,6,216
487,157,143.0,2865.0,14.0,6.0,1,175,0,216
487,190,233.0,2867.0,13.0,10.0,1,110,0,140
487,214,288.0,2868.0,10.0,5.0,0,53,1,63
488,0,1863.0,3066.0,18.0,9.0,1,394,0,489
488,32,39.0,2896.0,9.0,6.0,0,343,1,413
488,41,0.0,2895.0,7.0,9.0,0,325,4,404
488,49,300.0,2870.0,13.0,6.0,1,317,0,398
488,67,50.0,2898.0,11.0,7.0,0,306,3,383
488,68,53.0,2895.0,13.0,9.0,1,337,0,383
488,77,280.0,2864.0,10.0,7.0,0,311,1,374
488,83,0.0,2901.0,8.0,6.0,0,294,11,365
488,84,13.0,2893.0,11.0,9.0,1,303,0,365
488,91,222.0,2883.0,14.0,5.0,1,302,0,355
488,92,245.0,2875.0,10.0,5.0,0,294,1,353
488,104,0.0,2915.0,7.0,8.0,0,258,21,333
488,124,270.0,2868.0,8.0,7.0,1,257,0,305
488,130,218.0,2867.0,10.0,5.0,1,243,0,291
488,156,0.0,2895.0,7.0,10.0,0,172,7,217
488,157,143.0,2864.0,9.0,10.0,1,176,0,217
488,190,229.0,2865.0,11.0,9.0,1,111,0,141
488,214,277.0,2867.0,7.0,9.0,1,54,0,64
489,0,1863.0,3066.0,18.0,9.0,0,394,1,490
489,32,39.0,2896.0,9.0,6.0,0,343,2,414
489,41,0.0,2895.0,7.0,9.0,0,325,5,405
489,49,297.0,2869.0,10.0,7.0,1,318,0,399
489,67,50.0,2898.0,11.0,7.0,0,306,4,384
489,68,47.0,2893.0,14.0,9.0,1,338,0,384
489,77,273.0,2865.0,8.0,8.0,1,312,0,375
489,83,0.0,2901.0,8.0,6.0,0,294,12,366
489,84,13.0,2893.0,11.0,9.0,0,303,1,366
489,91,219.0,2882.0,12.0,6.0,1,303,0,356
489,92,234.0,2874.0,12.0,7.0,1,295,0,354
489,104,0.0,2915.0,7.0,8.0,0,258,22,334
489,124,267.0,2868.0,8.0,5.0,1,258,0,306
489,130,211.0,2866.0,12.0,8.0,1,244,0,292
489,156,0.0,2895.0,7.0,10.0,0,172,8,218
489,157,135.0,2863.0,9.0,10.0,1,177,0,218
489,190,225.0,2864.0,10.0,9.0,1,112,0,142
489,214,272.0,2867.0,8.0,5.0,1,55,0,65
490,0,1863.0,3066.0,18.0,9.0,0,394,2,491
490,32,39.0,2896.0,9.0,6.0,0,343,3,415
490,41,0.0,2895.0,7.0,9.0,0,325,6,406
490,49,294.0,2868.0,10.0,7.0,1,319,0,400
490,67,50.0,2898.0,11.0,7.0,0,306,5,385
490,68,43.0,2892.0,13.0,8.0,1,339,0,385
490,77,265.0,2861.0,11.0,7.0,1,313,0,376
490,83,0.0,2901.0,8.0,6.0,0,294,13,367
490,84,13.0,2893.0,11.0,9.0,0,303,2,367
490,91,215.0,2879.0,9.0,8.0,1,304,0,357
490,92,231.0,2870.0,9.0,9.0,1,296,0,355
490,104,0.0,2915.0,7.0,8.0,0,258,23,335
490,124,262.0,2865.0,7.0,8.0,1,259,0,307
490,130,208.0,2864.0,8.0,7.0,1,245,0,293
490,156,0.0,2895.0,7.0,10.0,0,172,9,219
490,157,128.0,2862.0,10.0,10.0,1,178,0,219
490,190,219.0,2865.0,12.0,9.0,1,113,0,143
490,214,272.0,2867.0,8.0,5.0,0,55,1,66
491,0,1869.0,3056.0,14.0,13.0,1,395,0,492
491,32,39.0,2896.0,9.0,6.0,0,343,4,416
491,41,0.0,2895.0,7.0,9.0,0,325,7,407
491,49,287.0,2869.0,12.0,8.0,1,320,0,401
491,67,50.0,2898.0,11.0,7.0,0,306,6,386
491,68,38.0,2893.0,14.0,9.0,1,340,0,386
491,77,264.0,2862.0,8.0,5.0,1,314,0,377
491,83,0.0,2901.0,8.0,6.0,0,294,14,368
491,84,0.0,2892.0,10.0,10.0,1,304,0,368
491,91,210.0,2878.0,9.0,8.0,1,305,0,358
491,92,227.0,2871.0,10.0,6.0,1,297,0,356
491,104,0.0,2915.0,7.0,8.0,0,258,24,336
491,124,258.0,2863.0,9.0,7.0,1,260,0,308
491,130,203.0,2861.0,10.0,9.0,1,246,0,294
491,156,0.0,2895.0,7.0,10.0,0,172,10,220
491,157,122.0,2861.0,12.0,10.0,1,179,0,220
491,190,216.0,2865.0,11.0,8.0,1,114,0,144
491,214,265.0,2863.0,6.0,7.0,1,56,0,67
492,0,1873.0,3059.0,9.0,8.0,1,396,0,493
492,32,15.0,2891.0,12.0,8.0,1,344,0,417
492,41,0.0,2895.0,7.0,9.0,0,325,8,408
492,49,281.0,2865.0,12.0,8.0,1,321,0,402
492,67,50.0,2898.0,11.0,7.0,0,306,7,387
492,68,32.0,2891.0,13.0,10.0,1,341,0,387
492,77,264.0,2862.0,8.0,5.0,0,314,1,378
492,83,0.0,2901.0,8.0,6.0,0,294,15,369
492,84,0.0,2892.0,10.0,10.0,0,304,1,369
492,91,204.0,2877.0,11.0,8.0,1,306,0,359
492,92,227.0,2871.0,10.0,6.0,0,297,1,357
492,104,0.0,2915.0,7.0,8.0,0,258,25,337
492,124,248.0,2864.0,11.0,6.0,1,261,0,309
492,130,199.0,2864.0,9.0,5.0,1,247,0,295
492,156,0.0,2895.0,7.0,10.0,0,172,11,221
492,157,122.0,2861.0,12.0,10.0,0,179,1,221
492,190,212.0,2862.0,9.0,10.0,1,115,0,145
492,214,254.0,2861.0,10.0,7.0,1,57,0,68
493,0,1870.0,3058.0,14.0,10.0,1,397,0,494
493,32,11.0,2891.0,11.0,8.0,1,345,0,418
493,41,0.0,2895.0,7.0,9.0,0,325,9,409
493,49,276.0,2863.0,12.0,7.0,1,322,0,403
493,67,50.0,2898.0,11.0,7.0,0,306,8,388
493,68,29.0,2888.0,14.0,9.0,1,342,0,388
493,77,252.0,2863.0,8.0,7.0,1,315,0,379
493,83,0.0,2901.0,8.0,6.0,0,294,16,370
493,84,0.0,2892.0,10.0,10.0,0,304,2,370
493,91,199.0,2877.0,13.0,8.0,1,307,0,360
493,92,213.0,2869.0,12.0,12.0,1,298,0,358
493,104,0.0,2915.0,7.0,8.0,0,258,26,338
493,124,244.0,2863.0,9.0,6.0,1,262,0,310
493,130,192.0,2863.0,11.0,7.0,1,248,0,296
493,156,0.0,2895.0,7.0,10.0,0,172,12,222
493,157,110.0,2863.0,12.0,6.0,1,180,0,222
493,190,207.0,2862.0,10.0,9.0,1,116,0,146
493,214,251.0,2862.0,8.0,6.0,1,58,0,69
494,0,1870.0,3058.0,14.0,10.0,0,397,1,495
494,32,7.0,2891.0,10.0,8.0,1,346,0,419
494,41,0.0,2895.0,7.0,9.0,0,325,10,410
494,49,269.0,2863.0,12.0,8.0,1,323,0,404
494,67,50.0,2898.0,11.0,7.0,0,306,9,389
494,68,25.0,2888.0,12.0,9.0,1,343,0,389
494,77,247.0,2860.0,8.0,5.0,1,316,0,380
494,83,0.0,2901.0,8.0,6.0,0,294,17,371
494,84,0.0,2892.0,10.0,10.0,0,304,3,371
494,91,196.0,2876.0,11.0,6.0,1,308,0,361
494,92,213.0,2869.0,12.0,12.0,0,298,1,359
494,104,0.0,2915.0,7.0,8.0,0,258,27,339
494,124,241.0,2860.0,8.0,7.0,1,263,0,311
494,130,192.0,2863.0,11.0,7.0,0,248,1,297
494,156,0.0,2895.0,7.0,10.0,0,172,13,223
494,157,106.0,2863.0,12.0,6.0,1,181,0,223
494,190,199.0,2863.0,14.0,9.0,1,117,0,147
494,214,246.0,2860.0,9.0,8.0,1,59,0,70
495,0,1874.0,3051.0,10.0,9.0,1,398,0,496
495,32,2.0,2891.0,10.0,4.0,1,347,0,420
495,41,0.0,2895.0,7.0,9.0,0,325,11,411
495,49,266.0,2864.0,13.0,9.0,1,324,0,405
495,67,18.0,2890.0,15.0,7.0,1,307,0,390
495,68,25.0,2888.0,12.0,9.0,0,343,1,390
495,77,242.0,2860.0,9.0,6.0,1,317,0,381
495,83,0.0,2901.0,8.0,6.0,0,294,18,372
495,84,0.0,2892.0,10.0,10.0,0,304,4,372
495,91,191.0,2874.0,13.0,8.0,1,309,0,362
495,92,207.0,2869.0,9.0,6.0,1,299,0,360
495,104,0.0,2915.0,7.0,8.0,0,258,28,340
495,124,233.0,2859.0,8.0,8.0,1,264,0,312
495,130,180.0,2860.0,12.0,7.0,1,249,0,298
495,156,0.0,2895.0,7.0,10.0,0,172,14,224
495,157,103.0,2860.0,10.0,8.0,1,182,0,224
495,190,195.0,2863.0,11.0,10.0,1,118,0,148
495,214,241.0,2860.0,9.0,7.0,1,60,0,71
496,0,1869.0,3051.0,17.0,9.0,1,399,0,497
496,32,2.0,2891.0,10.0,4.0,0,347,1,421
496,41,0.0,2895.0,7.0,9.0,0,325,12,412
496,49,262.0,2862.0,9.0,7.0,1,325,0,406
496,67,18.0,2890.0,15.0,7.0,0,307,1,391
496,68,14.0,2888.0,14.0,8.0,1,344,0,391
496,77,235.0,2863.0,10.0,6.0,1,318,0,382
496,83,0.0,2901.0,8.0,6.0,0,294,19,373
496,84,0.0,2892.0,10.0,10.0,0,304,5,373
496,91,186.0,2873.0,11.0,10.0,1,310,0,363
496,92,199.0,2868.0,14.0,10.0,1,300,0,361
496,104,0.0,2915.0,7.0,8.0,0,258,29,341
496,124,233.0,2859.0,8.0,8.0,0,264,1,313
496,130,180.0,2860.0,12.0,7.0,0,249,1,299
496,156,0.0,2895.0,7.0,10.0,0,172,15,225
496,157,94.0,2858.0,14.0,9.0,1,183,0,225
496,190,190.0,2860.0,12.0,7.0,1,119,0,149
496,214,235.0,2858.0,7.0,9.0,1,61,0,72
497,0,1871.0,3051.0,12.0,8.0,1,400,0,498
497,32,2.0,2891.0,10.0,4.0,0,347,2,422
497,41,0.0,2895.0,7.0,9.0,0,325,13,413
497,49,259.0,2859.0,9.0,8.0,1,326,0,407
497,67,18.0,2890.0,15.0,7.0,0,307,2,392
497,68,12.0,2886.0,10.0,8.0,1,345,0,392
497,77,230.0,2860.0,11.0,7.0,1,319,0,383
497,83,0.0,2901.0,8.0,6.0,0,294,20,374
497,84,0.0,2892.0,10.0,10.0,0,304,6,374
497,91,181.0,2874.0,12.0,7.0,1,311,0,364
497,92,199.0,2868.0,14.0,10.0,0,300,1,362
497,124,221.0,2859.0,11.0,6.0,1,265,0,314
497,130,171.0,2860.0,11.0,8.0,1,250,0,300
497,156,0.0,2895.0,7.0,10.0,0,172,16,226
497,157,88.0,2858.0,14.0,10.0,1,184,0,226
497,190,183.0,2858.0,13.0,9.0,1,120,0,150
497,214,231.0,2859.0,8.0,6.0,1,62,0,73
498,0,1871.0,3051.0,12.0,8.0,1,401,0,499
498,32,2.0,2891.0,10.0,4.0,0,347,3,423
498,41,0.0,2895.0,7.0,9.0,0,325,14,414
498,49,252.0,2860.0,12.0,6.0,1,327,0,408
498,67,18.0,2890.0,15.0,7.0,0,307,3,393
498,68,12.0,2886.0,10.0,8.0,0,345,1,393
498,77,227.0,2857.0,10.0,7.0,1,320,0,384
498,83,0.0,2901.0,8.0,6.0,0,294,21,375
498,84,0.0,2892.0,10.0,10.0,0,304,7,375
498,91,179.0,2872.0,8.0,5.0,1,312,0,365
498,92,199.0,2868.0,14.0,10.0,0,300,2,363
498,124,215.0,2857.0,10.0,6.0,1,266,0,315
498,130,171.0,2860.0,11.0,8.0,0,250,1,301
498,156,0.0,2895.0,7.0,10.0,0,172,17,227
498,157,85.0,2858.0,12.0,6.0,1,185,0,227
498,190,179.0,2859.0,11.0,10.0,1,121,0,151
498,214,227.0,2857.0,8.0,7.0,1,63,0,74
499,0,1871.0,3051.0,12.0,8.0,0,401,1,500
499,32,2.0,2891.0,10.0,4.0,0,347,4,424
499,41,0.0,2895.0,7.0,9.0,0,325,15,415
499,49,247.0,2860.0,11.0,8.0,1,328,0,409
499,67,18.0,2890.0,15.0,7.0,0,307,4,394
499,68,1.0,2886.0,11.0,7.0,1,346,0,394
499,77,220.0,2856.0,9.0,8.0,1,321,0,385
499,83,0.0,2901.0,8.0,6.0,0,294,22,376
499,84,0.0,2892.0,10.0,10.0,0,304,8,376
499,91,179.0,2872.0,8.0,5.0,0,312,1,366
499,92,184.0,2866.0,12.0,6.0,1,301,0,364
499,124,209.0,2855.0,10.0,7.0,1,267,0,316
499,130,162.0,2858.0,9.0,7.0,1,251,0,302
499,156,0.0,2895.0,7.0,10.0,0,172,18,228
499,157,78.0,2855.0,14.0,9.0,1,186,0,228
499,190,173.0,2861.0,13.0,8.0,1,122,0,152
499,214,221.0,2856.0,11.0,7.0,1,64,0,75
500,0,1858.0,3088.0,10.0,11.0,1,402,0,501
500,32,2.0,2891.0,10.0,4.0,0,347,5,425
500,41,0.0,2895.0,7.0,9.0,0,325,16,416
500,49,247.0,2860.0,11.0,8.0,0,328,1,410
500,67,18.0,2890.0,15.0,7.0,0,307,5,395
500,68,0.0,2885.0,9.0,7.0,1,347,0,395
500,77,214.0,2856.0,8.0,8.0,1,322,0,386
500,83,0.0,2901.0,8.0,6.0,0,294,23,377
500,84,0.0,2892.0,10.0,10.0,0,304,9,377
500,91,170.0,2870.0,7.0,7.0,1,313,0,367
500,92,179.0,2866.0,13.0,8.0,1,302,0,365
500,124,209.0,2855.0,10.0,7.0,0,267,1,317
500,130,155.0,2859.0,10.0,8.0,1,252,0,303
500,156,0.0,2895.0,7.0,10.0,0,172,19,229
500,157,78.0,2855.0,14.0,9.0,0,186,1,229
500,190,168.0,2856.0,11.0,9.0,1,123,0,153
500,214,221.0,2856.0,11.0,7.0,0,64,1,76
501,0,1867.0,3043.0,16.0,8.0,1,403,0,502
501,32,2.0,2891.0,10.0,4.0,0,347,6,426
501,41,0.0,2895.0,7.0,9.0,0,325,17,417
501,49,237.0,2854.0,11.0,9.0,1,329,0,411
501,67,18.0,2890.0,15.0,7.0,0,307,6,396
501,68,0.0,2885.0,9.0,7.0,0,347,1,396
501,77,208.0,2857.0,12.0,8.0,1,323,0,387
501,83,0.0,2901.0,8.0,6.0,0,294,24,378
501,84,0.0,2892.0,10.0,10.0,0,304,10,378
501,91,162.0,2870.0,14.0,8.0,1,314,0,368
501,92,175.0,2864.0,10.0,6.0,1,303,0,366
501,124,199.0,2854.0,9.0,6.0,1,268,0,318
501,130,151.0,2857.0,10.0,7.0,1,253,0,304
501,156,0.0,2895.0,7.0,10.0,0,172,20,230
501,157,68.0,2856.0,13.0,8.0,1,187,0,230
501,190,163.0,2855.0,11.0,10.0,1,124,0,154
501,214,221.0,2856.0,11.0,7.0,0,64,2,77
502,0,1867.0,3043.0,16.0,8.0,0,403,1,503
502,32,2.0,2891.0,10.0,4.0,0,347,7,427
502,41,0.0,2895.0,7.0,9.0,0,325,18,418
502,49,232.0,2855.0,11.0,8.0,1,330,0,412
502,67,18.0,2890.0,15.0,7.0,0,307,7,397
502,68,0.0,2885.0,9.0,7.0,0,347,2,397
502,77,207.0,2856.0,8.0,8.0,1,324,0,388
502,83,0.0,2901.0,8.0,6.0,0,294,25,379
502,84,0.0,2892.0,10.0,10.0,0,304,11,379
502,91,159.0,2867.0,12.0,6.0,1,315,0,369
502,92,172.0,2863.0,9.0,5.0,1,304,0,367
502,124,191.0,2853.0,10.0,7.0,1,269,0,319
502,130,145.0,2855.0,10.0,8.0,1,254,0,305
502,156,0.0,2895.0,7.0,10.0,0,172,21,231
502,157,63.0,2855.0,13.0,8.0,1,188,0,231
502,190,158.0,2857.0,14.0,8.0,1,125,0,155
502,214,205.0,2854.0,11.0,9.0,1,65,0,78
503,0,1867.0,3043.0,16.0,8.0,0,403,2,504
503,32,2.0,2891.0,10.0,4.0,0,347,8,428
503,41,0.0,2895.0,7.0,9.0,0,325,19,419
503,49,224.0,2855.0,15.0,7.0,1,331,0,413
503,67,18.0,2890.0,15.0,7.0,0,307,8,398
503,68,0.0,2885.0,9.0,7.0,0,347,3,398
503,77,199.0,2855.0,8.0,7.0,1,325,0,389
503,83,0.0,2901.0,8.0,6.0,0,294,26,380
503,84,0.0,2892.0,10.0,10.0,0,304,12,380
503,91,155.0,2867.0,10.0,5.0,1,316,0,370
503,92,162.0,2863.0,14.0,5.0,1,305,0,368
503,124,185.0,2854.0,10.0,6.0,1,270,0,320
503,130,139.0,2858.0,10.0,5.0,1,255,0,306
503,156,0.0,2895.0,7.0,10.0,0,172,22,232
503,157,57.0,2854.0,15.0,8.0,1,189,0,232
503,190,153.0,2857.0,10.0,9.0,1,126,0,156
503,214,198.0,2855.0,10.0,7.0,1,66,0,79
504,0,1871.0,3038.0,13.0,6.0,1,404,0,505
504,32,2.0,2891.0,10.0,4.0,0,347,9,429
504,41,0.0,2895.0,7.0,9.0,0,325,20,420
504,49,220.0,2854.0,14.0,9.0,1,332,0,414
504,67,18.0,2890.0,15.0,7.0,0,307,9,399
504,68,0.0,2885.0,9.0,7.0,0,347,4,399
504,77,195.0,2856.0,7.0,6.0,1,326,0,390
504,83,0.0,2901.0,8.0,6.0,0,294,27,381
504,84,0.0,2892.0,10.0,10.0,0,304,13,381
504,91,149.0,2866.0,10.0,6.0,1,317,0,371
504,92,162.0,2863.0,14.0,5.0,0,305,1,369
504,124,178.0,2853.0,13.0,7.0,1,271,0,321
504,130,134.0,2856.0,10.0,9.0,1,256,0,307
504,156,0.0,2895.0,7.0,10.0,0,172,23,233
504,157,52.0,2853.0,13.0,8.0,1,190,0,233
504,190,153.0,2857.0,10.0,9.0,0,126,1,157
504,214,198.0,2855.0,10.0,7.0,0,66,1,80
505,0,1871.0,3032.0,10.0,11.0,1,405,0,506
505,32,2.0,2891.0,10.0,4.0,0,347,10,430
505,41,0.0,2895.0,7.0,9.0,0,325,21,421
505,49,220.0,2854.0,14.0,9.0,0,332,1,415
505,67,18.0,2890.0,15.0,7.0,0,307,10,400
505,68,0.0,2885.0,9.0,7.0,0,347,5,400
505,77,188.0,2854.0,11.0,8.0,1,327,0,391
505,83,0.0,2901.0,8.0,6.0,0,294,28,382
505,84,0.0,2892.0,10.0,10.0,0,304,14,382
505,91,145.0,2866.0,12.0,7.0,1,318,0,372
505,92,155.0,2861.0,9.0,7.0,1,306,0,370
505,124,174.0,2852.0,12.0,9.0,1,272,0,322
505,130,128.0,2854.0,10.0,9.0,1,257,0,308
505,156,0.0,2895.0,7.0,10.0,0,172,24,234
505,157,47.0,2854.0,12.0,8.0,1,191,0,234
505,190,141.0,2854.0,11.0,9.0,1,127,0,158
505,214,189.0,2856.0,10.0,5.0,1,67,0,81
506,0,1867.0,3034.0,16.0,7.0,1,406,0,507
506,32,2.0,2891.0,10.0,4.0,0,347,11,431
506,41,0.0,2895.0,7.0,9.0,0,325,22,422
506,49,210.0,2851.0,14.0,8.0,1,333,0,416
506,67,18.0,2890.0,15.0,7.0,0,307,11,401
506,68,0.0,2885.0,9.0,7.0,0,347,6,401
506,77,182.0,2854.0,10.0,8.0,1,328,0,392
506,83,0.0,2901.0,8.0,6.0,0,294,29,383
506,84,0.0,2892.0,10.0,10.0,0,304,15,383
506,91,140.0,2864.0,11.0,8.0,1,319,0,373
506,92,151.0,2861.0,9.0,5.0,1,307,0,371
506,124,168.0,2850.0,12.0,7.0,1,273,0,323
506,130,124.0,2853.0,9.0,9.0,1,258,0,309
506,156,0.0,2895.0,7.0,10.0,0,172,25,235
506,157,41.0,2852.0,11.0,6.0,1,192,0,235
506,190,137.0,2856.0,11.0,8.0,1,128,0,159
506,214,184.0,2854.0,8.0,7.0,1,68,0,82
507,0,1868.0,3034.0,13.0,10.0,1,407,0,508
507,32,2.0,2891.0,10.0,4.0,0,347,12,432
507,41,0.0,2895.0,7.0,9.0,0,325,23,423
507,49,205.0,2853.0,12.0,7.0,1,334,0,417
507,67,18.0,2890.0,15.0,7.0,0,307,12,402
507,68,0.0,2885.0,9.0,7.0,0,347,7,402
507,77,177.0,2854.0,10.0,8.0,1,329,0,393
507,84,0.0,2892.0,10.0,10.0,0,304,16,384
507,91,138.0,2863.0,6.0,6.0,1,320,0,374
507,92,151.0,2861.0,9.0,5.0,0,307,1,372
507,124,168.0,2850.0,12.0,7.0,0,273,1,324
507,130,116.0,2855.0,12.0,8.0,1,259,0,310
507,156,0.0,2895.0,7.0,10.0,0,172,26,236
507,157,37.0,2850.0,12.0,9.0,1,193,0,236
507,190,130.0,2855.0,13.0,9.0,1,129,0,160
507,214,178.0,2854.0,9.0,7.0,1,69,0,83
508,0,1868.0,3034.0,13.0,10.0,0,407,1,509
508,32,2.0,2891.0,10.0,4.0,0,347,13,433
508,41,0.0,2895.0,7.0,9.0,0,325,24,424
508,49,199.0,2852.0,13.0,8.0,1,335,0,418
508,67,18.0,2890.0,15.0,7.0,0,307,13,403
508,68,0.0,2885.0,9.0,7.0,0,347,8,403
508,77,170.0,2854.0,14.0,9.0,1,330,0,394
508,84,0.0,2892.0,10.0,10.0,0,304,17,385
508,91,131.0,2863.0,10.0,6.0,1,321,0,375
508,92,138.0,2860.0,11.0,7.0,1,308,0,373
508,124,156.0,2849.0,11.0,7.0,1,274,0,325
508,130,116.0,2855.0,12.0,8.0,0,259,1,311
508,156,0.0,2895.0,7.0,10.0,0,172,27,237
508,157,37.0,2850.0,12.0,9.0,0,193,1,237
508,190,125.0,2853.0,12.0,11.0,1,130,0,161
508,214,172.0,2854.0,11.0,8.0,1,70,0,84
509,0,1871.0,3027.0,9.0,9.0,1,408,0,510
509,32,2.0,2891.0,10.0,4.0,0,347,14,434
509,41,0.0,2895.0,7.0,9.0,0,325,25,425
509,49,194.0,2849.0,10.0,8.0,1,336,0,419
509,67,18.0,2890.0,15.0,7.0,0,307,14,404
509,68,0.0,2885.0,9.0,7.0,0,347,9,404
509,77,166.0,2853.0,11.0,9.0,1,331,0,395
509,84,0.0,2892.0,10.0,10.0,0,304,18,386
509,91,126.0,2863.0,11.0,9.0,1,322,0,376
509,92,134.0,2858.0,10.0,6.0,1,309,0,374
509,124,150.0,2849.0,11.0,9.0,1,275,0,326
509,130,107.0,2851.0,9.0,11.0,1,260,0,312
509,156,0.0,2895.0,7.0,10.0,0,172,28,238
509,157,24.0,2850.0,13.0,9.0,1,194,0,238
509,190,120.0,2851.0,12.0,10.0,1,131,0,162
509,214,166.0,2854.0,11.0,7.0,1,71,0,85
510,0,1871.0,3027.0,9.0,9.0,0,408,1,511
510,32,2.0,2891.0,10.0,4.0,0,347,15,435
510,41,0.0,2895.0,7.0,9.0,0,325,26,426
510,49,194.0,2849.0,10.0,8.0,0,336,1,420
510,67,18.0,2890.0,15.0,7.0,0,307,15,405
510,68,0.0,2885.0,9.0,7.0,0,347,10,405
510,77,161.0,2851.0,11.0,8.0,1,332,0,396
510,84,0.0,2892.0,10.0,10.0,0,304,19,387
510,91,121.0,2861.0,12.0,11.0,1,323,0,377
510,92,129.0,2857.0,8.0,7.0,1,310,0,375
510,124,142.0,2848.0,14.0,6.0,1,276,0,327
510,130,101.0,2852.0,11.0,8.0,1,261,0,313
510,156,0.0,2895.0,7.0,10.0,0,172,29,239
510,157,19.0,2850.0,12.0,9.0,1,195,0,239
510,190,115.0,2852.0,12.0,10.0,1,132,0,163
510,214,161.0,2853.0,9.0,7.0,1,72,0,86
511,0,1870.0,3023.0,11.0,11.0,1,409,0,512
511,32,2.0,2891.0,10.0,4.0,0,347,16,436
511,41,0.0,2895.0,7.0,9.0,0,325,27,427
511,49,182.0,2851.0,14.0,6.0,1,337,0,421
511,67,18.0,2890.0,15.0,7.0,0,307,16,406
511,68,0.0,2885.0,9.0,7.0,0,347,11,406
511,77,156.0,2853.0,12.0,7.0,1,333,0,397
511,84,0.0,2892.0,10.0,10.0,0,304,20,388
511,91,119.0,2860.0,7.0,7.0,1,324,0,378
511,92,124.0,2857.0,11.0,7.0,1,311,0,376
511,124,140.0,2846.0,11.0,8.0,1,277,0,328
511,130,93.0,2854.0,12.0,9.0,1,262,0,314
511,157,19.0,2850.0,12.0,9.0,0,195,1,240
511,190,108.0,2854.0,12.0,10.0,1,133,0,164
511,214,161.0,2853.0,9.0,7.0,0,72,1,87
512,0,1870.0,3023.0,11.0,11.0,0,409,1,513
512,32,2.0,2891.0,10.0,4.0,0,347,17,437
512,41,0.0,2895.0,7.0,9.0,0,325,28,428
512,49,179.0,2850.0,11.0,10.0,1,338,0,422
512,67,18.0,2890.0,15.0,7.0,0,307,17,407
512,68,0.0,2885.0,9.0,7.0,0,347,12,407
512,77,149.0,2853.0,13.0,7.0,1,334,0,398
512,84,0.0,2892.0,10.0,10.0,0,304,21,389
512,91,119.0,2860.0,7.0,7.0,0,324,1,379
512,92,118.0,2857.0,10.0,6.0,1,312,0,377
512,124,135.0,2847.0,9.0,7.0,1,278,0,329
512,130,87.0,2854.0,12.0,6.0,1,263,0,315
512,157,7.0,2846.0,13.0,10.0,1,196,0,241
512,190,105.0,2852.0,10.0,9.0,1,134,0,165
512,214,149.0,2853.0,14.0,7.0,1,73,0,88
513,0,1863.0,3023.0,14.0,8.0,1,410,0,514
513,32,2.0,2891.0,10.0,4.0,0,347,18,438
513,41,0.0,2895.0,7.0,9.0,0,325,29,429
513,49,179.0,2850.0,11.0,10.0,0,338,1,423
513,67,18.0,2890.0,15.0,7.0,0,307,18,408
513,68,0.0,2885.0,9.0,7.0,0,347,13,408
513,77,144.0,2853.0,12.0,7.0,1,335,0,399
513,84,0.0,2892.0,10.0,10.0,0,304,22,390
513,91,104.0,2860.0,12.0,9.0,1,325,0,380
513,92,111.0,2856.0,11.0,6.0,1,313,0,378
513,124,127.0,2847.0,11.0,8.0,1,279,0,330
513,130,87.0,2854.0,12.0,6.0,0,263,1,316
513,157,7.0,2846.0,13.0,10.0,0,196,1,242
513,190,99.0,2852.0,9.0,7.0,1,135,0,166
513,214,145.0,2854.0,11.0,6.0,1,74,0,89
514,0,1863.0,3019.0,13.0,9.0,1,411,0,515
514,32,2.0,2891.0,10.0,4.0,0,347,19,439
514,49,179.0,2850.0,11.0,10.0,0,338,2,424
514,67,18.0,2890.0,15.0,7.0,0,307,19,409
514,68,0.0,2885.0,9.0,7.0,0,347,14,409
514,77,140.0,2851.0,10.0,9.0,1,336,0,400
514,84,0.0,2892.0,10.0,10.0,0,304,23,391
514,91,99.0,2859.0,10.0,9.0,1,326,0,381
514,92,107.0,2855.0,10.0,7.0,1,314,0,379
514,124,127.0,2847.0,11.0,8.0,0,279,1,331
514,130,76.0,2851.0,12.0,7.0,1,264,0,317
514,157,0.0,2850.0,9.0,9.0,1,197,0,243
514,190,99.0,2852.0,9.0,7.0,0,135,1,167
514,214,145.0,2854.0,11.0,6.0,0,74,1,90
515,0,1863.0,3019.0,13.0,9.0,0,411,1,516
515,32,2.0,2891.0,10.0,4.0,0,347,20,440
515,49,179.0,2850.0,11.0,10.0,0,338,3,425
515,67,18.0,2890.0,15.0,7.0,0,307,20,410
515,68,0.0,2885.0,9.0,7.0,0,347,15,410
515,77,133.0,2852.0,12.0,7.0,1,337,0,401
515,84,0.0,2892.0,10.0,10.0,0,304,24,392
515,91,95.0,2858.0,9.0,8.0,1,327,0,382
515,92,107.0,2855.0,10.0,7.0,0,314,1,380
515,124,115.0,2843.0,11.0,8.0,1,280,0,332
515,130,71.0,2852.0,10.0,11.0,1,265,0,318
515,157,0.0,2843.0,4.0,10.0,1,198,0,244
515,190,86.0,2854.0,10.0,10.0,1,136,0,168
515,214,145.0,2854.0,11.0,6.0,0,74,2,91
516,0,1863.0,3017.0,13.0,8.0,1,412,0,517
516,32,2.0,2891.0,10.0,4.0,0,347,21,441
516,49,156.0,2850.0,13.0,7.0,1,339,0,426
516,67,18.0,2890.0,15.0,7.0,0,307,21,411
516,68,0.0,2885.0,9.0,7.0,0,347,16,411
516,77,127.0,2852.0,12.0,8.0,1,338,0,402
516,84,0.0,2892.0,10.0,10.0,0,304,25,393
516,91,95.0,2858.0,9.0,8.0,0,327,1,383
516,92,94.0,2854.0,13.0,8.0,1,315,0,381
516,124,108.0,2846.0,12.0,5.0,1,281,0,333
516,130,65.0,2852.0,9.0,7.0,1,266,0,319
516,157,0.0,2843.0,4.0,10.0,0,198,1,245
516,190,78.0,2851.0,14.0,9.0,1,137,0,169
516,214,126.0,2852.0,13.0,9.0,1,75,0,92
517,0,1863.0,3017.0,13.0,8.0,0,412,1,518
517,32,2.0,2891.0,10.0,4.0,0,347,22,442
517,49,151.0,2848.0,10.0,7.0,1,340,0,427
517,67,18.0,2890.0,15.0,7.0,0,307,22,412
517,68,0.0,2885.0,9.0,7.0,0,347,17,412
517,77,122.0,2851.0,10.0,6.0,1,339,0,403
517,84,0.0,2892.0,10.0,10.0,0,304,26,394
517,91,95.0,2858.0,9.0,8.0,0,327,2,384
517,92,90.0,2854.0,10.0,7.0,1,316,0,382
517,124,104.0,2845.0,13.0,7.0,1,282,0,334
517,130,58.0,2851.0,10.0,5.0,1,267,0,320
517,157,0.0,2843.0,4.0,10.0,0,198,2,246
517,190,77.0,2848.0,10.0,10.0,1,138,0,170
517,214,122.0,2851.0,10.0,6.0,1,76,0,93
518,0,1861.0,3015.0,11.0,7.0,1,413,0,519
518,32,2.0,2891.0,10.0,4.0,0,347,23,443
518,49,146.0,2844.0,11.0,13.0,1,341,0,428
518,67,18.0,2890.0,15.0,7.0,0,307,23,413
518,68,0.0,2885.0,9.0,7.0,0,347,18,413
518,77,122.0,2851.0,10.0,6.0,0,339,1,404
518,84,0.0,2892.0,10.0,10.0,0,304,27,395
518,91,77.0,2858.0,10.0,10.0,1,328,0,385
518,92,83.0,2854.0,9.0,6.0,1,317,0,383
518,124,104.0,2845.0,13.0,7.0,0,282,1,335
518,130,51.0,2852.0,11.0,7.0,1,268,0,321
518,157,0.0,2843.0,4.0,10.0,0,198,3,247
518,190,77.0,2848.0,10.0,10.0,0,138,1,171
518,214,115.0,2850.0,9.0,6.0,1,77,0,94
519,0,1861.0,3015.0,11.0,7.0,0,413,1,520
519,32,2.0,2891.0,10.0,4.0,0,347,24,444
519,49,138.0,2847.0,13.0,7.0,1,342,0,429
519,67,18.0,2890.0,15.0,7.0,0,307,24,414
519,68,0.0,2885.0,9.0,7.0,0,347,19,414
519,77,122.0,2851.0,10.0,6.0,0,339,2,405
519,84,0.0,2892.0,10.0,10.0,0,304,28,396
519,91,72.0,2858.0,9.0,6.0,1,329,0,386
519,92,83.0,2854.0,9.0,6.0,0,317,1,384
519,124,91.0,2839.0,11.0,11.0,1,283,0,336
519,130,46.0,2852.0,12.0,9.0,1,269,0,322
519,157,0.0,2843.0,4.0,10.0,0,198,4,248
519,190,77.0,2848.0,10.0,10.0,0,138,2,172
519,214,115.0,2850.0,9.0,6.0,0,77,1,95
520,0,1856.0,3007.0,14.0,11.0,1,414,0,521
520,32,2.0,2891.0,10.0,4.0,0,347,25,445
520,49,133.0,2848.0,13.0,9.0,1,343,0,430
520,67,18.0,2890.0,15.0,7.0,0,307,25,415
520,68,0.0,2885.0,9.0,7.0,0,347,20,415
520,77,122.0,2851.0,10.0,6.0,0,339,3,406
520,84,0.0,2892.0,10.0,10.0,0,304,29,397
520,91,67.0,2857.0,9.0,6.0,1,330,0,387
520,92,71.0,2854.0,11.0,5.0,1,318,0,385
520,124,85.0,2838.0,11.0,10.0,1,284,0,337
520,130,46.0,2852.0,12.0,9.0,0,269,1,323
520,157,0.0,2843.0,4.0,10.0,0,198,5,249
520,190,57.0,2851.0,10.0,9.0,1,139,0,173
520,214,104.0,2851.0,11.0,9.0,1,78,0,96
521,0,1856.0,3007.0,14.0,11.0,0,414,1,522
521,32,2.0,2891.0,10.0,4.0,0,347,26,446
521,49,133.0,2848.0,13.0,9.0,0,343,1,431
521,67,18.0,2890.0,15.0,7.0,0,307,26,416
521,68,0.0,2885.0,9.0,7.0,0,347,21,416
521,77,98.0,2849.0,11.0,8.0,1,340,0,407
521,91,58.0,2857.0,12.0,7.0,1,331,0,388
521,92,64.0,2854.0,12.0,6.0,1,319,0,386
521,124,77.0,2840.0,11.0,10.0,1,285,0,338
521,130,36.0,2850.0,11.0,8.0,1,270,0,324
521,157,0.0,2843.0,4.0,10.0,0,198,6,250
521,190,52.0,2847.0,10.0,11.0,1,140,0,174
521,214,97.0,2850.0,11.0,7.0,1,79,0,97
522,0,1854.0,3010.0,11.0,10.0,1,415,0,523
522,32,2.0,2891.0,10.0,4.0,0,347,27,447
522,49,122.0,2842.0,14.0,9.0,1,344,0,432
522,67,18.0,2890.0,15.0,7.0,0,307,27,417
522,68,0.0,2885.0,9.0,7.0,0,347,22,417
522,77,94.0,2849.0,9.0,7.0,1,341,0,408
522,91,58.0,2857.0,12.0,7.0,0,331,1,389
522,92,59.0,2854.0,10.0,6.0,1,320,0,387
522,124,77.0,2840.0,11.0,10.0,0,285,1,339
522,130,27.0,2852.0,11.0,8.0,1,271,0,325
522,157,0.0,2843.0,4.0,10.0,0,198,7,251
522,190,44.0,2849.0,11.0,10.0,1,141,0,175
522,214,94.0,2847.0,9.0,8.0,1,80,0,98
523,0,1854.0,3008.0,9.0,8.0,1,416,0,524
523,32,2.0,2891.0,10.0,4.0,0,347,28,448
523,49,116.0,2843.0,13.0,9.0,1,345,0,433
523,67,18.0,2890.0,15.0,7.0,0,307,28,418
523,68,0.0,2885.0,9.0,7.0,0,347,23,418
523,77,86.0,2849.0,11.0,7.0,1,342,0,409
523,91,48.0,2855.0,14.0,10.0,1,332,0,390
523,92,53.0,2854.0,10.0,5.0,1,321,0,388
523,124,77.0,2840.0,11.0,10.0,0,285,2,340
523,130,27.0,2852.0,11.0,8.0,0,271,1,326
523,157,0.0,2843.0,4.0,10.0,0,198,8,252
523,190,39.0,2852.0,9.0,10.0,1,142,0,176
523,214,86.0,2850.0,11.0,5.0,1,81,0,99
524,0,1852.0,3004.0,11.0,9.0,1,417,0,525
524,32,2.0,2891.0,10.0,4.0,0,347,29,449
524,49,116.0,2843.0,13.0,9.0,0,345,1,434
524,67,18.0,2890.0,15.0,7.0,0,307,29,419
524,68,0.0,2885.0,9.0,7.0,0,347,24,419
524,77,80.0,2851.0,12.0,8.0,1,343,0,410
524,91,48.0,2855.0,14.0,10.0,0,332,1,391
524,92,48.0,2853.0,11.0,6.0,1,322,0,389
524,124,60.0,2840.0,9.0,8.0,1,286,0,341
524,130,16.0,2848.0,11.0,10.0,1,272,0,327
524,157,0.0,2843.0,4.0,10.0,0,198,9,253
524,190,39.0,2852.0,9.0,10.0,0,142,1,177
524,214,80.0,2852.0,12.0,9.0,1,82,0,100
525,0,1852.0,3004.0,11.0,9.0,0,417,1,526
525,49,104.0,2846.0,13.0,8.0,1,346,0,435
525,68,0.0,2885.0,9.0,7.0,0,347,25,420
525,77,72.0,2850.0,14.0,7.0,1,344,0,411
525,91,34.0,2857.0,12.0,8.0,1,333,0,392
525,92,41.0,2853.0,10.0,6.0,1,323,0,390
525,124,53.0,2840.0,10.0,9.0,1,287,0,342
525,130,6.0,2849.0,14.0,8.0,1,273,0,328
525,157,0.0,2843.0,4.0,10.0,0,198,10,254
525,190,26.0,2847.0,11.0,12.0,1,143,0,178
525,214,75.0,2849.0,10.0,7.0,1,83,0,101
526,0,1850.0,3002.0,9.0,10.0,1,418,0,527
526,49,100.0,2842.0,12.0,11.0,1,347,0,436
526,68,0.0,2885.0,9.0,7.0,0,347,26,421
526,77,67.0,2850.0,11.0,6.0,1,345,0,412
526,91,29.0,2859.0,11.0,8.0,1,334,0,393
526,92,36.0,2853.0,10.0,7.0,1,324,0,391
526,124,44.0,2841.0,12.0,8.0,1,288,0,343
526,130,1.0,2851.0,11.0,9.0,1,274,0,329
526,157,0.0,2843.0,4.0,10.0,0,198,11,255
526,190,19.0,2850.0,12.0,9.0,1,144,0,179
526,214,75.0,2849.0,10.0,7.0,0,83,1,102
527,0,1843.0,3004.0,13.0,9.0,1,419,0,528
527,49,90.0,2843.0,17.0,9.0,1,348,0,437
527,68,0.0,2885.0,9.0,7.0,0,347,27,422
527,77,60.0,2849.0,12.0,7.0,1,346,0,413
527,91,29.0,2859.0,11.0,8.0,0,334,1,394
527,92,28.0,2854.0,13.0,5.0,1,325,0,392
527,124,39.0,2838.0,11.0,10.0,1,289,0,344
527,130,0.0,2850.0,7.0,6.0,1,275,0,330
527,157,0.0,2843.0,4.0,10.0,0,198,12,256
527,190,12.0,2851.0,13.0,11.0,1,145,0,180
527,214,61.0,2849.0,11.0,7.0,1,84,0,103
528,0,1843.0,3003.0,13.0,7.0,1,420,0,529
528,49,86.0,2845.0,12.0,9.0,1,349,0,438
528,68,0.0,2885.0,9.0,7.0,0,347,28,423
528,77,55.0,2851.0,12.0,8.0,1,347,0,414
528,91,17.0,2857.0,14.0,7.0,1,335,0,395
528,92,22.0,2855.0,12.0,5.0,1,326,0,393
528,124,32.0,2839.0,9.0,8.0,1,290,0,345
528,130,0.0,2850.0,7.0,6.0,0,275,1,331
528,157,0.0,2843.0,4.0,10.0,0,198,13,257
528,190,7.0,2850.0,12.0,12.0,1,146,0,181
528,214,61.0,2849.0,11.0,7.0,0,84,1,104
529,0,1843.0,3000.0,10.0,9.0,1,421,0,530
529,49,80.0,2845.0,11.0,9.0,1,350,0,439
529,68,0.0,2885.0,9.0,7.0,0,347,29,424
529,77,50.0,2849.0,10.0,8.0,1,348,0,415
529,91,11.0,2855.0,13.0,9.0,1,336,0,396
529,92,15.0,2854.0,12.0,5.0,1,327,0,394
529,124,23.0,2840.0,11.0,8.0,1,291,0,346
529,130,0.0,2850.0,7.0,6.0,0,275,2,332
529,157,0.0,2843.0,4.0,10.0,0,198,14,258
529,190,1.0,2850.0,11.0,10.0,1,147,0,182
529,214,51.0,2849.0,10.0,6.0,1,85,0,105
530,0,1843.0,3000.0,10.0,9.0,0,421,1,531
530,49,74.0,2842.0,13.0,10.0,1,351,0,440
530,77,42.0,2847.0,13.0,8.0,1,349,0,416
530,91,4.0,2859.0,11.0,8.0,1,337,0,397
530,92,15.0,2854.0,12.0,5.0,0,327,1,395
530,124,19.0,2840.0,8.0,8.0,1,292,0,347
530,130,0.0,2850.0,7.0,6.0,0,275,3,333
530,157,0.0,2843.0,4.0,10.0,0,198,15,259
530,190,0.0,2852.0,4.0,10.0,1,148,0,183
530,214,51.0,2849.0,10.0,6.0,0,85,1,106
531,0,1834.0,2998.0,14.0,8.0,1,422,0,532
531,49,70.0,2843.0,12.0,9.0,1,352,0,441
531,77,37.0,2849.0,10.0,10.0,1,350,0,417
531,91,0.0,2858.0,8.0,8.0,1,338,0,398
531,92,2.0,2855.0,10.0,6.0,1,328,0,396
531,124,19.0,2840.0,8.0,8.0,0,292,1,348
531,130,0.0,2850.0,7.0,6.0,0,275,4,334
531,157,0.0,2843.0,4.0,10.0,0,198,16,260
531,190,0.0,2852.0,4.0,10.0,0,148,1,184
531,214,51.0,2849.0,10.0,6.0,0,85,2,107
532,0,1834.0,2998.0,14.0,8.0,0,422,1,533
532,49,59.0,2847.0,14.0,7.0,1,353,0,442
532,77,27.0,2852.0,13.0,9.0,1,351,0,418
532,91,0.0,2858.0,8.0,8.0,0,338,1,399
532,92,0.0,2856.0,6.0,4.0,1,329,0,397
532,124,4.0,2840.0,8.0,7.0,1,293,0,349
532,130,0.0,2850.0,7.0,6.0,0,275,5,335
532,157,0.0,2843.0,4.0,10.0,0,198,17,261
532,190,0.0,2852.0,4.0,10.0,0,148,2,185
532,214,29.0,2851.0,12.0,9.0,1,86,0,108
533,0,1832.0,2998.0,11.0,7.0,1,423,0,534
533,49,55.0,2847.0,12.0,7.0,1,354,0,443
533,77,23.0,2849.0,11.0,7.0,1,352,0,419
533,91,0.0,2858.0,8.0,8.0,0,338,2,400
533,92,0.0,2856.0,6.0,4.0,0,329,1,398
533,124,0.0,2839.0,9.0,9.0,1,294,0,350
533,130,0.0,2850.0,7.0,6.0,0,275,6,336
533,157,0.0,2843.0,4.0,10.0,0,198,18,262
533,190,0.0,2852.0,4.0,10.0,0,148,3,186
533,214,25.0,2849.0,10.0,8.0,1,87,0,109
534,0,1829.0,2999.0,12.0,5.0,1,424,0,535
534,49,51.0,2842.0,10.0,9.0,1,355,0,444
534,77,23.0,2849.0,11.0,7.0,0,352,1,420
534,91,0.0,2858.0,8.0,8.0,0,338,3,401
534,92,0.0,2856.0,6.0,4.0,0,329,2,399
534,124,0.0,2839.0,9.0,9.0,0,294,1,351
534,130,0.0,2850.0,7.0,6.0,0,275,7,337
534,157,0.0,2843.0,4.0,10.0,0,198,19,263
534,190,0.0,2852.0,4.0,10.0,0,148,4,187
534,214,17.0,2849.0,11.0,8.0,1,88,0,110
535,0,1828.0,2999.0,11.0,4.0,1,425,0,536
535,49,42.0,2844.0,12.0,8.0,1,356,0,445
535,77,9.0,2850.0,13.0,7.0,1,353,0,421
535,91,0.0,2858.0,8.0,8.0,0,338,4,402
535,92,0.0,2856.0,6.0,4.0,0,329,3,400
535,124,0.0,2839.0,9.0,9.0,0,294,2,352
535,130,0.0,2850.0,7.0,6.0,0,275,8,338
535,157,0.0,2843.0,4.0,10.0,0,198,20,264
535,190,0.0,2852.0,4.0,10.0,0,148,5,188
535,214,10.0,2850.0,14.0,7.0,1,89,0,111
536,0,1826.0,2998.0,11.0,5.0,1,426,0,537
536,49,42.0,2844.0,12.0,8.0,0,356,1,446
536,77,4.0,2851.0,13.0,12.0,1,354,0,422
536,91,0.0,2858.0,8.0,8.0,0,338,5,403
536,92,0.0,2856.0,6.0,4.0,0,329,4,401
536,124,0.0,2839.0,9.0,9.0,0,294,3,353
536,130,0.0,2850.0,7.0,6.0,0,275,9,339
536,157,0.0,2843.0,4.0,10.0,0,198,21,265
536,190,0.0,2852.0,4.0,10.0,0,148,6,189
536,214,5.0,2850.0,12.0,9.0,1,90,0,112
537,0,1826.0,2998.0,11.0,5.0,0,426,1,538
537,49,30.0,2847.0,10.0,6.0,1,357,0,447
537,77,4.0,2851.0,13.0,12.0,0,354,1,423
537,91,0.0,2858.0,8.0,8.0,0,338,6,404
537,92,0.0,2856.0,6.0,4.0,0,329,5,402
537,124,0.0,2839.0,9.0,9.0,0,294,4,354
537,130,0.0,2850.0,7.0,6.0,0,275,10,340
537,157,0.0,2843.0,4.0,10.0,0,198,22,266
537,190,0.0,2852.0,4.0,10.0,0,148,7,190
537,214,0.0,2850.0,8.0,7.0,1,91,0,113
538,0,1823.0,2998.0,10.0,5.0,1,427,0,539
538,49,25.0,2843.0,11.0,9.0,1,358,0,448
538,77,4.0,2851.0,13.0,12.0,0,354,2,424
538,91,0.0,2858.0,8.0,8.0,0,338,7,405
538,92,0.0,2856.0,6.0,4.0,0,329,6,403
538,124,0.0,2839.0,9.0,9.0,0,294,5,355
538,130,0.0,2850.0,7.0,6.0,0,275,11,341
538,157,0.0,2843.0,4.0,10.0,0,198,23,267
538,190,0.0,2852.0,4.0,10.0,0,148,8,191
538,214,0.0,2850.0,3.0,7.0,1,92,0,114
539,0,1818.0,2996.0,14.0,6.0,1,428,0,540
539,49,18.0,2847.0,8.0,4.0,1,359,0,449
539,77,4.0,2851.0,13.0,12.0,0,354,3,425
539,91,0.0,2858.0,8.0,8.0,0,338,8,406
539,92,0.0,2856.0,6.0,4.0,0,329,7,404
539,124,0.0,2839.0,9.0,9.0,0,294,6,356
539,130,0.0,2850.0,7.0,6.0,0,275,12,342
539,157,0.0,2843.0,4.0,10.0,0,198,24,268
539,190,0.0,2852.0,4.0,10.0,0,148,9,192
539,214,0.0,2850.0,3.0,7.0,0,92,1,115
540,0,1817.0,2997.0,12.0,5.0,1,429,0,541
540,49,7.0,2847.0,14.0,8.0,1,360,0,450
540,77,4.0,2851.0,13.0,12.0,0,354,4,426
540,91,0.0,2858.0,8.0,8.0,0,338,9,407
540,92,0.0,2856.0,6.0,4.0,0,329,8,405
540,124,0.0,2839.0,9.0,9.0,0,294,7,357
540,130,0.0,2850.0,7.0,6.0,0,275,13,343
540,157,0.0,2843.0,4.0,10.0,0,198,25,269
540,190,0.0,2852.0,4.0,10.0,0,148,10,193
540,214,0.0,2850.0,3.0,7.0,0,92,2,116
541,0,1815.0,2997.0,13.0,5.0,1,430,0,542
541,49,7.0,2847.0,14.0,8.0,0,360,1,451
541,77,4.0,2851.0,13.0,12.0,0,354,5,427
541,91,0.0,2858.0,8.0,8.0,0,338,10,408
541,92,0.0,2856.0,6.0,4.0,0,329,9,406
541,124,0.0,2839.0,9.0,9.0,0,294,8,358
541,130,0.0,2850.0,7.0,6.0,0,275,14,344
541,157,0.0,2843.0,4.0,10.0,0,198,26,270
541,190,0.0,2852.0,4.0,10.0,0,148,11,194
541,214,0.0,2850.0,3.0,7.0,0,92,3,117
542,0,1813.0,2996.0,11.0,5.0,1,431,0,543
542,49,0.0,2842.0,9.0,15.0,1,361,0,452
542,77,4.0,2851.0,13.0,12.0,0,354,6,428
542,91,0.0,2858.0,8.0,8.0,0,338,11,409
542,92,0.0,2856.0,6.0,4.0,0,329,10,407
542,124,0.0,2839.0,9.0,9.0,0,294,9,359
542,130,0.0,2850.0,7.0,6.0,0,275,15,345
542,157,0.0,2843.0,4.0,10.0,0,198,27,271
542,190,0.0,2852.0,4.0,10.0,0,148,12,195
542,214,0.0,2850.0,3.0,7.0,0,92,4,118
543,0,1811.0,2996.0,11.0,5.0,1,432,0,544
543,49,0.0,2842.0,9.0,15.0,0,361,1,453
543,77,4.0,2851.0,13.0,12.0,0,354,7,429
543,91,0.0,2858.0,8.0,8.0,0,338,12,410
543,92,0.0,2856.0,6.0,4.0,0,329,11,408
543,124,0.0,2839.0,9.0,9.0,0,294,10,360
543,130,0.0,2850.0,7.0,6.0,0,275,16,346
543,157,0.0,2843.0,4.0,10.0,0,198,28,272
543,190,0.0,2852.0,4.0,10.0,0,148,13,196
543,214,0.0,2850.0,3.0,7.0,0,92,5,119
544,0,1808.0,2997.0,12.0,4.0,1,433,0,545
544,49,0.0,2842.0,9.0,15.0,0,361,2,454
544,77,4.0,2851.0,13.0,12.0,0,354,8,430
544,91,0.0,2858.0,8.0,8.0,0,338,13,411
544,92,0.0,2856.0,6.0,4.0,0,329,12,409
544,124,0.0,2839.0,9.0,9.0,0,294,11,361
544,130,0.0,2850.0,7.0,6.0,0,275,17,347
544,157,0.0,2843.0,4.0,10.0,0,198,29,273
544,190,0.0,2852.0,4.0,10.0,0,148,14,197
544,214,0.0,2850.0,3.0,7.0,0,92,6,120
545,0,1807.0,2997.0,11.0,4.0,1,434,0,546
545,49,0.0,2842.0,9.0,15.0,0,361,3,455
545,77,4.0,2851.0,13.0,12.0,0,354,9,431
545,91,0.0,2858.0,8.0,8.0,0,338,14,412
545,92,0.0,2856.0,6.0,4.0,0,329,13,410
545,124,0.0,2839.0,9.0,9.0,0,294,12,362
545,130,0.0,2850.0,7.0,6.0,0,275,18,348
545,190,0.0,2852.0,4.0,10.0,0,148,15,198
545,214,0.0,2850.0,3.0,7.0,0,92,7,121
546,0,1807.0,2997.0,10.0,5.0,1,435,0,547
546,49,0.0,2842.0,9.0,15.0,0,361,4,456
546,77,4.0,2851.0,13.0,12.0,0,354,10,432
546,91,0.0,2858.0,8.0,8.0,0,338,15,413
546,92,0.0,2856.0,6.0,4.0,0,329,14,411
546,124,0.0,2839.0,9.0,9.0,0,294,13,363
546,130,0.0,2850.0,7.0,6.0,0,275,19,349
546,190,0.0,2852.0,4.0,10.0,0,148,16,199
546,214,0.0,2850.0,3.0,7.0,0,92,8,122
547,0,1805.0,2997.0,11.0,5.0,1,436,0,548
547,49,0.0,2842.0,9.0,15.0,0,361,5,457
547,77,4.0,2851.0,13.0,12.0,0,354,11,433
547,91,0.0,2858.0,8.0,8.0,0,338,16,414
547,92,0.0,2856.0,6.0,4.0,0,329,15,412
547,124,0.0,2839.0,9.0,9.0,0,294,14,364
547,130,0.0,2850.0,7.0,6.0,0,275,20,350
547,190,0.0,2852.0,4.0,10.0,0,148,17,200
547,214,0.0,2850.0,3.0,7.0,0,92,9,123
548,0,1804.0,2998.0,10.0,5.0,1,437,0,549
548,49,184.0,2889.0,9.0,7.0,1,362,0,458
548,77,4.0,2851.0,13.0,12.0,0,354,12,434
548,91,0.0,2858.0,8.0,8.0,0,338,17,415
548,92,0.0,2856.0,6.0,4.0,0,329,16,413
548,124,0.0,2839.0,9.0,9.0,0,294,15,365
548,130,0.0,2850.0,7.0,6.0,0,275,21,351
548,190,0.0,2852.0,4.0,10.0,0,148,18,201
548,214,0.0,2850.0,3.0,7.0,0,92,10,124
549,0,1802.0,2998.0,10.0,5.0,1,438,0,550
549,49,184.0,2889.0,9.0,7.0,0,362,1,459
549,77,4.0,2851.0,13.0,12.0,0,354,13,435
549,91,0.0,2858.0,8.0,8.0,0,338,18,416
549,92,0.0,2856.0,6.0,4.0,0,329,17,414
549,124,0.0,2839.0,9.0,9.0,0,294,16,366
549,130,0.0,2850.0,7.0,6.0,0,275,22,352
549,190,0.0,2852.0,4.0,10.0,0,148,19,202
549,214,0.0,2850.0,3.0,7.0,0,92,11,125
550,0,1801.0,2999.0,10.0,5.0,1,439,0,551
550,49,184.0,2889.0,9.0,7.0,0,362,2,460
550,77,4.0,2851.0,13.0,12.0,0,354,14,436
550,91,0.0,2858.0,8.0,8.0,0,338,19,417
550,92,0.0,2856.0,6.0,4.0,0,329,18,415
550,124,0.0,2839.0,9.0,9.0,0,294,17,367
550,130,0.0,2850.0,7.0,6.0,0,275,23,353
550,190,0.0,2852.0,4.0,10.0,0,148,20,203
550,214,0.0,2850.0,3.0,7.0,0,92,12,126
551,0,1801.0,2999.0,10.0,5.0,0,439,1,552
551,49,184.0,2889.0,9.0,7.0,0,362,3,461
551,77,4.0,2851.0,13.0,12.0,0,354,15,437
551,91,0.0,2858.0,8.0,8.0,0,338,20,418
551,92,0.0,2856.0,6.0,4.0,0,329,19,416
551,124,0.0,2839.0,9.0,9.0,0,294,18,368
551,130,0.0,2850.0,7.0,6.0,0,275,24,354
551,190,0.0,2852.0,4.0,10.0,0,148,21,204
551,214,0.0,2850.0,3.0,7.0,0,92,13,127
552,0,1798.0,3001.0,11.0,5.0,1,440,0,553
552,49,184.0,2889.0,9.0,7.0,0,362,4,462
552,77,4.0,2851.0,13.0,12.0,0,354,16,438
552,91,0.0,2858.0,8.0,8.0,0,338,21,419
552,92,0.0,2856.0,6.0,4.0,0,329,20,417
552,124,0.0,2839.0,9.0,9.0,0,294,19,369
552,130,0.0,2850.0,7.0,6.0,0,275,25,355
552,190,0.0,2852.0,4.0,10.0,0,148,22,205
552,214,0.0,2850.0,3.0,7.0,0,92,14,128
553,0,1796.0,3002.0,11.0,5.0,1,441,0,554
553,49,184.0,2889.0,9.0,7.0,0,362,5,463
553,77,4.0,2851.0,13.0,12.0,0,354,17,439
553,91,0.0,2858.0,8.0,8.0,0,338,22,420
553,92,0.0,2856.0,6.0,4.0,0,329,21,418
553,124,0.0,2839.0,9.0,9.0,0,294,20,370
553,130,0.0,2850.0,7.0,6.0,0,275,26,356
553,190,0.0,2852.0,4.0,10.0,0,148,23,206
553,214,0.0,2850.0,3.0,7.0,0,92,15,129
554,0,1796.0,3003.0,10.0,5.0,1,442,0,555
554,49,184.0,2889.0,9.0,7.0,0,362,6,464
554,77,4.0,2851.0,13.0,12.0,0,354,18,440
554,91,0.0,2858.0,8.0,8.0,0,338,23,421
554,92,0.0,2856.0,6.0,4.0,0,329,22,419
554,124,0.0,2839.0,9.0,9.0,0,294,21,371
554,130,0.0,2850.0,7.0,6.0,0,275,27,357
554,190,0.0,2852.0,4.0,10.0,0,148,24,207
554,214,0.0,2850.0,3.0,7.0,0,92,16,130
555,0,1795.0,3004.0,10.0,5.0,1,443,0,556
555,49,336.0,3012.0,9.0,8.0,1,363,0,465
555,77,4.0,2851.0,13.0,12.0,0,354,19,441
555,91,0.0,2858.0,8.0,8.0,0,338,24,422
555,92,0.0,2856.0,6.0,4.0,0,329,23,420
555,124,0.0,2839.0,9.0,9.0,0,294,22,372
555,130,0.0,2850.0,7.0,6.0,0,275,28,358
555,190,0.0,2852.0,4.0,10.0,0,148,25,208
555,214,0.0,2850.0,3.0,7.0,0,92,17,131
556,0,1793.0,3006.0,11.0,5.0,1,444,0,557
556,49,336.0,3012.0,9.0,8.0,0,363,1,466
556,77,4.0,2851.0,13.0,12.0,0,354,20,442
556,91,0.0,2858.0,8.0,8.0,0,338,25,423
556,92,0.0,2856.0,6.0,4.0,0,329,24,421
556,124,0.0,2839.0,9.0,9.0,0,294,23,373
556,130,0.0,2850.0,7.0,6.0,0,275,29,359
556,190,0.0,2852.0,4.0,10.0,0,148,26,209
556,214,0.0,2850.0,3.0,7.0,0,92,18,132
557,0,1791.0,3007.0,11.0,5.0,1,445,0,558
557,49,336.0,3012.0,9.0,8.0,0,363,2,467
557,77,4.0,2851.0,13.0,12.0,0,354,21,443
557,91,0.0,2858.0,8.0,8.0,0,338,26,424
557,92,0.0,2856.0,6.0,4.0,0,329,25,422
557,124,0.0,2839.0,9.0,9.0,0,294,24,374
557,190,0.0,2852.0,4.0,10.0,0,148,27,210
557,214,0.0,2850.0,3.0,7.0,0,92,19,133
558,0,1791.0,3009.0,9.0,5.0,1,446,0,559
558,49,336.0,3012.0,9.0,8.0,0,363,3,468
558,77,4.0,2851.0,13.0,12.0,0,354,22,444
558,91,0.0,2858.0,8.0,8.0,0,338,27,425
558,92,0.0,2856.0,6.0,4.0,0,329,26,423
558,124,0.0,2839.0,9.0,9.0,0,294,25,375
558,190,0.0,2852.0,4.0,10.0,0,148,28,211
558,214,0.0,2850.0,3.0,7.0,0,92,20,134
559,0,1788.0,3010.0,12.0,5.0,1,447,0,560
559,49,336.0,3012.0,9.0,8.0,0,363,4,469
559,77,4.0,2851.0,13.0,12.0,0,354,23,445
559,91,0.0,2858.0,8.0,8.0,0,338,28,426
559,92,0.0,2856.0,6.0,4.0,0,329,27,424
559,124,0.0,2839.0,9.0,9.0,0,294,26,376
559,190,0.0,2852.0,4.0,10.0,0,148,29,212
559,214,0.0,2850.0,3.0,7.0,0,92,21,135
560,0,1787.0,3011.0,12.0,5.0,1,448,0,561
560,49,336.0,3012.0,9.0,8.0,0,363,5,470
560,77,4.0,2851.0,13.0,12.0,0,354,24,446
560,91,0.0,2858.0,8.0,8.0,0,338,29,427
560,92,0.0,2856.0,6.0,4.0,0,329,28,425
560,124,0.0,2839.0,9.0,9.0,0,294,27,377
560,214,0.0,2850.0,3.0,7.0,0,92,22,136
561,0,1786.0,3013.0,12.0,5.0,1,449,0,562
561,49,336.0,3012.0,9.0,8.0,0,363,6,471
561,77,4.0,2851.0,13.0,12.0,0,354,25,447
561,92,0.0,2856.0,6.0,4.0,0,329,29,426
561,124,0.0,2839.0,9.0,9.0,0,294,28,378
561,214,0.0,2850.0,3.0,7.0,0,92,23,137
562,0,1784.0,3014.0,13.0,5.0,1,450,0,563
562,49,546.0,2883.0,11.0,7.0,1,364,0,472
562,77,4.0,2851.0,13.0,12.0,0,354,26,448
562,124,0.0,2839.0,9.0,9.0,0,294,29,379
562,214,0.0,2850.0,3.0,7.0,0,92,24,138
563,0,1784.0,3016.0,12.0,5.0,1,451,0,564
563,49,546.0,2883.0,11.0,7.0,0,364,1,473
563,77,4.0,2851.0,13.0,12.0,0,354,27,449
563,214,0.0,2850.0,3.0,7.0,0,92,25,139
564,0,1782.0,3017.0,13.0,5.0,1,452,0,565
564,49,546.0,2883.0,11.0,7.0,0,364,2,474
564,77,4.0,2851.0,13.0,12.0,0,354,28,450
564,214,0.0,2850.0,3.0,7.0,0,92,26,140
565,0,1782.0,3017.0,13.0,5.0,0,452,1,566
565,49,546.0,2883.0,11.0,7.0,0,364,3,475
565,77,4.0,2851.0,13.0,12.0,0,354,29,451
565,214,0.0,2850.0,3.0,7.0,0,92,27,141
566,0,1780.0,3020.0,12.0,5.0,1,453,0,567
566,49,546.0,2883.0,11.0,7.0,0,364,4,476
566,214,0.0,2850.0,3.0,7.0,0,92,28,142
567,0,1780.0,3023.0,11.0,4.0,1,454,0,568
567,49,546.0,2883.0,11.0,7.0,0,364,5,477
567,214,0.0,2850.0,3.0,7.0,0,92,29,143
568,0,1780.0,3023.0,11.0,4.0,0,454,1,569
568,49,546.0,2883.0,11.0,7.0,0,364,6,478
569,0,1779.0,3026.0,10.0,4.0,1,455,0,570
569,49,546.0,2883.0,11.0,7.0,0,364,7,479
570,0,1778.0,3028.0,10.0,4.0,1,456,0,571
570,49,546.0,2883.0,11.0,7.0,0,364,8,480
571,0,1776.0,3029.0,12.0,5.0,1,457,0,572
571,49,546.0,2883.0,11.0,7.0,0,364,9,481
572,0,1776.0,3030.0,12.0,7.0,1,458,0,573
572,49,546.0,2883.0,11.0,7.0,0,364,10,482
573,0,1775.0,3033.0,10.0,7.0,1,459,0,574
573,49,546.0,2883.0,11.0,7.0,0,364,11,483
574,0,1774.0,3034.0,10.0,6.0,1,460,0,575
574,49,546.0,2883.0,11.0,7.0,0,364,12,484
575,0,1774.0,3034.0,10.0,6.0,0,460,1,576
575,49,546.0,2883.0,11.0,7.0,0,364,13,485
576,0,1774.0,3034.0,10.0,6.0,0,460,2,577
576,49,546.0,2883.0,11.0,7.0,0,364,14,486
577,0,1773.0,3041.0,9.0,6.0,1,461,0,578
577,49,546.0,2883.0,11.0,7.0,0,364,15,487
578,0,1773.0,3041.0,9.0,6.0,0,461,1,579
578,49,546.0,2883.0,11.0,7.0,0,364,16,488
579,0,1771.0,3046.0,11.0,6.0,1,462,0,580
579,49,546.0,2883.0,11.0,7.0,0,364,17,489
580,0,1770.0,3048.0,10.0,6.0,1,463,0,581
580,49,1042.0,2816.0,8.0,7.0,1,365,0,490
581,0,1769.0,3051.0,10.0,5.0,1,464,0,582
581,49,1042.0,2816.0,8.0,7.0,0,365,1,491
582,0,1768.0,3053.0,8.0,4.0,1,465,0,583
582,49,1042.0,2816.0,8.0,7.0,0,365,2,492
583,0,1768.0,3055.0,8.0,5.0,1,466,0,584
583,49,1042.0,2816.0,8.0,7.0,0,365,3,493
584,0,1767.0,3057.0,8.0,5.0,1,467,0,585
584,49,1042.0,2816.0,8.0,7.0,0,365,4,494
585,0,1766.0,3059.0,7.0,5.0,1,468,0,586
585,49,1042.0,2816.0,8.0,7.0,0,365,5,495
586,0,1765.0,3061.0,8.0,5.0,1,469,0,587
586,49,1042.0,2816.0,8.0,7.0,0,365,6,496
587,0,1764.0,3064.0,8.0,4.0,1,470,0,588
587,49,1042.0,2816.0,8.0,7.0,0,365,7,497
588,0,1763.0,3065.0,9.0,5.0,1,471,0,589
588,49,1042.0,2816.0,8.0,7.0,0,365,8,498
589,0,1762.0,3067.0,8.0,4.0,1,472,0,590
589,49,1042.0,2816.0,8.0,7.0,0,365,9,499
590,0,1761.0,3068.0,9.0,5.0,1,473,0,591
590,49,1042.0,2816.0,8.0,7.0,0,365,10,500
591,0,1760.0,3070.0,9.0,5.0,1,474,0,592
591,49,1042.0,2816.0,8.0,7.0,0,365,11,501
592,0,1759.0,3071.0,9.0,5.0,1,475,0,593
592,49,1042.0,2816.0,8.0,7.0,0,365,12,502
593,0,1759.0,3074.0,7.0,4.0,1,476,0,594
593,49,1042.0,2816.0,8.0,7.0,0,365,13,503
594,0,1756.0,3075.0,9.0,4.0,1,477,0,595
594,49,1042.0,2816.0,8.0,7.0,0,365,14,504
595,0,1756.0,3075.0,9.0,4.0,0,477,1,596
595,49,1042.0,2816.0,8.0,7.0,0,365,15,505
596,0,1854.0,3036.0,5.0,6.0,1,478,0,597
596,49,1042.0,2816.0,8.0,7.0,0,365,16,506
597,0,1750.0,3079.0,13.0,5.0,1,479,0,598
597,49,1042.0,2816.0,8.0,7.0,0,365,17,507
598,0,1752.0,3081.0,9.0,6.0,1,480,0,599
598,49,1042.0,2816.0,8.0,7.0,0,365,18,508
599,0,1750.0,3083.0,8.0,5.0,1,481,0,600
599,49,1042.0,2816.0,8.0,7.0,0,365,19,509
600,0,1750.0,3083.0,8.0,5.0,0,481,1,601
600,49,1042.0,2816.0,8.0,7.0,0,365,20,510
601,0,1750.0,3083.0,8.0,5.0,0,481,2,602
601,49,1042.0,2816.0,8.0,7.0,0,365,21,511
602,0,1747.0,3088.0,9.0,4.0,1,482,0,603
602,49,1042.0,2816.0,8.0,7.0,0,365,22,512
603,0,1745.0,3089.0,10.0,5.0,1,483,0,604
603,49,1042.0,2816.0,8.0,7.0,0,365,23,513
604,0,1743.0,3091.0,11.0,4.0,1,484,0,605
604,49,1618.0,2873.0,6.0,9.0,1,366,0,514
605,0,1743.0,3092.0,9.0,5.0,1,485,0,606
605,49,1618.0,2873.0,6.0,9.0,0,366,1,515
606,0,1743.0,3094.0,9.0,4.0,1,486,0,607
606,49,1618.0,2873.0,6.0,9.0,0,366,2,516
607,0,1741.0,3095.0,9.0,5.0,1,487,0,608
607,49,1618.0,2873.0,6.0,9.0,0,366,3,517
608,0,1738.0,3096.0,11.0,5.0,1,488,0,609
608,49,1618.0,2873.0,6.0,9.0,0,366,4,518
609,0,1736.0,3097.0,11.0,6.0,1,489,0,610
609,49,1618.0,2873.0,6.0,9.0,0,366,5,519
610,0,1736.0,3099.0,10.0,5.0,1,490,0,611
610,49,1618.0,2873.0,6.0,9.0,0,366,6,520
611,0,1733.0,3101.0,10.0,5.0,1,491,0,612
611,49,1618.0,2873.0,6.0,9.0,0,366,7,521
612,0,1680.0,3274.0,20.0,9.0,1,492,0,613
612,49,1618.0,2873.0,6.0,9.0,0,366,8,522
613,0,1730.0,3103.0,11.0,6.0,1,493,0,614
613,49,1602.0,2892.0,7.0,6.0,1,367,0,523
614,0,1727.0,3105.0,14.0,8.0,1,494,0,615
614,49,1602.0,2892.0,7.0,6.0,0,367,1,524
615,0,1728.0,3107.0,12.0,8.0,1,495,0,616
615,49,1602.0,2892.0,7.0,6.0,0,367,2,525
616,0,1727.0,3108.0,12.0,7.0,1,496,0,617
616,49,1602.0,2892.0,7.0,6.0,0,367,3,526
617,0,1725.0,3106.0,12.0,11.0,1,497,0,618
617,49,1602.0,2892.0,7.0,6.0,0,367,4,527
618,0,1721.0,3110.0,15.0,9.0,1,498,0,619
618,49,1602.0,2892.0,7.0,6.0,0,367,5,528
619,0,1719.0,3115.0,14.0,9.0,1,499,0,620
619,49,1602.0,2892.0,7.0,6.0,0,367,6,529
620,0,1720.0,3116.0,10.0,7.0,1,500,0,621
620,49,1602.0,2892.0,7.0,6.0,0,367,7,530
621,0,1720.0,3116.0,10.0,7.0,0,500,1,622
621,49,1602.0,2892.0,7.0,6.0,0,367,8,531
622,0,1716.0,3116.0,11.0,9.0,1,501,0,623
622,49,1602.0,2892.0,7.0,6.0,0,367,9,532
623,0,1710.0,3119.0,15.0,9.0,1,502,0,624
623,49,1602.0,2892.0,7.0,6.0,0,367,10,533
624,0,1709.0,3120.0,12.0,9.0,1,503,0,625
624,49,1602.0,2892.0,7.0,6.0,0,367,11,534
625,0,1710.0,3119.0,10.0,8.0,1,504,0,626
625,49,1602.0,2892.0,7.0,6.0,0,367,12,535
626,0,1703.0,3119.0,12.0,10.0,1,505,0,627
626,49,1602.0,2892.0,7.0,6.0,0,367,13,536
627,0,1703.0,3119.0,12.0,10.0,0,505,1,628
627,49,1602.0,2892.0,7.0,6.0,0,367,14,537
628,0,1699.0,3124.0,10.0,9.0,1,506,0,629
628,49,1602.0,2892.0,7.0,6.0,0,367,15,538
629,0,1695.0,3124.0,11.0,8.0,1,507,0,630
629,49,1602.0,2892.0,7.0,6.0,0,367,16,539
630,0,1695.0,3124.0,11.0,8.0,0,507,1,631
630,49,1602.0,2892.0,7.0,6.0,0,367,17,540
631,0,1688.0,3123.0,9.0,10.0,1,508,0,632
631,49,1602.0,2892.0,7.0,6.0,0,367,18,541
632,0,1679.0,3126.0,13.0,11.0,1,509,0,633
632,49,1940.0,2909.0,8.0,10.0,1,368,0,542
633,0,1679.0,3126.0,13.0,11.0,0,509,1,634
633,49,1940.0,2909.0,8.0,10.0,0,368,1,543
634,0,1674.0,3124.0,13.0,10.0,1,510,0,635
634,49,1940.0,2909.0,8.0,10.0,0,368,2,544
635,0,1667.0,3123.0,13.0,10.0,1,511,0,636
635,49,1940.0,2909.0,8.0,10.0,0,368,3,545
636,0,1663.0,3128.0,13.0,9.0,1,512,0,637
636,49,1940.0,2909.0,8.0,10.0,0,368,4,546
637,0,1660.0,3128.0,12.0,8.0,1,513,0,638
637,49,1940.0,2909.0,8.0,10.0,0,368,5,547
638,0,1655.0,3125.0,12.0,9.0,1,514,0,639
638,49,1940.0,2909.0,8.0,10.0,0,368,6,548
639,0,1648.0,3120.0,16.0,13.0,1,515,0,640
639,49,1940.0,2909.0,8.0,10.0,0,368,7,549
640,0,1647.0,3125.0,10.0,11.0,1,516,0,641
640,49,1940.0,2909.0,8.0,10.0,0,368,8,550
641,0,1642.0,3126.0,9.0,10.0,1,517,0,642
641,49,1940.0,2909.0,8.0,10.0,0,368,9,551
642,0,1639.0,3125.0,9.0,6.0,1,518,0,643
642,49,1940.0,2909.0,8.0,10.0,0,368,10,552
643,0,1633.0,3118.0,8.0,12.0,1,519,0,644
643,49,1940.0,2909.0,8.0,10.0,0,368,11,553
644,0,1633.0,3118.0,8.0,12.0,0,519,1,645
644,49,1940.0,2909.0,8.0,10.0,0,368,12,554
645,0,1633.0,3118.0,8.0,12.0,0,519,2,646
645,49,1940.0,2909.0,8.0,10.0,0,368,13,555
646,0,1614.0,3121.0,13.0,10.0,1,520,0,647
646,49,1940.0,2909.0,8.0,10.0,0,368,14,556
647,0,1611.0,3118.0,10.0,8.0,1,521,0,648
647,49,1940.0,2909.0,8.0,10.0,0,368,15,557
648,0,1611.0,3118.0,10.0,8.0,0,521,1,649
648,49,1940.0,2909.0,8.0,10.0,0,368,16,558
649,0,1597.0,3119.0,12.0,9.0,1,522,0,650
649,49,1940.0,2909.0,8.0,10.0,0,368,17,559
650,0,1592.0,3119.0,11.0,9.0,1,523,0,651
650,49,1940.0,2909.0,8.0,10.0,0,368,18,560
651,0,1587.0,3115.0,9.0,6.0,1,524,0,652
651,49,1940.0,2909.0,8.0,10.0,0,368,19,561
652,0,1581.0,3111.0,10.0,9.0,1,525,0,653
652,49,1940.0,2909.0,8.0,10.0,0,368,20,562
653,0,1575.0,3109.0,10.0,11.0,1,526,0,654
653,49,1940.0,2909.0,8.0,10.0,0,368,21,563
654,0,1567.0,3110.0,10.0,11.0,1,527,0,655
654,49,1940.0,2909.0,8.0,10.0,0,368,22,564
655,0,1567.0,3110.0,10.0,11.0,0,527,1,656
655,49,1940.0,2909.0,8.0,10.0,0,368,23,565
656,0,1558.0,3106.0,7.0,6.0,1,528,0,657
656,49,1940.0,2909.0,8.0,10.0,0,368,24,566
657,0,1549.0,3103.0,11.0,10.0,1,529,0,658
657,49,1940.0,2909.0,8.0,10.0,0,368,25,567
658,0,1542.0,3102.0,10.0,12.0,1,530,0,659
658,49,1940.0,2909.0,8.0,10.0,0,368,26,568
659,0,1542.0,3102.0,10.0,12.0,0,530,1,660
659,49,1940.0,2909.0,8.0,10.0,0,368,27,569
660,0,1530.0,3099.0,10.0,10.0,1,531,0,661
660,49,1940.0,2909.0,8.0,10.0,0,368,28,570
661,0,1530.0,3099.0,10.0,10.0,0,531,1,662
661,49,1940.0,2909.0,8.0,10.0,0,368,29,571
662,0,1516.0,3092.0,11.0,11.0,1,532,0,663
663,0,1510.0,3095.0,11.0,10.0,1,533,0,664
664,0,1504.0,3090.0,11.0,9.0,1,534,0,665
665,0,1504.0,3090.0,11.0,9.0,0,534,1,666
666,0,1490.0,3083.0,13.0,12.0,1,535,0,667
667,0,1490.0,3083.0,13.0,12.0,0,535,1,668
668,0,1478.0,3082.0,9.0,10.0,1,536,0,669
669,0,1473.0,3077.0,7.0,9.0,1,537,0,670
670,0,1466.0,3071.0,9.0,11.0,1,538,0,671
671,0,1535.0,3293.0,12.0,7.0,1,539,0,672
672,0,1452.0,3071.0,9.0,10.0,1,540,0,673
673,0,1447.0,3067.0,9.0,9.0,1,541,0,674
674,0,1440.0,3061.0,8.0,8.0,1,542,0,675
675,0,1440.0,3061.0,8.0,8.0,0,542,1,676
676,0,1426.0,3058.0,7.0,10.0,1,543,0,677
677,0,1418.0,3055.0,12.0,10.0,1,544,0,678
678,0,1415.0,3051.0,8.0,6.0,1,545,0,679
679,0,1409.0,3045.0,8.0,9.0,1,546,0,680
680,0,1402.0,3040.0,8.0,13.0,1,547,0,681
681,0,1395.0,3042.0,10.0,12.0,1,548,0,682
682,0,1389.0,3039.0,10.0,9.0,1,549,0,683
683,0,1389.0,3039.0,10.0,9.0,0,549,1,684
684,0,1378.0,3031.0,9.0,8.0,1,550,0,685
685,0,1371.0,3028.0,10.0,10.0,1,551,0,686
686,0,1371.0,3028.0,10.0,10.0,0,551,1,687
687,0,1361.0,3026.0,7.0,7.0,1,552,0,688
688,0,1355.0,3022.0,7.0,6.0,1,553,0,689
689,0,1347.0,3015.0,10.0,10.0,1,554,0,690
690,0,1342.0,3015.0,9.0,9.0,1,555,0,691
691,0,1336.0,3015.0,8.0,9.0,1,556,0,692
692,0,1332.0,3011.0,7.0,5.0,1,557,0,693
693,0,1327.0,3008.0,6.0,6.0,1,558,0,694
694,0,1322.0,3003.0,6.0,6.0,1,559,0,695
695,0,1316.0,3000.0,6.0,8.0,1,560,0,696
696,0,1309.0,3000.0,7.0,8.0,1,561,0,697
697,0,1304.0,2997.0,8.0,7.0,1,562,0,698
698,0,1299.0,2993.0,8.0,5.0,1,563,0,699
699,0,1299.0,2993.0,8.0,5.0,0,563,1,700
700,0,1287.0,2986.0,9.0,8.0,1,564,0,701
701,0,1281.0,2987.0,8.0,7.0,1,565,0,702
702,0,1275.0,2982.0,9.0,11.0,1,566,0,703
703,0,1272.0,2981.0,8.0,5.0,1,567,0,704
704,0,1266.0,2975.0,9.0,9.0,1,568,0,705
705,0,1266.0,2975.0,9.0,9.0,0,568,1,706
706,0,1256.0,2974.0,7.0,6.0,1,569,0,707
707,0,1248.0,2970.0,9.0,11.0,1,570,0,708
708,0,1244.0,2969.0,6.0,7.0,1,571,0,709
709,0,1240.0,2965.0,7.0,7.0,1,572,0,710
710,0,1233.0,2961.0,9.0,9.0,1,573,0,711
711,0,1233.0,2961.0,9.0,9.0,0,573,1,712
712,0,1221.0,2961.0,11.0,7.0,1,574,0,713
713,0,1217.0,2958.0,8.0,7.0,1,575,0,714
714,0,1211.0,2953.0,9.0,7.0,1,576,0,715
715,0,1208.0,2951.0,9.0,10.0,1,577,0,716
716,0,1202.0,2951.0,9.0,8.0,1,578,0,717
717,0,1202.0,2951.0,9.0,8.0,0,578,1,718
718,0,1192.0,2947.0,8.0,8.0,1,579,0,719
719,0,1186.0,2945.0,9.0,8.0,1,580,0,720
720,0,1183.0,2944.0,7.0,6.0,1,581,0,721
721,0,1178.0,2943.0,8.0,5.0,1,582,0,722
722,0,1178.0,2943.0,8.0,5.0,0,582,1,723
723,0,1168.0,2939.0,9.0,5.0,1,583,0,724
724,0,1168.0,2939.0,9.0,5.0,0,583,1,725
725,0,1159.0,2937.0,8.0,4.0,1,584,0,726
726,0,1154.0,2935.0,8.0,5.0,1,585,0,727
727,0,1151.0,2934.0,6.0,5.0,1,586,0,728
728,0,1146.0,2932.0,6.0,5.0,1,587,0,729
729,0,1141.0,2931.0,7.0,5.0,1,588,0,730
730,0,1137.0,2930.0,8.0,5.0,1,589,0,731
731,0,1132.0,2929.0,9.0,5.0,1,590,0,732
732,0,1129.0,2927.0,7.0,5.0,1,591,0,733
733,0,1129.0,2927.0,7.0,5.0,0,591,1,734
734,0,1120.0,2925.0,8.0,4.0,1,592,0,735
735,0,1116.0,2924.0,8.0,4.0,1,593,0,736
736,0,1112.0,2922.0,8.0,5.0,1,594,0,737
737,0,1108.0,2922.0,8.0,4.0,1,595,0,738
738,0,1103.0,2921.0,9.0,4.0,1,596,0,739
739,0,1099.0,2920.0,10.0,5.0,1,597,0,740
740,0,1096.0,2919.0,9.0,4.0,1,598,0,741
741,0,1092.0,2918.0,9.0,4.0,1,599,0,742
742,0,1088.0,2917.0,9.0,5.0,1,600,0,743
743,0,1084.0,2916.0,10.0,5.0,1,601,0,744
744,0,1081.0,2916.0,9.0,5.0,1,602,0,745
745,0,1077.0,2915.0,10.0,5.0,1,603,0,746
746,0,1073.0,2915.0,10.0,4.0,1,604,0,747
747,0,1070.0,2913.0,9.0,5.0,1,605,0,748
748,0,1065.0,2914.0,12.0,5.0,1,606,0,749
749,0,1062.0,2913.0,10.0,5.0,1,607,0,750
750,0,1059.0,2912.0,10.0,5.0,1,608,0,751
751,0,1055.0,2912.0,9.0,4.0,1,609,0,752
752,0,1052.0,2911.0,10.0,5.0,1,610,0,753
753,0,1049.0,2911.0,8.0,5.0,1,611,0,754
754,0,1045.0,2911.0,7.0,4.0,1,612,0,755
755,0,1045.0,2911.0,7.0,4.0,0,612,1,756
756,0,1039.0,2909.0,8.0,4.0,1,613,0,757
757,0,1035.0,2909.0,9.0,5.0,1,614,0,758
758,0,1031.0,2908.0,10.0,6.0,1,615,0,759
759,0,1028.0,2908.0,10.0,4.0,1,616,0,760
760,0,1025.0,2908.0,9.0,4.0,1,617,0,761
761,0,1020.0,2907.0,11.0,4.0,1,618,0,762
762,0,1018.0,2907.0,9.0,4.0,1,619,0,763
763,0,1015.0,2906.0,9.0,5.0,1,620,0,764
764,0,1011.0,2906.0,9.0,4.0,1,621,0,765
765,0,1008.0,2906.0,12.0,5.0,1,622,0,766
766,0,1005.0,2905.0,12.0,5.0,1,623,0,767
767,0,1002.0,2905.0,8.0,5.0,1,624,0,768
768,0,999.0,2905.0,7.0,4.0,1,625,0,769
769,0,995.0,2904.0,8.0,5.0,1,626,0,770
770,0,992.0,2904.0,8.0,5.0,1,627,0,771
771,0,992.0,2904.0,8.0,5.0,0,627,1,772
772,0,986.0,2904.0,9.0,5.0,1,628,0,773
773,0,983.0,2903.0,10.0,5.0,1,629,0,774
774,0,979.0,2904.0,10.0,5.0,1,630,0,775
775,0,977.0,2903.0,9.0,5.0,1,631,0,776
776,0,973.0,2903.0,9.0,5.0,1,632,0,777
777,0,970.0,2904.0,11.0,4.0,1,633,0,778
778,0,967.0,2903.0,12.0,6.0,1,634,0,779
779,0,965.0,2903.0,12.0,6.0,1,635,0,780
780,0,962.0,2903.0,11.0,6.0,1,636,0,781
781,0,959.0,2903.0,10.0,5.0,1,637,0,782
782,0,956.0,2903.0,10.0,5.0,1,638,0,783
783,0,953.0,2903.0,10.0,6.0,1,639,0,784
784,0,950.0,2903.0,10.0,6.0,1,640,0,785
785,0,947.0,2903.0,10.0,6.0,1,641,0,786
786,0,943.0,2904.0,11.0,11.0,1,642,0,787
787,0,942.0,2904.0,7.0,8.0,1,643,0,788
788,0,937.0,2898.0,10.0,11.0,1,644,0,789
789,0,935.0,2899.0,8.0,12.0,1,645,0,790
790,0,933.0,2905.0,8.0,11.0,1,646,0,791
791,0,933.0,2905.0,8.0,11.0,0,646,1,792
792,0,927.0,2903.0,9.0,9.0,1,647,0,793
793,0,922.0,2901.0,11.0,12.0,1,648,0,794
794,0,918.0,2904.0,11.0,10.0,1,649,0,795
795,0,915.0,2906.0,8.0,10.0,1,650,0,796
796,0,912.0,2903.0,9.0,10.0,1,651,0,797
797,0,908.0,2900.0,11.0,13.0,1,652,0,798
798,0,908.0,2900.0,11.0,13.0,0,652,1,799
799,0,899.0,2903.0,10.0,10.0,1,653,0,800
800,0,897.0,2903.0,8.0,5.0,1,654,0,801
801,0,890.0,2897.0,16.0,11.0,1,655,0,802
802,0,890.0,2897.0,16.0,11.0,0,655,1,803
803,0,890.0,2897.0,16.0,11.0,0,655,2,804
804,0,880.0,2898.0,8.0,7.0,1,656,0,805
805,0,877.0,2891.0,8.0,12.0,1,657,0,806
806,0,871.0,2894.0,10.0,10.0,1,658,0,807
807,0,871.0,2894.0,10.0,10.0,0,658,1,808
808,0,863.0,2892.0,10.0,8.0,1,659,0,809
809,0,860.0,2886.0,8.0,11.0,1,660,0,810
810,0,855.0,2887.0,10.0,10.0,1,661,0,811
811,0,855.0,2887.0,10.0,10.0,0,661,1,812
812,0,847.0,2884.0,10.0,10.0,1,662,0,813
813,0,847.0,2884.0,10.0,10.0,0,662,1,814
814,0,838.0,2875.0,10.0,11.0,1,663,0,815
815,0,831.0,2880.0,10.0,7.0,1,664,0,816
816,0,831.0,2880.0,10.0,7.0,0,664,1,817
817,0,824.0,2875.0,8.0,6.0,1,665,0,818
818,0,818.0,2866.0,10.0,13.0,1,666,0,819
819,0,813.0,2868.0,12.0,11.0,1,667,0,820
820,0,807.0,2870.0,12.0,8.0,1,668,0,821
821,0,803.0,2867.0,9.0,9.0,1,669,0,822
822,0,803.0,2867.0,9.0,9.0,0,669,1,823
823,0,796.0,2857.0,7.0,11.0,1,670,0,824
824,0,791.0,2860.0,9.0,5.0,1,671,0,825
825,0,787.0,2858.0,13.0,11.0,1,672,0,826
826,0,783.0,2855.0,11.0,8.0,1,673,0,827
827,0,783.0,2855.0,11.0,8.0,0,673,1,828
828,0,773.0,2845.0,10.0,12.0,1,674,0,829
829,0,765.0,2847.0,11.0,10.0,1,675,0,830
830,0,762.0,2846.0,8.0,10.0,1,676,0,831
831,0,755.0,2842.0,12.0,6.0,1,677,0,832
832,0,750.0,2835.0,12.0,10.0,1,678,0,833
833,0,750.0,2835.0,12.0,10.0,0,678,1,834
834,0,739.0,2836.0,12.0,12.0,1,679,0,835
835,0,735.0,2834.0,10.0,11.0,1,680,0,836
836,0,733.0,2831.0,8.0,10.0,1,681,0,837
837,0,733.0,2831.0,8.0,10.0,0,681,1,838
838,0,733.0,2831.0,8.0,10.0,0,681,2,839
839,0,715.0,2824.0,12.0,13.0,1,682,0,840
840,0,711.0,2823.0,10.0,9.0,1,683,0,841
841,0,706.0,2818.0,10.0,9.0,1,684,0,842
842,0,700.0,2815.0,10.0,9.0,1,685,0,843
843,0,694.0,2815.0,11.0,9.0,1,686,0,844
844,0,691.0,2815.0,9.0,10.0,1,687,0,845
845,0,684.0,2811.0,8.0,7.0,1,688,0,846
846,0,680.0,2808.0,9.0,9.0,1,689,0,847
847,0,680.0,2808.0,9.0,9.0,0,689,1,848
848,0,667.0,2807.0,9.0,9.0,1,690,0,849
849,0,662.0,2803.0,10.0,12.0,1,691,0,850
850,0,658.0,2803.0,7.0,6.0,1,692,0,851
851,0,651.0,2799.0,10.0,6.0,1,693,0,852
852,0,648.0,2795.0,8.0,8.0,1,694,0,853
853,0,642.0,2797.0,8.0,6.0,1,695,0,854
854,0,635.0,2795.0,10.0,10.0,1,696,0,855
855,0,631.0,2792.0,9.0,8.0,1,697,0,856
856,0,626.0,2789.0,10.0,9.0,1,698,0,857
857,0,626.0,2789.0,10.0,9.0,0,698,1,858
858,0,615.0,2786.0,10.0,9.0,1,699,0,859
859,0,611.0,2787.0,5.0,3.0,1,700,0,860
860,0,605.0,2785.0,11.0,6.0,1,701,0,861
861,0,599.0,2784.0,11.0,5.0,1,702,0,862
862,0,599.0,2784.0,11.0,5.0,0,702,1,863
863,0,588.0,2780.0,14.0,6.0,1,703,0,864
864,0,361.0,2815.0,12.0,12.0,1,704,0,865
865,0,579.0,2777.0,14.0,9.0,1,705,0,866
866,0,574.0,2776.0,12.0,7.0,1,706,0,867
867,0,570.0,2775.0,10.0,6.0,1,707,0,868
868,0,570.0,2775.0,10.0,6.0,0,707,1,869
869,0,560.0,2774.0,10.0,5.0,1,708,0,870
870,0,555.0,2773.0,10.0,4.0,1,709,0,871
871,0,550.0,2773.0,10.0,5.0,1,710,0,872
872,0,546.0,2771.0,10.0,5.0,1,711,0,873
873,0,541.0,2770.0,9.0,5.0,1,712,0,874
874,0,541.0,2770.0,9.0,5.0,0,712,1,875
875,0,533.0,2768.0,8.0,5.0,1,713,0,876
876,0,528.0,2767.0,8.0,5.0,1,714,0,877
877,0,523.0,2766.0,8.0,4.0,1,715,0,878
878,0,523.0,2766.0,8.0,4.0,0,715,1,879
879,0,514.0,2764.0,10.0,5.0,1,716,0,880
880,0,511.0,2763.0,9.0,5.0,1,717,0,881
881,0,506.0,2762.0,10.0,5.0,1,718,0,882
882,0,503.0,2761.0,9.0,5.0,1,719,0,883
883,0,498.0,2760.0,10.0,5.0,1,720,0,884
884,0,493.0,2759.0,10.0,5.0,1,721,0,885
885,0,490.0,2757.0,9.0,5.0,1,722,0,886
886,0,485.0,2756.0,10.0,4.0,1,723,0,887
887,0,481.0,2755.0,11.0,5.0,1,724,0,888
888,0,479.0,2754.0,9.0,4.0,1,725,0,889
889,0,479.0,2754.0,9.0,4.0,0,725,1,890
890,0,470.0,2751.0,10.0,5.0,1,726,0,891
891,0,466.0,2750.0,10.0,5.0,1,727,0,892
892,0,463.0,2749.0,10.0,5.0,1,728,0,893
893,0,463.0,2749.0,10.0,5.0,0,728,1,894
894,0,455.0,2746.0,10.0,6.0,1,729,0,895
895,0,451.0,2745.0,10.0,5.0,1,730,0,896
896,0,448.0,2744.0,10.0,5.0,1,731,0,897
897,0,444.0,2742.0,12.0,7.0,1,732,0,898
898,0,444.0,2742.0,12.0,7.0,0,732,1,899
899,0,436.0,2741.0,12.0,6.0,1,733,0,900
900,0,434.0,2740.0,12.0,5.0,1,734,0,901
901,0,431.0,2739.0,11.0,5.0,1,735,0,902
902,0,431.0,2739.0,11.0,5.0,0,735,1,903
903,0,431.0,2739.0,11.0,5.0,0,735,2,904
904,0,422.0,2738.0,10.0,5.0,1,736,0,905
905,0,533.0,2782.0,7.0,7.0,1,737,0,906
906,0,415.0,2737.0,10.0,5.0,1,738,0,907
907,0,434.0,2934.0,13.0,7.0,1,739,0,908
908,0,434.0,2934.0,13.0,7.0,0,739,1,909
909,0,434.0,2934.0,13.0,7.0,0,739,2,910
910,0,403.0,2736.0,11.0,6.0,1,740,0,911
911,0,403.0,2736.0,11.0,6.0,0,740,1,912
912,0,403.0,2736.0,11.0,6.0,0,740,2,913
913,0,394.0,2736.0,9.0,7.0,1,741,0,914
914,0,394.0,2736.0,9.0,7.0,0,741,1,915
915,0,388.0,2737.0,9.0,6.0,1,742,0,916
916,0,388.0,2737.0,9.0,6.0,0,742,1,917
917,0,381.0,2738.0,9.0,6.0,1,743,0,918
918,0,378.0,2738.0,8.0,6.0,1,744,0,919
919,0,375.0,2739.0,7.0,6.0,1,745,0,920
920,0,372.0,2740.0,7.0,7.0,1,746,0,921
921,0,369.0,2741.0,7.0,7.0,1,747,0,922
922,0,366.0,2741.0,8.0,7.0,1,748,0,923
923,0,363.0,2742.0,7.0,8.0,1,749,0,924
924,0,360.0,2743.0,7.0,8.0,1,750,0,925
925,0,357.0,2743.0,8.0,9.0,1,751,0,926
926,0,354.0,2745.0,8.0,8.0,1,752,0,927
927,0,351.0,2746.0,7.0,7.0,1,753,0,928
928,0,351.0,2746.0,7.0,7.0,0,753,1,929
929,0,351.0,2746.0,7.0,7.0,0,753,2,930
930,0,341.0,2749.0,9.0,9.0,1,754,0,931
931,0,337.0,2751.0,9.0,8.0,1,755,0,932
932,0,335.0,2752.0,8.0,9.0,1,756,0,933
933,0,332.0,2753.0,9.0,9.0,1,757,0,934
934,0,329.0,2754.0,10.0,9.0,1,758,0,935
935,0,329.0,2754.0,10.0,9.0,0,758,1,936
936,0,322.0,2758.0,10.0,8.0,1,759,0,937
937,0,319.0,2758.0,9.0,9.0,1,760,0,938
938,0,319.0,2758.0,9.0,9.0,0,760,1,939
939,0,313.0,2761.0,11.0,10.0,1,761,0,940
940,0,313.0,2761.0,11.0,10.0,0,761,1,941
941,0,307.0,2765.0,13.0,9.0,1,762,0,942
942,0,305.0,2767.0,12.0,8.0,1,763,0,943
943,0,305.0,2767.0,12.0,8.0,0,763,1,944
944,0,298.0,2769.0,13.0,8.0,1,764,0,945
945,0,296.0,2771.0,13.0,7.0,1,765,0,946
946,0,293.0,2772.0,11.0,7.0,1,766,0,947
947,0,290.0,2773.0,12.0,8.0,1,767,0,948
948,0,290.0,2773.0,12.0,8.0,0,767,1,949
949,0,290.0,2773.0,12.0,8.0,0,767,2,950
950,0,281.0,2778.0,14.0,8.0,1,768,0,951
951,0,279.0,2780.0,15.0,8.0,1,769,0,952
952,0,276.0,2782.0,13.0,7.0,1,770,0,953
953,0,276.0,2782.0,13.0,7.0,0,770,1,954
954,0,270.0,2779.0,15.0,10.0,1,771,0,955
955,0,270.0,2787.0,11.0,6.0,1,772,0,956
956,0,267.0,2787.0,10.0,10.0,1,773,0,957
957,0,264.0,2786.0,9.0,7.0,1,774,0,958
958,0,260.0,2783.0,11.0,11.0,1,775,0,959
959,0,253.0,2790.0,15.0,5.0,1,776,0,960
960,0,252.0,2791.0,13.0,9.0,1,777,0,961
961,0,251.0,2790.0,9.0,7.0,1,778,0,962
962,0,247.0,2787.0,10.0,10.0,1,779,0,963
963,0,238.0,2790.0,16.0,7.0,1,780,0,964
964,0,238.0,2790.0,16.0,7.0,0,780,1,965
965,0,238.0,2790.0,16.0,7.0,0,780,2,966
966,0,230.0,2791.0,10.0,10.0,1,781,0,967
967,0,222.0,2791.0,16.0,10.0,1,782,0,968
968,0,219.0,2795.0,13.0,9.0,1,783,0,969
969,0,214.0,2791.0,11.0,10.0,1,784,0,970
970,0,212.0,2791.0,10.0,7.0,1,785,0,971
971,0,212.0,2791.0,10.0,7.0,0,785,1,972
972,0,212.0,2791.0,10.0,7.0,0,785,2,973
973,0,196.0,2791.0,10.0,7.0,1,786,0,974
974,0,192.0,2787.0,9.0,8.0,1,787,0,975
975,0,192.0,2787.0,9.0,8.0,0,787,1,976
976,0,180.0,2788.0,9.0,7.0,1,788,0,977
977,0,180.0,2788.0,9.0,7.0,0,788,1,978
978,0,171.0,2781.0,8.0,8.0,1,789,0,979
979,0,164.0,2778.0,11.0,10.0,1,790,0,980
980,0,156.0,2780.0,13.0,8.0,1,791,0,981
981,0,153.0,2778.0,9.0,8.0,1,792,0,982
982,0,149.0,2774.0,10.0,6.0,1,793,0,983
983,0,143.0,2768.0,10.0,10.0,1,794,0,984
984,0,135.0,2771.0,11.0,6.0,1,795,0,985
985,0,135.0,2771.0,11.0,6.0,0,795,1,986
986,0,127.0,2763.0,9.0,5.0,1,796,0,987
987,0,119.0,2755.0,10.0,14.0,1,797,0,988
988,0,113.0,2757.0,12.0,9.0,1,798,0,989
989,0,107.0,2755.0,10.0,12.0,1,799,0,990
990,0,103.0,2753.0,10.0,8.0,1,800,0,991
991,0,99.0,2748.0,9.0,7.0,1,801,0,992
992,0,91.0,2741.0,13.0,14.0,1,802,0,993
993,0,87.0,2745.0,9.0,4.0,1,803,0,994
994,0,78.0,2743.0,12.0,10.0,1,804,0,995
995,0,78.0,2743.0,12.0,10.0,0,804,1,996
996,0,71.0,2733.0,9.0,8.0,1,805,0,997
997,0,64.0,2727.0,9.0,11.0,1,806,0,998
998,0,64.0,2727.0,9.0,11.0,0,806,1,999
999,0,50.0,2727.0,14.0,9.0,1,807,0,1000
1000,0,50.0,2727.0,14.0,9.0,0,807,1,1001
1001,0,42.0,2719.0,10.0,8.0,1,808,0,1002
1002,0,35.0,2715.0,10.0,10.0,1,809,0,1003
1003,0,35.0,2715.0,10.0,10.0,0,809,1,1004
1004,0,23.0,2715.0,10.0,8.0,1,810,0,1005
1005,0,18.0,2711.0,9.0,5.0,1,811,0,1006
1006,0,10.0,2704.0,11.0,10.0,1,812,0,1007
1007,0,10.0,2704.0,11.0,10.0,0,812,1,1008
1008,0,0.0,2705.0,7.0,9.0,1,813,0,1009
