frame_number,track_id,x,y,w,h,matched,detection_count,missed_frame_count,age_frames
4,0,1849.0,3439.0,19.0,18.0,1,5,0,5
5,0,1849.0,3439.0,19.0,18.0,0,5,1,6
6,0,1849.0,3439.0,19.0,18.0,0,5,2,7
7,0,1843.0,3430.0,23.0,14.0,1,6,0,8
8,0,1843.0,3430.0,23.0,14.0,0,6,1,9
9,0,1843.0,3430.0,23.0,14.0,0,6,2,10
10,0,1843.0,3430.0,23.0,14.0,0,6,3,11
11,0,1843.0,3430.0,23.0,14.0,0,6,4,12
12,0,1843.0,3430.0,23.0,14.0,0,6,5,13
13,0,1843.0,3430.0,23.0,14.0,0,6,6,14
14,0,1843.0,3430.0,23.0,14.0,0,6,7,15
15,0,1843.0,3430.0,23.0,14.0,0,6,8,16
16,0,1843.0,3430.0,23.0,14.0,0,6,9,17
17,0,1843.0,3430.0,23.0,14.0,0,6,10,18
18,0,1843.0,3430.0,23.0,14.0,0,6,11,19
19,0,1843.0,3430.0,23.0,14.0,0,6,12,20
20,0,1843.0,3430.0,23.0,14.0,0,6,13,21
21,0,1843.0,3430.0,23.0,14.0,0,6,14,22
34,5,1803.0,3358.0,19.0,10.0,1,5,0,5
35,5,1801.0,3357.0,18.0,10.0,1,6,0,6
36,5,1800.0,3355.0,19.0,10.0,1,7,0,7
37,5,1798.0,3355.0,17.0,9.0,1,8,0,8
38,5,1796.0,3354.0,19.0,11.0,1,9,0,9
39,5,1795.0,3353.0,16.0,7.0,1,10,0,10
40,5,1793.0,3350.0,17.0,10.0,1,11,0,11
41,5,1791.0,3350.0,17.0,9.0,1,12,0,12
42,5,1789.0,3350.0,21.0,9.0,1,13,0,13
43,5,1788.0,3352.0,17.0,5.0,1,14,0,14
44,5,1786.0,3351.0,17.0,6.0,1,15,0,15
45,5,1785.0,3349.0,20.0,8.0,1,16,0,16
46,5,1783.0,3350.0,16.0,6.0,1,17,0,17
47,5,1781.0,3350.0,16.0,6.0,1,18,0,18
48,5,1779.0,3350.0,17.0,6.0,1,19,0,19
49,5,1777.0,3350.0,17.0,7.0,1,20,0,20
50,5,1776.0,3349.0,33.0,10.0,1,21,0,21
51,5,1774.0,3349.0,16.0,6.0,1,22,0,22
52,5,1771.0,3348.0,18.0,7.0,1,23,0,23
53,5,1771.0,3348.0,16.0,6.0,1,24,0,24
54,5,1769.0,3348.0,17.0,7.0,1,25,0,25
55,5,1768.0,3348.0,17.0,6.0,1,26,0,26
56,5,1766.0,3348.0,17.0,6.0,1,27,0,27
57,5,1765.0,3348.0,17.0,6.0,1,28,0,28
58,5,1764.0,3348.0,18.0,6.0,1,29,0,29
59,5,1763.0,3348.0,17.0,6.0,1,30,0,30
60,5,1762.0,3348.0,18.0,6.0,1,31,0,31
61,5,1761.0,3348.0,15.0,5.0,1,32,0,32
62,5,1757.0,3348.0,18.0,7.0,1,33,0,33
63,5,1757.0,3348.0,16.0,5.0,1,34,0,34
64,5,1756.0,3348.0,17.0,6.0,1,35,0,35
65,5,1756.0,3348.0,16.0,6.0,1,36,0,36
66,5,1755.0,3348.0,15.0,6.0,1,37,0,37
67,5,1754.0,3347.0,16.0,8.0,1,38,0,38
68,5,1752.0,3349.0,17.0,8.0,1,39,0,39
69,5,1751.0,3349.0,16.0,6.0,1,40,0,40
70,5,1750.0,3350.0,18.0,9.0,1,41,0,41
71,5,1749.0,3349.0,18.0,8.0,1,42,0,42
72,5,1749.0,3352.0,16.0,10.0,1,43,0,43
73,5,1750.0,3350.0,12.0,11.0,1,44,0,44
74,5,1750.0,3346.0,15.0,13.0,1,45,0,45
75,5,1746.0,3347.0,19.0,13.0,1,46,0,46
76,5,1743.0,3354.0,21.0,10.0,1,47,0,47
77,5,1746.0,3357.0,13.0,12.0,1,48,0,48
78,5,1748.0,3357.0,12.0,5.0,1,49,0,49
79,5,1748.0,3351.0,12.0,11.0,1,50,0,50
80,5,1739.0,3355.0,22.0,10.0,1,51,0,51
81,5,1742.0,3358.0,18.0,15.0,1,52,0,52
82,5,1744.0,3359.0,12.0,10.0,1,53,0,53
82,6,2117.0,3029.0,33.0,6.0,1,5,0,5
83,5,1744.0,3358.0,17.0,9.0,1,54,0,54
83,6,2111.0,3029.0,49.0,7.0,1,6,0,6
84,5,1739.0,3356.0,20.0,13.0,1,55,0,55
84,6,2104.0,3031.0,56.0,7.0,1,7,0,7
85,5,1744.0,3365.0,15.0,7.0,1,56,0,56
85,6,2098.0,3027.0,62.0,9.0,1,8,0,8
86,5,1738.0,3365.0,14.0,11.0,1,57,0,57
86,6,2093.0,3027.0,30.0,8.0,1,9,0,9
87,5,1738.0,3363.0,14.0,7.0,1,58,0,58
87,6,2087.0,3030.0,70.0,6.0,1,10,0,10
88,5,1734.0,3358.0,19.0,13.0,1,59,0,59
88,6,2081.0,3030.0,72.0,7.0,1,11,0,11
89,5,1738.0,3366.0,14.0,6.0,1,60,0,60
89,6,2075.0,3026.0,85.0,12.0,1,12,0,12
90,5,1730.0,3366.0,17.0,10.0,1,61,0,61
90,6,2068.0,3026.0,57.0,10.0,1,13,0,13
91,5,1732.0,3362.0,14.0,8.0,1,62,0,62
91,6,2068.0,3026.0,57.0,10.0,0,13,1,14
92,5,1726.0,3358.0,21.0,13.0,1,63,0,63
92,6,2055.0,3030.0,52.0,10.0,1,14,0,15
93,5,1722.0,3363.0,20.0,8.0,1,64,0,64
93,6,2048.0,3031.0,33.0,6.0,1,15,0,16
94,5,1723.0,3363.0,16.0,13.0,1,65,0,65
94,6,2044.0,3026.0,30.0,9.0,1,16,0,17
95,5,1723.0,3361.0,10.0,10.0,1,66,0,66
95,6,2037.0,3030.0,31.0,5.0,1,17,0,18
96,5,1721.0,3358.0,14.0,10.0,1,67,0,67
96,6,2031.0,3032.0,31.0,5.0,1,18,0,19
97,5,1716.0,3357.0,16.0,11.0,1,68,0,68
97,6,2025.0,3031.0,31.0,7.0,1,19,0,20
98,5,1714.0,3363.0,18.0,7.0,1,69,0,69
98,6,2019.0,3029.0,30.0,6.0,1,20,0,21
99,5,1711.0,3359.0,16.0,13.0,1,70,0,70
99,6,2010.0,3031.0,34.0,6.0,1,21,0,22
100,5,1712.0,3359.0,16.0,7.0,1,71,0,71
100,6,2005.0,3030.0,32.0,7.0,1,22,0,23
101,5,1707.0,3350.0,17.0,13.0,1,72,0,72
101,6,1999.0,3030.0,32.0,6.0,1,23,0,24
102,5,1701.0,3357.0,22.0,7.0,1,73,0,73
102,6,1993.0,3029.0,32.0,6.0,1,24,0,25
103,5,1703.0,3356.0,18.0,12.0,1,74,0,74
103,6,1985.0,3030.0,33.0,6.0,1,25,0,26
104,5,1702.0,3355.0,12.0,6.0,1,75,0,75
104,6,1980.0,3030.0,32.0,8.0,1,26,0,27
105,5,1700.0,3350.0,17.0,10.0,1,76,0,76
105,6,1975.0,3031.0,31.0,5.0,1,27,0,28
106,5,1694.0,3346.0,18.0,15.0,1,77,0,77
106,6,1969.0,3031.0,31.0,5.0,1,28,0,29
107,5,1690.0,3351.0,20.0,10.0,1,78,0,78
107,6,1962.0,3030.0,36.0,7.0,1,29,0,30
108,5,1692.0,3349.0,15.0,13.0,1,79,0,79
108,6,1955.0,3031.0,34.0,7.0,1,30,0,31
109,5,1690.0,3346.0,14.0,6.0,1,80,0,80
109,6,1948.0,3030.0,33.0,7.0,1,31,0,32
110,5,1686.0,3339.0,14.0,14.0,1,81,0,81
110,6,1941.0,3031.0,34.0,5.0,1,32,0,33
111,5,1679.0,3342.0,22.0,11.0,1,82,0,82
111,6,1935.0,3029.0,33.0,9.0,1,33,0,34
112,5,1679.0,3342.0,18.0,10.0,1,83,0,83
112,6,1929.0,3033.0,33.0,7.0,1,34,0,35
113,5,1678.0,3340.0,10.0,7.0,1,84,0,84
113,6,1924.0,3031.0,32.0,6.0,1,35,0,36
114,5,1674.0,3335.0,19.0,8.0,1,85,0,85
114,6,1914.0,3031.0,35.0,6.0,1,36,0,37
115,5,1671.0,3330.0,17.0,12.0,1,86,0,86
115,6,1908.0,3029.0,34.0,9.0,1,37,0,38
116,5,1671.0,3332.0,11.0,9.0,1,87,0,87
116,6,1904.0,3033.0,32.0,8.0,1,38,0,39
117,5,1666.0,3331.0,15.0,9.0,1,88,0,88
117,6,1899.0,3032.0,31.0,5.0,1,39,0,40
118,5,1662.0,3329.0,14.0,6.0,1,89,0,89
118,6,1892.0,3032.0,32.0,5.0,1,40,0,41
119,5,1662.0,3322.0,15.0,10.0,1,90,0,90
119,6,1883.0,3030.0,33.0,8.0,1,41,0,42
120,5,1656.0,3320.0,19.0,13.0,1,91,0,91
120,6,1878.0,3032.0,32.0,8.0,1,42,0,43
121,5,1651.0,3323.0,21.0,8.0,1,92,0,92
121,6,1872.0,3030.0,32.0,8.0,1,43,0,44
122,5,1651.0,3321.0,19.0,9.0,1,93,0,93
122,6,1866.0,3029.0,28.0,9.0,1,44,0,45
123,5,1653.0,3318.0,14.0,7.0,1,94,0,94
123,6,1859.0,3033.0,32.0,5.0,1,45,0,46
124,5,1651.0,3315.0,13.0,7.0,1,95,0,95
124,6,1852.0,3032.0,32.0,7.0,1,46,0,47
125,5,1649.0,3313.0,13.0,7.0,1,96,0,96
125,6,1841.0,3031.0,36.0,5.0,1,47,0,48
126,5,1648.0,3312.0,11.0,7.0,1,97,0,97
126,6,1839.0,3028.0,31.0,9.0,1,48,0,49
127,5,1639.0,3311.0,16.0,6.0,1,98,0,98
127,6,1832.0,3030.0,28.0,7.0,1,49,0,50
128,5,1639.0,3309.0,12.0,8.0,1,99,0,99
128,6,1822.0,3030.0,32.0,7.0,1,50,0,51
129,5,1635.0,3307.0,16.0,5.0,1,100,0,100
129,6,1819.0,3030.0,32.0,6.0,1,51,0,52
130,5,1632.0,3306.0,18.0,5.0,1,101,0,101
130,6,1812.0,3027.0,31.0,10.0,1,52,0,53
131,5,1631.0,3304.0,17.0,5.0,1,102,0,102
131,6,1805.0,3031.0,31.0,6.0,1,53,0,54
132,5,1628.0,3301.0,18.0,6.0,1,103,0,103
132,6,1799.0,3029.0,31.0,7.0,1,54,0,55
133,5,1626.0,3299.0,19.0,6.0,1,104,0,104
133,6,1792.0,3030.0,31.0,5.0,1,55,0,56
134,5,1624.0,3297.0,18.0,6.0,1,105,0,105
134,6,1785.0,3029.0,30.0,6.0,1,56,0,57
135,5,1623.0,3295.0,18.0,5.0,1,106,0,106
135,6,1778.0,3030.0,33.0,7.0,1,57,0,58
136,5,1621.0,3292.0,18.0,7.0,1,107,0,107
136,6,1772.0,3029.0,30.0,7.0,1,58,0,59
137,5,1619.0,3290.0,19.0,7.0,1,108,0,108
137,6,1764.0,3029.0,32.0,6.0,1,59,0,60
138,5,1618.0,3288.0,18.0,6.0,1,109,0,109
138,6,1759.0,3028.0,31.0,8.0,1,60,0,61
139,5,1616.0,3286.0,18.0,6.0,1,110,0,110
139,6,1751.0,3030.0,30.0,6.0,1,61,0,62
140,5,1614.0,3284.0,17.0,7.0,1,111,0,111
140,6,1744.0,3029.0,30.0,6.0,1,62,0,63
141,5,1612.0,3282.0,18.0,6.0,1,112,0,112
141,6,1738.0,3028.0,30.0,6.0,1,63,0,64
142,5,1611.0,3281.0,17.0,6.0,1,113,0,113
142,6,1731.0,3028.0,31.0,6.0,1,64,0,65
143,5,1609.0,3279.0,17.0,6.0,1,114,0,114
143,6,1723.0,3029.0,39.0,5.0,1,65,0,66
144,5,1608.0,3277.0,17.0,6.0,1,115,0,115
144,6,1714.0,3028.0,34.0,7.0,1,66,0,67
145,5,1606.0,3275.0,17.0,6.0,1,116,0,116
145,6,1711.0,3027.0,28.0,6.0,1,67,0,68
146,5,1605.0,3274.0,17.0,6.0,1,117,0,117
146,6,1703.0,3026.0,66.0,10.0,1,68,0,69
147,5,1604.0,3272.0,16.0,6.0,1,118,0,118
147,6,1696.0,3026.0,31.0,13.0,1,69,0,70
148,5,1602.0,3271.0,16.0,7.0,1,119,0,119
148,6,1690.0,3028.0,29.0,8.0,1,70,0,71
149,5,1601.0,3270.0,17.0,7.0,1,120,0,120
149,6,1683.0,3027.0,29.0,7.0,1,71,0,72
150,5,1600.0,3268.0,18.0,8.0,1,121,0,121
150,6,1676.0,3026.0,28.0,6.0,1,72,0,73
151,5,1599.0,3267.0,17.0,7.0,1,122,0,122
151,6,1669.0,3026.0,28.0,7.0,1,73,0,74
152,5,1599.0,3266.0,15.0,6.0,1,123,0,123
152,6,1662.0,3027.0,67.0,7.0,1,74,0,75
153,5,1598.0,3265.0,15.0,8.0,1,124,0,124
153,6,1655.0,3024.0,29.0,8.0,1,75,0,76
154,5,1598.0,3264.0,16.0,9.0,1,125,0,125
154,6,1648.0,3025.0,29.0,8.0,1,76,0,77
155,5,1595.0,3264.0,17.0,8.0,1,126,0,126
155,6,1641.0,3026.0,30.0,7.0,1,77,0,78
156,5,1596.0,3263.0,16.0,8.0,1,127,0,127
156,6,1635.0,3027.0,28.0,5.0,1,78,0,79
157,5,1594.0,3262.0,16.0,9.0,1,128,0,128
157,6,1628.0,3025.0,28.0,5.0,1,79,0,80
158,5,1596.0,3261.0,15.0,9.0,1,129,0,129
158,6,1620.0,3025.0,29.0,8.0,1,80,0,81
159,5,1594.0,3261.0,16.0,8.0,1,130,0,130
159,6,1613.0,3024.0,29.0,7.0,1,81,0,82
160,5,1595.0,3260.0,15.0,9.0,1,131,0,131
160,6,1607.0,3022.0,29.0,8.0,1,82,0,83
161,5,1593.0,3260.0,15.0,7.0,1,132,0,132
161,6,1598.0,3021.0,29.0,8.0,1,83,0,84
162,5,1593.0,3260.0,15.0,8.0,1,133,0,133
162,6,1590.0,3022.0,30.0,7.0,1,84,0,85
163,5,1593.0,3260.0,15.0,8.0,1,134,0,134
163,6,1584.0,3022.0,68.0,8.0,1,85,0,86
164,5,1593.0,3260.0,16.0,8.0,1,135,0,135
164,6,1578.0,3023.0,29.0,7.0,1,86,0,87
165,5,1593.0,3259.0,16.0,8.0,1,136,0,136
165,6,1573.0,3015.0,27.0,12.0,1,87,0,88
166,5,1593.0,3259.0,16.0,8.0,1,137,0,137
166,6,1563.0,3019.0,25.0,8.0,1,88,0,89
167,5,1593.0,3259.0,16.0,8.0,1,138,0,138
167,6,1557.0,3019.0,25.0,8.0,1,89,0,90
168,5,1596.0,3259.0,13.0,8.0,1,139,0,139
168,6,1552.0,3019.0,24.0,7.0,1,90,0,91
169,5,1596.0,3260.0,14.0,7.0,1,140,0,140
169,6,1544.0,3016.0,28.0,9.0,1,91,0,92
169,24,1882.0,3012.0,55.0,14.0,1,5,0,5
170,5,1596.0,3260.0,15.0,7.0,1,141,0,141
170,6,1539.0,3018.0,25.0,7.0,1,92,0,93
170,24,1874.0,3014.0,56.0,10.0,1,6,0,6
171,5,1596.0,3260.0,15.0,7.0,1,142,0,142
171,6,1531.0,3019.0,26.0,6.0,1,93,0,94
171,24,1874.0,3014.0,56.0,10.0,0,6,1,7
172,5,1595.0,3260.0,18.0,8.0,1,143,0,143
172,6,1524.0,3016.0,28.0,8.0,1,94,0,95
172,24,1836.0,3018.0,49.0,6.0,1,7,0,8
173,5,1595.0,3260.0,18.0,9.0,1,144,0,144
173,6,1519.0,3015.0,25.0,7.0,1,95,0,96
173,24,1818.0,3015.0,42.0,10.0,1,8,0,9
174,5,1595.0,3261.0,19.0,8.0,1,145,0,145
174,6,1510.0,3014.0,27.0,8.0,1,96,0,97
174,24,1780.0,3015.0,48.0,10.0,1,9,0,10
175,5,1596.0,3263.0,19.0,7.0,1,146,0,146
175,6,1504.0,3016.0,26.0,6.0,1,97,0,98
175,24,1780.0,3015.0,48.0,10.0,0,9,1,11
176,5,1600.0,3263.0,16.0,7.0,1,147,0,147
176,6,1498.0,3014.0,26.0,8.0,1,98,0,99
176,24,1733.0,3018.0,51.0,8.0,1,10,0,12
176,26,1799.0,3017.0,41.0,9.0,1,5,0,5
177,5,1603.0,3265.0,13.0,6.0,1,148,0,148
177,6,1492.0,3011.0,25.0,8.0,1,99,0,100
177,24,1698.0,3018.0,61.0,8.0,1,11,0,13
177,26,1826.0,3014.0,39.0,10.0,1,6,0,6
178,5,1604.0,3264.0,14.0,8.0,1,149,0,149
178,6,1483.0,3012.0,26.0,7.0,1,100,0,101
178,24,1698.0,3018.0,61.0,8.0,0,11,1,14
178,26,1821.0,3014.0,58.0,9.0,1,7,0,7
179,5,1602.0,3266.0,21.0,8.0,1,150,0,150
179,6,1477.0,3012.0,53.0,9.0,1,101,0,102
179,24,1644.0,3016.0,47.0,12.0,1,12,0,15
179,26,1868.0,3012.0,29.0,7.0,1,8,0,8
180,5,1607.0,3268.0,16.0,9.0,1,151,0,151
180,6,1471.0,3011.0,53.0,10.0,1,102,0,103
180,24,1591.0,3019.0,62.0,7.0,1,13,0,16
180,26,1828.0,3011.0,39.0,14.0,1,9,0,9
181,5,1607.0,3268.0,18.0,9.0,1,152,0,152
181,6,1465.0,3009.0,51.0,16.0,1,103,0,104
181,24,1802.0,3013.0,37.0,9.0,1,14,0,17
181,26,1855.0,3012.0,30.0,9.0,1,10,0,10
182,5,1612.0,3266.0,13.0,11.0,1,153,0,153
182,6,1456.0,3010.0,28.0,7.0,1,104,0,105
182,24,1534.0,3014.0,50.0,11.0,1,15,0,18
182,26,1855.0,3012.0,30.0,9.0,0,10,1,11
183,5,1607.0,3266.0,24.0,10.0,1,154,0,154
183,6,1450.0,3010.0,26.0,6.0,1,105,0,106
183,24,1546.0,3017.0,57.0,8.0,1,16,0,19
183,26,1842.0,3014.0,30.0,6.0,1,11,0,12
184,5,1615.0,3272.0,18.0,11.0,1,155,0,155
184,6,1445.0,3009.0,51.0,9.0,1,106,0,107
184,24,1521.0,3015.0,49.0,10.0,1,17,0,20
184,26,1803.0,3011.0,61.0,12.0,1,12,0,13
185,5,1615.0,3272.0,12.0,8.0,1,156,0,156
185,6,1438.0,3008.0,25.0,7.0,1,107,0,108
185,24,1484.0,3014.0,56.0,11.0,1,18,0,21
185,26,1775.0,3012.0,59.0,9.0,1,13,0,14
186,5,1619.0,3270.0,14.0,8.0,1,157,0,157
186,6,1431.0,3008.0,5.0,5.0,1,108,0,109
186,24,1451.0,3008.0,48.0,12.0,1,19,0,22
186,26,1821.0,3011.0,32.0,8.0,1,14,0,15
187,5,1615.0,3267.0,18.0,14.0,1,158,0,158
187,6,1472.0,3010.0,55.0,11.0,1,109,0,110
187,24,1424.0,3009.0,26.0,5.0,1,20,0,23
187,26,1783.0,3010.0,38.0,10.0,1,15,0,16
188,5,1615.0,3274.0,20.0,9.0,1,159,0,159
188,6,1438.0,3010.0,48.0,8.0,1,110,0,111
188,24,1424.0,3009.0,26.0,5.0,0,20,1,24
188,26,1809.0,3011.0,31.0,10.0,1,16,0,17
189,5,1619.0,3274.0,15.0,12.0,1,160,0,160
189,6,1411.0,3005.0,64.0,12.0,1,111,0,112
189,24,1424.0,3009.0,26.0,5.0,0,20,2,25
189,26,1770.0,3011.0,38.0,8.0,1,17,0,18
190,5,1624.0,3274.0,12.0,6.0,1,161,0,161
190,6,1405.0,3005.0,64.0,11.0,1,112,0,113
190,24,1424.0,3009.0,26.0,5.0,0,20,3,26
190,26,1796.0,3012.0,30.0,7.0,1,18,0,19
191,5,1621.0,3270.0,18.0,11.0,1,162,0,162
191,6,1398.0,3006.0,25.0,7.0,1,113,0,114
191,24,1424.0,3009.0,26.0,5.0,0,20,4,27
191,26,1757.0,3009.0,38.0,11.0,1,19,0,20
192,5,1618.0,3277.0,22.0,6.0,1,163,0,163
192,6,1391.0,3005.0,52.0,9.0,1,114,0,115
192,24,1486.0,3013.0,58.0,8.0,1,21,0,28
192,26,1729.0,3009.0,37.0,11.0,1,20,0,21
193,5,1623.0,3277.0,16.0,12.0,1,164,0,164
193,6,1382.0,3003.0,67.0,12.0,1,115,0,116
193,24,1479.0,3013.0,59.0,7.0,1,22,0,29
193,26,1691.0,3014.0,36.0,6.0,1,21,0,22
194,5,1627.0,3276.0,14.0,6.0,1,165,0,165
194,6,1378.0,3003.0,52.0,10.0,1,116,0,117
194,24,1456.0,3007.0,49.0,10.0,1,23,0,30
194,26,1691.0,3014.0,36.0,6.0,0,21,1,23
195,5,1626.0,3271.0,15.0,11.0,1,166,0,166
195,6,1372.0,3003.0,51.0,8.0,1,117,0,118
195,24,1469.0,3009.0,56.0,10.0,1,24,0,31
195,26,1691.0,3014.0,36.0,6.0,0,21,2,24
196,5,1622.0,3278.0,23.0,7.0,1,167,0,167
196,6,1364.0,3002.0,53.0,9.0,1,118,0,119
196,24,1463.0,3010.0,55.0,7.0,1,25,0,32
196,26,1691.0,3014.0,36.0,6.0,0,21,3,25
196,33,1726.0,3007.0,60.0,14.0,1,5,0,5
197,5,1628.0,3278.0,15.0,10.0,1,168,0,168
197,6,1359.0,2999.0,25.0,9.0,1,119,0,120
197,24,1479.0,3009.0,67.0,10.0,1,26,0,33
197,26,1691.0,3014.0,36.0,6.0,0,21,4,26
197,33,1719.0,3007.0,61.0,12.0,1,6,0,6
198,5,1629.0,3276.0,15.0,6.0,1,169,0,169
198,6,1353.0,3000.0,51.0,11.0,1,120,0,121
198,24,1449.0,3009.0,57.0,6.0,1,27,0,34
198,26,1691.0,3014.0,36.0,6.0,0,21,5,27
198,33,1744.0,3009.0,29.0,8.0,1,7,0,7
199,5,1630.0,3271.0,15.0,10.0,1,170,0,170
199,6,1345.0,2999.0,65.0,11.0,1,121,0,122
199,24,1444.0,3005.0,56.0,10.0,1,28,0,35
199,26,1691.0,3014.0,36.0,6.0,0,21,6,28
199,33,1705.0,3003.0,40.0,16.0,1,8,0,8
200,5,1625.0,3273.0,23.0,9.0,1,171,0,171
200,6,1339.0,3000.0,26.0,5.0,1,122,0,123
200,24,1444.0,3005.0,56.0,10.0,0,28,1,36
200,26,1676.0,3003.0,37.0,13.0,1,22,0,29
200,33,1732.0,3007.0,28.0,13.0,1,9,0,9
201,5,1630.0,3275.0,19.0,12.0,1,172,0,172
201,6,1332.0,2997.0,65.0,11.0,1,123,0,124
201,24,1453.0,3005.0,69.0,13.0,1,29,0,37
201,26,1626.0,3007.0,47.0,10.0,1,23,0,30
201,33,1722.0,3005.0,32.0,14.0,1,10,0,10
202,5,1631.0,3273.0,17.0,10.0,1,173,0,173
202,6,1327.0,2998.0,51.0,10.0,1,124,0,125
202,24,1422.0,3005.0,58.0,9.0,1,30,0,38
202,26,1626.0,3007.0,47.0,10.0,0,23,1,31
202,33,1685.0,3006.0,40.0,10.0,1,11,0,11
202,35,304.0,19.0,55.0,33.0,1,5,0,5
203,5,1636.0,3270.0,13.0,9.0,1,174,0,174
203,6,1320.0,2997.0,52.0,9.0,1,125,0,126
203,24,1397.0,3002.0,52.0,10.0,1,31,0,39
203,26,1626.0,3007.0,47.0,10.0,0,23,2,32
203,33,1712.0,3007.0,28.0,10.0,1,12,0,12
203,35,304.0,19.0,55.0,33.0,0,5,1,6
204,5,1630.0,3266.0,19.0,13.0,1,175,0,175
204,6,1311.0,2997.0,54.0,9.0,1,126,0,127
204,24,1411.0,3004.0,58.0,7.0,1,32,0,40
204,26,1626.0,3007.0,47.0,10.0,0,23,3,33
204,33,1672.0,3004.0,38.0,11.0,1,13,0,13
204,35,233.0,19.0,58.0,33.0,1,6,0,7
205,5,1630.0,3273.0,18.0,8.0,1,176,0,176
205,6,1307.0,2995.0,50.0,11.0,1,127,0,128
205,24,1428.0,3003.0,69.0,12.0,1,33,0,41
205,26,1626.0,3007.0,47.0,10.0,0,23,4,34
205,33,1699.0,3005.0,27.0,12.0,1,14,0,14
205,35,181.0,19.0,64.0,33.0,1,7,0,8
206,5,1633.0,3272.0,13.0,9.0,1,177,0,177
206,6,1300.0,2996.0,52.0,10.0,1,128,0,129
206,24,1381.0,3000.0,47.0,8.0,1,34,0,42
206,26,1626.0,3007.0,47.0,10.0,0,23,5,35
206,33,1658.0,3004.0,40.0,13.0,1,15,0,15
206,35,134.0,19.0,62.0,33.0,1,8,0,9
206,36,2115.0,2982.0,17.0,9.0,1,5,0,5
207,5,1635.0,3269.0,14.0,7.0,1,178,0,178
207,6,1294.0,2996.0,24.0,6.0,1,129,0,130
207,24,1416.0,3003.0,68.0,10.0,1,35,0,43
207,26,1626.0,3007.0,47.0,10.0,0,23,6,36
207,33,1629.0,3001.0,59.0,15.0,1,16,0,16
207,35,134.0,19.0,62.0,33.0,0,8,1,10
207,36,2106.0,2982.0,18.0,10.0,1,6,0,6
208,5,1636.0,3265.0,14.0,10.0,1,179,0,179
208,6,1288.0,2995.0,63.0,10.0,1,130,0,131
208,24,1410.0,3001.0,69.0,11.0,1,36,0,44
208,26,1600.0,3003.0,61.0,11.0,1,24,0,37
208,33,1677.0,3003.0,31.0,13.0,1,17,0,17
208,35,47.0,19.0,64.0,33.0,1,9,0,11
208,36,2101.0,2983.0,5.0,6.0,1,7,0,7
209,5,1631.0,3266.0,19.0,9.0,1,180,0,180
209,6,1281.0,2994.0,51.0,9.0,1,131,0,132
209,24,1405.0,3001.0,67.0,12.0,1,37,0,45
209,26,1590.0,3004.0,64.0,10.0,1,25,0,38
209,33,1677.0,3003.0,31.0,13.0,0,17,1,18
209,35,7.0,19.0,47.0,33.0,1,10,0,12
209,36,2093.0,2982.0,6.0,4.0,1,8,0,8
210,5,1635.0,3266.0,15.0,14.0,1,181,0,181
210,6,1275.0,2994.0,50.0,9.0,1,132,0,133
210,24,1373.0,2999.0,60.0,7.0,1,38,0,46
210,26,1559.0,3005.0,55.0,12.0,1,26,0,39
210,33,1677.0,3003.0,31.0,13.0,0,17,2,19
210,35,7.0,19.0,47.0,33.0,0,10,1,13
210,36,2085.0,2982.0,5.0,5.0,1,9,0,9
211,5,1636.0,3262.0,12.0,11.0,1,182,0,182
211,6,1268.0,2993.0,52.0,9.0,1,133,0,134
211,24,1367.0,2997.0,58.0,10.0,1,39,0,47
211,26,1536.0,3003.0,46.0,13.0,1,27,0,40
211,33,1603.0,3000.0,62.0,15.0,1,18,0,20
211,35,7.0,19.0,47.0,33.0,0,10,2,14
211,36,2077.0,2983.0,6.0,5.0,1,10,0,10
212,5,1641.0,3261.0,11.0,8.0,1,183,0,183
212,6,1261.0,2994.0,52.0,6.0,1,134,0,135
212,24,1384.0,2998.0,71.0,11.0,1,40,0,48
212,26,1511.0,3000.0,49.0,11.0,1,28,0,41
212,33,1572.0,3001.0,64.0,12.0,1,19,0,21
212,35,7.0,19.0,47.0,33.0,0,10,3,15
212,36,2067.0,2981.0,8.0,4.0,1,11,0,11
213,5,1635.0,3258.0,18.0,11.0,1,184,0,184
213,6,1255.0,2991.0,65.0,9.0,1,135,0,136
213,24,1378.0,2995.0,71.0,15.0,1,41,0,49
213,26,1474.0,3001.0,62.0,9.0,1,29,0,42
213,33,1562.0,3002.0,66.0,11.0,1,20,0,22
213,35,7.0,19.0,47.0,33.0,0,10,4,16
213,36,2061.0,2979.0,6.0,5.0,1,12,0,12
214,5,1639.0,3262.0,18.0,10.0,1,185,0,185
214,6,1248.0,2991.0,52.0,9.0,1,136,0,137
214,24,1331.0,2994.0,47.0,9.0,1,42,0,50
214,26,1447.0,3001.0,58.0,6.0,1,30,0,43
214,33,1535.0,3002.0,53.0,10.0,1,21,0,23
214,35,7.0,19.0,47.0,33.0,0,10,5,17
214,36,2051.0,2980.0,7.0,5.0,1,13,0,13
215,5,1638.0,3255.0,14.0,16.0,1,186,0,186
215,6,1238.0,2988.0,58.0,11.0,1,137,0,138
215,24,1338.0,2992.0,61.0,13.0,1,43,0,51
215,26,1417.0,3000.0,51.0,7.0,1,31,0,44
215,33,1547.0,2998.0,71.0,16.0,1,22,0,24
215,35,7.0,19.0,47.0,33.0,0,10,6,18
215,36,2045.0,2980.0,7.0,6.0,1,14,0,14
216,5,1640.0,3256.0,15.0,8.0,1,187,0,187
216,6,1233.0,2991.0,55.0,7.0,1,138,0,139
216,24,1299.0,2993.0,41.0,8.0,1,44,0,52
216,26,1360.0,2995.0,58.0,10.0,1,32,0,45
216,33,1504.0,2999.0,46.0,13.0,1,23,0,25
216,35,7.0,19.0,47.0,33.0,0,10,7,19
216,36,2035.0,2978.0,9.0,6.0,1,15,0,15
217,5,1640.0,3250.0,17.0,12.0,1,188,0,188
217,6,1229.0,2991.0,51.0,9.0,1,139,0,140
217,24,1299.0,2993.0,41.0,8.0,0,44,1,53
217,26,1352.0,2993.0,72.0,15.0,1,33,0,46
217,33,1482.0,3001.0,50.0,9.0,1,24,0,26
217,35,7.0,19.0,47.0,33.0,0,10,8,20
217,36,2026.0,2978.0,10.0,5.0,1,16,0,16
218,5,1640.0,3255.0,16.0,6.0,1,189,0,189
218,6,1219.0,2991.0,69.0,9.0,1,140,0,141
218,24,1299.0,2993.0,41.0,8.0,0,44,2,54
218,26,1345.0,2994.0,74.0,11.0,1,34,0,47
218,33,1475.0,2999.0,31.0,9.0,1,25,0,27
218,35,7.0,19.0,47.0,33.0,0,10,9,21
218,36,2020.0,2978.0,8.0,6.0,1,17,0,17
219,5,1640.0,3251.0,14.0,13.0,1,190,0,190
219,6,1215.0,2989.0,55.0,9.0,1,141,0,142
219,24,1299.0,2993.0,41.0,8.0,0,44,3,55
219,26,1339.0,2993.0,73.0,10.0,1,35,0,48
219,33,1439.0,2997.0,52.0,8.0,1,26,0,28
219,35,7.0,19.0,47.0,33.0,0,10,10,22
219,36,2013.0,2978.0,7.0,5.0,1,18,0,18
219,40,188.0,19.0,64.0,34.0,1,5,0,5
220,5,1638.0,3250.0,18.0,7.0,1,191,0,191
220,6,1210.0,2986.0,54.0,11.0,1,142,0,143
220,24,1299.0,2993.0,41.0,8.0,0,44,4,56
220,26,1336.0,2992.0,70.0,11.0,1,36,0,49
220,33,1432.0,2997.0,64.0,10.0,1,27,0,29
220,35,7.0,19.0,47.0,33.0,0,10,11,23
220,36,2006.0,2975.0,6.0,9.0,1,19,0,19
220,40,134.0,19.0,56.0,34.0,1,6,0,6
221,5,1642.0,3245.0,14.0,10.0,1,192,0,192
221,6,1203.0,2989.0,52.0,7.0,1,143,0,144
221,24,1299.0,2993.0,41.0,8.0,0,44,5,57
221,26,1329.0,2991.0,71.0,12.0,1,37,0,50
221,33,1563.0,2995.0,61.0,15.0,1,28,0,30
221,35,7.0,19.0,47.0,33.0,0,10,12,24
221,36,1996.0,2976.0,8.0,5.0,1,20,0,20
221,40,134.0,19.0,56.0,34.0,0,6,1,7
222,5,1639.0,3245.0,17.0,11.0,1,193,0,193
222,6,1196.0,2990.0,53.0,6.0,1,144,0,145
222,24,1322.0,2990.0,72.0,11.0,1,45,0,58
222,26,1481.0,2997.0,56.0,13.0,1,38,0,51
222,33,1557.0,2997.0,58.0,13.0,1,29,0,31
222,35,7.0,19.0,47.0,33.0,0,10,13,25
222,36,1989.0,2977.0,7.0,6.0,1,21,0,21
222,40,16.0,19.0,53.0,34.0,1,7,0,8
223,5,1641.0,3245.0,17.0,11.0,1,194,0,194
223,6,1189.0,2989.0,54.0,7.0,1,145,0,146
223,24,1317.0,2990.0,70.0,10.0,1,46,0,59
223,26,1462.0,2994.0,44.0,18.0,1,39,0,52
223,33,1527.0,2995.0,61.0,12.0,1,30,0,32
223,35,7.0,19.0,47.0,33.0,0,10,14,26
223,36,1981.0,2975.0,8.0,6.0,1,22,0,22
223,40,16.0,19.0,53.0,34.0,0,7,1,9
224,5,1642.0,3242.0,17.0,9.0,1,195,0,195
224,6,1184.0,2987.0,52.0,8.0,1,146,0,147
224,24,1310.0,2989.0,72.0,13.0,1,47,0,60
224,26,1439.0,2998.0,47.0,9.0,1,40,0,53
224,33,1544.0,2994.0,61.0,15.0,1,31,0,33
224,36,1974.0,2972.0,6.0,7.0,1,23,0,23
224,40,16.0,19.0,53.0,34.0,0,7,2,10
225,5,1647.0,3238.0,13.0,9.0,1,196,0,196
225,6,1177.0,2988.0,53.0,6.0,1,147,0,148
225,24,1277.0,2989.0,59.0,8.0,1,48,0,61
225,26,1433.0,2998.0,41.0,8.0,1,41,0,54
225,33,1544.0,2994.0,61.0,15.0,0,31,1,34
225,36,1967.0,2974.0,5.0,4.0,1,24,0,24
225,40,16.0,19.0,53.0,34.0,0,7,3,11
226,5,1645.0,3232.0,14.0,13.0,1,197,0,197
226,6,1171.0,2988.0,53.0,9.0,1,148,0,149
226,24,1237.0,2987.0,63.0,10.0,1,49,0,62
226,26,1399.0,2995.0,61.0,11.0,1,42,0,55
226,33,1544.0,2994.0,61.0,15.0,0,31,2,35
226,36,1959.0,2974.0,5.0,5.0,1,25,0,25
226,40,16.0,19.0,53.0,34.0,0,7,4,12
227,5,1644.0,3234.0,17.0,8.0,1,198,0,198
227,6,1163.0,2989.0,28.0,6.0,1,149,0,150
227,24,1265.0,2987.0,60.0,10.0,1,50,0,63
227,26,1371.0,2993.0,55.0,8.0,1,43,0,56
227,33,1544.0,2994.0,61.0,15.0,0,31,3,36
227,36,1951.0,2973.0,6.0,4.0,1,26,0,26
227,40,16.0,19.0,53.0,34.0,0,7,5,13
227,42,316.0,19.0,64.0,34.0,1,5,0,5
228,5,1646.0,3233.0,14.0,11.0,1,199,0,199
228,6,1157.0,2985.0,54.0,11.0,1,150,0,151
228,24,1256.0,2987.0,62.0,9.0,1,51,0,64
228,26,1353.0,2991.0,35.0,9.0,1,44,0,57
228,33,1544.0,2994.0,61.0,15.0,0,31,4,37
228,36,1943.0,2971.0,5.0,5.0,1,27,0,27
228,40,16.0,19.0,53.0,34.0,0,7,6,14
228,42,278.0,19.0,64.0,34.0,1,6,0,6
229,5,1647.0,3230.0,12.0,10.0,1,200,0,200
229,6,1173.0,2987.0,58.0,7.0,1,151,0,152
229,24,1278.0,2986.0,72.0,11.0,1,52,0,65
229,26,1353.0,2991.0,35.0,9.0,0,44,1,58
229,33,1512.0,2992.0,58.0,15.0,1,32,0,38
229,36,1935.0,2972.0,5.0,5.0,1,28,0,28
229,40,16.0,19.0,53.0,34.0,0,7,7,15
229,42,236.0,19.0,55.0,34.0,1,7,0,7
230,5,1650.0,3223.0,14.0,10.0,1,201,0,201
230,6,1144.0,2986.0,53.0,8.0,1,152,0,153
230,24,1278.0,2986.0,72.0,11.0,0,52,1,66
230,26,1298.0,2986.0,59.0,14.0,1,45,0,59
230,33,1483.0,2991.0,36.0,11.0,1,33,0,39
230,36,1927.0,2972.0,5.0,4.0,1,29,0,29
230,40,16.0,19.0,53.0,34.0,0,7,8,16
230,42,187.0,19.0,64.0,33.0,1,8,0,8
231,5,1647.0,3222.0,17.0,10.0,1,202,0,202
231,6,1138.0,2986.0,54.0,7.0,1,153,0,154
231,24,1266.0,2986.0,71.0,11.0,1,53,0,67
231,26,1298.0,2986.0,59.0,14.0,0,45,1,60
231,33,1446.0,2988.0,64.0,20.0,1,34,0,40
231,36,1919.0,2970.0,6.0,5.0,1,30,0,30
231,40,16.0,19.0,53.0,34.0,0,7,9,17
231,42,139.0,19.0,60.0,33.0,1,9,0,9
232,5,1647.0,3225.0,21.0,8.0,1,203,0,203
232,6,1131.0,2984.0,57.0,10.0,1,154,0,155
232,24,1258.0,2984.0,73.0,14.0,1,54,0,68
232,26,1298.0,2986.0,59.0,14.0,0,45,2,61
232,33,1405.0,2990.0,46.0,16.0,1,35,0,41
232,36,1911.0,2969.0,7.0,5.0,1,31,0,31
232,40,16.0,19.0,53.0,34.0,0,7,10,18
232,42,86.0,19.0,64.0,33.0,1,10,0,10
233,5,1649.0,3222.0,14.0,10.0,1,204,0,204
233,6,1125.0,2986.0,55.0,7.0,1,155,0,156
233,24,1250.0,2985.0,63.0,9.0,1,55,0,69
233,26,1298.0,2986.0,59.0,14.0,0,45,3,62
233,33,1383.0,2991.0,45.0,13.0,1,36,0,42
233,36,1903.0,2970.0,7.0,5.0,1,32,0,32
233,40,16.0,19.0,53.0,34.0,0,7,11,19
233,42,33.0,19.0,59.0,33.0,1,11,0,11
234,5,1652.0,3218.0,14.0,7.0,1,205,0,205
234,6,1119.0,2987.0,53.0,7.0,1,156,0,157
234,24,1244.0,2986.0,64.0,7.0,1,56,0,70
234,26,1298.0,2986.0,59.0,14.0,0,45,4,63
234,33,1348.0,2992.0,52.0,6.0,1,37,0,43
234,36,1896.0,2970.0,6.0,4.0,1,33,0,33
234,40,16.0,19.0,53.0,34.0,0,7,12,20
234,42,33.0,19.0,59.0,33.0,0,11,1,12
235,5,1658.0,3215.0,11.0,7.0,1,206,0,206
235,6,1111.0,2987.0,28.0,6.0,1,157,0,158
235,24,1244.0,2986.0,64.0,7.0,0,56,1,71
235,26,1213.0,2983.0,61.0,9.0,1,46,0,64
235,33,1313.0,2988.0,64.0,11.0,1,38,0,44
235,36,1888.0,2967.0,6.0,5.0,1,34,0,34
235,40,16.0,19.0,53.0,34.0,0,7,13,21
235,42,33.0,19.0,59.0,33.0,0,11,2,13
236,5,1650.0,3210.0,19.0,11.0,1,207,0,207
236,6,1104.0,2983.0,56.0,11.0,1,158,0,159
236,24,1232.0,2984.0,65.0,9.0,1,57,0,72
236,26,1213.0,2983.0,61.0,9.0,0,46,1,65
236,33,1313.0,2988.0,64.0,11.0,0,38,1,45
236,36,1879.0,2967.0,7.0,5.0,1,35,0,35
236,40,16.0,19.0,53.0,34.0,0,7,14,22
236,42,33.0,19.0,59.0,33.0,0,11,3,14
236,44,2116.0,2988.0,5.0,4.0,1,5,0,5
237,5,1655.0,3214.0,14.0,8.0,1,208,0,208
237,6,1099.0,2985.0,52.0,8.0,1,159,0,160
237,24,1255.0,2984.0,60.0,13.0,1,58,0,73
237,26,1167.0,2983.0,38.0,9.0,1,47,0,66
237,33,1313.0,2988.0,64.0,11.0,0,38,2,46
237,36,1871.0,2967.0,7.0,5.0,1,36,0,36
237,42,33.0,19.0,59.0,33.0,0,11,4,15
237,44,2107.0,2984.0,6.0,8.0,1,6,0,6
238,5,1654.0,3211.0,14.0,9.0,1,209,0,209
238,6,1093.0,2985.0,54.0,8.0,1,160,0,161
238,24,1222.0,2984.0,60.0,8.0,1,59,0,74
238,26,1167.0,2983.0,38.0,9.0,0,47,1,67
238,33,1405.0,2986.0,88.0,16.0,1,39,0,47
238,36,1863.0,2966.0,7.0,4.0,1,37,0,37
238,42,33.0,19.0,59.0,33.0,0,11,5,16
238,44,2097.0,2986.0,7.0,6.0,1,7,0,7
239,5,1657.0,3208.0,14.0,6.0,1,210,0,210
239,6,1087.0,2989.0,5.0,4.0,1,161,0,162
239,24,1214.0,2983.0,62.0,10.0,1,60,0,75
239,26,1108.0,2984.0,62.0,8.0,1,48,0,68
239,33,1375.0,2983.0,57.0,21.0,1,40,0,48
239,36,1855.0,2964.0,7.0,5.0,1,38,0,38
239,42,33.0,19.0,59.0,33.0,0,11,6,17
239,44,2089.0,2987.0,7.0,5.0,1,8,0,8
240,5,1659.0,3202.0,13.0,10.0,1,211,0,211
240,6,1079.0,2983.0,56.0,11.0,1,162,0,163
240,24,1311.0,2990.0,62.0,11.0,1,61,0,76
240,26,1182.0,2981.0,54.0,11.0,1,49,0,69
240,33,1452.0,2983.0,48.0,17.0,1,41,0,49
240,36,1847.0,2964.0,10.0,5.0,1,39,0,39
240,42,33.0,19.0,59.0,33.0,0,11,7,18
240,44,2081.0,2984.0,7.0,7.0,1,9,0,9
241,5,1654.0,3202.0,20.0,8.0,1,212,0,212
241,6,1073.0,2983.0,55.0,10.0,1,163,0,164
241,24,1274.0,2984.0,36.0,10.0,1,62,0,77
241,26,1141.0,2985.0,38.0,6.0,1,50,0,70
241,33,1434.0,2987.0,40.0,8.0,1,42,0,50
241,36,1838.0,2963.0,10.0,10.0,1,40,0,40
241,42,33.0,19.0,59.0,33.0,0,11,8,19
241,44,2073.0,2985.0,6.0,5.0,1,10,0,10
242,5,1657.0,3203.0,17.0,10.0,1,213,0,213
242,6,1092.0,2984.0,64.0,10.0,1,164,0,165
242,24,1331.0,2982.0,66.0,21.0,1,63,0,78
242,26,1141.0,2985.0,38.0,6.0,0,50,1,71
242,33,1410.0,2984.0,59.0,10.0,1,43,0,51
242,36,1832.0,2964.0,7.0,4.0,1,41,0,41
242,42,33.0,19.0,59.0,33.0,0,11,9,20
242,44,2064.0,2986.0,7.0,7.0,1,11,0,11
242,45,2114.0,2983.0,43.0,9.0,1,5,0,5
243,5,1660.0,3200.0,12.0,10.0,1,214,0,214
243,6,1061.0,2989.0,4.0,4.0,1,165,0,166
243,24,1263.0,2984.0,35.0,8.0,1,64,0,79
243,26,1083.0,2983.0,34.0,12.0,1,51,0,72
243,33,1402.0,2983.0,37.0,11.0,1,44,0,52
243,36,1824.0,2961.0,7.0,6.0,1,42,0,42
243,42,33.0,19.0,59.0,33.0,0,11,10,21
243,44,2057.0,2985.0,5.0,5.0,1,12,0,12
243,45,2106.0,2985.0,44.0,6.0,1,6,0,6
244,5,1661.0,3194.0,14.0,11.0,1,215,0,215
244,6,1053.0,2981.0,57.0,14.0,1,166,0,167
244,24,1263.0,2984.0,35.0,8.0,0,64,1,80
244,26,1083.0,2983.0,34.0,12.0,0,51,1,73
244,33,1369.0,2985.0,51.0,15.0,1,45,0,53
244,36,1815.0,2958.0,9.0,9.0,1,43,0,43
244,42,33.0,19.0,59.0,33.0,0,11,11,22
244,44,2049.0,2983.0,4.0,6.0,1,13,0,13
244,45,2097.0,2982.0,46.0,8.0,1,7,0,7
245,5,1661.0,3194.0,14.0,11.0,0,215,1,216
245,6,1047.0,2983.0,57.0,10.0,1,167,0,168
245,24,1231.0,2983.0,54.0,9.0,1,65,0,81
245,26,1083.0,2983.0,34.0,12.0,0,51,2,74
245,33,1329.0,2984.0,42.0,16.0,1,46,0,54
245,36,1809.0,2962.0,6.0,6.0,1,44,0,44
245,42,33.0,19.0,59.0,33.0,0,11,12,23
245,44,2041.0,2985.0,3.0,4.0,1,14,0,14
245,45,2089.0,2982.0,45.0,6.0,1,8,0,8
245,46,1150.0,2982.0,59.0,8.0,1,5,0,5
246,5,1657.0,3194.0,20.0,6.0,1,216,0,217
246,6,1039.0,2984.0,56.0,10.0,1,168,0,169
246,24,1231.0,2983.0,54.0,9.0,0,65,1,82
246,26,1083.0,2983.0,34.0,12.0,0,51,3,75
246,33,1307.0,2988.0,39.0,14.0,1,47,0,55
246,36,1799.0,2961.0,9.0,7.0,1,45,0,45
246,42,33.0,19.0,59.0,33.0,0,11,13,24
246,44,2031.0,2985.0,6.0,8.0,1,15,0,15
246,45,2080.0,2981.0,47.0,9.0,1,9,0,9
246,46,1168.0,2982.0,64.0,10.0,1,6,0,6
247,5,1661.0,3192.0,14.0,10.0,1,217,0,218
247,6,1034.0,2984.0,57.0,8.0,1,169,0,170
247,24,1231.0,2983.0,54.0,9.0,0,65,2,83
247,26,1083.0,2983.0,34.0,12.0,0,51,4,76
247,33,1307.0,2988.0,39.0,14.0,0,47,1,56
247,36,1791.0,2959.0,8.0,5.0,1,46,0,46
247,42,33.0,19.0,59.0,33.0,0,11,14,25
247,44,2022.0,2982.0,7.0,6.0,1,16,0,16
247,45,2112.0,2983.0,36.0,7.0,1,10,0,10
247,46,1162.0,2981.0,65.0,8.0,1,7,0,7
248,5,1663.0,3189.0,14.0,9.0,1,218,0,219
248,6,1027.0,2987.0,29.0,7.0,1,170,0,171
248,24,1234.0,2983.0,34.0,9.0,1,66,0,84
248,26,1083.0,2983.0,34.0,12.0,0,51,5,77
248,33,1307.0,2988.0,39.0,14.0,0,47,2,57
248,36,1783.0,2958.0,8.0,6.0,1,47,0,47
248,44,2015.0,2982.0,4.0,6.0,1,17,0,17
248,45,2105.0,2979.0,55.0,14.0,1,11,0,11
248,46,1131.0,2979.0,60.0,11.0,1,8,0,8
249,5,1666.0,3182.0,14.0,12.0,1,219,0,220
249,6,1022.0,2981.0,56.0,12.0,1,171,0,172
249,24,1208.0,2981.0,40.0,9.0,1,67,0,85
249,26,1083.0,2983.0,34.0,12.0,0,51,6,78
249,33,1307.0,2988.0,39.0,14.0,0,47,3,58
249,36,1774.0,2959.0,9.0,7.0,1,48,0,48
249,44,2002.0,2982.0,10.0,6.0,1,18,0,18
249,45,2095.0,2979.0,65.0,14.0,1,12,0,12
249,46,1151.0,2980.0,33.0,9.0,1,9,0,9
250,5,1662.0,3178.0,19.0,16.0,1,220,0,221
250,6,1015.0,2985.0,27.0,9.0,1,172,0,173
250,24,1208.0,2981.0,40.0,9.0,0,67,1,86
250,26,1083.0,2983.0,34.0,12.0,0,51,7,79
250,33,1307.0,2988.0,39.0,14.0,0,47,4,59
250,36,1767.0,2958.0,9.0,8.0,1,49,0,49
250,44,1997.0,2983.0,5.0,5.0,1,19,0,19
250,45,2087.0,2981.0,65.0,9.0,1,13,0,13
250,46,1119.0,2980.0,58.0,11.0,1,10,0,10
251,5,1658.0,3182.0,23.0,7.0,1,221,0,222
251,6,1009.0,2988.0,27.0,4.0,1,173,0,174
251,24,1208.0,2981.0,40.0,9.0,0,67,2,87
251,26,1083.0,2983.0,34.0,12.0,0,51,8,80
251,33,1307.0,2988.0,39.0,14.0,0,47,5,60
251,36,1759.0,2956.0,8.0,9.0,1,50,0,50
251,44,1988.0,2981.0,6.0,5.0,1,20,0,20
251,45,2080.0,2980.0,80.0,10.0,1,14,0,14
251,46,1139.0,2980.0,64.0,9.0,1,11,0,11
252,5,1662.0,3180.0,19.0,12.0,1,222,0,223
252,6,999.0,2981.0,60.0,12.0,1,174,0,175
252,24,1208.0,2981.0,40.0,9.0,0,67,3,88
252,26,1083.0,2983.0,34.0,12.0,0,51,9,81
252,33,1307.0,2988.0,39.0,14.0,0,47,6,61
252,36,1752.0,2957.0,7.0,5.0,1,51,0,51
252,44,1980.0,2982.0,5.0,4.0,1,21,0,21
252,45,2071.0,2976.0,60.0,16.0,1,15,0,15
252,46,1106.0,2981.0,59.0,9.0,1,12,0,12
252,47,316.0,19.0,64.0,34.0,1,5,0,5
253,5,1667.0,3177.0,10.0,6.0,1,223,0,224
253,6,992.0,2978.0,61.0,15.0,1,175,0,176
253,24,1208.0,2981.0,40.0,9.0,0,67,4,89
253,26,1083.0,2983.0,34.0,12.0,0,51,10,82
253,33,1307.0,2988.0,39.0,14.0,0,47,7,62
253,36,1743.0,2957.0,9.0,8.0,1,52,0,52
253,44,1971.0,2983.0,5.0,4.0,1,22,0,22
253,45,2022.0,2979.0,46.0,5.0,1,16,0,16
253,46,1086.0,2983.0,47.0,8.0,1,13,0,13
253,47,278.0,19.0,64.0,34.0,1,6,0,6
254,5,1671.0,3174.0,9.0,6.0,1,224,0,225
254,6,989.0,2982.0,57.0,13.0,1,176,0,177
254,24,1208.0,2981.0,40.0,9.0,0,67,5,90
254,26,1083.0,2983.0,34.0,12.0,0,51,11,83
254,33,1307.0,2988.0,39.0,14.0,0,47,8,63
254,36,1736.0,2956.0,7.0,5.0,1,53,0,53
254,44,1963.0,2982.0,5.0,4.0,1,23,0,23
254,45,2014.0,2979.0,46.0,6.0,1,17,0,17
254,46,1091.0,2980.0,61.0,11.0,1,14,0,14
254,47,236.0,19.0,55.0,34.0,1,7,0,7
255,5,1670.0,3170.0,14.0,9.0,1,225,0,226
255,6,982.0,2982.0,58.0,10.0,1,177,0,178
255,24,1208.0,2981.0,40.0,9.0,0,67,6,91
255,26,1083.0,2983.0,34.0,12.0,0,51,12,84
255,33,1307.0,2988.0,39.0,14.0,0,47,9,64
255,36,1727.0,2955.0,8.0,5.0,1,54,0,54
255,44,1955.0,2979.0,5.0,6.0,1,24,0,24
255,45,2046.0,2978.0,39.0,11.0,1,18,0,18
255,46,1053.0,2984.0,39.0,8.0,1,15,0,15
255,47,187.0,19.0,64.0,33.0,1,8,0,8
256,5,1673.0,3170.0,11.0,5.0,1,226,0,227
256,6,976.0,2981.0,58.0,13.0,1,178,0,179
256,24,1208.0,2981.0,40.0,9.0,0,67,7,92
256,26,1083.0,2983.0,34.0,12.0,0,51,13,85
256,33,1307.0,2988.0,39.0,14.0,0,47,10,65
256,36,1720.0,2956.0,8.0,4.0,1,55,0,55
256,44,1946.0,2981.0,4.0,4.0,1,25,0,25
256,45,1996.0,2975.0,46.0,9.0,1,19,0,19
256,46,1053.0,2984.0,39.0,8.0,0,15,1,16
256,47,139.0,19.0,60.0,33.0,1,9,0,9
257,5,1667.0,3167.0,17.0,6.0,1,227,0,228
257,6,970.0,2979.0,57.0,13.0,1,179,0,180
257,24,1208.0,2981.0,40.0,9.0,0,67,8,93
257,26,1083.0,2983.0,34.0,12.0,0,51,14,86
257,33,1239.0,2978.0,67.0,19.0,1,48,0,66
257,36,1711.0,2955.0,8.0,7.0,1,56,0,56
257,44,1936.0,2983.0,4.0,3.0,1,26,0,26
257,45,2029.0,2975.0,38.0,8.0,1,20,0,20
257,46,1100.0,2980.0,64.0,8.0,1,16,0,17
257,47,86.0,19.0,64.0,33.0,1,10,0,10
258,5,1668.0,3166.0,17.0,5.0,1,228,0,229
258,6,986.0,2983.0,62.0,11.0,1,180,0,181
258,24,1208.0,2981.0,40.0,9.0,0,67,9,94
258,33,1234.0,2984.0,38.0,8.0,1,49,0,67
258,36,1702.0,2955.0,9.0,5.0,1,57,0,57
258,44,1928.0,2980.0,5.0,4.0,1,27,0,27
258,45,1980.0,2978.0,46.0,6.0,1,21,0,21
258,46,1066.0,2981.0,60.0,11.0,1,17,0,18
258,47,33.0,19.0,59.0,33.0,1,11,0,11
259,5,1671.0,3163.0,15.0,5.0,1,229,0,230
259,6,955.0,2987.0,29.0,5.0,1,181,0,182
259,24,1208.0,2981.0,40.0,9.0,0,67,10,95
259,33,1226.0,2975.0,68.0,19.0,1,50,0,68
259,36,1694.0,2952.0,9.0,9.0,1,58,0,58
259,44,1919.0,2975.0,5.0,9.0,1,28,0,28
259,45,1971.0,2976.0,48.0,8.0,1,22,0,22
259,46,1089.0,2979.0,64.0,10.0,1,18,0,19
259,47,33.0,19.0,59.0,33.0,0,11,1,12
260,5,1672.0,3161.0,17.0,6.0,1,230,0,231
260,6,947.0,2981.0,61.0,12.0,1,182,0,183
260,24,1208.0,2981.0,40.0,9.0,0,67,11,96
260,33,1191.0,2980.0,61.0,6.0,1,51,0,69
260,36,1687.0,2954.0,8.0,5.0,1,59,0,59
260,44,1911.0,2980.0,5.0,5.0,1,29,0,29
260,45,1963.0,2979.0,5.0,4.0,1,23,0,23
260,46,1038.0,2980.0,50.0,11.0,1,19,0,20
260,47,33.0,19.0,59.0,33.0,0,11,2,13
261,5,1673.0,3159.0,16.0,5.0,1,231,0,232
261,6,943.0,2986.0,28.0,6.0,1,183,0,184
261,24,1208.0,2981.0,40.0,9.0,0,67,12,97
261,33,1191.0,2980.0,61.0,6.0,0,51,1,70
261,36,1679.0,2954.0,8.0,6.0,1,60,0,60
261,44,1903.0,2981.0,5.0,4.0,1,30,0,30
261,45,1954.0,2977.0,46.0,7.0,1,24,0,24
261,46,1048.0,2981.0,59.0,10.0,1,20,0,21
261,47,33.0,19.0,59.0,33.0,0,11,3,14
262,5,1673.0,3157.0,17.0,7.0,1,232,0,233
262,6,934.0,2984.0,31.0,13.0,1,184,0,185
262,24,1208.0,2981.0,40.0,9.0,0,67,13,98
262,33,1191.0,2980.0,61.0,6.0,0,51,2,71
262,36,1672.0,2953.0,7.0,5.0,1,61,0,61
262,44,1890.0,2978.0,9.0,6.0,1,31,0,31
262,45,1945.0,2976.0,47.0,7.0,1,25,0,25
262,46,1040.0,2981.0,60.0,11.0,1,21,0,22
262,47,33.0,19.0,59.0,33.0,0,11,4,15
263,5,1674.0,3154.0,17.0,5.0,1,233,0,234
263,6,930.0,2986.0,29.0,7.0,1,185,0,186
263,24,1062.0,2980.0,64.0,11.0,1,68,0,99
263,33,1191.0,2980.0,61.0,6.0,0,51,3,72
263,36,1664.0,2951.0,7.0,7.0,1,62,0,62
263,44,1883.0,2978.0,6.0,5.0,1,32,0,32
263,45,1937.0,2976.0,46.0,8.0,1,26,0,26
263,46,1001.0,2983.0,39.0,9.0,1,22,0,23
263,47,33.0,19.0,59.0,33.0,0,11,5,16
264,5,1675.0,3153.0,17.0,5.0,1,234,0,235
264,6,923.0,2983.0,61.0,10.0,1,186,0,187
264,24,1062.0,2980.0,64.0,11.0,0,68,1,100
264,33,1274.0,2974.0,86.0,12.0,1,52,0,73
264,36,1655.0,2951.0,8.0,6.0,1,63,0,63
264,44,1875.0,2980.0,6.0,4.0,1,33,0,33
264,45,1928.0,2977.0,6.0,5.0,1,27,0,27
264,46,1026.0,2981.0,61.0,10.0,1,23,0,24
264,47,33.0,19.0,59.0,33.0,0,11,6,17
265,5,1676.0,3149.0,18.0,6.0,1,235,0,236
265,6,917.0,2979.0,59.0,14.0,1,187,0,188
265,24,1048.0,2981.0,66.0,8.0,1,69,0,101
265,33,1269.0,2971.0,85.0,14.0,1,53,0,74
265,36,1646.0,2953.0,9.0,6.0,1,64,0,64
265,44,1868.0,2978.0,4.0,5.0,1,34,0,34
265,45,1920.0,2975.0,7.0,5.0,1,28,0,28
265,46,1026.0,2981.0,61.0,10.0,0,23,1,25
265,47,33.0,19.0,59.0,33.0,0,11,7,18
266,5,1679.0,3148.0,17.0,5.0,1,236,0,237
266,6,911.0,2982.0,60.0,14.0,1,188,0,189
266,24,1048.0,2981.0,66.0,8.0,0,69,1,102
266,33,1269.0,2971.0,85.0,14.0,0,53,1,75
266,36,1640.0,2952.0,6.0,5.0,1,65,0,65
266,44,1858.0,2976.0,6.0,6.0,1,35,0,35
266,45,1911.0,2976.0,47.0,5.0,1,29,0,29
266,46,1016.0,2980.0,59.0,12.0,1,24,0,26
266,47,33.0,19.0,59.0,33.0,0,11,8,19
267,5,1680.0,3145.0,16.0,5.0,1,237,0,238
267,6,902.0,2987.0,30.0,5.0,1,189,0,190
267,24,1037.0,2980.0,64.0,10.0,1,70,0,103
267,33,1269.0,2971.0,85.0,14.0,0,53,2,76
267,36,1633.0,2951.0,5.0,6.0,1,66,0,66
267,44,1850.0,2979.0,4.0,3.0,1,36,0,36
267,45,1903.0,2976.0,5.0,6.0,1,30,0,30
267,46,1016.0,2980.0,59.0,12.0,0,24,1,27
267,47,33.0,19.0,59.0,33.0,0,11,9,20
268,5,1680.0,3143.0,20.0,5.0,1,238,0,239
268,6,896.0,2982.0,64.0,11.0,1,190,0,191
268,24,1037.0,2980.0,64.0,10.0,0,70,1,104
268,33,1282.0,2973.0,45.0,7.0,1,54,0,77
268,36,1623.0,2952.0,8.0,7.0,1,67,0,67
268,44,1840.0,2979.0,7.0,5.0,1,37,0,37
268,45,1894.0,2974.0,6.0,6.0,1,31,0,31
268,46,1002.0,2981.0,59.0,10.0,1,25,0,28
268,47,33.0,19.0,59.0,33.0,0,11,10,21
269,5,1682.0,3141.0,18.0,5.0,1,239,0,240
269,6,891.0,2987.0,29.0,5.0,1,191,0,192
269,24,1037.0,2980.0,64.0,10.0,0,70,2,105
269,33,1279.0,2971.0,41.0,8.0,1,55,0,78
269,36,1616.0,2952.0,10.0,7.0,1,68,0,68
269,44,1832.0,2978.0,6.0,4.0,1,38,0,38
269,45,1885.0,2975.0,47.0,7.0,1,32,0,32
269,46,996.0,2982.0,60.0,10.0,1,26,0,29
269,47,33.0,19.0,59.0,33.0,0,11,11,22
270,5,1683.0,3138.0,18.0,6.0,1,240,0,241
270,6,882.0,2979.0,66.0,15.0,1,192,0,193
270,24,1037.0,2980.0,64.0,10.0,0,70,3,106
270,33,1279.0,2971.0,41.0,8.0,0,55,1,79
270,36,1606.0,2950.0,8.0,7.0,1,69,0,69
270,44,1823.0,2975.0,6.0,7.0,1,39,0,39
270,45,1876.0,2975.0,47.0,6.0,1,33,0,33
270,46,996.0,2982.0,60.0,10.0,0,26,1,30
270,47,33.0,19.0,59.0,33.0,0,11,12,23
271,5,1685.0,3137.0,18.0,6.0,1,241,0,242
271,6,882.0,2979.0,66.0,15.0,0,192,1,194
271,24,1009.0,2981.0,67.0,10.0,1,71,0,107
271,33,1279.0,2971.0,41.0,8.0,0,55,2,80
271,36,1601.0,2949.0,5.0,7.0,1,70,0,70
271,44,1814.0,2979.0,6.0,5.0,1,40,0,40
271,45,1866.0,2974.0,48.0,7.0,1,34,0,34
271,46,947.0,2983.0,41.0,9.0,1,27,0,31
271,47,33.0,19.0,59.0,33.0,0,11,13,24
271,50,2095.0,2974.0,35.0,8.0,1,5,0,5
272,5,1686.0,3134.0,18.0,7.0,1,242,0,243
272,6,871.0,2984.0,26.0,8.0,1,193,0,195
272,24,1003.0,2981.0,66.0,9.0,1,72,0,108
272,33,1279.0,2971.0,41.0,8.0,0,55,3,81
272,36,1591.0,2953.0,6.0,4.0,1,71,0,71
272,44,1805.0,2979.0,6.0,4.0,1,41,0,41
272,45,1858.0,2972.0,49.0,8.0,1,35,0,35
272,46,928.0,2983.0,36.0,12.0,1,28,0,32
272,47,33.0,19.0,59.0,33.0,0,11,14,25
272,50,2087.0,2971.0,35.0,9.0,1,6,0,6
273,5,1686.0,3132.0,19.0,6.0,1,243,0,244
273,6,865.0,2986.0,5.0,5.0,1,194,0,196
273,24,997.0,2981.0,68.0,9.0,1,73,0,109
273,33,1279.0,2971.0,41.0,8.0,0,55,4,82
273,36,1583.0,2951.0,8.0,6.0,1,72,0,72
273,44,1797.0,2976.0,6.0,5.0,1,42,0,42
273,45,1853.0,2976.0,3.0,2.0,1,36,0,36
273,46,924.0,2981.0,18.0,11.0,1,29,0,33
273,50,2050.0,2970.0,64.0,13.0,1,7,0,7
274,5,1687.0,3128.0,19.0,10.0,1,244,0,245
274,6,759.0,3118.0,74.0,244.0,1,195,0,197
274,24,964.0,2981.0,60.0,12.0,1,74,0,110
274,33,1279.0,2971.0,41.0,8.0,0,55,5,83
274,36,1576.0,2951.0,4.0,4.0,1,73,0,73
274,44,1787.0,2975.0,6.0,6.0,1,43,0,43
274,45,1843.0,2975.0,6.0,5.0,1,37,0,37
274,46,859.0,2981.0,63.0,11.0,1,30,0,34
274,50,2098.0,2972.0,18.0,9.0,1,8,0,8
275,5,1689.0,3129.0,19.0,6.0,1,245,0,246
275,6,759.0,3118.0,74.0,244.0,0,195,1,198
275,24,964.0,2981.0,60.0,12.0,0,74,1,111
275,33,1279.0,2971.0,41.0,8.0,0,55,6,84
275,36,1567.0,2951.0,7.0,6.0,1,74,0,74
275,44,1779.0,2977.0,6.0,6.0,1,44,0,44
275,45,1835.0,2974.0,5.0,4.0,1,38,0,38
275,46,875.0,2983.0,50.0,8.0,1,31,0,35
275,50,2064.0,2972.0,76.0,8.0,1,9,0,9
276,5,1691.0,3124.0,18.0,9.0,1,246,0,247
276,6,759.0,3118.0,74.0,244.0,0,195,2,199
276,24,976.0,2979.0,68.0,13.0,1,75,0,112
276,33,1279.0,2971.0,41.0,8.0,0,55,7,85
276,36,1554.0,2952.0,10.0,8.0,1,75,0,75
276,44,1771.0,2977.0,5.0,3.0,1,45,0,45
276,45,1826.0,2971.0,5.0,6.0,1,39,0,39
276,46,813.0,2983.0,61.0,41.0,1,32,0,36
276,50,2128.0,2973.0,32.0,8.0,1,10,0,10
277,5,1691.0,3122.0,21.0,9.0,1,247,0,248
277,6,759.0,3118.0,74.0,244.0,0,195,3,200
277,24,976.0,2979.0,68.0,13.0,0,75,1,113
277,33,1279.0,2971.0,41.0,8.0,0,55,8,86
277,36,1550.0,2951.0,7.0,5.0,1,76,0,76
277,44,1759.0,2973.0,8.0,7.0,1,46,0,46
277,45,1814.0,2973.0,49.0,7.0,1,40,0,40
277,46,806.0,2985.0,62.0,39.0,1,33,0,37
277,50,2121.0,2969.0,29.0,8.0,1,11,0,11
277,53,418.0,0.0,63.0,66.0,1,5,0,5
278,5,1693.0,3122.0,19.0,7.0,1,248,0,249
278,6,759.0,3118.0,74.0,244.0,0,195,4,201
278,24,967.0,2982.0,66.0,10.0,1,76,0,114
278,33,1279.0,2971.0,41.0,8.0,0,55,9,87
278,36,1543.0,2949.0,9.0,6.0,1,77,0,77
278,44,1750.0,2975.0,8.0,5.0,1,47,0,47
278,45,1810.0,2970.0,45.0,9.0,1,41,0,41
278,46,832.0,2985.0,28.0,7.0,1,34,0,38
278,50,2112.0,2971.0,33.0,7.0,1,12,0,12
278,53,418.0,0.0,63.0,66.0,0,5,1,6
279,5,1694.0,3119.0,18.0,9.0,1,249,0,250
279,6,759.0,3118.0,74.0,244.0,0,195,5,202
279,24,882.0,2983.0,84.0,10.0,1,77,0,115
279,33,1279.0,2971.0,41.0,8.0,0,55,10,88
279,36,1532.0,2950.0,12.0,5.0,1,78,0,78
279,44,1744.0,2977.0,8.0,7.0,1,48,0,48
279,45,1798.0,2969.0,7.0,7.0,1,42,0,42
279,46,795.0,2986.0,37.0,37.0,1,35,0,39
279,50,2103.0,2971.0,31.0,6.0,1,13,0,13
279,53,377.0,19.0,59.0,15.0,1,6,0,7
280,5,1695.0,3119.0,19.0,6.0,1,250,0,251
280,6,759.0,3118.0,74.0,244.0,0,195,6,203
280,24,952.0,2979.0,67.0,14.0,1,78,0,116
280,33,1279.0,2971.0,41.0,8.0,0,55,11,89
280,36,1522.0,2951.0,13.0,6.0,1,79,0,79
280,44,1736.0,2975.0,4.0,4.0,1,49,0,49
280,45,1791.0,2970.0,5.0,7.0,1,43,0,43
280,46,811.0,2983.0,75.0,41.0,1,36,0,40
280,50,2121.0,2967.0,35.0,10.0,1,14,0,14
280,53,364.0,19.0,64.0,26.0,1,7,0,8
280,57,1960.0,2968.0,52.0,19.0,1,5,0,5
281,5,1696.0,3117.0,18.0,6.0,1,251,0,252
281,6,759.0,3118.0,74.0,244.0,0,195,7,204
281,24,977.0,2979.0,74.0,10.0,1,79,0,117
281,33,1279.0,2971.0,41.0,8.0,0,55,12,90
281,36,1516.0,2951.0,12.0,6.0,1,80,0,80
281,44,1727.0,2972.0,5.0,6.0,1,50,0,50
281,45,1784.0,2972.0,45.0,8.0,1,44,0,44
281,46,812.0,2983.0,32.0,6.0,1,37,0,41
281,50,2088.0,2968.0,63.0,10.0,1,15,0,15
281,53,347.0,19.0,62.0,31.0,1,8,0,9
281,57,1926.0,2970.0,57.0,18.0,1,6,0,6
281,58,197.0,19.0,57.0,33.0,1,5,0,5
282,5,1697.0,3116.0,20.0,7.0,1,252,0,253
282,6,759.0,3118.0,74.0,244.0,0,195,8,205
282,24,870.0,2983.0,76.0,10.0,1,80,0,118
282,33,1279.0,2971.0,41.0,8.0,0,55,13,91
282,36,1509.0,2949.0,10.0,6.0,1,81,0,81
282,44,1719.0,2975.0,5.0,4.0,1,51,0,51
282,45,1775.0,2972.0,5.0,4.0,1,45,0,45
282,46,807.0,2983.0,30.0,8.0,1,38,0,42
282,50,2080.0,2970.0,63.0,7.0,1,16,0,16
282,53,322.0,19.0,64.0,32.0,1,9,0,10
282,57,1887.0,2969.0,62.0,17.0,1,7,0,7
282,58,138.0,19.0,61.0,33.0,1,6,0,6
283,5,1699.0,3114.0,19.0,8.0,1,253,0,254
283,6,759.0,3118.0,74.0,244.0,0,195,9,206
283,24,861.0,2984.0,79.0,8.0,1,81,0,119
283,33,1279.0,2971.0,41.0,8.0,0,55,14,92
283,36,1498.0,2949.0,10.0,6.0,1,82,0,82
283,44,1709.0,2975.0,6.0,4.0,1,52,0,52
283,45,1766.0,2967.0,6.0,9.0,1,46,0,46
283,46,800.0,2985.0,29.0,5.0,1,39,0,43
283,50,2096.0,2969.0,64.0,7.0,1,17,0,17
283,53,304.0,19.0,55.0,33.0,1,10,0,11
283,57,1920.0,2966.0,64.0,20.0,1,8,0,8
283,58,138.0,19.0,61.0,33.0,0,6,1,7
284,5,1699.0,3113.0,20.0,8.0,1,254,0,255
284,6,759.0,3118.0,74.0,244.0,0,195,10,207
284,24,926.0,2982.0,67.0,11.0,1,82,0,120
284,36,1491.0,2950.0,8.0,6.0,1,83,0,83
284,44,1701.0,2973.0,4.0,4.0,1,53,0,53
284,45,1759.0,2971.0,4.0,5.0,1,47,0,47
284,46,785.0,2983.0,38.0,36.0,1,40,0,44
284,50,2065.0,2967.0,63.0,9.0,1,18,0,18
284,53,278.0,19.0,48.0,33.0,1,11,0,12
284,57,1888.0,2969.0,55.0,19.0,1,9,0,9
284,58,37.0,19.0,55.0,33.0,1,7,0,8
285,5,1700.0,3112.0,20.0,10.0,1,255,0,256
285,6,759.0,3118.0,74.0,244.0,0,195,11,208
285,24,949.0,2981.0,62.0,8.0,1,83,0,121
285,36,1483.0,2950.0,8.0,5.0,1,84,0,84
285,44,1690.0,2968.0,7.0,8.0,1,54,0,54
285,45,1747.0,2969.0,48.0,10.0,1,48,0,48
285,46,815.0,2983.0,113.0,41.0,1,41,0,45
285,50,2054.0,2967.0,66.0,11.0,1,19,0,19
285,53,237.0,19.0,54.0,33.0,1,12,0,13
285,57,1909.0,2967.0,63.0,18.0,1,10,0,10
285,58,37.0,19.0,55.0,33.0,0,7,1,9
286,5,1703.0,3110.0,19.0,8.0,1,256,0,257
286,6,759.0,3118.0,74.0,244.0,0,195,12,209
286,24,913.0,2983.0,34.0,10.0,1,84,0,122
286,36,1476.0,2948.0,7.0,8.0,1,85,0,85
286,44,1684.0,2972.0,6.0,6.0,1,55,0,55
286,45,1737.0,2968.0,8.0,8.0,1,49,0,49
286,46,766.0,2987.0,82.0,80.0,1,42,0,46
286,50,2073.0,2968.0,79.0,7.0,1,20,0,20
286,53,203.0,19.0,51.0,33.0,1,13,0,14
286,57,1871.0,2968.0,59.0,16.0,1,11,0,11
286,58,37.0,19.0,55.0,33.0,0,7,2,10
286,62,1783.0,2969.0,62.0,10.0,1,5,0,5
287,5,1704.0,3109.0,19.0,9.0,1,257,0,258
287,6,759.0,3118.0,74.0,244.0,0,195,13,210
287,24,879.0,2984.0,57.0,8.0,1,85,0,123
287,36,1466.0,2949.0,6.0,5.0,1,86,0,86
287,44,1675.0,2972.0,5.0,6.0,1,56,0,56
287,45,1729.0,2968.0,49.0,11.0,1,50,0,50
287,46,747.0,2949.0,56.0,72.0,1,43,0,47
287,50,2065.0,2967.0,79.0,8.0,1,21,0,21
287,53,160.0,19.0,64.0,33.0,1,14,0,15
287,57,1968.0,2965.0,32.0,7.0,1,12,0,12
287,58,37.0,19.0,55.0,33.0,0,7,3,11
287,62,1848.0,2967.0,64.0,17.0,1,6,0,6
288,5,1704.0,3108.0,20.0,9.0,1,258,0,259
288,6,759.0,3118.0,74.0,244.0,0,195,14,211
288,24,901.0,2982.0,67.0,9.0,1,86,0,124
288,36,1458.0,2950.0,7.0,7.0,1,87,0,87
288,44,1666.0,2969.0,5.0,6.0,1,57,0,57
288,45,1721.0,2970.0,8.0,6.0,1,51,0,51
288,46,747.0,2949.0,56.0,72.0,0,43,1,48
288,50,2087.0,2967.0,73.0,13.0,1,22,0,22
288,53,120.0,19.0,64.0,33.0,1,15,0,16
288,57,1896.0,2967.0,52.0,17.0,1,13,0,13
288,58,37.0,19.0,55.0,33.0,0,7,4,12
288,62,1767.0,2966.0,75.0,10.0,1,7,0,7
289,5,1705.0,3108.0,19.0,9.0,1,259,0,260
289,24,901.0,2982.0,67.0,9.0,0,86,1,125
289,36,1451.0,2949.0,5.0,4.0,1,88,0,88
289,44,1656.0,2968.0,6.0,6.0,1,58,0,58
289,45,1715.0,2970.0,5.0,5.0,1,52,0,52
289,46,747.0,2949.0,56.0,72.0,0,43,2,49
289,50,2080.0,2967.0,76.0,11.0,1,23,0,23
289,53,79.0,19.0,62.0,33.0,1,16,0,17
289,57,1831.0,2966.0,64.0,18.0,1,14,0,14
289,58,37.0,19.0,55.0,33.0,0,7,5,13
289,62,1759.0,2968.0,36.0,8.0,1,8,0,8
290,5,1705.0,3107.0,21.0,10.0,1,260,0,261
290,24,947.0,2974.0,98.0,16.0,1,87,0,126
290,36,1444.0,2947.0,4.0,6.0,1,89,0,89
290,44,1646.0,2969.0,10.0,8.0,1,59,0,59
290,45,1707.0,2967.0,4.0,6.0,1,53,0,53
290,46,747.0,2949.0,56.0,72.0,0,43,3,50
290,50,2016.0,2967.0,64.0,6.0,1,24,0,24
290,53,33.0,19.0,59.0,33.0,1,17,0,18
290,57,1831.0,2966.0,64.0,18.0,0,14,1,15
290,58,37.0,19.0,55.0,33.0,0,7,6,14
290,62,1750.0,2968.0,76.0,11.0,1,9,0,9
291,5,1700.0,3106.0,27.0,16.0,1,261,0,262
291,24,880.0,2982.0,68.0,9.0,1,88,0,127
291,36,1433.0,2949.0,6.0,4.0,1,90,0,90
291,44,1640.0,2969.0,7.0,5.0,1,60,0,60
291,45,1707.0,2967.0,4.0,6.0,0,53,1,54
291,46,747.0,2949.0,56.0,72.0,0,43,4,51
291,50,2065.0,2967.0,76.0,11.0,1,25,0,25
291,53,33.0,19.0,59.0,33.0,0,17,1,19
291,57,1831.0,2966.0,64.0,18.0,0,14,2,16
291,58,37.0,19.0,55.0,33.0,0,7,7,15
291,62,1741.0,2966.0,76.0,13.0,1,10,0,10
292,5,1700.0,3106.0,27.0,16.0,1,262,0,263
292,24,873.0,2984.0,34.0,8.0,1,89,0,128
292,36,1426.0,2949.0,6.0,6.0,1,91,0,91
292,44,1632.0,2965.0,5.0,7.0,1,61,0,61
292,45,1687.0,2968.0,8.0,7.0,1,54,0,55
292,46,741.0,2948.0,68.0,72.0,1,44,0,52
292,50,2058.0,2966.0,74.0,12.0,1,26,0,26
292,53,33.0,19.0,59.0,33.0,0,17,2,20
292,57,1831.0,2966.0,64.0,18.0,0,14,3,17
292,58,37.0,19.0,55.0,33.0,0,7,8,16
292,62,1735.0,2966.0,74.0,10.0,1,11,0,11
292,66,1890.0,2965.0,42.0,7.0,1,5,0,5
293,5,1700.0,3105.0,27.0,17.0,1,263,0,264
293,24,869.0,2983.0,68.0,9.0,1,90,0,129
293,36,1419.0,2949.0,5.0,4.0,1,92,0,92
293,44,1622.0,2967.0,6.0,6.0,1,62,0,62
293,45,1678.0,2968.0,8.0,5.0,1,55,0,56
293,46,741.0,2948.0,68.0,72.0,0,44,1,53
293,50,2120.0,2966.0,29.0,10.0,1,27,0,27
293,53,33.0,19.0,59.0,33.0,0,17,3,21
293,57,1858.0,2966.0,64.0,16.0,1,15,0,18
293,58,37.0,19.0,55.0,33.0,0,7,9,17
293,62,1724.0,2966.0,36.0,11.0,1,12,0,12
293,66,2015.0,2966.0,69.0,7.0,1,6,0,6
294,5,1699.0,3105.0,29.0,17.0,1,264,0,265
294,24,863.0,2979.0,67.0,12.0,1,91,0,130
294,36,1410.0,2947.0,6.0,5.0,1,93,0,93
294,44,1612.0,2967.0,7.0,7.0,1,63,0,63
294,45,1671.0,2967.0,47.0,9.0,1,56,0,57
294,46,741.0,2948.0,68.0,72.0,0,44,2,54
294,50,2089.0,2967.0,55.0,9.0,1,28,0,28
294,53,33.0,19.0,59.0,33.0,0,17,4,22
294,57,1911.0,2964.0,33.0,7.0,1,16,0,19
294,58,37.0,19.0,55.0,33.0,0,7,10,18
294,62,1823.0,2966.0,56.0,13.0,1,13,0,13
294,66,1983.0,2964.0,65.0,8.0,1,7,0,7
295,5,1699.0,3105.0,29.0,17.0,1,265,0,266
295,24,829.0,2982.0,63.0,11.0,1,92,0,131
295,36,1401.0,2947.0,6.0,5.0,1,94,0,94
295,44,1606.0,2966.0,5.0,6.0,1,64,0,64
295,45,1663.0,2968.0,6.0,5.0,1,57,0,58
295,46,741.0,2948.0,68.0,72.0,0,44,3,55
295,50,2080.0,2967.0,54.0,10.0,1,29,0,29
295,53,33.0,19.0,59.0,33.0,0,17,5,23
295,57,1710.0,2969.0,34.0,6.0,1,17,0,20
295,58,37.0,19.0,55.0,33.0,0,7,11,19
295,62,1782.0,2962.0,64.0,19.0,1,14,0,14
295,66,2001.0,2963.0,67.0,10.0,1,8,0,8
296,5,1699.0,3104.0,28.0,18.0,1,266,0,267
296,24,817.0,2978.0,68.0,46.0,1,93,0,132
296,36,1391.0,2948.0,8.0,6.0,1,95,0,95
296,44,1594.0,2962.0,8.0,9.0,1,65,0,65
296,45,1655.0,2968.0,5.0,4.0,1,58,0,59
296,46,741.0,2948.0,68.0,72.0,0,44,4,56
296,50,2055.0,2968.0,46.0,8.0,1,30,0,30
296,53,33.0,19.0,59.0,33.0,0,17,6,24
296,57,1698.0,2966.0,36.0,8.0,1,18,0,21
296,58,37.0,19.0,55.0,33.0,0,7,12,20
296,62,1755.0,2965.0,38.0,8.0,1,15,0,15
296,66,1969.0,2963.0,63.0,9.0,1,9,0,9
297,5,1699.0,3104.0,28.0,18.0,1,267,0,268
297,24,811.0,2980.0,67.0,44.0,1,94,0,133
297,36,1383.0,2947.0,10.0,6.0,1,96,0,96
297,44,1586.0,2966.0,8.0,5.0,1,66,0,66
297,45,1647.0,2964.0,5.0,7.0,1,59,0,60
297,46,741.0,2948.0,68.0,72.0,0,44,5,57
297,50,2083.0,2967.0,34.0,7.0,1,31,0,31
297,53,33.0,19.0,59.0,33.0,0,17,7,25
297,57,1690.0,2969.0,7.0,4.0,1,19,0,22
297,58,37.0,19.0,55.0,33.0,0,7,13,21
297,62,1721.0,2966.0,64.0,10.0,1,16,0,16
297,66,1985.0,2963.0,67.0,10.0,1,10,0,10
298,5,1699.0,3104.0,28.0,18.0,1,268,0,269
298,24,811.0,2980.0,67.0,44.0,0,94,1,134
298,36,1374.0,2944.0,9.0,7.0,1,97,0,97
298,44,1579.0,2966.0,6.0,6.0,1,67,0,67
298,45,1639.0,2966.0,5.0,4.0,1,60,0,61
298,46,741.0,2948.0,68.0,72.0,0,44,6,58
298,50,2056.0,2965.0,54.0,12.0,1,32,0,32
298,53,33.0,19.0,59.0,33.0,0,17,8,26
298,57,1682.0,2963.0,77.0,14.0,1,20,0,23
298,58,37.0,19.0,55.0,33.0,0,7,14,22
298,62,1721.0,2966.0,64.0,10.0,0,16,1,17
298,66,1977.0,2963.0,68.0,7.0,1,11,0,11
299,5,1699.0,3105.0,29.0,17.0,1,269,0,270
299,24,800.0,2982.0,65.0,42.0,1,95,0,135
299,36,1366.0,2947.0,8.0,5.0,1,98,0,98
299,44,1571.0,2965.0,6.0,5.0,1,68,0,68
299,45,1628.0,2967.0,8.0,6.0,1,61,0,62
299,46,741.0,2948.0,68.0,72.0,0,44,7,59
299,50,2031.0,2965.0,46.0,10.0,1,33,0,33
299,53,33.0,19.0,59.0,33.0,0,17,9,27
299,57,1675.0,2963.0,75.0,10.0,1,21,0,24
299,62,1721.0,2966.0,64.0,10.0,0,16,2,18
299,66,1944.0,2960.0,64.0,11.0,1,12,0,12
300,5,1699.0,3105.0,29.0,17.0,1,270,0,271
300,24,822.0,2978.0,69.0,14.0,1,96,0,136
300,36,1358.0,2947.0,10.0,6.0,1,99,0,99
300,44,1561.0,2963.0,7.0,6.0,1,69,0,69
300,45,1620.0,2965.0,6.0,7.0,1,62,0,63
300,46,688.0,2944.0,46.0,40.0,1,45,0,60
300,50,2061.0,2964.0,35.0,9.0,1,34,0,34
300,53,33.0,19.0,59.0,33.0,0,17,10,28
300,57,1665.0,2965.0,63.0,8.0,1,22,0,25
300,62,1721.0,2966.0,64.0,10.0,0,16,3,19
300,66,1961.0,2963.0,69.0,8.0,1,13,0,13
300,68,1826.0,2963.0,42.0,8.0,1,5,0,5
301,5,1708.0,3105.0,18.0,11.0,1,271,0,272
301,24,787.0,2979.0,64.0,45.0,1,97,0,137
301,36,1351.0,2946.0,7.0,4.0,1,100,0,100
301,44,1551.0,2965.0,7.0,5.0,1,70,0,70
301,45,1611.0,2962.0,6.0,6.0,1,63,0,64
301,46,688.0,2944.0,46.0,40.0,0,45,1,61
301,50,2061.0,2964.0,35.0,9.0,0,34,1,35
301,53,33.0,19.0,59.0,33.0,0,17,11,29
301,57,1656.0,2964.0,65.0,10.0,1,23,0,26
301,62,1721.0,2966.0,64.0,10.0,0,16,4,20
301,66,1952.0,2963.0,69.0,9.0,1,14,0,14
301,68,1826.0,2963.0,42.0,8.0,0,5,1,6
302,5,1708.0,3106.0,19.0,10.0,1,272,0,273
302,24,779.0,2979.0,66.0,42.0,1,98,0,138
302,36,1342.0,2943.0,9.0,7.0,1,101,0,101
302,44,1545.0,2965.0,6.0,5.0,1,71,0,71
302,45,1602.0,2962.0,7.0,8.0,1,64,0,65
302,46,688.0,2944.0,46.0,40.0,0,45,2,62
302,50,2061.0,2964.0,35.0,9.0,0,34,2,36
302,53,33.0,19.0,59.0,33.0,0,17,12,30
302,57,1649.0,2961.0,75.0,14.0,1,24,0,27
302,62,1721.0,2966.0,64.0,10.0,0,16,5,21
302,66,1944.0,2961.0,69.0,8.0,1,15,0,15
302,68,1826.0,2963.0,42.0,8.0,0,5,2,7
302,69,368.0,19.0,64.0,34.0,1,5,0,5
303,5,1708.0,3107.0,20.0,9.0,1,273,0,274
303,24,779.0,2979.0,66.0,42.0,0,98,1,139
303,36,1335.0,2945.0,7.0,7.0,1,102,0,102
303,44,1537.0,2961.0,4.0,7.0,1,72,0,72
303,45,1594.0,2964.0,6.0,5.0,1,65,0,66
303,46,688.0,2944.0,46.0,40.0,0,45,3,63
303,50,2000.0,2964.0,46.0,8.0,1,35,0,37
303,53,33.0,19.0,59.0,33.0,0,17,13,31
303,57,1638.0,2960.0,78.0,13.0,1,25,0,28
303,62,1721.0,2966.0,64.0,10.0,0,16,6,22
303,66,1911.0,2961.0,62.0,7.0,1,16,0,16
303,68,1839.0,2964.0,31.0,7.0,1,6,0,8
303,69,340.0,19.0,58.0,34.0,1,6,0,6
303,71,927.0,2966.0,129.0,51.0,1,5,0,5
304,5,1708.0,3108.0,15.0,8.0,1,274,0,275
304,24,779.0,2979.0,66.0,42.0,0,98,2,140
304,36,1327.0,2945.0,6.0,6.0,1,103,0,103
304,44,1537.0,2961.0,4.0,7.0,0,72,1,73
304,45,1586.0,2961.0,5.0,6.0,1,66,0,67
304,46,663.0,2946.0,64.0,64.0,1,46,0,64
304,50,2000.0,2964.0,46.0,8.0,0,35,1,38
304,53,33.0,19.0,59.0,33.0,0,17,14,32
304,57,1631.0,2966.0,36.0,6.0,1,26,0,29
304,62,1721.0,2966.0,64.0,10.0,0,16,7,23
304,66,1928.0,2962.0,69.0,6.0,1,17,0,17
304,68,1792.0,2963.0,44.0,10.0,1,7,0,9
304,69,304.0,19.0,64.0,34.0,1,7,0,7
304,71,925.0,2975.0,58.0,11.0,1,6,0,6
305,5,1707.0,3109.0,16.0,8.0,1,275,0,276
305,24,779.0,2979.0,66.0,42.0,0,98,3,141
305,36,1319.0,2944.0,5.0,4.0,1,104,0,104
305,44,1515.0,2963.0,9.0,7.0,1,73,0,74
305,45,1586.0,2961.0,5.0,6.0,0,66,1,68
305,46,655.0,2946.0,58.0,57.0,1,47,0,65
305,50,2000.0,2964.0,46.0,8.0,0,35,2,39
305,57,1623.0,2961.0,76.0,12.0,1,27,0,30
305,62,1756.0,2962.0,54.0,11.0,1,17,0,24
305,66,1919.0,2961.0,70.0,9.0,1,18,0,18
305,68,1823.0,2963.0,33.0,10.0,1,8,0,10
305,69,304.0,19.0,64.0,34.0,0,7,1,8
305,71,920.0,2975.0,59.0,22.0,1,7,0,7
306,5,1707.0,3110.0,15.0,8.0,1,276,0,277
306,24,779.0,2979.0,66.0,42.0,0,98,4,142
306,36,1311.0,2941.0,5.0,7.0,1,105,0,105
306,44,1511.0,2962.0,10.0,7.0,1,74,0,75
306,45,1568.0,2963.0,6.0,5.0,1,67,0,69
306,46,655.0,2946.0,58.0,57.0,0,47,1,66
306,50,2000.0,2964.0,46.0,8.0,0,35,3,40
306,57,1615.0,2958.0,76.0,15.0,1,28,0,31
306,62,1693.0,2959.0,64.0,14.0,1,18,0,25
306,66,1911.0,2960.0,70.0,8.0,1,19,0,19
306,68,1775.0,2962.0,45.0,10.0,1,9,0,11
306,69,244.0,19.0,64.0,34.0,1,8,0,9
306,71,920.0,2975.0,59.0,22.0,0,7,1,8
307,5,1705.0,3111.0,15.0,7.0,1,277,0,278
307,24,779.0,2979.0,66.0,42.0,0,98,5,143
307,36,1302.0,2944.0,7.0,5.0,1,106,0,106
307,44,1498.0,2958.0,10.0,9.0,1,75,0,76
307,45,1561.0,2962.0,5.0,4.0,1,68,0,70
307,46,646.0,2945.0,68.0,64.0,1,48,0,67
307,50,2000.0,2964.0,46.0,8.0,0,35,4,41
307,57,1607.0,2964.0,35.0,8.0,1,29,0,32
307,62,1741.0,2962.0,52.0,11.0,1,19,0,26
307,66,1903.0,2961.0,69.0,7.0,1,20,0,20
307,68,1807.0,2960.0,34.0,9.0,1,10,0,12
307,69,203.0,19.0,51.0,33.0,1,9,0,10
307,71,919.0,2960.0,62.0,24.0,1,8,0,9
308,5,1704.0,3112.0,16.0,8.0,1,278,0,279
308,24,779.0,2979.0,66.0,42.0,0,98,6,144
308,36,1295.0,2943.0,6.0,5.0,1,107,0,107
308,44,1495.0,2962.0,4.0,5.0,1,76,0,77
308,45,1552.0,2959.0,5.0,6.0,1,69,0,71
308,46,638.0,2940.0,70.0,55.0,1,49,0,68
308,50,1997.0,2963.0,35.0,7.0,1,36,0,42
308,57,1599.0,2964.0,33.0,6.0,1,30,0,33
308,62,1692.0,2958.0,56.0,13.0,1,20,0,27
308,66,1895.0,2960.0,70.0,8.0,1,21,0,21
308,68,1800.0,2959.0,30.0,11.0,1,11,0,13
308,69,155.0,19.0,64.0,33.0,1,10,0,11
308,71,909.0,2947.0,64.0,37.0,1,9,0,10
309,5,1704.0,3110.0,15.0,11.0,1,279,0,280
309,24,779.0,2979.0,66.0,42.0,0,98,7,145
309,36,1286.0,2942.0,6.0,7.0,1,108,0,108
309,44,1483.0,2963.0,7.0,5.0,1,77,0,78
309,45,1543.0,2961.0,5.0,4.0,1,70,0,72
309,46,632.0,2942.0,69.0,51.0,1,50,0,69
309,50,1997.0,2963.0,35.0,7.0,0,36,1,43
309,57,1589.0,2963.0,35.0,8.0,1,31,0,34
309,62,1692.0,2958.0,56.0,13.0,0,20,1,28
309,66,1887.0,2959.0,70.0,13.0,1,22,0,22
309,68,1751.0,2959.0,46.0,14.0,1,12,0,14
309,69,110.0,19.0,60.0,33.0,1,11,0,12
309,71,909.0,2947.0,64.0,37.0,0,9,1,11
310,5,1700.0,3114.0,18.0,8.0,1,280,0,281
310,24,779.0,2979.0,66.0,42.0,0,98,8,146
310,36,1279.0,2939.0,5.0,7.0,1,109,0,109
310,44,1476.0,2961.0,4.0,4.0,1,78,0,79
310,45,1534.0,2962.0,6.0,7.0,1,71,0,73
310,46,625.0,2939.0,70.0,52.0,1,51,0,70
310,50,1997.0,2963.0,35.0,7.0,0,36,2,44
310,57,1583.0,2964.0,35.0,8.0,1,32,0,35
310,62,1717.0,2959.0,53.0,13.0,1,21,0,29
310,66,1855.0,2957.0,65.0,12.0,1,23,0,23
310,68,1782.0,2955.0,31.0,16.0,1,13,0,15
310,69,110.0,19.0,60.0,33.0,0,11,1,13
310,71,909.0,2947.0,64.0,37.0,0,9,2,12
311,5,1703.0,3114.0,15.0,8.0,1,281,0,282
311,24,779.0,2979.0,66.0,42.0,0,98,9,147
311,36,1271.0,2943.0,5.0,5.0,1,110,0,110
311,44,1467.0,2959.0,5.0,9.0,1,79,0,80
311,45,1524.0,2958.0,8.0,6.0,1,72,0,74
311,46,623.0,2943.0,65.0,47.0,1,52,0,71
311,50,1997.0,2963.0,35.0,7.0,0,36,3,45
311,57,1573.0,2959.0,65.0,11.0,1,33,0,36
311,62,1686.0,2959.0,53.0,13.0,1,22,0,30
311,66,1871.0,2960.0,70.0,8.0,1,24,0,24
311,68,1774.0,2958.0,33.0,11.0,1,14,0,16
311,69,31.0,19.0,61.0,33.0,1,12,0,14
311,71,909.0,2947.0,64.0,37.0,0,9,3,13
312,5,1704.0,3118.0,14.0,5.0,1,282,0,283
312,24,779.0,2979.0,66.0,42.0,0,98,10,148
312,36,1262.0,2939.0,7.0,9.0,1,111,0,111
312,44,1458.0,2964.0,5.0,4.0,1,80,0,81
312,45,1518.0,2959.0,5.0,4.0,1,73,0,75
312,46,615.0,2936.0,67.0,53.0,1,53,0,72
312,50,1997.0,2963.0,35.0,7.0,0,36,4,46
312,57,1563.0,2962.0,35.0,7.0,1,34,0,37
312,62,1686.0,2959.0,53.0,13.0,0,22,1,31
312,66,1838.0,2958.0,35.0,9.0,1,25,0,25
312,68,1727.0,2958.0,46.0,14.0,1,15,0,17
312,69,31.0,19.0,61.0,33.0,0,12,1,15
312,71,871.0,2931.0,136.0,57.0,1,10,0,14
313,5,1699.0,3118.0,15.0,6.0,1,283,0,284
313,24,779.0,2979.0,66.0,42.0,0,98,11,149
313,36,1255.0,2939.0,6.0,5.0,1,112,0,112
313,44,1447.0,2961.0,8.0,7.0,1,81,0,82
313,45,1507.0,2958.0,7.0,7.0,1,74,0,76
313,46,607.0,2940.0,70.0,52.0,1,54,0,73
313,50,1997.0,2963.0,35.0,7.0,0,36,5,47
313,57,1555.0,2954.0,66.0,16.0,1,35,0,38
313,62,1692.0,2958.0,53.0,15.0,1,23,0,32
313,66,1831.0,2959.0,5.0,5.0,1,26,0,26
313,68,1757.0,2959.0,36.0,12.0,1,16,0,18
313,69,31.0,19.0,61.0,33.0,0,12,2,16
313,71,866.0,2931.0,136.0,57.0,1,11,0,15
314,5,1699.0,3120.0,14.0,6.0,1,284,0,285
314,24,779.0,2979.0,66.0,42.0,0,98,12,150
314,36,1247.0,2939.0,6.0,5.0,1,113,0,113
314,44,1440.0,2960.0,6.0,5.0,1,82,0,83
314,45,1500.0,2960.0,6.0,5.0,1,75,0,77
314,46,601.0,2943.0,70.0,45.0,1,55,0,74
314,50,1997.0,2963.0,35.0,7.0,0,36,6,48
314,57,1549.0,2964.0,3.0,2.0,1,36,0,39
314,62,1661.0,2955.0,52.0,15.0,1,24,0,33
314,66,1847.0,2960.0,69.0,6.0,1,27,0,27
314,68,1749.0,2957.0,33.0,13.0,1,17,0,19
314,69,31.0,19.0,61.0,33.0,0,12,3,17
314,71,866.0,2931.0,136.0,57.0,0,11,1,16
315,5,1698.0,3122.0,13.0,5.0,1,285,0,286
315,24,779.0,2979.0,66.0,42.0,0,98,13,151
315,36,1238.0,2938.0,7.0,10.0,1,114,0,114
315,44,1440.0,2960.0,6.0,5.0,0,82,1,84
315,45,1489.0,2954.0,8.0,10.0,1,76,0,78
315,46,596.0,2939.0,69.0,49.0,1,56,0,75
315,50,1997.0,2963.0,35.0,7.0,0,36,7,49
315,57,1539.0,2957.0,66.0,11.0,1,37,0,40
315,62,1634.0,2958.0,57.0,10.0,1,25,0,34
315,66,1839.0,2959.0,70.0,9.0,1,28,0,28
315,68,1703.0,2962.0,44.0,7.0,1,18,0,20
315,69,31.0,19.0,61.0,33.0,0,12,4,18
315,71,866.0,2931.0,136.0,57.0,0,11,2,17
316,5,1695.0,3124.0,15.0,4.0,1,286,0,287
316,24,779.0,2979.0,66.0,42.0,0,98,14,152
316,36,1230.0,2940.0,7.0,7.0,1,115,0,115
316,44,1423.0,2960.0,7.0,8.0,1,83,0,85
316,45,1483.0,2959.0,5.0,4.0,1,77,0,79
316,46,591.0,2936.0,67.0,52.0,1,57,0,76
316,50,1997.0,2963.0,35.0,7.0,0,36,8,50
316,57,1530.0,2962.0,35.0,6.0,1,38,0,41
316,62,1634.0,2958.0,57.0,10.0,0,25,1,35
316,66,1831.0,2958.0,69.0,10.0,1,29,0,29
316,68,1677.0,2959.0,64.0,14.0,1,19,0,21
316,69,31.0,19.0,61.0,33.0,0,12,5,19
316,71,845.0,2930.0,140.0,59.0,1,12,0,18
317,5,1694.0,3126.0,14.0,4.0,1,287,0,288
317,36,1222.0,2938.0,7.0,6.0,1,116,0,116
317,44,1417.0,2961.0,5.0,4.0,1,84,0,86
317,45,1473.0,2959.0,7.0,7.0,1,78,0,80
317,46,587.0,2939.0,65.0,52.0,1,58,0,77
317,50,1997.0,2963.0,35.0,7.0,0,36,9,51
317,57,1522.0,2953.0,66.0,15.0,1,39,0,42
317,62,1634.0,2958.0,57.0,10.0,0,25,2,36
317,66,1823.0,2956.0,70.0,12.0,1,30,0,30
317,68,1723.0,2955.0,34.0,15.0,1,20,0,22
317,69,31.0,19.0,61.0,33.0,0,12,6,20
317,71,943.0,2959.0,107.0,13.0,1,13,0,19
318,5,1693.0,3124.0,11.0,7.0,1,288,0,289
318,36,1215.0,2936.0,6.0,8.0,1,117,0,117
318,44,1407.0,2955.0,6.0,8.0,1,85,0,87
318,45,1467.0,2959.0,5.0,4.0,1,79,0,81
318,46,576.0,2939.0,71.0,49.0,1,59,0,78
318,50,1997.0,2963.0,35.0,7.0,0,36,10,52
318,57,1515.0,2959.0,33.0,9.0,1,40,0,43
318,62,1634.0,2958.0,57.0,10.0,0,25,3,37
318,66,1815.0,2959.0,70.0,9.0,1,31,0,31
318,68,1718.0,2956.0,32.0,13.0,1,21,0,23
318,69,31.0,19.0,61.0,33.0,0,12,7,21
318,71,831.0,2932.0,142.0,56.0,1,14,0,20
319,5,1694.0,3126.0,10.0,7.0,1,289,0,290
319,36,1208.0,2939.0,8.0,7.0,1,118,0,118
319,44,1396.0,2957.0,8.0,6.0,1,86,0,88
319,45,1457.0,2954.0,6.0,8.0,1,80,0,82
319,46,574.0,2937.0,66.0,49.0,1,60,0,79
319,50,1908.0,2959.0,36.0,8.0,1,37,0,53
319,57,1506.0,2959.0,34.0,7.0,1,41,0,44
319,62,1634.0,2958.0,57.0,10.0,0,25,4,38
319,66,1784.0,2957.0,60.0,11.0,1,32,0,32
319,68,1718.0,2956.0,32.0,13.0,0,21,1,24
319,69,31.0,19.0,61.0,33.0,0,12,8,22
319,71,831.0,2932.0,142.0,56.0,0,14,1,21
320,5,1689.0,3128.0,14.0,7.0,1,290,0,291
320,36,1200.0,2938.0,8.0,7.0,1,119,0,119
320,44,1389.0,2959.0,8.0,8.0,1,87,0,89
320,45,1457.0,2954.0,6.0,8.0,0,80,1,83
320,46,565.0,2934.0,70.0,53.0,1,61,0,80
320,50,1881.0,2960.0,55.0,7.0,1,38,0,54
320,57,1495.0,2960.0,36.0,8.0,1,42,0,45
320,62,1634.0,2958.0,57.0,10.0,0,25,5,39
320,66,1799.0,2954.0,70.0,13.0,1,33,0,33
320,68,1704.0,2958.0,32.0,11.0,1,22,0,25
320,69,31.0,19.0,61.0,33.0,0,12,9,23
320,71,820.0,2929.0,143.0,59.0,1,15,0,22
321,5,1688.0,3131.0,13.0,5.0,1,291,0,292
321,36,1191.0,2937.0,6.0,5.0,1,120,0,120
321,44,1383.0,2958.0,7.0,5.0,1,88,0,90
321,45,1440.0,2959.0,6.0,7.0,1,81,0,84
321,46,563.0,2934.0,43.0,44.0,1,62,0,81
321,50,1856.0,2957.0,47.0,11.0,1,39,0,55
321,57,1488.0,2952.0,69.0,15.0,1,43,0,46
321,62,1634.0,2958.0,57.0,10.0,0,25,6,40
321,66,1766.0,2955.0,30.0,9.0,1,34,0,34
321,68,1693.0,2955.0,34.0,14.0,1,23,0,26
321,69,31.0,19.0,61.0,33.0,0,12,10,24
321,71,820.0,2929.0,143.0,59.0,0,15,1,23
322,5,1688.0,3133.0,12.0,5.0,1,292,0,293
322,36,1183.0,2937.0,5.0,5.0,1,121,0,121
322,44,1370.0,2955.0,10.0,10.0,1,89,0,91
322,45,1431.0,2958.0,7.0,7.0,1,82,0,85
322,46,563.0,2934.0,43.0,44.0,0,62,1,82
322,50,1856.0,2957.0,47.0,11.0,0,39,1,56
322,57,1479.0,2957.0,37.0,9.0,1,44,0,47
322,62,1634.0,2958.0,57.0,10.0,0,25,7,41
322,66,1783.0,2959.0,73.0,10.0,1,35,0,35
322,68,1687.0,2958.0,32.0,10.0,1,24,0,27
322,69,31.0,19.0,61.0,33.0,0,12,11,25
322,71,807.0,2930.0,147.0,58.0,1,16,0,24
323,5,1685.0,3133.0,14.0,6.0,1,293,0,294
323,36,1175.0,2938.0,7.0,7.0,1,122,0,122
323,44,1367.0,2959.0,5.0,5.0,1,90,0,92
323,45,1423.0,2955.0,6.0,7.0,1,83,0,86
323,46,563.0,2934.0,43.0,44.0,0,62,2,83
323,50,1878.0,2959.0,34.0,6.0,1,40,0,57
323,57,1470.0,2958.0,36.0,7.0,1,45,0,48
323,62,1675.0,2957.0,35.0,11.0,1,26,0,42
323,66,1839.0,2960.0,23.0,6.0,1,36,0,36
323,68,1750.0,2958.0,30.0,6.0,1,25,0,28
323,69,31.0,19.0,61.0,33.0,0,12,12,26
323,71,807.0,2930.0,147.0,58.0,0,16,1,25
324,5,1684.0,3134.0,14.0,6.0,1,294,0,295
324,36,1168.0,2937.0,7.0,7.0,1,123,0,123
324,44,1356.0,2959.0,7.0,5.0,1,91,0,93
324,45,1415.0,2959.0,5.0,4.0,1,84,0,87
324,46,563.0,2934.0,43.0,44.0,0,62,3,84
324,50,1847.0,2958.0,58.0,9.0,1,41,0,58
324,57,1462.0,2951.0,70.0,14.0,1,46,0,49
324,62,1667.0,2955.0,35.0,16.0,1,27,0,43
324,66,1839.0,2960.0,23.0,6.0,0,36,1,37
324,68,1744.0,2955.0,61.0,12.0,1,26,0,29
324,69,31.0,19.0,61.0,33.0,0,12,13,27
324,71,807.0,2930.0,147.0,58.0,0,16,2,26
325,5,1681.0,3135.0,14.0,7.0,1,295,0,296
325,36,1160.0,2935.0,6.0,6.0,1,124,0,124
325,44,1349.0,2957.0,7.0,7.0,1,92,0,94
325,45,1408.0,2958.0,4.0,5.0,1,85,0,88
325,46,563.0,2934.0,43.0,44.0,0,62,4,85
325,50,1863.0,2959.0,33.0,8.0,1,42,0,59
325,57,1455.0,2959.0,35.0,7.0,1,47,0,50
325,62,1622.0,2957.0,45.0,12.0,1,28,0,44
325,66,1839.0,2960.0,23.0,6.0,0,36,2,38
325,68,1759.0,2957.0,70.0,9.0,1,27,0,30
325,69,31.0,19.0,61.0,33.0,0,12,14,28
325,71,788.0,2931.0,149.0,88.0,1,17,0,27
326,5,1681.0,3136.0,14.0,7.0,1,296,0,297
326,36,1151.0,2936.0,7.0,8.0,1,125,0,125
326,44,1340.0,2954.0,7.0,10.0,1,93,0,95
326,45,1398.0,2955.0,5.0,6.0,1,86,0,89
326,46,563.0,2934.0,43.0,44.0,0,62,5,86
326,50,1854.0,2955.0,36.0,11.0,1,43,0,60
326,57,1446.0,2952.0,69.0,15.0,1,48,0,51
326,62,1613.0,2958.0,46.0,10.0,1,29,0,45
326,66,1839.0,2960.0,23.0,6.0,0,36,3,39
326,68,1751.0,2958.0,73.0,10.0,1,28,0,31
326,71,788.0,2931.0,149.0,88.0,0,17,1,28
327,5,1679.0,3137.0,14.0,7.0,1,297,0,298
327,36,1143.0,2936.0,9.0,8.0,1,126,0,126
327,44,1331.0,2958.0,7.0,7.0,1,94,0,96
327,45,1386.0,2954.0,9.0,7.0,1,87,0,90
327,46,563.0,2934.0,43.0,44.0,0,62,6,87
327,50,1854.0,2955.0,36.0,11.0,0,43,1,61
327,57,1440.0,2951.0,68.0,12.0,1,49,0,52
327,62,1578.0,2953.0,56.0,15.0,1,30,0,46
327,66,1646.0,2955.0,33.0,14.0,1,37,0,40
327,68,1743.0,2956.0,72.0,8.0,1,29,0,32
327,71,860.0,2959.0,67.0,22.0,1,18,0,29
327,72,350.0,19.0,64.0,34.0,1,5,0,5
328,5,1677.0,3139.0,16.0,6.0,1,298,0,299
328,36,1136.0,2935.0,9.0,9.0,1,127,0,127
328,44,1323.0,2957.0,7.0,8.0,1,95,0,97
328,45,1382.0,2959.0,4.0,5.0,1,88,0,91
328,46,563.0,2934.0,43.0,44.0,0,62,7,88
328,50,1837.0,2959.0,36.0,7.0,1,44,0,62
328,57,1428.0,2950.0,72.0,14.0,1,50,0,53
328,62,1551.0,2952.0,53.0,13.0,1,31,0,47
328,66,1632.0,2953.0,39.0,16.0,1,38,0,41
328,68,1736.0,2955.0,71.0,11.0,1,30,0,33
328,71,792.0,2918.0,64.0,64.0,1,19,0,30
328,72,318.0,19.0,64.0,34.0,1,6,0,6
329,5,1676.0,3140.0,15.0,5.0,1,299,0,300
329,36,1131.0,2935.0,5.0,5.0,1,128,0,128
329,44,1316.0,2955.0,4.0,5.0,1,96,0,98
329,45,1371.0,2957.0,8.0,6.0,1,89,0,92
329,46,563.0,2934.0,43.0,44.0,0,62,8,89
329,50,1831.0,2959.0,33.0,7.0,1,45,0,63
329,57,1453.0,2951.0,95.0,15.0,1,51,0,54
329,62,1551.0,2952.0,53.0,13.0,0,31,1,48
329,66,1631.0,2956.0,32.0,11.0,1,39,0,42
329,68,1706.0,2955.0,61.0,9.0,1,31,0,34
329,71,764.0,2929.0,153.0,90.0,1,20,0,31
329,72,281.0,19.0,60.0,34.0,1,7,0,7
330,5,1676.0,3139.0,14.0,7.0,1,300,0,301
330,36,1121.0,2935.0,8.0,5.0,1,129,0,129
330,44,1316.0,2955.0,4.0,5.0,0,96,1,99
330,45,1364.0,2952.0,6.0,8.0,1,90,0,93
330,46,563.0,2934.0,43.0,44.0,0,62,9,90
330,50,1822.0,2955.0,36.0,10.0,1,46,0,64
330,57,1411.0,2955.0,38.0,11.0,1,52,0,55
330,62,1509.0,2950.0,64.0,15.0,1,32,0,49
330,66,1623.0,2956.0,32.0,10.0,1,40,0,43
330,68,1719.0,2955.0,72.0,12.0,1,32,0,35
330,71,764.0,2929.0,153.0,90.0,0,20,1,32
330,72,239.0,19.0,52.0,34.0,1,8,0,8
331,5,1675.0,3141.0,13.0,6.0,1,301,0,302
331,36,1115.0,2936.0,9.0,8.0,1,130,0,130
331,44,1296.0,2956.0,9.0,6.0,1,97,0,100
331,45,1354.0,2954.0,8.0,6.0,1,91,0,94
331,46,503.0,2963.0,66.0,19.0,1,63,0,91
331,50,1793.0,2958.0,52.0,7.0,1,47,0,65
331,57,1407.0,2956.0,34.0,9.0,1,53,0,56
331,62,1509.0,2950.0,64.0,15.0,0,32,1,50
331,66,1616.0,2954.0,32.0,14.0,1,41,0,44
331,68,1712.0,2955.0,70.0,9.0,1,33,0,36
331,71,687.0,2957.0,77.0,58.0,1,21,0,33
331,72,191.0,19.0,63.0,34.0,1,9,0,9
332,5,1674.0,3142.0,14.0,6.0,1,302,0,303
332,36,1108.0,2934.0,9.0,5.0,1,131,0,131
332,44,1292.0,2955.0,5.0,6.0,1,98,0,101
332,45,1345.0,2956.0,9.0,8.0,1,92,0,95
332,46,496.0,2963.0,32.0,9.0,1,64,0,92
332,50,1806.0,2958.0,36.0,8.0,1,48,0,66
332,57,1397.0,2956.0,35.0,8.0,1,54,0,57
332,62,1461.0,2947.0,63.0,17.0,1,33,0,51
332,66,1607.0,2951.0,33.0,16.0,1,42,0,45
332,68,1703.0,2956.0,71.0,11.0,1,34,0,37
332,71,656.0,2969.0,64.0,11.0,1,22,0,34
332,72,147.0,19.0,60.0,33.0,1,10,0,10
333,5,1673.0,3142.0,14.0,7.0,1,303,0,304
333,36,1099.0,2931.0,8.0,8.0,1,132,0,132
333,44,1282.0,2951.0,7.0,8.0,1,99,0,102
333,45,1338.0,2955.0,8.0,6.0,1,93,0,96
333,46,491.0,2964.0,32.0,9.0,1,65,0,93
333,50,1806.0,2958.0,36.0,8.0,0,48,1,67
333,57,1419.0,2949.0,57.0,15.0,1,55,0,58
333,62,1461.0,2947.0,63.0,17.0,0,33,1,52
333,66,1599.0,2954.0,33.0,11.0,1,43,0,46
333,68,1696.0,2957.0,73.0,9.0,1,35,0,38
333,71,619.0,2970.0,70.0,10.0,1,23,0,35
333,72,105.0,19.0,55.0,33.0,1,11,0,11
334,5,1672.0,3143.0,15.0,7.0,1,304,0,305
334,36,1091.0,2934.0,8.0,4.0,1,133,0,133
334,44,1274.0,2955.0,7.0,5.0,1,100,0,103
334,45,1331.0,2952.0,6.0,8.0,1,94,0,97
334,46,487.0,2964.0,31.0,8.0,1,66,0,94
334,50,1806.0,2958.0,36.0,8.0,0,48,2,68
334,57,1378.0,2950.0,72.0,15.0,1,56,0,59
334,62,1461.0,2947.0,63.0,17.0,0,33,2,53
334,66,1590.0,2954.0,34.0,11.0,1,44,0,47
334,68,1688.0,2954.0,71.0,10.0,1,36,0,39
334,71,589.0,2970.0,63.0,13.0,1,24,0,36
334,72,48.0,19.0,64.0,33.0,1,12,0,12
335,5,1670.0,3143.0,15.0,7.0,1,305,0,306
335,36,1084.0,2934.0,10.0,6.0,1,134,0,134
335,44,1264.0,2955.0,8.0,7.0,1,101,0,104
335,45,1325.0,2956.0,4.0,5.0,1,95,0,98
335,46,482.0,2961.0,62.0,19.0,1,67,0,95
335,50,1806.0,2958.0,36.0,8.0,0,48,3,69
335,57,1374.0,2955.0,34.0,10.0,1,57,0,60
335,62,1461.0,2947.0,63.0,17.0,0,33,3,54
335,66,1579.0,2953.0,36.0,13.0,1,45,0,48
335,68,1679.0,2955.0,72.0,10.0,1,37,0,40
335,71,639.0,2967.0,38.0,9.0,1,25,0,37
335,72,7.0,19.0,47.0,33.0,1,13,0,13
336,5,1669.0,3143.0,16.0,8.0,1,306,0,307
336,36,1077.0,2931.0,10.0,8.0,1,135,0,135
336,44,1259.0,2954.0,5.0,5.0,1,102,0,105
336,45,1313.0,2956.0,7.0,7.0,1,96,0,99
336,46,475.0,2962.0,31.0,7.0,1,68,0,96
336,50,1806.0,2958.0,36.0,8.0,0,48,4,70
336,57,1363.0,2956.0,34.0,9.0,1,58,0,61
336,62,1461.0,2947.0,63.0,17.0,0,33,4,55
336,66,1544.0,2951.0,60.0,16.0,1,46,0,49
336,68,1672.0,2955.0,72.0,9.0,1,38,0,41
336,71,576.0,2966.0,64.0,15.0,1,26,0,38
336,72,7.0,19.0,47.0,33.0,0,13,1,14
337,5,1668.0,3144.0,15.0,7.0,1,307,0,308
337,36,1070.0,2931.0,6.0,5.0,1,136,0,136
337,44,1249.0,2951.0,7.0,7.0,1,103,0,106
337,45,1307.0,2955.0,5.0,4.0,1,97,0,100
337,46,471.0,2962.0,31.0,8.0,1,69,0,97
337,50,1806.0,2958.0,36.0,8.0,0,48,5,71
337,57,1355.0,2954.0,36.0,10.0,1,59,0,62
337,62,1461.0,2947.0,63.0,17.0,0,33,5,56
337,66,1566.0,2953.0,34.0,11.0,1,47,0,50
337,68,1640.0,2956.0,62.0,7.0,1,39,0,42
337,71,596.0,2966.0,71.0,15.0,1,27,0,39
337,72,7.0,19.0,47.0,33.0,0,13,2,15
338,5,1668.0,3144.0,15.0,7.0,1,308,0,309
338,36,1063.0,2933.0,6.0,4.0,1,137,0,137
338,44,1243.0,2955.0,5.0,5.0,1,104,0,107
338,45,1297.0,2951.0,7.0,8.0,1,98,0,101
338,46,465.0,2962.0,31.0,8.0,1,70,0,98
338,50,1806.0,2958.0,36.0,8.0,0,48,6,72
338,57,1347.0,2947.0,71.0,15.0,1,60,0,63
338,62,1461.0,2947.0,63.0,17.0,0,33,6,57
338,66,1558.0,2952.0,35.0,11.0,1,48,0,51
338,68,1657.0,2953.0,72.0,11.0,1,40,0,43
338,71,590.0,2969.0,70.0,12.0,1,28,0,40
338,72,7.0,19.0,47.0,33.0,0,13,3,16
338,74,766.0,3119.0,70.0,240.0,1,5,0,5
339,5,1667.0,3143.0,17.0,9.0,1,309,0,310
339,36,1051.0,2931.0,11.0,8.0,1,138,0,138
339,44,1231.0,2953.0,9.0,8.0,1,105,0,108
339,45,1288.0,2954.0,8.0,8.0,1,99,0,102
339,46,460.0,2959.0,30.0,9.0,1,71,0,99
339,50,1806.0,2958.0,36.0,8.0,0,48,7,73
339,57,1338.0,2955.0,35.0,9.0,1,61,0,64
339,62,1461.0,2947.0,63.0,17.0,0,33,7,58
339,66,1548.0,2951.0,36.0,15.0,1,49,0,52
339,68,1624.0,2954.0,32.0,6.0,1,41,0,44
339,71,585.0,2966.0,38.0,14.0,1,29,0,41
339,72,7.0,19.0,47.0,33.0,0,13,4,17
339,74,766.0,3119.0,70.0,240.0,0,5,1,6
340,5,1667.0,3145.0,17.0,7.0,1,310,0,311
340,36,1046.0,2931.0,10.0,6.0,1,139,0,139
340,44,1226.0,2951.0,6.0,6.0,1,106,0,109
340,45,1280.0,2954.0,8.0,7.0,1,100,0,103
340,46,453.0,2959.0,31.0,9.0,1,72,0,100
340,50,1806.0,2958.0,36.0,8.0,0,48,8,74
340,57,1329.0,2943.0,73.0,19.0,1,62,0,65
340,62,1461.0,2947.0,63.0,17.0,0,33,8,59
340,66,1541.0,2949.0,35.0,14.0,1,50,0,53
340,68,1640.0,2955.0,72.0,10.0,1,42,0,45
340,71,551.0,2963.0,65.0,17.0,1,30,0,42
340,72,7.0,19.0,47.0,33.0,0,13,5,18
340,74,766.0,3119.0,70.0,240.0,0,5,2,7
341,5,1666.0,3145.0,16.0,7.0,1,311,0,312
341,36,1039.0,2929.0,10.0,8.0,1,140,0,140
341,44,1226.0,2951.0,6.0,6.0,0,106,1,110
341,45,1274.0,2951.0,56.0,9.0,1,101,0,104
341,46,447.0,2960.0,34.0,9.0,1,73,0,101
341,50,1738.0,2953.0,34.0,11.0,1,49,0,75
341,57,1329.0,2943.0,73.0,19.0,0,62,1,66
341,62,1461.0,2947.0,63.0,17.0,0,33,9,60
341,66,1498.0,2950.0,40.0,12.0,1,51,0,54
341,68,1611.0,2954.0,28.0,5.0,1,43,0,46
341,71,488.0,3032.0,285.0,127.0,1,31,0,43
341,72,7.0,19.0,47.0,33.0,0,13,6,19
341,74,766.0,3119.0,70.0,240.0,0,5,3,8
342,5,1666.0,3145.0,16.0,7.0,1,312,0,313
342,36,1033.0,2930.0,7.0,7.0,1,141,0,141
342,44,1208.0,2953.0,8.0,7.0,1,107,0,111
342,45,1264.0,2951.0,8.0,7.0,1,102,0,105
342,46,443.0,2958.0,32.0,10.0,1,74,0,102
342,50,1691.0,2954.0,46.0,10.0,1,50,0,76
342,57,1317.0,2955.0,34.0,7.0,1,63,0,67
342,62,1461.0,2947.0,63.0,17.0,0,33,10,61
342,66,1525.0,2951.0,35.0,11.0,1,52,0,55
342,68,1601.0,2951.0,63.0,10.0,1,44,0,47
342,71,567.0,2967.0,68.0,13.0,1,32,0,44
342,72,7.0,19.0,47.0,33.0,0,13,7,20
342,74,766.0,3119.0,70.0,240.0,0,5,4,9
342,75,762.0,2923.0,59.0,61.0,1,5,0,5
343,5,1667.0,3145.0,15.0,7.0,1,313,0,314
343,36,1025.0,2930.0,7.0,6.0,1,142,0,142
343,44,1203.0,2950.0,5.0,7.0,1,108,0,112
343,45,1259.0,2955.0,4.0,6.0,1,103,0,106
343,46,439.0,2956.0,60.0,20.0,1,75,0,103
343,50,1683.0,2954.0,43.0,11.0,1,51,0,77
343,57,1317.0,2955.0,34.0,7.0,0,63,1,68
343,62,1306.0,2941.0,74.0,22.0,1,34,0,62
343,66,1478.0,2950.0,46.0,14.0,1,53,0,56
343,68,1596.0,2954.0,27.0,5.0,1,45,0,48
343,71,567.0,2967.0,68.0,13.0,0,32,1,45
343,72,7.0,19.0,47.0,33.0,0,13,8,21
343,74,766.0,3119.0,70.0,240.0,0,5,5,10
343,75,762.0,2923.0,59.0,61.0,0,5,1,6
343,77,197.0,19.0,57.0,33.0,1,5,0,5
344,5,1666.0,3145.0,16.0,7.0,1,314,0,315
344,36,1017.0,2929.0,7.0,5.0,1,143,0,143
344,44,1194.0,2947.0,7.0,9.0,1,109,0,113
344,45,1247.0,2953.0,9.0,8.0,1,104,0,107
344,46,433.0,2959.0,31.0,6.0,1,76,0,104
344,50,1716.0,2955.0,33.0,10.0,1,52,0,78
344,57,1301.0,2953.0,33.0,8.0,1,64,0,69
344,62,1306.0,2941.0,74.0,22.0,0,34,1,63
344,66,1509.0,2949.0,35.0,13.0,1,54,0,57
344,68,1587.0,2954.0,61.0,8.0,1,46,0,49
344,71,555.0,2963.0,69.0,13.0,1,33,0,46
344,72,7.0,19.0,47.0,33.0,0,13,9,22
344,74,766.0,3119.0,70.0,240.0,0,5,6,11
344,75,762.0,2923.0,59.0,61.0,0,5,2,7
344,77,138.0,19.0,61.0,33.0,1,6,0,6
345,5,1666.0,3144.0,17.0,8.0,1,315,0,316
345,36,1010.0,2927.0,7.0,6.0,1,144,0,144
345,44,1183.0,2948.0,10.0,9.0,1,110,0,114
345,45,1239.0,2949.0,9.0,9.0,1,105,0,108
345,46,426.0,2959.0,61.0,13.0,1,77,0,105
345,50,1666.0,2950.0,49.0,15.0,1,53,0,79
345,57,1288.0,2951.0,41.0,12.0,1,65,0,70
345,62,1306.0,2941.0,74.0,22.0,0,34,2,64
345,66,1501.0,2950.0,35.0,11.0,1,55,0,58
345,68,1579.0,2951.0,29.0,6.0,1,47,0,50
345,71,523.0,2967.0,64.0,11.0,1,34,0,47
345,72,7.0,19.0,47.0,33.0,0,13,10,23
345,74,766.0,3119.0,70.0,240.0,0,5,7,12
345,75,846.0,2954.0,70.0,13.0,1,6,0,8
345,77,138.0,19.0,61.0,33.0,0,6,1,7
346,5,1667.0,3144.0,14.0,7.0,1,316,0,317
346,36,1003.0,2928.0,7.0,6.0,1,145,0,145
346,44,1176.0,2951.0,9.0,7.0,1,111,0,115
346,45,1231.0,2950.0,12.0,10.0,1,106,0,109
346,46,423.0,2958.0,30.0,10.0,1,78,0,106
346,50,1629.0,2954.0,56.0,7.0,1,54,0,80
346,57,1285.0,2954.0,36.0,7.0,1,66,0,71
346,62,1306.0,2941.0,74.0,22.0,0,34,3,65
346,66,1493.0,2949.0,36.0,12.0,1,56,0,59
346,68,1569.0,2951.0,30.0,6.0,1,48,0,51
346,71,486.0,2964.0,62.0,12.0,1,35,0,48
346,72,7.0,19.0,47.0,33.0,0,13,11,24
346,74,766.0,3119.0,70.0,240.0,0,5,8,13
346,75,793.0,2958.0,57.0,8.0,1,7,0,9
346,77,37.0,19.0,55.0,33.0,1,7,0,8
346,79,767.0,3081.0,113.0,201.0,1,5,0,5
347,5,1666.0,3143.0,15.0,8.0,1,317,0,318
347,36,995.0,2928.0,7.0,6.0,1,146,0,146
347,44,1171.0,2950.0,6.0,6.0,1,112,0,116
347,45,1222.0,2952.0,12.0,8.0,1,107,0,110
347,46,417.0,2955.0,63.0,17.0,1,79,0,107
347,50,1691.0,2955.0,34.0,12.0,1,55,0,81
347,57,1285.0,2954.0,36.0,7.0,0,66,1,72
347,62,1274.0,2951.0,37.0,9.0,1,35,0,66
347,66,1453.0,2943.0,64.0,21.0,1,57,0,60
347,68,1562.0,2950.0,62.0,9.0,1,49,0,52
347,71,486.0,2964.0,62.0,12.0,0,35,1,49
347,72,7.0,19.0,47.0,33.0,0,13,12,25
347,74,766.0,3119.0,70.0,240.0,0,5,9,14
347,75,768.0,2954.0,59.0,32.0,1,8,0,10
347,77,37.0,19.0,55.0,33.0,0,7,1,9
347,79,767.0,3076.0,117.0,196.0,1,6,0,6
348,5,1667.0,3143.0,14.0,7.0,1,318,0,319
348,36,989.0,2927.0,5.0,5.0,1,147,0,147
348,44,1162.0,2947.0,6.0,8.0,1,113,0,117
348,45,1219.0,2951.0,15.0,9.0,1,108,0,111
348,46,411.0,2958.0,31.0,6.0,1,80,0,108
348,50,1691.0,2955.0,34.0,12.0,0,55,1,82
348,57,1268.0,2943.0,72.0,17.0,1,67,0,73
348,62,1274.0,2951.0,37.0,9.0,0,35,1,67
348,66,1476.0,2946.0,37.0,15.0,1,58,0,61
348,68,1555.0,2950.0,29.0,9.0,1,50,0,53
348,71,486.0,2964.0,62.0,12.0,0,35,2,50
348,72,7.0,19.0,47.0,33.0,0,13,13,26
348,74,766.0,3119.0,70.0,240.0,0,5,10,15
348,75,656.0,2939.0,99.0,75.0,1,9,0,11
348,77,37.0,19.0,55.0,33.0,0,7,2,10
348,79,767.0,3076.0,117.0,196.0,0,6,1,7
349,5,1668.0,3142.0,12.0,7.0,1,319,0,320
349,36,980.0,2922.0,8.0,9.0,1,148,0,148
349,44,1158.0,2951.0,4.0,4.0,1,114,0,118
349,45,1208.0,2946.0,26.0,14.0,1,109,0,112
349,46,406.0,2957.0,32.0,8.0,1,81,0,109
349,50,1635.0,2950.0,49.0,10.0,1,56,0,83
349,57,1268.0,2943.0,72.0,17.0,0,67,1,74
349,62,1274.0,2951.0,37.0,9.0,0,35,2,68
349,66,1470.0,2948.0,36.0,12.0,1,59,0,62
349,68,1547.0,2947.0,62.0,11.0,1,51,0,54
349,71,527.0,2966.0,69.0,10.0,1,36,0,51
349,72,7.0,19.0,47.0,33.0,0,13,14,27
349,74,766.0,3119.0,70.0,240.0,0,5,11,16
349,75,650.0,2937.0,103.0,77.0,1,10,0,12
349,77,37.0,19.0,55.0,33.0,0,7,3,11
349,79,767.0,3076.0,117.0,196.0,0,6,2,8
350,5,1668.0,3142.0,15.0,9.0,1,320,0,321
350,36,974.0,2927.0,7.0,6.0,1,149,0,149
350,44,1147.0,2949.0,62.0,12.0,1,115,0,119
350,45,1208.0,2946.0,26.0,14.0,0,109,1,113
350,46,403.0,2955.0,30.0,9.0,1,82,0,110
350,50,1629.0,2954.0,5.0,5.0,1,57,0,84
350,57,1254.0,2939.0,70.0,22.0,1,68,0,75
350,62,1274.0,2951.0,37.0,9.0,0,35,3,69
350,66,1464.0,2943.0,32.0,18.0,1,60,0,63
350,68,1538.0,2951.0,27.0,5.0,1,52,0,55
350,71,551.0,2965.0,64.0,10.0,1,37,0,52
350,74,766.0,3119.0,70.0,240.0,0,5,12,17
350,75,646.0,2937.0,98.0,42.0,1,11,0,13
350,77,37.0,19.0,55.0,33.0,0,7,4,12
350,79,767.0,3076.0,117.0,196.0,0,6,3,9
351,5,1668.0,3141.0,14.0,9.0,1,321,0,322
351,36,966.0,2927.0,7.0,5.0,1,150,0,150
351,44,1137.0,2947.0,60.0,9.0,1,116,0,120
351,45,1208.0,2946.0,26.0,14.0,0,109,2,114
351,46,395.0,2953.0,31.0,10.0,1,83,0,111
351,50,1587.0,2953.0,59.0,7.0,1,58,0,85
351,57,1243.0,2951.0,35.0,9.0,1,69,0,76
351,62,1274.0,2951.0,37.0,9.0,0,35,4,70
351,66,1456.0,2957.0,12.0,5.0,1,61,0,64
351,68,1531.0,2951.0,28.0,5.0,1,53,0,56
351,71,491.0,2961.0,62.0,12.0,1,38,0,53
351,74,766.0,3119.0,70.0,240.0,0,5,13,18
351,75,577.0,2935.0,164.0,77.0,1,12,0,14
351,77,37.0,19.0,55.0,33.0,0,7,5,13
351,79,767.0,3076.0,117.0,196.0,0,6,4,10
352,5,1672.0,3139.0,15.0,6.0,1,322,0,323
352,36,959.0,2925.0,7.0,5.0,1,151,0,151
352,44,1129.0,2945.0,8.0,8.0,1,117,0,121
352,45,1186.0,2948.0,6.0,7.0,1,110,0,115
352,46,391.0,2955.0,30.0,7.0,1,84,0,112
352,50,1579.0,2952.0,39.0,7.0,1,59,0,86
352,57,1234.0,2950.0,38.0,11.0,1,70,0,77
352,62,1274.0,2951.0,37.0,9.0,0,35,5,71
352,66,1446.0,2946.0,35.0,15.0,1,62,0,65
352,68,1524.0,2949.0,28.0,7.0,1,54,0,57
352,71,509.0,2963.0,39.0,4.0,1,39,0,54
352,74,766.0,3119.0,70.0,240.0,0,5,14,19
352,75,577.0,2935.0,164.0,77.0,0,12,1,15
352,77,37.0,19.0,55.0,33.0,0,7,6,14
352,79,767.0,3076.0,117.0,196.0,0,6,5,11
352,80,354.0,19.0,60.0,34.0,1,5,0,5
353,5,1671.0,3132.0,16.0,13.0,1,323,0,324
353,36,952.0,2924.0,8.0,6.0,1,152,0,152
353,44,1123.0,2946.0,8.0,8.0,1,118,0,122
353,45,1186.0,2948.0,6.0,7.0,0,110,1,116
353,46,385.0,2956.0,32.0,8.0,1,85,0,113
353,50,1579.0,2952.0,39.0,7.0,0,59,1,87
353,57,1227.0,2951.0,37.0,9.0,1,71,0,78
353,62,1274.0,2951.0,37.0,9.0,0,35,6,72
353,66,1403.0,2949.0,43.0,12.0,1,63,0,66
353,68,1514.0,2947.0,64.0,9.0,1,55,0,58
353,71,483.0,2963.0,29.0,11.0,1,40,0,55
353,75,577.0,2935.0,164.0,77.0,0,12,2,16
353,77,37.0,19.0,55.0,33.0,0,7,7,15
353,79,767.0,3076.0,117.0,196.0,0,6,6,12
353,80,323.0,19.0,64.0,34.0,1,6,0,6
354,5,1677.0,3138.0,12.0,8.0,1,324,0,325
354,36,944.0,2924.0,8.0,6.0,1,153,0,153
354,44,1115.0,2946.0,58.0,10.0,1,119,0,123
354,45,1186.0,2948.0,6.0,7.0,0,110,2,117
354,46,378.0,2955.0,61.0,13.0,1,86,0,114
354,50,1637.0,2954.0,35.0,10.0,1,60,0,88
354,57,1219.0,2935.0,77.0,25.0,1,72,0,79
354,62,1274.0,2951.0,37.0,9.0,0,35,7,73
354,66,1433.0,2941.0,34.0,19.0,1,64,0,67
354,68,1529.0,2946.0,41.0,10.0,1,56,0,59
354,71,460.0,2960.0,22.0,5.0,1,41,0,56
354,75,577.0,2935.0,164.0,77.0,0,12,3,17
354,77,37.0,19.0,55.0,33.0,0,7,8,16
354,79,767.0,3076.0,117.0,196.0,0,6,7,13
354,80,287.0,19.0,64.0,34.0,1,7,0,7
355,5,1674.0,3135.0,12.0,10.0,1,325,0,326
355,36,938.0,2922.0,7.0,8.0,1,154,0,154
355,44,1110.0,2944.0,6.0,7.0,1,120,0,124
355,45,1165.0,2949.0,5.0,5.0,1,111,0,118
355,46,375.0,2952.0,61.0,17.0,1,87,0,115
355,50,1588.0,2949.0,50.0,12.0,1,61,0,89
355,57,1215.0,2938.0,72.0,19.0,1,73,0,80
355,62,1274.0,2951.0,37.0,9.0,0,35,8,74
355,66,1378.0,2947.0,51.0,16.0,1,65,0,68
355,68,1499.0,2949.0,29.0,7.0,1,57,0,60
355,71,525.0,2959.0,61.0,13.0,1,42,0,57
355,75,577.0,2935.0,164.0,77.0,0,12,4,18
355,77,37.0,19.0,55.0,33.0,0,7,9,17
355,79,767.0,3076.0,117.0,196.0,0,6,8,14
355,80,247.0,19.0,64.0,33.0,1,8,0,8
356,5,1676.0,3133.0,12.0,6.0,1,326,0,327
356,36,931.0,2921.0,6.0,7.0,1,155,0,155
356,44,1110.0,2944.0,6.0,7.0,0,120,1,125
356,45,1165.0,2949.0,5.0,5.0,0,111,1,119
356,46,370.0,2954.0,58.0,12.0,1,88,0,116
356,50,1621.0,2950.0,38.0,11.0,1,62,0,90
356,57,1205.0,2938.0,74.0,22.0,1,74,0,81
356,62,1154.0,2946.0,10.0,7.0,1,36,0,75
356,66,1415.0,2942.0,37.0,21.0,1,66,0,69
356,68,1492.0,2944.0,63.0,13.0,1,58,0,61
356,71,488.0,2959.0,68.0,13.0,1,43,0,58
356,75,577.0,2935.0,164.0,77.0,0,12,5,19
356,77,37.0,19.0,55.0,33.0,0,7,10,18
356,79,767.0,3076.0,117.0,196.0,0,6,9,15
356,80,205.0,19.0,49.0,34.0,1,9,0,9
357,5,1677.0,3127.0,15.0,10.0,1,327,0,328
357,36,923.0,2920.0,7.0,8.0,1,156,0,156
357,44,1093.0,2946.0,8.0,8.0,1,121,0,126
357,45,1147.0,2948.0,9.0,6.0,1,112,0,120
357,46,362.0,2954.0,71.0,15.0,1,89,0,117
357,50,1621.0,2950.0,38.0,11.0,0,62,1,91
357,57,1198.0,2952.0,39.0,8.0,1,75,0,82
357,62,1154.0,2946.0,10.0,7.0,0,36,1,76
357,66,1358.0,2945.0,56.0,15.0,1,67,0,70
357,68,1509.0,2945.0,71.0,15.0,1,59,0,62
357,71,447.0,2962.0,43.0,10.0,1,44,0,59
357,75,577.0,2935.0,164.0,77.0,0,12,6,20
357,77,37.0,19.0,55.0,33.0,0,7,11,19
357,79,767.0,3076.0,117.0,196.0,0,6,10,16
357,80,153.0,19.0,64.0,34.0,1,10,0,10
358,5,1674.0,3130.0,20.0,7.0,1,328,0,329
358,36,915.0,2920.0,8.0,10.0,1,157,0,157
358,44,1087.0,2946.0,8.0,7.0,1,122,0,127
358,45,1139.0,2948.0,11.0,7.0,1,113,0,121
358,46,359.0,2954.0,33.0,8.0,1,90,0,118
358,50,1567.0,2950.0,48.0,9.0,1,63,0,92
358,57,1190.0,2932.0,75.0,28.0,1,76,0,83
358,62,1154.0,2946.0,10.0,7.0,0,36,2,77
358,66,1402.0,2939.0,34.0,22.0,1,68,0,71
358,68,1477.0,2948.0,29.0,8.0,1,60,0,63
358,71,409.0,2958.0,42.0,11.0,1,45,0,60
358,75,577.0,2935.0,164.0,77.0,0,12,7,21
358,77,37.0,19.0,55.0,33.0,0,7,12,20
358,79,767.0,3076.0,117.0,196.0,0,6,11,17
358,80,105.0,19.0,63.0,34.0,1,11,0,11
359,5,1678.0,3131.0,15.0,9.0,1,329,0,330
359,36,909.0,2920.0,7.0,10.0,1,158,0,158
359,44,1079.0,2943.0,9.0,7.0,1,123,0,128
359,45,1135.0,2949.0,6.0,5.0,1,114,0,122
359,46,355.0,2951.0,53.0,13.0,1,91,0,119
359,50,1597.0,2950.0,38.0,12.0,1,64,0,93
359,57,1183.0,2948.0,37.0,8.0,1,77,0,84
359,62,1154.0,2946.0,10.0,7.0,0,36,3,78
359,66,1393.0,2946.0,35.0,13.0,1,69,0,72
359,68,1470.0,2946.0,28.0,11.0,1,61,0,64
359,71,471.0,2959.0,68.0,11.0,1,46,0,61
359,75,577.0,2935.0,164.0,77.0,0,12,8,22
359,77,37.0,19.0,55.0,33.0,0,7,13,21
359,79,767.0,3076.0,117.0,196.0,0,6,12,18
359,80,105.0,19.0,63.0,34.0,0,11,1,12
360,5,1679.0,3126.0,15.0,10.0,1,330,0,331
360,36,903.0,2919.0,10.0,10.0,1,159,0,159
360,44,1075.0,2946.0,5.0,4.0,1,124,0,129
360,45,1135.0,2949.0,6.0,5.0,0,114,1,123
360,46,347.0,2952.0,36.0,8.0,1,92,0,120
360,50,1550.0,2950.0,51.0,8.0,1,65,0,94
360,57,1174.0,2934.0,76.0,25.0,1,78,0,85
360,62,1154.0,2946.0,10.0,7.0,0,36,4,79
360,66,1346.0,2945.0,44.0,14.0,1,70,0,73
360,68,1460.0,2944.0,25.0,8.0,1,62,0,65
360,71,467.0,2959.0,67.0,13.0,1,47,0,62
360,75,577.0,2935.0,164.0,77.0,0,12,9,23
360,77,37.0,19.0,55.0,33.0,0,7,14,22
360,79,767.0,3076.0,117.0,196.0,0,6,13,19
360,80,17.0,19.0,64.0,34.0,1,12,0,13
361,5,1685.0,3123.0,12.0,10.0,1,331,0,332
361,36,895.0,2919.0,10.0,9.0,1,160,0,160
361,44,1064.0,2942.0,8.0,10.0,1,125,0,130
361,45,1116.0,2947.0,9.0,9.0,1,115,0,124
361,46,344.0,2954.0,33.0,7.0,1,93,0,121
361,50,1543.0,2947.0,49.0,13.0,1,66,0,95
361,57,1172.0,2934.0,71.0,24.0,1,79,0,86
361,62,1154.0,2946.0,10.0,7.0,0,36,5,80
361,66,1376.0,2938.0,36.0,20.0,1,71,0,74
361,68,1451.0,2948.0,10.0,8.0,1,63,0,66
361,71,492.0,2959.0,62.0,13.0,1,48,0,63
361,75,577.0,2935.0,164.0,77.0,0,12,10,24
361,79,767.0,3076.0,117.0,196.0,0,6,14,20
361,80,17.0,19.0,64.0,34.0,0,12,1,14
362,5,1680.0,3120.0,18.0,11.0,1,332,0,333
362,36,887.0,2921.0,8.0,9.0,1,161,0,161
362,44,1059.0,2945.0,5.0,4.0,1,126,0,131
362,45,1109.0,2947.0,9.0,6.0,1,116,0,125
362,46,339.0,2953.0,33.0,8.0,1,94,0,122
362,50,1543.0,2947.0,49.0,13.0,0,66,1,96
362,57,1161.0,2931.0,75.0,27.0,1,80,0,87
362,62,1154.0,2946.0,10.0,7.0,0,36,6,81
362,66,1322.0,2939.0,54.0,21.0,1,72,0,75
362,68,1400.0,2942.0,54.0,10.0,1,64,0,67
362,71,459.0,2959.0,65.0,8.0,1,49,0,64
362,75,577.0,2935.0,164.0,77.0,0,12,11,25
362,79,679.0,2932.0,42.0,46.0,1,7,0,21
362,80,17.0,19.0,64.0,34.0,0,12,2,15
363,5,1681.0,3123.0,17.0,12.0,1,333,0,334
363,36,881.0,2921.0,8.0,7.0,1,162,0,162
363,44,1059.0,2945.0,5.0,4.0,0,126,1,132
363,45,1103.0,2943.0,8.0,8.0,1,117,0,126
363,46,339.0,2953.0,33.0,8.0,0,94,1,123
363,50,1499.0,2949.0,55.0,8.0,1,67,0,97
363,57,1154.0,2935.0,74.0,22.0,1,81,0,88
363,62,1051.0,2941.0,7.0,8.0,1,37,0,82
363,66,1292.0,2934.0,58.0,23.0,1,73,0,76
363,68,1364.0,2941.0,36.0,19.0,1,65,0,68
363,71,455.0,2959.0,65.0,9.0,1,50,0,65
363,75,335.0,2951.0,58.0,16.0,1,13,0,26
363,79,672.0,2959.0,32.0,21.0,1,8,0,22
363,80,17.0,19.0,64.0,34.0,0,12,3,16
364,5,1687.0,3121.0,11.0,8.0,1,334,0,335
364,36,874.0,2916.0,8.0,10.0,1,163,0,163
364,44,1047.0,2947.0,4.0,3.0,1,127,0,133
364,45,1100.0,2949.0,4.0,3.0,1,118,0,127
364,46,339.0,2953.0,33.0,8.0,0,94,2,124
364,50,1455.0,2943.0,70.0,15.0,1,68,0,98
364,57,1175.0,2950.0,8.0,6.0,1,82,0,89
364,62,1051.0,2941.0,7.0,8.0,0,37,1,83
364,66,1215.0,2933.0,58.0,20.0,1,74,0,77
364,68,1316.0,2942.0,45.0,16.0,1,66,0,69
364,71,449.0,2960.0,37.0,8.0,1,51,0,66
364,75,330.0,2950.0,29.0,8.0,1,14,0,27
364,79,668.0,2928.0,63.0,62.0,1,9,0,23
364,80,17.0,19.0,64.0,34.0,0,12,4,17
365,5,1693.0,3117.0,10.0,7.0,1,335,0,336
365,36,866.0,2918.0,8.0,8.0,1,164,0,164
365,44,1035.0,2943.0,8.0,7.0,1,128,0,134
365,45,1087.0,2947.0,9.0,7.0,1,119,0,128
365,46,324.0,2952.0,61.0,10.0,1,95,0,125
365,50,1455.0,2943.0,70.0,15.0,0,68,1,99
365,57,1139.0,2931.0,76.0,26.0,1,83,0,90
365,62,1051.0,2941.0,7.0,8.0,0,37,2,84
365,66,1215.0,2933.0,58.0,20.0,0,74,1,78
365,68,1351.0,2936.0,32.0,22.0,1,67,0,70
365,71,449.0,2960.0,37.0,8.0,0,51,1,67
365,75,330.0,2950.0,29.0,8.0,0,14,1,28
365,79,663.0,2930.0,59.0,79.0,1,10,0,24
365,80,17.0,19.0,64.0,34.0,0,12,5,18
366,5,1690.0,3111.0,13.0,12.0,1,336,0,337
366,36,861.0,2918.0,7.0,10.0,1,165,0,165
366,44,1030.0,2942.0,10.0,6.0,1,129,0,135
366,45,1083.0,2946.0,5.0,4.0,1,120,0,129
366,46,319.0,2950.0,34.0,10.0,1,96,0,126
366,50,1415.0,2940.0,62.0,12.0,1,69,0,100
366,57,1135.0,2926.0,72.0,30.0,1,84,0,91
366,62,1051.0,2941.0,7.0,8.0,0,37,3,85
366,66,1271.0,2935.0,58.0,24.0,1,75,0,79
366,68,1339.0,2938.0,38.0,23.0,1,68,0,71
366,71,441.0,2955.0,64.0,11.0,1,52,0,68
366,75,330.0,2950.0,29.0,8.0,0,14,2,29
366,79,659.0,2927.0,60.0,71.0,1,11,0,25
366,80,17.0,19.0,64.0,34.0,0,12,6,19
367,5,1687.0,3115.0,19.0,7.0,1,337,0,338
367,36,855.0,2918.0,7.0,6.0,1,166,0,166
367,44,1021.0,2939.0,11.0,9.0,1,130,0,136
367,45,1073.0,2943.0,8.0,7.0,1,121,0,130
367,46,314.0,2951.0,33.0,7.0,1,97,0,127
367,50,1406.0,2942.0,32.0,8.0,1,70,0,101
367,57,1126.0,2931.0,74.0,26.0,1,85,0,92
367,62,1051.0,2941.0,7.0,8.0,0,37,4,86
367,66,1262.0,2930.0,58.0,28.0,1,76,0,80
367,68,1335.0,2940.0,34.0,17.0,1,69,0,72
367,71,415.0,2959.0,54.0,10.0,1,53,0,69
367,75,330.0,2950.0,29.0,8.0,0,14,3,30
367,79,655.0,2937.0,60.0,70.0,1,12,0,26
367,80,17.0,19.0,64.0,34.0,0,12,7,20
367,82,1539.0,2943.0,37.0,18.0,1,5,0,5
368,5,1690.0,3111.0,14.0,11.0,1,338,0,339
368,36,847.0,2915.0,8.0,9.0,1,167,0,167
368,44,1016.0,2945.0,7.0,4.0,1,131,0,137
368,45,1071.0,2948.0,3.0,4.0,1,122,0,131
368,46,313.0,2953.0,29.0,5.0,1,98,0,128
368,50,1399.0,2942.0,65.0,12.0,1,71,0,102
368,57,1121.0,2930.0,72.0,28.0,1,86,0,93
368,62,1051.0,2941.0,7.0,8.0,0,37,5,87
368,66,1264.0,2937.0,50.0,23.0,1,77,0,81
368,68,1327.0,2939.0,35.0,18.0,1,70,0,73
368,71,394.0,2957.0,45.0,11.0,1,54,0,70
368,75,330.0,2950.0,29.0,8.0,0,14,4,31
368,79,651.0,2927.0,60.0,62.0,1,13,0,27
368,80,17.0,19.0,64.0,34.0,0,12,8,21
368,82,1534.0,2947.0,33.0,13.0,1,6,0,6
369,5,1694.0,3107.0,10.0,9.0,1,339,0,340
369,36,784.0,2924.0,64.0,39.0,1,168,0,168
369,44,1006.0,2943.0,9.0,8.0,1,132,0,138
369,45,1058.0,2945.0,9.0,7.0,1,123,0,132
369,46,363.0,2956.0,53.0,9.0,1,99,0,129
369,50,1396.0,2943.0,22.0,7.0,1,72,0,103
369,57,1110.0,2927.0,77.0,29.0,1,87,0,94
369,62,1051.0,2941.0,7.0,8.0,0,37,6,88
369,66,1210.0,2932.0,64.0,21.0,1,78,0,82
369,68,1320.0,2935.0,35.0,23.0,1,71,0,74
369,71,429.0,2959.0,60.0,9.0,1,55,0,71
369,75,302.0,2952.0,37.0,7.0,1,15,0,32
369,79,645.0,2928.0,61.0,48.0,1,14,0,28
369,80,17.0,19.0,64.0,34.0,0,12,9,22
369,82,1501.0,2944.0,57.0,16.0,1,7,0,7
370,5,1699.0,3103.0,12.0,10.0,1,340,0,341
370,36,781.0,2951.0,3.0,2.0,1,169,0,169
370,44,1002.0,2939.0,6.0,8.0,1,133,0,139
370,45,1052.0,2943.0,7.0,7.0,1,124,0,133
370,46,363.0,2956.0,53.0,9.0,0,99,1,130
370,50,1387.0,2939.0,62.0,13.0,1,73,0,104
370,57,1105.0,2927.0,75.0,29.0,1,88,0,95
370,62,834.0,2918.0,8.0,8.0,1,38,0,89
370,66,1183.0,2927.0,62.0,25.0,1,79,0,83
370,68,1252.0,2931.0,64.0,29.0,1,72,0,75
370,71,425.0,2955.0,57.0,11.0,1,56,0,72
370,75,299.0,2951.0,10.0,6.0,1,16,0,33
370,79,642.0,2927.0,60.0,49.0,1,15,0,29
370,80,17.0,19.0,64.0,34.0,0,12,10,23
370,82,1474.0,2939.0,51.0,18.0,1,8,0,8
371,5,1696.0,3101.0,16.0,10.0,1,341,0,342
371,36,781.0,2951.0,3.0,2.0,0,169,1,170
371,44,993.0,2939.0,8.0,8.0,1,134,0,140
371,45,1042.0,2942.0,10.0,7.0,1,125,0,134
371,46,343.0,2954.0,47.0,11.0,1,100,0,131
371,50,1470.0,2944.0,26.0,12.0,1,74,0,105
371,57,1099.0,2926.0,73.0,27.0,1,89,0,96
371,62,800.0,2915.0,36.0,43.0,1,39,0,90
371,66,1220.0,2929.0,53.0,24.0,1,80,0,84
371,68,1302.0,2939.0,42.0,18.0,1,73,0,76
371,71,445.0,2958.0,58.0,11.0,1,57,0,73
371,75,295.0,2950.0,33.0,6.0,1,17,0,34
371,79,635.0,2924.0,63.0,47.0,1,16,0,30
371,80,17.0,19.0,64.0,34.0,0,12,11,24
371,82,1507.0,2939.0,37.0,18.0,1,9,0,9
372,5,1703.0,3104.0,11.0,12.0,1,342,0,343
372,36,821.0,2912.0,9.0,13.0,1,170,0,171
372,44,987.0,2942.0,9.0,6.0,1,135,0,141
372,45,1039.0,2945.0,6.0,7.0,1,126,0,135
372,46,343.0,2954.0,47.0,11.0,0,100,1,132
372,50,1394.0,2941.0,41.0,13.0,1,75,0,106
372,57,1088.0,2927.0,76.0,29.0,1,90,0,97
372,62,800.0,2915.0,36.0,43.0,0,39,1,91
372,66,1220.0,2929.0,53.0,24.0,0,80,1,85
372,68,1302.0,2939.0,42.0,18.0,0,73,1,77
372,71,415.0,2958.0,34.0,6.0,1,58,0,74
372,75,291.0,2951.0,33.0,6.0,1,18,0,35
372,79,633.0,2924.0,59.0,48.0,1,17,0,31
372,80,17.0,19.0,64.0,34.0,0,12,12,25
372,82,1459.0,2943.0,51.0,13.0,1,10,0,10
373,5,1703.0,3102.0,11.0,8.0,1,343,0,344
373,36,815.0,2917.0,8.0,8.0,1,171,0,172
373,44,979.0,2942.0,9.0,7.0,1,136,0,142
373,45,1039.0,2945.0,6.0,7.0,0,126,1,136
373,46,332.0,2952.0,48.0,9.0,1,101,0,133
373,50,1454.0,2943.0,27.0,9.0,1,76,0,107
373,57,1082.0,2923.0,77.0,30.0,1,91,0,98
373,62,800.0,2915.0,36.0,43.0,0,39,2,92
373,66,1220.0,2929.0,53.0,24.0,0,80,2,86
373,68,1287.0,2934.0,40.0,26.0,1,74,0,78
373,71,391.0,2957.0,53.0,6.0,1,59,0,75
373,75,285.0,2950.0,35.0,8.0,1,19,0,36
373,79,626.0,2925.0,62.0,44.0,1,18,0,32
373,80,17.0,19.0,64.0,34.0,0,12,13,26
373,82,1494.0,2942.0,37.0,16.0,1,11,0,11
374,5,1707.0,3099.0,11.0,5.0,1,344,0,345
374,36,810.0,2917.0,7.0,8.0,1,172,0,173
374,44,974.0,2938.0,6.0,8.0,1,137,0,143
374,45,1023.0,2939.0,8.0,9.0,1,127,0,137
374,46,332.0,2952.0,48.0,9.0,0,101,1,134
374,50,1445.0,2939.0,52.0,17.0,1,77,0,108
374,57,1074.0,2924.0,78.0,28.0,1,92,0,99
374,62,800.0,2915.0,36.0,43.0,0,39,3,93
374,66,1221.0,2931.0,48.0,24.0,1,81,0,87
374,68,1283.0,2937.0,36.0,21.0,1,75,0,79
374,71,391.0,2957.0,53.0,6.0,0,59,1,76
374,75,280.0,2952.0,35.0,5.0,1,20,0,37
374,79,625.0,2923.0,59.0,45.0,1,19,0,33
374,80,17.0,19.0,64.0,34.0,0,12,14,27
374,82,1494.0,2942.0,37.0,16.0,0,11,1,12
375,5,1710.0,3094.0,12.0,10.0,1,345,0,346
375,36,784.0,2915.0,65.0,42.0,1,173,0,174
375,44,932.0,2907.0,42.0,39.0,1,138,0,144
375,45,1015.0,2942.0,9.0,6.0,1,128,0,138
375,46,322.0,2953.0,49.0,9.0,1,102,0,135
375,50,1376.0,2940.0,69.0,13.0,1,78,0,109
375,57,1066.0,2943.0,40.0,10.0,1,93,0,100
375,62,800.0,2915.0,36.0,43.0,0,39,4,94
375,66,1167.0,2928.0,64.0,24.0,1,82,0,88
375,68,1275.0,2935.0,39.0,22.0,1,76,0,80
375,71,391.0,2957.0,53.0,6.0,0,59,2,77
375,75,275.0,2951.0,34.0,5.0,1,21,0,38
375,79,618.0,2923.0,64.0,45.0,1,20,0,34
375,82,1479.0,2938.0,36.0,18.0,1,12,0,13
376,5,1707.0,3093.0,13.0,9.0,1,346,0,347
376,36,796.0,2913.0,9.0,8.0,1,174,0,175
376,44,958.0,2941.0,10.0,7.0,1,139,0,145
376,45,1009.0,2942.0,8.0,9.0,1,129,0,139
376,46,322.0,2953.0,49.0,9.0,0,102,1,136
376,50,1365.0,2942.0,41.0,10.0,1,79,0,110
376,57,1061.0,2925.0,77.0,29.0,1,94,0,101
376,62,800.0,2915.0,36.0,43.0,0,39,5,95
376,66,1167.0,2928.0,64.0,24.0,0,82,1,89
376,68,1218.0,2930.0,57.0,27.0,1,77,0,81
376,71,391.0,2957.0,53.0,6.0,0,59,3,78
376,75,299.0,2950.0,55.0,12.0,1,22,0,39
376,79,615.0,2924.0,60.0,44.0,1,21,0,35
376,82,1435.0,2941.0,49.0,11.0,1,13,0,14
377,5,1711.0,3094.0,15.0,12.0,1,347,0,348
377,36,791.0,2917.0,9.0,8.0,1,175,0,176
377,44,953.0,2941.0,9.0,5.0,1,140,0,146
377,45,1009.0,2942.0,8.0,9.0,0,129,1,140
377,46,322.0,2953.0,49.0,9.0,0,102,2,137
377,50,1338.0,2935.0,59.0,15.0,1,80,0,111
377,57,1055.0,2922.0,76.0,30.0,1,95,0,102
377,62,800.0,2915.0,36.0,43.0,0,39,6,96
377,66,1179.0,2927.0,62.0,27.0,1,83,0,90
377,68,1259.0,2934.0,40.0,24.0,1,78,0,82
377,71,393.0,2955.0,58.0,9.0,1,60,0,79
377,75,265.0,2951.0,51.0,7.0,1,23,0,40
377,79,612.0,2924.0,60.0,41.0,1,22,0,36
377,82,1422.0,2940.0,53.0,12.0,1,14,0,15
377,83,355.0,19.0,59.0,34.0,1,5,0,5
378,5,1712.0,3093.0,14.0,8.0,1,348,0,349
378,36,754.0,2917.0,78.0,39.0,1,176,0,177
378,44,947.0,2936.0,8.0,9.0,1,141,0,147
378,45,994.0,2939.0,10.0,9.0,1,130,0,141
378,46,308.0,2952.0,52.0,6.0,1,103,0,138
378,50,1414.0,2942.0,31.0,10.0,1,81,0,112
378,57,1047.0,2925.0,78.0,26.0,1,96,0,103
378,62,800.0,2915.0,36.0,43.0,0,39,7,97
378,66,1194.0,2930.0,62.0,27.0,1,84,0,91
378,68,1334.0,2939.0,25.0,7.0,1,79,0,83
378,71,393.0,2955.0,58.0,9.0,0,60,1,80
378,75,262.0,2952.0,34.0,5.0,1,24,0,41
378,79,606.0,2919.0,61.0,46.0,1,23,0,37
378,82,1455.0,2937.0,39.0,19.0,1,15,0,16
378,83,322.0,19.0,64.0,34.0,1,6,0,6
379,5,1718.0,3091.0,14.0,5.0,1,349,0,350
379,36,780.0,2915.0,6.0,5.0,1,177,0,178
379,44,938.0,2938.0,9.0,7.0,1,142,0,148
379,45,987.0,2942.0,10.0,6.0,1,131,0,142
379,46,308.0,2952.0,52.0,6.0,0,103,1,139
379,50,1323.0,2939.0,30.0,8.0,1,82,0,113
379,57,1038.0,2943.0,39.0,8.0,1,97,0,104
379,62,800.0,2915.0,36.0,43.0,0,39,8,98
379,66,1124.0,2924.0,59.0,23.0,1,85,0,92
379,68,1247.0,2934.0,37.0,22.0,1,80,0,84
379,71,363.0,2954.0,55.0,8.0,1,61,0,81
379,75,257.0,2951.0,32.0,7.0,1,25,0,42
379,79,604.0,2919.0,60.0,48.0,1,24,0,38
379,82,1449.0,2943.0,38.0,11.0,1,16,0,17
379,83,284.0,19.0,57.0,34.0,1,7,0,7
380,5,1722.0,3087.0,11.0,8.0,1,350,0,351
380,36,774.0,2915.0,44.0,38.0,1,178,0,179
380,44,932.0,2940.0,10.0,8.0,1,143,0,149
380,45,987.0,2942.0,10.0,6.0,0,131,1,143
380,46,342.0,2952.0,46.0,8.0,1,104,0,140
380,50,1319.0,2938.0,25.0,10.0,1,83,0,114
380,57,1033.0,2922.0,78.0,30.0,1,98,0,105
380,62,800.0,2915.0,36.0,43.0,0,39,9,99
380,66,1179.0,2924.0,64.0,32.0,1,86,0,93
380,68,1247.0,2934.0,37.0,22.0,0,80,1,85
380,71,363.0,2954.0,55.0,8.0,0,61,1,82
380,75,251.0,2951.0,34.0,5.0,1,26,0,43
380,79,599.0,2923.0,61.0,42.0,1,25,0,39
380,82,1449.0,2943.0,38.0,11.0,0,16,1,18
380,83,240.0,19.0,51.0,34.0,1,8,0,8
381,5,1718.0,3085.0,17.0,12.0,1,351,0,352
381,36,739.0,2916.0,73.0,39.0,1,179,0,180
381,44,927.0,2939.0,9.0,7.0,1,144,0,150
381,45,974.0,2941.0,9.0,6.0,1,132,0,144
381,46,338.0,2951.0,46.0,10.0,1,105,0,141
381,50,1364.0,2942.0,39.0,7.0,1,84,0,115
381,57,1028.0,2919.0,76.0,33.0,1,99,0,106
381,62,800.0,2915.0,36.0,43.0,0,39,10,100
381,66,1149.0,2921.0,55.0,28.0,1,87,0,94
381,68,1233.0,2932.0,78.0,24.0,1,81,0,86
381,71,363.0,2954.0,55.0,8.0,0,61,2,83
381,75,245.0,2952.0,34.0,8.0,1,27,0,44
381,79,596.0,2921.0,60.0,41.0,1,26,0,40
381,82,1449.0,2943.0,38.0,11.0,0,16,2,19
381,83,190.0,19.0,64.0,34.0,1,9,0,9
382,5,1722.0,3086.0,19.0,11.0,1,352,0,353
382,36,737.0,2916.0,71.0,39.0,1,180,0,181
382,44,921.0,2936.0,8.0,8.0,1,145,0,151
382,45,966.0,2938.0,9.0,9.0,1,133,0,145
382,46,332.0,2951.0,48.0,10.0,1,106,0,142
382,50,1325.0,2935.0,69.0,14.0,1,85,0,116
382,57,1019.0,2921.0,79.0,28.0,1,100,0,107
382,62,800.0,2915.0,36.0,43.0,0,39,11,101
382,66,1122.0,2922.0,51.0,26.0,1,88,0,95
382,68,1208.0,2932.0,58.0,22.0,1,82,0,87
382,71,363.0,2954.0,55.0,8.0,0,61,3,84
382,75,241.0,2951.0,27.0,7.0,1,28,0,45
382,79,596.0,2921.0,60.0,41.0,0,26,1,41
382,82,1429.0,2937.0,37.0,16.0,1,17,0,20
382,83,148.0,19.0,58.0,34.0,1,10,0,10
383,5,1726.0,3087.0,12.0,8.0,1,353,0,354
383,36,724.0,2915.0,78.0,39.0,1,181,0,182
383,44,914.0,2937.0,10.0,7.0,1,146,0,152
383,45,962.0,2942.0,8.0,6.0,1,134,0,146
383,46,332.0,2951.0,48.0,10.0,0,106,1,143
383,50,1325.0,2935.0,69.0,14.0,0,85,1,117
383,57,1014.0,2942.0,38.0,10.0,1,101,0,108
383,62,800.0,2915.0,36.0,43.0,0,39,12,102
383,66,1088.0,2919.0,54.0,24.0,1,89,0,96
383,68,1164.0,2926.0,64.0,31.0,1,83,0,88
383,71,363.0,2954.0,55.0,8.0,0,61,4,85
383,75,234.0,2950.0,35.0,7.0,1,29,0,46
383,79,596.0,2921.0,60.0,41.0,0,26,2,42
383,82,1405.0,2941.0,55.0,11.0,1,18,0,21
383,83,105.0,19.0,53.0,34.0,1,11,0,11
384,5,1729.0,3085.0,13.0,5.0,1,354,0,355
384,36,696.0,2916.0,61.0,32.0,1,182,0,183
384,44,906.0,2939.0,11.0,7.0,1,147,0,153
384,45,955.0,2942.0,9.0,6.0,1,135,0,147
384,46,332.0,2951.0,48.0,10.0,0,106,2,144
384,50,1290.0,2933.0,29.0,11.0,1,86,0,118
384,57,1007.0,2944.0,8.0,6.0,1,102,0,109
384,62,800.0,2915.0,36.0,43.0,0,39,13,103
384,66,1112.0,2918.0,64.0,27.0,1,90,0,97
384,68,1212.0,2929.0,40.0,27.0,1,84,0,89
384,71,363.0,2954.0,55.0,8.0,0,61,5,86
384,75,231.0,2952.0,33.0,5.0,1,30,0,47
384,79,596.0,2921.0,60.0,41.0,0,26,3,43
384,82,1415.0,2939.0,37.0,15.0,1,19,0,22
384,83,46.0,19.0,64.0,33.0,1,12,0,12
385,5,1735.0,3080.0,10.0,9.0,1,355,0,356
385,36,712.0,2916.0,78.0,37.0,1,183,0,184
385,44,903.0,2938.0,8.0,5.0,1,148,0,154
385,45,949.0,2939.0,7.0,6.0,1,136,0,148
385,46,319.0,2949.0,47.0,8.0,1,107,0,145
385,50,1281.0,2934.0,27.0,8.0,1,87,0,119
385,57,1003.0,2918.0,74.0,31.0,1,103,0,110
385,62,800.0,2915.0,36.0,43.0,0,39,14,104
385,66,1112.0,2918.0,64.0,27.0,0,90,1,98
385,68,1206.0,2931.0,39.0,21.0,1,85,0,90
385,71,363.0,2954.0,55.0,8.0,0,61,6,87
385,75,225.0,2952.0,36.0,9.0,1,31,0,48
385,79,672.0,2939.0,26.0,9.0,1,27,0,44
385,82,1415.0,2939.0,37.0,15.0,0,19,1,23
385,83,46.0,19.0,64.0,33.0,0,12,1,13
386,5,1731.0,3081.0,14.0,7.0,1,356,0,357
386,36,707.0,2916.0,40.0,37.0,1,184,0,185
386,44,894.0,2935.0,10.0,8.0,1,149,0,155
386,45,938.0,2939.0,11.0,7.0,1,137,0,149
386,46,319.0,2949.0,47.0,8.0,0,107,1,146
386,50,1200.0,2929.0,38.0,22.0,1,88,0,120
386,57,993.0,2939.0,39.0,9.0,1,104,0,111
386,66,1070.0,2919.0,53.0,24.0,1,91,0,99
386,68,1126.0,2919.0,62.0,33.0,1,86,0,91
386,71,363.0,2954.0,55.0,8.0,0,61,7,88
386,75,218.0,2951.0,38.0,8.0,1,32,0,49
386,79,675.0,2936.0,22.0,12.0,1,28,0,45
386,82,1276.0,2936.0,60.0,10.0,1,20,0,24
386,83,46.0,19.0,64.0,33.0,0,12,2,14
387,5,1739.0,3083.0,14.0,9.0,1,357,0,358
387,36,705.0,2914.0,39.0,38.0,1,185,0,186
387,44,888.0,2935.0,10.0,9.0,1,150,0,156
387,45,935.0,2941.0,9.0,7.0,1,138,0,150
387,46,319.0,2949.0,47.0,8.0,0,107,2,147
387,50,1194.0,2925.0,38.0,27.0,1,89,0,121
387,57,987.0,2943.0,8.0,6.0,1,105,0,112
387,66,1019.0,2919.0,57.0,31.0,1,92,0,100
387,68,1127.0,2919.0,54.0,34.0,1,87,0,92
387,71,363.0,2954.0,55.0,8.0,0,61,8,89
387,75,214.0,2948.0,37.0,8.0,1,33,0,50
387,79,675.0,2936.0,22.0,12.0,0,28,1,46
387,82,1271.0,2935.0,27.0,8.0,1,21,0,25
387,83,46.0,19.0,64.0,33.0,0,12,3,15
388,5,1739.0,3081.0,9.0,7.0,1,358,0,359
388,36,699.0,2916.0,37.0,36.0,1,186,0,187
388,44,881.0,2938.0,11.0,6.0,1,151,0,157
388,45,929.0,2941.0,9.0,5.0,1,139,0,151
388,46,307.0,2948.0,45.0,8.0,1,108,0,148
388,50,1186.0,2926.0,40.0,27.0,1,90,0,122
388,57,980.0,2943.0,41.0,8.0,1,106,0,113
388,66,1019.0,2919.0,57.0,31.0,0,92,1,101
388,68,1068.0,2917.0,64.0,27.0,1,88,0,93
388,71,363.0,2954.0,55.0,8.0,0,61,9,90
388,75,209.0,2951.0,35.0,6.0,1,34,0,51
388,79,675.0,2936.0,22.0,12.0,0,28,2,47
388,82,1271.0,2935.0,27.0,8.0,0,21,1,26
388,83,46.0,19.0,64.0,33.0,0,12,4,16
389,5,1742.0,3078.0,13.0,6.0,1,359,0,360
389,36,699.0,2916.0,37.0,36.0,0,186,1,188
389,44,877.0,2936.0,7.0,6.0,1,152,0,158
389,45,922.0,2937.0,8.0,7.0,1,140,0,152
389,46,279.0,2946.0,63.0,10.0,1,109,0,149
389,50,1116.0,2920.0,52.0,32.0,1,91,0,123
389,57,977.0,2918.0,76.0,29.0,1,107,0,114
389,66,1019.0,2919.0,57.0,31.0,0,92,2,102
389,68,1068.0,2917.0,64.0,27.0,0,88,1,94
389,71,363.0,2954.0,55.0,8.0,0,61,10,91
389,75,204.0,2950.0,36.0,10.0,1,35,0,52
389,79,664.0,2916.0,64.0,40.0,1,29,0,48
389,82,1182.0,2927.0,76.0,23.0,1,22,0,27
389,83,46.0,19.0,64.0,33.0,0,12,5,17
390,5,1748.0,3074.0,8.0,10.0,1,360,0,361
390,36,694.0,2916.0,41.0,38.0,1,187,0,189
390,44,870.0,2935.0,9.0,9.0,1,153,0,159
390,45,914.0,2938.0,10.0,7.0,1,141,0,153
390,46,256.0,2946.0,64.0,11.0,1,110,0,150
390,50,1126.0,2918.0,54.0,34.0,1,92,0,124
390,57,966.0,2938.0,42.0,8.0,1,108,0,115
390,66,1019.0,2919.0,57.0,31.0,0,92,3,103
390,68,1047.0,2918.0,51.0,22.0,1,89,0,95
390,71,363.0,2954.0,55.0,8.0,0,61,11,92
390,75,203.0,2951.0,30.0,7.0,1,36,0,53
390,79,664.0,2916.0,64.0,40.0,0,29,1,49
390,82,1206.0,2923.0,53.0,19.0,1,23,0,28
390,83,46.0,19.0,64.0,33.0,0,12,6,18
391,5,1743.0,3077.0,18.0,6.0,1,361,0,362
391,36,691.0,2914.0,43.0,38.0,1,188,0,190
391,44,866.0,2935.0,45.0,9.0,1,154,0,160
391,45,914.0,2938.0,10.0,7.0,0,141,1,154
391,46,241.0,2946.0,55.0,10.0,1,111,0,151
391,50,1089.0,2916.0,52.0,27.0,1,93,0,125
391,57,960.0,2941.0,45.0,8.0,1,109,0,116
391,66,1019.0,2919.0,57.0,31.0,0,92,4,104
391,68,1041.0,2917.0,32.0,23.0,1,90,0,96
391,71,363.0,2954.0,55.0,8.0,0,61,12,93
391,75,195.0,2949.0,33.0,7.0,1,37,0,54
391,79,651.0,2934.0,7.0,4.0,1,30,0,50
391,82,1167.0,2925.0,78.0,26.0,1,24,0,29
391,83,46.0,19.0,64.0,33.0,0,12,7,19
392,5,1745.0,3078.0,19.0,11.0,1,362,0,363
392,36,673.0,2916.0,55.0,36.0,1,189,0,191
392,44,858.0,2934.0,47.0,10.0,1,155,0,161
392,45,914.0,2938.0,10.0,7.0,0,141,2,155
392,46,241.0,2946.0,55.0,10.0,0,111,1,152
392,50,1089.0,2916.0,52.0,27.0,0,93,1,126
392,57,955.0,2942.0,9.0,6.0,1,110,0,117
392,66,1019.0,2919.0,57.0,31.0,0,92,5,105
392,68,993.0,2915.0,57.0,33.0,1,91,0,97
392,71,363.0,2954.0,55.0,8.0,0,61,13,94
392,75,189.0,2950.0,35.0,6.0,1,38,0,55
392,79,651.0,2934.0,7.0,4.0,0,30,1,51
392,82,1159.0,2926.0,79.0,26.0,1,25,0,30
392,83,46.0,19.0,64.0,33.0,0,12,8,20
393,5,1751.0,3077.0,13.0,7.0,1,363,0,364
393,36,666.0,2916.0,61.0,39.0,1,190,0,192
393,44,855.0,2935.0,42.0,9.0,1,156,0,162
393,45,914.0,2938.0,10.0,7.0,0,141,3,156
393,46,241.0,2946.0,55.0,10.0,0,111,2,153
393,50,1030.0,2916.0,54.0,23.0,1,94,0,127
393,57,950.0,2941.0,39.0,5.0,1,111,0,118
393,66,1019.0,2919.0,57.0,31.0,0,92,6,106
393,68,993.0,2915.0,57.0,33.0,0,91,1,98
393,71,363.0,2954.0,55.0,8.0,0,61,14,95
393,75,210.0,2949.0,57.0,9.0,1,39,0,56
393,79,553.0,2927.0,66.0,25.0,1,31,0,52
393,82,1106.0,2915.0,57.0,34.0,1,26,0,31
393,83,46.0,19.0,64.0,33.0,0,12,9,21
394,5,1751.0,3074.0,16.0,7.0,1,364,0,365
394,36,661.0,2916.0,63.0,36.0,1,191,0,193
394,44,847.0,2935.0,7.0,4.0,1,157,0,163
394,45,891.0,2938.0,9.0,7.0,1,142,0,157
394,46,241.0,2946.0,55.0,10.0,0,111,3,154
394,50,1054.0,2915.0,64.0,25.0,1,95,0,128
394,57,942.0,2938.0,40.0,8.0,1,112,0,119
394,66,1019.0,2919.0,57.0,31.0,0,92,7,107
394,68,1022.0,2914.0,16.0,10.0,1,92,0,99
394,71,343.0,2948.0,57.0,8.0,1,62,0,96
394,75,206.0,2947.0,56.0,11.0,1,40,0,57
394,79,547.0,2926.0,66.0,28.0,1,32,0,53
394,82,1149.0,2921.0,39.0,27.0,1,27,0,32
394,83,46.0,19.0,64.0,33.0,0,12,10,22
394,86,1346.0,2938.0,41.0,8.0,1,5,0,5
395,5,1758.0,3070.0,11.0,10.0,1,365,0,366
395,36,658.0,2916.0,62.0,35.0,1,192,0,194
395,44,841.0,2934.0,45.0,9.0,1,158,0,164
395,45,891.0,2938.0,9.0,7.0,0,142,1,158
395,46,241.0,2946.0,55.0,10.0,0,111,4,155
395,50,1054.0,2915.0,64.0,25.0,0,95,1,129
395,57,942.0,2938.0,40.0,8.0,0,112,1,120
395,66,1019.0,2919.0,57.0,31.0,0,92,8,108
395,68,968.0,2915.0,57.0,30.0,1,93,0,100
395,71,343.0,2948.0,57.0,8.0,0,62,1,97
395,75,173.0,2947.0,60.0,9.0,1,41,0,58
395,79,545.0,2926.0,67.0,28.0,1,33,0,54
395,82,1141.0,2922.0,79.0,27.0,1,28,0,33
395,83,46.0,19.0,64.0,33.0,0,12,11,23
395,86,1322.0,2935.0,32.0,10.0,1,6,0,6
396,5,1753.0,3072.0,15.0,8.0,1,366,0,367
396,36,651.0,2916.0,68.0,36.0,1,193,0,195
396,44,834.0,2934.0,9.0,6.0,1,159,0,165
396,45,878.0,2936.0,6.0,6.0,1,143,0,159
396,46,241.0,2946.0,55.0,10.0,0,111,5,156
396,50,1013.0,2912.0,51.0,26.0,1,96,0,130
396,57,929.0,2939.0,42.0,9.0,1,113,0,121
396,66,1019.0,2919.0,57.0,31.0,0,92,9,109
396,68,968.0,2915.0,57.0,30.0,0,93,1,101
396,71,343.0,2948.0,57.0,8.0,0,62,2,98
396,75,169.0,2949.0,48.0,8.0,1,42,0,59
396,79,543.0,2922.0,65.0,29.0,1,34,0,55
396,82,1141.0,2922.0,79.0,27.0,0,28,1,34
396,83,46.0,19.0,64.0,33.0,0,12,12,24
396,86,1294.0,2934.0,52.0,12.0,1,7,0,7
397,5,1759.0,3075.0,14.0,8.0,1,367,0,368
397,36,649.0,2916.0,67.0,36.0,1,194,0,196
397,44,834.0,2934.0,9.0,6.0,0,159,1,166
397,45,878.0,2936.0,6.0,6.0,0,143,1,160
397,46,241.0,2946.0,55.0,10.0,0,111,6,157
397,50,1013.0,2912.0,51.0,26.0,0,96,1,131
397,57,929.0,2939.0,42.0,9.0,0,113,1,122
397,66,1019.0,2919.0,57.0,31.0,0,92,10,110
397,68,958.0,2914.0,64.0,29.0,1,94,0,102
397,71,308.0,2947.0,54.0,6.0,1,63,0,99
397,75,163.0,2950.0,36.0,7.0,1,43,0,60
397,79,539.0,2923.0,68.0,26.0,1,35,0,56
397,82,1057.0,2911.0,58.0,37.0,1,29,0,35
397,83,46.0,19.0,64.0,33.0,0,12,13,25
397,86,1327.0,2934.0,41.0,12.0,1,8,0,8
398,5,1761.0,3075.0,11.0,9.0,1,368,0,369
398,36,648.0,2916.0,66.0,32.0,1,195,0,197
398,44,823.0,2932.0,8.0,5.0,1,160,0,167
398,45,878.0,2936.0,6.0,6.0,0,143,2,161
398,46,241.0,2946.0,55.0,10.0,0,111,7,158
398,50,1013.0,2912.0,51.0,26.0,0,96,2,132
398,57,918.0,2938.0,39.0,7.0,1,114,0,123
398,66,1019.0,2919.0,57.0,31.0,0,92,11,111
398,68,958.0,2914.0,64.0,29.0,0,94,1,103
398,71,324.0,2945.0,55.0,9.0,1,64,0,100
398,75,160.0,2948.0,32.0,9.0,1,44,0,61
398,79,539.0,2943.0,30.0,7.0,1,36,0,57
398,82,1123.0,2918.0,78.0,27.0,1,30,0,36
398,83,46.0,19.0,64.0,33.0,0,12,14,26
398,86,1321.0,2935.0,39.0,9.0,1,9,0,9
399,5,1761.0,3070.0,14.0,10.0,1,369,0,370
399,36,648.0,2916.0,66.0,32.0,0,195,1,198
399,44,815.0,2930.0,48.0,13.0,1,161,0,168
399,45,878.0,2936.0,6.0,6.0,0,143,3,162
399,46,241.0,2946.0,55.0,10.0,0,111,8,159
399,50,1039.0,2908.0,62.0,36.0,1,97,0,133
399,57,910.0,2938.0,42.0,9.0,1,115,0,124
399,66,1019.0,2919.0,57.0,31.0,0,92,12,112
399,68,958.0,2914.0,64.0,29.0,0,94,2,104
399,71,295.0,2944.0,54.0,9.0,1,65,0,101
399,75,153.0,2948.0,34.0,6.0,1,45,0,62
399,79,560.0,2923.0,71.0,26.0,1,37,0,58
399,82,1118.0,2922.0,40.0,24.0,1,31,0,37
399,86,1317.0,2935.0,38.0,11.0,1,10,0,10
400,5,1766.0,3069.0,10.0,10.0,1,370,0,371
400,36,638.0,2916.0,69.0,33.0,1,196,0,199
400,44,810.0,2932.0,10.0,8.0,1,162,0,169
400,45,854.0,2935.0,6.0,5.0,1,144,0,163
400,46,241.0,2946.0,55.0,10.0,0,111,9,160
400,50,994.0,2915.0,42.0,20.0,1,98,0,134
400,57,907.0,2938.0,40.0,9.0,1,116,0,125
400,66,1019.0,2919.0,57.0,31.0,0,92,13,113
400,68,958.0,2914.0,64.0,29.0,0,94,3,105
400,71,268.0,2946.0,52.0,7.0,1,66,0,102
400,75,147.0,2949.0,37.0,8.0,1,46,0,63
400,79,533.0,2922.0,66.0,25.0,1,38,0,59
400,82,1118.0,2922.0,40.0,24.0,0,31,1,38
400,86,1290.0,2936.0,53.0,9.0,1,11,0,11
401,5,1762.0,3069.0,17.0,10.0,1,371,0,372
401,36,620.0,2916.0,78.0,32.0,1,197,0,200
401,44,773.0,2899.0,40.0,37.0,1,163,0,170
401,45,854.0,2935.0,6.0,5.0,0,144,1,164
401,46,241.0,2946.0,55.0,10.0,0,111,10,161
401,50,1034.0,2911.0,58.0,38.0,1,99,0,135
401,57,895.0,2935.0,44.0,10.0,1,117,0,126
401,66,844.0,2932.0,10.0,8.0,1,93,0,114
401,68,984.0,2912.0,31.0,20.0,1,95,0,106
401,71,242.0,2943.0,51.0,12.0,1,67,0,103
401,75,143.0,2948.0,46.0,8.0,1,47,0,64
401,79,526.0,2918.0,70.0,29.0,1,39,0,60
401,82,1106.0,2917.0,77.0,26.0,1,32,0,39
401,86,1302.0,2934.0,38.0,10.0,1,12,0,12
402,5,1766.0,3074.0,14.0,7.0,1,372,0,373
402,36,599.0,2917.0,62.0,24.0,1,198,0,201
402,44,773.0,2899.0,40.0,37.0,0,163,1,171
402,45,854.0,2935.0,6.0,5.0,0,144,2,165
402,46,241.0,2946.0,55.0,10.0,0,111,11,162
402,50,1034.0,2911.0,58.0,38.0,0,99,1,136
402,57,891.0,2937.0,9.0,7.0,1,118,0,127
402,66,799.0,2931.0,50.0,9.0,1,94,0,115
402,68,928.0,2911.0,64.0,32.0,1,96,0,107
402,71,214.0,2945.0,51.0,10.0,1,68,0,104
402,75,140.0,2946.0,34.0,9.0,1,48,0,65
402,79,527.0,2919.0,66.0,29.0,1,40,0,61
402,82,1100.0,2918.0,79.0,26.0,1,33,0,40
402,86,1278.0,2931.0,31.0,12.0,1,13,0,13
403,5,1766.0,3074.0,13.0,8.0,1,373,0,374
403,36,627.0,2917.0,71.0,27.0,1,199,0,202
403,44,773.0,2899.0,40.0,37.0,0,163,2,172
403,45,854.0,2935.0,6.0,5.0,0,144,3,166
403,46,178.0,2947.0,62.0,7.0,1,112,0,163
403,50,975.0,2911.0,47.0,21.0,1,100,0,137
403,57,884.0,2937.0,44.0,7.0,1,119,0,128
403,66,790.0,2930.0,52.0,9.0,1,95,0,116
403,68,928.0,2911.0,64.0,32.0,0,96,1,108
403,71,274.0,2943.0,61.0,10.0,1,69,0,105
403,75,135.0,2946.0,33.0,8.0,1,49,0,66
403,79,523.0,2920.0,65.0,28.0,1,41,0,62
403,82,1057.0,2912.0,41.0,32.0,1,34,0,41
403,86,1250.0,2934.0,52.0,9.0,1,14,0,14
404,5,1767.0,3070.0,12.0,8.0,1,374,0,375
404,36,627.0,2917.0,71.0,27.0,0,199,1,203
404,44,773.0,2899.0,40.0,37.0,0,163,3,173
404,45,854.0,2935.0,6.0,5.0,0,144,4,167
404,46,178.0,2947.0,62.0,7.0,0,112,1,164
404,50,971.0,2911.0,24.0,19.0,1,101,0,138
404,57,881.0,2936.0,41.0,8.0,1,120,0,129
404,66,787.0,2931.0,47.0,6.0,1,96,0,117
404,68,928.0,2911.0,64.0,32.0,0,96,2,109
404,71,226.0,2945.0,48.0,10.0,1,70,0,106
404,75,152.0,2947.0,59.0,10.0,1,50,0,67
404,79,521.0,2918.0,61.0,26.0,1,42,0,63
404,82,1087.0,2918.0,79.0,24.0,1,35,0,42
404,86,1283.0,2931.0,40.0,13.0,1,15,0,15
405,5,1772.0,3066.0,10.0,11.0,1,375,0,376
405,36,624.0,2917.0,68.0,26.0,1,200,0,204
405,44,761.0,2899.0,61.0,64.0,1,164,0,174
405,45,854.0,2935.0,6.0,5.0,0,144,5,168
405,46,178.0,2947.0,62.0,7.0,0,112,2,165
405,50,962.0,2911.0,24.0,18.0,1,102,0,139
405,57,874.0,2936.0,40.0,6.0,1,121,0,130
405,66,787.0,2931.0,47.0,6.0,0,96,1,118
405,68,1031.0,2911.0,34.0,33.0,1,97,0,110
405,71,226.0,2945.0,48.0,10.0,0,70,1,107
405,75,147.0,2946.0,57.0,11.0,1,51,0,68
405,79,543.0,2919.0,65.0,25.0,1,43,0,64
405,82,1114.0,2914.0,11.0,7.0,1,36,0,43
405,86,1239.0,2933.0,51.0,8.0,1,16,0,16
405,89,197.0,19.0,57.0,33.0,1,5,0,5
406,5,1766.0,3070.0,17.0,8.0,1,376,0,377
406,36,620.0,2916.0,70.0,24.0,1,201,0,205
406,44,761.0,2899.0,61.0,64.0,0,164,1,175
406,45,814.0,2931.0,10.0,9.0,1,145,0,169
406,46,178.0,2947.0,62.0,7.0,0,112,3,166
406,50,961.0,2907.0,64.0,25.0,1,103,0,140
406,57,867.0,2935.0,40.0,7.0,1,122,0,131
406,66,766.0,3101.0,96.0,217.0,1,97,0,119
406,68,1031.0,2911.0,34.0,33.0,0,97,1,111
406,71,194.0,2948.0,47.0,5.0,1,71,0,108
406,75,118.0,2943.0,57.0,10.0,1,52,0,69
406,79,511.0,2918.0,67.0,27.0,1,44,0,65
406,82,1057.0,2916.0,60.0,28.0,1,37,0,44
406,86,1236.0,2931.0,43.0,10.0,1,17,0,17
406,89,138.0,19.0,61.0,33.0,1,6,0,6
407,5,1771.0,3071.0,18.0,10.0,1,377,0,378
407,36,610.0,2914.0,77.0,28.0,1,202,0,206
407,44,761.0,2899.0,61.0,64.0,0,164,2,176
407,45,814.0,2931.0,10.0,9.0,0,145,1,170
407,46,161.0,2947.0,55.0,7.0,1,113,0,167
407,50,958.0,2907.0,64.0,25.0,1,104,0,141
407,57,861.0,2934.0,43.0,11.0,1,123,0,132
407,66,766.0,3101.0,96.0,217.0,0,97,1,120
407,68,1031.0,2911.0,34.0,33.0,0,97,2,112
407,71,194.0,2948.0,47.0,5.0,0,71,1,109
407,75,111.0,2944.0,46.0,9.0,1,53,0,70
407,79,511.0,2919.0,61.0,25.0,1,45,0,66
407,82,1071.0,2916.0,76.0,25.0,1,38,0,45
407,86,1200.0,2931.0,55.0,9.0,1,18,0,18
407,89,138.0,19.0,61.0,33.0,0,6,1,7
408,5,1773.0,3070.0,12.0,11.0,1,378,0,379
408,36,610.0,2914.0,71.0,26.0,1,203,0,207
408,44,761.0,2899.0,61.0,64.0,0,164,3,177
408,45,814.0,2931.0,10.0,9.0,0,145,2,171
408,46,151.0,2946.0,60.0,10.0,1,114,0,168
408,50,955.0,2907.0,64.0,23.0,1,105,0,142
408,57,855.0,2933.0,42.0,12.0,1,124,0,133
408,66,766.0,3101.0,96.0,217.0,0,97,2,121
408,68,1020.0,2909.0,48.0,35.0,1,98,0,113
408,71,194.0,2948.0,47.0,5.0,0,71,2,110
408,75,105.0,2947.0,36.0,6.0,1,54,0,71
408,79,509.0,2917.0,71.0,25.0,1,46,0,67
408,82,1099.0,2915.0,43.0,16.0,1,39,0,46
408,86,1191.0,2929.0,37.0,8.0,1,19,0,19
408,89,37.0,19.0,55.0,33.0,1,7,0,8
409,5,1775.0,3072.0,8.0,8.0,1,379,0,380
409,36,588.0,2914.0,52.0,23.0,1,204,0,208
409,44,754.0,3070.0,124.0,220.0,1,165,0,178
409,45,798.0,2930.0,8.0,5.0,1,146,0,172
409,46,147.0,2946.0,58.0,7.0,1,115,0,169
409,50,943.0,2909.0,41.0,19.0,1,106,0,143
409,57,847.0,2933.0,45.0,11.0,1,125,0,134
409,66,766.0,3101.0,96.0,217.0,0,97,3,122
409,68,1020.0,2909.0,48.0,35.0,0,98,1,114
409,71,194.0,2948.0,47.0,5.0,0,71,3,111
409,75,100.0,2946.0,36.0,7.0,1,55,0,72
409,79,507.0,2915.0,69.0,26.0,1,47,0,68
409,82,1054.0,2915.0,44.0,25.0,1,40,0,47
409,86,1191.0,2929.0,37.0,8.0,0,19,1,20
409,89,37.0,19.0,55.0,33.0,0,7,1,9
410,5,1774.0,3068.0,12.0,12.0,1,380,0,381
410,36,588.0,2914.0,52.0,23.0,0,204,1,209
410,44,754.0,3070.0,124.0,220.0,0,165,1,179
410,45,789.0,2930.0,10.0,6.0,1,147,0,173
410,46,123.0,2946.0,53.0,7.0,1,116,0,170
410,50,938.0,2906.0,24.0,23.0,1,107,0,144
410,57,840.0,2933.0,45.0,10.0,1,126,0,135
410,66,766.0,3101.0,96.0,217.0,0,97,4,123
410,68,1020.0,2909.0,48.0,35.0,0,98,2,115
410,71,194.0,2948.0,47.0,5.0,0,71,4,112
410,75,100.0,2946.0,36.0,7.0,0,55,1,73
410,79,503.0,2916.0,71.0,26.0,1,48,0,69
410,82,1051.0,2914.0,79.0,28.0,1,41,0,48
410,86,1146.0,2927.0,38.0,6.0,1,20,0,21
410,89,37.0,19.0,55.0,33.0,0,7,2,10
411,5,1771.0,3070.0,17.0,8.0,1,381,0,382
411,36,588.0,2914.0,52.0,23.0,0,204,2,210
411,44,754.0,3070.0,124.0,220.0,0,165,2,180
411,45,752.0,2895.0,40.0,73.0,1,148,0,174
411,46,123.0,2946.0,53.0,7.0,0,116,1,171
411,50,934.0,2906.0,20.0,19.0,1,108,0,145
411,57,835.0,2931.0,46.0,10.0,1,127,0,136
411,66,766.0,3101.0,96.0,217.0,0,97,5,124
411,68,1009.0,2907.0,41.0,35.0,1,99,0,116
411,71,194.0,2948.0,47.0,5.0,0,71,5,113
411,75,87.0,2942.0,36.0,10.0,1,56,0,74
411,79,499.0,2915.0,74.0,27.0,1,49,0,70
411,82,1051.0,2914.0,79.0,28.0,0,41,1,49
411,86,1118.0,2922.0,63.0,14.0,1,21,0,22
411,89,37.0,19.0,55.0,33.0,0,7,3,11
412,5,1774.0,3074.0,14.0,7.0,1,382,0,383
412,36,619.0,2922.0,51.0,18.0,1,205,0,211
412,44,769.0,3017.0,51.0,70.0,1,166,0,181
412,45,745.0,2895.0,39.0,71.0,1,149,0,175
412,46,123.0,2946.0,53.0,7.0,0,116,2,172
412,50,927.0,2908.0,22.0,17.0,1,109,0,146
412,57,829.0,2931.0,45.0,10.0,1,128,0,137
412,66,766.0,3101.0,96.0,217.0,0,97,6,125
412,68,1000.0,2910.0,44.0,32.0,1,100,0,117
412,71,194.0,2948.0,47.0,5.0,0,71,6,114
412,75,85.0,2946.0,60.0,8.0,1,57,0,75
412,79,499.0,2914.0,71.0,28.0,1,50,0,71
412,82,1051.0,2914.0,79.0,28.0,0,41,2,50
412,86,1076.0,2912.0,64.0,18.0,1,22,0,23
412,89,37.0,19.0,55.0,33.0,0,7,4,12
412,91,1197.0,2927.0,51.0,10.0,1,5,0,5
413,5,1776.0,3073.0,10.0,7.0,1,383,0,384
413,36,619.0,2922.0,51.0,18.0,0,205,1,212
413,44,769.0,3017.0,51.0,70.0,0,166,1,182
413,45,745.0,2895.0,39.0,71.0,0,149,1,176
413,46,123.0,2946.0,53.0,7.0,0,116,3,173
413,50,924.0,2907.0,21.0,19.0,1,110,0,147
413,57,823.0,2930.0,42.0,8.0,1,129,0,138
413,66,766.0,3101.0,96.0,217.0,0,97,7,126
413,68,1000.0,2910.0,44.0,32.0,0,100,1,118
413,71,194.0,2948.0,47.0,5.0,0,71,7,115
413,75,79.0,2945.0,34.0,8.0,1,58,0,76
413,79,497.0,2914.0,71.0,27.0,1,51,0,72
413,82,1034.0,2911.0,79.0,29.0,1,42,0,51
413,86,1076.0,2912.0,64.0,18.0,0,22,1,24
413,89,37.0,19.0,55.0,33.0,0,7,5,13
413,91,1166.0,2926.0,64.0,8.0,1,6,0,6
414,5,1780.0,3073.0,7.0,6.0,1,384,0,385
414,36,619.0,2922.0,51.0,18.0,0,205,2,213
414,44,769.0,3017.0,51.0,70.0,0,166,2,183
414,45,745.0,2895.0,39.0,71.0,0,149,2,177
414,46,123.0,2946.0,53.0,7.0,0,116,4,174
414,50,920.0,2907.0,19.0,18.0,1,111,0,148
414,57,816.0,2930.0,46.0,8.0,1,130,0,139
414,66,766.0,3101.0,96.0,217.0,0,97,8,127
414,68,1000.0,2910.0,44.0,32.0,0,100,2,119
414,71,243.0,2938.0,60.0,14.0,1,72,0,116
414,75,74.0,2940.0,39.0,13.0,1,59,0,77
414,79,491.0,2915.0,75.0,26.0,1,52,0,73
414,82,1023.0,2911.0,47.0,28.0,1,43,0,52
414,86,1155.0,2926.0,39.0,9.0,1,23,0,25
414,89,37.0,19.0,55.0,33.0,0,7,6,14
414,91,1226.0,2928.0,36.0,10.0,1,7,0,7
415,5,1777.0,3069.0,11.0,10.0,1,385,0,386
415,36,586.0,2917.0,55.0,16.0,1,206,0,214
415,44,769.0,3017.0,51.0,70.0,0,166,3,184
415,45,745.0,2895.0,39.0,71.0,0,149,3,178
415,46,123.0,2946.0,53.0,7.0,0,116,5,175
415,50,914.0,2902.0,19.0,21.0,1,112,0,149
415,57,811.0,2928.0,46.0,12.0,1,131,0,140
415,66,766.0,3101.0,96.0,217.0,0,97,9,128
415,68,963.0,2906.0,61.0,34.0,1,101,0,120
415,71,197.0,2942.0,52.0,10.0,1,73,0,117
415,75,71.0,2943.0,45.0,8.0,1,60,0,78
415,79,490.0,2914.0,74.0,23.0,1,53,0,74
415,82,1023.0,2911.0,47.0,28.0,0,43,1,53
415,86,1095.0,2921.0,28.0,7.0,1,24,0,26
415,89,37.0,19.0,55.0,33.0,0,7,7,15
415,91,1179.0,2925.0,54.0,13.0,1,8,0,8
416,5,1775.0,3071.0,12.0,9.0,1,386,0,387
416,36,586.0,2917.0,55.0,16.0,0,206,1,215
416,44,769.0,3017.0,51.0,70.0,0,166,4,185
416,45,745.0,2895.0,39.0,71.0,0,149,4,179
416,46,123.0,2946.0,53.0,7.0,0,116,6,176
416,50,907.0,2904.0,20.0,18.0,1,113,0,150
416,57,805.0,2926.0,41.0,10.0,1,132,0,141
416,66,766.0,3101.0,96.0,217.0,0,97,10,129
416,68,939.0,2902.0,59.0,36.0,1,102,0,121
416,71,187.0,2943.0,54.0,9.0,1,74,0,118
416,75,63.0,2944.0,30.0,6.0,1,61,0,79
416,79,487.0,2910.0,75.0,26.0,1,54,0,75
416,82,1023.0,2911.0,47.0,28.0,0,43,2,54
416,86,1051.0,2909.0,64.0,19.0,1,25,0,27
416,89,37.0,19.0,55.0,33.0,0,7,8,16
416,91,1211.0,2926.0,39.0,9.0,1,9,0,9
417,5,1776.0,3074.0,17.0,11.0,1,387,0,388
417,36,578.0,2913.0,56.0,15.0,1,207,0,216
417,44,769.0,3017.0,51.0,70.0,0,166,5,186
417,45,745.0,2895.0,39.0,71.0,0,149,5,180
417,46,123.0,2946.0,53.0,7.0,0,116,7,177
417,50,903.0,2906.0,19.0,19.0,1,114,0,151
417,57,799.0,2926.0,41.0,9.0,1,133,0,142
417,66,766.0,3101.0,96.0,217.0,0,97,11,130
417,68,958.0,2903.0,55.0,35.0,1,103,0,122
417,71,181.0,2947.0,30.0,5.0,1,75,0,119
417,75,59.0,2943.0,30.0,9.0,1,62,0,80
417,79,485.0,2912.0,69.0,24.0,1,55,0,76
417,82,1023.0,2911.0,47.0,28.0,0,43,3,55
417,86,1085.0,2921.0,60.0,8.0,1,26,0,28
417,89,37.0,19.0,55.0,33.0,0,7,9,17
417,91,1168.0,2925.0,52.0,11.0,1,10,0,10
418,5,1778.0,3073.0,10.0,8.0,1,388,0,389
418,36,552.0,2912.0,52.0,13.0,1,208,0,217
418,44,769.0,3017.0,51.0,70.0,0,166,6,187
418,45,745.0,2895.0,39.0,71.0,0,149,6,181
418,46,152.0,2943.0,56.0,10.0,1,117,0,178
418,50,915.0,2906.0,64.0,29.0,1,115,0,152
418,57,791.0,2928.0,45.0,8.0,1,134,0,143
418,66,766.0,3101.0,96.0,217.0,0,97,12,131
418,68,958.0,2903.0,55.0,35.0,0,103,1,123
418,71,250.0,2935.0,71.0,11.0,1,76,0,120
418,75,53.0,2939.0,33.0,10.0,1,63,0,81
418,79,479.0,2913.0,69.0,24.0,1,56,0,77
418,82,1023.0,2911.0,47.0,28.0,0,43,4,56
418,86,1035.0,2910.0,47.0,14.0,1,27,0,29
418,89,37.0,19.0,55.0,33.0,0,7,10,18
418,91,1137.0,2923.0,64.0,11.0,1,11,0,11
419,5,1777.0,3071.0,15.0,11.0,1,389,0,390
419,36,529.0,2911.0,50.0,15.0,1,209,0,218
419,44,769.0,3017.0,51.0,70.0,0,166,7,188
419,45,593.0,2914.0,51.0,14.0,1,150,0,182
419,46,119.0,2943.0,56.0,10.0,1,118,0,179
419,50,910.0,2905.0,64.0,24.0,1,116,0,153
419,57,787.0,2927.0,42.0,10.0,1,135,0,144
419,66,766.0,3101.0,96.0,217.0,0,97,13,132
419,68,958.0,2903.0,55.0,35.0,0,103,2,124
419,71,218.0,2937.0,60.0,11.0,1,77,0,121
419,75,47.0,2942.0,9.0,4.0,1,64,0,82
419,79,479.0,2927.0,36.0,10.0,1,57,0,78
419,82,985.0,2909.0,55.0,25.0,1,44,0,57
419,86,1074.0,2915.0,58.0,14.0,1,28,0,30
419,89,37.0,19.0,55.0,33.0,0,7,11,19
419,91,1137.0,2923.0,64.0,11.0,0,11,1,12
420,5,1777.0,3070.0,15.0,12.0,1,390,0,391
420,36,529.0,2911.0,50.0,15.0,0,209,1,219
420,44,769.0,3017.0,51.0,70.0,0,166,8,189
420,45,567.0,2913.0,54.0,10.0,1,151,0,183
420,46,119.0,2943.0,56.0,10.0,0,118,1,180
420,50,910.0,2905.0,64.0,24.0,0,116,1,154
420,57,779.0,2925.0,42.0,10.0,1,136,0,145
420,66,766.0,3101.0,96.0,217.0,0,97,14,133
420,68,941.0,2903.0,57.0,33.0,1,104,0,125
420,71,238.0,2934.0,61.0,12.0,1,78,0,122
420,75,40.0,2942.0,36.0,9.0,1,65,0,83
420,79,474.0,2909.0,74.0,28.0,1,58,0,79
420,82,1026.0,2907.0,43.0,15.0,1,45,0,58
420,86,1119.0,2922.0,43.0,7.0,1,29,0,31
420,89,37.0,19.0,55.0,33.0,0,7,12,20
420,91,1187.0,2926.0,40.0,8.0,1,12,0,13
421,5,1773.0,3070.0,19.0,9.0,1,391,0,392
421,36,529.0,2911.0,50.0,15.0,0,209,2,220
421,44,769.0,3017.0,51.0,70.0,0,166,9,190
421,45,567.0,2913.0,54.0,10.0,0,151,1,184
421,46,89.0,2943.0,51.0,9.0,1,119,0,181
421,50,910.0,2905.0,64.0,24.0,0,116,2,155
421,57,776.0,2926.0,41.0,7.0,1,137,0,146
421,68,933.0,2901.0,59.0,35.0,1,105,0,126
421,71,207.0,2939.0,62.0,10.0,1,79,0,123
421,75,38.0,2941.0,45.0,8.0,1,66,0,84
421,79,473.0,2910.0,74.0,27.0,1,59,0,80
421,82,1026.0,2907.0,43.0,15.0,0,45,1,59
421,86,1084.0,2920.0,36.0,7.0,1,30,0,32
421,89,37.0,19.0,55.0,33.0,0,7,13,21
421,91,1187.0,2926.0,40.0,8.0,0,12,1,14
422,5,1777.0,3074.0,15.0,10.0,1,392,0,393
422,36,500.0,2909.0,46.0,23.0,1,210,0,221
422,44,769.0,3017.0,51.0,70.0,0,166,10,191
422,45,675.0,2891.0,50.0,69.0,1,152,0,185
422,46,89.0,2943.0,51.0,9.0,0,119,1,182
422,50,910.0,2905.0,64.0,24.0,0,116,3,156
422,57,770.0,2926.0,40.0,7.0,1,138,0,147
422,68,924.0,2902.0,64.0,35.0,1,106,0,127
422,71,201.0,2937.0,63.0,11.0,1,80,0,124
422,75,59.0,2942.0,53.0,9.0,1,67,0,85
422,79,468.0,2928.0,11.0,7.0,1,60,0,81
422,82,1026.0,2907.0,43.0,15.0,0,45,2,60
422,86,1084.0,2920.0,36.0,7.0,0,30,1,33
422,89,37.0,19.0,55.0,33.0,0,7,14,22
422,91,1187.0,2926.0,40.0,8.0,0,12,2,15
423,5,1778.0,3074.0,14.0,7.0,1,393,0,394
423,36,500.0,2909.0,46.0,23.0,0,210,1,222
423,44,769.0,3017.0,51.0,70.0,0,166,11,192
423,45,675.0,2891.0,50.0,69.0,0,152,1,186
423,46,89.0,2943.0,51.0,9.0,0,119,2,183
423,50,900.0,2902.0,55.0,32.0,1,117,0,157
423,57,764.0,2925.0,44.0,9.0,1,139,0,148
423,68,924.0,2902.0,64.0,35.0,0,106,1,128
423,71,176.0,2940.0,55.0,11.0,1,81,0,125
423,75,54.0,2939.0,53.0,14.0,1,68,0,86
423,79,466.0,2909.0,49.0,24.0,1,61,0,82
423,82,978.0,2907.0,77.0,25.0,1,46,0,61
423,86,1084.0,2920.0,36.0,7.0,0,30,2,34
423,91,1172.0,2921.0,36.0,11.0,1,13,0,16
424,5,1783.0,3074.0,8.0,4.0,1,394,0,395
424,36,465.0,2907.0,71.0,26.0,1,211,0,223
424,44,769.0,3017.0,51.0,70.0,0,166,12,193
424,45,728.0,2924.0,36.0,33.0,1,153,0,187
424,46,166.0,2943.0,34.0,9.0,1,120,0,184
424,50,865.0,2902.0,64.0,17.0,1,118,0,158
424,57,662.0,2891.0,50.0,38.0,1,140,0,149
424,68,924.0,2902.0,64.0,35.0,0,106,2,129
424,71,214.0,2932.0,69.0,14.0,1,82,0,126
424,75,19.0,2939.0,60.0,14.0,1,69,0,87
424,79,549.0,2911.0,59.0,8.0,1,62,0,83
424,82,971.0,2907.0,77.0,25.0,1,47,0,62
424,86,1084.0,2920.0,36.0,7.0,0,30,3,35
424,91,1126.0,2919.0,55.0,13.0,1,14,0,17
425,5,1783.0,3071.0,13.0,9.0,1,395,0,396
425,36,463.0,2906.0,41.0,27.0,1,212,0,224
425,44,769.0,3017.0,51.0,70.0,0,166,13,194
425,45,714.0,2891.0,78.0,69.0,1,154,0,188
425,46,114.0,2945.0,54.0,8.0,1,121,0,185
425,50,865.0,2902.0,64.0,17.0,0,118,1,159
425,57,659.0,2888.0,47.0,41.0,1,141,0,150
425,68,908.0,2903.0,62.0,29.0,1,107,0,130
425,71,184.0,2941.0,36.0,8.0,1,83,0,127
425,75,16.0,2937.0,34.0,11.0,1,70,0,88
425,79,590.0,2911.0,14.0,7.0,1,63,0,84
425,82,971.0,2907.0,77.0,25.0,0,47,1,63
425,86,1084.0,2920.0,36.0,7.0,0,30,4,36
425,91,1123.0,2919.0,42.0,13.0,1,15,0,18
426,5,1782.0,3071.0,12.0,8.0,1,396,0,397
426,36,458.0,2908.0,46.0,24.0,1,213,0,225
426,44,769.0,3017.0,51.0,70.0,0,166,14,195
426,45,710.0,2891.0,79.0,69.0,1,155,0,189
426,46,104.0,2943.0,53.0,9.0,1,122,0,186
426,50,885.0,2903.0,56.0,30.0,1,119,0,160
426,57,653.0,2888.0,47.0,39.0,1,142,0,151
426,68,908.0,2903.0,62.0,29.0,0,107,1,131
426,71,206.0,2930.0,67.0,14.0,1,84,0,128
426,75,10.0,2934.0,46.0,15.0,1,71,0,89
426,79,588.0,2910.0,29.0,8.0,1,64,0,85
426,82,971.0,2907.0,77.0,25.0,0,47,2,64
426,86,1084.0,2920.0,36.0,7.0,0,30,5,37
426,91,1089.0,2920.0,54.0,8.0,1,16,0,19
427,5,1782.0,3073.0,13.0,8.0,1,397,0,398
427,36,455.0,2906.0,46.0,27.0,1,214,0,226
427,45,710.0,2891.0,79.0,69.0,0,155,1,190
427,46,104.0,2943.0,53.0,9.0,0,122,1,187
427,50,878.0,2902.0,61.0,31.0,1,120,0,161
427,57,653.0,2888.0,47.0,39.0,0,142,1,152
427,68,908.0,2903.0,62.0,29.0,0,107,2,132
427,71,198.0,2931.0,70.0,13.0,1,85,0,129
427,75,6.0,2937.0,4.0,5.0,1,72,0,90
427,79,587.0,2910.0,64.0,15.0,1,65,0,86
427,82,954.0,2902.0,78.0,26.0,1,48,0,65
427,86,1084.0,2920.0,36.0,7.0,0,30,6,38
427,91,1079.0,2918.0,55.0,10.0,1,17,0,20
427,92,339.0,19.0,59.0,34.0,1,5,0,5
428,5,1787.0,3075.0,9.0,5.0,1,398,0,399
428,36,452.0,2904.0,73.0,27.0,1,215,0,227
428,45,710.0,2891.0,79.0,69.0,0,155,2,191
428,46,104.0,2943.0,53.0,9.0,0,122,2,188
428,50,844.0,2899.0,56.0,22.0,1,121,0,162
428,57,565.0,2910.0,44.0,13.0,1,143,0,153
428,68,908.0,2903.0,62.0,29.0,0,107,3,133
428,71,170.0,2935.0,63.0,12.0,1,86,0,130
428,75,0.0,2934.0,35.0,11.0,1,73,0,91
428,79,639.0,2919.0,42.0,8.0,1,66,0,87
428,82,948.0,2904.0,78.0,24.0,1,49,0,66
428,86,1074.0,2917.0,40.0,7.0,1,31,0,39
428,91,1145.0,2920.0,35.0,10.0,1,18,0,21
428,92,304.0,19.0,57.0,34.0,1,6,0,6
429,5,1787.0,3075.0,10.0,5.0,1,399,0,400
429,36,451.0,2905.0,46.0,25.0,1,216,0,228
429,45,837.0,2898.0,39.0,22.0,1,156,0,192
429,46,70.0,2943.0,50.0,10.0,1,123,0,189
429,50,844.0,2899.0,56.0,22.0,0,121,1,163
429,57,577.0,2906.0,12.0,8.0,1,144,0,154
429,68,908.0,2903.0,62.0,29.0,0,107,4,134
429,71,190.0,2928.0,69.0,18.0,1,87,0,131
429,75,0.0,2934.0,35.0,11.0,0,73,1,92
429,79,600.0,2676.0,176.0,369.0,1,67,0,88
429,82,941.0,2904.0,78.0,24.0,1,50,0,67
429,86,1066.0,2914.0,41.0,11.0,1,32,0,40
429,91,1145.0,2920.0,35.0,10.0,0,18,1,22
429,92,252.0,19.0,64.0,34.0,1,7,0,7
430,5,1790.0,3074.0,10.0,6.0,1,400,0,401
430,36,447.0,2904.0,41.0,26.0,1,217,0,229
430,45,719.0,2921.0,42.0,39.0,1,157,0,193
430,46,78.0,2940.0,63.0,11.0,1,124,0,190
430,50,831.0,2898.0,36.0,19.0,1,122,0,164
430,57,551.0,2907.0,50.0,11.0,1,145,0,155
430,68,908.0,2903.0,62.0,29.0,0,107,5,135
430,71,158.0,2930.0,66.0,18.0,1,88,0,132
430,75,16.0,2937.0,7.0,8.0,1,74,0,93
430,79,600.0,2676.0,176.0,369.0,0,67,1,89
430,82,941.0,2904.0,78.0,24.0,0,50,1,68
430,86,1029.0,2911.0,41.0,11.0,1,33,0,41
430,91,1132.0,2917.0,36.0,12.0,1,19,0,23
430,92,204.0,19.0,50.0,34.0,1,8,0,8
431,5,1790.0,3074.0,10.0,7.0,1,401,0,402
431,36,445.0,2903.0,68.0,27.0,1,218,0,230
431,45,714.0,2919.0,41.0,41.0,1,158,0,194
431,46,36.0,2940.0,46.0,8.0,1,125,0,191
431,50,825.0,2898.0,33.0,19.0,1,123,0,165
431,57,546.0,2907.0,50.0,11.0,1,146,0,156
431,68,908.0,2903.0,62.0,29.0,0,107,6,136
431,71,182.0,2926.0,68.0,17.0,1,89,0,133
431,75,16.0,2937.0,7.0,8.0,0,74,1,94
431,79,600.0,2676.0,176.0,369.0,0,67,2,90
431,82,941.0,2904.0,78.0,24.0,0,50,2,69
431,86,1005.0,2911.0,28.0,8.0,1,34,0,42
431,91,1091.0,2917.0,38.0,12.0,1,20,0,24
431,92,148.0,19.0,58.0,34.0,1,9,0,9
432,5,1789.0,3074.0,12.0,6.0,1,402,0,403
432,36,444.0,2903.0,65.0,27.0,1,219,0,231
432,45,714.0,2919.0,41.0,41.0,0,158,1,195
432,46,92.0,2941.0,63.0,11.0,1,126,0,192
432,50,825.0,2898.0,33.0,19.0,0,123,1,166
432,57,546.0,2907.0,50.0,11.0,0,146,1,157
432,68,821.0,2898.0,145.0,30.0,1,108,0,137
432,71,173.0,2927.0,70.0,18.0,1,90,0,134
432,75,22.0,2939.0,51.0,7.0,1,75,0,95
432,79,708.0,2917.0,40.0,43.0,1,68,0,91
432,82,941.0,2904.0,78.0,24.0,0,50,3,70
432,86,999.0,2911.0,58.0,8.0,1,35,0,43
432,91,1091.0,2917.0,38.0,12.0,0,20,1,25
432,92,85.0,19.0,56.0,34.0,1,10,0,10
433,5,1789.0,3074.0,14.0,6.0,1,403,0,404
433,36,439.0,2901.0,46.0,29.0,1,220,0,232
433,45,714.0,2919.0,41.0,41.0,0,158,2,196
433,46,92.0,2941.0,63.0,11.0,0,126,1,193
433,50,815.0,2898.0,21.0,18.0,1,124,0,167
433,57,539.0,2902.0,49.0,13.0,1,147,0,158
433,68,821.0,2898.0,145.0,30.0,0,108,1,138
433,71,169.0,2926.0,70.0,18.0,1,91,0,135
433,75,0.0,2935.0,55.0,10.0,1,76,0,96
433,79,708.0,2917.0,40.0,43.0,0,68,1,92
433,82,941.0,2904.0,78.0,24.0,0,50,4,71
433,86,993.0,2908.0,58.0,11.0,1,36,0,44
433,91,1077.0,2915.0,39.0,15.0,1,21,0,26
433,92,33.0,19.0,51.0,34.0,1,11,0,11
434,5,1789.0,3073.0,14.0,8.0,1,404,0,405
434,36,436.0,2899.0,43.0,31.0,1,221,0,233
434,45,714.0,2919.0,41.0,41.0,0,158,3,197
434,46,92.0,2941.0,63.0,11.0,0,126,2,194
434,50,809.0,2898.0,24.0,14.0,1,125,0,168
434,57,512.0,2902.0,57.0,11.0,1,148,0,159
434,68,821.0,2898.0,145.0,30.0,0,108,2,139
434,71,137.0,2928.0,66.0,17.0,1,92,0,136
434,75,0.0,2934.0,44.0,10.0,1,77,0,97
434,79,708.0,2917.0,40.0,43.0,0,68,2,93
434,82,913.0,2901.0,78.0,22.0,1,51,0,72
434,86,1039.0,2914.0,59.0,7.0,1,37,0,45
434,91,1111.0,2911.0,35.0,16.0,1,22,0,27
434,92,33.0,19.0,51.0,34.0,0,11,1,12
434,93,604.0,2885.0,76.0,39.0,1,5,0,5
435,5,1791.0,3074.0,14.0,6.0,1,405,0,406
435,36,433.0,2898.0,45.0,28.0,1,222,0,234
435,45,688.0,2911.0,42.0,48.0,1,159,0,198
435,46,50.0,2939.0,63.0,10.0,1,127,0,195
435,50,804.0,2898.0,19.0,14.0,1,126,0,169
435,57,531.0,2902.0,53.0,12.0,1,149,0,160
435,68,878.0,2898.0,64.0,27.0,1,109,0,140
435,71,160.0,2927.0,71.0,15.0,1,93,0,137
435,75,5.0,2934.0,18.0,10.0,1,78,0,98
435,79,239.0,2922.0,64.0,9.0,1,69,0,94
435,82,913.0,2901.0,78.0,22.0,0,51,1,73
435,86,1039.0,2914.0,59.0,7.0,0,37,1,46
435,91,1066.0,2911.0,49.0,16.0,1,23,0,28
435,92,33.0,19.0,51.0,34.0,0,11,2,13
435,93,594.0,2884.0,80.0,37.0,1,6,0,6
436,5,1793.0,3076.0,12.0,5.0,1,406,0,407
436,36,431.0,2899.0,21.0,23.0,1,223,0,235
436,45,682.0,2910.0,43.0,48.0,1,160,0,199
436,46,31.0,2936.0,49.0,12.0,1,128,0,196
436,50,799.0,2898.0,20.0,18.0,1,127,0,170
436,57,505.0,2902.0,55.0,9.0,1,150,0,161
436,68,851.0,2900.0,58.0,25.0,1,110,0,141
436,71,125.0,2936.0,37.0,9.0,1,94,0,138
436,75,5.0,2934.0,18.0,10.0,0,78,1,99
436,79,218.0,2922.0,48.0,11.0,1,70,0,95
436,82,913.0,2901.0,78.0,22.0,0,51,2,74
436,86,1039.0,2914.0,59.0,7.0,0,37,2,47
436,91,1059.0,2913.0,25.0,7.0,1,24,0,29
436,92,33.0,19.0,51.0,34.0,0,11,3,14
436,93,591.0,2882.0,77.0,38.0,1,7,0,7
437,5,1795.0,3075.0,11.0,6.0,1,407,0,408
437,36,428.0,2897.0,43.0,25.0,1,224,0,236
437,45,682.0,2910.0,43.0,48.0,0,160,1,200
437,46,64.0,2938.0,64.0,10.0,1,129,0,197
437,50,793.0,2894.0,19.0,19.0,1,128,0,171
437,57,505.0,2902.0,55.0,9.0,0,150,1,162
437,68,851.0,2900.0,58.0,25.0,0,110,1,142
437,71,149.0,2925.0,71.0,17.0,1,95,0,139
437,75,0.0,2936.0,48.0,6.0,1,79,0,100
437,79,218.0,2922.0,48.0,11.0,0,70,1,96
437,82,913.0,2901.0,78.0,22.0,0,51,3,75
437,86,970.0,2905.0,57.0,14.0,1,38,0,48
437,91,1052.0,2913.0,47.0,14.0,1,25,0,30
437,92,33.0,19.0,51.0,34.0,0,11,4,15
437,93,585.0,2882.0,75.0,37.0,1,8,0,8
438,5,1797.0,3076.0,13.0,5.0,1,408,0,409
438,36,425.0,2894.0,27.0,31.0,1,225,0,237
438,45,682.0,2910.0,43.0,48.0,0,160,2,201
438,46,64.0,2938.0,64.0,10.0,0,129,1,198
438,50,788.0,2896.0,20.0,13.0,1,129,0,172
438,57,482.0,2898.0,49.0,10.0,1,151,0,163
438,68,818.0,2899.0,64.0,27.0,1,111,0,143
438,71,113.0,2926.0,71.0,18.0,1,96,0,140
438,75,0.0,2934.0,68.0,11.0,1,80,0,101
438,79,218.0,2922.0,48.0,11.0,0,70,2,97
438,82,913.0,2901.0,78.0,22.0,0,51,4,76
438,86,965.0,2906.0,54.0,10.0,1,39,0,49
438,91,1048.0,2912.0,43.0,13.0,1,26,0,31
438,92,33.0,19.0,51.0,34.0,0,11,5,16
438,93,579.0,2880.0,76.0,40.0,1,9,0,9
439,5,1798.0,3076.0,12.0,6.0,1,409,0,410
439,36,423.0,2896.0,42.0,28.0,1,226,0,238
439,45,682.0,2910.0,43.0,48.0,0,160,3,202
439,46,53.0,2934.0,65.0,13.0,1,130,0,199
439,50,784.0,2896.0,56.0,16.0,1,130,0,173
439,57,482.0,2898.0,49.0,10.0,0,151,1,164
439,68,818.0,2899.0,64.0,27.0,0,111,1,144
439,71,113.0,2926.0,71.0,18.0,0,96,1,141
439,75,0.0,2935.0,37.0,9.0,1,81,0,102
439,79,139.0,2922.0,72.0,18.0,1,71,0,98
439,82,913.0,2901.0,78.0,22.0,0,51,5,77
439,86,935.0,2898.0,53.0,17.0,1,40,0,50
439,91,1048.0,2912.0,43.0,13.0,0,26,1,32
439,92,33.0,19.0,51.0,34.0,0,11,6,17
439,93,571.0,2879.0,75.0,41.0,1,10,0,10
440,5,1800.0,3076.0,13.0,6.0,1,410,0,411
440,36,419.0,2895.0,42.0,26.0,1,227,0,239
440,45,682.0,2910.0,43.0,48.0,0,160,4,203
440,46,53.0,2934.0,65.0,13.0,0,130,1,200
440,50,776.0,2894.0,60.0,16.0,1,131,0,174
440,57,482.0,2898.0,49.0,10.0,0,151,2,165
440,68,818.0,2899.0,64.0,27.0,0,111,2,145
440,71,113.0,2926.0,71.0,18.0,0,96,2,142
440,75,13.0,2933.0,44.0,13.0,1,82,0,103
440,79,77.0,2935.0,62.0,10.0,1,72,0,99
440,82,913.0,2901.0,78.0,22.0,0,51,6,78
440,86,935.0,2898.0,53.0,17.0,0,40,1,51
440,91,1048.0,2912.0,43.0,13.0,0,26,2,33
440,92,33.0,19.0,51.0,34.0,0,11,7,18
440,93,562.0,2876.0,78.0,39.0,1,11,0,11
441,5,1800.0,3077.0,15.0,5.0,1,411,0,412
441,36,414.0,2895.0,30.0,26.0,1,228,0,240
441,45,682.0,2910.0,43.0,48.0,0,160,5,204
441,46,53.0,2934.0,65.0,13.0,0,130,2,201
441,50,773.0,2894.0,55.0,17.0,1,132,0,175
441,57,511.0,2899.0,57.0,8.0,1,152,0,166
441,68,818.0,2899.0,64.0,27.0,0,111,3,146
441,71,128.0,2922.0,72.0,19.0,1,97,0,143
441,75,2.0,2930.0,76.0,15.0,1,83,0,104
441,79,77.0,2935.0,62.0,10.0,0,72,1,100
441,82,913.0,2901.0,78.0,22.0,0,51,7,79
441,86,935.0,2898.0,53.0,17.0,0,40,2,52
441,91,1035.0,2906.0,45.0,19.0,1,27,0,34
441,92,33.0,19.0,51.0,34.0,0,11,8,19
441,93,562.0,2876.0,78.0,39.0,0,11,1,12
442,5,1807.0,3078.0,9.0,5.0,1,412,0,413
442,36,408.0,2892.0,44.0,28.0,1,229,0,241
442,45,682.0,2910.0,43.0,48.0,0,160,6,205
442,46,230.0,2916.0,49.0,14.0,1,131,0,202
442,50,765.0,2897.0,40.0,13.0,1,133,0,176
442,57,482.0,2894.0,59.0,13.0,1,153,0,167
442,68,818.0,2899.0,64.0,27.0,0,111,4,147
442,71,124.0,2922.0,71.0,18.0,1,98,0,144
442,75,0.0,2932.0,22.0,8.0,1,84,0,105
442,79,38.0,2934.0,62.0,11.0,1,73,0,101
442,82,913.0,2901.0,78.0,22.0,0,51,8,80
442,86,935.0,2898.0,53.0,17.0,0,40,3,53
442,91,1028.0,2908.0,25.0,8.0,1,28,0,35
442,92,33.0,19.0,51.0,34.0,0,11,9,20
442,93,550.0,2876.0,78.0,40.0,1,12,0,13
443,5,1807.0,3078.0,9.0,5.0,1,413,0,414
443,36,404.0,2893.0,30.0,28.0,1,230,0,242
443,45,682.0,2910.0,43.0,48.0,0,160,7,206
443,46,202.0,2920.0,52.0,6.0,1,132,0,203
443,50,763.0,2895.0,36.0,15.0,1,134,0,177
443,57,455.0,2894.0,57.0,11.0,1,154,0,168
443,68,818.0,2899.0,64.0,27.0,0,111,5,148
443,71,116.0,2921.0,76.0,16.0,1,99,0,145
443,75,8.0,2932.0,60.0,14.0,1,85,0,106
443,79,38.0,2934.0,62.0,11.0,0,73,1,102
443,82,913.0,2901.0,78.0,22.0,0,51,9,81
443,86,935.0,2898.0,53.0,17.0,0,40,4,54
443,91,1022.0,2909.0,42.0,14.0,1,29,0,36
443,92,33.0,19.0,51.0,34.0,0,11,10,21
443,93,548.0,2875.0,73.0,37.0,1,13,0,14
444,5,1810.0,3079.0,9.0,5.0,1,414,0,415
444,36,395.0,2893.0,32.0,27.0,1,231,0,243
444,45,682.0,2910.0,43.0,48.0,0,160,8,207
444,46,202.0,2920.0,52.0,6.0,0,132,1,204
444,50,755.0,2893.0,37.0,13.0,1,135,0,178
444,57,472.0,2866.0,116.0,44.0,1,155,0,169
444,68,818.0,2899.0,64.0,27.0,0,111,6,149
444,71,84.0,2925.0,63.0,17.0,1,100,0,146
444,75,2.0,2932.0,59.0,12.0,1,86,0,107
444,79,38.0,2934.0,62.0,11.0,0,73,2,103
444,82,913.0,2901.0,78.0,22.0,0,51,10,82
444,86,900.0,2867.0,93.0,45.0,1,41,0,55
444,91,1013.0,2904.0,43.0,17.0,1,30,0,37
444,92,33.0,19.0,51.0,34.0,0,11,11,22
444,93,548.0,2875.0,73.0,37.0,0,13,1,15
445,5,1812.0,3079.0,9.0,5.0,1,415,0,416
445,36,389.0,2892.0,46.0,27.0,1,232,0,244
445,45,682.0,2910.0,43.0,48.0,0,160,9,208
445,46,202.0,2920.0,52.0,6.0,0,132,2,205
445,50,751.0,2895.0,34.0,10.0,1,136,0,179
445,57,472.0,2866.0,116.0,44.0,0,155,1,170
445,68,818.0,2899.0,64.0,27.0,0,111,7,150
445,71,107.0,2921.0,74.0,17.0,1,101,0,147
445,75,0.0,2931.0,57.0,12.0,1,87,0,108
445,79,38.0,2934.0,62.0,11.0,0,73,3,104
445,82,981.0,2906.0,53.0,8.0,1,52,0,83
445,86,900.0,2867.0,93.0,45.0,0,41,1,56
445,91,1047.0,2906.0,35.0,16.0,1,31,0,38
445,92,33.0,19.0,51.0,34.0,0,11,12,23
445,93,495.0,2864.0,89.0,46.0,1,14,0,16
446,5,1813.0,3080.0,10.0,5.0,1,416,0,417
446,36,383.0,2891.0,47.0,29.0,1,233,0,245
446,45,682.0,2910.0,43.0,48.0,0,160,10,209
446,46,185.0,2918.0,71.0,9.0,1,133,0,206
446,50,745.0,2895.0,35.0,13.0,1,137,0,180
446,57,472.0,2866.0,116.0,44.0,0,155,2,171
446,68,818.0,2899.0,64.0,27.0,0,111,8,151
446,71,105.0,2920.0,72.0,15.0,1,102,0,148
446,75,14.0,2927.0,65.0,17.0,1,88,0,109
446,79,38.0,2934.0,62.0,11.0,0,73,4,105
446,82,1003.0,2905.0,49.0,16.0,1,53,0,84
446,86,877.0,2853.0,53.0,55.0,1,42,0,57
446,91,1047.0,2906.0,35.0,16.0,0,31,1,39
446,92,33.0,19.0,51.0,34.0,0,11,13,24
446,93,495.0,2864.0,89.0,46.0,0,14,1,17
447,5,1815.0,3080.0,10.0,6.0,1,417,0,418
447,36,375.0,2890.0,48.0,28.0,1,234,0,246
447,45,682.0,2910.0,43.0,48.0,0,160,11,210
447,46,185.0,2918.0,71.0,9.0,0,133,1,207
447,50,740.0,2893.0,35.0,15.0,1,138,0,181
447,57,459.0,2863.0,72.0,43.0,1,156,0,172
447,68,818.0,2899.0,64.0,27.0,0,111,9,152
447,71,99.0,2919.0,71.0,17.0,1,103,0,149
447,75,13.0,2931.0,33.0,9.0,1,89,0,110
447,79,38.0,2934.0,62.0,11.0,0,73,5,106
447,82,1003.0,2905.0,49.0,16.0,0,53,1,85
447,86,877.0,2853.0,53.0,55.0,0,42,1,58
447,91,1038.0,2908.0,36.0,16.0,1,32,0,40
447,92,33.0,19.0,51.0,34.0,0,11,14,25
447,93,495.0,2864.0,89.0,46.0,0,14,2,18
448,5,1817.0,3081.0,10.0,6.0,1,418,0,419
448,36,369.0,2890.0,43.0,27.0,1,235,0,247
448,45,603.0,2904.0,41.0,43.0,1,161,0,211
448,46,174.0,2914.0,72.0,11.0,1,134,0,208
448,50,734.0,2892.0,34.0,13.0,1,139,0,182
448,57,455.0,2874.0,73.0,31.0,1,157,0,173
448,68,818.0,2899.0,64.0,27.0,0,111,10,153
448,71,58.0,2921.0,76.0,17.0,1,104,0,150
448,75,2.0,2930.0,38.0,10.0,1,90,0,111
448,79,38.0,2934.0,62.0,11.0,0,73,6,107
448,82,994.0,2903.0,49.0,17.0,1,54,0,86
448,86,877.0,2853.0,53.0,55.0,0,42,2,59
448,91,1038.0,2908.0,36.0,16.0,0,32,1,41
448,93,495.0,2864.0,89.0,46.0,0,14,3,19
449,5,1819.0,3082.0,9.0,5.0,1,419,0,420
449,36,364.0,2889.0,44.0,30.0,1,236,0,248
449,45,595.0,2903.0,45.0,41.0,1,162,0,212
449,46,174.0,2914.0,72.0,11.0,0,134,1,209
449,50,728.0,2894.0,32.0,9.0,1,140,0,183
449,57,455.0,2874.0,73.0,31.0,0,157,1,174
449,68,818.0,2899.0,64.0,27.0,0,111,11,154
449,71,121.0,2917.0,41.0,8.0,1,105,0,151
449,75,34.0,2927.0,56.0,13.0,1,91,0,112
449,79,38.0,2934.0,62.0,11.0,0,73,7,108
449,82,988.0,2903.0,47.0,16.0,1,55,0,87
449,86,877.0,2853.0,53.0,55.0,0,42,3,60
449,91,903.0,2900.0,61.0,8.0,1,33,0,42
449,93,451.0,2885.0,74.0,18.0,1,15,0,20
450,5,1820.0,3083.0,11.0,5.0,1,420,0,421
450,36,359.0,2888.0,45.0,31.0,1,237,0,249
450,45,592.0,2902.0,40.0,45.0,1,163,0,213
450,46,148.0,2915.0,54.0,9.0,1,135,0,210
450,50,722.0,2893.0,37.0,11.0,1,141,0,184
450,57,455.0,2874.0,73.0,31.0,0,157,2,175
450,68,818.0,2899.0,64.0,27.0,0,111,12,155
450,71,49.0,2918.0,73.0,17.0,1,106,0,152
450,75,0.0,2929.0,31.0,9.0,1,92,0,113
450,79,38.0,2934.0,62.0,11.0,0,73,8,109
450,82,1022.0,2903.0,36.0,18.0,1,56,0,88
450,86,877.0,2853.0,53.0,55.0,0,42,4,61
450,91,980.0,2902.0,27.0,10.0,1,34,0,43
450,93,451.0,2885.0,74.0,18.0,0,15,1,21
451,5,1823.0,3084.0,10.0,5.0,1,421,0,422
451,36,352.0,2888.0,46.0,29.0,1,238,0,250
451,45,592.0,2902.0,40.0,45.0,0,163,1,214
451,46,118.0,2915.0,50.0,13.0,1,136,0,211
451,50,722.0,2893.0,37.0,11.0,0,141,1,185
451,57,455.0,2874.0,73.0,31.0,0,157,3,176
451,68,715.0,2890.0,93.0,46.0,1,112,0,156
451,71,43.0,2919.0,74.0,15.0,1,107,0,153
451,75,18.0,2932.0,6.0,5.0,1,93,0,114
451,79,38.0,2934.0,62.0,11.0,0,73,9,110
451,82,1022.0,2903.0,36.0,18.0,0,56,1,89
451,86,877.0,2853.0,53.0,55.0,0,42,5,62
451,91,943.0,2902.0,41.0,9.0,1,35,0,44
451,93,442.0,2894.0,74.0,26.0,1,16,0,22
452,5,1825.0,3085.0,10.0,5.0,1,422,0,423
452,36,345.0,2887.0,46.0,27.0,1,239,0,251
452,45,577.0,2900.0,40.0,9.0,1,164,0,215
452,46,118.0,2915.0,50.0,13.0,0,136,1,212
452,50,710.0,2892.0,35.0,9.0,1,142,0,186
452,57,455.0,2874.0,73.0,31.0,0,157,4,177
452,68,715.0,2890.0,93.0,46.0,0,112,1,157
452,71,39.0,2917.0,75.0,18.0,1,108,0,154
452,75,11.0,2926.0,8.0,9.0,1,94,0,115
452,79,38.0,2934.0,62.0,11.0,0,73,10,111
452,82,1011.0,2904.0,33.0,14.0,1,57,0,90
452,86,877.0,2853.0,53.0,55.0,0,42,6,63
452,91,909.0,2895.0,64.0,17.0,1,36,0,45
452,93,440.0,2892.0,72.0,40.0,1,17,0,23
453,5,1827.0,3085.0,9.0,5.0,1,423,0,424
453,36,339.0,2886.0,47.0,31.0,1,240,0,252
453,45,571.0,2898.0,43.0,14.0,1,165,0,216
453,46,106.0,2914.0,55.0,10.0,1,137,0,213
453,50,706.0,2890.0,30.0,11.0,1,143,0,187
453,57,390.0,2893.0,53.0,21.0,1,158,0,178
453,68,715.0,2890.0,93.0,46.0,0,112,2,158
453,71,39.0,2917.0,75.0,18.0,0,108,1,155
453,75,8.0,2927.0,34.0,9.0,1,95,0,116
453,79,38.0,2934.0,62.0,11.0,0,73,11,112
453,82,1011.0,2904.0,33.0,14.0,0,57,1,91
453,86,877.0,2853.0,53.0,55.0,0,42,7,64
453,91,909.0,2895.0,64.0,17.0,0,36,1,46
453,93,440.0,2892.0,72.0,40.0,0,17,1,24
453,96,149.0,19.0,57.0,32.0,1,5,0,5
454,5,1826.0,3086.0,12.0,5.0,1,424,0,425
454,36,335.0,2884.0,46.0,32.0,1,241,0,253
454,45,565.0,2898.0,44.0,11.0,1,166,0,217
454,46,106.0,2914.0,55.0,10.0,0,137,1,214
454,50,701.0,2890.0,30.0,11.0,1,144,0,188
454,57,390.0,2893.0,53.0,21.0,0,158,1,179
454,68,715.0,2890.0,93.0,46.0,0,112,3,159
454,71,30.0,2916.0,73.0,19.0,1,109,0,156
454,75,8.0,2927.0,34.0,9.0,0,95,1,117
454,79,38.0,2934.0,62.0,11.0,0,73,12,113
454,82,1000.0,2903.0,37.0,17.0,1,58,0,92
454,86,877.0,2853.0,53.0,55.0,0,42,8,65
454,91,875.0,2896.0,30.0,8.0,1,37,0,47
454,93,440.0,2892.0,72.0,40.0,0,17,2,25
454,96,149.0,19.0,57.0,32.0,0,5,1,6
455,5,1826.0,3086.0,14.0,4.0,1,425,0,426
455,36,329.0,2884.0,43.0,31.0,1,242,0,254
455,45,559.0,2896.0,44.0,13.0,1,167,0,218
455,46,95.0,2913.0,43.0,12.0,1,138,0,215
455,50,701.0,2890.0,30.0,11.0,0,144,1,189
455,57,390.0,2893.0,53.0,21.0,0,158,2,180
455,68,695.0,2890.0,89.0,42.0,1,113,0,160
455,71,30.0,2916.0,73.0,19.0,0,109,1,157
455,75,0.0,2922.0,63.0,10.0,1,96,0,118
455,79,38.0,2934.0,62.0,11.0,0,73,13,114
455,82,1000.0,2903.0,37.0,17.0,0,58,1,93
455,86,877.0,2853.0,53.0,55.0,0,42,9,66
455,91,875.0,2896.0,30.0,8.0,0,37,1,48
455,93,440.0,2892.0,72.0,40.0,0,17,3,26
455,96,46.0,19.0,64.0,32.0,1,6,0,7
456,5,1829.0,3087.0,13.0,5.0,1,426,0,427
456,36,321.0,2884.0,46.0,29.0,1,243,0,255
456,45,556.0,2896.0,40.0,9.0,1,168,0,219
456,46,91.0,2913.0,38.0,8.0,1,139,0,216
456,50,688.0,2890.0,33.0,10.0,1,145,0,190
456,57,390.0,2893.0,53.0,21.0,0,158,3,181
456,68,695.0,2890.0,89.0,42.0,0,113,1,161
456,71,30.0,2916.0,73.0,19.0,0,109,2,158
456,75,0.0,2924.0,58.0,9.0,1,97,0,119
456,79,38.0,2934.0,62.0,11.0,0,73,14,115
456,82,990.0,2902.0,34.0,14.0,1,59,0,94
456,86,877.0,2853.0,53.0,55.0,0,42,10,67
456,91,862.0,2895.0,62.0,7.0,1,38,0,49
456,93,440.0,2892.0,72.0,40.0,0,17,4,27
456,96,7.0,19.0,13.0,33.0,1,7,0,8
457,5,1832.0,3087.0,12.0,5.0,1,427,0,428
457,36,315.0,2884.0,47.0,30.0,1,244,0,256
457,45,547.0,2895.0,43.0,9.0,1,169,0,220
457,46,89.0,2914.0,33.0,7.0,1,140,0,217
457,50,684.0,2890.0,31.0,8.0,1,146,0,191
457,57,390.0,2893.0,53.0,21.0,0,158,4,182
457,68,695.0,2890.0,89.0,42.0,0,113,2,162
457,71,30.0,2916.0,73.0,19.0,0,109,3,159
457,75,14.0,2922.0,37.0,7.0,1,98,0,120
457,82,983.0,2898.0,36.0,18.0,1,60,0,95
457,86,877.0,2853.0,53.0,55.0,0,42,11,68
457,91,857.0,2895.0,62.0,7.0,1,39,0,50
457,93,440.0,2892.0,72.0,40.0,0,17,5,28
457,96,7.0,19.0,13.0,33.0,0,7,1,9
458,5,1833.0,3087.0,12.0,4.0,1,428,0,429
458,36,310.0,2882.0,7.0,5.0,1,245,0,257
458,45,542.0,2895.0,43.0,10.0,1,170,0,221
458,46,80.0,2913.0,36.0,6.0,1,141,0,218
458,50,674.0,2886.0,36.0,13.0,1,147,0,192
458,57,390.0,2893.0,53.0,21.0,0,158,5,183
458,68,695.0,2890.0,89.0,42.0,0,113,3,163
458,71,30.0,2916.0,73.0,19.0,0,109,4,160
458,75,8.0,2918.0,38.0,11.0,1,99,0,121
458,82,955.0,2899.0,60.0,18.0,1,61,0,96
458,86,877.0,2853.0,53.0,55.0,0,42,12,69
458,91,851.0,2890.0,29.0,10.0,1,40,0,51
458,93,440.0,2892.0,72.0,40.0,0,17,6,29
458,96,7.0,19.0,13.0,33.0,0,7,2,10
459,5,1833.0,3087.0,14.0,5.0,1,429,0,430
459,36,304.0,2880.0,7.0,7.0,1,246,0,258
459,45,536.0,2894.0,40.0,9.0,1,171,0,222
459,46,79.0,2910.0,33.0,7.0,1,142,0,219
459,50,670.0,2887.0,30.0,10.0,1,148,0,193
459,57,390.0,2893.0,53.0,21.0,0,158,6,184
459,68,695.0,2890.0,89.0,42.0,0,113,4,164
459,71,5.0,2921.0,47.0,9.0,1,110,0,161
459,75,8.0,2918.0,38.0,11.0,0,99,1,122
459,82,930.0,2894.0,54.0,23.0,1,62,0,97
459,86,877.0,2853.0,53.0,55.0,0,42,13,70
459,91,845.0,2890.0,30.0,8.0,1,41,0,52
459,93,440.0,2892.0,72.0,40.0,0,17,7,30
459,96,7.0,19.0,13.0,33.0,0,7,3,11
460,5,1837.0,3087.0,12.0,5.0,1,430,0,431
460,36,298.0,2880.0,9.0,7.0,1,247,0,259
460,45,530.0,2891.0,40.0,12.0,1,172,0,223
460,46,76.0,2909.0,42.0,8.0,1,143,0,220
460,50,665.0,2887.0,28.0,11.0,1,149,0,194
460,57,390.0,2893.0,53.0,21.0,0,158,7,185
460,68,695.0,2890.0,89.0,42.0,0,113,5,165
460,71,0.0,2921.0,52.0,9.0,1,111,0,162
460,75,8.0,2918.0,38.0,11.0,0,99,2,123
460,82,926.0,2894.0,27.0,10.0,1,63,0,98
460,86,877.0,2853.0,53.0,55.0,0,42,14,71
460,91,839.0,2891.0,31.0,10.0,1,42,0,53
460,93,440.0,2892.0,72.0,40.0,0,17,8,31
460,96,7.0,19.0,13.0,33.0,0,7,4,12
461,5,1837.0,3087.0,14.0,5.0,1,431,0,432
461,36,292.0,2880.0,10.0,6.0,1,248,0,260
461,45,524.0,2891.0,40.0,9.0,1,173,0,224
461,46,47.0,2911.0,55.0,19.0,1,144,0,221
461,50,659.0,2886.0,30.0,11.0,1,150,0,195
461,57,390.0,2893.0,53.0,21.0,0,158,8,186
461,68,695.0,2890.0,89.0,42.0,0,113,6,166
461,71,0.0,2918.0,37.0,8.0,1,112,0,163
461,75,8.0,2918.0,38.0,11.0,0,99,3,124
461,82,921.0,2894.0,54.0,23.0,1,64,0,99
461,91,834.0,2890.0,31.0,10.0,1,43,0,54
461,93,440.0,2892.0,72.0,40.0,0,17,9,32
461,96,7.0,19.0,13.0,33.0,0,7,5,13
462,5,1837.0,3087.0,17.0,5.0,1,432,0,433
462,36,287.0,2879.0,7.0,5.0,1,249,0,261
462,45,519.0,2892.0,41.0,8.0,1,174,0,225
462,46,21.0,2911.0,50.0,13.0,1,145,0,222
462,50,655.0,2887.0,29.0,9.0,1,151,0,196
462,57,338.0,2885.0,69.0,27.0,1,159,0,187
462,68,695.0,2890.0,89.0,42.0,0,113,7,167
462,71,0.0,2918.0,37.0,8.0,0,112,1,164
462,75,8.0,2918.0,38.0,11.0,0,99,4,125
462,82,914.0,2896.0,54.0,16.0,1,65,0,100
462,91,827.0,2889.0,63.0,10.0,1,44,0,55
462,93,440.0,2892.0,72.0,40.0,0,17,10,33
462,96,7.0,19.0,13.0,33.0,0,7,6,14
463,5,1841.0,3084.0,16.0,8.0,1,433,0,434
463,36,279.0,2878.0,9.0,6.0,1,250,0,262
463,45,513.0,2890.0,39.0,10.0,1,175,0,226
463,46,13.0,2909.0,51.0,17.0,1,146,0,223
463,50,641.0,2887.0,35.0,11.0,1,152,0,197
463,57,334.0,2887.0,28.0,23.0,1,160,0,188
463,68,695.0,2890.0,89.0,42.0,0,113,8,168
463,71,0.0,2918.0,37.0,8.0,0,112,2,165
463,75,8.0,2918.0,38.0,11.0,0,99,5,126
463,82,908.0,2894.0,59.0,18.0,1,66,0,101
463,91,789.0,2857.0,96.0,43.0,1,45,0,56
463,93,440.0,2892.0,72.0,40.0,0,17,11,34
463,96,7.0,19.0,13.0,33.0,0,7,7,15
464,5,1842.0,3084.0,18.0,7.0,1,434,0,435
464,36,275.0,2878.0,10.0,6.0,1,251,0,263
464,45,507.0,2889.0,41.0,8.0,1,176,0,227
464,46,13.0,2909.0,51.0,17.0,0,146,1,224
464,50,638.0,2887.0,33.0,10.0,1,153,0,198
464,57,331.0,2886.0,13.0,26.0,1,161,0,189
464,68,695.0,2890.0,89.0,42.0,0,113,9,169
464,71,0.0,2918.0,37.0,8.0,0,112,3,166
464,75,8.0,2918.0,12.0,5.0,1,100,0,127
464,82,921.0,2892.0,60.0,21.0,1,67,0,102
464,91,789.0,2857.0,96.0,43.0,0,45,1,57
464,93,440.0,2892.0,72.0,40.0,0,17,12,35
464,96,7.0,19.0,13.0,33.0,0,7,8,16
465,5,1843.0,3085.0,16.0,6.0,1,435,0,436
465,36,267.0,2878.0,9.0,5.0,1,252,0,264
465,45,500.0,2889.0,43.0,6.0,1,177,0,228
465,46,13.0,2909.0,51.0,17.0,0,146,2,225
465,50,634.0,2885.0,31.0,12.0,1,154,0,199
465,57,331.0,2886.0,13.0,26.0,0,161,1,190
465,68,695.0,2890.0,89.0,42.0,0,113,10,170
465,71,0.0,2918.0,37.0,8.0,0,112,4,167
465,75,7.0,2915.0,9.0,6.0,1,101,0,128
465,82,944.0,2895.0,34.0,18.0,1,68,0,103
465,91,897.0,2893.0,29.0,7.0,1,46,0,58
465,93,440.0,2892.0,72.0,40.0,0,17,13,36
465,96,7.0,19.0,13.0,33.0,0,7,9,17
466,5,1844.0,3085.0,16.0,5.0,1,436,0,437
466,36,262.0,2876.0,64.0,36.0,1,253,0,265
466,45,495.0,2888.0,40.0,7.0,1,178,0,229
466,46,0.0,2911.0,49.0,10.0,1,147,0,226
466,50,630.0,2886.0,28.0,11.0,1,155,0,200
466,57,331.0,2886.0,13.0,26.0,0,161,2,191
466,68,695.0,2890.0,89.0,42.0,0,113,11,171
466,71,0.0,2918.0,37.0,8.0,0,112,5,168
466,75,7.0,2915.0,9.0,6.0,0,101,1,129
466,82,891.0,2893.0,46.0,10.0,1,69,0,104
466,91,897.0,2893.0,29.0,7.0,0,46,1,59
466,93,375.0,2885.0,69.0,16.0,1,18,0,37
466,96,7.0,19.0,13.0,33.0,0,7,10,18
467,5,1844.0,3084.0,18.0,6.0,1,437,0,438
467,36,256.0,2874.0,8.0,6.0,1,254,0,266
467,45,489.0,2887.0,41.0,9.0,1,179,0,230
467,46,0.0,2911.0,49.0,10.0,0,147,1,227
467,50,622.0,2883.0,29.0,12.0,1,156,0,201
467,57,331.0,2886.0,13.0,26.0,0,161,3,192
467,68,695.0,2890.0,89.0,42.0,0,113,12,172
467,71,0.0,2918.0,37.0,8.0,0,112,6,169
467,75,7.0,2915.0,9.0,6.0,0,101,2,130
467,82,886.0,2890.0,25.0,9.0,1,70,0,105
467,91,897.0,2893.0,29.0,7.0,0,46,2,60
467,93,334.0,2885.0,50.0,18.0,1,19,0,38
467,96,7.0,19.0,13.0,33.0,0,7,11,19
467,98,189.0,19.0,64.0,35.0,1,5,0,5
468,5,1847.0,3083.0,16.0,6.0,1,438,0,439
468,36,251.0,2876.0,9.0,8.0,1,255,0,267
468,45,452.0,2886.0,72.0,13.0,1,180,0,231
468,46,0.0,2911.0,49.0,10.0,0,147,2,228
468,50,618.0,2884.0,27.0,10.0,1,157,0,202
468,57,316.0,2882.0,35.0,25.0,1,162,0,193
468,68,695.0,2890.0,89.0,42.0,0,113,13,173
468,71,0.0,2918.0,37.0,8.0,0,112,7,170
468,75,7.0,2915.0,9.0,6.0,0,101,3,131
468,82,927.0,2892.0,33.0,17.0,1,71,0,106
468,91,761.0,2855.0,96.0,70.0,1,47,0,61
468,93,366.0,2882.0,68.0,15.0,1,20,0,39
468,96,7.0,19.0,13.0,33.0,0,7,12,20
468,98,134.0,19.0,57.0,34.0,1,6,0,6
469,5,1847.0,3083.0,16.0,5.0,1,439,0,440
469,36,244.0,2875.0,9.0,8.0,1,256,0,268
469,45,445.0,2885.0,73.0,12.0,1,181,0,232
469,46,0.0,2911.0,49.0,10.0,0,147,3,229
469,50,613.0,2884.0,26.0,10.0,1,158,0,203
469,57,309.0,2878.0,23.0,30.0,1,163,0,194
469,68,695.0,2890.0,89.0,42.0,0,113,14,174
469,71,0.0,2918.0,37.0,8.0,0,112,8,171
469,75,32.0,2903.0,5.0,8.0,1,102,0,132
469,82,891.0,2890.0,65.0,18.0,1,72,0,107
469,91,755.0,2853.0,93.0,72.0,1,48,0,62
469,93,366.0,2882.0,68.0,15.0,0,20,1,40
469,96,7.0,19.0,13.0,33.0,0,7,13,21
469,98,134.0,19.0,57.0,34.0,0,6,1,7
470,5,1848.0,3082.0,17.0,5.0,1,440,0,441
470,36,239.0,2874.0,8.0,5.0,1,257,0,269
470,45,439.0,2886.0,73.0,11.0,1,182,0,233
470,46,0.0,2911.0,49.0,10.0,0,147,4,230
470,50,604.0,2883.0,30.0,13.0,1,159,0,204
470,57,303.0,2880.0,39.0,27.0,1,164,0,195
470,71,0.0,2918.0,37.0,8.0,0,112,9,172
470,75,29.0,2906.0,9.0,6.0,1,103,0,133
470,82,886.0,2889.0,61.0,24.0,1,73,0,108
470,91,755.0,2853.0,93.0,72.0,0,48,1,63
470,93,366.0,2882.0,68.0,15.0,0,20,2,41
470,96,7.0,19.0,13.0,33.0,0,7,14,22
470,98,18.0,19.0,64.0,34.0,1,7,0,8
471,5,1849.0,3081.0,17.0,5.0,1,441,0,442
471,36,230.0,2870.0,12.0,9.0,1,258,0,270
471,45,414.0,2884.0,61.0,13.0,1,183,0,234
471,46,0.0,2911.0,49.0,10.0,0,147,5,231
471,50,598.0,2884.0,28.0,8.0,1,160,0,205
471,57,298.0,2881.0,16.0,24.0,1,165,0,196
471,71,0.0,2918.0,37.0,8.0,0,112,10,173
471,75,26.0,2904.0,8.0,9.0,1,104,0,134
471,82,884.0,2887.0,60.0,18.0,1,74,0,109
471,91,755.0,2853.0,93.0,72.0,0,48,2,64
471,93,366.0,2882.0,68.0,15.0,0,20,3,42
471,98,18.0,19.0,64.0,34.0,0,7,1,9
472,5,1850.0,3080.0,17.0,5.0,1,442,0,443
472,36,229.0,2874.0,8.0,5.0,1,259,0,271
472,45,427.0,2883.0,72.0,16.0,1,184,0,235
472,46,0.0,2911.0,49.0,10.0,0,147,6,232
472,50,598.0,2884.0,28.0,8.0,0,160,1,206
472,57,295.0,2876.0,12.0,28.0,1,166,0,197
472,71,0.0,2918.0,37.0,8.0,0,112,11,174
472,75,19.0,2903.0,22.0,8.0,1,105,0,135
472,82,877.0,2887.0,62.0,19.0,1,75,0,110
472,91,593.0,2840.0,170.0,99.0,1,49,0,65
472,93,366.0,2882.0,68.0,15.0,0,20,4,43
472,98,18.0,19.0,64.0,34.0,0,7,2,10
473,5,1851.0,3080.0,16.0,5.0,1,443,0,444
473,36,219.0,2873.0,14.0,7.0,1,260,0,272
473,45,423.0,2883.0,69.0,14.0,1,185,0,236
473,46,0.0,2911.0,49.0,10.0,0,147,7,233
473,50,598.0,2884.0,28.0,8.0,0,160,2,207
473,57,291.0,2879.0,13.0,25.0,1,167,0,198
473,71,0.0,2918.0,37.0,8.0,0,112,12,175
473,75,14.0,2903.0,28.0,8.0,1,106,0,136
473,82,853.0,2886.0,54.0,17.0,1,76,0,111
473,91,593.0,2840.0,170.0,99.0,0,49,1,66
473,93,366.0,2882.0,68.0,15.0,0,20,5,44
473,98,18.0,19.0,64.0,34.0,0,7,3,11
474,5,1851.0,3079.0,17.0,6.0,1,444,0,445
474,36,217.0,2873.0,7.0,5.0,1,261,0,273
474,45,419.0,2882.0,67.0,15.0,1,186,0,237
474,46,0.0,2911.0,49.0,10.0,0,147,8,234
474,50,598.0,2884.0,28.0,8.0,0,160,3,208
474,57,283.0,2878.0,21.0,24.0,1,168,0,199
474,71,0.0,2918.0,37.0,8.0,0,112,13,176
474,75,10.0,2901.0,30.0,7.0,1,107,0,137
474,82,844.0,2886.0,28.0,8.0,1,77,0,112
474,91,580.0,2843.0,176.0,96.0,1,50,0,67
474,93,366.0,2882.0,68.0,15.0,0,20,6,45
474,98,18.0,19.0,64.0,34.0,0,7,4,12
475,5,1855.0,3078.0,13.0,9.0,1,445,0,446
475,36,210.0,2871.0,8.0,6.0,1,262,0,274
475,45,440.0,2881.0,41.0,8.0,1,187,0,238
475,46,0.0,2911.0,49.0,10.0,0,147,9,235
475,50,598.0,2884.0,28.0,8.0,0,160,4,209
475,57,283.0,2878.0,19.0,24.0,1,169,0,200
475,71,0.0,2918.0,37.0,8.0,0,112,14,177
475,75,7.0,2899.0,39.0,9.0,1,108,0,138
475,82,839.0,2884.0,25.0,8.0,1,78,0,113
475,91,580.0,2843.0,176.0,96.0,0,50,1,68
475,93,374.0,2879.0,50.0,16.0,1,21,0,46
475,98,18.0,19.0,64.0,34.0,0,7,5,13
476,5,1855.0,3076.0,14.0,7.0,1,446,0,447
476,36,207.0,2872.0,7.0,6.0,1,263,0,275
476,45,411.0,2880.0,63.0,15.0,1,188,0,239
476,46,0.0,2911.0,49.0,10.0,0,147,10,236
476,50,598.0,2884.0,28.0,8.0,0,160,5,210
476,57,277.0,2873.0,25.0,28.0,1,170,0,201
476,75,3.0,2900.0,40.0,8.0,1,109,0,139
476,82,851.0,2884.0,65.0,19.0,1,79,0,114
476,91,580.0,2843.0,176.0,96.0,0,50,2,69
476,93,332.0,2875.0,64.0,21.0,1,22,0,47
476,98,18.0,19.0,64.0,34.0,0,7,6,14
477,5,1860.0,3073.0,10.0,10.0,1,447,0,448
477,36,200.0,2872.0,8.0,7.0,1,264,0,276
477,45,383.0,2879.0,54.0,17.0,1,189,0,240
477,46,0.0,2911.0,49.0,10.0,0,147,11,237
477,50,598.0,2884.0,28.0,8.0,0,160,6,211
477,57,270.0,2875.0,28.0,29.0,1,171,0,202
477,75,0.0,2898.0,42.0,8.0,1,110,0,140
477,82,829.0,2884.0,48.0,8.0,1,80,0,115
477,91,580.0,2843.0,176.0,96.0,0,50,3,70
477,93,332.0,2875.0,64.0,21.0,0,22,1,48
477,98,18.0,19.0,64.0,34.0,0,7,7,15
477,103,317.0,19.0,64.0,34.0,1,5,0,5
478,5,1854.0,3070.0,18.0,11.0,1,448,0,449
478,36,195.0,2871.0,7.0,4.0,1,265,0,277
478,45,421.0,2878.0,40.0,7.0,1,190,0,241
478,46,0.0,2911.0,49.0,10.0,0,147,12,238
478,50,598.0,2884.0,28.0,8.0,0,160,7,212
478,57,267.0,2875.0,61.0,24.0,1,172,0,203
478,75,0.0,2898.0,38.0,7.0,1,111,0,141
478,82,839.0,2882.0,67.0,16.0,1,81,0,116
478,91,580.0,2843.0,176.0,96.0,0,50,4,71
478,93,352.0,2877.0,59.0,16.0,1,23,0,49
478,98,18.0,19.0,64.0,34.0,0,7,8,16
478,103,279.0,19.0,62.0,34.0,1,6,0,6
479,5,1858.0,3075.0,15.0,10.0,1,449,0,450
479,36,187.0,2867.0,10.0,9.0,1,266,0,278
479,45,421.0,2878.0,40.0,7.0,0,190,1,242
479,46,0.0,2911.0,49.0,10.0,0,147,13,239
479,50,640.0,2867.0,50.0,35.0,1,161,0,213
479,57,262.0,2870.0,40.0,28.0,1,173,0,204
479,75,3.0,2899.0,28.0,7.0,1,112,0,142
479,82,863.0,2884.0,41.0,14.0,1,82,0,117
479,91,580.0,2843.0,176.0,96.0,0,50,5,72
479,93,375.0,2877.0,50.0,16.0,1,24,0,50
479,98,18.0,19.0,64.0,34.0,0,7,9,17
479,103,237.0,19.0,54.0,34.0,1,7,0,7
480,5,1858.0,3074.0,15.0,9.0,1,450,0,451
480,36,184.0,2869.0,8.0,8.0,1,267,0,279
480,45,408.0,2876.0,41.0,8.0,1,191,0,243
480,46,0.0,2911.0,49.0,10.0,0,147,14,240
480,50,640.0,2867.0,50.0,35.0,0,161,1,214
480,57,254.0,2869.0,39.0,28.0,1,174,0,205
480,75,1.0,2898.0,60.0,11.0,1,113,0,143
480,82,828.0,2880.0,68.0,21.0,1,83,0,118
480,91,580.0,2843.0,176.0,96.0,0,50,6,73
480,93,341.0,2875.0,58.0,20.0,1,25,0,51
480,98,18.0,19.0,64.0,34.0,0,7,10,18
480,103,188.0,19.0,64.0,33.0,1,8,0,8
481,5,1863.0,3071.0,14.0,7.0,1,451,0,452
481,36,177.0,2869.0,10.0,8.0,1,268,0,280
481,45,408.0,2876.0,41.0,8.0,0,191,1,244
481,50,640.0,2867.0,50.0,35.0,0,161,2,215
481,57,279.0,2867.0,64.0,22.0,1,175,0,206
481,75,0.0,2895.0,58.0,10.0,1,114,0,144
481,82,828.0,2880.0,68.0,21.0,0,83,1,119
481,91,580.0,2843.0,176.0,96.0,0,50,7,74
481,93,366.0,2875.0,46.0,17.0,1,26,0,52
481,98,18.0,19.0,64.0,34.0,0,7,11,19
481,103,140.0,19.0,59.0,33.0,1,9,0,9
482,5,1862.0,3067.0,13.0,10.0,1,452,0,453
482,36,173.0,2868.0,8.0,5.0,1,269,0,281
482,45,394.0,2875.0,40.0,6.0,1,192,0,245
482,50,640.0,2867.0,50.0,35.0,0,161,3,216
482,57,248.0,2866.0,61.0,29.0,1,176,0,207
482,75,7.0,2894.0,44.0,11.0,1,115,0,145
482,82,819.0,2878.0,64.0,18.0,1,84,0,120
482,91,550.0,2872.0,61.0,11.0,1,51,0,75
482,93,330.0,2873.0,41.0,15.0,1,27,0,53
482,98,18.0,19.0,64.0,34.0,0,7,12,20
482,103,87.0,19.0,64.0,33.0,1,10,0,10
483,5,1859.0,3072.0,17.0,5.0,1,453,0,454
483,36,167.0,2867.0,9.0,5.0,1,270,0,282
483,45,394.0,2875.0,40.0,6.0,0,192,1,246
483,50,727.0,2867.0,75.0,52.0,1,162,0,217
483,57,243.0,2867.0,40.0,26.0,1,177,0,208
483,75,2.0,2894.0,45.0,14.0,1,116,0,146
483,82,812.0,2879.0,68.0,17.0,1,85,0,121
483,91,527.0,2872.0,63.0,17.0,1,52,0,76
483,93,354.0,2874.0,43.0,19.0,1,28,0,54
483,98,18.0,19.0,64.0,34.0,0,7,13,21
483,103,34.0,19.0,58.0,33.0,1,11,0,11
484,5,1862.0,3071.0,13.0,9.0,1,454,0,455
484,36,163.0,2869.0,7.0,4.0,1,271,0,283
484,45,380.0,2871.0,43.0,19.0,1,193,0,247
484,50,720.0,2845.0,76.0,75.0,1,163,0,218
484,57,239.0,2869.0,37.0,24.0,1,178,0,209
484,75,0.0,2896.0,44.0,8.0,1,117,0,147
484,82,806.0,2878.0,68.0,17.0,1,86,0,122
484,91,519.0,2870.0,64.0,17.0,1,53,0,77
484,93,318.0,2872.0,44.0,17.0,1,29,0,55
484,98,18.0,19.0,64.0,34.0,0,7,14,22
484,103,34.0,19.0,58.0,33.0,0,11,1,12
485,5,1866.0,3067.0,9.0,9.0,1,455,0,456
485,36,156.0,2867.0,10.0,7.0,1,272,0,284
485,45,380.0,2871.0,43.0,19.0,0,193,1,248
485,50,654.0,2634.0,129.0,421.0,1,164,0,219
485,57,231.0,2870.0,37.0,24.0,1,179,0,210
485,75,0.0,2894.0,79.0,11.0,1,118,0,148
485,82,806.0,2878.0,68.0,17.0,0,86,1,123
485,91,512.0,2871.0,64.0,14.0,1,54,0,78
485,93,314.0,2870.0,61.0,18.0,1,30,0,56
485,103,34.0,19.0,58.0,33.0,0,11,2,13
486,5,1868.0,3063.0,10.0,10.0,1,456,0,457
486,36,151.0,2867.0,8.0,4.0,1,273,0,285
486,45,368.0,2871.0,41.0,16.0,1,194,0,249
486,50,709.0,2844.0,74.0,74.0,1,165,0,220
486,57,227.0,2867.0,32.0,23.0,1,180,0,211
486,75,22.0,2894.0,52.0,11.0,1,119,0,149
486,82,639.0,2810.0,64.0,64.0,1,87,0,124
486,91,505.0,2871.0,44.0,16.0,1,55,0,79
486,93,265.0,2862.0,57.0,17.0,1,31,0,57
486,103,34.0,19.0,58.0,33.0,0,11,3,14
487,5,1863.0,3063.0,17.0,10.0,1,457,0,458
487,36,146.0,2865.0,9.0,6.0,1,274,0,286
487,45,311.0,2871.0,63.0,17.0,1,195,0,250
487,50,703.0,2846.0,75.0,72.0,1,166,0,221
487,57,231.0,2866.0,64.0,23.0,1,181,0,212
487,75,19.0,2895.0,51.0,8.0,1,120,0,150
487,82,639.0,2810.0,64.0,64.0,0,87,1,125
487,91,499.0,2869.0,27.0,17.0,1,56,0,80
487,93,265.0,2862.0,57.0,17.0,0,31,1,58
487,103,34.0,19.0,58.0,33.0,0,11,4,15
488,5,1863.0,3066.0,17.0,8.0,1,458,0,459
488,36,143.0,2866.0,4.0,4.0,1,275,0,287
488,45,354.0,2870.0,42.0,17.0,1,196,0,251
488,50,703.0,2846.0,75.0,72.0,0,166,1,222
488,57,220.0,2862.0,63.0,26.0,1,182,0,213
488,75,15.0,2894.0,49.0,9.0,1,121,0,151
488,82,639.0,2810.0,64.0,64.0,0,87,2,126
488,91,491.0,2866.0,19.0,17.0,1,57,0,81
488,93,265.0,2862.0,57.0,17.0,0,31,2,59
488,103,34.0,19.0,58.0,33.0,0,11,5,16
489,5,1867.0,3063.0,13.0,9.0,1,459,0,460
489,36,135.0,2865.0,9.0,7.0,1,276,0,288
489,45,349.0,2869.0,40.0,15.0,1,197,0,252
489,50,703.0,2846.0,75.0,72.0,0,166,2,223
489,57,210.0,2866.0,63.0,23.0,1,183,0,214
489,75,7.0,2890.0,54.0,11.0,1,122,0,152
489,82,639.0,2810.0,64.0,64.0,0,87,3,127
489,91,487.0,2867.0,9.0,5.0,1,58,0,82
489,93,265.0,2862.0,57.0,17.0,0,31,3,60
489,103,34.0,19.0,58.0,33.0,0,11,6,17
490,5,1871.0,3060.0,9.0,8.0,1,460,0,461
490,36,129.0,2864.0,9.0,7.0,1,277,0,289
490,45,343.0,2868.0,39.0,15.0,1,198,0,253
490,50,703.0,2846.0,75.0,72.0,0,166,3,224
490,57,208.0,2865.0,40.0,20.0,1,184,0,215
490,75,0.0,2890.0,56.0,11.0,1,123,0,153
490,82,639.0,2810.0,64.0,64.0,0,87,4,128
490,91,480.0,2867.0,22.0,17.0,1,59,0,83
490,93,265.0,2862.0,57.0,17.0,0,31,4,61
490,103,34.0,19.0,58.0,33.0,0,11,7,18
491,5,1869.0,3056.0,13.0,11.0,1,461,0,462
491,36,123.0,2863.0,13.0,10.0,1,278,0,290
491,45,296.0,2868.0,56.0,20.0,1,199,0,254
491,50,763.0,2870.0,72.0,22.0,1,167,0,225
491,57,202.0,2861.0,38.0,24.0,1,185,0,216
491,75,0.0,2892.0,52.0,8.0,1,124,0,154
491,82,639.0,2810.0,64.0,64.0,0,87,5,129
491,91,474.0,2865.0,19.0,16.0,1,60,0,84
491,93,265.0,2862.0,57.0,17.0,0,31,5,62
491,103,34.0,19.0,58.0,33.0,0,11,8,19
492,5,1874.0,3058.0,7.0,8.0,1,462,0,463
492,36,119.0,2864.0,9.0,4.0,1,279,0,291
492,45,331.0,2867.0,39.0,17.0,1,200,0,255
492,50,788.0,2876.0,39.0,13.0,1,168,0,226
492,57,199.0,2862.0,30.0,21.0,1,186,0,217
492,75,0.0,2890.0,46.0,10.0,1,125,0,155
492,82,639.0,2810.0,64.0,64.0,0,87,6,130
492,91,468.0,2865.0,19.0,16.0,1,61,0,85
492,93,265.0,2862.0,57.0,17.0,0,31,6,63
492,103,34.0,19.0,58.0,33.0,0,11,9,20
493,5,1870.0,3058.0,15.0,10.0,1,463,0,464
493,36,113.0,2863.0,9.0,5.0,1,280,0,292
493,45,272.0,2862.0,64.0,17.0,1,201,0,256
493,50,788.0,2876.0,39.0,13.0,0,168,1,227
493,57,193.0,2863.0,30.0,22.0,1,187,0,218
493,75,11.0,2891.0,30.0,7.0,1,126,0,156
493,82,639.0,2810.0,64.0,64.0,0,87,7,131
493,91,459.0,2864.0,23.0,18.0,1,62,0,86
493,93,265.0,2862.0,57.0,17.0,0,31,7,64
493,103,34.0,19.0,58.0,33.0,0,11,10,21
494,5,1871.0,3057.0,10.0,6.0,1,464,0,465
494,36,109.0,2862.0,8.0,6.0,1,281,0,293
494,45,272.0,2862.0,64.0,17.0,0,201,1,257
494,50,788.0,2876.0,39.0,13.0,0,168,2,228
494,57,190.0,2861.0,26.0,20.0,1,188,0,219
494,75,6.0,2890.0,32.0,8.0,1,127,0,157
494,82,639.0,2810.0,64.0,64.0,0,87,8,132
494,91,454.0,2862.0,21.0,19.0,1,63,0,87
494,93,265.0,2862.0,57.0,17.0,0,31,8,65
494,103,34.0,19.0,58.0,33.0,0,11,11,22
495,5,1874.0,3051.0,11.0,9.0,1,465,0,466
495,36,103.0,2859.0,9.0,7.0,1,282,0,294
495,45,272.0,2862.0,64.0,17.0,0,201,2,258
495,50,788.0,2876.0,39.0,13.0,0,168,3,229
495,57,181.0,2860.0,31.0,20.0,1,189,0,220
495,75,4.0,2890.0,29.0,7.0,1,128,0,158
495,82,639.0,2810.0,64.0,64.0,0,87,9,133
495,91,450.0,2859.0,19.0,21.0,1,64,0,88
495,93,265.0,2862.0,57.0,17.0,0,31,9,66
495,103,34.0,19.0,58.0,33.0,0,11,12,23
496,5,1866.0,3050.0,17.0,9.0,1,466,0,467
496,36,95.0,2859.0,12.0,7.0,1,283,0,295
496,45,272.0,2862.0,64.0,17.0,0,201,3,259
496,50,788.0,2876.0,39.0,13.0,0,168,4,230
496,57,174.0,2858.0,33.0,23.0,1,190,0,221
496,75,0.0,2889.0,28.0,9.0,1,129,0,159
496,82,639.0,2810.0,64.0,64.0,0,87,10,134
496,91,439.0,2859.0,24.0,21.0,1,65,0,89
496,93,265.0,2862.0,57.0,17.0,0,31,10,67
496,103,34.0,19.0,58.0,33.0,0,11,13,24
496,106,715.0,2870.0,30.0,10.0,1,5,0,5
497,5,1871.0,3053.0,13.0,5.0,1,467,0,468
497,36,91.0,2861.0,10.0,7.0,1,284,0,296
497,45,272.0,2862.0,64.0,17.0,0,201,4,260
497,50,788.0,2876.0,39.0,13.0,0,168,5,231
497,57,170.0,2857.0,29.0,24.0,1,191,0,222
497,75,0.0,2888.0,22.0,7.0,1,130,0,160
497,82,639.0,2810.0,64.0,64.0,0,87,11,135
497,91,435.0,2861.0,21.0,19.0,1,66,0,90
497,93,265.0,2862.0,57.0,17.0,0,31,11,68
497,103,34.0,19.0,58.0,33.0,0,11,14,25
497,106,731.0,2869.0,65.0,17.0,1,6,0,6
498,5,1871.0,3051.0,12.0,7.0,1,468,0,469
498,36,87.0,2859.0,8.0,5.0,1,285,0,297
498,45,272.0,2862.0,64.0,17.0,0,201,5,261
498,50,788.0,2876.0,39.0,13.0,0,168,6,232
498,57,166.0,2856.0,25.0,21.0,1,192,0,223
498,75,10.0,2887.0,6.0,7.0,1,131,0,161
498,82,639.0,2810.0,64.0,64.0,0,87,12,136
498,91,428.0,2861.0,24.0,18.0,1,67,0,91
498,93,265.0,2862.0,57.0,17.0,0,31,12,69
498,106,705.0,2868.0,29.0,10.0,1,7,0,7
499,5,1871.0,3046.0,14.0,11.0,1,469,0,470
499,36,81.0,2859.0,9.0,4.0,1,286,0,298
499,45,272.0,2862.0,64.0,17.0,0,201,6,262
499,50,788.0,2876.0,39.0,13.0,0,168,7,233
499,57,161.0,2858.0,27.0,18.0,1,193,0,224
499,75,2.0,2886.0,10.0,7.0,1,132,0,162
499,82,639.0,2810.0,64.0,64.0,0,87,13,137
499,91,423.0,2859.0,25.0,19.0,1,68,0,92
499,93,265.0,2862.0,57.0,17.0,0,31,13,70
499,106,678.0,2865.0,52.0,36.0,1,8,0,8
500,5,1870.0,3042.0,12.0,10.0,1,470,0,471
500,36,75.0,2858.0,9.0,5.0,1,287,0,299
500,45,272.0,2862.0,64.0,17.0,0,201,7,263
500,50,788.0,2876.0,39.0,13.0,0,168,8,234
500,57,155.0,2859.0,31.0,17.0,1,194,0,225
500,75,2.0,2886.0,10.0,7.0,0,132,1,163
500,82,639.0,2810.0,64.0,64.0,0,87,14,138
500,91,415.0,2855.0,29.0,25.0,1,69,0,93
500,93,265.0,2862.0,57.0,17.0,0,31,14,71
500,106,715.0,2867.0,67.0,17.0,1,9,0,9
501,5,1866.0,3042.0,16.0,8.0,1,471,0,472
501,36,69.0,2858.0,11.0,7.0,1,288,0,300
501,45,272.0,2862.0,64.0,17.0,0,201,8,264
501,50,788.0,2876.0,39.0,13.0,0,168,9,235
501,57,151.0,2857.0,32.0,20.0,1,195,0,226
501,75,2.0,2886.0,10.0,7.0,0,132,2,164
501,91,407.0,2857.0,28.0,20.0,1,70,0,94
501,106,710.0,2866.0,65.0,19.0,1,10,0,10
502,5,1871.0,3043.0,12.0,9.0,1,472,0,473
502,36,65.0,2857.0,10.0,4.0,1,289,0,301
502,45,272.0,2862.0,64.0,17.0,0,201,9,265
502,50,788.0,2876.0,39.0,13.0,0,168,10,236
502,57,145.0,2855.0,33.0,18.0,1,196,0,227
502,75,2.0,2886.0,10.0,7.0,0,132,3,165
502,91,403.0,2857.0,27.0,20.0,1,71,0,95
502,106,710.0,2866.0,65.0,19.0,0,10,1,11
502,109,317.0,19.0,64.0,34.0,1,5,0,5
503,5,1871.0,3041.0,10.0,7.0,1,473,0,474
503,36,59.0,2854.0,12.0,7.0,1,290,0,302
503,45,229.0,2857.0,74.0,15.0,1,202,0,266
503,50,788.0,2876.0,39.0,13.0,0,168,11,237
503,57,139.0,2858.0,35.0,15.0,1,197,0,228
503,75,2.0,2886.0,10.0,7.0,0,132,4,166
503,91,399.0,2854.0,26.0,23.0,1,72,0,96
503,106,725.0,2865.0,39.0,16.0,1,11,0,12
503,109,279.0,19.0,62.0,34.0,1,6,0,6
504,5,1871.0,3038.0,11.0,6.0,1,474,0,475
504,36,55.0,2855.0,8.0,5.0,1,291,0,303
504,45,223.0,2855.0,73.0,17.0,1,203,0,267
504,50,788.0,2876.0,39.0,13.0,0,168,12,238
504,57,135.0,2854.0,36.0,18.0,1,198,0,229
504,75,2.0,2886.0,10.0,7.0,0,132,5,167
504,91,392.0,2855.0,28.0,21.0,1,73,0,97
504,106,725.0,2865.0,39.0,16.0,0,11,1,13
504,109,237.0,19.0,54.0,34.0,1,7,0,7
505,5,1870.0,3031.0,10.0,12.0,1,475,0,476
505,36,48.0,2854.0,10.0,6.0,1,292,0,304
505,45,219.0,2853.0,70.0,17.0,1,204,0,268
505,50,788.0,2876.0,39.0,13.0,0,168,13,239
505,57,126.0,2855.0,39.0,17.0,1,199,0,230
505,75,2.0,2886.0,10.0,7.0,0,132,6,168
505,91,383.0,2854.0,31.0,21.0,1,74,0,98
505,106,687.0,2863.0,57.0,17.0,1,12,0,14
505,109,188.0,19.0,64.0,33.0,1,8,0,8
506,5,1866.0,3034.0,16.0,7.0,1,476,0,477
506,36,43.0,2853.0,8.0,6.0,1,293,0,305
506,45,219.0,2853.0,70.0,17.0,0,204,1,269
506,50,788.0,2876.0,39.0,13.0,0,168,14,240
506,57,122.0,2852.0,37.0,21.0,1,200,0,231
506,75,2.0,2886.0,10.0,7.0,0,132,7,169
506,91,378.0,2854.0,52.0,20.0,1,75,0,99
506,106,683.0,2861.0,55.0,17.0,1,13,0,15
506,109,140.0,19.0,59.0,33.0,1,9,0,9
507,5,1868.0,3034.0,13.0,9.0,1,477,0,478
507,36,39.0,2851.0,10.0,6.0,1,294,0,306
507,45,219.0,2853.0,70.0,17.0,0,204,2,270
507,57,117.0,2856.0,34.0,12.0,1,201,0,232
507,75,2.0,2886.0,10.0,7.0,0,132,8,170
507,91,372.0,2850.0,30.0,24.0,1,76,0,100
507,106,655.0,2858.0,53.0,12.0,1,14,0,16
507,109,87.0,19.0,64.0,33.0,1,10,0,10
508,5,1869.0,3032.0,7.0,7.0,1,478,0,479
508,36,34.0,2852.0,7.0,4.0,1,295,0,307
508,45,202.0,2853.0,69.0,17.0,1,205,0,271
508,57,112.0,2854.0,36.0,14.0,1,202,0,233
508,75,2.0,2886.0,10.0,7.0,0,132,9,171
508,91,366.0,2851.0,28.0,22.0,1,77,0,101
508,106,698.0,2864.0,39.0,13.0,1,15,0,17
508,109,34.0,19.0,58.0,33.0,1,11,0,11
509,5,1863.0,3028.0,17.0,6.0,1,479,0,480
509,36,26.0,2851.0,9.0,8.0,1,296,0,308
509,45,167.0,2850.0,37.0,10.0,1,206,0,272
509,57,109.0,2850.0,35.0,23.0,1,203,0,234
509,75,2.0,2886.0,10.0,7.0,0,132,10,172
509,91,359.0,2851.0,29.0,21.0,1,78,0,102
509,106,664.0,2858.0,67.0,18.0,1,16,0,18
509,109,34.0,19.0,58.0,33.0,0,11,1,12
510,5,1863.0,3023.0,19.0,11.0,1,480,0,481
510,36,21.0,2850.0,9.0,8.0,1,297,0,309
510,45,192.0,2850.0,67.0,15.0,1,207,0,273
510,57,103.0,2852.0,31.0,19.0,1,204,0,235
510,75,2.0,2886.0,10.0,7.0,0,132,11,173
510,91,353.0,2850.0,28.0,22.0,1,79,0,103
510,106,661.0,2857.0,66.0,17.0,1,17,0,19
510,109,34.0,19.0,58.0,33.0,0,11,2,13
511,5,1864.0,3023.0,17.0,11.0,1,481,0,482
511,36,15.0,2847.0,11.0,8.0,1,298,0,310
511,45,187.0,2847.0,66.0,20.0,1,208,0,274
511,57,92.0,2854.0,36.0,12.0,1,205,0,236
511,75,2.0,2886.0,10.0,7.0,0,132,12,174
511,91,346.0,2846.0,28.0,24.0,1,80,0,104
511,106,655.0,2858.0,60.0,15.0,1,18,0,20
511,109,34.0,19.0,58.0,33.0,0,11,3,14
512,5,1866.0,3025.0,12.0,8.0,1,482,0,483
512,36,9.0,2847.0,11.0,7.0,1,299,0,311
512,45,181.0,2847.0,67.0,18.0,1,209,0,275
512,57,89.0,2854.0,35.0,15.0,1,206,0,237
512,75,2.0,2886.0,10.0,7.0,0,132,13,175
512,91,342.0,2849.0,27.0,20.0,1,81,0,105
512,106,674.0,2860.0,43.0,17.0,1,19,0,21
512,109,34.0,19.0,58.0,33.0,0,11,4,15
513,5,1866.0,3023.0,11.0,7.0,1,483,0,484
513,36,2.0,2847.0,14.0,12.0,1,300,0,312
513,45,176.0,2849.0,67.0,14.0,1,210,0,276
513,57,83.0,2850.0,36.0,18.0,1,207,0,238
513,75,2.0,2886.0,10.0,7.0,0,132,14,176
513,91,330.0,2848.0,33.0,21.0,1,82,0,106
513,106,641.0,2854.0,72.0,19.0,1,20,0,22
513,109,34.0,19.0,58.0,33.0,0,11,5,16
514,5,1866.0,3019.0,10.0,9.0,1,484,0,485
514,36,0.0,2849.0,12.0,7.0,1,301,0,313
514,45,171.0,2846.0,65.0,19.0,1,211,0,277
514,57,76.0,2851.0,35.0,17.0,1,208,0,239
514,91,329.0,2847.0,26.0,21.0,1,83,0,107
514,106,667.0,2857.0,40.0,16.0,1,21,0,23
514,109,34.0,19.0,58.0,33.0,0,11,6,17
515,5,1866.0,3015.0,9.0,9.0,1,485,0,486
515,36,0.0,2849.0,12.0,7.0,0,301,1,314
515,45,163.0,2846.0,67.0,18.0,1,212,0,278
515,57,70.0,2854.0,34.0,10.0,1,209,0,240
515,91,322.0,2844.0,29.0,23.0,1,84,0,108
515,106,629.0,2853.0,63.0,17.0,1,22,0,24
515,109,34.0,19.0,58.0,33.0,0,11,7,18
516,5,1863.0,3017.0,12.0,8.0,1,486,0,487
516,36,0.0,2849.0,12.0,7.0,0,301,2,315
516,45,159.0,2846.0,64.0,18.0,1,213,0,279
516,57,65.0,2853.0,36.0,11.0,1,210,0,241
516,91,316.0,2845.0,28.0,21.0,1,85,0,109
516,106,655.0,2856.0,41.0,16.0,1,23,0,25
516,109,34.0,19.0,58.0,33.0,0,11,8,19
517,5,1862.0,3014.0,10.0,11.0,1,487,0,488
517,36,0.0,2849.0,12.0,7.0,0,301,3,316
517,45,152.0,2846.0,69.0,14.0,1,214,0,280
517,57,59.0,2849.0,38.0,15.0,1,211,0,242
517,91,309.0,2844.0,28.0,24.0,1,86,0,110
517,106,618.0,2853.0,73.0,18.0,1,24,0,26
517,109,34.0,19.0,58.0,33.0,0,11,9,20
518,5,1861.0,3015.0,10.0,7.0,1,488,0,489
518,36,0.0,2849.0,12.0,7.0,0,301,4,317
518,45,119.0,2845.0,64.0,12.0,1,215,0,281
518,57,51.0,2851.0,38.0,17.0,1,212,0,243
518,91,303.0,2841.0,27.0,23.0,1,87,0,111
518,106,612.0,2847.0,64.0,17.0,1,25,0,27
518,109,34.0,19.0,58.0,33.0,0,11,10,21
519,5,1859.0,3011.0,11.0,7.0,1,489,0,490
519,36,0.0,2849.0,12.0,7.0,0,301,5,318
519,45,143.0,2845.0,62.0,16.0,1,216,0,282
519,57,47.0,2853.0,32.0,12.0,1,213,0,244
519,91,298.0,2841.0,29.0,22.0,1,88,0,112
519,106,607.0,2850.0,71.0,19.0,1,26,0,28
519,109,34.0,19.0,58.0,33.0,0,11,11,22
520,5,1856.0,3006.0,14.0,11.0,1,490,0,491
520,36,0.0,2849.0,12.0,7.0,0,301,6,319
520,45,135.0,2843.0,66.0,17.0,1,217,0,283
520,57,67.0,2841.0,53.0,23.0,1,214,0,245
520,91,290.0,2841.0,30.0,23.0,1,89,0,113
520,106,632.0,2853.0,45.0,14.0,1,27,0,29
520,109,34.0,19.0,58.0,33.0,0,11,12,23
521,5,1854.0,3010.0,15.0,7.0,1,491,0,492
521,36,0.0,2849.0,12.0,7.0,0,301,7,320
521,45,129.0,2844.0,67.0,16.0,1,218,0,284
521,57,35.0,2844.0,53.0,21.0,1,215,0,246
521,91,284.0,2838.0,28.0,23.0,1,90,0,114
521,106,595.0,2847.0,78.0,17.0,1,28,0,30
521,109,34.0,19.0,58.0,33.0,0,11,13,24
522,5,1854.0,3010.0,11.0,10.0,1,492,0,493
522,36,0.0,2849.0,12.0,7.0,0,301,8,321
522,45,123.0,2842.0,67.0,15.0,1,219,0,285
522,57,27.0,2844.0,46.0,25.0,1,216,0,247
522,91,278.0,2838.0,25.0,21.0,1,91,0,115
522,106,593.0,2842.0,64.0,18.0,1,29,0,31
522,109,34.0,19.0,58.0,33.0,0,11,14,25
523,5,1854.0,3008.0,9.0,8.0,1,493,0,494
523,36,0.0,2849.0,12.0,7.0,0,301,9,322
523,45,93.0,2843.0,64.0,15.0,1,220,0,286
523,57,22.0,2852.0,34.0,17.0,1,217,0,248
523,91,270.0,2838.0,30.0,21.0,1,92,0,116
523,106,615.0,2850.0,47.0,14.0,1,30,0,32
524,5,1852.0,3004.0,10.0,7.0,1,494,0,495
524,36,0.0,2849.0,12.0,7.0,0,301,10,323
524,45,111.0,2838.0,66.0,19.0,1,221,0,287
524,57,14.0,2848.0,34.0,14.0,1,218,0,249
524,91,262.0,2837.0,34.0,24.0,1,93,0,117
524,106,540.0,2838.0,80.0,17.0,1,31,0,33
525,5,1848.0,3001.0,11.0,9.0,1,495,0,496
525,36,0.0,2849.0,12.0,7.0,0,301,11,324
525,45,48.0,2838.0,64.0,20.0,1,222,0,288
525,57,7.0,2848.0,35.0,14.0,1,219,0,250
525,91,259.0,2835.0,27.0,21.0,1,94,0,118
525,106,605.0,2843.0,50.0,19.0,1,32,0,34
525,115,500.0,2835.0,79.0,16.0,1,5,0,5
526,5,1850.0,3002.0,9.0,8.0,1,496,0,497
526,36,0.0,2849.0,12.0,7.0,0,301,12,325
526,45,69.0,2838.0,75.0,18.0,1,223,0,289
526,57,0.0,2852.0,36.0,13.0,1,220,0,251
526,91,253.0,2834.0,25.0,21.0,1,95,0,119
526,106,570.0,2838.0,61.0,16.0,1,33,0,35
526,115,489.0,2836.0,49.0,10.0,1,6,0,6
527,5,1843.0,3004.0,12.0,8.0,1,497,0,498
527,36,0.0,2849.0,12.0,7.0,0,301,13,326
527,45,62.0,2838.0,75.0,18.0,1,224,0,290
527,57,0.0,2838.0,51.0,26.0,1,221,0,252
527,91,247.0,2834.0,26.0,20.0,1,96,0,120
527,106,591.0,2845.0,52.0,15.0,1,34,0,36
527,115,459.0,2834.0,38.0,11.0,1,7,0,7
528,5,1843.0,3003.0,13.0,7.0,1,498,0,499
528,36,0.0,2849.0,12.0,7.0,0,301,14,327
528,45,25.0,2839.0,64.0,26.0,1,225,0,291
528,57,0.0,2838.0,51.0,26.0,0,221,1,253
528,91,239.0,2833.0,34.0,23.0,1,97,0,121
528,106,587.0,2842.0,50.0,15.0,1,35,0,37
528,115,484.0,2833.0,77.0,14.0,1,8,0,8
529,5,1843.0,3000.0,9.0,7.0,1,499,0,500
529,45,1.0,2838.0,90.0,27.0,1,226,0,292
529,57,0.0,2838.0,51.0,26.0,0,221,2,254
529,91,230.0,2830.0,37.0,21.0,1,98,0,122
529,106,552.0,2836.0,62.0,15.0,1,36,0,38
529,115,484.0,2833.0,77.0,14.0,0,8,1,9
529,117,197.0,19.0,57.0,33.0,1,5,0,5
530,5,1838.0,2999.0,12.0,6.0,1,500,0,501
530,45,74.0,2838.0,68.0,15.0,1,227,0,293
530,57,3.0,2839.0,52.0,26.0,1,222,0,255
530,91,226.0,2827.0,31.0,24.0,1,99,0,123
530,106,552.0,2836.0,62.0,15.0,0,36,1,39
530,115,504.0,2830.0,85.0,15.0,1,9,0,10
530,117,138.0,19.0,61.0,33.0,1,6,0,6
531,5,1834.0,2998.0,14.0,8.0,1,501,0,502
531,45,37.0,2841.0,63.0,16.0,1,228,0,294
531,57,3.0,2839.0,52.0,26.0,0,222,1,256
531,91,219.0,2831.0,31.0,21.0,1,100,0,124
531,106,573.0,2839.0,49.0,16.0,1,37,0,40
531,115,499.0,2830.0,55.0,10.0,1,10,0,11
531,117,138.0,19.0,61.0,33.0,0,6,1,7
531,119,304.0,19.0,50.0,34.0,1,5,0,5
532,5,1834.0,2998.0,10.0,7.0,1,502,0,503
532,45,37.0,2841.0,63.0,16.0,0,228,1,295
532,57,0.0,2839.0,73.0,25.0,1,223,0,257
532,91,211.0,2830.0,29.0,19.0,1,101,0,125
532,106,542.0,2830.0,64.0,20.0,1,38,0,41
532,115,494.0,2830.0,38.0,11.0,1,11,0,12
532,117,37.0,19.0,55.0,33.0,1,7,0,8
532,119,304.0,19.0,50.0,34.0,0,5,1,6
532,121,309.0,2831.0,60.0,13.0,1,5,0,5
532,122,738.0,3077.0,113.0,283.0,1,5,0,5
533,5,1832.0,3000.0,11.0,4.0,1,503,0,504
533,45,27.0,2835.0,72.0,21.0,1,229,0,296
533,57,0.0,2839.0,73.0,25.0,0,223,1,258
533,91,203.0,2829.0,28.0,20.0,1,102,0,126
533,106,566.0,2831.0,51.0,20.0,1,39,0,42
533,115,452.0,2829.0,46.0,8.0,1,12,0,13
533,117,37.0,19.0,55.0,33.0,0,7,1,9
533,119,242.0,19.0,64.0,34.0,1,6,0,7
533,121,340.0,2826.0,92.0,37.0,1,6,0,6
533,122,738.0,3077.0,113.0,283.0,0,5,1,6
534,5,1829.0,2999.0,12.0,5.0,1,504,0,505
534,45,19.0,2838.0,73.0,18.0,1,230,0,297
534,57,0.0,2839.0,73.0,25.0,0,223,2,259
534,91,209.0,2827.0,56.0,19.0,1,103,0,127
534,106,586.0,2838.0,32.0,17.0,1,40,0,43
534,115,527.0,2826.0,39.0,15.0,1,13,0,14
534,117,37.0,19.0,55.0,33.0,0,7,2,10
534,119,204.0,19.0,50.0,34.0,1,7,0,8
534,121,298.0,2826.0,59.0,18.0,1,7,0,7
534,122,738.0,3077.0,113.0,283.0,0,5,2,7
535,5,1828.0,2999.0,10.0,4.0,1,505,0,506
535,45,19.0,2838.0,73.0,18.0,0,230,1,298
535,57,11.0,2838.0,42.0,19.0,1,224,0,260
535,91,190.0,2826.0,52.0,22.0,1,104,0,128
535,106,553.0,2832.0,53.0,19.0,1,41,0,44
535,115,475.0,2826.0,55.0,10.0,1,14,0,15
535,117,37.0,19.0,55.0,33.0,0,7,3,11
535,119,159.0,19.0,64.0,34.0,1,8,0,9
535,121,287.0,2829.0,49.0,15.0,1,8,0,8
535,122,735.0,3056.0,133.0,275.0,1,6,0,8
536,5,1826.0,2998.0,11.0,5.0,1,506,0,507
536,45,19.0,2838.0,73.0,18.0,0,230,2,299
536,57,3.0,2838.0,46.0,27.0,1,225,0,261
536,91,183.0,2827.0,46.0,21.0,1,105,0,129
536,106,524.0,2826.0,64.0,19.0,1,42,0,45
536,115,471.0,2828.0,39.0,9.0,1,15,0,16
536,117,37.0,19.0,55.0,33.0,0,7,4,12
536,119,159.0,19.0,64.0,34.0,0,8,1,10
536,121,259.0,2827.0,31.0,10.0,1,9,0,9
536,122,735.0,3056.0,133.0,275.0,0,6,1,9
537,5,1823.0,2998.0,10.0,4.0,1,507,0,508
537,45,0.0,2834.0,75.0,23.0,1,231,0,300
537,57,3.0,2838.0,46.0,27.0,0,225,1,262
537,91,177.0,2825.0,46.0,20.0,1,106,0,130
537,106,543.0,2826.0,49.0,21.0,1,43,0,46
537,115,464.0,2824.0,41.0,12.0,1,16,0,17
537,117,37.0,19.0,55.0,33.0,0,7,5,13
537,119,159.0,19.0,64.0,34.0,0,8,2,11
537,121,259.0,2827.0,31.0,10.0,0,9,1,10
537,122,735.0,3021.0,143.0,288.0,1,7,0,10
538,5,1823.0,2998.0,9.0,4.0,1,508,0,509
538,45,0.0,2834.0,75.0,23.0,0,231,1,301
538,57,22.0,2834.0,68.0,22.0,1,226,0,263
538,91,171.0,2823.0,28.0,21.0,1,107,0,131
538,106,535.0,2828.0,60.0,22.0,1,44,0,47
538,115,424.0,2827.0,44.0,5.0,1,17,0,18
538,117,37.0,19.0,55.0,33.0,0,7,6,14
538,119,159.0,19.0,64.0,34.0,0,8,3,12
538,121,215.0,2826.0,58.0,11.0,1,10,0,11
538,122,735.0,3021.0,143.0,288.0,0,7,1,11
539,5,1820.0,2997.0,11.0,4.0,1,509,0,510
539,45,19.0,2847.0,6.0,4.0,1,232,0,302
539,57,46.0,2835.0,39.0,20.0,1,227,0,264
539,91,163.0,2824.0,29.0,20.0,1,108,0,132
539,106,530.0,2826.0,54.0,18.0,1,45,0,48
539,115,412.0,2825.0,51.0,12.0,1,18,0,19
539,117,37.0,19.0,55.0,33.0,0,7,7,15
539,119,159.0,19.0,64.0,34.0,0,8,4,13
539,121,215.0,2826.0,58.0,11.0,0,10,1,12
539,122,735.0,3021.0,143.0,288.0,0,7,2,12
540,5,1817.0,2997.0,12.0,4.0,1,510,0,511
540,45,8.0,2836.0,72.0,21.0,1,233,0,303
540,57,46.0,2835.0,39.0,20.0,0,227,1,265
540,91,169.0,2822.0,55.0,13.0,1,109,0,133
540,106,526.0,2821.0,53.0,23.0,1,46,0,49
540,115,380.0,2823.0,35.0,7.0,1,19,0,20
540,117,37.0,19.0,55.0,33.0,0,7,8,16
540,119,159.0,19.0,64.0,34.0,0,8,5,14
540,121,215.0,2826.0,58.0,11.0,0,10,2,13
540,122,735.0,3021.0,143.0,288.0,0,7,3,13
541,5,1815.0,2997.0,12.0,4.0,1,511,0,512
541,45,3.0,2836.0,71.0,19.0,1,234,0,304
541,57,46.0,2835.0,39.0,20.0,0,227,2,266
541,91,155.0,2818.0,62.0,20.0,1,110,0,134
541,106,487.0,2819.0,81.0,27.0,1,47,0,50
541,115,346.0,2822.0,62.0,21.0,1,20,0,21
541,117,37.0,19.0,55.0,33.0,0,7,9,17
541,119,159.0,19.0,64.0,34.0,0,8,6,15
541,121,215.0,2826.0,58.0,11.0,0,10,3,14
541,122,735.0,3021.0,143.0,288.0,0,7,4,14
542,5,1813.0,2996.0,11.0,5.0,1,512,0,513
542,45,0.0,2835.0,42.0,21.0,1,235,0,305
542,57,46.0,2835.0,39.0,20.0,0,227,3,267
542,91,138.0,2819.0,56.0,24.0,1,111,0,135
542,106,516.0,2822.0,51.0,22.0,1,48,0,51
542,115,295.0,2825.0,56.0,28.0,1,21,0,22
542,117,37.0,19.0,55.0,33.0,0,7,10,18
542,119,159.0,19.0,64.0,34.0,0,8,7,16
542,121,215.0,2826.0,58.0,11.0,0,10,4,15
542,122,735.0,3021.0,143.0,288.0,0,7,5,15
543,5,1811.0,2996.0,11.0,5.0,1,513,0,514
543,45,0.0,2834.0,61.0,23.0,1,236,0,306
543,57,46.0,2835.0,39.0,20.0,0,227,4,268
543,91,131.0,2818.0,32.0,24.0,1,112,0,136
543,106,507.0,2822.0,56.0,18.0,1,49,0,52
543,115,425.0,2821.0,41.0,11.0,1,22,0,23
543,117,37.0,19.0,55.0,33.0,0,7,11,19
543,119,159.0,19.0,64.0,34.0,0,8,8,17
543,121,270.0,2823.0,27.0,13.0,1,11,0,16
543,122,735.0,3021.0,143.0,288.0,0,7,6,16
544,5,1811.0,2997.0,9.0,4.0,1,514,0,515
544,45,5.0,2837.0,49.0,17.0,1,237,0,307
544,57,46.0,2835.0,39.0,20.0,0,227,5,269
544,91,122.0,2817.0,34.0,24.0,1,113,0,137
544,106,503.0,2817.0,52.0,23.0,1,50,0,53
544,115,420.0,2822.0,38.0,6.0,1,23,0,24
544,117,37.0,19.0,55.0,33.0,0,7,12,20
544,119,159.0,19.0,64.0,34.0,0,8,9,18
544,121,221.0,2823.0,53.0,10.0,1,12,0,17
544,122,735.0,3021.0,143.0,288.0,0,7,7,17
545,5,1809.0,2997.0,9.0,4.0,1,515,0,516
545,45,0.0,2836.0,49.0,18.0,1,238,0,308
545,57,46.0,2835.0,39.0,20.0,0,227,6,270
545,91,115.0,2819.0,28.0,19.0,1,114,0,138
545,106,497.0,2816.0,55.0,26.0,1,51,0,54
545,115,413.0,2818.0,40.0,11.0,1,24,0,25
545,117,37.0,19.0,55.0,33.0,0,7,13,21
545,119,159.0,19.0,64.0,34.0,0,8,10,19
545,121,181.0,2822.0,43.0,7.0,1,13,0,18
545,122,735.0,3021.0,143.0,288.0,0,7,8,18
546,5,1807.0,2997.0,10.0,5.0,1,516,0,517
546,45,2.0,2836.0,39.0,21.0,1,239,0,309
546,57,46.0,2835.0,39.0,20.0,0,227,7,271
546,91,106.0,2817.0,30.0,22.0,1,115,0,139
546,106,491.0,2818.0,53.0,20.0,1,52,0,55
546,115,406.0,2821.0,42.0,6.0,1,25,0,26
546,117,37.0,19.0,55.0,33.0,0,7,14,22
546,119,159.0,19.0,64.0,34.0,0,8,11,20
546,121,155.0,2822.0,43.0,10.0,1,14,0,19
546,122,735.0,3021.0,143.0,288.0,0,7,9,19
547,5,1805.0,2997.0,10.0,5.0,1,517,0,518
547,45,0.0,2835.0,35.0,22.0,1,240,0,310
547,57,46.0,2835.0,39.0,20.0,0,227,8,272
547,91,103.0,2819.0,55.0,18.0,1,116,0,140
547,106,483.0,2818.0,58.0,18.0,1,53,0,56
547,115,399.0,2818.0,41.0,10.0,1,26,0,27
547,119,159.0,19.0,64.0,34.0,0,8,12,21
547,121,155.0,2822.0,43.0,10.0,0,14,1,20
547,122,735.0,3021.0,143.0,288.0,0,7,10,20
548,5,1804.0,2998.0,9.0,4.0,1,518,0,519
548,45,2.0,2836.0,26.0,19.0,1,241,0,311
548,57,46.0,2835.0,39.0,20.0,0,227,9,273
548,91,89.0,2819.0,54.0,18.0,1,117,0,141
548,106,479.0,2814.0,54.0,23.0,1,54,0,57
548,115,395.0,2818.0,48.0,11.0,1,27,0,28
548,119,159.0,19.0,64.0,34.0,0,8,13,22
548,121,155.0,2822.0,43.0,10.0,0,14,2,21
548,122,735.0,3021.0,143.0,288.0,0,7,11,21
549,5,1802.0,2998.0,9.0,5.0,1,519,0,520
549,45,0.0,2837.0,21.0,15.0,1,242,0,312
549,57,46.0,2835.0,39.0,20.0,0,227,10,274
549,91,80.0,2818.0,38.0,20.0,1,118,0,142
549,106,472.0,2815.0,56.0,23.0,1,55,0,58
549,115,386.0,2818.0,42.0,10.0,1,28,0,29
549,119,159.0,19.0,64.0,34.0,0,8,14,23
549,121,155.0,2822.0,43.0,10.0,0,14,3,22
549,122,735.0,3021.0,143.0,288.0,0,7,12,22
550,5,1801.0,2999.0,10.0,5.0,1,520,0,521
550,45,2.0,2843.0,12.0,9.0,1,243,0,313
550,57,70.0,2817.0,35.0,21.0,1,228,0,275
550,91,80.0,2818.0,38.0,20.0,0,118,1,143
550,106,467.0,2814.0,57.0,19.0,1,56,0,59
550,115,378.0,2819.0,36.0,6.0,1,29,0,30
550,121,155.0,2822.0,43.0,10.0,0,14,4,23
550,122,735.0,3021.0,143.0,288.0,0,7,13,23
551,5,1799.0,3000.0,9.0,5.0,1,521,0,522
551,45,0.0,2847.0,7.0,5.0,1,244,0,314
551,57,70.0,2817.0,35.0,21.0,0,228,1,276
551,91,64.0,2817.0,26.0,19.0,1,119,0,144
551,106,459.0,2816.0,59.0,16.0,1,57,0,60
551,115,341.0,2816.0,75.0,11.0,1,30,0,31
551,121,155.0,2822.0,43.0,10.0,0,14,5,24
551,122,735.0,3021.0,143.0,288.0,0,7,14,24
552,5,1798.0,3001.0,9.0,5.0,1,522,0,523
552,45,0.0,2847.0,7.0,5.0,0,244,1,315
552,57,70.0,2817.0,35.0,21.0,0,228,2,277
552,91,55.0,2816.0,30.0,20.0,1,120,0,145
552,106,454.0,2810.0,53.0,22.0,1,58,0,61
552,115,328.0,2818.0,49.0,7.0,1,31,0,32
552,121,155.0,2822.0,43.0,10.0,0,14,6,25
552,126,366.0,19.0,64.0,34.0,1,5,0,5
553,5,1797.0,3000.0,13.0,7.0,1,523,0,524
553,45,0.0,2847.0,7.0,5.0,0,244,2,316
553,57,70.0,2817.0,35.0,21.0,0,228,3,278
553,91,47.0,2814.0,27.0,23.0,1,121,0,146
553,106,447.0,2811.0,54.0,20.0,1,59,0,62
553,115,328.0,2815.0,73.0,11.0,1,32,0,33
553,121,155.0,2822.0,43.0,10.0,0,14,7,26
553,126,337.0,19.0,61.0,34.0,1,6,0,6
554,5,1796.0,3003.0,9.0,5.0,1,524,0,525
554,45,0.0,2847.0,7.0,5.0,0,244,3,317
554,57,70.0,2817.0,35.0,21.0,0,228,4,279
554,91,39.0,2815.0,27.0,22.0,1,122,0,147
554,106,442.0,2813.0,57.0,17.0,1,60,0,63
554,115,354.0,2818.0,38.0,7.0,1,33,0,34
554,121,155.0,2822.0,43.0,10.0,0,14,8,27
554,126,304.0,19.0,62.0,34.0,1,7,0,7
555,5,1795.0,3005.0,9.0,4.0,1,525,0,526
555,45,0.0,2847.0,7.0,5.0,0,244,4,318
555,57,70.0,2817.0,35.0,21.0,0,228,5,280
555,91,31.0,2816.0,27.0,20.0,1,123,0,148
555,106,432.0,2814.0,57.0,17.0,1,61,0,64
555,115,308.0,2813.0,50.0,12.0,1,34,0,35
555,121,155.0,2822.0,43.0,10.0,0,14,9,28
555,126,304.0,19.0,62.0,34.0,0,7,1,8
556,5,1793.0,3006.0,10.0,5.0,1,526,0,527
556,45,0.0,2847.0,7.0,5.0,0,244,5,319
556,57,274.0,2815.0,34.0,6.0,1,229,0,281
556,91,22.0,2816.0,30.0,20.0,1,124,0,149
556,106,427.0,2811.0,60.0,21.0,1,62,0,65
556,115,341.0,2812.0,49.0,13.0,1,35,0,36
556,121,155.0,2822.0,43.0,10.0,0,14,10,29
556,126,242.0,19.0,64.0,34.0,1,8,0,9
557,5,1791.0,3007.0,11.0,5.0,1,527,0,528
557,45,0.0,2847.0,7.0,5.0,0,244,6,320
557,57,244.0,2815.0,60.0,11.0,1,230,0,282
557,91,10.0,2816.0,35.0,25.0,1,125,0,150
557,106,422.0,2810.0,58.0,18.0,1,63,0,66
557,115,335.0,2815.0,40.0,10.0,1,36,0,37
557,121,155.0,2822.0,43.0,10.0,0,14,11,30
557,126,203.0,19.0,51.0,33.0,1,9,0,10
558,5,1791.0,3009.0,9.0,5.0,1,528,0,529
558,45,0.0,2847.0,7.0,5.0,0,244,7,321
558,57,211.0,2815.0,61.0,25.0,1,231,0,283
558,91,3.0,2814.0,30.0,24.0,1,126,0,151
558,106,415.0,2810.0,57.0,16.0,1,64,0,67
558,115,328.0,2814.0,40.0,10.0,1,37,0,38
558,121,155.0,2822.0,43.0,10.0,0,14,12,31
558,126,155.0,19.0,64.0,33.0,1,10,0,11
559,5,1788.0,3010.0,12.0,5.0,1,529,0,530
559,45,0.0,2847.0,7.0,5.0,0,244,8,322
559,57,211.0,2815.0,61.0,25.0,0,231,1,284
559,91,3.0,2814.0,30.0,24.0,0,126,1,152
559,106,407.0,2810.0,61.0,19.0,1,65,0,68
559,115,287.0,2811.0,73.0,14.0,1,38,0,39
559,121,155.0,2822.0,43.0,10.0,0,14,13,32
559,126,110.0,19.0,60.0,33.0,1,11,0,12
560,5,1789.0,3011.0,9.0,5.0,1,530,0,531
560,45,0.0,2847.0,7.0,5.0,0,244,9,323
560,57,211.0,2815.0,61.0,25.0,0,231,2,285
560,91,3.0,2814.0,30.0,24.0,0,126,2,153
560,106,401.0,2811.0,60.0,17.0,1,66,0,69
560,115,273.0,2814.0,48.0,10.0,1,39,0,40
560,121,155.0,2822.0,43.0,10.0,0,14,14,33
560,126,110.0,19.0,60.0,33.0,0,11,1,13
561,5,1786.0,3013.0,11.0,4.0,1,531,0,532
561,45,0.0,2847.0,7.0,5.0,0,244,10,324
561,57,131.0,2811.0,27.0,8.0,1,232,0,286
561,91,3.0,2814.0,30.0,24.0,0,126,3,154
561,106,395.0,2810.0,56.0,14.0,1,67,0,70
561,115,241.0,2814.0,33.0,6.0,1,40,0,41
561,126,31.0,19.0,61.0,33.0,1,12,0,14
562,5,1786.0,3014.0,10.0,5.0,1,532,0,533
562,45,89.0,2811.0,58.0,12.0,1,245,0,325
562,57,201.0,2813.0,64.0,18.0,1,233,0,287
562,91,3.0,2814.0,30.0,24.0,0,126,4,155
562,106,388.0,2810.0,58.0,13.0,1,68,0,71
562,115,301.0,2811.0,41.0,11.0,1,41,0,42
562,126,31.0,19.0,61.0,33.0,0,12,1,15
563,5,1784.0,3016.0,12.0,5.0,1,533,0,534
563,45,44.0,2813.0,45.0,12.0,1,246,0,326
563,57,171.0,2818.0,36.0,16.0,1,234,0,288
563,91,3.0,2814.0,30.0,24.0,0,126,5,156
563,106,381.0,2810.0,59.0,14.0,1,69,0,72
563,115,293.0,2808.0,49.0,14.0,1,42,0,43
563,126,31.0,19.0,61.0,33.0,0,12,2,16
564,5,1784.0,3017.0,10.0,5.0,1,534,0,535
564,45,109.0,2810.0,64.0,26.0,1,247,0,327
564,57,171.0,2818.0,36.0,16.0,0,234,1,289
564,91,0.0,2810.0,62.0,21.0,1,127,0,157
564,106,375.0,2807.0,57.0,17.0,1,70,0,73
564,115,287.0,2810.0,48.0,14.0,1,43,0,44
564,126,31.0,19.0,61.0,33.0,0,12,3,17
565,5,1783.0,3019.0,9.0,4.0,1,535,0,536
565,45,109.0,2810.0,64.0,26.0,0,247,1,328
565,57,159.0,2814.0,62.0,20.0,1,235,0,290
565,91,50.0,2809.0,60.0,12.0,1,128,0,158
565,106,370.0,2807.0,59.0,14.0,1,71,0,74
565,115,279.0,2809.0,50.0,16.0,1,44,0,45
565,126,31.0,19.0,61.0,33.0,0,12,4,18
566,5,1783.0,3020.0,9.0,5.0,1,536,0,537
566,45,109.0,2810.0,64.0,26.0,0,247,2,329
566,57,159.0,2814.0,62.0,20.0,0,235,1,291
566,91,63.0,2809.0,56.0,12.0,1,129,0,159
566,106,325.0,2802.0,75.0,18.0,1,72,0,75
566,115,272.0,2808.0,49.0,13.0,1,45,0,46
566,126,31.0,19.0,61.0,33.0,0,12,5,19
567,5,1783.0,3023.0,8.0,4.0,1,537,0,538
567,45,109.0,2810.0,64.0,26.0,0,247,3,330
567,57,159.0,2814.0,62.0,20.0,0,235,2,292
567,91,27.0,2812.0,29.0,10.0,1,130,0,160
567,106,319.0,2802.0,77.0,15.0,1,73,0,76
567,115,264.0,2807.0,51.0,14.0,1,46,0,47
567,126,31.0,19.0,61.0,33.0,0,12,6,20
568,5,1780.0,3024.0,10.0,4.0,1,538,0,539
568,45,109.0,2810.0,64.0,26.0,0,247,4,331
568,57,159.0,2814.0,62.0,20.0,0,235,3,293
568,91,0.0,2811.0,31.0,13.0,1,131,0,161
568,106,290.0,2807.0,64.0,18.0,1,74,0,77
568,115,264.0,2807.0,51.0,14.0,0,46,1,48
568,126,31.0,19.0,61.0,33.0,0,12,7,21
569,5,1779.0,3026.0,10.0,4.0,1,539,0,540
569,45,109.0,2810.0,64.0,26.0,0,247,5,332
569,57,159.0,2814.0,62.0,20.0,0,235,4,294
569,91,0.0,2811.0,31.0,13.0,0,131,1,162
569,106,340.0,2806.0,61.0,18.0,1,75,0,78
569,115,251.0,2806.0,56.0,17.0,1,47,0,49
569,126,31.0,19.0,61.0,33.0,0,12,8,22
570,5,1780.0,3028.0,8.0,4.0,1,540,0,541
570,45,109.0,2810.0,64.0,26.0,0,247,6,333
570,57,159.0,2814.0,62.0,20.0,0,235,5,295
570,91,0.0,2807.0,69.0,17.0,1,132,0,163
570,106,332.0,2809.0,59.0,15.0,1,76,0,79
570,115,244.0,2807.0,38.0,14.0,1,48,0,50
570,126,31.0,19.0,61.0,33.0,0,12,9,23
571,5,1773.0,3029.0,20.0,7.0,1,541,0,542
571,45,109.0,2810.0,64.0,26.0,0,247,7,334
571,57,159.0,2814.0,62.0,20.0,0,235,6,296
571,91,0.0,2810.0,58.0,12.0,1,133,0,164
571,106,326.0,2806.0,60.0,18.0,1,77,0,80
571,115,234.0,2812.0,37.0,9.0,1,49,0,51
571,126,31.0,19.0,61.0,33.0,0,12,10,24
572,5,1778.0,3030.0,9.0,7.0,1,542,0,543
572,45,109.0,2810.0,64.0,26.0,0,247,8,335
572,57,99.0,2807.0,70.0,26.0,1,236,0,297
572,91,2.0,2809.0,48.0,11.0,1,134,0,165
572,106,284.0,2806.0,76.0,11.0,1,78,0,81
572,115,228.0,2804.0,49.0,17.0,1,50,0,52
572,126,31.0,19.0,61.0,33.0,0,12,11,25
573,5,1777.0,3033.0,7.0,7.0,1,543,0,544
573,45,109.0,2810.0,64.0,26.0,0,247,9,336
573,57,91.0,2813.0,69.0,19.0,1,237,0,298
573,91,0.0,2802.0,42.0,15.0,1,135,0,166
573,106,268.0,2802.0,50.0,17.0,1,79,0,82
573,115,222.0,2809.0,28.0,10.0,1,51,0,53
573,126,31.0,19.0,61.0,33.0,0,12,12,26
574,5,1775.0,3035.0,9.0,4.0,1,544,0,545
574,45,109.0,2810.0,64.0,26.0,0,247,10,337
574,57,83.0,2813.0,69.0,18.0,1,238,0,299
574,91,21.0,2806.0,12.0,10.0,1,136,0,167
574,106,303.0,2808.0,59.0,12.0,1,80,0,83
574,115,212.0,2803.0,50.0,14.0,1,52,0,54
574,126,31.0,19.0,61.0,33.0,0,12,13,27
575,5,1775.0,3037.0,8.0,5.0,1,545,0,546
575,45,109.0,2810.0,64.0,26.0,0,247,11,338
575,57,83.0,2813.0,69.0,18.0,0,238,1,300
575,91,10.0,2807.0,73.0,28.0,1,137,0,168
575,106,296.0,2802.0,59.0,20.0,1,81,0,84
575,115,205.0,2810.0,33.0,9.0,1,53,0,55
575,126,31.0,19.0,61.0,33.0,0,12,14,28
576,5,1775.0,3039.0,7.0,6.0,1,546,0,547
576,45,109.0,2810.0,64.0,26.0,0,247,12,339
576,57,63.0,2810.0,73.0,22.0,1,239,0,301
576,91,1.0,2803.0,32.0,13.0,1,138,0,169
576,106,289.0,2804.0,60.0,17.0,1,82,0,85
576,115,197.0,2810.0,34.0,13.0,1,54,0,56
577,5,1773.0,3041.0,9.0,6.0,1,547,0,548
577,45,109.0,2810.0,64.0,26.0,0,247,13,340
577,57,85.0,2811.0,66.0,16.0,1,240,0,302
577,91,0.0,2805.0,65.0,27.0,1,139,0,170
577,106,281.0,2804.0,64.0,17.0,1,83,0,86
577,115,191.0,2806.0,9.0,8.0,1,55,0,57
578,5,1772.0,3043.0,9.0,6.0,1,548,0,549
578,45,109.0,2810.0,64.0,26.0,0,247,14,341
578,57,48.0,2811.0,69.0,21.0,1,241,0,303
578,91,0.0,2805.0,65.0,27.0,0,139,1,171
578,106,274.0,2806.0,61.0,19.0,1,84,0,87
578,115,179.0,2805.0,14.0,9.0,1,56,0,58
579,5,1771.0,3046.0,10.0,5.0,1,549,0,550
579,57,39.0,2807.0,71.0,29.0,1,242,0,304
579,91,0.0,2805.0,65.0,27.0,0,139,2,172
579,106,267.0,2803.0,58.0,18.0,1,85,0,88
579,115,172.0,2806.0,10.0,10.0,1,57,0,59
580,5,1770.0,3048.0,10.0,5.0,1,550,0,551
580,57,58.0,2810.0,65.0,22.0,1,243,0,305
580,91,31.0,2825.0,6.0,7.0,1,140,0,173
580,106,260.0,2802.0,60.0,18.0,1,86,0,89
580,115,165.0,2807.0,12.0,11.0,1,58,0,60
581,5,1769.0,3051.0,10.0,5.0,1,551,0,552
581,57,58.0,2810.0,65.0,22.0,0,243,1,306
581,91,22.0,2811.0,69.0,21.0,1,141,0,174
581,106,251.0,2806.0,57.0,15.0,1,87,0,90
581,115,156.0,2805.0,12.0,8.0,1,59,0,61
582,5,1768.0,3053.0,8.0,4.0,1,552,0,553
582,57,58.0,2810.0,65.0,22.0,0,243,2,307
582,91,14.0,2811.0,68.0,26.0,1,142,0,175
582,106,238.0,2803.0,48.0,13.0,1,88,0,91
582,115,148.0,2803.0,13.0,10.0,1,60,0,62
583,5,1768.0,3055.0,8.0,5.0,1,553,0,554
583,57,58.0,2810.0,65.0,22.0,0,243,3,308
583,91,5.0,2811.0,69.0,22.0,1,143,0,176
583,106,235.0,2803.0,61.0,18.0,1,89,0,92
583,115,135.0,2806.0,14.0,11.0,1,61,0,63
584,5,1767.0,3057.0,8.0,5.0,1,554,0,555
584,57,23.0,2807.0,65.0,23.0,1,244,0,309
584,91,5.0,2811.0,69.0,22.0,0,143,1,177
584,106,219.0,2802.0,49.0,14.0,1,90,0,93
584,115,128.0,2807.0,13.0,9.0,1,62,0,64
585,5,1767.0,3059.0,7.0,5.0,1,555,0,556
585,57,13.0,2806.0,66.0,19.0,1,245,0,310
585,91,123.0,2804.0,10.0,8.0,1,144,0,178
585,106,251.0,2806.0,28.0,19.0,1,91,0,94
585,115,211.0,2805.0,9.0,8.0,1,63,0,65
586,5,1765.0,3054.0,8.0,12.0,1,556,0,557
586,57,4.0,2804.0,69.0,21.0,1,246,0,311
586,91,116.0,2803.0,8.0,9.0,1,145,0,179
586,106,205.0,2799.0,47.0,15.0,1,92,0,95
586,115,211.0,2805.0,9.0,8.0,0,63,1,66
587,5,1764.0,3064.0,8.0,4.0,1,557,0,558
587,57,0.0,2812.0,37.0,15.0,1,247,0,312
587,91,102.0,2807.0,32.0,8.0,1,146,0,180
587,106,191.0,2802.0,53.0,12.0,1,93,0,96
587,115,211.0,2805.0,9.0,8.0,0,63,2,67
588,5,1763.0,3065.0,9.0,5.0,1,558,0,559
588,57,17.0,2808.0,36.0,12.0,1,248,0,313
588,91,96.0,2806.0,35.0,12.0,1,147,0,181
588,106,182.0,2802.0,54.0,13.0,1,94,0,97
588,115,211.0,2805.0,9.0,8.0,0,63,3,68
589,5,1762.0,3067.0,8.0,4.0,1,559,0,560
589,57,7.0,2805.0,35.0,12.0,1,249,0,314
589,91,87.0,2802.0,37.0,12.0,1,148,0,182
589,106,174.0,2800.0,52.0,15.0,1,95,0,98
589,115,211.0,2805.0,9.0,8.0,0,63,4,69
590,5,1761.0,3068.0,9.0,5.0,1,560,0,561
590,57,0.0,2803.0,35.0,14.0,1,250,0,315
590,91,79.0,2802.0,37.0,10.0,1,149,0,183
590,106,165.0,2800.0,53.0,17.0,1,96,0,99
590,115,211.0,2805.0,9.0,8.0,0,63,5,70
591,5,1760.0,3070.0,8.0,5.0,1,561,0,562
591,57,13.0,2806.0,10.0,8.0,1,251,0,316
591,91,68.0,2802.0,40.0,9.0,1,150,0,184
591,106,155.0,2803.0,53.0,10.0,1,97,0,100
591,115,211.0,2805.0,9.0,8.0,0,63,6,71
591,132,197.0,19.0,57.0,33.0,1,5,0,5
592,5,1759.0,3071.0,8.0,5.0,1,562,0,563
592,57,4.0,2806.0,11.0,7.0,1,252,0,317
592,91,59.0,2802.0,36.0,14.0,1,151,0,185
592,106,147.0,2803.0,52.0,10.0,1,98,0,101
592,115,211.0,2805.0,9.0,8.0,0,63,7,72
592,132,139.0,19.0,60.0,33.0,1,6,0,6
593,5,1759.0,3074.0,6.0,4.0,1,563,0,564
593,57,4.0,2806.0,11.0,7.0,0,252,1,318
593,91,49.0,2803.0,37.0,9.0,1,152,0,186
593,106,138.0,2799.0,52.0,16.0,1,99,0,102
593,115,211.0,2805.0,9.0,8.0,0,63,8,73
593,132,139.0,19.0,60.0,33.0,0,6,1,7
594,5,1756.0,3075.0,9.0,4.0,1,564,0,565
594,57,4.0,2806.0,11.0,7.0,0,252,2,319
594,91,39.0,2800.0,38.0,10.0,1,153,0,187
594,106,127.0,2799.0,53.0,15.0,1,100,0,103
594,115,211.0,2805.0,9.0,8.0,0,63,9,74
594,132,38.0,19.0,54.0,33.0,1,7,0,8
595,5,1756.0,3077.0,7.0,4.0,1,565,0,566
595,57,4.0,2806.0,11.0,7.0,0,252,3,320
595,91,29.0,2798.0,39.0,11.0,1,154,0,188
595,106,119.0,2802.0,11.0,8.0,1,101,0,104
595,115,168.0,2799.0,23.0,21.0,1,64,0,75
595,132,38.0,19.0,54.0,33.0,0,7,1,9
595,133,738.0,3081.0,111.0,284.0,1,5,0,5
596,5,1754.0,3078.0,10.0,5.0,1,566,0,567
596,57,4.0,2806.0,11.0,7.0,0,252,4,321
596,91,21.0,2799.0,35.0,14.0,1,155,0,189
596,106,72.0,2792.0,46.0,18.0,1,102,0,105
596,115,155.0,2803.0,27.0,19.0,1,65,0,76
596,132,38.0,19.0,54.0,33.0,0,7,2,10
596,133,738.0,3071.0,117.0,285.0,1,6,0,6
597,5,1752.0,3079.0,10.0,6.0,1,567,0,568
597,57,4.0,2806.0,11.0,7.0,0,252,5,322
597,91,38.0,2790.0,27.0,22.0,1,156,0,190
597,106,98.0,2795.0,53.0,15.0,1,103,0,106
597,115,155.0,2803.0,27.0,19.0,0,65,1,77
597,132,38.0,19.0,54.0,33.0,0,7,3,11
597,133,738.0,3071.0,117.0,285.0,0,6,1,7
598,5,1752.0,3081.0,8.0,6.0,1,568,0,569
598,57,4.0,2806.0,11.0,7.0,0,252,6,323
598,91,0.0,2798.0,41.0,14.0,1,157,0,191
598,106,42.0,2792.0,57.0,15.0,1,104,0,107
598,115,137.0,2802.0,28.0,18.0,1,66,0,78
598,132,38.0,19.0,54.0,33.0,0,7,4,12
598,133,738.0,3071.0,117.0,285.0,0,6,2,8
599,5,1750.0,3083.0,8.0,5.0,1,569,0,570
599,57,4.0,2806.0,11.0,7.0,0,252,7,324
599,91,17.0,2790.0,71.0,19.0,1,158,0,192
599,106,42.0,2792.0,57.0,15.0,0,104,1,108
599,115,127.0,2802.0,27.0,19.0,1,67,0,79
599,132,38.0,19.0,54.0,33.0,0,7,5,13
599,133,738.0,3071.0,117.0,285.0,0,6,3,9
600,5,1751.0,3085.0,7.0,4.0,1,570,0,571
600,57,4.0,2806.0,11.0,7.0,0,252,8,325
600,91,7.0,2789.0,71.0,18.0,1,159,0,193
600,106,42.0,2792.0,57.0,15.0,0,104,2,109
600,115,116.0,2803.0,28.0,18.0,1,68,0,80
600,132,38.0,19.0,54.0,33.0,0,7,6,14
600,133,738.0,3071.0,117.0,285.0,0,6,4,10
601,5,1748.0,3086.0,7.0,4.0,1,571,0,572
601,57,4.0,2806.0,11.0,7.0,0,252,9,326
601,91,0.0,2786.0,29.0,23.0,1,160,0,194
601,106,63.0,2793.0,64.0,23.0,1,105,0,110
601,115,116.0,2803.0,28.0,18.0,0,68,1,81
601,132,38.0,19.0,54.0,33.0,0,7,7,15
601,133,738.0,3071.0,117.0,285.0,0,6,5,11
602,5,1747.0,3088.0,8.0,4.0,1,572,0,573
602,57,4.0,2806.0,11.0,7.0,0,252,10,327
602,91,6.0,2790.0,53.0,13.0,1,161,0,195
602,106,63.0,2793.0,64.0,23.0,0,105,1,111
602,115,102.0,2798.0,24.0,20.0,1,69,0,82
602,132,38.0,19.0,54.0,33.0,0,7,8,16
602,133,738.0,3071.0,117.0,285.0,0,6,6,12
602,136,354.0,19.0,60.0,34.0,1,5,0,5
603,5,1745.0,3089.0,7.0,4.0,1,573,0,574
603,57,4.0,2806.0,11.0,7.0,0,252,11,328
603,91,0.0,2789.0,45.0,16.0,1,162,0,196
603,106,63.0,2793.0,64.0,23.0,0,105,2,112
603,115,89.0,2798.0,26.0,22.0,1,70,0,83
603,132,38.0,19.0,54.0,33.0,0,7,9,17
603,133,738.0,3071.0,117.0,285.0,0,6,7,13
603,136,323.0,19.0,64.0,34.0,1,6,0,6
604,5,1743.0,3091.0,10.0,4.0,1,574,0,575
604,57,4.0,2806.0,11.0,7.0,0,252,12,329
604,91,0.0,2789.0,45.0,16.0,0,162,1,197
604,106,33.0,2792.0,64.0,24.0,1,106,0,113
604,115,89.0,2798.0,26.0,22.0,0,70,1,84
604,132,38.0,19.0,54.0,33.0,0,7,10,18
604,133,738.0,3071.0,117.0,285.0,0,6,8,14
604,136,287.0,19.0,64.0,34.0,1,7,0,7
605,5,1743.0,3092.0,6.0,5.0,1,575,0,576
605,57,4.0,2806.0,11.0,7.0,0,252,13,330
605,91,0.0,2789.0,45.0,16.0,0,162,2,198
605,106,25.0,2791.0,64.0,25.0,1,107,0,114
605,115,89.0,2798.0,26.0,22.0,0,70,2,85
605,132,38.0,19.0,54.0,33.0,0,7,11,19
605,133,738.0,3071.0,117.0,285.0,0,6,9,15
605,136,247.0,19.0,64.0,33.0,1,8,0,8
606,5,1743.0,3094.0,7.0,4.0,1,576,0,577
606,57,4.0,2806.0,11.0,7.0,0,252,14,331
606,91,0.0,2789.0,45.0,16.0,0,162,3,199
606,106,7.0,2793.0,12.0,8.0,1,108,0,115
606,115,59.0,2795.0,27.0,21.0,1,71,0,86
606,132,38.0,19.0,54.0,33.0,0,7,12,20
606,133,738.0,3071.0,117.0,285.0,0,6,10,16
606,136,205.0,19.0,49.0,34.0,1,9,0,9
607,5,1738.0,3094.0,11.0,6.0,1,577,0,578
607,91,0.0,2792.0,10.0,7.0,1,163,0,200
607,106,7.0,2793.0,12.0,8.0,0,108,1,116
607,115,49.0,2798.0,28.0,22.0,1,72,0,87
607,132,38.0,19.0,54.0,33.0,0,7,13,21
607,133,738.0,3071.0,117.0,285.0,0,6,11,17
607,136,153.0,19.0,64.0,34.0,1,10,0,10
608,5,1736.0,3096.0,13.0,6.0,1,578,0,579
608,91,0.0,2792.0,10.0,7.0,0,163,1,201
608,106,7.0,2793.0,12.0,8.0,0,108,2,117
608,115,40.0,2798.0,27.0,18.0,1,73,0,88
608,132,38.0,19.0,54.0,33.0,0,7,14,22
608,133,738.0,3071.0,117.0,285.0,0,6,12,18
608,136,105.0,19.0,63.0,34.0,1,11,0,11
609,5,1735.0,3098.0,11.0,6.0,1,579,0,580
609,91,0.0,2792.0,10.0,7.0,0,163,2,202
609,106,7.0,2793.0,12.0,8.0,0,108,3,118
609,115,28.0,2795.0,29.0,19.0,1,74,0,89
609,133,738.0,3071.0,117.0,285.0,0,6,13,19
609,136,105.0,19.0,63.0,34.0,0,11,1,12
610,5,1734.0,3099.0,10.0,5.0,1,580,0,581
610,91,0.0,2792.0,10.0,7.0,0,163,3,203
610,106,7.0,2793.0,12.0,8.0,0,108,4,119
610,115,18.0,2791.0,29.0,28.0,1,75,0,90
610,133,738.0,3071.0,117.0,285.0,0,6,14,20
610,136,17.0,19.0,64.0,34.0,1,12,0,13
611,5,1733.0,3101.0,10.0,5.0,1,581,0,582
611,91,0.0,2792.0,10.0,7.0,0,163,4,204
611,106,7.0,2793.0,12.0,8.0,0,108,5,120
611,115,8.0,2794.0,28.0,22.0,1,76,0,91
611,136,17.0,19.0,64.0,34.0,0,12,1,14
612,5,1731.0,3102.0,10.0,5.0,1,582,0,583
612,91,0.0,2792.0,10.0,7.0,0,163,5,205
612,106,7.0,2793.0,12.0,8.0,0,108,6,121
612,115,0.0,2793.0,27.0,20.0,1,77,0,92
612,136,17.0,19.0,64.0,34.0,0,12,2,15
613,5,1730.0,3101.0,13.0,7.0,1,583,0,584
613,91,0.0,2792.0,10.0,7.0,0,163,6,206
613,106,7.0,2793.0,12.0,8.0,0,108,7,122
613,115,5.0,2807.0,10.0,5.0,1,78,0,93
613,136,17.0,19.0,64.0,34.0,0,12,3,16
614,5,1729.0,3106.0,12.0,6.0,1,584,0,585
614,91,0.0,2792.0,10.0,7.0,0,163,7,207
614,106,7.0,2793.0,12.0,8.0,0,108,8,123
614,115,0.0,2807.0,7.0,5.0,1,79,0,94
614,136,17.0,19.0,64.0,34.0,0,12,4,17
615,5,1728.0,3107.0,10.0,6.0,1,585,0,586
615,91,0.0,2792.0,10.0,7.0,0,163,8,208
615,106,7.0,2793.0,12.0,8.0,0,108,9,124
615,115,0.0,2807.0,7.0,5.0,0,79,1,95
615,136,17.0,19.0,64.0,34.0,0,12,5,18
616,5,1727.0,3108.0,10.0,5.0,1,586,0,587
616,91,0.0,2792.0,10.0,7.0,0,163,9,209
616,106,7.0,2793.0,12.0,8.0,0,108,10,125
616,115,0.0,2807.0,7.0,5.0,0,79,2,96
616,136,17.0,19.0,64.0,34.0,0,12,6,19
617,5,1725.0,3106.0,14.0,9.0,1,587,0,588
617,91,0.0,2792.0,10.0,7.0,0,163,10,210
617,106,7.0,2793.0,12.0,8.0,0,108,11,126
617,115,0.0,2807.0,7.0,5.0,0,79,3,97
617,136,17.0,19.0,64.0,34.0,0,12,7,20
618,5,1725.0,3106.0,14.0,9.0,0,587,1,589
618,91,0.0,2792.0,10.0,7.0,0,163,11,211
618,106,7.0,2793.0,12.0,8.0,0,108,12,127
618,115,0.0,2807.0,7.0,5.0,0,79,4,98
618,136,17.0,19.0,64.0,34.0,0,12,8,21
619,5,1719.0,3115.0,14.0,9.0,1,588,0,590
619,91,0.0,2792.0,10.0,7.0,0,163,12,212
619,106,7.0,2793.0,12.0,8.0,0,108,13,128
619,115,0.0,2807.0,7.0,5.0,0,79,5,99
619,136,17.0,19.0,64.0,34.0,0,12,9,22
620,5,1720.0,3116.0,9.0,7.0,1,589,0,591
620,91,0.0,2792.0,10.0,7.0,0,163,13,213
620,106,7.0,2793.0,12.0,8.0,0,108,14,129
620,115,0.0,2807.0,7.0,5.0,0,79,6,100
620,136,17.0,19.0,64.0,34.0,0,12,10,23
621,5,1718.0,3113.0,10.0,9.0,1,590,0,592
621,91,0.0,2792.0,10.0,7.0,0,163,14,214
621,115,0.0,2807.0,7.0,5.0,0,79,7,101
621,136,17.0,19.0,64.0,34.0,0,12,11,24
622,5,1716.0,3116.0,10.0,9.0,1,591,0,593
622,115,0.0,2807.0,7.0,5.0,0,79,8,102
622,136,17.0,19.0,64.0,34.0,0,12,12,25
623,5,1712.0,3120.0,12.0,8.0,1,592,0,594
623,115,0.0,2807.0,7.0,5.0,0,79,9,103
623,136,17.0,19.0,64.0,34.0,0,12,13,26
624,5,1710.0,3121.0,10.0,7.0,1,593,0,595
624,115,0.0,2807.0,7.0,5.0,0,79,10,104
624,136,17.0,19.0,64.0,34.0,0,12,14,27
625,5,1711.0,3119.0,9.0,6.0,1,594,0,596
625,115,0.0,2807.0,7.0,5.0,0,79,11,105
626,5,1703.0,3119.0,12.0,9.0,1,595,0,597
626,115,0.0,2807.0,7.0,5.0,0,79,12,106
627,5,1703.0,3124.0,10.0,5.0,1,596,0,598
627,115,0.0,2807.0,7.0,5.0,0,79,13,107
627,138,355.0,19.0,59.0,34.0,1,5,0,5
628,5,1699.0,3124.0,15.0,9.0,1,597,0,599
628,115,0.0,2807.0,7.0,5.0,0,79,14,108
628,138,322.0,19.0,64.0,34.0,1,6,0,6
629,5,1695.0,3124.0,19.0,6.0,1,598,0,600
629,138,284.0,19.0,57.0,34.0,1,7,0,7
630,5,1691.0,3119.0,23.0,11.0,1,599,0,601
630,138,240.0,19.0,51.0,34.0,1,8,0,8
631,5,1683.0,3124.0,31.0,9.0,1,600,0,602
631,138,190.0,19.0,64.0,34.0,1,9,0,9
632,5,1680.0,3128.0,12.0,8.0,1,601,0,603
632,138,148.0,19.0,58.0,34.0,1,10,0,10
633,5,1680.0,3127.0,9.0,6.0,1,602,0,604
633,138,105.0,19.0,53.0,34.0,1,11,0,11
634,5,1676.0,3124.0,11.0,8.0,1,603,0,605
634,138,46.0,19.0,64.0,33.0,1,12,0,12
635,5,1669.0,3123.0,10.0,10.0,1,604,0,606
635,138,46.0,19.0,64.0,33.0,0,12,1,13
636,5,1665.0,3128.0,11.0,9.0,1,605,0,607
636,138,46.0,19.0,64.0,33.0,0,12,2,14
637,5,1662.0,3128.0,10.0,8.0,1,606,0,608
637,138,46.0,19.0,64.0,33.0,0,12,3,15
638,5,1657.0,3125.0,10.0,10.0,1,607,0,609
638,138,46.0,19.0,64.0,33.0,0,12,4,16
639,5,1650.0,3120.0,14.0,13.0,1,608,0,610
639,138,46.0,19.0,64.0,33.0,0,12,5,17
640,5,1647.0,3125.0,10.0,11.0,1,609,0,611
640,138,46.0,19.0,64.0,33.0,0,12,6,18
641,5,1642.0,3126.0,9.0,10.0,1,610,0,612
641,138,46.0,19.0,64.0,33.0,0,12,7,19
642,5,1639.0,3125.0,9.0,5.0,1,611,0,613
642,138,46.0,19.0,64.0,33.0,0,12,8,20
643,5,1633.0,3118.0,8.0,10.0,1,612,0,614
643,138,46.0,19.0,64.0,33.0,0,12,9,21
644,5,1624.0,3120.0,12.0,8.0,1,613,0,615
644,138,46.0,19.0,64.0,33.0,0,12,10,22
645,5,1620.0,3123.0,12.0,10.0,1,614,0,616
645,138,46.0,19.0,64.0,33.0,0,12,11,23
646,5,1616.0,3122.0,10.0,7.0,1,615,0,617
646,138,46.0,19.0,64.0,33.0,0,12,12,24
647,5,1611.0,3118.0,9.0,6.0,1,616,0,618
647,138,46.0,19.0,64.0,33.0,0,12,13,25
648,5,1603.0,3115.0,12.0,10.0,1,617,0,619
648,138,46.0,19.0,64.0,33.0,0,12,14,26
649,5,1597.0,3119.0,12.0,9.0,1,618,0,620
650,5,1593.0,3119.0,9.0,8.0,1,619,0,621
651,5,1588.0,3115.0,8.0,5.0,1,620,0,622
652,5,1581.0,3111.0,8.0,8.0,1,621,0,623
653,5,1575.0,3109.0,8.0,10.0,1,622,0,624
653,140,197.0,19.0,57.0,33.0,1,5,0,5
654,5,1567.0,3110.0,9.0,10.0,1,623,0,625
654,140,138.0,19.0,61.0,33.0,1,6,0,6
655,5,1563.0,3111.0,7.0,8.0,1,624,0,626
655,140,138.0,19.0,61.0,33.0,0,6,1,7
656,5,1558.0,3106.0,7.0,6.0,1,625,0,627
656,140,37.0,19.0,55.0,33.0,1,7,0,8
657,5,1550.0,3103.0,10.0,10.0,1,626,0,628
657,140,37.0,19.0,55.0,33.0,0,7,1,9
658,5,1542.0,3102.0,9.0,11.0,1,627,0,629
658,140,37.0,19.0,55.0,33.0,0,7,2,10
659,5,1534.0,3103.0,11.0,9.0,1,628,0,630
659,140,37.0,19.0,55.0,33.0,0,7,3,11
659,142,736.0,3077.0,116.0,283.0,1,5,0,5
660,5,1530.0,3099.0,8.0,10.0,1,629,0,631
660,140,37.0,19.0,55.0,33.0,0,7,4,12
660,142,736.0,3070.0,122.0,281.0,1,6,0,6
661,5,1525.0,3095.0,7.0,9.0,1,630,0,632
661,140,37.0,19.0,55.0,33.0,0,7,5,13
661,142,737.0,3064.0,126.0,278.0,1,7,0,7
662,5,1517.0,3094.0,9.0,9.0,1,631,0,633
662,140,37.0,19.0,55.0,33.0,0,7,6,14
662,142,736.0,3055.0,133.0,276.0,1,8,0,8
663,5,1511.0,3095.0,10.0,9.0,1,632,0,634
663,140,37.0,19.0,55.0,33.0,0,7,7,15
663,142,735.0,3039.0,138.0,281.0,1,9,0,9
664,5,1506.0,3092.0,10.0,7.0,1,633,0,635
664,140,37.0,19.0,55.0,33.0,0,7,8,16
664,142,735.0,3021.0,144.0,291.0,1,10,0,10
665,5,1499.0,3086.0,12.0,8.0,1,634,0,636
665,140,37.0,19.0,55.0,33.0,0,7,9,17
665,142,735.0,3043.0,148.0,258.0,1,11,0,11
666,5,1492.0,3083.0,11.0,12.0,1,635,0,637
666,140,37.0,19.0,55.0,33.0,0,7,10,18
666,142,735.0,3043.0,148.0,258.0,0,11,1,12
667,5,1484.0,3086.0,11.0,8.0,1,636,0,638
667,140,37.0,19.0,55.0,33.0,0,7,11,19
667,142,735.0,3043.0,148.0,258.0,0,11,2,13
668,5,1478.0,3082.0,11.0,8.0,1,637,0,639
668,140,37.0,19.0,55.0,33.0,0,7,12,20
668,142,735.0,3043.0,148.0,258.0,0,11,3,14
669,5,1473.0,3077.0,8.0,8.0,1,638,0,640
669,140,37.0,19.0,55.0,33.0,0,7,13,21
669,142,735.0,3043.0,148.0,258.0,0,11,4,15
670,5,1466.0,3071.0,10.0,9.0,1,639,0,641
670,140,37.0,19.0,55.0,33.0,0,7,14,22
670,142,735.0,3043.0,148.0,258.0,0,11,5,16
671,5,1459.0,3070.0,10.0,11.0,1,640,0,642
671,142,735.0,3043.0,148.0,258.0,0,11,6,17
672,5,1452.0,3071.0,8.0,9.0,1,641,0,643
672,142,735.0,3043.0,148.0,258.0,0,11,7,18
673,5,1447.0,3067.0,9.0,8.0,1,642,0,644
673,142,735.0,3043.0,148.0,258.0,0,11,8,19
674,5,1441.0,3061.0,8.0,8.0,1,643,0,645
674,142,735.0,3043.0,148.0,258.0,0,11,9,20
675,5,1434.0,3058.0,6.0,8.0,1,644,0,646
675,142,735.0,3043.0,148.0,258.0,0,11,10,21
676,5,1426.0,3058.0,11.0,10.0,1,645,0,647
676,142,735.0,3043.0,148.0,258.0,0,11,11,22
677,5,1418.0,3055.0,12.0,10.0,1,646,0,648
677,142,735.0,3043.0,148.0,258.0,0,11,12,23
677,144,352.0,19.0,62.0,34.0,1,5,0,5
678,5,1415.0,3051.0,6.0,5.0,1,647,0,649
678,142,735.0,3043.0,148.0,258.0,0,11,13,24
678,144,321.0,19.0,64.0,34.0,1,6,0,6
679,5,1409.0,3046.0,7.0,7.0,1,648,0,650
679,142,735.0,3043.0,148.0,258.0,0,11,14,25
679,144,284.0,19.0,57.0,34.0,1,7,0,7
680,5,1402.0,3040.0,6.0,13.0,1,649,0,651
680,144,241.0,19.0,50.0,34.0,1,8,0,8
681,5,1395.0,3042.0,9.0,11.0,1,650,0,652
681,144,191.0,19.0,63.0,34.0,1,9,0,9
682,5,1391.0,3041.0,10.0,9.0,1,651,0,653
682,144,148.0,19.0,59.0,34.0,1,10,0,10
683,5,1385.0,3037.0,7.0,5.0,1,652,0,654
683,144,105.0,19.0,54.0,34.0,1,11,0,11
684,5,1377.0,3031.0,11.0,7.0,1,653,0,655
684,144,47.0,19.0,64.0,33.0,1,12,0,12
685,5,1371.0,3028.0,11.0,8.0,1,654,0,656
685,144,7.0,19.0,47.0,33.0,1,13,0,13
686,5,1366.0,3030.0,9.0,5.0,1,655,0,657
686,144,7.0,19.0,47.0,33.0,0,13,1,14
687,5,1361.0,3026.0,6.0,6.0,1,656,0,658
687,144,7.0,19.0,47.0,33.0,0,13,2,15
688,5,1355.0,3022.0,7.0,5.0,1,657,0,659
688,144,7.0,19.0,47.0,33.0,0,13,3,16
689,5,1346.0,3014.0,10.0,10.0,1,658,0,660
689,144,7.0,19.0,47.0,33.0,0,13,4,17
690,5,1342.0,3015.0,9.0,9.0,1,659,0,661
690,144,7.0,19.0,47.0,33.0,0,13,5,18
691,5,1336.0,3015.0,8.0,9.0,1,660,0,662
691,144,7.0,19.0,47.0,33.0,0,13,6,19
692,5,1332.0,3011.0,6.0,5.0,1,661,0,663
692,144,7.0,19.0,47.0,33.0,0,13,7,20
693,5,1327.0,3008.0,6.0,6.0,1,662,0,664
693,144,7.0,19.0,47.0,33.0,0,13,8,21
694,5,1322.0,3003.0,6.0,6.0,1,663,0,665
694,144,7.0,19.0,47.0,33.0,0,13,9,22
695,5,1316.0,3000.0,5.0,7.0,1,664,0,666
695,144,7.0,19.0,47.0,33.0,0,13,10,23
696,5,1309.0,3000.0,6.0,7.0,1,665,0,667
696,144,7.0,19.0,47.0,33.0,0,13,11,24
697,5,1304.0,2997.0,8.0,6.0,1,666,0,668
697,144,7.0,19.0,47.0,33.0,0,13,12,25
698,5,1299.0,2993.0,8.0,5.0,1,667,0,669
698,144,7.0,19.0,47.0,33.0,0,13,13,26
699,5,1293.0,2988.0,7.0,7.0,1,668,0,670
699,144,7.0,19.0,47.0,33.0,0,13,14,27
700,5,1287.0,2986.0,9.0,8.0,1,669,0,671
701,5,1281.0,2987.0,7.0,6.0,1,670,0,672
702,5,1274.0,2983.0,9.0,10.0,1,671,0,673
703,5,1272.0,2981.0,8.0,5.0,1,672,0,674
703,145,251.0,19.0,64.0,33.0,1,5,0,5
704,5,1267.0,2977.0,8.0,7.0,1,673,0,675
704,145,203.0,19.0,51.0,33.0,1,6,0,6
705,5,1259.0,2973.0,11.0,9.0,1,674,0,676
705,145,147.0,19.0,52.0,33.0,1,7,0,7
706,5,1256.0,2974.0,7.0,6.0,1,675,0,677
706,145,147.0,19.0,52.0,33.0,0,7,1,8
707,5,1248.0,2970.0,9.0,11.0,1,676,0,678
707,145,41.0,19.0,51.0,32.0,1,8,0,9
708,5,1244.0,2969.0,6.0,7.0,1,677,0,679
708,145,7.0,19.0,13.0,32.0,1,9,0,10
709,5,1240.0,2965.0,7.0,7.0,1,678,0,680
709,145,7.0,19.0,13.0,32.0,0,9,1,11
710,5,1235.0,2963.0,7.0,6.0,1,679,0,681
710,145,7.0,19.0,13.0,32.0,0,9,2,12
711,5,1226.0,2963.0,13.0,5.0,1,680,0,682
711,145,7.0,19.0,13.0,32.0,0,9,3,13
712,5,1221.0,2961.0,11.0,8.0,1,681,0,683
712,145,7.0,19.0,13.0,32.0,0,9,4,14
713,5,1218.0,2958.0,7.0,7.0,1,682,0,684
713,145,7.0,19.0,13.0,32.0,0,9,5,15
714,5,1213.0,2953.0,7.0,7.0,1,683,0,685
714,145,7.0,19.0,13.0,32.0,0,9,6,16
715,5,1208.0,2951.0,9.0,10.0,1,684,0,686
715,145,7.0,19.0,13.0,32.0,0,9,7,17
715,146,197.0,19.0,57.0,33.0,1,5,0,5
716,5,1202.0,2951.0,9.0,8.0,1,685,0,687
716,145,7.0,19.0,13.0,32.0,0,9,8,18
716,146,138.0,19.0,61.0,33.0,1,6,0,6
717,5,1197.0,2949.0,9.0,8.0,1,686,0,688
717,145,7.0,19.0,13.0,32.0,0,9,9,19
717,146,138.0,19.0,61.0,33.0,0,6,1,7
718,5,1192.0,2947.0,7.0,8.0,1,687,0,689
718,145,7.0,19.0,13.0,32.0,0,9,10,20
718,146,37.0,19.0,55.0,33.0,1,7,0,8
719,5,1187.0,2947.0,6.0,5.0,1,688,0,690
719,145,7.0,19.0,13.0,32.0,0,9,11,21
719,146,37.0,19.0,55.0,33.0,0,7,1,9
720,5,1183.0,2944.0,6.0,5.0,1,689,0,691
720,145,7.0,19.0,13.0,32.0,0,9,12,22
720,146,37.0,19.0,55.0,33.0,0,7,2,10
721,5,1178.0,2943.0,6.0,4.0,1,690,0,692
721,145,7.0,19.0,13.0,32.0,0,9,13,23
721,146,37.0,19.0,55.0,33.0,0,7,3,11
722,5,1173.0,2941.0,6.0,5.0,1,691,0,693
722,145,7.0,19.0,13.0,32.0,0,9,14,24
722,146,37.0,19.0,55.0,33.0,0,7,4,12
723,5,1168.0,2939.0,7.0,5.0,1,692,0,694
723,146,37.0,19.0,55.0,33.0,0,7,5,13
724,5,1164.0,2938.0,7.0,5.0,1,693,0,695
724,146,37.0,19.0,55.0,33.0,0,7,6,14
725,5,1159.0,2937.0,7.0,4.0,1,694,0,696
725,146,37.0,19.0,55.0,33.0,0,7,7,15
726,5,1154.0,2935.0,7.0,4.0,1,695,0,697
726,146,37.0,19.0,55.0,33.0,0,7,8,16
727,5,1151.0,2934.0,5.0,4.0,1,696,0,698
727,146,37.0,19.0,55.0,33.0,0,7,9,17
727,150,314.0,19.0,64.0,34.0,1,5,0,5
728,5,1146.0,2932.0,6.0,5.0,1,697,0,699
728,146,37.0,19.0,55.0,33.0,0,7,10,18
728,150,278.0,19.0,61.0,34.0,1,6,0,6
729,5,1141.0,2931.0,6.0,4.0,1,698,0,700
729,146,37.0,19.0,55.0,33.0,0,7,11,19
729,150,234.0,19.0,57.0,34.0,1,7,0,7
730,5,1137.0,2930.0,6.0,4.0,1,699,0,701
730,146,37.0,19.0,55.0,33.0,0,7,12,20
730,150,185.0,19.0,64.0,33.0,1,8,0,8
731,5,1132.0,2929.0,7.0,4.0,1,700,0,702
731,146,37.0,19.0,55.0,33.0,0,7,13,21
731,150,137.0,19.0,62.0,33.0,1,9,0,9
732,5,1129.0,2927.0,7.0,5.0,1,701,0,703
732,146,37.0,19.0,55.0,33.0,0,7,14,22
732,150,85.0,19.0,56.0,33.0,1,10,0,10
733,5,1124.0,2926.0,7.0,4.0,1,702,0,704
733,150,31.0,19.0,61.0,33.0,1,11,0,11
734,5,1120.0,2925.0,7.0,4.0,1,703,0,705
734,150,31.0,19.0,61.0,33.0,0,11,1,12
735,5,1116.0,2924.0,7.0,4.0,1,704,0,706
735,150,31.0,19.0,61.0,33.0,0,11,2,13
736,5,1112.0,2922.0,8.0,5.0,1,705,0,707
736,150,31.0,19.0,61.0,33.0,0,11,3,14
737,5,1108.0,2922.0,7.0,4.0,1,706,0,708
737,150,31.0,19.0,61.0,33.0,0,11,4,15
738,5,1103.0,2921.0,8.0,4.0,1,707,0,709
738,150,31.0,19.0,61.0,33.0,0,11,5,16
739,5,1099.0,2920.0,9.0,4.0,1,708,0,710
739,150,31.0,19.0,61.0,33.0,0,11,6,17
740,5,1096.0,2919.0,8.0,4.0,1,709,0,711
740,150,31.0,19.0,61.0,33.0,0,11,7,18
741,5,1092.0,2918.0,9.0,4.0,1,710,0,712
741,150,31.0,19.0,61.0,33.0,0,11,8,19
742,5,1088.0,2917.0,9.0,5.0,1,711,0,713
742,150,31.0,19.0,61.0,33.0,0,11,9,20
743,5,1084.0,2916.0,10.0,5.0,1,712,0,714
743,150,31.0,19.0,61.0,33.0,0,11,10,21
744,5,1081.0,2916.0,9.0,5.0,1,713,0,715
744,150,31.0,19.0,61.0,33.0,0,11,11,22
745,5,1077.0,2915.0,9.0,5.0,1,714,0,716
745,150,31.0,19.0,61.0,33.0,0,11,12,23
746,5,1073.0,2915.0,32.0,8.0,1,715,0,717
746,150,31.0,19.0,61.0,33.0,0,11,13,24
747,5,1070.0,2913.0,8.0,5.0,1,716,0,718
747,150,31.0,19.0,61.0,33.0,0,11,14,25
748,5,1065.0,2914.0,10.0,4.0,1,717,0,719
749,5,1062.0,2913.0,9.0,4.0,1,718,0,720
750,5,1059.0,2912.0,9.0,5.0,1,719,0,721
751,5,1055.0,2912.0,9.0,4.0,1,720,0,722
752,5,1052.0,2911.0,9.0,5.0,1,721,0,723
752,152,316.0,19.0,64.0,34.0,1,5,0,5
753,5,1049.0,2911.0,7.0,4.0,1,722,0,724
753,152,278.0,19.0,64.0,34.0,1,6,0,6
754,5,1045.0,2911.0,7.0,4.0,1,723,0,725
754,152,236.0,19.0,55.0,34.0,1,7,0,7
755,5,1041.0,2910.0,9.0,4.0,1,724,0,726
755,152,187.0,19.0,64.0,33.0,1,8,0,8
756,5,1039.0,2909.0,8.0,5.0,1,725,0,727
756,152,139.0,19.0,60.0,33.0,1,9,0,9
757,5,1035.0,2909.0,8.0,5.0,1,726,0,728
757,152,87.0,19.0,64.0,33.0,1,10,0,10
758,5,1031.0,2908.0,8.0,5.0,1,727,0,729
758,152,33.0,19.0,59.0,33.0,1,11,0,11
759,5,1028.0,2908.0,8.0,5.0,1,728,0,730
759,152,33.0,19.0,59.0,33.0,0,11,1,12
760,5,1025.0,2908.0,8.0,4.0,1,729,0,731
760,152,33.0,19.0,59.0,33.0,0,11,2,13
761,5,1021.0,2907.0,9.0,5.0,1,730,0,732
761,152,33.0,19.0,59.0,33.0,0,11,3,14
762,5,1018.0,2907.0,8.0,5.0,1,731,0,733
762,152,33.0,19.0,59.0,33.0,0,11,4,15
763,5,1015.0,2906.0,8.0,5.0,1,732,0,734
763,152,33.0,19.0,59.0,33.0,0,11,5,16
764,5,1011.0,2906.0,8.0,4.0,1,733,0,735
764,152,33.0,19.0,59.0,33.0,0,11,6,17
765,5,1008.0,2906.0,10.0,5.0,1,734,0,736
765,152,33.0,19.0,59.0,33.0,0,11,7,18
766,5,1005.0,2905.0,10.0,5.0,1,735,0,737
766,152,33.0,19.0,59.0,33.0,0,11,8,19
767,5,1002.0,2905.0,6.0,4.0,1,736,0,738
767,152,33.0,19.0,59.0,33.0,0,11,9,20
768,5,999.0,2905.0,6.0,4.0,1,737,0,739
768,152,33.0,19.0,59.0,33.0,0,11,10,21
769,5,995.0,2904.0,8.0,5.0,1,738,0,740
769,152,33.0,19.0,59.0,33.0,0,11,11,22
770,5,992.0,2904.0,8.0,5.0,1,739,0,741
770,152,33.0,19.0,59.0,33.0,0,11,12,23
771,5,989.0,2904.0,7.0,5.0,1,740,0,742
771,152,33.0,19.0,59.0,33.0,0,11,13,24
772,5,986.0,2904.0,8.0,5.0,1,741,0,743
772,152,33.0,19.0,59.0,33.0,0,11,14,25
773,5,983.0,2903.0,8.0,5.0,1,742,0,744
774,5,979.0,2904.0,9.0,5.0,1,743,0,745
775,5,977.0,2903.0,9.0,5.0,1,744,0,746
776,5,973.0,2903.0,9.0,5.0,1,745,0,747
777,5,970.0,2904.0,10.0,4.0,1,746,0,748
777,153,304.0,19.0,54.0,34.0,1,5,0,5
778,5,967.0,2903.0,11.0,5.0,1,747,0,749
778,153,252.0,19.0,64.0,34.0,1,6,0,6
779,5,965.0,2903.0,11.0,5.0,1,748,0,750
779,153,203.0,19.0,51.0,33.0,1,7,0,7
780,5,962.0,2903.0,10.0,5.0,1,749,0,751
780,153,147.0,19.0,59.0,33.0,1,8,0,8
781,5,959.0,2903.0,10.0,5.0,1,750,0,752
781,153,85.0,19.0,56.0,33.0,1,9,0,9
782,5,956.0,2903.0,10.0,5.0,1,751,0,753
782,153,31.0,19.0,53.0,33.0,1,10,0,10
783,5,953.0,2903.0,9.0,5.0,1,752,0,754
783,153,31.0,19.0,53.0,33.0,0,10,1,11
784,5,950.0,2903.0,9.0,6.0,1,753,0,755
784,153,31.0,19.0,53.0,33.0,0,10,2,12
785,5,947.0,2903.0,10.0,6.0,1,754,0,756
785,153,31.0,19.0,53.0,33.0,0,10,3,13
786,5,942.0,2904.0,12.0,10.0,1,755,0,757
786,153,31.0,19.0,53.0,33.0,0,10,4,14
787,5,942.0,2904.0,6.0,5.0,1,756,0,758
787,153,31.0,19.0,53.0,33.0,0,10,5,15
788,5,939.0,2898.0,6.0,10.0,1,757,0,759
788,153,31.0,19.0,53.0,33.0,0,10,6,16
789,5,935.0,2899.0,7.0,11.0,1,758,0,760
789,153,31.0,19.0,53.0,33.0,0,10,7,17
790,5,933.0,2905.0,6.0,9.0,1,759,0,761
790,153,31.0,19.0,53.0,33.0,0,10,8,18
791,5,928.0,2903.0,10.0,10.0,1,760,0,762
791,153,31.0,19.0,53.0,33.0,0,10,9,19
792,5,927.0,2903.0,8.0,8.0,1,761,0,763
792,153,31.0,19.0,53.0,33.0,0,10,10,20
793,5,922.0,2901.0,8.0,9.0,1,762,0,764
793,153,31.0,19.0,53.0,33.0,0,10,11,21
794,5,920.0,2906.0,9.0,7.0,1,763,0,765
794,153,31.0,19.0,53.0,33.0,0,10,12,22
795,5,915.0,2906.0,7.0,10.0,1,764,0,766
795,153,31.0,19.0,53.0,33.0,0,10,13,23
796,5,912.0,2903.0,9.0,9.0,1,765,0,767
796,153,31.0,19.0,53.0,33.0,0,10,14,24
797,5,908.0,2900.0,11.0,12.0,1,766,0,768
798,5,903.0,2904.0,9.0,6.0,1,767,0,769
799,5,899.0,2902.0,10.0,10.0,1,768,0,770
800,5,897.0,2903.0,7.0,5.0,1,769,0,771
801,5,890.0,2897.0,14.0,12.0,1,770,0,772
802,5,889.0,2902.0,7.0,4.0,1,771,0,773
802,160,368.0,19.0,64.0,34.0,1,5,0,5
803,5,884.0,2901.0,8.0,9.0,1,772,0,774
803,160,340.0,19.0,58.0,34.0,1,6,0,6
804,5,881.0,2898.0,8.0,7.0,1,773,0,775
804,160,304.0,19.0,64.0,34.0,1,7,0,7
805,5,877.0,2891.0,7.0,11.0,1,774,0,776
805,160,304.0,19.0,64.0,34.0,0,7,1,8
806,5,871.0,2894.0,10.0,11.0,1,775,0,777
806,160,244.0,19.0,64.0,34.0,1,8,0,9
807,5,866.0,2894.0,11.0,11.0,1,776,0,778
807,160,203.0,19.0,51.0,33.0,1,9,0,10
808,5,863.0,2892.0,9.0,7.0,1,777,0,779
808,160,155.0,19.0,64.0,33.0,1,10,0,11
809,5,860.0,2886.0,8.0,10.0,1,778,0,780
809,160,110.0,19.0,60.0,33.0,1,11,0,12
810,5,855.0,2887.0,8.0,8.0,1,779,0,781
810,160,110.0,19.0,60.0,33.0,0,11,1,13
811,5,846.0,2886.0,13.0,11.0,1,780,0,782
811,160,31.0,19.0,61.0,33.0,1,12,0,14
812,5,846.0,2887.0,10.0,6.0,1,781,0,783
812,160,31.0,19.0,61.0,33.0,0,12,1,15
813,5,842.0,2882.0,9.0,7.0,1,782,0,784
813,160,31.0,19.0,61.0,33.0,0,12,2,16
814,5,838.0,2875.0,8.0,11.0,1,783,0,785
814,160,31.0,19.0,61.0,33.0,0,12,3,17
815,5,832.0,2881.0,8.0,5.0,1,784,0,786
815,160,31.0,19.0,61.0,33.0,0,12,4,18
816,5,828.0,2879.0,8.0,9.0,1,785,0,787
816,160,31.0,19.0,61.0,33.0,0,12,5,19
817,5,824.0,2875.0,8.0,5.0,1,786,0,788
817,160,31.0,19.0,61.0,33.0,0,12,6,20
818,5,820.0,2867.0,8.0,14.0,1,787,0,789
818,160,31.0,19.0,61.0,33.0,0,12,7,21
819,5,813.0,2870.0,12.0,9.0,1,788,0,790
819,160,31.0,19.0,61.0,33.0,0,12,8,22
820,5,809.0,2871.0,9.0,7.0,1,789,0,791
820,160,31.0,19.0,61.0,33.0,0,12,9,23
821,5,802.0,2867.0,13.0,8.0,1,790,0,792
821,160,31.0,19.0,61.0,33.0,0,12,10,24
822,5,801.0,2863.0,12.0,8.0,1,791,0,793
822,160,31.0,19.0,61.0,33.0,0,12,11,25
823,5,796.0,2857.0,8.0,10.0,1,792,0,794
823,160,31.0,19.0,61.0,33.0,0,12,12,26
824,5,793.0,2860.0,7.0,5.0,1,793,0,795
824,160,31.0,19.0,61.0,33.0,0,12,13,27
825,5,787.0,2858.0,12.0,8.0,1,794,0,796
825,160,31.0,19.0,61.0,33.0,0,12,14,28
826,5,782.0,2854.0,11.0,8.0,1,795,0,797
827,5,778.0,2850.0,10.0,9.0,1,796,0,798
827,162,348.0,19.0,64.0,34.0,1,5,0,5
828,5,773.0,2845.0,10.0,11.0,1,797,0,799
828,162,315.0,19.0,64.0,34.0,1,6,0,6
829,5,766.0,2846.0,11.0,10.0,1,798,0,800
829,162,278.0,19.0,63.0,34.0,1,7,0,7
830,5,762.0,2846.0,7.0,7.0,1,799,0,801
830,162,236.0,19.0,55.0,34.0,1,8,0,8
831,5,758.0,2843.0,9.0,5.0,1,800,0,802
831,162,188.0,19.0,64.0,34.0,1,9,0,9
832,5,750.0,2834.0,12.0,13.0,1,801,0,803
832,162,140.0,19.0,59.0,33.0,1,10,0,10
833,5,747.0,2833.0,11.0,13.0,1,802,0,804
833,162,88.0,19.0,64.0,33.0,1,11,0,11
834,5,741.0,2837.0,11.0,10.0,1,803,0,805
834,162,35.0,19.0,57.0,33.0,1,12,0,12
835,5,737.0,2835.0,10.0,7.0,1,804,0,806
835,162,35.0,19.0,57.0,33.0,0,12,1,13
836,5,733.0,2831.0,9.0,6.0,1,805,0,807
836,162,35.0,19.0,57.0,33.0,0,12,2,14
837,5,727.0,2825.0,12.0,13.0,1,806,0,808
837,162,35.0,19.0,57.0,33.0,0,12,3,15
838,5,721.0,2825.0,9.0,7.0,1,807,0,809
838,162,35.0,19.0,57.0,33.0,0,12,4,16
839,5,714.0,2695.0,161.0,360.0,1,808,0,810
839,162,35.0,19.0,57.0,33.0,0,12,5,17
839,163,197.0,19.0,57.0,33.0,1,5,0,5
840,5,710.0,2823.0,11.0,8.0,1,809,0,811
840,162,35.0,19.0,57.0,33.0,0,12,6,18
840,163,138.0,19.0,61.0,33.0,1,6,0,6
841,5,706.0,2819.0,10.0,6.0,1,810,0,812
841,162,35.0,19.0,57.0,33.0,0,12,7,19
841,163,138.0,19.0,61.0,33.0,0,6,1,7
842,5,701.0,2814.0,9.0,11.0,1,811,0,813
842,162,35.0,19.0,57.0,33.0,0,12,8,20
842,163,37.0,19.0,55.0,33.0,1,7,0,8
843,5,695.0,2814.0,9.0,8.0,1,812,0,814
843,162,35.0,19.0,57.0,33.0,0,12,9,21
843,163,37.0,19.0,55.0,33.0,0,7,1,9
844,5,691.0,2814.0,9.0,10.0,1,813,0,815
844,162,35.0,19.0,57.0,33.0,0,12,10,22
844,163,37.0,19.0,55.0,33.0,0,7,2,10
845,5,686.0,2813.0,6.0,5.0,1,814,0,816
845,162,35.0,19.0,57.0,33.0,0,12,11,23
845,163,37.0,19.0,55.0,33.0,0,7,3,11
846,5,680.0,2808.0,9.0,9.0,1,815,0,817
846,162,35.0,19.0,57.0,33.0,0,12,12,24
846,163,37.0,19.0,55.0,33.0,0,7,4,12
847,5,675.0,2805.0,9.0,9.0,1,816,0,818
847,162,35.0,19.0,57.0,33.0,0,12,13,25
847,163,37.0,19.0,55.0,33.0,0,7,5,13
848,5,666.0,2807.0,11.0,9.0,1,817,0,819
848,162,35.0,19.0,57.0,33.0,0,12,14,26
848,163,37.0,19.0,55.0,33.0,0,7,6,14
849,5,664.0,2802.0,6.0,11.0,1,818,0,820
849,163,37.0,19.0,55.0,33.0,0,7,7,15
850,5,659.0,2802.0,5.0,4.0,1,819,0,821
850,163,37.0,19.0,55.0,33.0,0,7,8,16
851,5,651.0,2799.0,9.0,5.0,1,820,0,822
851,163,37.0,19.0,55.0,33.0,0,7,9,17
852,5,648.0,2795.0,6.0,8.0,1,821,0,823
852,163,37.0,19.0,55.0,33.0,0,7,10,18
852,168,355.0,19.0,59.0,34.0,1,5,0,5
853,5,642.0,2797.0,8.0,6.0,1,822,0,824
853,163,37.0,19.0,55.0,33.0,0,7,11,19
853,168,324.0,19.0,64.0,34.0,1,6,0,6
854,5,635.0,2795.0,10.0,10.0,1,823,0,825
854,163,37.0,19.0,55.0,33.0,0,7,12,20
854,168,288.0,19.0,64.0,34.0,1,7,0,7
855,5,631.0,2793.0,9.0,5.0,1,824,0,826
855,163,37.0,19.0,55.0,33.0,0,7,13,21
855,168,248.0,19.0,64.0,33.0,1,8,0,8
856,5,627.0,2789.0,8.0,6.0,1,825,0,827
856,163,37.0,19.0,55.0,33.0,0,7,14,22
856,168,206.0,19.0,48.0,34.0,1,9,0,9
857,5,618.0,2786.0,12.0,10.0,1,826,0,828
857,168,154.0,19.0,64.0,34.0,1,10,0,10
858,5,614.0,2786.0,11.0,10.0,1,827,0,829
858,168,154.0,19.0,64.0,34.0,0,10,1,11
859,5,611.0,2786.0,5.0,4.0,1,828,0,830
859,168,154.0,19.0,64.0,34.0,0,10,2,12
860,5,605.0,2785.0,9.0,5.0,1,829,0,831
860,168,38.0,19.0,54.0,34.0,1,11,0,13
861,5,600.0,2784.0,9.0,4.0,1,830,0,832
861,168,38.0,19.0,54.0,34.0,0,11,1,14
862,5,595.0,2783.0,9.0,4.0,1,831,0,833
862,168,38.0,19.0,54.0,34.0,0,11,2,15
863,5,590.0,2781.0,11.0,5.0,1,832,0,834
863,168,38.0,19.0,54.0,34.0,0,11,3,16
864,5,584.0,2779.0,11.0,6.0,1,833,0,835
864,168,38.0,19.0,54.0,34.0,0,11,4,17
865,5,579.0,2777.0,11.0,7.0,1,834,0,836
865,168,38.0,19.0,54.0,34.0,0,11,5,18
866,5,575.0,2777.0,9.0,5.0,1,835,0,837
866,168,38.0,19.0,54.0,34.0,0,11,6,19
867,5,571.0,2776.0,8.0,5.0,1,836,0,838
867,168,38.0,19.0,54.0,34.0,0,11,7,20
868,5,565.0,2775.0,9.0,4.0,1,837,0,839
868,168,38.0,19.0,54.0,34.0,0,11,8,21
869,5,561.0,2774.0,32.0,12.0,1,838,0,840
869,168,38.0,19.0,54.0,34.0,0,11,9,22
870,5,555.0,2773.0,38.0,13.0,1,839,0,841
870,168,38.0,19.0,54.0,34.0,0,11,10,23
871,5,550.0,2773.0,10.0,5.0,1,840,0,842
871,168,38.0,19.0,54.0,34.0,0,11,11,24
872,5,546.0,2771.0,10.0,5.0,1,841,0,843
872,168,38.0,19.0,54.0,34.0,0,11,12,25
873,5,541.0,2770.0,9.0,5.0,1,842,0,844
873,168,38.0,19.0,54.0,34.0,0,11,13,26
874,5,537.0,2769.0,7.0,4.0,1,843,0,845
874,168,38.0,19.0,54.0,34.0,0,11,14,27
875,5,533.0,2768.0,7.0,5.0,1,844,0,846
876,5,528.0,2767.0,8.0,5.0,1,845,0,847
877,5,523.0,2766.0,8.0,4.0,1,846,0,848
877,171,354.0,19.0,60.0,34.0,1,5,0,5
878,5,519.0,2765.0,9.0,5.0,1,847,0,849
878,171,322.0,19.0,64.0,34.0,1,6,0,6
879,5,514.0,2764.0,10.0,5.0,1,848,0,850
879,171,285.0,19.0,64.0,34.0,1,7,0,7
880,5,511.0,2763.0,9.0,5.0,1,849,0,851
880,171,245.0,19.0,64.0,33.0,1,8,0,8
881,5,506.0,2762.0,10.0,5.0,1,850,0,852
881,171,204.0,19.0,50.0,34.0,1,9,0,9
882,5,503.0,2761.0,9.0,5.0,1,851,0,853
882,171,152.0,19.0,64.0,34.0,1,10,0,10
883,5,498.0,2760.0,10.0,5.0,1,852,0,854
883,171,105.0,19.0,62.0,34.0,1,11,0,11
884,5,493.0,2759.0,10.0,5.0,1,853,0,855
884,171,105.0,19.0,62.0,34.0,0,11,1,12
885,5,490.0,2757.0,9.0,5.0,1,854,0,856
885,171,16.0,19.0,53.0,34.0,1,12,0,13
886,5,485.0,2756.0,9.0,4.0,1,855,0,857
886,171,16.0,19.0,53.0,34.0,0,12,1,14
887,5,481.0,2755.0,11.0,5.0,1,856,0,858
887,171,16.0,19.0,53.0,34.0,0,12,2,15
888,5,479.0,2754.0,7.0,4.0,1,857,0,859
888,171,16.0,19.0,53.0,34.0,0,12,3,16
889,5,473.0,2752.0,10.0,5.0,1,858,0,860
889,171,16.0,19.0,53.0,34.0,0,12,4,17
890,5,470.0,2751.0,9.0,5.0,1,859,0,861
890,171,16.0,19.0,53.0,34.0,0,12,5,18
891,5,466.0,2750.0,9.0,5.0,1,860,0,862
891,171,16.0,19.0,53.0,34.0,0,12,6,19
892,5,463.0,2749.0,9.0,5.0,1,861,0,863
892,171,16.0,19.0,53.0,34.0,0,12,7,20
893,5,459.0,2748.0,9.0,5.0,1,862,0,864
893,171,16.0,19.0,53.0,34.0,0,12,8,21
894,5,455.0,2746.0,7.0,5.0,1,863,0,865
894,171,16.0,19.0,53.0,34.0,0,12,9,22
895,5,451.0,2745.0,9.0,5.0,1,864,0,866
895,171,16.0,19.0,53.0,34.0,0,12,10,23
896,5,448.0,2744.0,8.0,4.0,1,865,0,867
896,171,16.0,19.0,53.0,34.0,0,12,11,24
897,5,444.0,2743.0,12.0,7.0,1,866,0,868
897,171,16.0,19.0,53.0,34.0,0,12,12,25
898,5,441.0,2742.0,12.0,5.0,1,867,0,869
898,171,16.0,19.0,53.0,34.0,0,12,13,26
899,5,437.0,2741.0,11.0,5.0,1,868,0,870
899,171,16.0,19.0,53.0,34.0,0,12,14,27
900,5,436.0,2741.0,10.0,4.0,1,869,0,871
901,5,431.0,2740.0,11.0,4.0,1,870,0,872
901,172,304.0,19.0,54.0,34.0,1,5,0,5
902,5,427.0,2739.0,10.0,5.0,1,871,0,873
902,172,252.0,19.0,64.0,34.0,1,6,0,6
903,5,424.0,2738.0,12.0,5.0,1,872,0,874
903,172,203.0,19.0,51.0,33.0,1,7,0,7
903,173,335.0,19.0,63.0,33.0,1,5,0,5
904,5,422.0,2738.0,9.0,4.0,1,873,0,875
904,172,147.0,19.0,59.0,33.0,1,8,0,8
904,173,304.0,19.0,61.0,33.0,1,6,0,6
905,5,418.0,2737.0,11.0,5.0,1,874,0,876
905,172,85.0,19.0,56.0,33.0,1,9,0,9
905,173,278.0,19.0,48.0,33.0,1,7,0,7
906,5,415.0,2737.0,9.0,4.0,1,875,0,877
906,172,31.0,19.0,53.0,33.0,1,10,0,10
906,173,233.0,19.0,58.0,33.0,1,8,0,8
907,5,412.0,2737.0,10.0,4.0,1,876,0,878
907,172,31.0,19.0,53.0,33.0,0,10,1,11
907,173,188.0,19.0,64.0,33.0,1,9,0,9
908,5,409.0,2736.0,10.0,5.0,1,877,0,879
908,172,31.0,19.0,53.0,33.0,0,10,2,12
908,173,147.0,19.0,61.0,33.0,1,10,0,10
909,5,406.0,2737.0,9.0,6.0,1,878,0,880
909,172,31.0,19.0,53.0,33.0,0,10,3,13
909,173,105.0,19.0,58.0,33.0,1,11,0,11
910,5,403.0,2736.0,11.0,5.0,1,879,0,881
910,172,31.0,19.0,53.0,33.0,0,10,4,14
910,173,105.0,19.0,58.0,33.0,0,11,1,12
911,5,400.0,2737.0,9.0,6.0,1,880,0,882
911,172,31.0,19.0,53.0,33.0,0,10,5,15
911,173,31.0,19.0,52.0,33.0,1,12,0,13
912,5,397.0,2737.0,9.0,6.0,1,881,0,883
912,172,31.0,19.0,53.0,33.0,0,10,6,16
912,173,31.0,19.0,52.0,33.0,0,12,1,14
913,5,394.0,2736.0,8.0,7.0,1,882,0,884
913,172,31.0,19.0,53.0,33.0,0,10,7,17
913,173,31.0,19.0,52.0,33.0,0,12,2,15
914,5,391.0,2738.0,6.0,4.0,1,883,0,885
914,172,31.0,19.0,53.0,33.0,0,10,8,18
914,173,31.0,19.0,52.0,33.0,0,12,3,16
915,5,388.0,2738.0,7.0,4.0,1,884,0,886
915,172,31.0,19.0,53.0,33.0,0,10,9,19
915,173,31.0,19.0,52.0,33.0,0,12,4,17
916,5,385.0,2738.0,8.0,5.0,1,885,0,887
916,172,31.0,19.0,53.0,33.0,0,10,10,20
916,173,31.0,19.0,52.0,33.0,0,12,5,18
917,5,381.0,2738.0,9.0,5.0,1,886,0,888
917,172,31.0,19.0,53.0,33.0,0,10,11,21
917,173,31.0,19.0,52.0,33.0,0,12,6,19
918,5,378.0,2738.0,8.0,6.0,1,887,0,889
918,172,31.0,19.0,53.0,33.0,0,10,12,22
918,173,31.0,19.0,52.0,33.0,0,12,7,20
919,5,375.0,2739.0,11.0,6.0,1,888,0,890
919,172,31.0,19.0,53.0,33.0,0,10,13,23
919,173,31.0,19.0,52.0,33.0,0,12,8,21
920,5,372.0,2740.0,11.0,6.0,1,889,0,891
920,172,31.0,19.0,53.0,33.0,0,10,14,24
920,173,31.0,19.0,52.0,33.0,0,12,9,22
921,5,369.0,2741.0,7.0,6.0,1,890,0,892
921,173,31.0,19.0,52.0,33.0,0,12,10,23
922,5,366.0,2741.0,11.0,7.0,1,891,0,893
922,173,31.0,19.0,52.0,33.0,0,12,11,24
923,5,363.0,2742.0,6.0,7.0,1,892,0,894
923,173,31.0,19.0,52.0,33.0,0,12,12,25
924,5,360.0,2743.0,6.0,7.0,1,893,0,895
924,173,31.0,19.0,52.0,33.0,0,12,13,26
925,5,357.0,2743.0,8.0,8.0,1,894,0,896
925,173,31.0,19.0,52.0,33.0,0,12,14,27
926,5,354.0,2745.0,7.0,7.0,1,895,0,897
927,5,351.0,2746.0,7.0,7.0,1,896,0,898
927,181,347.0,19.0,64.0,34.0,1,5,0,5
928,5,348.0,2747.0,6.0,8.0,1,897,0,899
928,181,316.0,19.0,64.0,34.0,1,6,0,6
929,5,344.0,2748.0,7.0,8.0,1,898,0,900
929,181,279.0,19.0,62.0,34.0,1,7,0,7
930,5,341.0,2749.0,8.0,8.0,1,899,0,901
930,181,238.0,19.0,53.0,34.0,1,8,0,8
931,5,337.0,2751.0,8.0,7.0,1,900,0,902
931,181,190.0,19.0,64.0,34.0,1,9,0,9
932,5,335.0,2752.0,7.0,8.0,1,901,0,903
932,181,148.0,19.0,59.0,34.0,1,10,0,10
933,5,332.0,2753.0,7.0,8.0,1,902,0,904
933,181,105.0,19.0,55.0,34.0,1,11,0,11
933,182,322.0,19.0,64.0,34.0,1,5,0,5
934,5,329.0,2754.0,8.0,8.0,1,903,0,905
934,181,48.0,19.0,64.0,33.0,1,12,0,12
934,182,284.0,19.0,57.0,34.0,1,6,0,6
935,5,326.0,2757.0,8.0,6.0,1,904,0,906
935,181,7.0,19.0,47.0,33.0,1,13,0,13
935,182,240.0,19.0,51.0,34.0,1,7,0,7
936,5,322.0,2758.0,10.0,7.0,1,905,0,907
936,181,7.0,19.0,47.0,33.0,0,13,1,14
936,182,190.0,19.0,64.0,33.0,1,8,0,8
937,5,319.0,2758.0,10.0,8.0,1,906,0,908
937,181,7.0,19.0,47.0,33.0,0,13,2,15
937,182,147.0,19.0,59.0,33.0,1,9,0,9
938,5,316.0,2760.0,10.0,8.0,1,907,0,909
938,181,7.0,19.0,47.0,33.0,0,13,3,16
938,182,105.0,19.0,52.0,33.0,1,10,0,10
939,5,313.0,2761.0,10.0,9.0,1,908,0,910
939,181,7.0,19.0,47.0,33.0,0,13,4,17
939,182,45.0,19.0,64.0,33.0,1,11,0,11
940,5,310.0,2763.0,12.0,8.0,1,909,0,911
940,181,7.0,19.0,47.0,33.0,0,13,5,18
940,182,7.0,19.0,47.0,33.0,1,12,0,12
941,5,307.0,2765.0,12.0,8.0,1,910,0,912
941,181,7.0,19.0,47.0,33.0,0,13,6,19
941,182,7.0,19.0,47.0,33.0,0,12,1,13
942,5,305.0,2767.0,11.0,7.0,1,911,0,913
942,181,7.0,19.0,47.0,33.0,0,13,7,20
942,182,7.0,19.0,47.0,33.0,0,12,2,14
943,5,301.0,2767.0,10.0,8.0,1,912,0,914
943,181,7.0,19.0,47.0,33.0,0,13,8,21
943,182,7.0,19.0,47.0,33.0,0,12,3,15
944,5,298.0,2769.0,13.0,7.0,1,913,0,915
944,181,7.0,19.0,47.0,33.0,0,13,9,22
944,182,7.0,19.0,47.0,33.0,0,12,4,16
945,5,296.0,2771.0,10.0,7.0,1,914,0,916
945,181,7.0,19.0,47.0,33.0,0,13,10,23
945,182,7.0,19.0,47.0,33.0,0,12,5,17
946,5,293.0,2772.0,11.0,7.0,1,915,0,917
946,181,7.0,19.0,47.0,33.0,0,13,11,24
946,182,7.0,19.0,47.0,33.0,0,12,6,18
947,5,290.0,2773.0,11.0,8.0,1,916,0,918
947,181,7.0,19.0,47.0,33.0,0,13,12,25
947,182,7.0,19.0,47.0,33.0,0,12,7,19
948,5,287.0,2775.0,11.0,8.0,1,917,0,919
948,181,7.0,19.0,47.0,33.0,0,13,13,26
948,182,7.0,19.0,47.0,33.0,0,12,8,20
949,5,285.0,2777.0,11.0,8.0,1,918,0,920
949,181,7.0,19.0,47.0,33.0,0,13,14,27
949,182,7.0,19.0,47.0,33.0,0,12,9,21
950,5,281.0,2778.0,12.0,9.0,1,919,0,921
950,182,7.0,19.0,47.0,33.0,0,12,10,22
951,5,279.0,2780.0,15.0,8.0,1,920,0,922
951,182,7.0,19.0,47.0,33.0,0,12,11,23
952,5,276.0,2782.0,12.0,7.0,1,921,0,923
952,182,7.0,19.0,47.0,33.0,0,12,12,24
952,183,251.0,19.0,64.0,34.0,1,5,0,5
953,5,275.0,2781.0,14.0,7.0,1,922,0,924
953,182,7.0,19.0,47.0,33.0,0,12,13,25
953,183,251.0,19.0,64.0,34.0,0,5,1,6
954,5,270.0,2779.0,15.0,9.0,1,923,0,925
954,182,7.0,19.0,47.0,33.0,0,12,14,26
954,183,161.0,19.0,64.0,34.0,1,6,0,7
955,5,270.0,2786.0,10.0,7.0,1,924,0,926
955,183,105.0,19.0,57.0,33.0,1,7,0,8
956,5,267.0,2787.0,10.0,9.0,1,925,0,927
956,183,39.0,19.0,53.0,33.0,1,8,0,9
957,5,265.0,2787.0,7.0,5.0,1,926,0,928
957,183,7.0,19.0,13.0,33.0,1,9,0,10
958,5,260.0,2783.0,13.0,10.0,1,927,0,929
958,183,7.0,19.0,13.0,33.0,0,9,1,11
959,5,253.0,2790.0,15.0,5.0,1,928,0,930
959,183,7.0,19.0,13.0,33.0,0,9,2,12
960,5,252.0,2791.0,13.0,9.0,1,929,0,931
960,183,7.0,19.0,13.0,33.0,0,9,3,13
961,5,251.0,2790.0,8.0,6.0,1,930,0,932
961,183,7.0,19.0,13.0,33.0,0,9,4,14
962,5,247.0,2787.0,10.0,10.0,1,931,0,933
962,183,7.0,19.0,13.0,33.0,0,9,5,15
963,5,238.0,2790.0,16.0,7.0,1,932,0,934
963,183,7.0,19.0,13.0,33.0,0,9,6,16
963,185,177.0,19.0,49.0,34.0,1,5,0,5
964,5,238.0,2794.0,9.0,6.0,1,933,0,935
964,183,7.0,19.0,13.0,33.0,0,9,7,17
964,185,105.0,19.0,60.0,34.0,1,6,0,6
965,5,235.0,2793.0,5.0,6.0,1,934,0,936
965,183,7.0,19.0,13.0,33.0,0,9,8,18
965,185,31.0,19.0,61.0,33.0,1,7,0,7
966,5,230.0,2791.0,10.0,10.0,1,935,0,937
966,183,7.0,19.0,13.0,33.0,0,9,9,19
966,185,31.0,19.0,61.0,33.0,0,7,1,8
967,5,222.0,2791.0,15.0,10.0,1,936,0,938
967,183,7.0,19.0,13.0,33.0,0,9,10,20
967,185,31.0,19.0,61.0,33.0,0,7,2,9
968,5,219.0,2795.0,13.0,9.0,1,937,0,939
968,183,7.0,19.0,13.0,33.0,0,9,11,21
968,185,31.0,19.0,61.0,33.0,0,7,3,10
969,5,214.0,2791.0,11.0,10.0,1,938,0,940
969,183,7.0,19.0,13.0,33.0,0,9,12,22
969,185,31.0,19.0,61.0,33.0,0,7,4,11
970,5,212.0,2791.0,10.0,7.0,1,939,0,941
970,183,7.0,19.0,13.0,33.0,0,9,13,23
970,185,31.0,19.0,61.0,33.0,0,7,5,12
971,5,205.0,2789.0,10.0,9.0,1,940,0,942
971,183,7.0,19.0,13.0,33.0,0,9,14,24
971,185,31.0,19.0,61.0,33.0,0,7,6,13
972,5,198.0,2790.0,12.0,10.0,1,941,0,943
972,185,31.0,19.0,61.0,33.0,0,7,7,14
973,5,196.0,2791.0,10.0,5.0,1,942,0,944
973,185,31.0,19.0,61.0,33.0,0,7,8,15
974,5,192.0,2787.0,8.0,6.0,1,943,0,945
974,185,31.0,19.0,61.0,33.0,0,7,9,16
975,5,182.0,2782.0,13.0,10.0,1,944,0,946
975,185,31.0,19.0,61.0,33.0,0,7,10,17
976,5,180.0,2788.0,8.0,6.0,1,945,0,947
976,185,31.0,19.0,61.0,33.0,0,7,11,18
977,5,175.0,2786.0,12.0,6.0,1,946,0,948
977,185,31.0,19.0,61.0,33.0,0,7,12,19
977,187,316.0,19.0,64.0,34.0,1,5,0,5
978,5,171.0,2781.0,8.0,8.0,1,947,0,949
978,185,31.0,19.0,61.0,33.0,0,7,13,20
978,187,278.0,19.0,64.0,34.0,1,6,0,6
979,5,164.0,2778.0,10.0,9.0,1,948,0,950
979,185,31.0,19.0,61.0,33.0,0,7,14,21
979,187,236.0,19.0,55.0,34.0,1,7,0,7
980,5,156.0,2781.0,13.0,7.0,1,949,0,951
980,187,187.0,19.0,64.0,33.0,1,8,0,8
981,5,153.0,2778.0,10.0,6.0,1,950,0,952
981,187,139.0,19.0,60.0,33.0,1,9,0,9
982,5,149.0,2774.0,10.0,6.0,1,951,0,953
982,187,87.0,19.0,64.0,33.0,1,10,0,10
983,5,143.0,2768.0,10.0,9.0,1,952,0,954
983,187,33.0,19.0,59.0,33.0,1,11,0,11
984,5,135.0,2771.0,11.0,6.0,1,953,0,955
984,187,33.0,19.0,59.0,33.0,0,11,1,12
985,5,131.0,2766.0,9.0,10.0,1,954,0,956
985,187,33.0,19.0,59.0,33.0,0,11,2,13
986,5,127.0,2765.0,7.0,4.0,1,955,0,957
986,187,33.0,19.0,59.0,33.0,0,11,3,14
987,5,121.0,2755.0,8.0,14.0,1,956,0,958
987,187,33.0,19.0,59.0,33.0,0,11,4,15
988,5,113.0,2757.0,11.0,7.0,1,957,0,959
988,187,33.0,19.0,59.0,33.0,0,11,5,16
989,5,107.0,2757.0,10.0,12.0,1,958,0,960
989,187,33.0,19.0,59.0,33.0,0,11,6,17
990,5,105.0,2753.0,7.0,7.0,1,959,0,961
990,187,33.0,19.0,59.0,33.0,0,11,7,18
991,5,99.0,2748.0,9.0,7.0,1,960,0,962
991,187,33.0,19.0,59.0,33.0,0,11,8,19
992,5,93.0,2741.0,11.0,14.0,1,961,0,963
992,187,33.0,19.0,59.0,33.0,0,11,9,20
993,5,87.0,2745.0,9.0,4.0,1,962,0,964
993,187,33.0,19.0,59.0,33.0,0,11,10,21
994,5,78.0,2743.0,12.0,10.0,1,963,0,965
994,187,33.0,19.0,59.0,33.0,0,11,11,22
995,5,76.0,2739.0,7.0,5.0,1,964,0,966
995,187,33.0,19.0,59.0,33.0,0,11,12,23
996,5,71.0,2733.0,10.0,7.0,1,965,0,967
996,187,33.0,19.0,59.0,33.0,0,11,13,24
997,5,64.0,2727.0,8.0,11.0,1,966,0,968
997,187,33.0,19.0,59.0,33.0,0,11,14,25
998,5,57.0,2730.0,11.0,10.0,1,967,0,969
999,5,49.0,2727.0,14.0,9.0,1,968,0,970
1000,5,47.0,2725.0,8.0,4.0,1,969,0,971
1001,5,42.0,2719.0,9.0,7.0,1,970,0,972
1002,5,35.0,2715.0,9.0,9.0,1,971,0,973
1002,191,316.0,19.0,64.0,34.0,1,5,0,5
1003,5,27.0,2718.0,10.0,7.0,1,972,0,974
1003,191,278.0,19.0,64.0,34.0,1,6,0,6
1004,5,23.0,2715.0,10.0,9.0,1,973,0,975
1004,191,236.0,19.0,55.0,34.0,1,7,0,7
1005,5,18.0,2711.0,9.0,5.0,1,974,0,976
1005,191,187.0,19.0,64.0,33.0,1,8,0,8
1006,5,10.0,2703.0,11.0,10.0,1,975,0,977
1006,191,139.0,19.0,60.0,33.0,1,9,0,9
1007,5,7.0,2703.0,10.0,9.0,1,976,0,978
1007,191,87.0,19.0,64.0,33.0,1,10,0,10
1008,5,0.0,2705.0,10.0,9.0,1,977,0,979
1008,191,33.0,19.0,59.0,33.0,1,11,0,11
